arm,task,updates,seed,n_units,N,D,c,cND,I_self,I_rest,I_round,K,Q,G,R_self,R_rest,R_round,mean_boundary_jump,mean_parameter_move,variance_initial,variance_after_boundary,variance_current,undefined_c_count
SN_normal_q0,21,1,0,100,0.9130180870531663,0.0023256211559260164,0.06684155278469796,0.0001788082521585214,0.0001052727350790797,7.353639157690051e-05,-8.74497458772723e-10,0.0,1.6388814819531224e-05,-0.00034122768949750915,-0.0002105454701581594,-0.00014707278315380102,1.748994917545446e-09,0.015445446128025682,-0.007062175727543681,0.27927560653661027,0.2792756065366102,0.2791902996142359,0
SN_normal_q0,21,1,1,100,0.9306433182810754,0.0005721309144310953,-0.06516850372014994,6.276362185606807e-05,0.0008787598956048849,-0.0008159961376683382,-1.3608047854260072e-10,0.0,1.1481235586965323e-06,-0.00012437912015344013,-0.0017575197912097697,0.0016319922753366765,2.7216095708520144e-10,0.005382776095834666,-0.00134627317465206,0.30252383744713907,0.302523837447139,0.3024927426671007,0
SN_normal_q0,21,1,2,100,0.8699035358152476,0.0017456346046858724,-0.03013727365196636,-0.0003472342218270098,0.00139988588499608,-0.001747117807962677,-2.29886041245641e-09,0.0,1.2003802955003807e-05,0.0007064722466090252,-0.00279977176999216,0.003494235615925354,4.59772082491282e-09,0.050530099976290314,-0.0020700088172094845,0.2483579702618606,0.24835797026186057,0.24853458832351283,0
SN_normal_q0,21,1,3,100,0.9323614790039261,0.004590973890448975,-0.00069514596367093,-0.0003824591281932357,0.0005602758325829883,-0.0009427345391591286,-4.2161709561762746e-10,0.0,7.948388913536445e-05,0.0008444021455218357,-0.0011205516651659766,0.0018854690783182571,8.432341912352549e-10,-0.0486998379625535,0.005076328231531405,0.3047629983949403,0.3047629983949403,0.3049740989313207,0
SN_normal_q0,21,1,4,100,0.9243671631690518,0.003506571522893824,-0.11617153211650966,0.00032312159485904136,0.0015161492449086897,-0.001193030576217927,2.9261682787835464e-09,0.0,6.526487617336255e-05,-0.0005809783135447261,-0.0030322984898173795,0.002386061152435854,-5.852336557567093e-09,0.018119354119863793,0.0028225431250339843,0.29362485841586,0.29362485841586,0.29347961383747384,0
SN_normal_q0,21,1,5,100,0.93707920879294,0.0039042881002407733,-0.022609026074911137,-0.00030343845301584007,0.00013718919420806854,-0.0004406297868701892,2.1396462806902795e-09,0.0,4.872331742454453e-05,0.0006556002234562345,-0.00027437838841613707,0.0008812595737403784,-4.279292561380559e-09,0.02508866542752365,-0.00880795965744503,0.303023212941012,0.3030232129410119,0.303187112996876,0
SN_normal_q0,21,1,6,100,0.9451459359398154,1.0746952759576683e-06,-0.043248603250140676,1.4784852060995978e-08,1.349510953136465e-07,-1.2074711048519417e-07,5.808672325436994e-10,0.0,4.26976021813269e-12,-2.9565434367245792e-08,-2.69902190627293e-07,2.4149422097038835e-07,-1.1617344650873989e-09,-0.02548147484366552,0.014649984859825644,0.29861268775774724,0.29861268775774713,0.2986126803663886,8
SN_normal_q0,21,1,7,100,0.9104391829703492,0.0010751501571683974,-0.11769041253464656,-0.00010275600573200022,8.788349480089623e-05,-0.0001906417936726109,2.2931397144490752e-09,0.0,3.900935855012233e-06,0.0002094129473190097,-0.00017576698960179246,0.0003812835873452218,-4.5862794288981505e-09,0.023052123590725372,-0.00027599642097676916,0.2792011474789907,0.2792011474789907,0.2792535007158205,0
SN_normal_q0,21,1,8,100,0.918540284346648,0.002811242715900006,0.004395297201589729,-0.00043224789084277723,2.201342250428501e-05,-0.0004542615180153463,2.04668284003144e-10,0.0,2.9686299713069477e-05,0.0008941820813986193,-4.402684500857002e-05,0.0009085230360306926,-4.09336568006288e-10,-0.038110008455165344,-0.004744539133395637,0.2914888246509851,0.2914888246509851,0.2917123701713347,0
SN_normal_q0,21,1,9,100,0.9263372360783779,0.0019941280386439088,0.007871723256643617,-3.9459691169876476e-05,0.001239465996372377,-0.0012789235996438486,-2.087898405543643e-09,0.0,1.4359644842902541e-05,9.327902718265792e-05,-0.002478931992744754,0.0025578471992876973,4.175796811087286e-09,0.0008355026653087332,-0.0021102821756866495,0.28935605399359365,0.2893560539935936,0.2893793737503893,0
SN_normal_q0,21,20,0,100,0.9130180870531663,0.012491537802212856,-0.01335665879361107,0.0003485313990325933,0.010100907510192925,-0.009770658838711498,1.5799797680959348e-09,1.8281147571396295e-05,0.00041856802200058914,-0.00024193248092180126,-0.02020181502038585,0.019541317677422995,-3.1599595361918697e-09,0.015445446128025682,-0.031079585384058087,0.27927560653661027,0.2792756065366102,0.2792151234163798,0
SN_normal_q0,21,20,1,100,0.9306433182810754,0.025831764199749623,-0.014001731538522617,-0.0029935677554328434,0.044550275226058506,-0.04622865840467702,-2.2596369997553916e-08,-0.0013151619804443184,0.004695284564391155,0.008052096114368206,-0.08910055045211701,0.09245731680935404,4.519273999510783e-08,0.005382776095834666,-0.00040110061418725194,0.30252383744713907,0.302523837447139,0.3045368614757311,0
SN_normal_q0,21,20,2,100,0.8699035358152476,0.012977504764544316,0.06486427234190191,0.0051085961573900706,0.017550298837366248,-0.01237660384518087,-6.124023736634517e-09,-6.509271077156954e-05,0.000734602410759742,-0.00961277532556354,-0.035100597674732496,0.02475320769036174,1.2248047473269033e-08,0.050530099976290314,-0.005936974441895544,0.2483579702618606,0.24835797026186057,0.24595477643046965,0
SN_normal_q0,21,20,3,100,0.9323614790039261,0.013789976019481303,0.013847951423033158,0.00017704431483079165,0.02406452459594875,-0.02373153613688458,7.921631703030905e-09,-0.00015595206586509083,0.0008829485712281271,0.00021695580983636635,-0.0481290491918975,0.04746307227376916,-1.584326340606181e-08,-0.0486998379625535,0.0009655864051514613,0.3047629983949403,0.3047629983949403,0.30481723734739946,0
SN_normal_q0,21,20,4,100,0.9243671631690518,0.01965961205765949,0.01781261624596682,0.002121850094293232,0.012894982158554858,-0.010665235345912873,-2.4384394662478495e-08,-0.00010787233395408615,0.0018301273309074412,-0.0026293175255872026,-0.025789964317109716,0.021330470691825747,4.876878932495699e-08,0.018119354119863793,0.010204866509004063,0.29362485841586,0.29362485841586,0.2929675290344632,0
SN_normal_q0,21,20,5,100,0.93707920879294,0.011654393296031318,0.013307737162107426,0.0013599975039617913,0.010809781972730319,-0.009402788747047473,-1.8486076202521126e-08,-4.697723564485257e-05,0.0004947914417512719,-0.0023191580374620053,-0.021619563945460638,0.018805577494094946,3.697215240504225e-08,0.02508866542752365,0.0012983020130477479,0.303023212941012,0.3030232129410119,0.3024434234316465,0
SN_normal_q0,21,20,6,100,0.9451459359398154,0.0126100689802909,0.06063465050050907,0.0035762243675012293,0.006689188996431581,-0.0027962138888945193,-8.662192074996808e-09,-0.0003167420778437585,0.0010920811419460456,-0.006693851748743934,-0.013378377992863162,0.0055924277777890385,1.7324384149993617e-08,-0.02548147484366552,-0.00983576272866893,0.29861268775774724,0.29861268775774713,0.2969392248205612,0
SN_normal_q0,21,20,7,100,0.9104391829703492,0.009491370820543098,0.09464031375564928,0.0009748630783404244,0.004056125734949276,-0.0030774692483582426,1.558749234778357e-08,-3.8089957429574842e-06,0.00022090610775244446,-0.0017364380404143284,-0.008112251469898552,0.006154938496716485,-3.117498469556714e-08,0.023052123590725372,-0.0030417791722421434,0.2792011474789907,0.2792011474789907,0.27876703796888713,0
SN_normal_q0,21,20,8,100,0.918540284346648,0.010984655414163087,0.13465308382994864,0.0016414299119857745,0.011455430524590367,-0.009459295366197334,1.7099425466732144e-08,-0.0003547223458327256,0.0010093450588065573,-0.0029829594568304444,-0.022910861049180734,0.018918590732394668,-3.419885093346429e-08,-0.038110008455165344,-0.013198302739185574,0.2914888246509851,0.2914888246509851,0.2907430847867775,0
SN_normal_q0,21,20,9,100,0.9263372360783779,0.013318663933794946,0.13058161136525365,-0.00028384942402743266,0.008643752275515714,-0.008791555297998535,1.3983601788289555e-09,-0.00013604779990479107,0.0007778149801416106,0.0010734182283868915,-0.017287504551031427,0.01758311059599707,-2.796720357657911e-09,0.0008355026653087332,-0.016662890506656848,0.28935605399359365,0.2893560539935936,0.2896244085506903,0
SN_normal_q0,21,200,0,100,0.9130180870531663,0.029883592005170417,0.14505548447625632,0.0014296933310021878,0.10962171519461114,-0.10718277206658852,-2.355508978358402e-08,-0.001009226241930691,0.004126479628403728,-0.0007513595174620247,-0.21924343038922228,0.21436554413317704,4.711017956716804e-08,0.015445446128025682,0.006118628798385273,0.27927560653661027,0.2792756065366102,0.2790877666572447,0
SN_normal_q0,21,200,1,100,0.9306433182810754,0.03707553444925681,0.09280687058062428,-0.00029864001050607434,0.3776477365064482,-0.37506584537391485,-7.998956577756443e-08,-0.0028804511534735156,0.00980839588389622,0.0046447735979613415,-0.7552954730128963,0.7501316907478297,1.5997913155512885e-07,0.005382776095834666,-0.0218754670367224,0.30252383744713907,0.302523837447139,0.3036850308466294,0
SN_normal_q0,21,200,2,100,0.8699035358152476,0.026959979560077212,0.20333178007924144,0.011180255483409538,0.07847795667723922,-0.06697884801088161,3.184560607481507e-08,-0.0003188850285541333,0.0025649014363883183,-0.020433379587539026,-0.15695591335447845,0.13395769602176322,-6.369121214963014e-08,0.050530099976290314,-0.04018307719759484,0.2483579702618606,0.24835797026186057,0.2432496253649758,0
SN_normal_q0,21,200,3,100,0.9323614790039261,0.018239874175508784,0.16754922666981004,0.004133138915505403,0.27779948304222807,-0.27327492768824563,5.586403272680789e-08,-0.0003914723025098023,0.0016405391345701075,-0.007408683301460305,-0.5555989660844561,0.5465498553764913,-1.1172806545361578e-07,-0.0486998379625535,-0.014998315856170499,0.3047629983949403,0.3047629983949403,0.30291082756957527,0
SN_normal_q0,21,200,4,100,0.9243671631690518,0.030007418125972025,0.1761293210765051,0.005334093628379316,0.11939439032669182,-0.11353837867753726,-5.437787748277372e-08,-0.0005218636428977611,0.004064652827857546,-0.007647261714696612,-0.23878878065338363,0.22707675735507452,1.0875575496554743e-07,0.018119354119863793,0.02446922867248171,0.29362485841586,0.29362485841586,0.29171304298718587,0
SN_normal_q0,21,200,5,100,0.93707920879294,0.03177155020002174,0.1169489862115233,0.004783987360957217,0.08096737886791792,-0.07587116574466338,-3.7511071649792005e-08,-0.0003121882512256711,0.0034313812620689983,-0.006760969962296783,-0.16193475773583585,0.15174233148932675,7.502214329958401e-08,0.02508866542752365,-0.0090934989380479,0.303023212941012,0.3030232129410119,0.3013329704504378,0
SN_normal_q0,21,200,6,100,0.9451459359398154,0.027241209396104683,0.16919995703617996,0.008193663845965433,0.06342812384400962,-0.054625854232937116,2.5213354494668134e-08,-0.0006086309784615762,0.00294170802337432,-0.014662881625479698,-0.12685624768801923,0.10925170846587423,-5.042670898933627e-08,-0.02548147484366552,-0.029738961861268877,0.29861268775774724,0.29861268775774713,0.29494696735137726,0
SN_normal_q0,21,200,7,100,0.9104391829703492,0.021656740692236828,0.18215241841928298,0.006648665479328765,0.046840987976912246,-0.040239061723136876,5.646053175998252e-08,4.668276502162899e-05,0.001077654444692571,-0.0121263109839217,-0.09368197595382449,0.08047812344627375,-1.1292106351996504e-07,0.023052123590725372,0.0034884106334065984,0.2792011474789907,0.2792011474789907,0.2761695697330103,0
SN_normal_q0,21,200,8,100,0.918540284346648,0.029728781756311804,0.20668426978466128,0.008100486012350722,0.12329109084091172,-0.11439797143036001,2.403081385319203e-09,-0.0007926358012823528,0.003969639526144428,-0.013816604101121727,-0.24658218168182344,0.22879594286072003,-4.806162770638406e-09,-0.038110008455165344,-0.017053076796034558,0.2914888246509851,0.2914888246509851,0.2880346736257046,0
SN_normal_q0,21,200,9,100,0.9263372360783779,0.026562111476440088,0.08896088523331735,-0.00013185304122848948,0.0830889091836806,-0.08258355791244104,-2.4027816910406205e-08,-0.0006371802846511525,0.00316302423829393,0.002152369751448611,-0.1661778183673612,0.16516711582488208,4.805563382081241e-08,0.0008355026653087332,-0.03171361565227649,0.28935605399359365,0.2893560539935936,0.2898941464314558,0
SN_normal_q0,21,1000,0,100,0.9130180870531663,0.05987029335179146,0.03922987732214489,-0.0068482048704334745,0.5523446713658927,-0.5599622732005094,-3.028803900433303e-08,0.000769427252222114,0.0073380132073224465,0.022573277452633635,-1.1046893427317854,1.1199245464010188,6.057607800866606e-08,0.015445446128025682,0.013591837556661353,0.27927560653661027,0.2792756065366102,0.2849189258997687,0
SN_normal_q0,21,1000,1,100,0.9306433182810754,0.05423004424262055,0.0606370028627029,0.0006510407429900341,1.922197993583665,-1.91822797660657,6.745707558040226e-09,-0.003318982979811176,0.01423466782040873,0.006294620374806314,-3.84439598716733,3.83645595321314,-1.3491415116080452e-08,0.005382776095834666,-0.03746314077914378,0.30252383744713907,0.302523837447139,0.3040974925408406,0
SN_normal_q0,21,1000,2,100,0.8699035358152476,0.045112504063023584,0.12459283701570092,0.010270228814783584,0.4455666887372016,-0.4358324047319496,1.0729865137440694e-07,0.0005358375108801707,0.003740299636292607,-0.015728482971514218,-0.8911333774744032,0.8716648094638992,-2.1459730274881387e-07,0.050530099976290314,-0.0345731052070849,0.2483579702618606,0.24835797026186057,0.24442584951898202,0
SN_normal_q0,21,1000,3,100,0.9323614790039261,0.029920273890714083,0.10422867183327048,0.0066412895838330755,1.4865787685199898,-1.4798733579722994,1.5055227209691623e-07,-6.427151613012976e-05,0.0022993869865949087,-0.011111735213331505,-2.9731575370399796,2.9597467159445987,-3.0110454419383246e-07,-0.0486998379625535,-0.007002645447701925,0.3047629983949403,0.3047629983949403,0.3019850645916074,0
SN_normal_q0,21,1000,4,100,0.9243671631690518,0.04350703893015603,0.10835616800277754,0.0004023364889926659,0.7172467078330846,-0.7171478809748606,7.8218308908665e-08,0.00030343141246041435,0.005886895141923714,0.005689084988859211,-1.4344934156661693,1.4342957619497212,-1.5643661781733e-07,0.018119354119863793,0.018137867590084737,0.29362485841586,0.29362485841586,0.29504712966307484,0
SN_normal_q0,21,1000,5,100,0.93707920879294,0.05529705972116122,0.06040042252222342,0.001230353831380047,0.4494808722595567,-0.4499922779643629,-7.761248540975538e-08,0.0017418371486713836,0.005764730062918935,0.006787696697501617,-0.8989617445191134,0.8999845559287258,1.5522497081951077e-07,0.02508866542752365,-0.04158563622012299,0.303023212941012,0.3030232129410119,0.30472013711538737,0
SN_normal_q0,21,1000,6,100,0.9451459359398154,0.049192587785964144,0.09935570084653941,0.006122241883231119,0.2868758751135452,-0.28185941526632524,3.988665405598301e-08,0.0011057421493568841,0.0041303709113411965,-0.005902628556407281,-0.5737517502270904,0.5637188305326505,-7.977330811196602e-08,-0.02548147484366552,-0.03859225154261128,0.29861268775774724,0.29861268775774713,0.2971370306186454,0
SN_normal_q0,21,1000,7,100,0.9104391829703492,0.04252253625852905,0.08293782641294088,0.00596363736794668,0.272171032131909,-0.26759432310620407,-5.035656146655304e-08,0.0013869786988030158,0.0016275130244664154,-0.007525804313820915,-0.544342064263818,0.5351886462124081,1.0071312293310608e-07,0.023052123590725372,-0.0023897519828452495,0.2792011474789907,0.2792011474789907,0.2773196964005355,0
SN_normal_q0,21,1000,8,100,0.918540284346648,0.05064887678966581,0.07370397658973679,0.00844207494423088,0.5849801733682699,-0.5767397267873317,-5.5165196419006355e-08,0.0002016835284892111,0.00613669105711568,-0.010344091774367655,-1.1699603467365398,1.1534794535746633,1.1033039283801271e-07,-0.038110008455165344,-0.01948901117078623,0.2914888246509851,0.2914888246509851,0.2889028017073932,0
SN_normal_q0,21,1000,9,100,0.9263372360783779,0.050340650054115185,0.08805973250284625,-0.0011058286698162037,0.3874097089598291,-0.38821942940295706,1.818612772406771e-07,-0.0002962900879653734,0.006449420948258361,0.008068498111960027,-0.7748194179196582,0.7764388588059141,-3.637225544813542e-07,0.0008355026653087332,-0.008800387917261983,0.28935605399359365,0.2893560539935936,0.2913731785215836,0
SN_normal_q0,21,10000,0,100,0.9130180870531663,0.06674598973471797,0.016396729418846446,-0.011871846544289353,7.331594954936764,-7.345269124154743,2.8218129487758896e-07,0.001802040492392134,0.007629254567310483,0.03497702864067348,-14.663189909873529,14.690538248309487,-5.643625897551779e-07,0.015445446128025682,0.015679644050796398,0.27927560653661027,0.2792756065366102,0.28801986369677857,0
SN_normal_q0,21,10000,1,100,0.9306433182810754,0.06046151006552254,0.057160842619740325,0.0005034793013662063,22.963833614819745,-22.960284799149225,4.578988731497213e-07,-0.00304579426809173,0.014982329416630134,0.007883782277714423,-45.92766722963949,45.92056959829845,-9.157977462994426e-07,0.005382776095834666,-0.03692345555768711,0.30252383744713907,0.302523837447139,0.3044947830165677,0
SN_normal_q0,21,10000,2,100,0.8699035358152476,0.054331329812122936,0.09704694197308689,0.007793133889558463,6.527583367603385,-6.521453344302165,1.0556438465291979e-07,0.001663005023952806,0.003916820681637892,-0.008343437049573424,-13.05516673520677,13.04290668860433,-2.1112876930583958e-07,0.050530099976290314,-0.03695455582803285,0.2483579702618606,0.24835797026186057,0.24627211099946725,0
SN_normal_q0,21,10000,3,100,0.9323614790039261,0.03708450972892998,0.07942878919496801,0.006589456223272552,16.401280703011505,-16.39521579408767,2.27729996540548e-07,0.000524319569412394,0.0024325120110183676,-0.009697761296701947,-32.80256140602301,32.79043158817534,-4.55459993081096e-07,-0.0486998379625535,-0.005766652818075526,0.3047629983949403,0.3047629983949403,0.3023385580707648,0
SN_normal_q0,21,10000,4,100,0.9243671631690518,0.05363998127861256,0.06167595441321233,-0.0020474236981051137,11.011276956343774,-11.014870166998405,3.2239998915279837e-08,0.0015457547164928647,0.006632507793227607,0.013818864622423578,-22.02255391268755,22.02974033399681,-6.447999783055967e-08,0.018119354119863793,0.013756035271229192,0.29362485841586,0.29362485841586,0.2970795745714659,0
SN_normal_q0,21,10000,5,100,0.93707920879294,0.06687706847144989,0.03093153508128835,-0.004755665132690417,6.68089255846015,-6.689815014105875,-2.3534300398368935e-07,0.004167025856049309,0.006284842552221912,0.024130224529701386,-13.3617851169203,13.37963002821175,4.706860079673787e-07,0.02508866542752365,-0.04654863201786814,0.303023212941012,0.3030232129410119,0.30905576907343724,0
SN_normal_q0,21,10000,6,100,0.9451459359398154,0.057837897998059995,0.06630585850512348,0.0032561795915958857,3.399175020199077,-3.398261068876534,-1.0679123606593261e-07,0.002342335060279629,0.004287030573173317,0.0024593415105407987,-6.798350040398154,6.796522137753068,2.1358247213186522e-07,-0.02548147484366552,-0.04046023843356295,0.29861268775774724,0.29861268775774713,0.2992275231353824,0
SN_normal_q0,21,10000,7,100,0.9104391829703492,0.052172787147743795,0.05120140143930497,0.005214224642804327,3.773900353346034,-3.771188964686466,-1.2604563088821645e-07,0.00250296202887504,0.0017430589556396336,-0.00367946627221892,-7.547800706692068,7.542377929372932,2.520912617764329e-07,0.023052123590725372,-0.002259234316565737,0.2792011474789907,0.2792011474789907,0.278281280910936,0
SN_normal_q0,21,10000,8,100,0.918540284346648,0.06271538310666953,0.029708263045029274,0.005690786314866914,6.621894828262871,-6.617661680939318,5.468029378022934e-08,0.0014575843110231786,0.006634472017489064,-0.0018319319901982573,-13.243789656525742,13.235323361878637,-1.0936058756045868e-07,-0.038110008455165344,-0.019035822284650252,0.2914888246509851,0.2914888246509851,0.29103084165343546,0
SN_normal_q0,21,10000,9,100,0.9263372360783779,0.06794837721387524,0.06581753467777607,-0.007670590010042475,3.972234552112999,-3.981853856014279,1.4830955031695207e-07,0.0019485655816843398,0.007530817395922055,0.026769128579375714,-7.944469104225998,7.963707712028558,-2.9661910063390414e-07,0.0008355026653087332,-0.004336714830128766,0.28935605399359365,0.2893560539935936,0.29604833613843756,0
SN_normal_q0,101,1,0,100,1.0481752856264388,0.003111004469770181,-0.02951813081419231,-0.0010857069556932345,0.0003591244746854755,-0.0014448333722874435,1.941908733467666e-09,0.0,3.459496839656631e-05,0.0022060088797830387,-0.000718248949370951,0.002889666744574887,-3.883817466935332e-09,0.07933151917522402,0.002649421781491719,0.3846138859250693,0.38461388592506934,0.3851653881450151,0
SN_normal_q0,101,1,1,100,1.0715136073771516,0.0032879439263167583,-0.013072153101000324,-0.0008382273352783115,0.00016349729569481357,-0.00100172743850903,2.8075359047650107e-09,0.0,5.2383629359086706e-05,0.0017288382999157037,-0.00032699459138962715,0.00200345487701806,-5.615071809530021e-09,0.030175884048861984,0.00047770479494740117,0.40019508309399504,0.40019508309399504,0.400627292668974,0
SN_normal_q0,101,1,2,100,1.0396626400269269,0.00014793462718170355,-0.022916370786249154,-1.3591505692487695e-05,-4.299479771854502e-05,2.9402126018265532e-05,1.16600779180593e-09,0.0,7.938789563684465e-08,2.7262399280611054e-05,8.598959543709003e-05,-5.8804252036531065e-05,-2.33201558361186e-09,-0.024903985939850867,-9.701223490504646e-05,0.38916771502711944,0.3891677150271194,0.3891745306269396,0
SN_normal_q0,101,1,3,100,1.0472010537226462,0.0028984342262000267,-0.11840078709698931,-0.0001185059691221234,0.0002284574149084175,-0.0003469641159324548,7.319019139720128e-10,0.0,3.131042138464548e-05,0.00026832235962888915,-0.000456914829816835,0.0006939282318649096,-1.4638038279440256e-09,0.017716781560853146,0.00021886764399038611,0.38344212416113166,0.38344212416113166,0.38350920475103883,0
SN_normal_q0,101,1,4,100,1.0608684905838328,0.0011307299608120855,-0.030479161607111588,-0.00010766347329679893,0.00024183360547973485,-0.0003494956865500827,-1.3922264510400468e-09,0.0,4.524368697546589e-06,0.0002198513152911473,-0.0004836672109594697,0.0006989913731001654,2.7844529020800936e-09,0.03867850494246265,0.00013359046121707796,0.37401127742700596,0.3740112774270059,0.37406624025582874,1
SN_normal_q0,101,1,5,100,1.0570475831986885,0.00025541254832911036,-0.017278394077207826,-2.6629385297591577e-05,-6.932469112355589e-05,4.269177750976165e-05,3.528316202655604e-09,0.0,2.3525751689634355e-07,5.34940281120791e-05,0.00013864938224711178,-8.53835550195233e-05,-7.056632405311208e-09,0.02057227456685905,-0.0027590334353653477,0.3822107926715419,0.3822107926715419,0.38222416617856986,1
SN_normal_q0,101,1,6,100,1.0615014358077886,0.0008814885709255992,0.08599236895520916,0.0001537096038073473,6.030750236739702e-05,9.340272211327549e-05,-6.206733251977865e-10,0.0,3.458686648364311e-06,-0.0003039605209663335,-0.00012061500473479404,-0.00018680544422655098,1.241346650395573e-09,-0.01060120122315888,-0.0007675695866496046,0.3929641017501006,0.3929641017501006,0.392888111619859,0
SN_normal_q0,101,1,7,100,1.0329977000773554,0.0019224409558143904,0.0770834775336423,0.000164039595390959,0.0002273213948460157,-6.328055505595091e-05,-1.2443991058560982e-09,0.0,1.6241495471333547e-05,-0.0003118376953105892,-0.0004546427896920314,0.00012656111011190183,2.4887982117121965e-09,-0.06237115655806332,-0.005804916592347212,0.3737599198299593,0.37375991982995926,0.3736819604061317,0
SN_normal_q0,101,1,8,100,1.0895602892789524,0.003241453909040832,-0.08891706431244133,0.0005708282785753385,0.00026823761558335946,0.00030258754390545333,3.1190865258676367e-09,0.0,3.9847949303431667e-05,-0.0011018086078472353,-0.0005364752311667189,-0.0006051750878109067,-6.2381730517352735e-09,-0.00866055677119942,-0.01103654746776098,0.40749181304893795,0.40749181304893795,0.4072163608969761,0
SN_normal_q0,101,1,9,100,1.0885547067171346,0.014131986999612241,0.12942928464051676,0.0028696016733329778,0.0003182876285483648,0.00255131118346661,2.86131800244916e-09,0.0,0.0007147387694663562,-0.0050244645771996025,-0.0006365752570967295,-0.00510262236693322,-5.72263600489832e-09,-0.05195387925406667,0.009109909953290614,0.40251079320055744,0.4025107932005574,0.40125467705625745,0
SN_normal_q0,101,20,0,100,1.0481752856264388,0.008849966008086699,0.05049903867241361,0.0003795317681282006,0.009185888017964964,-0.008749371825027951,-1.2522220964020524e-08,-5.697190258784684e-05,0.00032691641705286307,-0.0005460909243792318,-0.01837177603592993,0.017498743650055902,2.5044441928041048e-08,0.07933151917522402,0.009306048868337847,0.3846138859250693,0.38461388592506934,0.38447736319397463,0
SN_normal_q0,101,20,1,100,1.0715136073771516,0.014385141052288006,0.09736340681394885,0.0006029270371807684,0.01886701386485525,-0.018161207517978964,-6.3759604805479985e-09,-0.00010287293373503814,0.0008773040086396811,-0.0005342959331919367,-0.0377340277297105,0.03632241503595793,1.2751920961095997e-08,0.030175884048861984,-0.0012345963679694172,0.40019508309399504,0.40019508309399504,0.40006150911069716,0
SN_normal_q0,101,20,2,100,1.0396626400269269,0.015004950431543342,0.1352288430134484,0.0005646096852837394,0.013703096298954016,-0.012983518884315324,2.8536128268856866e-08,-0.00015499626548322348,0.0010691813590351037,-0.0003700305424988154,-0.02740619259790803,0.025967037768630647,-5.707225653771373e-08,-0.024903985939850867,-0.009056069478031196,0.38916771502711944,0.3891677150271194,0.3890752073914947,0
SN_normal_q0,101,20,3,100,1.0472010537226462,0.01054913907376218,0.1337813458625826,0.0020084246943634894,0.004962837052143865,-0.0028829896914889467,1.9842333071561076e-08,-7.14425086245002e-05,0.0003807130103883462,-0.003779021395587635,-0.00992567410428773,0.005765979382977893,-3.968466614312215e-08,0.017716781560853146,0.002121177717510569,0.38344212416113166,0.38344212416113166,0.3824973688122347,0
SN_normal_q0,101,20,4,100,1.0608684905838328,0.00967510872227101,0.07536086877073156,0.0019766613068138896,0.0055537968519570125,-0.003457878228417888,-1.4215002238803894e-08,-0.00011924310172299717,0.00046340850545375123,-0.003728400311620018,-0.011107593703914025,0.006915756456835776,2.8430004477607788e-08,0.03867850494246265,-0.0150562662874838,0.37401127742700596,0.3740112774270059,0.37307917734910084,0
SN_normal_q0,101,20,5,100,1.0570475831986885,0.009308728838750325,0.12243207901805925,0.0031463270937066097,0.004094574215618163,-0.0008880503436819735,1.1155886762203942e-08,-6.020793411634345e-05,0.00040788189690037154,-0.006005188158745527,-0.008189148431236326,0.001776100687363947,-2.2311773524407884e-08,0.02057227456685905,-0.0023834115473660455,0.3822107926715419,0.3822107926715419,0.3807094956318555,0
SN_normal_q0,101,20,6,100,1.0615014358077886,0.008240804367255952,0.07659794721344519,-2.590646425960248e-06,0.007126622734935493,-0.007128574480509013,-1.2087820880606015e-09,-6.376920703545126e-07,0.00020366390909398225,0.00020756981780518436,-0.014253245469870985,0.014257148961018026,2.417564176121203e-09,-0.01060120122315888,0.006027006051687185,0.3929641017501006,0.3929641017501006,0.3930159942045519,0
SN_normal_q0,101,20,7,100,1.0329977000773554,0.009628997037095714,0.12928295723698263,0.0021517979414516354,0.0025070732810644897,-0.00018410884312150037,-1.9610272575832948e-08,-0.00017114688621877895,0.0006239159984451405,-0.004021973656895685,-0.005014146562128979,0.00036821768624300074,3.9220545151665896e-08,-0.06237115655806332,-0.010874128954879022,0.3737599198299593,0.37375991982995926,0.3727544264157355,0
SN_normal_q0,101,20,8,100,1.0895602892789524,0.012101265093759361,0.04758860813615799,-0.00016148084046311252,0.0058736081712287,-0.005991688341725759,1.6222888316878294e-08,-4.341689285437277e-05,0.00041969856892910807,0.0006558264641466017,-0.0117472163424574,0.011983376683451518,-3.244577663375659e-08,-0.00866055677119942,-0.015524132976814818,0.40749181304893795,0.40749181304893795,0.4076557696649747,0
SN_normal_q0,101,20,9,100,1.0885547067171346,0.0319688728811454,0.06374460224228173,0.0022894606484950555,0.00939068817629718,-0.006734269877287733,3.656667760513154e-09,-0.00036696130718215353,0.0037984371928767974,-0.0015144067184776205,-0.01878137635259436,0.013468539754575466,-7.313335521026308e-09,-0.05195387925406667,0.0038695941376807423,0.40251079320055744,0.4025107932005574,0.40213219152093793,0
SN_normal_q0,101,200,0,100,1.0481752856264388,0.022065896615430357,0.09675356631865731,3.910601933504522e-05,0.07674100155775158,-0.0763291777231634,1.409073180174978e-08,-0.0003727319059848999,0.0018312210813035202,0.0010075452306636356,-0.15348200311550317,0.1526583554463268,-2.818146360349956e-08,0.07933151917522402,0.01985115013759352,0.3846138859250693,0.38461388592506934,0.3848657722327353,0
SN_normal_q0,101,200,1,100,1.0715136073771516,0.025813151131983996,0.1687897146915035,-0.0027514650360003045,0.11409115517026219,-0.11664195847241472,-5.038324829398041e-09,-0.0002006566955229679,0.0023416266742774133,0.007443243355232082,-0.22818231034052439,0.23328391694482944,1.0076649658796081e-08,0.030175884048861984,-0.03275193589429277,0.40019508309399504,0.40019508309399504,0.4020558939328031,0
SN_normal_q0,101,200,2,100,1.0396626400269269,0.033367272247207994,0.18376639984969376,0.002785400948646829,0.102055630981402,-0.09910577535516435,3.058517827289391e-08,-0.0001644852627691158,0.004121887222131002,-0.0017778852007008844,-0.204111261962804,0.1982115507103287,-6.117035654578782e-08,-0.024903985939850867,0.009056029964140538,0.38916771502711944,0.3891677150271194,0.3887232437269443,0
SN_normal_q0,101,200,3,100,1.0472010537226462,0.023097425373708264,0.15998437271889263,0.011498116182002244,0.02879010616107209,-0.017118432431619538,8.204842376165718e-08,-0.00017363959587407034,0.0016468947432205137,-0.021696616812532116,-0.05758021232214418,0.034236864863239076,-1.6409684752331436e-07,0.017716781560853146,0.016951013272788678,0.38344212416113166,0.38344212416113166,0.3780179699579987,0
SN_normal_q0,101,200,4,100,1.0608684905838328,0.02546329028655297,0.08123930945814788,0.002567694379372446,0.04589587557090526,-0.043263573123628746,-1.611534041821539e-08,-6.459195256367336e-05,0.0016244582074753395,-0.003640114456396896,-0.09179175114181053,0.08652714624725749,3.223068083643078e-08,0.03867850494246265,-0.03969283616457692,0.37401127742700596,0.3740112774270059,0.3731012488129067,0
SN_normal_q0,101,200,5,100,1.0570475831986885,0.020247230879472205,0.19331428542081544,0.005768521929880528,0.05034765934475072,-0.04449163471835285,-8.717035077261348e-09,-8.749397948226968e-05,0.0014767563103109563,-0.010235275508414634,-0.10069531868950143,0.0889832694367057,1.7434070154522697e-08,0.02057227456685905,0.007313775621026836,0.3822107926715419,0.3822107926715419,0.3796519737944382,0
SN_normal_q0,101,200,6,100,1.0615014358077886,0.017444061010579708,0.12602674615324136,0.0026088387744576803,0.06672933858508472,-0.0640630139147293,-3.524685188631937e-08,-5.745064904583198e-05,0.0008493520287508266,-0.004483226818256205,-0.13345867717016943,0.1281260278294586,7.049370377263874e-08,-0.01060120122315888,0.003583449333410078,0.3929641017501006,0.3929641017501006,0.39184329504553644,0
SN_normal_q0,101,200,7,100,1.0329977000773554,0.025625629182257824,0.1551104848964925,0.005505907627068154,0.05204692188998445,-0.04584544135672117,-4.169941572857375e-08,-0.0006955312067794,0.003025541254881824,-0.009377336412813287,-0.1040938437799689,0.09169088271344233,8.33988314571475e-08,-0.06237115655806332,-0.010961587834204154,0.3737599198299593,0.37375991982995926,0.371415585726756,0
SN_normal_q0,101,200,8,100,1.0895602892789524,0.022508938248853846,0.09472336495206518,0.00590156674110621,0.06029087927149673,-0.054207593678255825,1.1257849156199319e-07,-0.00018183143062624037,0.0015019300063377893,-0.010664866337127104,-0.12058175854299347,0.10841518735651165,-2.2515698312398638e-07,-0.00866055677119942,-0.05503282339134385,0.40749181304893795,0.40749181304893795,0.40482559646465627,0
SN_normal_q0,101,200,9,100,1.0885547067171346,0.046549401753973506,0.1730476099940928,0.006487000543049506,0.08648819589143343,-0.07901388063227892,7.823529839412372e-08,-0.0009873929514034,0.007830235844870515,-0.007118551144035292,-0.17297639178286686,0.15802776126455784,-1.5647059678824745e-07,-0.05195387925406667,0.010588507961428241,0.40251079320055744,0.4025107932005574,0.4007311554145485,0
SN_normal_q0,101,1000,0,100,1.0481752856264388,0.03896166089045552,0.03203410107771223,-0.0038648201670122956,0.4071114269812729,-0.41119871567903765,9.483351544875337e-08,0.00022237369723687608,0.0028342624580529113,0.011008650186551252,-0.8142228539625458,0.8223974313580753,-1.8966703089750674e-07,0.07933151917522402,0.020867571420688857,0.3846138859250693,0.38461388592506934,0.3873660484717072,0
SN_normal_q0,101,1000,1,100,1.0715136073771516,0.04131460099330788,0.10647217863421674,-0.005399409276565732,0.6342719126027184,-0.6402262993702381,-3.9364432811534034e-08,0.0005550168553862304,0.003184113289907709,0.015092965553811623,-1.2685438252054368,1.2804525987404762,7.872886562306807e-08,0.030175884048861984,-0.025396155008617537,0.40019508309399504,0.40019508309399504,0.40396832448244796,0
SN_normal_q0,101,1000,2,100,1.0396626400269269,0.05303793046728009,0.04627669502292418,-0.0035390714448608925,0.5352207372879026,-0.5399193261875481,-2.9654227174258664e-08,0.0011595471090116356,0.005725245462642363,0.015122482570387417,-1.0704414745758053,1.0798386523750962,5.930845434851733e-08,-0.024903985939850867,0.02369695398629236,0.38916771502711944,0.3891677150271194,0.39294833566971626,0
SN_normal_q0,101,1000,3,100,1.0472010537226462,0.04125780843108954,0.09511544728162512,0.010964662002230457,0.12050229742708625,-0.11016225961325792,-4.5190603644960803e-08,0.0006246693790058137,0.0028008721712458485,-0.017879113075203443,-0.2410045948541725,0.22032451922651583,9.038120728992161e-08,0.017716781560853146,0.023484704660986525,0.38344212416113166,0.38344212416113166,0.37897234589233086,0
SN_normal_q0,101,1000,4,100,1.0608684905838328,0.043931650182696826,0.0062869535918041895,-0.003067615099342633,0.24258552014251702,-0.2466816412057249,-1.3374748936418572e-08,0.001028519338614107,0.0023170958802348645,0.010509364756148349,-0.48517104028503405,0.4933632824114498,2.6749497872837144e-08,0.03867850494246265,-0.05196251509130305,0.37401127742700596,0.3740112774270059,0.37663861861604286,0
SN_normal_q0,101,1000,5,100,1.0570475831986885,0.0315355293262755,0.16783109265492668,0.007847644836436511,0.20759594435300688,-0.20022505227787946,-1.0800191490569232e-07,0.0004768607632239598,0.0018597399698532164,-0.01288182817657189,-0.41519188870601376,0.4004501045557589,2.1600382981138463e-07,0.02057227456685905,0.027436922024757802,0.3822107926715419,0.3822107926715419,0.3789903356273989,0
SN_normal_q0,101,1000,6,100,1.0615014358077886,0.031628112178935026,0.06351342226485068,-0.0013638117254939435,0.2987796783037849,-0.30074778629431476,3.780711974373647e-08,0.0006042584579160785,0.001145502685331064,0.005081643052151106,-0.5975593566075698,0.6014955725886295,-7.561423948747294e-08,-0.01060120122315888,0.008468020211237595,0.3929641017501006,0.3929641017501006,0.39423451251313835,0
SN_normal_q0,101,1000,7,100,1.0329977000773554,0.04713999689745051,0.06397553865071426,0.002654353877278024,0.27371928166147486,-0.2706248668486719,2.373023672246418e-08,-0.0004400846657617622,0.005482885151098457,-0.0007059919349811217,-0.5474385633229497,0.5412497336973437,-4.746047344492836e-08,-0.06237115655806332,-0.027269892149969187,0.3737599198299593,0.37375991982995926,0.3735834218462141,0
SN_normal_q0,101,1000,8,100,1.0895602892789524,0.03570774759384136,0.06367275481179581,0.00538391619063985,0.33859126989316435,-0.33352677708422346,1.50948076241132e-07,0.0003192724336226424,0.0020345155007495076,-0.008094772013284894,-0.6771825397863287,0.6670535541684469,-3.01896152482264e-07,-0.00866055677119942,-0.03814670730984389,0.40749181304893795,0.40749181304893795,0.4054681200456167,0
SN_normal_q0,101,1000,9,100,1.0885547067171346,0.06898989634357572,0.16762774270412645,0.011009282887590116,0.4351477973165425,-0.4232897904582543,-4.7090835694149904e-08,-0.000848676879862155,0.012089801204985878,-0.011626118329918668,-0.870295594633085,0.8465795809165086,9.418167138829981e-08,-0.05195387925406667,0.007105919584592092,0.40251079320055744,0.4025107932005574,0.39960426361807777,0
SN_normal_q0,101,10000,0,100,1.0481752856264388,0.04399233905775862,0.020081210687018673,-0.006155015528994967,5.199323774264906,-5.206141402042952,-1.5159225876542552e-08,0.0006626274082796328,0.0029050214205104947,0.016540307295059696,-10.398647548529812,10.412282804085905,3.0318451753085104e-08,0.07933151917522402,0.019558027145637983,0.3846138859250693,0.38461388592506934,0.38874896274883447,0
SN_normal_q0,101,10000,1,100,1.0715136073771516,0.045548188191279315,0.09860485321234888,-0.00712874138478638,7.638683236122124,-7.646893328258243,1.0325094897878297e-07,0.0010812475003514344,0.0032487659456655643,0.019668743715941187,-15.277366472244248,15.293786656516486,-2.0650189795756593e-07,0.030175884048861984,-0.025338114052534895,0.40019508309399504,0.40019508309399504,0.40511226902298025,0
SN_normal_q0,101,10000,2,100,1.0396626400269269,0.05624003527854491,0.03264466640990424,-0.005227802205937458,6.728178633823285,-6.734875458816749,4.433147977876686e-07,0.0014685794727307031,0.005800676778712715,0.01919344013604904,-13.45635726764657,13.469750917633498,-8.866295955753372e-07,-0.024903985939850867,0.02377875905285417,0.38916771502711944,0.3891677150271194,0.3939660750611317,0
SN_normal_q0,101,10000,3,100,1.0472010537226462,0.04810581306114486,0.08180462538717763,0.008086867075014105,1.7254519082112696,-1.7187600463648602,-1.5397851726206268e-07,0.0013951592071219175,0.002934259826365579,-0.010449155909418776,-3.450903816422539,3.4375200927297205,3.0795703452412535e-07,0.017716781560853146,0.022519789085168294,0.38344212416113166,0.38344212416113166,0.380829835183777,0
SN_normal_q0,101,10000,4,100,1.0608684905838328,0.05183789622376825,-0.018095288110872156,-0.007642819699627933,3.6963323415266554,-3.7059281124834946,1.8931718867277476e-07,0.001952761940026583,0.0024219252443795558,0.02161308852368858,-7.392664683053311,7.411856224966989,-3.786343773455495e-07,0.03867850494246265,-0.0545661203642996,0.37401127742700596,0.3740112774270059,0.37941454955792797,0
SN_normal_q0,101,10000,5,100,1.0570475831986885,0.037983244703783295,0.14732572541796693,0.006259007488912159,2.1942051129798035,-2.189030732252999,-4.666570329369067e-08,0.0010846734278112191,0.0019192545348734303,-0.008429413587328426,-4.388410225959607,4.378061464505998,9.333140658738134e-08,0.02057227456685905,0.031598839751782105,0.3822107926715419,0.3822107926715419,0.3801034392747098,0
SN_normal_q0,101,10000,6,100,1.0615014358077886,0.03483241797310148,0.03845598182593096,-0.002651649724266633,3.078516760026898,-3.0820122046415532,1.87339587114383e-08,0.0008437761564165527,0.0011596990979205594,0.008150550859286933,-6.157033520053796,6.1640244092831065,-3.74679174228766e-08,-0.01060120122315888,0.008642223389332064,0.3929641017501006,0.3929641017501006,0.3950017394649224,0
SN_normal_q0,101,10000,7,100,1.0329977000773554,0.057743875260398925,0.0273471911194063,-0.003039715913845976,2.979917984142898,-2.983442118098657,-9.410320162686965e-08,0.00048451214511778637,0.005965737697023649,0.013014193814951175,-5.959835968285796,5.966884236197314,1.882064032537393e-07,-0.06237115655806332,-0.03267712265688695,0.3737599198299593,0.37375991982995926,0.37701346828369714,0
SN_normal_q0,101,10000,8,100,1.0895602892789524,0.03898746510976204,0.05178689549492222,0.0043571111280338625,4.018122099467636,-4.014337049699695,-1.582833150660244e-07,0.0005722196434153874,0.0020647819735282267,-0.005505000995708713,-8.036244198935272,8.02867409939939,3.165666301320488e-07,-0.00866055677119942,-0.03637205661053471,0.40749181304893795,0.40749181304893795,0.40611556280001077,0
SN_normal_q0,101,10000,9,100,1.0885547067171346,0.07601060457219805,0.13557362754264055,0.010540067754030517,5.024797578874978,-5.014039895235598,-2.9375904924202457e-08,-0.00021758650943804744,0.012563748999515352,-0.008951559527421748,-10.049595157749955,10.028079790471196,5.875180984840491e-08,-0.05195387925406667,0.006300892974861164,0.40251079320055744,0.4025107932005574,0.4002729033187019,0
SN_peak_q0,21,1,0,100,0.7983576217467224,0.002094925581848291,0.13289290999888992,0.00014656964791658465,0.00034368738535698896,-0.0001971183224970004,5.850565961410422e-10,0.0,1.7262447681571435e-05,-0.00027587684815160286,-0.0006873747707139779,0.0003942366449940008,-1.1701131922820843e-09,0.0194225143837102,0.0012054605499207042,0.24617704482360575,0.24617704482360575,0.24610807561156786,0
SN_peak_q0,21,1,1,100,0.7569315937172157,0.004560381980546772,-0.04136318934711057,0.0027632523615368563,0.0005491234887059128,0.0022141293966974384,-5.238664948105184e-10,0.0,0.00012965996399781233,-0.005396844759075896,-0.0010982469774118255,-0.004428258793394877,1.0477329896210369e-09,-0.0112044963360114,0.009644409442020085,0.2512114383217623,0.2512114383217622,0.24986222713199321,0
SN_peak_q0,21,1,2,100,0.7954254724465725,0.00034230519942364486,-0.06928293549128867,-2.896072432475947e-05,0.0010904640066525832,-0.0011194203156188582,-4.41535848437003e-09,0.0,4.715705375369332e-07,5.8393019187057204e-05,-0.0021809280133051664,0.0022388406312377164,8.83071696874006e-09,0.017260630939553358,0.0006157853758976372,0.23724207843918024,0.2372420784391802,0.23725667669397701,0
SN_peak_q0,21,1,3,100,0.8111621347488318,0.002825975390493214,-0.07476554880009735,0.0003124263491736162,0.0022958132956879284,-0.001983383541153923,-3.405360389733502e-09,0.0,4.03790832464881e-05,-0.0005844736151007481,-0.004591626591375857,0.003966767082307846,6.810720779467004e-09,-0.017207500521212657,-0.0053727160363463275,0.26975581785936137,0.26975581785936137,0.2696096994555862,0
SN_peak_q0,21,1,4,100,0.7615451210048664,0.003008558840522489,0.06070023864144433,-0.0006977045105840996,0.0014238544154049192,-0.0021215607276298585,1.8016408398287612e-09,0.0,4.0255353068522484e-05,0.0014356643742367231,-0.0028477088308098385,0.004243121455259717,-3.6032816796575224e-09,-0.027630997552183508,0.0026435793135820107,0.262527376086059,0.2625273760860591,0.26288629217961823,0
SN_peak_q0,21,1,5,100,0.7848760219403061,0.0016496773861185351,-0.0968593012341773,-0.0001546282293581554,4.9934618640675966e-05,-0.00020456837863658234,5.530637750903997e-09,0.0,7.4905542571594365e-06,0.00031674701297347297,-9.986923728135193e-05,0.0004091367572731647,-1.1061275501807994e-08,-0.009245766686712153,0.0007055372375836141,0.24959156705192292,0.2495915670519229,0.24967075380516626,0
SN_peak_q0,21,1,6,100,0.8036860028615409,1.0054814039221573e-06,0.06801713396224542,1.453956315740238e-07,1.5372999615534248e-08,1.3432047519048945e-07,-4.297843231999913e-09,0.0,3.2435572867381824e-12,-2.907880195886052e-07,-3.0745999231068496e-08,-2.686409503809789e-07,8.595686463999827e-09,0.0063301425980577175,-0.0070297270124652445,0.2848557945362989,0.28485579453629883,0.284855721839294,3
SN_peak_q0,21,1,7,100,0.7931019155588064,3.605733794250179e-05,-0.13200308823243556,9.445376270588737e-07,-1.1883077294819679e-05,1.2825613353809515e-05,2.0015680690275942e-09,0.0,4.101841823431554e-09,-1.884973412297694e-06,2.3766154589639357e-05,-2.565122670761903e-05,-4.0031361380551884e-09,-0.0030919892064080723,0.0001315510640993978,0.26449907244097887,0.2644990724409788,0.26449860119762575,0
SN_peak_q0,21,1,8,100,0.7879376796676081,0.0024663746594132453,0.1363786550574119,-0.00012089394946281773,5.189263050459375e-05,-0.0001727837801240979,-2.7998433137279316e-09,0.0,2.508681865330395e-05,0.0002668747175789434,-0.0001037852610091875,0.0003455675602481958,5.599686627455863e-09,-0.006703679404054131,-0.0005204700645109732,0.2567405674684881,0.2567405674684881,0.25680728614788284,0
SN_peak_q0,21,1,9,100,0.7251069052698363,0.00020126686546366237,-0.08468568085849937,2.3670116741838173e-05,0.0006660285369701891,-0.0006423559205176009,-2.4997107501428285e-09,0.0,1.9853434432633466e-07,-4.714169913935685e-05,-0.0013320570739403781,0.0012847118410352018,4.999421500285657e-09,-0.0119579011632327,-3.5961844064921584e-05,0.234220610882073,0.234220610882073,0.23420882545728813,0
SN_peak_q0,21,20,0,100,0.7983576217467224,0.018835780712184582,-0.05057327478028571,-0.0020878880954300918,0.011338697031907034,-0.013618094357569143,-9.019052661447664e-09,0.00019151824928468155,0.0006370335964870211,0.005195846285916559,-0.02267739406381407,0.027236188715138287,1.8038105322895328e-08,0.0194225143837102,0.006682526686985062,0.24617704482360575,0.24617704482360575,0.24747600639508482,0
SN_peak_q0,21,20,1,100,0.7569315937172157,0.022769568340373067,0.09300809249193982,0.0063186830206297,0.02520877646092842,-0.018214983603553954,-5.19923071054663e-09,-0.0006751046375140593,0.0038194182166705203,-0.01016815709961699,-0.05041755292185684,0.03642996720710791,1.039846142109326e-08,-0.0112044963360114,0.030723876750418246,0.2512114383217623,0.2512114383217622,0.24866939904685798,0
SN_peak_q0,21,20,2,100,0.7954254724465725,0.011477847884565968,0.19716647699851544,0.002524954849798866,0.009955693402831606,-0.007212682886742197,-8.003913091829575e-09,-0.00021804766237745385,0.0008655160200959453,-0.004620489004256691,-0.019911386805663213,0.014425365773484394,1.600782618365915e-08,0.017260630939553358,0.010496076343339213,0.23724207843918024,0.2372420784391802,0.23608695618811606,0
SN_peak_q0,21,20,3,100,0.8111621347488318,0.01882634394174627,0.20142841245061438,0.004531133787001024,0.026319116796600473,-0.021444464014980083,-2.299761474920175e-08,-0.0003434959970046314,0.0018869520406230478,-0.007862307527388262,-0.052638233593200946,0.042888928029960166,4.59952294984035e-08,-0.017207500521212657,0.03208870194768626,0.26975581785936137,0.26975581785936137,0.2677902409775143,0
SN_peak_q0,21,20,4,100,0.7615451210048664,0.022031023451037083,0.015602637114150789,0.0024345289899476387,0.014167157834974835,-0.010996947786118087,-9.58304743911946e-09,-0.0007356714758616678,0.0028559390338891736,-0.0034844618977294324,-0.02833431566994967,0.021993895572236175,1.916609487823892e-08,-0.027630997552183508,0.04179667918274153,0.262527376086059,0.2625273760860591,0.2616562606116268,0
SN_peak_q0,21,20,5,100,0.7848760219403061,0.011955688254911506,-0.019203307037897455,-0.0013589437664050488,0.011886570152995926,-0.012934281785628833,1.397626409781651e-08,-0.00031124611003623695,0.0009442489912121761,0.003039644303949805,-0.02377314030599185,0.025868563571257667,-2.795252819563302e-08,-0.009245766686712153,-0.01536333013582974,0.24959156705192292,0.2495915670519229,0.2503514781279103,0
SN_peak_q0,21,20,6,100,0.8036860028615409,0.015981812073807822,0.21555670225731688,0.0017705257588951197,0.007462120779172187,-0.0050254852918465535,-1.8471909210427967e-08,-0.0006660912565213014,0.002130369208369455,-0.0027428648224633845,-0.014924241558344374,0.010050970583693107,3.6943818420855935e-08,0.0063301425980577175,-0.030012206339442144,0.2848557945362989,0.28485579453629883,0.28417007833068303,0
SN_peak_q0,21,20,7,100,0.7931019155588064,0.005338418368366784,0.11715231827669731,0.001202491623453317,0.0023513248697512386,-0.0011210670236265808,7.791565794566836e-09,-2.777401423713596e-05,0.00016694078481163346,-0.0022935904905692717,-0.004702649739502477,0.0022421340472531617,-1.5583131589133673e-08,-0.0030919892064080723,-0.0016268237579391996,0.26449907244097887,0.2644990724409788,0.2639256748183365,0
SN_peak_q0,21,20,8,100,0.7879376796676081,0.011403314186447924,0.1292593112201638,0.0007062055105292903,0.011632968122098374,-0.01060328975858293,-1.8502800573743196e-08,-0.00032345435018557946,0.0009978438562656547,-0.0010614758651640822,-0.023265936244196747,0.02120657951716586,3.700560114748639e-08,-0.006703679404054131,0.02189307987971626,0.2567405674684881,0.2567405674684881,0.25647519850219713,0
SN_peak_q0,21,20,9,100,0.7251069052698363,0.012407154452539933,0.02336600449500514,0.0013155871006505914,0.00887129310703096,-0.0074738256343261774,1.3100638823323707e-08,-8.189347269301537e-05,0.0008489536187384994,-0.0019460075279487182,-0.01774258621406192,0.014947651268652355,-2.6201277646647415e-08,-0.0119579011632327,0.0012093102659642525,0.234220610882073,0.234220610882073,0.23373410900008584,0
SN_peak_q0,21,200,0,100,0.7983576217467224,0.03173121745528555,0.18811476018697357,-0.002168136129073261,0.08593256339228242,-0.08689204997142128,1.3050161363293645e-08,-0.001208662600095726,0.005143864055880573,0.007062811113835641,-0.17186512678456484,0.17378409994284255,-2.610032272658729e-08,0.0194225143837102,-0.004755158563487642,0.24617704482360575,0.24617704482360575,0.2479427476020647,0
SN_peak_q0,21,200,1,100,0.7569315937172157,0.04404921514717078,0.2657888847784751,0.01474538640133905,0.1242548331176611,-0.10647057199922993,-2.5056642858159808e-09,-0.003038872211427768,0.01135911545490995,-0.024209401770623678,-0.2485096662353222,0.21294114399845987,5.0113285716319615e-09,-0.0112044963360114,0.05880660209959729,0.2512114383217623,0.2512114383217622,0.2451590878791063,0
SN_peak_q0,21,200,2,100,0.7954254724465725,0.029211631315544998,0.3383212134755387,0.010106099534507598,0.03630248731312101,-0.025629325543509468,9.500432444150459e-09,-0.0005670717355363983,0.0030770948301520966,-0.018269247709935887,-0.07260497462624202,0.051258651087018936,-1.9000864888300917e-08,0.017260630939553358,-0.018393240508709816,0.23724207843918024,0.2372420784391802,0.23267476651169625,0
SN_peak_q0,21,200,3,100,0.8111621347488318,0.020932579142548088,0.3309434011958344,0.006275047348757805,0.16878578890886722,-0.1615715861001081,-2.5724844493500576e-08,-0.0009391297351568835,0.0032525595530393703,-0.011175794614790008,-0.33757157781773445,0.3231431722002162,5.144968898700115e-08,-0.017207500521212657,0.0477147601251535,0.26975581785936137,0.26975581785936137,0.2669618692056639,0
SN_peak_q0,21,200,4,100,0.7615451210048664,0.030775978914598635,0.2592036672135699,0.002476831271496045,0.10160575787636757,-0.09733624879689792,-5.429930705118878e-08,-0.0017926235086665402,0.005969888017172812,-0.00256902154315235,-0.20321151575273513,0.19467249759379585,1.0859861410237756e-07,-0.027630997552183508,0.02720345044007027,0.262527376086059,0.2625273760860591,0.26188512070027103,0
SN_peak_q0,21,200,5,100,0.7848760219403061,0.03538335716562222,0.022728974145913797,0.0015227238654001597,0.08092160994825015,-0.07859214718713746,2.469483886128315e-08,-0.0008067635905513726,0.004320365025022213,-0.00033860988688084304,-0.1618432198965003,0.15718429437427492,-4.93896777225663e-08,-0.009245766686712153,0.006074147642720482,0.24959156705192292,0.2495915670519229,0.24950691458020266,0
SN_peak_q0,21,200,6,100,0.8036860028615409,0.02759897706736122,0.2851769403244886,0.007220079095656746,0.050580169124410504,-0.04215108954844854,-6.16722510074327e-09,-0.0012089943130800967,0.00444251120818768,-0.012415635609285998,-0.10116033824882101,0.08430217909689708,1.233445020148654e-08,0.0063301425980577175,-0.04629834949883744,0.2848557945362989,0.28485579453629883,0.28175188563397735,0
SN_peak_q0,21,200,7,100,0.7931019155588064,0.018805845074330148,0.379898933200519,0.005789683048836865,0.024666978916633317,-0.018953824723327108,-1.4661276240140494e-08,7.654351680689257e-05,0.001186558754119788,-0.010239720309940154,-0.049333957833266634,0.037907649446654215,2.932255248028099e-08,-0.0030919892064080723,-0.003689219975253227,0.26449907244097887,0.2644990724409788,0.2619391423634937,0
SN_peak_q0,21,200,8,100,0.7879376796676081,0.03802012167688956,0.3804104153659999,0.004900667025681759,0.07893668229174869,-0.0725585040248913,2.34091387372134e-08,-0.0014775346503143314,0.006019387203492188,-0.006737016148499995,-0.15787336458349738,0.1451170080497826,-4.68182774744268e-08,-0.006703679404054131,0.02160388124245037,0.2567405674684881,0.2567405674684881,0.2550563134313632,0
SN_peak_q0,21,200,9,100,0.7251069052698363,0.02430321203475458,0.2426107471389139,0.004137087345607408,0.05070136357647646,-0.04540531971998427,-2.5572898265302026e-08,-0.0011589309379865609,0.0039160474601941655,-0.006675989106993775,-0.10140272715295293,0.09081063943996855,5.114579653060405e-08,-0.0119579011632327,-0.019543951660439724,0.234220610882073,0.234220610882073,0.2325516136053246,0
SN_peak_q0,21,1000,0,100,0.7983576217467224,0.059164062865056086,0.2005298947835238,-0.02097322255698548,0.4222930456141372,-0.44366869601697995,-1.5488896248609593e-07,0.0004025827348194659,0.009565512084110222,0.05231712266772012,-0.8445860912282744,0.8873373920339599,3.0977792497219186e-07,0.0194225143837102,-0.02963015977615511,0.24617704482360575,0.24617704482360575,0.2592563254905358,0
SN_peak_q0,21,1000,1,100,0.7569315937172157,0.06464774533087728,0.3025062764472798,0.0026270992653569095,0.4212826432483855,-0.4152324429804125,6.620186811042662e-08,-0.003423167204483964,0.0182110818453049,0.00611054890562321,-0.842565286496771,0.830464885960825,-1.3240373622085325e-07,-0.0112044963360114,0.060516838016137,0.2512114383217623,0.2512114383217622,0.252739075548168,0
SN_peak_q0,21,1000,2,100,0.7954254724465725,0.04723859732458844,0.34200163078465534,0.01099441722727389,0.11047022719258619,-0.0996929327271147,-4.5115242681185804e-08,0.00021716787704506948,0.004449843067813558,-0.01710465563264407,-0.22094045438517237,0.1993858654542294,9.023048536237161e-08,0.017260630939553358,-0.03389903458970852,0.23724207843918024,0.2372420784391802,0.23296591453101914,0
SN_peak_q0,21,1000,3,100,0.8111621347488318,0.03263046428172774,0.21691358762175691,0.0018002968496001323,1.1516602445347572,-1.1491522305166848,2.6141916400843198e-08,-0.0007077433103867633,0.004833325776574646,-0.00018275454339915066,-2.3033204890695145,2.2983044610333696,-5.2283832801686396e-08,-0.017207500521212657,0.046620647572590775,0.26975581785936137,0.26975581785936137,0.2697101292235116,0
SN_peak_q0,21,1000,4,100,0.7615451210048664,0.04884998441207228,0.3210702926055201,-0.0026866521117908776,0.5330255594921918,-0.5340434423039567,-3.30356768808059e-08,-0.0016687362643487684,0.009835178120353517,0.01187100981523774,-1.0660511189843835,1.0680868846079135,6.60713537616118e-08,-0.027630997552183508,0.029975329233956752,0.262527376086059,0.2625273760860591,0.26549512853986856,0
SN_peak_q0,21,1000,5,100,0.7848760219403061,0.05660769510703391,0.07400911978394517,-0.0028896833761974296,0.36798458099565495,-0.371341376753867,-1.1705438639126478e-07,0.0004672294364011113,0.00709142477014751,0.013805250395344597,-0.7359691619913099,0.742682753507734,2.3410877278252955e-07,-0.009245766686712153,-0.0011379766636157522,0.24959156705192292,0.2495915670519229,0.25304287965075906,0
SN_peak_q0,21,1000,6,100,0.8036860028615409,0.049515176221456236,0.33632471471397424,0.011575540206909582,0.22516715470691884,-0.21415960649476684,4.477050469632603e-08,0.0005679472242527281,0.006537469085773969,-0.01547771687953974,-0.4503343094138377,0.4283192129895337,-8.954100939265206e-08,0.0063301425980577175,-0.06792523148303903,0.2848557945362989,0.28485579453629883,0.2809863653164139,0
SN_peak_q0,21,1000,7,100,0.7931019155588064,0.03822718486761874,0.37761495838483483,0.008474334165649055,0.18199310144213693,-0.17570758521814245,-1.0767807393822972e-08,0.002188828709461962,0.002287387407016287,-0.010283623505357895,-0.36398620288427386,0.3514151704362849,2.1535614787645943e-08,-0.0030919892064080723,0.009163423469670291,0.26449907244097887,0.2644990724409788,0.26192816656463935,0
SN_peak_q0,21,1000,8,100,0.7879376796676081,0.06549475559909332,0.4013312300132313,-0.005268647920099667,0.3409891480114644,-0.34778122576415593,4.932402893612325e-08,0.0015233805085628812,0.009122549204042709,0.022706606061367793,-0.6819782960229288,0.6955624515283119,-9.86480578722465e-08,-0.006703679404054131,0.03614650057956404,0.2567405674684881,0.2567405674684881,0.2624172189838301,0
SN_peak_q0,21,1000,9,100,0.7251069052698363,0.04791447373373221,0.2589484182039386,0.0008309911591270915,0.15713014102044343,-0.15532553618617295,-9.031965720919845e-08,-0.000973523355486427,0.007965138846852703,0.004356109817625669,-0.31426028204088685,0.3106510723723459,1.806393144183969e-07,-0.0119579011632327,-0.047497664022716914,0.234220610882073,0.234220610882073,0.23530963833647942,0
SN_peak_q0,21,10000,0,100,0.7983576217467224,0.0687480919605773,0.19299977638735807,-0.029179639560831836,5.655409883350638,-5.686995521344517,-4.336711641997718e-07,0.002406432104216366,0.010433281820649518,0.07360542515074593,-11.310819766701275,11.373991042689035,8.673423283995436e-07,0.0194225143837102,-0.03566729045855368,0.24617704482360575,0.24617704482360575,0.2645784011112922,0
SN_peak_q0,21,10000,1,100,0.7569315937172157,0.07445310936530468,0.3111603175868137,0.0010932761980473299,5.2704069602732595,-5.2678546337176355,-8.842252350497464e-08,-0.0014589619350625627,0.019467327797893952,0.014362851531675398,-10.540813920546519,10.535709267435271,1.7684504700994928e-07,-0.0112044963360114,0.054074608040718175,0.2512114383217623,0.2512114383217622,0.2548021512046811,0
SN_peak_q0,21,10000,2,100,0.7954254724465725,0.06331733705401388,0.2906253583101146,0.0027931583170939323,2.253453380442197,-2.2531408621401727,-3.9567335180562175e-07,0.0024810356884276135,0.005075828575697712,0.004451583318365082,-4.506906760884394,4.5062817242803455,7.913467036112435e-07,0.017260630939553358,-0.04160661169339501,0.23724207843918024,0.2372420784391802,0.23835497426877147,0
SN_peak_q0,21,10000,3,100,0.8111621347488318,0.039050992531474336,0.18867018089490287,0.0005452474589730956,13.968652255622949,-13.967916147886864,3.2824778904613234e-07,-0.00019118852486223526,0.005137794008222772,0.0036649220405521057,-27.937304511245898,27.93583229577373,-6.564955780922647e-07,-0.017207500521212657,0.04644734238601492,0.26975581785936137,0.26975581785936137,0.27067204836949943,0
SN_peak_q0,21,10000,4,100,0.7615451210048664,0.06067479055730961,0.28612950844354496,-0.0063207631986954985,7.479887497829207,-7.485673666625858,-7.410447586307458e-07,-0.0005338533572846397,0.011791007365245807,0.02336482704806756,-14.959774995658414,14.971347333251716,1.4820895172614915e-06,-0.027630997552183508,0.04300995542742374,0.262527376086059,0.2625273760860591,0.26836858284807596,0
SN_peak_q0,21,10000,5,100,0.7848760219403061,0.06630627556704824,0.0574826770948557,-0.009313570566787412,5.352306717989731,-5.363739412316765,-2.8925271034496895e-07,0.0021194130129682416,0.007858837233762375,0.030724804393273714,-10.704613435979462,10.72747882463353,5.785054206899379e-07,-0.009245766686712153,0.0015924110237826284,0.24959156705192292,0.2495915670519229,0.25727276815024136,0
SN_peak_q0,21,10000,6,100,0.8036860028615409,0.05877016652346454,0.31806601133498374,0.01078918023796611,3.241816175665732,-3.2334339280576945,2.3576952640188754e-07,0.002406696860398941,0.0068738565360922065,-0.00989111021904213,-6.483632351331464,6.466867856115389,-4.715390528037751e-07,0.0063301425980577175,-0.0752236551593938,0.2848557945362989,0.28485579453629883,0.2823830169815383,0
SN_peak_q0,21,10000,7,100,0.7931019155588064,0.05030093676194356,0.32899044370184194,0.007948315373048272,3.2781017081015285,-3.27480666466618,5.199927843594901e-08,0.004653219938426633,0.0026471776683938118,-0.0039430132008494295,-6.556203416203057,6.54961332933236,-1.0399855687189802e-07,-0.0030919892064080723,0.008759950966550438,0.26449907244097887,0.2644990724409788,0.2635133191407665,0
SN_peak_q0,21,10000,8,100,0.7879376796676081,0.08006858766285864,0.38900954815810246,-0.014809620437219742,4.840944680317568,-4.860803034723807,8.594941358927407e-07,0.005047874474876288,0.010196290114287325,0.049911279938479367,-9.681889360635136,9.721606069447613,-1.7189882717854815e-06,-0.006703679404054131,0.03498336630519651,0.2567405674684881,0.2567405674684881,0.26921838745310794,0
SN_peak_q0,21,10000,9,100,0.7251069052698363,0.0661312432904527,0.22334016044895133,-0.003393993806535019,1.4402159505170757,-1.4449910295501962,-3.795719407185171e-07,0.001381464798512981,0.009615208648673143,0.019166125858769145,-2.8804319010341515,2.8899820591003924,7.591438814370342e-07,-0.0119579011632327,-0.05851451160494608,0.234220610882073,0.234220610882073,0.23901214234676527,0
SN_peak_q0,101,1,0,100,0.7114460993970861,0.004208828145777676,0.032696492827183954,-0.00042301310871294004,0.0003452900010623041,-0.0007683039567623747,8.469871304343157e-10,0.0,6.24679483154944e-05,0.0009084941657413706,-0.0006905800021246082,0.0015366079135247495,-1.6939742608686313e-09,0.03948690219135903,-0.0015240615008541162,0.31333411574367726,0.31333411574367726,0.3135612392851126,0
SN_peak_q0,101,1,1,100,0.6414370355642256,0.004143222517649093,-0.06604450801948383,-0.0006666589157484098,0.00015181028635070915,-0.0008184711292186193,1.927119500583267e-09,0.0,6.191364635603558e-05,0.0013952314778528623,-0.0003036205727014183,0.0016369422584372386,-3.854239001166534e-09,0.02271623538913263,-0.008877199462990044,0.314406160562655,0.314406160562655,0.3147549684321183,0
SN_peak_q0,101,1,2,100,0.7403037182441524,0.00041789112022888147,0.07272138480070695,-3.991653028556409e-05,3.38988476112184e-05,-7.38103626557939e-05,-5.015240988588872e-09,0.0,8.010223167783293e-07,8.063408288790731e-05,-6.77976952224368e-05,0.0001476207253115878,1.0030481977177744e-08,0.00408653327463677,0.002058336851843278,0.3186834512745919,0.3186834512745919,0.3187036097953139,0
SN_peak_q0,101,1,3,100,0.6780443886437708,0.002380505577630532,-0.09219242667338522,-0.0002283277905815705,0.0004164667551296101,-0.0006447931805188997,-1.3651922807760337e-09,0.0,2.8682642343486314e-05,0.0004853382235066306,-0.0008329335102592202,0.0012895863610377994,2.7303845615520674e-09,0.021452119716584023,-0.001760142400541628,0.2898391377120267,0.28983913771202663,0.28996047226790334,0
SN_peak_q0,101,1,4,100,0.6904289717598158,0.0005219636072778825,-0.15625577095237278,-0.00011256185130381021,0.00010912396899670992,-0.0002216860142909356,1.9399041547942404e-10,0.0,1.1919660533873441e-06,0.00022631566866101603,-0.00021824793799341983,0.0004433720285818712,-3.879808309588481e-10,0.014523146524709808,-5.99770881608501e-06,0.34057520583098233,0.34057520583098233,0.34063178474814754,0
SN_peak_q0,101,1,5,100,0.7250940131778988,0.0002680261283362326,-0.004901193650727223,-6.557308140075772e-05,-5.859550898206918e-05,-6.975797276515617e-06,-1.7751421729034768e-09,0.0,3.47060540659744e-07,0.00013149322334217851,0.00011719101796413837,1.3951594553031234e-05,3.5502843458069537e-09,0.0017075697511339603,-0.0017853071523939148,0.3067574745812171,0.3067574745812172,0.3067903478870527,0
SN_peak_q0,101,1,6,100,0.747922582977112,0.0022364240992859092,0.07021247736792724,0.0003807040270723605,0.00026657449845066914,0.00011412648868472962,3.0399369616827243e-09,0.0,1.7692517277670777e-05,-0.0007437155368670458,-0.0005331489969013383,-0.00022825297736945923,-6.0798739233654485e-09,0.0009273168477537136,-0.00013082779404242795,0.33449444258748257,0.33449444258748257,0.3343085137032659,0
SN_peak_q0,101,1,7,100,0.6849392549405913,0.0021412225477610734,0.051399487195373884,-0.00022742935903951648,-7.648835520777762e-05,-0.00015094256758795813,1.5637562191858492e-09,0.0,2.551014444753148e-05,0.00048036886252655377,0.00015297671041555525,0.00030188513517591625,-3.1275124383716985e-09,-0.011466778925399839,0.005859177511906069,0.2856246168649261,0.285624616864926,0.2857447090805577,0
SN_peak_q0,101,1,8,100,0.7052410132009311,0.0024127177235398873,-0.10716170554492935,-1.74923780566026e-05,0.0008070737555682467,-0.0008245658068107729,-3.268140765099131e-10,0.0,2.8618391719383882e-05,6.360314783260021e-05,-0.0016141475111364934,0.0016491316136215458,6.536281530198262e-10,-0.0007133072414691436,0.0065447353105957,0.30525777863807524,0.30525777863807524,0.3052736794250334,0
SN_peak_q0,101,1,9,100,0.6500222770071818,0.007903778452693945,0.1432400532222368,0.0001255393411147353,0.002227609380020442,-0.0021020665127100767,-3.5261956297176666e-09,0.0,0.0004557589927036788,0.00020468031047420862,-0.004455218760040884,0.0042041330254201535,7.052391259435333e-09,-0.01504896095861507,-0.02089569792167858,0.30852391867261314,0.3085239186726131,0.30857508875023165,0
SN_peak_q0,101,20,0,100,0.7114460993970861,0.009504957110473423,0.04861355378872689,0.00030311636999901404,0.006454420731340373,-0.006026497441336689,3.03450857187766e-09,-0.00012480995451324197,0.0005126825431703163,-0.00034317010585419,-0.012908841462680745,0.012052994882673378,-6.06901714375532e-09,0.03948690219135903,-0.003006675151276963,0.31333411574367726,0.31333411574367726,0.3132483232172137,0
SN_peak_q0,101,20,1,100,0.6414370355642256,0.013073118708290168,0.07263831080849059,0.002343083585673717,0.00940945071556548,-0.006747579795572075,-7.634947471479206e-09,-0.00031877969937221703,0.0013454760004095476,-0.003978250569682317,-0.01881890143113096,0.01349515959114415,1.5269894942958412e-08,0.02271623538913263,0.022504731632457666,0.314406160562655,0.314406160562655,0.3134115979202345,0
SN_peak_q0,101,20,2,100,0.7403037182441524,0.017716644088247153,0.04619605702403079,0.0020199946003700915,0.01138291767215706,-0.008852636971162172,2.0918496173499312e-08,-0.0005103070191209699,0.001848326004041716,-0.0032122772349404013,-0.02276583534431412,0.017705273942324344,-4.1836992346998624e-08,0.00408653327463677,0.01797822057414765,0.3186834512745919,0.3186834512745919,0.3178803819658567,0
SN_peak_q0,101,20,3,100,0.6780443886437708,0.009829821431885575,0.14065239122903067,0.002642429976952869,0.005746185584272557,-0.003016824465520903,1.6726408861770568e-08,-8.694786820764948e-05,0.0004982226315745696,-0.004960533058746478,-0.011492371168545115,0.006033648931041806,-3.3452817723541135e-08,0.021452119716584023,-0.003346014646413922,0.2898391377120267,0.28983913771202663,0.28859900444734005,0
SN_peak_q0,101,20,4,100,0.6904289717598158,0.011864542837045109,0.09624996845558183,0.0015542668347980342,0.005350554295057344,-0.0036317630159198398,3.446657493576022e-08,-0.00016455891091440768,0.0007368784962560143,-0.0027007729951688763,-0.010701108590114689,0.0072635260318396795,-6.893314987152044e-08,0.014523146524709808,0.0016418924903508082,0.34057520583098233,0.34057520583098233,0.33990001258219016,0
SN_peak_q0,101,20,5,100,0.7250940131778988,0.006532735312750492,0.06882184029988095,0.0004964992055872792,0.006528011204793217,-0.006007923821362801,-2.30880137551157e-08,-2.3565089829382365e-05,0.0002074090587842314,-0.0008327195320490895,-0.013056022409586435,0.012015847642725602,4.61760275102314e-08,0.0017075697511339603,-0.00499724526498662,0.3067574745812171,0.3067574745812172,0.3065492946982049,0
SN_peak_q0,101,20,6,100,0.747922582977112,0.007614239845419161,0.19536406242747412,0.001590894155295748,0.004165925459230801,-0.002526177834390676,-2.1195949262188547e-08,-4.8832273595114706e-05,0.00026870691836984297,-0.0030107459394118808,-0.008331850918461602,0.005052355668781352,4.2391898524377094e-08,0.0009273168477537136,0.0008423555079599389,0.33449444258748257,0.33449444258748257,0.3337417561026298,0
SN_peak_q0,101,20,7,100,0.6849392549405913,0.009692809121784732,0.2133378446835511,0.0010447014725981545,0.004649856961130611,-0.003431760735320057,-1.1647678995611557e-08,-0.00017338310553340536,0.0006524218985739879,-0.001783747257689147,-0.009299713922261222,0.006863521470640114,2.3295357991223114e-08,-0.011466778925399839,0.013146171288452852,0.2856246168649261,0.285624616864926,0.28517868005050384,0
SN_peak_q0,101,20,8,100,0.7052410132009311,0.007454867237283685,0.05326854304435281,0.0004930345179881805,0.007857117343702065,-0.007324919880515832,1.3577694549450312e-08,-3.917652289260254e-05,0.00029145114369459683,-0.0007729709380669663,-0.01571423468740413,0.014649839761031664,-2.7155389098900625e-08,-0.0007133072414691436,-0.0007538292511144517,0.30525777863807524,0.30525777863807524,0.30506453590355853,0
SN_peak_q0,101,20,9,100,0.6500222770071818,0.0327684820279383,0.10344797218452909,-0.008690362495066281,0.03465720952440405,-0.0423507722855401,-3.331516668493421e-09,-0.0009967964024135579,0.005158997855766064,0.020546130041071517,-0.0693144190488081,0.0847015445710802,6.663033336986842e-09,-0.01504896095861507,-0.015314598386468235,0.30852391867261314,0.3085239186726131,0.313660451182881,0
SN_peak_q0,101,200,0,100,0.7114460993970861,0.022438265121008095,0.05621645548405552,0.003336171383341942,0.06528746937469712,-0.061522879618578594,-3.943635593518235e-08,-0.00042837893642065666,0.002228736957976282,-0.005300363681548911,-0.13057493874939424,0.12304575923715719,7.88727118703647e-08,0.03948690219135903,-0.023323679983099952,0.31333411574367726,0.31333411574367726,0.31200902482329,0
SN_peak_q0,101,200,1,100,0.6414370355642256,0.024058231012622996,0.09432778927188469,0.0017334520664494455,0.07777149540709126,-0.07553691424973472,6.668348590328871e-08,-0.0005011957743930242,0.0031243143952009848,-0.0013449812864839525,-0.15554299081418252,0.15107382849946943,-1.3336697180657742e-07,0.02271623538913263,0.0015136477527220747,0.314406160562655,0.314406160562655,0.314069915241034,0
SN_peak_q0,101,200,2,100,0.7403037182441524,0.03580409379963794,0.19416351481170285,0.008144784476011026,0.07145911090996745,-0.06226108920507615,2.8547514016744454e-08,-0.0010532657763943258,0.005169558694129417,-0.013226541810681275,-0.1429182218199349,0.1245221784101523,-5.709502803348891e-08,0.00408653327463677,0.00308515952363133,0.3186834512745919,0.3186834512745919,0.3153768158219216,0
SN_peak_q0,101,200,3,100,0.6780443886437708,0.022128728666692143,0.22202799677509447,0.008461237281084848,0.05285222885837861,-0.044211069319830605,-2.2875338230815346e-08,-0.0001798993821249117,0.0017724683541226693,-0.015509804972296848,-0.10570445771675722,0.08842213863966121,4.575067646163069e-08,0.021452119716584023,0.00032138939612652627,0.2898391377120267,0.28983913771202663,0.2859616864689524,0
SN_peak_q0,101,200,4,100,0.6904289717598158,0.02964718578906042,0.10658764675946934,0.008077235685013725,0.04481346756271302,-0.03634317261211299,3.6631613295108614e-08,-0.00039309589719959515,0.0027465326257522025,-0.014194130538674443,-0.08962693512542604,0.07268634522422598,-7.326322659021723e-08,0.014523146524709808,-0.07193217689811345,0.34057520583098233,0.34057520583098233,0.33702667319631374,0
SN_peak_q0,101,200,5,100,0.7250940131778988,0.01789947181060224,0.2075656511614297,-0.0002390542604259774,0.0795363659903008,-0.07945615830787606,-1.8270580568720222e-08,-0.00031924367227012063,0.0016866396088151636,0.0015262607851268778,-0.1590727319806016,0.1589123166157521,3.6541161137440444e-08,0.0017075697511339603,-0.0014417558850482897,0.3067574745812171,0.3067574745812172,0.3071390397774989,0
SN_peak_q0,101,200,6,100,0.747922582977112,0.01835728046189647,0.23575983077326687,0.006671450882167647,0.030966749384345606,-0.024053096176783112,-4.235364955180669e-08,-0.00024215997174528486,0.0013905747268225749,-0.012436646981003288,-0.06193349876869121,0.048106192353566224,8.470729910361338e-08,0.0009273168477537136,0.018894248548135338,0.33449444258748257,0.33449444258748257,0.3313852808422319,0
SN_peak_q0,101,200,7,100,0.6849392549405913,0.029339516713412093,0.22262131542619548,0.004999466728832764,0.03691256852368841,-0.031250273196894975,-2.7140500364829046e-08,-0.0006628014574603079,0.0034824265914455395,-0.007842109781140612,-0.07382513704737682,0.06250054639378995,5.428100072965809e-08,-0.011466778925399839,0.025447714900238307,0.2856246168649261,0.285624616864926,0.28366408941964094,0
SN_peak_q0,101,200,8,100,0.7052410132009311,0.01754208957249031,0.2392692872443117,0.000996915239090352,0.06746977539296603,-0.06597929380014432,9.094816147878945e-08,-0.0004936573018928384,0.0019304046811047702,-0.0010507404008616042,-0.13493955078593206,0.13195858760028864,-1.818963229575789e-07,-0.0007133072414691436,0.014912538268662442,0.30525777863807524,0.30525777863807524,0.30499509353785986,0
SN_peak_q0,101,200,9,100,0.6500222770071818,0.05714107997579806,0.19078098833600632,-0.00669118166671886,0.27136822144764733,-0.2743338014673898,-3.1567526716389043e-08,-0.0037255700794495876,0.01495840137029816,0.020889624544836703,-0.5427364428952947,0.5486676029347796,6.313505343277809e-08,-0.01504896095861507,-0.03001398332667802,0.30852391867261314,0.3085239186726131,0.31374632480882225,0
SN_peak_q0,101,1000,0,100,0.7114460993970861,0.04036584963810294,0.05096692227304951,0.0013657349053972706,0.3520749686758669,-0.3514226467835546,5.068974657914842e-08,0.0007133623233385026,0.0036517699187923057,0.0023470247546747616,-0.7041499373517338,0.7028452935671092,-1.0137949315829684e-07,0.03948690219135903,-0.01800332066399494,0.31333411574367726,0.31333411574367726,0.31392087193234597,0
SN_peak_q0,101,1000,1,100,0.6414370355642256,0.03673088584525307,0.09902840473948389,0.006478374838859149,0.39965492995231,-0.3935195562845704,1.9849340856725198e-07,0.00034280267771093833,0.004394374302965856,-0.007876770019330556,-0.79930985990462,0.7870391125691408,-3.9698681713450397e-07,0.02271623538913263,0.0014126434842002891,0.314406160562655,0.314406160562655,0.31243696805782234,0
SN_peak_q0,101,1000,2,100,0.7403037182441524,0.04940828922977873,0.22866852047864303,0.01119085625465186,0.3635303528380679,-0.3525461661603423,1.4643486987340426e-07,0.0002065231420564657,0.006659972951477363,-0.015308693273713411,-0.7270607056761358,0.7050923323206846,-2.928697397468085e-07,0.00408653327463677,-0.011045425875432238,0.3186834512745919,0.3186834512745919,0.3148562779561636,0
SN_peak_q0,101,1000,3,100,0.6780443886437708,0.03684697998582048,0.19913836724790224,0.004974683769584238,0.2409009320194312,-0.2365567359368687,-5.803077386588368e-08,0.0006305457177956781,0.002936027568707609,-0.0057522485348695,-0.4818018640388624,0.4731134718737374,1.1606154773176736e-07,0.021452119716584023,-0.010233916291397431,0.2898391377120267,0.28983913771202663,0.28840107557830924,0
SN_peak_q0,101,1000,4,100,0.6904289717598158,0.04798453713580687,0.109862478996079,0.011087285201458907,0.27283798832509215,-0.26302938362004,-1.334605896384304e-08,0.0012786938424657966,0.004168931189027869,-0.015448251528958363,-0.5456759766501843,0.52605876724008,2.669211792768608e-08,0.014523146524709808,-0.07448630519314556,0.34057520583098233,0.34057520583098233,0.33671314294874277,0
SN_peak_q0,101,1000,5,100,0.7250940131778988,0.026641436209724655,0.1905382752615701,-0.002709078624013406,0.31500919253478055,-0.31769505674985704,3.0504949776640785e-08,-2.3244913886672657e-05,0.0023627151846364576,0.007734382604889925,-0.6300183850695611,0.6353901134997141,-6.100989955328157e-08,0.0017075697511339603,-0.005587001955677711,0.3067574745812171,0.3067574745812172,0.30869107023243963,0
SN_peak_q0,101,1000,6,100,0.747922582977112,0.030933392356280013,0.2515565701368668,0.011627057673856881,0.15342157045218952,-0.14221151861869893,2.252108177631091e-08,0.00041698331928454027,0.002056963859844674,-0.02036318484930002,-0.30684314090437903,0.28442303723739787,-4.504216355262182e-08,0.0009273168477537136,0.03532267736306471,0.33449444258748257,0.33449444258748257,0.32940364637515773,0
SN_peak_q0,101,1000,7,100,0.6849392549405913,0.053857868789085966,0.2076801082926689,0.006789548295778225,0.22592388519136006,-0.21973384820214759,9.861645597505027e-08,0.0005994126901098102,0.006226995823043734,-0.006153275388293102,-0.4518477703827201,0.43946769640429517,-1.9723291195010055e-07,-0.011466778925399839,0.00803064506067385,0.2856246168649261,0.285624616864926,0.2840862980178528,0
SN_peak_q0,101,1000,8,100,0.7052410132009311,0.03094304397660685,0.23248944433193977,-0.005549462190146813,0.3185746271489998,-0.3241802063649364,2.2021810278020728e-07,5.589680768711966e-05,0.003281490642613829,0.014492208638281712,-0.6371492542979996,0.6483604127298728,-4.4043620556041456e-07,-0.0007133072414691436,0.012767401552801842,0.30525777863807524,0.30525777863807524,0.3088808307976457,0
SN_peak_q0,101,1000,9,100,0.6500222770071818,0.07781212838629091,0.2352437786750227,-0.006824033014445741,1.4658716309461888,-1.4639371496081721,2.382753356864459e-08,-0.008758538179996622,0.031006289756052206,0.027137279424950457,-2.9317432618923776,2.9278742992163442,-4.765506713728918e-08,-0.01504896095861507,-0.009106560635642703,0.30852391867261314,0.3085239186726131,0.31530823852885076,0
SN_peak_q0,101,10000,0,100,0.7114460993970861,0.044854916158296294,0.0417414981692831,0.001110951855118663,4.677523565690085,-4.677860687314122,-2.9707283697648463e-08,0.001448103186435584,0.0037653940861961605,0.004439696748829995,-9.35504713138017,9.355721374628244,5.9414567395296926e-08,0.03948690219135903,-0.020334947522723478,0.31333411574367726,0.31333411574367726,0.31444403993088477,0
SN_peak_q0,101,10000,1,100,0.6414370355642256,0.04369571156304505,0.08547833559819043,0.009897061646712588,4.0318278157271585,-4.023397220376981,2.734115813089929e-07,0.0014661928849521839,0.004594099288991635,-0.012267638234529166,-8.063655631454317,8.046794440753962,-5.468231626179858e-07,0.02271623538913263,0.001695167498772876,0.314406160562655,0.314406160562655,0.31133925100402277,0
SN_peak_q0,101,10000,2,100,0.7403037182441524,0.05187890078699779,0.22342255245440878,0.012197103514028139,5.260856190449664,-5.2493737758421615,2.6053494874696375e-07,0.0007144283715730175,0.006778211206237514,-0.016187139078672714,-10.521712380899327,10.498747551684323,-5.210698974939275e-07,0.00408653327463677,-0.011577651174477132,0.3186834512745919,0.3186834512745919,0.3146366665049237,0
SN_peak_q0,101,10000,3,100,0.6780443886437708,0.039900522268660504,0.1862626280599309,0.0025129510558784558,2.371060531289126,-2.3696643404317124,1.7588163559622222e-07,0.0011165843168263994,0.0030460453637302597,0.00025331188562614944,-4.742121062578252,4.739328680863425,-3.5176327119244443e-07,0.021452119716584023,-0.008986493542635246,0.2898391377120267,0.28983913771202663,0.2899024656834332,0
SN_peak_q0,101,10000,4,100,0.6904289717598158,0.05424132857977759,0.08820806997886167,0.008481851204942407,4.110265777574335,-4.104223829239815,2.2316384738920854e-07,0.00243967970657254,0.004347648433426285,-0.007736694563313379,-8.22053155514867,8.20844765847963,-4.463276947784171e-07,0.014523146524709808,-0.07256933898570934,0.34057520583098233,0.34057520583098233,0.33864103219015396,0
SN_peak_q0,101,10000,5,100,0.7250940131778988,0.03184504575992725,0.18670696130695524,-0.00297138097826213,2.8085326377751563,-2.812012586714525,-9.199285336855164e-08,0.0005086599539606649,0.0024502237566914426,0.009410305621137031,-5.6170652755503125,5.62402517342905,1.8398570673710327e-07,0.0017075697511339603,-0.005085995436852493,0.3067574745812171,0.3067574745812172,0.30911005098650146,0
SN_peak_q0,101,10000,6,100,0.747922582977112,0.03597696081527009,0.2381533148031413,0.012088575490303888,1.7353119108964146,-1.724224596098368,-2.1641399557462305e-07,0.0010014771062525343,0.002122948004782954,-0.020051248763319745,-3.470623821792829,3.448449192196736,4.328279911492461e-07,0.0009273168477537136,0.04001492287928666,0.33449444258748257,0.33449444258748257,0.3294816303966528,0
SN_peak_q0,101,10000,7,100,0.6849392549405913,0.0615314929154341,0.1982502675016205,0.007579437787085312,3.4023150977647076,-3.3965151662078608,3.6411540849328443e-07,0.0017791421148314888,0.00665126420192782,-0.004949327142579824,-6.804630195529415,6.7930303324157215,-7.282308169865689e-07,-0.011466778925399839,0.0090478275768979,0.2856246168649261,0.285624616864926,0.28438728507928107,0
SN_peak_q0,101,10000,8,100,0.7052410132009311,0.03518644562786309,0.21491343283211017,-0.008458961159181044,3.9127242995043683,-3.921657676441068,2.778278079059851e-07,0.0004741379497080036,0.0034804315598630947,0.021346629777641193,-7.825448599008737,7.843315352882136,-5.556556158119702e-07,-0.0007133072414691436,0.011553895392985992,0.30525777863807524,0.30525777863807524,0.31059443608248555,0
SN_peak_q0,101,10000,9,100,0.6500222770071818,0.08922939727488523,0.25341805864416944,-0.005898442538014462,15.73968205060944,-15.735912519311563,-3.412488356818232e-07,-0.009667632587038445,0.037772210588709235,0.030233830490661293,-31.47936410121888,31.471825038623127,6.824976713636464e-07,-0.01504896095861507,-0.01377639000560771,0.30852391867261314,0.3085239186726131,0.3160823762952784,0
SN_valley_q0,21,1,0,100,0.9029275350632914,0.0005875496899524719,-0.1968720513148282,9.976261849228007e-06,0.0005006066023492032,-0.0004906267965799939,-3.5439199811945524e-09,0.0,1.335541417313e-06,-1.8616982281139118e-05,-0.0010012132046984064,0.0009812535931599878,7.087839962389105e-09,0.005619821156695222,-0.0006834636124312078,0.2674516589704721,0.2674516589704721,0.2674470047249018,0
SN_valley_q0,21,1,1,100,0.9016227755677414,0.003809617838083257,-0.03291287236776071,0.0012755927632618286,-0.0003474606327447534,0.0016230568599587766,-3.463952194872774e-09,0.0,6.168951025664691e-05,-0.002489496016267012,0.0006949212654895068,-0.003246113719917553,6.927904389745548e-09,-0.014443577164494705,-0.00345723035682268,0.28163822435613456,0.2816382243561345,0.2810158503520677,0
SN_valley_q0,21,1,2,100,0.8951825009056745,0.003032754357482655,0.004241862660148564,0.0004795255304761556,0.0012807800035766254,-0.0008012516000759311,-2.8730245387707898e-09,0.0,2.6732369836282216e-05,-0.0009323186911160294,-0.0025615600071532507,0.0016025032001518622,5.7460490775415796e-09,0.01701588852620661,-0.005627157752877959,0.254753843552259,0.254753843552259,0.2545207638794799,0
SN_valley_q0,21,1,3,100,0.9036122312413266,0.0026844084077826385,0.00960955591915103,-0.00014089334764359228,-1.1280125958275615e-05,-0.00012961052359939762,-2.6980859188246e-09,0.0,4.341325056171551e-05,0.00032519994584890465,2.256025191655123e-05,0.00025922104719879524,5.3961718376492e-09,-0.016712120302841305,-0.0017631010003970476,0.2882003329611188,0.28820033296111874,0.288281632947581,0
SN_valley_q0,21,1,4,100,0.9389729249702667,0.004012741830969376,-0.1350769613194086,-0.0003342533041672273,0.0006218086597512101,-0.0009560612049080688,-7.5901036896062e-10,0.0,6.91449529814531e-05,0.0007376515613159067,-0.0012436173195024202,0.0019121224098161377,1.51802073792124e-09,-0.03357876477895272,-0.007396807583745959,0.2983185607968751,0.29831856079687513,0.298502973687204,0
SN_valley_q0,21,1,5,100,0.9113084549875254,0.00180353195645242,0.1086016207926483,-0.0003043389801984957,0.000347645072309715,-0.0006519836519498507,-4.0055835982393243e-10,0.0,1.256374916365161e-05,0.0006212417095606634,-0.00069529014461943,0.0013039673038997015,8.011167196478649e-10,-0.015735058120830238,-0.00103802252919451,0.26964580936364774,0.2696458093636477,0.2698011197910379,0
SN_valley_q0,21,1,6,100,0.9341484513283979,6.125784020296319e-07,-0.07559827283791631,-3.1017194561562546e-09,1.5199651151529914e-07,-1.4981372990404635e-07,-5.2845010674089975e-09,0.0,1.8790811441571354e-12,6.205317999441462e-09,-3.039930230305983e-07,2.996274598080927e-07,1.0569002134817995e-08,0.012820142147898823,-0.0003297035261843373,0.29964997763431783,0.2996499776343178,0.2996499791856473,15
SN_valley_q0,21,1,7,100,0.8952245608063979,0.0012450496472069194,0.023883889173142707,-0.00010762910122371177,0.00010449864163131405,-0.0002121303391225699,2.5962675439685383e-09,0.0,6.596361766194727e-06,0.00022185456421361342,-0.0002089972832626281,0.0004242606782451398,-5.192535087937077e-09,0.0015104056983074744,-0.0014469684923367509,0.27370302181231415,0.2737030218123142,0.27375848545336756,1
SN_valley_q0,21,1,8,100,0.8884268496055486,0.0024714526881035857,-0.017584628673276245,0.00024219086035689454,0.0005511686893513038,-0.00030897563922036643,-2.1897740427242654e-09,0.0,2.5998862619419828e-05,-0.0004583828580943741,-0.0011023373787026076,0.0006179512784407329,4.379548085448531e-09,-0.015434212321823062,-0.0014583445075252116,0.2672220469804485,0.2672220469804485,0.2671074512659249,0
SN_valley_q0,21,1,9,100,0.9046528977614736,0.0032557153410313717,0.036216527780397065,-8.519583511270074e-06,0.0014309771311325236,-0.0014395006512609293,3.936617135779409e-09,0.0,4.284245291768695e-05,5.988161994022856e-05,-0.0028619542622650472,0.0028790013025218586,-7.873234271558818e-09,-0.012245363254051353,-0.0018756471072329647,0.25859256952589316,0.2585925695258931,0.25860753993087826,0
SN_valley_q0,21,20,0,100,0.9029275350632914,0.01159731792254316,0.18500920302404716,0.0007667769420114424,0.011091550988727585,-0.010359318963552073,-1.1792462270239467e-08,3.455670929819862e-05,0.0003582959518638418,-0.0011061445135626443,-0.02218310197745517,0.020718637927104145,2.3584924540478933e-08,0.005619821156695222,0.0045822462917814106,0.2674516589704721,0.2674516589704721,0.2671751228420814,0
SN_valley_q0,21,20,1,100,0.9016227755677414,0.013802853683154988,-0.001409411122694274,-0.002186818732356224,0.019911220940903373,-0.021750506223770828,-1.0843287784811972e-08,-0.0003475226062009762,0.0014611195447206133,0.005139711797031106,-0.039822441881806746,0.043501012447541655,2.1686575569623944e-08,-0.014443577164494705,-0.011631298179697692,0.28163822435613456,0.2816382243561345,0.28292315230539233,0
SN_valley_q0,21,20,2,100,0.8951825009056745,0.011745306302356005,0.03605090943308454,0.001406493063661179,0.01746728427978041,-0.015864809006190302,-2.1120055659234342e-08,-0.00019596108987327546,0.00070054556493509,-0.002504362742133826,-0.03493456855956082,0.031729618012380605,4.2240111318468684e-08,0.01701588852620661,-0.007730935924140352,0.254753843552259,0.254753843552259,0.2541277528667255,0
SN_valley_q0,21,20,3,100,0.9036122312413266,0.014420802782692787,0.01356644475087711,-0.004127823953838567,0.01005977010513934,-0.014039436339370288,-7.514633519008363e-09,-0.00014815020497410355,0.0011870965848705924,0.009146444082599525,-0.02011954021027868,0.028078872678740575,1.5029267038016725e-08,-0.016712120302841305,-0.020159054517933872,0.2882003329611188,0.28820033296111874,0.29048694398176866,0
SN_valley_q0,21,20,4,100,0.9389729249702667,0.017169129521421758,0.1147433556467691,-0.0002483733611134632,0.008749166034184429,-0.008859367487199746,3.4630255426342888e-09,-0.00013817537112369128,0.0012626706466210703,0.0014830666266006146,-0.017498332068368858,0.01771873497439949,-6.9260510852685775e-09,-0.03357876477895272,-0.024745198954658206,0.2983185607968751,0.29831856079687513,0.2986893274535252,0
SN_valley_q0,21,20,5,100,0.9113084549875254,0.015332771201786173,-0.028289963517981794,0.0002143494265973006,0.011374999675589931,-0.011168118100295794,-4.27646846256615e-09,7.472127771628728e-06,0.0006526322846640184,0.00023887768701267965,-0.022749999351179863,0.022336236200591587,8.5529369251323e-09,-0.015735058120830238,-0.009301685390799728,0.26964580936364774,0.2696458093636477,0.2697055287854008,0
SN_valley_q0,21,20,6,100,0.9341484513283979,0.01182697816044741,0.06333400708607222,0.0018898217121767662,0.0035068583134049577,-0.0013335091100896103,-6.3140977940112075e-09,-0.00028352117704078786,0.0010063825879565924,-0.0033403031904785125,-0.007013716626809915,0.0026670182201792205,1.2628195588022415e-08,0.012820142147898823,0.00807174146937977,0.29964997763431783,0.2996499776343178,0.2988149018366981,0
SN_valley_q0,21,20,7,100,0.8952245608063979,0.008855118230401672,0.1103624348594617,0.0013753230483120806,0.0034368311874734365,-0.0020074392351419096,-4.81779210408439e-09,-5.406408622734171e-05,0.00032997529847993026,-0.00252879897059892,-0.006873662374946873,0.004014878470283819,9.63558420816878e-09,0.0015104056983074744,-0.002296451049943983,0.27370302181231415,0.2737030218123142,0.27307082206966443,0
SN_valley_q0,21,20,8,100,0.8884268496055486,0.011474920889436326,0.16438596005262723,-0.0004154196134925907,0.013379609954622911,-0.01347263380903976,-1.3485099754639263e-08,-0.00032238227397598585,0.001069124600940776,0.0012551992799739826,-0.026759219909245822,0.02694526761807952,2.6970199509278526e-08,-0.015434212321823062,0.013682973561829506,0.2672220469804485,0.2672220469804485,0.267535846800442,0
SN_valley_q0,21,20,9,100,0.9046528977614736,0.015882126163238728,-0.010629077499698903,0.0025625306527789103,0.017886002050570237,-0.015098836048387718,1.3284080971086938e-10,-0.000224635482244417,0.0012534099934156,-0.004320922276631055,-0.035772004101140474,0.030197672096775437,-2.6568161942173875e-10,-0.012245363254051353,0.005258643208956193,0.25859256952589316,0.2585925695258931,0.2575123389567354,0
SN_valley_q0,21,200,0,100,0.9029275350632914,0.0313423357974443,0.146598148688477,0.00559676927218844,0.08607572893673256,-0.0795197209471348,1.18615911239438e-08,-0.0009592505790004598,0.004229367759512068,-0.00888267194286573,-0.1721514578734651,0.1590394418942696,-2.37231822478876e-08,0.005619821156695222,0.008024136441258765,0.2674516589704721,0.2674516589704721,0.2652309909847556,0
SN_valley_q0,21,200,1,100,0.9016227755677414,0.035869332772438894,0.1123152105819889,-0.003675816800399222,0.17451390273109138,-0.17640575710547718,3.087823616294129e-09,-0.0017839655138369485,0.007200522112768469,0.010984224685893022,-0.34902780546218276,0.35281151421095436,-6.175647232588258e-09,-0.014443577164494705,0.012605974469335883,0.28163822435613456,0.2816382243561345,0.2843842805276077,0
SN_valley_q0,21,200,2,100,0.8951825009056745,0.02784004903867912,0.27274640081557305,0.008246152733997036,0.10629871771559614,-0.09781147954585385,-2.8441005869028988e-08,-0.0002410569947393757,0.0023292691721109324,-0.014645150285361895,-0.21259743543119228,0.1956229590917077,5.6882011738057976e-08,0.01701588852620661,-0.04686116005975901,0.254753843552259,0.254753843552259,0.2510925559809185,0
SN_valley_q0,21,200,3,100,0.9036122312413266,0.02320913717861112,0.16723741633268344,-0.004688146825273909,0.14080945501122202,-0.14515722361850072,-2.2702849835398582e-08,-0.00034035551514537696,0.0027110467674006837,0.011406629387657763,-0.28161891002244405,0.29031444723700145,4.5405699670797164e-08,-0.016712120302841305,-0.020481618134965476,0.2882003329611188,0.28820033296111874,0.2910519903080332,0
SN_valley_q0,21,200,4,100,0.9389729249702667,0.024319560398714576,0.20538944531579872,0.0030663342522382485,0.09601111455201032,-0.09243827637796324,-3.306206466176678e-08,-0.0005064708597441741,0.003046642142078756,-0.0040989680818860905,-0.19202222910402064,0.1848765527559265,6.612412932353356e-08,-0.03357876477895272,-0.057484034077762154,0.2983185607968751,0.29831856079687513,0.2972938187764036,0
SN_valley_q0,21,200,5,100,0.9113084549875254,0.0328832876999763,0.07178603908910898,-0.0005605814919579636,0.08243355972145659,-0.08271537669410046,1.3483407844084048e-08,-0.00027877800272193084,0.0033049051289514215,0.003868512107423501,-0.16486711944291318,0.16543075338820093,-2.6966815688168096e-08,-0.015735058120830238,-0.029559207834545482,0.26964580936364774,0.2696458093636477,0.27061293739050357,0
SN_valley_q0,21,200,6,100,0.9341484513283979,0.02293116484196682,0.18030126969430207,0.003704977500897554,0.045037759297538255,-0.04072292822001719,6.540399326613254e-09,-0.0006098601170228233,0.002854295048927296,-0.0057753801869134536,-0.09007551859507651,0.08144585644003438,-1.3080798653226508e-08,0.012820142147898823,0.015836161724641466,0.29964997763431783,0.2996499776343178,0.29820613258758943,0
SN_valley_q0,21,200,7,100,0.8952245608063979,0.02486578683776751,0.1066795624653381,0.0034015011766623956,0.027685285600315957,-0.024217911590654385,-1.4429801751640925e-09,-6.58713900190007e-05,0.0014781546213935462,-0.005456590511969247,-0.055370571200631914,0.04843582318130877,2.885960350328185e-09,0.0015104056983074744,-0.01092042063803708,0.27370302181231415,0.2737030218123142,0.27233887418432196,0
SN_valley_q0,21,200,8,100,0.8884268496055486,0.03202784302901415,0.09442037175003369,0.0019279564542498057,0.09530911456193454,-0.0924532403229448,2.2949079098595497e-08,-0.0009279407338189449,0.004346880706118335,-0.0013649136700191683,-0.19061822912386908,0.1849064806458896,-4.589815819719099e-08,-0.015434212321823062,0.024191243935251832,0.2672220469804485,0.2672220469804485,0.2668808185629437,0
SN_valley_q0,21,200,9,100,0.9046528977614736,0.02999552856781074,0.08148813395881917,0.007868651771564745,0.12044428198855167,-0.11177394723191729,-4.367946544577194e-08,-0.0008016393056042386,0.004416165895158895,-0.012924416259179072,-0.24088856397710334,0.22354789446383458,8.735893089154389e-08,-0.012245363254051353,-0.002322922224515381,0.25859256952589316,0.2585925695258931,0.2553614654610984,0
SN_valley_q0,21,1000,0,100,0.9029275350632914,0.06704761125116465,0.09212843548589088,0.009224283665936578,0.452933377555159,-0.44599456435054086,-2.490099244537388e-08,0.0022854953623111583,0.007704511792581321,-0.006173064814669513,-0.905866755110318,0.8919891287010817,4.980198489074776e-08,0.005619821156695222,0.015747737690328657,0.2674516589704721,0.2674516589704721,0.26590839276680467,0
SN_valley_q0,21,1000,1,100,0.9016227755677414,0.0694642603494025,0.022986335875269655,-0.013908873805356416,0.7387743092958726,-0.7532135542879071,7.687039808175035e-08,0.0005302943162796785,0.013114285687988135,0.041992621931260334,-1.4775486185917452,1.5064271085758143,-1.537407961635007e-07,-0.014443577164494705,0.025558342401422046,0.28163822435613456,0.2816382243561345,0.2921363798389496,0
SN_valley_q0,21,1000,2,100,0.8951825009056745,0.046082564804066715,0.23302850218679486,0.008686299225726706,0.4643648916669404,-0.45641255517120416,8.263579504510032e-08,0.000733880094195711,0.003191008159432254,-0.012713830103629743,-0.9287297833338808,0.9128251103424083,-1.6527159009020064e-07,0.01701588852620661,-0.06000447813083344,0.254753843552259,0.254753843552259,0.2515753860263515,0
SN_valley_q0,21,1000,3,100,0.9036122312413266,0.0295485227367989,0.09260706703325644,-0.008124102151442316,0.8417866218926372,-0.8497323435804846,-4.662530351394641e-08,-0.000178333838291284,0.003389099754581607,0.019280636380883676,-1.6835732437852744,1.699464687160969,9.325060702789282e-08,-0.016712120302841305,-0.008243204813895821,0.2882003329611188,0.28820033296111874,0.29302049205633973,0
SN_valley_q0,21,1000,4,100,0.9389729249702667,0.03708905939889728,0.05111046663421517,-0.0027448255810124528,0.5430790540239256,-0.5461734543197121,3.32674685145481e-08,0.000349541447305874,0.004070704587611888,0.010259438644248543,-1.0861581080478513,1.0923469086394242,-6.65349370290962e-08,-0.03357876477895272,-0.06850822042707477,0.2983185607968751,0.29831856079687513,0.30088342045793726,0
SN_valley_q0,21,1000,5,100,0.9113084549875254,0.06510593228982317,-0.030585277057343853,-0.0064536870652798254,0.3757623858707407,-0.3843987543693408,-9.594989532743692e-09,0.0021826910283101217,0.006166512929861685,0.023439269117041608,-0.7515247717414814,0.7687975087386816,1.9189979065487385e-08,-0.015735058120830238,-0.050358798241022275,0.26964580936364774,0.2696458093636477,0.2755056266429082,0
SN_valley_q0,21,1000,6,100,0.9341484513283979,0.05209069872406004,0.06185615945060316,0.005824377140248807,0.20388910660742232,-0.19980853919333952,5.974125907228568e-10,0.0017438091287535129,0.0050142981458314905,-0.0031468378771590923,-0.40777821321484464,0.39961707838667904,-1.1948251814457135e-09,0.012820142147898823,0.003629326012324584,0.29964997763431783,0.2996499776343178,0.298863268165028,0
SN_valley_q0,21,1000,7,100,0.8952245608063979,0.05636199573095277,0.024985284004207912,0.0017648605205448909,0.17779342684779073,-0.17794575537546323,-3.929296187962234e-08,0.001917228341179209,0.002714287551359169,0.003019023192627808,-0.35558685369558146,0.35589151075092645,7.858592375924468e-08,0.0015104056983074744,0.004973793033433065,0.27370302181231415,0.2737030218123142,0.27445777761047113,0
SN_valley_q0,21,1000,8,100,0.8884268496055486,0.06404256052348906,0.013075267798065884,-0.011384887313846142,0.43427843045142667,-0.44697937677020627,8.636919637661558e-08,0.0013159726357369738,0.006916215114560137,0.03231793501372637,-0.8685568609028533,0.8939587535404125,-1.7273839275323116e-07,-0.015434212321823062,0.009457744476016262,0.2672220469804485,0.2672220469804485,0.2753015307338801,0
SN_valley_q0,21,1000,9,100,0.9046528977614736,0.054535400636184506,0.051612238923225195,0.003847179503948356,0.5051808828944513,-0.5017260482738098,4.299938945941823e-08,0.00039230188391759337,0.007127453239344305,0.00021769799928278294,-1.0103617657889026,1.0034520965476197,-8.599877891883646e-08,-0.012245363254051353,-0.003197023252836239,0.25859256952589316,0.2585925695258931,0.2586469940257139,0
SN_valley_q0,21,10000,0,100,0.9029275350632914,0.0791430941605931,0.06226478828634744,0.00847381129969867,6.500340619185454,-6.4965688661572525,3.866748543395281e-08,0.004702019604011946,0.00817635629037544,0.0006327728990020173,-13.000681238370907,12.993137732314505,-7.733497086790562e-08,0.005619821156695222,0.008501223440645564,0.2674516589704721,0.2674516589704721,0.2676098521952226,0
SN_valley_q0,21,10000,1,100,0.9016227755677414,0.08445730163829131,-0.028083872291487465,-0.021087195598939033,8.886868755559794,-8.910789546380933,-2.5875714293653774e-08,0.0028336210979234373,0.014043477031622642,0.06188511042534773,-17.773737511119588,17.821579092761866,5.175142858730755e-08,-0.014443577164494705,0.02462260055218172,0.28163822435613456,0.2816382243561345,0.2971095019624715,0
SN_valley_q0,21,10000,2,100,0.8951825009056745,0.0542742812661701,0.17932007378287074,0.0071078792238297075,5.0932227197481375,-5.08770427533153,6.159134569679029e-08,0.0015893732159005466,0.003391192506547514,-0.0076458195093107965,-10.186445439496275,10.17540855066306,-1.2318269139358057e-07,0.01701588852620661,-0.0628518417166639,0.254753843552259,0.254753843552259,0.25284238867493125,0
SN_valley_q0,21,10000,3,100,0.9036122312413266,0.03253330772571482,0.06728799063905477,-0.007759404791707763,8.740217792884712,-8.747957437575591,4.08075326121012e-07,-2.016817614084043e-05,0.003473635393107073,0.018952108624240925,-17.480435585769424,17.495914875151183,-8.16150652242024e-07,-0.016712120302841305,-0.010516102387373091,0.2882003329611188,0.28820033296111874,0.292938360117179,0
SN_valley_q0,21,10000,4,100,0.9389729249702667,0.041411269709516245,0.022681676965855484,-0.005248614771800592,6.808367675940975,-6.814534136376933,4.052397203585305e-07,0.0009174404244537349,0.004142519331486461,0.016474629723995115,-13.61673535188195,13.629068272753866,-8.10479440717061e-07,-0.03357876477895272,-0.06671550847563988,0.2983185607968751,0.29831856079687513,0.30243721822787384,0
SN_valley_q0,21,10000,5,100,0.9113084549875254,0.0824576709738648,-0.0805064789614605,-0.016327282029079536,5.7637042073317835,-5.785508926688131,-2.1618247116774978e-07,0.005477653509741768,0.006800781022221109,0.05041065209986375,-11.527408414663567,11.571017853376262,4.3236494233549956e-07,-0.015735058120830238,-0.05187284099760915,0.26964580936364774,0.2696458093636477,0.2822484723886136,0
SN_valley_q0,21,10000,6,100,0.9341484513283979,0.06549182980836256,0.009495526430570677,0.005042145056223562,2.669947920214954,-2.6689778301522566,-2.0407832490121647e-07,0.004072259071852734,0.005474399097730579,0.003534627128988972,-5.339895840429908,5.337955660304513,4.0815664980243295e-07,0.012820142147898823,0.009683839305033646,0.29964997763431783,0.2996499776343178,0.300533634416565,0
SN_valley_q0,21,10000,7,100,0.8952245608063979,0.0710636121911302,-0.006594901500820882,-0.002368988752143559,3.1671884605897818,-3.1733692595524357,6.340926383287124e-08,0.0038117468012549838,0.0030382649030845526,0.015399736009881657,-6.3343769211795635,6.346738519104871,-1.2681852766574248e-07,0.0015104056983074744,0.001785526562034795,0.27370302181231415,0.2737030218123142,0.27755295581478456,0
SN_valley_q0,21,10000,8,100,0.8884268496055486,0.08092947891956742,-0.049401455628394035,-0.024036856638293434,6.731945724794936,-6.760011888104133,1.2404809185201023e-07,0.004029182622829531,0.007672826742892288,0.06380490526513821,-13.463891449589871,13.520023776208266,-2.4809618370402046e-07,-0.015434212321823062,0.0019974109116910666,0.2672220469804485,0.2672220469804485,0.28317327329673303,0
SN_valley_q0,21,10000,9,100,0.9046528977614736,0.07295849527422889,0.017820574016122533,-0.0017349565891522597,5.629318450195438,-5.634046509426886,-2.3570149010670895e-07,0.0029933383437883735,0.008090732920258168,0.017547322786139474,-11.258636900390876,11.268093018853772,4.714029802134179e-07,-0.012245363254051353,-0.008797716583252598,0.25859256952589316,0.2585925695258931,0.26297940022242805,0
SN_valley_q0,101,1,0,100,1.05319621159214,0.006705034056746067,-0.005754106500241357,-0.0005940571595735519,0.0005384304130628516,-0.0011324900263006458,2.4536642415843435e-09,0.0,0.00017406785217477703,0.0013621821713218796,-0.0010768608261257032,0.0022649800526012916,-4.907328483168687e-09,0.03691210690402304,0.0004898400868938937,0.38645370690489533,0.3864537069048955,0.38679425244772586,0
SN_valley_q0,101,1,1,100,1.0630368113641417,0.002400807781228356,-0.07951396720762251,-0.00018412830583786855,8.002170987434655e-05,-0.00026415207341007904,2.0576978640602988e-09,0.0,2.41564973588556e-05,0.0003924131090345928,-0.0001600434197486931,0.0005283041468201581,-4.1153957281205975e-09,0.018127267098454483,-0.007350178700325882,0.39602343094809134,0.39602343094809134,0.39612153422534996,2
SN_valley_q0,101,1,2,100,1.0173478566945326,6.444078935589102e-05,0.025110254287557723,4.300827553508097e-06,8.444558921661394e-06,-4.145677894809862e-06,1.9465266565865216e-09,0.0,2.3061720851925378e-08,-8.578593386156658e-06,-1.6889117843322788e-05,8.291355789619724e-06,-3.893053313173043e-09,-0.005089441780349994,-0.0007163446392975903,0.3589633632969178,0.35896336329691764,0.3589612186485712,0
SN_valley_q0,101,1,3,100,1.0313208124946305,0.003128258596238882,0.0008419506219117928,-6.948411679114024e-05,0.0003931124994540809,-0.0004625961318319216,-4.844132996262846e-10,0.0,3.4394159460673666e-05,0.00017336239304295272,-0.0007862249989081618,0.0009251922636638432,9.688265992525691e-10,0.022007680857019107,-0.007890437591573781,0.39234306854210693,0.39234306854210693,0.39238640914036765,1
SN_valley_q0,101,1,4,100,1.098486610770119,0.000900075026933432,0.019435569327757852,-6.2287731194395e-05,7.544899253558753e-05,-0.00013773920218746312,2.4784574805684245e-09,0.0,2.798422312912577e-06,0.00012737388470172064,-0.00015089798507117506,0.00027547840437492624,-4.956914961136849e-09,-0.011955070062669609,-0.0006751398468851142,0.430152026884106,0.430152026884106,0.43018387035528144,0
SN_valley_q0,101,1,5,100,1.048355784718441,0.00014395681513575665,0.007396343616144049,-1.8040053887509377e-05,-3.447538230949699e-05,1.643494946349414e-05,3.789584934632316e-10,0.0,7.403068932167899e-08,3.615413846434587e-05,6.895076461899398e-05,-3.286989892698828e-05,-7.579169869264632e-10,0.023019850377975846,0.0003478520862912585,0.3684581231662146,0.3684581231662146,0.3684671617008306,2
SN_valley_q0,101,1,6,100,1.0526676672358533,0.002213082415898616,0.041879024619089655,0.0003708985988751533,0.0001959794430065351,0.00017491964214386848,-4.862752504669653e-10,0.0,2.3162792256530995e-05,-0.0007186344054937637,-0.0003919588860130702,-0.00034983928428773697,9.725505009339306e-10,0.007029044377161591,-0.0046323243817768716,0.3901882633080649,0.39018826330806483,0.3900086047066913,1
SN_valley_q0,101,1,7,100,1.0515597367929812,0.0023819820009290927,0.0034200759635384793,6.263861970507906e-05,0.0002249243474187014,-0.00016228754206909436,1.8143554719820282e-09,0.0,2.1192437076306242e-05,-0.00010408480233385004,-0.0004498486948374028,0.00032457508413818873,-3.6287109439640563e-09,-0.013379914261961223,-0.000829728170420898,0.39035657727596784,0.39035657727596784,0.3903305560753843,0
SN_valley_q0,101,1,8,100,1.0634343949356426,0.0025388084558476266,-0.03705178999824426,-0.00026271594947411506,0.0032705334095147003,-0.003533255082553669,5.7235648544323165e-09,0.0,3.3972854321306636e-05,0.0005594047532695327,-0.006541066819029401,0.007066510165107338,-1.1447129708864633e-08,-0.017621511091211305,-0.00721433057547696,0.40253217378106526,0.4025321737810653,0.4026720249693827,0
SN_valley_q0,101,1,9,100,1.073413633342642,0.0043031350443322215,0.013330703458276263,0.0001210896569571723,0.0005555209353097938,-0.00043442723689470256,-4.041457919189438e-09,0.0,6.111295874378557e-05,-0.00018106635517055867,-0.0011110418706195876,0.0008688544737894051,8.082915838378876e-09,-0.06067853717758852,0.0012870840504680162,0.39988049366136447,0.39988049366136436,0.39983522707257174,0
SN_valley_q0,101,20,0,100,1.05319621159214,0.010012583549631325,0.1413479503844418,0.0007563842905574574,0.008317156096348293,-0.007457107562169767,-3.73095306679543e-09,-0.00010366051266800207,0.0005032599434333804,-0.0012168296630175354,-0.016634312192696586,0.014914215124339533,7.46190613359086e-09,0.03691210690402304,0.006463581070734478,0.38645370690489533,0.3864537069048955,0.38614949948914107,0
SN_valley_q0,101,20,1,100,1.0630368113641417,0.013627795689392833,0.09148538593617711,0.0005556223230799639,0.009498774145112162,-0.008750472425624878,-1.6737358765109014e-08,-0.0001926626590485556,0.0009557157580762821,-0.0005408542061807553,-0.018997548290224323,0.017500944851249756,3.347471753021803e-08,0.018127267098454483,-0.0037493197262994872,0.39602343094809134,0.39602343094809134,0.3958882173965461,0
SN_valley_q0,101,20,2,100,1.0173478566945326,0.01275851460132731,0.12900270517540843,0.0021832667829116193,0.01944605520325944,-0.017064679900379912,2.94090880174551e-08,-0.00019813792905592798,0.000834945960429712,-0.003927863463505379,-0.03889211040651888,0.034129359800759825,-5.88181760349102e-08,-0.005089441780349994,0.009225150555232877,0.3589633632969178,0.35896336329691764,0.35798139743104146,0
SN_valley_q0,101,20,3,100,1.0313208124946305,0.01193284801106414,0.045697451120549744,0.00046424994088530887,0.005714320626643784,-0.005213998852426943,-6.417004861895845e-09,-3.606541632667014e-05,0.00044293143103101755,-0.0005576992833929414,-0.011428641253287568,0.010427997704853887,1.283400972379169e-08,0.022007680857019107,0.0022523951627978645,0.39234306854210693,0.39234306854210693,0.39220364372125877,0
SN_valley_q0,101,20,4,100,1.098486610770119,0.008373681937082496,0.1128862449120393,0.0005806591664750285,0.009919269834211366,-0.009224494438772364,4.3339191706891975e-09,-0.00011412056288314473,0.00043015322318928206,-0.0009594062355270536,-0.019838539668422733,0.018448988877544727,-8.667838341378395e-09,-0.011955070062669609,-0.0013271155538897858,0.430152026884106,0.430152026884106,0.4299121753252242,0
SN_valley_q0,101,20,5,100,1.048355784718441,0.009055561520391548,0.06434147699705399,0.002584778024673237,0.007513501942781407,-0.004833638179517613,-2.60854418477632e-08,-9.505965314870892e-05,0.00047686941946771104,-0.0048828059361761865,-0.015027003885562815,0.009667276359035226,5.21708836955264e-08,0.023019850377975846,0.005049393184999414,0.3684581231662146,0.3684581231662146,0.36723742168217066,0
SN_valley_q0,101,20,6,100,1.0526676672358533,0.008454860903629038,0.02330241941602228,0.0008161335416772896,0.00972860707130174,-0.008919451464195656,5.795631983966904e-10,6.977355008007976e-06,0.0001872340480925369,-0.0014310783252460251,-0.01945721414260348,0.017838902928391312,-1.1591263967933808e-09,0.007029044377161591,-0.010906600104956558,0.3901882633080649,0.39018826330806483,0.38983049372675327,0
SN_valley_q0,101,20,7,100,1.0515597367929812,0.010335680173157865,0.18647666932535814,0.003755585029984434,0.00822940366903106,-0.004332190464297838,1.150231401478301e-08,-0.00014163967706280224,0.0006426828485614315,-0.007151766565533042,-0.01645880733806212,0.008664380928595675,-2.300462802956602e-08,-0.013379914261961223,0.010961299612926165,0.39035657727596784,0.39035657727596784,0.3885686356345845,0
SN_valley_q0,101,20,8,100,1.0634343949356426,0.012404484416882564,0.06788703821666572,-0.0006227754825978732,0.019005017101915177,-0.019642938491621874,-2.544524233923495e-08,1.5171352351168185e-05,0.0004370873929559749,0.0017129810628540548,-0.038010034203830353,0.03928587698324375,5.08904846784699e-08,-0.017621511091211305,-0.010354211104263742,0.40253217378106526,0.4025321737810653,0.40296041904677876,0
SN_valley_q0,101,20,9,100,1.073413633342642,0.014800072128869418,0.03684673129360858,-0.0038278962745560636,0.016329816185770576,-0.0200295674158012,-6.708004887024268e-09,-0.00012813833652055692,0.0010353842218618534,0.008434900097932874,-0.03265963237154115,0.0400591348316024,1.3416009774048536e-08,-0.06067853717758852,-0.013206554861485156,0.39988049366136447,0.39988049366136436,0.40198921868584764,0
SN_valley_q0,101,200,0,100,1.05319621159214,0.02397539245657747,0.11291898546721034,-0.003340106082754668,0.07756633259186903,-0.08066537086162602,-2.323822388076033e-08,-0.00024104457477380808,0.0020241417878872695,0.008222264803848989,-0.15513266518373806,0.16133074172325204,4.647644776152066e-08,0.03691210690402304,-0.002922030274158851,0.38645370690489533,0.3864537069048955,0.3885092731058576,0
SN_valley_q0,101,200,1,100,1.0630368113641417,0.028870046239270874,0.13864572127211594,0.00560759371603643,0.06599133980079296,-0.060246667170658116,-1.7246231285341245e-08,-0.00013706166786714135,0.002368903936001679,-0.009120406831805466,-0.1319826796015859,0.12049333434131623,3.449246257068249e-08,0.018127267098454483,-0.00524150911938101,0.39602343094809134,0.39602343094809134,0.39374332924013994,0
SN_valley_q0,101,200,2,100,1.0173478566945326,0.025340805943855065,0.21094631360815025,0.0017442558987087015,0.2670265054355555,-0.26470276886473304,6.930474731172851e-08,-0.0005795499768610061,0.0029547432377479738,-0.0016928685133914389,-0.534053010871111,0.5294055377294661,-1.3860949462345703e-07,-0.005089441780349994,0.014506956279057029,0.3589633632969178,0.35896336329691764,0.3585401461685699,0
SN_valley_q0,101,200,3,100,1.0313208124946305,0.021365303108323953,0.08626485277548683,0.000887551969195935,0.05450255272025093,-0.053552118553793625,2.1982341276886406e-08,-6.290417960265833e-05,0.0014847888124612984,-0.00041612348513589084,-0.10900510544050186,0.10710423710758725,-4.396468255377281e-08,0.022007680857019107,0.007384082154150584,0.39234306854210693,0.39234306854210693,0.39223903767082297,0
SN_valley_q0,101,200,4,100,1.098486610770119,0.02594800736961333,0.16416284733604974,0.003067414568585546,0.08734616107073119,-0.08411142496162669,-2.8133832876537806e-08,-0.00016729340668610474,0.0018904779589942657,-0.004578937991549033,-0.17469232214146238,0.16822284992325337,5.626766575307561e-08,-0.011955070062669609,0.0012622299074076925,0.430152026884106,0.430152026884106,0.4290072923862187,0
SN_valley_q0,101,200,5,100,1.048355784718441,0.01895262422819846,0.20821426902637313,0.0069591085278262995,0.05212268431824383,-0.045116454210461815,-6.155310997871173e-08,-4.706002684574806e-05,0.001245190796969755,-0.012767146312374354,-0.10424536863648766,0.09023290842092363,1.2310621995742346e-07,0.023019850377975846,0.019289759907531415,0.3684581231662146,0.3684581231662146,0.3652663365881211,0
SN_valley_q0,101,200,6,100,1.0526676672358533,0.015908946442851454,0.18816725269825024,0.008481142163909194,0.07352219663141817,-0.06493196238326833,-3.371454175205759e-08,-0.00010905836969883856,0.0008783706717878585,-0.016302030395428206,-0.14704439326283633,0.12986392476653666,6.742908350411518e-08,0.007029044377161591,-0.020892788970047097,0.3901882633080649,0.39018826330806483,0.3861127557092077,0
SN_valley_q0,101,200,7,100,1.0515597367929812,0.02693959857089755,0.17551886154316723,0.01042957589423927,0.0697061515920778,-0.05907998170220589,4.225915223070502e-08,-0.0001966362547848582,0.0024381806239503674,-0.01881424367409788,-0.1394123031841556,0.11815996340441177,-8.451830446141003e-08,-0.013379914261961223,0.002740237317187224,0.39035657727596784,0.39035657727596784,0.38565301635744326,0
SN_valley_q0,101,200,8,100,1.0634343949356426,0.02346753121765981,0.14805150477397847,0.0051035698289108545,0.12573444499195513,-0.12054915069689033,5.7804749175845175e-08,-8.178227090308071e-05,0.0016638332428864171,-0.008706870956741462,-0.25146888998391026,0.24109830139378066,-1.1560949835169035e-07,-0.017621511091211305,-0.021015561403240405,0.40253217378106526,0.4025321737810653,0.40035545604187994,0
SN_valley_q0,101,200,9,100,1.073413633342642,0.033789635840534904,0.10851485531060366,-0.0007383911132962542,0.14261873999019234,-0.14202586791582664,2.721264997478986e-08,-0.0013312904003119077,0.005488732825547393,0.004302934251516095,-0.2852374799803847,0.2840517358316533,-5.442529994957972e-08,-0.06067853717758852,0.011982363833857567,0.39988049366136447,0.39988049366136436,0.4009562272242433,0
SN_valley_q0,101,1000,0,100,1.05319621159214,0.042527307089973126,0.0026427818781596902,-0.014524455197499658,0.39552160319182206,-0.41099707673265373,1.874197080654922e-07,0.0009508309236237302,0.003175850349593107,0.03412642259183988,-0.7910432063836441,0.8219941534653075,-3.748394161309844e-07,0.03691210690402304,-0.0026565057154310516,0.38645370690489533,0.3864537069048955,0.3949853125528554,0
SN_valley_q0,101,1000,1,100,1.0630368113641417,0.0442273152308083,0.08536331052137296,0.007271338363463391,0.3183740602455167,-0.31184144569281946,-1.6715469858667896e-08,0.000738740526236245,0.0029535103345482263,-0.010111685339906064,-0.6367481204910334,0.6236828913856389,3.343093971733579e-08,0.018127267098454483,0.00482882352844071,0.39602343094809134,0.39602343094809134,0.39349550961311486,0
SN_valley_q0,101,1000,2,100,1.0173478566945326,0.042517081320230625,0.1618164349871594,0.000477331806725083,1.3910741674116343,-1.3908752335522752,3.3901892169581125e-08,0.0002783640454737303,0.0044243254417906785,0.0040263899192879695,-2.7821483348232685,2.7817504671045503,-6.780378433916225e-08,-0.005089441780349994,0.022744015731168788,0.3589633632969178,0.35896336329691764,0.3599699607767397,0
SN_valley_q0,101,1000,3,100,1.0313208124946305,0.032208512781738204,0.03308328227422314,-0.007595748360570264,0.33091889110994693,-0.3388608009985933,3.790025567631072e-08,0.000346123627820575,0.002043074517703914,0.017926818494485592,-0.6618377822198939,0.6777216019971866,-7.580051135262144e-08,0.022007680857019107,0.000994851856554073,0.39234306854210693,0.39234306854210693,0.39682477316572845,0
SN_valley_q0,101,1000,4,100,1.098486610770119,0.03973499591165501,0.09034350645038504,-0.003493915687326359,0.423562083045838,-0.42779856103714115,-6.434312126434508e-08,0.0007426266470982592,0.0024255235323597264,0.010898608201208988,-0.847124166091676,0.8555971220742823,1.2868624252869017e-07,-0.011955070062669609,0.004190787092291462,0.430152026884106,0.430152026884106,0.4328766789344082,0
SN_valley_q0,101,1000,5,100,1.048355784718441,0.02999924693943133,0.2087445115998981,0.010268254973602634,0.24254952261774512,-0.2325914863954858,-6.222363030108293e-08,0.0003102809749736321,0.0017152127573573938,-0.01820073523990061,-0.48509904523549024,0.4651829727909716,1.2444726060216585e-07,0.023019850377975846,0.007539145064512337,0.3684581231662146,0.3684581231662146,0.36390793935623955,0
SN_valley_q0,101,1000,6,100,1.0526676672358533,0.029765329988020114,0.09318016122237527,0.007102339130915776,0.3829464672490832,-0.37623917174539967,-2.2615326073697234e-07,0.00039526978049287813,0.001366448344015144,-0.012047690356830643,-0.7658929344981664,0.7524783434907993,4.5230652147394467e-07,0.007029044377161591,-0.009690696509962422,0.3901882633080649,0.39018826330806483,0.3871763407188571,0
SN_valley_q0,101,1000,7,100,1.0515597367929812,0.04525343400244629,0.08302805159156801,0.008401826106210559,0.3438853887348688,-0.3362673666712234,6.979285877977967e-08,0.0007837342497064542,0.003621284775921453,-0.011614898937086759,-0.6877707774697376,0.6725347333424468,-1.3958571755955933e-07,-0.013379914261961223,0.002242768670513268,0.39035657727596784,0.39035657727596784,0.38745285254169604,0
SN_valley_q0,101,1000,8,100,1.0634343949356426,0.03466023093430768,0.07793777233730863,0.0052143852964400715,0.6426314307027023,-0.6379184199972353,6.948442770595386e-08,0.0005013051065451756,0.0020657308225925015,-0.007360429557197283,-1.2852628614054047,1.2758368399944706,-1.389688554119077e-07,-0.017621511091211305,-0.00387330911955254,0.40253217378106526,0.4025321737810653,0.4006920663917659,0
SN_valley_q0,101,1000,9,100,1.073413633342642,0.05932717335858711,0.07197198466311898,0.0005097222371314368,0.8389362548475353,-0.8376811212438051,2.22616520958759e-08,-0.0007454336282512642,0.009666139838666914,0.0071558281079015205,-1.6778725096950706,1.6753622424876102,-4.45233041917518e-08,-0.06067853717758852,0.027642838321644613,0.39988049366136447,0.39988049366136436,0.40166945068833976,0
SN_valley_q0,101,10000,0,100,1.05319621159214,0.04878276577230864,-0.01389283899558388,-0.018063855342369876,4.736856487988634,-4.756638265053749,7.280101249242523e-07,0.001717193712624738,0.0032600449944885108,0.04282214310447772,-9.473712975977268,9.513276530107499,-1.4560202498485047e-06,0.03691210690402304,-0.0060565262238133286,0.38645370690489533,0.3864537069048955,0.3971592426810149,0
SN_valley_q0,101,10000,1,100,1.0630368113641417,0.04690234043086263,0.07539036192370464,0.007050285313733196,3.4116853501763598,-3.405634423109569,1.5779206162760236e-07,0.0009992004548713767,0.0029804854955848047,-0.009121684222138835,-6.8233707003527195,6.811268846219138,-3.155841232552047e-07,0.018127267098454483,0.006438472029269179,0.39602343094809134,0.39602343094809134,0.39374300989255656,0
SN_valley_q0,101,10000,2,100,1.0173478566945326,0.04870850533694565,0.13165489658372467,-0.00233864645061157,16.937574897783527,-16.940837007779056,-1.0858825399434981e-07,0.0009235721332109552,0.004588660958583054,0.01111309812622812,-33.875149795567054,33.88167401555811,2.1717650798869963e-07,-0.005089441780349994,0.02078100240940089,0.3589633632969178,0.35896336329691764,0.36174163782847474,0
SN_valley_q0,101,10000,3,100,1.0313208124946305,0.03727498879258778,0.009319121131060534,-0.01185662697572433,3.7938259641531675,-3.8064024811560726,4.222407279161393e-08,0.0007198478031020802,0.0021273630416895617,0.027280312599342386,-7.587651928306335,7.612804962312145,-8.444814558322786e-08,0.022007680857019107,-1.4388691725312207e-05,0.39234306854210693,0.39234306854210693,0.3991631466919426,0
SN_valley_q0,101,10000,4,100,1.098486610770119,0.04639027358129646,0.07355710767926074,-0.007098304064259636,4.844815826689286,-4.853472397685346,5.169175697121237e-08,0.0015582152400303246,0.002574597051457463,0.01988763566003739,-9.689631653378571,9.706944795370692,-1.0338351394242474e-07,-0.011955070062669609,0.008601797472621898,0.430152026884106,0.430152026884106,0.4351239357991153,0
SN_valley_q0,101,10000,5,100,1.048355784718441,0.03299354438899879,0.18041294092669408,0.009709937785883173,2.285323542103936,-2.2761043120213,1.582277993679232e-07,0.0004905494754497838,0.0017380766516115443,-0.01670069996925523,-4.570647084207872,4.5522086240426,-3.164555987358464e-07,0.023019850377975846,0.0017836284497196695,0.3684581231662146,0.3684581231662146,0.3642829481739009,0
SN_valley_q0,101,10000,6,100,1.0526676672358533,0.036688712072634765,0.05324976308261027,0.006922033714774978,4.400079942614991,-4.394145176312139,1.1280822905753022e-07,0.0009871546036902803,0.0014258346908763311,-0.01044392353129306,-8.800159885229982,8.788290352624278,-2.2561645811506045e-07,0.007029044377161591,-0.007702948438811613,0.3901882633080649,0.39018826330806483,0.38757728242524153,0
SN_valley_q0,101,10000,7,100,1.0515597367929812,0.05040473541831224,0.04849646077717753,0.005572117620239923,4.014065400407261,-4.009786888388907,-2.446659641505816e-07,0.0012938502678515604,0.003763550931571554,-0.00479298377320516,-8.028130800814521,8.019573776777815,4.893319283011632e-07,-0.013379914261961223,0.00339620033056735,0.39035657727596784,0.39035657727596784,0.38915833133266653,0
SN_valley_q0,101,10000,8,100,1.0634343949356426,0.03601586293632041,0.06583636724251489,0.004801473067058417,7.3382817316204205,-7.33410025413793,2.0609827604811432e-07,0.0006197894862781099,0.002076551914541918,-0.006286815247018691,-14.676563463240841,14.66820050827586,-4.1219655209622864e-07,-0.017621511091211305,-0.003548080971377535,0.40253217378106526,0.4025321737810653,0.40096046996931073,0
SN_valley_q0,101,10000,9,100,1.073413633342642,0.06210765355492443,0.061786707601902836,-0.0002527939621702838,10.277824889798246,-10.277645988771763,3.547876882323263e-07,-0.000432049776332946,0.009827524501779459,0.009469012873454141,-20.555649779596493,20.555291977543526,-7.095753764646526e-07,-0.06067853717758852,0.03340578429058183,0.39988049366136447,0.39988049366136436,0.4022477468797279,0
LR_a0p1_q0,21,1,0,100,1.2669992970617052,0.003076416366570703,0.045928630891986746,0.00016492093663755025,0.00046110099361724495,-0.0002961762444049967,-3.81257469773754e-09,0.0,3.7220354047409465e-05,-0.0002926215192276915,-0.0009222019872344899,0.0005923524888099934,7.62514939547508e-09,0.0455295813641861,-0.0029134428745934337,0.47651128172834967,0.4765112817283496,0.4764381263485425,0
LR_a0p1_q0,21,1,1,100,1.253040267200077,0.00023881932827821045,0.049835805481099095,3.855446843443015e-05,0.00018907017084999193,-0.0001505152604933981,-4.419221636868396e-10,0.0,1.9793874310725968e-07,-7.691099812574944e-05,-0.00037814034169998385,0.0003010305209867962,8.838443273736792e-10,0.020526569731196438,-0.0003768991150779161,0.4786767700021044,0.4786767700021043,0.47865754225257284,0
LR_a0p1_q0,21,1,2,100,1.0706180017873153,0.008257200231376617,0.06167583395209661,0.0012224795613819909,0.001240208721167531,-1.772713938291867e-05,-2.020402621903887e-09,0.0,0.00019087938150326737,-0.002254079741260712,-0.002480417442335062,3.545427876583734e-05,4.040805243807774e-09,0.05962040829526421,-0.015307074755858106,0.329592878308573,0.329592878308573,0.3290293583732577,0
LR_a0p1_q0,21,1,3,100,1.2983288288135721,0.006241044999064773,-0.0813428890225906,-0.00022898903723798627,0.0011924234216576456,-0.001421408759095135,-3.6998004970127825e-09,0.0,0.00015711480560685748,0.0006150928800828286,-0.0023848468433152912,0.00284281751819027,7.399600994025565e-09,-0.08506364360610714,-0.002683250096868062,0.5230479963287166,0.5230479963287166,0.5232017695487372,0
LR_a0p1_q0,21,1,4,100,1.3731095941468907,0.005426263643554431,-0.07067248150882041,-0.00040169257278014606,0.001508155390044632,-0.0019098462783387748,-1.684486003146602e-09,0.0,0.00012171253754371873,0.000925097683104004,-0.003016310780089264,0.0038196925566775495,3.368972006293204e-09,0.10195520508235051,0.007478240451841144,0.5642834280912497,0.5642834280912498,0.5645147025120257,0
LR_a0p1_q0,21,1,5,100,1.1561896309741164,0.010984949842873242,0.008056721752926342,-0.00014238132872380015,0.00019665745395534959,-0.00033903854756533054,-2.3511381970889434e-10,0.0,0.00042049029337872456,0.00070525295082633,-0.00039331490791069917,0.0006780770951306611,4.702276394177887e-10,0.02702163290790479,0.00022977540080775904,0.3946344049901026,0.3946344049901026,0.39481071822780917,0
LR_a0p1_q0,21,1,6,100,1.2835879298378046,6.042369313122302e-07,0.0531357515100552,-2.3007321029679583e-08,2.0440279035931867e-07,-2.2842288056352471e-07,1.012769174526454e-09,0.0,1.4923445709443331e-12,4.6016134398474404e-08,-4.0880558071863734e-07,4.5684576112704943e-07,-2.025538349052908e-09,0.007294148710987927,0.004251989407325898,0.4813178323282841,0.4813178323282841,0.4813178438323176,2
LR_a0p1_q0,21,1,7,100,1.140126357343768,0.0010293657473578082,0.014524910087512045,2.0860451413214616e-05,0.0006336247802704315,-0.0006127683208141394,3.991956922354899e-09,0.0,3.4619693995987758e-06,-3.825893342683309e-05,-0.001267249560540863,0.0012255366416282789,-7.983913844709798e-09,0.03990355853480615,0.00016877834669405496,0.38540240307227813,0.38540240307227797,0.3853928383389213,0
LR_a0p1_q0,21,1,8,100,1.1805290607991294,0.0036384002369743962,-0.02018743274693614,0.0002260348825509228,0.0004145830170505808,-0.00018854702453592097,-1.1099637368756456e-09,0.0,5.145766412885225e-05,-0.0004006121009729939,-0.0008291660341011616,0.00037709404907184193,2.2199274737512913e-09,-0.0319465951994935,0.004630352002195588,0.4187967016636488,0.4187967016636488,0.4186965486384055,0
LR_a0p1_q0,21,1,9,100,1.326791571939406,0.001805402328383817,-0.01683181015460467,0.00022475729075747974,0.0010142470660552574,-0.0007894852276129959,-4.547684781707617e-09,0.0,1.6236213310435933e-05,-0.0004332783682045184,-0.002028494132110515,0.0015789704552259917,9.095369563415234e-09,0.026377314199216434,-0.004222997992738368,0.5404499401859928,0.5404499401859928,0.5403416205939415,0
LR_a0p1_q0,21,20,0,100,1.2669992970617052,0.019680931284886155,0.07551899914720867,0.004264681795483595,0.013359131470898828,-0.00912036424670507,-1.1491987067419239e-08,2.592606327690346e-05,0.000981039554143799,-0.007496471910269584,-0.026718262941797657,0.01824072849341014,2.2983974134838478e-08,0.0455295813641861,-0.03316486323638702,0.47651128172834967,0.4765112817283496,0.474637163750782,0
LR_a0p1_q0,21,20,1,100,1.253040267200077,0.014911905862191321,0.049855961359838406,0.0005230388539951062,0.020582584823657844,-0.019585624394480045,-1.0675862360661892e-08,-0.0004739108993203358,0.0015945894779297524,-0.00039931002870114167,-0.04116516964731569,0.03917124878896009,2.1351724721323785e-08,0.020526569731196438,-0.003608881249650071,0.4786767700021044,0.4786767700021043,0.4785769424949291,0
LR_a0p1_q0,21,20,2,100,1.0706180017873153,0.01760389516130776,0.06398820895247515,0.004938601654759108,0.013801287042006503,-0.008628450041748585,4.392600212218199e-09,-0.00023423973809902007,0.0012553813679457553,-0.009090301417770503,-0.027602574084013006,0.01725690008349717,-8.785200424436398e-09,0.05962040829526421,-0.03734288808243456,0.329592878308573,0.329592878308573,0.32732030295413034,0
LR_a0p1_q0,21,20,3,100,1.2983288288135721,0.015861089530517236,0.03301300991846049,-0.0012593502763096579,0.024399011299882745,-0.025157001012681514,-1.1861368320649609e-08,-0.0005013487021425622,0.0017499953134560132,0.0032659984617902007,-0.04879802259976549,0.05031400202536303,2.3722736641299218e-08,-0.08506364360610714,-0.00738911795809333,0.5230479963287166,0.5230479963287166,0.523864495944164,0
LR_a0p1_q0,21,20,4,100,1.3731095941468907,0.01824385515945002,0.016386054040114232,0.003224952105363326,0.017117004918213954,-0.013682533219381654,2.431973657138102e-08,-0.00020954391320554335,0.0013431132208400647,-0.005525878816297678,-0.03423400983642791,0.027365066438763307,-4.863947314276204e-08,0.10195520508235051,-0.013114650018635605,0.5642834280912497,0.5642834280912498,0.5629019583871754,0
LR_a0p1_q0,21,20,5,100,1.1561896309741164,0.01803930384392602,-0.0014531001016903577,0.0009454144918731643,0.01017639457443359,-0.009056644369461611,2.0353392704385518e-08,-0.000174356066491516,0.0010499517713988987,-0.0011895893453304596,-0.02035278914886718,0.018113288738923223,-4.0706785408771036e-08,0.02702163290790479,-0.02458604889360905,0.3946344049901026,0.3946344049901026,0.39433700765376983,0
LR_a0p1_q0,21,20,6,100,1.2835879298378046,0.00966329547892403,-0.04992694526219374,0.001345919227321416,0.005422515467251612,-0.003936365556319277,-4.296846315963672e-09,-0.0001402263867646046,0.0005741018868658531,-0.002398189341306202,-0.010845030934503223,0.007872731112638554,8.593692631927344e-09,0.007294148710987927,0.006304556828223237,0.4813178323282841,0.4813178323282841,0.48071828499295743,0
LR_a0p1_q0,21,20,7,100,1.140126357343768,0.010390995222448183,-0.02407213857107751,-0.00014209754431186911,0.007717898191898779,-0.00788299055216122,6.7665607039744706e-09,2.2988049389870365e-05,0.00020263038938433356,0.0005328015767878045,-0.015435796383797558,0.01576598110432244,-1.3533121407948941e-08,0.03990355853480615,-0.01324239803497173,0.38540240307227813,0.38540240307227797,0.38553560346647503,0
LR_a0p1_q0,21,20,8,100,1.1805290607991294,0.01471211116397147,0.06899026567441252,0.002219024546372921,0.01436998878078902,-0.011706313062210236,-9.853128262392938e-09,-0.0004446413190775998,0.0015675331931843952,-0.0037597985377166433,-0.02873997756157804,0.023412626124420473,1.9706256524785877e-08,-0.0319465951994935,-0.02114382842765326,0.4187967016636488,0.4187967016636488,0.4178567520292196,0
LR_a0p1_q0,21,20,9,100,1.326791571939406,0.012736676619148467,-0.013950151783516506,0.002495183564836534,0.017859991991022176,-0.015213129837726937,1.3875130675806784e-08,-0.0001516924635893855,0.0008717744744827311,-0.0044219775823691075,-0.03571998398204435,0.030426259675453874,-2.7750261351613568e-08,0.026377314199216434,-0.021995278049442984,0.5404499401859928,0.5404499401859928,0.5393444457904005,0
LR_a0p1_q0,21,200,0,100,1.2669992970617052,0.03653165838566249,0.11609878743608432,0.008882620236960828,0.12940976662901313,-0.11962903904493614,-5.830099936924151e-08,-0.0008980490461168017,0.005064206107657431,-0.014497132458497835,-0.25881953325802626,0.2392580780898723,1.1660199873848302e-07,0.0455295813641861,-0.06666568640738811,0.47651128172834967,0.4765112817283496,0.47288699861372513,0
LR_a0p1_q0,21,200,1,100,1.253040267200077,0.030304996895535438,0.10956524711345604,0.003941475473471749,0.2456725282274354,-0.23918766570372685,-2.3205821501082297e-09,-0.0025433847296545535,0.00735402506742249,-0.0056156953388301145,-0.4913450564548708,0.4783753314074537,4.641164300216459e-09,0.020526569731196438,-0.036545009201380235,0.4786767700021044,0.4786767700021043,0.4772728461673968,0
LR_a0p1_q0,21,200,2,100,1.0706180017873153,0.033669369149503275,0.14032642840024978,0.010890120905984449,0.099957890950363,-0.0876586494426394,-1.0604539112546978e-08,-0.001409109997200006,0.005169369493840352,-0.01942909231252856,-0.199915781900726,0.1753172988852788,2.1209078225093957e-08,0.05962040829526421,-0.05127956907549824,0.329592878308573,0.329592878308573,0.3247356052304407,0
LR_a0p1_q0,21,200,3,100,1.2983288288135721,0.027252406320228385,0.036686598817623414,0.002700972094458678,0.20923141832503336,-0.20533604536429034,1.0384833033263457e-08,-0.001194411251117242,0.004139990763498599,-0.003650775927653239,-0.4184628366500667,0.4106720907285807,-2.0769666066526913e-08,-0.08506364360610714,-0.038522745564947544,0.5230479963287166,0.5230479963287166,0.5221353023468033,0
LR_a0p1_q0,21,200,4,100,1.3731095941468907,0.045204207388416774,0.07345067903947201,0.016292715008512856,0.11779790027840752,-0.10158779338498639,9.958460474528381e-08,8.250853048695898e-05,0.0046515472284199685,-0.02776886572763182,-0.23559580055681503,0.20317558676997277,-1.9916920949056762e-07,0.10195520508235051,-0.12780622318286036,0.5642834280912497,0.5642834280912498,0.5573412116593418,0
LR_a0p1_q0,21,200,5,100,1.1561896309741164,0.034279590757877135,-0.05908598395814745,-0.003387186948358638,0.09737712624630306,-0.09998662089855212,-1.2642574257264535e-08,-0.0007776796535352577,0.004027146891074668,0.00924616148072143,-0.1947542524926061,0.19997324179710424,2.528514851452907e-08,0.02702163290790479,-0.03340540343726833,0.3946344049901026,0.3946344049901026,0.3969459453602828,0
LR_a0p1_q0,21,200,6,100,1.2835879298378046,0.028978298754081387,0.07451837375227792,0.0034084779312408818,0.07234657581627353,-0.06904994514985698,4.259449176216449e-08,0.00011180467033255285,0.0018773040711898758,-0.004716042450626789,-0.14469315163254706,0.13809989029971395,-8.518898352432899e-08,0.007294148710987927,-0.000848658905356513,0.4813178323282841,0.4813178323282841,0.48013882171562733,0
LR_a0p1_q0,21,200,7,100,1.140126357343768,0.021878445319192873,0.042905528133273634,1.7309137603807868e-05,0.07146033414809916,-0.07124227858347221,9.4113615839596e-10,-0.00020074736815931638,0.0016927295350697277,0.0012566165235434836,-0.14292066829619832,0.14248455716694441,-1.88227231679192e-09,0.03990355853480615,-0.03374542782726296,0.38540240307227813,0.38540240307227797,0.38571655720316383,0
LR_a0p1_q0,21,200,8,100,1.1805290607991294,0.03650959534110286,0.041172043299007095,0.0016062893179592805,0.1282649696397692,-0.12562811589507636,-1.2555800610615766e-08,-0.0010305518709329412,0.005671809569935911,0.00039812719215146674,-0.2565299392795384,0.2512562317901527,2.511160122123153e-08,-0.0319465951994935,-0.028011560669150556,0.4187967016636488,0.4187967016636488,0.41889623346168664,0
LR_a0p1_q0,21,200,9,100,1.326791571939406,0.030698094941421297,-0.013411575131168873,0.004116308853082711,0.15950868030583834,-0.1554548404714678,2.9376272000870593e-08,6.243964244017342e-05,0.003212692528824268,-0.004895045892460819,-0.3190173606116767,0.3109096809429356,-5.8752544001741186e-08,0.026377314199216434,-0.014634243287868071,0.5404499401859928,0.5404499401859928,0.5392261787128776,0
LR_a0p1_q0,21,1000,0,100,1.2669992970617052,0.07358804621656541,0.10265568617813256,0.004315941930849115,0.6037216396074329,-0.6012889864732786,-1.1314193292725177e-07,0.0018834019386273976,0.010421642383335235,0.0055565623988918,-1.2074432792148657,1.202577972946557,2.2628386585450354e-07,0.0455295813641861,-0.08302441386186044,0.47651128172834967,0.4765112817283496,0.4779004223280724,0
LR_a0p1_q0,21,1000,1,100,1.253040267200077,0.0665965307737354,0.0670953653009623,0.0010368478578664992,1.0421140785457925,-1.035862066321756,2.7667446572970254e-08,-0.005215192033617718,0.020843054167236055,0.00833897438426761,-2.084228157091585,2.071724132643512,-5.533489314594051e-08,0.020526569731196438,-0.09073895212381299,0.4786767700021044,0.4786767700021043,0.48076151359817115,0
LR_a0p1_q0,21,1000,2,100,1.0706180017873153,0.05493453642178315,0.12883832630735106,0.011502381377952082,0.5152266687597501,-0.5025149156478388,-1.4908706858009215e-07,-0.0012092226468906008,0.00841497524132049,-0.017008232808364877,-1.0304533375195002,1.0050298312956776,2.981741371601843e-07,0.05962040829526421,-0.05475954391399328,0.329592878308573,0.329592878308573,0.3253408201064817,0
LR_a0p1_q0,21,1000,3,100,1.2983288288135721,0.046766367968251066,-0.02005821514233175,-0.006473422425256107,0.9693144001792742,-0.9743710308566329,6.602964530051871e-08,-0.0014168577775421612,0.008454026639902006,0.0185671559353299,-1.9386288003585483,1.9487420617132658,-1.3205929060103742e-07,-0.08506364360610714,-0.048124618361989974,0.5230479963287166,0.5230479963287166,0.527689785312549,0
LR_a0p1_q0,21,1000,4,100,1.3731095941468907,0.06975312720887997,0.043431789505759565,0.008451674494599482,0.5502651233450719,-0.5438060190931183,2.9085933650423387e-07,0.0019922793833095868,0.007226172316334482,-0.005692617906245308,-1.1005302466901439,1.0876120381862366,-5.817186730084677e-07,0.10195520508235051,-0.14082151556980385,0.5642834280912497,0.5642834280912498,0.5628602736146886,0
LR_a0p1_q0,21,1000,5,100,1.1561896309741164,0.056690259552138356,-0.02916876890421281,-0.008406408069340515,0.5943517037857788,-0.6028052448173038,3.636032551767273e-08,4.709660185906062e-05,0.007117371652542441,0.024024380994941596,-1.1887034075715577,1.2056104896346076,-7.272065103534547e-08,0.02702163290790479,-0.01929065850133384,0.3946344049901026,0.3946344049901026,0.40064050023883785,0
LR_a0p1_q0,21,1000,6,100,1.2835879298378046,0.06279799201044489,0.02995151850468556,0.003297298524276434,0.33331380066840405,-0.33314151064827896,3.3152113539114194e-08,0.003124975352037736,0.003945932475470261,0.0036012861309928624,-0.6666276013368081,0.6662830212965579,-6.630422707822839e-08,0.007294148710987927,-0.011702959626646848,0.4813178323282841,0.4813178323282841,0.48221815386103223,0
LR_a0p1_q0,21,1000,7,100,1.140126357343768,0.053474637028086844,0.03170697660653128,-0.003048193658186108,0.31914160794002905,-0.32434669934317156,1.9641443522337226e-08,0.0021568781035129635,0.003964246653335223,0.014374390176733365,-0.6382832158800581,0.6486933986863431,-3.928288704467445e-08,0.03990355853480615,-0.047812902163191076,0.38540240307227813,0.38540240307227797,0.38899600061646145,0
LR_a0p1_q0,21,1000,8,100,1.1805290607991294,0.055353336056970806,0.038589988420992746,-0.0007823064561437494,0.6743850832468332,-0.6762522299501832,3.094897686121023e-08,0.0010848092982290911,0.007506691288389616,0.011240922797135304,-1.3487701664936664,1.3525044599003664,-6.189795372242046e-08,-0.0319465951994935,-0.024932636629351537,0.4187967016636488,0.4187967016636488,0.4216069323629326,0
LR_a0p1_q0,21,1000,9,100,1.326791571939406,0.05532158103418241,0.01064806527062759,0.0062614442057106375,0.8056771274044827,-0.8023543579266139,1.889263432980565e-08,0.002938655835207402,0.005394893582827079,-0.0012506831581793958,-1.6113542548089654,1.6047087158532278,-3.77852686596113e-08,0.026377314199216434,-0.01193343268830707,0.5404499401859928,0.5404499401859928,0.5401372693964479,0
LR_a0p1_q0,21,10000,0,100,1.2669992970617052,0.10110863840481965,0.06882295706376897,-0.011257628205059234,7.006379436592746,-7.026170791966571,-2.144736374712309e-07,0.008533941642386505,0.013955641255433868,0.05353878095032535,-14.012758873185492,14.052341583933142,4.289472749424618e-07,0.0455295813641861,-0.09179576419441432,0.47651128172834967,0.4765112817283496,0.4898959769659308,0
LR_a0p1_q0,21,10000,1,100,1.253040267200077,0.13571998927685647,0.03192590356325886,-0.04058333813551526,11.715074273134906,-11.75993382596,2.7520057551659763e-08,0.004276187169513353,0.039555579378139506,0.12927462998819675,-23.430148546269812,23.51986765192,-5.5040115103319526e-08,0.020526569731196438,-0.08594009645395703,0.4786767700021044,0.4786767700021043,0.5109954274991535,0
LR_a0p1_q0,21,10000,2,100,1.0706180017873153,0.07805539807758552,0.10419754739515712,0.007907664451121468,5.487431837519094,-5.4810548493216,6.608372829106611e-07,0.0015300154163482005,0.00965702930372036,-0.0030982687658261676,-10.974863675038188,10.9621096986432,-1.3216745658213223e-06,0.05962040829526421,-0.05344106026458114,0.329592878308573,0.329592878308573,0.32881831111711635,0
LR_a0p1_q0,21,10000,3,100,1.2983288288135721,0.0929433685122255,-0.10399400422646815,-0.04080606148310031,12.105203840195635,-12.151638427104967,3.363340673136952e-07,0.005628189092175346,0.015538636077222074,0.10840713722777343,-24.21040768039127,24.303276854209933,-6.726681346273904e-07,-0.08506364360610714,-0.04135070996097854,0.5230479963287166,0.5230479963287166,0.5501497806356599,0
LR_a0p1_q0,21,10000,4,100,1.3731095941468907,0.14211633550309502,-0.0056423008260528965,-0.03364590889312103,7.687442290022085,-7.741143242723756,-9.57049687558463e-08,0.02005513951353162,0.012650846334196459,0.12005294314750181,-15.37488458004417,15.482286485447512,1.914099375116926e-07,0.10195520508235051,-0.14778824978585756,0.5642834280912497,0.5642834280912498,0.5942966638781251,0
LR_a0p1_q0,21,10000,5,100,1.1561896309741164,0.08065767786792093,-0.04476911988535287,-0.015761180767238515,7.164940451043589,-7.184152204868142,-2.3304024962296826e-08,0.003450596361342518,0.008593510309248369,0.047017064566410485,-14.329880902087178,14.368304409736284,4.660804992459365e-08,0.02702163290790479,-0.014903718688528031,0.3946344049901026,0.3946344049901026,0.4063886711317052,0
LR_a0p1_q0,21,10000,6,100,1.2835879298378046,0.11201900123070803,-0.0138092482076986,-0.007666428581753453,3.417952986493236,-3.43817993437626,-3.696558075999752e-07,0.012560888957081956,0.005347679358328563,0.04580231443599939,-6.835905972986472,6.87635986875252,7.393116151999504e-07,0.007294148710987927,-0.01708736234491044,0.4813178323282841,0.4813178323282841,0.4927684109372839,0
LR_a0p1_q0,21,10000,7,100,1.140126357343768,0.08388427752999311,-0.014892320790071668,-0.017245348108460578,3.7177187939183147,-3.74316676476004,-8.15230608278709e-09,0.008202630885574411,0.005127850181574828,0.05602380816964479,-7.4354375878366294,7.48633352952008,1.630461216557418e-08,0.03990355853480615,-0.03478340984756631,0.38540240307227813,0.38540240307227797,0.3994083551146893,0
LR_a0p1_q0,21,10000,8,100,1.1805290607991294,0.06319151657329036,0.04645657130099143,-0.003798652803594286,7.507012794733088,-7.513574122252221,-1.363475987249227e-07,0.0027628110631353,0.007897184186093281,0.02102011191955247,-15.014025589466176,15.027148244504442,2.726951974498454e-07,-0.0319465951994935,-0.03063407556300053,0.4187967016636488,0.4187967016636488,0.42405172964353693,0
LR_a0p1_q0,21,10000,9,100,1.326791571939406,0.06951002669819498,0.008062332413694162,0.004251639019141725,8.218901790145656,-8.220021022913006,-1.7992801457057475e-07,0.005371051714519535,0.006039394370049797,0.00827821976080542,-16.437803580291312,16.44004204582601,3.598560291411495e-07,0.026377314199216434,-0.001779620925909583,0.5404499401859928,0.5404499401859928,0.542519495126194,0
LR_a0p1_q0,101,1,0,100,2.372313240149399,0.004669326317203083,-0.008856765640056026,0.00040293059257718184,0.0015954018068137245,-0.0011924749743241936,3.760087650772809e-09,0.0,6.549078940689156e-05,-0.0007403703957474672,-0.003190803613627449,0.002384949948648387,-7.520175301545619e-09,0.06756892042274276,0.00041613354915029296,1.5533465409814555,1.553346540981456,1.553161448382519,0
LR_a0p1_q0,101,1,1,100,2.5365962184591515,0.002333394514733437,0.03822612895191971,-0.00032287521096086095,0.0005030982653683774,-0.0008259734311691588,-4.516007965247669e-11,0.0,1.541931447920159e-05,0.0006611697364009334,-0.001006196530736755,0.0016519468623383176,9.032015930495338e-11,0.07369749367694764,-0.0017910031964787764,1.8199737165566878,1.8199737165566878,1.8201390089907883,0
LR_a0p1_q0,101,1,2,100,2.2094857638639693,0.0007911229653292057,-0.048068570221417216,-0.00017637850379501345,-0.00039889508201965276,0.0002225056526020605,1.0925622578803045e-08,0.0,2.401549315554502e-06,0.0003551585569055887,0.0007977901640393055,-0.000445011305204121,-2.185124515760609e-08,0.047300620988807406,-0.008873987015141568,1.3829971583664642,1.3829971583664642,1.3830859480056907,0
LR_a0p1_q0,101,1,3,100,2.2425161383252616,0.0057090604734132515,-0.022728163209531006,-0.0018644283744711412,0.001532425311342056,-0.0033968452341974955,-8.451615701580135e-09,0.0,0.00011995436165194328,0.003848811110594206,-0.003064850622684112,0.006793690468394991,1.690323140316027e-08,0.0538886004294171,-0.0004450653265322593,1.438286690917307,1.4382866909173069,1.4392488936949552,0
LR_a0p1_q0,101,1,4,100,2.52667369487843,0.00014168903357564074,-0.030108501656608378,7.52444680400926e-05,0.0007580206265832883,-0.0006827718729805111,-4.285562684311486e-09,0.0,6.971108199303613e-08,-0.00015041922499818173,-0.0015160412531665766,0.0013655437459610222,8.571125368622973e-09,0.03891213258357833,-0.0005341592483328661,1.897413145154828,1.8974131451548275,1.8973755403485781,0
LR_a0p1_q0,101,1,5,100,2.0671168075887096,0.0005810691612008021,0.01872899439178455,-8.162310191422233e-05,-0.0003985364949937557,0.0003169248572286107,-1.1464149077443664e-08,0.0,1.0273958311454897e-06,0.00016427359965958066,0.0007970729899875114,-0.0006338497144572214,2.2928298154887327e-08,-0.06323989796682032,-0.0016292816128491508,1.1854368630561505,1.1854368630561505,1.1854779314560657,0
LR_a0p1_q0,101,1,6,100,2.020018406191763,0.002242182397815849,-0.005364145603123467,0.00031122001847628416,-0.00016538960896004238,0.0004766079939977137,1.6334386128627767e-09,0.0,1.5569952423161537e-05,-0.0006068700845294014,0.00033077921792008477,-0.0009532159879954274,-3.2668772257255533e-09,0.006974316624491514,0.0002399299178210107,1.1603151656701565,1.1603151656701565,1.1601634481490242,0
LR_a0p1_q0,101,1,7,100,2.2168082617688114,0.002252915804438614,0.07413389513741624,-9.887248776113764e-05,0.0004998967457110087,-0.0005987746613578302,5.427885683713118e-09,0.0,8.304615117586318e-06,0.00020604959063983297,-0.0009997934914220174,0.0011975493227156604,-1.0855771367426236e-08,-0.06782932915187756,-0.00027478947822745736,1.4278871340698986,1.4278871340698986,1.4279386464675587,0
LR_a0p1_q0,101,1,8,100,2.3438979868487055,0.004557911425794989,0.027874897500819097,-0.0013210917679324086,0.0012956287291253379,-0.0026167178256946383,-2.671363107295536e-09,0.0,6.486070966489916e-05,0.0027070442455297333,-0.0025912574582506757,0.0052334356513892765,5.342726214591072e-09,0.06626717056109457,0.00010575776730476688,1.5695458134377325,1.5695458134377325,1.5702225744991147,0
LR_a0p1_q0,101,1,9,100,2.361387554938136,0.016395271691217364,0.06263986799657811,0.0044848654073931255,0.0027617933361898384,0.0017230712417991472,8.294041390418589e-10,0.0,0.0009825078264123848,-0.007987222988373868,-0.005523586672379677,-0.0034461424835982944,-1.6588082780837178e-09,0.004547977402752795,-0.012128098501911336,1.6765694801731954,1.6765694801731954,1.6745726744261027,0
LR_a0p1_q0,101,20,0,100,2.372313240149399,0.010672325437100269,0.032651168405602136,0.0010834496077260583,0.029126978559240947,-0.027981874838580646,4.040442232858563e-08,-6.169451735657298e-05,0.0004521933960411442,-0.001838094854124117,-0.05825395711848189,0.05596374967716129,-8.080884465717126e-08,0.06756892042274276,-0.001025345793084605,1.5533465409814555,1.553346540981456,1.5528870172679243,0
LR_a0p1_q0,101,20,1,100,2.5365962184591515,0.013961234077482619,0.06191033796289907,-0.00028107738318860044,0.03001413581828359,-0.03014203211154745,-1.1138137568624359e-07,-0.0001530697085490608,0.0008040305752984584,0.0010600459245775596,-0.06002827163656718,0.0602840642230949,2.2276275137248718e-07,0.07369749367694764,-0.0006836366970145425,1.8199737165566878,1.8199737165566878,1.8202387280378323,0
LR_a0p1_q0,101,20,2,100,2.2094857638639693,0.019445789347866584,0.025616841505398953,0.006512522331911244,0.056571362507634226,-0.04980474432088648,-7.828742976947998e-09,-0.0002540880260935197,0.001340998433970472,-0.012192222282039034,-0.11314272501526845,0.09960948864177296,1.5657485953895995e-08,0.047300620988807406,-0.03342875549984325,1.3829971583664642,1.3829971583664642,1.3799491027959545,0
LR_a0p1_q0,101,20,3,100,2.2425161383252616,0.01582835448557052,-0.014305167818231728,0.0005662917263825331,0.025990405116695574,-0.02536014831399669,-3.696837311989091e-08,-6.392810794323285e-05,0.0007122970583927193,-0.0005481426102587999,-0.05198081023339115,0.05072029662799338,7.393674623978182e-08,0.0538886004294171,-0.008839014708630482,1.438286690917307,1.4382866909173069,1.4381496552647421,0
LR_a0p1_q0,101,20,4,100,2.52667369487843,0.008555012230571707,0.020861204830753172,0.003542913408222867,0.03069109274422052,-0.027066576920784128,-6.097630413036554e-08,-8.154143890939284e-05,0.00038985226926728777,-0.006859057424997228,-0.06138218548844104,0.054133153841568256,1.2195260826073108e-07,0.03891213258357833,-0.011448237105836489,1.897413145154828,1.8974131451548275,1.8956983807985786,0
LR_a0p1_q0,101,20,5,100,2.0671168075887096,0.010208891134789424,0.08337023789646675,0.002303575355794549,0.010815821063879759,-0.008394232321006634,-5.6462674001992476e-08,-0.0001179569244045739,0.00047642853916712093,-0.004366636021231142,-0.021631642127759518,0.01678846464201327,1.1292534800398495e-07,-0.06323989796682032,-0.010452631939917457,1.1854368630561505,1.1854368630561505,1.1843452040508426,0
LR_a0p1_q0,101,20,6,100,2.020018406191763,0.010660751770111618,0.07448787167420981,0.0015940757429387573,0.012923492800950303,-0.011354842592545862,-3.6386760178301345e-08,2.546192129449276e-05,0.00017854624187488595,-0.0029586814014136427,-0.025846985601900605,0.022709685185091723,7.277352035660269e-08,0.006974316624491514,-0.006894812640038446,1.1603151656701565,1.1603151656701565,1.1595754953198032,0
LR_a0p1_q0,101,20,7,100,2.2168082617688114,0.010139718239049038,0.08569852281842504,0.0016511690921910582,0.0260447995238302,-0.023940171746556552,-8.389376096589556e-09,-0.0004534502957065022,0.0011937134682467093,-0.0030155253075484184,-0.0520895990476604,0.047880343493113105,1.6778752193179113e-08,-0.06782932915187756,0.0006142333069664147,1.4278871340698986,1.4278871340698986,1.4271332527430112,0
LR_a0p1_q0,101,20,8,100,2.3438979868487055,0.011839658756966296,0.021566354352859012,-0.002938048079231911,0.02193000366556884,-0.0248281860592185,-1.5005709112822263e-08,-3.985067987313114e-05,0.0005115922101208595,0.006307987008838421,-0.04386000733113768,0.049656372118437,3.0011418225644525e-08,0.06626717056109457,0.004062252526285146,1.5695458134377325,1.5695458134377325,1.571122810189942,0
LR_a0p1_q0,101,20,9,100,2.361387554938136,0.023894348188043587,0.009987214058097554,0.003254543347816825,0.03113395830743936,-0.027712970249999726,2.954930639870821e-08,-0.00016647425892921846,0.0022706738018671313,-0.004571361411624948,-0.06226791661487872,0.05542594049999945,-5.909861279741642e-08,0.004547977402752795,-0.01937564416337784,1.6765694801731954,1.6765694801731954,1.6754266398202893,0
LR_a0p1_q0,101,200,0,100,2.372313240149399,0.023043679691192774,0.050962956935937734,0.0029342065802218753,0.25060284516381937,-0.24754102401206818,-3.7765894194495727e-08,-0.0001275768056351459,0.0014556487807414979,-0.004667917990972541,-0.5012056903276387,0.49508204802413636,7.553178838899145e-08,0.06756892042274276,0.0017124304548634594,1.5533465409814555,1.553346540981456,1.552179561483712,0
LR_a0p1_q0,101,200,1,100,2.5365962184591515,0.0358808083868561,0.09650861418271928,0.004622111537021268,0.307600539683988,-0.301828791663679,3.512985828721074e-08,-0.001149671613146108,0.005603607996543024,-0.005939958303791713,-0.615201079367976,0.603657583327358,-7.025971657442148e-08,0.07369749367694764,-0.017663412866900697,1.8199737165566878,1.8199737165566878,1.81848872698074,0
LR_a0p1_q0,101,200,2,100,2.2094857638639693,0.040647579222423555,0.07972337705037645,0.023384764849684433,0.5789951472529651,-0.5531520418849856,-3.915591697802409e-08,-0.0024583013623778525,0.008701716011669662,-0.042984416412454936,-1.1579902945059302,1.1063040837699711,7.831183395604818e-08,0.047300620988807406,-0.03478398045746164,1.3829971583664642,1.3829971583664642,1.3722510542633506,0
LR_a0p1_q0,101,200,3,100,2.2425161383252616,0.027734071960134707,0.008321547581481164,0.002163011450789889,0.21164439123394949,-0.2096130845268489,1.0423818227946831e-07,0.00013160050550700477,0.0020127829681553643,-0.002050038922410427,-0.42328878246789897,0.4192261690536978,-2.0847636455893662e-07,0.0538886004294171,-0.04238174092468187,1.438286690917307,1.4382866909173069,1.437774181186704,0
LR_a0p1_q0,101,200,4,100,2.52667369487843,0.03976944636978161,0.0892183042604804,0.01579101750146932,0.30409197394087595,-0.2887831293628237,-1.589577434127352e-07,0.00048233188116047403,0.0022627679018568025,-0.028354603338760852,-0.6081839478817519,0.5775662587256474,3.179154868254704e-07,0.03891213258357833,-0.012802384678367027,1.897413145154828,1.8974131451548275,1.8903244943201372,0
LR_a0p1_q0,101,200,5,100,2.0671168075887096,0.0362333031102371,0.08214152270997747,0.010646983963199358,0.11891446856722364,-0.10844864968794683,1.2498282523552392e-07,0.00018104010109729104,0.002103846766364464,-0.018828040957839666,-0.23782893713444728,0.21689729937589367,-2.4996565047104784e-07,-0.06323989796682032,-0.03468586040271722,1.1854368630561505,1.1854368630561505,1.1807298528166907,0
LR_a0p1_q0,101,200,6,100,2.020018406191763,0.0218739275914529,0.12235222318605528,0.007091356227017476,0.14218920758216078,-0.13519297124279478,-4.1420568118576095e-08,9.516130821960884e-05,0.001276827624907727,-0.012715562212687994,-0.28437841516432155,0.27038594248558956,8.284113623715219e-08,0.006974316624491514,-0.018487067692779417,1.1603151656701565,1.1603151656701565,1.1571362751169847,0
LR_a0p1_q0,101,200,7,100,2.2168082617688114,0.03534438517954574,-0.022234970448676065,0.004099427375792766,0.3347912355595357,-0.33034565642999986,-1.7535674434726596e-07,-0.00034597639699869456,0.0034837993604288297,-0.005407008185154101,-0.6695824711190714,0.6606913128599997,3.507134886945319e-07,-0.06782932915187756,-0.01272875463102991,1.4278871340698986,1.4278871340698986,1.4265353820236097,0
LR_a0p1_q0,101,200,8,100,2.3438979868487055,0.02980116438078154,0.09315472150967921,0.0017831536792839054,0.2232112585455642,-0.22150651810933067,1.6621291928416992e-07,7.824703013102825e-05,0.002129692072929671,-0.0012801212253760713,-0.4464225170911284,0.44301303621866134,-3.3242583856833985e-07,0.06626717056109457,-0.01777741915733022,1.5695458134377325,1.5695458134377325,1.5692257831313885,0
LR_a0p1_q0,101,200,9,100,2.361387554938136,0.05659076480151719,-0.010798969028992212,0.007261907853815943,0.25336850175596043,-0.2454624697275877,1.552901154751072e-07,-0.000644279464672225,0.008695667620154056,-0.007116707016822297,-0.5067370035119209,0.4909249394551754,-3.105802309502144e-07,0.004547977402752795,-0.08460350290150657,1.6765694801731954,1.6765694801731954,1.6747903034189902,0
LR_a0p1_q0,101,1000,0,100,2.372313240149399,0.03930831695752545,0.06933798087363356,0.0025444896792161916,1.1437992422419863,-1.1418603623344867,-5.709998053556089e-07,0.0006061807715217146,0.0034873253338809974,-0.00038929248150792794,-2.2875984844839725,2.2837207246689735,1.1419996107112179e-06,0.06756892042274276,0.0017615146055317721,1.5533465409814555,1.553346540981456,1.5532492178610786,0
LR_a0p1_q0,101,1000,1,100,2.5365962184591515,0.06780312521559723,0.12960094584567255,0.008099609737269647,1.5173847639547886,-1.5106722671469857,-5.414577535956734e-07,0.0013876543872205099,0.009577408805554058,-0.003846501894544223,-3.034769527909577,3.0213445342939713,1.0829155071913467e-06,0.07369749367694764,-0.0061419138012186415,1.8199737165566878,1.8199737165566878,1.819012091083052,0
LR_a0p1_q0,101,1000,2,100,2.2094857638639693,0.07186708568649901,0.10950379043076612,0.03768979248769876,2.6374627466939318,-2.596213152259873,6.116039947117937e-08,-0.003559863106758386,0.016833050879476917,-0.0656662603094374,-5.2749254933878635,5.192426304519746,-1.2232079894235873e-07,0.047300620988807406,-0.055620221424914254,1.3829971583664642,1.3829971583664642,1.3665805932891049,0
LR_a0p1_q0,101,1000,3,100,2.2425161383252616,0.03730266526053571,0.022987512279633183,0.00037366236302132776,1.0202064106933322,-1.0209711280674871,5.997346264754875e-07,0.0011377800025500675,0.004303403857217401,0.005831639136274855,-2.0404128213866644,2.0419422561349743,-1.199469252950975e-06,0.0538886004294171,-0.04969546884355738,1.438286690917307,1.4382866909173069,1.4397446007013752,0
LR_a0p1_q0,101,1000,4,100,2.52667369487843,0.0620041006733749,0.11832552941087013,0.02730919894238533,1.4955454193945426,-1.4713716897704792,1.8754904931353989e-07,0.0031352817692728396,0.004670155390488119,-0.043677678955736814,-2.991090838789085,2.9427433795409583,-3.7509809862707977e-07,0.03891213258357833,-0.01969715017623502,1.897413145154828,1.8974131451548275,1.886493725415893,0
LR_a0p1_q0,101,1000,5,100,2.0671168075887096,0.0627874016590659,0.06564299538084688,0.015433996749378766,0.5990782852320305,-0.5851173351678318,2.2923136694891288e-08,0.0014730237620436272,0.004741790571676276,-0.023180155402993986,-1.198156570464061,1.1702346703356636,-4.5846273389782576e-08,-0.06323989796682032,-0.021770550393818266,1.1854368630561505,1.1854368630561505,1.1796418242054019,0
LR_a0p1_q0,101,1000,6,100,2.020018406191763,0.04343803390439732,0.11997672619275768,0.01006947865947224,0.6570576762942975,-0.6492115857573083,-2.385233994852825e-07,0.0022236266458828414,0.002956776232619145,-0.012734927794559646,-1.314115352588595,1.2984231715146166,4.77046798970565e-07,0.006974316624491514,-0.0259342009729843,1.1603151656701565,1.1603151656701565,1.1571314337215168,0
LR_a0p1_q0,101,1000,7,100,2.2168082617688114,0.06343643494811549,-0.041856040137790804,0.003673709906822067,1.571436975907294,-1.5694111827351356,1.3292870643230694e-08,0.0016479034417922122,0.006630843101277186,0.0025792301712174713,-3.142873951814588,3.138822365470271,-2.658574128646139e-08,-0.06782932915187756,-0.029831790796808134,1.4278871340698986,1.4278871340698986,1.428531941612703,0
LR_a0p1_q0,101,1000,8,100,2.3438979868487055,0.05149819749065026,0.08996794507863658,0.0025298949634279797,1.097788406575945,-1.0965343316070812,1.5420804168007793e-07,0.001275665786522383,0.003596390167376369,0.0010879318135651782,-2.19557681315189,2.1930686632141625,-3.0841608336015585e-07,0.06626717056109457,-0.013516761629519114,1.5695458134377325,1.5695458134377325,1.5698177963911237,0
LR_a0p1_q0,101,1000,9,100,2.361387554938136,0.09123129897958075,-0.005448578482953027,-0.0036366737213641143,1.3787581339764134,-1.3837039850638564,2.581747028672509e-07,0.001308919191375986,0.019505011671590543,0.029396197497070745,-2.757516267952827,2.767407970127713,-5.163494057345018e-07,0.004547977402752795,-0.06371704980828229,1.6765694801731954,1.6765694801731954,1.6839185295474632,0
LR_a0p1_q0,101,10000,0,100,2.372313240149399,0.11005274191419705,0.045727718275752095,-0.021101858556377216,13.631846040227765,-13.66618370850083,-1.9798920613913866e-06,0.013237789608743106,0.014552547672223144,0.08323184400246379,-27.26369208045553,27.33236741700166,3.959784122782773e-06,0.06756892042274276,0.003655236182836732,1.5533465409814555,1.553346540981456,1.5741545019820717,0
LR_a0p1_q0,101,10000,1,100,2.5365962184591515,0.10945055690374886,0.07256229360034902,-0.005410351087383532,19.075727836399547,-19.09249407211767,-1.3725598753657476e-06,0.011357257190606665,0.012375039679920844,0.0459102562359013,-38.151455672799095,38.18498814423534,2.745119750731495e-06,0.07369749367694764,0.007859090313046473,1.8199737165566878,1.8199737165566878,1.8314512806156633,0
LR_a0p1_q0,101,10000,2,100,2.2094857638639693,0.13354131794080712,0.10189801310520899,0.0217830534103047,26.915083168052984,-26.89366359021637,-8.72811748709613e-07,0.0003643483854429082,0.047734413095669836,0.004897003045946282,-53.83016633610597,53.78732718043274,1.745623497419226e-06,0.047300620988807406,-0.05762353056000569,1.3829971583664642,1.3829971583664642,1.3842214091279503,0
LR_a0p1_q0,101,10000,3,100,2.2425161383252616,0.09068107984776097,0.01889858830561695,-0.01393399592568571,10.69510618998824,-10.717924571744343,-1.6342588008684072e-06,0.008886020089235211,0.010760845287237048,0.05640087731707899,-21.39021237997648,21.435849143488685,3.2685176017368144e-06,0.0538886004294171,-0.043213033504571216,1.438286690917307,1.4382866909173069,1.4523869102465767,0
LR_a0p1_q0,101,10000,4,100,2.52667369487843,0.09512986255841711,0.02625422415923241,0.017568030171163197,15.041992281455913,-15.042938770084731,9.290725601578128e-07,0.018513589727414036,0.008045089489763095,0.009936208602264853,-30.083984562911827,30.085877540169463,-1.8581451203156257e-06,0.03891213258357833,-0.015255254588164653,1.897413145154828,1.8974131451548275,1.8998971973053937,0
LR_a0p1_q0,101,10000,5,100,2.0671168075887096,0.09645609521026678,0.05127370783658903,0.011796365346255952,5.849985898609208,-5.8436601829964605,2.4110285852331723e-07,0.0054704086306426826,0.014374530410603001,0.0017226169793764811,-11.699971797218415,11.687320365992921,-4.822057170466345e-07,-0.06323989796682032,-0.01791187744083573,1.1854368630561505,1.1854368630561505,1.1858675173009947,0
LR_a0p1_q0,101,10000,6,100,2.020018406191763,0.11376333484602087,0.06301668280342797,-0.00016388481679701958,7.444069738787169,-7.457882210883712,-1.4159853397294694e-06,0.013650003265083959,0.006991395682546527,0.03461917184630869,-14.888139477574338,14.915764421767424,2.8319706794589388e-06,0.006974316624491514,-0.01887053349089992,1.1603151656701565,1.1603151656701565,1.168969958631734,0
LR_a0p1_q0,101,10000,7,100,2.2168082617688114,0.10832533459850653,-0.10855673774659089,-0.04184752547856926,19.54879823087491,-19.600537936596922,-1.7646339948383573e-06,0.00989394487748118,0.01527500983390818,0.11875795054600914,-39.09759646174982,39.201075873193844,3.5292679896767146e-06,-0.06782932915187756,-0.0019093781410100274,1.4278871340698986,1.4278871340698986,1.4575766217064008,0
LR_a0p1_q0,101,10000,8,100,2.3438979868487055,0.07464132111517045,0.02854985337781116,-0.008549537071091838,11.068412816866362,-11.083871408534176,4.3162742702470657e-07,0.00690862296930761,0.0066763971071715725,0.03759271718797052,-22.136825633732723,22.16774281706835,-8.632548540494131e-07,0.06626717056109457,-0.012902580648990036,1.5695458134377325,1.5695458134377325,1.5789439927347249,0
LR_a0p1_q0,101,10000,9,100,2.361387554938136,0.2106522362077858,-0.0006082879778923315,-0.04015011368331787,16.615574531811703,-16.703389095112247,6.307376894104385e-07,0.04766381887951166,0.05459886912426779,0.23022673424992693,-33.231149063623405,33.40677819022449,-1.261475378820877e-06,0.004547977402752795,-0.06056229219528975,1.6765694801731954,1.6765694801731954,1.7341261637356777,0
LR_a0p1_qm05,21,1,0,100,1.2711052766353692,0.0015737249719124497,-0.07761109921684971,-0.00019002384112256452,6.521204729847701e-06,-0.00019654140338575414,-3.6424666580157895e-09,0.0,8.312669991633023e-06,0.0003883603522367661,-1.3042409459695403e-05,0.00039308280677150827,7.284933316031579e-09,0.03289468216898061,-0.00103876517906737,0.49971565112013266,0.49971565112013266,0.4998127412081918,0
LR_a0p1_qm05,21,1,1,100,1.3018928405659762,0.005835099559914505,-0.04716658222686023,0.00042766767601126575,4.99170712735034e-05,0.00037775263701983746,-2.0322820750172204e-09,0.0,0.0001477935344959559,-0.0007075418175265807,-9.98341425470068e-05,-0.0007555052740396749,4.064564150034441e-09,0.01836624820178981,-0.003752356322462429,0.5259097863988175,0.5259097863988174,0.5257329009444356,0
LR_a0p1_qm05,21,1,2,100,1.0718475420619327,0.0044447671152675955,0.07052402453687431,-0.00031722410275115325,0.0009757463405627203,-0.0012929686541745197,-1.7891393539449944e-09,0.0,7.444229554923967e-05,0.0007088905010515515,-0.0019514926811254405,0.0025859373083490394,3.578278707889989e-09,0.050421780691360656,0.0038735354782056903,0.3362755562333969,0.33627555623339683,0.3364527788586598,0
LR_a0p1_qm05,21,1,3,100,1.312156160551126,0.002744657673780424,-0.06398863097299085,0.00019405523905564285,0.00021871249234982254,-2.4656329551183508e-05,-9.23742996188253e-10,0.0,2.2846253901272648e-05,-0.000365264224210011,-0.00043742498469964507,4.9312659102367016e-05,1.847485992376506e-09,-0.07408836875212214,-0.001143008433912139,0.5492532217940586,0.5492532217940584,0.5491619057380059,0
LR_a0p1_qm05,21,1,4,100,1.3033269744688636,0.002322940498232942,-0.0443385981146007,-0.0001664339514550927,0.0001063838307923134,-0.00027282758102886967,9.798781463572583e-09,0.0,1.844021715330824e-05,0.00035130812006349847,-0.0002127676615846268,0.0005456551620577393,-1.9597562927145165e-08,0.0611069412700235,0.0008049716866695493,0.5197298943509635,0.5197298943509636,0.5198177213809794,0
LR_a0p1_qm05,21,1,5,100,1.149806859835519,0.007753225334058945,0.046842442730360416,0.0001645810762247083,5.229602894188447e-05,0.00011228270365205753,2.3436307665230737e-09,0.0,0.00018497437754578968,-0.00014418777490363217,-0.00010459205788376894,-0.00022456540730411505,-4.687261533046147e-09,0.015301099161348268,-0.003446652391560939,0.4059171486028697,0.40591714860286954,0.4058811016591436,0
LR_a0p1_qm05,21,1,6,100,1.3720811085327973,2.539204850193974e-07,-0.005618887223153288,3.191067512562859e-08,3.02623022121864e-08,9.280815001316075e-09,-7.632442087873892e-09,0.0,1.915891403858616e-13,-6.382115865510851e-08,-6.05246044243728e-08,-1.856163000263215e-08,1.5264884175747783e-08,0.031176749172885522,-0.0010199532099463293,0.5536981662732349,0.5536981662732349,0.5536981503179452,5
LR_a0p1_qm05,21,1,7,100,1.1660587346080853,0.0010376891689397928,-0.043109247545478076,9.586567716618703e-06,0.00015303027329317855,-0.00014344578491495366,2.07933839382302e-09,0.0,3.0716346242573767e-06,-1.610150080897446e-05,-0.0003060605465863571,0.00028689156982990733,-4.15867678764604e-09,0.02793071809953394,-0.00209128346965547,0.4055322919767343,0.4055322919767343,0.4055282666015321,0
LR_a0p1_qm05,21,1,8,100,1.1941465003262395,0.003893336843003924,0.026862792351225667,0.0004758040520113387,0.00018163776451291072,0.00029416885794239316,-2.5704439652668946e-09,0.0,4.0849296179126595e-05,-0.0009107588078435507,-0.00036327552902582145,-0.0005883377158847863,5.140887930533789e-09,-0.021708769354951075,0.0008852542404114888,0.4281831138891775,0.4281831138891775,0.4279554241872166,0
LR_a0p1_qm05,21,1,9,100,1.4541329935019172,0.0041812506439145875,0.07882144331708642,0.00034837867321546297,0.0007414828655121526,-0.0003931054105077366,1.2182110468655064e-09,0.0,6.370423216327532e-05,-0.0006330531142676507,-0.0014829657310243053,0.0007862108210154732,-2.4364220937310128e-09,0.026924825537976194,-0.0017271718435387803,0.6470446405818153,0.6470446405818151,0.6468863773032483,0
LR_a0p1_qm05,21,20,0,100,1.2711052766353692,0.010120978639147772,0.05923321171181414,1.0138277702049919e-05,0.0203054878679831,-0.019652419201533294,-2.1656765084132412e-09,-0.0006429282230712455,0.0015583800421799599,0.000252247040633371,-0.0406109757359662,0.03930483840306659,4.3313530168264824e-09,0.03289468216898061,-0.0070468446682552454,0.49971565112013266,0.49971565112013266,0.499778712880291,0
LR_a0p1_qm05,21,20,1,100,1.3018928405659762,0.019451427403906686,-0.021212420053117107,0.0033987480750162337,0.007917487766684682,-0.004177227186296121,1.516168784264459e-08,-0.00034152766706016595,0.001814991276552028,-0.005665560207600773,-0.015834975533369364,0.008354454372592243,-3.032337568528918e-08,0.01836624820178981,-0.036359887883987405,0.5259097863988175,0.5259097863988174,0.5244933963469172,0
LR_a0p1_qm05,21,20,2,100,1.0718475420619327,0.011556096471111135,0.09823637137070854,0.0015585953485691112,0.008481132863307891,-0.006741516877890873,4.190066051910507e-09,-0.00018102482691395802,0.0007170406506255572,-0.0027621997003405784,-0.016962265726615782,0.013483033755781746,-8.380132103821014e-09,0.050421780691360656,-0.005685125655981169,0.3362755562333969,0.33627555623339683,0.33558500630831184,0
LR_a0p1_qm05,21,20,3,100,1.312156160551126,0.012523092193125,0.04816011807595886,0.002917228086529392,0.007208481191192415,-0.004048932571877887,-1.3477978507376988e-08,-0.000242307054806629,0.000877547446568373,-0.005441522836103668,-0.01441696238238483,0.008097865143755774,2.6955957014753977e-08,-0.07408836875212214,-0.0108951660663019,0.5492532217940586,0.5492532217940584,0.5478928410850326,0
LR_a0p1_qm05,21,20,4,100,1.3033269744688636,0.015086717193396408,0.09033739798862492,0.0018935510162779942,0.008669951835300062,-0.006585470742929312,2.321059470352088e-08,-0.00019095328668746036,0.0009060954035447696,-0.0032629132023861453,-0.017339903670600124,0.013170941485858624,-4.642118940704176e-08,0.0611069412700235,-0.019075431702326423,0.5197298943509635,0.5197298943509636,0.518914166050367,0
LR_a0p1_qm05,21,20,5,100,1.149806859835519,0.01811274056735874,0.024840690957622008,0.0016370924025587992,0.005694740164829879,-0.003967263341197683,-2.1684726942927285e-08,-9.036273634645146e-05,0.0008626395021830459,-0.0025922707756274605,-0.011389480329659758,0.007934526682395367,4.336945388585457e-08,0.015301099161348268,-0.0167478154946098,0.4059171486028697,0.40591714860286954,0.4052690809089627,0
LR_a0p1_qm05,21,20,6,100,1.3720811085327973,0.015493758047286019,0.06757356039509349,0.0022578508363937017,0.003346079115212292,-0.0008403685961678661,-1.0087044949136547e-08,-0.00024784959560577414,0.0011316676983390355,-0.0038797331656599166,-0.006692158230424584,0.0016807371923357323,2.0174089898273095e-08,0.031176749172885522,-0.017718154806407437,0.5536981662732349,0.5536981662732349,0.5527282329818201,0
LR_a0p1_qm05,21,20,7,100,1.1660587346080853,0.013445335283591398,-0.02634602845318698,0.0017249423717073979,0.0037709489302605796,-0.002083725113108268,6.171361055207048e-09,3.771238319403225e-05,0.00030528096431633485,-0.0030691790127103822,-0.007541897860521159,0.004167450226216536,-1.2342722110414096e-08,0.02793071809953394,-0.014898088385196327,0.4055322919767343,0.4055322919767343,0.4047649972235567,0
LR_a0p1_qm05,21,20,8,100,1.1941465003262395,0.013595983157397889,0.033220844147540035,0.0005025802837910063,0.01040057122388256,-0.009749785964190428,-8.299925710216636e-09,-0.0001481966759754184,0.0007207568383632315,-0.0005807970811696161,-0.02080114244776512,0.019499571928380855,1.6599851420433272e-08,-0.021708769354951075,-0.006898901625717991,0.4281831138891775,0.4281831138891775,0.4280379146188851,0
LR_a0p1_qm05,21,20,9,100,1.4541329935019172,0.01565135220115235,-0.009653811332552725,0.0003665351958667203,0.013934102891896978,-0.013543635448842146,-2.207768295049407e-09,-2.3930039419818158e-05,0.0006386233776898687,-0.0001423070928832046,-0.027868205783793957,0.02708727089768429,4.415536590098814e-09,0.026924825537976194,0.001899529123410047,0.6470446405818153,0.6470446405818151,0.6470090638085942,0
LR_a0p1_qm05,21,200,0,100,1.2711052766353692,0.03293544733993023,0.1501388456733077,0.01004138736825987,0.17154845077689124,-0.1589141935282585,-2.275548813985568e-08,-0.002592847124884801,0.007880917536920173,-0.017387551449369168,-0.3430969015537825,0.317828387056517,4.551097627971136e-08,0.03289468216898061,-0.06793705795433377,0.49971565112013266,0.49971565112013266,0.4953687632577903,0
LR_a0p1_qm05,21,200,1,100,1.3018928405659762,0.05317292155287512,0.032770852543907825,0.0076602387474695,0.09464165604187601,-0.08566486102073904,7.328795142886689e-10,-0.0013165570065469523,0.009055724882733098,-0.008897866625299806,-0.18928331208375201,0.1713297220414781,-1.4657590285773378e-09,0.01836624820178981,-0.06467913060525271,0.5259097863988175,0.5259097863988174,0.5236853197424923,0
LR_a0p1_qm05,21,200,2,100,1.0718475420619327,0.02721192499133131,0.14865964870579923,0.007525664798742901,0.052679150850901565,-0.04444899375949621,-1.9380415534849504e-08,-0.0007044729122469318,0.0032677841268038,-0.013192491295175864,-0.10535830170180313,0.08889798751899242,3.876083106969901e-08,0.050421780691360656,-0.034783703992535164,0.3362755562333969,0.33627555623339683,0.3329774334096028,0
LR_a0p1_qm05,21,200,3,100,1.312156160551126,0.03929280293845863,0.11444729262221826,0.011563063598860395,0.05963737888793329,-0.04783818030165878,4.6854105527905285e-08,-0.00023618184151965972,0.003832449691903326,-0.01976604118885678,-0.11927475777586657,0.09567636060331756,-9.370821105581057e-08,-0.07408836875212214,-0.054340682305572215,0.5492532217940586,0.5492532217940584,0.5443117114968442,0
LR_a0p1_qm05,21,200,4,100,1.3033269744688636,0.03817814706632208,0.1720015138876433,0.013887641307581388,0.06960471728417116,-0.05403424415679437,-1.6433061563566336e-08,-0.0016828153867338368,0.0069797419012032754,-0.024161171487427177,-0.1392094345683423,0.10806848831358874,3.286612312713267e-08,0.0611069412700235,-0.1466231760464591,0.5197298943509635,0.5197298943509636,0.5136896014791068,0
LR_a0p1_qm05,21,200,5,100,1.149806859835519,0.041928900765743356,0.07217835692975051,0.0025626320403706925,0.06728831091098254,-0.06446588586897861,-3.0665519534800364e-08,-0.0002597623361137138,0.003931879579130722,-0.0017129091738381042,-0.1345766218219651,0.12893177173795722,6.133103906960073e-08,0.015301099161348268,-0.024580568469634568,0.4059171486028697,0.40591714860286954,0.4054889213094101,0
LR_a0p1_qm05,21,200,6,100,1.3720811085327973,0.0330497987564606,0.10290780889056625,0.0121572744213552,0.039549895749258684,-0.0271766924266168,7.160936261123164e-10,-0.00021592961738031117,0.0033719490582261474,-0.021374459019244875,-0.07909979149851737,0.0543533848532336,-1.4321872522246327e-09,0.031176749172885522,-0.057618455540004686,0.5536981662732349,0.5536981662732349,0.5483545515184237,0
LR_a0p1_qm05,21,200,7,100,1.1660587346080853,0.02777437928992992,0.0012670970132671927,0.0023054526012564382,0.03711671799758893,-0.03463512069253274,1.1915898686353465e-08,-0.0001761566196984409,0.0019694560443360236,-0.0029937623975737227,-0.07423343599517786,0.06927024138506548,-2.383179737270693e-08,0.02793071809953394,-0.027125154963945693,0.4055322919767343,0.4055322919767343,0.404783851377341,0
LR_a0p1_qm05,21,200,8,100,1.1941465003262395,0.03373318725707446,0.06483083655392083,0.0018511282161470393,0.08448659141931962,-0.08141277394621975,-5.2660232299355913e-08,-0.0012226365967205595,0.005297847571814471,-0.0008496820539207229,-0.16897318283863924,0.1628255478924395,1.0532046459871183e-07,-0.021708769354951075,-0.03136545370960361,0.4281831138891775,0.4281831138891775,0.42797069337569715,0
LR_a0p1_qm05,21,200,9,100,1.4541329935019172,0.035020194363665984,0.09469088038575327,0.0073485509140272035,0.1556004394784006,-0.1476672770272296,-4.807274027548672e-08,-0.0005845634644035319,0.0041067020122418085,-0.011759526744619653,-0.3112008789568012,0.2953345540544592,9.614548055097344e-08,0.026924825537976194,-0.02187793858114121,0.6470446405818153,0.6470446405818151,0.6441047588956601,0
LR_a0p1_qm05,21,1000,0,100,1.2711052766353692,0.05798659398200355,0.12463750144685937,0.0057276752692511125,0.8032304378279916,-0.7956830762524862,6.203251071899401e-08,-0.0018197483387648245,0.01309072466924921,-0.0020041225467826605,-1.6064608756559833,1.5913661525049725,-1.2406502143798802e-07,0.03289468216898061,-0.05642282900596182,0.49971565112013266,0.49971565112013266,0.49921462048343684,0
LR_a0p1_qm05,21,1000,1,100,1.3018928405659762,0.0848028197161201,0.02163772757996468,0.0003749700463701569,0.47577389443954965,-0.47378602907838735,4.525585951546523e-08,-0.001612940570651809,0.021232942062289255,0.01725712082824533,-0.9515477888790993,0.9475720581567747,-9.051171903093046e-08,0.01836624820178981,-0.12044167963734771,0.5259097863988175,0.5259097863988174,0.5302240666058787,0
LR_a0p1_qm05,21,1000,2,100,1.0718475420619327,0.04749541372021371,0.13152676676653127,0.0108955979342076,0.21669459146491088,-0.20583777406232912,-5.491418911117023e-08,3.883544581480257e-05,0.004882488724230608,-0.01683103625255499,-0.43338918292982176,0.41167554812465823,1.0982837822234046e-07,0.050421780691360656,-0.05750751271344787,0.3362755562333969,0.33627555623339683,0.3320677971702582,0
LR_a0p1_qm05,21,1000,3,100,1.312156160551126,0.07168357707932477,0.06517507163662635,0.0013156764985554265,0.33120534091968196,-0.3318085005250706,7.265796688903543e-08,0.0019187634459771213,0.007883753745228827,0.009089927640072215,-0.6624106818393639,0.6636170010501412,-1.4531593377807086e-07,-0.07408836875212214,-0.020659196549062387,0.5492532217940586,0.5492532217940584,0.5515257037040766,0
LR_a0p1_qm05,21,1000,4,100,1.3033269744688636,0.07634700321272157,0.09272312988354584,0.0031909485171945427,0.3285163110861312,-0.32581788742604717,-3.8830748471792075e-08,0.0004925636878590637,0.012952177270420298,0.0075554076117493405,-0.6570326221722624,0.6516357748520943,7.766149694358415e-08,0.0611069412700235,-0.13439204083943435,0.5197298943509635,0.5197298943509636,0.5216187462539008,0
LR_a0p1_qm05,21,1000,5,100,1.149806859835519,0.06989100188259656,0.09311484437308745,0.0003283373169434722,0.3424798714128272,-0.3433067903698491,3.1542943723889754e-08,0.0011552247310215034,0.0074752554303911855,0.009129030258547244,-0.6849597428256544,0.6866135807396982,-6.308588744777951e-08,0.015301099161348268,-0.04428532244792636,0.4059171486028697,0.40591714860286954,0.40819940616750644,0
LR_a0p1_qm05,21,1000,6,100,1.3720811085327973,0.06281478632886574,0.12343281525060075,0.012302154525360195,0.21989118244623873,-0.20936392777052334,-1.0041990605931015e-07,0.0017750002695509925,0.006419580599050459,-0.014634727912567945,-0.43978236489247746,0.4187278555410467,2.008398121186203e-07,0.031176749172885522,-0.032043763237665515,0.5536981662732349,0.5536981662732349,0.550039484295093,0
LR_a0p1_qm05,21,1000,7,100,1.1660587346080853,0.05116993075968816,0.008095873393712181,-0.004162288569753543,0.1986777732464435,-0.20396188017269573,9.668582299744779e-08,0.0011217216706756494,0.003989570005974376,0.014557590486832767,-0.397355546492887,0.40792376034539146,-1.9337164599489557e-07,0.02793071809953394,-0.03696519806187803,0.4055322919767343,0.4055322919767343,0.40917168959844263,0
LR_a0p1_qm05,21,1000,8,100,1.1941465003262395,0.06839098130003156,0.04216277890661171,0.00043699365143779644,0.3772706357346472,-0.37753851388817494,-1.0002766146022046e-07,0.0007049718326270807,0.010218754980184853,0.010754711342563424,-0.7545412714692944,0.7550770277763499,2.0005532292044093e-07,-0.021708769354951075,-0.025907425306832512,0.4281831138891775,0.4281831138891775,0.4308717917248183,0
LR_a0p1_qm05,21,1000,9,100,1.4541329935019172,0.054705515174155256,0.08608680796183998,0.010101924560288987,0.7910164855377492,-0.7808180748453764,-7.503025292094578e-08,-9.641110183118484e-05,0.007947059331551605,-0.012449611992688727,-1.5820329710754983,1.5616361496907527,1.5006050584189155e-07,0.026924825537976194,-0.041354899090272706,0.6470446405818153,0.6470446405818151,0.643932237583643,0
LR_a0p1_qm05,21,10000,0,100,1.2711052766353692,0.0773596012362302,0.0976393429654599,5.9101491841374034e-05,8.596878474220771,-8.598138533132714,-4.091019966756738e-09,0.0013191644948071979,0.014589654200432099,0.017109780206363747,-17.193756948441543,17.196277066265427,8.182039933513475e-09,0.03289468216898061,-0.043823193195549594,0.49971565112013266,0.49971565112013266,0.5039930961717235,0
LR_a0p1_qm05,21,10000,1,100,1.3018928405659762,0.16460975411385295,0.016044624664433717,-0.04606838078678142,6.408057743350973,-6.472141067227403,1.924735229188775e-08,0.018014923842293133,0.043760024900621385,0.17192663415877052,-12.816115486701946,12.944282134454806,-3.84947045837755e-08,0.01836624820178981,-0.11216881999701465,0.5259097863988175,0.5259097863988174,0.56889144493851,0
LR_a0p1_qm05,21,10000,2,100,1.0718475420619327,0.07283924242339387,0.09735858350983133,0.005843907211626138,2.0875536259880736,-2.0848938536340116,1.3886187645514923e-07,0.0031839959956921028,0.005765121493432549,0.00044529906156447587,-4.175107251976147,4.169787707268023,-2.7772375291029845e-07,0.050421780691360656,-0.06022585793671989,0.3362755562333969,0.33627555623339683,0.336386880998788,0
LR_a0p1_qm05,21,10000,3,100,1.312156160551126,0.1347733067150606,-0.026880786123499836,-0.05115607037887716,5.391932065444389,-5.456116743495044,-4.1271825820749415e-07,0.013029020390027173,0.015956778751448485,0.14432696028925723,-10.783864130888778,10.912233486990088,8.254365164149883e-07,-0.07408836875212214,0.003252427645649253,0.5492532217940586,0.5492532217940584,0.5853349618663728,0
LR_a0p1_qm05,21,10000,4,100,1.3033269744688636,0.16826515675086604,0.012289402445242325,-0.057387456773300594,5.468143998508256,-5.5508940158024584,1.934159134601968e-07,0.025362367104989358,0.027802796016796173,0.19330244377337608,-10.936287997016512,11.101788031604917,-3.868318269203936e-07,0.0611069412700235,-0.12146294610764868,0.5197298943509635,0.5197298943509636,0.5680555052943075,0
LR_a0p1_qm05,21,10000,5,100,1.149806859835519,0.10797705615617417,0.07069712711290385,-0.01278993651727188,3.947347201876159,-3.967497441024591,-2.0094848176033836e-07,0.007360503579641353,0.01060901707869069,0.05090989727251725,-7.894694403752318,7.934994882049182,4.018969635206767e-07,0.015301099161348268,-0.036843073440755936,0.4059171486028697,0.40591714860286954,0.41864462292099885,0
LR_a0p1_qm05,21,10000,6,100,1.3720811085327973,0.10000098298137881,0.12649722576304517,0.0015784044709159966,2.960627204370248,-2.9695143787238063,-2.4670816961611164e-07,0.010465825532651954,0.00933176578376768,0.0271066079072396,-5.921254408740496,5.939028757447613,4.934163392322233e-07,0.031176749172885522,-0.030034178953024456,0.5536981662732349,0.5536981662732349,0.5604748182500449,0
LR_a0p1_qm05,21,10000,7,100,1.1660587346080853,0.08968854993381764,-0.009476041145248764,-0.022372016574132205,2.662748242846537,-2.692514102252452,-1.58805579139545e-07,0.007394001637363947,0.005721877299207248,0.06525391372219957,-5.325496485693074,5.385028204504904,3.1761115827909e-07,0.02793071809953394,-0.03258926730195173,0.4055322919767343,0.4055322919767343,0.4218457704072843,0
LR_a0p1_qm05,21,10000,8,100,1.1941465003262395,0.10438899195360596,-0.003701968016276118,-0.006833767156623636,3.9353342117210546,-3.949479501710167,-4.599027001279913e-08,0.0073115688227700535,0.01268640643134419,0.04097707839013157,-7.870668423442109,7.898959003420334,9.198054002559826e-08,-0.021708769354951075,-0.02919078352386094,0.4281831138891775,0.4281831138891775,0.4384273834867104,0
LR_a0p1_qm05,21,10000,9,100,1.4541329935019172,0.1034225951801881,0.033940357215541644,0.00724583360225484,7.542876923737444,-7.543540272966877,2.8166664895854094e-07,0.007908901165029228,0.01101227152688342,0.012338406652432243,-15.085753847474887,15.087080545933754,-5.633332979170819e-07,0.026924825537976194,-0.03294415558447738,0.6470446405818153,0.6470446405818151,0.6501292422449234,0
LR_a0p1_qm05,101,1,0,100,2.2537414318696816,0.0055881846958592205,0.0021910960712760077,0.0013557381593254476,0.00031367275109642716,0.0010420564426887706,8.965540249883669e-09,0.0,9.026957041371779e-05,-0.002621206748237175,-0.0006273455021928543,-0.002084112885377541,-1.7931080499767338e-08,0.03537125265235106,-0.006932783556305832,1.391111364966202,1.391111364966202,1.3904560632791425,0
LR_a0p1_qm05,101,1,1,100,2.398177986274857,0.0026738089486000706,-0.00028511429587835935,-0.0008846998379265291,0.0005148687895202193,-0.0013995622079228031,-6.4195239453356685e-09,0.0,1.7450515653912853e-05,0.0017868501915069956,-0.0010297375790404386,0.0027991244158456063,1.2839047890671337e-08,0.08807128095845121,0.002693269501208305,1.573483703198686,1.5734837031986857,1.5739304157465626,0
LR_a0p1_qm05,101,1,2,100,2.0660117879477666,0.0004985739316461992,-0.05229631861949893,-0.00011220661054775792,-7.363148314957102e-05,-3.856486486663662e-05,-1.0262531550260677e-08,0.0,7.546374129380238e-07,0.00022516785850844933,0.00014726296629914205,7.712972973327324e-05,2.0525063100521354e-08,0.06018524286234903,-0.0025317514242095586,1.1736020478520646,1.1736020478520646,1.1736583398166913,0
LR_a0p1_qm05,101,1,3,100,2.321105988080768,9.530382676155229e-05,0.04998673171786467,-6.0295568161611996e-06,0.0009538231089058076,-0.0009598561804317099,3.514709741083131e-09,0.0,2.2419363576893504e-08,1.2081532995904531e-05,-0.0019076462178116151,0.0019197123608634197,-7.029419482166262e-09,0.0716357742643303,2.197858953730314e-05,1.4585932670411228,1.4585932670411228,1.4585962874243714,0
LR_a0p1_qm05,101,1,4,100,2.5401389977077415,0.0022426488816666233,-0.021390907877019024,-1.8056951887833182e-05,0.0004418330632483923,-0.000459875658246546,-1.4356889679571908e-08,0.0,1.528763586284454e-05,5.1401539638509244e-05,-0.0008836661264967846,0.000919751316493092,2.8713779359143816e-08,0.02194186846495459,0.0007271598823267603,1.7789077119336618,1.7789077119336616,1.7789205623185713,0
LR_a0p1_qm05,101,1,5,100,2.015184357510097,0.00016611408127406612,-0.0018786012532544466,1.3865759372125168e-05,-5.1078233621742273e-05,6.4933916600253e-05,1.0076393614395342e-08,0.0,8.290688625595121e-08,-2.7648611857979955e-05,0.00010215646724348455,-0.000129867833200506,-2.0152787228790683e-08,-0.021144722427442527,0.0010821198908085416,1.1074594210600277,1.1074594210600277,1.1074525089070633,0
LR_a0p1_qm05,101,1,6,100,2.2039313975166133,0.0029241689277755543,0.020268888803496345,0.0007593492720253596,-0.00017853598574361706,0.0009378903600848654,-5.102315888378743e-09,0.0,2.872715837622504e-05,-0.00148997138567452,0.0003570719714872341,-0.0018757807201697308,1.0204631776757487e-08,0.011510774909555044,-0.002453390902002436,1.2940428667976216,1.2940428667976211,1.293670373951203,0
LR_a0p1_qm05,101,1,7,100,2.189328014684747,0.0010911568032906846,-0.01917154185835629,4.609035696567336e-06,0.0005568062099016286,-0.0005521989223322896,1.7481272283892296e-09,0.0,3.67386046989702e-06,-5.544210923229542e-06,-0.0011136124198032572,0.0011043978446645792,-3.4962544567784593e-09,-0.06759518416303263,-0.0006971293388047489,1.307512709745855,1.307512709745855,1.307511323693124,0
LR_a0p1_qm05,101,1,8,100,2.2783612101025357,0.0051108030893358795,-0.019574159944156042,0.0003982532824409897,0.0016942500746475523,-0.0012960036094895858,6.817283023574503e-09,0.0,6.099185217098805e-05,-0.0007355147127109974,-0.0033885001492951045,0.0025920072189791715,-1.3634566047149005e-08,0.054082533694592,0.00023318330334508335,1.4247452105893965,1.4247452105893967,1.4245613319112191,0
LR_a0p1_qm05,101,1,9,100,2.565073793549627,0.012643794032272582,0.09323897945012012,0.00683700868807257,0.0027184344267622835,0.004118566202851859,8.058458428941502e-09,0.0,0.000501477019903205,-0.013172540356241928,-0.005436868853524567,-0.008237132405703718,-1.6116916857883004e-08,-0.020847734424102732,-0.01404268612126072,1.7876896520584091,1.7876896520584091,1.7843965169693485,0
LR_a0p1_qm05,101,20,0,100,2.2537414318696816,0.020332628129345158,0.05555614889741425,0.004493491614290122,0.018207762879524785,-0.01372312602032959,1.242487806345207e-08,8.842330216864035e-06,0.0008309117417608733,-0.008138386826385657,-0.03641552575904957,0.02744625204065918,-2.484975612690414e-08,0.03537125265235106,-0.02428212679369606,1.391111364966202,1.391111364966202,1.3890767682596052,0
LR_a0p1_qm05,101,20,1,100,2.398177986274857,0.021284132322698622,0.0115595283148118,0.0035454732183006626,0.029989146517376386,-0.026417357058689056,1.8105768555239347e-08,-2.6334346155214632e-05,0.0014419741621390363,-0.005701640966772715,-0.05997829303475277,0.05283471411737811,-3.6211537110478694e-08,0.08807128095845121,-0.0090128668055157,1.573483703198686,1.5734837031986857,1.5720582929569924,0
LR_a0p1_qm05,101,20,2,100,2.0660117879477666,0.01829674723771862,0.02433706316417183,0.0037467752878310263,0.018872989252653113,-0.014805186421864718,-6.586383461264722e-08,-0.0003209616791227596,0.0016421586681537037,-0.0064933152657538715,-0.03774597850530623,0.029610372843729436,1.3172766922529445e-07,0.06018524286234903,-0.024523388349482325,1.1736020478520646,1.1736020478520646,1.171978719035626,0
LR_a0p1_qm05,101,20,3,100,2.321105988080768,0.019159818818990614,0.05160706787459683,0.004146530065026346,0.02041457374800118,-0.01615235094898374,-2.3059125206750242e-08,-0.00011566967486588889,0.0011281492611897386,-0.007396250218594744,-0.04082914749600236,0.03230470189796748,4.6118250413500484e-08,0.0716357742643303,-0.008193308797670006,1.4585932670411228,1.4585932670411228,1.4567442044864736,0
LR_a0p1_qm05,101,20,4,100,2.5401389977077415,0.018292598209435587,0.021880359282112183,0.007471421675063451,0.026286992360745907,-0.018565308348667243,-4.906489433330084e-09,-0.00025025743052577306,0.0013021922077767686,-0.0141411660034017,-0.052573984721491815,0.03713061669733449,9.812978866660168e-09,0.02194186846495459,-0.01847668207037524,1.7789077119336618,1.7789077119336616,1.7753724204328114,0
LR_a0p1_qm05,101,20,5,100,2.015184357510097,0.00960306051011125,0.027772833613227448,0.003191590951173326,0.014777838375949162,-0.011491620590637292,2.105947004349532e-08,-9.464789360859052e-05,0.00041324262276532284,-0.006159235066798508,-0.029555676751898324,0.022983241181274584,-4.211894008699064e-08,-0.021144722427442527,-0.00574800706023036,1.1074594210600277,1.1074594210600277,1.1059196122933281,0
LR_a0p1_qm05,101,20,6,100,2.2039313975166133,0.014148740962227381,0.024181804107190397,0.0016919233466709174,0.014072728030693687,-0.012380849096361519,-4.983137849490175e-08,9.424371724597348e-08,0.00033241425872189255,-0.0030512439471854667,-0.028145456061387374,0.024761698192723038,9.96627569898035e-08,0.011510774909555044,-0.013830557209132718,1.2940428667976216,1.2940428667976211,1.2932800558108253,0
LR_a0p1_qm05,101,20,7,100,2.189328014684747,0.009349938242202656,0.03641033584301989,0.001963411534815306,0.021695680372110254,-0.01951384746695738,7.479143450665535e-08,-0.00021849616177207435,0.0006417613356472714,-0.0037220540575275064,-0.04339136074422051,0.03902769493391476,-1.495828690133107e-07,-0.06759518416303263,-0.014103119750980163,1.307512709745855,1.307512709745855,1.3065821962314732,0
LR_a0p1_qm05,101,20,8,100,2.2783612101025357,0.012108605146909897,0.022297440175980496,0.0018821895781541318,0.020571286025600558,-0.018683870151115566,7.954239631274271e-09,-5.234250570493035e-06,0.00041910166960332327,-0.0033557459878459316,-0.041142572051201115,0.03736774030223113,-1.5908479262548542e-08,0.054082533694592,-0.007757337921089546,1.4247452105893965,1.4247452105893967,1.4239062740924353,0
LR_a0p1_qm05,101,20,9,100,2.565073793549627,0.036572495507599306,0.027646570952579684,0.008592583030413943,0.03460035915086478,-0.024966000907062125,-2.8297374448070257e-09,-0.0010417723836512649,0.0054830206684371476,-0.013785690159693302,-0.06920071830172957,0.04993200181412425,5.659474889614051e-09,-0.020847734424102732,-0.01853048790914355,1.7876896520584091,1.7876896520584091,1.784243229518486,0
LR_a0p1_qm05,101,200,0,100,2.2537414318696816,0.03340906249789132,0.07003072364648508,0.008531286863039526,0.17506497294929232,-0.16669270881121293,-6.407280291908094e-08,0.000159086797763068,0.0025301613253458084,-0.014214238805207134,-0.35012994589858465,0.33338541762242585,1.2814560583816188e-07,0.03537125265235106,-0.05869863713502375,1.391111364966202,1.391111364966202,1.3875578052649002,0
LR_a0p1_qm05,101,200,1,100,2.398177986274857,0.04442747720861434,0.059195008789563526,0.014791855609397143,0.2742198609326656,-0.25756205979891744,-7.591783599738197e-08,-0.0018658696065151214,0.007380533552176003,-0.025934916879648523,-0.5484397218653312,0.5151241195978349,1.5183567199476395e-07,0.08807128095845121,-0.022986338664197838,1.573483703198686,1.5734837031986857,1.5669999739787734,0
LR_a0p1_qm05,101,200,2,100,2.0660117879477666,0.03881739178830962,0.011589251603120805,0.016694109083599983,0.15928588169866809,-0.14165482231273874,-2.684165617346764e-07,-0.0009366818857675995,0.005976889335628787,-0.02928469260310638,-0.31857176339733617,0.2833096446254775,5.368331234693528e-07,0.06018524286234903,-0.0853941631086861,1.1736020478520646,1.1736020478520646,1.1662808747012878,0
LR_a0p1_qm05,101,200,3,100,2.321105988080768,0.04805150108309672,0.10453135247813726,0.014076321508405676,0.23172819113738607,-0.2162215281710046,8.203638233966866e-08,-0.0014304234943581745,0.006449938698642157,-0.024563551306885586,-0.46345638227477215,0.4324430563420092,-1.6407276467933732e-07,0.0716357742643303,-0.039593860707927586,1.4585932670411228,1.4585932670411228,1.4524523792144013,0
LR_a0p1_qm05,101,200,4,100,2.5401389977077415,0.042460272694250366,0.037648944841130724,0.011704906993585595,0.2699242945064341,-0.25717279003169347,-1.568016581512511e-07,-0.0010464406794968965,0.005493223990025815,-0.020009471356139175,-0.5398485890128683,0.5143455800633869,3.136033163025022e-07,0.02194186846495459,-0.033261208538714004,1.7789077119336618,1.7789077119336616,1.773905344094627,0
LR_a0p1_qm05,101,200,5,100,2.015184357510097,0.03152582043453449,0.08514364059496449,0.007361572336726479,0.17035840285484127,-0.16242368839602805,8.372640654659527e-08,-0.0005732258484932461,0.0030330966431407896,-0.012836499727298644,-0.34071680570968255,0.3248473767920561,-1.6745281309319053e-07,-0.021144722427442527,-0.03595020499567056,1.1074594210600277,1.1074594210600277,1.104250296128203,0
LR_a0p1_qm05,101,200,6,100,2.2039313975166133,0.02599344793032264,0.09154359387914049,0.00904321384226399,0.13833389525860432,-0.12929346299422825,-1.7233248280280455e-07,2.953910370721673e-06,0.001389683025395242,-0.0166908368383913,-0.27666779051720863,0.2585869259884565,3.446649656056091e-07,0.011510774909555044,-0.04021456580192243,1.2940428667976216,1.2940428667976211,1.2898701575880238,0
LR_a0p1_qm05,101,200,7,100,2.189328014684747,0.02801033688396312,0.07610706877812393,0.006552908774216037,0.22930849047073348,-0.2213982980185218,-1.285760821680426e-07,-0.001357155101913455,0.0050893650990624815,-0.0107307626531965,-0.45861698094146697,0.4427965960370436,2.571521643360852e-07,-0.06759518416303263,-0.06363236987044885,1.307512709745855,1.307512709745855,1.304830019082556,0
LR_a0p1_qm05,101,200,8,100,2.2783612101025357,0.034612952346781106,0.01010730153633277,0.005570501609857411,0.20335381702611854,-0.19758496580380722,-1.906445736395785e-08,-0.00019833054799659171,0.0026932772238057786,-0.00884438709190222,-0.4067076340522371,0.39516993160761443,3.81289147279157e-08,0.054082533694592,-0.024896694124162132,1.4247452105893965,1.4247452105893967,1.4225341138164214,0
LR_a0p1_qm05,101,200,9,100,2.565073793549627,0.07913252727577041,0.0746306260482822,0.017721329080272224,0.2909474659477941,-0.2694002512079482,-3.863385143814078e-07,-0.0038254993210593063,0.019110331594865398,-0.023983325207797678,-0.5818949318955882,0.5388005024158964,7.726770287628156e-07,-0.020847734424102732,-0.06523979648963929,1.7876896520584091,1.7876896520584091,1.781693820756459,0
LR_a0p1_qm05,101,1000,0,100,2.2537414318696816,0.044284721612714406,0.09022011434946756,0.005600367250251762,0.8234520815938037,-0.8191689031711498,-3.1299423304434784e-07,0.0013175018218307185,0.004409046394188625,-0.004156684462653468,-1.6469041631876074,1.6383378063422995,6.259884660886957e-07,0.03537125265235106,-0.07504465670497824,1.391111364966202,1.391111364966202,1.3900721938505383,0
LR_a0p1_qm05,101,1000,1,100,2.398177986274857,0.08032149142543707,0.04857406425629787,0.027064186086781895,1.0975904569798298,-1.071905170914356,1.9873158460758798e-08,0.0013788801481499564,0.009920300712038504,-0.04145031116522535,-2.1951809139596596,2.143810341828712,-3.9746316921517596e-08,0.08807128095845121,-0.027930321132550676,1.573483703198686,1.5734837031986857,1.5631211254073794,0
LR_a0p1_qm05,101,1000,2,100,2.0660117879477666,0.05325437044873478,0.016097392070390276,0.012604966466024268,0.7507177743467901,-0.7371447478956173,-7.018948959471026e-08,-0.0009679897956589986,0.00933412543675507,-0.017811787086611477,-1.5014355486935802,1.4742894957912347,1.4037897918942051e-07,0.06018524286234903,-0.07278821357889392,1.1736020478520646,1.1736020478520646,1.1691491010804118,0
LR_a0p1_qm05,101,1000,3,100,2.321105988080768,0.08029652438910798,0.09753336860407265,0.019286302810962816,1.2330936491115048,-1.2118189885570023,2.731926765132222e-07,-0.001988630936215981,0.013891556621519094,-0.028658310872838492,-2.4661872982230095,2.4236379771140046,-5.463853530264444e-07,0.0716357742643303,-0.016834559861966334,1.4585932670411228,1.4585932670411228,1.451428689322913,0
LR_a0p1_qm05,101,1000,4,100,2.5401389977077415,0.05774365019314353,0.08812823324316568,0.01812209562478931,1.3220024088631193,-1.3032118338314205,3.704008440784e-07,-0.0006688498077533154,0.008958471994617367,-0.028623418870467886,-2.6440048177262385,2.606423667662841,-7.408016881568e-07,0.02194186846495459,-0.03341133793531234,1.7789077119336618,1.7789077119336616,1.7717518572160451,0
LR_a0p1_qm05,101,1000,5,100,2.015184357510097,0.05035221723898256,0.07212122562215438,0.009095934440939847,0.8187032107679019,-0.8093249377578899,-2.9775113592998184e-07,-0.00028204081793577575,0.005081290911924208,-0.013674659605827031,-1.6374064215358037,1.6186498755157799,5.955022718599637e-07,-0.021144722427442527,-0.02075600110771856,1.1074594210600277,1.1074594210600277,1.104040756158571,0
LR_a0p1_qm05,101,1000,6,100,2.2039313975166133,0.04949492358145094,0.09669011330396221,0.013955981879089824,0.7233630262636827,-0.7098567519830083,2.0492699718381185e-07,0.0004495026714181087,0.0034517190292733656,-0.02356123938607011,-1.4467260525273653,1.4197135039660167,-4.098539943676237e-07,0.011510774909555044,-0.05405387256524916,1.2940428667976216,1.2940428667976211,1.288152556951104,0
LR_a0p1_qm05,101,1000,7,100,2.189328014684747,0.05520646517047578,0.07771578189932703,0.0022524094258012262,1.044233394946839,-1.041266590417422,5.706812096783564e-08,-0.0007144521717368934,0.010391680701348223,0.0044579575062719656,-2.088466789893678,2.082533180834844,-1.1413624193567128e-07,-0.06759518416303263,-0.08405956555696381,1.307512709745855,1.307512709745855,1.3086271991224228,0
LR_a0p1_qm05,101,1000,8,100,2.2783612101025357,0.051528795671913506,0.025418040381468186,0.006195074859486489,0.975672936946427,-0.970084524994531,2.3927455717129935e-07,0.0006064236330328591,0.005139602321420512,-0.006037700131486766,-1.951345873892854,1.940169049989062,-4.785491143425987e-07,0.054082533694592,-0.016998592026663456,1.4247452105893965,1.4247452105893967,1.423235785556525,0
LR_a0p1_qm05,101,1000,9,100,2.565073793549627,0.1209105683294211,0.15168612280345498,0.02229096824290695,1.450652404129197,-1.4204397309369932,-5.619399045983933e-07,-0.007921143009391805,0.03969390432079379,-0.020730318183803727,-2.901304808258394,2.8408794618739863,1.1238798091967866e-06,-0.020847734424102732,-0.08228109375788716,1.7876896520584091,1.7876896520584091,1.7825070725124579,0
LR_a0p1_qm05,101,10000,0,100,2.2537414318696816,0.09033678686653054,-0.017225828871066596,-0.012245221456163606,9.207940155734367,-9.22963639978394,-2.2682722943497967e-06,0.009453290865709401,0.010678806588828022,0.054075831232574,-18.415880311468733,18.45927279956788,4.536544588699593e-06,0.03537125265235106,-0.034442800232026255,1.391111364966202,1.391111364966202,1.404630322774345,0
LR_a0p1_qm05,101,10000,1,100,2.398177986274857,0.1257721738848668,0.03288623239844239,0.03283955556158555,9.656650111011144,-9.634595284828483,1.4942542251355883e-06,0.010783235124695685,0.011544639271742834,-0.0325680016020369,-19.31330022202229,19.269190569656967,-2.9885084502711765e-06,0.08807128095845121,-0.008531980195233818,1.573483703198686,1.5734837031986857,1.5653417027981766,0
LR_a0p1_qm05,101,10000,2,100,2.0660117879477666,0.09382441293967433,0.0418940608011564,-0.00520723931550603,7.964790427944113,-7.9750376458081425,-1.1576403086179802e-06,0.005041136188848935,0.015454763255694117,0.03595151426440406,-15.929580855888226,15.950075291616285,2.3152806172359605e-06,0.06018524286234903,-0.07744810293377938,1.1736020478520646,1.1736020478520646,1.1825899264181654,0
LR_a0p1_qm05,101,10000,3,100,2.321105988080768,0.15612638024462888,0.08070666513891339,0.008021782162648537,11.658683802866172,-11.658536477113046,1.523043724242134e-06,0.007872933365796309,0.027888920446262944,0.027591222852558488,-23.317367605732343,23.31707295422609,-3.046087448484268e-06,0.0716357742643303,-0.015888041065341252,1.4585932670411228,1.4585932670411228,1.4654910727542623,0
LR_a0p1_qm05,101,10000,4,100,2.5401389977077415,0.08457572917623085,0.10633148273106677,0.004458447765132431,13.934480760655592,-13.934030403118804,-2.3015244575178212e-07,0.004008320380778154,0.014045451702614887,0.013145196933906365,-27.868961521311185,27.868060806237608,4.6030489150356423e-07,0.02194186846495459,-0.013675826003105915,1.7789077119336618,1.7789077119336616,1.7821940111671382,0
LR_a0p1_qm05,101,10000,5,100,2.015184357510097,0.09096858729767378,0.08671298032895576,0.00885116779698706,8.272978959068785,-8.268957334538946,-2.921599114023358e-07,0.004829835427059187,0.008522133735215435,0.000479468995359702,-16.54595791813757,16.537914669077892,5.843198228046716e-07,-0.021144722427442527,-0.004106661047031312,1.1074594210600277,1.1074594210600277,1.1075792883088678,0
LR_a0p1_qm05,101,10000,6,100,2.2039313975166133,0.127292186726197,0.055381127978418855,0.0047652832417992555,7.274983109647155,-7.286409070810277,-7.867686059971676e-07,0.01619203117352143,0.00870298574754931,0.03155648161099366,-14.54996621929431,14.572818141620553,1.5735372119943352e-06,0.011510774909555044,-0.02081538535709501,1.2940428667976216,1.2940428667976211,1.3019319872003698,0
LR_a0p1_qm05,101,10000,7,100,2.189328014684747,0.13381505639142555,0.004222678411928891,-0.02666091190037851,11.873915221784312,-11.913391256407394,-1.7032565510518869e-07,0.012815293048384165,0.021709994273832373,0.10066240417135788,-23.747830443568624,23.826782512814788,3.4065131021037737e-07,-0.06759518416303263,-0.06782685368655793,1.307512709745855,1.307512709745855,1.3326783107886941,0
LR_a0p1_qm05,101,10000,8,100,2.2783612101025357,0.10250724836853103,-0.017907629165649093,-0.004235713452266999,10.564422128594883,-10.575421010808938,-1.9255595073553408e-07,0.006763361317763586,0.011308286217293694,0.03330643575735493,-21.128844257189765,21.150842021617876,3.8511190147106816e-07,0.054082533694592,0.004715259018077955,1.4247452105893965,1.4247452105893967,1.4330718195287357,0
LR_a0p1_qm05,101,10000,9,100,2.565073793549627,0.20977299854729148,0.15373186424171167,-0.08749394669464144,17.351095634508507,-17.431895153213752,9.198126878646561e-07,-0.006695347802068936,0.13259674945630542,0.29419394724145076,-34.702191269017014,34.863790306427504,-1.8396253757293123e-06,-0.020847734424102732,-0.005523269170542342,1.7876896520584091,1.7876896520584091,1.8612381388687718,0
LR_a0p1_qp05,21,1,0,100,1.2777824062688472,2.6572337471339026e-05,0.007055973654239229,1.9751054928810167e-06,0.00016691502806136577,-0.00016494068840428814,7.658358033908023e-10,0.0,2.6432245232247547e-09,-3.947567761234672e-06,-0.00033383005612273154,0.0003298813768085763,-1.5316716067816045e-09,0.05719451253454696,-3.165988742542092e-05,0.49962957076078385,0.49962957076078374,0.4996285838688434,0
LR_a0p1_qp05,21,1,1,100,1.3051048912753886,0.0038659415620684134,-0.030202831917083527,0.0011297250319602756,2.6572770961420022e-05,0.0011031518872012098,3.7379764572933243e-10,0.0,7.030280470158188e-05,-0.002189147259218964,-5.3145541922840045e-05,-0.0022063037744024195,-7.475952914586649e-10,0.024187137529771387,-0.008598914392693635,0.5262746417180219,0.5262746417180217,0.5257273549032171,0
LR_a0p1_qp05,21,1,2,100,1.0833991854583755,0.0036188700579317446,0.02450992750557015,0.0005011735711046974,0.0019044164705232442,-0.0014032434854178888,5.859993423080816e-10,0.0,4.919867261300477e-05,-0.0009531484695963871,-0.0038088329410464884,0.0028064869708357776,-1.1719986846161633e-09,0.07457836409131105,0.0023319470616035283,0.34816350964092135,0.34816350964092135,0.34792522252352226,0
LR_a0p1_qp05,21,1,3,100,1.402952956198838,0.003113825896605642,0.01983128111979249,-0.0003852806226938857,0.0010655040623473299,-0.001450781924630536,-2.7604106794251203e-09,0.0,4.842805376463026e-05,0.0008189892991524045,-0.0021310081246946598,0.002901563849261072,5.520821358850241e-09,-0.11016657415109542,0.0023465583165244775,0.6272117473020672,0.6272117473020671,0.6274164946268552,0
LR_a0p1_qp05,21,1,4,100,1.3684965336168773,0.0019242356732018118,-0.05234507867328236,-0.00036951958882513113,-3.6412653474151774e-05,-0.00033311194534264794,5.009991668694902e-09,0.0,1.5222297228260284e-05,0.0007542614748785171,7.282530694830355e-05,0.0006662238906852959,-1.0019983337389804e-08,0.10687249867649026,0.0015533363660225608,0.5909767685868,0.5909767685868,0.5911653339555196,0
LR_a0p1_qp05,21,1,5,100,1.1747948377973783,0.005157399399413621,0.09187115016495301,0.0005212290937105157,0.0004252576128317706,9.597528352786086e-05,-3.802649115653485e-09,0.0,0.00011071828693942618,-0.0009317399004816212,-0.0008505152256635412,-0.00019195056705572172,7.60529823130697e-09,0.031761652008659415,-0.0029722449289446406,0.41384426545236935,0.4138442654523693,0.41361133047724885,0
LR_a0p1_qp05,21,1,6,100,1.4888308421529037,4.0169246485081546e-07,-0.007755079975197875,2.2875520929195112e-08,1.270598208818875e-07,-1.1002423391165434e-07,5.839933958961956e-09,0.0,5.257292212042264e-13,-4.575051614136294e-08,-2.54119641763775e-07,2.2004846782330868e-07,-1.1679867917923912e-08,0.007567391722424341,0.0003046322264947868,0.6445892806082021,0.6445892806082021,0.6445892691705731,3
LR_a0p1_qp05,21,1,7,100,1.1551939495415098,0.0011519044648464441,-0.013838942612929932,-7.054624375043746e-05,0.00011714628376273773,-0.00018769553048887596,3.0029757008399367e-09,0.0,5.501003023047155e-06,0.00014659349052392384,-0.00023429256752547547,0.0003753910609777519,-6.0059514016798735e-09,0.0512689763974802,0.00045447780523750136,0.4118133632730374,0.4118133632730374,0.41185001164566837,0
LR_a0p1_qp05,21,1,8,100,1.2371452242820322,0.004014455542874692,-0.004106931416004908,0.0007552075243958653,0.00010398770950807557,0.0006512206334214764,-8.185336864263167e-10,0.0,6.747819095396688e-05,-0.0014429368578377589,-0.00020797541901615115,-0.0013024412668429528,1.6370673728526333e-09,-0.04578322134229532,0.002953085450097279,0.4613182921615129,0.4613182921615129,0.4609575579470534,0
LR_a0p1_qp05,21,1,9,100,1.553175927766381,0.003082285533567915,-0.08762342396497252,-0.00036439484590145677,0.0016812788978807017,-0.0020456699801038505,-3.763678308502298e-09,0.0,3.960594159186745e-05,0.0007683956333947808,-0.0033625577957614033,0.004091339960207701,7.527356617004596e-09,0.046770288641248915,0.0019451566223668418,0.7505533908647802,0.7505533908647801,0.7507454897731288,0
LR_a0p1_qp05,21,20,0,100,1.2777824062688472,0.016703467057419506,0.044795023202990274,0.0027266927177755046,0.022074342662110835,-0.01927604827043199,-1.2337341470755333e-08,-7.15893365618695e-05,0.000941272189768362,-0.004655291918906382,-0.04414868532422167,0.03855209654086398,2.4674682941510667e-08,0.05719451253454696,-0.023425847499497797,0.49962957076078385,0.49962957076078374,0.4984657477810571,0
LR_a0p1_qp05,21,20,1,100,1.3051048912753886,0.021816057245314834,-0.0028595045064837275,0.0015892679743879905,0.03800923673992209,-0.035629732618775826,-9.746257444438552e-09,-0.0007902264005008212,0.0033191801867324742,-0.0014398085630451547,-0.07601847347984418,0.07125946523755165,1.9492514888877105e-08,0.024187137529771387,-0.041972787257785873,0.5262746417180219,0.5262746417180217,0.5259146895772605,0
LR_a0p1_qp05,21,20,2,100,1.0833991854583755,0.014714050814688628,0.09447622227837967,0.002539855644630138,0.012995384741996916,-0.010228772844318008,-1.1054309877768162e-08,-0.00022674519873889083,0.0010013369343087161,-0.004531864752429342,-0.02599076948399383,0.020457545688636017,2.2108619755536323e-08,0.07457836409131105,-0.01102086178185532,0.34816350964092135,0.34816350964092135,0.3470305434528139,0
LR_a0p1_qp05,21,20,3,100,1.402952956198838,0.017095413996738983,-0.03151018715998808,0.011177496241153703,0.03418960943447086,-0.02254095738390912,3.371039110928293e-08,-0.00047118951979914237,0.0019366034636415516,-0.021360768058264146,-0.06837921886894172,0.04508191476781824,-6.742078221856586e-08,-0.11016657415109542,-0.043721134691681686,0.6272117473020672,0.6272117473020671,0.6218715552875012,0
LR_a0p1_qp05,21,20,4,100,1.3684965336168773,0.01332510386219951,-0.03057816331226912,0.0037778913748704023,0.016615916330084187,-0.012765327156603865,-6.197117881068034e-09,-7.269160149203759e-05,0.0007206041643180461,-0.006980561788406836,-0.033231832660168374,0.02553065431320773,1.2394235762136068e-08,0.10687249867649026,-0.013866870419113369,0.5909767685868,0.5909767685868,0.5892316281396984,0
LR_a0p1_qp05,21,20,5,100,1.1747948377973783,0.013185625683059641,0.03679770207829194,0.002145710532969408,0.017301620831445153,-0.015012753239820703,-1.619975099150571e-08,-0.00014314085890405095,0.0007309826737253639,-0.003846720110021563,-0.034603241662890305,0.030025506479641407,3.239950198301142e-08,0.031761652008659415,-0.02215211458229089,0.41384426545236935,0.4138442654523693,0.4128825854248639,0
LR_a0p1_qp05,21,20,6,100,1.4888308421529037,0.010094394565126357,0.05634868306167928,0.003977547201699727,0.02360329168694159,-0.019419153275863105,3.825625455976222e-08,-0.00020662946563331695,0.0007689838461803993,-0.0075993694884856884,-0.04720658337388318,0.03883830655172621,-7.651250911952445e-08,0.007567391722424341,-0.01601051228608124,0.6445892806082021,0.6445892806082021,0.6426894382360807,0
LR_a0p1_qp05,21,20,7,100,1.1551939495415098,0.010308700391544667,-0.02731930563739254,0.0011673356920444472,0.01092754046118402,-0.009793753835885743,-3.365197778973079e-09,3.355243194394944e-05,0.00018413750330013216,-0.002083429016900864,-0.02185508092236804,0.019587507671771486,6.730395557946158e-09,0.0512689763974802,-0.010019379900205991,0.4118133632730374,0.4118133632730374,0.411292506018812,0
LR_a0p1_qp05,21,20,8,100,1.2371452242820322,0.016191344107539255,-0.06790093060793395,0.0010830725430487737,0.015704874372809517,-0.014467726468393416,-2.6721108928581206e-09,-0.00015407268925643372,0.0011091474926037356,-0.0013651429720066782,-0.03140974874561903,0.028935452936786833,5.344221785716241e-09,-0.04578322134229532,-0.01084283673727375,0.4613182921615129,0.4613182921615129,0.46097700641851114,0
LR_a0p1_qp05,21,20,9,100,1.553175927766381,0.00989396934786129,0.0785304683016121,0.0022425720703891485,0.044835474904567886,-0.04240469239617055,1.8145941790125694e-08,-0.00018822858394997922,0.0007091500367704103,-0.004152451271907844,-0.08967094980913577,0.0848093847923411,-3.629188358025139e-08,0.046770288641248915,-6.256402346531798e-05,0.7505533908647802,0.7505533908647801,0.7495152780468033,0
LR_a0p1_qp05,21,200,0,100,1.2777824062688472,0.03309207972755884,0.008566543994632803,0.00838898380832363,0.22603350692180715,-0.2157980145306878,-5.675039745407479e-08,-0.001846451832398314,0.007266975948602831,-0.013203895332841062,-0.4520670138436143,0.4315960290613756,1.1350079490814958e-07,0.05719451253454696,-0.07601327151854916,0.49962957076078385,0.49962957076078374,0.4963285969275734,0
LR_a0p1_qp05,21,200,1,100,1.3051048912753886,0.04776537105341496,0.028023585203446392,0.007077188074092851,0.262459147785859,-0.2529466317595961,-6.226511957836076e-08,-0.002435265687050382,0.01094633194416158,-0.00807857557812488,-0.524918295571718,0.5058932635191922,1.2453023915672151e-07,0.024187137529771387,-0.12707554475841962,0.5262746417180219,0.5262746417180217,0.5242549978234905,0
LR_a0p1_qp05,21,200,2,100,1.0833991854583755,0.030650624935732437,0.0769453338504811,0.0058591084152857485,0.12020229668802904,-0.11342852937441976,-7.591686951930743e-09,-0.000914651306636578,0.0041274972202545515,-0.009420022223590105,-0.24040459337605807,0.22685705874883952,1.5183373903861487e-08,0.07457836409131105,-0.03855300773165751,0.34816350964092135,0.34816350964092135,0.3458085040850238,0
LR_a0p1_qp05,21,200,3,100,1.402952956198838,0.03454223465791714,0.016422556101721247,0.020041304154111202,0.18467972852602357,-0.16406311505187016,1.653948045783883e-09,-0.0005753109739902041,0.004992034048093111,-0.036241196208109706,-0.36935945705204715,0.3281262301037403,-3.307896091567766e-09,-0.11016657415109542,-0.06115597264446834,0.6272117473020672,0.6272117473020671,0.6181514482500396,0
LR_a0p1_qp05,21,200,4,100,1.3684965336168773,0.04143333378763054,0.012169934442199075,0.01665174655162878,0.2166916461229661,-0.19898290317892683,3.745434571467762e-08,-0.001057033846756243,0.007237432861071507,-0.02818012793569853,-0.4333832922459322,0.39796580635785367,-7.490869142935523e-08,0.10687249867649026,-0.1044773834866734,0.5909767685868,0.5909767685868,0.5839317366028753,0
LR_a0p1_qp05,21,200,5,100,1.1747948377973783,0.033690363436716414,0.020218668918302814,0.003327911428063609,0.12159143399699777,-0.11785189235088525,-5.771137691816729e-08,-0.00041157250667197415,0.0036943072259070487,-0.00378466064356412,-0.24318286799399555,0.2357037847017705,1.1542275383633458e-07,0.031761652008659415,-0.0617289382430903,0.41384426545236935,0.4138442654523693,0.4128981002914782,0
LR_a0p1_qp05,21,200,6,100,1.4888308421529037,0.03793653917524278,0.06823646874533666,0.01484790624047115,0.1489499162728345,-0.13456762549166304,1.0741599390133491e-08,0.0004656047177002717,0.002409385416759389,-0.026355217628782367,-0.297899832545669,0.2691352509833261,-2.1483198780266983e-08,0.007567391722424341,-0.06678460069811465,0.6445892806082021,0.6445892806082021,0.6380004762010064,0
LR_a0p1_qp05,21,200,7,100,1.1551939495415098,0.02347166738955775,-0.03864052315161292,0.0009605497598055509,0.12448912838042368,-0.12374188667864884,5.9018970269459775e-09,0.00021330215613365265,0.001185072609956091,-0.00030942259738771043,-0.24897825676084737,0.24748377335729768,-1.1803794053891955e-08,0.0512689763974802,-0.011451806872736439,0.4118133632730374,0.4118133632730374,0.4117360076236904,0
LR_a0p1_qp05,21,200,8,100,1.2371452242820322,0.03153939162531516,-0.01639966323592075,0.008441669451398426,0.12712161242679726,-0.11772091215969124,4.4323572285050436e-09,-0.0009590352480647897,0.005165424112798468,-0.013635985286127963,-0.2542432248535945,0.2354418243193825,-8.864714457010087e-09,-0.04578322134229532,-0.04876410396508626,0.4613182921615129,0.4613182921615129,0.4579092958399808,0
LR_a0p1_qp05,21,200,9,100,1.553175927766381,0.03573271025000417,0.017561283083530034,0.0116498542220326,0.3268660702645692,-0.31435465677633034,4.618645297298318e-09,-0.0008615638848514721,0.005388579556019453,-0.019634256657748695,-0.6537321405291384,0.6287093135526607,-9.237290594596636e-09,0.046770288641248915,-0.0270223270908596,0.7505533908647802,0.7505533908647801,0.7456448267003429,0
LR_a0p1_qp05,21,1000,0,100,1.2777824062688472,0.06518851139452118,0.06667977752293316,0.008588729741502477,0.9227643621820247,-0.9143085134482554,-2.0632397745316068e-07,0.0001330873317097442,0.014369021453940995,-0.0025422633656444777,-1.8455287243640495,1.8286170268965107,4.1264795490632136e-07,0.05719451253454696,-0.1090546262922817,0.49962957076078385,0.49962957076078374,0.4989940049193726,0
LR_a0p1_qp05,21,1000,1,100,1.3051048912753886,0.08899787304075854,0.01112974475821809,0.00025902699139906146,1.3056414920559019,-1.3030416116291323,-1.2843936652468101e-07,-0.0023407249960031963,0.024505339945689045,0.019305835970884533,-2.6112829841118037,2.6060832232582647,2.5687873304936203e-07,0.024187137529771387,-0.12769965024032906,0.5262746417180219,0.5262746417180217,0.5311011007107429,0
LR_a0p1_qp05,21,1000,2,100,1.0833991854583755,0.05553016814047493,0.0882714660552761,0.009215676245689051,0.4818138646947289,-0.4722062132093482,-5.63506717217301e-08,-0.0003919188890202027,0.008314227174414929,-0.010900963095003578,-0.9636277293894578,0.9444124264186964,1.127013434434602e-07,0.07457836409131105,-0.06733904780970117,0.34816350964092135,0.34816350964092135,0.34543826886717044,0
LR_a0p1_qp05,21,1000,3,100,1.402952956198838,0.05494110153532932,0.009480110591304096,0.005384869788484386,0.8127111191578681,-0.8066301604694053,-2.3113401954741762e-07,-0.0006958577659588048,0.010710732795167814,-0.0014507223137185576,-1.6254222383157362,1.6132603209388106,4.6226803909483524e-07,-0.11016657415109542,-0.0694214248241524,0.6272117473020672,0.6272117473020671,0.6268490667236376,0
LR_a0p1_qp05,21,1000,4,100,1.3684965336168773,0.08501259895109299,0.02303352031439458,0.014281348889053474,0.9138218003456916,-0.9040312264154581,6.998636919257283e-08,0.004490704972450802,0.013894933237698638,-0.005686354595506693,-1.8276436006913832,1.8080624528309162,-1.3997273838514565e-07,0.10687249867649026,-0.10833824747498129,0.5909767685868,0.5909767685868,0.5895551799379234,0
LR_a0p1_qp05,21,1000,5,100,1.1747948377973783,0.06674998893415497,-0.002946207583026893,-0.001443796192923023,0.5533283939075203,-0.5562156254490808,-5.5428407671046435e-09,0.0014434408914782142,0.009059098350292867,0.014833572519095341,-1.1066567878150406,1.1124312508981615,1.1085681534209287e-08,0.031761652008659415,-0.08513375290895066,0.41384426545236935,0.4138442654523693,0.41755265858214313,0
LR_a0p1_qp05,21,1000,6,100,1.4888308421529037,0.06972545340883722,0.07523753392279894,0.01685536468278254,0.5909005340771596,-0.5777031990868786,-5.000381447720213e-08,0.0036580796963153524,0.004097509519349504,-0.022297060453584885,-1.1818010681543192,1.1554063981737572,1.0000762895440426e-07,0.007567391722424341,-0.07759776421526486,0.6445892806082021,0.6445892806082021,0.6390150154948059,0
LR_a0p1_qp05,21,1000,7,100,1.1551939495415098,0.04842561405165178,-0.07142452533997712,-0.001403362328231686,0.571118577340401,-0.5741794171161151,9.656878441400045e-08,0.0016573808786979798,0.003206842959227971,0.009328329373087306,-1.142237154680802,1.1483588342322302,-1.931375688280009e-07,0.0512689763974802,-0.033280491137791024,0.4118133632730374,0.4118133632730374,0.4141454456163091,0
LR_a0p1_qp05,21,1000,8,100,1.2371452242820322,0.056284998748875464,-0.009007875182534548,0.014213097358496326,0.324275104297556,-0.3121416039273767,-2.2509366415241465e-08,0.0020796194976834743,0.009710160577003617,-0.014556795144622077,-0.648550208595112,0.6242832078547534,4.501873283048293e-08,-0.04578322134229532,-0.06666796339032034,0.4613182921615129,0.4613182921615129,0.45767909337535734,0
LR_a0p1_qp05,21,1000,9,100,1.553175927766381,0.06619021553508157,0.03069593998786784,0.01328967852388866,1.3952841692814169,-1.38352959667393,-3.7280108831121984e-08,0.0015351431965096073,0.00840887059412407,-0.01510020006063403,-2.7905683385628337,2.76705919334786,7.456021766224397e-08,0.046770288641248915,-0.026519403734372133,0.7505533908647802,0.7505533908647801,0.7467783408496216,0
LR_a0p1_qp05,21,10000,0,100,1.2777824062688472,0.1369893544521669,-0.01167445453113092,-0.011340100185814557,10.976901861398671,-11.009330850323082,-5.359005369096014e-07,0.021089424639129373,0.026595835504717256,0.09145488515460513,-21.953803722797343,22.018661700646163,1.0718010738192029e-06,0.05719451253454696,-0.10857385825677845,0.49962957076078385,0.49962957076078374,0.5224932920494351,0
LR_a0p1_qp05,21,10000,1,100,1.3051048912753886,0.1521774735784198,-0.09055546477345994,-0.06123505090876194,16.668395324615396,-16.736309601216874,-1.598389330283808e-07,0.006679385531630282,0.05064089242157233,0.186469765302357,-33.33679064923079,33.47261920243375,3.196778660567616e-07,0.024187137529771387,-0.1423345365331423,0.5262746417180219,0.5262746417180217,0.5728920830436111,0
LR_a0p1_qp05,21,10000,2,100,1.0833991854583755,0.09569515438810029,0.03442884338352457,0.0037090717389021755,4.616181670080669,-4.618710539405189,-1.9333396719275163e-07,0.006238134397401613,0.011259687344185285,0.01631781266118419,-9.232363340161339,9.237421078810378,3.8666793438550325e-07,0.07457836409131105,-0.08173008131437735,0.34816350964092135,0.34816350964092135,0.35224296280621753,0
LR_a0p1_qp05,21,10000,3,100,1.402952956198838,0.19099686028289636,-0.21737502058581232,-0.12846849233127886,14.118735609205213,-14.28471011002481,-1.6267793840818969e-07,0.03750617116623517,0.04974181290833424,0.38169113990336223,-28.237471218410427,28.56942022004962,3.2535587681637937e-07,-0.11016657415109542,-0.16823390009499822,0.6272117473020672,0.6272117473020671,0.7226345322779077,0
LR_a0p1_qp05,21,10000,4,100,1.3684965336168773,0.16655825255302667,-0.07615320253612898,-0.047139150330551466,16.789161807154557,-16.868452194794365,-4.6125522487362256e-07,0.03215169856447139,0.026930487243757194,0.18551218503380315,-33.57832361430911,33.73690438958873,9.225104497472451e-07,0.10687249867649026,-0.14082337189508443,0.5909767685868,0.5909767685868,0.6373548148452509,0
LR_a0p1_qp05,21,10000,5,100,1.1747948377973783,0.12222391128943766,-0.000417179019581696,-0.02246447611297245,6.646762970029055,-6.683662060601509,-3.8716655402712934e-07,0.014435001626033625,0.014518642562092654,0.08831759804010518,-13.29352594005811,13.367324121203017,7.743331080542587e-07,0.031761652008659415,-0.07880798677434614,0.41384426545236935,0.4138442654523693,0.43592366496239554,0
LR_a0p1_qp05,21,10000,6,100,1.4888308421529037,0.10638890053761642,0.077220031606163,0.006243226402738719,5.89891214237932,-5.905916068183298,1.7259385886942397e-06,0.013245426268126033,0.006140880983962444,0.020145280714737118,-11.79782428475864,11.811832136366595,-3.4518771773884794e-06,0.007567391722424341,-0.07318668708896915,0.6445892806082021,0.6445892806082021,0.6496256007868866,0
LR_a0p1_qp05,21,10000,7,100,1.1551939495415098,0.11287276479731638,-0.10567892232237742,-0.02845967048056849,6.595103144905288,-6.637979603944619,-8.399605477739342e-08,0.014416872554806469,0.006050988183191166,0.0918040742539411,-13.190206289810575,13.275959207889239,1.6799210955478685e-07,0.0512689763974802,-0.03987221915943901,0.4118133632730374,0.4118133632730374,0.43476438183652255,0
LR_a0p1_qp05,21,10000,8,100,1.2371452242820322,0.10253136863707554,-0.01634133962815271,0.004281807716486741,3.199261531050609,-3.2091488289114043,-2.184415965500537e-08,0.014169127421432656,0.013205658165127896,0.03298029757501974,-6.398523062101218,6.418297657822809,4.368831931001074e-08,-0.04578322134229532,-0.0614758037274874,0.4613182921615129,0.4613182921615129,0.4695633665552677,0
LR_a0p1_qp05,21,10000,9,100,1.553175927766381,0.11925407938905261,0.03225364420926581,0.013664690634990066,13.731909856184458,-13.729544564741273,-7.277513059910369e-08,0.011299471966941834,0.011063805172075931,0.0063333678359795195,-27.463819712368917,27.459089129482546,1.4555026119820737e-07,0.046770288641248915,-0.03740872214856528,0.7505533908647802,0.7505533908647801,0.752136732823775,0
LR_a0p1_qp05,101,1,0,100,2.0448811020628197,0.00033639686110164776,-0.25640535518016094,-0.00019909296994167857,7.082031146257049e-05,-0.0002699057389930176,-7.542411231519136e-09,0.0,2.429294391582097e-07,0.0003984288693225313,-0.00014164062292514097,0.0005398114779860352,1.5084822463038272e-08,0.03215594072875453,-0.0006569868000389079,1.365965021540685,1.365965021540685,1.3660646287580158,0
LR_a0p1_qp05,101,1,1,100,1.9270561110342208,0.0004739541189236652,-0.11430254856733565,-0.00024170303995579723,6.965730612634423e-05,-0.00031139144655015476,3.1100468013340244e-08,0.0,7.110100840896656e-07,0.0004841170899957223,-0.00013931461225268846,0.0006227828931003095,-6.220093602668049e-08,0.11213962008997637,-0.0010740662978550564,1.2817183072416152,1.2817183072416152,1.2818393365141136,0
LR_a0p1_qp05,101,1,2,100,1.9189586820330349,0.00011466055919307503,-0.02000910060650548,-2.7747708325197392e-05,-6.840453884248764e-06,-2.0923738990276595e-05,1.648454932796995e-08,0.0,2.4361760156701264e-08,5.551977841055683e-05,1.3680907768497528e-05,4.184747798055319e-05,-3.29690986559399e-08,0.07027836300199412,-0.0007713300526092426,1.232333507077377,1.2323335070773769,1.2323473870219797,0
LR_a0p1_qp05,101,1,3,100,1.8995909501304775,0.00014564511788861274,-0.1281614291306734,-0.00012030646464397097,0.00036526699118082014,-0.00048556731019144144,-6.1456333497480456e-09,0.0,1.4380015601219475e-07,0.00024075672944394555,-0.0007305339823616403,0.0009711346203828829,1.2291266699496091e-08,0.05843983537413977,0.0001931202548882216,1.1503466613820061,1.1503466613820061,1.1504068505643672,0
LR_a0p1_qp05,101,1,4,100,1.9087589900166844,0.0002196870507184313,-0.2015926881060851,-3.8941567724547785e-05,1.4776321076778412e-05,-5.3726047318877664e-05,8.158517551466626e-09,0.0,2.1969872361546003e-07,7.810283417269859e-05,-2.9552642153556825e-05,0.00010745209463775533,-1.631703510293325e-08,0.0743612435445172,-0.0002282619572490263,1.1827785902909995,1.182778590290999,1.1827981159995427,0
LR_a0p1_qp05,101,1,5,100,1.9459033116124862,0.00021880815234758563,-0.05842163723152519,-2.6277055370070128e-05,-7.305673560947414e-05,4.676847443815866e-05,1.1205801245340255e-08,0.0,1.0432009947488469e-07,5.265843083960858e-05,0.0001461134712189483,-9.353694887631732e-05,-2.241160249068051e-08,-0.04271727165244363,0.0006835084229569343,1.2145856785655547,1.2145856785655549,1.2145988431732648,0
LR_a0p1_qp05,101,1,6,100,2.154967338736313,0.0007631544632072631,0.03689495877102399,0.00014311691336429063,3.1065212075654985e-05,0.00011205703964470149,-5.338356065793259e-09,0.0,8.353463963526654e-07,-0.0002853984803322057,-6.213042415130997e-05,-0.00022411407928940298,1.0676712131586518e-08,0.0025368939560710315,0.000573966130356387,1.459723810718245,1.4597238107182449,1.459652461098162,0
LR_a0p1_qp05,101,1,7,100,1.9169541719699092,0.0004544342968707877,0.229948827658576,2.2601934931788152e-05,2.73941913214893e-05,-4.809594977490893e-06,1.73385877897295e-08,0.0,4.897278528321176e-07,-4.4714142010731095e-05,-5.47883826429786e-05,9.619189954981787e-06,-3.4677175579459e-08,-0.09979230429650912,0.0014009092466750217,1.2705618783169088,1.2705618783169088,1.270550699781406,0
LR_a0p1_qp05,101,1,8,100,1.9617812884024375,0.0003531336884026378,0.10133423120685257,5.368422931526658e-05,5.6143089339243585e-05,-2.458940074136706e-06,8.005015969275776e-11,0.0,2.6588281020577164e-07,-0.00010710257582030674,-0.00011228617867848717,4.917880148273412e-06,-1.6010031938551552e-10,0.09613145398802775,0.00046018799573165124,1.1815163844406888,1.1815163844406888,1.181489608796734,0
LR_a0p1_qp05,101,1,9,100,1.997194615800995,0.001370957201256427,0.35305879178305105,0.0009992740360492331,6.773047981095196e-05,0.000931535627136687,7.929101594186502e-09,0.0,3.070411447385728e-06,-0.0019954776606511044,-0.00013546095962190392,-0.001863071254273374,-1.5858203188373004e-08,0.05895087410061896,0.0028304895381757733,1.22931145236369,1.2293114523636899,1.2288125829485272,0
LR_a0p1_qp05,101,20,0,100,2.0448811020628197,0.006723181774433365,-0.2601084282537474,-0.001851599241045087,0.013835722280198299,-0.015727203915852802,-1.0625343212575108e-07,3.9988648041535416e-05,4.8826598577546825e-05,0.003832002376750801,-0.027671444560396597,0.031454407831705604,2.1250686425150216e-07,0.03215594072875453,-0.01829215228864232,1.365965021540685,1.365965021540685,1.3669230221348732,0
LR_a0p1_qp05,101,20,1,100,1.9270561110342208,0.00502606373745289,0.09827482015669245,0.001102531898993252,0.002818127337821622,-0.0017419898024732768,7.710045394896335e-08,2.6317263190958538e-05,2.8682766009617923e-05,-0.0021237465055949484,-0.005636254675643244,0.0034839796049465537,-1.542009078979267e-07,0.11213962008997637,-0.012026347300727989,1.2817183072416152,1.2817183072416152,1.2811873706152161,0
LR_a0p1_qp05,101,20,2,100,1.9189586820330349,0.00621960519108945,-0.024465061942477523,-0.0013007551583967122,0.001347090306191733,-0.002674159192230145,6.54350987000801e-08,2.6248292542998984e-05,1.9409655974163203e-05,0.002673416557853582,-0.002694180612383466,0.00534831838446029,-1.308701974001602e-07,0.07027836300199412,-0.006132162438973201,1.232333507077377,1.2323335070773769,1.2330018612168403,0
LR_a0p1_qp05,101,20,3,100,1.8995909501304775,0.0027715341555930367,0.23773861256848228,0.0011758034273294605,0.001476460688990739,-0.0003033815016840385,6.297869080600855e-08,2.6612613319532783e-06,1.5161925250749101e-05,-0.0023311224067442604,-0.002952921377981478,0.000606763003368077,-1.259573816120171e-07,0.05843983537413977,-0.000708522298678631,1.1503466613820061,1.1503466613820061,1.14976388078032,0
LR_a0p1_qp05,101,20,4,100,1.9087589900166844,0.0008658847549752967,0.028562769588351064,-3.7873744082546623e-05,0.0007339030171022734,-0.0007704700991725233,-1.2348509004291483e-08,-1.294313503292278e-06,4.2906585036693045e-06,7.744951966219549e-05,-0.0014678060342045468,0.0015409401983450465,2.4697018008582967e-08,0.0743612435445172,-3.914936475372166e-05,1.1827785902909995,1.182778590290999,1.182797952670915,0
LR_a0p1_qp05,101,20,5,100,1.9459033116124862,0.005027230674538042,0.05428338653236416,0.0017643527207768903,0.00904108850657353,-0.007204240524405223,-4.7589043694804756e-08,-7.244767234772055e-05,0.0002594999229060792,-0.0034141008633431637,-0.01808217701314706,0.014408481048810446,9.517808738960951e-08,-0.04271727165244363,0.004489417077152887,1.2145856785655547,1.2145856785655549,1.2137321533497192,0
LR_a0p1_qp05,101,20,6,100,2.154967338736313,0.008217414541155307,0.03645834224453149,0.0007079070839191099,0.0029113841673472497,-0.002235528606995161,3.806549936539718e-09,3.20477170170844e-05,3.8640879908332424e-05,-0.0013130778538957206,-0.005822768334694499,0.004471057213990322,-7.613099873079436e-09,0.0025368939560710315,0.005473265177197484,1.459723810718245,1.4597238107182449,1.4593955412547712,0
LR_a0p1_qp05,101,20,7,100,1.9169541719699092,0.0013261721244381098,0.041846799400261425,0.0014025688728168783,0.0038698788260601797,-0.002461613519856616,9.433892960792432e-08,-5.790772316292875e-06,1.9437591728237153e-05,-0.002797281698538105,-0.007739757652120359,0.004923227039713232,-1.8867785921584865e-07,-0.09979230429650912,-0.0007414786906509163,1.2705618783169088,1.2705618783169088,1.2698625578922744,0
LR_a0p1_qp05,101,20,8,100,1.9617812884024375,0.0020926016325370517,0.12526570067869003,0.0006482506202590533,0.0005347142090992491,0.00011254664479618055,-5.6923379023742973e-08,1.0466897426471098e-06,7.2017645730147e-06,-0.00128720609645978,-0.0010694284181984983,-0.0002250932895923611,1.1384675804748595e-07,0.09613145398802775,0.003352151249984252,1.1815163844406888,1.1815163844406888,1.1811945829165742,0
LR_a0p1_qp05,101,20,9,100,1.997194615800995,0.0065754539857341395,0.22098369294386708,0.001567506650826077,0.003149979409178952,-0.0015919414460032364,-1.8194259249647622e-08,9.486881909611338e-06,0.00014865654151777934,-0.0029673829963151764,-0.006299958818357904,0.003183882892006473,3.6388518499295245e-08,0.05895087410061896,0.013662205391858317,1.22931145236369,1.2293114523636899,1.2285696066146112,0
LR_a0p1_qp05,101,200,0,100,2.0448811020628197,0.025400620524129374,-0.15668538398795745,-0.013364927639411082,0.12895221942220061,-0.14309148154382678,-8.348655246405817e-08,0.0007744179687675357,0.00024794934537286894,0.028526640561730123,-0.25790443884440123,0.28618296308765356,1.6697310492811634e-07,0.03215594072875453,-0.01692448632217974,1.365965021540685,1.365965021540685,1.373096681681118,0
LR_a0p1_qp05,101,200,1,100,1.9270561110342208,0.01740581828048848,0.11006538990284293,0.00876437173074266,0.02615379324162879,-0.017835124444074844,-3.0548141884381334e-07,0.00044600841460756336,0.00017120338748002477,-0.01646552324479016,-0.05230758648325758,0.03567024888814969,6.109628376876267e-07,0.11213962008997637,-0.02811258648783781,1.2817183072416152,1.2817183072416152,1.2776019264304173,0
LR_a0p1_qp05,101,200,2,100,1.9189586820330349,0.0242505063694038,0.014751153151477714,0.005932687314292332,0.0333541008225999,-0.02791255481672226,-4.7542873645482285e-08,0.0004911888512883406,0.00027556335026886084,-0.010607433575739102,-0.0667082016451998,0.05582510963344452,9.508574729096457e-08,0.07027836300199412,-0.02944244460697981,1.232333507077377,1.2323335070773769,1.2296816486834423,0
LR_a0p1_qp05,101,200,3,100,1.8995909501304775,0.022310242097327168,0.20089442474309677,0.00980503681935662,0.009486935964857533,-0.0003659571294678406,1.1634088345009516e-07,0.0006839416430834787,0.0001611273532786088,-0.018081062999267688,-0.018973871929715065,0.0007319142589356812,-2.3268176690019032e-07,0.05843983537413977,-0.00117079756056105,1.1503466613820061,1.1503466613820061,1.1458263956321892,0
LR_a0p1_qp05,101,200,4,100,1.9087589900166844,0.008013463437950898,-0.025700333138354244,0.00019067575262241322,0.016342751064246222,-0.016206073432769585,-2.1997503702221493e-07,5.4218096182804575e-05,4.6716357825710636e-05,-0.0002261989550534882,-0.032685502128492444,0.03241214686553917,4.3995007404442987e-07,0.0743612435445172,0.002195560071347377,1.1827785902909995,1.182778590290999,1.182722040552236,0
LR_a0p1_qp05,101,200,5,100,1.9459033116124862,0.03521620440967363,0.06737153458542627,0.012449018380999781,0.06328940841206075,-0.051971518219569156,2.7818996202405658e-08,0.0011311003695119617,0.0007721281582849303,-0.021863707864690714,-0.1265788168241215,0.10394303643913831,-5.5637992404811315e-08,-0.04271727165244363,0.004366575039300918,1.2145856785655547,1.2145856785655549,1.2091197515993823,0
LR_a0p1_qp05,101,200,6,100,2.154967338736313,0.027509634096344094,0.041784561636008875,0.004169336814150139,0.04355195390515809,-0.039865101774369346,2.61280251333374e-07,0.0004822234031100606,0.00023724228841096373,-0.00713698453366919,-0.08710390781031618,0.07973020354873869,-5.22560502666748e-07,0.0025368939560710315,0.009631307037019919,1.459723810718245,1.4597238107182449,1.4579395645848277,0
LR_a0p1_qp05,101,200,7,100,1.9169541719699092,0.017405007281968404,0.14884818470941055,0.013642519488115385,0.03619323484635105,-0.02280565912415641,2.350610729195637e-07,0.0002547087048478171,0.0002329947664208669,-0.02654262680011426,-0.0723864696927021,0.04561131824831282,-4.701221458391274e-07,-0.09979230429650912,0.0018057323971634109,1.2705618783169088,1.2705618783169088,1.2639262216168803,0
LR_a0p1_qp05,101,200,8,100,1.9617812884024375,0.013581646098139917,0.019886355016899455,0.0019458623341351983,0.006454478609623937,-0.004702563060562318,1.636782046334321e-08,0.00019393041725311813,7.746325471772448e-05,-0.0034264005790464224,-0.012908957219247874,0.009405126121124636,-3.273564092668642e-08,0.09613145398802775,0.014066583601927807,1.1815163844406888,1.1815163844406888,1.1806597842959272,0
LR_a0p1_qp05,101,200,9,100,1.997194615800995,0.020786285688551513,0.260416311153408,0.00757722713305143,0.03616764018673283,-0.028844693016136548,-1.2777929162502187e-07,0.00025440774174675365,0.0010180682138452334,-0.013627570568764109,-0.07233528037346566,0.057689386032273096,2.5555858325004374e-07,0.05895087410061896,0.03903040655774006,1.22931145236369,1.2293114523636899,1.225904559721499,0
LR_a0p1_qp05,101,1000,0,100,2.0448811020628197,0.03554628969034909,-0.08294866574866877,-0.007654389844227914,0.8113340535919394,-0.8209874005144044,7.338301341688035e-08,0.0019988836952233246,0.0008128225354563483,0.020119369614358826,-1.6226681071838789,1.6419748010288089,-1.467660268337607e-07,0.03215594072875453,-0.024536331987111252,1.365965021540685,1.365965021540685,1.3709948639442748,0
LR_a0p1_qp05,101,1000,1,100,1.9270561110342208,0.04112019039362262,0.0713818657831192,0.01963142620783773,0.12911502993393248,-0.11243615697995712,-1.7528985232391043e-06,0.002954306152385556,0.0005147240694036752,-0.03283951604150064,-0.25823005986786496,0.22487231395991425,3.5057970464782086e-06,0.11213962008997637,-0.048305365756226404,1.2817183072416152,1.2817183072416152,1.2735084282312397,0
LR_a0p1_qp05,101,1000,2,100,1.9189586820330349,0.0441024073553481,-0.02040042348690591,0.00799749915888754,0.13105995907648846,-0.12482776033576837,-2.8942251933014706e-07,0.0017655898406867493,0.0007641663156555073,-0.011699652320746086,-0.2621199181529769,0.24965552067153673,5.788450386602941e-07,0.07027836300199412,-0.04718953340779033,1.232333507077377,1.2323335070773769,1.2294085939971904,0
LR_a0p1_qp05,101,1000,3,100,1.8995909501304775,0.041303309862739376,0.17600305446667414,0.015677077973912112,0.08070512278089137,-0.06763176679847378,3.072275762214367e-07,0.0026034147639184403,0.0006504323783203525,-0.02549689404166698,-0.16141024556178274,0.13526353359694757,-6.144551524428733e-07,0.05843983537413977,0.006505813654533114,1.1503466613820061,1.1503466613820061,1.1439724378715892,0
LR_a0p1_qp05,101,1000,4,100,1.9087589900166844,0.02297308785679986,-0.053123193570273196,-0.003990702667841369,0.1038841776433083,-0.10840480567015172,-6.736825055706954e-07,0.0005305990415074993,0.0002933015421431186,0.009335904960840863,-0.2077683552866166,0.21680961134030344,1.3473650111413908e-06,0.0743612435445172,-0.005142344595991713,1.1827785902909995,1.182778590290999,1.1851125665312094,0
LR_a0p1_qp05,101,1000,5,100,1.9459033116124862,0.06384159968060814,0.05299232313419642,0.02344358064169496,0.17969048656653108,-0.1607286928670043,-4.405200544199753e-07,0.00448222746222262,0.0015754228843905217,-0.03634728347455416,-0.35938097313306216,0.3214573857340086,8.810401088399506e-07,-0.04271727165244363,0.00773737080348399,1.2145856785655547,1.2145856785655549,1.2054988576969166,0
LR_a0p1_qp05,101,1000,6,100,2.154967338736313,0.06018269073053222,0.048096434894109336,0.010869139230670701,0.20375728606252946,-0.19536153503137185,2.1664583799346002e-07,0.0024731715536750777,0.0007559854453669618,-0.016035949908624256,-0.4075145721250589,0.3907230700627437,-4.3329167598692004e-07,0.0025368939560710315,0.012167265393992566,1.459723810718245,1.4597238107182449,1.4557148232410888,0
LR_a0p1_qp05,101,1000,7,100,1.9169541719699092,0.03377110175194013,0.12789421955815186,0.023275639175493225,0.19094812058007551,-0.16878600300491167,2.6110893644698495e-08,0.0011134954894355593,0.0006825537992838044,-0.04364173357283153,-0.38189624116015103,0.33757200600982334,-5.222178728939699e-08,-0.09979230429650912,0.009427180059573478,1.2705618783169088,1.2705618783169088,1.259651444923701,0
LR_a0p1_qp05,101,1000,8,100,1.9617812884024375,0.026560214488420195,-0.07020606864734351,-0.00018378297210522746,0.029562836525536373,-0.030411720387294262,-1.6927708384113818e-07,0.0006652701667365359,0.0002753844459739724,0.0019734907236575072,-0.05912567305107275,0.060823440774588525,3.3855416768227636e-07,0.09613145398802775,0.01125606588802266,1.1815163844406888,1.1815163844406888,1.1820097571216035,0
LR_a0p1_qp05,101,1000,9,100,1.997194615800995,0.04668010001242598,0.18175852516111288,0.01161279901107929,0.17530858772747793,-0.16496033886120431,-1.0385552415787116e-07,0.0012646540003297619,0.003999106280053347,-0.016697183741445704,-0.35061717545495585,0.32992067772240863,2.0771104831574232e-07,0.05895087410061896,0.07504525930133628,1.22931145236369,1.2293114523636899,1.2251371564283287,0
LR_a0p1_qp05,101,10000,0,100,2.0448811020628197,0.05562185264535569,-0.1026580276410361,-0.0014454935440921673,5.1692238169684845,-5.18035664673437,1.9288498719575566e-06,0.009685407371938988,0.0049820860412918425,0.02724388787335418,-10.338447633936969,10.36071329346874,-3.857699743915113e-06,0.03215594072875453,-0.05132051885069256,1.365965021540685,1.365965021540685,1.3727759935090236,0
LR_a0p1_qp05,101,10000,1,100,1.9270561110342208,0.048130036682423716,-0.012490000288340148,0.019752660137024376,1.1397347510354472,-1.1254296183823553,-6.1280915264883795e-06,0.005453655575461494,0.003456185312300601,-0.02514182381082513,-2.2794695020708944,2.2508592367647107,1.2256183052976759e-05,0.11213962008997637,-0.06425069163248638,1.2817183072416152,1.2817183072416152,1.2754328512889088,0
LR_a0p1_qp05,101,10000,2,100,1.9189586820330349,0.048868230109168846,-0.07521396091405194,0.009172602177610041,1.0847800156517078,-1.0755688477641074,-1.0232681553207523e-06,-3.754244183313323e-05,0.00508870074159512,-0.013331588497291227,-2.1695600313034156,2.151137695528215,2.0465363106415047e-06,0.07027836300199412,-0.08529259210745138,1.232333507077377,1.2323335070773769,1.2290006099530542,0
LR_a0p1_qp05,101,10000,3,100,1.8995909501304775,0.05776277540650621,0.10751682430486607,0.02096210275172042,0.9836604921844212,-0.968464162146816,4.278863130258935e-06,0.005761493850984951,0.004364502192912878,-0.026036715608558074,-1.9673209843688424,1.936928324293632,-8.55772626051787e-06,0.05843983537413977,-0.009784718379444302,1.1503466613820061,1.1503466613820061,1.1438374824798665,0
LR_a0p1_qp05,101,10000,4,100,1.9087589900166844,0.03990542443652993,-0.08995213377304262,-0.007406147678211605,1.0506414711927312,-1.0618025754569893,-1.126714843128052e-05,0.003766223734478431,0.0018819025533007528,0.024226645378680804,-2.1012829423854624,2.1236051509139786,2.253429686256104e-05,0.0743612435445172,-0.022260236945613524,1.1827785902909995,1.182778590290999,1.1888352516356695,0
LR_a0p1_qp05,101,10000,5,100,1.9459033116124862,0.07660803727001433,0.002379275635984017,0.04186946592624803,1.3934975308169515,-1.363053395348555,9.450494033689028e-07,0.011424385408450557,0.007764863449612624,-0.053125297585982355,-2.786995061633903,2.72610679069711,-1.8900988067378055e-06,-0.04271727165244363,-0.0069444394004577244,1.2145856785655547,1.2145856785655549,1.2013043541690593,0
LR_a0p1_qp05,101,10000,6,100,2.154967338736313,0.09988092160175203,0.05390833045944798,0.03061617122358235,1.6143715528103995,-1.5983404798126366,-7.124042274881996e-07,0.014585810630046617,0.004547531228983628,-0.02751318995808784,-3.228743105620799,3.196680959625273,1.4248084549763993e-06,0.0025368939560710315,-0.0062243578548592145,1.459723810718245,1.4597238107182449,1.4528455132287232,0
LR_a0p1_qp05,101,10000,7,100,1.9169541719699092,0.037796113689200835,0.0782499425116327,0.02808249342671818,1.6147725972623934,-1.5887664040934877,-2.213868544295471e-06,0.0020785141263601867,0.004282503753290093,-0.047725454847425866,-3.229545194524787,3.1775328081869754,4.427737088590942e-06,-0.09979230429650912,-0.01691021250664709,1.2705618783169088,1.2705618783169088,1.2586305146050523,0
LR_a0p1_qp05,101,10000,8,100,1.9617812884024375,0.03468577014177525,-0.17930373760551668,-0.0033361850514320663,0.2964091418339396,-0.29980593278250495,-1.3637502450247054e-06,6.196964737865714e-05,0.0023714129060553733,0.009167722303676833,-0.5928182836678793,0.5996118655650099,2.727500490049411e-06,0.09613145398802775,-0.020975870501247707,1.1815163844406888,1.1815163844406888,1.1838083150166083,0
LR_a0p1_qp05,101,10000,9,100,1.997194615800995,0.07148978141087886,0.038172780276821604,0.009324540400372668,1.8778734053219928,-1.8676677412874807,9.565514659226534e-07,-0.000882080185605277,0.027994645116578187,0.007581403944622301,-3.7557468106439855,3.7353354825749614,-1.913102931845307e-06,0.05895087410061896,0.012910762792451558,1.22931145236369,1.2293114523636899,1.2312068033498456,0
LIN_q0,21,1,0,100,0.4327692987202694,0.0006170744449685122,0.44330507867580676,0.00018288018786168106,1.1926146572071165e-05,0.00017095416289956183,-1.2160995199707747e-10,0.0,5.381036360158078e-07,-0.00036522227208734724,-2.385229314414233e-05,-0.00034190832579912366,2.4321990399415495e-10,0.012950611903419474,0.0006662681086031036,0.0553630537463361,0.0553630537463361,0.05527174817831426,0
LIN_q0,21,1,1,100,0.3414574540262379,0.0012404235638817018,0.5279346569858483,0.00035584346583909793,6.193525000672932e-07,0.0003552240212335428,9.210548775064255e-11,0.0,2.2186977941675663e-06,-0.0007094682338840275,-1.2387050001345864e-06,-0.0007104480424670856,-1.842109755012851e-10,0.003916202887719743,0.0017681227715401777,0.03302785567302175,0.03302785567302175,0.03285048861455074,0
LIN_q0,21,1,2,100,0.4046810111316265,0.0010814082612132878,0.10511647285999208,4.602733459930097e-05,1.6185198254089488e-06,4.440844936035361e-05,3.6541353841622317e-10,0.0,1.7167843381789359e-06,-9.033788486042274e-05,-3.2370396508178977e-06,-8.881689872070721e-05,-7.308270768324463e-10,0.012183019538695675,0.00011859578640717252,0.044776966522675925,0.044776966522675925,0.04475438205146083,0
LIN_q0,21,1,3,100,0.37712979076916964,0.000834590261382965,-0.16100984637488103,-6.741509929225792e-05,1.019769745196197e-06,-6.843479679225407e-05,-7.224520005691265e-11,0.0,9.941601080792284e-07,0.00013582435869259553,-2.039539490392394e-06,0.00013686959358450815,1.444904001138253e-10,-0.017194434648079883,-0.0004937692753872344,0.04104121317022229,0.04104121317022229,0.04107516925989544,0
LIN_q0,21,1,4,100,0.4116506821669222,7.153416689196636e-05,-0.4317484982898545,-2.2075892254526822e-05,1.5000502631922429e-05,-3.7076798017387586e-05,4.031309383359289e-10,0.0,8.612641275324316e-09,4.416039715033109e-05,-3.0001005263844857e-05,7.415359603477517e-05,-8.062618766718578e-10,-0.022418156877187657,-8.251992552018087e-05,0.04974984173023219,0.04974984173023219,0.04976088182951975,0
LIN_q0,21,1,5,100,0.3965951765857018,0.0008799624519525755,-0.017898723824812907,-8.582906303290247e-06,1.4713648849939105e-06,-1.005407153072296e-05,-1.996575611975088e-10,0.0,1.1689725986335655e-06,1.833478520521476e-05,-2.942729769987821e-06,2.010814306144592e-05,3.993151223950176e-10,-0.0035346395051310564,-0.0005348491465794004,0.04167136847006012,0.04167136847006012,0.04167595216636142,0
LIN_q0,21,1,6,100,0.4221113191383896,1.6592552557290577e-07,-0.11958202818746232,-1.4860622142104873e-08,3.99313491514947e-10,-1.5104067397820004e-08,-1.5586823579981486e-10,0.0,3.7919703184743917e-14,2.9721282202681275e-08,-7.98626983029894e-10,3.020813479564001e-08,3.1173647159962973e-10,-0.0055021131971769695,0.00038849681208819666,0.04878697471771269,0.04878697471771269,0.04878698214803324,0
LIN_q0,21,1,7,100,0.397524849517613,0.0002499511667276759,-0.10690811811656749,-1.489111455959327e-05,8.062652792028158e-08,-1.4971682641504392e-05,-5.844600916200917e-11,0.0,8.995459932589292e-08,2.987218371851289e-05,-1.6125305584056316e-07,2.9943365283008784e-05,1.1689201832401834e-10,-0.002099570440083483,0.00039508461220240994,0.04255799290644062,0.04255799290644062,0.04256546095237026,0
LIN_q0,21,1,8,100,0.39948094619951663,0.00048390249501746964,0.36814843601218783,0.00010750901674510634,1.4320984075876968e-07,0.00010736654833877951,-7.41434431950641e-10,0.0,3.5429818529600844e-07,-0.0002146637353049166,-2.8641968151753935e-07,-0.00021473309667755902,1.482868863901282e-09,-0.011013517148810941,0.00021337624764668437,0.04296820000593793,0.04296820000593793,0.0429145340721117,0
LIN_q0,21,1,9,100,0.39747363891727033,0.0015871165655508065,0.06888150149499578,9.010377814415872e-05,-3.829844545707969e-07,9.048660543877839e-05,1.5715995112250491e-10,0.0,3.690678475232634e-06,-0.00017651687781308534,7.659689091415938e-07,-0.00018097321087755678,-3.1431990224500983e-10,-0.00886374185198383,0.0004786776128970862,0.04680834302392658,0.04680834302392656,0.0467642138044733,0
LIN_q0,21,20,0,100,0.4327692987202694,0.007671255581450003,-0.0720346109862806,-0.00038788524609282367,7.202576654419656e-05,-0.0004865110340124001,-3.3760937354346175e-09,2.6603397469115454e-05,2.863700286426152e-05,0.0008576142899881386,-0.0001440515330883931,0.0009730220680248002,6.752187470869235e-09,0.012950611903419474,0.006401409522381334,0.0553630537463361,0.0553630537463361,0.055577457318833116,0
LIN_q0,21,20,1,100,0.3414574540262379,0.0037344680616766333,0.09965777056627828,9.513742025240954e-05,7.236347366328572e-05,3.820242373610278e-05,-9.339887743931758e-10,-1.542754315820461e-05,5.036956715604147e-05,-0.00017076035966518674,-0.00014472694732657143,-7.640484747220557e-05,1.8679775487863515e-09,0.003916202887719743,0.00021016212886265255,0.03302785567302175,0.03302785567302175,0.032985165583105464,0
LIN_q0,21,20,2,100,0.4046810111316265,0.005609623071079104,0.10987793084199239,0.0002515325442175104,3.43658633116387e-05,0.0001996792499020135,2.5106481380102586e-11,1.7487405897376908e-05,1.2820386538798312e-05,-0.0004552698901014685,-6.87317266232774e-05,-0.000399358499804027,-5.021296276020517e-11,0.012183019538695675,0.0010238203623456612,0.044776966522675925,0.044776966522675925,0.044663149050150557,0
LIN_q0,21,20,3,100,0.37712979076916964,0.003122830499732398,0.2791808019758187,0.000513184322875396,2.023192656362295e-05,0.0004930997537517498,-5.2501543789772925e-11,-1.473049384329889e-07,1.4009174381193527e-05,-0.0010126540812464653,-4.04638531272459e-05,-0.0009861995075034996,1.0500308757954585e-10,-0.017194434648079883,-0.0022432482076437422,0.04104121317022229,0.04104121317022229,0.040788049649910674,0
LIN_q0,21,20,4,100,0.4116506821669222,0.0030279608035296873,0.2205247922963883,0.00044588308573884045,7.609333013021175e-05,0.00037102033484640034,1.2274924357384252e-09,-1.2318067302073584e-06,1.6636481695981217e-05,-0.0008775933032421128,-0.0001521866602604235,-0.0007420406696928007,-2.4549848714768505e-09,-0.022418156877187657,0.0033146029055721904,0.04974984173023219,0.04974984173023219,0.04953044340442164,0
LIN_q0,21,20,5,100,0.3965951765857018,0.004745290162516808,-0.05142006361942251,-0.000181978708771998,8.534965349943809e-05,-0.000269346986285971,1.1283734194732072e-10,2.018511177192968e-06,2.968173303199332e-05,0.00039767617293037517,-0.00017069930699887618,0.000538693972571942,-2.2567468389464143e-10,-0.0035346395051310564,-0.0011174349293872176,0.04167136847006012,0.04167136847006012,0.041770787513292724,0
LIN_q0,21,20,6,100,0.4221113191383896,0.0028670023101232535,0.48275621902606586,0.000842532653368591,1.2749442564439612e-05,0.0008350330700588449,3.5306108520598554e-10,-5.250212315778788e-06,2.1490439221158897e-05,-0.0016740752921475816,-2.5498885128879224e-05,-0.0016700661401176898,-7.061221704119711e-10,-0.0055021131971769695,0.0012237128430969781,0.04878697471771269,0.04878697471771269,0.04836845589467579,0
LIN_q0,21,20,7,100,0.397524849517613,0.0017355529661220168,0.2012781828716183,0.00021556758063373784,1.703634297059259e-05,0.00019849218398142792,-1.4707011818698207e-09,4.052438289921832e-08,4.109905737848962e-06,-0.0004269442067638266,-3.407268594118518e-05,-0.00039698436796285584,2.9414023637396413e-09,-0.002099570440083483,0.001489695610071933,0.04255799290644062,0.04255799290644062,0.04245125685474968,0
LIN_q0,21,20,8,100,0.39948094619951663,0.0037037972523732278,-0.17396128185502158,-0.00048701923014802097,2.9672185719708113e-05,-0.0005232236572179258,-1.0990958065154556e-09,6.533340446003183e-06,7.759922052745386e-06,0.0009948650632407947,-5.9344371439416225e-05,0.0010464473144358515,2.198191613030911e-09,-0.011013517148810941,-0.0008200202474913444,0.04296820000593793,0.04296820000593793,0.04321691627174813,0
LIN_q0,21,20,9,100,0.39747363891727033,0.003836866303471269,-0.0710049202266799,-0.00024129549084339334,4.1835333374048705e-05,-0.00027831896730114944,1.5995682259952113e-09,-4.813456484518594e-06,3.0890782582858716e-05,0.0005038548513006089,-8.367066674809741e-05,0.0005566379346022989,-3.1991364519904227e-09,-0.00886374185198383,0.00011448426154261865,0.04680834302392658,0.04680834302392656,0.046934306736751724,0
LIN_q0,21,200,0,100,0.4327692987202694,0.025984896553208316,-0.00020163256447252475,-0.0004485523976117415,0.0009036606277153961,-0.001666396244494679,-6.295433379903319e-09,0.00031418951460092175,0.0003086602575083779,0.0018341440819337048,-0.0018073212554307922,0.003332792488989358,1.2590866759806638e-08,0.012950611903419474,0.009653796667464914,0.0553630537463361,0.0553630537463361,0.05582158976681952,0
LIN_q0,21,200,1,100,0.3414574540262379,0.042911778987542476,0.08852510886472974,-0.0007181974598508537,0.0010949359153301986,-0.002611940904169795,1.4060478558868735e-09,0.0007988061229408879,0.0011682762597240522,0.004202283425307535,-0.002189871830660397,0.00522388180833959,-2.812095711773747e-09,0.003916202887719743,0.0026661021237720096,0.03302785567302175,0.03302785567302175,0.034078426529348636,0
LIN_q0,21,200,2,100,0.4046810111316265,0.010863610365852806,0.06474768439808906,0.00046213874350497597,0.00041786786321741735,-7.644877676894832e-06,2.9797648882291694e-09,5.191277819956512e-05,6.569499583132816e-05,-0.0007547569347794927,-0.0008357357264348347,1.5289755353789664e-05,-5.959529776458339e-09,0.012183019538695675,3.82736196929842e-06,0.044776966522675925,0.044776966522675925,0.04458827728898104,0
LIN_q0,21,200,3,100,0.37712979076916964,0.006985211832324829,0.22072100653405077,0.0005504779969496471,0.00020747512568694622,0.00036970901653509303,9.773733624771424e-09,-2.6715919006016748e-05,0.00011091375069840143,-0.0010434740812129274,-0.00041495025137389243,-0.0007394180330701861,-1.9547467249542848e-08,-0.017194434648079883,0.0011470330352072971,0.04104121317022229,0.04104121317022229,0.04078034464991906,0
LIN_q0,21,200,4,100,0.4116506821669222,0.021060468731078967,0.0699536384163477,0.0005129513095272422,0.0005378081286294683,-0.00024548999041539005,2.1207463345213776e-09,0.00022063105056682915,0.00019167069691267924,-0.00039296982100814543,-0.0010756162572589365,0.0004909799808307801,-4.241492669042755e-09,-0.022418156877187657,0.00924441475020161,0.04974984173023219,0.04974984173023219,0.049651599274980134,0
LIN_q0,21,200,5,100,0.3965951765857018,0.045630696500731316,-0.167287200622461,-0.004306277021797756,0.0012494143687973986,-0.006853092961369528,-5.6506982395169476e-09,0.0012974072214726137,0.0005245389742708561,0.011731907460811595,-0.002498828737594797,0.013706185922739056,1.1301396479033895e-08,-0.0035346395051310564,-9.415552458672316e-05,0.04167136847006012,0.04167136847006012,0.044604345335263015,0
LIN_q0,21,200,6,100,0.4221113191383896,0.010088350446757514,0.41348136130720503,0.0023316906876876525,6.207134774911581e-05,0.0022436662841188323,-4.648904337506596e-10,2.5953520710137657e-05,7.487719761902106e-05,-0.0045365971363360074,-0.00012414269549823162,-0.0044873325682376645,9.297808675013192e-10,-0.0055021131971769695,0.0011836366090527972,0.04878697471771269,0.04878697471771269,0.047652825433628684,0
LIN_q0,21,200,7,100,0.397524849517613,0.006276146318979572,0.12001678052437295,0.00035153672087942316,0.0001768319032585909,0.00017279226491968716,-7.669295367214062e-09,1.9202219965123194e-06,4.680527379691624e-05,-0.0006524277239689033,-0.0003536638065171818,-0.0003455845298393743,1.5338590734428123e-08,-0.002099570440083483,0.004119057470026761,0.04255799290644062,0.04255799290644062,0.0423948859754484,0
LIN_q0,21,200,8,100,0.39948094619951663,0.010381056978328716,-0.13579331327828903,-0.0012317784410150316,0.000959732236926733,-0.0021959643653680612,5.326189048529017e-09,4.448361237248208e-06,0.00014640166691322833,0.002618855271417789,-0.001919464473853466,0.0043919287307361225,-1.0652378097058034e-08,-0.011013517148810941,-0.002485804556607371,0.04296820000593793,0.04296820000593793,0.04362291382379238,0
LIN_q0,21,200,9,100,0.39747363891727033,0.031203616897544847,-0.005817982744336298,-0.0002479499202460941,0.0005936585039003277,-0.0014009762707528765,-4.078918608999204e-09,0.0005593719255250638,0.00032409959324438515,0.0019387432847867026,-0.0011873170078006553,0.002801952541505753,8.157837217998408e-09,-0.00886374185198383,0.005720845864866353,0.04680834302392658,0.04680834302392656,0.047293028845123236,0
LIN_q0,21,1000,0,100,0.4327692987202694,0.059489125873928204,0.06289462646450154,0.0004892178572239055,0.006350058215804942,-0.007293886107480264,-8.233216799472101e-09,0.0014330539821160288,0.0019881625458176753,0.0038758347956019223,-0.012700116431609884,0.014587772214960527,1.6466433598944202e-08,0.012950611903419474,0.01230560871891377,0.0553630537463361,0.0553630537463361,0.056332012445236564,0
LIN_q0,21,1000,1,100,0.3414574540262379,0.0975125315742522,0.08683537708255208,-0.0018079491269531497,0.010220132485503757,-0.01575024820294474,1.024216758959858e-08,0.0037221563483202354,0.007201733545620027,0.018261944496166808,-0.020440264971007514,0.03150049640588948,-2.048433517919716e-08,0.003916202887719743,0.0022732471364796383,0.03302785567302175,0.03302785567302175,0.03759334179706346,0
LIN_q0,21,1000,2,100,0.4046810111316265,0.02203009164390854,0.09633892550415858,0.001089673904193877,0.002403481803009033,-0.0014451651555279785,4.758769533590478e-09,0.0001313524979432887,0.0003740410598447428,-0.0015426017526564326,-0.004806963606018066,0.002890330311055957,-9.517539067180956e-09,0.012183019538695675,-0.003646644628653214,0.044776966522675925,0.044776966522675925,0.04439131608451181,0
LIN_q0,21,1000,3,100,0.37712979076916964,0.01516038688427947,0.2640641366877756,0.0018122764128276495,0.0011017061539152738,0.0009149819325344551,6.658791963882559e-09,-0.00020441833241404355,0.0006839846479597089,-0.0033494048425236774,-0.0022034123078305476,-0.0018299638650689102,-1.3317583927765118e-08,-0.017194434648079883,0.0045151641552540625,0.04104121317022229,0.04104121317022229,0.04020386195959137,0
LIN_q0,21,1000,4,100,0.4116506821669222,0.04798373314011464,0.017707029461646012,-0.0016602454751541312,0.0035101360276332235,-0.006039370070618764,8.80902323057353e-09,0.0008689797588081784,0.0014447869349367782,0.006503237402861399,-0.007020272055266447,0.012078740141237528,-1.761804646114706e-08,-0.022418156877187657,0.018206043021110913,0.04974984173023219,0.04974984173023219,0.051375651080947514,0
LIN_q0,21,1000,5,100,0.3965951765857018,0.07161664091868035,-0.12253727671376964,-0.005393696978375665,0.007366638035297489,-0.0147688731382031,-1.4638371101542858e-08,0.002008552762901042,0.003470244990377494,0.018274744472930905,-0.014733276070594978,0.0295377462764062,2.9276742203085716e-08,-0.0035346395051310564,0.0031114422346210074,0.04167136847006012,0.04167136847006012,0.04624005458829284,0
LIN_q0,21,1000,6,100,0.4221113191383896,0.026992202260509687,0.3200792930656454,0.0036751440564158164,5.4528479289249474e-05,0.0034269279393113667,-1.9314522441194694e-08,0.00019370695233764102,0.0005216326060792621,-0.006441241602077089,-0.00010905695857849895,-0.0068538558786227334,3.862904488238939e-08,-0.0055021131971769695,-0.0010021288840690041,0.04878697471771269,0.04878697471771269,0.047176664317193424,0
LIN_q0,21,1000,7,100,0.397524849517613,0.0120713389201018,0.12751380850074037,0.0008113935559515536,0.001052733567345082,-0.00020973492398952822,3.375853017232796e-10,-3.160542498930103e-05,0.00023024674132513092,-0.0014557512205565788,-0.002105467134690164,0.00041946984797905644,-6.751706034465592e-10,-0.002099570440083483,0.006540060341963,0.04255799290644062,0.04255799290644062,0.04219405510130147,0
LIN_q0,21,1000,8,100,0.39948094619951663,0.029880052227460548,-0.09380770979032943,-0.0021138488322345237,0.00689909360546334,-0.009090629375130515,3.3198216098523943e-09,7.76836176110406e-05,0.001097993289845515,0.005481058189536644,-0.01379818721092668,0.01818125875026103,-6.639643219704789e-09,-0.011013517148810941,0.0008577481102301021,0.04296820000593793,0.04296820000593793,0.044338464553322104,0
LIN_q0,21,1000,9,100,0.39747363891727033,0.06126714423076097,-0.00932750293091974,-0.0013414176514504209,0.003987632801402454,-0.007006445148914653,5.978672220697714e-10,0.0016773940981945562,0.0020528753704986127,0.00809049886978857,-0.007975265602804907,0.014012890297829306,-1.1957344441395428e-09,-0.00886374185198383,0.010654927731789802,0.04680834302392658,0.04680834302392656,0.048830967741373715,0
LIN_q0,21,10000,0,100,0.4327692987202694,0.11821744439792851,0.2656489210482439,0.012346478187688179,0.05865788292186461,-0.047459743312509864,6.708199175099987e-08,0.0011482714963416008,0.015304306657311,-0.0070921067253818856,-0.11731576584372921,0.09491948662501973,-1.3416398350199974e-07,0.012950611903419474,-0.0048489116045064805,0.0553630537463361,0.0553630537463361,0.05359002706499062,0
LIN_q0,21,10000,1,100,0.3414574540262379,0.19538936370476467,0.12951314056098934,-0.010668774192600473,0.08255276266142958,-0.10017112368521254,-4.615078297991294e-08,0.00694963298196556,0.04304838582640855,0.0782852001755414,-0.16510552532285916,0.20034224737042508,9.230156595982588e-08,0.003916202887719743,-0.0032116035589207516,0.03302785567302175,0.03302785567302175,0.052599155716907105,0
LIN_q0,21,10000,2,100,0.4046810111316265,0.046319631514059836,0.3050183464429167,0.006602725444438204,0.020596046726184664,-0.013478818036969875,-2.861793919802372e-08,-0.0005144746268373948,0.0035150797715583822,-0.01071932037099277,-0.04119209345236933,0.02695763607393975,5.723587839604744e-08,0.012183019538695675,-0.026661121325768384,0.044776966522675925,0.044776966522675925,0.04209713642992773,0
LIN_q0,21,10000,3,100,0.37712979076916964,0.06696178992075441,0.5009167686829934,0.013596124333571862,0.013650296305437985,0.0005460609337681965,9.28704383468004e-11,-0.0006002329985047465,0.006319579052663461,-0.022073135611489693,-0.02730059261087597,-0.001092121867536393,-1.857408766936008e-10,-0.017194434648079883,0.012316877538565313,0.04104121317022229,0.04104121317022229,0.03552292926734987,0
LIN_q0,21,10000,4,100,0.4116506821669222,0.11116058737382417,0.20386422534726192,0.004136194329261712,0.034885585208179616,-0.03282565539810188,-1.1822220393115843e-08,0.002076276341404345,0.01161064901406051,0.0074908130383460605,-0.06977117041635923,0.06565131079620376,2.3644440786231686e-08,-0.022418156877187657,0.02596401595514491,0.04974984173023219,0.04974984173023219,0.05162254498981869,0
LIN_q0,21,10000,5,100,0.3965951765857018,0.14808160941274234,-0.008708391716058006,-0.012710284398519133,0.07075545018922887,-0.08754099834942203,-4.19575987471553e-08,0.004075305719272691,0.022276968242457954,0.05584814847804202,-0.14151090037845773,0.17508199669884406,8.39151974943106e-08,-0.0035346395051310564,0.011200934083605164,0.04167136847006012,0.04167136847006012,0.05563340558957064,0
LIN_q0,21,10000,6,100,0.4221113191383896,0.07630858499072028,0.47511133963240204,0.017935000593236713,2.9777687477826853e-05,0.017290931100282004,-1.1283624955239202e-07,0.0006144046417264288,0.00537227104013738,-0.029268920862883133,-5.9555374955653706e-05,-0.03458186220056401,2.2567249910478403e-07,-0.0055021131971769695,-0.00036841607201829746,0.04878697471771269,0.04878697471771269,0.04146974450199191,0
LIN_q0,21,10000,7,100,0.397524849517613,0.041048004253357646,0.41322355548229867,0.00838576783477737,0.008201027053917459,-3.1025273439310096e-05,-2.933466075490615e-08,0.0002157953889599706,0.0015057715562551463,-0.014834173335379643,-0.016402054107834917,6.205054687862019e-05,5.86693215098123e-08,-0.002099570440083483,0.013949487851883506,0.04255799290644062,0.04255799290644062,0.038849449572595715,0
LIN_q0,21,10000,8,100,0.39948094619951663,0.06453951888008765,0.1685249466990921,0.0016978319547482274,0.06095283110921486,-0.056811883891202154,-2.8294568789740212e-08,-0.002443086968695655,0.010136356772819894,0.0018545189259322476,-0.12190566221842972,0.11362376778240431,5.6589137579480424e-08,-0.011013517148810941,0.005103278567414393,0.04296820000593793,0.04296820000593793,0.043431829737421,0
LIN_q0,21,10000,9,100,0.39747363891727033,0.12299832713677725,0.12744045632861917,0.001788726190976571,0.04322921103453543,-0.043747235569406975,-4.6025106042725e-08,0.002306796750954216,0.015600168771130095,0.01663630989108559,-0.08645842206907085,0.08749447113881395,9.205021208545e-08,-0.00886374185198383,0.020401277031840068,0.04680834302392658,0.04680834302392656,0.050967420496697974,0
LIN_q0,101,1,0,100,0.40956133125295735,0.0006451514991753712,-0.45393353360730493,-0.00021266031549111654,7.563295852810138e-06,-0.00022022414320137785,5.318574511587693e-10,0.0,6.37631466449513e-07,0.00042595826244868284,-1.5126591705620275e-05,0.0004404482864027557,-1.0637149023175385e-09,0.030663183441259817,0.001019870156981018,0.05063846178326739,0.05063846178326739,0.05074495134887957,0
LIN_q0,101,1,1,100,0.4237781601550718,0.0013387420754022025,-0.3791630483598842,-0.0003261937005728057,1.2215503745950336e-05,-0.0003384088964075166,-3.079112395979111e-10,0.0,2.623270816348892e-06,0.0006550106719619614,-2.4431007491900672e-05,0.0006768177928150332,6.158224791958222e-10,0.004955417064855286,0.0006219945813002518,0.05087235284083636,0.050872352840836355,0.05103610550882686,0
LIN_q0,101,1,2,100,0.38558594437721744,9.541959771328577e-05,-0.3602666451768227,-2.2737020919297838e-05,-2.4172150318442546e-07,-2.24950985311127e-05,-2.0088500071756421e-10,0.0,1.4198047059130277e-08,4.5488239885654833e-05,4.834430063688509e-07,4.49901970622254e-05,4.0177000143512843e-10,0.0034929561653510937,0.0001998040140525806,0.044903883936505275,0.044903883936505275,0.044915255996476694,0
LIN_q0,101,1,3,100,0.4635289796640747,0.0010675494015358743,-0.006237769289383213,3.512452166241295e-06,1.4754457367046029e-06,2.0367720509680737e-06,2.343785686202028e-10,0.0,1.5438765113689828e-06,-5.481027821114155e-06,-2.9508914734092057e-06,-4.073544101936147e-06,-4.687571372404056e-10,0.024483250973248043,-0.0007635296888691606,0.05918009484248441,0.059180094842484404,0.05917872458552915,0
LIN_q0,101,1,4,100,0.3514927148035576,0.0006740055543466955,-0.12446319199199346,-6.097418922576611e-05,-6.783666129771465e-07,-6.029609260316615e-05,2.699903771650938e-10,0.0,7.140295799669456e-07,0.0001226624080314995,1.356733225954293e-06,0.0001205921852063323,-5.399807543301876e-10,0.004377006883598671,-0.0004753501678807467,0.03530066002938022,0.035300660029380204,0.035331325631388084,0
LIN_q0,101,1,5,100,0.3985492088334025,0.00014088694684438966,-0.340426595871503,-3.5726112115991665e-05,-1.1346329339321645e-06,-3.4591242681225967e-05,-2.3650083352645033e-10,0.0,3.138130835619923e-08,7.14836055403386e-05,2.269265867864329e-06,6.918248536245193e-05,4.730016670529007e-10,0.0034459529603326207,0.0008691390924229625,0.0467088132830064,0.046708813283006405,0.04672668418439149,0
LIN_q0,101,1,6,100,0.41038874996777996,0.0002509725632803266,0.2987125414095263,4.2994431398646476e-05,1.028841268844003e-06,4.196561835603477e-05,-2.8226232293968792e-11,0.0,9.278307437549503e-08,-8.589607972291722e-05,-2.057682537688006e-06,-8.393123671206954e-05,5.6452464587937584e-11,0.004338034167077415,9.061081316743421e-05,0.04693691281243777,0.04693691281243777,0.046915438792507015,0
LIN_q0,101,1,7,100,0.45196160480417574,0.001437946503326241,-0.06533243059712676,-1.0108999681244539e-05,7.264522778376618e-07,-1.0835734020701578e-05,2.820616193776562e-10,0.0,3.201254770402207e-06,2.3419254132888562e-05,-1.4529045556753237e-06,2.1671468041403157e-05,-5.641232387553124e-10,-0.010263663487709254,-0.000552715339333274,0.05979320024852255,0.05979320024852255,0.05979905506205577,0
LIN_q0,101,1,8,100,0.40707999243269066,0.0007064277852984756,0.16879157428635988,7.971375435029859e-05,3.85077168117072e-06,7.586272697925132e-05,2.556898765501671e-10,0.0,7.814050809409526e-07,-0.0001586461036196579,-7.70154336234144e-06,-0.00015172545395850264,-5.113797531003342e-10,-0.006560101690663518,0.0012880989049800418,0.0469344895540474,0.0469344895540474,0.046894828028142495,0
LIN_q0,101,1,9,100,0.4567306709028317,0.0037759485899830484,0.33602001124316816,0.0012072464495607447,4.6997740725025314e-05,0.00116024871518668,-6.350960396840986e-12,0.0,2.3078643805491193e-05,-0.0023914142553159924,-9.399548145005063e-05,-0.00232049743037336,1.2701920793681973e-11,-0.047266981875310865,0.003577761555699002,0.07674773778841483,0.07674773778841483,0.07614988422458582,0
LIN_q0,101,20,0,100,0.40956133125295735,0.006436487495920067,-0.30262356541512864,-0.0015006701855097121,0.00016658700056846102,-0.0016866215402865192,1.4703788956636875e-09,1.9362883829450638e-05,2.4024546495523614e-05,0.0030640906851738476,-0.00033317400113692204,0.0033732430805730384,-2.940757791327375e-09,0.030663183441259817,0.01065802186932436,0.05063846178326739,0.05063846178326739,0.05140448445456086,0
LIN_q0,101,20,1,100,0.4237781601550718,0.007170282051016277,0.014279482194222657,0.00033461664312720544,4.4709322597237154e-05,0.00027425348447016404,-3.4655500469898925e-09,1.5657301609851338e-05,4.355239114100923e-05,-0.000594366291893698,-8.941864519447431e-05,-0.0005485069689403281,6.931100093979785e-09,0.004955417064855286,0.0025274505811477134,0.05087235284083636,0.050872352840836355,0.05072376126786294,0
LIN_q0,101,20,2,100,0.38558594437721744,0.004720961619815548,-0.2566427205255232,-0.0007847102917042725,9.689674269520482e-05,-0.0008918358605188316,-3.919185790729473e-10,1.0229218037933318e-05,1.4040595902643491e-05,0.001603919615387054,-0.00019379348539040963,0.0017836717210376633,7.838371581458946e-10,0.0034929561653510937,0.001394012292772361,0.044903883936505275,0.044903883936505275,0.045304863840352046,0
LIN_q0,101,20,3,100,0.4635289796640747,0.006906355701741728,0.34806305100140145,0.001396588263133955,0.00010160519916990203,0.001287398367400808,-5.417727197771057e-10,7.585238335964985e-06,4.892360613033258e-05,-0.0027290824434656464,-0.00020321039833980407,-0.002574796734801616,1.0835454395542115e-09,0.024483250973248043,0.004071483921200261,0.05918009484248441,0.059180094842484404,0.058497824231618,0
LIN_q0,101,20,4,100,0.3514927148035576,0.002127374174080491,-0.04459361275165807,-0.00013762615327451576,1.9401526944123904e-05,-0.00015572166506906085,1.597043211549597e-09,-1.3076121927903564e-06,9.539527268064979e-06,0.0002821766094315164,-3.880305388824781e-05,0.0003114433301381217,-3.194086423099194e-09,0.004377006883598671,-0.00038984957871996946,0.03530066002938022,0.035300660029380204,0.035371204181738086,0
LIN_q0,101,20,5,100,0.3985492088334025,0.0026461736486645916,-0.3145088315889294,-0.000624803764924595,3.639708110631346e-05,-0.0006634096624324418,-4.6185687487774837e-10,2.2092782584080474e-06,6.6087499699171735e-06,0.001260634836335922,-7.279416221262692e-05,0.0013268193248648836,9.237137497554967e-10,0.0034459529603326207,0.004041028649736504,0.0467088132830064,0.046708813283006405,0.04702397199209038,0
LIN_q0,101,20,6,100,0.41038874996777996,0.002973254998588351,0.39325207705527165,0.0006914606672053306,3.151986408130825e-05,0.0006570755948146572,1.8564789997890643e-10,2.865022661465134e-06,7.3045301628363816e-06,-0.0013698867589248941,-6.30397281626165e-05,-0.0013141511896293144,-3.7129579995781286e-10,0.004338034167077415,0.0002010813989348619,0.04693691281243777,0.04693691281243777,0.04659444112270654,0
LIN_q0,101,20,7,100,0.45196160480417574,0.005901357643944855,0.542405602588693,0.0024157754954840173,0.00030600854150124356,0.0021139474908177924,-1.7492999005331623e-09,-4.178787535118631e-06,6.256236605103238e-05,-0.004777346199987235,-0.0006120170830024871,-0.004227894981635585,3.4985998010663246e-09,-0.010263663487709254,-0.0016414573631997906,0.05979320024852255,0.05979320024852255,0.05859886369852574,0
LIN_q0,101,20,8,100,0.40707999243269066,0.003165706507151222,0.1886549857479804,0.0004792708740618451,6.515761662960693e-05,0.00041597638395884934,-2.246282489634841e-09,-1.860880244121561e-06,1.8948679990794377e-05,-0.0009433148286211382,-0.00013031523325921385,-0.0008319527679176987,4.492564979269682e-09,-0.006560101690663518,0.0030589261245133007,0.0469344895540474,0.0469344895540474,0.046698660846892136,0
LIN_q0,101,20,9,100,0.4567306709028317,0.01701103710985826,0.3116167207742069,0.004526865370595512,0.0009959294046662022,0.0034360976427438837,1.0145889519909423e-08,9.48281772959067e-05,0.0002808821679858204,-0.008583192218613388,-0.0019918588093324045,-0.006872195285487767,-2.0291779039818846e-08,-0.047266981875310865,0.016375536525432274,0.07674773778841483,0.07674773778841483,0.0746019397337615,0
LIN_q0,101,200,0,100,0.40956133125295735,0.027390955915962314,-0.14971560053643163,-0.0031975907919728876,0.001935704408670383,-0.005587468568737137,4.709736620980163e-09,0.0004541686583572451,0.00023860379918400087,0.0075421226998442625,-0.003871408817340766,0.011174937137474274,-9.419473241960327e-09,0.030663183441259817,0.011726680609001274,0.05063846178326739,0.05063846178326739,0.052523992458228454,0
LIN_q0,101,200,1,100,0.4237781601550718,0.01726524352799198,0.13049941325263598,0.0019188419421369615,0.0005791485874970437,0.0012275248717643313,-9.698735481542847e-09,0.00011217818161106757,0.0001956102868240345,-0.0034177172342277524,-0.0011582971749940873,-0.0024550497435286626,1.9397470963085695e-08,0.004955417064855286,0.006009219805108545,0.05087235284083636,0.050872352840836355,0.05001792353227942,0
LIN_q0,101,200,2,100,0.38558594437721744,0.02051781538453596,-0.02180032533292402,-0.0007519267278383311,0.0010534503364861213,-0.0019983508048327277,-6.627832751601071e-10,0.00019297440329155044,0.000234662609222672,0.0021244648714824335,-0.0021069006729722427,0.003996701609665455,1.3255665503202142e-09,0.0034929561653510937,-5.8299148490955635e-05,0.044903883936505275,0.044903883936505275,0.0454350001543759,0
LIN_q0,101,200,3,100,0.4635289796640747,0.028655267622805326,0.13667069275927834,0.0009526580603709023,0.0006622321613696122,-0.0001620887891141886,-7.899644266733532e-09,0.0004525225877597451,0.0002446108531486841,-0.0007556600920736289,-0.0013244643227392245,0.0003241775782283772,1.5799288533467065e-08,0.024483250973248043,0.002132179684508241,0.05918009484248441,0.059180094842484404,0.05899117981946602,0
LIN_q0,101,200,4,100,0.3514927148035576,0.013282426551805882,0.05873836238567232,-0.00021750201684223185,0.0002971322535391132,-0.0005819256184581878,7.146179821839784e-09,6.728420189702106e-05,0.00010728386847701015,0.000676856305955516,-0.0005942645070782264,0.0011638512369163757,-1.4292359643679569e-08,0.004377006883598671,-0.0018592701281360023,0.03530066002938022,0.035300660029380204,0.03546987410586908,0
LIN_q0,101,200,5,100,0.3985492088334025,0.016155069275899766,-0.16702178207638585,-0.0011197349828104615,0.00018568334601307094,-0.0014812992151937215,4.470801324997418e-09,0.00017587641556886387,6.0467509796937096e-05,0.0026516903065555847,-0.0003713666920261419,0.002962598430387443,-8.941602649994837e-09,0.0034459529603326207,0.004004585230286944,0.0467088132830064,0.046708813283006405,0.0473717358596453,0
LIN_q0,101,200,6,100,0.41038874996777996,0.01098651373100132,0.10451549649917956,0.0005020685691458428,0.0002551278135854132,0.0001801578628942973,1.2182064839395729e-09,6.678167445964842e-05,3.5329530799023225e-05,-0.0008352442585733644,-0.0005102556271708264,-0.0003603157257885946,-2.4364129678791458e-09,0.004338034167077415,0.00015571201174446753,0.04693691281243777,0.04693691281243777,0.04672810174779441,0
LIN_q0,101,200,7,100,0.45196160480417574,0.02113331974444948,0.2774012105593482,0.0035657231193492946,0.0019292341428039143,0.0014712761894849662,-6.376233624839335e-09,0.00016521916329403935,0.0003192017661085651,-0.006481806146001947,-0.0038584682856078285,-0.0029425523789699324,1.275246724967867e-08,-0.010263663487709254,0.0013915529081199574,0.05979320024852255,0.05979320024852255,0.05817274871202205,0
LIN_q0,101,200,8,100,0.40707999243269066,0.01228375263275695,0.11778448128262438,0.0007724320371156174,0.0005648128068439353,0.00018066932713750605,-4.442586265986456e-09,2.6954345720441854e-05,0.00016352871977692258,-0.0013274266630134285,-0.0011296256136878707,-0.0003613386542750121,8.885172531972912e-09,-0.006560101690663518,0.01487372105367851,0.0469344895540474,0.0469344895540474,0.04660263288829406,0
LIN_q0,101,200,9,100,0.4567306709028317,0.04036816094432791,0.059285793994794764,0.002348165623732959,0.0049465811521065385,-0.003019782998609759,1.2318374385749536e-08,0.000421355151861794,0.0015581700810862705,-0.0022954508626560587,-0.009893162304213077,0.006039565997219518,-2.4636748771499072e-08,-0.047266981875310865,0.010835542450226053,0.07674773778841483,0.07674773778841483,0.07617387507275082,0
LIN_q0,101,1000,0,100,0.40956133125295735,0.04569372376890727,-0.09552883634063837,-0.00343687948032753,0.010876422116579581,-0.015128905266258161,9.377726409327984e-09,0.0008155942916246311,0.0013971022939649625,0.009902049837869282,-0.021752844233159162,0.030257810532516322,-1.8755452818655967e-08,0.030663183441259817,-0.0007001762480169873,0.05063846178326739,0.05063846178326739,0.05311397424273471,0
LIN_q0,101,1000,1,100,0.4237781601550718,0.02149056860259227,0.2533386662077479,0.003235680777572993,0.0033851250433068495,-4.625312307652893e-05,-1.2910243605769773e-08,-0.00010317823241372391,0.0008210501187338333,-0.005856667901239598,-0.006770250086613699,9.250624615305786e-05,2.5820487211539545e-08,0.004955417064855286,0.007529338080617061,0.05087235284083636,0.050872352840836355,0.049408185865526456,0
LIN_q0,101,1000,2,100,0.38558594437721744,0.0397478709935234,0.015115317430338542,-9.03537730985021e-05,0.007427458648359213,-0.00786555175191033,-2.935720837855608e-10,0.0003477396240246986,0.0015143902036544301,0.0023905769979008337,-0.014854917296718426,0.01573110350382066,5.871441675711216e-10,0.0034929561653510937,-0.003586210568840914,0.044903883936505275,0.044903883936505275,0.04550152818598049,0
LIN_q0,101,1000,3,100,0.4635289796640747,0.041249624781100065,0.14329747518503022,0.0012437970635446676,0.0043941203287899185,-0.003790986957096254,-4.752543830699812e-10,0.0006406641671053856,0.0010998886593742447,-0.00010637713350431753,-0.008788240657579837,0.007581973914192508,9.505087661399625e-10,0.024483250973248043,-0.0008374236739098084,0.05918009484248441,0.059180094842484404,0.059153500559108334,0
LIN_q0,101,1000,4,100,0.3514927148035576,0.03352813879495002,0.04184615149865387,-0.0012143418433107796,0.0020262567581227514,-0.003646879856887989,1.1903246402189969e-08,0.0004062693522080557,0.0006480864018083381,0.0038893087928460104,-0.004052513516245503,0.007293759713775978,-2.3806492804379938e-08,0.004377006883598671,-0.004312176243446194,0.03530066002938022,0.035300660029380204,0.03627298722759171,0
LIN_q0,101,1000,5,100,0.3985492088334025,0.0540796910385014,-0.1515352770777258,-0.003470255578928429,0.0018707427032827433,-0.007259702375638685,9.962120353696402e-09,0.0019186941313071603,0.0006156701809422087,0.011393569601413385,-0.0037414854065654867,0.01451940475127737,-1.9924240707392804e-08,0.0034459529603326207,0.006917177740782193,0.0467088132830064,0.046708813283006405,0.04955720568335975,0
LIN_q0,101,1000,6,100,0.41038874996777996,0.018958258819641357,0.07992360340331606,0.0004977518020464165,0.0017504038800555928,-0.0013559883643720462,-2.604398311154474e-09,0.00010333889076118196,0.0002770643959337137,-0.0005117614266367566,-0.0035008077601111857,0.0027119767287440925,5.208796622308948e-09,0.004338034167077415,-9.519054155210243e-05,0.04693691281243777,0.04693691281243777,0.046808972455778565,0
LIN_q0,101,1000,7,100,0.45196160480417574,0.03975463505251914,0.262915390596031,0.0053937938309610465,0.009642479101375894,-0.004627613488603698,-2.1652660788160246e-08,0.00037894987084964013,0.001363741443550978,-0.008665946476671833,-0.01928495820275179,0.009255226977207397,4.330532157632049e-08,-0.010263663487709254,0.0005122872879777287,0.05979320024852255,0.05979320024852255,0.05762671362935459,0
LIN_q0,101,1000,8,100,0.40707999243269066,0.017519608498179403,0.17409223471142415,0.001514295802451529,0.0027968925033327223,-0.0010909462320393705,-1.1889329839524995e-08,-0.00019163857951198424,0.0007682419673006557,-0.00264362679662637,-0.005593785006665445,0.002181892464078741,2.377865967904999e-08,-0.006560101690663518,0.015448766826483877,0.0469344895540474,0.0469344895540474,0.046273582854890825,0
LIN_q0,101,1000,9,100,0.4567306709028317,0.11140778378712052,0.06437298019625,0.007818824573420001,0.022037251363357487,-0.019270250155293215,4.829961123031983e-08,0.005051775065744514,0.007608613456775069,0.0020745144414241064,-0.044074502726714974,0.03854050031058643,-9.659922246063967e-08,-0.047266981875310865,0.025601564372406026,0.07674773778841483,0.07674773778841483,0.07726636639877084,0
LIN_q0,101,10000,0,100,0.40956133125295735,0.09206000151620013,0.10928730549291994,-0.0012795490614190283,0.09778169758129447,-0.09982952626261915,3.1504081141200615e-08,0.0007682481158244335,0.009693074562784499,0.013788668917271533,-0.19556339516258894,0.1996590525252383,-6.300816228240123e-08,0.030663183441259817,-0.029255309772775004,0.05063846178326739,0.05063846178326739,0.05408562901258528,0
LIN_q0,101,10000,1,100,0.4237781601550718,0.04490710666269356,0.566084699003133,0.014543010699575181,0.031037100176369813,-0.014240734874105956,1.5054098874935836e-08,-0.0022533696567875543,0.006905146706157545,-0.026687614006567814,-0.062074200352739625,0.02848146974821191,-3.010819774987167e-08,0.004955417064855286,0.0012200755890811466,0.05087235284083636,0.050872352840836355,0.044200449339194404,0
LIN_q0,101,10000,2,100,0.38558594437721744,0.09642150441524816,0.17372987555358427,0.00919324527809848,0.05694691884251961,-0.04764592602630733,2.302571610232133e-08,-0.00010777056382989722,0.012000076012343139,-0.006601955671513469,-0.11389383768503922,0.09529185205261466,-4.605143220464266e-08,0.0034929561653510937,-0.01406592558155683,0.044903883936505275,0.044903883936505275,0.043253395018626906,0
LIN_q0,101,10000,3,100,0.4635289796640747,0.0963713670643792,0.25770283026294816,0.007411589425381306,0.03710513212289803,-0.03133720961729436,7.712923917181496e-08,0.0016435897905384828,0.008552584260951828,-0.0029834150087337287,-0.07421026424579606,0.06267441923458872,-1.5425847834362993e-07,0.024483250973248043,-0.010470316879309606,0.05918009484248441,0.059180094842484404,0.058434241090301,0
LIN_q0,101,10000,4,100,0.3514927148035576,0.08136343546835258,0.23907842451272743,0.003690077780092013,0.02204056453889748,-0.019570954389437206,-1.2040333655702694e-08,0.0012204796709653902,0.00574693012089228,0.0008077339026390759,-0.04408112907779496,0.03914190877887441,2.408066731140539e-08,0.004377006883598671,-0.009553358587488023,0.03530066002938022,0.035300660029380204,0.035502593505039974,0
LIN_q0,101,10000,5,100,0.3985492088334025,0.09000177163517209,0.009387131292594384,-0.0023532162833721066,0.030022572710955896,-0.03529439662499267,-2.5676160729007716e-08,0.002918633306825402,0.005709920527148488,0.016253619707543635,-0.06004514542191179,0.07058879324998533,5.135232145801543e-08,0.0034459529603326207,0.007721276256105433,0.0467088132830064,0.046708813283006405,0.05077221820989232,0
LIN_q0,101,10000,6,100,0.41038874996777996,0.04944019390499564,0.17855671595533476,0.003273498070543914,0.015324714014726659,-0.012071286461285777,1.3277205330411821e-08,2.0057239897690103e-05,0.002856171664531895,-0.0036507099967605155,-0.030649428029453318,0.024142572922571555,-2.6554410660823642e-08,0.004338034167077415,-0.0033790322889044287,0.04693691281243777,0.04693691281243777,0.046024235313247626,0
LIN_q0,101,10000,7,100,0.45196160480417574,0.09698107756645724,0.44025132845149073,0.021245767737702086,0.08477301994728866,-0.06356017916812258,-2.0687422913359185e-08,3.294764595892749e-05,0.011528576868723859,-0.030897063314762302,-0.1695460398945773,0.12712035833624516,4.137484582671837e-08,-0.010263663487709254,0.009166040632860556,0.05979320024852255,0.05979320024852255,0.052068934419831965,0
LIN_q0,101,10000,8,100,0.40707999243269066,0.046918376740971476,0.1516355191836202,0.002476288861509734,0.02731762402793561,-0.022592491667632587,3.758979820773966e-08,-0.0022488810885915047,0.006988695273066894,-0.002461644627135473,-0.05463524805587122,0.045184983335265175,-7.517959641547931e-08,-0.006560101690663518,0.0215044439423322,0.0469344895540474,0.0469344895540474,0.04631907839726355,0
LIN_q0,101,10000,9,100,0.4567306709028317,0.1774920775325262,0.27341589408084016,0.0338759642692761,0.17559548987678786,-0.1359218764445815,3.498673617039173e-08,-0.005797684149666253,0.055281725567584906,-0.02406557127029793,-0.3511909797535757,0.271843752889163,-6.997347234078346e-08,-0.047266981875310865,0.03880867897602232,0.07674773778841483,0.07674773778841483,0.07073134497084033,0
