arm,iv,seed,task,mean,q10,q50,q90,within,between,star,star_W,bias
LR,none,0,20,-1.7325007572845357,-3.645194294977587,-2.143382762579103,0.4058471048448435,2.687865710492,2.7662517456930016,-1.766750139787949,-1.8086477766588027,0.0418976368708536
LR,none,0,21,-1.856966053111307,-3.5039804574256475,-1.9471816761504677,0.3976468789499438,2.873007838411034,2.5274950554698443,-1.8182064049431628,-1.859454343643416,0.0412479387002531
LR,none,0,22,-1.9276103493189003,-3.805678583975813,-2.302825156790491,0.5593384268453339,3.0134930873532384,2.81739284173138,-1.843606765088202,-1.88162871375172,0.0380219486635178
LR,none,0,23,-1.928739005164037,-3.727424724630628,-2.285023523218384,0.5224090712678197,3.107713140125091,3.151803388102569,-1.8472417933297136,-1.8866963711417075,0.0394545778119936
LR,none,0,24,-1.933294152951714,-3.682310144524696,-2.151885722581302,0.2897931428438043,3.17577008729726,2.433132914687357,-1.8763073099491128,-1.912295825872204,0.0359885159230907
LR,none,0,25,-2.0149359259062147,-3.8180435280774048,-2.277676243404869,0.3353481070744428,3.207923588836725,2.9934126380500685,-1.9257067390283409,-1.959676068779903,0.0339693297515623
LR,none,0,26,-2.0302833195672267,-4.07256645020656,-2.356896265967712,0.4960753494207269,3.291478450022613,3.3051269474865808,-2.0062324883488065,-2.0388954937296977,0.0326630053808912
LR,none,0,27,-2.018221561901215,-3.9957126696182095,-2.211308301242477,0.5472746999821484,3.4676800215827925,3.343127438876188,-1.9783652189090248,-2.0119873457537363,0.0336221268447116
LR,none,0,28,-2.225386425497108,-4.4193947868925525,-2.4792184948053926,-0.089840929152138,3.570440456004401,3.2136669051872206,-2.0661690660207257,-2.098443503950462,0.0322744379297364
LR,none,0,29,-2.142908793137712,-4.547666972123708,-2.429944549831319,0.6576276827779043,3.64020034880704,3.959273612556732,-2.105550435988554,-2.135090902147205,0.0295404661586508
LR,none,0,30,-2.3326299881481334,-4.617946215906862,-2.4208897691543667,0.2271411739318377,3.878669149992458,3.616713915869498,-2.263801584181176,-2.291797631954662,0.0279960477734857
LR,none,0,31,-2.1961968282803377,-4.262005421954181,-2.3322274203440982,0.2696607104797572,3.6167723651450414,3.234265814530238,-2.203440936459679,-2.231925259107243,0.0284843226475641
LR,none,0,32,-2.4711366984568395,-4.90312062207911,-2.777116371583639,0.1918514960141188,3.629613425355665,3.720637768022837,-2.3570126681168397,-2.383723550870817,0.0267108827539777
LR,none,0,33,-2.3041589168556755,-4.515483067098073,-2.703879056529688,0.6834912994715474,3.764299028103567,3.801297230038882,-2.4112750490351185,-2.4366984577923154,0.0254234087571967
LR,none,0,34,-2.4256219855026755,-4.804143224811924,-2.6373625681933106,0.4534900546994382,3.9880063524144735,4.097758642322972,-2.394680544617892,-2.4189661113804477,0.0242855667625553
LR,none,0,35,-2.5167899443400628,-4.7378076834065785,-2.7189807176468914,0.0255856343934102,4.070106360948274,3.719063165005153,-2.3980713989122915,-2.422283387802602,0.0242119888903107
LR,none,0,36,-2.6683228674732167,-5.450964742251325,-2.8359962411889583,-0.0645170331714707,4.429483073242761,4.18810596665671,-2.4149192809650746,-2.4368269492254666,0.0219076682603918
LR,none,0,37,-2.70197007446626,-5.249585505983894,-2.585177785911898,-0.0492141792129086,4.423858783839187,3.8547773076503393,-2.459134854763929,-2.4774757275916137,0.0183408728276845
LR,none,0,38,-2.561611347235711,-4.7545872205717785,-2.864055957468897,0.083344627973638,4.363644746393618,4.057024304541344,-2.484058649437657,-2.5024749153062387,0.0184162658685818
LR,none,0,39,-2.6482165030427023,-4.75774273054031,-2.77651586645493,0.1212352896598567,4.406309875305377,3.5796388554709906,-2.5305332844216624,-2.5486021841865747,0.0180688997649122
LR,none,0,40,-2.584259733701056,-4.529528576749461,-2.951780777830316,-0.1246677295165857,4.498594045718547,3.5848069511778777,-2.621427395730326,-2.6367381019599736,0.0153107062296476
LR,none,0,41,-2.8199866863620726,-5.210458329168892,-3.079678256130825,-0.191950379672942,4.585198703444523,4.114342182932052,-2.816486123251563,-2.822937772327752,0.0064516490761889
LR,none,0,42,-2.84087707152066,-5.578651706658675,-3.074255082574053,-0.0355360953026063,4.8758294961162205,4.260005539301912,-2.8024699532917454,-2.80826696408463,0.0057970107928849
LR,none,0,43,-2.674292389227677,-4.938515241376988,-2.9391797197924503,0.5089932509041788,4.758053255773806,4.780521198885274,-2.751477468105912,-2.7600817094529693,0.0086042413470568
LR,none,0,44,-2.69272797098082,-4.886482164038773,-3.0335655163838684,0.0437146647190727,4.689070906056973,3.902981642011272,-2.7475075978943595,-2.753627752273528,0.0061201543791685
LR,none,0,45,-2.9066948552400027,-5.865327140538282,-3.3891223765367866,0.4136482437171477,4.878138240439659,5.029152507451888,-2.733650804206302,-2.740654925131277,0.0070041209249757
LR,none,0,46,-3.0587012586341715,-5.698899654381358,-3.329379960426321,-0.0159251956225192,5.306895308310281,6.132177342506568,-2.78151180949766,-2.7867910160008424,0.0052792065031826
LR,none,0,47,-2.7594971334767195,-4.966623701603111,-3.199970767011661,0.3441558837973578,4.934843185684392,5.127551718614011,-2.8504609469524755,-2.854153776609851,0.0036928296573751
LR,none,0,48,-2.82832028667007,-5.034883503940976,-3.231799955393305,-0.022881208010552,5.12877064626727,5.506545630895841,-2.856154808894618,-2.8607106349187705,0.0045558260241523
LR,none,0,49,-2.980767132955469,-5.707187213826582,-3.3335943460736663,0.1465356577936204,4.959683798802011,4.921920118695469,-2.8356873195816537,-2.8423999325291027,0.006712612947449
LR,none,0,50,-3.028904350203605,-5.261855189638311,-3.14470182136029,-0.2715687629819301,5.346484707976991,4.549719477020719,-2.925233891631666,-2.9282725608881592,0.0030386692564934
LR,none,0,51,-3.288489616304612,-6.06908296603335,-3.6716227619911694,0.1718109882723108,5.893947172183757,5.423006853927251,-3.0265705493254647,-3.026642239441776,7.169011631049216e-05
LR,none,0,52,-3.1088712019051217,-5.3190511467353305,-3.3196946125690943,-0.5104444611992417,5.486738308806244,4.722068563411329,-3.031095275562685,-3.029472327232789,-0.0016229483298957
LR,none,0,53,-3.084997494611812,-6.068368413599286,-3.1682789448105733,-0.272994693916765,5.540546114484399,5.298186919707085,-3.010833578474648,-3.0057350373829275,-0.0050985410917201
LR,none,0,54,-2.9312221219013126,-5.65573574910659,-2.910095090612629,0.1771680429034947,5.35804431480766,5.34805570229467,-2.941833686052292,-2.935425058159767,-0.0064086278925242
LR,none,0,55,-2.976302799352863,-5.549058175671225,-3.2953723155859693,0.1125711492526132,5.57609991314857,5.295670232303099,-2.966430931522282,-2.9561356235932363,-0.0102953079290455
LR,none,0,56,-3.0985910836869084,-6.14847672783854,-3.4601183199896983,0.3367486124060111,5.7119771224387605,6.652422678490152,-2.962050307544574,-2.9497297649913667,-0.0123205425532069
LR,none,0,57,-2.977700681634347,-5.499210697978826,-3.374635452399341,0.0871006705917265,5.600063870221723,5.346731116749539,-2.947905544214093,-2.936762089537599,-0.011143454676494
LR,none,0,58,-2.983865789144072,-5.179097070378562,-3.3797603346004683,0.1614124705697967,5.639955437156528,5.869726875661644,-2.8944038063353155,-2.8833171221702587,-0.0110866841650567
LR,none,0,59,-3.246289737139737,-5.610641541646437,-3.462895009496832,-0.1737381076931566,5.9295793388771365,5.3789806033560765,-3.048298843238745,-3.0319147191262257,-0.0163841241125192
LR,none,0,60,-3.3633484619027554,-6.761710842335093,-3.863423447236667,0.1679362191637206,5.717277891608652,7.324208219617154,-3.1574557377116705,-3.1374157649847167,-0.0200399727269541
LR,none,0,61,-3.2509319822476237,-5.513489405099464,-3.798725072811591,-0.2403775007642562,5.881375011341071,5.163996078947318,-3.237886405447099,-3.2163358005551355,-0.0215506048919633
LR,none,0,62,-3.039108493747848,-6.467607410480329,-3.172460425858433,0.4310755180679859,6.136015154774554,7.4919559039771215,-3.130156912440739,-3.112452071344319,-0.0177048410964198
LR,none,0,63,-3.0140700510468914,-5.852379951149779,-3.1197359911663733,0.4672083669918593,5.748662177511886,6.3787018349006726,-3.045319447812117,-3.028589685297384,-0.016729762514733
LR,none,0,64,-3.1724915773675115,-5.774633265978873,-3.21833212059929,-0.6772898012639503,6.05604731718097,5.146270409571856,-3.0097254790993544,-2.9897951552911333,-0.0199303238082211
LR,none,0,65,-3.299747755265068,-6.335277547340439,-3.7300756593749655,0.8990262680129711,6.091596321815919,7.835942675646472,-3.028802113801288,-3.006627567206091,-0.0221745465951971
LR,none,0,66,-3.3108775797982424,-6.239751903044156,-3.5980824672017224,0.0537809265608603,6.478419477892714,5.918680724846736,-3.169198105861222,-3.142025053106853,-0.0271730527543695
LR,none,0,67,-3.1553123665463545,-5.699397243733481,-3.5538849232955965,-0.8341808935723346,6.282853881672414,4.5910740806684,-3.114008945461531,-3.086937214177736,-0.027071731283795
LR,none,0,68,-3.2376130713025417,-5.974192955137064,-3.647937324289696,0.1066447473957738,6.243661299533046,6.221412383853004,-3.1739865449192326,-3.1444570619175534,-0.0295294830016791
LR,none,0,69,-3.0867657194815354,-5.96510200211408,-3.267015539186688,0.630090188777238,6.1190232364180055,6.988876956115207,-3.178260076885909,-3.148450233293098,-0.0298098435928113
LR,none,0,70,-3.2031445956958136,-6.400037903542705,-3.74847866343862,0.6174831241794975,6.287184688743225,6.7925844686217625,-3.260174127397619,-3.2295356259816583,-0.0306385014159604
LR,none,0,71,-3.262226632756376,-5.761888060606074,-3.594230626454696,0.4199971094677017,6.453575816216715,5.706883534191519,-3.23181861172899,-3.199780904124523,-0.0320377076044678
LR,none,0,72,-3.3352802933764814,-6.954140706967783,-3.753385450961691,0.236192478088763,6.54037573247036,7.395598327218217,-3.2879564050303958,-3.25005928263517,-0.0378971223952248
LR,none,0,73,-3.320055198847494,-6.598446671791032,-3.681970056904624,0.4477159534697862,6.683696519683462,7.453831914993569,-3.150147403612796,-3.111219199704069,-0.0389282039087265
LR,none,0,74,-3.4008733790926384,-6.50500599580517,-3.893878839864419,0.4120999706906117,6.556563337712933,6.06516378912542,-3.241741884292347,-3.197484353280521,-0.0442575310118263
LR,none,0,75,-3.5100973256783523,-6.494659910608655,-3.5373203315270425,0.072334451089008,6.8417146266138165,7.299900949648427,-3.2729038436129203,-3.223532948424152,-0.0493708951887674
LR,none,0,76,-3.40219360416,-6.90489618014038,-3.4024962664706724,0.2592964377145474,7.196469275688937,8.75236941026509,-3.2616598163159254,-3.2095461980100413,-0.0521136183058843
LR,none,0,77,-3.2827837327181224,-6.420790134209552,-3.4446102160909184,0.9619543136964256,7.089623393098925,8.567465176675352,-3.2546353687962046,-3.203062713352171,-0.0515726554440334
LR,none,0,78,-3.632502194922771,-6.468814229200521,-3.788275720196296,-0.0243650288196983,7.093843822668588,7.395500259097222,-3.383033890382204,-3.325979629888016,-0.0570542604941874
LR,none,0,79,-3.456115765025722,-6.710250842779538,-3.3811602392808693,-0.2458709116472937,7.086102350959874,7.636794522410391,-3.4147681367786173,-3.354541898809144,-0.060226237969473
LR,none,0,80,-3.472324608288087,-6.079164581949222,-3.532867129725105,-0.0236282070399321,6.910090072389551,6.916060566344122,-3.471993358791708,-3.406891385830434,-0.0651019729612744
LR,none,0,81,-3.76245410894036,-6.764397588213653,-3.615801193589729,-0.3947266325529934,7.497500554122211,6.9525396140604725,-3.545382767550641,-3.475116466825298,-0.0702663007253431
LR,none,0,82,-3.529442436638202,-6.680327431383238,-3.729308383107565,-0.5430415876071724,7.482588812680482,6.122239984532181,-3.4702204861041817,-3.3977786256586398,-0.0724418604455422
LR,none,0,83,-3.615260993120424,-6.346258973217136,-3.777057951290733,-0.4147646687863881,7.415869076268073,6.8565677230973305,-3.4295344365795275,-3.355388108051232,-0.0741463285282952
LR,none,0,84,-3.590926517688471,-6.004215532856833,-3.744782060272554,-0.2638674403538953,7.030881590189546,6.329994301692364,-3.409792178071487,-3.331781449775711,-0.078010728295776
LR,none,0,85,-3.5880969373007887,-6.248804828944569,-3.913062844368232,-0.4214552990984359,7.207059362938553,6.521113828793013,-3.5387622770327702,-3.457270813678447,-0.081491463354323
LR,none,0,86,-3.585089414798381,-7.039822684687292,-3.5658566183305416,0.2669405710320998,7.391879948636415,7.804391526353643,-3.510529588242042,-3.4279819077206586,-0.0825476805213838
LR,none,0,87,-3.8354352290411584,-7.46772883036277,-4.230902638803087,-0.5256703522344566,7.836741766792346,8.09315298357405,-3.5558198063602235,-3.4703550435104904,-0.0854647628497332
LR,none,0,88,-3.6003067936277624,-6.51731556980986,-3.822068223105135,-0.3582020614512075,7.274959054527742,7.791385526505633,-3.4475075191923743,-3.361053740048161,-0.0864537791442126
LR,none,0,89,-3.752960680685385,-6.408204039146227,-3.8659309203881,-0.027404931521837,7.879475305397477,7.807831384752929,-3.499537020159274,-3.407397407373733,-0.0921396127855405
LR,none,0,90,-3.2482517518855247,-6.45358012867014,-3.3038197140871794,0.3611387720344398,7.395760672232237,8.745418660582706,-3.407080874150932,-3.3139901372395326,-0.0930907369113993
LR,none,0,91,-3.8994780433400846,-7.42306895399029,-3.8041588748191817,-0.2697895024621211,8.273505919341504,10.117582151330092,-3.565857657166343,-3.4666814687663274,-0.0991761884000152
LR,none,0,92,-3.605706925369424,-6.619863258369525,-3.747527939233815,-0.1472474587485891,7.918484453234759,8.843860941955134,-3.6392545610382943,-3.5332687409637287,-0.1059858200745657
LR,none,0,93,-3.684335967690521,-6.4824333490625685,-3.9128528134272056,0.1282269577467471,7.784999549526328,7.787886759981473,-3.65552131814917,-3.548830074975616,-0.1066912431735545
LR,none,0,94,-3.7755518327069177,-6.836844108478484,-4.07862031936514,0.1598866265480961,7.870101660528374,8.880124980162398,-3.596355537931,-3.488467371317589,-0.1078881666134111
LR,none,0,95,-3.569267296592689,-6.847242294801694,-3.666926660989637,0.1914060955792062,8.182675501982915,10.16627146790644,-3.640211263266325,-3.5282355878466536,-0.1119756754196714
LR,none,0,96,-3.8295406432154313,-6.820627116243195,-4.0843045569007845,-0.1995262187196833,8.502016781850458,8.472468261948753,-3.6960005088616072,-3.5799656743247668,-0.1160348345368402
LR,none,0,97,-3.953206629732023,-7.335397791802047,-3.882072559575124,0.0985324472541706,8.438963533259443,9.00017345272201,-3.795615570314159,-3.676261724109692,-0.1193538462044671
LR,none,0,98,-4.097539826540614,-7.458288827089084,-4.309847263291223,-0.4812727387907093,8.811805850732565,9.339819377329045,-3.940273608369921,-3.8148433268630697,-0.1254302815068513
LR,none,0,99,-3.769022199521568,-7.124637543338639,-3.661711582551065,0.0202535998484749,8.209509529544075,9.912711185227984,-3.919305904282045,-3.790554666507776,-0.1287512377742677
LR,none,0,100,-3.916618899273827,-7.823550839371543,-3.719692875814172,-0.0145875787388882,9.12664059140894,10.716093072360602,-3.851015461083622,-3.723134095141319,-0.1278813659423031
LR,none,1,20,-2.0073835290680604,-3.4859811018399403,-2.3746035545812667,0.0371981449734814,2.694928577451169,1.9264032517901597,-1.8271182297486472,-1.8473140628451608,0.0201958330965135
LR,none,1,21,-1.9639735569640604,-3.742258244195475,-2.276044792969021,0.2010097019717046,2.791055566670269,2.243020061048828,-1.8898975871786976,-1.9070153889762744,0.0171178017975762
LR,none,1,22,-1.8956626848758595,-3.4481965309142923,-2.2164223590431638,0.096638753888275,2.791424200500421,2.0231858351399823,-1.8790075840068952,-1.8974028486538648,0.0183952646469697
LR,none,1,23,-1.958236560147469,-3.55653768169487,-2.2416165385266518,0.0382746954407805,2.721403265335669,1.783571226957896,-1.8866825614704947,-1.906774365387225,0.0200918039167299
LR,none,1,24,-2.1088042270039025,-4.096495056591003,-2.25178856782636,0.0648267071225686,3.085592199263547,2.565844291489312,-1.9863747151838929,-2.005235172399671,0.0188604572157782
LR,none,1,25,-2.091864424005617,-3.7063464751732185,-2.319352281728183,0.1342791992902967,2.9047138599542377,2.209853337595874,-2.001122620794677,-2.0215220566929664,0.020399435898289
LR,none,1,26,-2.1610479700585468,-4.069495674203227,-2.680271594412014,0.1087399241342107,3.0798982234366807,2.842084206389739,-2.106796617311989,-2.12431907423968,0.0175224569276906
LR,none,1,27,-2.171360610062807,-4.135104621079925,-2.2934550262315634,-0.0719563378550542,3.076766248981497,2.930700484609336,-2.082817790742724,-2.1017982198928293,0.0189804291501059
LR,none,1,28,-2.0308176814453107,-4.162145046721935,-2.542801089715142,0.3646847089833438,3.165280579687754,3.224912665989523,-2.1093552381142384,-2.1274877157072645,0.0181324775930261
LR,none,1,29,-2.201843210470163,-4.035323898854485,-2.662084085719864,0.3855005172331403,3.2141039515940646,3.3889850338712164,-2.123656875246533,-2.141630827798372,0.017973952551838
LR,none,1,30,-2.286919544347144,-4.275862964939522,-2.2685448337540857,0.013402327650358,3.297337035000368,2.6872598281822992,-2.213179796157388,-2.22827505054684,0.0150952543894527
LR,none,1,31,-2.0424682150204463,-4.314569508091329,-2.254275396311205,0.3700013660647318,3.327782959945796,3.4422152809405424,-2.1783101443072725,-2.19461625272985,0.0163061084225773
LR,none,1,32,-2.332698069912832,-4.408387254401048,-2.742272123192973,0.2250793306627916,3.334756198982879,3.5978070709111085,-2.320370304615889,-2.337444662482548,0.0170743578666588
LR,none,1,33,-2.3417095546194058,-4.161819240181447,-2.803381904803129,0.2548505938839464,3.532474536363398,3.415335817321257,-2.3172860528692767,-2.3314197598631656,0.014133706993889
LR,none,1,34,-2.4271216390644006,-4.187041885363736,-2.8612007429316737,-0.04084154325293,3.6846198786107287,2.9315217721055298,-2.350990617743253,-2.3649165900657207,0.0139259723224677
LR,none,1,35,-2.4393402490304466,-4.501108074022307,-2.6830789243820203,0.1073695960834701,3.607957444708207,3.3937594327938387,-2.320028746009388,-2.333796506022385,0.0137677600129973
LR,none,1,36,-2.356189415719311,-4.461524282299511,-2.5547134144049064,0.0821058581018627,3.551030938243183,3.080874635867176,-2.3771988709636416,-2.390939898925592,0.0137410279619507
LR,none,1,37,-2.7080856160234474,-4.69974921190339,-3.0696679652892978,-0.3907151315250917,3.923662200646756,3.306459151499028,-2.449110958904738,-2.462512387526466,0.0134014286217279
LR,none,1,38,-2.5424283479954863,-5.006597778812032,-3.007250428994344,0.5835988358606359,3.941675417683484,4.325381707234654,-2.502207139241812,-2.5139109923134786,0.0117038530716672
LR,none,1,39,-2.7195279509207024,-5.119487825806207,-3.1387272143735614,0.2993470931431322,4.062158145770593,4.694612537578297,-2.558958319661135,-2.569807032485653,0.0108487128245178
LR,none,1,40,-2.4855497035919067,-4.952901658400589,-2.883890218306369,0.3544358528221173,4.119196702544649,4.378612484786311,-2.5812281544704474,-2.5906787927134447,0.0094506382429972
LR,none,1,41,-2.681922791206877,-5.142632499475923,-2.737374091925699,0.289126461225796,4.07377444693979,4.158723139754886,-2.563778543293799,-2.573688492177377,0.0099099488835781
LR,none,1,42,-2.575850609734577,-4.666127744394416,-2.807613759087513,-0.0158512311643128,4.079778818991603,4.047634806343057,-2.5325452826900414,-2.540873188670446,0.0083279059804044
LR,none,1,43,-2.501214260917504,-4.754923492273548,-2.7400771790051266,0.323527683900759,4.2691449969953,4.751091885024239,-2.514298683315908,-2.521730172319264,0.0074314890033565
LR,none,1,44,-2.532545922088058,-4.855401767634148,-2.7872485567326333,0.1925611504496915,4.26647521568278,4.63160601434905,-2.545994593806342,-2.548040477463753,0.0020458836574107
LR,none,1,45,-2.518703446688783,-4.627049175353064,-2.7815009413210703,0.264007849289904,4.187893473725591,4.388079946247281,-2.6191630185390857,-2.6172322993243613,-0.0019307192147243
LR,none,1,46,-2.7790587632483823,-5.470236302956908,-3.3252928617311626,0.3039509898889772,4.538628168240737,5.039988257812039,-2.671813904086773,-2.668379991575091,-0.0034339125116821
LR,none,1,47,-2.7365274899430925,-5.254220444016011,-3.238303310781374,0.25584598537753,4.315861974642171,5.476283364528557,-2.666164865999058,-2.662929272227816,-0.0032355937712418
LR,none,1,48,-2.609337259951123,-5.135688848572238,-2.7074472906753644,0.108953869526122,4.663186694119228,4.361089987023619,-2.577107990269909,-2.5715812705520182,-0.0055267197178909
LR,none,1,49,-2.771846055849065,-5.42677816369664,-2.679442872996058,0.2882156427614639,4.8339800757055,5.019202878062512,-2.5197062049842263,-2.5126618246025227,-0.0070443803817033
LR,none,1,50,-2.56712345738838,-4.996290902870603,-2.713821287009451,0.3162724112092652,4.472058199614087,4.540173180366211,-2.578500233089421,-2.568921163312029,-0.0095790697773918
LR,none,1,51,-2.9638867994849,-5.837767440666243,-3.1156159478668526,-0.1438109268247067,4.724769355367606,4.978221213981124,-2.6616514021128794,-2.6475062012043464,-0.0141452009085332
LR,none,1,52,-2.827940722724457,-5.199581193362672,-3.171754744052791,0.0305243152642216,4.782871212361207,4.818892155872709,-2.719380675723068,-2.702411289040456,-0.0169693866826128
LR,none,1,53,-2.9547491345791705,-5.1917455616659645,-3.211406656178688,0.0012225112603807,4.956215777169542,4.387335055822635,-2.761108007066735,-2.742046912730524,-0.0190610943362116
LR,none,1,54,-3.0828775430723,-5.291066312550083,-3.368015631231709,-0.1898786304686535,4.781426233889305,4.714126349712752,-2.8520114944763604,-2.8306646383648744,-0.0213468561114859
LR,none,1,55,-2.880232740261533,-5.009722674234397,-3.3916839983197544,-0.0143891996356448,4.855092056932885,4.833090452560143,-2.816082566790094,-2.7950927843966498,-0.0209897823934443
LR,none,1,56,-2.9581132312940785,-5.5155394135832605,-3.467187960252321,0.0307834253936076,5.0239237759038,5.529839767427535,-2.847615598687719,-2.821565771629852,-0.0260498270578682
LR,none,1,57,-2.965544844608037,-5.496641862251783,-3.119752015019629,0.0511171523517022,5.12827343803324,5.19593539497151,-2.8482697064694222,-2.819739111616204,-0.0285305948532186
LR,none,1,58,-2.848198574448811,-5.482571834229845,-2.7858844202648205,0.1025532679128305,5.164574048687683,5.73425582859222,-2.8034999397303637,-2.775855140241155,-0.0276447994892077
LR,none,1,59,-3.1804348410331853,-6.4083086033071455,-3.416807114470482,-0.0893332784476847,5.127834582001324,7.113742154690628,-2.9434932102314173,-2.913445136396212,-0.0300480738352052
LR,none,1,60,-3.042353050953845,-5.607380387515796,-3.2254261694171427,-0.2022858579561486,5.114534846242916,4.6215819726115,-2.921109840308682,-2.888728626507701,-0.0323812138009816
LR,none,1,61,-3.0774177379025907,-5.900850861300714,-3.344819064054307,-0.0800175205609666,5.28502531099115,5.326662698524401,-2.9873515544542544,-2.9513819587072443,-0.0359695957470103
LR,none,1,62,-3.04393959118362,-5.879638390778801,-3.1712794241749327,0.7126257116468294,5.105428908845587,6.076173068013549,-2.945277162478244,-2.911915636145216,-0.0333615263330284
LR,none,1,63,-2.7836862436967658,-5.338257348616331,-2.609698277904013,0.0998635847653633,5.4199445726391176,5.825861724611259,-2.873032526678476,-2.834672479785118,-0.0383600468933582
LR,none,1,64,-3.307966687223873,-5.9689600657578445,-3.5554811564049933,-0.2432879669182157,5.731170687014584,6.4841241531087,-2.978582721578801,-2.9360628672949103,-0.0425198542838916
LR,none,1,65,-3.1964130849061907,-5.795859201400333,-3.692239998166445,0.0931790201431438,5.53272090542042,6.041173032655453,-3.044471116834337,-2.996541019245649,-0.0479300975886872
LR,none,1,66,-3.149460082775985,-6.000459373713758,-3.4067062405668187,-0.1777164643353627,5.636488674581581,5.981750054028646,-3.0712350018247485,-3.0201192835527,-0.0511157182720489
LR,none,1,67,-3.3046538454436085,-6.722771847805928,-3.4903865411781503,-0.0663865011789213,5.592770582455916,6.261435443055566,-3.0819470728898666,-3.031105148552429,-0.0508419243374373
LR,none,1,68,-3.125039825770587,-5.94766228638944,-3.443943031118267,-0.2804074146940323,5.710440064904845,6.830636689285922,-3.1746810113752475,-3.1192740522438878,-0.05540695913136
LR,none,1,69,-3.3331705873830657,-6.229218731281624,-3.8489564334895463,0.3485131601865142,6.073075118471495,6.862019324548388,-3.249456166637856,-3.190511497872676,-0.0589446687651798
LR,none,1,70,-3.197518617160082,-6.447103121256964,-3.461757454961278,0.0555398082716742,5.940696080109507,6.054854597173173,-3.2825673061881413,-3.218700819636581,-0.0638664865515602
LR,none,1,71,-3.430208286073501,-6.326298560486073,-3.854917059569005,-0.3362073244809779,6.1366820620426505,6.5513260762465855,-3.3142419896523254,-3.2501632724438583,-0.0640787172084674
LR,none,1,72,-3.199089770486487,-6.4254232739055,-3.318640476946712,0.0001843038750882,6.121448008824628,6.853141557436199,-3.2510482581805284,-3.189046382297822,-0.0620018758827063
LR,none,1,73,-3.3422803067611038,-6.533607826120589,-3.303162255589457,-0.4224676194626011,6.151812600923347,7.369304445010323,-3.278141285058155,-3.2117816765995677,-0.0663596084585879
LR,none,1,74,-3.224434413449125,-6.373912870010375,-3.4130889968855955,0.1666069261346704,6.241055369571081,6.982746945675928,-3.3022620235916134,-3.234044200900537,-0.0682178226910764
LR,none,1,75,-3.4153060446893218,-6.285604136627455,-3.4931210496598104,-0.2223590019593014,6.390954843841891,6.47200077888427,-3.287394307513446,-3.220327141381992,-0.0670671661314554
LR,none,1,76,-3.425114684120272,-6.156607684698902,-3.4947289361453606,-0.3575971447049935,6.442001726892872,6.069405314638405,-3.3828032988504964,-3.3124263264684237,-0.0703769723820732
LR,none,1,77,-3.483306829990635,-6.276905267991845,-3.777236741765731,0.1549507442683162,6.153668883624333,6.720157289574425,-3.396436704739305,-3.3272208023714365,-0.0692159023678686
LR,none,1,78,-3.5430421128024534,-6.332976028540196,-3.707540652525593,-0.3636961572427967,6.135065742767622,6.840978861561245,-3.4601678887436464,-3.391068025643082,-0.0690998631005641
LR,none,1,79,-3.2189656551029167,-5.62649552662426,-3.489924576998699,0.0113311865804408,6.321974877947546,6.098007784721367,-3.254868093065328,-3.185970262690556,-0.0688978303747717
LR,none,1,80,-3.362908721750594,-6.355838292805185,-3.938388807969744,0.0780578684153299,6.198398504870173,6.655551093396671,-3.2153434195913184,-3.143939733717034,-0.0714036858742838
LR,none,1,81,-3.140373251882684,-6.104709983618478,-3.5661402012456707,0.2630792863610214,6.446919556617959,7.048740201316933,-3.248202102293864,-3.172879550069476,-0.0753225522243883
LR,none,1,82,-3.420257496900401,-5.912553274894656,-3.6764063320929994,-0.6282922825290113,6.469786492935982,6.483001394893591,-3.3367962922465604,-3.256348412756467,-0.0804478794900933
LR,none,1,83,-3.644287190535507,-6.42832290149516,-4.348941154133538,-0.0913893502493482,6.812518980130314,6.595352801282302,-3.486862353754851,-3.402762110587365,-0.084100243167486
LR,none,1,84,-3.3745855875137227,-5.9555758320028245,-3.9106197408893353,0.2015788570701852,6.678993042525961,6.076296717024325,-3.566103124680662,-3.478533616468044,-0.0875695082126185
LR,none,1,85,-3.5688071421212184,-6.618614905906171,-3.937956965551008,0.1833245708437704,7.019146539176055,7.447532291291538,-3.70378005533008,-3.609889340081663,-0.0938907152484171
LR,none,1,86,-3.581533455204747,-6.387872089115566,-3.694367252759344,0.1377981294497428,6.956263846274647,7.243436288737863,-3.674842133507186,-3.5801531900782675,-0.0946889434289187
LR,none,1,87,-3.836852520726855,-6.842866053841911,-4.097580700169515,-0.0941582109690707,7.447800513893464,7.854467136232087,-3.714908570794496,-3.616526565326776,-0.0983820054677198
LR,none,1,88,-3.833464970249956,-7.529400378437918,-4.03217747479266,-0.2149404284524877,6.912735231313588,9.823889600055857,-3.762586247848391,-3.6607071155980666,-0.1018791322503239
LR,none,1,89,-3.7931589233935954,-7.246529950635391,-3.804081053193578,-0.2927012180020926,7.595790269388842,8.649354717097998,-3.696527844736909,-3.5927341865884115,-0.1037936581484973
LR,none,1,90,-3.746788527482522,-7.339988859005972,-3.9375061981050177,0.1036329815330779,7.347375695012205,8.79378472082546,-3.674970070626984,-3.5681737158372893,-0.1067963547896943
LR,none,1,91,-3.98726927948616,-7.73040466244329,-4.330006408561143,-0.0266610501427759,7.5150387067441775,8.994465781072217,-3.7229832297498864,-3.614640423341705,-0.1083428064081817
LR,none,1,92,-3.702132456723376,-7.128760760828312,-3.864350244290305,0.3479503566408299,7.77038098006949,9.499122786251029,-3.768275735080724,-3.654860039166424,-0.1134156959143001
LR,none,1,93,-3.7590449196442752,-7.067394270439118,-3.9410190332935366,-0.3824867305415089,7.35088901801994,8.657316851356327,-3.7238934030724,-3.60717449818065,-0.1167189048917498
LR,none,1,94,-3.911177031882403,-7.183192694306487,-4.242888335528658,0.6261540143535467,7.429483330457743,9.495302434808758,-3.785075567106459,-3.6650120307111407,-0.1200635363953188
LR,none,1,95,-3.998527615702789,-7.317008870921173,-4.0947936152420485,-0.3148800580792574,7.463804757777559,7.624737748227099,-3.735159707925196,-3.614377107973125,-0.1207825999520719
LR,none,1,96,-3.884762767682177,-7.253042318454635,-4.173009486516127,-0.4954513510559879,7.831015891939634,8.800895168092973,-3.723395373469763,-3.6026903014508638,-0.1207050720188999
LR,none,1,97,-3.946982476467439,-7.674182075095449,-3.993238041744095,-0.0425186393319359,7.48452658647976,9.301647340424548,-3.833296107569813,-3.705949753383511,-0.127346354186302
LR,none,1,98,-3.825264662293693,-7.274727362727237,-4.159064412408378,-0.0334310350869072,7.660126528510685,8.473560227953671,-3.7218460469426553,-3.593554854801759,-0.1282911921408958
LR,none,1,99,-4.067756115558462,-7.490090247663621,-4.715480838334525,-0.1042523048498577,7.653133048215266,10.08764306534719,-3.7309214843555374,-3.597209768381625,-0.1337117159739136
LR,none,1,100,-3.871656314446201,-7.395354974576166,-4.260388434147766,0.0577668088801865,7.64581443210904,10.664163621813042,-3.6847501852158406,-3.547776184495766,-0.1369740007200744
LR,none,2,20,-1.8904627651684125,-3.3616343520989957,-1.987388672400076,0.0990982103325992,2.849811649195447,2.0742635802635707,-1.7856207568517122,-1.7917849909984207,0.0061642341467086
LR,none,2,21,-1.7441969724885469,-3.4222707080369728,-2.230341269799209,1.2096470894058866,2.836498295729703,2.865353355077959,-1.816055031810048,-1.8190408672666865,0.0029858354566385
LR,none,2,22,-1.946577921837175,-3.5550281816913327,-2.228293340362197,0.2434839093794054,2.9458494582380057,2.4854551487392955,-1.8977098952242195,-1.9001567225737053,0.0024468273494858
LR,none,2,23,-1.888582169314845,-3.9536401980320592,-2.056515323881645,0.1877208570577598,3.0894532499107004,2.9054931464973754,-1.936164654895279,-1.940842425773467,0.0046777708781883
LR,none,2,24,-2.0473980350112733,-3.961184452047017,-2.1069778443132514,0.0349598345164428,3.10530422184501,2.6985059728074856,-1.967060956463662,-1.9714712505694263,0.0044102941057644
LR,none,2,25,-2.117161245528828,-4.052123827613621,-2.3751631122317214,0.0052388489775715,3.0501792760470385,2.497845555380172,-2.0310263677187623,-2.033613750979596,0.002587383260834
LR,none,2,26,-2.2794013678710274,-3.985496263850742,-2.685964761665551,-0.0479811647245414,3.28493717676942,2.8678283716486743,-2.165523350637862,-2.164848021090487,-0.0006753295473754
LR,none,2,27,-2.1943432873610167,-4.076214279926793,-2.573519535734411,0.1056714157564801,3.217057388180854,2.9792876588269315,-2.264457782834507,-2.260037202331442,-0.0044205805030651
LR,none,2,28,-2.2951044048833817,-4.240975908865182,-2.621037368748844,0.0398524402620406,3.4631526122143192,3.0922895490576234,-2.2841246201585133,-2.281109129924848,-0.0030154902336653
LR,none,2,29,-2.229734842490869,-4.180545342450874,-2.475549235966827,0.007916656738197,3.530218074113354,3.2919195599317117,-2.2863774158236616,-2.285959759900724,-0.0004176559229381
LR,none,2,30,-2.2951661309316465,-4.099253783312345,-2.4788246588705167,-0.1638137819770916,3.636031785845141,2.7582196677697457,-2.2992127449709643,-2.297705980634009,-0.0015067643369548
LR,none,2,31,-2.289926556436204,-4.088844023297451,-2.6466519190360627,-0.2983286744836873,3.7617304780809375,3.3386137755302965,-2.33603528199316,-2.3351399962755988,-0.0008952857175609
LR,none,2,32,-2.317326562534138,-4.1518174159270265,-2.5434367640709223,-0.2706380381563885,3.7863115851262927,2.747445732882243,-2.3991282761075112,-2.39662557180054,-0.0025027043069712
LR,none,2,33,-2.356669823658396,-4.276325142878486,-2.710909367797077,-0.1059021481073697,3.752357904892542,3.329620102589125,-2.436554993828527,-2.4346390276760808,-0.0019159661524463
LR,none,2,34,-2.515332723078381,-4.422395324802595,-2.821218852814206,-0.0816584065270431,3.853993605471862,3.1049949751815524,-2.406495124178785,-2.405629692573878,-0.0008654316049069
LR,none,2,35,-2.536879222613176,-4.370222402868655,-3.002292001805224,0.1973156710313566,3.7763814540854295,3.296186553387036,-2.399033630946916,-2.401585105912792,0.0025514749658759
LR,none,2,36,-2.5988017097235434,-5.158145787233525,-2.688615712816586,-0.2163410322055538,4.098084217452995,3.960790030846281,-2.443805318846993,-2.4469910049030883,0.0031856860560947
LR,none,2,37,-2.404044359776888,-4.235988076882173,-2.8977948422284583,-0.1573126963859835,3.9016639669420448,3.329186458846149,-2.424485700022572,-2.4291885405357725,0.0047028405132004
LR,none,2,38,-2.6546008758265627,-4.885345118006595,-2.904474455000238,0.2404127655113753,4.231458126306038,4.124234474879383,-2.5078321951599816,-2.5078914885200816,5.929336010012776e-05
LR,none,2,39,-2.6096457474228827,-4.739907506802134,-2.949747815124028,-0.1171708235822062,4.096981959281013,3.5498635905890943,-2.6084114216197336,-2.6023401552763823,-0.0060712663433514
LR,none,2,40,-2.609526323016778,-4.869202297879966,-2.8572438062205734,-0.2274826906971412,4.129130218966567,3.8106835897374354,-2.626494136980207,-2.617432269533335,-0.0090618674468714
LR,none,2,41,-2.80282816437896,-5.182429581423031,-3.0386317952904194,-0.1193117898468222,4.674565980801152,3.947534317082555,-2.613201206238195,-2.6000536521526048,-0.0131475540855899
LR,none,2,42,-3.0088749441140354,-5.115932915278798,-3.3451518736899915,-0.5087982086776769,4.695304927846722,3.5501640056743526,-2.7836796304112426,-2.7634045936813703,-0.0202750367298722
LR,none,2,43,-2.746148124516904,-4.651835284541695,-3.086926808151121,-0.4735438388358189,4.480934956891306,3.6431898640128857,-2.7424305177152,-2.719061049367099,-0.0233694683481007
LR,none,2,44,-2.633735582828204,-5.160583179486893,-2.9247634428596747,-0.004739685822175,4.634631705881796,4.144600124926387,-2.7751383351311567,-2.750145315130755,-0.0249930200004018
LR,none,2,45,-2.69767413039175,-5.077671501277365,-2.892709529260337,-0.0689079692203455,4.397516285589865,3.96014873131826,-2.7485818023416577,-2.723677065932869,-0.0249047364087891
LR,none,2,46,-2.9077006413818323,-5.23076524080113,-3.2782767533237616,-0.081449178068974,4.582301320858789,4.050797348717556,-2.804681383185593,-2.7794924782192494,-0.0251889049663441
LR,none,2,47,-3.0069080632264367,-5.538433933836639,-2.981839102730397,-0.8535608810342072,5.091057966540094,3.2031517874313926,-2.889349256762998,-2.8600513925133235,-0.0292978642496746
LR,none,2,48,-3.1392767727408053,-5.9329534555458,-3.082007993339509,-0.3893295512058127,5.021792659962096,5.003131898761053,-2.93449401722364,-2.9023048313016058,-0.032189185922034
LR,none,2,49,-2.937769905164398,-5.022265010688871,-3.1889179495728985,-0.497991513058253,4.770852762548421,3.5568649014906,-2.973552970996985,-2.940886333239192,-0.032666637757793
LR,none,2,50,-3.164732930275524,-5.878682240041018,-3.4623524118363087,0.1721284459473935,5.026842282437908,5.00630181596154,-2.9760479988337987,-2.9434315933909763,-0.0326164054428227
LR,none,2,51,-3.124326012146396,-6.023514008634675,-3.358105730022415,-0.0699492683802775,4.973640229471409,5.311050006179795,-3.0661776245790096,-3.031610890131865,-0.0345667344471439
LR,none,2,52,-3.1360470692365148,-5.67370372253381,-3.35833742399942,0.3121918601861468,5.329860403253062,5.318003411493058,-3.149972840069584,-3.1111372575878864,-0.0388355824816972
LR,none,2,53,-3.051030359238409,-5.2688889825061365,-3.555037102006413,0.0542076727326178,5.278398706144688,4.385614767742962,-3.158677420143844,-3.119034829509086,-0.0396425906347576
LR,none,2,54,-3.255204391069352,-5.9509326029633245,-3.588750904678132,-0.6146006866491965,5.576349986373966,4.53839371066812,-3.1423598546933658,-3.102787631751578,-0.0395722229417879
LR,none,2,55,-3.1686872249442204,-6.0579373774786776,-3.199356655401542,0.2189208657401313,5.212908711261153,6.021779834266794,-3.1213172541029675,-3.0784983526386243,-0.042818901464343
LR,none,2,56,-3.2940343045220253,-5.600473566863613,-3.60141217988971,-0.4323347011982664,5.597405818495557,4.701249272719343,-3.160285374290769,-3.116032947384164,-0.0442524269066052
LR,none,2,57,-3.1702710593962244,-6.030888287873745,-3.0773022660717126,-0.1232552906936596,5.4708344689926,4.601769323660836,-3.244651345576098,-3.194220758735141,-0.0504305868409574
LR,none,2,58,-3.27363706113972,-5.566205448271011,-3.5916049505844527,-0.0714777722923324,5.813402203258445,4.656959609963844,-3.213798455321452,-3.1630184263784797,-0.0507800289429724
LR,none,2,59,-3.290835733426222,-5.809571905828816,-3.4253948305099757,-0.5214946419361957,5.971131757650211,5.691588155299245,-3.255854253761197,-3.2007742297630357,-0.0550800239981617
LR,none,2,60,-3.37140299294763,-6.05042126722864,-3.7899352991959225,-0.1751911355215117,5.786738847120257,5.456214057359147,-3.2786263976042265,-3.2203064206376317,-0.0583199769665952
LR,none,2,61,-3.3940910695911715,-5.833593049358609,-3.703962383114672,0.2955820574313559,5.759466912074753,5.921306488176027,-3.241776616200887,-3.182599805607543,-0.0591768105933442
LR,none,2,62,-3.485241601023327,-6.765708862690044,-4.064803177322931,0.1594967505067331,6.153242862955383,7.16671199862128,-3.2140829752350686,-3.156390899230027,-0.0576920760050416
LR,none,2,63,-3.290943752118143,-6.081870795779844,-3.338527050476168,-0.5017037635293451,5.754130842349155,5.134559510768107,-3.246232827617458,-3.1881970821178025,-0.0580357454996556
LR,none,2,64,-3.625707056597885,-6.271755737266326,-4.0416469822161645,-0.6334418331991615,6.282553977138596,5.493013014202023,-3.330002996763627,-3.2686807307139443,-0.061322266049683
LR,none,2,65,-3.3280856563306003,-6.341289063603313,-3.330894119081817,-0.2560744901815615,6.296325187863362,5.728362167132637,-3.2314902778547365,-3.166390748668473,-0.0650995291862636
LR,none,2,66,-3.453413210433629,-6.729213942915953,-3.965700889001165,0.139312816169889,5.994142626878987,6.5284496371263545,-3.24148410567136,-3.174389818579028,-0.0670942870923318
LR,none,2,67,-3.484999626222848,-6.218462109937137,-3.722080595723906,-0.197771739741627,6.3165446425138985,5.6011291701694,-3.213863508958496,-3.143684164284389,-0.0701793446741066
LR,none,2,68,-3.2365468476484147,-5.826587134752141,-3.611819926120668,-0.4357831146777419,5.88342476187978,5.340125416882364,-3.2472270390129383,-3.173328576608907,-0.0738984624040313
LR,none,2,69,-3.653390060975744,-6.597740533423002,-3.810534974483988,0.1080417283603855,6.265204860514752,6.010224632152326,-3.362077494575835,-3.282009411957308,-0.0800680826185271
LR,none,2,70,-3.613170035879576,-6.554579577369393,-4.034443646454268,0.1318638108904761,6.135616557964397,6.618033868596103,-3.342330927574931,-3.258502946827485,-0.0838279807474464
LR,none,2,71,-3.5260594422889766,-6.4926694589079,-3.44033105496264,-0.5108286673890278,6.528135180170768,5.880035351766257,-3.426980358928233,-3.3414573664171274,-0.0855229925111052
LR,none,2,72,-3.714668216062842,-6.548984109108145,-3.8421266075179865,-0.0123974923266387,6.331972649165591,6.08769205487789,-3.4112055586766035,-3.3247629690564757,-0.0864425896201282
LR,none,2,73,-3.553198181542348,-6.697511969349442,-3.782691427270888,0.0890795613297304,6.768657020323179,6.071634133117152,-3.4144680130141825,-3.325715894863013,-0.0887521181511692
LR,none,2,74,-3.45661557022491,-6.400878020865807,-3.5478661556864144,0.222471561867023,6.455890231008743,7.199690479241491,-3.436669823280589,-3.3470094675734243,-0.0896603557071648
LR,none,2,75,-3.6075585748708345,-6.19667460018806,-3.866704567374424,-0.7547486115917333,6.563359135663091,5.3449542292041,-3.481388814901503,-3.3890179590047693,-0.0923708558967337
LR,none,2,76,-3.405767846319177,-6.425590878210498,-3.898798573471744,-0.1075504950208178,6.603010272955539,6.612039539881397,-3.395670960628245,-3.3034588482761094,-0.0922121123521356
LR,none,2,77,-3.7040348315646914,-6.719688966536258,-4.258872169316403,-0.1283430696951364,7.150987124985176,7.176848580725374,-3.4760710940050243,-3.3792717761249564,-0.0967993178800679
LR,none,2,78,-3.675953990094,-6.906141616409535,-4.077678841323908,-0.1591105523106721,6.99288697348182,7.391981508862647,-3.4381711402074364,-3.3362315482880733,-0.101939591919363
LR,none,2,79,-3.636219411094179,-6.710648242061138,-4.072026828579298,-0.1819092959389651,6.966895380585108,6.7270429938275855,-3.4265432041430803,-3.3217663869332945,-0.1047768172097858
LR,none,2,80,-3.61005309616682,-6.7557886483013,-4.035382010215268,-0.3484843917411893,6.955750236434219,7.315346262490731,-3.440604580198852,-3.334740312046343,-0.1058642681525088
LR,none,2,81,-3.552251968660963,-6.337340005220801,-4.005465120640157,0.3696564649858915,6.862128576686286,6.489930958124246,-3.4924565379401025,-3.3837746730805667,-0.1086818648595362
LR,none,2,82,-3.596566250192424,-6.737128233309019,-3.634234295644767,-0.5801209898991254,6.89826469574803,6.349880961528755,-3.5176845052667245,-3.4073058160060365,-0.1103786892606876
LR,none,2,83,-3.531694163884773,-6.437502627851847,-3.923317219802704,0.1038107712703893,6.901534265522682,7.067083491248747,-3.3630609705232803,-3.250804085369806,-0.1122568851534742
LR,none,2,84,-3.809557167775112,-6.989200771907496,-4.174821228708292,-0.2763365787133804,7.644859966443286,7.140655881779055,-3.424998134484872,-3.310612679880237,-0.114385454604635
LR,none,2,85,-3.4707288268020644,-6.260600299113324,-3.912834159913914,-0.185619238009134,6.966067060915068,6.543280447197925,-3.4562748473903877,-3.339546360391915,-0.1167284869984723
LR,none,2,86,-3.694891700517268,-7.178737701656838,-3.89751224460132,0.0283546412700727,7.661978251521504,8.76619527627418,-3.484874758016074,-3.367769480097329,-0.1171052779187448
LR,none,2,87,-3.84962566882657,-7.331612393775717,-4.274513566623382,-0.0247350743178097,7.760735609676223,8.88583116831733,-3.5974850260136053,-3.4729668336310757,-0.1245181923825293
LR,none,2,88,-3.604692836756501,-6.374350629439467,-4.191234234756694,-0.4726748582867999,7.387103839710254,6.755514795072412,-3.6855760552427688,-3.5559106958199718,-0.1296653594227973
LR,none,2,89,-3.7010031974351616,-6.903545490395698,-3.755347648720655,-0.0772119644575317,7.972621356442781,7.564028360044114,-3.633433651739948,-3.504140118073888,-0.1292935336660593
LR,none,2,90,-3.7874799735017417,-6.846244351105209,-4.37348093801612,-0.2905447504711595,7.657923308186376,7.470010784032434,-3.7465381957918784,-3.6113476492233954,-0.1351905465684831
LR,none,2,91,-3.831903909095855,-6.726915862965691,-4.203003244199351,-0.2911203250782956,7.491283638184964,7.20091697263714,-3.7273367313623686,-3.5933830846545542,-0.1339536467078141
LR,none,2,92,-3.709857338714529,-7.0124006914100905,-4.1100307134714775,-0.6240108599566192,7.854655571781114,7.328688715222399,-3.774367334131256,-3.635864897195004,-0.1385024369362509
LR,none,2,93,-3.914456598468093,-7.03915574052432,-4.326286098411114,0.0893570979539741,7.871500810184708,7.359299205062004,-3.736719026694911,-3.598316230777556,-0.1384027959173545
LR,none,2,94,-4.194471243645039,-7.2971239503914225,-4.785682509726866,-0.4164340550677283,8.398522511626322,7.974143446198315,-3.864707009392616,-3.7205976036757344,-0.1441094057168811
LR,none,2,95,-3.9760269604626153,-7.728708186413031,-4.2797572302915,-0.113471925967865,7.960723863961656,7.749269437229048,-3.870384505744717,-3.726400049500791,-0.1439844562439248
LR,none,2,96,-3.5356406154539126,-6.240153573449456,-3.444531291865241,-0.0475915673511841,7.747370948718982,6.854054555759213,-3.777362632254873,-3.632504932812218,-0.1448576994426548
LR,none,2,97,-3.9753300107304943,-6.667399096415932,-4.4282511335035615,0.1825182962489625,7.991817486769968,6.878372932782144,-3.822758475929792,-3.6735632191657226,-0.1491952567640692
LR,none,2,98,-4.061711868813225,-7.302404556535521,-4.401916668473881,-0.7056562485505564,8.5867683918705,7.773732287458436,-3.7785723838816527,-3.628236640693028,-0.1503357431886252
LR,none,2,99,-3.8246522939199137,-6.818220464797324,-4.4049138530992415,-0.2866420748598702,7.778588663233692,7.527357680017994,-3.785119110501216,-3.6316298498602895,-0.1534892606409266
LR,none,2,100,-3.7115638318077777,-6.280397956858828,-3.9999295562519457,-0.4882645523786829,7.774089321231035,6.5268294569303125,-3.763319220924633,-3.6087631159402656,-0.1545561049843672
LR,l2,0,20,-0.135224273060788,-0.8222234799912185,-0.310948182927233,0.7559286824713628,0.8002327127762474,0.4982098690658542,-0.0745018447001088,-0.113479594583306,0.0389777498831972
LR,l2,0,21,-0.1453662429561139,-0.8077559088525874,-0.3159268661589202,0.8006031753230863,0.8030937063139589,0.4852420377950848,-0.0901264554602159,-0.1277915927544592,0.0376651372942433
LR,l2,0,22,-0.1642592850406105,-0.9333084587830328,-0.327694446676077,0.9499117436748572,0.8021353737117827,0.5316887439237895,-0.0918364329036599,-0.1278050766693236,0.0359686437656637
LR,l2,0,23,-0.146265246551192,-0.8050858238400307,-0.2924728917080073,0.7325148425234395,0.8035052031164369,0.4417224115797682,-0.0768026717751862,-0.1134870866709032,0.036684414895717
LR,l2,0,24,-0.2514972584501295,-1.1001283115861913,-0.3971328866866536,0.9697002845894188,0.8130666323094552,0.6785482693418349,-0.1134561157677104,-0.1490426146113328,0.0355864988436223
LR,l2,0,25,-0.1012903232605121,-0.8036325406237589,-0.2205649785885294,0.6924111951867132,0.8404990186207476,0.4592003377548442,-0.0733787562521331,-0.1088901908449054,0.0355114345927722
LR,l2,0,26,-0.2638320269165292,-1.1330752973760274,-0.3942124953108551,0.6264552109561454,0.8469687191392877,0.5353886017134332,-0.1015976677510514,-0.1365629448060679,0.0349652770550164
LR,l2,0,27,-0.17282271781964,-0.8243127415812086,-0.3622694085833759,0.6703105386901146,0.7990023535909218,0.4302922299631109,-0.0825175831599627,-0.1188414638482501,0.0363238806882873
LR,l2,0,28,-0.1801213006042006,-1.0151618153841857,-0.339676510695683,0.8695125363360474,0.8581114362276034,0.6032430514521693,-0.0916985973760076,-0.1261945298503907,0.0344959324743831
LR,l2,0,29,-0.1165374116021325,-0.8863069970421427,-0.2360657961678523,0.7979292193519782,0.778875831294084,0.5079547874053639,-0.0803173935696689,-0.1151973673286123,0.0348799737589433
LR,l2,0,30,-0.1965387322553385,-0.9267232258407692,-0.3648893108697052,0.6987234206342623,0.844752995773479,0.495337761278974,-0.1020601521587088,-0.1376226316096,0.0355624794508912
LR,l2,0,31,-0.1404201251653515,-0.8941379590112672,-0.2485496168521447,0.8158566989945775,0.7740986198036847,0.5357098195647736,-0.0776957264990507,-0.1129696085960041,0.0352738820969534
LR,l2,0,32,-0.0934946264736096,-0.960019085479578,-0.249752847952114,0.7589015137128325,0.8095404457015408,0.5548129330922117,-0.0478186195710389,-0.0837742245040083,0.0359556049329694
LR,l2,0,33,-0.0702116367017941,-0.8483387296354586,-0.1279239167646327,0.7168021620650409,0.8279447852740163,0.4719322325260854,-0.0455443981988099,-0.0822547094968939,0.0367103112980839
LR,l2,0,34,-0.0908491321436392,-0.7577941732144913,-0.2192850717819902,0.6148808957870094,0.8014490666368842,0.4191970518277928,-0.0366889288266937,-0.0734911395396156,0.0368022107129218
LR,l2,0,35,-0.0831139149509727,-1.000585527613058,-0.1671747138927933,0.748396767647279,0.8367077544229149,0.5542217144859013,-0.0366952202429502,-0.0736457982055117,0.0369505779625615
LR,l2,0,36,-0.1743006947521185,-0.9023877913972416,-0.2363937375404791,0.6252002712517469,0.8324345123272546,0.5461644062937548,-0.0534892719368295,-0.0905597039441423,0.0370704320073127
LR,l2,0,37,-0.1655355675145367,-0.877137980006418,-0.3511331661238507,0.7843443484744355,0.8207500099486559,0.5531893071212051,-0.0658287005236806,-0.1027773688130864,0.0369486682894057
LR,l2,0,38,-0.1013399555830178,-0.9128879059704356,-0.20903438432285,0.801865095572861,0.8288488224402694,0.5403415639730844,-0.0386570878816623,-0.0765867138417583,0.037929625960096
LR,l2,0,39,-0.1177009137193397,-0.8652875975184486,-0.1809058015149974,0.7270211195139742,0.8080170183123292,0.5175444822936153,-0.0487951846856429,-0.0876227886898248,0.0388276040041819
LR,l2,0,40,-0.052645371499567,-0.8608348760626193,-0.1858334362354689,0.8117414339472453,0.8104201536450729,0.4657612806878559,-0.0260994861995961,-0.0663745439005972,0.040275057701001
LR,l2,0,41,-0.099805900142934,-0.9063624101680222,-0.1691889365834356,0.8084938504453819,0.7797434464220142,0.5583405517228767,-0.032387164916949,-0.0718718887426842,0.0394847238257352
LR,l2,0,42,-0.0922535462264368,-0.8413676518833705,-0.2661607985380916,0.9353293392123092,0.8492688741916682,0.5586077419572196,-0.0328217479344306,-0.0727641836055403,0.0399424356711097
LR,l2,0,43,-0.0628163637880574,-0.963730664922842,-0.2176417376549906,0.9395951965842488,0.8237832448396993,0.5799625518639602,-0.0433924653599041,-0.0843439149119894,0.0409514495520852
LR,l2,0,44,-0.0177377962156051,-0.8343144755490014,-0.0773359785000248,0.9355284190202554,0.7830190888424634,0.5425149753581601,-0.0090527611264775,-0.0504521328133347,0.0413993716868571
LR,l2,0,45,-0.1120493552819868,-0.8596505268541155,-0.2621013626550584,0.8148223747733866,0.8132717086118824,0.4925987330235413,-0.0230728221454535,-0.0649145261110732,0.0418417039656196
LR,l2,0,46,-0.1053470943180462,-0.8497447132735511,-0.1993011104225298,0.8150284751905917,0.8628411736136842,0.542595916327537,-0.0065195865884345,-0.0486637733738791,0.0421441867854446
LR,l2,0,47,-0.1549321453099852,-1.0534091285108025,-0.2367378431892092,0.8846304343045804,0.8133881927760724,0.5905318404164352,-0.0512332742010481,-0.0924732954626674,0.0412400212616194
LR,l2,0,48,-0.1314962507310632,-0.9628091763819172,-0.2346377245263865,0.8871824182389353,0.7931662782351799,0.6383010511164487,-0.0536769307992274,-0.0933085335365815,0.0396316027373541
LR,l2,0,49,-0.0991424661143542,-0.8634011989972307,-0.2716099909375499,1.0389330276082436,0.8164064586374726,0.5388679317150337,-0.0303123425460312,-0.0693883969169933,0.039076054370962
LR,l2,0,50,-0.0753313986148093,-0.7464703786118005,-0.1805118245308747,0.5528014334231136,0.7872355352438735,0.4025391874412113,-0.0118487803520865,-0.051542518408899,0.0396937380568124
LR,l2,0,51,-0.1186272906188188,-0.9653666136252196,-0.2790869995536947,1.0263199763089836,0.8515652973006219,0.6590252915528716,-0.0066446661824139,-0.0470811982020078,0.0404365320195938
LR,l2,0,52,-0.1365131117666459,-0.8307480998549932,-0.2634696695027186,0.624412620165372,0.867452444278352,0.5329452187959299,-0.0537302068137031,-0.0945453863153633,0.0408151795016601
LR,l2,0,53,-0.1581174213864157,-0.8821125644186858,-0.294941565391116,0.5910439612408145,0.8183725404161802,0.6194904448977195,-0.0685234844335775,-0.1090086856065738,0.0404852011729963
LR,l2,0,54,-0.0445054224934965,-0.7813816941375759,-0.1384810687659833,0.5857793507655369,0.7908177772873993,0.4529267710823885,-0.0130839084205912,-0.0534419959737683,0.040358087553177
LR,l2,0,55,-0.0876546790965557,-0.8432002431198143,-0.1871140504663029,0.6586632450847071,0.860886041607309,0.519594165474663,-0.0312636368227749,-0.0703917929967492,0.0391281561739742
LR,l2,0,56,-0.0822973757184439,-0.79134871774124,-0.1647866780642813,0.6644093478144816,0.8406769922983877,0.5125266395042714,-0.0163501968106734,-0.0563140239205691,0.0399638271098956
LR,l2,0,57,-0.0193889626773074,-0.7460199188436084,-0.129874217795095,0.7437878256074538,0.796551324499791,0.4978306372760489,0.0337065592862556,-0.0080812037904623,0.0417877630767179
LR,l2,0,58,-0.0443597597445807,-0.6744956193474031,-0.1438037080743856,0.6109435565818924,0.7772806004721126,0.4516247268358719,0.0170243740952827,-0.0235965980364454,0.0406209721317281
LR,l2,0,59,-0.0676272949495677,-0.8918866064120493,-0.1705851449906081,0.7906414176860246,0.8326558766100256,0.5244570533152504,-0.0032961005569828,-0.0431429079236855,0.0398468073667027
LR,l2,0,60,0.0016956212856545,-0.826642170610549,-0.0589640699616343,1.097793946557076,0.7553150662082523,0.5873311150385551,0.0309534564990659,-0.0087571742937674,0.0397106307928334
LR,l2,0,61,0.0028787346354012,-0.7544349786560692,-0.0819171569941357,0.8525591720173058,0.8402222242215038,0.4980222828892214,0.0514140857588009,0.0096828222246349,0.0417312635341659
LR,l2,0,62,-0.0159371642419331,-0.6768948696079304,-0.1492772817667485,0.8436815243060318,0.8140605608049997,0.4541323720225553,0.0402066571977658,-0.0028336761342623,0.0430403333320282
LR,l2,0,63,-0.1269457940907642,-0.90895738643122,-0.3467235568387549,0.9367958714731864,0.8142664718768239,0.525062992820557,-0.0053134644824825,-0.0458793726708466,0.0405659081883641
LR,l2,0,64,-0.1140995467978928,-0.8377988011901332,-0.3195016097503851,0.8880193013134381,0.7903456079684119,0.5736878352988225,-0.0290060196537267,-0.0685257422348257,0.0395197225810989
LR,l2,0,65,0.026393723153231,-0.8401688175106601,-0.0145096191209256,1.0245714041620426,0.8150765183057931,0.5672937925769989,0.0387920492193325,-0.001615088131225,0.0404071373505576
LR,l2,0,66,-0.1282253056499113,-0.8192402546061843,-0.3276513614675068,0.7377846744222057,0.8492050400248594,0.46483439310533,-0.0275280552989532,-0.0666975149246534,0.0391694596257002
LR,l2,0,67,-0.0687105630391023,-0.879734914898834,-0.1923932350928236,0.9059829566738906,0.8568877751437927,0.5336875777478851,-0.0312333477526542,-0.0726204474857647,0.0413870997331105
LR,l2,0,68,-0.0172850969192328,-0.8914144122355666,-0.090024323093007,0.9351604604576876,0.8168790381688238,0.5713357748408965,0.02862995764537,-0.0140379780547857,0.0426679357001557
LR,l2,0,69,-0.1166254163357685,-0.900774870749128,-0.2415408430019381,1.024917691400258,0.835627967053104,0.6028889505331272,-0.0101029611005925,-0.0517909873270674,0.0416880262264749
LR,l2,0,70,-0.0822316277328218,-0.8951078855695154,-0.2345332278672974,0.9143179539413558,0.8500281089523886,0.5638716686247861,-0.0016961703278239,-0.0433947856925542,0.0416986153647303
LR,l2,0,71,-0.0287437564961945,-0.8587056639423374,-0.1071210667592613,0.9099590152137208,0.8512755335852884,0.5574648151136748,0.014311276130427,-0.0284070682309196,0.0427183443613466
LR,l2,0,72,-0.0819393692087041,-0.8546571476513629,-0.1905625219940032,0.9979231632466202,0.8490672099797328,0.5528495178669083,-0.0098028219480464,-0.0533247442259152,0.0435219222778687
LR,l2,0,73,-0.0703419616904695,-0.936798581262363,-0.2401183658290968,0.9382570948729888,0.8524176283662261,0.5924745241070088,-0.0051258819523541,-0.0494134302084608,0.0442875482561066
LR,l2,0,74,-0.1247236407927443,-0.912788805836262,-0.3249288357021679,0.8074804829831981,0.861003588891728,0.5786296772562675,-0.0444835731472733,-0.0878571506279433,0.04337357748067
LR,l2,0,75,-0.0570122685130858,-0.9120657607530982,-0.1613306849156537,0.9887085362709136,0.8078849257148503,0.5894674250732548,-0.0164929092828018,-0.0593480960164518,0.04285518673365
LR,l2,0,76,-0.0808879809720695,-0.8608876912660484,-0.1477262799196865,0.771454660148301,0.8491750564075811,0.4640205992996281,-0.04184636475818,-0.0845312900952692,0.0426849253370892
LR,l2,0,77,-0.0946742270515335,-0.8686296896398111,-0.3029477040082503,0.7722690304458919,0.8064045089661324,0.5448430108424704,-0.0270791478573361,-0.06871190886032,0.0416327610029838
LR,l2,0,78,-0.0652288843303607,-0.8272438446751516,-0.1762019565752082,0.8289930166763245,0.8278754075003616,0.5647725682619997,-0.0271494946031108,-0.069154462663757,0.0420049680606462
LR,l2,0,79,-0.0783221891721918,-0.7840829186544481,-0.32236655115758,0.7713915758058517,0.8407517184523069,0.5512281304182968,0.007294209698598,-0.0355832029312977,0.0428774126298958
LR,l2,0,80,-0.125876572184351,-0.9410662996089766,-0.3149803766174839,0.9400905923852564,0.8507795076951089,0.6268422390901491,-0.0213161641640816,-0.0624572509287735,0.0411410867646918
LR,l2,0,81,-0.116391508750357,-0.8510970012908217,-0.3246921834725669,0.9710297334662727,0.8412018576979249,0.5968381245998233,-0.0381087267965476,-0.0789978131962406,0.040889086399693
LR,l2,0,82,-0.0837332873960244,-0.8676359037793856,-0.3003801691395628,0.8472415261655355,0.8542408571116467,0.6096942978669224,-0.0127023318209582,-0.0533204569490523,0.0406181251280941
LR,l2,0,83,-0.1156209793345926,-0.9818003274392804,-0.258387115811531,0.8879882902531818,0.8258518698116197,0.624106572971957,-0.0050231259203952,-0.0462369106970233,0.041213784776628
LR,l2,0,84,-0.1198135593603235,-0.9670156511050968,-0.315706151409829,1.0915422137215416,0.8028471079167429,0.6918968868246195,-0.0224039073449647,-0.0644466404021339,0.0420427330571692
LR,l2,0,85,-0.1035620844265513,-0.855513578347246,-0.2808363506852576,0.8430274067564174,0.8092823071754958,0.5527040890896027,-0.025724520403028,-0.0675692447749409,0.0418447243719128
LR,l2,0,86,-0.0516653807338927,-0.7891004733251781,-0.2598316110157046,0.9370065850190468,0.8048353231331845,0.5775964696876392,0.002738370496623,-0.0387866630575119,0.041525033554135
LR,l2,0,87,-0.0558840718352634,-0.8989457797404073,-0.2637568298547986,0.9382601137731764,0.8029194421277223,0.555197061976263,0.0249594000122183,-0.0168708793795062,0.0418302793917246
LR,l2,0,88,-0.0797319786865789,-0.8970312462536841,-0.1792392923290026,0.8007182834457417,0.8010702198475772,0.5141739043313124,0.0096475323976785,-0.0322070430230512,0.0418545754207298
LR,l2,0,89,-0.0151348129621591,-0.8415477642472192,-0.1135997575001134,1.1059914636510897,0.8451160084717176,0.6336031564088933,0.0092500842586857,-0.0336917677920312,0.0429418520507169
LR,l2,0,90,-0.0559845962743124,-0.8285609220679102,-0.1650815544101434,0.999765972789574,0.8804221369891587,0.5313269661097488,0.0157981345281297,-0.0258421516546803,0.04164028618281
LR,l2,0,91,-0.0545613923400512,-0.7916345518925332,-0.1824939952037752,0.9362632705606894,0.8570853513098338,0.5477316838003469,0.0070538543585267,-0.0351008591050062,0.0421547134635329
LR,l2,0,92,-0.1009211314711302,-0.954922043342976,-0.2620082018263354,0.9860792189714598,0.8648953619825943,0.6105655338961542,-0.0024666959183238,-0.0445714937577438,0.0421047978394199
LR,l2,0,93,-0.0542644046737416,-0.7955995108190713,-0.2443190271304845,0.7632493706313062,0.8571087844166645,0.5305541082170696,0.0164187127461041,-0.0269534338365924,0.0433721465826965
LR,l2,0,94,-0.0364863524376214,-0.8415767968076089,-0.1482879776957822,0.783387611049308,0.8388022625945042,0.5289687230905724,0.0301317852251996,-0.0138478903612521,0.0439796755864517
LR,l2,0,95,-0.0262818560269056,-0.8313602754370025,-0.1187370934277238,0.7477751716433308,0.8250262935961297,0.5414591473982124,0.0161784231305493,-0.0296498267535214,0.0458282498840708
LR,l2,0,96,-0.0601550275693194,-0.8938593788725293,-0.2676036412750877,1.013106421672607,0.8314129033699018,0.611945506254479,0.0068002697178052,-0.0387403228496078,0.0455405925674131
LR,l2,0,97,-0.0437115571461183,-0.9295856566424752,-0.1885090152687887,0.7882848842753987,0.8355999947248445,0.629090290969214,0.0336184681397,-0.0136868208864169,0.0473052890261169
LR,l2,0,98,-0.0648685460134655,-0.9118778005582168,-0.2229691081105906,0.8090375675647429,0.8431607931618401,0.6444606884123155,0.0186184874596051,-0.0280778816876431,0.0466963691472483
LR,l2,0,99,-0.0363437676572038,-0.7944533086993002,-0.1511601110989947,0.8335715475500034,0.7892378007798874,0.5480350835893463,0.0295703995110257,-0.0170594343852694,0.0466298338962951
LR,l2,0,100,-0.122367925179555,-0.9337841929368051,-0.2568046711985102,0.8509095843742949,0.8705528065594984,0.631013142456171,-0.0245036422573341,-0.0694952618140107,0.0449916195566766
LR,l2,1,20,-0.2848948127868983,-1.1224042566781127,-0.415126081118677,0.5890817173337574,0.83701572499565,0.5903061178194021,-0.1517148339996333,-0.1877529958270884,0.036038161827455
LR,l2,1,21,-0.208475976260892,-0.8610247098398047,-0.3101661055715442,0.4948774594346162,0.810447543638828,0.4704250561724467,-0.1410279682876283,-0.1774107009350995,0.0363827326474711
LR,l2,1,22,-0.1830323191291948,-0.8754723818707024,-0.2918572321748791,0.5881558335291313,0.821424549547521,0.4823768705352914,-0.1296272318709861,-0.1668835998866461,0.0372563680156599
LR,l2,1,23,-0.175750644304945,-0.8974384413322161,-0.3058972598145568,0.7188291835796274,0.8058297181170253,0.4692556320538492,-0.0924793600518365,-0.1311815935583196,0.038702233506483
LR,l2,1,24,-0.2620665751988453,-0.9121987268684032,-0.3162562464014097,0.5168260729226906,0.8690682601778471,0.5394442406938148,-0.0946183642348418,-0.1338595661578378,0.0392412019229959
LR,l2,1,25,-0.1745246263953942,-0.9780383844307406,-0.2015928190622438,0.5686630662343135,0.8130469190242828,0.4822586832785956,-0.1178639424496416,-0.1583401140637782,0.0404761716141365
LR,l2,1,26,-0.1354862110426167,-0.7132061636465177,-0.2845951029838516,0.7548662828496732,0.7910305314098867,0.4384564636947,-0.0735296450458478,-0.1146146962971321,0.0410850512512843
LR,l2,1,27,-0.0738605005418315,-0.7627274789105456,-0.1448287008546332,0.7970515673042434,0.8194713387947569,0.4600873228397532,-0.0572183868400351,-0.1003735235814418,0.0431551367414067
LR,l2,1,28,-0.0873684138785858,-0.8612085150953903,-0.2100730144435828,0.8049016847096473,0.8097174126098144,0.4902037323769173,-0.0605066876232715,-0.1034076468049872,0.0429009591817157
LR,l2,1,29,-0.2696691136956438,-1.0073882446772602,-0.392698760265184,0.6374404039007007,0.7954473114005749,0.6132472107757172,-0.1057466885492703,-0.1498486299511659,0.0441019414018956
LR,l2,1,30,-0.1668570951568635,-0.8549507199848221,-0.285202991053508,0.6622075131992391,0.7725858361646429,0.5219852497377461,-0.0941064001382531,-0.1366707753839639,0.0425643752457108
LR,l2,1,31,-0.1522220877097859,-1.034775292116887,-0.2448995438464037,0.8581935510635781,0.7980869192670248,0.6255770474409565,-0.0665530606569455,-0.1107061691256904,0.0441531084687449
LR,l2,1,32,-0.2485010678506056,-1.0120504113652191,-0.3467662188760511,0.6895362825221778,0.8149323659086527,0.5728453611264175,-0.1183911407514146,-0.1618863722212749,0.0434952314698603
LR,l2,1,33,-0.141572323886737,-0.9068144783378403,-0.1895750641920483,0.7845492465083518,0.8132768684397415,0.5020671602323619,-0.0729584195639907,-0.1165443298954849,0.0435859103314942
LR,l2,1,34,-0.1682762874782842,-0.9487734881370148,-0.1768084678828055,0.5751493538560334,0.8257357442842429,0.5017765633569272,-0.0785898756087041,-0.1233055629700172,0.044715687361313
LR,l2,1,35,-0.0733785410422571,-0.783602188707236,-0.235306173260765,0.772229553424037,0.8042123562762902,0.5294122138858798,-0.0379539368542849,-0.0838650559741311,0.0459111191198462
LR,l2,1,36,-0.1697887570179183,-0.8099980040757672,-0.278414982586313,0.4108816151915215,0.8188827535252295,0.4385600731998808,-0.0593043016241242,-0.1066258958110663,0.047321594186942
LR,l2,1,37,-0.1188599337032712,-0.7840731198623552,-0.2466398591525444,0.7943628811359137,0.8096939222587151,0.4794274619623248,-0.0395750856753041,-0.0885041246485965,0.0489290389732923
LR,l2,1,38,-0.1419723437075526,-0.9584484802534932,-0.2352080835270669,0.7876676633152575,0.8311977345806948,0.5509582021418628,-0.0526811599592611,-0.1017593159154922,0.049078155956231
LR,l2,1,39,-0.1234375407151593,-0.7188775606198845,-0.2410837710296454,0.5443730804384479,0.8251935011895299,0.4596571838128224,-0.0625950993519563,-0.1119051649407538,0.0493100655887974
LR,l2,1,40,-0.0463745003192984,-0.8326809879252335,-0.097654886416243,0.681422344176398,0.8476969079610225,0.5072888130348692,-0.0389695643747596,-0.089763967132652,0.0507944027578923
LR,l2,1,41,-0.1797996998242172,-0.9194091789674684,-0.3458752021588551,0.791890724964916,0.8648468187589414,0.5926294861835602,-0.0555295712416437,-0.1061798693632618,0.0506502981216181
LR,l2,1,42,-0.2492659050042191,-1.055464654068934,-0.3097481590540752,0.5809603397076668,0.8605044959191125,0.5710956892277965,-0.0892240562822754,-0.1391822438022628,0.0499581875199874
LR,l2,1,43,-0.2005987457742088,-0.9831668913966995,-0.3051674232425702,0.7236300661180567,0.8485010362408194,0.5983440625351097,-0.0805120294375329,-0.1298774732620323,0.0493654438244993
LR,l2,1,44,-0.0878022145409149,-0.8324660414753319,-0.1917066387583188,0.7212378135877172,0.7896781813074994,0.5036402074421557,-0.0378718707785669,-0.0863571124313825,0.0484852416528156
LR,l2,1,45,-0.1538336979773122,-0.8733281844507859,-0.3306621392295888,0.7220486100083388,0.8215481496041712,0.5645728852010677,-0.0484017980354644,-0.0957796120713271,0.0473778140358626
LR,l2,1,46,-0.1316746888734678,-0.8330395941312446,-0.3047737862365595,0.8439096970114999,0.7775036015783716,0.5336504893080775,-0.0522998129485728,-0.0970482774934004,0.0447484645448275
LR,l2,1,47,-0.1130135657782745,-0.8226055534866532,-0.2953163415409043,0.7685763417509122,0.8010281738696358,0.5826758138523845,-0.0394552720486157,-0.0833775651910022,0.0439222931423864
LR,l2,1,48,-0.1069502763956388,-0.850187182762029,-0.1581660984337843,0.7490888706885657,0.8417386932178392,0.5051270901669743,-0.0380099599377114,-0.0806561645049929,0.0426462045672815
LR,l2,1,49,-0.1897916125812962,-1.0596063437642005,-0.3141217284893057,0.870800937042977,0.8213019667970848,0.6455178255988785,-0.0612961716228285,-0.1042622303782384,0.0429660587554099
LR,l2,1,50,-0.117713954713136,-0.7928815193446849,-0.2937802294325156,0.8160271925604653,0.8484910480973863,0.4828977375012769,-0.0538700206312122,-0.0950236442268132,0.0411536235956009
LR,l2,1,51,-0.0944071671034032,-0.8713503219503568,-0.1192772582589296,0.602004495203143,0.8436198177402645,0.4776735276581517,-0.0447687028337747,-0.085159930387839,0.0403912275540642
LR,l2,1,52,-0.0930993985912275,-0.871792357982362,-0.2068181325809596,0.6810460721439558,0.8040908413930073,0.5104660599263877,-0.0319059872698848,-0.075075367032979,0.0431693797630941
LR,l2,1,53,-0.0689655022567703,-0.8421221392607758,-0.289381455675012,0.8967669606519678,0.8236629678025436,0.587141551998415,-0.0078957064854891,-0.0523374121494104,0.0444417056639213
LR,l2,1,54,-0.1246285462576033,-0.8766013288169365,-0.2598518508974169,0.7865034845827821,0.8360532517868146,0.5551726312749713,-0.0339799528571945,-0.0768333247004245,0.0428533718432299
LR,l2,1,55,-0.2182185674318643,-0.9680175161986336,-0.4261565007255419,0.8153916457064138,0.8188734259050853,0.6275477664037192,-0.0669573905485293,-0.1102267314985936,0.0432693409500643
LR,l2,1,56,-0.1285913937741602,-0.8922005640678043,-0.252209727836549,0.5344730857545905,0.775891025040685,0.5271430012411953,-0.040509456032716,-0.0828923425012652,0.0423828864685492
LR,l2,1,57,-0.1548310829283045,-0.890962116692145,-0.3068920926830672,0.7092776638194006,0.807709527208519,0.5572804969102165,-0.0387099861880525,-0.080910405528859,0.0422004193408065
LR,l2,1,58,-0.1376328310593742,-0.7699141440764297,-0.2676086212960303,0.6477897499954296,0.8279348110200937,0.4769542334488112,-0.0429552967927061,-0.0860359003137905,0.0430806035210844
LR,l2,1,59,-0.1641974937513898,-0.9133055584284392,-0.3036889049497571,0.8842130059685015,0.8228789392106993,0.6236796919535222,-0.083845574349064,-0.1264276128724605,0.0425820385233964
LR,l2,1,60,-0.1009462436558227,-0.923782461353476,-0.2677563590887634,0.8982099618154077,0.8111548149716539,0.5375293646343711,-0.052058549129979,-0.0951986504710295,0.0431401013410504
LR,l2,1,61,-0.124612367248019,-0.9492275905053852,-0.2919052790322567,0.8903950483097003,0.8044704889438157,0.564501202931978,-0.0315548613532251,-0.0731171021073628,0.0415622407541377
LR,l2,1,62,-0.0927131078104836,-0.9982639260637314,-0.2206100213605905,0.8865410695385865,0.7836749165578907,0.6086478272995186,-0.0172233968399752,-0.0592823818547123,0.0420589850147371
LR,l2,1,63,-0.170743066503772,-0.9257732395051024,-0.3356236231845522,0.8093748003892841,0.8287255449253361,0.5388758075448321,-0.0364436902002577,-0.07638627776746,0.0399425875672022
LR,l2,1,64,-0.1376878537078918,-1.0251906337882932,-0.2790987740455965,0.915864226181599,0.8298746332111606,0.6507254197016148,-0.0268357862903897,-0.0676505499739826,0.0408147636835929
LR,l2,1,65,-0.0273727925319293,-0.7857851379137469,-0.211062951531907,1.019752674895405,0.7994118802339985,0.5772471188749286,0.0088088526231096,-0.031968310711314,0.0407771633344236
LR,l2,1,66,-0.0536121296854281,-0.8484551705480577,-0.2198124515773313,0.7789518970059492,0.8151280431235786,0.5656770998567692,0.0294730718225246,-0.0120277631549624,0.0415008349774871
LR,l2,1,67,-0.0974928365159598,-0.9621667375875952,-0.172531812580002,0.8507948419764855,0.816390562972108,0.6022382681290064,-0.0026350587053364,-0.0450544305873243,0.0424193718819879
LR,l2,1,68,-0.0129778718026897,-0.8800593755124213,-0.1479421115987498,1.004057903992595,0.7990491673821688,0.5129662188949904,0.0223409193992524,-0.0199064376397614,0.0422473570390138
LR,l2,1,69,0.0068513743773121,-0.7705641736890065,-0.1175482932152417,0.9910405010243404,0.7846516041311172,0.5570581375690536,0.0384866601400699,-0.0033012255097582,0.0417878856498282
LR,l2,1,70,-0.0134524808146212,-0.8058290231326107,-0.1260365461273505,0.9435966366248394,0.8373371848895138,0.5344964353424456,0.04198330198966,0.0016786643207728,0.0403046376688871
LR,l2,1,71,-0.0102598543281199,-1.0044097635603997,-0.195144683545168,1.0452147271843668,0.840216245344314,0.6394015078334151,0.0299222691083225,-0.0090318320796693,0.0389541011879919
LR,l2,1,72,0.0433050586051842,-0.7992190181083398,-0.1460253509938632,1.0255814923234838,0.7744287336110556,0.593859148666944,0.046935857434717,0.0075930357057841,0.0393428217289329
LR,l2,1,73,-0.0739319845871001,-0.8650473999596691,-0.241024854623225,1.0840199421581231,0.8141257758740942,0.582038397590535,0.0319227496001386,-0.0046780529439874,0.036600802544126
LR,l2,1,74,-0.0422064853072883,-0.7883133783122341,-0.2013360474164731,0.8244068987220214,0.8491775455048256,0.5351286599307489,0.0013310249734543,-0.0352527350696861,0.0365837600431405
LR,l2,1,75,-0.1505209242297093,-0.9690189721688156,-0.3281588498888045,0.9062424335700822,0.7961571213906723,0.6200118890412465,-0.0115964910974335,-0.0474082392586469,0.0358117481612134
LR,l2,1,76,-0.0924521849886198,-0.9310816397462596,-0.226998365012077,0.909723195114463,0.8381122218782703,0.6097674193481726,0.0067731046514378,-0.0288291418208249,0.0356022464722627
LR,l2,1,77,-0.0867100183115691,-0.8075104307474311,-0.2722142336779912,0.9745866283375544,0.7975195298326513,0.4917342455125514,-0.0062502438784026,-0.0424282398324607,0.0361779959540581
LR,l2,1,78,-0.02747293381275,-0.885414260218255,-0.1422889614641316,1.2182613979515629,0.8139054108005588,0.5846239849390931,0.0109048887045412,-0.0263159363251122,0.0372208250296534
LR,l2,1,79,0.0107220025091769,-0.843113620983184,-0.1219709456691499,0.9419505412484104,0.8715559431108957,0.5086894475520156,0.029819867223278,-0.0085864693926026,0.0384063366158807
LR,l2,1,80,-0.0937813593338002,-0.9916927529389484,-0.1816432759603738,1.142247628046562,0.8285537991999173,0.5836560562740644,-0.0009859602036793,-0.0400691963074403,0.039083236103761
LR,l2,1,81,-0.1500362464105295,-0.9967092167716328,-0.3447934995177418,0.9577763608355638,0.7951124563785512,0.5560898485250969,-0.0361102094382762,-0.0745658814375305,0.0384556719992542
LR,l2,1,82,-0.168431111537661,-1.0087411189259128,-0.2758575958053379,0.7484386136325296,0.841629596354995,0.5565856987522089,-0.0793211268295843,-0.1151876613357879,0.0358665345062036
LR,l2,1,83,-0.104354908124003,-0.9256784798135904,-0.3103853269175981,0.9876594418073849,0.8126405483838733,0.6011073104793648,-0.055232055556604,-0.0913583896964484,0.0361263341398444
LR,l2,1,84,-0.0694977235975818,-0.8115866817265066,-0.2622113463045061,1.0077325919676232,0.8477599086002813,0.5361420286080725,-0.0134112454305039,-0.0508527096956066,0.0374414642651027
LR,l2,1,85,-0.0919828235389256,-0.9152027763266138,-0.2755900638021227,0.957512656523002,0.8506666374248423,0.6087693195793665,-0.0157669141167321,-0.052667508536299,0.0369005944195669
LR,l2,1,86,-0.1339489633570741,-0.8295660892060934,-0.3153745876585108,0.8468029711038377,0.8305185503272504,0.4818916405934847,-0.025346558605392,-0.0619652462910875,0.0366186876856954
LR,l2,1,87,-0.1481857244904207,-0.881011647850278,-0.3891178514326048,1.0313489228990274,0.8249060695184153,0.5881054160325196,-0.0412305691801609,-0.0771146266077719,0.0358840574276109
LR,l2,1,88,-0.1471107160560023,-0.9847624242958148,-0.2605239256650039,0.7393594607384231,0.8175595362448338,0.6984921278543241,-0.0378685266910454,-0.0746676073575784,0.0367990806665329
LR,l2,1,89,-0.1088583731471521,-0.8977357747811664,-0.3076694558735166,1.0153612038855386,0.8513169627614768,0.6720365853571713,-0.0336645539316959,-0.0713975363203935,0.0377329823886975
LR,l2,1,90,-0.114156624679162,-0.9158660437052416,-0.2158914883330456,0.8331852903423022,0.7904028411267506,0.5893796159430766,-0.0424665838361977,-0.0801675456190275,0.0377009617828298
LR,l2,1,91,-0.019294244491436,-0.7401874831096257,-0.2106918720929723,1.0482900967649589,0.8054902837193848,0.5077380830202507,-0.0077432239970504,-0.0447203425266626,0.0369771185296122
LR,l2,1,92,-0.0636914893956002,-0.8158095571506657,-0.1589009025504075,0.8857376663115686,0.8317217069754355,0.4917500505192942,0.0142045580226355,-0.023977256321062,0.0381818143436976
LR,l2,1,93,-0.0218962544204348,-0.7947340508516175,-0.1544313606953844,1.0102576553775708,0.8168302206449387,0.5502832073683087,0.0209226270023827,-0.0182253495014993,0.039147976503882
LR,l2,1,94,0.0264378856745444,-0.8001250678036281,-0.1988379503701015,1.1820996491066926,0.8305035656058023,0.5623048616338903,0.0341947023866579,-0.0050759829540855,0.0392706853407435
LR,l2,1,95,-0.0552320677543738,-0.9734466630248404,-0.2094548708380444,1.0756263870782057,0.8565800547954011,0.6368614329705746,0.0141596681224378,-0.0261990916119342,0.0403587597343721
LR,l2,1,96,-0.0089257465522785,-0.8465682018780722,-0.1520144410861476,1.0391934955272888,0.8043018434228028,0.5787063192528289,0.0058924821844134,-0.0338058031747773,0.0396982853591907
LR,l2,1,97,-0.0784303392705593,-0.8780873106004696,-0.3081925134457132,1.0512344840939438,0.8434896244951253,0.5843242614454683,-0.0268404585892163,-0.0641129124035829,0.0372724538143666
LR,l2,1,98,-0.0336618316257302,-0.8316530877653597,-0.1707562900390992,1.0538359888466802,0.8682822679518286,0.639386041213087,-0.0152927207221546,-0.0521519061733306,0.036859185451176
LR,l2,1,99,0.0441377569567949,-0.7816363569068789,-0.126347907313487,1.1076269867829631,0.8298200800166957,0.5870786380215068,0.0431203783479701,0.0058447544080387,0.0372756239399313
LR,l2,1,100,-0.0161175109128115,-0.9106600515418208,-0.1466833756171325,1.001420631405822,0.7878967770638262,0.6151706608621559,0.0249046295440737,-0.0117215760457813,0.036626205589855
LR,l2,2,20,-0.2084453724150367,-0.9432582135307116,-0.3473043428652634,0.5291250208792281,0.8411696593067348,0.5873108067745121,-0.0875768298161131,-0.126034667205837,0.0384578373897238
LR,l2,2,21,-0.2042054521093936,-0.919936006639357,-0.3721049847571587,0.7154550410867768,0.8365988458757643,0.5788178829220761,-0.0859322853507709,-0.1235378318530801,0.0376055465023091
LR,l2,2,22,-0.2438631097800944,-1.0257263906842793,-0.3813125656159137,0.6655836592746751,0.8896953143031878,0.5992222445263445,-0.1131704446283864,-0.1510020438765521,0.0378315992481657
LR,l2,2,23,-0.1696601671917102,-0.9839613982765876,-0.3372390687304708,0.7039546270001782,0.8571272291735608,0.5580702850833269,-0.1038433275038333,-0.141635238228897,0.0377919107250636
LR,l2,2,24,-0.1765290980264905,-0.9066465751253064,-0.3834643224647904,0.8381218278836492,0.8377691964041507,0.5787134897563451,-0.092568960005261,-0.1306969119116147,0.0381279519063537
LR,l2,2,25,-0.168008609405595,-0.926563941954842,-0.368400675209323,0.7588748950460846,0.8605595794558863,0.5841139653669797,-0.0893365763184314,-0.1290549551200578,0.0397183788016263
LR,l2,2,26,-0.22376312957308,-1.0907080473706952,-0.265368921976102,0.6567430032273607,0.8760957900255424,0.5863926151820078,-0.0715920787294464,-0.1105883075315807,0.0389962288021342
LR,l2,2,27,-0.1654402177232541,-1.01036921295936,-0.2429080502265484,0.8927471229366564,0.8607580028180796,0.5743460221666299,-0.0781421470508188,-0.1169824382790806,0.0388402912282617
LR,l2,2,28,-0.1678712608808986,-0.9526695489913672,-0.269500906614267,0.6652784759000719,0.8220823131593471,0.5030889238252612,-0.0773967594493039,-0.116182868217849,0.038786108768545
LR,l2,2,29,-0.1443250000473344,-1.006126479282858,-0.1957594357146221,0.7110255313346355,0.8314501256759512,0.5244026511579506,-0.0764177635981408,-0.1168501660379055,0.0404324024397647
LR,l2,2,30,-0.1575017472687123,-0.943740947597776,-0.2955109458609823,0.7417257699234691,0.8594691695061241,0.5563605996773449,-0.0561361390817092,-0.0976078427570519,0.0414717036753427
LR,l2,2,31,-0.1025269106943424,-0.8771912730872777,-0.154410077185389,0.7744499678041399,0.8905771173515877,0.514389014397052,-0.0448365412865962,-0.086694333675797,0.0418577923892007
LR,l2,2,32,-0.2084950342434584,-0.9316018586565202,-0.3426349779038274,0.6498116003768951,0.8419379082584035,0.4595734913253282,-0.0707738308823622,-0.1134712425392076,0.0426974116568453
LR,l2,2,33,-0.2071000581191353,-1.050338131886137,-0.310703485547094,0.6997712191017714,0.7995606113321818,0.5366227725840466,-0.0961275956668483,-0.1387388349026965,0.0426112392358481
LR,l2,2,34,-0.2265060744888181,-0.985333625422244,-0.3538783450080225,0.8310556039148576,0.8594735336353164,0.5316890718655461,-0.1081958919193664,-0.1521259008115692,0.0439300088922027
LR,l2,2,35,-0.134191999072703,-0.8491048128683765,-0.2448944115685258,0.7198917602738262,0.8182879193888429,0.513355168450514,-0.0664991912908111,-0.1100865866009802,0.043587395310169
LR,l2,2,36,-0.1663731627694023,-0.9559481591659236,-0.2942425497142672,0.8241306614371816,0.7975699599189556,0.702065299854418,-0.0679448858359504,-0.1106888269832964,0.042743941147346
LR,l2,2,37,-0.0441102016426112,-0.7873871464270155,-0.1573371795765883,0.9793648614718562,0.7798424564000738,0.5435241401403308,-0.0149507336760748,-0.0595338830175629,0.044583149341488
LR,l2,2,38,-0.1943717835642528,-0.9508182051528528,-0.2735665743515937,0.6831257585695185,0.8312892565651218,0.5478065570177533,-0.0533768142977779,-0.0952125483980917,0.0418357341003138
LR,l2,2,39,-0.1121364141761464,-0.8165751229225519,-0.2215069396947911,0.6974953734821611,0.8360361075216437,0.4772548888428811,-0.033084193924432,-0.0761013352568162,0.0430171413323842
LR,l2,2,40,-0.1651882456845058,-0.9005572494851385,-0.2673955897533058,0.8144910237974431,0.8407664413978992,0.5223214383157163,-0.0589543052641984,-0.1023418804230478,0.0433875751588493
LR,l2,2,41,-0.0853809047873999,-0.8651972905402737,-0.2096326802968575,0.7825087979038223,0.8355868965430489,0.5319774403878472,-0.0219559734872874,-0.0641754293208343,0.0422194558335468
LR,l2,2,42,-0.1377275350775867,-0.8786521356791539,-0.319012986346909,0.7878658366550506,0.8567457276342947,0.517318268917662,-0.0455933482032135,-0.086209701813744,0.0406163536105304
LR,l2,2,43,-0.1162449643957026,-0.8615714813362748,-0.2327384722682789,0.9932018167188053,0.8368452747085158,0.5508185893776809,-0.0346723507346087,-0.0753971176688993,0.0407247669342905
LR,l2,2,44,-0.0765989253999725,-0.6440806207250142,-0.2509889835842715,0.8169993572216695,0.8282091039025148,0.4242259775462368,-0.0154444177320966,-0.0575839409398305,0.0421395232077338
LR,l2,2,45,-0.0700118623400492,-0.8274672723454317,-0.1389713878014646,0.8122576718522464,0.7794097098799605,0.5334092922543647,-0.0241504884659869,-0.0648489595324124,0.0406984710664255
LR,l2,2,46,-0.0754810360779559,-0.8137461699391842,-0.2618659908456019,0.9028145593321044,0.8449546817206119,0.5741863871776272,-0.0211696769792968,-0.0621120271822644,0.0409423502029676
LR,l2,2,47,-0.1452881549124725,-0.8172412346706145,-0.2099658181200701,0.8911680582137006,0.8546365363793997,0.4338621243363754,-0.0317559038133386,-0.0741155555188216,0.0423596517054829
LR,l2,2,48,-0.2270239461420485,-1.0662228772198392,-0.3603032980384182,0.7301832235833687,0.8455804476708961,0.5901223244691597,-0.0584048025443133,-0.0988664844613903,0.0404616819170769
LR,l2,2,49,-0.1483994082613363,-0.8793611294404222,-0.2604619552911253,0.8723663060040607,0.8285670185489049,0.5882281552082056,-0.0771754199703177,-0.1163589720701752,0.0391835520998574
LR,l2,2,50,-0.0385867879129163,-0.8452329581001321,-0.1526875568411985,0.7710908062093328,0.8290308940105843,0.4932514470478685,-0.0336422679968614,-0.0736290176026027,0.0399867496057413
LR,l2,2,51,-0.1117359340347788,-0.90687353379836,-0.2573483992523735,0.8234200362239203,0.8439285820704591,0.5510025307267596,-0.0472756089695058,-0.0861101974384682,0.0388345884689624
LR,l2,2,52,-0.1003582921484023,-0.8505069736973268,-0.2597515607404879,1.07314607206173,0.8369633223323396,0.5455162131387283,-0.0324147785202836,-0.0710917391911385,0.0386769606708548
LR,l2,2,53,-0.167394409086516,-0.9059357374052278,-0.3597468574321455,0.8219518723456537,0.8682288268346825,0.4944060051653056,-0.0550764292157336,-0.0934432269001635,0.0383667976844299
LR,l2,2,54,-0.1206919322111139,-0.9313939994471676,-0.3257445300779081,0.8103062515232895,0.8299747172551798,0.5506971185497848,-0.0470209700782536,-0.0847932040036059,0.0377722339253523
LR,l2,2,55,-0.0950370781648148,-0.7919399719990494,-0.2617209503391082,0.7481607410132401,0.811046165167681,0.4882586747778273,-0.0385750511584076,-0.0751408240983467,0.036565772939939
LR,l2,2,56,-0.0397527235821531,-0.8465324296576473,-0.1900096836207594,0.8301977516892644,0.7908676220400939,0.5324698025233066,-0.0134372464148913,-0.0502007941564665,0.0367635477415751
LR,l2,2,57,-0.0720402325718216,-0.8719393281734384,-0.3247557462891213,1.0759413879427322,0.8204874120684997,0.6128068133721039,-0.0021707987789076,-0.0384605775506596,0.036289778771752
LR,l2,2,58,-0.0882592200596922,-0.7828802094115931,-0.2592846375059672,0.8066889718597213,0.8150402804141166,0.5074242158057246,-0.0335110295815336,-0.069585015554441,0.0360739859729073
LR,l2,2,59,-0.0174691884080589,-0.7836081708920805,-0.1976820110941398,0.8620034777437342,0.8204273583094701,0.5678755759457913,-0.0167287834162166,-0.0533801686369738,0.0366513852207572
LR,l2,2,60,-0.0854983515911926,-0.7983136489746279,-0.2470666128065988,0.8753987520119296,0.812583289728176,0.5003651487695135,-0.0330722262928759,-0.0687800468727221,0.0357078205798461
LR,l2,2,61,0.0036066982213364,-0.8146777677780067,-0.093624065112732,0.9283982737752888,0.8405149294907993,0.4904580334210191,0.0102170901676594,-0.025622458647324,0.0358395488149835
LR,l2,2,62,-0.0306835978939633,-0.8337880866795918,-0.1650448660424264,0.9274042690417732,0.8182533651892896,0.5344169581336734,0.0144389893113003,-0.0215345004240333,0.0359734897353337
LR,l2,2,63,-0.0951145685892366,-0.9099125828467132,-0.2382885271418136,0.8319939132219034,0.8436124315311695,0.5857584495691626,-0.014833009326227,-0.052974169090136,0.0381411597639089
LR,l2,2,64,-0.0660810476994675,-0.874044589423063,-0.2245915892812306,1.0416765248627862,0.8623620755608329,0.5734448890110531,-0.0043760762715533,-0.0437731736551791,0.0393970973836258
LR,l2,2,65,-0.1241158855397744,-1.044443550607501,-0.3145630278297726,0.898292500960545,0.8791459546705087,0.6949103497874194,-0.0034468075231885,-0.0426088148210433,0.0391620072978548
LR,l2,2,66,-0.1239190075083866,-0.9642145781152616,-0.296091989828539,0.9849427199343892,0.8699969076577907,0.5995158911221272,-0.0518050211077244,-0.091469842844239,0.0396648217365145
LR,l2,2,67,-0.089567190947399,-0.9555849312079824,-0.2260888469537567,1.085477263942268,0.8554771584465315,0.6338219716282857,-0.0432345982295637,-0.0821313892204025,0.0388967909908387
LR,l2,2,68,-0.0583256759778179,-0.8632238271230525,-0.2430305251442105,0.8712235413299718,0.8544622888148148,0.5022785593685597,-0.0188155639300176,-0.0584221410390974,0.0396065771090798
LR,l2,2,69,-0.0530568050529226,-0.8672928343357479,-0.2154597070349132,1.02232694318989,0.8577327005709441,0.5013349788380314,-0.0067872156667859,-0.0456607288889923,0.0388735132222063
LR,l2,2,70,0.003543372600448,-0.8115117132553792,-0.2288919337311741,0.999837072063232,0.8137985185934802,0.6495880390591584,0.0424842925802554,0.0019185578168876,0.0405657347633678
LR,l2,2,71,0.0449399218828451,-0.7489315914171836,-0.1718718091415886,0.9916071696193272,0.8430289801498629,0.5576960583429441,0.0652844155415506,0.0240097641268358,0.0412746514147147
LR,l2,2,72,-0.1156419869473968,-1.0806283264509715,-0.2703667135248607,1.10051710935694,0.8341112985796044,0.70166833351327,0.0023955322705294,-0.0381060445387995,0.0405015768093289
LR,l2,2,73,-0.1347486852567941,-0.9848926042796244,-0.3469706177201008,0.9590663109085038,0.8958109896609977,0.6219241821783603,-0.028738291237191,-0.0689248683564298,0.0401865771192387
LR,l2,2,74,-0.1646430366431905,-1.0086938150541085,-0.2565319717359423,0.834575237973214,0.886221797932654,0.5975395513038704,-0.0559401240371365,-0.0955406792470451,0.0396005552099086
LR,l2,2,75,-0.1194167549958639,-1.039143720415315,-0.2777324026727775,0.970309529782687,0.8626277024441257,0.6850864915859343,-0.0447958396791277,-0.0831672299784172,0.0383713902992894
LR,l2,2,76,-0.1419812947648094,-0.9563127082027292,-0.3467493672815034,1.0454888899713295,0.8379018593608343,0.6720813865187866,-0.0451695835378824,-0.0835573692536319,0.0383877857157494
LR,l2,2,77,-0.0337300316347524,-0.8129788100485086,-0.2786578577232409,0.9844409082479606,0.860687006692009,0.6321179988824813,0.0010013818832071,-0.0383711518967625,0.0393725337799696
LR,l2,2,78,-0.0232919909081907,-0.758811766224802,-0.2030324935354223,0.8814286800549408,0.820847062168122,0.5507898322644971,0.0306192367252167,-0.0084543612056206,0.0390735979308374
LR,l2,2,79,-0.1124586536160281,-0.890497557742312,-0.2736281484178424,0.9659890623986418,0.8633538600322099,0.6226353316121872,-0.0092093038084309,-0.0468953620429707,0.0376860582345398
LR,l2,2,80,-0.0320058389477603,-0.751543955532283,-0.1845010353299102,0.9233210613967304,0.8346753681331269,0.492752064796904,-0.000393963834633,-0.0404088612647158,0.0400148974300827
LR,l2,2,81,-0.1128299994707771,-0.8310020955005037,-0.2690850974970402,0.9931474264631064,0.8604554482463755,0.5110317608875192,-0.0190339877577599,-0.0574097524820927,0.0383757647243328
LR,l2,2,82,-0.051868176060989,-0.8064549369024069,-0.2899819084077706,0.8320442348405216,0.8727142324193962,0.6046596874020109,-0.0072641639110991,-0.0462801332884595,0.0390159693773603
LR,l2,2,83,-0.1061504841961409,-0.9041758648961123,-0.2700711097775216,0.791250569787291,0.8516770324796784,0.5379598836601016,-0.0298634725706526,-0.0682836994859482,0.0384202269152956
LR,l2,2,84,-0.0788310205266773,-0.8350224832597609,-0.1695385132377995,0.6683244634222671,0.8167802610803844,0.5178973390832593,-0.0096883163898841,-0.0472610320300104,0.0375727156401262
LR,l2,2,85,-0.1440439100237203,-0.8973386639178381,-0.3452413571263739,0.9267556155535324,0.8370288724313378,0.5582213353117333,-0.0271270476301932,-0.0639592800132148,0.0368322323830216
LR,l2,2,86,-0.0968114603673643,-0.9507396802021846,-0.3108960150657748,1.020791671807008,0.8371586789320947,0.6739015145099091,-0.0257545815530317,-0.0631654847197784,0.0374109031667467
LR,l2,2,87,-0.0555508005804659,-0.8754647013036578,-0.2252854896236016,0.8345474848740738,0.8530505203665529,0.6088281639509981,0.0060917338629351,-0.0312971964659537,0.0373889303288888
LR,l2,2,88,-0.0981161829059186,-0.9256446332577388,-0.2241490165335656,0.8858997867223308,0.8623421729512567,0.6452279244056832,-0.0026200655137526,-0.0394333743740443,0.0368133088602917
LR,l2,2,89,-0.1206426300967198,-0.9289874074966908,-0.280711542061656,0.7250258094592862,0.8778926011716556,0.601847921073102,-0.0134725058716593,-0.0512315833717456,0.0377590775000862
LR,l2,2,90,-0.0813935613454055,-0.8879857368459216,-0.1935312587535631,0.7833056134994003,0.8781665445128928,0.5774784427919446,-0.0110082101545713,-0.0500819728916695,0.0390737627370981
LR,l2,2,91,-0.0585514044394182,-0.8579470838044527,-0.1651699934910458,0.8570213067354724,0.86847412164407,0.5723146943095988,0.0036201715174421,-0.0353692588816455,0.0389894303990877
LR,l2,2,92,-0.1252830140964725,-0.8646851221000785,-0.2686596536554979,0.8356932820364348,0.8690142413434144,0.5524527577973631,-0.0093354458508298,-0.0494632070471749,0.040127761196345
LR,l2,2,93,-0.2286685903832405,-0.977253194480172,-0.3796578114790552,0.7085440336749071,0.8082042284719462,0.5752780032645193,-0.0707245651778393,-0.1097171439399571,0.0389925787621177
LR,l2,2,94,-0.2049314967424075,-0.9449404121668866,-0.367047338981727,0.5897656684574486,0.8446570904630643,0.4985106812688458,-0.0887438379466345,-0.1270234947617733,0.0382796568151388
LR,l2,2,95,-0.1435645739369974,-0.8063963277303419,-0.3614465193090678,0.786231946791265,0.7754389887662968,0.5600529462257382,-0.0448050457991428,-0.0836109783286463,0.0388059325295034
LR,l2,2,96,-0.1380798296467615,-0.8248853251615006,-0.3171278667461822,0.9833795345778632,0.8224559680363273,0.5701566424820687,-0.0479816026941732,-0.0877218299355915,0.0397402272414183
LR,l2,2,97,-0.1371061284508042,-0.91863522834313,-0.2983709873502838,0.7004718357620313,0.8452169371883755,0.5677267771289042,-0.0336470900215532,-0.0732252332632229,0.0395781432416697
LR,l2,2,98,-0.1857233891957194,-1.0589647451174398,-0.3300677107041828,0.9331331192808008,0.835727469968975,0.6676315791272297,-0.0673417752879977,-0.1031929473046984,0.0358511720167007
LR,l2,2,99,-0.1223187347327204,-0.8171938200300366,-0.2171633885645982,0.7224050598823398,0.8122554746955691,0.5012159171066431,-0.0384809912054145,-0.0739581170014382,0.0354771257960237
LR,l2,2,100,-0.1611876389165774,-0.9337007849981588,-0.2798954603268901,0.9035665368435718,0.8203350762891846,0.5051487389752304,-0.0408994677585589,-0.0747866568430483,0.0338871890844893
SNA,none,0,20,-0.6065847952335939,-1.617617074551827,-0.6683173789743142,0.3893680941814152,1.5840821279515416,0.6718602185355591,-0.6904980263534627,-0.7171216744465447,0.026623648093082
SNA,none,0,21,-0.6939001294971372,-1.704194785561176,-0.6541098371127387,0.2252138069890726,1.5814268565720824,0.7415628511234135,-0.6670986075341006,-0.695849136812869,0.0287505292787682
SNA,none,0,22,-0.7206592297696826,-1.6077662727328692,-0.6652836858838804,0.0400412292933666,1.5907751646688206,0.639704213128756,-0.6826310384265498,-0.7101999372270774,0.0275688988005276
SNA,none,0,23,-0.8138839247563787,-1.8781792475666548,-0.795219279307263,0.3115933423168989,1.7402944176889392,0.7178197766041166,-0.7206336536079523,-0.7468132646726788,0.0261796110647264
SNA,none,0,24,-0.8382196517081623,-1.938721564455184,-0.7907536397653436,0.2824606164881262,1.7073126708950648,0.9692190304636386,-0.7674602496938171,-0.7929655342579501,0.025505284564133
SNA,none,0,25,-0.8172845795180455,-2.150853312400192,-0.7696235531585293,0.4132542741211311,1.862915958329296,1.0476213655075408,-0.828748951416977,-0.8537729315826924,0.0250239801657153
SNA,none,0,26,-0.7874485911472722,-1.74174917436273,-0.7999427561475168,0.1658109940044272,1.76763281734184,0.6711034459935431,-0.8547343264700409,-0.8803344269393507,0.0256001004693098
SNA,none,0,27,-0.8241757138238094,-1.6320887528747188,-0.7554158756509397,0.2159635536411513,1.709929969091137,0.795706482830369,-0.8327188582748828,-0.8605002258108185,0.0277813675359357
SNA,none,0,28,-0.7745086067518683,-1.9398345287899488,-0.781678111066741,0.3186341004235324,1.7881293712614363,1.073694823377119,-0.8148377643220166,-0.8420496708338189,0.0272119065118022
SNA,none,0,29,-0.8493844800273301,-1.7598200966233828,-0.8484304695406489,0.169024092577688,1.8659655846180483,0.8844738003890328,-0.8323321706323433,-0.8586322330860087,0.0263000624536653
SNA,none,0,30,-0.7985737236652338,-2.1105763002523403,-0.7731248445114229,0.2735753543040913,1.912481016564712,0.98564569411116,-0.8092819860504308,-0.8387051491505766,0.0294231631001457
SNA,none,0,31,-0.8864396551627728,-2.036391816576823,-0.8685090710971133,0.4660815206085881,1.9566961015819104,1.171417713404202,-0.8316333541326341,-0.8610430030745804,0.0294096489419462
SNA,none,0,32,-0.863585599486412,-1.7997323385152937,-0.92822562718808,0.116030970048727,1.878372471868348,0.8041686992058132,-0.8612951079422025,-0.8899353970486088,0.0286402891064062
SNA,none,0,33,-0.7736917816797334,-1.813757452812431,-0.7805417155078864,0.2625429132405035,1.8359817136052847,1.127609151761681,-0.8516100347293448,-0.8828305537959003,0.0312205190665554
SNA,none,0,34,-0.8062979105817795,-1.8029009850144109,-0.8198039746114231,0.3261457543932845,2.0036227072966697,0.8671585147763332,-0.8662373041690266,-0.8969347296285382,0.0306974254595115
SNA,none,0,35,-0.8179966848717889,-1.9414430396161928,-0.739796577290377,0.1819264083529845,1.9044302938459428,0.938182765821744,-0.822114925738274,-0.8547552376693011,0.0326403119310271
SNA,none,0,36,-0.880468789284602,-1.953293116396735,-0.914489760371524,0.0901932720934815,2.0042043816748203,0.928262903619732,-0.7813408920443585,-0.81504013695358,0.0336992449092213
SNA,none,0,37,-0.8687000748165684,-1.983825799082906,-0.7849423786855143,0.0550145166258205,1.9282086960251337,0.7872288806493658,-0.7730413342565169,-0.8091032201431096,0.0360618858865927
SNA,none,0,38,-0.9931625002817442,-1.960921895221541,-0.978367130832104,0.1036639353514078,2.1525774531788677,0.8423263591778496,-0.8167000862738324,-0.855635625943306,0.0389355396694736
SNA,none,0,39,-0.8982186258118051,-1.85230280613804,-0.9254741346027072,0.1800501535316873,2.0780275531994064,0.8403544588498589,-0.8563538816525257,-0.896237867218501,0.0398839855659753
SNA,none,0,40,-1.0167849856253706,-2.2105112215670784,-0.930799352683592,0.1551007253990236,2.1984115627110743,0.926679709501062,-0.9680577199113988,-1.007201938070307,0.0391442181589081
SNA,none,0,41,-0.8655270662622049,-1.9350186215913496,-0.8561488348818225,0.1605306455983175,2.070464623033569,1.0399777822175773,-0.9603556543268256,-0.9999734378815388,0.0396177835547132
SNA,none,0,42,-0.9208081849001716,-2.062989059569036,-0.8197094922062118,0.070473827517427,2.189220953927516,0.8573016545473214,-0.903803449108038,-0.9459264214636114,0.0421229723555734
SNA,none,0,43,-0.901668930770951,-2.23468477863784,-0.8034917457506284,0.0938203903613202,2.144077816228864,0.833456684573791,-0.9329654422864272,-0.9764999044607114,0.0435344621742842
SNA,none,0,44,-0.8854365474833733,-1.8896650756013884,-0.8256660056027392,0.1366151545510414,2.120099140770734,0.7536760991067943,-0.9159588202205068,-0.9631252967234047,0.0471664765028981
SNA,none,0,45,-0.9430094494174028,-2.012140391305413,-0.9320921497656608,0.0439807278239823,2.2118611277783966,0.8341635457320697,-0.912379329148354,-0.963092624048842,0.0507132949004881
SNA,none,0,46,-0.9391202209691504,-2.0506029001517407,-0.9406645799200748,0.4137795415170012,2.3262439010920324,1.178087209734479,-0.9139997828238569,-0.9652302540081013,0.0512304711842443
SNA,none,0,47,-0.7829346012150264,-1.8848471393451127,-0.7986104232151467,0.3159356190729651,2.1543312916868462,1.0995874062852449,-0.9119256138056628,-0.9620661678956935,0.0501405540900304
SNA,none,0,48,-0.9035825736352744,-1.949520090484072,-0.90587609583634,0.1536951044410394,2.1689853597010345,0.9022852907165908,-0.8978634030866453,-0.947998597096281,0.0501351940096356
SNA,none,0,49,-0.9285888768173812,-2.255222677841493,-0.8368401345169934,0.2837497653583552,2.2026193995427827,1.1810802791888997,-0.8937405114716106,-0.944819387264056,0.0510788757924456
SNA,none,0,50,-0.9394008303641244,-1.976177733825458,-0.9636167532300646,-0.0581984505837435,2.2530457184698287,0.6556146336038722,-0.9116245925825202,-0.962070400724478,0.0504458081419579
SNA,none,0,51,-1.0039269502630097,-2.0975942761779782,-1.0009445848390122,0.2947554552867333,2.4292852901969457,1.4998850522848328,-0.8877572477102913,-0.9376800103017412,0.04992276259145
SNA,none,0,52,-0.9446319855826372,-2.4151589498607,-0.7843285775425644,0.2270962321638036,2.455599318349239,1.2003435257663075,-0.9014371898247302,-0.9511678513745684,0.0497306615498382
SNA,none,0,53,-0.8749950794135981,-2.2293154864595777,-0.8279838718286654,0.184103097835147,2.3167934057273576,1.1549041839479328,-0.9018809491206814,-0.9514635404021868,0.0495825912815053
SNA,none,0,54,-0.8731877776881392,-1.992131952129801,-0.7905785068066067,0.0748546722803821,2.3900525337329075,0.8303869576980104,-0.8854508067805815,-0.9346352857559485,0.0491844789753668
SNA,none,0,55,-1.0542871001122012,-2.6692007188327413,-0.9486477612704938,0.5508697569516872,2.6187429526185717,1.5493357305406246,-0.9600802646355484,-1.0101596579176153,0.050079393282067
SNA,none,0,56,-0.951926074636838,-2.42092471778993,-0.9090317356079286,0.3967084264171235,2.553455366753346,1.4053859822606256,-0.9613946061741953,-1.0141374365633744,0.0527428303891792
SNA,none,0,57,-1.0382150225033255,-2.433198711897873,-0.9237927628927224,0.0124306854294745,2.5567345364550897,1.0516733550507562,-0.9817213266487934,-1.037022471442423,0.0553011447936296
SNA,none,0,58,-0.98525102838125,-2.3285736209044274,-0.9395803368403306,0.0418099321456694,2.4758784214960774,1.2402423766831363,-0.9333014039464989,-0.9889464537638932,0.0556450498173944
SNA,none,0,59,-1.0144052090962812,-2.029190100336606,-1.0046322882789258,0.0019396205772203,2.7076343742529208,0.9636335839406864,-0.969897488882331,-1.027016178924156,0.0571186900418251
SNA,none,0,60,-0.9937680888464208,-2.0822969567877694,-0.9849987829226632,0.064716633204395,2.537804436753852,1.0423329921520323,-1.0038622499137189,-1.061096180344094,0.057233930430375
SNA,none,0,61,-0.9316959941765548,-2.1008128086760363,-0.906457957546809,0.0758031156845546,2.749957246689253,1.5195618451209196,-0.9797870854760816,-1.0420311585890425,0.0622440731129609
SNA,none,0,62,-1.0454200523572148,-2.563516612374372,-0.9098479220336804,-0.0113886654252528,2.695106280565808,1.3408517558695592,-0.999031885112938,-1.063346090037678,0.0643142049247399
SNA,none,0,63,-1.0153676884532514,-2.261591079447511,-1.0168246084510335,0.0037706291010345,2.6200475301437383,1.49730646501729,-0.9796519282866604,-1.0436982242866752,0.0640462960000149
SNA,none,0,64,-0.7791190943986828,-2.0020675612306875,-0.8102805095477608,0.2375757344026928,2.573688903841864,1.3595277587939854,-0.8780113490402406,-0.943220341257908,0.0652089922176674
SNA,none,0,65,-0.8770658959231932,-1.9905267862611915,-0.8550666044656383,0.3969417615415713,2.7248729316743168,1.5524832672606783,-0.8941655800922116,-0.9606291230565502,0.0664635429643385
SNA,none,0,66,-1.007656773891776,-2.235594847481559,-0.857246452778239,0.042957134981422,2.788962237342606,1.398831249075548,-0.9360455110169826,-1.0033759232181003,0.0673304122011177
SNA,none,0,67,-1.0171915914323086,-2.302233888540927,-0.9527202503427092,0.2358347167948979,2.9006726929599256,1.5162334798971102,-0.9172198159704412,-0.9885316398614512,0.0713118238910101
SNA,none,0,68,-0.9066463037008228,-2.2853830978584866,-0.8750701565693872,0.3239046181024491,2.835945990370417,1.6362498784595882,-0.8463702164892096,-0.920200906465667,0.0738306899764575
SNA,none,0,69,-0.934021528939596,-2.3719902402519555,-1.034706467823825,0.5477626523223187,2.8639685760329523,1.7867381201587405,-0.8580155748128371,-0.9331226753093712,0.0751071004965342
SNA,none,0,70,-0.954835539460082,-2.3240406933776905,-0.9153759428655848,0.2745920868740485,2.9058270893484446,1.4745687273761374,-0.9364471263384164,-1.0095061480572165,0.0730590217188
SNA,none,0,71,-0.9097297004221956,-2.198322052155508,-0.7893413201364077,0.2377519709029828,2.7598917552242965,1.4776000495993609,-0.9289206859546808,-1.0035826709815865,0.0746619850269053
SNA,none,0,72,-1.0375535470058348,-2.2716062083852147,-1.0584792828446892,0.1857104406575473,2.8562271762573084,1.1781836938172077,-0.9537296297015828,-1.0290877618393544,0.0753581321377714
SNA,none,0,73,-0.974677112272856,-2.053605136861785,-1.098004335274966,0.190462968008286,2.9542924412085205,1.3328062314544475,-0.9105723625649492,-0.9894660445065032,0.0788936819415539
SNA,none,0,74,-0.8748203287563677,-2.052349177846452,-0.8719601778328627,0.2632424815766029,2.81636638529401,1.4138202185376223,-0.9325880734604252,-1.0113352360325334,0.0787471625721082
SNA,none,0,75,-1.0968252436227195,-2.234032487852296,-1.1056131073288682,0.0351099811170314,2.891813840450523,1.401434844863664,-0.9948358952822992,-1.0709533276745016,0.0761174323922023
SNA,none,0,76,-0.9492315851900588,-2.37515459716362,-0.9445166257918468,0.0650507509392381,3.02704456590128,1.3734242763200664,-0.9858651940466874,-1.0627501603159684,0.076884966269281
SNA,none,0,77,-0.928697155305322,-2.307605103698789,-1.0517806568188286,0.3601881509256211,3.0278679458960798,1.479150677091858,-0.9404862677062223,-1.018067885042477,0.0775816173362545
SNA,none,0,78,-0.8676595452578876,-2.226186685677493,-0.8393908918653945,0.3146120896127267,2.817656666780459,1.4283437980499565,-0.9667485215435732,-1.0465699804800674,0.0798214589364943
SNA,none,0,79,-0.8522928473038955,-2.148092037818562,-0.8263993824426199,0.3312927993273091,2.947406764527953,1.2249300477971077,-0.9557343820246992,-1.0371151856243035,0.0813808035996044
SNA,none,0,80,-0.92536874540382,-2.100040051824901,-1.0073434762932734,0.2887041077073426,3.101608759405491,1.4704432800752414,-1.0244084506055795,-1.105257798666599,0.0808493480610195
SNA,none,0,81,-1.0212236753971995,-2.638516797533961,-0.9486337671883543,0.1895356116111301,3.0237267983724085,1.5993825954417111,-1.0267922186969112,-1.1058110545501143,0.0790188358532032
SNA,none,0,82,-0.9699284514244824,-2.250184547556861,-0.974576491181784,0.1706775075575493,3.1811574890689225,1.466125576535039,-0.9855114333668128,-1.0690460529677908,0.0835346196009777
SNA,none,0,83,-1.0326691561543575,-2.453261175365277,-1.014694794980047,0.1371759044764376,3.02785883747384,1.454330372679744,-0.934632203296528,-1.0198936452849328,0.0852614419884048
SNA,none,0,84,-0.8961725479559588,-2.440892246472843,-0.9307082975451162,0.5569080224628215,3.046500724697028,1.8319157968960005,-0.9142770553803962,-1.00140961839689,0.0871325630164938
SNA,none,0,85,-1.1444562307339348,-2.81928858691301,-0.999990535951766,0.1591816256309006,3.1849015667335694,1.7730441368003484,-1.0538776685752589,-1.1407638764929635,0.0868862079177051
SNA,none,0,86,-1.1139240752335977,-2.834485990021313,-1.0548598928895832,0.4659029258316876,3.3559865293795594,1.5478615546079268,-1.158688370284762,-1.243343933229298,0.0846555629445356
SNA,none,0,87,-1.166426211811809,-2.843776681268051,-1.1237672636684717,0.2908269578094051,3.421293886007051,1.921230005318027,-1.162430521586871,-1.2477233741869762,0.0852928526001051
SNA,none,0,88,-0.940090085845056,-2.3430730389916468,-0.9772013789245833,0.2574995329918353,3.246548627932682,1.672284379873305,-1.0756265552139248,-1.1611942020408914,0.0855676468269666
SNA,none,0,89,-1.0461280515437956,-2.3653386219933914,-1.017107536374907,0.2149027263980062,3.187033002456308,1.3283354414292958,-1.090557304008149,-1.1777561040476268,0.0871988000394776
SNA,none,0,90,-1.0237834948747273,-2.254768921615282,-1.0167654500677097,0.2977885137718727,3.2560747665364134,1.5258039646991803,-1.040637933946509,-1.128800846000031,0.0881629120535217
SNA,none,0,91,-1.0166376172964524,-2.359278499655128,-0.980322310223472,0.3054496748934534,3.152601778815816,1.3709355948188295,-1.0442425108553204,-1.1316867475156966,0.0874442366603761
SNA,none,0,92,-1.0397151370273645,-2.7482795717539035,-0.8440662543197007,0.3481035941927966,3.222740656566673,1.4262978873856462,-1.107678857269463,-1.1931393134594388,0.0854604561899759
SNA,none,0,93,-0.9733739891934128,-2.4779823496857105,-1.0460217964079306,0.1751554734520369,3.1493054344463864,1.3951791311979065,-1.1219399096220937,-1.207285534563495,0.0853456249414011
SNA,none,0,94,-1.0053225827439842,-2.174740713621326,-1.117952964374466,0.2169211224539795,3.2322585899118663,1.5204803355401573,-1.016542699971379,-1.1037387238558412,0.0871960238844622
SNA,none,0,95,-0.949413726196524,-2.4131791729962893,-0.9760258838809848,0.3690046485920764,3.473012483242129,1.6506755799438202,-1.020193732599352,-1.1093575680345265,0.0891638354351744
SNA,none,0,96,-0.8480134852503469,-2.08488142379543,-0.9342737664688996,0.3971263938222333,3.3614579142238843,1.355729365124644,-0.9623659163343854,-1.0548639264030517,0.0924980100686661
SNA,none,0,97,-0.9014918121217615,-2.496816906713718,-0.8834706730810162,0.4050471487600038,3.42149664955922,1.9876087629833168,-0.9359606207769474,-1.0295801582026405,0.0936195374256931
SNA,none,0,98,-1.016345006041487,-2.7530889613028253,-1.104215141409816,0.5977609617007855,3.4801746462465566,1.9891807382158693,-0.9720133297071746,-1.0641549944571174,0.0921416647499427
SNA,none,0,99,-0.7534992518519948,-1.9352506009114772,-0.8412369880536394,0.4878891224733794,3.326104186312328,1.4971459473142246,-0.9268788343271824,-1.0213606027071018,0.0944817683799192
SNA,none,0,100,-1.0369325774684846,-2.422226645942975,-1.0639463942268603,0.3219162132447711,3.478922531342336,1.5556130321680206,-0.8830361538590498,-0.9792402842300926,0.0962041303710429
SNA,none,1,20,-0.8347311145110835,-1.937058123940868,-0.6904876033232685,0.0423952891248746,1.5867156649241918,1.0585248997609196,-0.8075525176473061,-0.8222428450416522,0.0146903273943462
SNA,none,1,21,-0.7621388967694521,-1.708385394446851,-0.6227337853796975,0.0881585719310268,1.5549333069930742,0.9240699995353524,-0.817731427544845,-0.8312860690561362,0.0135546415112912
SNA,none,1,22,-0.7122139081349288,-1.4472998883986248,-0.7196243435147359,0.2070320039872524,1.5233484050838977,1.0028339795322812,-0.8225387544978249,-0.8368007508504043,0.0142619963525794
SNA,none,1,23,-0.7607700295410055,-1.6491365942311087,-0.705935213622565,0.3062550518761927,1.5977699600821194,1.378725775053097,-0.8020453755292257,-0.8180651956345102,0.0160198201052844
SNA,none,1,24,-0.9118860578977056,-1.8494993845750465,-0.7018808065671097,0.1484453907144076,1.72635632393572,1.4805605472217116,-0.8000374176179562,-0.8167589366570851,0.0167215190391289
SNA,none,1,25,-0.7743301210122325,-1.8246039318398204,-0.6761729984911536,0.3128499021715678,1.7022246826572314,1.4232896787289446,-0.7960844823873475,-0.814711010839498,0.0186265284521505
SNA,none,1,26,-0.9324439126918874,-1.871464283591804,-0.8234343089736693,0.0290593319599066,1.7711068735958486,1.1823779583940364,-0.880490380745234,-0.8977940903926194,0.0173037096473854
SNA,none,1,27,-0.851885658859985,-1.9541752646009152,-0.6639052246301416,0.1459480338338215,1.7625379406752049,1.5790540195067075,-0.8177843688776973,-0.8363237316370267,0.0185393627593293
SNA,none,1,28,-0.7407649394085074,-1.6086683485808329,-0.6480665146420689,0.2872161535270462,1.7709747501626123,1.3967667213159285,-0.8017684841848737,-0.8210770870599723,0.0193086028750985
SNA,none,1,29,-0.7113542697006712,-1.449547149634406,-0.706461744172623,0.3381663797604504,1.6920323682049454,1.47347480146216,-0.7147192896144905,-0.7386942161013347,0.0239749264868441
SNA,none,1,30,-0.7951518967734803,-1.689132087133435,-0.7010774516736382,0.1142931869749967,1.8146845196344104,1.2544655516893737,-0.718994800055243,-0.7428847425643652,0.0238899425091221
SNA,none,1,31,-0.7956908651056864,-1.6249653742688388,-0.6736372515431421,0.2045748253280002,1.9386455434305143,1.6314076290270605,-0.7522527055087512,-0.7756420063210199,0.0233893008122686
SNA,none,1,32,-0.8257345974121175,-1.6634824938503885,-0.6753962664228594,0.0299573910913931,1.8703129253832145,1.6710069458438332,-0.822690794932249,-0.8446365399784994,0.0219457450462505
SNA,none,1,33,-0.8632900222425736,-1.6889658128439071,-0.7964933942882996,0.0827815707299857,1.943842649223801,1.8027913599834315,-0.8229644532129444,-0.8435415325081252,0.0205770792951807
SNA,none,1,34,-0.9748627530054444,-1.929895593174808,-0.8770736622631298,0.1003989808648635,2.041985247076874,2.2600021941455872,-0.8571228820961592,-0.8776053264460684,0.0204824443499092
SNA,none,1,35,-0.8486931058013386,-1.673503040323165,-0.7482983487245228,0.3477700158065164,1.9523037553519964,2.3517126943444064,-0.7986773623406829,-0.8181453615884006,0.0194679992477176
SNA,none,1,36,-0.955314191948318,-1.853742698669366,-0.8467494979054426,0.2303020114150766,2.068729997452125,2.3687388419550244,-0.8733032228946195,-0.8933580358035488,0.0200548129089293
SNA,none,1,37,-0.9872866973611464,-1.971265004894891,-0.8132349961950968,0.0754461662502509,2.116077729252421,1.9155804191743184,-0.9327130075617596,-0.9526156786908532,0.0199026711290935
SNA,none,1,38,-0.9823702430655336,-1.9405984229722584,-0.7503533480959539,0.2333431642793972,2.104836464250888,2.5741507420412866,-0.9656342284255612,-0.9843448323147556,0.0187106038891943
SNA,none,1,39,-1.021293164271108,-2.050737186648492,-0.8194832189464295,0.1130801962514377,2.202725914338153,2.400382603355757,-1.010373468542836,-1.0286047127604403,0.0182312442176044
SNA,none,1,40,-0.979951005604772,-1.9070191117977464,-0.7393453236351596,0.0437612062230958,2.167861386953979,2.3254799533431307,-0.9895278774725234,-1.007486017175201,0.0179581397026777
SNA,none,1,41,-1.0506115653163317,-1.9988192038476789,-0.9205003858367076,0.052890192522551,2.261676207038973,2.816907193305314,-0.9963386458368536,-1.014686670491114,0.0183480246542603
SNA,none,1,42,-0.9629331561920346,-1.9199881223898156,-0.7647290703653967,0.0791509424996435,2.272484356459245,3.2064452507000403,-1.0355996215116765,-1.0524632238765776,0.0168636023649014
SNA,none,1,43,-1.0730959200804338,-1.9598311096355163,-0.8520454482886316,0.0497978585929979,2.32322619679241,3.3656989758857567,-1.0731913216793878,-1.0907238219271498,0.017532500247762
SNA,none,1,44,-0.9934460803283892,-2.059025940931308,-0.864707356048144,0.1351678861444652,2.2550231650836854,2.639869644611696,-1.0988042249476906,-1.1160864730058724,0.0172822480581817
SNA,none,1,45,-0.8255959050191032,-1.48860708964116,-0.6142136669869894,0.214167095505917,2.2267183445059344,2.717725897232321,-1.0329321629196229,-1.050136035688064,0.0172038727684412
SNA,none,1,46,-0.9985081329047694,-1.827169326037918,-0.7859687202251828,0.172012619001338,2.2990739736470003,3.215050917353846,-1.0038888078973225,-1.019175595384889,0.0152867874875664
SNA,none,1,47,-1.0397734057266563,-1.9799373483107463,-0.907695597368372,0.1911563873650214,2.46106357603668,3.5343867347795648,-0.9752620005332624,-0.9913234863423036,0.0160614858090411
SNA,none,1,48,-0.8668175948338726,-1.6013089100137663,-0.7032147605850169,0.1071007275718622,2.331983750166528,3.147647825357428,-0.8943373868611677,-0.9137085388870188,0.0193711520258511
SNA,none,1,49,-1.1267985669034517,-2.1795027699727463,-0.980079953274802,0.1044232959574223,2.5309489589088887,3.566622135272235,-0.945885704591648,-0.964194076363939,0.0183083717722911
SNA,none,1,50,-0.9751991003315292,-1.7554295490544856,-0.7828540924078721,0.2481907656356178,2.4039399488431754,3.804148105076056,-0.9563399497280554,-0.973950259814803,0.0176103100867476
SNA,none,1,51,-1.1472286192836687,-2.085861902523329,-0.8939232450121988,-0.0474769976294309,2.64342836599325,4.509170407509647,-0.9843577198047518,-1.000130672229056,0.015772952424304
SNA,none,1,52,-0.9775926682133572,-2.0399484267708883,-0.7894969721463792,0.1960855709372791,2.5140630742426198,4.935996514056213,-0.9942216653583132,-1.008934250694842,0.0147125853365287
SNA,none,1,53,-1.1410971154808165,-2.1572347311298383,-0.8607416659113437,0.1829789675991742,2.7757311089616463,5.162644653984565,-1.034842237154148,-1.04922182352318,0.014379586369032
SNA,none,1,54,-1.203512642432205,-2.110694046202146,-1.0567663237440046,0.0090918496515615,2.653477146100371,4.589145517566543,-1.0856149255032128,-1.0982604280779549,0.0126455025747418
SNA,none,1,55,-1.0532550124570677,-2.112878615552944,-0.8161547676210048,0.520187781326475,2.6337970812602327,4.78741790044543,-1.0896916866052364,-1.1049009047635068,0.0152092181582702
SNA,none,1,56,-1.1027500527751597,-2.198943263529139,-0.8788839666397242,0.1349156593483955,2.757115509164549,4.6612773658822615,-1.02851377066878,-1.0437121197658252,0.0151983490970451
SNA,none,1,57,-1.1154427912156932,-2.178142924601135,-0.8149845860172628,0.0501911445780127,2.8036189033168286,5.862365242694291,-1.0111026342196274,-1.0252245836897638,0.0141219494701363
SNA,none,1,58,-1.20519545192698,-2.205023923198376,-1.00542481975237,0.1702338887798008,2.8033780617846755,5.365140896398258,-1.063382120863514,-1.0742338663060016,0.0108517454424873
SNA,none,1,59,-1.074880960805944,-2.0758819340181818,-0.6786059216593033,0.0682017677485312,2.737178971994887,5.994475395861725,-1.0554753505667078,-1.065543793225229,0.0100684426585212
SNA,none,1,60,-1.1240570452858845,-2.0308785863651724,-0.9757404082828124,0.0601901211835405,2.857623649726753,5.164688692600229,-1.0662730302757435,-1.0763369621618502,0.0100639318861067
SNA,none,1,61,-1.0612012977284362,-1.8163266095720487,-0.8335255567659126,0.2911023179460062,3.008075534504188,6.34994463721372,-1.0826785672301182,-1.0921141291720549,0.0094355619419366
SNA,none,1,62,-1.0560475067610042,-2.265256000494546,-0.8255379259857303,0.4588896177551486,2.8516779695687773,6.276473767365684,-1.0702455689126098,-1.0813993420495125,0.0111537731369026
SNA,none,1,63,-1.113431007862154,-2.227629192617012,-0.8638236549224783,0.3790694857141413,2.8550919575983853,6.235136003427994,-1.028436877131118,-1.039018813592503,0.0105819364613853
SNA,none,1,64,-1.2787932821333932,-2.57961150902542,-0.9565304339815754,0.2277315393040284,3.1207616055521954,5.880806765170503,-1.1132110357828209,-1.121340407369659,0.0081293715868378
SNA,none,1,65,-0.9268363156780356,-1.929563291364364,-0.7429501296606701,0.4461549516564049,3.0357458304755136,6.322064003106033,-1.0029903607677657,-1.012264511162833,0.0092741503950674
SNA,none,1,66,-1.2697604241808924,-2.378221219067287,-1.009191623981066,0.1148759942552259,3.189531727942845,6.632570618370489,-1.1149714018233474,-1.1224069769998437,0.007435575176496
SNA,none,1,67,-1.222050033962645,-2.157428421215861,-0.92832794087391,0.1459475756515444,2.932637211797963,6.22297883353151,-1.1224297800145833,-1.1310268177468352,0.0085970377322519
SNA,none,1,68,-1.2272758688066985,-2.438075518256821,-0.946955837788449,0.1935382971883007,3.1184450799970405,5.922850844141151,-1.140317024567442,-1.1486606515994509,0.0083436270320089
SNA,none,1,69,-1.1306062041686675,-2.2733269406231265,-0.980961436343392,0.3926285567670077,3.1380422198010267,6.409186063663624,-1.0897579930784025,-1.0994503175773034,0.0096923244989011
SNA,none,1,70,-1.063721114281785,-1.8226110618954887,-0.8406427565643739,0.1512947537835167,3.0694011988597936,6.322249945917106,-1.135050097835815,-1.1425153767056004,0.0074652788697858
SNA,none,1,71,-0.9335314142872224,-2.09897584322384,-0.6129543388500128,0.5014992023095663,3.111118718293631,6.083989093044478,-1.109622242024611,-1.117969281054079,0.0083470390294678
SNA,none,1,72,-1.0104446406749514,-1.9338572433061532,-0.7296669978312529,0.4423556100079617,3.2276726651329604,7.790933841478265,-1.1038725840610788,-1.112531589507904,0.0086590054468251
SNA,none,1,73,-1.149620834017633,-2.0650775574722253,-0.9235191516642516,0.3264977034578154,3.2905830673142216,6.477149417945843,-1.082230640467514,-1.0917137057240138,0.0094830652564996
SNA,none,1,74,-1.2023307652017563,-2.341861181205482,-0.8306286948584674,0.1299719322971549,3.362724048721213,7.998779950871706,-1.1438356421078972,-1.1511116700835011,0.0072760279756039
SNA,none,1,75,-1.1699897136432031,-2.515766467169666,-0.8048908876223088,0.3982995671458357,3.4419497110594417,8.210255633919099,-1.173627863420149,-1.1808760197912098,0.0072481563710607
SNA,none,1,76,-1.207027112110461,-2.206048706418689,-0.9078018739609774,0.4208977662345535,3.470150308752302,7.715142261175688,-1.116103203440328,-1.1247279179741263,0.0086247145337983
SNA,none,1,77,-1.0780655828017185,-2.0812135800490106,-0.8629156575057908,0.5486407569476186,3.3821369475982186,7.975912045493751,-1.1014894501708794,-1.1134072637495,0.0119178135786205
SNA,none,1,78,-1.1805289409162274,-2.4198845687589645,-0.8436060837834796,0.1925496702808145,3.350586287436889,7.177806410818894,-1.166930830515379,-1.1789656748384405,0.0120348443230614
SNA,none,1,79,-1.2962374701534436,-2.2409532546254027,-0.9093609149113264,-0.1332435128901313,3.3208778514772708,7.473768022986997,-1.1344052974852854,-1.1458889667048822,0.0114836692195967
SNA,none,1,80,-1.1522820187577565,-2.3225925911132155,-0.725691255842351,0.1591377467559681,3.4676654402439766,8.123793344512212,-1.1347829503522515,-1.1447735499081464,0.0099905995558947
SNA,none,1,81,-1.1785955270137367,-2.3428713673828736,-0.8844204358114953,0.2211823420963419,3.426138896070082,7.88342876648449,-1.1526107739478315,-1.1621586038878151,0.0095478299399837
SNA,none,1,82,-1.3488025331578046,-2.6466957558212463,-1.179041505243719,0.3544362964244661,3.748009176960113,8.541455517726682,-1.2051807107424457,-1.2145918821144943,0.0094111713720485
SNA,none,1,83,-1.2863517374095643,-2.2498985835165723,-1.0734698946176957,0.113411867924608,3.508966729300832,8.14615438134295,-1.1874465755891186,-1.1971372306003367,0.009690655011218
SNA,none,1,84,-1.1690458016959324,-2.309989940509492,-0.7489486910222682,0.3256796405266385,3.659926342406342,8.883882316432446,-1.2264578053209534,-1.234204879676674,0.0077470743557205
SNA,none,1,85,-1.065029031927999,-2.0972075284064244,-0.7694280930866609,0.4443688480004265,3.5274670248001114,8.258774217742303,-1.1960843173491724,-1.2056037132344628,0.0095193958852905
SNA,none,1,86,-1.2212848789416273,-2.4069617924658986,-0.802778217698344,0.3469539387436637,3.799078520887243,10.370176545646927,-1.2227276090431527,-1.2319369990743267,0.0092093900311738
SNA,none,1,87,-1.4149089649558746,-2.534654324371298,-0.963772387968734,0.0803498904157948,3.736542960744314,9.957728019715525,-1.3071652712504778,-1.313417477849352,0.0062522065988741
SNA,none,1,88,-1.3364714151278796,-2.193613316349392,-1.0729460083180489,0.0901932362475575,3.67312759624352,8.256544399864573,-1.2827896927502946,-1.2900614315477206,0.0072717387974262
SNA,none,1,89,-1.471414701989423,-3.170355677861122,-1.0142294552595306,0.2193771475387353,4.044463164216003,10.153634342811149,-1.370350381549185,-1.3750862085667606,0.0047358270175755
SNA,none,1,90,-1.4681185302428663,-3.063184282381129,-1.1765319243403658,0.2458253885841363,3.91545377120849,9.866566029900971,-1.4666057277833957,-1.4688988138004118,0.0022930860170163
SNA,none,1,91,-1.500442624307069,-2.538444667002194,-1.1888762740119714,0.1579141669020442,3.901750082333365,9.151485378974597,-1.49694344170037,-1.4990490265993337,0.0021055848989635
SNA,none,1,92,-1.4545193661231377,-2.436250485304141,-1.1177333818453872,0.312542954679853,3.8565386702009783,8.696979863775503,-1.5118896293546271,-1.5157132804346471,0.0038236510800197
SNA,none,1,93,-1.5566612092568568,-2.9264689212717334,-1.0151031281384688,-0.1040190454824384,3.9968717533523774,9.166828220240417,-1.5340810610591662,-1.537189210946578,0.0031081498874118
SNA,none,1,94,-1.38984464557794,-2.391676402777968,-1.1922609980511631,-0.0472416886618601,3.8747872537032326,8.591577891995275,-1.4608394988809967,-1.4667274851070042,0.0058879862260073
SNA,none,1,95,-1.3956659125020556,-2.720880071443605,-0.9309464565724764,-0.115496288049264,3.768000370857465,9.109954020043094,-1.3805190949986057,-1.3884977924876214,0.0079786974890157
SNA,none,1,96,-1.35962756929208,-2.4763442592994576,-1.010709679041618,0.0882144499674063,3.733830223162132,8.16190649599503,-1.342645011496854,-1.353156173752279,0.010511162255425
SNA,none,1,97,-1.310464613096665,-2.326094666692007,-1.004505969614644,0.1983116020437765,3.862403096221509,9.58375963661618,-1.3760865023292574,-1.3835386815530222,0.0074521792237646
SNA,none,1,98,-1.6353936449188564,-2.9424538872492083,-1.1809157518111226,-0.0049493723323804,4.178153974279227,10.824831149059072,-1.372959358284452,-1.3816023887726172,0.008643030488165
SNA,none,1,99,-1.4645535002458023,-2.6854142917770982,-1.0563120164684572,0.1202700529361689,4.035219468472301,10.414653460837064,-1.385013854668395,-1.393191370916356,0.0081775162479607
SNA,none,1,100,-1.3774134919134795,-2.4461783384573965,-0.926608197925658,-0.0034996921060482,3.985866355653592,10.681487084439407,-1.4689078447585024,-1.4757365943714076,0.006828749612905
SNA,none,2,20,-0.8052729546011821,-1.705336294725064,-0.6868290405261384,0.2127203350041102,1.6436473266076548,1.1695253228549718,-0.7206870686947981,-0.7338768748180623,0.0131898061232641
SNA,none,2,21,-0.76878671708504,-1.5653758846364736,-0.7294728512422517,0.1654444998297653,1.635907841810456,0.94217656670145,-0.719209527514016,-0.7312811522233674,0.0120716247093514
SNA,none,2,22,-0.9109960913534654,-1.7663156211190418,-0.6499882611146344,-0.1639837468428431,1.6904846061332055,1.0665599390994742,-0.811388939440316,-0.8221951170014873,0.0108061775611713
SNA,none,2,23,-0.904490707663528,-1.955635123367928,-0.7767986713761803,-0.0507182941744209,1.7118204616650348,1.192673120062916,-0.8436608530915047,-0.8546868484225062,0.0110259953310014
SNA,none,2,24,-0.8702166528200391,-1.745875212667715,-0.7362260776630596,0.1449777272203458,1.7295127026320896,1.425704219038795,-0.8109939733266422,-0.8241194610497972,0.0131254877231549
SNA,none,2,25,-0.9651683192760876,-1.809554720353996,-0.8529330142452498,-0.0213851813254963,1.799071178168773,1.4428821204207918,-0.8881855163197707,-0.8989844248418905,0.0107989085221197
SNA,none,2,26,-0.996855572844666,-1.8561265473706463,-0.8012485132638285,-0.0837747581359481,1.8514346070256105,1.40583921507763,-0.9202431107729452,-0.9324220323094876,0.0121789215365424
SNA,none,2,27,-0.884521749499864,-1.6513850025769223,-0.7323749306487601,0.2045384322719617,1.8443183999498192,1.8203155015617325,-0.9562892944920584,-0.966373743894406,0.0100844494023476
SNA,none,2,28,-0.9669697241781212,-1.8656829116275253,-0.8167488011729094,-0.0669129579519352,1.952170346759599,1.8296782124260376,-0.98286311599271,-0.9940885330790992,0.0112254170863889
SNA,none,2,29,-0.811347295201363,-1.684669961139851,-0.6911313901063739,0.227302494099385,1.7860643969721637,1.6661162846429145,-0.9129379417348004,-0.9263288117970856,0.0133908700622851
SNA,none,2,30,-1.0196599762658205,-1.993596414557746,-0.836726517825562,0.0489474214875879,2.0002669650199625,2.071849112227373,-0.9177330412984128,-0.9297455927480014,0.0120125514495885
SNA,none,2,31,-1.0250405385195065,-2.02998411409478,-0.7760327385616435,0.0152209656524157,2.033691125049768,2.574744001612136,-0.9379002539856371,-0.9500754292852724,0.0121751752996351
SNA,none,2,32,-1.0588091375251765,-2.0742557412219296,-0.7924061074189896,0.0425875709872463,1.997789033929574,2.4375427864720454,-1.0039407016670676,-1.0142200353330346,0.0102793336659669
SNA,none,2,33,-1.101131264461849,-2.0013314007170897,-0.9730994714327644,0.003037569146795,2.028760514323388,2.523615786125402,-1.0798135146703196,-1.0874739164842384,0.0076604018139187
SNA,none,2,34,-1.008177696663788,-1.866152632104053,-0.7707567146794652,-0.0813771680187605,2.118739842598539,2.3714478935305667,-1.0181496154025316,-1.026194228789269,0.0080446133867371
SNA,none,2,35,-1.081975410874853,-2.0583358353909897,-0.8978906728207143,0.1017789668355922,2.1537768869034064,2.918161307420712,-1.0320851741330277,-1.03820686921281,0.0061216950797825
SNA,none,2,36,-1.1387924586650433,-2.2935698636570714,-0.8905227376763534,0.0095498807879475,2.12899397767392,3.1488429392313795,-1.0760158429235416,-1.0824421183100166,0.006426275386475
SNA,none,2,37,-1.015852705855256,-1.6112084629185488,-0.8277556501376069,-0.1423281506714425,2.146327584729126,2.760785045674226,-1.075236855669031,-1.0821973213727727,0.0069604657037416
SNA,none,2,38,-0.96920570673656,-1.6190913902038333,-0.8769602834302306,0.2333754130795748,2.232518225108423,3.031281478399677,-1.0532385375757989,-1.0587558978551352,0.0055173602793365
SNA,none,2,39,-1.0889202686270747,-2.010441375220532,-0.9297332358361272,0.1008076388436034,2.3616767538437355,3.0662471721868,-1.0988751232296132,-1.1023831517072764,0.0035080284776631
SNA,none,2,40,-0.9640719430250648,-1.727653514988874,-0.8324830987438555,0.0285773553518391,2.244263675715493,2.91978559162506,-1.074159400492012,-1.0776737533193448,0.0035143528273329
SNA,none,2,41,-1.121485237562727,-2.146859938055061,-0.8232679129926728,0.1331667788508133,2.4446947559503176,3.55434682328614,-1.0949776975638812,-1.100290719384502,0.0053130218206206
SNA,none,2,42,-1.2142101553970182,-2.209869576239335,-0.9849917417847646,-0.1038876029955883,2.304346547333197,3.3673195950057444,-1.160519604116487,-1.1629228112257968,0.0024032071093097
SNA,none,2,43,-1.1329816980988827,-2.257764842461516,-0.9232981901216124,0.1088349686282151,2.46051939720774,3.726882023350767,-1.11157247183051,-1.116064104819885,0.0044916329893749
SNA,none,2,44,-1.0267920662812653,-1.958801303079141,-0.8480278387036579,0.05508146640649,2.4600435174092943,3.943101088804616,-1.047586216987993,-1.051692613066125,0.004106396078132
SNA,none,2,45,-1.0291815295905358,-2.003926132808964,-0.8040786810050198,-0.0235768118016821,2.4418437352174296,3.969491637947206,-1.04882357662305,-1.0523985988064088,0.0035750221833586
SNA,none,2,46,-1.12634748308195,-1.9543675519500745,-0.9678713706592568,0.1116536161501755,2.5830383639721246,4.4155545959746885,-1.104178830997604,-1.106054709462966,0.0018758784653618
SNA,none,2,47,-1.1127973386777388,-1.957024001212742,-0.8418650197552077,0.1725800778583009,2.645227283807036,4.3267027517896,-1.0667348743072609,-1.0711579983477375,0.0044231240404769
SNA,none,2,48,-1.1324088032149553,-2.4012961224623783,-0.8707325058345032,0.2112670120919005,2.5916074562047338,4.257304243363928,-1.1625524601230612,-1.164829129862574,0.0022766697395127
SNA,none,2,49,-1.2144666027655688,-2.167141119392647,-0.9208726331999464,0.1876999671998167,2.817281349934464,5.042927779904767,-1.2830360633647464,-1.2835740407847729,0.0005379774200264
SNA,none,2,50,-1.191259306237548,-2.004073168486273,-0.9045709433495214,-0.0336478837228234,2.9027587497586933,4.812772375461479,-1.1788804769627603,-1.1819470253954498,0.0030665484326891
SNA,none,2,51,-1.194713190553894,-2.42663880358422,-0.9095599612584606,0.0794871680609603,2.8038080581293428,4.860378218850879,-1.215082671580307,-1.216125620604429,0.0010429490241222
SNA,none,2,52,-1.1519978697108757,-2.09557987376896,-0.8015741375527634,-0.0579062233910548,2.6557460236603068,4.346869742619179,-1.2315399406018313,-1.231341898250428,-0.0001980423514032
SNA,none,2,53,-1.1675747046853948,-2.166529889398336,-0.7832827301505463,-0.0147604908979207,2.838606870711825,5.449665079178345,-1.2045210354896647,-1.2040885209518406,-0.0004325145378243
SNA,none,2,54,-1.2611256909826074,-2.31883841937483,-1.02748113489563,0.038782260269868,2.886791835885625,5.77603954505593,-1.2040256616445348,-1.2040224501784342,-3.211466100765392e-06
SNA,none,2,55,-1.2205577311295217,-2.5857040253821184,-0.8617083288367722,0.0338071631429944,3.0105599906869607,5.597071333294463,-1.207168442390757,-1.205989231379135,-0.0011792110116221
SNA,none,2,56,-1.210776212517559,-2.257248942744324,-0.9336183940333204,0.1207189688176307,3.039102656597505,5.948380621126985,-1.1995947450479103,-1.1987446304129517,-0.000850114634959
SNA,none,2,57,-1.2277953871940326,-2.483348580923656,-1.0251673175345295,0.1311352547326572,2.9701977611504784,5.519624853426628,-1.2125453940425504,-1.210167992687362,-0.0023774013551883
SNA,none,2,58,-1.2419776764868633,-2.0216368367593835,-0.93251614060493,-0.0066070941811087,3.0889035628459918,5.9854985982364965,-1.2433203102142183,-1.23985117842272,-0.0034691317914985
SNA,none,2,59,-1.1840556018399702,-2.1512053689251003,-0.8932339575699861,0.0132108592827074,2.98395895234702,5.08596390347762,-1.238880280757395,-1.2371240370551382,-0.001756243702257
SNA,none,2,60,-1.18427638680745,-2.1971220769746145,-0.9063784061353598,0.0875275689010973,3.027242193493292,6.415934136147694,-1.239604135940786,-1.2371943689468348,-0.002409766993951
SNA,none,2,61,-1.20785078365638,-2.2729926167416474,-0.9295745496675548,0.1112180255119614,3.2752743199620884,6.894306451647338,-1.2050032134614086,-1.2020806815937468,-0.0029225318676617
SNA,none,2,62,-1.3342805274143004,-2.4427368800689613,-1.0318290593558692,0.1816876851402986,3.2111673873473103,6.61852646002727,-1.195884807954804,-1.1929218522596927,-0.0029629556951113
SNA,none,2,63,-1.1336583682673491,-2.146148958292778,-0.6630878228815422,0.243951482610179,3.2802405923524462,7.503577349192415,-1.2108340587931743,-1.2095219365774246,-0.0013121222157496
SNA,none,2,64,-1.3200811103563037,-2.2692746909675217,-1.0956021614536304,0.1037628608394153,3.2700852392860105,6.944279617254654,-1.223217177907438,-1.2234347205138438,0.0002175426064059
SNA,none,2,65,-1.292328166023981,-2.453015568404564,-0.9873872892537836,0.0156523556297687,3.2292419032494326,6.511527258357392,-1.2682139771519447,-1.266173988144482,-0.0020399890074622
SNA,none,2,66,-1.4663143846698743,-2.785415523423214,-1.1017507862498923,-0.0789136797163802,3.3049770043453024,6.5873533384208285,-1.3738153209444326,-1.3688889379005025,-0.0049263830439304
SNA,none,2,67,-1.4842586845206258,-2.612297227531303,-1.215933368454314,0.1197110191935804,3.4995686431773265,6.7319322092942215,-1.4664648557825586,-1.4600932567798173,-0.0063715990027412
SNA,none,2,68,-1.3161466101464987,-2.2690860330981413,-1.0410667591426224,0.0380481682309665,3.40009220500667,7.708596715326097,-1.4382481625319383,-1.4320542219948882,-0.0061939405370503
SNA,none,2,69,-1.2880471265085631,-2.173317227927884,-0.9417652273536024,0.1454951885775076,3.5208440542284056,7.659882167736314,-1.4307200770405992,-1.423748901275388,-0.0069711757652112
SNA,none,2,70,-1.377064074726702,-2.500486019939215,-0.9237319596102108,-0.1451638222674995,3.499491958186137,7.859224219928673,-1.4035296515974798,-1.3971277855028048,-0.0064018660946749
SNA,none,2,71,-1.2923758114831378,-2.2339232984085347,-0.9250914588025412,0.0439191807151594,3.6321794242672016,7.435045562827026,-1.3462176057684392,-1.3406258809298432,-0.0055917248385958
SNA,none,2,72,-1.3711912921723823,-2.371606530877269,-0.9869273428408868,-0.1215425761702419,3.5245197623051228,7.878820913109357,-1.3183692473738655,-1.3124537312758358,-0.0059155160980299
SNA,none,2,73,-1.4433191901816056,-2.400153759984602,-1.1481182373543728,0.018621677164819,3.5376403998300403,7.237424396820285,-1.3693033784920374,-1.3638813934185563,-0.0054219850734807
SNA,none,2,74,-1.1900488334195922,-1.907044510802812,-0.9629120405992488,0.1749368034290358,3.501212833911276,7.763328119552697,-1.281833441864916,-1.2782808761790934,-0.0035525656858226
SNA,none,2,75,-1.358733540806354,-2.3485260126969583,-1.1172085360710446,0.102322079816935,3.6172117350499993,8.195244379308406,-1.2932110423963343,-1.2890625975789325,-0.0041484448174014
SNA,none,2,76,-1.3790445408819452,-2.271475656755725,-0.8646753710121937,-0.0791770374242709,3.7235291208952095,8.07922909484875,-1.3306229605514028,-1.3265496939781525,-0.0040732665732502
SNA,none,2,77,-1.4515763801033748,-2.6286788517652884,-1.1287921579076952,-0.1088623076016794,3.652752805570444,7.3465282127192415,-1.3478351409289917,-1.344485787809726,-0.0033493531192652
SNA,none,2,78,-1.3569055277596778,-2.3027653540681,-1.098967751918829,0.140611161760759,3.7138044836049695,8.258587019649847,-1.3525987119947596,-1.3466891379221844,-0.0059095740725751
SNA,none,2,79,-1.404562271943013,-2.456906622235793,-1.0435355846799144,0.0300323378505332,3.706979296882705,7.643935020590237,-1.3089644176231028,-1.3012301264211796,-0.007734291201923
SNA,none,2,80,-1.2645143114682105,-2.603675561871956,-0.8777845144085689,0.1943876325731041,3.740342930244828,8.734123729893161,-1.3288082439766018,-1.320116899872884,-0.0086913441037177
SNA,none,2,81,-1.2499110325554768,-2.188191458626136,-0.8360924304247682,0.0214293737367324,3.827280698187084,8.352069631184706,-1.3779866078583771,-1.3682438067319642,-0.0097428011264128
SNA,none,2,82,-1.353943827295353,-2.483091239241962,-1.0998650975263682,0.1602961160656599,3.870420676721816,8.473191618548878,-1.377880386488668,-1.3689954587383355,-0.0088849277503322
SNA,none,2,83,-1.4989012796903227,-2.696444850657462,-1.1091535986779633,-0.0911387818353297,3.887764389835032,8.419121388994718,-1.362492180945929,-1.3529916194007916,-0.0095005615451373
SNA,none,2,84,-1.5444343800187197,-2.7884603349945563,-1.201402106379168,-0.0221914635081273,3.8068673392166823,7.6728591446804275,-1.3714983920313193,-1.362187445576094,-0.0093109464552253
SNA,none,2,85,-1.357973838888137,-2.5498735381494204,-1.083652028110843,0.2182175020538195,3.8879779260587632,9.417264531956691,-1.2985015308719352,-1.2902492563614845,-0.0082522745104506
SNA,none,2,86,-1.5247396331417766,-2.609981708837324,-1.2695583524336524,0.2322469581403942,4.148056595725475,10.622247271297544,-1.3747346972559884,-1.3646057491309316,-0.0101289481250569
SNA,none,2,87,-1.493027514408034,-2.864374252951289,-1.1102463560903288,0.1933225950986132,3.759379170081993,8.551902484741449,-1.3449406852737968,-1.3341302596616529,-0.0108104256121441
SNA,none,2,88,-1.3755375363990887,-2.305653492328242,-1.0813317620762926,0.2354199705831129,4.089638064254846,10.600071441792418,-1.2933314073122413,-1.2815438637741563,-0.0117875435380847
SNA,none,2,89,-1.6338441390615646,-3.0274318809613874,-1.2701482544920415,0.0224832605221585,4.180486374497212,9.88253925345999,-1.3175160901224912,-1.3046473343483842,-0.0128687557741068
SNA,none,2,90,-1.4097694738008206,-2.6523976551592914,-1.059876204080214,0.0569245402157053,4.072061852582915,9.42708195597738,-1.321484913311767,-1.308894824483766,-0.0125900888280011
SNA,none,2,91,-1.300311011991401,-2.560630960453941,-0.9887208485771412,0.3540017970547128,4.212294203841061,10.822051540072442,-1.3020966362514814,-1.2909245725674197,-0.0111720636840618
SNA,none,2,92,-1.3006730549389025,-2.401057352185867,-0.8682499045975829,0.2133759667866916,4.150212404718378,9.588396295544054,-1.3025158835910955,-1.293157981459354,-0.0093579021317418
SNA,none,2,93,-1.4003264976482748,-2.3801812146731405,-1.0193200411719034,0.1254608993841027,4.01705725501748,9.346005997215032,-1.2782720727526715,-1.270649573778002,-0.0076224989746697
SNA,none,2,94,-1.4265736177493025,-2.508739836580652,-1.12156606636881,0.1765644283316959,4.337135145084276,11.08564291675083,-1.319347398415215,-1.3107038167284408,-0.0086435816867742
SNA,none,2,95,-1.4017841332352938,-2.4775467060783947,-1.1469097132521602,0.1890428703798541,4.04034642662069,9.58486009511391,-1.2711858686803774,-1.2639243300351248,-0.0072615386452525
SNA,none,2,96,-1.4361692300592903,-2.552971378754892,-1.0509271007379208,0.0960447949828888,3.998619179539594,8.865315587876701,-1.331375916457242,-1.324056845467045,-0.0073190709901973
SNA,none,2,97,-1.5572200106934853,-3.0141854017012992,-1.1876943257696966,0.0438433735211647,4.18395712862991,9.294786856058714,-1.3261531541322,-1.3195013872061936,-0.0066517669260065
SNA,none,2,98,-1.5167745277709015,-3.238831693432981,-1.050379508631745,0.3835637612478004,4.5843955812334345,12.024998940561066,-1.4044105956887387,-1.3970045961414024,-0.0074059995473362
SNA,none,2,99,-1.5420090423453832,-2.691706113802254,-1.235611052931772,0.1475361282249588,4.217876243864548,9.627409327656595,-1.4221042999780746,-1.4135919074310932,-0.0085123925469815
SNA,none,2,100,-1.5552323957669614,-2.685228514395088,-1.2195262746508515,-0.0348200186588023,4.118133523944581,8.689868136698697,-1.4361562901636655,-1.4281066534406577,-0.008049636723008
SNA,l2,0,20,-0.2326852106716275,-0.82447508054999,-0.1560545489946785,0.467023547113381,0.8072791597678082,0.8377242813651207,-0.1515768885764881,-0.1838312158234074,0.0322543272469192
SNA,l2,0,21,-0.2119390676366146,-0.6234622873311905,-0.2025536477827395,0.42829530360059,0.7523685069077568,0.7173267201315288,-0.145402697304969,-0.1777896044304429,0.0323869071254739
SNA,l2,0,22,-0.2702161767160783,-0.7542525953130018,-0.2450454790088366,0.3214523333055706,0.7894863126621603,0.8601307056569327,-0.1565166765635055,-0.1870964668307257,0.0305797902672202
SNA,l2,0,23,-0.1688250629173009,-0.6838323626539632,-0.1514485297062852,0.5199999459920688,0.7817188718785819,0.75174879363575,-0.1374600104322065,-0.1695718972222869,0.0321118867900804
SNA,l2,0,24,-0.3463274364972767,-1.172177937275234,-0.1900577428919926,0.4369017282587298,0.7974989849837837,1.0179107785906452,-0.1894486348944798,-0.2180020742848598,0.0285534393903799
SNA,l2,0,25,-0.1890256712967698,-0.6006429748319466,-0.1256880263923561,0.4434810956332832,0.8328048519767397,0.99390209368171,-0.1622782498486977,-0.1906363120192891,0.0283580621705914
SNA,l2,0,26,-0.2461084916438506,-0.8552170949684279,-0.1945123641744364,0.5149677099149298,0.7878423792231237,1.0678867426512308,-0.1657516576430768,-0.192702343047085,0.0269506854040082
SNA,l2,0,27,-0.3000405042606563,-0.7123668663673156,-0.2244052608514282,0.3223883165411849,0.7967534747903051,1.0843455022734885,-0.1745222722372051,-0.2005433716770272,0.0260210994398221
SNA,l2,0,28,-0.3309373629261063,-1.0354965832446732,-0.2236976163665585,0.4561142992135967,0.8290831548744351,1.1039057827781362,-0.2003886504531195,-0.2246154114326284,0.0242267609795089
SNA,l2,0,29,-0.2943219136040858,-0.9350162520703064,-0.1338794719542005,0.3387980055338498,0.7948603902961194,1.1102726774953258,-0.2036788861732739,-0.2275566525384593,0.0238777663651853
SNA,l2,0,30,-0.2948233437463571,-0.7469240248711677,-0.2060780155593692,0.318079250623241,0.8047245962031284,0.8726331435178116,-0.1913873174954203,-0.2165145269017664,0.025127209406346
SNA,l2,0,31,-0.2976746505470808,-0.7621155562672576,-0.1944664886523646,0.3355393563797627,0.794493747430051,0.9641048293060738,-0.1897410715619508,-0.2152661567802016,0.0255250852182507
SNA,l2,0,32,-0.2435706297796466,-0.8261265371673606,-0.164053784954056,0.4748829126974296,0.7847622783415845,0.961799023283472,-0.1709172958592719,-0.1963970729601171,0.0254797771008452
SNA,l2,0,33,-0.2236235344364509,-0.6209523369282914,-0.1891751872415314,0.3634949502713412,0.8167668656187612,1.0337552218863997,-0.1568005598273779,-0.1839165449335891,0.0271159851062111
SNA,l2,0,34,-0.2495643421586675,-0.9705538210394692,-0.1395359348649603,0.4485808427662653,0.7808438357330962,0.9582957608312552,-0.1410460321796715,-0.1683215412793804,0.0272755090997088
SNA,l2,0,35,-0.174037536498614,-0.6006931362991524,-0.1385099970983745,0.5076748507546626,0.7748190682192398,0.955247691009091,-0.1007382750400803,-0.1289045135144853,0.0281662384744049
SNA,l2,0,36,-0.2577339342000785,-0.8578105357324721,-0.14090690822897,0.3770154668361811,0.7851273585194763,0.8702139576394142,-0.1323777066492489,-0.1595495102899163,0.0271718036406673
SNA,l2,0,37,-0.2213545832743745,-0.6627392131103288,-0.1418672120350994,0.4720135863953686,0.7720139321319368,0.8563023214315753,-0.1244984819625426,-0.1528543673774731,0.0283558854149305
SNA,l2,0,38,-0.2769581597858077,-0.7673892991443205,-0.1902917953229393,0.3277221148987254,0.8132409956468949,0.9125280024379684,-0.1046424799122603,-0.1343965914695279,0.0297541115572676
SNA,l2,0,39,-0.2811214631519922,-0.7731624917234229,-0.217028679005581,0.5284055229693418,0.7674336246990875,0.8953240233174078,-0.1543262449115244,-0.1830917863046014,0.028765541393077
SNA,l2,0,40,-0.2069899125548561,-0.7625869518470532,-0.1053009124434177,0.462157107283803,0.7704065204028356,0.8712812772875915,-0.159661705876466,-0.1895606227001973,0.0298989168237312
SNA,l2,0,41,-0.2464557946628538,-0.6999705676939206,-0.2137729814500907,0.4451170277107316,0.7518478996124446,0.8366257510899452,-0.1768990678377775,-0.2057982005440607,0.0288991327062831
SNA,l2,0,42,-0.2910699232566779,-0.7874254551649502,-0.1917800226934201,0.4319513602123471,0.8307071394095444,1.072799645063896,-0.1789448654771622,-0.2078659399745011,0.0289210744973388
SNA,l2,0,43,-0.2211800305427158,-0.7274269945818596,-0.1400486715909677,0.3994077724555082,0.804945116170457,0.972181915560036,-0.1731262432765317,-0.2023932542867652,0.0292670110102335
SNA,l2,0,44,-0.2135257245192716,-0.8782629911418081,-0.081405465314307,0.4240264367617598,0.773581306140259,1.047431771579176,-0.1594572068525278,-0.1887829635715728,0.0293257567190448
SNA,l2,0,45,-0.2000367585124522,-0.6670527830904682,-0.1248863895496328,0.336977972258133,0.7719588798651118,0.8671677439342064,-0.1361941786095774,-0.1657587868363696,0.0295646082267921
SNA,l2,0,46,-0.2270047882788029,-0.8329430767195705,-0.1251344774410308,0.418071667524962,0.8159262123016873,0.8654558904072087,-0.1240304038145896,-0.1544991169866025,0.0304687131720129
SNA,l2,0,47,-0.2792189497190682,-0.7881790007125474,-0.1805110033508325,0.4204211707532539,0.7828697820089563,1.0110428522816264,-0.1599172950859759,-0.1881841487561872,0.0282668536702112
SNA,l2,0,48,-0.2352876952386484,-0.8145131745304044,-0.1560477146473855,0.3779054152236108,0.7402351288257685,0.8813428333585236,-0.1251213234672754,-0.1538340338043339,0.0287127103370585
SNA,l2,0,49,-0.2849673908373976,-0.7737033315756613,-0.1766640419593671,0.3558470551071499,0.7649402175694736,0.8601178236081976,-0.1383083264782061,-0.164635529618451,0.0263272031402448
SNA,l2,0,50,-0.260922391290011,-0.6078953614457854,-0.2628375719334275,0.3398371859718045,0.7806487484826384,0.9236164147524129,-0.1570422639147858,-0.184283521410702,0.0272412574959162
SNA,l2,0,51,-0.2823028113649084,-0.797335772165266,-0.2072406400962605,0.3478159242262888,0.7741520590165769,0.9954519352976042,-0.1643441206105039,-0.1907800767543362,0.0264359561438323
SNA,l2,0,52,-0.2469402120628097,-0.8204571527600585,-0.167168002265682,0.3827203478102275,0.7719900679676747,0.8480781633707345,-0.1481243287318573,-0.1747166069359007,0.0265922782040433
SNA,l2,0,53,-0.238097681026155,-0.6682663003305687,-0.1691193559966518,0.4184998479440103,0.747216466994924,0.9569902815276486,-0.1375273797373935,-0.164544468920894,0.0270170891835005
SNA,l2,0,54,-0.2659960951113864,-0.7425288942833049,-0.2118063972798458,0.3077292532115861,0.7901941572594282,0.7865047096209596,-0.1598352431338028,-0.1856468161184787,0.0258115729846758
SNA,l2,0,55,-0.2313892973151226,-0.8701305523982746,-0.1520715464024393,0.5059033827322147,0.8006593551300765,0.937089697764661,-0.16781278944855,-0.1929407681798024,0.0251279787312523
SNA,l2,0,56,-0.2450847740904597,-0.7263776755793929,-0.09556615738999,0.38379901597271,0.7802780845190811,0.9059804593265268,-0.1403639941044242,-0.1670331449893423,0.026669150884918
SNA,l2,0,57,-0.2133522209931329,-0.7207936710625853,-0.137224497677091,0.3398660818498604,0.7925066492862988,0.8793419906479637,-0.1094387268922284,-0.1349999443728003,0.0255612174805719
SNA,l2,0,58,-0.231593665495493,-0.6124684620249745,-0.1924715529691514,0.3887992223018373,0.7577265785700693,0.8241996864476593,-0.1082753005067706,-0.1337219270647392,0.0254466265579685
SNA,l2,0,59,-0.2624134531477509,-0.8237823336763653,-0.1918211487136633,0.4175808577682963,0.7918306598263392,0.8902184718301737,-0.1496201194190242,-0.1735180180737105,0.0238978986546862
SNA,l2,0,60,-0.2554727483337785,-0.821218428918263,-0.1568757487787789,0.4619127149507687,0.7328105267995919,0.9543267393796272,-0.132177611642234,-0.1554764839271744,0.0232988722849404
SNA,l2,0,61,-0.3165666163548845,-0.838950884039983,-0.2112793209216714,0.3551863447578923,0.8157206018439997,0.8812208243586686,-0.1527094043908153,-0.1774534131214467,0.0247440087306313
SNA,l2,0,62,-0.2211735981105299,-0.693566823097803,-0.1077753680262819,0.3090782469298027,0.7957031505807278,0.9198894194377294,-0.1214286252139753,-0.1492957639769336,0.0278671387629583
SNA,l2,0,63,-0.2853211263120856,-0.7545200498636163,-0.1223159809927046,0.2775100116220529,0.8208503576924349,0.9431019588650248,-0.1422790441997841,-0.1699913702506074,0.0277123260508233
SNA,l2,0,64,-0.2479770004151892,-0.7617949085272822,-0.1261621237149131,0.4051749811041187,0.783234887394197,1.0197676065857428,-0.1286781309197136,-0.1570043170208988,0.0283261861011851
SNA,l2,0,65,-0.1681455503190369,-0.6718186248425713,-0.1338553884558272,0.5328096361597158,0.7690044258465265,0.9873483064151272,-0.0901354800165324,-0.1191071010614439,0.0289716210449114
SNA,l2,0,66,-0.2154265668094971,-0.5867490241277286,-0.172011930479081,0.3620897802640007,0.7915403750873515,0.888853970257184,-0.1439003146065987,-0.1729442857344292,0.0290439711278304
SNA,l2,0,67,-0.2435514038384819,-0.7895939837466599,-0.1548208245432655,0.4160298139401764,0.7950307202421627,1.0344893848889058,-0.1708972619293038,-0.1992672209039576,0.0283699589746538
SNA,l2,0,68,-0.2243189410027474,-0.6317106871485314,-0.101127654846116,0.3987509709121428,0.7596381020203505,1.1119270561024588,-0.1418134369314046,-0.1699898503073908,0.0281764133759861
SNA,l2,0,69,-0.2493146780454097,-0.9461064353883016,-0.1588277200071328,0.4626309859054792,0.8027695424463032,1.0753265719073068,-0.1402471973369068,-0.1697435707456718,0.029496373408765
SNA,l2,0,70,-0.2507083435075679,-0.6874309141783841,-0.1573974099444804,0.3269244582513606,0.7754007832340668,0.9722995876935958,-0.1652448920478105,-0.19509520806914,0.0298503160213294
SNA,l2,0,71,-0.292868651480537,-0.6800182369615722,-0.2387033608593957,0.3606600606692727,0.8112732770588035,1.0232377170839084,-0.1863997656700201,-0.2163167985423468,0.0299170328723266
SNA,l2,0,72,-0.2491069837397175,-0.706150865861622,-0.2152829998963396,0.4041560159541666,0.7680634226151076,0.8188479590344967,-0.1579994651910432,-0.1883665568087066,0.0303670916176633
SNA,l2,0,73,-0.235993313342307,-0.9465720111556538,-0.1224458625630059,0.4917593313286716,0.7953912554768001,0.9207398885573138,-0.1306826635104263,-0.1636592435758685,0.0329765800654422
SNA,l2,0,74,-0.2735788672653739,-0.8551348846770961,-0.1768706898552507,0.3741053989764276,0.815505424451746,0.795229459305027,-0.1612838228530565,-0.193942335930242,0.0326585130771854
SNA,l2,0,75,-0.319944677871083,-0.9019565742511426,-0.2316280010335685,0.3607572936043438,0.7547646660121232,0.7272648823730227,-0.182317087977289,-0.2146725817651979,0.0323554937879089
SNA,l2,0,76,-0.2806995077925312,-0.9561544482126668,-0.153381948694909,0.3310001145262643,0.8146760568252757,0.7726621812314867,-0.2185479394002632,-0.2499981119864551,0.0314501725861919
SNA,l2,0,77,-0.2946231750008239,-0.7024609468779189,-0.259170874058758,0.3442676815818332,0.7809868301764341,0.919298048112217,-0.2122837403445071,-0.2439258049177504,0.0316420645732432
SNA,l2,0,78,-0.2803774228317818,-0.7099509402701818,-0.2103501244322658,0.4632430216795675,0.7893493910714094,0.9967460978006728,-0.1976713845652592,-0.228787109286717,0.0311157247214578
SNA,l2,0,79,-0.3202320830584607,-0.7071596925248682,-0.2487694002580498,0.3319948704390342,0.783260705914461,0.8490757514542671,-0.1905914846354269,-0.2222480368073436,0.0316565521719167
SNA,l2,0,80,-0.2921795187856865,-0.7910003267184101,-0.211150967892378,0.271791871084959,0.7776633667700742,0.8423423518245441,-0.189555087861382,-0.2194378121278813,0.0298827242664992
SNA,l2,0,81,-0.2620655150073251,-0.7207142591296462,-0.1441883041025363,0.313419697728528,0.8091520647771937,0.9879047827229706,-0.1953742847222658,-0.2245241451511448,0.029149860428879
SNA,l2,0,82,-0.2455589172800924,-0.7415991449280431,-0.1405210675002439,0.3728997517263073,0.8070064153364876,1.1305342177259217,-0.1764246886696743,-0.2050664839668275,0.0286417952971532
SNA,l2,0,83,-0.3221222233265069,-0.7477667563883802,-0.258204194530013,0.3114918737920065,0.8044205305876377,1.1578457990419533,-0.1645542497146752,-0.1934012743236607,0.0288470246089855
SNA,l2,0,84,-0.2479666961898222,-0.7716828305011214,-0.1999866521865185,0.5720891889019161,0.802879481410486,1.273633383309851,-0.16745636292051,-0.1963094720956165,0.0288531091751065
SNA,l2,0,85,-0.2373775302169245,-0.8171737607334452,-0.094287370931007,0.3452277617572674,0.80948025159941,1.2812255822660743,-0.1693925085693023,-0.1982867264218053,0.028894217852503
SNA,l2,0,86,-0.2212448426110016,-0.808763930625721,-0.1597304819584458,0.5032963021602589,0.7868443499831221,1.0418359621851814,-0.1396093154447791,-0.1687169436626774,0.0291076282178983
SNA,l2,0,87,-0.291864256622063,-0.8264826524252592,-0.2503580532219257,0.4169883727674003,0.8074660508655386,1.0377881324827316,-0.1326593827119758,-0.1621358083039775,0.0294764255920017
SNA,l2,0,88,-0.3505729245322666,-0.9261029115863268,-0.2528576680558507,0.2553173824514658,0.8151475386140116,1.0199581130742974,-0.188807240322949,-0.2172717477358129,0.0284645074128638
SNA,l2,0,89,-0.2305635349596436,-0.8387465112541935,-0.1671109822165215,0.412276263192604,0.8156972136152493,1.0915873788591937,-0.1598195852247568,-0.1899408678036685,0.0301212825789116
SNA,l2,0,90,-0.2881001801500796,-0.7128893107970969,-0.2127862812724465,0.2871584315265122,0.835775799440313,1.0097328577866458,-0.166025369817147,-0.1951143924690438,0.0290890226518968
SNA,l2,0,91,-0.220534679475418,-0.6535004507958225,-0.1500681491977366,0.3992548219670607,0.7801589001219077,0.8693814374615014,-0.1459145671915166,-0.1755818773398778,0.0296673101483611
SNA,l2,0,92,-0.2832941780526029,-0.8364337412805101,-0.1649507448220087,0.389367394241772,0.8288160377043587,0.9916879305231217,-0.1650610544944621,-0.1935336529919269,0.0284725984974647
SNA,l2,0,93,-0.2148338964371905,-0.7358628695971324,-0.1448010525097414,0.4741310538163379,0.8163021992690286,0.9013246352104838,-0.1406483789492186,-0.1701541593548164,0.0295057804055977
SNA,l2,0,94,-0.1819081129908141,-0.6410589517804204,-0.1611036821402311,0.3480051892837858,0.787162643103742,0.7939257090165447,-0.0866253339477445,-0.1175479211531676,0.030922587205423
SNA,l2,0,95,-0.2051534029689867,-0.7116027013807164,-0.0809916683816394,0.4702651387896424,0.7688262794670591,0.9238827228032656,-0.105782409682733,-0.1386088448482128,0.0328264351654797
SNA,l2,0,96,-0.2041120911921368,-0.741753583520341,-0.1222894538909963,0.4452104281534026,0.8152955017588998,0.9549602801584368,-0.1350722049346836,-0.1668273552979985,0.0317551503633148
SNA,l2,0,97,-0.1840343075222953,-0.7848498923690751,-0.0840805998501937,0.4143134483008823,0.7930272436609106,0.8345314329482414,-0.11180721007341,-0.1446048531119124,0.0327976430385024
SNA,l2,0,98,-0.2338251888834733,-0.6595169910543782,-0.1729335380769852,0.3987416571292196,0.8227988767019557,0.9596931080396596,-0.1194327009709482,-0.1527813863947918,0.0333486854238435
SNA,l2,0,99,-0.3249478845990785,-0.9921198923194554,-0.1624351133907478,0.3084681650424817,0.784461890697695,0.8761727058663257,-0.1736153519383374,-0.2050724146279249,0.0314570626895874
SNA,l2,0,100,-0.2304302313720271,-0.7289732231555089,-0.1931086083648145,0.5148527792608543,0.7831403876142718,0.8997420425143128,-0.175371903503546,-0.2061059624620243,0.0307340589584782
SNA,l2,1,20,-0.3129516255581775,-0.8622447363317814,-0.2176332536422347,0.4690980457466865,0.8016227399315926,0.8385311859050704,-0.1792775773491252,-0.2083495752107358,0.0290719978616107
SNA,l2,1,21,-0.2483447201180323,-0.7575880858345592,-0.1520403171099708,0.3324238338410709,0.7872616716030286,0.6967995368905323,-0.1419663457008108,-0.1716697764167009,0.0297034307158901
SNA,l2,1,22,-0.2355491924751592,-0.8351487265186607,-0.1288193963229567,0.3519998360286397,0.8100251711819583,0.7951606271752089,-0.1371491759091833,-0.1685649694268459,0.0314157935176626
SNA,l2,1,23,-0.2349024922747115,-0.6915411214953605,-0.1551652760131853,0.4020589021668219,0.7989753253776736,0.912390969545486,-0.1341503846789225,-0.1663317843938226,0.0321813997149001
SNA,l2,1,24,-0.3030554825486692,-0.840387061122482,-0.2171608582632777,0.3459909898749503,0.789251461240672,0.9455099446869748,-0.1437921149611206,-0.1754645863294858,0.0316724713683652
SNA,l2,1,25,-0.2619536327427259,-0.7606621842435455,-0.2671754989281226,0.4396684536722567,0.7602950046840704,0.8076504985421145,-0.1570795696729694,-0.1886173294810945,0.0315377598081249
SNA,l2,1,26,-0.3118788009221586,-0.8866151414709406,-0.2688304730591483,0.3581507006083725,0.7304283730686708,0.8190273637192418,-0.176657719748434,-0.2078776584031194,0.0312199386546853
SNA,l2,1,27,-0.1399983693660123,-0.5941810593409157,-0.0432984328481391,0.3688247470683561,0.7593764351777387,0.8247863480773288,-0.1372793766372352,-0.1705474589090599,0.0332680822718248
SNA,l2,1,28,-0.1535616119366587,-0.558830907645446,-0.1317619628199355,0.5380964848795481,0.7664319025962633,1.0017253195547384,-0.1180839798248061,-0.1515125715666371,0.033428591741831
SNA,l2,1,29,-0.3017882585018757,-0.7702078343743828,-0.2223378822443119,0.4007769391320068,0.7709622312768609,0.9422550939350388,-0.1592480290144497,-0.1928798831765355,0.0336318541620858
SNA,l2,1,30,-0.2201073146016872,-0.8163778986628235,-0.1110148178732138,0.3995473258277633,0.7735219460466598,0.9710944559412495,-0.1382079921177395,-0.1714332401511531,0.0332252480334136
SNA,l2,1,31,-0.2418651018973046,-0.8087009370732083,-0.1528794678687307,0.4521958266197902,0.7910892145041377,1.0179025201395755,-0.1265855832097399,-0.1597437093298462,0.0331581261201063
SNA,l2,1,32,-0.3250071852401401,-0.9043274785111476,-0.1930046680847437,0.3601121623832428,0.8173521054306372,1.0954200843740336,-0.1857228068673568,-0.2176418776109632,0.0319190707436064
SNA,l2,1,33,-0.3066367787282331,-0.6903795425061602,-0.2234253710981471,0.3427152506966996,0.7971560307288716,1.106145134450176,-0.2015847203529994,-0.2337222336112028,0.0321375132582033
SNA,l2,1,34,-0.2623171556458135,-0.7212865658570105,-0.1746853421615693,0.3962689776424887,0.8046384558912795,1.0768237260432805,-0.1819156792668684,-0.2144998459030932,0.0325841666362248
SNA,l2,1,35,-0.1965438244670185,-0.681846688999635,-0.0679447192586757,0.446777017735716,0.7724344961377381,1.228476534862624,-0.1467491019626532,-0.1790130915252875,0.0322639895626343
SNA,l2,1,36,-0.2058111522120194,-0.640483657728528,-0.2049413246319292,0.4723307935237026,0.7606927653627921,1.063526864288756,-0.1348591405918533,-0.1691601761031606,0.0343010355113074
SNA,l2,1,37,-0.2068371101195648,-0.5665322917827853,-0.081813233459992,0.4515795807615562,0.7860498028599393,1.0472876066003096,-0.1007633698795288,-0.1374101302510425,0.0366467603715136
SNA,l2,1,38,-0.2679446326803675,-0.9759185755733124,-0.1181759039787224,0.4240462481321985,0.799743989584798,1.09517274632548,-0.1626189854357917,-0.1981314405881394,0.0355124551523476
SNA,l2,1,39,-0.2300774876683201,-0.6528143822266846,-0.1164748824319542,0.3573359823999636,0.7863832901810436,1.0278753019786937,-0.1915721369708803,-0.226807564770515,0.0352354277996346
SNA,l2,1,40,-0.1948317743976158,-0.6324639385418044,-0.077927644196564,0.3618004920652483,0.79944716523516,0.9147016089453276,-0.1775206755809831,-0.213319840939168,0.0357991653581848
SNA,l2,1,41,-0.2627667203510819,-0.706782410631353,-0.1978769005761732,0.3134447956519723,0.7857440374296079,1.0464967404573833,-0.1615316185416541,-0.197552493283316,0.0360208747416618
SNA,l2,1,42,-0.2753264717400537,-0.6773486823086576,-0.2249459657446395,0.3473712479518348,0.8225358165165387,1.0249184943648992,-0.1699508261898964,-0.204767491479005,0.0348166652891086
SNA,l2,1,43,-0.2406626695232355,-0.8494174833243743,-0.1915338752665013,0.507619338414331,0.800988868247109,1.1263600436921155,-0.1819836256095487,-0.2167622228794545,0.0347785972699057
SNA,l2,1,44,-0.3037809646968886,-0.754729795965189,-0.1847702528365687,0.2952508237180146,0.7776125505026262,0.9689199413794032,-0.1854238378652776,-0.2189525159405134,0.0335286780752358
SNA,l2,1,45,-0.3471697107534142,-0.9359031507471158,-0.2596161810226051,0.3422760187387768,0.8277905095195685,1.0308778510270118,-0.2121310966297011,-0.2442265449252869,0.0320954482955858
SNA,l2,1,46,-0.306864312379439,-0.7337026115662291,-0.2105912351029743,0.4341597190644121,0.782166873150951,1.1201279140061149,-0.2259950260274533,-0.2564276198118065,0.0304325937843532
SNA,l2,1,47,-0.2331538220352672,-0.8884034105782875,-0.0437262096152548,0.3815217384382789,0.8142078299287182,1.110446561344049,-0.2037666072470929,-0.2344078632498021,0.0306412560027092
SNA,l2,1,48,-0.192856930672335,-0.4953902914651163,-0.1029626490592807,0.4492535528493893,0.7943811815003053,1.0679648227124323,-0.1676881160792248,-0.1994957823924772,0.0318076663132524
SNA,l2,1,49,-0.2694468369913922,-0.919694596968334,-0.1879587530460616,0.5274405620925458,0.7963955715427191,1.2778210398308956,-0.1514409866070682,-0.1834436401390312,0.032002653531963
SNA,l2,1,50,-0.2027509263612303,-0.8679030410725899,-0.0869113940751794,0.5324339369557146,0.7885765015093616,1.075818605976782,-0.1419778370186503,-0.1745147588900107,0.0325369218713603
SNA,l2,1,51,-0.1516441557262821,-0.6649116243322257,-0.0535076199470304,0.3980348026959069,0.8011674947799926,1.0235013007460558,-0.1228917322212702,-0.1566791863388254,0.0337874541175551
SNA,l2,1,52,-0.2145508943103579,-0.7239789376048072,-0.1294585387803131,0.455101324825017,0.7616220621684966,1.0759174535478622,-0.1473013831650259,-0.1826578396819186,0.0353564565168926
SNA,l2,1,53,-0.2760610713320984,-0.8557258624652606,-0.1514028717187461,0.4031665291249784,0.8012671245670837,1.0958377089577802,-0.1415806275281361,-0.1762405325962469,0.0346599050681106
SNA,l2,1,54,-0.2163552482634324,-0.582538653449288,-0.1591139542243559,0.3787257090645761,0.7811955233223632,1.0058412552294227,-0.1595495548840365,-0.1919269297544481,0.0323773748704115
SNA,l2,1,55,-0.3329080936161318,-0.7634410602556997,-0.2657435748021651,0.2057415786146481,0.8040430438326552,1.020893382928613,-0.1859960029764009,-0.2184027352557426,0.0324067322793416
SNA,l2,1,56,-0.3060211720384003,-0.6585791635807945,-0.2653932982987054,0.2497578415676602,0.749494328605443,0.8008152728283422,-0.1716565555916512,-0.2046085698381993,0.032952014246548
SNA,l2,1,57,-0.3605180233884466,-0.733236051192472,-0.2673539705178271,0.3212735022288031,0.7543034482051785,1.0095593313621951,-0.189104268276855,-0.2214392895583971,0.0323350212815421
SNA,l2,1,58,-0.2369523217297575,-0.693245906315175,-0.125255597887998,0.439477899557855,0.7567207364918499,1.1038806106843726,-0.1578126993638323,-0.1896625227576913,0.0318498233938589
SNA,l2,1,59,-0.3133086102609964,-0.7548894491930938,-0.2958318051050792,0.439700284632413,0.7869790729730731,1.1655090039976197,-0.2156120641717211,-0.2450403525719525,0.0294282884002313
SNA,l2,1,60,-0.2200695821145992,-0.6261388723188639,-0.1569430189834116,0.3455001456947851,0.788083903674502,0.9684250838119924,-0.1804311763665431,-0.2106745430668491,0.030243366700306
SNA,l2,1,61,-0.2567978273302893,-0.7041451608041418,-0.1554252634838812,0.3064038155288664,0.7785979304263845,1.041670172668652,-0.1839538299029959,-0.214185240929612,0.0302314110266161
SNA,l2,1,62,-0.1919857448805331,-0.6598013220405968,-0.0757359547533932,0.3213761639475295,0.7579716607127592,0.9848755250072112,-0.150686477330121,-0.1833639111987147,0.0326774338685936
SNA,l2,1,63,-0.2719636239094436,-0.7728794462615816,-0.2163292179830533,0.343196547697744,0.776754038464087,0.8838197779058841,-0.1736058692372531,-0.205098052662615,0.0314921834253618
SNA,l2,1,64,-0.2950446440480417,-0.8676808745031553,-0.1670667057051508,0.3387666071970638,0.7906895728171961,1.0004269894554605,-0.1804892232395888,-0.2118768275891727,0.0313876043495838
SNA,l2,1,65,-0.2006577793372667,-0.6302585698983827,-0.1006432126742599,0.389525316106305,0.7598777078521928,0.9051223347875706,-0.1542264902896649,-0.1857744062908103,0.0315479160011454
SNA,l2,1,66,-0.222362519591296,-0.702971831085857,-0.0869478737136094,0.392584172954796,0.732416584931407,1.0313298554608172,-0.1596033772110692,-0.1915444295603535,0.0319410523492842
SNA,l2,1,67,-0.2476016979199138,-0.8201254538201797,-0.1680791165002117,0.329347174441879,0.7697786765254274,0.9988469838207172,-0.1632053878466715,-0.196160595150711,0.0329552073040395
SNA,l2,1,68,-0.2432452095270924,-0.8203868977229525,-0.1068236528700737,0.4050576249183468,0.8032048979020164,1.0272029074688682,-0.1813196150464428,-0.2136001790400697,0.0322805639936268
SNA,l2,1,69,-0.2878861599701176,-0.9720183629443814,-0.0495197613124419,0.4675997920077596,0.8163846399859209,1.177223372097627,-0.1908609319868525,-0.2221729295625379,0.0313119975756853
SNA,l2,1,70,-0.3061413558414932,-0.7133486907162374,-0.2106482818556109,0.2360965285728381,0.8365556203765603,0.9552833640698204,-0.2066401091094612,-0.2355000517533644,0.0288599426439031
SNA,l2,1,71,-0.2130933677187508,-0.6044644120142912,-0.1091224609040223,0.4567468256345469,0.7959580167360178,1.0704714841906735,-0.1746277829021162,-0.2033504203404479,0.0287226374383317
SNA,l2,1,72,-0.1571143331468985,-0.8044353340305989,-0.0579331538482832,0.4996977888922722,0.8004467048023841,1.0768436048778742,-0.1472546148355763,-0.1778999019504704,0.030645287114894
SNA,l2,1,73,-0.2061151287045677,-0.7438857383915383,-0.1595060732349737,0.4663718095293294,0.787363267109028,1.0022344370085647,-0.1260931467362984,-0.1551557624193679,0.0290626156830694
SNA,l2,1,74,-0.2761623715762369,-0.8771298013765695,-0.1124591861181971,0.3909060444347332,0.8151670531337261,1.0626792215939458,-0.1530325028485492,-0.1825968258931641,0.0295643230446148
SNA,l2,1,75,-0.2628296983957838,-0.6715615776032723,-0.1697446066705397,0.3560747637966852,0.8047000197057063,1.2822391303701155,-0.1523011064001065,-0.1812929375581614,0.0289918311580549
SNA,l2,1,76,-0.2481299183808588,-0.696920366222025,-0.1785973290967924,0.4761252833223967,0.844113653674672,1.2734634186439222,-0.1402720219774485,-0.1700995990580261,0.0298275770805776
SNA,l2,1,77,-0.1482503796049446,-0.579755945433922,-0.0756601959292836,0.4943949671479927,0.8247269136762025,1.154218469409375,-0.1257125600235475,-0.1555664951802635,0.029853935156716
SNA,l2,1,78,-0.2406639286558272,-0.7964005775126659,-0.1209509349443473,0.4618926816461703,0.7985503772353398,1.0262412414673718,-0.1504584329830873,-0.181101286963622,0.0306428539805347
SNA,l2,1,79,-0.1733625223116724,-0.6443028931540593,-0.1074928772003757,0.4791698857691454,0.7995547932351929,0.9278104111087854,-0.1056627664700342,-0.1371154118016991,0.0314526453316648
SNA,l2,1,80,-0.2537293525344652,-0.7271290003978403,-0.1080598748940592,0.3140878461458432,0.7831297368946919,0.9654629055973544,-0.1298524728685212,-0.1622321828920455,0.0323797100235242
SNA,l2,1,81,-0.2330670151972712,-0.8815932679631969,-0.0817630129784869,0.4838878156757771,0.7838818804154707,1.0816630192406786,-0.1257209441484238,-0.1571969928324042,0.0314760486839804
SNA,l2,1,82,-0.2500971749104402,-0.8350000988375841,-0.1366411336010575,0.3444835327190449,0.8144215103098205,1.0826690457799322,-0.1649874911667447,-0.1938233754609845,0.0288358842942398
SNA,l2,1,83,-0.2110859184863628,-0.6548049600131383,-0.1303583521864054,0.4132477953406101,0.7850378761195513,1.221725984117067,-0.1650611452014269,-0.1947997808562209,0.029738635654794
SNA,l2,1,84,-0.2806758347308749,-0.7402713520533701,-0.1841353536811421,0.4099909301748967,0.8107058400337616,1.2103428600286836,-0.1738134698053301,-0.2027634275432621,0.0289499577379319
SNA,l2,1,85,-0.2298047785335738,-0.6856407680845931,-0.1379707092382723,0.5070178949072432,0.8032190060705635,1.1158626366476017,-0.1905029479098114,-0.2188596195853855,0.028356671675574
SNA,l2,1,86,-0.2072778487448788,-0.7149195259663552,-0.0651883149945355,0.4368096207897057,0.7848243377294011,1.1827858378535965,-0.1587792642185974,-0.1874942653863269,0.0287150011677294
SNA,l2,1,87,-0.2982474545141445,-0.8126976435112913,-0.1581901115306804,0.379131919440521,0.8030990108819993,1.161237412651779,-0.1784409302452475,-0.2062874588073971,0.0278465285621496
SNA,l2,1,88,-0.4015318838011305,-1.1305343268463464,-0.2337996011544985,0.2952003979339335,0.7975760195920688,1.1925137968355315,-0.2168804947570899,-0.2435251321549296,0.0266446373978396
SNA,l2,1,89,-0.337285253160359,-1.0019152370324198,-0.2053079377613416,0.3511342764986698,0.8697267125888373,1.2634974878506662,-0.2365551825324836,-0.2620911195155531,0.0255359369830694
SNA,l2,1,90,-0.2174553854306674,-0.6047270825149065,-0.1421727314954469,0.4284566772937646,0.7893945901435306,1.1123618059271128,-0.2242014219269808,-0.2487424071151949,0.0245409851882141
SNA,l2,1,91,-0.19730456651679,-0.6820305071350077,-0.0966120712493031,0.3490138686099178,0.7776457267369357,1.138090372224477,-0.2045723908932322,-0.2288304233585276,0.0242580324652954
SNA,l2,1,92,-0.2234659383332196,-0.5791926887495543,-0.1599676885592935,0.3628945730973422,0.7947253720034715,1.0990207216997052,-0.1775330183465902,-0.2028698950275847,0.0253368766809944
SNA,l2,1,93,-0.2482383409443432,-0.7099635532321753,-0.1314433371062521,0.3508531280196341,0.7775203150210025,1.075113647229594,-0.1905566442265504,-0.2173169318618116,0.0267602876352611
SNA,l2,1,94,-0.2470939237379674,-0.67141153703819,-0.1217001989564441,0.4243520557342552,0.8062489630454239,1.1935838692560912,-0.1812514524221007,-0.2079880014551856,0.0267365490330848
SNA,l2,1,95,-0.2408864475071873,-0.6204764601175803,-0.1709325312755465,0.4277779744964384,0.8150929104434471,1.374621827976083,-0.1738574130980633,-0.1998186196915558,0.0259612065934925
SNA,l2,1,96,-0.2332312862907934,-0.7258021718368385,-0.0652736701356684,0.444784161076516,0.796106683168067,1.3842693915006794,-0.1872833386109988,-0.2130501915124324,0.0257668529014335
SNA,l2,1,97,-0.2116154615058977,-0.6822665888586366,-0.0674088026215961,0.3427982313747507,0.8320934890136836,1.1286667526672918,-0.1943651988637831,-0.2193112836616311,0.024946084797848
SNA,l2,1,98,-0.2466030730200274,-0.7806360255430296,-0.1784760984588351,0.5308601803922658,0.8362816493806617,1.304199056682846,-0.196508048680347,-0.2211140868889322,0.0246060382085852
SNA,l2,1,99,-0.18759492584411,-0.5864180895570575,-0.0717265845539848,0.3219006335515596,0.8050439714590916,1.1124477430594784,-0.1705562223566024,-0.1950357377858684,0.024479515429266
SNA,l2,1,100,-0.2173893467985254,-0.6225116292638514,-0.1408725061569154,0.3902763293077355,0.785320963098429,1.1501537566037563,-0.1687458069260481,-0.192545644642554,0.0237998377165058
SNA,l2,2,20,-0.2557562451145986,-0.7135153396366192,-0.1223227844444529,0.2998916317140744,0.80546407564617,0.878734189944409,-0.1516907612208273,-0.1840627600296397,0.0323719988088123
SNA,l2,2,21,-0.284735463228434,-0.9349050160665828,-0.2551262699174069,0.4649627706706952,0.785641351544561,0.7419478175537045,-0.1498238847230481,-0.1819722452022346,0.0321483604791865
SNA,l2,2,22,-0.2450965774137861,-0.7321153343493161,-0.1105755762411691,0.3466645734924187,0.8177337935980629,0.8584255164198327,-0.1658444124505429,-0.1973420968627131,0.0314976844121702
SNA,l2,2,23,-0.2808519068052982,-0.7487998910867956,-0.2200196850725653,0.4096238132237434,0.8411131617325515,0.8182219680714359,-0.1982325682913603,-0.2294560034453122,0.0312234351539518
SNA,l2,2,24,-0.3070906046093322,-0.7576384859586718,-0.2304978762001198,0.2082747409960978,0.8024131837992026,0.8388104084382306,-0.1974499583817891,-0.2284763681431872,0.0310264097613981
SNA,l2,2,25,-0.2292186119305343,-0.6498830767569175,-0.159942788583665,0.295537398335992,0.7948696903540556,0.8685312573346385,-0.1842311807519994,-0.2161073795530367,0.0318761988010373
SNA,l2,2,26,-0.2885545462422791,-0.9677538935932344,-0.1531248179923246,0.5074190936427315,0.8831530478520588,1.1455982547574342,-0.1665577984016724,-0.1982768283074708,0.0317190299057983
SNA,l2,2,27,-0.2956575563603626,-0.8825692818729707,-0.2648758093825378,0.4497306549737035,0.8137894841585651,1.0056091666921518,-0.1951259448042403,-0.2251559510807421,0.0300300062765018
SNA,l2,2,28,-0.263171991786414,-0.8767850559837168,-0.149712853856063,0.349163582894104,0.8442366699141982,0.9792260680081354,-0.189271426397816,-0.2196503015703529,0.0303788751725369
SNA,l2,2,29,-0.2310600372456444,-0.7030928609286548,-0.1168710765066748,0.3449065356648814,0.7789930351403048,0.9942562233494256,-0.1765910252922864,-0.2083074673858888,0.0317164420936023
SNA,l2,2,30,-0.2230057542530496,-0.8676703677206564,-0.1015291238397636,0.4467458222044653,0.7893740191141465,1.183386344588163,-0.1496439348924892,-0.181607912084552,0.0319639771920628
SNA,l2,2,31,-0.2684273520599059,-1.017331839993359,-0.0734818123853102,0.544802131500338,0.8533631204335477,1.3596123340332944,-0.1652174591574246,-0.1960452517801557,0.030827792622731
SNA,l2,2,32,-0.2514100964220135,-0.7791941591714318,-0.2132890863518472,0.4025707782171853,0.785515896995254,1.073011456400082,-0.1598998176874328,-0.1919385073156762,0.0320386896282434
SNA,l2,2,33,-0.2666253887373127,-0.7965091320991948,-0.2054356155300558,0.3888463763328331,0.7923392156024524,1.11947402073929,-0.1728483855743242,-0.204714120648131,0.0318657350738067
SNA,l2,2,34,-0.2764736983569644,-0.82831709182739,-0.1768744787666221,0.4339948555634513,0.8392667516788369,1.1319090733781956,-0.1660439242766396,-0.1990346033903578,0.0329906791137182
SNA,l2,2,35,-0.2774121395371725,-0.8077904892704217,-0.1319375551760191,0.3712097304528312,0.8089610834137205,1.155621831471499,-0.1596262940095284,-0.19183081478465,0.0322045207751216
SNA,l2,2,36,-0.293967116064851,-0.7779823936880197,-0.2540062922772791,0.4056783490790067,0.8289552673149925,1.0862687700430025,-0.1779920022997327,-0.2103547819737365,0.0323627796740038
SNA,l2,2,37,-0.2013978050369068,-0.6514468072427346,-0.1134657117814223,0.3952138888899106,0.7541088338563101,1.0758199086577025,-0.1468583633021683,-0.1814909684470388,0.0346326051448704
SNA,l2,2,38,-0.2600363010565584,-0.7855470101796193,-0.0871463533643456,0.3174079571694979,0.862148162431243,1.2808792696015572,-0.1678137163090884,-0.2005859313492561,0.0327722150401677
SNA,l2,2,39,-0.2293874141865631,-0.5820841849443279,-0.2113680152052005,0.4015905586256427,0.8311531207603435,1.1008069796457185,-0.168579290706534,-0.2014970750314976,0.0329177843249635
SNA,l2,2,40,-0.2495585019377341,-0.726012781949056,-0.1210921494826718,0.3735413786781644,0.7890370708252122,0.9810988784316328,-0.1677227406723889,-0.2022551471875979,0.034532406515209
SNA,l2,2,41,-0.325728325657547,-0.9097205071295916,-0.248196153601584,0.3087831467605555,0.8126731472780747,1.0514730289535088,-0.1995624989378913,-0.2331688654632372,0.0336063665253459
SNA,l2,2,42,-0.3069488004655066,-0.7801120148753581,-0.2398290984499384,0.3669540256533266,0.8086219672726425,1.052481187715425,-0.1987972581195958,-0.2322274570631292,0.0334301989435334
SNA,l2,2,43,-0.2400901624232333,-0.6578297675322494,-0.1479357200061725,0.4367529064070695,0.828588416632366,1.2198981183545174,-0.1612265628035764,-0.195984903411381,0.0347583406078047
SNA,l2,2,44,-0.1924022966000854,-0.6080704208419111,-0.1321456690227033,0.3793736614519448,0.797578216727517,0.9658276870953733,-0.1314829898690683,-0.1670265428638546,0.0355435529947862
SNA,l2,2,45,-0.2772842256273082,-0.8786955459460536,-0.1681260443638528,0.4142848815671723,0.7972992635115586,1.112689264940783,-0.1613433467202723,-0.1945592567541773,0.0332159100339049
SNA,l2,2,46,-0.2645948006174993,-0.8620083586900559,-0.1541464906524531,0.4121182783258045,0.8614196149544892,1.1896887926282906,-0.1673449452793664,-0.1999538354872874,0.0326088902079209
SNA,l2,2,47,-0.2014973496440646,-0.6103111325914887,-0.0921892023700092,0.3292092679821716,0.831387138651746,1.0264496607803943,-0.1347076652647248,-0.1694957912230185,0.0347881259582936
SNA,l2,2,48,-0.2461273598261681,-0.7770262208867345,-0.1122623127305498,0.3911241667657613,0.7859464155659056,0.968899911255044,-0.1154553631954779,-0.1497931928379414,0.0343378296424634
SNA,l2,2,49,-0.329503629722479,-0.7211113234692687,-0.2034609402538312,0.2838007388776459,0.7980698027021069,0.9978861740797896,-0.1741472279330145,-0.2055013567538361,0.0313541288208216
SNA,l2,2,50,-0.2443006114849999,-0.8199754260068124,-0.0680115589984362,0.4491689280609759,0.7921770805709123,1.1842893060892563,-0.1580229264074817,-0.1913398295386807,0.033316903131199
SNA,l2,2,51,-0.2671485359527086,-0.9470521936438394,-0.1280345013516822,0.3616312010953674,0.8177455116255017,1.0623635787767374,-0.1757064082545203,-0.2075880875431558,0.0318816792886354
SNA,l2,2,52,-0.2583033231407418,-0.7387322024777238,-0.1556305944079518,0.3902991396274104,0.7976674875743838,1.0118292399731106,-0.1587644614456033,-0.1902306401772469,0.0314661787316436
SNA,l2,2,53,-0.322725365105676,-0.7901472762956999,-0.2651694706051247,0.354209793031687,0.8256492969875505,0.9510334634024794,-0.2051804702648127,-0.2361243833075327,0.0309439130427199
SNA,l2,2,54,-0.2310461947125918,-0.7500445651484848,-0.1659473918261247,0.3466476600977002,0.8373122236966346,0.9939202051346776,-0.1489293449372829,-0.1828118352848881,0.0338824903476051
SNA,l2,2,55,-0.2586867305134458,-0.6106186585373771,-0.1675709157033317,0.3127991297774415,0.8292105846389137,1.0372362574433684,-0.1603679590278225,-0.1926410011713196,0.0322730421434971
SNA,l2,2,56,-0.2653939947101517,-0.7079379790151142,-0.2102457387217936,0.3829902737568622,0.8169289930980986,1.066466790709609,-0.1652194445358945,-0.1975668051463326,0.032347360610438
SNA,l2,2,57,-0.213433117425721,-0.6857156735029614,-0.0638941538429875,0.3655683731193619,0.8251666439429343,1.0748260916279986,-0.1440008030735405,-0.1780329827787861,0.0340321797052456
SNA,l2,2,58,-0.277332520616685,-0.907653293188244,-0.1346695659845524,0.4184030421058705,0.7864584763997121,0.9797098051197344,-0.1843139707666622,-0.2167840591244665,0.0324700883578043
SNA,l2,2,59,-0.2910345163870789,-0.8166057937125243,-0.1449176969350986,0.3205498371926083,0.7956595321706117,1.0671133347324182,-0.2183759594852738,-0.2481931956791952,0.0298172361939214
SNA,l2,2,60,-0.2564624990397844,-0.582994431337543,-0.1341975066244312,0.2967595753514046,0.801729979827256,1.223151900780025,-0.2195565999264746,-0.2488604043540928,0.0293038044276181
SNA,l2,2,61,-0.3047978543999975,-0.6816013765729633,-0.2167615352707235,0.3175372155266997,0.7860106292811203,1.0261861547970308,-0.1908255956185777,-0.2190590844452409,0.0282334888266632
SNA,l2,2,62,-0.3249481102123551,-0.8647293774779036,-0.2139997471897811,0.2718585778814935,0.8086984039865573,1.1613083988669022,-0.1929675558770694,-0.22127027720587,0.0283027213288005
SNA,l2,2,63,-0.249255850596735,-0.6404094856898789,-0.1297283733587597,0.2984604952768842,0.7985519803737098,1.0896991713502455,-0.1740641599181316,-0.203997323057635,0.0299331631395034
SNA,l2,2,64,-0.289145677282317,-0.7867982444709648,-0.1455146612602838,0.330058562685724,0.8320902806757029,1.2830492985256348,-0.1982341501951342,-0.22712527154676,0.0288911213516257
SNA,l2,2,65,-0.2000957739477996,-0.651313853632015,-0.0428899227125209,0.4129598636629933,0.8565538115306756,1.2613849198175169,-0.1496322386145564,-0.178851103690229,0.0292188650756725
SNA,l2,2,66,-0.2975923261040178,-0.9029385395243974,-0.13221338290296,0.3470646163564784,0.8569718833812472,1.313324193700715,-0.1935966989654953,-0.2223925687757692,0.0287958698102738
SNA,l2,2,67,-0.2654251629038273,-0.6398926981968635,-0.1713978368974155,0.29407332605191,0.8232235145316713,1.2529587101960131,-0.1957109986589084,-0.2238060068151416,0.0280950081562332
SNA,l2,2,68,-0.3191109754106084,-0.6777194259774811,-0.2317028895266799,0.2729256923155424,0.8357253237217134,1.0412979139574552,-0.2204426802275326,-0.2482714480142191,0.0278287677866865
SNA,l2,2,69,-0.2712655713285613,-0.6464529582530197,-0.1884495059263448,0.291538666061987,0.8372604634448128,1.0055492334349576,-0.2183922977897451,-0.2443758662042669,0.0259835684145218
SNA,l2,2,70,-0.2623607262257943,-0.7262462484421346,-0.1550385591143845,0.3705209936094112,0.7894823463245512,1.0637664776082918,-0.1634482858697681,-0.1907667309251935,0.0273184450554254
SNA,l2,2,71,-0.2271818706521262,-0.568604198582721,-0.1415082510448979,0.3301678545701409,0.7840266809871455,0.9861501656628436,-0.1682989424782518,-0.1974998196128236,0.0292008771345717
SNA,l2,2,72,-0.2323901314147384,-0.6227213413564601,-0.1046547666529547,0.3228226061289459,0.8111330246503003,1.2034658777859542,-0.1541687698722377,-0.1837111493737462,0.0295423795015085
SNA,l2,2,73,-0.3230508624727645,-0.7771896190395162,-0.2489546843054806,0.3723576644539729,0.841537377408575,1.1310417724255857,-0.17634604769421,-0.2047450512576005,0.0283990035633905
SNA,l2,2,74,-0.3232076622582351,-0.6993994573751208,-0.2301603915165745,0.3296565369414946,0.8451236213959643,1.2792489972586214,-0.215464097851342,-0.2433685172800109,0.0279044194286689
SNA,l2,2,75,-0.2532712124506736,-0.7470160003600963,-0.126957209040224,0.4306404686463922,0.8468606263285513,1.237394173627274,-0.1825323176855159,-0.2116780431224902,0.0291457254369743
SNA,l2,2,76,-0.3354525267233782,-0.7698633233410338,-0.2422650237271296,0.3963185543679009,0.8593027522432141,1.3479804808843157,-0.2042063711098224,-0.2336531676378861,0.0294467965280637
SNA,l2,2,77,-0.2887483934378299,-0.6923559433565845,-0.2344178734016264,0.3232084641407199,0.8264034319181293,1.210419917808648,-0.2022943003343495,-0.2320331835381764,0.0297388832038268
SNA,l2,2,78,-0.2479938195671518,-0.6341757676014113,-0.1684317551291882,0.3905550394709732,0.8225458777013249,1.2994125153902774,-0.185925652563538,-0.2150881948503327,0.0291625422867946
SNA,l2,2,79,-0.4097435193212829,-1.0278369287330544,-0.3203968012072049,0.306529809443926,0.8645561067307335,1.31365220070651,-0.2368927481967534,-0.2632809647823728,0.0263882165856193
SNA,l2,2,80,-0.1572764068351614,-0.5010186476480746,-0.0591910568246919,0.4608620473364549,0.8068863838054134,1.2485601867305192,-0.1754556884343489,-0.2044360901369234,0.0289804017025744
SNA,l2,2,81,-0.1757635025373285,-0.5660091454303705,-0.0406268927488896,0.3925698292587574,0.8155678857103745,1.3068410928296432,-0.1501149028243894,-0.1803455570591545,0.0302306542347651
SNA,l2,2,82,-0.2742366853177345,-0.6938823433993137,-0.1389038195802089,0.3601019449957863,0.8018810616706802,1.2322786012957252,-0.1787577393147613,-0.2087280338766969,0.0299702945619355
SNA,l2,2,83,-0.2216006351218656,-0.6469943956794382,-0.0923055145704451,0.3990646606142073,0.8122650926611125,1.2973406872170057,-0.1612893773672289,-0.1908685541332119,0.0295791767659829
SNA,l2,2,84,-0.2425834694670938,-0.8870891298694946,-0.0955360519506715,0.520355606888936,0.8199793246460118,1.3560026340085762,-0.1406601043204619,-0.1694949308546101,0.0288348265341483
SNA,l2,2,85,-0.3207993890656144,-0.8354282279024988,-0.2110975332007786,0.3891229807566203,0.8458468524383902,1.2230943576830464,-0.1569543731786295,-0.1843410666709284,0.0273866934922989
SNA,l2,2,86,-0.3041622219742265,-0.8157155335624289,-0.2003561950264771,0.3009827866649363,0.835197890294877,1.2279581969216884,-0.1814013349777218,-0.2094387259759372,0.0280373909982154
SNA,l2,2,87,-0.2442044912565291,-0.7145389238252281,-0.1231160297802533,0.3284526112870022,0.8047502884574703,1.208157373212584,-0.143993494860347,-0.1730183562258164,0.0290248613654694
SNA,l2,2,88,-0.2746257552263062,-0.8649693767049265,-0.1166847235625016,0.3475531882875207,0.8336944991185763,1.2245216789217512,-0.1440555665249687,-0.1722260366802787,0.0281704701553098
SNA,l2,2,89,-0.2583330153549895,-0.649808670889223,-0.2030896305457844,0.4967161669038316,0.830763937054,1.235228638920951,-0.1514295094079001,-0.1803280035909859,0.0288984941830858
SNA,l2,2,90,-0.3177368280700561,-0.8310553881951683,-0.2066995957409301,0.3369864614735499,0.8308141909585562,1.086725428685814,-0.1819996626678947,-0.2105884914860688,0.028588828818174
SNA,l2,2,91,-0.1650129396390434,-0.6107791492201922,-0.1049634809614385,0.4378302365759312,0.7890627191761915,0.8253473691265881,-0.1290200411784233,-0.1593718941363975,0.0303518529579741
SNA,l2,2,92,-0.1999919958817012,-0.7794112112506981,-0.0784083171209556,0.4622375060903826,0.8137843343670021,0.8491438879593602,-0.1262381391334424,-0.1580235433720595,0.031785404238617
SNA,l2,2,93,-0.3614039172692969,-0.985237221765801,-0.2058585602822199,0.2811839880131951,0.850487436287382,1.254786345478656,-0.1739512689960673,-0.2047030824007076,0.0307518134046404
SNA,l2,2,94,-0.2899070931351825,-0.8451261752951049,-0.1671993754243197,0.4817983175323512,0.8799351741779337,1.1903216534854868,-0.1772771417833218,-0.2074734962330484,0.0301963544497266
SNA,l2,2,95,-0.3029867764127189,-0.8430508201561336,-0.2596479760372686,0.3953860189130944,0.8081318946751287,1.0944278285847262,-0.1872403842740344,-0.2160909804858851,0.0288505962118506
SNA,l2,2,96,-0.2657125289796491,-0.6595215010956714,-0.148647727838159,0.3589850320150514,0.8344973375425517,1.1548113146682029,-0.1703622983150202,-0.2002912450650259,0.0299289467500057
SNA,l2,2,97,-0.2757537803133051,-0.759375637554381,-0.158098747175184,0.2933598869603486,0.8199036348307976,0.9953763712006968,-0.1664785360857081,-0.1968756189355212,0.0303970828498131
SNA,l2,2,98,-0.332371202890954,-0.8146347127846875,-0.2704876981914897,0.2534066380220733,0.8524472931705988,1.0194409501859685,-0.1967210020905959,-0.2268509998077543,0.0301299977171584
SNA,l2,2,99,-0.2185223693775923,-0.6709284161823253,-0.1673539188213785,0.3990913379757301,0.7872474478377834,0.9480549976000872,-0.1591599844734163,-0.1901340161677661,0.0309740316943498
SNA,l2,2,100,-0.284253066350338,-0.7068270215804683,-0.2251212132167458,0.2946467982225634,0.7960325538620937,1.0107495705254432,-0.1901244575686719,-0.2192053814476089,0.029080923878937
