geometry,optimizer,seed,task,dimension,cov_trace,R,R_div_sqrt_d,R_div_sqrt_trace,raw_W_RMS,A_width,D_eff,D_div_sqrt_d,D_div_sqrt_trace,delta_W_RMS,A_displacement
rgb32,adam,300,1,3072,193.70729589827627,1.4539855600099385,0.026233092327173965,0.10446891980049892,0.01042166910626418,1.0024202336044763,105.05261898895924,1.8953799328859628,7.54803481536291,0.13444302954010523,5.61429985710883
rgb32,adam,300,2,3072,193.70729589827627,104.9780534609884,1.8940346070220182,7.542677279238952,0.13489060098437228,5.591699661945169,103.311519041053,1.8639666665231596,7.4229367154744725,0.15195216820636032,4.885048237938712
rgb32,adam,300,3,3072,193.70729589827627,136.36549157068126,2.4603329145783897,9.797865944662984,0.20257531839839069,4.836653360403071,101.4096471777969,1.829652721766438,7.286287147130775,0.18206428698237692,4.002040854852582
rgb32,adam,300,4,3072,193.70729589827627,145.73739872934345,2.629422699605696,10.47123784343845,0.25542129602230007,4.099594672217244,95.70046088139854,1.7266464641077095,6.876081886687562,0.19790662319497998,3.4744071601449957
rgb32,adam,300,5,3072,193.70729589827627,143.21520328336794,2.583916755240608,10.2900180012242,0.2885312530888698,3.5663443356878903,93.9367149989559,1.694824615357386,6.749356675510017,0.19620399682806966,3.439969004007787
rgb32,adam,300,6,3072,193.70729589827627,150.99042913709474,2.7241989033549614,10.848668285301436,0.3147502150856356,3.446754844107028,92.8139218330348,1.6745669610889853,6.668683942279875,0.1973968413418295,3.378313400026398
rgb32,adam,300,7,3072,193.70729589827627,143.71888543602762,2.5930042873163606,10.326207583747143,0.3366504838751775,3.067337811276062,87.28608747049209,1.5748326905499324,6.271508825432794,0.20491586108162532,3.0605287420550757
rgb32,adam,300,8,3072,193.70729589827627,143.99716033079713,2.598024977485232,10.346201645905483,0.35707886479415774,2.8974556228270947,90.21274560526966,1.6276360299855521,6.481789327780744,0.2062543040425884,3.142620154216201
rgb32,adam,300,9,3072,193.70729589827627,141.27388935122858,2.5488911889499133,10.150534518676496,0.37538223628952627,2.7040529725140092,90.43390744799186,1.631626275280244,6.49767981489818,0.2013515478677316,3.2270324632252265
rgb32,adam,300,10,3072,193.70729589827627,143.05596525438077,2.5810437515249527,10.278576742564564,0.3913839724142182,2.626212994661496,93.16417540073743,1.6808863045764146,6.693849674925745,0.20559662300198056,3.2558169376455472
rgb32,adam,300,11,3072,193.70729589827627,148.88396163579446,2.6861936040138703,10.697318512299432,0.4083533486383975,2.619623066143154,91.37719961189067,1.6486453373037266,6.565455394057378,0.2045845528316558,3.209164769864038
rgb32,adam,300,12,3072,193.70729589827627,145.24330958213022,2.620508246413595,10.435737518734976,0.423352019012609,2.46502604217512,90.41979231560732,1.631371607296436,6.496665642079956,0.20238467610203748,3.2100580771265967
rgb32,adam,300,13,3072,193.70729589827627,145.37252306539247,2.622839541393107,10.445021512600757,0.43754722190649004,2.387175826894635,90.1331046799724,1.6261991328087122,6.476067124158819,0.2050476224075908,3.1583234412178562
rgb32,adam,300,14,3072,193.70729589827627,149.544956745444,2.6981194072791577,10.744811036983121,0.45204699758748024,2.3769234381218918,88.87567694741193,1.6035123753124532,6.385720892008559,0.2036224558918631,3.136059264209934
rgb32,adam,300,15,3072,193.70729589827627,149.94029921002578,2.7052522534775445,10.77321640864709,0.4666295184503825,2.308730155868316,91.58726626509517,1.6524354010154572,6.580548691370613,0.20982420652893993,3.136219981588727
rgb32,adam,300,16,3072,193.70729589827627,151.0291763390465,2.7248979879636237,10.851452273289022,0.47928075403205245,2.2641118346603415,90.82472181157844,1.6386774245933653,6.525759842327154,0.20455053018954036,3.190292313728183
rgb32,adam,300,17,3072,193.70729589827627,151.96713170440597,2.7418207624223156,10.918844403262801,0.4908851498212798,2.224317522589165,87.63923393584417,1.581204228263507,6.29688241288881,0.2084754823326443,3.020442664256068
rgb32,adam,300,18,3072,193.70729589827627,152.7611814601163,2.7561471636788566,10.975896909510757,0.5041247399739314,2.17721846185893,91.53734651947896,1.6515347391851636,6.576961955680331,0.2050415075033009,3.207624658911782
rgb32,adam,300,19,3072,193.70729589827627,156.25625886754693,2.81920603499194,11.22701835900501,0.5178848868458773,2.1678598167600462,95.33148281658502,1.7199892895750484,6.8495707981861855,0.2052937214366093,3.336473590255998
rgb32,adam,300,20,3072,193.70729589827627,159.54620580974407,2.8785639022637244,11.46340117648632,0.5305073845564855,2.1608372494324364,97.25696188741752,1.7547291601958026,6.987916545324805,0.2117265396256289,3.3004443173164377
rgb32,adam,300,21,3072,193.70729589827627,160.7080033046396,2.8995252802769045,11.546876372290761,0.5418663141407255,2.1309455987500225,95.84522423985364,1.7292583129818608,6.886483139698901,0.20638551276442565,3.3367085932816076
rgb32,adam,300,22,3072,193.70729589827627,165.75829523141655,2.9906436366334943,11.909740046304115,0.553641529773021,2.151164500102947,98.92812305720535,1.7848805774219356,7.107989541248561,0.20989449503179977,3.38645829666551
rgb32,adam,300,23,3072,193.70729589827627,167.84693826225487,3.0283273433864797,12.059809130400815,0.5655762837598546,2.1323046027017365,96.9581435631762,1.7493378214476925,6.966446436949125,0.21276369267902098,3.2742646779771905
rgb32,adam,300,24,3072,193.70729589827627,166.9486570784778,3.0121203782845525,11.995267591937624,0.5763390746048227,2.0812865412886326,90.79979011637292,1.6382276020640447,6.523968499043868,0.21120729631727372,3.0888935244185984
rgb32,adam,300,25,3072,193.70729589827627,163.95297275173724,2.958071654770465,11.780027554976233,0.5856074138905191,2.0115912598706513,92.46113176493758,1.6682018535645053,6.64333596198067,0.20915293501598686,3.1763053965620314
rgb32,adam,300,26,3072,193.70729589827627,165.1852959383199,2.980305471129906,11.868570024508406,0.5951068118197568,1.9943596323853043,94.56645869343342,1.7061865744676066,6.794603784781716,0.2079286328907263,3.2677576389166734
rgb32,adam,300,27,3072,193.70729589827627,165.88308989502525,2.9928952064031162,11.918706547803605,0.6062436377181084,1.9659928461543004,95.16293794918954,1.7169483700575074,6.837460842820051,0.21301036950279592,3.2099192442038853
rgb32,adam,300,28,3072,193.70729589827627,174.06581564774316,3.140529547529259,12.506635715686347,0.6163643661185781,2.0290977874733724,98.3046650768742,1.7736320263977914,7.063194060786052,0.21445388309138255,3.2935724730040445
rgb32,adam,300,29,3072,193.70729589827627,171.74495604087411,3.0986561438174727,12.339881861448234,0.625408018269687,1.9730930050415598,98.88792841112324,1.7841553777427015,7.105101554343153,0.2081886402745282,3.4128190399697127
rgb32,adam,300,30,3072,193.70729589827627,168.97495340664244,3.0486792136134215,12.140857062989616,0.6342637401599722,1.9141654006466589,97.41344641484172,1.7575524846968142,6.999159964788603,0.21424767664989544,3.266854546211024
rgb32,adam,300,31,3072,193.70729589827627,173.56162204407744,3.1314327877542563,12.470409385388459,0.6458732432293269,1.930782783791626,98.86846012833416,1.7838041271705474,7.103702757457349,0.21497090746347217,3.3044949390021108
rgb32,adam,300,32,3072,193.70729589827627,173.3207212287792,3.1270864080492426,12.453100652313356,0.6546157963646383,1.9023526046072756,98.04017340345966,1.7688600158089072,7.0441903236253784,0.2160528032996995,3.2604021868922337
rgb32,adam,300,33,3072,193.70729589827627,170.99011824168122,3.0850372123625185,12.285646735821725,0.6645698350724651,1.8486615081591975,101.564945202008,1.8324546391440286,7.297445316291943,0.21731681746113427,3.357975421113943
rgb32,adam,300,34,3072,193.70729589827627,172.45132558054314,3.1114006014385747,12.39063454071741,0.6719691308117584,1.8439291289689395,96.94980533073569,1.7491873814244396,6.965847334619595,0.21035401634115308,3.3114876795707824
rgb32,adam,300,35,3072,193.70729589827627,172.8877298789962,3.1192742932881803,12.421990206763622,0.6811545001452516,1.8236670541139661,100.26095698158804,1.808927828204042,7.203753711253638,0.22228552626198556,3.240765978961356
rgb32,adam,300,36,3072,193.70729589827627,174.31788913125533,3.1450775067030503,12.52474720541303,0.6887884041336061,1.8183737023226034,100.04668865510531,1.8050619570798667,7.18835852354974,0.21140386999678795,3.4002965620539296
rgb32,adam,300,37,3072,193.70729589827627,174.7683263364099,3.153204383004582,12.5571111363589,0.6972352103681946,1.800986374415567,100.16383380806484,1.8071755128797242,7.196775407407556,0.21178187625649725,3.398201741631216
rgb32,adam,300,38,3072,193.70729589827627,183.01411673810335,3.3019765488826742,13.14957150175644,0.7069633345704472,1.860007564571387,96.1810939239572,1.735318139623418,6.910615389741188,0.21147512691250725,3.267814749958887
rgb32,adam,300,39,3072,193.70729589827627,175.64887826142564,3.1690914733465596,12.620378826881229,0.7144677024037581,1.7664029856662762,101.338103569669,1.8283619179723305,7.281146736066651,0.2158396138250088,3.3734061171782
rgb32,adam,300,40,3072,193.70729589827627,177.97646181376507,3.2110861917998257,12.787615796866438,0.7216041549697116,1.7721095019752455,104.44563208273324,1.8844285562077079,7.504422782224119,0.2120773186567479,3.538531526971162
rgb32,adam,300,41,3072,193.70729589827627,184.34078311933555,3.325912523642963,13.244892533543041,0.7308615139547624,1.81223012576947,100.81900808058396,1.8189962954611314,7.243849704713976,0.21299679812631567,3.4009195295124024
rgb32,adam,300,42,3072,193.70729589827627,181.960111579719,3.28295998132266,13.07384118957933,0.7388203036997467,1.769556294556366,102.59345487520592,1.8510112121654334,7.3713437768534185,0.21493525213886575,3.4295648124258964
rgb32,adam,300,43,3072,193.70729589827627,182.642326808824,3.2952686421404422,13.122858380682356,0.7468915356338796,1.756996532240135,103.97809903240156,1.8759932333182066,7.470830514128383,0.21596374311875896,3.459298494386697
rgb32,adam,300,44,3072,193.70729589827627,181.3495402861828,3.2719439344263286,13.029971618071007,0.7549500822225812,1.7259381679528571,105.5026218487508,1.9034989726433618,7.580367538577327,0.22665393075303183,3.344467714895753
rgb32,adam,300,45,3072,193.70729589827627,182.2483534449177,3.288160497524666,13.09455137895589,0.7618916510667894,1.7186894436526627,104.03600609706557,1.8770380039235737,7.474991139007096,0.21663088454444462,3.450565765230721
rgb32,adam,300,46,3072,193.70729589827627,183.4894683207202,3.3105529352634098,13.183725531705061,0.7680326954659807,1.7165578509266757,100.1838988716758,1.8075375306883834,7.198217083018936,0.21637356521183781,3.3267543916335676
rgb32,adam,300,47,3072,193.70729589827627,183.9965465066568,3.3197017392368693,13.220159119352818,0.775483222197579,1.7047640414307457,101.75114469984248,1.835814086962707,7.310823757551036,0.2143115339292276,3.4113067194812294
rgb32,adam,300,48,3072,193.70729589827627,183.44743469681504,3.3097945563860143,13.180705414170577,0.7828403034988525,1.6837029666536447,104.37790927244282,1.883206687996725,7.499556895635227,0.22002804409584586,3.4084550114749756
rgb32,adam,300,49,3072,193.70729589827627,185.4128858127117,3.3452556104748266,13.32192315432269,0.7898562524342536,1.6866262833605392,103.25470627756611,1.8629416395140168,7.418854716178471,0.21283705021720004,3.485697019671874
rgb32,adam,300,50,3072,193.70729589827627,186.3421899560042,3.3620222978901064,13.388693693649941,0.7975462003366328,1.678735813423569,99.9146127012464,1.8026790168450566,7.178868861058754,0.21503979608411125,3.338390842898117
rgb32,sgd,300,1,3072,193.70729589827627,1.4539855600099385,0.026233092327173965,0.10446891980049892,0.01042166910626418,1.0024202336044763,15.65258337936279,0.2824069758621303,1.124638732807014,0.025600532767612687,4.393028625676876
rgb32,sgd,300,2,3072,193.70729589827627,15.993433055139333,0.2885566524890923,1.1491287954473075,0.02783985030495852,4.127639993964471,18.387134610136386,0.331744284899629,1.321116346529732,0.024537805777282838,5.384003600488291
rgb32,sgd,300,3,3072,193.70729589827627,26.296781867689692,0.47445169031660983,1.889424813770579,0.03682623722843551,5.130648570068008,17.968048640939045,0.3241830537393265,1.2910050031232045,0.026096484572191603,4.9470456434538255
rgb32,sgd,300,4,3072,193.70729589827627,30.462530390511123,0.549610941286211,2.1887340093424417,0.04433469864558128,4.93684196849861,16.616455772329772,0.2997973504103783,1.1938930022359995,0.027210309673641946,4.387649448151993
rgb32,sgd,300,5,3072,193.70729589827627,33.2521883640822,0.5999424969733438,2.3891710447073784,0.05037322340080629,4.742938576110927,18.210584306055384,0.32855892972504536,1.3084312002221814,0.026861902852098336,4.870955000568667
rgb32,sgd,300,6,3072,193.70729589827627,37.15950488863714,0.6704390672002458,2.669911891016817,0.05441085517015572,4.90694712050999,17.12811692986488,0.30902884125527735,1.2306558765737614,0.027699618456037203,4.442862195112788
rgb32,sgd,300,7,3072,193.70729589827627,39.25529108273168,0.7082516523041329,2.8204942116750495,0.057371516913578474,4.916192500058345,15.625414384443593,0.2819167875330612,1.1226866394511112,0.029168955557658586,3.8489092872450805
rgb32,sgd,300,8,3072,193.70729589827627,39.070176845028506,0.7049117849613591,2.807193746399169,0.05974920762974733,4.698294517635665,16.226362853523145,0.29275921754531664,1.1658648106429046,0.031299550658032804,3.7248611757424497
rgb32,sgd,300,9,3072,193.70729589827627,39.44210193068585,0.7116221302214417,2.833916578464341,0.06172445585952608,4.591237847302913,16.688439500111865,0.30109609492951156,1.1990650359146262,0.03148306436169595,3.8086033244383786
rgb32,sgd,300,10,3072,193.70729589827627,38.70905586732839,0.6983963695336971,2.7812471899166042,0.06356383648406372,4.375518130680956,16.777241113255307,0.30269827103116276,1.2054454353194002,0.03240369715771533,3.7200861045338565
rgb32,sgd,300,11,3072,193.70729589827627,38.96612500698763,0.7030344613144037,2.7997176177343754,0.06504639815382743,4.304185469444992,16.66252034661433,0.30062845648423125,1.1972027437141366,0.03202058873048072,3.7388530042063453
rgb32,sgd,300,12,3072,193.70729589827627,38.9882066454086,0.7034328625608567,2.801304184325345,0.06637266400759236,4.220569154802803,16.61096333277353,0.2996982547398688,1.1934983702373803,0.032766632843469264,3.6424199457383586
rgb32,sgd,300,13,3072,193.70729589827627,39.17577558602065,0.7068170181344186,2.814781020101988,0.06810222294136667,4.133170546467189,15.682864519869517,0.2829533141315968,1.1268144339460564,0.03290377647965584,3.4245747889843505
rgb32,sgd,300,14,3072,193.70729589827627,39.163515361914605,0.70659581676917,2.8139001225166904,0.06917796618451424,4.067624820034956,16.747148378867255,0.30215533202180045,1.203283271167411,0.03272679828107791,3.6767521858779855
rgb32,sgd,300,15,3072,193.70729589827627,39.66066399982692,0.7155654698918554,2.8496202717474945,0.07064583451444498,4.033670620968929,16.334357066412668,0.2947076702916506,1.173624199095976,0.033323434547011,3.5219184788419295
rgb32,sgd,300,16,3072,193.70729589827627,39.21453290184156,0.7075162852194894,2.8175657347714718,0.07188491578176323,3.9195507209403604,16.221945559019638,0.2926795198524826,1.1655474278587048,0.03348045635734435,3.481277003570555
rgb32,sgd,300,17,3072,193.70729589827627,38.36158674686968,0.6921272635889498,2.7562815199149697,0.07272808916275791,3.7898445451339957,16.364035930556927,0.2952431421729922,1.1757566266546342,0.03327050237223514,3.533931088566385
rgb32,sgd,300,18,3072,193.70729589827627,38.37558966913692,0.6923799070558383,2.7572876304318434,0.07370837985291642,3.7408061823281895,17.195833958378667,0.3102506051503135,1.235521347741774,0.033082365303302205,3.7346826214341053
rgb32,sgd,300,19,3072,193.70729589827627,39.17827765571671,0.7068621609660608,2.814960793908278,0.07487000209122187,3.7597979368005356,16.683960154937438,0.30101527770631625,1.198743194787275,0.03340970767809989,3.588008630117565
rgb32,sgd,300,20,3072,193.70729589827627,39.61303447873057,0.7147061287410319,2.846198088779242,0.07593188342289972,3.7483570280055485,15.96757900553711,0.28809018866104585,1.1472711809642624,0.03297644083322001,3.4790630886051153
rgb32,sgd,300,21,3072,193.70729589827627,40.03456870220959,0.7223115317847273,2.8764853393524143,0.07672809703021492,3.748933507655842,16.33251296786887,0.29467439870444206,1.1734917005429124,0.03331873845310752,3.5220172042061972
rgb32,sgd,300,22,3072,193.70729589827627,38.78696733071192,0.6998020634198671,2.786845131631856,0.07753299350978533,3.594398984840089,16.614022192096343,0.29975344327903874,1.1937181494002997,0.03265776816819986,3.655234929870895
rgb32,sgd,300,23,3072,193.70729589827627,39.28726366868308,0.708828507963687,2.8227914432359658,0.07846056741027639,3.5977198947279723,16.221183622013932,0.2926657728357529,1.1654926826548104,0.03290172200956847,3.5423455414153158
rgb32,sgd,300,24,3072,193.70729589827627,39.31568993628985,0.7093413802529002,2.82483387168403,0.0793781986483102,3.5587024142480526,16.04213976106002,0.28943542841955006,1.1526283741876493,0.03261363062562488,3.5341921524125457
rgb32,sgd,300,25,3072,193.70729589827627,39.70645398419424,0.7163916217606261,2.852910283929254,0.08038217714840323,3.549182648613949,16.31739321755269,0.2944016052070944,1.1724053458866988,0.03231772661589275,3.6277469632104316
rgb32,sgd,300,26,3072,193.70729589827627,39.88632114696065,0.7196368203494248,2.865833746664096,0.08122945274766456,3.528072207462326,16.184019625811615,0.29199525273539134,1.1628224480627287,0.032885576629155845,3.5359649039323466
rgb32,sgd,300,27,3072,193.70729589827627,40.10403320721058,0.7235648239928975,2.881476366774915,0.08234027343608818,3.499473886264772,15.079447343732804,0.2720663432229663,1.0834588860548937,0.03277812672967601,3.305432598361313
rgb32,sgd,300,28,3072,193.70729589827627,40.375421837062525,0.7284612708210233,2.900975650527483,0.08332460292302837,3.4815355234363103,15.372259234666934,0.27734931272461455,1.1044974319606875,0.032623707466512886,3.3855668706397517
rgb32,sgd,300,29,3072,193.70729589827627,40.88416272029259,0.7376400735047935,2.9375287030413153,0.0839893623359471,3.497500899330039,15.27099446220668,0.27552227386088474,1.0972215540677228,0.032454550685521236,3.3807941594989326
rgb32,sgd,300,30,3072,193.70729589827627,40.18407473296512,0.7250089488816704,2.8872273535554878,0.08422685082016611,3.427917968487325,15.179844077146202,0.2738777207561533,1.090672395308125,0.032329872580065255,3.3735746796003103
rgb32,sgd,300,31,3072,193.70729589827627,40.43645472229024,0.7295624380933871,2.905360865736913,0.08525437727250912,3.4078729546638393,15.954171263657528,0.28784828355531455,1.1463078341817028,0.03236265861676026,3.542069419438991
rgb32,sgd,300,32,3072,193.70729589827627,40.83995997200187,0.7368425588602757,2.934352733834225,0.08592853422289161,3.41487581555011,16.540656022748855,0.2984297564783455,1.1884467872407056,0.0329172066670302,3.610412023299205
rgb32,sgd,300,33,3072,193.70729589827627,41.52162593677623,0.7491413097433971,2.9833304602734447,0.08658980873556008,3.4453597990779166,15.308862047911932,0.2762054882609,1.0999423415933247,0.03247446083846488,3.387099625963554
rgb32,sgd,300,34,3072,193.70729589827627,39.97105702270452,0.7211656416203855,2.871922022676446,0.08708814112919396,3.297718823066843,15.758757437407525,0.2843225890181641,1.1322673430627397,0.03251681790221206,3.482097622429757
rgb32,sgd,300,35,3072,193.70729589827627,40.02945721360624,0.7222193093059429,2.8761180786947773,0.0878615823267428,3.2734649234963316,16.02283940927331,0.2890872076914403,1.1512416431509853,0.032346993980889076,3.5590374914934912
rgb32,sgd,300,36,3072,193.70729589827627,40.4741734278777,0.7302429663691498,2.908070956220183,0.0885464459282573,3.284232275766754,16.954582488274802,0.30589789886259916,1.2181874201050642,0.03243748596399142,3.755492708212232
rgb32,sgd,300,37,3072,193.70729589827627,40.59278236404254,0.7323829320323705,2.9165930129590016,0.08928593174374268,3.2665762186699716,16.62659834197556,0.29998034463898043,1.1946217462648532,0.032667023624649384,3.656965385005059
rgb32,sgd,300,38,3072,193.70729589827627,41.19547832464985,0.7432568906291245,2.959896741485947,0.08998060891282812,3.28948289775795,15.488960945244376,0.2794548678501388,1.1128824544658713,0.0321420083676743,3.46239239855688
rgb32,sgd,300,39,3072,193.70729589827627,41.44051626631556,0.7476779131785737,2.9775027272536323,0.09075655186752551,3.280757880268302,15.929993277244362,0.2874120595876863,1.1445706449048594,0.0327095695841527,3.4991920085044064
rgb32,sgd,300,40,3072,193.70729589827627,41.10060949395669,0.7415452485997995,2.953080412261066,0.09127808064886109,3.235256910825406,16.12068514976505,0.2908525597105642,1.158271863462239,0.0319679354215312,3.623230115392795
rgb32,sgd,300,41,3072,193.70729589827627,40.95410378845066,0.7389019639588081,2.942553971545437,0.09231895162548268,3.187378019068847,16.766380097896533,0.30250231446425463,1.2046650709377484,0.03222482017783513,3.7383143312816403
rgb32,sgd,300,42,3072,193.70729589827627,41.00367223975695,0.7397962876683395,2.9461154667257032,0.09297057292614835,3.1688687871870655,15.25716856739368,0.2752728243580075,1.096228162980414,0.03282346065333324,3.339770216669983
rgb32,sgd,300,43,3072,193.70729589827627,41.49112844987728,0.7485910681099371,2.9811392146375932,0.09354203726839151,3.186951344756461,15.716359396755449,0.283557635262427,1.129221042170625,0.03244022410851199,3.4809286100903623
rgb32,sgd,300,44,3072,193.70729589827627,42.00313666078154,0.7578288205597145,3.0179270247736087,0.09432601485039836,3.199464145241437,16.935191894286586,0.3055480499670103,1.2167942051626646,0.033224640364359306,3.6623246837848167
rgb32,sgd,300,45,3072,193.70729589827627,41.174420910071845,0.7428769686299043,2.958383765418468,0.09481343010401648,3.1202159463832593,16.421541293324807,0.29628066519405105,1.1798883892362757,0.03218192238318217,3.666307982436964
rgb32,sgd,300,46,3072,193.70729589827627,41.02281176117911,0.7401416066635034,2.947490642094335,0.09540991620218847,3.0892917208397326,16.403870783921413,0.29596185040152706,1.1786187624390987,0.0324171084197356,3.6357923944923884
rgb32,sgd,300,47,3072,193.70729589827627,40.47751807331678,0.7303033111174183,2.9083112691268216,0.09601066824743998,3.0291542827631224,16.03421577727391,0.28929246235167616,1.1520590356402667,0.03197009223738265,3.603552429833666
rgb32,sgd,300,48,3072,193.70729589827627,40.37413336223131,0.7284380239056906,2.900883073560071,0.09659055306128142,3.003278251983524,16.90355550266376,0.30497725999139697,1.2145211291775087,0.03211069339789071,3.782294932495254
rgb32,sgd,300,49,3072,193.70729589827627,41.31891427507754,0.7454839462293466,2.968765619389824,0.09756220595260542,3.0429463852344787,16.467442903884688,0.2971088310444568,1.1831864217643713,0.03276975300996546,3.6106052474809864
rgb32,sgd,300,50,3072,193.70729589827627,41.41391948706832,0.747198048876762,2.9755917476163156,0.09832292355618973,3.0263458815032283,16.047468605308953,0.28953157247147476,1.1530112518569897,0.03239564186409768,3.5591554465689077
dup64,adam,300,1,12288,774.8291835931051,1.4539855600099385,0.013116546163586982,0.05223445990024946,0.0026054172765660453,2.0048404672089526,348.8993381303475,3.1474551060881,12.534215598859621,0.13326044644559099,9.405803397167237
dup64,adam,300,2,12288,774.8291835931051,348.9155702198041,3.14760153735712,12.534798736993274,0.13329539892771392,9.40377450221736,356.96118973082844,3.2201818590834828,12.823837776499547,0.14990005404835954,8.554925385392073
dup64,adam,300,3,12288,774.8291835931051,481.0238113814236,4.339362921682573,17.280789904472222,0.2002907572241743,8.627851900889663,343.7922852364006,3.1013838816648827,12.350744622988651,0.16159280466565037,7.64312782895465
dup64,adam,300,4,12288,774.8291835931051,498.2874634485746,4.495100018060162,17.900986945237396,0.24250019205570045,7.381844440405916,332.01238846544146,2.995116278981457,11.927551599319603,0.17019587871648345,7.0081318591672925
dup64,adam,300,5,12288,774.8291835931051,517.7478730236608,4.670654279102605,18.60010254277147,0.27378198110993646,6.793764318369311,329.44932670399095,2.9719946477639088,11.835473555023595,0.1722035635622524,6.872955071423371
dup64,adam,300,6,12288,774.8291835931051,498.49571179035615,4.496978646750566,17.908468271020304,0.2986632870167331,5.99620678185898,324.5855556712529,2.9281180928415957,11.660742484811445,0.17015292828761644,6.853095390224971
dup64,adam,300,7,12288,774.8291835931051,505.5372816421344,4.560501338148093,18.16143680672915,0.3229981662980128,5.6227677744685955,327.99772169700805,2.9588995768023683,11.783324616537762,0.17165748712751955,6.8644396546386925
dup64,adam,300,8,12288,774.8291835931051,508.042236084169,4.583098777545225,18.25142734442989,0.3443298148599497,5.300565491795519,327.65997099441967,2.9558526946295807,11.771190915890477,0.1695206053796204,6.943811278593745
dup64,adam,300,9,12288,774.8291835931051,517.5331470092555,4.6687172146929345,18.592388506471885,0.3638657082852438,5.109684172792899,341.6402196898416,3.0819698875614523,12.27343162581303,0.1705999370362577,7.194276761781309
dup64,adam,300,10,12288,774.8291835931051,528.0914562445078,4.763964756554813,18.971695973844152,0.381807790034985,4.968912753746009,329.790529767866,2.975072674026043,11.847731281818147,0.17233556382544685,6.874803446732755
dup64,adam,300,11,12288,774.8291835931051,530.5469557045549,4.786116057715019,19.059909840342275,0.39877418581583923,4.779624789741146,329.06900844742273,2.9685637595169183,11.821810614160613,0.1712770598814608,6.902156437261578
dup64,adam,300,12,12288,774.8291835931051,527.4657862445201,4.758320526196739,18.949218766763142,0.41424411304984,4.574408704869937,350.60612388556507,3.162852187575973,12.595531910755197,0.17527102938429606,7.186317074191686
dup64,adam,300,13,12288,774.8291835931051,546.1394786899659,4.926777734948964,19.620071535909325,0.42893792199059655,4.574105139703513,331.1606290120531,2.9874324735174165,11.896952124169129,0.1706026160794281,6.97348751008028
dup64,adam,300,14,12288,774.8291835931051,574.8663740626313,5.185925872080067,20.652085818356458,0.4447485393419784,4.643542134823415,354.6102825893615,3.1989740954746426,12.739381391107846,0.17122586393281394,7.440103439108101
dup64,adam,300,15,12288,774.8291835931051,560.808882803518,5.0591118664147565,20.147070167810906,0.45887617976672046,4.390524297437514,344.6017195986287,3.108685868335566,12.379823568405,0.17763760677619805,6.9691456629462945
dup64,adam,300,16,12288,774.8291835931051,576.5339832010138,5.200969537469883,20.71199470952009,0.47248330898911844,4.383645795622614,343.60444398192584,3.0996893473080718,12.343996422219446,0.17179980701357853,7.185104940917549
dup64,adam,300,17,12288,774.8291835931051,564.956913320887,5.096531656036785,20.29608824590175,0.4840504541698445,4.192969569816832,345.1936614594021,3.114025833845912,12.401089091419987,0.17800677961221645,6.966638640637994
dup64,adam,300,18,12288,774.8291835931051,555.0724840441297,5.007363251291134,19.94098992932005,0.4967813633356043,4.014037442030363,336.9427193344091,3.039593276706338,12.104673832960144,0.17480409885822118,6.924708237406899
dup64,adam,300,19,12288,774.8291835931051,558.7105387072969,5.040182498777168,20.071687114797477,0.5091139591559342,3.9424743230522603,338.69390305632896,3.0553908766008835,12.167585142684544,0.17591815391381377,6.916617115392034
dup64,adam,300,20,12288,774.8291835931051,576.8979548547488,5.204252961411466,20.725070398354113,0.5202194249742745,3.9839093665867993,332.5677145090627,3.0001259296185308,11.947501698381727,0.1665083180913401,7.175318227542113
dup64,adam,300,21,12288,774.8291835931051,569.1612690619426,5.134459561019087,20.44712980876366,0.5321745718686416,3.842184668269098,343.3963922534928,3.097812492285944,12.336522159774956,0.1741529672009207,7.0837278043860605
dup64,adam,300,22,12288,774.8291835931051,578.9558049700976,5.222817028880974,20.798998704306594,0.5434852297770807,3.826966689202877,349.4381113710116,3.15231543226825,12.55357103814927,0.17109741442273949,7.337089856385845
dup64,adam,300,23,12288,774.8291835931051,586.1532776691101,5.287746135135035,21.05756805287505,0.5543963821798982,3.7982874220925207,347.44060486106514,3.1342957303740997,12.481810577410188,0.17336872678246099,7.199574461357193
dup64,adam,300,24,12288,774.8291835931051,597.3887822623252,5.389102722656503,21.461203776829112,0.5645600986758345,3.801402866969518,352.60276104302307,3.1808640469561666,12.667261139988996,0.17146247047209226,7.387774773751878
dup64,adam,300,25,12288,774.8291835931051,600.2807632104619,5.415191566076785,21.565098249389557,0.5744632837151218,3.7539558855573016,346.5035085965265,3.1258420931774125,12.44814537563722,0.1767566403321361,7.042533368051363
dup64,adam,300,26,12288,774.8291835931051,597.1818369550366,5.3872358487679,21.453769262586043,0.5846649136163629,3.669412814578997,338.56977660895944,3.054271119760222,12.16312589761636,0.17380150548650455,6.998285695839851
dup64,adam,300,27,12288,774.8291835931051,599.2896821425763,5.406250926680965,21.52949364249235,0.5939700682904933,3.624676526959757,353.5066838274516,3.189018422939236,12.699734583835186,0.1748550331649684,7.263007735015279
dup64,adam,300,28,12288,774.8291835931051,605.9629089576465,5.466450759462905,21.76922944734771,0.6023771921932669,3.6138867356656594,375.04874693033696,3.383351484366592,13.473633625383176,0.16893656866169698,7.975557768291558
dup64,adam,300,29,12288,774.8291835931051,634.5926962264475,5.724722874876718,22.797755119249594,0.6121413991431349,3.724262915588049,356.1668212313737,3.213015783036671,12.795300072500268,0.17152321680165972,7.459806497971682
dup64,adam,300,30,12288,774.8291835931051,619.1994448769158,5.585858846589909,22.244752261128994,0.6204294349450727,3.5853799011161267,367.352718133816,3.313924854720303,13.197153639185588,0.17316721244079672,7.621046417027413
dup64,adam,300,31,12288,774.8291835931051,639.2432540187867,5.766676012271857,22.964826499598153,0.6293541453484226,3.648951336752439,366.127858633644,3.3028752771868066,13.153150537500908,0.17480413060384617,7.5245078546281805
dup64,adam,300,32,12288,774.8291835931051,624.4573493374122,5.633290917771799,22.43364258250142,0.6380029538361514,3.516228639321114,375.2478159828827,3.3851473057896326,13.480785185019373,0.17763448670846993,7.589058540836026
dup64,adam,300,33,12288,774.8291835931051,638.2542982261032,5.757754545191818,22.92929824325447,0.6463787466099318,3.5473471805055405,358.545992888129,3.234478523606608,12.880771861160772,0.1768181246006932,7.284757651541268
dup64,adam,300,34,12288,774.8291835931051,635.6604727128438,5.734355391155705,22.8361150105684,0.6550647366809959,3.4860852266711397,381.3159934407264,3.439888929051765,13.698784579791333,0.1806232599313749,7.584175252398822
dup64,adam,300,35,12288,774.8291835931051,651.1291341228905,5.873899700985294,23.391826976599273,0.6626735748121954,3.5299169705429434,365.8252832165804,3.3001457147103714,13.142280509679379,0.1763428384444329,7.45268740460964
dup64,adam,300,36,12288,774.8291835931051,644.002056331047,5.809605634084415,23.135786566458293,0.6710412445843876,3.4477443455487666,394.10661947203386,3.5552744193998778,14.158288072059062,0.1734146812812459,8.164411437055314
dup64,adam,300,37,12288,774.8291835931051,653.801595569734,5.898008237481137,23.487835206749203,0.6782292596613926,3.4631114585760505,361.60769078047616,3.26209840020542,12.990763418286962,0.17472099382990994,7.435147393296886
dup64,adam,300,38,12288,774.8291835931051,659.464620028118,5.949094935847941,23.69127947203033,0.6858787104300308,3.454149999374732,377.3280622306704,3.40391341096371,13.555518072471136,0.1718958001577007,7.885892534916518
dup64,adam,300,39,12288,774.8291835931051,655.9158231814029,5.917080891867467,23.56378887536814,0.692922381266791,3.4006390199561967,370.8521359669575,3.3454934457823535,13.322870293811924,0.17883229566784745,7.449924100150812
dup64,adam,300,40,12288,774.8291835931051,680.5244309559409,6.1390775531645225,24.447853594684396,0.7009835994001143,3.4876498702118433,383.91722753622696,3.4633549166339916,13.792233965940433,0.1768193596127243,7.800183190431549
dup64,adam,300,41,12288,774.8291835931051,660.5267248244566,5.958676287255342,23.72943560777203,0.7072988806706909,3.3549375315384022,385.6794170237023,3.479251800617695,13.85554065800933,0.1751085350610582,7.912544441753266
dup64,adam,300,42,12288,774.8291835931051,686.7113475934058,6.194890334197242,24.6701186968245,0.7148777509336914,3.4509562879252034,397.33636449764975,3.5844102656491463,14.274316725760004,0.1804480361518444,7.910486049151776
dup64,adam,300,43,12288,774.8291835931051,681.1907568650205,6.145088544461008,24.47179136610083,0.7215675330804423,3.391476229761664,384.4742496343292,3.4683798675446775,13.812244995793218,0.1736642260827767,7.953419830523782
dup64,adam,300,44,12288,774.8291835931051,675.2299862546297,6.091315848890903,24.25765056444052,0.7279067983763169,3.332521501179836,396.53170687844215,3.577151370445162,14.245409384930813,0.17716167881515654,8.040909004815825
dup64,adam,300,45,12288,774.8291835931051,677.422076253139,6.111090907496016,24.33640144084131,0.7344742305573525,3.3134452412814728,407.2629905669336,3.6739593317936117,14.630930962944886,0.17743593521521667,8.245754133850422
dup64,adam,300,46,12288,774.8291835931051,683.5694413092908,6.166546889839394,24.55724565164321,0.7404388662602932,3.3165797705452134,389.5231331720861,3.5139263405076617,13.993626236396588,0.17467847084821522,8.011076676161302
dup64,adam,300,47,12288,774.8291835931051,691.9665840457573,6.242298337016309,24.858913169951734,0.7464602248834802,3.3302394878216215,387.1242424936239,3.4922857127113085,13.90744604149262,0.17707143111695658,7.854144484948947
dup64,adam,300,48,12288,774.8291835931051,681.4230225527408,6.147183835981771,24.480135515509954,0.7521659366058743,3.2546190041489798,379.9844916599672,3.427877321058831,13.650950352074723,0.1774699335632353,7.6919791865536915
dup64,adam,300,49,12288,774.8291835931051,688.9990168652307,6.215527622789508,24.75230326050294,0.7585210446218523,3.2632322380511907,368.325369879918,3.3226992413990493,13.232096172334492,0.17861657032999603,7.408101134115413
dup64,adam,300,50,12288,774.8291835931051,691.1152076149709,6.234617986836681,24.82832745489579,0.7646115938122203,3.2471816613590785,376.48021554683385,3.396264902977076,13.525059163643927,0.17645694729857844,7.664792670791539
dup64,sgd,300,1,12288,774.8291835931051,1.4539855600099385,0.013116546163586982,0.05223445990024946,0.0026054172765660453,2.0048404672089526,31.20063866390039,0.281464017679549,1.1208835589402537,0.011699152391674109,9.580895447929619
dup64,sgd,300,2,12288,774.8291835931051,31.422720497530783,0.2834674396549964,1.128861853190481,0.01202944542579994,9.384155405613084,32.41708538364921,0.2924377026967649,1.164584431322422,0.010801129478523864,10.782061576411913
dup64,sgd,300,3,12288,774.8291835931051,48.2960736041201,0.4356836108771988,1.735037396104996,0.016327120925850633,10.626719823933696,35.28944633551288,0.318349552208769,1.2677740551300614,0.01218594644231323,10.403574815723566
dup64,sgd,300,4,12288,774.8291835931051,60.43621314976709,0.5452009989190567,2.1711721485548043,0.020322978281695065,10.683336460140698,34.61446834748756,0.31226050966058944,1.2435254576069754,0.013386825665865187,9.289173465355699
dup64,sgd,300,5,12288,774.8291835931051,66.91858954397928,0.6036791513594768,2.404051648279331,0.02362529964582188,10.17575092938339,34.78565658143896,0.3138048154879947,1.2496753982856625,0.014397045263623091,8.680082443327509
dup64,sgd,300,6,12288,774.8291835931051,68.98162589820417,0.62229000439791,2.478166269965657,0.02590370011444613,9.566842802444343,34.886568273486425,0.3147151497468695,1.2533006528113566,0.015595038516707752,8.036534513644403
dup64,sgd,300,7,12288,774.8291835931051,66.2187814164516,0.5973661136905832,2.3789110275052407,0.027727006615205777,8.57976145971928,34.297638527430124,0.3094023568184416,1.2321433400769497,0.016676257355004546,7.388608330077032
dup64,sgd,300,8,12288,774.8291835931051,66.6495451222318,0.6012520752763537,2.3943862221254024,0.02939461885453131,8.145661741609203,33.55363527134737,0.3026906305656707,1.2054150084384676,0.016670047672385148,7.231023162790974
dup64,sgd,300,9,12288,774.8291835931051,66.03637940787786,0.5957206473038522,2.3723582317522314,0.030615463928980978,7.7488887225599985,33.25791489927616,0.3000229081216056,1.1947912482433976,0.016798514068026415,7.112481755261394
dup64,sgd,300,10,12288,774.8291835931051,65.2211911594289,0.5883667542619424,2.343072577859994,0.03172779320766325,7.384921360663901,33.130031842963305,0.2988692625436834,1.1901970469248855,0.017144523853967458,6.942141158673584
dup64,sgd,300,11,12288,774.8291835931051,66.60417240661441,0.6008427635642356,2.392756206422588,0.032751852088668286,7.3057126660951495,32.907208447830506,0.29685915086928233,1.1821921120630687,0.016816572538865298,7.029923067443548
dup64,sgd,300,12,12288,774.8291835931051,66.21627602799443,0.5973435123358929,2.3788210213755376,0.03357107759933472,7.085923930611863,31.57168554010402,0.2848112678960824,1.1342134252809064,0.016813189354748737,6.745974254792759
dup64,sgd,300,13,12288,774.8291835931051,65.69576099029798,0.5926478951932166,2.360121508387358,0.03449220677938994,6.842477558720877,31.23527708817753,0.2817764942979976,1.1221279450151058,0.016971027005069295,6.612021445018753
dup64,sgd,300,14,12288,774.8291835931051,65.6740278962528,0.592451838822946,2.3593407465554423,0.0351400581791831,6.714105977072944,32.55681877348175,0.2936982512941805,1.1696043561061895,0.016881764739323922,6.92821144096236
dup64,sgd,300,15,12288,774.8291835931051,66.68708814836214,0.6015907545926434,2.3957349560790777,0.036086450167188755,6.638876766707787,33.01429289188484,0.2978251701286697,1.1860391228262694,0.01709705838697327,6.937094650913435
dup64,sgd,300,16,12288,774.8291835931051,66.50361415001075,0.5999356176811205,2.3891436490721785,0.0369752918546846,6.461459880997491,32.24502566373126,0.29088553510908804,1.1584031824932104,0.01701607857962845,6.80769765532256
dup64,sgd,300,17,12288,774.8291835931051,66.02600528884533,0.5956270613598517,2.371985541321522,0.037626713067903196,6.303993487395268,30.901348246016862,0.27876408950250325,1.1101315447790134,0.016786348541612692,6.6132997419125505
dup64,sgd,300,18,12288,774.8291835931051,66.31028541535018,0.598191580228021,2.3821983104691427,0.03837568662446053,6.207571824788505,32.92993255300039,0.29706414724798436,1.1830084759891708,0.016798794514822947,7.042222434147319
dup64,sgd,300,19,12288,774.8291835931051,67.53424630031951,0.6092330512657493,2.426169129384956,0.03904465243254441,6.213832056967425,32.99953519601686,0.2976920395086385,1.1855089523113498,0.01673765335876188,7.082886273844092
dup64,sgd,300,20,12288,774.8291835931051,68.41301702701965,0.6171605280722539,2.4577389850615265,0.039816148830731,6.172719002809704,31.9327290910272,0.2880682771353742,1.1471839219637012,0.01682779088129236,6.817198585698127
dup64,sgd,300,21,12288,774.8291835931051,69.03063531358792,0.6227321231348574,2.4799269341792542,0.040328098193823415,6.149377345443669,32.81504481637386,0.2960277337219232,1.1788811317865173,0.016482363171405234,7.152379300995646
dup64,sgd,300,22,12288,774.8291835931051,69.89725390909585,0.6305499743755018,2.511060224303236,0.040976303970802555,6.128078867465642,32.89263933932805,0.29672772151434884,1.1816687165529725,0.016371270409905582,7.217941472874294
dup64,sgd,300,23,12288,774.8291835931051,70.41875396947388,0.6352544775042778,2.5297951242506658,0.04164246315016534,6.075037192512041,32.82089816822953,0.29608053738238466,1.1790914135672972,0.016633563342083595,7.088627910437855
dup64,sgd,300,24,12288,774.8291835931051,70.09801957770286,0.6323611011382251,2.5182727349048735,0.042229551331739716,5.963295027982313,32.914198603752,0.2969222097505785,1.1824432335523187,0.016417512316216076,7.2023288959825145
dup64,sgd,300,25,12288,774.8291835931051,70.88245119835547,0.6394375356279851,2.546453456337338,0.04288479025135688,5.937894161104748,32.64505179728939,0.29449421004491105,1.1727741292254812,0.016501360097666406,7.107136152924347
dup64,sgd,300,26,12288,774.8291835931051,69.82156960303904,0.6298672188368247,2.508341264116468,0.0434626270850559,5.771260120120375,33.3848825926446,0.3011682961207408,1.1993525651300905,0.016723802744361804,7.17153020436357
dup64,sgd,300,27,12288,774.8291835931051,70.24672439328673,0.6337025818461491,2.523614958335577,0.04426056161078594,5.701723761500108,31.014893301901317,0.27978839057406635,1.1142106531495446,0.016809643961512855,6.628401265967484
dup64,sgd,300,28,12288,774.8291835931051,70.3415999804876,0.6345584638119296,2.5270233656756904,0.04484835907714973,5.6345949276061935,32.91955483521779,0.29697052883930686,1.1826356562732943,0.016773520844875767,7.050610704875261
dup64,sgd,300,29,12288,774.8291835931051,70.55767776530264,0.6365077226748805,2.534785964353891,0.04538400043586694,5.58519729422233,31.9995576280548,0.2886711439141622,1.1495847384735547,0.016312236791348488,7.047376476800897
dup64,sgd,300,30,12288,774.8291835931051,71.48212514143279,0.6448472530101991,2.567996754561485,0.04583278090834806,5.602969542033059,31.93103755943325,0.2880530176631694,1.14712315365785,0.016204647629821708,7.0789762286887274
dup64,sgd,300,31,12288,774.8291835931051,71.0597881977144,0.6410373100704406,2.552824291534478,0.04648420021815968,5.491810721822816,32.45693636602044,0.29279720231238215,1.1660160786495397,0.016436042735918418,7.094262879357163
dup64,sgd,300,32,12288,774.8291835931051,70.2904223187051,0.6340967851118261,2.525184807167483,0.046977057153121886,5.375357589847815,32.55663073865255,0.2936965550135671,1.1695976009512445,0.016908235843745914,6.9173248573053225
dup64,sgd,300,33,12288,774.8291835931051,71.53589358308167,0.6453323033892598,2.569928386887454,0.04748695587705898,5.411861719544314,34.0854272574366,0.30748797816444423,1.224519646019918,0.016460425528619323,7.439173695059564
dup64,sgd,300,34,12288,774.8291835931051,72.71387210676232,0.6559589630415508,2.612247288567696,0.04795066047943033,5.447781662336615,32.56020521483891,0.293728800713386,1.1697260140786894,0.016713417328019082,6.998724384855222
dup64,sgd,300,35,12288,774.8291835931051,72.03722282740425,0.6498548436105454,2.587938649870541,0.048506122299351744,5.335282490526206,32.92123571904394,0.29698569225695537,1.1826960420578778,0.016701100567279494,7.081545538232344
dup64,sgd,300,36,12288,774.8291835931051,72.06136683451712,0.6500726490637629,2.5888060238019297,0.04898245305498793,5.285170223907985,31.21471034258964,0.28159095967141134,1.1213890842745067,0.016415582655822193,6.831247527341214
dup64,sgd,300,37,12288,774.8291835931051,73.29816384373612,0.6612299160357241,2.6332379807344024,0.04942897018849857,5.32731709904634,31.787385087578212,0.2867571146429309,1.1419624357751823,0.01658843297300327,6.8840886757276065
dup64,sgd,300,38,12288,774.8291835931051,72.29765731423352,0.6522042486273756,2.5972947639428376,0.0499636578889657,5.198367921169441,30.48024893073837,0.2749653113301344,1.095003543578103,0.01636061198820692,6.692925328021989
dup64,sgd,300,39,12288,774.8291835931051,71.50594100802255,0.6450620982756143,2.5688523400381134,0.050456324318989935,5.0912395516517845,31.68843246855256,0.28586445337368904,1.1384075609864088,0.01661928527006533,6.849918889333403
dup64,sgd,300,40,12288,774.8291835931051,70.50421513222932,0.6360254310249357,2.532865318207026,0.05081853112200581,4.984137207992275,33.278132380231455,0.30020529199772866,1.1955175616451867,0.016050289523931366,7.448573185316324
dup64,sgd,300,41,12288,774.8291835931051,71.39040474151263,0.6440198342979477,2.5647016973866172,0.051324147127773306,4.997066373069386,33.298666285079946,0.30039053036478786,1.1962552425815758,0.01642210918515195,7.284419005465935
dup64,sgd,300,42,12288,774.8291835931051,72.92131621605355,0.6578303366718804,2.6196997222825407,0.05173166422692745,5.064015939620458,33.105166554980855,0.2986449503450874,1.189303760964041,0.016364980437212774,7.267370502073139
dup64,sgd,300,43,12288,774.8291835931051,73.2505520817578,0.6608004056670558,2.6315275272469414,0.0521631116501004,5.0448055033578045,32.07476140013964,0.2893495645088069,1.152286435467909,0.0163401877493577,7.0518555425607214
dup64,sgd,300,44,12288,774.8291835931051,73.37885865238965,0.6619578718091355,2.6361369433257105,0.0525607971430304,5.015405181455213,32.39148597687766,0.292206767940661,1.1636647721296103,0.01643820688209358,7.079024984149642
dup64,sgd,300,45,12288,774.8291835931051,74.39951458799547,0.6711653089836981,2.672804027928662,0.052896716763407674,5.0528732055022845,31.810478919258674,0.28696544636070176,1.1427920821334638,0.01620683011741173,7.051299198266479
dup64,sgd,300,46,12288,774.8291835931051,74.1809662337244,0.669193762871677,2.6649526739940606,0.05327926609848874,5.00185694950789,31.223305240829543,0.2816684950903561,1.1216978561631739,0.016440044167321144,6.822961329950922
dup64,sgd,300,47,12288,774.8291835931051,74.41867643532763,0.671338169885501,2.673492417671734,0.053573660580540375,4.990311262476677,32.246712117931004,0.2909007487776224,1.1584637683935748,0.01593547327420179,7.269716741133956
dup64,sgd,300,48,12288,774.8291835931051,73.05013789611655,0.6589924496665965,2.624327643677776,0.05391284136769661,4.867722748610715,31.540638251564005,0.28453118726489196,1.1330980508281892,0.015804283519244636,7.169562919118939
dup64,sgd,300,49,12288,774.8291835931051,74.23936582381177,0.6697205912944505,2.667050680418958,0.054431271336862076,4.899850058458531,31.856116800192257,0.2873771501551119,1.144431623905489,0.015930114076254304,7.18407676446836
dup64,sgd,300,50,12288,774.8291835931051,74.40961401345187,0.6712564168900405,2.6731668499872345,0.054827296543709776,4.875613095123366,30.89581438873181,0.2787141680338598,1.1099327408469801,0.016200421130591256,6.851258568526307
dup64_half,adam,300,1,12288,193.70729589827627,1.4539855600099385,0.013116546163586982,0.10446891980049892,0.005210834553132091,2.0048404672089526,197.20861728831295,1.7790382543425214,14.169446925813507,0.13904074297269814,10.190859616303834
dup64_half,adam,300,2,12288,193.70729589827627,197.2425038392455,1.779343948237878,14.171881675833763,0.13916802448967977,10.18328867410538,184.5526105303546,1.6648671776460686,13.260112341374658,0.15463880876397124,8.574892969858473
dup64_half,adam,300,3,12288,193.70729589827627,255.52986880316425,2.305159977179635,18.35983114608601,0.206610072034773,8.886222711831785,183.23879110062364,1.6530150838738542,13.165714363559829,0.17326804683640212,7.598466424678266
dup64_half,adam,300,4,12288,193.70729589827627,270.3633581105983,2.43897433725258,19.425617937537567,0.2506359983004245,7.750529879691535,182.88551165285847,1.6498281153696919,13.14033122131219,0.18880468300190736,6.959748567878183
dup64_half,adam,300,5,12288,193.70729589827627,271.31932079813924,2.447598170299252,19.494303894319902,0.28243531556954177,6.902218957643056,172.19977871349295,1.5534310717910804,12.372560888404278,0.18630657828107033,6.640968345056763
dup64_half,adam,300,6,12288,193.70729589827627,273.2035508847188,2.4645959944820945,19.62968590031398,0.3061944705991485,6.410855774731475,174.09567963147086,1.570534179687196,12.508781444094373,0.18233121236755856,6.860471820303658
dup64_half,adam,300,7,12288,193.70729589827627,273.0505005055508,2.4632153120194036,19.61868922453776,0.32921519989330666,5.959229473880872,178.51830436877853,1.610431110665466,12.826547205802722,0.18663482358285985,6.872536946519066
dup64_half,adam,300,8,12288,193.70729589827627,272.56821099899366,2.458864531137558,19.584036704480546,0.35073451272538714,5.583721018015175,172.93524657084143,1.5600657993757752,12.425404282945733,0.1893024637739225,6.563783711650457
dup64_half,adam,300,9,12288,193.70729589827627,268.55959951374984,2.4227024542612745,19.296017811252728,0.36878580872504785,5.232310288175724,171.47362284896911,1.5468803486058231,12.320386560914338,0.18728124258040618,6.578548065551615
dup64_half,adam,300,10,12288,193.70729589827627,273.6070526329626,2.4682360232784544,19.658677516830693,0.38709633808011434,5.0784974134170415,174.8105632117239,1.5769832144918576,12.56014585751512,0.18793950163302858,6.6830792613466175
dup64_half,adam,300,11,12288,193.70729589827627,280.59181024610064,2.531246205906103,20.16053262666263,0.40450853476614135,4.983957294823964,177.59349460116235,1.6020883111610538,12.760099587544977,0.18581157494922035,6.86722535505774
dup64_half,adam,300,12,12288,193.70729589827627,280.2998828943916,2.5286127006702745,20.139557634935027,0.41942835140694557,4.80166816748991,179.56602431108945,1.6198826948955998,12.901825924957205,0.1895771227502865,6.8055816745102
dup64_half,adam,300,13,12288,193.70729589827627,286.61033349889635,2.5855398937205663,20.592963759616563,0.435482852343228,4.728765701981329,177.81514420396368,1.6040878339398525,12.776025120243325,0.19122370958344767,6.681193011093651
dup64_half,adam,300,14,12288,193.70729589827627,291.87491027055745,2.633032156475066,20.971223808181605,0.4502683517115157,4.657494520427175,178.27150598477797,1.608204718267993,12.808814732183883,0.18983779069311063,6.747241782270028
dup64_half,adam,300,15,12288,193.70729589827627,292.4930123682304,2.6386081160450368,21.015634468264,0.46503879423230154,4.519114260769829,175.4744315997864,1.5829720362505197,12.607844827366042,0.18821850314294786,6.698515085836517
dup64_half,adam,300,16,12288,193.70729589827627,295.9989077143776,2.6702351413864234,21.267533187081465,0.47936581817973595,4.43659776740846,180.11463479607443,1.6248317638203862,12.941243609928723,0.1876289797662498,6.8972520268729625
dup64_half,adam,300,17,12288,193.70729589827627,301.29399442050146,2.718002637248346,21.647985375640314,0.493133754809716,4.389881074759028,185.27569797339436,1.6713902203005475,13.312066202660015,0.1890939481328244,7.039921866409643
dup64_half,adam,300,18,12288,193.70729589827627,298.6978800224131,2.69458283495798,21.461454453802986,0.5069098840416235,4.233781018963271,180.48935593002795,1.6282121598759973,12.968167338174192,0.1913501115229299,6.777193509302025
dup64_half,adam,300,19,12288,193.70729589827627,309.1968383375473,2.78929496635569,22.21580502259752,0.5194501703369023,4.276792326045231,177.67234699280755,1.6027996463101568,12.76576513499292,0.1903170402038558,6.707631182851007
dup64_half,adam,300,20,12288,193.70729589827627,301.8534755301257,2.723049771142847,21.688184115420665,0.531213724925599,4.082760496908899,179.56204110477634,1.61984676200127,12.901539731426597,0.1943028118724815,6.639914063566777
dup64_half,adam,300,21,12288,193.70729589827627,294.577279993288,2.6574104984573843,21.16538917928289,0.5420288305524021,3.9048456440430366,180.50530883575357,1.6283560726012323,12.969313555079415,0.19224157830446492,6.74636239957368
dup64_half,adam,300,22,12288,193.70729589827627,301.4202762579018,2.7191418380736088,21.657058730635352,0.5532123090127604,3.9147825125734523,178.71794472539477,1.6122320858784895,12.840891373295102,0.18951389543341604,6.775699134846094
dup64_half,adam,300,23,12288,193.70729589827627,312.4818332736305,2.818929227459349,22.451832038244344,0.5656481183466346,3.9692224388317765,178.67464595907313,1.6118414834661243,12.837780355228125,0.1918126384436603,6.692875119904505
dup64_half,adam,300,24,12288,193.70729589827627,311.911057264079,2.8137802011661996,22.41082175945899,0.5772859990946636,3.8821003444748454,176.08218360831785,1.588454626652491,12.651511833135638,0.19553289776767713,6.470272766154962
dup64_half,adam,300,25,12288,193.70729589827627,308.07539754548304,2.779178339118525,22.135229457482303,0.5868410533646338,3.7719292695305984,179.25044539655346,1.6170358265946947,12.879151567508178,0.1907507072701611,6.751823755634822
dup64_half,adam,300,26,12288,193.70729589827627,307.438836996108,2.773435864047632,22.08949255691751,0.5967240012485248,3.7017938796997765,175.823516400565,1.5861211644333248,12.63292658406235,0.18940688202889233,6.669729446333058
dup64_half,adam,300,27,12288,193.70729589827627,313.67975070512495,2.829735757952166,22.53790245291721,0.6070082297518304,3.712948416223552,188.04921585508396,1.6964103967942308,13.51134357178705,0.1909554377515118,7.075652692000954
dup64_half,adam,300,28,12288,193.70729589827627,320.83612388207126,2.8942941013917185,23.052088147773585,0.617513851513545,3.7330479456083814,187.0839772672905,1.68770288494275,13.441991141205929,0.1920704533523423,6.998469002698381
dup64_half,adam,300,29,12288,193.70729589827627,330.16838970731453,2.9784813855534895,23.722611815180304,0.6276104782497309,3.7798304262442377,193.67424431520072,1.7471543295387264,13.915502088376064,0.19192309071349536,7.2505616893952896
dup64_half,adam,300,30,12288,193.70729589827627,325.37786709425825,2.9352656118002547,23.378412576597473,0.6368336054407244,3.671039401323412,188.61636031271837,1.701526662501803,13.552092923424011,0.1903120413723366,7.120985527610403
dup64_half,adam,300,31,12288,193.70729589827627,328.0194500639476,2.9590955905289555,23.568210417096626,0.6460419361737251,3.648092963853507,195.67456570590647,1.765199424747941,14.059225259147741,0.19271575865119672,7.295316873693784
dup64_half,adam,300,32,12288,193.70729589827627,332.2375375569364,2.997147370990557,23.87128016973813,0.6548906664549893,3.6450786967168978,182.24018585925597,1.6440065681720137,13.09396453760414,0.2005693475204462,6.528397633775684
dup64_half,adam,300,33,12288,193.70729589827627,332.5792126502906,3.0002296554768604,23.895829538663914,0.6642876614188119,3.5972111069512045,186.545397706174,1.682844305964771,13.403294178509764,0.193735876421665,6.918333571494818
dup64_half,adam,300,34,12288,193.70729589827627,336.9638030840988,3.0397834752775705,24.210862534166576,0.6724640429353146,3.6003207589339405,193.20959168665743,1.7429626526610837,13.882116778699364,0.1964808541185426,7.065378884358819
dup64_half,adam,300,35,12288,193.70729589827627,335.9313059114957,3.0304692171441343,24.13667757161566,0.6815959588686717,3.541200216573798,191.4924021838572,1.7274717179471568,13.758736645234304,0.19387702371375762,7.096630834166234
dup64_half,adam,300,36,12288,193.70729589827627,341.4389541745561,3.0801542516328793,24.532402316419233,0.6894681650017406,3.5581631700656255,194.6742560780136,1.7561755336083016,13.987352972953033,0.19208381589456505,7.281900824289487
dup64_half,adam,300,37,12288,193.70729589827627,342.8957073060658,3.093295764330066,24.63707008634108,0.6979978328392058,3.52967716047574,198.1131774822193,1.7871983804589284,14.234439611401992,0.19494691785570223,7.301700261780073
dup64_half,adam,300,38,12288,193.70729589827627,346.452530021613,3.1253822104594557,24.89262793865741,0.7057088102843937,3.527322824356681,193.9707456311945,1.7498290969544152,13.936805719617823,0.19546151324687105,7.130204554395019
dup64_half,adam,300,39,12288,193.70729589827627,344.9643933515736,3.1119575837869844,24.785705260255114,0.7134867928679598,3.473884241168012,184.15023844161612,1.6612373396187632,13.231201890937934,0.19445766965229846,6.804155328301571
dup64_half,adam,300,40,12288,193.70729589827627,338.12972128344063,3.0503013375626185,24.29463380274792,0.7211350063652396,3.3689438993124123,186.0675965685156,1.6785340150984245,13.368964147934852,0.19424345200633708,6.882581631373961
dup64_half,adam,300,41,12288,193.70729589827627,343.2001025522963,3.0960417436636787,24.658940896781516,0.7281806627088349,3.3863767825212716,205.7899290670065,1.856451108489847,14.786014515374221,0.19332759428094165,7.648165576346716
dup64_half,adam,300,42,12288,193.70729589827627,352.78067585598217,3.1824690339117097,25.34730546630222,0.7357142614247371,3.4452649344075854,194.8332129403341,1.7576094990340871,13.998774029776587,0.1941791942644898,7.209203891694481
dup64_half,adam,300,43,12288,193.70729589827627,358.0281474418166,3.22980698910931,25.72433650659136,0.7432635911698127,3.460997795695087,199.976261798696,1.8040054465783157,14.368302292980646,0.19232506983963002,7.470842103404218
dup64_half,adam,300,44,12288,193.70729589827627,356.48687938324446,3.2159030589763415,25.613596335828632,0.7508500925197743,3.411279640370301,204.08675026777163,1.841086565705217,14.663641051512611,0.1980410528610872,7.404344119397402
dup64_half,adam,300,45,12288,193.70729589827627,362.4556029108748,3.2697474985919013,26.042449356566404,0.7580191940198439,3.435592338824688,205.50327898492264,1.8538652100202477,14.765418695677207,0.19805382486772774,7.455255512252006
dup64_half,adam,300,46,12288,193.70729589827627,362.6605352220231,3.2715962130451377,26.057173751200512,0.7648388868713152,3.4068840115846064,185.5649977012316,1.6740000214840367,13.332852399508852,0.19105414738977206,6.978572609736823
dup64_half,adam,300,47,12288,193.70729589827627,357.8705653921492,3.2283854260031397,25.713014230111128,0.7716221767960303,3.3323321961634176,193.60304493670117,1.7465120329708694,13.910386410224305,0.19718394612409507,7.05452278628707
dup64_half,adam,300,48,12288,193.70729589827627,355.81265453169715,3.209820810546104,25.56515325366809,0.7785320411997468,3.2837637888700426,197.21248698839184,1.779073163285994,14.169724963916712,0.19324328640462837,7.332583308610784
dup64_half,adam,300,49,12288,193.70729589827627,354.6609393702648,3.1994310752573116,25.48240247392041,0.785177173547135,3.2454334298589584,200.74478919252448,1.8109384074799795,14.423521016521343,0.19439043960854932,7.419871597372011
dup64_half,adam,300,50,12288,193.70729589827627,358.73336623981146,3.2361688369664963,25.77500650502589,0.7918161609198705,3.2551756047871625,198.67073186373247,1.7922281331504049,14.274499915691615,0.20007933734748448,7.134419828120788
dup64_half,sgd,300,1,12288,193.70729589827627,1.4539855600099385,0.013116546163586982,0.10446891980049892,0.005210834553132091,2.0048404672089526,15.741818230288157,0.1420084842623598,1.1310502603634967,0.01293342355041317,8.745172969514048
dup64_half,sgd,300,2,12288,193.70729589827627,16.08254502967599,0.14508221409590175,1.155531494330418,0.014044077974321494,8.227891474564707,17.898548325894776,0.16146455771966992,1.2860114027476826,0.012523007590019078,10.269189677507201
dup64_half,sgd,300,3,12288,193.70729589827627,26.09059837340516,0.23536584365943566,1.8746105215788118,0.018651550574672913,10.050695324625504,17.96611912834698,0.1620741205475627,1.2908663675674061,0.013017627596455209,9.916295100644284
dup64_half,sgd,300,4,12288,193.70729589827627,30.93930845967391,0.2791065323083375,2.2229905324056167,0.022458390083861524,9.898263072752687,18.323870775843776,0.16530143320358315,1.3165708375420488,0.013645679916013315,9.648261176030095
dup64_half,sgd,300,5,12288,193.70729589827627,34.05535665314947,0.30721670829757125,2.44687871793647,0.025366291407919517,9.646182323571901,16.77064927894145,0.15128966993252577,1.2049718117641097,0.01363041318167191,8.840317572943212
dup64_half,sgd,300,6,12288,193.70729589827627,36.497276158335495,0.32924550335473607,2.622330730640647,0.027572376578608684,9.51071708731526,16.65005525785351,0.15020177945537294,1.196307126595318,0.013647413014794057,8.765816094951461
dup64_half,sgd,300,7,12288,193.70729589827627,38.44286462310601,0.3467968474776656,2.7621213385263936,0.02920969663027427,9.456179478644787,17.32494054421988,0.15628998573280642,1.2447976610236402,0.014952258487777419,8.325148084091698
dup64_half,sgd,300,8,12288,193.70729589827627,37.99898148319944,0.3427925341915125,2.730228317426943,0.03056258448749088,8.933237693115947,16.801830676903467,0.1515709603779489,1.2072121964368017,0.01570221764532973,7.6881636957558
dup64_half,sgd,300,9,12288,193.70729589827627,38.6365395979714,0.3485440083975691,2.7760368931048296,0.031614501168840355,8.780897342896955,17.378545279870306,0.1567735593040191,1.248649163393136,0.015362464268845142,8.127922327704798
dup64_half,sgd,300,10,12288,193.70729589827627,39.52733615754076,0.3565799714203904,2.8400406610236635,0.0326441256863649,8.700005288271262,17.11624629957768,0.15440733450901734,1.2298029713197045,0.015914947507431873,7.727345445188669
dup64_half,sgd,300,11,12288,193.70729589827627,39.83936853046792,0.3593948460220369,2.862460199318297,0.033439549688883075,8.560103906751822,17.107740358160505,0.15433060157828427,1.2291918190935902,0.015857588219070944,7.751442414271527
dup64_half,sgd,300,12,12288,193.70729589827627,40.1401521244379,0.3621082442868242,2.884071512401448,0.03414642082273573,8.446189799433224,17.196126527520548,0.15512794187004458,1.2355423688461507,0.016182468055526533,7.635067559575352
dup64_half,sgd,300,13,12288,193.70729589827627,40.14394086350751,0.3621424228731012,2.8843437334529454,0.03493374297624784,8.256612340149376,16.16312125338682,0.14580910010292877,1.1613208991802269,0.016414538292675182,7.074953181585705
dup64_half,sgd,300,14,12288,193.70729589827627,40.19505987854373,0.36260357251516173,2.8880166366983278,0.03548467723337554,8.138771046737798,17.200498042846647,0.15516737773801786,1.2358564623946489,0.016379587907010724,7.5451010697630725
dup64_half,sgd,300,15,12288,193.70729589827627,40.4103291466241,0.3645455376694501,2.9034837420954727,0.036239244509017575,8.011987505349305,16.081592224012034,0.14507361874267408,1.1554630352059045,0.01676855353632825,6.8906541801751136
dup64_half,sgd,300,16,12288,193.70729589827627,39.987030449319136,0.3607269186563776,2.8730697140083534,0.036984384987635906,7.76833172964438,17.376328299591826,0.1567535597077602,1.2484898732727374,0.016887112822364814,7.393151727033367
dup64_half,sgd,300,17,12288,193.70729589827627,40.75849513767485,0.3676863771796973,2.928499482276615,0.037450924083200485,7.819565348429585,15.507755981042358,0.13989698578409118,1.1142328785288265,0.016678127562349678,6.680803191865317
dup64_half,sgd,300,18,12288,193.70729589827627,40.03948846113121,0.3612001475195159,2.8768388242248615,0.03802730409749383,7.565192675371531,16.351780491799943,0.1475110135729745,1.174876072896855,0.016771569316908097,7.005164816105879
dup64_half,sgd,300,19,12288,193.70729589827627,40.09247948114213,0.36167818470182744,2.8806462311014673,0.03852378126861425,7.477579137457002,16.014835329591914,0.14447139825886596,1.150666549710369,0.016798739841790266,6.849719446501892
dup64_half,sgd,300,20,12288,193.70729589827627,41.211116492918286,0.37176951876236564,2.961020344492466,0.039091547005547976,7.574579599196291,15.810178087454426,0.1426251652301209,1.1359619187955294,0.016659176588416428,6.818835929654496
dup64_half,sgd,300,21,12288,193.70729589827627,41.58035215331447,0.3751004298236804,2.987549941246611,0.03944946120147734,7.573107085008123,15.481264712617811,0.13965800545665233,1.1123294798482795,0.01663263139134199,6.687633806562295
dup64_half,sgd,300,22,12288,193.70729589827627,40.94766912760728,0.36939293427362174,2.942091640910196,0.0398470123236798,7.383468594863273,15.605208553023957,0.14077611498200987,1.121234849667129,0.016332460700515763,6.86506993787973
dup64_half,sgd,300,23,12288,193.70729589827627,40.05516384893185,0.36134155672836515,2.8779651014562364,0.040248859128607706,7.150426530750193,14.985295985844983,0.13518382298927845,1.0766941072793579,0.01657316285888591,6.4966121219407125
dup64_half,sgd,300,24,12288,193.70729589827627,39.78228238028998,0.3588798662693457,2.858358557177767,0.040658485602744925,7.0301648347295895,15.81488470511752,0.1426676240891015,1.1363000894601498,0.016318349377257162,6.963327375768827
dup64_half,sgd,300,25,12288,193.70729589827627,39.99770424409719,0.36082320800463363,2.8738366265839006,0.04108388751874797,6.995045503599122,16.600676317880676,0.14975632720091023,1.1927592478118312,0.01609637740408447,7.410109851855035
dup64_half,sgd,300,26,12288,193.70729589827627,40.50861806470503,0.3654322116274561,2.9105458047339794,0.041498161013724416,7.013674181300211,16.885039575686964,0.15232159600469303,1.2131907590943576,0.016523570350805494,7.342182914089246
dup64_half,sgd,300,27,12288,193.70729589827627,40.53158807872969,0.36563942637402524,2.912196201147092,0.042066194033711854,6.9228896695842215,15.81935192657702,0.1427079233314792,1.1366210594981059,0.016255261985273918,6.992326918679019
dup64_half,sgd,300,28,12288,193.70729589827627,41.1381034019675,0.3711108605168218,2.9557743510295924,0.042483573856991724,6.957452216659844,15.858071653619888,0.1430572177819659,1.1394030734124054,0.016236123570311373,7.017703877887857
dup64_half,sgd,300,29,12288,193.70729589827627,40.92986905084677,0.3692323580375393,2.940812704693303,0.042864280925003564,6.860753618703237,15.6368905326573,0.14106192122372505,1.1235112011526376,0.016120431387799426,6.969485953105169
dup64_half,sgd,300,30,12288,193.70729589827627,41.48443661865706,0.37423516639002535,2.980658406300639,0.04312732577440967,6.91129893351575,15.99713724155816,0.144311742073078,1.1493949413875133,0.016198577259735707,7.09565366734107
dup64_half,sgd,300,31,12288,193.70729589827627,41.13657566975955,0.37109707869492325,2.955664583410231,0.04355654880360752,6.785809860044355,15.7260493112052,0.1418662312986508,1.1299172629058007,0.016225494456023698,6.963838704381178
dup64_half,sgd,300,32,12288,193.70729589827627,41.48291841495358,0.374221470525699,2.980549323304699,0.043961405291147185,6.779922760806086,16.61726323117991,0.14990595937057175,1.1939510181862105,0.0165380687776157,7.219410163550806
dup64_half,sgd,300,33,12288,193.70729589827627,41.00609289031447,0.36991998075996657,2.9462893905636793,0.0442748014298996,6.654551337126935,16.308183141721138,0.14711771760728776,1.1717436015751552,0.016132495102566643,7.26325093623449
dup64_half,sgd,300,34,12288,193.70729589827627,41.04370820394563,0.3702593121888822,2.9489920523308135,0.044591301432361515,6.613379644915732,16.308151146311257,0.1471174289735611,1.171741302703694,0.016360859942472654,7.16185644778893
dup64_half,sgd,300,35,12288,193.70729589827627,40.76933795051441,0.36778419125644257,2.9292785388065443,0.04493605562179898,6.518770947456097,16.218221785067286,0.14630616739665078,1.1652798745534432,0.016290245487074098,7.1532370428552685
dup64_half,sgd,300,36,12288,193.70729589827627,42.032897672493206,0.37918288728178046,3.0200653546382235,0.04527603706821015,6.670339433834226,16.125716484682638,0.14547166802042355,1.1586333650743952,0.016298680351785652,7.108755678783881
dup64_half,sgd,300,37,12288,193.70729589827627,41.42836500755873,0.3737293388937517,2.976629658832971,0.045524172972331634,6.538569433522903,16.801079003711656,0.1515641794604546,1.2071581886883402,0.01636301141908233,7.377359568915097
dup64_half,sgd,300,38,12288,193.70729589827627,40.92701530036268,0.36920661407488015,2.940607662608531,0.04586196038016678,6.411866475468438,16.40721839441818,0.1480111243229737,1.178859288385249,0.016094889623769766,7.324432263544376
dup64_half,sgd,300,39,12288,193.70729589827627,41.5916464717502,0.3752023169766364,2.988361438471422,0.046264228969932285,6.459334792791201,16.22304189378511,0.14634965006955328,1.1656261995548196,0.01616865540475414,7.2091721319763264
dup64_half,sgd,300,40,12288,193.70729589827627,41.670393588605286,0.3759127024315456,2.9940194219215455,0.046489238604877324,6.440241896341649,16.353587894878327,0.14752731833319074,1.1750059348792818,0.016162722668169864,7.269851491007054
dup64_half,sgd,300,41,12288,193.70729589827627,42.28248170055573,0.38143440924720745,3.0379979768927186,0.04690739611677245,6.476586270808659,15.460135472583506,0.13946739651256515,1.1108113431189337,0.015928649600887544,6.973669274870855
dup64_half,sgd,300,42,12288,193.70729589827627,41.420750789405005,0.3736606502859279,2.9760825769584853,0.047221539252526486,6.3023836665791375,16.333974643579268,0.14735038527198457,1.1735967220003216,0.016220617102916144,7.235216234709912
dup64_half,sgd,300,43,12288,193.70729589827627,42.32349020550865,0.38180435098742044,3.0409444395900755,0.04750429343354838,6.401409682777233,16.77256412792902,0.15130694397281377,1.2051093937393471,0.016180138782547978,7.448078226864081
dup64_half,sgd,300,44,12288,193.70729589827627,41.91787740524868,0.37814527818403215,3.0118011439027894,0.047858710021891654,6.293109744339376,16.752676962967456,0.15112753990962663,1.2036805001529385,0.016393881893223855,7.342254311655498
dup64_half,sgd,300,45,12288,193.70729589827627,42.29137388328854,0.3815146264986836,3.038636880572587,0.048117244597916164,6.315068341848034,16.637191875510727,0.1500857376232121,1.1953828920669352,0.015881399835257652,7.526936570245615
dup64_half,sgd,300,46,12288,193.70729589827627,41.31015369896593,0.37266294309941866,2.968136171650877,0.04840954481982745,6.131303615222583,16.34128602803271,0.14741634198733367,1.1741220452615044,0.016202505790612675,7.246546061670048
dup64_half,sgd,300,47,12288,193.70729589827627,41.31200050296989,0.3726796032992441,2.96826886459136,0.04876128738347465,6.08734720485931,16.230084288568875,0.14641318020274308,1.1661321958976332,0.016353134929808916,7.130939730534342
dup64_half,sgd,300,48,12288,193.70729589827627,41.64952989883638,0.37572448904241484,2.992520364989236,0.04907229073356362,6.098187633499782,14.92957681062395,0.13468117485157707,1.072690682343366,0.016351750082735768,6.56009709612622
dup64_half,sgd,300,49,12288,193.70729589827627,41.962644459779824,0.37854912616816316,3.0150176585354975,0.04943165898226726,6.099365711389703,16.27838641775254,0.1468489184415965,1.1696027057834721,0.016216333982489742,7.212497640011603
dup64_half,sgd,300,50,12288,193.70729589827627,41.459742437222886,0.37401239776036227,2.978884128391188,0.04973222375776625,5.9898470313747065,16.05482262970385,0.14483212761017522,1.1535396387996468,0.016142978003766878,7.14576727125859
gray32,adam,300,1,1024,58.62374631041768,1.3521451274066327,0.04225453523145727,0.1765983019299693,0.01805145589232342,0.9783050352468782,43.23611582815926,1.3511286196299768,5.646897276437236,0.16210061330989162,3.4835755159309154
gray32,adam,300,2,1024,58.62374631041768,43.29446568545206,1.3529520526703769,5.654518119427314,0.16333647484216726,3.461883284117218,38.98646922945937,1.2183271634206052,5.091867821446509,0.17202448706999077,2.9599668676092636
gray32,adam,300,3,1024,58.62374631041768,59.2385519658352,1.85120474893235,7.736911869823763,0.24127648792907913,3.2066580279873573,38.92510887952587,1.2164096524851835,5.08385378997574,0.21022265111354305,2.4183187506421024
gray32,adam,300,4,1024,58.62374631041768,62.19629004287908,1.9436340638399712,8.123210286593105,0.3002239999613486,2.7057164942306087,38.12808867126043,1.1915027709768884,4.97975814777681,0.21780864875283254,2.2862995460881805
gray32,adam,300,5,1024,58.62374631041768,59.87586358760267,1.8711207371125835,7.8201486081909195,0.33032526455392097,2.3674085658423474,33.36156061376549,1.0425487691801716,4.357220859438812,0.22350070081738227,1.9495334213734772
gray32,adam,300,6,1024,58.62374631041768,59.06098464709734,1.845655770221792,7.713720507941251,0.3506564126818535,2.199794507947533,34.072959681319794,1.0647799900412436,4.450133864691149,0.21881664027294398,2.0337273523349104
gray32,adam,300,7,1024,58.62374631041768,57.039828688114426,1.7824946465035758,7.449745359817465,0.36868352049676056,2.0206342148897107,32.91356101078398,1.0285487815869994,4.298709411556308,0.21790002111524465,1.9727898095442464
gray32,adam,300,8,1024,58.62374631041768,56.83600042855573,1.7761250133923665,7.423124160810191,0.38724148803672853,1.916923777574714,34.0367341632534,1.0636479426016687,4.4454025937296295,0.2263129742988247,1.9642720915593195
gray32,adam,300,9,1024,58.62374631041768,58.75573373538124,1.8361166792306638,7.673852899369507,0.40698248586811,1.885548682273359,34.41014884621293,1.075317151444154,4.494172801593965,0.2267821888515426,1.9817133013633468
gray32,adam,300,10,1024,58.62374631041768,58.19508280843173,1.8185963377634915,7.6006285097178985,0.4223235303740647,1.7997170328126855,33.232282437179855,1.0385088261618705,4.340336350521183,0.22228402870226754,1.952608280433288
gray32,adam,300,11,1024,58.62374631041768,58.16380825287277,1.817619007902274,7.596543864295318,0.43633360356521633,1.7409944597952343,34.16608136500725,1.0676900426564766,4.462296117750187,0.22472524943734032,1.9856674445451663
gray32,adam,300,12,1024,58.62374631041768,57.374364385994326,1.7929488870623227,7.493437737938042,0.4507300505139362,1.6625112369130468,32.48477203866951,1.0151491262084222,4.242706987832054,0.22989359990046984,1.8455089613929625
gray32,adam,300,13,1024,58.62374631041768,57.251703875133714,1.7891157460979286,7.477417536043448,0.46449553002235994,1.609793217102326,33.396180823378785,1.043630650730587,4.361742467442454,0.22837545266700326,1.909899867304197
gray32,adam,300,14,1024,58.62374631041768,58.866194850751015,1.8395685890859692,7.688279786697058,0.47865396223526424,1.6062292163619811,33.71888755940018,1.0537152362312556,4.403889911860676,0.22391870162728772,1.9667360876319047
gray32,adam,300,15,1024,58.62374631041768,59.64073524798884,1.8637729764996513,7.789439430108049,0.49164315366834616,1.5843685347772927,33.87402979050559,1.0585634309532996,4.424152422160433,0.22633005077072926,1.9547348693179358
gray32,adam,300,16,1024,58.62374631041768,60.26899139649972,1.8834059811406163,7.871493469097843,0.5045995620194104,1.5599485337633034,34.416116705281816,1.0755036470400567,4.4949522399518465,0.22600072793928447,1.9889105141110093
gray32,adam,300,17,1024,58.62374631041768,59.71890055976813,1.866215642492754,7.7996482908658615,0.5155372281544359,1.5129165974662406,34.252763860104324,1.0703988706282601,4.473617373975512,0.22406881529593087,1.9965372548907092
gray32,adam,300,18,1024,58.62374631041768,60.57912145921007,1.8930975456003147,7.911998324192153,0.529226630239741,1.4950113754872836,34.70284397530032,1.084463874228135,4.532400549290801,0.23299068815299567,1.9453140317412834
gray32,adam,300,19,1024,58.62374631041768,61.26976599390916,1.9146801873096613,8.00220066238273,0.5411059789684687,1.4788601444836433,34.502327076923706,1.0781977211538658,4.506211834008817,0.2312523648132396,1.9486122175001552
gray32,adam,300,20,1024,58.62374631041768,61.52243531858025,1.9225761037056328,8.03520079881948,0.5521703258686982,1.4552032991229935,34.15296152428418,1.0672800476338806,4.46058258748903,0.23203755602663861,1.9223537188854642
gray32,adam,300,21,1024,58.62374631041768,60.45825106069431,1.8893203456466972,7.896211921757362,0.5629073034787054,1.4027552801251002,33.75383452891986,1.0548073290287456,4.408454196677211,0.23546246581145858,1.8722534742361803
gray32,adam,300,22,1024,58.62374631041768,59.94135421578543,1.8731673192432947,7.828702078890906,0.5733238143524979,1.3654939639534263,34.63838778705178,1.082449618345368,4.52398218267996,0.2302929268893656,1.9644468650369422
gray32,adam,300,23,1024,58.62374631041768,61.88800376585027,1.934000117682821,8.082946241019817,0.5848260830243932,1.3821111054451167,35.18589371449671,1.099559178578022,4.5954897561819354,0.23398266464478054,1.964030011863722
gray32,adam,300,24,1024,58.62374631041768,62.17038213540141,1.942824441731294,8.119826557750411,0.5964750206046341,1.3613020289633444,33.48259066757575,1.0463309583617422,4.373028113817178,0.2288450033943875,1.910912647841726
gray32,adam,300,25,1024,58.62374631041768,60.84314351799578,1.901348234937368,7.946481196118066,0.6050834526229657,1.3132868138553455,34.29320470082582,1.0716626469008068,4.4788991914781455,0.23308389372875135,1.9215824482022819
gray32,adam,300,26,1024,58.62374631041768,62.07233812142224,1.939760566294445,8.107021418692351,0.6162534120998067,1.3155337170578392,34.36430515505593,1.0738845360954978,4.488185339265824,0.22954396454763648,1.9552617504497294
gray32,adam,300,27,1024,58.62374631041768,63.1163458774819,1.9723858086713093,8.243375123028414,0.6265644286924137,1.3156468426130785,34.5777160004615,1.0805536250144219,4.516058081731233,0.23539113463322192,1.9185336307452672
gray32,adam,300,28,1024,58.62374631041768,63.28697607387685,1.9777180023086516,8.26566045492849,0.6364049679986294,1.2988051430400351,36.060212560027175,1.1268816425008492,4.709681066224365,0.23113270830889487,2.0376523516222385
gray32,adam,300,29,1024,58.62374631041768,64.31417264628328,2.0098178951963526,8.399818517371965,0.6455389903106566,1.3012100962839857,35.545261911949034,1.1107894347484073,4.642425408392166,0.23406873498063513,1.9833598916045923
gray32,adam,300,30,1024,58.62374631041768,63.38344635131466,1.9807326984785831,8.278260054510604,0.6531495641807213,1.2674371244348062,34.525010644593095,1.0789065826435342,4.509174444642049,0.22564988140453893,1.9983057011043248
gray32,adam,300,31,1024,58.62374631041768,63.91078511407911,1.9972120348149722,8.347133674774035,0.6643152486478238,1.2565018930039848,34.443839576728095,1.076369986772753,4.498573014026169,0.23725627907989716,1.8960817523869424
gray32,adam,300,32,1024,58.62374631041768,63.91157722485764,1.9972367882768012,8.347237129215124,0.6726347743337168,1.2409761504649444,35.95836576423016,1.1236989301321925,4.696379260944589,0.23660817917572152,1.9848761261362546
gray32,adam,300,33,1024,58.62374631041768,63.73186327685758,1.9916207274017994,8.323765404614962,0.6816000729002379,1.2212095825044411,36.81018907776633,1.1503184086801979,4.807632518946094,0.23704461871845342,2.028155097946474
gray32,adam,300,34,1024,58.62374631041768,65.67396784032378,2.0523114950101182,8.577415964105114,0.6897554655635543,1.2435444722568547,34.37007459536291,1.0740648311050909,4.488938862937689,0.23329278189672464,1.9241653455548733
gray32,adam,300,35,1024,58.62374631041768,63.48428260661692,1.9838838314567788,8.29142987711205,0.6988664665061803,1.1864111778839694,35.86740845710964,1.1208565142846763,4.68449968850815,0.2346663306298309,1.9962385212805018
gray32,adam,300,36,1024,58.62374631041768,65.72132975084027,2.0537915547137584,8.58360171503069,0.7064805837629092,1.2149805546405925,37.20660214826849,1.1627063171333902,4.859406454816273,0.24001571306390934,2.0246201354001987
gray32,adam,300,37,1024,58.62374631041768,66.77332501689415,2.086666406777942,8.720998636306295,0.7151807512382086,1.2194118229842503,33.51057415684574,1.0472054424014294,4.376682926149812,0.2329941271872885,1.8784520361029045
gray32,adam,300,38,1024,58.62374631041768,66.52284996695742,2.0788390614674195,8.68828508537298,0.7242876107338729,1.1995628472188988,36.04638853498388,1.1264496417182464,4.707875565247437,0.23545633104418254,1.9994686676588111
gray32,adam,300,39,1024,58.62374631041768,65.9892774900709,2.0621649215647158,8.618597304479628,0.7328637152014151,1.176016375993039,37.07193598191291,1.1584979994347784,4.841818241965611,0.23302213206429748,2.07783621198248
gray32,adam,300,40,1024,58.62374631041768,68.18842082106063,2.1308881506581447,8.905818675974176,0.741425557718645,1.2011750314323184,37.2844871768313,1.165140224275978,4.869578708896972,0.23636195209079197,2.0602210575018676
gray32,adam,300,41,1024,58.62374631041768,68.33349686615719,2.135421777067412,8.924766481720374,0.749309455816857,1.1910655087077568,36.24475684435616,1.13264865138613,4.733783661857637,0.23415641729906947,2.021633110234835
gray32,adam,300,42,1024,58.62374631041768,68.11377280201508,2.128555400062971,8.896069194843282,0.7572413361165966,1.1747997329973419,35.96294550942941,1.123842047169669,4.69697740326605,0.23937301062538247,1.962200078862189
gray32,adam,300,43,1024,58.62374631041768,67.60985113914867,2.112807848098396,8.830253988942555,0.7640335938236492,1.1557415878470803,36.89227866998786,1.1528837084371206,4.818353914378144,0.23820432646698497,2.022781863723187
gray32,adam,300,44,1024,58.62374631041768,67.85120337214772,2.1203501053796163,8.861776045007932,0.7717808261206284,1.148224436923605,37.8048668818179,1.1814020900568094,4.937543434277975,0.23996218823587726,2.0576339424878407
gray32,adam,300,45,1024,58.62374631041768,69.7160221221106,2.1786256913159563,9.105332611515141,0.7796899234774546,1.1678145808150142,37.26326331587385,1.1644769786210578,4.866806744756798,0.23868069007812961,2.0390450283865444
gray32,adam,300,46,1024,58.62374631041768,69.76803493866154,2.1802510918331732,9.112125798796086,0.7854341812814586,1.1601386871054415,36.72604571016317,1.147688928442599,4.796642888072752,0.2377138881358393,2.017821897444947
gray32,adam,300,47,1024,58.62374631041768,70.10336080510095,2.1907300251594046,9.155921377692247,0.793536238792031,1.1538126338917987,36.32285559990677,1.1350892374970865,4.743983829970903,0.24013511262227266,1.9755477564970214
gray32,adam,300,48,1024,58.62374631041768,69.28232280537706,2.1650725876680332,9.04868886719294,0.800638423221145,1.130184188611392,36.84445664387632,1.151389270121135,4.812108069583106,0.241738560020313,1.9906249417464679
gray32,adam,300,49,1024,58.62374631041768,70.15402256902016,2.19231320528188,9.16253810935778,0.8081166899631789,1.1338137453608665,40.05516866257752,1.2517240207055476,5.231446407603282,0.23597559889296688,2.2169437993358567
gray32,adam,300,50,1024,58.62374631041768,71.90594446238342,2.2470607644494818,9.391349666054568,0.815992135992519,1.1509117860102351,37.76679654294336,1.18021239196698,4.9325712186016615,0.23901369704567582,2.0637190586023366
gray32,sgd,300,1,1024,58.62374631041768,1.3521451274066327,0.04225453523145727,0.1765983019299693,0.01805145589232342,0.9783050352468782,10.485946381484917,0.32768582442140365,1.3695277877831287,0.05120948456197385,2.674363547099801
gray32,sgd,300,2,1024,58.62374631041768,10.924270629787047,0.34138345718084523,1.4267755760389287,0.05489309799142709,2.5991893849054666,11.280490530441533,0.3525153290762979,1.4733000417151092,0.04600250546840781,3.2026517397555594
gray32,sgd,300,3,1024,58.62374631041768,16.529285871425653,0.5165401834820517,2.158824343513649,0.07086431012702582,3.0464197557894934,10.729006841033693,0.3352814637823029,1.401272948530007,0.04832191813968796,2.899870291736428
gray32,sgd,300,4,1024,58.62374631041768,19.119457678736968,0.5974830524605302,2.4971163904297766,0.08352994077726555,2.9894866046755535,10.290998149930946,0.32159369218534206,1.344066373946056,0.04615380651138689,2.912146311517021
gray32,sgd,300,5,1024,58.62374631041768,21.211154949827645,0.6628485921821139,2.770304659010563,0.09240200458780877,2.998100172575767,9.95039468902992,0.310949834032185,1.2995815094093939,0.040829496568286675,3.1829476693053627
gray32,sgd,300,6,1024,58.62374631041768,23.788498270155745,0.743390570942367,3.106921228219714,0.09765736407592868,3.181451043266005,9.405433789801638,0.2939198059313012,1.22840633192935,0.039539014000525334,3.106820852722905
gray32,sgd,300,7,1024,58.62374631041768,24.497138241599377,0.7655355700499805,3.1994738788931443,0.10087055884522698,3.17186096272385,9.059264552997702,0.2831020172811782,1.1831945435193147,0.041423607611809445,2.856329063869363
gray32,sgd,300,8,1024,58.62374631041768,24.778028060831755,0.7743133769009923,3.2361597819818124,0.10353089549640754,3.125791355773702,8.64394924292186,0.2701234138413081,1.1289518612522245,0.04252377397964343,2.6548722175803716
gray32,sgd,300,9,1024,58.62374631041768,24.871739918340527,0.7772418724481415,3.2483991152984166,0.10575068587973044,3.07175229009181,9.497737813660674,0.29680430667689606,1.2404617936874183,0.043833701983364934,2.829927059681563
gray32,sgd,300,10,1024,58.62374631041768,24.99059749833577,0.7809561718229928,3.26392263150479,0.10848637074672905,3.0086015497049887,9.428281434943807,0.294633794841994,1.2313903720692898,0.044871108254855935,2.744283392947018
gray32,sgd,300,11,1024,58.62374631041768,25.391892372742607,0.7934966366482065,3.316334160383624,0.11116184031742121,2.9833386627226344,9.498377966281907,0.2968243114463096,1.2405454014774362,0.04264823637772604,2.9087847630795296
gray32,sgd,300,12,1024,58.62374631041768,25.71136377374548,0.8034801179295462,3.3580590505516663,0.1125143072090216,2.984561816048236,10.03059539970921,0.3134561062409128,1.310056205529258,0.04285847835894068,3.0567025608270755
gray32,sgd,300,13,1024,58.62374631041768,26.56310394361465,0.8300969982379578,3.469301449489221,0.11441567404612707,3.0321907189836246,8.933339824582516,0.27916686951820363,1.1667480151412803,0.04284184032281583,2.7233844446218094
gray32,sgd,300,14,1024,58.62374631041768,26.725666776994565,0.8351770867810802,3.4905331351640267,0.11615737770621538,3.005003387724768,8.89273315698567,0.2778979111558022,1.1614445396494213,0.04311743643962606,2.693677165328927
gray32,sgd,300,15,1024,58.62374631041768,26.996611620667707,0.8436441131458658,3.525920164514293,0.11847105692902919,2.976186974196167,9.129921933636744,0.28531006042614826,1.1924228232259515,0.044554874884097234,2.6763015861403696
gray32,sgd,300,16,1024,58.62374631041768,26.840085120845192,0.8387526600264122,3.505476860378209,0.12041160759858356,2.9112449624162684,9.205790149713955,0.2876809421785611,1.2023316694423254,0.04473258850645776,2.6878204673283155
gray32,sgd,300,17,1024,58.62374631041768,26.89005935987173,0.8403143549959916,3.512003797149601,0.12105184818817936,2.9012393034182073,8.895422619516491,0.27798195685989036,1.1617957996631731,0.04472870110164035,2.59742798482598
gray32,sgd,300,18,1024,58.62374631041768,26.605249758759904,0.831414054961247,3.474805946926106,0.12240770314807241,2.8387150951788978,9.268571027501752,0.28964284460942974,1.2105312304112446,0.04565801468103466,2.651300628965089
gray32,sgd,300,19,1024,58.62374631041768,27.095604057745643,0.8467376268045513,3.5388491733444343,0.12361004338511097,2.8629139481158807,9.833411016267478,0.3072940942583587,1.2843027367801556,0.04537827472110557,2.8302149975367454
gray32,sgd,300,20,1024,58.62374631041768,27.64073766966076,0.8637730521768987,3.610046908142179,0.12497639330859388,2.8885830456222146,8.951892099403281,0.27974662810635254,1.1691710540325042,0.04608006253079551,2.5372601290441867
gray32,sgd,300,21,1024,58.62374631041768,27.489330461869294,0.8590415769334154,3.590272214395204,0.12638174675918667,2.8408154709526734,9.50860463859578,0.29714389495611815,1.241881066509553,0.045729935657270473,2.7156851385425242
gray32,sgd,300,22,1024,58.62374631041768,27.27558905986351,0.8523621581207347,3.562356299245808,0.1275194079318551,2.7935797044709383,9.367821198159026,0.29274441244246957,1.2234939008000003,0.045675552604890944,2.678662503295009
gray32,sgd,300,23,1024,58.62374631041768,27.571087052216548,0.8615964703817671,3.600950117775739,0.12862389780042183,2.799596481956349,9.384068043861234,0.29325212637066356,1.2256158367553744,0.04612415600883121,2.65721032710216
gray32,sgd,300,24,1024,58.62374631041768,27.99114903963678,0.8747234074886494,3.6558127447084114,0.12973098420680823,2.81799507423806,9.36823855494253,0.2927574548419541,1.2235484101109997,0.045874632140039416,2.6671568861324677
gray32,sgd,300,25,1024,58.62374631041768,27.919071341214533,0.8724709794129542,3.6463989629401756,0.1306545160007907,2.79087097373512,9.392656072481394,0.29352050226504356,1.2267374850463055,0.045616159412169836,2.6892607813866656
gray32,sgd,300,26,1024,58.62374631041768,27.61528056356388,0.8629775176113712,3.6067220566764324,0.13134664462413956,2.7459567520718915,9.135347528989872,0.2854796102809335,1.1931314386747676,0.047760391672652974,2.4981609172144625
gray32,sgd,300,27,1024,58.62374631041768,27.38711353499401,0.8558472979685628,3.5769220677661235,0.13284021443509458,2.6926500254287076,8.904665474717914,0.2782707960849348,1.1630029722517299,0.0471287853716693,2.467712594500367
gray32,sgd,300,28,1024,58.62374631041768,27.79439477100982,0.8685748365940569,3.6301154515460743,0.13373743669204838,2.714359973793269,9.024316152879145,0.28200987977747327,1.1786300718579454,0.04669940667709035,2.52386519599221
gray32,sgd,300,29,1024,58.62374631041768,27.72827981218457,0.8665087441307678,3.62148043950184,0.1345874431302046,2.6908011291947145,8.445280730074934,0.2639150228148417,1.1030045562591502,0.04501903789078042,2.4500846929139675
gray32,sgd,300,30,1024,58.62374631041768,27.746465272538437,0.8670770397668262,3.623855570213191,0.13442302339169415,2.695859294619247,9.51782589534082,0.29743205922940064,1.2430854182095497,0.045891698500565695,2.70873700217094
gray32,sgd,300,31,1024,58.62374631041768,27.525197998348144,0.8601624374483795,3.594956730804123,0.13532044616292005,2.6566249467400866,9.35619138860548,0.2923809808939212,1.2219749775888031,0.046745748248121985,2.6140879617600215
gray32,sgd,300,32,1024,58.62374631041768,27.210927331590387,0.8503414791121996,3.5539110878691327,0.13634010940741662,2.6066511926062805,8.44797979181425,0.2639993684941953,1.103357069987378,0.04663333140548296,2.3660266953556093
gray32,sgd,300,33,1024,58.62374631041768,27.18915873183079,0.8496612103697122,3.551067977558695,0.13671351161790893,2.5974520993091947,8.139730800193304,0.25436658750604074,1.0630978941130462,0.045311990650577345,2.3461734495646147
gray32,sgd,300,34,1024,58.62374631041768,27.33396524978845,0.854186414055889,3.5699805814363286,0.1370958267296373,2.6040038319157475,9.678203996678509,0.3024438748962034,1.2640317647140182,0.04629691903316224,2.7302718865775906
gray32,sgd,300,35,1024,58.62374631041768,27.408669692893675,0.8565209279029273,3.579737431889438,0.1375154670832467,2.6031525819000416,9.416361029177738,0.2942612821618043,1.2298334952415475,0.04608207455601359,2.6687893439924513
gray32,sgd,300,36,1024,58.62374631041768,27.35279309674316,0.8547747842732237,3.5724396117088975,0.13807312821831036,2.5873532799665675,9.56916196040656,0.299036311262705,1.2497902176682911,0.046339483497065743,2.6970309622622985
gray32,sgd,300,37,1024,58.62374631041768,27.88916132952717,0.871536291547724,3.6424925351702333,0.1388994131446908,2.62239591421158,9.856849306470092,0.3080265408271904,1.2873639187243322,0.046210644271301005,2.785860138989332
gray32,sgd,300,38,1024,58.62374631041768,28.423002189442315,0.8882188184200723,3.7122153685044523,0.1398468288129108,2.654486626558197,9.66124203536222,0.30191381360506936,1.2618164303500186,0.04546522172051916,2.7753442798686305
gray32,sgd,300,39,1024,58.62374631041768,28.562288549538646,0.8925715171730827,3.730407006499847,0.14083597319857108,2.6487600587956144,9.170884459301268,0.28659013935316463,1.1977727759259196,0.04676330624060262,2.5613517781724844
gray32,sgd,300,40,1024,58.62374631041768,28.76160325119947,0.8988001015999835,3.7564387076460766,0.14105486841118212,2.6631046130898985,9.0999610045931,0.28437378139353436,1.1885097453424407,0.04555811695951361,2.6087771502905626
gray32,sgd,300,41,1024,58.62374631041768,28.874080898962525,0.9023150280925789,3.771128966256208,0.14201340353824282,2.6554739709767468,9.266848383789393,0.2895890119934185,1.210306242761423,0.04490609962809998,2.695193420904616
gray32,sgd,300,42,1024,58.62374631041768,29.09261176899316,0.9091441177810362,3.799670414791919,0.14277191153954719,2.661357107164197,8.896575420728478,0.27801798189776494,1.1619463624484638,0.04568116806395183,2.54360037558975
gray32,sgd,300,43,1024,58.62374631041768,29.25203203833515,0.9141260011979735,3.8204916626656673,0.14289612944211963,2.673614518168713,9.006685055743617,0.281458907991988,1.1763273443236102,0.04586271352991665,2.564888236620106
gray32,sgd,300,44,1024,58.62374631041768,28.59854148947448,0.8937044215460775,3.735141858922765,0.143654267440735,2.6000911253567236,9.333656507001672,0.29167676584380225,1.2190317862517475,0.04628625832082008,2.6336796934467546
gray32,sgd,300,45,1024,58.62374631041768,28.09889143258117,0.8780903572681615,3.669884550503655,0.14350635295095898,2.557297621351843,9.262905567394588,0.2894657989810809,1.2097912871800798,0.04382729116710422,2.7603606222602277
gray32,sgd,300,46,1024,58.62374631041768,28.48561608198081,0.8901755025619004,3.720393120193527,0.14429718152360937,2.578285369756034,9.085956551241726,0.2839361422263039,1.1866806793411797,0.044972993940015846,2.6386517226848465
gray32,sgd,300,47,1024,58.62374631041768,28.23025478126141,0.8821954619144191,3.6870413954624937,0.14524862499800725,2.538434629252482,9.355699829188389,0.29236561966213714,1.221910776966698,0.04491587559115973,2.7204429633944223
gray32,sgd,300,48,1024,58.62374631041768,28.032712424982535,0.8760222632807042,3.661241173303646,0.14582293939208685,2.510744323606965,9.835314520830403,0.3073535787759501,1.284551345946964,0.0454878724154463,2.823942465840124
gray32,sgd,300,49,1024,58.62374631041768,28.322661553103966,0.885083173534499,3.699110276726389,0.14668084315898366,2.5218768838934316,9.842323754706502,0.3075726173345782,1.285466794130195,0.045464826177205805,2.827387460187135
gray32,sgd,300,50,1024,58.62374631041768,27.863086489179462,0.8707214527868582,3.6390870038887413,0.1477204697761202,2.463495417665548,9.035344228424004,0.2823545071382501,1.1800704049814414,0.04569247593596721,2.582636157942449
avg16,adam,300,1,768,45.21984874162117,1.378352190571416,0.04973700051653234,0.20497252359972254,0.020852992001068726,0.9829405947559833,33.86876937862366,1.2221339448668578,5.036569882676735,0.15388588184106897,3.2729252498149437
avg16,adam,300,2,768,45.21984874162117,33.90714059955416,1.2235185470376928,5.042276004843137,0.1557179327957755,3.238083061028106,33.397348204247464,1.2051229984963712,4.966465602761038,0.1733272528748375,2.8653691328895667
avg16,adam,300,3,768,45.21984874162117,49.2093695484369,1.7756901722151135,7.3178457074261365,0.237402305512684,3.08246615028562,35.36720668260297,1.2762041436678724,5.259400069151264,0.20881306645993505,2.5187121468571436
avg16,adam,300,4,768,45.21984874162117,54.42614308226906,1.9639342724688207,8.093623657062164,0.2995751098282563,2.7017009729887658,31.396144002365496,1.1329107619551233,4.668869764553631,0.21896006412072405,2.13229283764707
avg16,adam,300,5,768,45.21984874162117,51.96995137345104,1.8753040884521075,7.728367363028612,0.3285845485111395,2.352017889473768,28.44986327725137,1.0265960138455705,4.230733126043625,0.22490481358807382,1.8811216436623086
avg16,adam,300,6,768,45.21984874162117,50.33470938311655,1.8162973757452452,7.485193173044454,0.3508623884442529,2.133370067459866,27.572428926983804,0.9949343289503703,4.10025128381369,0.22102657737782244,1.85509423005032
avg16,adam,300,7,768,45.21984874162117,49.08658394408128,1.7712595283571557,7.2995864589128425,0.36823664821253294,1.9823085220729535,28.05866134858389,1.012479730169091,4.172558120334228,0.2178821580814381,1.9150526858535366
avg16,adam,300,8,768,45.21984874162117,49.92935899757426,1.8016705536071853,7.4249141732104,0.3890131306676104,1.9086538699781235,28.50360827727528,1.028535369485033,4.238725458018809,0.2262420843080116,1.8735353641138237
avg16,adam,300,9,768,45.21984874162117,49.092401244106846,1.771469442090638,7.3004515401851995,0.40599875086986087,1.7981463057568106,27.61434297520478,0.9964467718893208,4.106484254092913,0.22578227516891394,1.8187806155380175
avg16,adam,300,10,768,45.21984874162117,47.762251900416885,1.7234718119880252,7.102647183936005,0.420773181732862,1.6879990199673163,28.85831266379404,1.0413346615499923,4.29147297330117,0.220799159555522,1.9436092881603741
avg16,adam,300,11,768,45.21984874162117,49.55630999668815,1.788209307289528,7.369438660013528,0.43549555780059385,1.6921960575744543,28.3488276850344,1.022950205947808,4.215708286636275,0.22044789275249077,1.9123377565552364
avg16,adam,300,12,768,45.21984874162117,49.42546577711649,1.7834878732025528,7.349981027873139,0.4489205059657527,1.6372566924875236,27.831761569249483,1.0042921896267294,4.138816221353307,0.22942997588797046,1.8039561767527144
avg16,adam,300,13,768,45.21984874162117,48.99844538806696,1.7680791021671025,7.286479516887233,0.46343527597363615,1.5722755462624183,27.832567045953827,1.0043212547637344,4.138936002490464,0.22664259026797817,1.8261951549338804
avg16,adam,300,14,768,45.21984874162117,49.36911369360491,1.7814544425410022,7.341601000731684,0.47572532897304115,1.5432436646962149,28.29535916749257,1.0210208270105614,4.207757069923556,0.22615560994424722,1.860558343417114
avg16,adam,300,15,768,45.21984874162117,50.50969911269716,1.8226117737126695,7.511215612535265,0.48766899019972026,1.5402282620962053,28.882185882252607,1.0421961121189596,4.295023120982853,0.22839725040066594,1.8805056161789633
avg16,adam,300,16,768,45.21984874162117,49.13073554100303,1.772852711880151,7.306152171438214,0.5014932371491683,1.4568795011018287,28.484286928806256,1.027838170376302,4.235852211556739,0.22711263672239865,1.8650887386483257
avg16,adam,300,17,768,45.21984874162117,51.23593492094372,1.8488175511743128,7.619212964273843,0.5130535662314968,1.4850716310655077,27.73927215593204,1.0009547653969784,4.125062270379372,0.2287489290013129,1.8033143535966876
avg16,adam,300,18,768,45.21984874162117,51.41022904119186,1.8551068485020275,7.645131960826564,0.5244445177731918,1.4577580090431757,27.78019499589201,1.0024314411886592,4.131147839682225,0.2273808442251856,1.8168407518053553
avg16,adam,300,19,768,45.21984874162117,52.04403953487238,1.877977514698381,7.739384893612796,0.5349174171658677,1.4468373332500704,29.568280695636016,1.066953426193742,4.397051170337624,0.2279900667202356,1.9286152390723248
avg16,adam,300,20,768,45.21984874162117,51.71095834558967,1.8659584825549826,7.689852928997444,0.5470259858902622,1.4057564224270855,29.307407484294657,1.0575399750192234,4.358257137263948,0.2325975448144217,1.8737330786278035
avg16,adam,300,21,768,45.21984874162117,53.41814024813992,1.9275611032420479,7.943725186903048,0.557710745144653,1.4243450132635853,29.18473982233834,1.0531135870410144,4.340015427773981,0.23207452968463413,1.870095539425039
avg16,adam,300,22,768,45.21984874162117,53.60235505899188,1.934208382656679,7.971119473300285,0.5688111965559334,1.4013647272705285,28.91248959459907,1.0432896031490018,4.299529537003797,0.2296890985334045,1.8718909884956954
avg16,adam,300,23,768,45.21984874162117,54.10885558941752,1.9524851462557997,8.04644034748332,0.5782493574726556,1.3915173866602737,29.739109713781662,1.0731176874194785,4.422454877164441,0.22808724394961177,1.9389312618207766
avg16,adam,300,24,768,45.21984874162117,54.16584892743402,1.9545417161961647,8.054915734544425,0.5896209204446605,1.366117696175,29.460334515449947,1.0630582539319657,4.380998668577159,0.2288077269299686,1.9147074827232804
avg16,adam,300,25,768,45.21984874162117,53.46455932059076,1.9292361072404869,7.950628092044775,0.5996132015186948,1.3259594805296977,29.98629348681352,1.0820371635381818,4.459213176021453,0.22744592305272585,1.9605597304937097
avg16,adam,300,26,768,45.21984874162117,53.88141701747768,1.9442781637099515,8.012618325526,0.608825803577106,1.3160773210413421,30.11724159471868,1.0867623463724891,4.478686257227789,0.22673843360624354,1.9752655895142706
avg16,adam,300,27,768,45.21984874162117,54.10917716309128,1.952496750046244,8.046488168183926,0.620858087075215,1.2960269561905733,28.52884986497953,1.029446196826022,4.242479093676513,0.22922795478032523,1.8507686367232936
avg16,adam,300,28,768,45.21984874162117,54.513578743295085,1.967089335120705,8.106626072711597,0.6305842476216762,1.2855738314565746,28.736817755642296,1.0369505916795811,4.273405662131551,0.23009196439371715,1.8572598453804325
avg16,adam,300,29,768,45.21984874162117,55.0089626982692,1.984964963855488,8.180293818949778,0.6399585414050132,1.2782537132780734,30.840352438042125,1.1128553613754095,4.586218900489947,0.23469651627457289,1.9541060827355878
avg16,adam,300,30,768,45.21984874162117,55.58760711387951,2.0058449956753432,8.266343093544364,0.6477929944465636,1.2760778774099966,30.324260513499613,1.094232498152834,4.509471705610051,0.23357709028481755,1.9306138714680128
avg16,adam,300,31,768,45.21984874162117,57.35751890982896,2.069711186414925,8.529543812378265,0.6585954176546561,1.295111320809531,31.06928551350196,1.1211162721718562,4.620263167647091,0.23488794230060903,1.9670073833479669
avg16,adam,300,32,768,45.21984874162117,57.29570681732346,2.067480734649474,8.520351836135546,0.6664377811514872,1.2784917177735446,29.697123488887165,1.0716026400291603,4.416211173608906,0.23835823153288635,1.8527621828741414
avg16,adam,300,33,768,45.21984874162117,57.21043069251466,2.0644035975486106,8.507670561622087,0.674748648946221,1.2608651495499572,30.519070999194756,1.1012621160501497,4.538441657665677,0.2358049610914474,1.9246591066867444
avg16,adam,300,34,768,45.21984874162117,57.47370766038842,2.0739037868156944,8.54682205343957,0.6832774164598687,1.2508568039203671,30.785783424475717,1.110886271708411,4.578104030794403,0.2378322274061572,1.9249300570927934
avg16,adam,300,35,768,45.21984874162117,57.807096676503775,2.0859339267031363,8.59639979448503,0.6927905270116747,1.240836798327089,30.26613996558114,1.0921352535286977,4.500828692988647,0.23823542849372345,1.8892356697094808
avg16,adam,300,36,768,45.21984874162117,57.38089448710109,2.070554679904333,8.533019956644472,0.6991260361568361,1.2205267026745725,31.134054111770556,1.1234534076496943,4.629894801077171,0.23540126962539568,1.966809613408171
avg16,adam,300,37,768,45.21984874162117,59.35983641598791,2.141963595863923,8.827305208262981,0.7082096588070969,1.2464254191522366,30.68740157868605,1.1073362226365338,4.56347382572356,0.23932264808805345,1.9068290703705282
avg16,adam,300,38,768,45.21984874162117,59.055306479753696,2.130974818322603,8.782019054282472,0.7161818121203437,1.2262276011006525,30.25643270008037,1.091784972756825,4.499385141245808,0.23673724427821294,1.9005818687143894
avg16,adam,300,39,768,45.21984874162117,59.70575373646,2.154445811994668,8.878746013174116,0.7240366851967166,1.2262839984084248,31.531117987736792,1.1377812161293555,4.688941527482667,0.24085483087662193,1.9467915633731179
avg16,adam,300,40,768,45.21984874162117,58.32981774564693,2.1047959985769418,8.674132798730193,0.7308380546252203,1.1868748136245257,31.036945943486156,1.1199493184559748,4.615454002526875,0.24243902998880545,1.9037586492323422
avg16,adam,300,41,768,45.21984874162117,59.5307976848313,2.1481326292756564,8.852728581877031,0.7400208518268321,1.196280964248911,31.81126370732632,1.147890104042939,4.73060154406821,0.235175469034738,2.0115199784589133
avg16,adam,300,42,768,45.21984874162117,60.176669809692726,2.1714385320975826,8.9487751803162,0.7454409985351445,1.2004672667456326,31.48721374668725,1.136196958292573,4.6824125988487415,0.2401018268690771,1.9501778307592683
avg16,adam,300,43,768,45.21984874162117,60.2831498555066,2.1752807997922057,8.9646096556069,0.7542683941387744,1.1885172075707497,31.088165494609,1.1217975448077588,4.623070779083049,0.24160044751292883,1.9135191290718339
avg16,adam,300,44,768,45.21984874162117,59.597125880075,2.150526041861832,8.8625921404493,0.7609438725685056,1.1646840798565503,31.5128454072034,1.1371218611737466,4.686224241603028,0.24637620369668944,1.9020604146381679
avg16,adam,300,45,768,45.21984874162117,60.69747418533766,2.1902314412521915,9.02622315617313,0.7686092962015901,1.1743577915047414,31.316797922512134,1.1300476069199683,4.657070337428589,0.24006609533195966,1.9399117276385343
avg16,adam,300,46,768,45.21984874162117,61.23378199566644,2.209583782418555,9.105976622711864,0.775239989756884,1.1746009936313409,33.033862846244205,1.1920068504157668,4.912412283419926,0.24306025265777945,2.0210677104563186
avg16,adam,300,47,768,45.21984874162117,62.07302261617742,2.239867269803985,9.230778737200628,0.784636702674532,1.1764398358802703,32.28419591955057,1.1649555752951963,4.8009305279769,0.24012061446917296,1.9993829095390938
avg16,adam,300,48,768,45.21984874162117,62.86170832779044,2.268326514048097,9.348062913002856,0.7914824980596245,1.1810827069354404,30.983896126134017,1.11803504806043,4.60756505004176,0.2412711763382635,1.9097038941700726
avg16,adam,300,49,768,45.21984874162117,62.46636894004544,2.254060932677107,9.289272632449912,0.7985343735243995,1.163290265320817,30.244693457299256,1.09136136932059,4.497639417450066,0.2466237495482048,1.8236846312203856
avg16,adam,300,50,768,45.21984874162117,61.6847908040488,2.225858160976458,9.17304541271503,0.8046891603585064,1.1399489224669361,30.95474867425336,1.1169832799860868,4.603230579643449,0.241779884173307,1.9038931197203606
avg16,sgd,300,1,768,45.21984874162117,1.378352190571416,0.04973700051653234,0.20497252359972254,0.020852992001068726,0.9829405947559833,9.584379771030887,0.34584651505126796,1.4252776048419855,0.058010762267662636,2.456919283814494
avg16,sgd,300,2,768,45.21984874162117,10.003251820916764,0.3609612582236193,1.4875673894977517,0.06259187234630338,2.3766143010828245,10.41307926805182,0.3757496324064144,1.5485121659158017,0.05266511411788248,2.9402996496878435
avg16,sgd,300,3,768,45.21984874162117,15.546477425692132,0.5609851829171121,2.3118914982891146,0.08175104188644772,2.8279657909440887,9.866757975759644,0.35603596083335737,1.4672696106796352,0.05067035613624336,2.8957160015501264
avg16,sgd,300,4,768,45.21984874162117,18.619814108258865,0.671884667979003,2.7689224226105305,0.09449755983831783,2.930152299538807,9.5810228851356,0.3457253838653127,1.424778407773123,0.049838677570535096,2.8587805239348083
avg16,sgd,300,5,768,45.21984874162117,20.998963195453733,0.7577348158498911,3.122721833064648,0.10469255156684432,2.982754538245107,9.267513024402067,0.33441257120980605,1.3781568637530062,0.04593714088852082,3.0000928161756626
avg16,sgd,300,6,768,45.21984874162117,23.008211329845576,0.8302373128036339,3.421513871457677,0.11122530361387135,3.0762009725195,8.379829295163812,0.3023810437078712,1.2461508529634506,0.04163766809668497,2.9928449644918143
avg16,sgd,300,7,768,45.21984874162117,24.069218624293637,0.8685231157449929,3.5792945491309025,0.11538486121551444,3.1020486668918723,8.469479364778033,0.3056160119469111,1.2594825697303387,0.0443683955229744,2.838693071689207
avg16,sgd,300,8,768,45.21984874162117,24.60447126628173,0.8878373818035107,3.6588911032933304,0.11883232207168268,3.079036948454305,8.476891246765026,0.30588346520068566,1.2605847787055842,0.04525808341754673,2.785325147500282
avg16,sgd,300,9,768,45.21984874162117,24.772460220638333,0.8938991610546774,3.6838724688303026,0.12074370857219395,3.0509850263773175,8.94375662279588,0.3227300183586062,1.330011573222235,0.04505577346912448,2.951922630145627
avg16,sgd,300,10,768,45.21984874162117,24.777938484197566,0.8940968408634659,3.684687132538433,0.12378158199196018,2.976765261230673,8.133835695343624,0.29350451426567675,1.2095695428386262,0.04512750508569234,2.6803377242809723
avg16,sgd,300,11,768,45.21984874162117,25.667909824322727,0.9262109154129855,3.817033330240819,0.12581850040582865,3.033761583494435,8.444975888024887,0.30473181889069173,1.2558386973576487,0.044648793522267666,2.8127046629632333
avg16,sgd,300,12,768,45.21984874162117,26.59746273055419,0.9597532667029064,3.9552656385819343,0.12756477490227125,3.1005939073792947,8.57303624485135,0.3093527989835841,1.2748823457744727,0.04398789102581336,2.898257488694639
avg16,sgd,300,13,768,45.21984874162117,27.169961780400985,0.9804115467366471,4.0404010457792,0.12897626812246665,3.1326701451329972,8.163564256429463,0.29457725131227236,1.2139904290464005,0.044425361845168515,2.732651752567387
avg16,sgd,300,14,768,45.21984874162117,26.93384054325289,0.9718912554973447,4.005287838730377,0.13001962985186513,3.0805254893385783,8.4375148937882,0.30446259345125587,1.2547291849792321,0.04480310368858813,2.800540769899444
avg16,sgd,300,15,768,45.21984874162117,26.493976931012416,0.9560190445639847,3.939876432808612,0.13124939614940073,3.0018244261663987,8.116071629399642,0.29286350874976047,1.2069278773406227,0.046111797068658276,2.6173950139994853
avg16,sgd,300,16,768,45.21984874162117,26.735744858820684,0.9647430932015798,3.975829350087172,0.13280063264344874,2.9938331399080926,7.765436682168207,0.28021105992655054,1.1547855217888912,0.04748279535073794,2.4320082953392177
avg16,sgd,300,17,768,45.21984874162117,27.27712085955492,0.9842783169363744,4.056336499018983,0.1344800477867408,3.0163110184579534,8.625634624292957,0.31125077951668095,1.2827041656584985,0.046988151157546516,2.7298460017243946
avg16,sgd,300,18,768,45.21984874162117,26.88607181843267,0.970167550113982,3.9981842289690115,0.13590915688894445,2.941806365730052,8.67574771913719,0.3130590800665712,1.2901564028921162,0.046993054155112866,2.7454193520464054
avg16,sgd,300,19,768,45.21984874162117,27.081987318841858,0.9772370417952112,4.02731850597446,0.1369422974767521,2.940887205911055,8.3508995429008,0.30133713119183125,1.241848756322964,0.04895958165537983,2.536477466380692
avg16,sgd,300,20,768,45.21984874162117,26.857951442992253,0.9691528434683422,3.994002493445956,0.13807261419927028,2.8926826051701315,8.577667156282098,0.3095199026061551,1.2755710011188908,0.04825243108982842,2.643537273270735
avg16,sgd,300,21,768,45.21984874162117,27.094576186899943,0.9776913034428442,4.029190576170147,0.13906530712571574,2.897336984649765,8.265238657189338,0.29824611022779784,1.2291102646383485,0.048206350193402595,2.549685383164647
avg16,sgd,300,22,768,45.21984874162117,26.79030098480945,0.966711717828177,3.983942303291901,0.14002070484300916,2.8452522844808463,8.180641398244306,0.2951934695887592,1.2165299431688454,0.04612478785436495,2.637475422130795
avg16,sgd,300,23,768,45.21984874162117,27.04938853978728,0.9760607346788104,4.022470794297579,0.1406974691649377,2.8589503550928077,7.841886213971299,0.2829696947869216,1.1661542079410137,0.04689922723137625,2.486510496618247
avg16,sgd,300,24,768,45.21984874162117,27.442894146267324,0.9902601451681153,4.080988376206319,0.1412216951053841,2.889774388532128,7.545348421268099,0.27226930888429096,1.1220565526908934,0.046401580581446764,2.418142956836124
avg16,sgd,300,25,768,45.21984874162117,27.59577626248749,0.9957768033527399,4.103723228292217,0.14180929029060282,2.893832427961989,8.187088166251836,0.2954260972915436,1.2174886316061,0.0461256603616901,2.6395039595298484
avg16,sgd,300,26,768,45.21984874162117,27.15603624664789,0.9799090523203372,4.0383302021912035,0.14207833543357248,2.842326516472521,8.6691879649604,0.31282237532658447,1.2891809124644824,0.048844740996865144,2.6393443514158914
avg16,sgd,300,27,768,45.21984874162117,26.82654061993996,0.9680194030217979,3.9893314407836433,0.14331562431339592,2.7835984107775715,8.341298368531232,0.30099067865390583,1.2404209812205533,0.04773492492037914,2.5985606624280853
avg16,sgd,300,28,768,45.21984874162117,26.740786551751803,0.9649250196247643,3.9765790920837207,0.1447417797940452,2.7473609193848816,7.722246962530761,0.27865258516036906,1.148362848477811,0.04692925995639121,2.447008219488059
avg16,sgd,300,29,768,45.21984874162117,26.76144768551113,0.9656705640708712,3.979651575848066,0.145702166748649,2.7313605999513846,8.975379915955985,0.32387112565977183,1.3347142219704289,0.046966647026285654,2.84183416632538
avg16,sgd,300,30,768,45.21984874162117,27.10961989981832,0.978234146674284,4.031427702372204,0.14607729521917526,2.7597907644192246,7.915165406266546,0.28561392987427525,1.1770514380356525,0.04770284455065837,2.467465932321236
avg16,sgd,300,31,768,45.21984874162117,27.008628076822976,0.9745899181622644,4.016409371814968,0.14684736524683883,2.7350912051187986,7.934156881112933,0.2862992256939546,1.1798756295251518,0.047955374088714635,2.4603616423520145
avg16,sgd,300,32,768,45.21984874162117,26.685437921343365,0.962927797958165,3.968348286829294,0.1483503859702671,2.6749834595136437,8.0688085759115,0.29115805020887914,1.199899465144697,0.04771002345403259,2.514984018611456
avg16,sgd,300,33,768,45.21984874162117,26.747908269658517,0.9651820024841726,3.977638151228176,0.14854162588953027,2.677793599880432,8.118259273456752,0.2929424485550895,1.2072531983479757,0.04812905139408612,2.5083669080922664
avg16,sgd,300,34,768,45.21984874162117,27.11177217410596,0.9783118101829926,4.031747763598379,0.1493313207868883,2.6998674774678473,8.31761673441617,0.300136141289457,1.2368993237365418,0.047606969172246036,2.5981475931839633
avg16,sgd,300,35,768,45.21984874162117,27.117254736606757,0.9785096451164729,4.032563066595153,0.14995750349354947,2.6891372373164484,7.561363636871335,0.2728472081992696,1.1244381494849816,0.04641888669498931,2.4223720764211243
avg16,sgd,300,36,768,45.21984874162117,27.006542324615747,0.9745146550623702,4.016099202979714,0.1501330840175595,2.6750261138377684,8.269217681559823,0.2983896909022611,1.2297019789130181,0.04767709626772932,2.5792300185557924
avg16,sgd,300,37,768,45.21984874162117,26.92901867552987,0.971717261333102,4.004570786584769,0.15069004411609005,2.6574886284456123,8.01583528257609,0.28924654113593784,1.1920218924222667,0.04775965520483188,2.49587625226756
avg16,sgd,300,38,768,45.21984874162117,26.891673743050912,0.9703696921568773,3.9990172821131,0.15160265890674426,2.637827931878837,8.676510838643171,0.3130866167698338,1.2902698851588539,0.04759477865781697,2.7109483887618415
avg16,sgd,300,39,768,45.21984874162117,27.076245311592764,0.9770298449557766,4.0264646213690405,0.15239915394896472,2.642051820522192,8.590795952386834,0.30999364722898043,1.2775233631406018,0.04794470542367558,2.6645765196624778
avg16,sgd,300,40,768,45.21984874162117,27.106009819558917,0.9781038791236863,4.030890853179212,0.15285449203180837,2.6370771310668455,8.029076519192618,0.2897243431062476,1.193990975290518,0.0468600453843916,2.5479936382823456
avg16,sgd,300,41,768,45.21984874162117,27.13601056636205,0.9791864378263537,4.0353522156845125,0.15354191009034265,2.6281763808396996,7.528367029352679,0.27165654568469205,1.1195312773810349,0.047249202732307746,2.369418344948134
avg16,sgd,300,42,768,45.21984874162117,27.39705440349448,0.9886060459287725,4.074171622243447,0.15431656430686114,2.6401388862843564,8.55028009501487,0.3085316571564709,1.271498315559769,0.04670863353828977,2.722191208007505
avg16,sgd,300,43,768,45.21984874162117,27.367802920826723,0.9875505239667459,4.069821681595144,0.15463439284481206,2.631899415597366,8.453198393109144,0.3050285229859298,1.2570614527818145,0.04681552497412811,2.685138003849173
avg16,sgd,300,44,768,45.21984874162117,26.699253574026613,0.9634263273828965,3.9704027901812196,0.1553911572698881,2.5551021434799557,8.624696554250058,0.3112169298296943,1.2825646667805473,0.04800224076546807,2.6718849918839633
avg16,sgd,300,45,768,45.21984874162117,27.05713980927049,0.9763404345239786,4.023623473038138,0.15559076230682078,2.5860297959744303,8.045331358214874,0.29031088908656844,1.196408206095453,0.0448330087293883,2.6685878106396204
avg16,sgd,300,46,768,45.21984874162117,27.283506267417543,0.9845087304956476,4.057286062688392,0.1559947796011875,2.6009114363064914,8.457651446747391,0.30518920871822713,1.2577236591817462,0.04703196450051667,2.6741890808493225
avg16,sgd,300,47,768,45.21984874162117,27.362062998794777,0.987343402371104,4.068968107078992,0.15700575859661173,2.5916043739091257,7.902019359719167,0.28513956277971847,1.1750965107285332,0.04644581994525369,2.5300371747417425
avg16,sgd,300,48,768,45.21984874162117,27.5775196360036,0.9951180240893044,4.10100831491346,0.15759744493815803,2.6022048241471905,8.323590556444108,0.30035170302420205,1.2377876811425648,0.045755658104018285,2.7052122785091393
avg16,sgd,300,49,768,45.21984874162117,27.64796538688112,0.9976600161663294,4.111484188520376,0.15811496663821592,2.6003130987137326,8.550385060571726,0.30853544477475253,1.2715139248178577,0.04744272787613547,2.6801028982514556
avg16,sgd,300,50,768,45.21984874162117,27.022019230761742,0.9750731298079711,4.01840074864559,0.15888394536273384,2.52914209769372,8.39500691013113,0.30292871871331106,1.2484078915225045,0.04685229582130475,2.66456076407429
rgb32,adam,301,1,3072,189.95761238648083,1.4595344294411063,0.026333206116542177,0.10589756962414248,0.010425836415028202,1.0157225320694427,96.41286638173337,1.7394998237136619,6.995304820751907,0.13260270436758292,5.2753862405102145
rgb32,adam,301,2,3072,189.95761238648083,96.41355688855607,1.739512281973036,6.995354920970757,0.13305462958994388,5.257505839916643,94.87527734899044,1.711758341152501,6.883743943280478,0.14294966459200023,4.815501990107997
rgb32,adam,301,3,3072,189.95761238648083,135.6333647835485,2.4471237396523886,9.840976273524841,0.19812869299952526,4.96696168764835,102.99952800692864,1.8583376631626454,7.473204789382232,0.18340240136368932,4.074758418545879
rgb32,adam,301,4,3072,189.95761238648083,147.3418790575938,2.6583710480252205,10.690495942619435,0.25396223168417836,4.209482595787664,97.15259447687328,1.7528461429279167,7.048976324402568,0.2020619378651718,3.488522578213656
rgb32,adam,301,5,3072,189.95761238648083,146.40560168842862,2.641478548302606,10.622563665114585,0.28901659340469416,3.67541653576976,92.43878570832806,1.6677986816332917,6.706962540970916,0.20243539883069278,3.3131372179528222
rgb32,adam,301,6,3072,189.95761238648083,143.60649848140187,2.59097657986303,10.419472719966562,0.3142724754792315,3.315426431817802,90.69126214448272,1.6362695191332506,6.580169712696899,0.2049693677787079,3.2103185876052858
rgb32,adam,301,7,3072,189.95761238648083,140.19098820221205,2.529353274265837,10.171657916631652,0.33465939664044553,3.03940604051228,88.25443241245564,1.592303759703403,6.403363779925355,0.20776102573190705,3.082081327509519
rgb32,adam,301,8,3072,189.95761238648083,142.51435871274853,2.571271980193508,10.340231734034802,0.35492105791265693,2.9133891899362716,92.71806999473095,1.672837583443765,6.727226213117111,0.20618494621338457,3.26271453695508
rgb32,adam,301,9,3072,189.95761238648083,145.46429387381838,2.624495288297746,10.554266400024643,0.3733214102926601,2.8271259319819806,90.81856244239847,1.638566296047925,6.589406077314122,0.20781988452776173,3.1707293516631085
rgb32,adam,301,10,3072,189.95761238648083,144.63074437505958,2.609456224938644,10.4937876169967,0.3914390629915493,2.6808227918794216,89.59071440451451,1.616413221198042,6.500318680362839,0.2074980357733098,3.1327133561227503
rgb32,adam,301,11,3072,189.95761238648083,145.964724817093,2.633524161416822,10.590575526817762,0.40698416791785536,2.6022082335535313,87.68200729561262,1.5819759536002713,6.361831064120422,0.20874491805914736,3.0476579373864388
rgb32,adam,301,12,3072,189.95761238648083,142.33320372426795,2.5680035464008735,10.327087903633535,0.4218657605380195,2.447955930451206,85.82719110189623,1.548510996452164,6.227253541965442,0.20805253332324164,2.9931159416792315
rgb32,adam,301,13,3072,189.95761238648083,145.08370399655053,2.6176286111698888,10.526652427915982,0.4374517773682516,2.4063572198163756,87.87682302787074,1.5854908572084463,6.375966059605649,0.20516426065338347,3.1077372049596783
rgb32,adam,301,14,3072,189.95761238648083,146.4845098402963,2.6429022246376705,10.628288902791589,0.4502895752449634,2.3603231091924926,89.35156886623277,1.6120985105448398,6.482967303937829,0.20908660620861394,3.100613387674157
rgb32,adam,301,15,3072,189.95761238648083,144.81895011993493,2.612851869859482,10.50744302009619,0.46520524598771473,2.2586682138089373,88.69480632785381,1.600249072159629,6.435315425892618,0.20969746246978233,3.068857081100805
rgb32,adam,301,16,3072,189.95761238648083,147.9167086854527,2.6687422367871743,10.73220311944946,0.4791642402290145,2.2397754712079614,87.74292130092385,1.583074976017892,6.366250723560044,0.21071547805885849,3.021254433801858
rgb32,adam,301,17,3072,189.95761238648083,149.50564936467845,2.6974102158145907,10.847489852542406,0.4920053815245427,2.2047502445867657,90.84344693770856,1.6390152669874851,6.591211589758025,0.20713697680941334,3.182054547326234
rgb32,adam,301,18,3072,189.95761238648083,152.52004254613897,2.7517964881508283,11.066201316533352,0.5055087183742076,2.189121752859956,96.72285891241656,1.7450927696835592,7.017796551634582,0.21199169519388322,3.31041107304522
rgb32,adam,301,19,3072,189.95761238648083,153.3442204258566,2.766666466923176,11.126000135005553,0.5175364420829635,2.149800329079436,93.12661837929596,1.6802086934376899,6.756868734818961,0.20966610877758485,3.222680467631843
rgb32,adam,301,20,3072,189.95761238648083,161.78377682649565,2.9189345969153626,11.738338215906998,0.5309804610663221,2.2106911791695514,95.48505883114127,1.7227601381170834,6.927987077021632,0.21239321927958177,3.261868293404434
rgb32,adam,301,21,3072,189.95761238648083,162.25038356070064,2.9273532070278296,11.77219320289863,0.5432740593721692,2.166897719449936,90.85814833197443,1.639280512423012,6.592278259986173,0.21058957302922263,3.130391578823036
rgb32,adam,301,22,3072,189.95761238648083,163.71278167233228,2.953738080259484,11.878298549042487,0.5553692739485668,2.13881089686329,92.55961400111582,1.6699786893635022,6.715729324604076,0.20946011474146106,3.206209130981034
rgb32,adam,301,23,3072,189.95761238648083,162.81913419710946,2.937614717435092,11.813459314134485,0.5665856015131779,2.085026390113749,92.1133941864596,1.66192790404758,6.683353525214182,0.21378739536060912,3.1261681793451546
rgb32,adam,301,24,3072,189.95761238648083,163.69810284377638,2.953473241958917,11.877233516085646,0.5777890078045175,2.0556350771048333,91.90601297676211,1.658186291633714,6.668306832481426,0.21321038286304758,3.1275713419475966
rgb32,adam,301,25,3072,189.95761238648083,164.25224408288594,2.963471166757947,11.917439631999391,0.589040718136803,2.0231945373310505,95.18677484932044,1.7173784400796082,6.906344868317632,0.21521499739709388,3.209044421553351
rgb32,adam,301,26,3072,189.95761238648083,163.57619282184805,2.951273717459628,11.868388246817156,0.5996128546430678,1.979341862822815,92.60911845915687,1.6708718584940052,6.719321156140462,0.2115288219035439,3.176551117560915
rgb32,adam,301,27,3072,189.95761238648083,161.39527488831573,2.9119251688344607,11.710150178531766,0.6098601970228462,1.920136817535755,93.47383817712218,1.6864733010546564,6.782061516827715,0.21420532622511262,3.1661498041838194
rgb32,adam,301,28,3072,189.95761238648083,167.59910913229297,3.023855961670963,12.160273831346034,0.6205551277248432,1.9595799451258342,92.8107754493088,1.674510193417386,6.733952524009589,0.21336480977207894,3.1560745800598267
rgb32,adam,301,29,3072,189.95761238648083,167.9030363369518,3.0293394758404575,12.182325488139327,0.6301776711766452,1.933157273788029,95.50848400052936,1.7231827796124592,6.929686707024318,0.21128874375547957,3.2797235592653773
rgb32,adam,301,30,3072,189.95761238648083,168.14868633286486,3.033771541192546,12.200148800163102,0.6381711537114195,1.9117361744119197,94.1675610701289,1.698989585399045,6.832395079969609,0.21699750339383145,3.148605386288436
rgb32,adam,301,31,3072,189.95761238648083,162.65924290945773,2.93472992749863,11.801858286830951,0.6474085167565661,1.8229383737422473,93.17353112988756,1.6810551024746427,6.760272523158464,0.21495196701509897,3.1450154269505233
rgb32,adam,301,32,3072,189.95761238648083,162.47576362918426,2.931419558378111,11.788545815767979,0.6568730590503108,1.7946459598771696,95.75205312447144,1.7275773014647793,6.947359039886535,0.2065712363064815,3.363178322454833
rgb32,adam,301,33,3072,189.95761238648083,170.11037013197117,3.0691646246137636,12.342480178242317,0.6658564338736249,1.8536248281690157,100.63783343564504,1.8157275070228245,7.301850342204694,0.21348447983758242,3.420319054462363
rgb32,adam,301,34,3072,189.95761238648083,167.04453517336154,3.013850229656131,12.120036319134577,0.6751905319316687,1.7950542470523212,97.29941765389889,1.7554951554522609,7.05962918554642,0.21458635110370317,3.289878013786027
rgb32,adam,301,35,3072,189.95761238648083,177.13578191291427,3.195918480329247,12.852213979791337,0.6833028312197997,1.8808957599148497,99.56039917540464,1.796288227017077,7.223676325005981,0.21732286439372597,3.323937564120623
rgb32,adam,301,36,3072,189.95761238648083,174.96658210562754,3.1567813524335255,12.694826128578546,0.6921241307966528,1.8341834309354985,95.0882715303215,1.7156012239002298,6.899197889204646,0.21459174666956088,3.2150341270246408
rgb32,adam,301,37,3072,189.95761238648083,172.97741640661644,3.1208924351901874,12.550500781498075,0.7011416950496998,1.7900091907397466,99.05088383183448,1.7870954513681248,7.18670807301966,0.22040301401240345,3.260712248070808
rgb32,adam,301,38,3072,189.95761238648083,171.80107755510886,3.0996686991721836,12.465150670588523,0.7095886160455467,1.7566728649136638,97.39759038824576,1.7572664071585813,7.066752178852354,0.2134730801726362,3.3103715808744854
rgb32,adam,301,39,3072,189.95761238648083,173.91935984287596,3.1378871632053698,12.618844164573659,0.7174907438021838,1.7587466143051378,95.57434813811116,1.7243711132862967,6.934465526868927,0.21812777235091368,3.179084190945243
rgb32,adam,301,40,3072,189.95761238648083,174.17229578112136,3.142450682956423,12.637196113380407,0.7252665173056642,1.7424210013619654,100.21002715137772,1.8080089422296135,7.270810549747594,0.2163675362133211,3.36039808789945
rgb32,adam,301,41,3072,189.95761238648083,172.35491358957847,3.109661117409307,12.505334642160241,0.7332647854738544,1.7054323199332386,93.61203012639317,1.688966587276889,6.792088133037807,0.2163773912500063,3.1390008419087123
rgb32,adam,301,42,3072,189.95761238648083,179.35558301632895,3.235968566723119,13.013273244416302,0.7406676049870043,1.7569653589270493,98.19697100823736,1.7716889889128662,7.124751814321157,0.21698196316055496,3.2835686941634057
rgb32,adam,301,43,3072,189.95761238648083,176.90629686423603,3.1917780661220787,12.835563527133354,0.7487039059180927,1.714371118632517,96.8549894073507,1.7474766939591337,7.027383374668362,0.22136185905334882,3.174613460837778
rgb32,adam,301,44,3072,189.95761238648083,176.41607790009567,3.182933439531195,12.799995337826571,0.7557318857415651,1.6937217522940058,101.63282669109128,1.8336793702688794,7.3740427930429515,0.21435761774960818,3.440065657781565
rgb32,adam,301,45,3072,189.95761238648083,182.11460434847783,3.285747370123621,13.213456020322186,0.7638885218765871,1.7297623464562195,101.90694247684696,1.8386250209781034,7.393931460909632,0.2128770752769521,3.4733338248330217
rgb32,adam,301,46,3072,189.95761238648083,179.44526840970033,3.2375866881607855,13.01978043259716,0.7706325901279591,1.689492580431266,101.18697792894748,1.8256352795550799,7.341693915634804,0.21449623135613904,3.4227612621524406
rgb32,adam,301,47,3072,189.95761238648083,185.1986968932713,3.3413911720280653,13.437224571718831,0.7779973346295549,1.7271556049889287,105.9042228358152,1.9107447363305008,7.683957010552301,0.21904141413179865,3.50799278803451
rgb32,adam,301,48,3072,189.95761238648083,184.86665187306696,3.3354003507218764,13.413132806607882,0.7845943136067468,1.7095628369963936,98.62321827032952,1.7793794255225615,7.155678490803732,0.21577966979117089,3.3161967935760193
rgb32,adam,301,49,3072,189.95761238648083,181.8562392554762,3.281085896498818,13.194710155289687,0.7919695517284264,1.666062808411386,100.9066818082077,1.8205781220312696,7.321356829121,0.2146323262097003,3.4111156312809467
rgb32,adam,301,50,3072,189.95761238648083,186.29483480764017,3.3611679070258726,13.516755645986802,0.7995053515603853,1.6906397961697575,101.0847744620439,1.8237913045823018,7.334278469630974,0.21787034677155073,3.3663500234482924
rgb32,sgd,301,1,3072,189.95761238648083,1.4595344294411063,0.026333206116542177,0.10589756962414248,0.010425836415028202,1.0157225320694427,15.49189284240698,0.27950776571314084,1.124025420569735,0.02488652901802476,4.516601811990849
rgb32,sgd,301,2,3072,189.95761238648083,15.876551479414028,0.2864478522013325,1.151934604465849,0.027224480063796058,4.23124556195924,16.697491428570512,0.30125941159614544,1.2114984925587997,0.02358547213835486,5.136630233442104
rgb32,sgd,301,3,3072,189.95761238648083,24.49137015570699,0.44187809850688115,1.7769889657538083,0.03582278267803311,4.9604995282610345,17.89828503387056,0.32292436507305683,1.2986229357075512,0.025594483124956414,5.073839269843675
rgb32,sgd,301,4,3072,189.95761238648083,30.091066971460577,0.5429089255054944,2.1832789932164887,0.04372644026208571,4.993040778372174,18.21422656437869,0.3286246440632772,1.3215463005485948,0.027491953647052973,4.807029422189714
rgb32,sgd,301,5,3072,189.95761238648083,34.56195417600444,0.6235735483511149,2.5076674279628826,0.050166646677613703,4.998674605615808,17.116342909473396,0.3088164120727002,1.2418885628211869,0.026540656850693563,4.679193020005206
rgb32,sgd,301,6,3072,189.95761238648083,36.91121002343234,0.6659592825982336,2.6781193745902634,0.054204766813185624,4.940745126383967,16.52288133663865,0.2981090621092678,1.1988295318310198,0.027801157960684594,4.312156830036941
rgb32,sgd,301,7,3072,189.95761238648083,39.36743578982352,0.7102749890799974,2.8563326005767338,0.05763405377335592,4.955980732865279,15.627196033524935,0.28194893239483354,1.1338424408556278,0.029365128017647932,3.8611867796871446
rgb32,sgd,301,8,3072,189.95761238648083,39.66133485013027,0.7155775735044562,2.87765665814845,0.059950296917781414,4.800070735421044,14.98834259968574,0.27042261358234054,1.0874899707631513,0.029586655721789062,3.67560964304009
rgb32,sgd,301,9,3072,189.95761238648083,40.17901314005384,0.7249176266307374,2.915217178574872,0.06196696009222402,4.704470211603442,15.669194346389563,0.282706674183518,1.1368896586334103,0.03108027041624303,3.6579143083621757
rgb32,sgd,301,10,3072,189.95761238648083,40.05195800325067,0.7226252729608863,2.905998601798392,0.06406576819757728,4.535961533835608,16.794765791350592,0.3030144547066557,1.2185563038699672,0.03196250147778153,3.8124559954014754
rgb32,sgd,301,11,3072,189.95761238648083,40.22669160365962,0.7257778508119044,2.9186765237725036,0.0660049719705202,4.421904042434972,16.572529572181306,0.2990048253016222,1.2024317952473802,0.032275024261350864,3.7255798338385278
rgb32,sgd,301,12,3072,189.95761238648083,40.63906436486197,0.7332179609583621,2.948596525870192,0.0675520411203489,4.364925880799147,16.373821195105325,0.29541968983302686,1.188014366119407,0.032793229380417975,3.6227428300453175
rgb32,sgd,301,13,3072,189.95761238648083,40.863092604909234,0.7372599223551548,2.9648510558556636,0.06935161233745556,4.275100399150202,15.540397143754152,0.28038288982062975,1.127544685018296,0.03281793181847922,3.4357578998424105
rgb32,sgd,301,14,3072,189.95761238648083,40.84572363327532,0.7369465479661427,2.963590837634154,0.07042891680422449,4.207917673747882,15.919628937545127,0.2872250641403324,1.155060120404117,0.03387828443974214,3.4094410018269175
rgb32,sgd,301,15,3072,189.95761238648083,41.76708676264911,0.75356996205256,3.030441001750763,0.07157319595659183,4.234044548728387,16.083219899338324,0.2901766043224665,1.1669295802242663,0.03323557613387314,3.5110857579957857
rgb32,sgd,301,16,3072,189.95761238648083,40.25592295139328,0.7263052485144921,2.9207974252184656,0.07272194882364603,4.016390474217804,15.144305310925294,0.27323652337351867,1.0988059573812847,0.03395940999966387,3.2356450167778554
rgb32,sgd,301,17,3072,189.95761238648083,40.46010102401972,0.7299890693017888,2.935611712038655,0.07392420785616688,3.9711101372238256,15.94567876375312,0.28769506020825514,1.1569501842689442,0.033947270880225665,3.4080801026714322
rgb32,sgd,301,18,3072,189.95761238648083,40.2148112753718,0.7255635036014346,2.917814538014142,0.0747120107380189,3.905415620850565,15.403877611209651,0.2779197776686232,1.1176394122059083,0.03348787262943084,3.337445243457089
rgb32,sgd,301,19,3072,189.95761238648083,40.0424339940931,0.7224534389217961,2.90530758046822,0.07557555040633475,3.8442427013071367,16.732119452559132,0.3018841771889997,1.2140109537295072,0.03392944638192431,3.5780452768491484
rgb32,sgd,301,20,3072,189.95761238648083,40.61967835081209,0.7328681946949179,2.9471899596863653,0.07665649777768758,3.844670765201856,16.137917411248285,0.29116346754825456,1.1708981975168165,0.03425143421631432,3.41853771763842
rgb32,sgd,301,21,3072,189.95761238648083,40.45201547912868,0.729843188316808,2.9350250595172915,0.07723951000541496,3.799901189574517,15.955375876165157,0.2878700174101755,1.157653765230169,0.03392452210620467,3.4124394195030923
rgb32,sgd,301,22,3072,189.95761238648083,40.18572715892351,0.7250387622745421,2.9157043190399183,0.07806436620344075,3.7350003091569404,15.673468700575537,0.2827837929191394,1.1371997874737287,0.03310624323217856,3.435001004186409
rgb32,sgd,301,23,3072,189.95761238648083,40.04816398378463,0.7225568205183854,2.9057233239889375,0.07918397939408728,3.6695848658067183,16.069377450093565,0.2899268561412882,1.1659252313695243,0.03299982446595294,3.533125555175148
rgb32,sgd,301,24,3072,189.95761238648083,40.2172482685579,0.7256074723099349,2.9179913558064414,0.08011166281157307,3.6424051797173567,16.495524987836504,0.29761549350473765,1.1968446722802608,0.03324150136704791,3.6004531175197916
rgb32,sgd,301,25,3072,189.95761238648083,40.55367183241164,0.7316772921584563,2.942400809299118,0.08098472447417743,3.633278779922655,15.509640183201729,0.27982796671267984,1.1253130916376761,0.03349651733045913,3.359492810956809
rgb32,sgd,301,26,3072,189.95761238648083,40.33985682987672,0.7278195999937591,2.9268873081025086,0.08159377186684051,3.5871454905640747,15.18286909849238,0.2739322987839196,1.101603980707408,0.033596376510839014,3.2789368828272405
rgb32,sgd,301,27,3072,189.95761238648083,39.73580800185503,0.7169212326980715,2.8830601112022585,0.08223001778891625,3.5060920436659138,15.4763914155499,0.27922808593286713,1.1229007034018779,0.03346613446374852,3.355334344389956
rgb32,sgd,301,28,3072,189.95761238648083,40.16977273518102,0.7247509094357142,2.914546734357431,0.08296284875784402,3.513074560475317,15.8196856201589,0.2854218672279373,1.1478086611730878,0.03306516963398663,3.4713527070288848
rgb32,sgd,301,29,3072,189.95761238648083,40.41038996133486,0.729092172569826,2.932004890153832,0.08386173168286437,3.4962369978736487,15.621554108682014,0.28184713968149583,1.1334330869433011,0.03227182797642353,3.512144052612516
rgb32,sgd,301,30,3072,189.95761238648083,40.416273480342376,0.7291983241724127,2.932431773104426,0.08463106122565874,3.464959236757581,16.05565197666872,0.28967921846076977,1.1649293697794771,0.03316480901492229,3.5125465949625236
rgb32,sgd,301,31,3072,189.95761238648083,41.39463521995318,0.7468501183514479,3.0034175123567066,0.08514679998422846,3.5273404436960902,15.942052917279806,0.2876296419758361,1.1566871083718575,0.03238522589290126,3.571650579795398
rgb32,sgd,301,32,3072,189.95761238648083,41.3245120897812,0.7455849430989101,2.998329678243404,0.08570753165401361,3.4983269502464953,16.482787451268162,0.2973856803745331,1.1959204911589545,0.03227523714602558,3.7053809573827463
rgb32,sgd,301,33,3072,189.95761238648083,41.12723103224921,0.7420255596091567,2.9840158093108857,0.08666594842890361,3.4431236989909846,15.389674248989616,0.2776635178248377,1.1166088770508251,0.03224932313097666,3.4624257771732307
rgb32,sgd,301,34,3072,189.95761238648083,41.40549210281225,0.7470460003589867,3.004205241296345,0.08744452580335055,3.4355555292876145,14.99070019621269,0.27046514980076164,1.0876610278737766,0.03268290000179295,3.3279208020527813
rgb32,sgd,301,35,3072,189.95761238648083,40.99304183451908,0.739604491814412,2.9742796156159717,0.08769898689508078,3.3914640532555627,15.147104105594956,0.2732870197752667,1.0990090259402825,0.03162824848311922,3.4747704303855165
rgb32,sgd,301,36,3072,189.95761238648083,40.802217908462936,0.7361616091557764,2.9604342484989923,0.08837984118366808,3.3496713830326024,15.552077279284855,0.2805936251141555,1.128392145647269,0.03219229377661341,3.5051623021252585
rgb32,sgd,301,37,3072,189.95761238648083,41.117407140817015,0.741848315035317,2.983303029806726,0.08898360802075293,3.352643364507038,15.322448370023992,0.2764506153461717,1.1117312550813097,0.03150349652291599,3.528913859681017
rgb32,sgd,301,38,3072,189.95761238648083,41.08474267447251,0.7412589763341628,2.980933035972269,0.08942562097033668,3.3334216789627575,16.00674019610612,0.28879674253344595,1.1613805403835498,0.03174795076044331,3.6581275722229725
rgb32,sgd,301,39,3072,189.95761238648083,41.45191260903409,0.7478835282265835,3.00757331449178,0.09010595768935788,3.3378184879411084,16.883289182871692,0.30461161107928963,1.2249791821713447,0.03160796713025317,3.875539281356918
rgb32,sgd,301,40,3072,189.95761238648083,40.68656126384851,0.7340749093150981,2.952042697516368,0.09103282737426757,3.242833143454388,16.27517478732285,0.29363989201778307,1.1808570050968812,0.03203536354113234,3.6861045874528626
rgb32,sgd,301,41,3072,189.95761238648083,40.81678079176059,0.736424355549279,2.961490868964282,0.09152098065394189,3.235860070339759,15.254604054669835,0.2752265549170246,1.1068087620150993,0.03158255221780633,3.5044943625267795
rgb32,sgd,301,42,3072,189.95761238648083,40.6534991935366,0.7334783969652684,2.949643855240263,0.09243803734753508,3.190941672799284,16.692474828667784,0.3011689011178874,1.2111345095469848,0.03243786927717625,3.733705500808453
rgb32,sgd,301,43,3072,189.95761238648083,40.410908309642586,0.7291015247115448,2.9320424992878817,0.09317236443236362,3.1469014628434504,15.756847562241411,0.2842881306762493,1.1432494007136333,0.03183462913457713,3.591213190769968
rgb32,sgd,301,44,3072,189.95761238648083,41.12653172060678,0.7420129424915002,2.9839650702520117,0.09369856789374666,3.184643199281126,15.714651127865306,0.28352681434044036,1.1401878080871783,0.03190784465643125,3.573377708097139
rgb32,sgd,301,45,3072,189.95761238648083,41.29621448377028,0.7450743921474154,2.9962765250992978,0.09438223859763582,3.1746190486886285,15.738472839695882,0.283956610332251,1.1419162095118098,0.03143006899544396,3.633196636244545
rgb32,sgd,301,46,3072,189.95761238648083,41.97137888683417,0.7572558405804214,3.045263563663766,0.0949729358517068,3.2064540664708097,14.82227289901715,0.2674263515078015,1.07544066426221,0.03190635434303229,3.3706159365620683
rgb32,sgd,301,47,3072,189.95761238648083,41.34987019908824,0.74604245907499,3.0001695540912845,0.095664414815577,3.136139556046046,16.039719929778013,0.2893917693494857,1.1637734086655556,0.0329929664162005,3.5273378997958456
rgb32,sgd,301,48,3072,189.95761238648083,41.02057390598806,0.7401012308417233,2.9762772248511298,0.09609157703606803,3.097334143796997,16.006006547606475,0.2887835059034847,1.1613273099893202,0.03217256894599841,3.609681626414743
rgb32,sgd,301,49,3072,189.95761238648083,40.72330768913693,0.7347378955192239,2.954708860816064,0.09672528117415213,3.0547431084704355,15.02092063450704,0.2710103928690201,1.089853693496316,0.03236768282832693,3.3671044642791617
rgb32,sgd,301,50,3072,189.95761238648083,41.26606290621227,0.7445303914780527,2.99408885571698,0.09750865235671059,3.0705878743599775,15.33124159488516,0.2766092644318167,1.1123692538315775,0.03226455158604967,3.447651367058007
dup64,adam,301,1,12288,759.8304495459233,1.4595344294411063,0.013166603058271088,0.05294878481207124,0.002606459103757049,2.031445064138887,326.45175888848246,2.94495329487019,11.842971007903792,0.12264377444991367,9.656398020219385
dup64,adam,301,2,12288,759.8304495459233,326.40792488927764,2.9445578640695564,11.84138080424396,0.122672580376324,9.652834209501442,343.34610509814735,3.0973588469316393,12.455861724252784,0.14504091841191777,8.587826015330378
dup64,adam,301,3,12288,759.8304495459233,450.6269135481597,4.0651495287675035,16.34777980888468,0.19103835337126227,8.55732868316476,347.2654876265645,3.13271598064787,12.598048532530283,0.16211518620673737,7.7710477514824685
dup64,adam,301,4,12288,759.8304495459233,482.0600900149683,4.348711292745581,17.48810816505661,0.23651907110614992,7.393952666594033,343.80708488997,3.101517390789448,12.472585084324034,0.16551817882584327,7.5354774761312315
dup64,adam,301,5,12288,759.8304495459233,485.66916403985,4.381269103054811,17.619037645074062,0.26701485286425275,6.598523436458936,343.8034045257549,3.10148418986335,12.47245156858852,0.17070075994870598,7.306617482157886
dup64,adam,301,6,12288,759.8304495459233,510.9464496747333,4.609297972831107,18.53604345920015,0.29477797023910585,6.288137286570243,334.0313801826081,3.013329801034547,12.117943443472393,0.17538194160077153,6.909459054260512
dup64,adam,301,7,12288,759.8304495459233,498.1450698744425,4.493815471679599,18.07163680275509,0.31748977687755514,5.69203738793917,330.9629686478332,2.9856493600097527,12.00662804125068,0.17128144251382946,7.009882603178831
dup64,adam,301,8,12288,759.8304495459233,508.6899658737456,4.588942011426072,18.45418305714292,0.3395747314300012,5.4344983148273505,333.4474767416698,3.008062350896946,12.096760676542319,0.17038714738603628,7.099573449126059
dup64,adam,301,9,12288,759.8304495459233,526.5961064547166,4.750475059622492,19.103779507429866,0.3594071457207152,5.3153588443883795,340.0900330985984,3.0679855024716334,12.337738402076173,0.17445557139070075,7.072137796301888
dup64,adam,301,10,12288,759.8304495459233,513.7305981321958,4.634414048790168,18.637046405472198,0.3783298921262568,4.926136367583827,336.3857288958676,3.0345686113996506,12.203354175056635,0.1745538203006689,6.9911699177000886
dup64,adam,301,11,12288,759.8304495459233,530.3945555197381,4.784741240719261,19.24157910852626,0.395072770738563,4.870388579945757,332.1132886400186,2.9960265093401035,12.048359188185373,0.17248812724649273,6.98503681413838
dup64,adam,301,12,12288,759.8304495459233,545.540866592351,4.921377596578681,19.791054851957384,0.4106781458134165,4.819115663619718,336.4514017091005,3.0351610522808765,12.205736644141112,0.1724472511403197,7.077953729868009
dup64,adam,301,13,12288,759.8304495459233,536.3268931329158,4.838257439436322,19.456791618335284,0.4263196672920745,4.563897260926812,345.63159636534965,3.117976487530855,12.538774455090728,0.17277389026215667,7.257331785529137
dup64,adam,301,14,12288,759.8304495459233,544.6479462655301,4.913322474843447,19.758661613890865,0.44009538489839495,4.489631632572688,338.8697635147698,3.056977331023081,12.293469633691176,0.17520638344683467,7.016564917237478
dup64,adam,301,15,12288,759.8304495459233,538.1497901478963,4.854701971972321,19.52292241993462,0.4543603641109124,4.296792581839059,337.68322561052656,3.0462734563602916,12.250424578435304,0.1755140618265347,6.97973965786441
dup64,adam,301,16,12288,759.8304495459233,569.1799475634764,5.134628061611097,20.64863010763295,0.4677614817864315,4.414350242942963,333.3801334621506,3.007454840575719,12.094317606516785,0.17447055214401888,6.932010851053753
dup64,adam,301,17,12288,759.8304495459233,565.7941955487307,5.104084861031054,20.52580227209881,0.48149392736234936,4.26294104778025,346.08590769659173,3.1220748745525504,12.555255897686662,0.17065050617983255,7.357291917116176
dup64,adam,301,18,12288,759.8304495459233,588.2695088661588,5.30683686406134,21.341158528466178,0.49335983512819853,4.3256781377269435,373.7021547582636,3.371203744475417,13.557114225581941,0.17339049060978387,7.818833765279718
dup64,adam,301,19,12288,759.8304495459233,572.8249831830473,5.167510284988675,20.780864197326125,0.5059931457347598,4.106945790174675,341.23280303229075,3.0782945419847443,12.379195649050436,0.17533611512705607,7.060265730240423
dup64,adam,301,20,12288,759.8304495459233,576.3961899503249,5.1997264910577305,20.91041993429658,0.5173867560130615,4.041545264016904,351.0295656973488,3.1666720976387777,12.734601227530504,0.17344342405966573,7.3422219934667075
dup64,adam,301,21,12288,759.8304495459233,570.6754176104057,5.148118843394841,20.702882559723495,0.5289982444373066,3.913601373430846,346.80591513909064,3.1285701322204456,12.581376226448322,0.17254975182705712,7.291448462388031
dup64,adam,301,22,12288,759.8304495459233,593.6315876322974,5.355208701858935,21.53568326800409,0.5410731642851179,3.980179519059623,344.4898774757255,3.1076769295892395,12.497355337745388,0.17273289853323612,7.235075335310678
dup64,adam,301,23,12288,759.8304495459233,575.0568821963876,5.187644464616114,20.861832715913852,0.5516378860631677,3.7817983940147606,346.3343780375841,3.124316349837825,12.56426986978078,0.18047181749872818,6.961901333912882
dup64,adam,301,24,12288,759.8304495459233,599.6162871300864,5.40919726226624,21.752795354900652,0.5616427623525099,3.8730660863119444,364.3168523064356,3.2865380117099643,13.216635542863688,0.17444128397542225,7.576552546314571
dup64,adam,301,25,12288,759.8304495459233,608.3242180582472,5.487752360164025,22.068700448725757,0.5723513072076297,3.8557962864440483,344.5558158090868,3.1082717657535532,12.499747439331749,0.17679403328190013,7.070231504589725
dup64,adam,301,26,12288,759.8304495459233,601.5786806815904,5.4269002067227525,21.823986792237946,0.5828506679623199,3.7443530550519712,355.93817497301774,3.2109531427427487,12.912675064653659,0.1714535790265472,7.531295140041556
dup64,adam,301,27,12288,759.8304495459233,618.9889016415788,5.583959515439942,22.455592340244124,0.592503267057995,3.7899524928773327,346.39838543372,3.1248937668282815,12.566591921097979,0.1742684521791836,7.211053844775618
dup64,adam,301,28,12288,759.8304495459233,607.3577553002558,5.479033804953274,22.033639248681737,0.6015988831440653,3.6625133234174116,364.1510172377886,3.2850419973111458,13.210619401560706,0.17966843244295708,7.352777125027205
dup64,adam,301,29,12288,759.8304495459233,616.473015126828,5.561263456743975,22.364321363010557,0.6105829509175016,3.662781826679647,365.8561022999974,3.3004237366807936,13.27247623770245,0.1737709096156176,7.6379160741353385
dup64,adam,301,30,12288,759.8304495459233,616.4700185095529,5.561236423965999,22.364212652150393,0.618910462764233,3.6134811087641587,356.36316317289544,3.214787002924027,12.928092726812961,0.1743445598272198,7.4152544476438225
dup64,adam,301,31,12288,759.8304495459233,618.2049754295849,5.576887640291201,22.427153175350085,0.6273656474772219,3.5748137096021595,369.87756356133417,3.336701732645925,13.418366243899932,0.1777889225043895,7.54735787521781
dup64,adam,301,32,12288,759.8304495459233,612.9211544821466,5.52922177394193,22.235467461955466,0.6352780702610066,3.500115697810871,365.1851234890364,3.2943707711006547,13.248134562742004,0.1707542581900948,7.7585968883969585
dup64,adam,301,33,12288,759.8304495459233,641.2290040969951,5.784589658243685,23.26241565003147,0.6441228270675842,3.6114875412714844,362.2122604102958,3.2675522820572986,13.140285453973627,0.1797591740573112,7.309938712660201
dup64,adam,301,34,12288,759.8304495459233,626.5055723266984,5.65176813799406,22.728281062470437,0.6518000537311034,3.487002023452865,355.99489334463084,3.21146480472898,12.9147326857641,0.1747812386749981,7.389084082290298
dup64,adam,301,35,12288,759.8304495459233,628.0533339503816,5.66573064721398,22.784430541029955,0.6594926748776302,3.4548420943807505,349.7196735844737,3.1548554325766243,12.687081145638219,0.17425673047506327,7.28068357018427
dup64,adam,301,36,12288,759.8304495459233,624.1734767976706,5.630730075783746,22.64367762877482,0.667465981221145,3.392484151379171,373.7862745457923,3.371962597318759,13.560165911406168,0.17724072448263242,7.650705531129167
dup64,adam,301,37,12288,759.8304495459233,646.2102002430205,5.829525516615467,23.44312278343127,0.6749045631937285,3.4735463444632275,378.9845339138008,3.418856604278715,13.748747633852696,0.17557063198335215,7.830892603471616
dup64,adam,301,38,12288,759.8304495459233,648.0059939064577,5.845725547162256,23.50827033345421,0.6827854862031564,3.4429950267659235,366.55867256016313,3.3067616918187825,13.297963982815197,0.1756481350741937,7.570797137810853
dup64,adam,301,39,12288,759.8304495459233,640.4727520516533,5.777767434463164,23.23498044466408,0.6904541133636181,3.3651737305861626,359.0507103106528,3.2390316289153396,13.025591183991462,0.1767755041044439,7.368436735609918
dup64,adam,301,40,12288,759.8304495459233,650.4112133421963,5.867423267297941,23.595526545955828,0.6975215988386808,3.382766438378473,370.8181449149145,3.345186809172243,13.452488521993805,0.17655346179700676,7.619498584208374
dup64,adam,301,41,12288,759.8304495459233,657.0357539113438,5.927183896686298,23.835850697273685,0.7052705335086328,3.3796748289898493,373.408894495676,3.3685582149199864,13.54647537100992,0.17555931239012823,7.716181606423086
dup64,adam,301,42,12288,759.8304495459233,682.0552847083721,6.152887534821649,24.743505717633926,0.7123111788973902,3.473693302965595,376.2152321423741,3.3938744617287067,13.648283293569124,0.17951938565338177,7.602679367409042
dup64,adam,301,43,12288,759.8304495459233,677.6328895391441,6.1129926747995125,24.58307068749965,0.7195446898849281,3.416475867736728,373.14423966956434,3.3661707378090817,13.536874260440278,0.17887787929921511,7.567662537969095
dup64,adam,301,44,12288,759.8304495459233,655.4272626555718,5.912673539506468,23.77749807766019,0.7257674249780062,3.2761870069300434,373.81268671746,3.372200864106606,13.56112408845622,0.17773394372034412,7.630013606063904
dup64,adam,301,45,12288,759.8304495459233,663.7812243106184,5.988035445918046,24.08056192396544,0.7318649259680075,3.2903014025593693,379.81600680900567,3.4263574027141903,13.77891169063492,0.1745538075007115,7.893790395021177
dup64,adam,301,46,12288,759.8304495459233,665.1437510147371,6.000326932783685,24.129991476158125,0.7380119212179712,3.269593726390681,373.067060074934,3.36547449312571,13.534074349958187,0.17393733081584384,7.781006116672784
dup64,adam,301,47,12288,759.8304495459233,679.5586851014539,6.130365465210509,24.65293442813085,0.7446026412175613,3.3108846334225723,381.6441758728269,3.442849494919211,13.84523375088082,0.1815167324335889,7.627524782568648
dup64,adam,301,48,12288,759.8304495459233,693.6734412362442,6.257696062928745,25.164987566570385,0.7508312513782125,3.351616960585748,374.709963048171,3.3802952817796292,13.593675353019382,0.171168551636024,7.941689768997534
dup64,adam,301,49,12288,759.8304495459233,679.5337910088466,6.1301408931625705,24.6520313237395,0.7568743985694769,3.25708352275263,364.5296431867242,3.28845761908521,13.224355140499139,0.17514617680404312,7.5504674905320925
dup64,adam,301,50,12288,759.8304495459233,672.2733838973751,6.064644049408908,24.388639295405817,0.7630915900818481,3.1960304126520285,386.8327588682045,3.4896562103738042,14.0334644352416,0.18146324234094244,7.733502528779248
dup64,sgd,301,1,12288,759.8304495459233,1.4595344294411063,0.013166603058271088,0.05294878481207124,0.002606459103757049,2.031445064138887,30.468057687226278,0.2748553329282053,1.1053159127876628,0.011400524209998859,9.695307798375119
dup64,sgd,301,2,12288,759.8304495459233,30.744584087209844,0.2773499046699014,1.1153476986450157,0.01174010649497767,9.500320113128046,31.925663729176726,0.28800453981402585,1.1581947398294907,0.011007227624912023,10.522129452544576
dup64,sgd,301,3,12288,759.8304495459233,48.27450512520911,0.4354890395161789,1.751295709250734,0.016281216090120263,10.756541154892304,32.69017357405425,0.29490125801305955,1.1859295204873412,0.012016488873605354,9.869185025355264
dup64,sgd,301,4,12288,759.8304495459233,58.40696999792006,0.5268949976695241,2.1188798452183133,0.020157167286060755,10.511793721549244,32.72389428402364,0.2952054558408423,1.1871528356622791,0.012826697243544053,9.255327487048921
dup64,sgd,301,5,12288,759.8304495459233,64.0484613438619,0.5777874437196877,2.323541075039264,0.02275641475334097,10.21048834020805,33.25685186052252,0.3000133183448779,1.2064873956855107,0.014462132838350749,8.342389114876207
dup64,sgd,301,6,12288,759.8304495459233,66.16936313779216,0.5969203065579751,2.4004828521081008,0.025119322973635193,9.556319868284689,33.005591487708244,0.29774667390923715,1.1973722072092523,0.015295854341134778,7.828083221145664
dup64,sgd,301,7,12288,759.8304495459233,64.04097585905996,0.5777199164280405,2.323269517674123,0.026867177435298675,8.647240757868971,31.633619345533283,0.28536997882165305,1.1475999947428457,0.01629371498910016,7.043206509445782
dup64,sgd,301,8,12288,759.8304495459233,65.36169432466738,0.5896342470786993,2.371182356468583,0.028422716865182576,8.34256052197898,32.857029826686805,0.29640648461264363,1.1919827081593668,0.016723217072644292,7.127711749369101
dup64,sgd,301,9,12288,759.8304495459233,65.03397523179993,0.5866778610398616,2.359293409296785,0.029650861114872053,7.956913629444064,33.268477663689964,0.30011819585406957,1.2069091549381623,0.016835940130716143,7.1686472247322275
dup64,sgd,301,10,12288,759.8304495459233,64.6605262175348,0.5833089409005714,2.34574547846642,0.030830377094700597,7.608552666291025,32.135825249698286,0.28990042747725125,1.1658189499210163,0.016991915731438784,6.861021254737007
dup64,sgd,301,11,12288,759.8304495459233,65.83649070080997,0.5939174316970771,2.388406952643099,0.03195556732901451,7.474149740644759,32.72211249469802,0.29518938214479873,1.1870881961596542,0.017269978108180806,6.873709907005205
dup64,sgd,301,12,12288,759.8304495459233,64.49235629756765,0.5817918635792804,2.3396446337555394,0.0328274796845164,7.127091864012544,30.97085860105745,0.2793911492242868,1.123556453642841,0.01677888642173467,6.696251618864483
dup64,sgd,301,13,12288,759.8304495459233,64.67418908205168,0.583432194939739,2.3462411379442836,0.03382661228739597,6.9360807343350475,30.54229138889258,0.27552500242258,1.1080089525790144,0.01688802299558661,6.560915702617017
dup64,sgd,301,14,12288,759.8304495459233,65.11057065345798,0.5873688358416268,2.3620721272339256,0.034501733582148496,6.846241860890383,29.39669741938536,0.2651904870057518,1.0664492556305352,0.01685777857336545,6.32615531749526
dup64,sgd,301,15,12288,759.8304495459233,65.23996498092421,0.5885361147446618,2.366766276452136,0.035158835874442664,6.731640048903222,31.679878183712948,0.2857872843322066,1.1492781663700606,0.016321093125119528,7.041673970974562
dup64,sgd,301,16,12288,759.8304495459233,67.48636313927057,0.6088010925794797,2.4482607929837266,0.03604132595197411,6.792926531743282,31.74719310033375,0.28639453878894877,1.1517202074503536,0.016659556134449603,6.9132706667301855
dup64,sgd,301,17,12288,759.8304495459233,66.2712501430045,0.597839439212448,2.4041790945572767,0.03682487422755017,6.528682432698204,31.76902475534053,0.28659148428730846,1.1525122131610297,0.016704975842839292,6.899215084199372
dup64,sgd,301,18,12288,759.8304495459233,64.81048508686106,0.5846617345501479,2.351185665242732,0.037461398825954575,6.276289030653462,32.303619489440536,0.29141411575043336,1.1719061657575207,0.01647520993630832,7.113148605013257
dup64,sgd,301,19,12288,759.8304495459233,64.66160437476614,0.5833186670625674,2.3457845917028632,0.03822161778369357,6.137324183864456,32.594234545595455,0.2940357826395209,1.1824490579025093,0.016594138298070542,7.125703285478804
dup64,sgd,301,20,12288,759.8304495459233,66.74160201048727,0.602082529482839,2.421242453471556,0.03897795738133613,6.211824877798555,32.06210555404908,0.2892353948815068,1.1631445571676808,0.017152557119532546,6.78117291236503
dup64,sgd,301,21,12288,759.8304495459233,66.8165471403379,0.6027586168405533,2.423961302354548,0.039654675221804166,6.112674706819259,30.219304502951324,0.27261130608597217,1.0962916797447086,0.016846238176876558,6.507634928547416
dup64,sgd,301,22,12288,759.8304495459233,68.01275249148202,0.6135497024888209,2.4673570718897904,0.0403450283954682,6.115640935245788,30.681395710933064,0.2767798761378224,1.113055359615107,0.01667717933007916,6.674122389555331
dup64,sgd,301,23,12288,759.8304495459233,69.20403819235946,0.6242964074901232,2.5105743670443905,0.041106317092773986,6.107514719399953,31.72587871974064,0.28620225967374496,1.1509469673481252,0.01692846927416158,6.798883872535653
dup64,sgd,301,24,12288,759.8304495459233,67.64840794309215,0.6102629146280293,2.454139431592306,0.04168820484998732,5.8868916050076745,31.85006060515465,0.28732251662643643,1.1554520203264653,0.016916461842303204,6.830340948938933
dup64,sgd,301,25,12288,759.8304495459233,68.75611762409069,0.620255672167224,2.4943247676490232,0.04237460884751451,5.886366471546387,32.874666890590774,0.2965655902937791,1.1926225430837993,0.017147220753308542,6.955194432040444
dup64,sgd,301,26,12288,759.8304495459233,68.97104722942925,0.6221945731906464,2.502121953651119,0.04290479029573147,5.831800916412008,31.144354985762323,0.28095627710573656,1.1298505310925442,0.01684265696158602,6.70826778500243
dup64,sgd,301,27,12288,759.8304495459233,69.07046234009142,0.6230914066422453,2.5057285210573674,0.04344340183873563,5.76779997652756,32.0478022572465,0.2891063634399557,1.162625664177405,0.016906257140809452,6.8768956635054455
dup64,sgd,301,28,12288,759.8304495459233,70.37637473661442,0.6348721702933487,2.553104227359404,0.04411684684506247,5.787141216882198,31.856614245595814,0.2873816376588252,1.1556897723729092,0.01700736930786662,6.795229476426752
dup64,sgd,301,29,12288,759.8304495459233,69.77767938876147,0.6294712809145131,2.5313848417101097,0.0446797651404527,5.6656180571956805,31.65792024214861,0.28558919959044066,1.1484815792534062,0.016531609987448,6.947185302129779
dup64,sgd,301,30,12288,759.8304495459233,69.95312685096518,0.6310540096571998,2.5377497000749822,0.04517901054257555,5.617098890830005,32.051145865253254,0.28913652645531135,1.162746963118543,0.016595936464030174,7.006214838425454
dup64,sgd,301,31,12288,759.8304495459233,70.85119973927645,0.6391556131543625,2.5703298620427666,0.045657066779499315,5.6296429958064715,31.989909381680533,0.2885841061385155,1.1605254345777043,0.01660013666172558,6.991059520934497
dup64,sgd,301,32,12288,759.8304495459233,70.78656572456424,0.6385725433763485,2.5679850783449627,0.046177667491804,5.561097426154645,31.47241032666181,0.28391569647100867,1.1417516766231701,0.01684444278220086,6.778209830898252
dup64,sgd,301,33,12288,759.8304495459233,70.4016187426398,0.6350998989445077,2.5540200258605354,0.046785973635917195,5.45894384016802,30.909970612355178,0.27884187271385447,1.121347567749912,0.016667560331164396,6.727724666778361
dup64,sgd,301,34,12288,759.8304495459233,69.8258861303462,0.6299061586524928,2.533133679103167,0.04730660755385353,5.354714299095456,30.79472157719769,0.27780219987835414,1.1171665794571664,0.01691152048617212,6.605949952108856
dup64,sgd,301,35,12288,759.8304495459233,70.42122886442601,0.6352768037740719,2.5547314391013964,0.04769579337841649,5.356303476980162,32.74658180619332,0.2954101222007159,1.1879758904015505,0.01644353947458039,7.224575294376307
dup64,sgd,301,36,12288,759.8304495459233,71.31031573267883,0.643297343504052,2.5869856074969877,0.04816838778905635,5.370712465665583,33.186030988820534,0.29937443632391875,1.2039181660597404,0.016546623408951855,7.275914464871492
dup64,sgd,301,37,12288,759.8304495459233,71.30478634686487,0.6432474623729874,2.5867850132158936,0.04865458347059183,5.316631710102744,34.43479737147491,0.3106396801861134,1.2492207373057194,0.016566303134791474,7.5407333014581095
dup64,sgd,301,38,12288,759.8304495459233,71.82097798338033,0.6479040776901066,2.6055113408257973,0.04906458425386868,5.310370770379769,32.23968562235478,0.29083736207274125,1.1695867819168644,0.01638678132154533,7.137379568122338
dup64,sgd,301,39,12288,759.8304495459233,72.44845321719454,0.6535645932393638,2.6282747991313715,0.049549613030175015,5.304329617126957,31.986821156885743,0.28855624696013127,1.1604134003928217,0.016419901546901334,7.067115457898757
dup64,sgd,301,40,12288,759.8304495459233,72.8183944458996,0.6569018693015076,2.641695475010404,0.05001071294838753,5.282259178621804,31.277030201938825,0.28215315322720996,1.1346637039300733,0.016406107394662674,6.916105549200589
dup64,sgd,301,41,12288,759.8304495459233,72.27489424500568,0.6519989007500901,2.6219784511417243,0.05042754376350945,5.199496654919467,32.77813129170372,0.2956947331999694,1.1891204382008522,0.01624821683887695,7.318467312398584
dup64,sgd,301,42,12288,759.8304495459233,71.80739675402842,0.6477815600897588,2.6050186428969697,0.050939888092335794,5.11390727473724,31.61687027597464,0.28521888382449123,1.1469923743524157,0.01655180356511182,6.929712341258485
dup64,sgd,301,43,12288,759.8304495459233,71.95800138459094,0.6491401792147039,2.610482256508613,0.05138063613716904,5.08067329010778,31.746956235711068,0.2863924020099852,1.1517116145088766,0.01656678689314088,6.951931125435783
dup64,sgd,301,44,12288,759.8304495459233,71.85991055010945,0.6482552921882518,2.6069237310074462,0.051825287553228704,5.030215661282973,31.79065149524967,0.28678658122649964,1.1532967849906055,0.01644265127430097,7.014056101725819
dup64,sgd,301,45,12288,759.8304495459233,73.08130815100033,0.6592736395892193,2.6512334214368223,0.052220415809616186,5.077005574031848,32.306712515962325,0.2914420182456672,1.1720183741387804,0.016356668886846906,7.1653854598796105
dup64,sgd,301,46,12288,759.8304495459233,72.36224867753347,0.6527869336428218,2.6251474829624164,0.05255219555946728,4.995314572522167,33.291049766478565,0.30032182100440047,1.2077280225093558,0.016509252086165643,7.315461755662467
dup64,sgd,301,47,12288,759.8304495459233,72.56066649029502,0.6545768801679764,2.632345656475059,0.052947808904710354,4.971585625407966,31.0009565739856,0.27966266598635137,1.124648343672775,0.01658649125341086,6.78050786323781
dup64,sgd,301,48,12288,759.8304495459233,72.80907235305109,0.6568177737887655,2.641357289436787,0.053345169120386754,4.951446087790821,30.521874596265025,0.27534082053633774,1.1072682750467941,0.016235407068198357,6.820083231640632
dup64,sgd,301,49,12288,759.8304495459233,72.94058168610185,0.6580041323643562,2.6461281665302105,0.05372991682214782,4.924869277741855,32.336361850688085,0.29170948779856115,1.1730939885350893,0.016572893253774573,7.078389817468414
dup64,sgd,301,50,12288,759.8304495459233,75.1045383438808,0.6775253973469086,2.724631881895981,0.054175433256452,5.02927566633072,33.76463897077417,0.3045941156072968,1.2249088250733422,0.016273183465408528,7.5271616501903145
dup64_half,adam,301,1,12288,189.95761238648083,1.4595344294411063,0.013166603058271088,0.10589756962414248,0.005212918207514098,2.031445064138887,182.85150384945536,1.6495213276439211,13.266922293290236,0.1311501956563706,10.115823485350473
dup64_half,adam,301,2,12288,189.95761238648083,182.81722869895327,1.6492121281537822,13.264435435108984,0.1312501587900157,10.106224295187687,185.59753719070696,1.6742935634060352,13.466162716180953,0.154431651145083,8.71982046188833
dup64_half,adam,301,3,12288,189.95761238648083,251.48477971956612,2.2686688323153943,18.246658956831073,0.2018630574538172,9.039127409930167,184.27778887095192,1.6623879845361424,13.37040742822168,0.17592041812377146,7.600259009624868
dup64_half,adam,301,4,12288,189.95761238648083,263.73905780681,2.379215875321563,19.13577691168085,0.248283589276641,7.707225824885068,180.1155079479571,1.6248396406090502,13.068410144055614,0.1812169758464578,7.211471266979019
dup64_half,adam,301,5,12288,189.95761238648083,256.7204828356847,2.315900622994895,18.62653915978238,0.2780687609832594,6.698537115035283,176.0192534182692,1.5878869272436669,12.771203452314918,0.18404756100858533,6.939077802676872
dup64_half,adam,301,6,12288,189.95761238648083,261.0085300967295,2.3545835173771144,18.937661511005015,0.3026517305004908,6.257245408670908,171.97504382153846,1.5514037163166081,12.477772918094212,0.18343126165525048,6.802424409829082
dup64_half,adam,301,7,12288,189.95761238648083,266.5856672733382,2.404895418161841,19.342314707633935,0.3252634105285581,5.9466617152548364,175.9156060060316,1.5869519137849766,12.763683239819489,0.18529452408616418,6.888321877166874
dup64_half,adam,301,8,12288,189.95761238648083,263.5191709573767,2.3772322545135696,19.11982286326815,0.3449966435476339,5.542031559106536,175.07504092268755,1.5793690938296627,12.702695436009247,0.18699245539564885,6.793159333157153
dup64_half,adam,301,9,12288,189.95761238648083,271.08734731684,2.445505514801237,19.668937338944453,0.3641962523912268,5.400642431052719,172.84728088411052,1.559272252299001,12.541058705122786,0.1864615166447912,6.725816099100748
dup64_half,adam,301,10,12288,189.95761238648083,273.2089053177522,2.464644297346988,19.822868504651375,0.38254370751280886,5.1818571617695826,172.75835383232794,1.5584700326539243,12.534606538960992,0.18981692929734018,6.603524029896228
dup64_half,adam,301,11,12288,189.95761238648083,273.93005991733287,2.4711499036312885,19.875192394981323,0.39846228238270026,4.987973334924668,180.42946008020309,1.627671833547564,13.091189166675791,0.18709149715717557,6.9972122547492805
dup64_half,adam,301,12,12288,189.95761238648083,284.9230642671991,2.570318872703132,20.672797727227056,0.41460155215977595,4.986184354481223,179.1761003874188,1.6163651529847447,13.000250753265743,0.19124171163443782,6.797811336323933
dup64_half,adam,301,13,12288,189.95761238648083,281.7211590141056,2.541434171768863,20.440481190097323,0.4316158947299167,4.735803625324766,181.07520825836087,1.6334971911176908,13.138041889898165,0.19186204166194606,6.847650413856699
dup64_half,adam,301,14,12288,189.95761238648083,286.5166998392933,2.5846952153053,20.78842510164671,0.44648842883242684,4.6559829458534265,172.7974087580795,1.558822350964797,12.537440197171115,0.1895633430984036,6.613852653285844
dup64_half,adam,301,15,12288,189.95761238648083,287.21110860629733,2.5909595448140097,20.83880842886947,0.46085023606196956,4.521817891847042,175.35396693323912,1.5818853126933492,12.722933113193525,0.18955969492258998,6.711834558706774
dup64_half,adam,301,16,12288,189.95761238648083,298.81108588557186,2.695604076138739,21.680453118293368,0.47515175951077915,4.562848118381329,177.25988340245917,1.5990787718583044,12.861218252567946,0.19248248701582082,6.6817602224304355
dup64_half,adam,301,17,12288,189.95761238648083,286.6892094835367,2.5862514417043894,20.80094166288267,0.4884589264684934,4.258483269672495,173.35472252561328,1.5638499330539957,12.577876498165056,0.18993742533741445,6.622115928875564
dup64_half,adam,301,18,12288,189.95761238648083,296.2518286562555,2.67251676597825,21.49476437045657,0.5021740414659915,4.280341593863976,178.90368294739147,1.6139076485733115,12.980485310094133,0.19085905417361287,6.801084374172039
dup64_half,adam,301,19,12288,189.95761238648083,302.1789618496853,2.7259860151149606,21.924811779658935,0.515337722173647,4.2544550566145425,177.81773098955068,1.6041111695860242,12.901693285223603,0.19041086342902994,6.775712820625031
dup64_half,adam,301,20,12288,189.95761238648083,301.35692917540035,2.718570377837131,21.86516860810885,0.5274812694372673,4.145202848896466,175.30336817244557,1.581428856315774,12.71926188373436,0.1888035689536359,6.736769836621997
dup64_half,adam,301,21,12288,189.95761238648083,302.9688536787071,2.7331117066792796,21.98212294907849,0.5398490064018411,4.071902085287142,183.70527878928127,1.6572233150085436,13.328868547732608,0.18965041652205375,7.028125111543133
dup64_half,adam,301,22,12288,189.95761238648083,309.49376404261085,2.7919735622267483,22.455542510559734,0.551643273782938,4.07066370202777,184.92619229024348,1.668237295296634,13.41745280437307,0.18872658138485185,7.109466353874209
dup64_half,adam,301,23,12288,189.95761238648083,305.6283615740636,2.7571033879182796,22.175085456048823,0.5621944875788712,3.9443797379706322,187.8077292622991,1.6942319225856366,13.626524790595175,0.19048798687246457,7.1534824921628255
dup64_half,adam,301,24,12288,189.95761238648083,308.4453186654024,2.7825154337773434,22.37947180260627,0.5734372338728237,3.9026889920387626,182.69097605043893,1.6480731906443187,13.25527508344712,0.1962459442490002,6.754419885808494
dup64_half,adam,301,25,12288,189.95761238648083,315.36124926092884,2.844904721137093,22.881262118053602,0.5834665476386715,3.9216065103741795,182.0789440219777,1.6425519897633067,13.210868659700749,0.19744687010550654,6.690847341688154
dup64_half,adam,301,26,12288,189.95761238648083,310.42559061530017,2.8003796610170646,22.5231518573271,0.5937275562866858,3.7935163390751607,181.41769902718227,1.6365868338922842,13.162891553808304,0.1899339001536071,6.930248651327093
dup64_half,adam,301,27,12288,189.95761238648083,314.6921786708161,2.8388689698041483,22.832717220467963,0.603232001642442,3.785063981735134,180.8795879349675,1.6317324810181575,13.12384851672479,0.19055273256152255,6.8872528566272715
dup64_half,adam,301,28,12288,189.95761238648083,325.3665176060395,2.935163226955282,23.60720155450137,0.6140253394132902,3.8446624331592534,185.13913216788347,1.6701582467915819,13.4329028102539,0.1979467570757156,6.786119160879078
dup64_half,adam,301,29,12288,189.95761238648083,318.51658014063435,2.873369270086785,23.110199418045063,0.623661434641298,3.7055681391197464,179.24575418629476,1.6169935067274184,13.005304534709511,0.19263659473846903,6.751211810178653
dup64_half,adam,301,30,12288,189.95761238648083,315.1961998098306,2.843415793871137,22.869286836493583,0.6320031214174731,3.618540171953858,181.6202896292585,1.638414423558597,13.17759066056167,0.19781947885809953,6.661422189881644
dup64_half,adam,301,31,12288,189.95761238648083,331.4960317085073,2.990458174096866,24.05193285602798,0.6410082664982684,3.752203226242318,185.60085426337363,1.6743234870434887,13.466403388772555,0.19416459077523937,6.935560873898457
dup64_half,adam,301,32,12288,189.95761238648083,317.31288294455226,2.8625105997714604,23.022864302780054,0.6488942695641193,3.548014735627911,182.77294339671863,1.6488126261043083,13.2612222831736,0.19442422054441733,6.820766592783637
dup64_half,adam,301,33,12288,189.95761238648083,328.0694339498119,2.9595465000595635,23.803313592647996,0.6579859051273974,3.6176023539652054,184.23201688257063,1.66197507094531,13.367086408704314,0.19833157853071215,6.739767064695845
dup64_half,adam,301,34,12288,189.95761238648083,318.078635938202,2.8694185325373422,23.078424061648484,0.666820894755767,3.4609629426956237,174.89166828753383,1.577714871325475,12.689390702659592,0.18973398502648894,6.687990399236074
dup64_half,adam,301,35,12288,189.95761238648083,328.77835268614444,2.9659417254229252,23.854749701124984,0.6750047807081522,3.5340119630114026,186.96211955922155,1.6866035946215556,13.565170970774156,0.19040396416513222,7.124416253754805
dup64_half,adam,301,36,12288,189.95761238648083,330.7860906763804,2.984053726503003,24.000422574144817,0.6839893745279257,3.5088882178483214,190.73090646937595,1.7206021905136804,13.838618013999756,0.19439711620727623,7.118736267283053
dup64_half,adam,301,37,12288,189.95761238648083,340.44007813016174,3.071143292990408,24.700874573025644,0.6928254457136428,3.565237784761583,194.11877944825835,1.7511645245189618,14.084427573145497,0.19916222935702454,7.07183667235282
dup64_half,adam,301,38,12288,189.95761238648083,335.7033701086879,3.0284129859393056,24.357199317838045,0.6998069551258336,3.480559765722581,190.9609691830841,1.722677608790085,13.855310379559201,0.1926600479749716,7.191584620262908
dup64_half,adam,301,39,12288,189.95761238648083,344.87761334961993,3.1111747328887307,25.022843130521135,0.708232971241825,3.5331372791986437,190.70010155576003,1.7203242963704224,13.836382941350145,0.20005086511093434,6.916432445157108
dup64_half,adam,301,40,12288,189.95761238648083,343.98708966805907,3.103141231525154,24.95823054470762,0.7162789859009052,3.4844286983117647,189.3402149896288,1.7080566264481845,13.737715394074154,0.19540129410994994,7.030514028399478
dup64_half,adam,301,41,12288,189.95761238648083,341.2272940023401,3.0782448444859165,24.75799158647298,0.7236890910763369,3.4210812200651826,192.7734353812621,1.739028043905947,13.986815167347219,0.1959229839030957,7.138935355468632
dup64_half,adam,301,42,12288,189.95761238648083,342.6762236833268,3.0913157810695804,24.863119720950444,0.7314191410914288,3.3992984766367367,190.95978604607689,1.7226669355952475,13.855224536203218,0.1959148110092364,7.072065896819822
dup64_half,adam,301,43,12288,189.95761238648083,345.9700527484352,3.1210297357165326,25.102105856334664,0.7388267905026152,3.3975630254633824,191.99237494302517,1.7319820211829866,13.930144765833957,0.19958704757635795,6.979483355754619
dup64_half,adam,301,44,12288,189.95761238648083,347.2381809914101,3.132469644817291,25.194115812519254,0.745468177662417,3.3796366588740328,194.6669952487701,1.7561100329564534,14.124203764602644,0.19281881547418772,7.325116965306439
dup64_half,adam,301,45,12288,189.95761238648083,347.9161517041473,3.138585685028252,25.24330646489921,0.7527823533916795,3.35333398174982,202.2997975976153,1.824966290624844,14.678007225390939,0.19494845712441153,7.5291733219636505
dup64_half,adam,301,46,12288,189.95761238648083,355.79298114593297,3.209643335005998,25.81481548681958,0.7599976502857967,3.39669674993231,201.3850643454957,1.816714392353782,14.611638096783985,0.1964561477282251,7.437607967859338
dup64_half,adam,301,47,12288,189.95761238648083,359.22183250858035,3.2405753390253054,26.063598262054168,0.7672100770135645,3.3971918569564554,196.6876067692204,1.7743381674136354,14.27081068586052,0.19772789096057916,7.217398929676379
dup64_half,adam,301,48,12288,189.95761238648083,354.86422396109367,3.201264925464142,25.747428841693914,0.7739540717668834,3.3267385987019,190.78997428672835,1.7211350470800688,13.842903721945005,0.19824183025137218,6.982836924170895
dup64_half,adam,301,49,12288,189.95761238648083,352.093952949998,3.1762740393081375,25.54642983724591,0.780515940202144,3.273018335875331,194.08205901908295,1.750833265930381,14.081763296012467,0.19925234287522461,7.067301238626197
dup64_half,adam,301,50,12288,189.95761238648083,353.73610239963,3.1910880303518034,25.665577170921512,0.7862081889137896,3.264475940702244,190.23273685630883,1.7161081536354554,13.802472959645259,0.19754814667217738,6.986890635096601
dup64_half,sgd,301,1,12288,189.95761238648083,1.4595344294411063,0.013166603058271088,0.10589756962414248,0.005212918207514098,2.031445064138887,15.455597208388925,0.13942645638671522,1.1213919647546837,0.012378487145545137,9.059200462620819
dup64_half,sgd,301,2,12288,189.95761238648083,15.825056286765909,0.14275938292351997,1.1481983337491308,0.013550933517544921,8.473204685585046,16.590325712498498,0.14966295337585278,1.2037230069997487,0.012031467442910965,10.004789629456143
dup64_half,sgd,301,3,12288,189.95761238648083,24.321888409024407,0.21941013781484814,1.7646920958017835,0.01796339041328421,9.82382532028456,17.114512336692446,0.15439169225997743,1.241755744297271,0.012849405557787637,9.66391588087653
dup64_half,sgd,301,4,12288,189.95761238648083,29.330778985000595,0.2645958303520549,2.1281157518728944,0.021916799596356985,9.709974955588999,16.553179968865084,0.14932785798388404,1.2010278708705062,0.013898591397358663,8.641363980948125
dup64_half,sgd,301,5,12288,189.95761238648083,30.260004936305723,0.2729784686821174,2.1955364086864346,0.02492472997657366,8.808666776931917,18.37437862009625,0.16575706941413554,1.333166248066581,0.01383493263730968,9.636232304242187
dup64_half,sgd,301,6,12288,189.95761238648083,35.278605964260294,0.31825176015781903,2.5596646135805945,0.027312746413244902,9.37168520094092,17.417380303311447,0.1571238938546086,1.263730547313216,0.013741839443469545,9.196225530882414
dup64_half,sgd,301,7,12288,189.95761238648083,38.14564155189392,0.344115569037452,2.7676844414325394,0.02917064866744601,9.487908455464797,17.905197336108227,0.1615245390921165,1.299124462764886,0.014757808183912568,8.802963465679522
dup64_half,sgd,301,8,12288,189.95761238648083,39.84061921803612,0.359406128597102,2.8906647643293373,0.030550744379686703,9.461847241441848,16.09426461735447,0.14518793764435425,1.16773093767874,0.015008014336357994,7.78071576630779
dup64_half,sgd,301,9,12288,189.95761238648083,39.94810565403309,0.3603757742651815,2.8984635199530735,0.03170672683775751,9.141478194152413,16.795745348794654,0.15151606403698437,1.2186273763644153,0.015745990467281267,7.739286892727464
dup64_half,sgd,301,10,12288,189.95761238648083,40.39453471417447,0.36440305454716115,2.9308545012995464,0.03276500173083803,8.945076595375426,16.610582977607415,0.14984569614872276,1.205192787430408,0.016233685484926416,7.4240244986234
dup64_half,sgd,301,11,12288,189.95761238648083,40.16023214816847,0.36228938814785827,2.9138545102090747,0.033692190387034186,8.648456739489449,16.326929188661197,0.14728682753302344,1.1846120828864348,0.016447453952412025,7.20240400924005
dup64_half,sgd,301,12,12288,189.95761238648083,39.64739243389245,0.35766301084960217,2.8766450561166717,0.03438946740213751,8.364901446359331,15.829089140447744,0.14279576369162636,1.1484909403467838,0.01639648272309168,7.004495779630394
dup64_half,sgd,301,13,12288,189.95761238648083,39.83859902547654,0.35938790424213196,2.8905181878060864,0.03531105455444898,8.18587330307273,16.548597605306867,0.14928652003335494,1.2006953941887912,0.016701914865166465,7.1889684738662085
dup64_half,sgd,301,14,12288,189.95761238648083,40.705716360647806,0.36721025466213386,2.9534325093330973,0.03589053459227481,8.229001163913571,15.188245877998035,0.1370146538465686,1.1019940968092063,0.016651951478162123,6.617807517962054
dup64_half,sgd,301,15,12288,189.95761238648083,41.01798818151792,0.3700272893471291,2.9760896157536108,0.03640945791231993,8.173946513899033,15.698402620362328,0.1416168277923956,1.1390088859460652,0.016552626248631856,6.881136979941229
dup64_half,sgd,301,16,12288,189.95761238648083,40.92847554145201,0.36921978705278646,2.969594961813004,0.03702316008765364,8.020911653090614,15.954809369151066,0.1439298981898208,1.1576126619065632,0.016821927829338567,6.881569542152055
dup64_half,sgd,301,17,12288,189.95761238648083,41.057155043733374,0.37038061744780726,2.978931395594329,0.03756992637669117,7.929031762602797,16.047279519633076,0.1447640804753332,1.164321900141233,0.01676590885455928,6.944579683937683
dup64_half,sgd,301,18,12288,189.95761238648083,40.27167221974023,0.3632946999497406,2.921940124703766,0.03796391285190543,7.69662530862414,15.375563734285866,0.1387044665770655,1.115585078514024,0.016739110685646423,6.664542098228814
dup64_half,sgd,301,19,12288,189.95761238648083,40.69393003492954,0.367103929063287,2.952577343998737,0.03835712430521572,7.697598288402584,16.56248132628764,0.14941176644031748,1.201702737544005,0.016652770603062392,7.2162330592785295
dup64_half,sgd,301,20,12288,189.95761238648083,40.74506388426835,0.3675652125270442,2.956287397191919,0.03898667223118454,7.582815428979479,16.878059508526547,0.15225862813509883,1.2245997393902048,0.01699364302499861,7.206222571515415
dup64_half,sgd,301,21,12288,189.95761238648083,40.44320166326882,0.36484208386216527,2.9343855667723133,0.03926760848033551,7.472789101077543,16.096337971450648,0.14520664157475355,1.1678813713754905,0.01668612048013839,6.999118655325713
dup64_half,sgd,301,22,12288,189.95761238648083,40.9255748202874,0.36919361936301726,2.9693844979039024,0.03973915723150154,7.47218789921908,16.155866856957818,0.14574365748213047,1.1722005324521205,0.01655823829390373,7.079258745078521
dup64_half,sgd,301,23,12288,189.95761238648083,41.21978113345411,0.37184768333339363,2.9907308484277224,0.04031568678000796,7.418280791661444,15.811640137485744,0.1426383545266701,1.1472249153947394,0.016605056380574208,6.908889010077954
dup64_half,sgd,301,24,12288,189.95761238648083,40.61316567755848,0.36637534588408216,2.9467174279972173,0.0407758314842665,7.226627442616881,15.794321379932423,0.14248212031830385,1.1459683404919407,0.016650262646307642,6.882584165998548
dup64_half,sgd,301,25,12288,189.95761238648083,41.16574043948572,0.37136017693948975,2.9868098870330355,0.04129714983959955,7.232484320670973,16.727246905875063,0.15089813287356724,1.2136574226025159,0.01708523420944425,7.103545715116033
dup64_half,sgd,301,26,12288,189.95761238648083,40.94054699231529,0.36932868479349623,2.9704708146072054,0.04152021038897716,7.154276885349814,16.66424675693791,0.15032980235875704,1.2090864015126206,0.016820956305137642,7.187976590506498
dup64_half,sgd,301,27,12288,189.95761238648083,40.80449943687315,0.36810138646916635,2.960599786432731,0.04184813727437428,7.074627401028086,16.995151893124902,0.1533149300064725,1.2330954615193563,0.016867041427882735,7.310680220900735
dup64_half,sgd,301,28,12288,189.95761238648083,40.69832303438876,0.36714355874172966,2.9528960812321365,0.04226187017212871,6.9871401081051605,15.539955776937475,0.14018746329702705,1.1275126613316626,0.01663231139105414,6.779049735312836
dup64_half,sgd,301,29,12288,189.95761238648083,40.220086652072204,0.3628293414906869,2.918197296762518,0.042691096925699036,6.8356109514858385,15.828249371774332,0.14278818805616306,1.1484300103270686,0.01650088621767197,6.959808068351706
dup64_half,sgd,301,30,12288,189.95761238648083,40.57445079419519,0.3660260951289034,2.9439084418069945,0.04291827546199875,6.859335353335965,15.85027944660552,0.14298692351919515,1.150028418241402,0.016433324420450438,6.99814832846755
dup64_half,sgd,301,31,12288,189.95761238648083,39.94077285962264,0.360309624408513,2.897931483783897,0.0432203274153504,6.705019737436439,17.16279810385405,0.15482728289542713,1.2452591528409183,0.01637808947883983,7.603201548323255
dup64_half,sgd,301,32,12288,189.95761238648083,41.21830722922651,0.37183438709897854,2.990623908247064,0.04359622051446086,6.859823794255454,15.907298397365556,0.1435012970593548,1.1541654691983423,0.016276859935662708,7.090836154887331
dup64_half,sgd,301,33,12288,189.95761238648083,41.81278109052142,0.3771971940340537,3.0337563865540793,0.04402199375738309,6.891456128211542,14.92770745715875,0.13466431123085296,1.0830905444132841,0.01608455088370074,6.733731965813434
dup64_half,sgd,301,34,12288,189.95761238648083,40.76217316108808,0.36771955698919284,2.95752877306952,0.04446864154513893,6.650818802430498,15.230722851761842,0.13739784278777006,1.1050760441725844,0.016633467780559505,6.64369005159676
dup64_half,sgd,301,35,12288,189.95761238648083,40.947711879321766,0.3693933199410259,2.970990668133996,0.044632298222783286,6.6565935128507565,16.033863537271547,0.1446430535842727,1.1633484938977434,0.01604247776241532,7.25167590148239
dup64_half,sgd,301,36,12288,189.95761238648083,40.96698160316392,0.3695671540073928,2.9723887967982128,0.04497019674822865,6.609685995904149,15.971849147470792,0.1440836156991931,1.1588489952705414,0.016324403905355486,7.098874801121296
dup64_half,sgd,301,37,12288,189.95761238648083,41.373893345478926,0.37323794469429883,3.0019125707452137,0.04526046500741593,6.632527019449204,15.784138599048548,0.14239026045448502,1.145229521505649,0.016041329511446087,7.139243169891154
dup64_half,sgd,301,38,12288,189.95761238648083,42.37140099604084,0.38223655892196495,3.0742874553284056,0.04555077826418363,6.749143642504356,15.88771786957154,0.14332465920009307,1.1527447899299963,0.016146101237259437,7.139462171027843
dup64_half,sgd,301,39,12288,189.95761238648083,41.78951133958172,0.3769872753314129,3.0320680330486285,0.0458554384931352,6.612232120520546,16.410043332810496,0.14803660836893068,1.1906424893566487,0.016021428790346483,7.431562471344976
dup64_half,sgd,301,40,12288,189.95761238648083,42.51386983624598,0.3835217842851458,3.084624384434403,0.04621476450559796,6.6745431193547775,16.310031444047336,0.14713439132362485,1.1833860548800779,0.016094915259139905,7.352546042192188
dup64_half,sgd,301,41,12288,189.95761238648083,41.75425533888345,0.3766692274955739,3.0295100085763704,0.046367233839365564,6.5337303041880626,15.579095579289088,0.14054054728802287,1.1303524778245098,0.015757518786604814,7.173416659895732
dup64_half,sgd,301,42,12288,189.95761238648083,41.89129051135173,0.37790543520983966,3.039452694014063,0.046678892612304575,6.511407027708413,15.302363115507148,0.13804411662461646,1.1102739550027974,0.01623059553176968,6.840623640885838
dup64_half,sgd,301,43,12288,189.95761238648083,41.518408581209954,0.37454163079197555,3.0123979775495164,0.04700861979695151,6.408182138852902,16.252412161527644,0.1466146021318552,1.1792054464208044,0.01614698517487525,7.302944999637772
dup64_half,sgd,301,44,12288,189.95761238648083,41.71199370936122,0.3762879811958699,3.0264436856692263,0.047331821044937446,6.394099400477073,16.063936615027103,0.14491434576454662,1.1655304676704694,0.016120013086289686,7.230332019158039
dup64_half,sgd,301,45,12288,189.95761238648083,41.79891322293651,0.3770720906421282,3.032750193453398,0.0477067045182956,6.357073338172693,17.23528264302908,0.15548117302362696,1.2505183206817898,0.016062982483280693,7.785094218856327
dup64_half,sgd,301,46,12288,189.95761238648083,42.04933662030406,0.37933118464027715,3.050919843050769,0.04796296027237302,6.36099153539553,16.785131051856943,0.15142031142457427,1.217857248420669,0.015945644180521575,7.637554398136791
dup64_half,sgd,301,47,12288,189.95761238648083,42.73319018492548,0.38550029463434693,3.1005373299777106,0.04823680796223284,6.427741513089518,16.914005718161036,0.15258290241336162,1.2272078424679445,0.016266724851628975,7.544283521492341
dup64_half,sgd,301,48,12288,189.95761238648083,42.180563301006906,0.3805149933813498,3.060441089193346,0.04844585543772961,6.317240270691713,16.630871409320687,0.1500287200785836,1.2066648291764488,0.016143812423078586,7.474472556751501
dup64_half,sgd,301,49,12288,189.95761238648083,41.86139344963773,0.37763573088751845,3.037283491211751,0.04881095078542105,6.222545232859779,17.267920948067427,0.15577560637049856,1.2528864163638738,0.016173518394073164,7.7465297645007025
dup64_half,sgd,301,50,12288,189.95761238648083,43.44676629093193,0.39193753458575487,3.152311357259053,0.049198937163513756,6.407275317314836,15.768248916445197,0.14224691807122905,1.1440766341630473,0.01602174940434636,7.140772242091638
gray32,adam,301,1,1024,57.57937899193027,1.3177870514692156,0.04118084535841299,0.17366477883017212,0.01803835641071963,0.962752785652736,39.861025025332935,1.2456570320416542,5.253091603268127,0.15255074345330985,3.443504426365451
gray32,adam,301,2,1024,57.57937899193027,39.98484149852101,1.2495262968287815,5.269408777129993,0.15397263904827677,3.4223020464550307,37.34904794635841,1.1671577483237003,4.922050299318296,0.16644554767004538,2.9571534764483824
gray32,adam,301,3,1024,57.57937899193027,53.72343204324296,1.6788572513513425,7.079951144902809,0.22756130475072148,3.111228050242739,41.18504032686573,1.2870325102145541,5.427577173036095,0.20661011296200993,2.6269658804330076
gray32,adam,301,4,1024,57.57937899193027,63.03700139016322,1.9699062934426006,8.307341381397451,0.29240074958200685,2.8410807404813343,36.23142214213677,1.1322319419417741,4.774763802696062,0.22305404163929562,2.140630928543053
gray32,adam,301,5,1024,57.57937899193027,58.56525987492438,1.8301643710913869,7.718032205560711,0.3220861326331788,2.3962634288110483,33.39883247332724,1.0437135147914762,4.401470516954644,0.22689848875212765,1.9398412660927746
gray32,adam,301,6,1024,57.57937899193027,56.39674500438859,1.7623982813871435,7.432254124070482,0.34521226467296995,2.1529519326641777,33.220162005742054,1.0381300626794392,4.377924400605974,0.22255293575100152,1.9671384634099458
gray32,adam,301,7,1024,57.57937899193027,56.846803085617296,1.7764625964255405,7.491565100794813,0.36490197232666777,2.053034970742282,32.93606840744744,1.0292521377327326,4.340485079996553,0.22833608188873014,1.900919488542202
gray32,adam,301,8,1024,57.57937899193027,55.13454867699015,1.7229546461559422,7.265915377765821,0.3828888695286842,1.897656462751131,32.923270584178674,1.0288522057555836,4.338798516795768,0.22505701554981913,1.9278663703044272
gray32,adam,301,9,1024,57.57937899193027,54.31927120782466,1.6974772252445207,7.1584739051773685,0.3991064617061539,1.7936251582034939,31.6217286505026,0.9881790203282063,4.167274603430521,0.2229736153991862,1.8689541343131177
gray32,adam,301,10,1024,57.57937899193027,55.80246571785356,1.7438270536829237,7.353936932575548,0.41753374820028494,1.7612796484771742,32.58694883212551,1.0183421510039221,4.294476300531031,0.2268420724895358,1.8931568793214648
gray32,adam,301,11,1024,57.57937899193027,55.60605668026867,1.737689271258396,7.3280531359223655,0.432063293535393,1.6960601017411072,31.845064486241014,0.9951582651950317,4.196706952515391,0.22287237405021626,1.8830090406672897
gray32,adam,301,12,1024,57.57937899193027,55.66536018658119,1.7395425058306622,7.3358684580536115,0.44784638379718317,1.6380323082782373,32.81213078896758,1.0253790871552368,4.324151940982896,0.22326478959358922,1.9367818583728253
gray32,adam,301,13,1024,57.57937899193027,57.70744829651632,1.803357759266135,7.604985368534875,0.463644333738187,1.6402627650420714,32.517227430135726,1.0161633571917414,4.285288054339975,0.22598530961042765,1.8962684175034703
gray32,adam,301,14,1024,57.57937899193027,57.35738523021436,1.7924182884441988,7.558852250958585,0.47569600458822,1.5890089843201032,31.77880809805176,0.9930877530641175,4.187975343726137,0.22971217761714258,1.8231403259369932
gray32,adam,301,15,1024,57.57937899193027,56.80927048161591,1.7752897025504972,7.486618860531218,0.48887673922440683,1.5313919153544897,32.64999470344214,1.0203123344825669,4.3027848108371165,0.22760129189944095,1.8904922616775734
gray32,adam,301,16,1024,57.57937899193027,57.52788217323642,1.7977463179136381,7.581321218056217,0.5014921407147434,1.5117527479595323,32.35730856329974,1.0111658926031168,4.264213120716306,0.2259753470685628,1.887025808803165
gray32,adam,301,17,1024,57.57937899193027,58.11333481207005,1.816041712877189,7.658475188362138,0.5142425633376603,1.4892729101720534,32.59025745059685,1.0184455453311516,4.294912327349186,0.22980456057100718,1.86894129371384
gray32,adam,301,18,1024,57.57937899193027,57.619638473363295,1.800613702292603,7.5934133368473695,0.5263469469399163,1.44266312951829,33.979976147326475,1.0618742546039523,4.478056629635832,0.2307569101938722,1.9405948129022692
gray32,adam,301,19,1024,57.57937899193027,57.74646662334278,1.804577081979462,7.610127405020274,0.5371660132336776,1.416717963820567,32.81436497247005,1.0254489053896891,4.324446373215623,0.22617073694993084,1.9120273610696856
gray32,adam,301,20,1024,57.57937899193027,58.36716645360287,1.8239739516750897,7.691926432125498,0.5486962093042465,1.4018552163644353,33.956931624376686,1.0611541132617714,4.475019703467177,0.2334063623231257,1.9172655187830736
gray32,adam,301,21,1024,57.57937899193027,59.39298173121242,1.8560306791003882,7.827113663710492,0.5596989672052587,1.398450617622821,34.28549813872624,1.071421816835195,4.518319894482029,0.22885350743527025,1.9743284449157972
gray32,adam,301,22,1024,57.57937899193027,59.77182635098059,1.8678695734681434,7.87703976294609,0.5703239882906316,1.3811517531561424,32.84321459841588,1.0263504562004961,4.328248325817622,0.2332447920390885,1.8556677248734752
gray32,adam,301,23,1024,57.57937899193027,59.46789157253051,1.8583716116415785,7.8369856692141155,0.5812858327708474,1.348215495267986,33.11891958875377,1.0349662371485553,4.364582152376339,0.2263777740804422,1.9280082464391606
gray32,adam,301,24,1024,57.57937899193027,60.32741970787593,1.885231865871123,7.950258722972422,0.5907046703471275,1.3458940011936007,32.29131870481896,1.0091037095255926,4.255516636587614,0.2295479183994464,1.8538685370182282
gray32,adam,301,25,1024,57.57937899193027,62.17917596365572,1.9430992488642413,8.1942927193976,0.6014473849169553,1.3624288549411563,34.28759872245681,1.0714874600767754,4.518596720247298,0.2346777429849052,1.9254474935605377
gray32,adam,301,26,1024,57.57937899193027,61.30452072339589,1.9157662726061215,8.079026137681668,0.6120081075030098,1.3200848221838197,32.8204941690019,1.0256404427813093,4.325254110367784,0.23659347619876725,1.8281375208900712
gray32,adam,301,27,1024,57.57937899193027,59.8464631386014,1.8702019730812938,7.886875784024239,0.6201421183280549,1.2717852167963999,33.8311117568905,1.0572222424028281,4.458438511965053,0.23208166605771752,1.9210645061709712
gray32,adam,301,28,1024,57.57937899193027,60.96352630778537,1.9051101971182929,8.034088133697411,0.630796927989673,1.2736409733797787,32.581986367252306,1.0181870739766345,4.293822321298425,0.2336376923270313,1.837812331791141
gray32,adam,301,29,1024,57.57937899193027,61.69574770656053,1.9279921158300166,8.130584048671864,0.6399793482147297,1.2704447528428437,34.21002884931209,1.0690634015410028,4.508374162020956,0.2342176773197777,1.9248650288106421
gray32,adam,301,30,1024,57.57937899193027,60.71809029088581,1.8974403215901816,8.001743308678606,0.648680721226174,1.233541100705636,34.23109980826374,1.069721869008242,4.511151001740241,0.23567716910841952,1.9141230433164946
gray32,adam,301,31,1024,57.57937899193027,61.963718822567934,1.936366213205248,8.165898665356263,0.6575692303927381,1.2418310176221476,33.231458385675,1.0384830745523437,4.379413095854915,0.23617267918826845,1.8543267201384468
gray32,adam,301,32,1024,57.57937899193027,62.16696996101373,1.942717811281679,8.192684149373438,0.66559842632225,1.230874927791212,34.34809435160274,1.0733779484875856,4.526569146478156,0.23295272751692953,1.9431277730582464
gray32,adam,301,33,1024,57.57937899193027,63.43495209671723,1.9823422530224135,8.359785379357486,0.6754013856330386,1.2377507001295307,34.17914072108692,1.0680981475339661,4.504303565067737,0.23185103327439915,1.9427575980378862
gray32,adam,301,34,1024,57.57937899193027,64.66977182820412,2.0209303696313787,8.522516296560472,0.6841886885528267,1.2456382923528035,34.595881882868966,1.0811213088396552,4.559223866196525,0.23728572527581926,1.9214067179544478
gray32,adam,301,35,1024,57.57937899193027,63.79009329389482,1.9934404154342131,8.406587719229142,0.691757864724948,1.2152500387648952,34.43141612922687,1.0759817540383396,4.53754972036276,0.23730595680145355,1.9121094900113211
gray32,adam,301,36,1024,57.57937899193027,63.40661868436278,1.981456833886337,8.356051456046771,0.7007709125683417,1.1924084327960545,35.640072232855765,1.1137522572767427,4.696832659654376,0.23418974411401022,2.0055671854561763
gray32,adam,301,37,1024,57.57937899193027,63.20029362008416,1.97500917562763,8.328860874218607,0.7076677716860269,1.1769450591730353,35.668082276153,1.1146275711297813,4.700523967721803,0.23696326027773218,1.9836509517182395
gray32,adam,301,38,1024,57.57937899193027,64.48415272859656,2.0151297727686424,8.498054453621537,0.7154726789974588,1.1877538728004622,35.11409312705873,1.0973154102205853,4.62751641847892,0.2333749033738236,1.9828680597529769
gray32,adam,301,39,1024,57.57937899193027,64.92432312359314,2.0288850976122856,8.556062380023185,0.7248655326340101,1.1803654601884905,37.04201181735059,1.157562869292206,4.8815874936035435,0.2421634357299061,2.0158235197192034
gray32,adam,301,40,1024,57.57937899193027,64.69526925018278,2.0217271640682117,8.525876478422727,0.7335451371050298,1.1622838251059096,35.02282222504095,1.0944631945325296,4.615488267955755,0.23794954688815698,1.939691976015893
gray32,adam,301,41,1024,57.57937899193027,67.10127819690179,2.096914943653181,8.842952754995274,0.7413693110146442,1.192786459273953,37.02506445147937,1.1570332641087304,4.87935408226254,0.23896684290379472,2.041854017474262
gray32,adam,301,42,1024,57.57937899193027,66.40139517900636,2.0750435993439487,8.75071855875371,0.7493118288398631,1.1678340341032898,34.68604142129365,1.0839387944154266,4.571105555489569,0.24415760011574966,1.8721946616949507
gray32,adam,301,43,1024,57.57937899193027,66.21279345558605,2.069149795487064,8.72586365025521,0.7571406921775993,1.152475852956589,34.969349746851094,1.0927921795890967,4.6084413888048426,0.24095163555715882,1.9126001689710976
gray32,adam,301,44,1024,57.57937899193027,68.08900251854136,2.1277813287044176,8.97312016381256,0.7644777888884403,1.1737581253811942,37.00513718624951,1.1564105370702973,4.876727964404593,0.24301216254878336,2.0067834931618362
gray32,adam,301,45,1024,57.57937899193027,67.01501178744748,2.0942191183577337,8.831584122330646,0.7710885507691259,1.1453398074088303,36.364674663896615,1.1363960832467692,4.792324507738797,0.23654229573228724,2.025990528629447
gray32,adam,301,46,1024,57.57937899193027,67.46771197042577,2.1083659990758052,8.891243288859602,0.7782744663429921,1.1424302959132617,37.72445465151558,1.1788892078598618,4.971523332423149,0.2427738053958988,2.047800554230277
gray32,adam,301,47,1024,57.57937899193027,70.10102232464548,2.1906569476451714,9.238274518030435,0.7867614154759586,1.1742155037485735,37.35090568290738,1.1672158025908557,4.922295121428623,0.24438543122364337,2.014152438131267
gray32,adam,301,48,1024,57.57937899193027,70.18204951349821,2.193189047296819,9.248952699164215,0.7938302439528885,1.16510460134511,35.99962404372626,1.1249882513664455,4.744216252961956,0.24295221896911723,1.952736333544258
gray32,adam,301,49,1024,57.57937899193027,68.76800707991026,2.1490002212471957,9.062602889297938,0.8010566187620748,1.1313311290409127,36.97711022897095,1.1555346946553422,4.873034427325414,0.23762031165711828,2.0507651022514914
gray32,adam,301,50,1024,57.57937899193027,71.00723075532066,2.2189759611037707,9.35769934202744,0.8093964154192185,1.1561330349085766,37.67058698742243,1.177205843356951,4.964424373634318,0.24234784052953406,2.0484706456583104
gray32,sgd,301,1,1024,57.57937899193027,1.3177870514692156,0.04118084535841299,0.17366477883017212,0.01803835641071963,0.962752785652736,10.019560123356666,0.3131112538548958,1.3204293446792879,0.05074082807650272,2.6023015286397304
gray32,sgd,301,2,1024,57.57937899193027,10.410769311801234,0.32533654099378856,1.371984910589433,0.054570632704664876,2.514145141058904,10.617201355135991,0.33178754234799973,1.39918959066974,0.04574521897725432,3.058657542694139
gray32,sgd,301,3,1024,57.57937899193027,15.556976100218607,0.4861555031318315,2.0501786010862557,0.0705491128888073,2.9060303058913717,10.866604867522168,0.33958140211006776,1.4320572727202838,0.0446197632370276,3.209468560182531
gray32,sgd,301,4,1024,57.57937899193027,19.51325969663686,0.6097893655199019,2.5715580720678495,0.0825261884693961,3.1160509406313883,9.887461111134094,0.30898315972294044,1.3030206550767152,0.04130349447535379,3.1547467632653716
gray32,sgd,301,5,1024,57.57937899193027,21.757286762033512,0.6799152113135473,2.8672875403203557,0.08955830564601591,3.2015875240577536,10.142777131773556,0.31696178536792363,1.3366675179797292,0.04044495762939827,3.3049052250907645
gray32,sgd,301,6,1024,57.57937899193027,24.15499020868084,0.7548434440212762,3.1832692752282106,0.09555211941077461,3.3314481090089356,9.70446813208422,0.30326462912763186,1.2789048958584563,0.03976625060325091,3.2160560185020444
gray32,sgd,301,7,1024,57.57937899193027,26.07304437064781,0.8147826365827441,3.4360403518986864,0.10000252113221095,3.435953726962523,9.24643692607537,0.2889511539398553,1.2185431796007655,0.04008901285550126,3.039593875740818
gray32,sgd,301,8,1024,57.57937899193027,26.91893184643504,0.841216620201095,3.5475157691400536,0.10296868348888713,3.4452375702394202,9.529269895970002,0.29778968424906255,1.2558163680934507,0.04167427665724893,3.0134089151011354
gray32,sgd,301,9,1024,57.57937899193027,27.180934951176056,0.8494042172242517,3.582043890498461,0.10561141726617067,3.391720311328364,9.86441547631057,0.30826298363470533,1.2999835823796007,0.04268655210112108,3.045417159249691
gray32,sgd,301,10,1024,57.57937899193027,27.59298299643904,0.86228071863872,3.636345708510878,0.10823526688777058,3.3596680759159714,9.370401432650072,0.29282504477031474,1.2348798620663315,0.04360337185705821,2.83207423984216
gray32,sgd,301,11,1024,57.57937899193027,27.59837913989663,0.8624493481217697,3.6370568401455783,0.11006587087174978,3.30443652636295,9.062954682017969,0.2832173338130615,1.1943629425146853,0.042998900164660056,2.777659284170037
gray32,sgd,301,12,1024,57.57937899193027,27.8920216178672,0.87162567555835,3.6757545614011087,0.11182676817935021,3.2870077721515245,8.801313276455652,0.2750410398892391,1.1598824877408005,0.04456917540924703,2.6024320106675187
gray32,sgd,301,13,1024,57.57937899193027,28.04816658405722,0.8765052057517881,3.6963321509202967,0.11425521565396558,3.2351539750404417,8.875604362375798,0.2773626363242437,1.169672950464646,0.04293391080819019,2.7243568741972517
gray32,sgd,301,14,1024,57.57937899193027,28.86709008392592,0.902096565122685,3.804254116252227,0.11523357580120064,3.301341722498722,8.913679887666595,0.2785524964895811,1.1746907396978128,0.045401353050818424,2.5873474263706715
gray32,sgd,301,15,1024,57.57937899193027,28.880429804986797,0.9025134314058374,3.806012093540827,0.11669292817268363,3.2615619070837294,9.048723382405315,0.2827726057001661,1.1924874684030358,0.04527518292126736,2.633865600226835
gray32,sgd,301,16,1024,57.57937899193027,28.69312836760333,0.896660261487604,3.781328543447124,0.11825598755809266,3.197578931544219,9.0508468920075,0.2828389653752344,1.1927673154579876,0.04573132005786309,2.608206616272609
gray32,sgd,301,17,1024,57.57937899193027,28.64036792723611,0.8950114977261284,3.7743755003153523,0.11952334687164548,3.157856267502787,8.51708200394636,0.26615881262332375,1.1224250237128217,0.04601569759886613,2.4392220096223847
gray32,sgd,301,18,1024,57.57937899193027,28.65644944153884,0.8955140450480887,3.7764948052679426,0.12022424683592686,3.141208952984187,8.798179514518242,0.2749431098286951,1.1594695044191328,0.045758086552353666,2.533911690325025
gray32,sgd,301,19,1024,57.57937899193027,27.79957068072724,0.8687365837727262,3.663570899759303,0.12116805935328696,3.0235450821882957,9.335110073526458,0.2917221897977018,1.2302289846199448,0.046982835377390716,2.6184647536448193
gray32,sgd,301,20,1024,57.57937899193027,27.818208880565976,0.8693190275176867,3.666027137927054,0.1226174969316388,2.9898075149673966,8.628997188643984,0.2696561621451245,1.1371737843540661,0.04672321465952057,2.4338517643548947
gray32,sgd,301,21,1024,57.57937899193027,27.54132795211901,0.860666498503719,3.629538340175228,0.12341448473637498,2.9409338360308888,8.742951477765368,0.27321723368016776,1.1521912687002287,0.04688405887810498,2.457533106712965
gray32,sgd,301,22,1024,57.57937899193027,27.84688977894333,0.870215305591979,3.669806854739266,0.12474109797282092,2.9419388753006315,9.39359607985844,0.29354987749557626,1.2379365723845837,0.04676932731964372,2.6468983911697923
gray32,sgd,301,23,1024,57.57937899193027,27.499977751894352,0.8593743047466985,3.62408899737846,0.1258347297000829,2.880038766734898,9.69598987235332,0.30299968351104123,1.2777875870342499,0.04523697353804554,2.8246531257436915
gray32,sgd,301,24,1024,57.57937899193027,27.7336984606595,0.8666780768956094,3.6548899186278203,0.12666662770607728,2.885440296957132,9.417308062042837,0.29429087693883865,1.2410614597759775,0.046327753953142606,2.6788724983974563
gray32,sgd,301,25,1024,57.57937899193027,27.76674327156461,0.8677107272363941,3.6592447343553864,0.12769560567676055,2.865599575617453,9.114098111471174,0.2848155659834742,1.2011028876027061,0.04765145337312428,2.520600742642061
gray32,sgd,301,26,1024,57.57937899193027,28.275389697004734,0.8836059280313979,3.7262767854582806,0.1284642475161278,2.9006333337923236,8.865490602806931,0.2770465813377166,1.1683401070308677,0.04692757442511685,2.4896665155690254
gray32,sgd,301,27,1024,57.57937899193027,28.05044629750001,0.8765764467968753,3.6966325833235416,0.12878145868643046,2.8704695699436518,8.901605684691368,0.27817517764660527,1.1730995389139642,0.04697309664914309,2.497385998790362
gray32,sgd,301,28,1024,57.57937899193027,28.131197385328477,0.8790999182915149,3.7072743784393696,0.12954390286117504,2.8617899388227084,9.166844276075269,0.28646388362735214,1.208054049400735,0.046626219769324406,2.590932860046096
gray32,sgd,301,29,1024,57.57937899193027,28.01533954990286,0.8754793609344643,3.6920060349369046,0.13027414052854625,2.8340283190184596,8.572551517467529,0.2678922349208603,1.1297350824865295,0.0456785930325056,2.4732265323553038
gray32,sgd,301,30,1024,57.57937899193027,28.04416195517068,0.8763800610990837,3.6958044002574693,0.1309718660749929,2.8218307572569037,9.030028284331214,0.28218838388535045,1.190023731892173,0.04602885538944254,2.5853863230436187
gray32,sgd,301,31,1024,57.57937899193027,27.59799887258846,0.8624374647683893,3.6370067265571224,0.1313425752463216,2.7690996005950335,9.118312450528508,0.2849472640790159,1.2016582749541687,0.04690127320510579,2.5621016079865258
gray32,sgd,301,32,1024,57.57937899193027,27.473104328287636,0.8585345102589886,3.620547478920021,0.13181462307560018,2.746696378931732,9.148707250648895,0.285897101582778,1.2056638585836401,0.04595669237119882,2.6234783148563423
gray32,sgd,301,33,1024,57.57937899193027,27.711814844767297,0.865994213898978,3.652005982782733,0.13329675891539836,2.739756024451136,9.260915408536974,0.28940360651678043,1.2204512287439768,0.044921753796179895,2.716837891684815
gray32,sgd,301,34,1024,57.57937899193027,27.685566686219342,0.8651739589443544,3.648546864980773,0.13378274256626552,2.7272178720462157,9.353037025568009,0.29228240704900027,1.232591490882185,0.045683464091187564,2.698113016171106
gray32,sgd,301,35,1024,57.57937899193027,27.70072075929464,0.8656475237279575,3.6505439469418253,0.13408597560117194,2.7225397216783342,8.387627316762476,0.2621133536488274,1.1053648169113865,0.04317330450248622,2.560296992896923
gray32,sgd,301,36,1024,57.57937899193027,27.577137658421712,0.8617855518256785,3.6342575280880998,0.13504539884757602,2.6911376167580796,9.566269704329924,0.29894592826031013,1.2606923937976195,0.045469955360012304,2.7725833109269153
gray32,sgd,301,37,1024,57.57937899193027,27.635607670330973,0.8636127396978429,3.641963008025164,0.13537140295276712,2.6903488688049526,9.014727862783626,0.2817102457119883,1.1880073633741275,0.04550038416117811,2.610983149429672
gray32,sgd,301,38,1024,57.57937899193027,27.875072840664668,0.8710960262707709,3.6735209640675803,0.1361267617621903,2.6986030641683234,9.543083359695954,0.29822135499049857,1.2576367776354715,0.045511469367747505,2.763340307634009
gray32,sgd,301,39,1024,57.57937899193027,28.1354678593608,0.879233370605025,3.707837163547553,0.1369209503890536,2.7080130199300627,9.372041649632092,0.29287630155100286,1.2350960183254922,0.04556836547593336,2.7104242283559636
gray32,sgd,301,40,1024,57.57937899193027,28.30114635115655,0.8844108234736422,3.7296711302742303,0.13760254295539412,2.710466718251899,8.519904666967287,0.2662470208427277,1.122797008813673,0.04519274632120678,2.4844628844492207
gray32,sgd,301,41,1024,57.57937899193027,28.832622815945207,0.9010194629982877,3.799711841789842,0.1378341364434101,2.756727716250373,9.269243141915863,0.28966384818487073,1.2215487004286387,0.044247528134462734,2.7607162522536948
gray32,sgd,301,42,1024,57.57937899193027,28.439349668357032,0.8887296771361572,3.7478842766915204,0.13869459330298348,2.7022569427087393,9.8049757871718,0.30640549334911876,1.2921503133726622,0.04672462310955894,2.765459039322489
gray32,sgd,301,43,1024,57.57937899193027,28.15831749932489,0.8799474218539028,3.7108484070305483,0.1395028198124271,2.66005261543823,9.775806706905676,0.3054939595908024,1.2883062614316083,0.045766271595758516,2.814968789266646
gray32,sgd,301,44,1024,57.57937899193027,27.97218160395572,0.8741306751236162,3.6863184580789303,0.14005826266104074,2.6319892793474824,9.808100918259717,0.30650315369561615,1.2925621592764394,0.04562249606068606,2.8331684385639515
gray32,sgd,301,45,1024,57.57937899193027,27.775251735373555,0.8679766167304236,3.6603660236288826,0.14111658878045416,2.5938594854525525,9.729521766140484,0.30404755519189014,1.2822065930578805,0.04537725831566683,2.82565902095321
gray32,sgd,301,46,1024,57.57937899193027,28.572684272434643,0.8928963835135826,3.7654557989657227,0.14171777615854192,2.657010222029767,8.989967301819295,0.28093647818185297,1.1847442888593283,0.045794926472738494,2.5870645071667515
gray32,sgd,301,47,1024,57.57937899193027,28.396300088259515,0.8873843777581099,3.7422109808444928,0.14223851283243022,2.630940739132414,9.50086233297318,0.29690194790541186,1.252072672828387,0.0463103652382978,2.7036553617870127
gray32,sgd,301,48,1024,57.57937899193027,28.330373960373187,0.8853241862616621,3.7335228954624546,0.14234854014708084,2.6228037826062796,9.565430600221688,0.29891970625692776,1.2605818123275634,0.04585658225066866,2.7489659073080666
gray32,sgd,301,49,1024,57.57937899193027,28.32387307845967,0.8851210337018647,3.732666175692403,0.14320699659111064,2.6064831080495567,9.251573012274712,0.28911165663358473,1.2192200395478008,0.045464457712836144,2.681699289692779
gray32,sgd,301,50,1024,57.57937899193027,28.495773483172,0.890492921349125,3.755320098214938,0.1441359044036546,2.605402251265662,8.932610589677621,0.27914408092742565,1.1771855253114514,0.045238418846807606,2.6021809676810213
avg16,adam,301,1,768,44.296582763746194,1.3741934585067237,0.04958693519921749,0.20647276076799115,0.02088155232505151,0.9887807072670871,31.831311834563127,1.1486135285214965,4.782659088255965,0.14847439570463714,3.2212012485776995
avg16,adam,301,2,768,44.296582763746194,31.94328615929325,1.1526540539293255,4.799483246324133,0.15031002655848333,3.1930559499014715,32.67501168392103,1.1790579244678734,4.909425109501446,0.17355149389763658,2.8288002593611226
avg16,adam,301,3,768,44.296582763746194,45.23635163336538,1.6323262370425045,6.7967682068302295,0.23136712751311608,2.937655093826985,34.198871126588095,1.2340454656823099,5.138385205477847,0.2078513108797651,2.472144719092115
avg16,adam,301,4,768,44.296582763746194,52.86623582572724,1.9076459678141162,7.943159381802701,0.29351742886894,2.7061968389445945,32.09775717965363,1.1582280467535166,4.8226925388986395,0.2289588422499564,2.106357846461184
avg16,adam,301,5,768,44.296582763746194,53.34565431629143,1.9249454924754739,8.015192077561258,0.32521188873540197,2.4646061091827294,29.76113949913284,1.073912618825897,4.471615403165013,0.22351918258326842,2.00055107194175
avg16,adam,301,6,768,44.296582763746194,52.08276735348558,1.879374984479722,7.82544313345569,0.34755631521946645,2.2515611976477166,28.02405143867324,1.0112308526188698,4.21061767732083,0.2260072551566332,1.863045358611467
avg16,adam,301,7,768,44.296582763746194,50.16614156621907,1.810214708591341,7.537469838861445,0.36430611138720814,2.06899352035578,27.46251157875943,0.9909680282887482,4.126246234246384,0.22596766881690955,1.8260338993848177
avg16,adam,301,8,768,44.296582763746194,49.780791569977694,1.7963095883374547,7.479570947629384,0.38139244602894157,1.961121942898105,27.750749716901694,1.0013689262041954,4.169554055115746,0.22438208347772062,1.8582384076711502
avg16,adam,301,9,768,44.296582763746194,50.29043693041655,1.8146998312149933,7.5561452348456495,0.39990076528815316,1.8895050699392841,29.42302003191162,1.0617117834872454,4.420812905573131,0.22982053732740618,1.9235934947254814
avg16,adam,301,10,768,44.296582763746194,50.24167877806852,1.8129404229410355,7.54881931558521,0.4188817751570851,1.8021360114687075,27.92106660740272,1.0075147076153397,4.195144191911609,0.23081263860773055,1.8175539334487305
avg16,adam,301,11,768,44.296582763746194,49.565527616939,1.7885419195103478,7.447227508354081,0.43157609286245413,1.7255885188078661,28.64238249511125,1.033542952736544,4.30352200567506,0.22615398456066851,1.90291672907518
avg16,adam,301,12,768,44.296582763746194,49.4460507922329,1.7842306709537235,7.429276098607401,0.4450971312700797,1.6691359203794565,28.274716384006325,1.0202759447228984,4.248280120676454,0.22409890678481387,1.8957165751619547
avg16,adam,301,13,768,44.296582763746194,50.32693277611477,1.816016761611129,7.5616287408041645,0.46023396390602006,1.642996678608503,28.89243896801618,1.042566088483061,4.3410930259626195,0.22506844855435615,1.928787910453919
avg16,adam,301,14,768,44.296582763746194,50.93999610462798,1.838138778970341,7.653741592295458,0.47269300201091186,1.6191781049719831,27.58806740201493,0.9954986338109287,4.145111014381658,0.2288059929452377,1.8116269425572897
avg16,adam,301,15,768,44.296582763746194,49.78991677674646,1.7966388658739771,7.480942011232155,0.48342200715773526,1.5474971971623972,27.50411729495383,0.9924693452540397,4.132497498966944,0.22604427373640013,1.8281805730615526
avg16,adam,301,16,768,44.296582763746194,49.65595774537759,1.7918050356976523,7.460814647893815,0.49591066923145083,1.5044674597254355,26.840123893446783,0.9685095471852755,4.03273239683215,0.22806221139134145,1.7682597972849685
avg16,adam,301,17,768,44.296582763746194,50.859906728645285,1.8352488025464135,7.641708152269262,0.5076058237630561,1.5054413867080287,28.02481138758369,1.011258274913121,4.210731859751703,0.22618329593730604,1.861645813543562
avg16,adam,301,18,768,44.296582763746194,50.16490888861938,1.8101702281698406,7.537284628878405,0.5196305446749315,1.4505083864139572,27.451377952549727,0.9905662781581714,4.1245734053396195,0.22969518697614186,1.7956725430942682
avg16,adam,301,19,768,44.296582763746194,50.05964231406018,1.806371747847439,7.521468311218556,0.5316966024579435,1.4146165833010935,27.877617862120196,1.0059468860662886,4.188616011810871,0.230408300556668,1.8179102062257078
avg16,adam,301,20,768,44.296582763746194,51.0270439010065,1.8412798457623099,7.666820535966587,0.5426523077024994,1.4128421508841722,28.638652013545396,1.0334083405780283,4.302961500294156,0.22980984057582823,1.8724008900194804
avg16,adam,301,21,768,44.296582763746194,52.50024998640779,1.894439591385949,7.888169957876618,0.5549732249206802,1.4213604555434252,28.604764261168565,1.032185521643216,4.297869860724667,0.2343940822590499,1.8336085191667537
avg16,adam,301,22,768,44.296582763746194,51.82954033850268,1.8702374416505683,7.787395738774179,0.5660581361818562,1.3757236652936902,30.14328502357654,1.0877021076638456,4.529032822057956,0.2360080953216907,1.9190158777751505
avg16,adam,301,23,768,44.296582763746194,52.14081339998218,1.8814695407653599,7.83416456012064,0.5747695939869417,1.3630095680215517,29.19922208524481,1.0536361706902349,4.387187232552742,0.23246780149823346,1.8872236087224674
avg16,adam,301,24,768,44.296582763746194,53.78483681975783,1.940793126012955,8.081179310589016,0.5861620845574257,1.378659507922729,29.62474642925909,1.0689909578504464,4.451122325198352,0.233483724958433,1.90639511425937
avg16,adam,301,25,768,44.296582763746194,54.690950275087,1.97348967897237,8.217322984925916,0.596875371366456,1.376723413149649,28.547358784343373,1.0301140799245923,4.289244679743104,0.2347200192083359,1.8273876656153474
avg16,adam,301,26,768,44.296582763746194,55.71534849084701,2.010454465574021,8.371238961184174,0.6063038465901591,1.3807002888508555,29.52458771511048,1.0653767915644847,4.436073464284905,0.24037527396307376,1.8454782770071316
avg16,adam,301,27,768,44.296582763746194,55.86270995175828,2.015771914269352,8.393380041449698,0.6166478723927179,1.3611301388070463,31.149498578719264,1.1240107118465896,4.680216550496201,0.24423524298701402,1.9162740369722358
avg16,adam,301,28,768,44.296582763746194,55.0928928973757,1.9879935340459427,8.277714920559532,0.6257742513790477,1.32279570505139,30.149016352994124,1.0879089192002243,4.5298939551105075,0.23957576518293794,1.8907980745262447
avg16,adam,301,29,768,44.296582763746194,55.66512729382288,2.008642264222714,8.363693219255003,0.6351807322795611,1.3167422741617272,31.24232873078479,1.1273604314268362,4.694164293924052,0.23920403685950825,1.962410148069983
avg16,adam,301,30,768,44.296582763746194,54.60659791250144,1.9704458752695229,8.204649030561974,0.6415986601742605,1.2787821327952218,30.395769091289893,1.0968128416926204,4.566968588807535,0.24196500861559564,1.8874500139245243
avg16,adam,301,31,768,44.296582763746194,56.19746078021416,2.02785119432688,8.443676400592436,0.6519551171839965,1.2951315478684158,30.344448288625426,1.0949609617405356,4.559257630975967,0.23980162345723222,1.9012622038353697
avg16,adam,301,32,768,44.296582763746194,56.83654595040251,2.050912194017089,8.539699037461963,0.6593073981868937,1.2952530277904175,30.13231659041779,1.0873063184240461,4.527384813430374,0.23930374219738618,1.8918988779105794
avg16,adam,301,33,768,44.296582763746194,56.29747726817554,2.0314602284673744,8.458703892001212,0.6675376285644994,1.2671501245841617,30.502109286155104,1.1006500629508147,4.582946218069638,0.2379805984009009,1.925764641682777
avg16,adam,301,34,768,44.296582763746194,56.1900229875909,2.0275828061035543,8.442558871202788,0.6759402844914311,1.2490095745003367,30.06527958020936,1.0848873286809522,4.517312493200872,0.23970885613058998,1.8844996243025351
avg16,adam,301,35,768,44.296582763746194,58.12811562799429,2.097517700331762,8.733757563505582,0.6848191732351103,1.2753377686911131,30.27122020467866,1.092318570866854,4.548255101044942,0.24005365643758797,1.8946827007517184
avg16,adam,301,36,768,44.296582763746194,58.541247781343685,2.11242532282846,8.795830727757702,0.6945774315008084,1.2663571156857356,31.04943653225573,1.1204000337552529,4.665182213916058,0.23947053783074032,1.9481236632179977
avg16,adam,301,37,768,44.296582763746194,60.69460665465073,2.1901279681513155,9.11937320188583,0.703356922197893,1.2965498616817552,31.646174767422234,1.141932970049573,4.7548422178317615,0.2455918653816132,1.9360748005409076
avg16,adam,301,38,768,44.296582763746194,59.78335618693622,2.1572460492241814,8.982457690714215,0.7102646806110425,1.264663432649725,30.63388314249377,1.105405042415145,4.602745258551794,0.2418524622543264,1.9031211076576326
avg16,adam,301,39,768,44.296582763746194,59.25509210599843,2.1381839611408915,8.903085938119558,0.7183558461747485,1.2393698729576121,29.986454662120757,1.0820429794511206,4.5054690381514275,0.2398768173770753,1.8782427945377642
avg16,adam,301,40,768,44.296582763746194,58.86936076417607,2.1242650802636405,8.845129749660222,0.7272165847866725,1.2162992339146013,29.66728087692066,1.0705257875258989,4.457513131952714,0.24034052523752217,1.854665636412117
avg16,adam,301,41,768,44.296582763746194,58.38668360460788,2.106847968513117,8.77260743842466,0.7352205223323312,1.193194037973182,31.96102742742881,1.1532942368001897,4.802148874361291,0.2400449524871881,2.000520662736117
avg16,adam,301,42,768,44.296582763746194,60.10608691791488,2.168891591374575,9.03094802851734,0.743142801657918,1.215237234131812,31.406198110829457,1.1332735583443816,4.718785691365375,0.24534255954364467,1.9233457497723456
avg16,adam,301,43,768,44.296582763746194,60.20428049776753,2.172434846984614,9.045701627725926,0.7510985116874661,1.204329590189611,31.381419990624053,1.132379454946219,4.715062775313213,0.24433378475001344,1.929762918434453
avg16,adam,301,44,768,44.296582763746194,61.121518488085634,2.205532822023433,9.183516765012389,0.7583993364268721,1.210907805942932,32.93018489690329,1.188265694668204,4.947764920706586,0.24478846972934099,2.0212410029676877
avg16,adam,301,45,768,44.296582763746194,60.89535538722232,2.197371864075671,9.14953572724072,0.7653984655782327,1.1953950966348692,31.849870124565665,1.149283193129538,4.785447473943757,0.24207452526670772,1.9768488520926968
avg16,adam,301,46,768,44.296582763746194,61.418985084218406,2.2162667232329443,9.228211162995139,0.7728836770153348,1.193997419978122,31.94021360864202,1.1525431828077262,4.799021595155856,0.24766373350867815,1.9377167287142179
avg16,adam,301,47,768,44.296582763746194,60.887924372985815,2.1971037204463086,9.148419216304635,0.7783361517327533,1.1753815104101455,31.47388420420736,1.1357159698588895,4.728955536432548,0.24583785852126072,1.923607521183958
avg16,adam,301,48,768,44.296582763746194,61.30924452930484,2.2123068020504215,9.211722629156652,0.7866152393589827,1.1710582465530848,31.93643172762922,1.1524067159314273,4.798453367000806,0.24684239685200882,1.943934035723068
avg16,adam,301,49,768,44.296582763746194,62.50678836477381,2.2555194430363206,9.39165375917284,0.7940389975661792,1.1827698372446869,31.628446480103573,1.141293255583592,4.752178540164172,0.24866409574390475,1.9110835144685976
avg16,adam,301,50,768,44.296582763746194,61.07746060766903,2.20394302020353,9.176897062271927,0.7984051320130394,1.1494035664743263,32.81563398160534,1.1841321945567547,4.930553629542553,0.2388929311475781,2.0639177584106343
avg16,sgd,301,1,768,44.296582763746194,1.3741934585067237,0.04958693519921749,0.20647276076799115,0.02088155232505151,0.9887807072670871,9.392497435996091,0.33892255768970087,1.4112240631852073,0.0564063967286358,2.501886567891284
avg16,sgd,301,2,768,44.296582763746194,9.802503249624976,0.3537173681189476,1.47282749445381,0.06121211287841266,2.406104650201062,9.80105907921456,0.35366525610799704,1.4726105076461578,0.0530456259123212,2.776120523264684
avg16,sgd,301,3,768,44.296582763746194,14.58730431933698,0.5263740047200123,2.1917445293686875,0.08027025907074783,2.7304565286589506,9.665503669959968,0.34877382160654397,1.4522432883055532,0.047688414988392346,3.045274808691038
avg16,sgd,301,4,768,44.296582763746194,17.77676538519619,0.6414637675289901,2.670961503917216,0.0919843186125833,2.903713963644922,9.207798205701868,0.33225779829410795,1.3834729778089088,0.044680459463590845,3.096371421462824
avg16,sgd,301,5,768,44.296582763746194,19.925465795600584,0.7189983150511674,2.993804043337833,0.09972965871044995,3.0019194711473873,9.029078700932429,0.3258088136573534,1.3566203470352673,0.04820669295075479,2.814174265015677
avg16,sgd,301,6,768,44.296582763746194,21.58761896821499,0.7789761014038747,3.24354279172476,0.10670529791037812,3.039720478030074,8.646764090569402,0.31201322345683963,1.299177522959121,0.04952045121932743,2.623517134779383
avg16,sgd,301,7,768,44.296582763746194,21.45195999909106,0.7740809300075192,3.2231600124991955,0.11214883453377038,2.874002236312705,8.469734378045096,0.30562521394556025,1.2725787837084068,0.046775689615609815,2.7205986574781074
avg16,sgd,301,8,768,44.296582763746194,22.82815775851624,0.8237401891864122,3.429933919762596,0.11678092328819364,2.9370669653794024,8.667887713766222,0.31277545655302363,1.3023513503208153,0.04558006987601546,2.857282478643416
avg16,sgd,301,9,768,44.296582763746194,23.665775777725624,0.853965125990701,3.5557861451713166,0.11999074085493461,2.963383774311521,8.20518593802683,0.2960791443794201,1.2328303433201138,0.04591809098671076,2.6848466842336927
avg16,sgd,301,10,768,44.296582763746194,24.40396111717963,0.8806020950185512,3.6666985964364742,0.123037436483724,2.980148726458165,8.480226059116358,0.30600379987623183,1.2741551602676686,0.04659286923684934,2.734657000389162
avg16,sgd,301,11,768,44.296582763746194,24.478619235970346,0.8832960878298645,3.677915989304298,0.12482607406795496,2.9464324795651686,8.223240259914737,0.2967306236045464,1.235543007727672,0.04673747417558411,2.643581043951934
avg16,sgd,301,12,768,44.296582763746194,24.681942948124988,0.8906329003264343,3.7084654057043616,0.12724569228782165,2.9144133204258496,8.322674597610385,0.30031865120675105,1.2504830309769943,0.04590686394386727,2.7239565580128184
avg16,sgd,301,13,768,44.296582763746194,25.13297551865284,0.9069081363269058,3.776233112977809,0.1296781615040037,2.91200389424184,8.228137996765037,0.29690735546010516,1.236278893379533,0.044900271847840144,2.7533884373107695
avg16,sgd,301,14,768,44.296582763746194,25.82567103345358,0.9319036326979466,3.880310711679181,0.13190263616608558,2.941799212256287,8.422740307606112,0.3039294614944188,1.2655179180033653,0.04527604003822118,2.795116173885877
avg16,sgd,301,15,768,44.296582763746194,26.66105581010805,0.962047984302845,4.005827392079357,0.13270654238461235,3.018560592491062,8.414089425214017,0.30361729966455603,1.264218121705022,0.04630026434546868,2.7304771140658692
avg16,sgd,301,16,768,44.296582763746194,26.579105640575523,0.9590908622753612,3.9935143675601066,0.13434001990298503,2.9726915110211114,8.586884929827566,0.3098525203585179,1.2901806706205339,0.04748799082682823,2.7168567213663826
avg16,sgd,301,17,768,44.296582763746194,27.009951698485363,0.9746376802449572,4.058249048468366,0.13561324333709548,2.992516769457927,7.957710105985864,0.2871491294889965,1.195647064685984,0.04663260232001465,2.563972425302146
avg16,sgd,301,18,768,44.296582763746194,27.124383629231367,0.978766886871213,4.075442462186704,0.13635442378748702,2.9888597296545503,7.715806199631242,0.2784201741482551,1.159300968671326,0.045597569780832625,2.5424621843742417
avg16,sgd,301,19,768,44.296582763746194,26.488299304667372,0.9558141708703178,3.979870702795063,0.13710951071379765,2.9026948474075183,8.008116764762308,0.2889680231148421,1.2032206722695713,0.047883311495499695,2.5128184218893383
avg16,sgd,301,20,768,44.296582763746194,27.37396776645329,0.9877729786718716,4.112942513971338,0.1389216702420991,2.9606198275644866,8.397092836482658,0.30300398809709633,1.2616643818532725,0.04873768229188567,2.588683586341419
avg16,sgd,301,21,768,44.296582763746194,27.07957023487866,0.9771498227904107,4.068709243370888,0.14007705673268386,2.9046221688791,8.857623799104127,0.31962196779957525,1.330859223877133,0.04875772089568226,2.7295353421553945
avg16,sgd,301,22,768,44.296582763746194,27.24067578031717,0.9829632184170898,4.092915374273206,0.14094418999861824,2.903926280546457,8.058272526451807,0.2907778632718948,1.2107565825304931,0.04828342886829393,2.5076027343318104
avg16,sgd,301,23,768,44.296582763746194,27.25185460450293,0.9833665994891444,4.094594994182241,0.14237368598255054,2.875949278073814,7.970947871645256,0.287626806211929,1.1976360408415427,0.04680881198909283,2.558569615312199
avg16,sgd,301,24,768,44.296582763746194,27.277398988154456,0.9842883530377375,4.098433041425151,0.14292160752080488,2.867609112798811,7.727825964307822,0.2788539000464813,1.1611069400075977,0.04683864908180987,2.4789505307456063
avg16,sgd,301,25,768,44.296582763746194,27.31246014267725,0.9855535134753522,4.103700984832407,0.1433141782617083,2.8634298675868437,8.215810610563318,0.29646252922623223,1.2344267018657646,0.04921075810995538,2.5084488621524392
avg16,sgd,301,26,768,44.296582763746194,27.57789072103178,0.9951314144668613,4.143581966630019,0.14455166367463582,2.8665058992033483,7.996215279332855,0.28853856525131394,1.2014324724068464,0.04843231574272142,2.4806422199363904
avg16,sgd,301,27,768,44.296582763746194,27.79953995672486,1.0031294923351786,4.176884795523846,0.14496919765581645,2.881222261739035,8.079556289095915,0.2915458749026413,1.2139544708667067,0.047829243209098024,2.538100938707284
avg16,sgd,301,28,768,44.296582763746194,27.42080388982624,0.9894630316991948,4.119979648107452,0.1455641054502041,2.830354114680321,8.243728454781168,0.2974699276558803,1.2386213618931918,0.04827670822410696,2.565670708415631
avg16,sgd,301,29,768,44.296582763746194,27.07050431489269,0.9768226845813889,4.067347087615585,0.1469815535509343,2.767250031961396,8.574143923190402,0.3093927688827858,1.2882663325780597,0.04800182365333968,2.6837862283768255
avg16,sgd,301,30,768,44.296582763746194,27.33711951076382,0.9864433317755289,4.107406058361982,0.14818534273488249,2.7718031908935274,8.12169749922309,0.29306651484082263,1.2202861936261185,0.0497812830681915,2.451295182477607
avg16,sgd,301,31,768,44.296582763746194,27.52933058685827,0.9933791515583013,4.136285799628203,0.148537022931539,2.784683385996382,8.544632468502236,0.3083278659885114,1.2838322323529237,0.04953343151610606,2.5918499749719115
avg16,sgd,301,32,768,44.296582763746194,27.45469550538901,0.9906859900347222,4.125071868121174,0.14890896036723417,2.7701972117380067,9.039763787100206,0.32619437849330846,1.3582257827375317,0.04877021790093373,2.784949178403257
avg16,sgd,301,33,768,44.296582763746194,27.42870775910848,0.9897482380153036,4.121167205580784,0.14992042512700587,2.7489030944846355,8.6305099380173,0.3114267022473768,1.296735334247916,0.04812122927276191,2.694726119521448
avg16,sgd,301,34,768,44.296582763746194,27.705762866853732,0.9997456030801213,4.162794774557279,0.15080257112119222,2.7604269234984438,8.692958287802433,0.31368011296980775,1.306118207602264,0.04823545554373224,2.7077969781338203
avg16,sgd,301,35,768,44.296582763746194,27.264439878669183,0.9838207314533763,4.096485933399018,0.15106397564397447,2.711755675657286,8.15610535806883,0.29430810150124925,1.2254559792658457,0.04611639633985298,2.657310797302755
avg16,sgd,301,36,768,44.296582763746194,27.74526932975538,1.0011711697670587,4.1687306261748125,0.1517473892762128,2.747151464060333,7.967886542970364,0.287516340028521,1.197176075776791,0.04737228253157255,2.527165700700406
avg16,sgd,301,37,768,44.296582763746194,27.48068153332856,0.9916236800488515,4.128976272480589,0.15170597511029277,2.7216965379766713,8.173574305931355,0.2949384578606798,1.2280806911436093,0.046252961855291534,2.655139567031018
avg16,sgd,301,38,768,44.296582763746194,26.96412506643136,0.9729840540979302,4.051363590545163,0.15227053689377282,2.6606352569515677,7.852697834138713,0.2833598255252986,1.1798689560444533,0.046043825127791045,2.5624911761127995
avg16,sgd,301,39,768,44.296582763746194,27.408572835991567,0.9890216815601998,4.118141930545407,0.1529626624089785,2.692253041160248,8.611080411314681,0.3107255995928778,1.293816045123178,0.04767133268927887,2.714033722439132
avg16,sgd,301,40,768,44.296582763746194,27.64663061668116,0.9976118517954387,4.153910145636965,0.15380927573944683,2.7006889705882866,7.925120040126753,0.28597313678295494,1.1907504026986295,0.047429256730698616,2.5105820431883674
avg16,sgd,301,41,768,44.296582763746194,27.31271960149217,0.985562875888892,4.1037399685559075,0.15459680426758884,2.654479171155969,8.153356544677887,0.29420891224179846,1.2250429696665417,0.04649090673636433,2.6350162981621006
avg16,sgd,301,42,768,44.296582763746194,26.916896815067883,0.9712798513705515,4.04426753912322,0.15516205558196072,2.606479737558601,8.013398864645604,0.28915862447668633,1.2040143085212978,0.049193556003219695,2.4475041170890264
avg16,sgd,301,43,768,44.296582763746194,27.406497668400643,0.9889468003997477,4.117830136322474,0.15621472362024816,2.636006415331731,8.43555549804589,0.3043918898475514,1.2674434021726348,0.047756265533899056,2.653983488874271
avg16,sgd,301,44,768,44.296582763746194,27.54262365540743,0.9938588238523771,4.138283085050741,0.15673156719907383,2.6403634947352175,8.115963869488539,0.29285962029890533,1.219424714950619,0.04792952819508252,2.5442034605208774
avg16,sgd,301,45,768,44.296582763746194,27.905666204823504,1.0069589934544183,4.192830279254125,0.15753152140132692,2.6615817850019248,8.33054820120174,0.3006027654038111,1.251666041026006,0.0475456846076448,2.6325544607359648
avg16,sgd,301,46,768,44.296582763746194,28.242615583099653,1.0191176068451067,4.243456970817142,0.1579768863145204,2.686125210981011,7.66870788466215,0.27672066009664364,1.1522244402109476,0.048557646968371754,2.3729000726939145
avg16,sgd,301,47,768,44.296582763746194,27.94345515391703,1.0083225847001396,4.198508074179987,0.15867005498542228,2.646062027624383,8.446521089116072,0.3047875765323135,1.2690909837760094,0.04808182748375943,2.639439992593189
avg16,sgd,301,48,768,44.296582763746194,28.1517549966882,1.0158389578436453,4.229805154906334,0.1584939122876205,2.6687492874997396,8.452743976771695,0.30501212564875785,1.2700259735230874,0.04748497173186982,2.674585089140323
avg16,sgd,301,49,768,44.296582763746194,27.604765132822,0.9961011612719486,4.147619850788173,0.1590094706839008,2.608410576394747,7.936312893807904,0.2863770241008182,1.192432130541324,0.046710267477904646,2.552826594507043
avg16,sgd,301,50,768,44.296582763746194,27.74713415071302,1.0012384606971763,4.169010815786455,0.15967266309941602,2.610973434563893,8.115564053194978,0.2928451931711107,1.2193646424961764,0.04534843077845454,2.6888794641059732
rgb32,adam,302,1,3072,191.2471959302705,1.4671841977722784,0.02647122473545594,0.10609309100317073,0.010411057915513168,1.0190423669153255,96.5464731353393,1.74191038293741,6.981341385720495,0.13198032128780451,5.28968358130948
rgb32,adam,302,2,3072,191.2471959302705,96.5526777213908,1.742022327294505,6.981790043573816,0.13240321699468358,5.273127195885397,99.50034481773667,1.7952047145306518,7.194937863714265,0.1536199497490317,4.683596027383556
rgb32,adam,302,3,3072,191.2471959302705,134.26054312066543,2.4223550222581736,9.708471534156146,0.20486893449021895,4.738869540330263,98.7811590227237,1.7822290235197737,7.142933047881085,0.1798699974027309,3.971164258088012
rgb32,adam,302,4,3072,191.2471959302705,141.2171241643425,2.547867020327123,10.211506658756306,0.25660281107559535,3.979499139527349,94.15759765540442,1.6988098235186317,6.808600168855705,0.19846821436353412,3.4305746089821696
rgb32,adam,302,5,3072,191.2471959302705,145.71064032689142,2.6289399192663594,10.536435880241497,0.2928404977405969,3.598011873881888,91.24698547155852,1.6462959882733184,6.598131814735911,0.20203490654020487,3.2658375365560337
rgb32,adam,302,6,3072,191.2471959302705,145.5228279825483,2.625551372154996,10.522855041400561,0.31864860920614224,3.3023382928349916,89.55214315035357,1.6157173110738918,6.475576609402702,0.19984597105447358,3.2402837921799303
rgb32,adam,302,7,3072,191.2471959302705,146.37557889200525,2.640936871127704,10.58451804184551,0.34037457900692003,3.1096676117020827,90.03842456134167,1.6244908955593884,6.510739950220743,0.20004264018363793,3.254676075182733
rgb32,adam,302,8,3072,191.2471959302705,144.37576589411128,2.6048558532319857,10.439910198674191,0.3598597569939025,2.9011052210684083,92.20151198849676,1.663517742695285,6.667154278841122,0.20626064015643303,3.232392895602666
rgb32,adam,302,9,3072,191.2471959302705,145.17697872247243,2.619311492048626,10.497846445289506,0.37581133499685854,2.7933820690579383,89.01652252902116,1.6060535388892112,6.43684551660026,0.20719506047094313,3.10665973501958
rgb32,adam,302,10,3072,191.2471959302705,144.20654174579877,2.6018026779950603,10.42767348497859,0.3925236074684157,2.6565723147792197,87.45192614034899,1.5778247843213051,6.32370848356878,0.20430499636650667,3.095229483386964
rgb32,adam,302,11,3072,191.2471959302705,144.252235281935,2.60262708972595,10.430977615772061,0.40851181210012466,2.5534090586383016,89.75434172922202,1.6193654174469998,6.4901977266838005,0.20522594931891153,3.1624644681742153
rgb32,adam,302,12,3072,191.2471959302705,147.5931455999021,2.662904448207722,10.672561121739273,0.4247615563428121,2.5126005313733653,88.45416679335541,1.595907406533994,6.396181189428028,0.20586543776020416,3.1069718448214787
rgb32,adam,302,13,3072,191.2471959302705,148.1970148418222,2.673799575375782,10.71622731889047,0.43964472205097266,2.4374743472180302,91.2999655621974,1.64725186544807,6.601962841260081,0.20187504413383253,3.2703214355130132
rgb32,adam,302,14,3072,191.2471959302705,147.20446683664144,2.6558918298140712,10.64445549501277,0.45414477191957503,2.3438463135931036,90.73399096562004,1.6370404408953063,6.561036831784694,0.21500530673183996,3.0515697177501693
rgb32,adam,302,15,3072,191.2471959302705,146.11567086457498,2.63624755957766,10.565723914940051,0.4690126226266358,2.2527589675024693,87.80143122086797,1.5841306234563293,6.348981434551943,0.2057678385143638,3.0855071814873276
rgb32,adam,302,16,3072,191.2471959302705,147.30593240284378,2.6577224914378337,10.65179253937648,0.4822677121412921,2.2086887160830244,91.38943806239638,1.648866145825412,6.608432658833296,0.204484533877401,3.2317518266664567
rgb32,adam,302,17,3072,191.2471959302705,147.27478627006747,2.657160546808377,10.64954034125163,0.4949609926313394,2.151591842548227,95.30861421744436,1.7195766898291156,6.891830962268062,0.2098985283588243,3.283410806237949
rgb32,adam,302,18,3072,191.2471959302705,154.1580764365311,2.781350216512067,11.147275752484024,0.5071678940491473,2.1979458643341867,95.83575608656194,1.7290874867052455,6.929948950709316,0.20542919593815379,3.3734002214542262
rgb32,adam,302,19,3072,191.2471959302705,156.21068079181467,2.818383706420278,11.295700974749405,0.5198073772379647,2.1730551487687526,94.21849443985752,1.6999085352341563,6.8130036569143915,0.2059806447388332,3.3075941021316484
rgb32,adam,302,20,3072,191.2471959302705,157.61574912108082,2.8437342244868917,11.397302424893734,0.5313763651469036,2.144864388490981,93.4040168573753,1.6852135711249367,6.754108226872593,0.2122505428909432,3.1821394352536156
rgb32,adam,302,21,3072,191.2471959302705,158.40854431494284,2.858037990692782,11.454629986611607,0.5435943590980008,2.1072017755332397,98.87077739961452,1.7838459358329692,7.14941341389748,0.21035023349768744,3.398814108745013
rgb32,adam,302,22,3072,191.2471959302705,159.86041013282036,2.884232838217119,11.559615395106567,0.5540279828355702,2.0864677874109008,90.18815845973614,1.6271924238889153,6.521567310638573,0.20787466141231012,3.1372593784787144
rgb32,adam,302,23,3072,191.2471959302705,155.8958611783731,2.81270366927757,11.272936153570747,0.5656696249146197,1.9928480613171067,92.81165641218529,1.6745260879221948,6.711274238670127,0.21262665426137012,3.1563654434501567
rgb32,adam,302,24,3072,191.2471959302705,160.28779635553553,2.8919438241775115,11.590519984652222,0.576348287278134,2.0110270543857576,94.5698067073142,1.7062469799899604,6.838407286818805,0.2137227404667978,3.1996629239747016
rgb32,adam,302,25,3072,191.2471959302705,163.8687250029604,2.9565516403818735,11.849459379885587,0.5872716392153333,2.0177135398055173,97.38989516167356,1.757127568373177,7.042329808257914,0.21503131154756708,3.2750252777489477
rgb32,adam,302,26,3072,191.2471959302705,159.74660487315873,2.8821795414264684,11.551386059084374,0.5973110898328134,1.9338978056338434,92.84840758735108,1.6751891598245388,6.713931741236783,0.2035826800855378,3.297889456222819
rgb32,adam,302,27,3072,191.2471959302705,162.75627091085846,2.9364805257088684,11.769017065001457,0.608184579292225,1.935106128257585,96.71421342817806,1.7449367861631726,6.993470800813747,0.21011276665890413,3.3284368732181364
rgb32,adam,302,28,3072,191.2471959302705,164.2428353983865,2.9633014134289324,11.876511557987996,0.6180396068537901,1.9216424685865847,99.53960146992132,1.7959129907402234,7.197776539034671,0.20918360434380467,3.440889433764958
rgb32,adam,302,29,3072,191.2471959302705,164.75006668633404,2.9724529796988675,11.913189798711677,0.6288054451305475,1.8945748467935672,93.76574005686616,1.69173985195613,6.780264678380053,0.2150106240377,3.1534556530523816
rgb32,adam,302,30,3072,191.2471959302705,163.4550588516615,2.949088194637903,11.819546898070884,0.6391310828016309,1.8493149865689373,94.88234287491048,1.7118858187553732,6.861006990469458,0.2157805461410735,3.179622590251418
rgb32,adam,302,31,3072,191.2471959302705,168.62774823484386,3.042414869882111,12.193587598818862,0.6482582070347576,1.8809769728322283,94.86355995653628,1.7115469336622633,6.859648784818521,0.21798776495960695,3.1468044943208677
rgb32,adam,302,32,3072,191.2471959302705,168.38141947405597,3.0379705581211724,12.175775397955023,0.6568211379335559,1.8537429285941658,94.4847123944694,1.7047116917266025,6.832254058962205,0.2125269186241847,3.214771146728856
rgb32,adam,302,33,3072,191.2471959302705,169.60422274983773,3.0600326143848773,12.264197137647605,0.6661387210577704,1.8410875617879,97.55734207440524,1.760148678377571,7.05443800883533,0.21519633406169097,3.2781404198144997
rgb32,adam,302,34,3072,191.2471959302705,171.73871770985127,3.0985435906269934,12.418543925448597,0.6752224513392722,1.8391781702188659,98.8363670467225,1.7832250975046842,7.146925177787543,0.21565412820402818,3.3140683358613523
rgb32,adam,302,35,3072,191.2471959302705,169.14240205677785,3.051700354964394,12.230802568042547,0.6836193685463666,1.7891246402292345,95.3389509322669,1.7201240307812755,6.894024630828078,0.21470569022933272,3.2109184546829623
rgb32,adam,302,36,3072,191.2471959302705,171.28982151375723,3.090444517512834,12.386083935042828,0.691742030926491,1.790564022610194,102.5724986047721,1.8506331150286777,7.417087401446863,0.2120972232719219,3.497022397100264
rgb32,adam,302,37,3072,191.2471959302705,175.53597970728282,3.1670545355145134,12.693126532914027,0.7010678372777506,1.810541841742661,96.15244638870912,1.734801275180071,6.952849042665416,0.21702893193905987,3.2036507669943863
rgb32,adam,302,38,3072,191.2471959302705,174.37705377019836,3.1461449667099335,12.609323807192386,0.7098926499495409,1.7762296606520231,100.3647669411278,1.8108007878316934,7.257444817606856,0.21664861425705476,3.3498690229312325
rgb32,adam,302,39,3072,191.2471959302705,177.0161730093159,3.1937604730576847,12.80016032112775,0.7176719619606817,1.783567005482237,98.59105108470638,1.7787990588576055,7.129186213094341,0.21697639828205595,3.285696633154929
rgb32,adam,302,40,3072,191.2471959302705,179.50080823443497,3.238588748559576,12.979825990543006,0.7262153537074575,1.7873246447184992,98.76963992662594,1.782021193731247,7.142100094178047,0.21863769096291855,3.2666371761991226
rgb32,adam,302,41,3072,191.2471959302705,175.79033991511284,3.1716437522164442,12.711519493196635,0.7343490769040034,1.730991417159271,96.23264651395138,1.7362482615518728,6.9586483684751625,0.21572135249903895,3.225757806476836
rgb32,adam,302,42,3072,191.2471959302705,179.2816486999319,3.2346346293020503,12.963978414980543,0.7414994277366087,1.7483463816759055,100.65026586034374,1.815951815264902,7.278089439368508,0.2159149797267973,3.370812645133589
rgb32,adam,302,43,3072,191.2471959302705,181.098975401712,3.2674231936919953,13.095390549494532,0.7491637833399264,1.7480010166952527,105.84721415060012,1.9097161744631548,7.6538843182488225,0.2197541099776199,3.4829311356353267
rgb32,adam,302,44,3072,191.2471959302705,180.37102739346813,3.254289413113381,13.042752132040569,0.7564659789253149,1.7241690301221422,99.43040253131142,1.7939428020964217,7.189880289232512,0.2154042202381646,3.3378548857041532
rgb32,adam,302,45,3072,191.2471959302705,183.43938645756924,3.309649348476794,13.26462727076709,0.7643080258846708,1.7355080440786366,102.24013282943147,1.84463650659548,7.393053805322333,0.2154774589541885,3.4310102974131187
rgb32,adam,302,46,3072,191.2471959302705,183.0037760809565,3.30178998072057,13.233127987038385,0.7725211968876561,1.7129792736241012,100.971244269002,1.8217429705974926,7.301299607233961,0.21538757980354098,3.3898424476906297
rgb32,adam,302,47,3072,191.2471959302705,184.9974304122999,3.3377598827478256,13.377290492826843,0.7798746822687624,1.715312831275721,101.22372203245064,1.826298223869101,7.319556446678186,0.21657641945940434,3.379664538248673
rgb32,adam,302,48,3072,191.2471959302705,186.173769883507,3.358983629946569,13.462352403089296,0.7870674164677146,1.7104446355443201,98.80938005769409,1.7827381929615538,7.144973730186594,0.21582522059208098,3.310536975514509
rgb32,adam,302,49,3072,191.2471959302705,186.30675624351363,3.361382995907456,13.47196873757258,0.7945521565067339,1.6955424042648612,101.35396235591172,1.828648045300651,7.328974213384112,0.218677623730166,3.3514970980421803
rgb32,adam,302,50,3072,191.2471959302705,190.06785915777792,3.4292415515324675,13.743936657047994,0.8019585714264207,1.7137963414496646,102.00547258222116,1.840402720442512,7.376085362641509,0.21857618289192873,3.374606173943704
rgb32,sgd,302,1,3072,191.2471959302705,1.4671841977722784,0.02647122473545594,0.10609309100317073,0.010411057915513168,1.0190423669153255,15.464143823754648,0.27900711248224486,1.118222797431169,0.025326916851936405,4.4151556384395585
rgb32,sgd,302,2,3072,191.2471959302705,15.833410713296049,0.2856694980472306,1.1449247383163408,0.02759348354901401,4.149257690797261,17.421696496858395,0.3143256613187861,1.259774767665332,0.024824196912555933,5.07478558965243
rgb32,sgd,302,3,3072,191.2471959302705,24.786990987028787,0.4472117474613093,1.792364240614441,0.03674434910349646,4.877931666624315,17.24947469468452,0.31121840182361704,1.247321291572483,0.025978817037994796,4.80130134389198
rgb32,sgd,302,4,3072,191.2471959302705,29.316851737576584,0.5289403825775685,2.119921564070668,0.044215172480423726,4.794556811938851,17.32008589036008,0.31249238284958847,1.252427235338797,0.027731774425003818,4.51621744842108
rgb32,sgd,302,5,3072,191.2471959302705,31.99374090651705,0.5772373413987738,2.313489247417461,0.04983177085710564,4.642598903521757,16.889431172540085,0.30472242606017735,1.2212862986806767,0.027181773737695394,4.493033863301606
rgb32,sgd,302,6,3072,191.2471959302705,36.27298024454881,0.6544442158906324,2.622923965432749,0.05412011886476634,4.846485965758556,15.76144820521603,0.28437113637811934,1.1397210802275048,0.027386246885838905,4.161654880927992
rgb32,sgd,302,7,3072,191.2471959302705,38.06310618842017,0.686742018877428,2.7523691945721094,0.05705860100157477,4.823758638064306,16.615188557262925,0.2997744870678794,1.2014556279416349,0.029506434478191488,4.071842800354761
rgb32,sgd,302,8,3072,191.2471959302705,37.99422770485077,0.6854992997827354,2.747388544401133,0.05962732904290469,4.607599549569387,16.303514724916162,0.29415120672398043,1.1789182803416,0.030523796580692823,3.8622924157714373
rgb32,sgd,302,9,3072,191.2471959302705,38.30056149004071,0.6910262339496506,2.7695397495455505,0.06161297327752045,4.4950594042440395,16.36925082572603,0.2953372303332946,1.1836717026698969,0.031041196051692848,3.813228397187823
rgb32,sgd,302,10,3072,191.2471959302705,39.318554285845714,0.7093930594087481,2.84315150360472,0.0634991687294638,4.4774625565853885,14.99579023427863,0.27055698526474775,1.0843558296261808,0.03190536150522165,3.398663354586077
rgb32,sgd,302,11,3072,191.2471959302705,39.055955531745134,0.7046552012409721,2.8241628084167445,0.06547849166411797,4.313115248444824,15.816990072898689,0.285373233636178,1.1437373505986617,0.03317008009727855,3.4480994536172376
rgb32,sgd,302,12,3072,191.2471959302705,38.79524947888476,0.6999514915597752,2.8053109757476156,0.06701656700717062,4.185996240970466,16.288430833335074,0.2938790601969564,1.1778275538434384,0.0337446666807566,3.490410988457361
rgb32,sgd,302,13,3072,191.2471959302705,37.56756348215556,0.6778013402881522,2.7165361631698395,0.06825733569192999,3.9798450021995415,15.97926706081428,0.28830106684418894,1.1554717103830638,0.03350000188173314,3.4491690909818096
rgb32,sgd,302,14,3072,191.2471959302705,37.856837937069166,0.6830204866760913,2.737453796495389,0.06961953972472143,3.9320193832355055,16.334595993649675,0.29471198106366947,1.1811657881032331,0.03323552702590222,3.553925253487594
rgb32,sgd,302,15,3072,191.2471959302705,38.08784550146631,0.6871883704101391,2.754158111188268,0.07062076310915925,3.8999268627714163,16.036033524843738,0.2893252585094499,1.1595765321521028,0.03325606586988608,3.4868121102746508
rgb32,sgd,302,16,3072,191.2471959302705,38.209183541292376,0.6893775750962804,2.762932147686861,0.07216996612424575,3.828368358840956,16.08014569298305,0.29012113888913016,1.1627663131461028,0.03396543553935535,3.42338113638737
rgb32,sgd,302,17,3072,191.2471959302705,38.06077332524728,0.6866999289030264,2.752200503643407,0.07316709931095361,3.761527420879161,16.77021693190723,0.30257153937515807,1.2126658355516848,0.033354392954882954,3.6357005123493193
rgb32,sgd,302,18,3072,191.2471959302705,38.84675019529484,0.7008806775748633,2.809035027711315,0.07425872980660468,3.782767406642977,16.355427469964077,0.2950878266404738,1.182672126377398,0.03301146005960435,3.5826107789295176
rgb32,sgd,302,19,3072,191.2471959302705,38.65859358403107,0.6974859191322712,2.795429294694312,0.07534651862140647,3.710097488034585,15.861276249514104,0.28617225351087455,1.1469397142643663,0.03317513943564445,3.4572265068826113
rgb32,sgd,302,20,3072,191.2471959302705,38.89282000896427,0.7017118781787246,2.8123663673901036,0.07642068250282928,3.680111555253361,14.953108225847938,0.2697869081067161,1.0812694644570964,0.03321762552655815,3.255107634326843
rgb32,sgd,302,21,3072,191.2471959302705,39.00685862634423,0.7037693852550475,2.820612577668226,0.07728908873758614,3.6494317939817362,15.817376413828026,0.285380204074914,1.1437652871750212,0.03354307173795342,3.409840625540773
rgb32,sgd,302,22,3072,191.2471959302705,39.68305949859359,0.7159695338681547,2.8695091243901047,0.07835122455503658,3.662366658193662,16.601786171375007,0.29953267859599897,1.2004864922681282,0.0332638007047757,3.608987748942874
rgb32,sgd,302,23,3072,191.2471959302705,40.312652594163154,0.7273287758433739,2.9150354309606428,0.07936712954868087,3.6728497648042913,16.032487158582843,0.28926127427459447,1.1593200919866355,0.03351328671078765,3.4592849755122943
rgb32,sgd,302,24,3072,191.2471959302705,39.66244430873786,0.7155975905740108,2.8680184259374273,0.07990498810701721,3.589285842951724,16.238234051258306,0.2929734000205666,1.1741977902615903,0.033193813649195866,3.537399476513708
rgb32,sgd,302,25,3072,191.2471959302705,40.21259663461179,0.7255235466189675,2.907800316216216,0.08097548859573823,3.590963594839309,15.97979670640219,0.28831062281365,1.1555100094171205,0.033644506428432704,3.4344686015087684
rgb32,sgd,302,26,3072,191.2471959302705,39.7698897145089,0.7175361416347951,2.8757878765828524,0.08168760011167492,3.520470515294084,15.426828061460784,0.2783338541883268,1.1155244691838317,0.03326316181788967,3.3536332934648376
rgb32,sgd,302,27,3072,191.2471959302705,38.68975636387603,0.698048164111402,2.7976826965800625,0.08248219328550112,3.3918626374255796,16.095959178771977,0.29040644889778844,1.1639097970995351,0.03324790686457454,3.5007009669522224
rgb32,sgd,302,28,3072,191.2471959302705,38.58783672867055,0.6962093100857273,2.7903128181767354,0.0830875112059644,3.3582818617106853,15.739950405477476,0.2839832688635556,1.1381665596516335,0.0322338204817979,3.530970088681683
rgb32,sgd,302,29,3072,191.2471959302705,39.37954601219263,0.7104934840845208,2.8475618569765655,0.0839458433463291,3.392141580171626,16.13285370661554,0.29107210719722915,1.1665776655961895,0.03311777998286268,3.5225116725814765
rgb32,sgd,302,30,3072,191.2471959302705,39.71985143601847,0.7166333412111628,2.8721695745035447,0.08452096123432781,3.3981742902103034,15.939608533084996,0.28758553991730873,1.1526039751676607,0.032985583173259406,3.49426587098223
rgb32,sgd,302,31,3072,191.2471959302705,39.22616577016759,0.7077261677088482,2.8364708269614125,0.08497758118760285,3.337904877169201,15.762878337382134,0.2843969391028405,1.1398244940608022,0.03273315223533138,3.4821714873842886
rgb32,sgd,302,32,3072,191.2471959302705,39.58535454660069,0.714206721982709,2.862444012607288,0.0860143588027,3.327867640300814,16.73970304589739,0.3020210018657268,1.2104593556221588,0.033082865291107086,3.6588709743576504
rgb32,sgd,302,33,3072,191.2471959302705,39.43515743904967,0.7114968363428312,2.851583157219111,0.08674008174116403,3.2875034239976304,16.01493216568362,0.2889445436534699,1.1580506784651123,0.03303580457424578,3.505441121806101
rgb32,sgd,302,34,3072,191.2471959302705,39.60070036717664,0.7144835942839733,2.86355367936989,0.08784601801694125,3.259742153386678,15.67070983274522,0.282734016885249,1.1331597265660887,0.032808586280681055,3.453851125652849
rgb32,sgd,302,35,3072,191.2471959302705,39.43523838589214,0.7114982968016216,2.8515890105405535,0.0880698146395199,3.2378732965573302,16.083723639150094,0.2901856928948392,1.1630250368761437,0.03229989169135394,3.600708782523451
rgb32,sgd,302,36,3072,191.2471959302705,39.34682212660181,0.7099030733296837,2.8451955704685488,0.08872725033524538,3.206676144835228,16.158742857310436,0.29153920432606634,1.1684497277577361,0.031699682254032704,3.6859982330235845
rgb32,sgd,302,37,3072,191.2471959302705,38.87892236662947,0.7014611341930027,2.8113614193848058,0.08936763412898106,3.145838475848281,16.549280137813042,0.2985853544519027,1.1966897451348348,0.03234180099680808,3.7001332895868733
rgb32,sgd,302,38,3072,191.2471959302705,39.79661196379168,0.7180182696915691,2.8777201806720543,0.0905934632435929,3.1765207749418694,16.731377901717543,0.30187079798343686,1.2098573587628496,0.03320528603299802,3.643568549780129
rgb32,sgd,302,39,3072,191.2471959302705,39.67183731384311,0.7157670610123238,2.8686976405492928,0.09145731056156413,3.136652087115814,15.985661583680654,0.2884164380785089,1.1559341026971401,0.0336239755412458,3.4378269793801777
rgb32,sgd,302,40,3072,191.2471959302705,40.043794524568725,0.7224779858791818,2.8955941203960056,0.09218990774692236,3.140901418781029,15.31899233544313,0.2763882608931846,1.107726794214898,0.03251383482503268,3.406939846302134
rgb32,sgd,302,41,3072,191.2471959302705,39.9525395095917,0.7208315450209978,2.888995407962248,0.09279123387773965,3.1134357064038456,15.32286660159814,0.27645816116216915,1.1080069450455696,0.0326305945581898,3.39560758866858
rgb32,sgd,302,42,3072,191.2471959302705,40.609698900695406,0.732688143500817,2.9365150521826626,0.09351996700394063,3.1399872628899956,17.496077958405305,0.31566766622024944,1.265153341930804,0.0333574384113023,3.7927173133958023
rgb32,sgd,302,43,3072,191.2471959302705,40.96162695592495,0.7390376984202595,2.9619632101213376,0.0944462975663924,3.1361348051141786,16.1322748594642,0.29106166352352153,1.1665358087634912,0.03338647220539177,3.494037350178916
rgb32,sgd,302,44,3072,191.2471959302705,40.91309441804371,0.7381620648636911,2.9584537891734657,0.09504524437052465,3.112679449421184,16.367041418895184,0.2952973677824028,1.1835119389535729,0.03309678762135111,3.5759118150490106
rgb32,sgd,302,45,3072,191.2471959302705,40.99082882265802,0.7395645642208587,2.9640748170412308,0.09576996792067684,3.094994058571971,17.27690946485073,0.3117133853217613,1.249305118533211,0.0331974519870146,3.763256044535842
rgb32,sgd,302,46,3072,191.2471959302705,42.17195236487128,0.7608746265659534,3.049482666744277,0.09657269464372926,3.157706925331495,16.383941096815704,0.29560227508229747,1.1847339662015954,0.033891687078968044,3.4956476596787613
rgb32,sgd,302,47,3072,191.2471959302705,42.71784374225852,0.7707237057435415,3.088956444928998,0.0973258026717748,3.1738309473247406,15.469948269420929,0.27911183742811746,1.1186425208600546,0.033424872103805785,3.346736877215111
rgb32,sgd,302,48,3072,191.2471959302705,42.57637275892801,0.7681712585464043,3.0787265815406233,0.09765883292282593,3.152532637752861,15.741859882323125,0.2840177200188946,1.1383046352259625,0.03294241980340803,3.455437220517117
rgb32,sgd,302,49,3072,191.2471959302705,41.50700240461965,0.7488774691112999,3.0013996811500707,0.0980810762910894,3.0601210698813937,15.839649657477056,0.28578206230042946,1.145375880629463,0.0328884888377483,3.4826041606230294
rgb32,sgd,302,50,3072,191.2471959302705,41.34565888744673,0.7459664777653067,2.9897328212723617,0.09882401836679389,3.0253099101634486,16.745348256163393,0.3021228538553114,1.2108675646305385,0.032658154933318084,3.7077035340879063
dup64,adam,302,1,12288,764.988783721082,1.4671841977722782,0.013235612367727969,0.05304654550158536,0.0026027644788782925,2.0380847338306505,331.56503822785226,2.9910806886674854,11.987847138617116,0.12750565276019513,9.401816216856776
dup64,adam,302,2,12288,764.988783721082,331.5446944857153,2.9908971657768744,11.987111603675709,0.12753637461958212,9.39897471559082,346.5778154886089,3.1265124229297,12.53063922517113,0.14737941752644199,8.502299327464064
dup64,adam,302,3,12288,764.988783721082,456.53241945589696,4.118423676041457,16.506085465197252,0.194732848085931,8.476271788472744,337.6880662490605,3.046317124234676,12.209227306852078,0.15854863811886685,7.700619476591527
dup64,adam,302,4,12288,764.988783721082,499.2904158492772,4.504147749912194,18.052015420469377,0.23945056005563284,7.5389322189412535,348.1441824560533,3.1406427727781963,12.587271757566777,0.16921848690389094,7.438473176229158
dup64,adam,302,5,12288,764.988783721082,491.6608461926424,4.435320654676895,17.77616572513957,0.2702214770248615,6.5783689441916895,329.08091556590284,2.968671174799102,11.898032835805854,0.16647959158824682,7.146841677286909
dup64,adam,302,6,12288,764.988783721082,508.7199456683189,4.589212462089621,18.392943289896984,0.29693717609961096,6.19422045144218,335.17074996218605,3.0236081674243263,12.11821287720083,0.16866023305990704,7.184985255473066
dup64,adam,302,7,12288,764.988783721082,521.7370719376613,4.706641233272124,18.863581933630336,0.3219597755683536,5.858987167055441,328.5229304787787,2.9636375366701184,11.877858694509703,0.17320275680650143,6.857776927753756
dup64,adam,302,8,12288,764.988783721082,513.8415306394168,4.6354147818043225,18.578115942807294,0.3422585246854199,5.428094438227068,322.734591668671,2.9114203652611117,11.668579328950022,0.1731028075281489,6.740837711169156
dup64,adam,302,9,12288,764.988783721082,517.488154419178,4.668311332130548,18.709960870358984,0.36136899995518695,5.177522386446869,323.00619165081565,2.9138704953049106,11.67839911901656,0.1700353124605002,6.86821987152198
dup64,adam,302,10,12288,764.988783721082,522.4183039929143,4.712786694373388,18.88821211113019,0.3795393640882304,4.976614785795791,325.4509698339967,2.935925078776293,11.766790908767506,0.16610164422818932,7.084090566016533
dup64,adam,302,11,12288,764.988783721082,537.5088047312764,4.84891957974057,19.433814316548357,0.3961055675790838,4.906220943907417,318.1966304720375,2.8704829727853554,11.50450779282855,0.1756101973489676,6.551161587710718
dup64,adam,302,12,12288,764.988783721082,519.826235160544,4.689403387527653,18.794494977679364,0.4116709129195678,4.565417275752837,332.0632916049873,2.9955754811895723,12.005861659548874,0.17100407854942817,7.020804276360354
dup64,adam,302,13,12288,764.988783721082,541.3623934192743,4.883683180777471,19.573142131005913,0.42774340109213205,4.575907443815839,337.77801718147026,3.047128580407186,12.212479513518582,0.17457377368102162,6.995598053481406
dup64,adam,302,14,12288,764.988783721082,542.7525827626012,4.896224215021132,19.623404901262422,0.4424566286786419,4.435102477697307,341.8148602594739,3.0835453372472124,12.358432953001657,0.1711847738189706,7.219352911650197
dup64,adam,302,15,12288,764.988783721082,568.9946225201197,5.13295622624126,20.572194806555334,0.45741134567410546,4.497526132902818,337.0903752253868,3.0409252949626415,12.187617583866148,0.16949382607326482,7.1905967705265965
dup64,adam,302,16,12288,764.988783721082,559.8112910138483,5.050112493159957,20.240168321167044,0.4707529836165199,4.2995305448037024,343.6298278394286,3.099918337573107,12.424053725403754,0.17201548951740822,7.222636612702498
dup64,adam,302,17,12288,764.988783721082,559.479384659657,5.047118333426549,20.228168133633257,0.4836090682632223,4.182752032809964,335.116238793477,3.023116416831701,12.116242007288477,0.17071713582263504,7.097261765143795
dup64,adam,302,18,12288,764.988783721082,551.6584425854164,4.9765648488659355,19.94539930321892,0.49546011469615275,4.02563167278373,350.7080474695373,3.163771650211022,12.679969172318248,0.16998972207300742,7.459256370142449
dup64,adam,302,19,12288,764.988783721082,571.753191870557,5.157841550570216,20.67193182307271,0.5079606936230645,4.069592801684859,352.9671218237315,3.1841509812502937,12.761646776741184,0.17107230263792061,7.459797161760061
dup64,adam,302,20,12288,764.988783721082,573.9698888202419,5.177838590892285,20.752077257969862,0.5192762145460735,3.9963465833131484,360.64575144309737,3.2534206512151114,13.039270251770414,0.17535659484956972,7.435859633882718
dup64,adam,302,21,12288,764.988783721082,588.113277198841,5.305427482886623,21.263436292718954,0.5308697092724968,4.005396412965122,343.3087167306392,3.0970215628059306,12.41244384365249,0.17543651261011756,7.075177030700196
dup64,adam,302,22,12288,764.988783721082,580.4525633561706,5.236319432898334,20.98646056871179,0.5414561014474673,3.8759302023947972,346.92616162592867,3.129654887557087,12.543233798675734,0.1698346905700092,7.385554598166837
dup64,adam,302,23,12288,764.988783721082,575.8977316365097,5.195229849781777,20.821779073071422,0.5517619792431496,3.7736886295849157,360.2954475938722,3.2502605258768567,13.026604896523597,0.17580310339208602,7.409769591763649
dup64,adam,302,24,12288,764.988783721082,586.582895598501,5.291621760559761,21.208104823554763,0.561864905258728,3.77459147653809,348.4720999439542,3.1436009485580647,12.599127726278214,0.17795533093797858,7.0799383529956135
dup64,adam,302,25,12288,764.988783721082,581.4480283550855,5.245299620165403,21.022451945554835,0.5716613873238495,3.6774308028688827,348.6332636556777,3.145054822188489,12.604954655289665,0.17370001782886701,7.2567376865259385
dup64,adam,302,26,12288,764.988783721082,581.9829899914236,5.250125561489558,21.041793666128637,0.5815183451768141,3.6184230197812166,347.953148254818,3.13891943453589,12.580364850810575,0.17362707873473532,7.245623748603555
dup64,adam,302,27,12288,764.988783721082,597.4164264288793,5.389352103390902,21.599794828810452,0.5916785101502652,3.6505964739745034,357.8511773853099,3.2282105248942687,12.938231472768392,0.17676829768224886,7.319316666173707
dup64,adam,302,28,12288,764.988783721082,590.6173598314072,5.328017057605141,21.353972255081306,0.6010492045063364,3.5527827164533234,363.2124836484992,3.2765753938670867,13.132071330824406,0.17549386896306393,7.4829231405162675
dup64,adam,302,29,12288,764.988783721082,610.4314970141677,5.506762330046187,22.070359148585116,0.610484635404981,3.615219428732087,355.51811264208555,3.2071637193077467,12.853878720573059,0.1744336163783207,7.368922910303539
dup64,adam,302,30,12288,764.988783721082,616.8247847230291,5.5644368047292785,22.30151064808176,0.6192221182139747,3.6015365071916543,361.4859133879456,3.2609998344185644,13.069646593680151,0.1767919406301211,7.392671038678216
dup64,adam,302,31,12288,764.988783721082,630.4421940750241,5.687280788401773,22.79385273157824,0.6279565951347623,3.6298452644942087,372.5632472231992,3.3609295480386745,13.47015137980056,0.1771417654886267,7.6041645755559575
dup64,adam,302,32,12288,764.988783721082,631.1240245514036,5.693431647918639,22.818504545198202,0.6362534915633385,3.58638574841151,374.3102741286736,3.3766896488848803,13.533315733924912,0.1723105483066467,7.854026272286478
dup64,adam,302,33,12288,764.988783721082,619.7130116025346,5.590491782328704,22.405935476821888,0.6442595161985796,3.477781067018919,367.0575864284973,3.311262442696676,13.271092334381521,0.17600735730482983,7.540078174912378
dup64,adam,302,34,12288,764.988783721082,622.2983031533995,5.6138139506541025,22.499407575346428,0.6522122870950458,3.449706180108752,360.8475816147887,3.255241380964433,13.046567490523717,0.174790794220893,7.464104473394653
dup64,adam,302,35,12288,764.988783721082,635.3971976782329,5.7319803612790885,22.97300257826909,0.6606422525949015,3.4773740989218687,366.2866540064694,3.304307785800038,13.243219009501221,0.17617319799647302,7.517158773360265
dup64,adam,302,36,12288,764.988783721082,643.2303944147113,5.802644396348168,23.25621448017983,0.6684714699231672,3.4790137689575373,374.8838568051161,3.3818639943949833,13.55405381138719,0.17480900897005053,7.7536357486640535
dup64,adam,302,37,12288,764.988783721082,655.0653676901069,5.909408849573194,23.68411197888282,0.6767059283314208,3.499911998300595,356.53107062255367,3.2163017124749507,12.890502562135477,0.1781180278997239,7.2370566383053125
dup64,adam,302,38,12288,764.988783721082,650.5315251294346,5.868508611715889,23.520189353450448,0.6838822629266149,3.439216167531211,377.7479359335056,3.4077011327661713,13.657605569942753,0.17601415089990577,7.759379288605859
dup64,adam,302,39,12288,764.988783721082,668.7279687608229,6.032660512167075,24.178087984396097,0.691775667970772,3.4950763815268564,364.0601676561176,3.284222434335622,13.162719635481293,0.17372578663402477,7.576721850285945
dup64,adam,302,40,12288,764.988783721082,644.0545269583068,5.810078976752743,23.28601127361555,0.6985801469527548,3.3333342459258852,366.79897410169207,3.308929475563914,13.261742117427184,0.17783951627832437,7.45714023236104
dup64,adam,302,41,12288,764.988783721082,669.9341626344128,6.043541705254762,24.221698335636432,0.7057046348159152,3.432271398069353,365.9657126241678,3.301412542152133,13.231615264269058,0.17487681441837255,7.566249024078144
dup64,adam,302,42,12288,764.988783721082,671.7752888245847,6.060150684965821,24.288264881520313,0.7131537838509322,3.405754190963838,377.5054266178348,3.4055134324742413,13.648837562852831,0.17967767990879357,7.596289961992572
dup64,adam,302,43,12288,764.988783721082,676.2277119781418,6.100316430376014,24.44924376049549,0.7197617934897652,3.396852122693722,379.91958294112845,3.4272917731479824,13.736122208806613,0.17637094812025053,7.788200015481722
dup64,adam,302,44,12288,764.988783721082,663.1924806992115,5.982724332128523,23.97795052396025,0.7264537633211434,3.300685017356062,380.662746133979,3.433995921108046,13.762991527726832,0.17526959602513745,7.852469475511841
dup64,adam,302,45,12288,764.988783721082,668.2954539866772,6.028758754022051,24.16245026509564,0.7329155114419238,3.2967579329244794,369.7335405784156,3.335402487209089,13.367842370122998,0.17502075732480754,7.637861116847215
dup64,adam,302,46,12288,764.988783721082,669.0423438680047,6.035496520803917,24.189454323709867,0.7393032096306482,3.2719260526130793,367.4181375751378,3.3145150099086997,13.28412818416436,0.17638452223943804,7.531345730058703
dup64,adam,302,47,12288,764.988783721082,678.5765765266776,6.121505767553938,24.53416776004521,0.7456885293816684,3.2901361350414176,381.9009260796021,3.445165663684776,13.807758346320144,0.17708878831626979,7.797082174203106
dup64,adam,302,48,12288,764.988783721082,686.8391935206593,6.196043644830283,24.83290549795087,0.752882607523916,3.2983768318970004,380.1840209554355,3.4296772943783598,13.745683055481207,0.17817544547281486,7.7146898771629315
dup64,adam,302,49,12288,764.988783721082,690.9709578658524,6.233316695719742,24.98229084825106,0.7588401551954478,3.292167748004399,368.3647093038851,3.3230541261961926,13.318351808134512,0.17397606523975417,7.655278207252627
dup64,adam,302,50,12288,764.988783721082,692.2888382288234,6.245205423568508,25.029939262639747,0.765442601856572,3.269995581893394,372.3171856658548,3.358709802626643,13.461254940200353,0.17645437125229452,7.628745519119754
dup64,sgd,302,1,12288,764.988783721082,1.4671841977722782,0.013235612367727969,0.05304654550158536,0.0026027644788782925,2.0380847338306505,31.767444976868337,0.2865772329509619,1.1485628171249622,0.011559433163521463,9.936151720220373
dup64,sgd,302,2,12288,764.988783721082,32.05988011065779,0.2892153189386782,1.159135909211408,0.011894648916091679,9.745019944584245,33.161756440745194,0.29915545324789133,1.1989746240570633,0.010809182982950279,11.09218546811771
dup64,sgd,302,3,12288,764.988783721082,49.10831793978112,0.44301094659347434,1.7755279984982812,0.01622099511719946,10.945863590179199,33.42734798337722,0.3015513805702833,1.2085771769420097,0.012492358194174364,9.674531887066868
dup64,sgd,302,4,12288,764.988783721082,58.30960422650524,0.526016651508021,2.1082036451028,0.020355862897226035,10.356739263507677,33.281310832589504,0.3002339651277994,1.203297153904722,0.012936371800885289,9.301658706364448
dup64,sgd,302,5,12288,764.988783721082,65.54428045774556,0.5912813744706208,2.3697758338385,0.02351664536938692,10.07701479788178,33.50256374609882,0.30222990933363675,1.2112966285185098,0.013747068516457874,8.81130858603313
dup64,sgd,302,6,12288,764.988783721082,68.81013261053083,0.6207429466509973,2.4878538332384528,0.025661670223850797,9.694824271126981,32.21132967533534,0.2905815602970413,1.1646116199204393,0.015180117810645351,7.671953765100115
dup64,sgd,302,7,12288,764.988783721082,66.69612298475221,0.6016722587367356,2.4114210935899982,0.02752248816940055,8.761639132144351,31.61333525051584,0.2851869940135501,1.142990927362513,0.016123642849923764,7.088912462284646
dup64,sgd,302,8,12288,764.988783721082,68.03381864794643,0.6137397423498446,2.459785936922314,0.029110479091943035,8.449829798930082,32.94766282928676,0.2972240938071522,1.191233996452791,0.01657244208754025,7.188041389195157
dup64,sgd,302,9,12288,764.988783721082,66.43233018732731,0.5992925580710551,2.4018835749520266,0.030235218378149107,7.943992812990099,31.47157068650366,0.2839081219948941,1.1378653811585648,0.016822607730780786,6.763906044581788
dup64,sgd,302,10,12288,764.988783721082,65.50970451805661,0.590969461531763,2.3685257289363655,0.031384243773105176,7.546862515024437,34.19129162525378,0.30844299099658234,1.236197820090282,0.016945609751960692,7.295091992468713
dup64,sgd,302,11,12288,764.988783721082,67.41634328033862,0.6081694365731832,2.437460904227953,0.03261334256124719,7.4738150487042265,33.286720044457255,0.3002827621579236,1.2034927258062635,0.017172407455871907,7.008293559880231
dup64,sgd,302,12,12288,764.988783721082,66.18434368406564,0.5970554475333438,2.392917538275089,0.03359062284328054,7.1237665030488335,31.867778501166327,0.2874823515019336,1.1521904099453382,0.017046654271274077,6.759041343889605
dup64,sgd,302,13,12288,764.988783721082,67.19490366194816,0.6061718080843241,2.4294546792354543,0.0344129317104848,7.059714352948482,32.357520851508404,0.29190036521761414,1.1698972117981117,0.016972170983870643,6.893032204954295
dup64,sgd,302,14,12288,764.988783721082,67.84493452030252,0.6120358001320186,2.452956766810747,0.03526085220622546,6.956600913853314,32.53699800309553,0.2935194461829613,1.1763862694792246,0.01689483580241156,6.962993208322911
dup64,sgd,302,15,12288,764.988783721082,69.2964360314778,0.6251299374477405,2.505436299425049,0.03600882881667609,6.957838901621688,30.83498297310118,0.27816540187464833,1.1148493350778967,0.016653389195211653,6.694429115957064
dup64,sgd,302,16,12288,764.988783721082,67.8309313522467,0.6119094761812915,2.4524504774896325,0.03690321733275063,6.6456278198626,30.425206107023765,0.27446876462562525,1.1000337126053552,0.01693982839750129,6.49377128736213
dup64,sgd,302,17,12288,764.988783721082,67.6202042273313,0.610008486145425,2.4448315663554916,0.03762101386196651,6.498579690929406,31.7199984476809,0.2861492131634856,1.1468473716660654,0.01703272317491397,6.733200322043383
dup64,sgd,302,18,12288,764.988783721082,67.04155561379672,0.6047884403205751,2.4239103282083674,0.03831845581881708,6.325699395793647,30.7408905570637,0.27731658497264927,1.111447391657115,0.016651329509747334,6.674826721833217
dup64,sgd,302,19,12288,764.988783721082,67.6214449974869,0.6100196792545397,2.444876426824011,0.03896054594596443,6.2752622363528605,31.408837290398704,0.2833421978835133,1.1355972338080118,0.016690444561145004,6.803876491412683
dup64,sgd,302,20,12288,764.988783721082,68.42928714364471,0.6173073023880855,2.47408423537956,0.039658599652941315,6.238455863370524,32.97190280950322,0.2974427650431385,1.192110401211963,0.016823693318558857,7.085901880396861
dup64,sgd,302,21,12288,764.988783721082,69.29424567721158,0.6251101780473464,2.505357106418865,0.04030360397717513,6.216211105681038,32.9861432244808,0.2975712292215866,1.1926252682765188,0.016600908781101077,7.184096268477998
dup64,sgd,302,22,12288,764.988783721082,68.75401700999996,0.6202367223217435,2.4858249545459,0.040946250090545096,6.07094654345381,31.41535103023158,0.2834009589686061,1.1358327402951691,0.016763067458707617,6.775804864432243
dup64,sgd,302,23,12288,764.988783721082,68.69475661522242,0.6197021284955389,2.4836823747438674,0.04154578831594059,5.978180882876424,32.853373025434706,0.2963734962503425,1.1878249164081938,0.01673764808411967,7.096725360925573
dup64,sgd,302,24,12288,764.988783721082,69.64628111018399,0.6282859241722043,2.51808506766715,0.041992835968804466,5.996463467096574,32.102600607724774,0.28960070472745225,1.1606804833657336,0.01643534009725553,7.062102010043291
dup64,sgd,302,25,12288,764.988783721082,69.60863219788169,0.6279462896463851,2.5167238583912037,0.04272302763761834,5.8907900435763745,32.5355649441812,0.2935065184181183,1.1763344567449947,0.016683032827263262,7.05108279126946
dup64,sgd,302,26,12288,764.988783721082,67.83953976808992,0.61198713354386,2.452761717702973,0.04323624075816476,5.672930103757441,31.501997385096992,0.2841826042233849,1.1389654688325221,0.016557102768997106,6.879014310192091
dup64,sgd,302,27,12288,764.988783721082,67.13136610530205,0.605598629561929,2.4271574571860315,0.04380785170396276,5.540462183783545,32.96926222083472,0.29741894403409824,1.1920149298272744,0.016843266569252856,7.077100661716539
dup64,sgd,302,28,12288,764.988783721082,68.50613832272134,0.6180005844025767,2.4768628159926336,0.04436510006129398,5.582908215175097,32.91929299634108,0.2969681667651513,1.1902082754584462,0.01642335518684666,7.24704703708579
dup64,sgd,302,29,12288,764.988783721082,68.90419960740424,0.6215915342442273,2.4912548576206803,0.04497276243261247,5.539474835137369,32.49597428970828,0.2931493672459724,1.1749030431180456,0.016648600403230775,7.057067949628053
dup64,sgd,302,30,12288,764.988783721082,69.84650754791475,0.6300921864803721,2.525324322871665,0.04537638414211625,5.565283286924082,30.811343477941023,0.2779521476731761,1.1139946410609138,0.016680123719588224,6.678575409801664
dup64,sgd,302,31,12288,764.988783721082,69.3586648141901,0.6256913093922764,2.5076862023061386,0.04591313923624157,5.461805147766274,35.13658448505986,0.31697057048208344,1.2703752061173157,0.016717385556442928,7.599126082413703
dup64,sgd,302,32,12288,764.988783721082,71.06882498124692,0.6411188317798955,2.5695176269183455,0.04658186049664471,5.516133532501193,33.88867967057741,0.30571309891076354,1.2252567815707576,0.01696294455680338,7.22313733601953
dup64,sgd,302,33,12288,764.988783721082,69.26190173360052,0.6248184001637449,2.5041877000968302,0.04709106578736008,5.31775541331874,31.23982297905317,0.28181750322488447,1.1294864636873798,0.016777709990840068,6.732065724726631
dup64,sgd,302,34,12288,764.988783721082,69.40434938730242,0.6261034344014046,2.509337943641686,0.04766866167190243,5.264125015535684,32.26076444397726,0.29102751618739653,1.1663989508555088,0.01725928637309191,6.758094892463127
dup64,sgd,302,35,12288,764.988783721082,69.74977585034586,0.6292195603611443,2.521826955326182,0.047955081280437926,5.2587273089554705,31.127818494910176,0.28080709980190943,1.1254369033298637,0.01634553239741173,6.8852875266887805
dup64,sgd,302,36,12288,764.988783721082,69.92057923151819,0.6307603943939311,2.5280024098771103,0.04841275575598502,5.221769284564195,32.81146467477884,0.29599543691389785,1.1863097056845926,0.016294117045386285,7.280601350660475
dup64,sgd,302,37,12288,764.988783721082,69.25478094597703,0.6247541628410689,2.503930245589584,0.048866298942642925,5.124043154012105,32.28016916128996,0.29120256804308464,1.1671005350338532,0.016679766485462447,6.997103562876979
dup64,sgd,302,38,12288,764.988783721082,69.9744253818326,0.6312461457904756,2.529949235822398,0.04948598060014717,5.112456508166828,31.3003764037438,0.28236376160059523,1.1316757934273032,0.01690069391003544,6.696031532500136
dup64,sgd,302,39,12288,764.988783721082,70.43096802151943,0.6353646616642215,2.546455690803533,0.04995881104117725,5.097110274911634,32.47413249268122,0.2929523302554543,1.1741133454907189,0.016700219958798675,7.030526234908216
dup64,sgd,302,40,12288,764.988783721082,70.87231887625717,0.6393461309578137,2.562412881614037,0.050449609867239925,5.0791530169551855,31.80251723044908,0.2868936231860545,1.1498308664252743,0.016452093030631932,6.98896404417614
dup64,sgd,302,41,12288,764.988783721082,71.68693766978048,0.6466948868910576,2.59186570216833,0.05082524221601494,5.099563896129624,31.256248219010367,0.28196567692349056,1.1300803238448753,0.016226461102020532,6.9644287607737025
dup64,sgd,302,42,12288,764.988783721082,72.04009459813672,0.6498807501356303,2.6046342114650454,0.05137030087612825,5.070311380394148,30.813583771131928,0.2779723575775016,1.114075639625967,0.01678032838033327,6.639176626195683
dup64,sgd,302,43,12288,764.988783721082,71.6810575998324,0.6466418422040673,2.591653106232164,0.051800329744038275,5.00315947608507,31.8063210466101,0.28692793778425,1.149968394697029,0.01657224772322177,6.939121439064913
dup64,sgd,302,44,12288,764.988783721082,71.3368040944852,0.6435362976106036,2.5792065032335714,0.05222921827695443,4.938244508192492,32.118772620856554,0.28974659404206116,1.161265188020916,0.016591019436329624,6.999360060287041
dup64,sgd,302,45,12288,764.988783721082,71.78141693419396,0.6475471935901507,2.5952816322241987,0.05264695646778729,4.929594807274671,32.39889353113358,0.29227359221321875,1.1713930551527443,0.016500297067027325,7.09922403453904
dup64,sgd,302,46,12288,764.988783721082,70.92841521693222,0.6398521815420214,2.564441063959928,0.05310026417312301,4.829431837851259,32.593208650740344,0.29402652794154027,1.1784185846326263,0.017033422943839534,6.91827231976779
dup64,sgd,302,47,12288,764.988783721082,70.87502476156315,0.6393705410142169,2.5625107138209433,0.05348947771514373,4.790681874793209,34.19693800236552,0.30849392751760435,1.2364019667821775,0.01654131617077107,7.4746287055859035
dup64,sgd,302,48,12288,764.988783721082,73.18867556521212,0.6602422115501158,2.646161548403878,0.05379719544629491,4.918772301142556,31.18372744446306,0.28131145991244794,1.1274583104857654,0.016201521032503583,6.958965816998615
dup64,sgd,302,49,12288,764.988783721082,73.79252581252771,0.6656896037819576,2.6679939602230665,0.0542396418277579,4.918900402579139,33.19304050832405,0.2994376698859851,1.2001057101993597,0.01642145804227528,7.308155628506413
dup64,sgd,302,50,12288,764.988783721082,73.02362500736082,0.6587532743000322,2.6401940891438787,0.0546460535052872,4.8314451269357095,33.26342200541113,0.3000725882655037,1.2026503772516415,0.016355008293141307,7.353407321450208
dup64_half,adam,302,1,12288,191.2471959302705,1.4671841977722782,0.013235612367727969,0.10609309100317071,0.005205528957756585,2.0380847338306505,192.72450153798425,1.7385866069123697,13.936040281278723,0.12702851897453032,10.970796474508964
dup64_half,adam,302,2,12288,191.2471959302705,192.6524197388631,1.7379363499416467,13.930827997173262,0.12714455438801317,10.956684746921905,182.71764328662823,1.6483137583942005,13.212437529334606,0.15216586752463757,8.68291801852038
dup64_half,adam,302,3,12288,191.2471959302705,243.7446998410057,2.198844813542956,17.625345652602256,0.1996486282468608,8.828182696456564,184.4632302841854,1.6640608696900372,13.338662116858774,0.17402706672044638,7.664705478421777
dup64_half,adam,302,4,12288,191.2471959302705,266.8176255306525,2.4069879363227966,19.293764661352395,0.24941840019505349,7.735501729729655,177.72743261611126,1.6032965791139517,12.85159198887962,0.183578637861859,7.0005923012405775
dup64_half,adam,302,5,12288,191.2471959302705,264.3846650480978,2.38503996148638,19.117835627850866,0.28175053416565987,6.785376888268904,173.87192860378863,1.5685156997486995,12.572797861554974,0.18686971753483536,6.728108774077434
dup64_half,adam,302,6,12288,191.2471959302705,268.0655769027615,2.4182458278950265,19.384004877059272,0.3070869642422717,6.312220033464706,176.69330210646854,1.5939675864870857,12.776813305715457,0.18678370901412827,6.840432376652839
dup64_half,adam,302,7,12288,191.2471959302705,263.73163975652164,2.3791489563632684,19.07061492318968,0.329024529903217,5.796107338501274,172.4239680018006,1.5554535053216094,12.468094841887115,0.18364092785461564,6.789387849182413
dup64_half,adam,302,8,12288,191.2471959302705,263.1994369503041,2.3743479027158756,19.032130974931576,0.34933034695227555,5.448175671245559,180.6341225374048,1.6295181136219143,13.061776721516484,0.1883652562162288,6.934281291515124
dup64_half,adam,302,9,12288,191.2471959302705,282.9478493768803,2.5525002656932427,20.460152159948514,0.3694863925729184,5.537457554924892,177.19863956415733,1.5985262851937767,12.813354602280192,0.19310341025685165,6.635488511174831
dup64_half,adam,302,10,12288,191.2471959302705,270.7067462274057,2.4420720750912563,19.574989634078683,0.38712935978620755,5.056446673248701,163.47140281912178,1.4746915378504017,11.820728741516136,0.18977482798596107,6.228818050827372
dup64_half,adam,302,11,12288,191.2471959302705,272.6557863757868,2.4596545571901505,19.715926057838562,0.4042101713757929,4.8776422401079875,168.43907995679442,1.519505439923565,12.179944866827265,0.18685339938432666,6.5184497081453285
dup64_half,adam,302,12,12288,191.2471959302705,276.4936539353133,2.494276336387131,19.993444881220928,0.4200885596593997,4.759340482261944,176.55033998885824,1.5926779112201135,12.766475617389299,0.18753969443374868,6.807345855999171
dup64_half,adam,302,13,12288,191.2471959302705,284.7912543355394,2.5691298023980447,20.593450031021327,0.436516168453739,4.717683219837887,168.66728476039825,1.521564097810925,12.196446511973704,0.1903295619028587,6.408067349095557
dup64_half,adam,302,14,12288,191.2471959302705,273.9149433067419,2.4710135352063833,19.806976555155757,0.45097926288697016,4.3919927555782134,181.4694657490924,1.6370538265615011,13.122180959451308,0.19515489274474007,6.723982563232449
dup64_half,adam,302,15,12288,191.2471959302705,280.5374568604691,2.530755878690076,20.28585503148621,0.46466782983211463,4.36566805987312,172.24652479461523,1.5538527727679476,12.455263802433176,0.18695374386341632,6.662216837728951
dup64_half,adam,302,16,12288,191.2471959302705,286.33872523005977,2.583089688921708,20.70534870787893,0.4782706772412855,4.329211405413669,168.94717022838356,1.524088972034106,12.216685221244509,0.18694365690663278,6.534955731258652
dup64_half,adam,302,17,12288,191.2471959302705,292.71526334305344,2.640613063859752,21.166440532159896,0.49156452749237856,4.305933269867214,176.74193458416016,1.594406304832189,12.78032995337925,0.1937764801340004,6.595397926797612
dup64_half,adam,302,18,12288,191.2471959302705,290.1654236005461,2.617610709770267,20.98205987957648,0.5040783208910528,4.162460278491398,181.6426950725416,1.6386165452572035,13.134707290095422,0.18847948120564378,6.968773049499524
dup64_half,adam,302,19,12288,191.2471959302705,310.5398277359021,2.8014102052722363,22.455346952426485,0.5169322721145451,4.343963061267471,176.08792701374583,1.5885064384754584,12.733038219464664,0.19199147745210915,6.632085126091509
dup64_half,adam,302,20,12288,191.2471959302705,299.04207125217795,2.6976878177573154,21.623936331447744,0.5285742153876737,4.090993412455437,179.11532400891073,1.615816883320807,12.951951363021166,0.192764336362963,6.719059971048517
dup64_half,adam,302,21,12288,191.2471959302705,306.60686271584854,2.7659305425684657,22.17095156674936,0.5399091042997617,4.106422986792213,176.94593328943458,1.5962465971353847,12.795081239029727,0.1926552301351016,6.641439856087496
dup64_half,adam,302,22,12288,191.2471959302705,298.9584215335479,2.6969332054515545,21.61788756318505,0.5516156889165814,3.919012456959729,174.50939942509777,1.5742663864718769,12.618893811851947,0.18660473821562967,6.7623651642062175
dup64_half,adam,302,23,12288,191.2471959302705,307.7392212116431,2.7761456594804366,22.25283318265345,0.5624533823644606,3.9563871212057142,184.1220800441425,1.6609833199568673,13.313993310094375,0.19630013610798164,6.782467691601883
dup64_half,adam,302,24,12288,191.2471959302705,303.6837827046531,2.739561151453989,21.959581655522,0.5729615355230496,3.8326450021597633,180.79462352765825,1.6309660087770397,13.073382657697442,0.18969352892358904,6.891844298475552
dup64_half,adam,302,25,12288,191.2471959302705,316.1545244595671,2.8520609344101437,22.86134950572787,0.5839278612363665,3.915098255000696,189.00518575651,1.7050342949180668,13.667094017903876,0.1929612932852311,7.082816343742826
dup64_half,adam,302,26,12288,191.2471959302705,317.3220139673123,2.8625929716222176,22.94577146909043,0.5942920937433536,3.8610258676938773,177.34836376213977,1.599876961850173,12.824181261254603,0.1945581551032152,6.591438562136467
dup64_half,adam,302,27,12288,191.2471959302705,308.19287129714,2.780238081339492,22.285636930047474,0.6043895174421159,3.687297063715509,184.93708924760557,1.6683355978164207,13.37292718201224,0.19297914863212115,6.92972648952102
dup64_half,adam,302,28,12288,191.2471959302705,317.4665404481584,2.8638967591631794,22.95622227759018,0.6134828916861541,3.7419498715759034,192.3599436812366,1.7352978947759876,13.909678853769774,0.19136041754937716,7.268838055383438
dup64_half,adam,302,29,12288,191.2471959302705,321.17217261470296,2.897325629926808,23.22417906942751,0.6234010768267974,3.725399254624644,193.72979543627147,1.747655461643476,14.00873376938871,0.19377718352000536,7.229299918038319
dup64_half,adam,302,30,12288,191.2471959302705,329.4036272277541,2.971582388312234,23.819401172198855,0.6333578224326409,3.7608126604818404,187.2329390591655,1.6890466838589686,13.538941649287224,0.1987310278517247,6.812696434795663
dup64_half,adam,302,31,12288,191.2471959302705,327.25102583869733,2.952163560321142,23.663745096152297,0.6423532268151296,3.683914722975738,186.3694015955284,1.6812566278107468,13.476498665745414,0.19454068960661508,6.927341880506609
dup64_half,adam,302,32,12288,191.2471959302705,334.8614304767897,3.020817766046839,24.214058651236947,0.6519606892478156,3.714036605362411,192.10234079602344,1.7329740339147088,13.891051413271782,0.196379112020183,7.073589074913487
dup64_half,adam,302,33,12288,191.2471959302705,334.3994935735992,3.0166505879936256,24.180655678398008,0.660256057912434,3.6623148532481853,183.07161821439468,1.6515070008915806,13.238033698023845,0.19303500638005436,6.857840941015808
dup64_half,adam,302,34,12288,191.2471959302705,330.16854699204,2.9784828044344045,23.874713042573227,0.6690747203155043,3.56831790495911,190.08913771434544,1.7148127317093935,13.745475324000488,0.1934871256523193,7.104077481981926
dup64_half,adam,302,35,12288,191.2471959302705,333.03518481265985,3.004343025018843,24.08200158046638,0.67727613947019,3.5557138627834886,186.2235522231931,1.6799409063360762,13.465952198058933,0.19832319229151696,6.789902906698483
dup64_half,adam,302,36,12288,191.2471959302705,328.31497531626826,2.961761552778638,23.740680009245075,0.6854208244323319,3.4636648264819203,181.69846734161027,1.639119672359705,13.1387402209481,0.1978639524909924,6.640289984880511
dup64_half,adam,302,37,12288,191.2471959302705,337.68283816036137,3.046269961134398,24.41807656704105,0.6938174129020941,3.5193807640118617,187.69611786637788,1.6932250652500156,13.572434425053851,0.19409387959897584,6.992716335567269
dup64_half,adam,302,38,12288,191.2471959302705,346.96037337888043,3.129963515131714,25.088941472564137,0.7025150373249476,3.5713031237165214,188.75489875952056,1.70277643140109,13.648995594277975,0.19839176231568925,6.879819723844745
dup64_half,adam,302,39,12288,191.2471959302705,342.1962445765327,3.0869858425303156,24.74444406634497,0.7100248045507704,3.4850112147843437,196.99357211110325,1.7770983107339284,14.244739688960847,0.1960040970774648,7.267572413719003
dup64_half,adam,302,40,12288,191.2471959302705,347.24948144510205,3.132571587316994,25.109847074209775,0.7182368746335219,3.4960398109637567,188.32282357130717,1.698878638803822,13.61775194243594,0.20260619684184017,6.721290935176243
dup64_half,adam,302,41,12288,191.2471959302705,336.39125011359954,3.0346184188456475,24.324680953598804,0.725973792078213,3.3506279729417807,187.0231875267404,1.6871544947385224,13.523774372777964,0.190207634890845,7.110006062868555
dup64_half,adam,302,42,12288,191.2471959302705,349.1237507205762,3.1494795540471325,25.24537676510288,0.7334833355516744,3.4418473524166826,196.48697552825288,1.772528253335816,14.20810734419606,0.1969862999571097,7.21273882868485
dup64_half,adam,302,43,12288,191.2471959302705,340.5023117261407,3.071704708355894,24.621954625467147,0.741130266168808,3.322216855715211,187.05952783660496,1.6874823242335653,13.526402165394186,0.19639347514908126,6.887398960238555
dup64_half,adam,302,44,12288,191.2471959302705,346.32291811305674,3.1242129687360944,25.042846647094937,0.7484590110566754,3.3459209224750213,189.98158825684797,1.7138425175181848,13.737698349303688,0.19455497608939024,7.061088143534177
dup64_half,adam,302,45,12288,191.2471959302705,345.212722875898,3.1141977887513033,24.96256767155389,0.7557449574512501,3.303041247637318,193.4226705424868,1.7448848578918916,13.986525358641709,0.1965054386466008,7.117627611210978
dup64_half,adam,302,46,12288,191.2471959302705,346.33626781286324,3.1243333976857333,25.043811973001926,0.7628111639896414,3.283094579006713,190.06477434512647,1.7145929473691288,13.743713592139134,0.198927943065084,6.908890415482029
dup64_half,adam,302,47,12288,191.2471959302705,346.5005533855551,3.1258154339297586,25.055691574922783,0.7698414431590882,3.254656111017527,192.3552913738569,1.7352559258553935,13.909342442246968,0.1954820429303076,7.115406731863278
dup64_half,adam,302,48,12288,191.2471959302705,339.5409449470667,3.0630321244701384,24.552437537336978,0.7750444320277449,3.167874836943291,194.0414604751709,1.7504670224888759,14.031270481128566,0.19674131677728143,7.131837232243642
dup64_half,adam,302,49,12288,191.2471959302705,348.8616573896447,3.1471151844351617,25.226424617409318,0.7820815955142164,3.225548940430316,198.7517556383328,1.7929590565578464,14.371875140145411,0.19682301549971462,7.301928132569562
dup64_half,adam,302,50,12288,191.2471959302705,363.2951929041601,3.277321522164279,26.270123424392143,0.7891785361846732,3.3287934503891217,201.75241193906965,1.8200282709793458,14.588854645831663,0.19728312510837376,7.394882171405969
dup64_half,sgd,302,1,12288,191.2471959302705,1.4671841977722782,0.013235612367727969,0.10609309100317071,0.005205528957756585,2.0380847338306505,15.56992964536385,0.14045786050022427,1.1258722424128358,0.012783236124939737,8.80741176497781
dup64_half,sgd,302,2,12288,191.2471959302705,15.941859233892954,0.1438130737511128,1.1527667248796614,0.01390546226535527,8.290028068694411,17.83809830772501,0.16091923218431317,1.289885066891042,0.012549526194157565,10.278356703949097
dup64_half,sgd,302,3,12288,191.2471959302705,25.0894991838506,0.22633482980670375,1.81423881485219,0.018561365008088634,9.77427475868065,17.306650760504397,0.15612499180231337,1.2514557319266264,0.013029728237779757,9.604618830790537
dup64_half,sgd,302,4,12288,191.2471959302705,30.57882334428261,0.27585456077068093,2.2111755925130194,0.02239148908437377,9.875071658615688,16.75596167761498,0.15115717164221973,1.2116350283815986,0.013454182587404167,9.005638361976251
dup64_half,sgd,302,5,12288,191.2471959302705,33.84275849736946,0.30529883950899617,2.4471929717559746,0.025246159821041753,9.693327575769876,18.52497353613544,0.16711560090341393,1.3395534835944247,0.013884820846390696,9.647610858030166
dup64_half,sgd,302,6,12288,191.2471959302705,38.03544884466236,0.3431215098314696,2.7503692731630194,0.027801541113656174,9.892866233275221,17.01102446928805,0.15345811807085571,1.230078792981559,0.01431014854127712,8.595849228492911
dup64_half,sgd,302,7,12288,191.2471959302705,39.10644385420146,0.35278306072300314,2.827813653482476,0.02958220037589841,9.55917280509799,17.690999067273637,0.15959223552693522,1.2792482203877873,0.01505962424859708,8.494556034536913
dup64_half,sgd,302,8,12288,191.2471959302705,38.81250399533308,0.3501314004629528,2.8065586616118354,0.030791849252406276,9.114615489982345,15.500955337587047,0.13983563651331637,1.1208846631280018,0.015142348094786304,7.402317369219217
dup64_half,sgd,302,9,12288,191.2471959302705,39.40357297632295,0.3554634916392675,2.849299263156293,0.03184880958120751,8.94632892287921,15.341458489425596,0.13839679982236466,1.1093513371472525,0.015710108655367067,7.061385516059199
dup64_half,sgd,302,10,12288,191.2471959302705,39.83311049595425,0.3593383916796765,2.8803594144506657,0.03285252754775876,8.767542802493344,15.07252482908302,0.135970722928725,1.0899045605640105,0.016111578372378935,6.764728665147424
dup64_half,sgd,302,11,12288,191.2471959302705,38.41673889145367,0.3465611646932553,2.7779406167572693,0.033826890312586386,8.21222580936932,15.768258514338775,0.1422470046547672,1.140213538329641,0.016568044700164562,6.882004237460295
dup64_half,sgd,302,12,12288,191.2471959302705,37.82807663692456,0.3412507848320967,2.735374047246287,0.03461380846028077,7.902551521844583,15.847556708578749,0.14296236143274688,1.1459476448928543,0.017000434509330545,6.74069621140513
dup64_half,sgd,302,13,12288,191.2471959302705,37.87639107193212,0.34168663408299293,2.7388676970264623,0.0351448229630659,7.793090037485095,16.146824656668315,0.14566208690758028,1.167587914532622,0.016676007333288858,7.001603508544088
dup64_half,sgd,302,14,12288,191.2471959302705,38.09285827498751,0.34363940592603603,2.7545205882638597,0.035901793242627836,7.672376055559509,17.2707685670043,0.1558012950198697,1.2488610660174793,0.016722000312698947,7.468371263389314
dup64_half,sgd,302,15,12288,191.2471959302705,39.13145559012776,0.35300869404284607,2.829622269183085,0.03636330782187963,7.7815315455996945,14.965179511423946,0.13500235030299512,1.0821423473582927,0.016825874335723936,6.431418217956953
dup64_half,sgd,302,16,12288,191.2471959302705,39.74576378955918,0.3585504284851449,2.8740433144787128,0.037129368600202606,7.74061995350772,16.51594660615031,0.1489919721715995,1.1942793747031462,0.01710253009484595,6.9830567061130715
dup64_half,sgd,302,17,12288,191.2471959302705,39.622005239489326,0.35743399048206137,2.865094249231883,0.03763823252205057,7.612191267359198,16.507545859792117,0.148916188215798,1.1936719109987062,0.017017598299710685,7.014338274861029
dup64_half,sgd,302,18,12288,191.2471959302705,39.36693573360319,0.3551329834838516,2.846649999122592,0.03805880688670316,7.47960914170734,16.24654161437902,0.14656164335097163,1.1747985158225107,0.016854741042621576,6.970136846669602
dup64_half,sgd,302,19,12288,191.2471959302705,39.61783170114098,0.35739634058379743,2.864792457824595,0.038536978386115917,7.433879296713935,15.103569975334857,0.1362507842341239,1.0921494562843324,0.016772789856537493,6.5114358769519045
dup64_half,sgd,302,20,12288,191.2471959302705,39.27059532832049,0.3542638872506671,2.8396835586439804,0.039065903499892675,7.268956568870299,14.718913334709612,0.13278075899958386,1.064334671991541,0.016842756253336196,6.319242860150747
dup64_half,sgd,302,21,12288,191.2471959302705,38.71691387735698,0.3492690726450564,2.7996464749205936,0.039442475113853105,7.098049670664033,15.959964692153832,0.14397640486362404,1.1540759429272944,0.01679071307810901,6.87329917174231
dup64_half,sgd,302,22,12288,191.2471959302705,39.07769758788343,0.35252373783867635,2.8257349913396372,0.040014295284074713,7.061813712521514,17.614296561651052,0.15890029471023648,1.2737018098406019,0.016475406851022122,7.730927808690699
dup64_half,sgd,302,23,12288,191.2471959302705,39.69973564488118,0.3581352040832677,2.870714987913143,0.04058934832838843,7.072582108703991,16.02849391612848,0.144594613705954,1.1590313378985313,0.01661055100836198,6.977681458700913
dup64_half,sgd,302,24,12288,191.2471959302705,40.31179073072423,0.36365661296717966,2.914973109026971,0.04097947509940115,7.113251455652659,15.381274559404725,0.13875598448987284,1.1122304643502978,0.016708979678333395,6.656483434428565
dup64_half,sgd,302,25,12288,191.2471959302705,40.16455451014848,0.3623283805986816,2.9043263573974043,0.04146298102410959,7.004625055078933,16.300881520153204,0.14705184896388515,1.1787278715074736,0.016941108940593273,6.957796420770759
dup64_half,sgd,302,26,12288,191.2471959302705,40.15339273104313,0.362227689096008,2.903519241530031,0.041799512848484724,6.9462992357225195,16.37309484854809,0.14770329247307054,1.183949666584515,0.016688934960924613,7.094219429559819
dup64_half,sgd,302,27,12288,191.2471959302705,40.10030549708269,0.3617487839582331,2.8996804673991323,0.04218178431624783,6.87424800634196,16.842245891954445,0.1519355499918401,1.217874298827636,0.01657781957286056,7.346408214150249
dup64_half,sgd,302,28,12288,191.2471959302705,40.91907550164459,0.3691349883728926,2.9588862854119946,0.04244328055329323,6.97138922071944,15.698400208723251,0.14161680603676324,1.1351620365575743,0.016232230665241452,6.993259644765458
dup64_half,sgd,302,29,12288,191.2471959302705,41.14318712161693,0.3711567212497606,2.975091949655581,0.04292303112088482,6.93122520000226,16.5474011217077,0.149275726437604,1.1965538721974334,0.01653648320990081,7.235842452166773
dup64_half,sgd,302,30,12288,191.2471959302705,40.78435291622322,0.367919642732909,2.949144403283633,0.04311339218219052,6.840436936209996,15.932475074830936,0.1437284183329788,1.1520881499312217,0.016557191768480254,6.958234017222893
dup64_half,sgd,302,31,12288,191.2471959302705,41.12208895152032,0.37096639259062486,2.97356632657195,0.043619360331511606,6.817079168453048,16.430351732531427,0.1482198124321446,1.188089950955234,0.016371856542256327,7.256904236173416
dup64_half,sgd,302,32,12288,191.2471959302705,41.81488128435641,0.3772161400883659,3.023662613136022,0.04417113064059351,6.845336692281224,16.068547169544985,0.14495593802848433,1.1619276159978609,0.016595917237058617,7.001285915088087
dup64_half,sgd,302,33,12288,191.2471959302705,41.675279203793046,0.37595677604473016,3.01356789138266,0.04450931689644388,6.770645117726874,17.230709594497217,0.15543991910486307,1.2459643743668056,0.016718023142819262,7.452821208122165
dup64_half,sgd,302,34,12288,191.2471959302705,41.58522129082502,0.3751443547901247,3.007055742212447,0.04501601741556424,6.679968408695258,16.697177273071883,0.15062687177054615,1.207384287956349,0.016691769292479734,7.233411071049974
dup64_half,sgd,302,35,12288,191.2471959302705,41.369189258287655,0.3731955086629524,2.9914343184523036,0.04518247323271446,6.6207847964514475,15.898424176564436,0.14342124184422395,1.1496259062306606,0.016571667288612264,6.937297775828881
dup64_half,sgd,302,36,12288,191.2471959302705,41.1673060272598,0.37137430026015855,2.97683600418885,0.045412194329214714,6.5551468017782675,15.379439873964142,0.13873943361279473,1.11209779699353,0.01625623873645365,6.841052318576724
dup64_half,sgd,302,37,12288,191.2471959302705,40.37606337555931,0.36423642279213375,2.9196207078546137,0.04580475274734425,6.374056255600884,15.391634264182125,0.1388494404014659,1.1129795816754322,0.016586584533848994,6.710119129131885
dup64_half,sgd,302,38,12288,191.2471959302705,40.39058280669939,0.3643674040027151,2.920670617832923,0.0463242613431827,6.304840127284065,16.699509225654754,0.15064790854322518,1.2075529130396652,0.016827259422880655,7.176171013312544
dup64_half,sgd,302,39,12288,191.2471959302705,40.02666224326669,0.361084440951754,2.894355273438665,0.04670504102020013,6.197093954348191,16.698514763228424,0.1506389374002636,1.2074810027826872,0.016809492709685455,7.183328037537678
dup64_half,sgd,302,40,12288,191.2471959302705,40.9749772582345,0.3696392835950076,2.9629285795957347,0.04703934424990416,6.298830536103343,16.617298904709543,0.149906281184977,1.2016082286062564,0.016435078157215666,7.311241340697256
dup64_half,sgd,302,41,12288,191.2471959302705,40.319793051143634,0.36372880268355906,2.915551762279767,0.04732840457986247,6.160257858174858,15.708625389622505,0.14170904839527412,1.135901426369239,0.016321055143293555,6.959730338488499
dup64_half,sgd,302,42,12288,191.2471959302705,41.094292288946974,0.37071563617469844,2.971556330924194,0.04770947438384441,6.228440722311616,16.551662466664368,0.14931416844788278,1.1968620129605154,0.016825584796667813,7.113345701942826
dup64_half,sgd,302,43,12288,191.2471959302705,41.25210680736916,0.3721392964042778,2.9829680064929525,0.04797642885572395,6.2175699143081635,16.91272339106384,0.15257133441500606,1.2229705749039748,0.01645240304792436,7.433385696554918
dup64_half,sgd,302,44,12288,191.2471959302705,41.05003282177113,0.3703163671858209,2.9683558986363,0.04826753230049384,6.149798336812694,15.928030183149737,0.14368832052971853,1.1517667367791793,0.01656192157095635,6.954306188715226
dup64_half,sgd,302,45,12288,191.2471959302705,40.887481648238456,0.3688499771265056,2.956601712302737,0.04865524962533053,6.076634556538157,16.02288112253882,0.1445439801451744,1.1586254729621492,0.016628288684749137,6.967797438017771
dup64_half,sgd,302,46,12288,191.2471959302705,42.15336099753104,0.3802695987370628,3.04813831227938,0.04908802130459973,6.209535913792798,16.28424235972533,0.14690174546775822,1.1775246824572023,0.016585106518126037,7.0998921904437164
dup64_half,sgd,302,47,12288,191.2471959302705,41.75987377149916,0.3767199119265599,3.0196849823271,0.04933697637508894,6.120531098966554,15.589516542375142,0.14063455581681894,1.1272885843079052,0.016690809310147547,6.75394801630467
dup64_half,sgd,302,48,12288,191.2471959302705,41.9360284768877,0.37830902077929573,3.0324228493364362,0.049541812787955684,6.1209363943050175,15.632694277102708,0.1410240663913183,1.1304107957839544,0.01613875325061418,7.0043254161589905
dup64_half,sgd,302,49,12288,191.2471959302705,42.668442732200624,0.3849162015209088,3.085384224165116,0.049850971775819396,6.189215805140445,15.756878848948489,0.14214434757857392,1.1393906669562508,0.01636571695613821,6.962057757750144
dup64_half,sgd,302,50,12288,191.2471959302705,42.25268007811726,0.3811655658919397,3.055320142802762,0.05014674401320077,6.092758768143494,15.25919713328611,0.1376547120706297,1.1034029623241035,0.016181707282111064,6.818829083281709
gray32,adam,302,1,1024,57.8887945874238,1.3334282783826596,0.041669633699458114,0.17525580333634383,0.018016724703812246,0.9727395307275835,41.51652127095124,1.2973912897172262,5.456619906018625,0.16053322089789385,3.3990596310836336
gray32,adam,302,2,1024,57.8887945874238,41.64249076833347,1.3013278365104208,5.473176391146101,0.1618099165221535,3.382472785836191,38.62954669928237,1.2071733343525741,5.077177639815068,0.1700079200982806,2.9864359477370117
gray32,adam,302,3,1024,57.8887945874238,56.47256408085352,1.7647676275266726,7.4223299032307715,0.23674130928744327,3.1352069166006133,39.25742246855763,1.2267944521424259,5.159700917687372,0.21036971124358683,2.4526824166778267
gray32,adam,302,4,1024,57.8887945874238,60.7753662755497,1.8992301961109281,7.987857924088041,0.2970603327741212,2.688968213794418,35.743128779736594,1.1169727743667686,4.6978085357879795,0.22157950614395427,2.1201457741023844
gray32,adam,302,5,1024,57.8887945874238,59.75316028101805,1.867286258781814,7.85350684150551,0.3275948527631642,2.3973230272892074,32.92487762664088,1.0289024258325274,4.32739875983929,0.2225308075882281,1.9446290636066563
gray32,adam,302,6,1024,57.8887945874238,58.17893730540758,1.8180917907939869,7.646602790726133,0.3507124186589503,2.1803056817791386,32.57270864399413,1.0178971451248167,4.281112312368145,0.22396142250130055,1.9115400610313968
gray32,adam,302,7,1024,57.8887945874238,56.07979743806554,1.7524936699395481,7.3707076040629325,0.37041169329221707,1.989869039649403,33.7261529567745,1.053942279899203,4.432712374341669,0.22520120196018395,1.9683342432272548
gray32,adam,302,8,1024,57.8887945874238,56.425350404994695,1.7632922001560842,7.416124492092246,0.38784315687342025,1.9121452475472283,33.297085679094586,1.0405339274717058,4.376318992219656,0.2216402940838091,1.9745141605726408
gray32,adam,302,9,1024,57.8887945874238,57.85619628681574,1.8080061339629918,7.6041841339450515,0.40392194779459695,1.8825875086668833,33.65921357213182,1.0518504241291193,4.42391436411451,0.22686496442746742,1.9500209630336773
gray32,adam,302,10,1024,57.8887945874238,55.5058709818907,1.7345584681840844,7.295275018926143,0.4220531561152284,1.7285204276340955,33.02390801291583,1.0319971254036198,4.3404145704252,0.2236882311242739,1.9403857541409086
gray32,adam,302,11,1024,57.8887945874238,56.83463168697452,1.7760822402179537,7.469917351465908,0.4367060127947547,1.7105139688050637,32.18630858917818,1.0058221434118182,4.230326789731627,0.22990556872047152,1.840027978998207
gray32,adam,302,12,1024,57.8887945874238,56.29608110299386,1.7592525344685581,7.399134305416166,0.45082038475509906,1.6412599242679826,33.31087564903076,1.0409648640322113,4.378131442351642,0.22231984316787878,1.9692940494949949
gray32,adam,302,13,1024,57.8887945874238,56.991695925257176,1.7809904976642867,7.490560695920118,0.4647438128320001,1.611761251919641,32.8742034265538,1.0273188570798062,4.320738523373135,0.23160721960397784,1.8655456987744632
gray32,adam,302,14,1024,57.8887945874238,55.902613139321815,1.7469566606038067,7.347419829895894,0.4789802183217925,1.5339714561989883,31.96131810551497,0.9987911907973428,4.200755729482886,0.2296093150081959,1.829523218312349
gray32,adam,302,15,1024,57.8887945874238,56.25892204549478,1.7580913139217118,7.394250397838383,0.4909360657908057,1.5061534307787383,31.738413777530884,0.9918254305478401,4.171458857876576,0.22415774959716078,1.860947866122498
gray32,adam,302,16,1024,57.8887945874238,57.01590504736208,1.781747032730065,7.493742561200274,0.5055500410654117,1.4822949169201391,32.910938432154495,1.028466826004828,4.325566696752601,0.23091263085998814,1.873248198092451
gray32,adam,302,17,1024,57.8887945874238,55.89500385556702,1.7467188704864693,7.3464197227593635,0.5175527653571662,1.4194532837032676,32.4564876551436,1.0142652392232374,4.265837098023471,0.2323961320526692,1.835588682283525
gray32,adam,302,18,1024,57.8887945874238,57.14946472868494,1.7859207727714044,7.51129664312808,0.5272616217700229,1.424586264767873,34.099237128388694,1.0656011602621467,4.481747757247772,0.22696226264173094,1.9746664952500899
gray32,adam,302,19,1024,57.8887945874238,58.68559633460657,1.8339248854564554,7.7131942502139905,0.5402644531650953,1.427670135435872,34.11511879336211,1.0660974622925659,4.483835124073838,0.2262782708663779,1.9815579758966948
gray32,adam,302,20,1024,57.8887945874238,59.46978283321968,1.858430713538115,7.816261836981124,0.5523942858104925,1.4149787638575635,34.273947765897105,1.0710608676842845,4.504710411950941,0.2333623286244843,1.9303503005404565
gray32,adam,302,21,1024,57.8887945874238,59.23944885544328,1.8512327767326024,7.785988467977865,0.5624663545816722,1.3842585257865963,34.515814446364814,1.0786192014489004,4.536499552824027,0.2346476896987115,1.9333237666430507
gray32,adam,302,22,1024,57.8887945874238,59.56067495221741,1.861271092256794,7.82820801480721,0.5728328887710322,1.3665779616114593,32.96057036569858,1.0300178239280806,4.3320899455282715,0.23068923635163194,1.8778899328120413
gray32,adam,302,23,1024,57.8887945874238,61.45461690922341,1.9204567784132316,8.077133528483948,0.5834199242384727,1.3844459527203983,33.552231192620404,1.0485072247693876,4.409853403230398,0.2305509399058772,1.9127457927652467
gray32,adam,302,24,1024,57.8887945874238,59.443451847593785,1.8576078702373058,7.812801089887849,0.5923980580030157,1.3188431299428867,34.52131784055701,1.0787911825174066,4.537222877644616,0.2240067354734322,2.0254850230531316
gray32,adam,302,25,1024,57.8887945874238,61.76765893476991,1.9302393417115598,8.11827742242606,0.603869327931486,1.344376514408287,36.08367216921613,1.127614755288004,4.74256700256244,0.2332194018116015,2.0335216391617212
gray32,adam,302,26,1024,57.8887945874238,63.44910082838595,1.982784400887061,8.33927352293361,0.6144739517426061,1.3571402822339336,35.55163177124252,1.1109884928513287,4.672639606491803,0.23375410402166025,1.9989551097074316
gray32,adam,302,27,1024,57.8887945874238,62.35348938638768,1.948546543324615,8.195274579364787,0.6254478112750465,1.3103051016611262,33.358460491890305,1.042451890371572,4.384385636894522,0.23439808582047975,1.8704869630430452
gray32,adam,302,28,1024,57.8887945874238,62.38346549072482,1.9494832965851505,8.19921441349885,0.635380294398097,1.2904420369640297,33.88949484292347,1.0590467138413584,4.454180805707346,0.23162564138874986,1.9230085145157367
gray32,adam,302,29,1024,57.8887945874238,62.24689845329194,1.9452155766653731,8.181265067259101,0.643829142872635,1.2707199041590376,34.045567838818954,1.0639239949630923,4.474693868703093,0.23644135660393342,1.8925174229137594
gray32,adam,302,30,1024,57.8887945874238,62.9260475257896,1.966438985180925,8.270527323216413,0.653487969268448,1.265597487965221,34.173466340155386,1.0679208231298558,4.491503887629959,0.24041861711340037,1.8682013654173093
gray32,adam,302,31,1024,57.8887945874238,62.34292821676116,1.9482165067737862,8.19388649850804,0.6628102263094402,1.236234169791254,35.66131008765809,1.1144159402393152,4.687054901085151,0.23611264693129136,1.985092692831944
gray32,adam,302,32,1024,57.8887945874238,61.89017523935384,1.9340679762298074,8.134380045814023,0.6718502032483835,1.2107431100689474,34.41722263806723,1.075538207439601,4.5235413856352125,0.2291120953298484,1.9743791261315793
gray32,adam,302,33,1024,57.8887945874238,63.79288368430784,1.99352761513462,8.384457760859725,0.6816587292421126,1.2300081259403517,35.16403570694695,1.098876115842092,4.6216968893473025,0.23976302126592575,1.927610381678203
gray32,adam,302,34,1024,57.8887945874238,62.87664652250162,1.9648952038281757,8.264034426180093,0.6904718501341137,1.1968676817997619,34.05896154844457,1.0643425483888929,4.476454237354445,0.24026029916035396,1.8631685105689395
gray32,adam,302,35,1024,57.8887945874238,63.88724548118459,1.9964764212870185,8.396859967100585,0.6979715796685921,1.2030375178152017,35.510414428613295,1.1097004508941655,4.667222308380624,0.23814614376145316,1.9598143537674495
gray32,adam,302,36,1024,57.8887945874238,63.8980075959916,1.9968127373747375,8.39827445868343,0.7064337799684713,1.188826850700465,35.53458373852313,1.1104557418288479,4.6703989410447155,0.23883821292430632,1.955465536214207
gray32,adam,302,37,1024,57.8887945874238,63.48886615570809,1.9840270673658778,8.344499979052589,0.7145123435450965,1.1678594574938823,34.42651993724088,1.0758287480387776,4.524763352847062,0.2417381252644738,1.8717624073144195
gray32,adam,302,38,1024,57.8887945874238,64.9853870686624,2.0307933458957,8.541191453998332,0.7231931653948521,1.181038740781652,35.243718930987654,1.1013662165933642,4.632169854161445,0.2369899505197968,1.9545849281801084
gray32,adam,302,39,1024,57.8887945874238,65.85682640848549,2.0580258252651715,8.6557268992379,0.731226208066072,1.1837276623509352,37.353510869993286,1.1672972146872902,4.909465069162776,0.2400712766528954,2.0450031080815534
gray32,adam,302,40,1024,57.8887945874238,67.29016891374285,2.102817778554464,8.844114678533906,0.7396856669949413,1.195658517281286,35.16892060297122,1.0990287688428506,4.622338923411546,0.23675114382402496,1.952404051254464
gray32,adam,302,41,1024,57.8887945874238,68.85243121699314,2.1516384755310356,9.049446708322796,0.7477151337029008,1.2102799984142796,36.46910147500754,1.1396594210939857,4.7932249372342435,0.23764989264651548,2.0169270365982315
gray32,adam,302,42,1024,57.8887945874238,69.17101210390803,2.161594128247126,9.091318588624894,0.7548893582632047,1.2043246456065495,37.2896661795019,1.1653020681094344,4.901073802304089,0.2444273749123308,2.005124754975569
gray32,adam,302,43,1024,57.8887945874238,68.75132507584563,2.148478908620176,9.036158076098394,0.7626363669861955,1.1848580093036603,36.14749899318439,1.1296093435370123,4.750955921179446,0.24359187842518557,1.9503753375909894
gray32,adam,302,44,1024,57.8887945874238,68.23476150812691,2.132336297128966,8.968264838417369,0.7697175353646651,1.1651371349060562,37.6715752960409,1.177236728001278,4.95126906972537,0.24014758898556957,2.0617608907257825
gray32,adam,302,45,1024,57.8887945874238,69.5258448422588,2.1726826513205877,9.137955140149906,0.7777921221531213,1.1748582789516797,37.28362530151937,1.1651132906724804,4.900279834648799,0.24220430681386457,2.0232009492773773
gray32,adam,302,46,1024,57.8887945874238,69.7094509601871,2.178420342505847,9.162086950024241,0.7860476082116901,1.165589317276671,35.70818566607353,1.115880802064798,4.6932158752336965,0.24634854486509591,1.9051120751712862
gray32,adam,302,47,1024,57.8887945874238,67.15295460633493,2.0985298314479666,8.826080259987464,0.7929768684660252,1.1130312384850622,36.10413890188863,1.1282543406840198,4.7452569962683935,0.2371453142299028,2.0009912536867835
gray32,adam,302,48,1024,57.8887945874238,67.44911585232828,2.1077848703852586,8.865005470983148,0.8001918779784252,1.1078599664594653,36.01428382807169,1.1254463696272403,4.73344711987614,0.2371395680519511,1.9960596026889807
gray32,adam,302,49,1024,57.8887945874238,70.37499877335128,2.1992187116672275,9.2495615585546,0.8081080925000804,1.1445945962425417,37.16998617620434,1.1615620680063856,4.885343961066096,0.24153113074102076,2.0226560220530554
gray32,adam,302,50,1024,57.8887945874238,70.55354515420753,2.204798286068985,9.27302835456984,0.816870171330712,1.135189982450177,37.079501361678325,1.1587344175524477,4.873451316282282,0.23835498631301955,2.0446189910548904
gray32,sgd,302,1,1024,57.8887945874238,1.3334282783826596,0.041669633699458114,0.17525580333634383,0.018016724703812246,0.9727395307275835,9.771475215985385,0.3053586004995433,1.2842893513821572,0.050256046494759586,2.5554922063279997
gray32,sgd,302,2,1024,57.8887945874238,10.219317658942856,0.31935367684196425,1.34315040028973,0.05405145506087464,2.4849477202362587,11.159122049835496,0.34872256405735924,1.4666712346496313,0.04706258920395496,3.116426995322174
gray32,sgd,302,3,1024,57.8887945874238,15.600042589455946,0.4875013309204983,2.050352493958203,0.07101377203041541,2.8872603656091256,10.436351900461124,0.32613599688941014,1.3716757517956344,0.04427170447571117,3.0983124956216184
gray32,sgd,302,4,1024,57.8887945874238,18.9332926815176,0.591665396297425,2.4884498645297644,0.08201189409049807,3.034254838430902,9.733297258100963,0.3041655393156551,1.27927152718625,0.04392498107972308,2.912400861059893
gray32,sgd,302,5,1024,57.8887945874238,20.751584046035024,0.6484870014385945,2.7274324322120354,0.09069220937379112,3.007350301690002,9.442780265568231,0.29508688329900723,1.2410881544960157,0.04739710504175869,2.6184893642819933
gray32,sgd,302,6,1024,57.8887945874238,20.77493329625877,0.6492166655080865,2.730501282386885,0.09698508080856418,2.8153827986971898,9.491008231780253,0.2965940072431329,1.2474268763446463,0.04775671636815746,2.6120449042773544
gray32,sgd,302,7,1024,57.8887945874238,21.1675773162846,0.6614867911338937,2.7821074649393527,0.1026055788963812,2.7114582802061213,9.929019223809776,0.3102818507440555,1.304995753143473,0.041119079085964946,3.1736988817653344
gray32,sgd,302,8,1024,57.8887945874238,23.25704225958788,0.7267825706121213,3.0567310522131312,0.10619905555051698,2.878303424044199,9.786316322818193,0.3058223850880685,1.2862399550573238,0.040587862876741695,3.1690260681214273
gray32,sgd,302,9,1024,57.8887945874238,24.598649856651704,0.7687078080203658,3.233061883797676,0.108814745539456,2.971161553307474,9.37297352847971,0.29290542276499093,1.231913280987576,0.04178921656463826,2.9479214550052424
gray32,sgd,302,10,1024,57.8887945874238,25.91113153401902,0.8097228604380944,3.4055646231352856,0.11157160832795474,3.052357740622447,8.969917672268151,0.2803099272583797,1.178938644844826,0.042721441157026065,2.7595947442679734
gray32,sgd,302,11,1024,57.8887945874238,26.34921310640896,0.82341290957528,3.4631427764868636,0.11405613790135154,3.036349327803976,9.219820178846213,0.28811938058894415,1.2117839543797537,0.04324621298958647,2.802057962096119
gray32,sgd,302,12,1024,57.8887945874238,26.756934358957785,0.8361541987174308,3.516730597302704,0.1158794869037872,3.034817197820859,8.921967405399997,0.2788114814187499,1.1726364217133627,0.04475482230302998,2.6201342366495624
gray32,sgd,302,13,1024,57.8887945874238,26.70406815654308,0.8345021298919713,3.5097822605051907,0.11725962641443076,2.9931719619339106,8.967943431163759,0.28024823222386747,1.178679165413994,0.045208983626992515,2.607179084446948
gray32,sgd,302,14,1024,57.8887945874238,27.164955208223724,0.8489048502569914,3.5703577948620753,0.11863087273162896,3.0096362883033554,8.85481426316363,0.27671294572386346,1.1638103167926925,0.04385328678962584,2.6538724962070788
gray32,sgd,302,15,1024,57.8887945874238,26.97522670765733,0.8429758346142916,3.54542130497235,0.1192832976976347,2.9722696919056197,9.14340284505016,0.2857313389078175,1.2017402336634861,0.04539300426021444,2.647412862948078
gray32,sgd,302,16,1024,57.8887945874238,26.965625916980013,0.8426758099056254,3.5441594491154618,0.12123535892527275,2.9233711027325096,9.823750221717832,0.30699219442868225,1.2911599857256588,0.047199740708414026,2.7355234718386727
gray32,sgd,302,17,1024,57.8887945874238,27.091074632937897,0.8465960822793093,3.5606474866418436,0.12185969929068777,2.921923742933395,8.865498311594761,0.2770468222373363,1.165214547917109,0.04592773933691325,2.5370605319138746
gray32,sgd,302,18,1024,57.8887945874238,27.54857303929121,0.8608929074778503,3.6207776428942653,0.12302558702609628,2.943109421722347,9.189441927903388,0.2871700602469809,1.2077912651146099,0.044983550080951694,2.684962087120931
gray32,sgd,302,19,1024,57.8887945874238,27.19947352062086,0.8499835475194019,3.5748946227267977,0.12412598886964597,2.880053287213738,9.051655460088655,0.2828642331277705,1.1896816460993016,0.045364596088448166,2.6224892287804304
gray32,sgd,302,20,1024,57.8887945874238,26.79241257002756,0.8372628928133613,3.5213935870433386,0.1256265600384446,2.8030645637082725,8.556931958114554,0.2674041236910798,1.1246589027141047,0.04549432928410703,2.472085906994551
gray32,sgd,302,21,1024,57.8887945874238,27.16912882673676,0.8490352758355237,3.5709063439495514,0.12598952379223183,2.834288309429838,9.14880506179082,0.28590015818096315,1.2024502604793492,0.045451026777996596,2.6455953709311366
gray32,sgd,302,22,1024,57.8887945874238,26.92650834183813,0.8414533856824415,3.539018128680608,0.12724972104091184,2.781159832596242,8.752810203330318,0.27352531885407244,1.1504036688765864,0.04493678164527193,2.560049088423375
gray32,sgd,302,23,1024,57.8887945874238,27.36738146591007,0.8552306708096897,3.596963182630078,0.12868878695916539,2.795086710834753,9.415898984072202,0.2942468432522563,1.2375550806444464,0.046207875630334,2.6782340970291885
gray32,sgd,302,24,1024,57.8887945874238,27.31778106244373,0.8536806582013665,3.5904440779311404,0.12933939602957398,2.775986426525581,9.413045678009338,0.2941576774377918,1.2371800635143024,0.046871079758469596,2.6395382182138536
gray32,sgd,302,25,1024,57.8887945874238,27.451003229049444,0.8578438509077951,3.6079537994581297,0.1309940328521326,2.7542886655996193,9.018251657455062,0.2818203642954707,1.185291301031669,0.04716896074502411,2.5128628706467873
gray32,sgd,302,26,1024,57.8887945874238,27.690176535465483,0.8653180167332963,3.63938894346407,0.13169139729055282,2.7635737932329993,8.889402954317541,0.27779384232242316,1.1683563947128965,0.047342663835877125,2.467872105302818
gray32,sgd,302,27,1024,57.8887945874238,27.25884681327488,0.85183896291484,3.5826982026189422,0.13250324572478225,2.7038569380107385,9.551245581239703,0.2984764244137407,1.255344021377128,0.047430044258292545,2.6467274931071714
gray32,sgd,302,28,1024,57.8887945874238,27.43894758434183,0.8574671120106822,3.6063692960152194,0.1333291328667085,2.7048621846364,9.42603298673426,0.2945635308354456,1.238887017881975,0.04712108541638848,2.629156367970879
gray32,sgd,302,29,1024,57.8887945874238,27.50996406290493,0.8596863769657791,3.615703168861977,0.1346373889965142,2.685511948657582,9.486349151658452,0.2964484109893266,1.2468145218275026,0.04729562229717609,2.636215491559241
gray32,sgd,302,30,1024,57.8887945874238,27.50653832692249,0.8595793227163279,3.6152529158402333,0.13502407139663244,2.6774877090029734,9.047079163487531,0.28272122385898535,1.1890801720266893,0.04671153919810253,2.5455812256235624
gray32,sgd,302,31,1024,57.8887945874238,27.341877358836733,0.8544336674636479,3.593611114246666,0.13579080997654022,2.646431754010093,9.57825191155707,0.2993203722361584,1.2588935307070768,0.04648765275712879,2.7080169809477592
gray32,sgd,302,32,1024,57.8887945874238,28.09108354995373,0.8778463609360541,3.692081151981302,0.13688314652927683,2.697250352286162,8.634342130767726,0.26982319158649143,1.134833114716862,0.046614072312888825,2.434529013254823
gray32,sgd,302,33,1024,57.8887945874238,27.19790326324801,0.8499344769765003,3.5746882398850763,0.13754997834341195,2.5988286460942858,8.871189268033065,0.2772246646260333,1.1659625245113634,0.04734458771302244,2.462715551730653
gray32,sgd,302,34,1024,57.8887945874238,27.034278840952133,0.8448212137797542,3.553182674089149,0.13870836567621483,2.5616210361697274,9.096141279564076,0.2842544149863774,1.1955285282718446,0.04652212737103556,2.569806231638871
gray32,sgd,302,35,1024,57.8887945874238,27.683665527759253,0.8651145477424766,3.638533185486994,0.13914363063307336,2.6149477118948647,8.757657040159916,0.2736767825049974,1.1510407007259797,0.04567206524585244,2.5202291477951233
gray32,sgd,302,36,1024,57.8887945874238,27.73880462252212,0.8668376444538163,3.6457802541929514,0.1394013443839166,2.6153121193381996,8.593044047187878,0.26853262647462117,1.1294052046212275,0.04479149728588325,2.5214723174194438
gray32,sgd,302,37,1024,57.8887945874238,28.04099926973621,0.8762812271792566,3.6854984501544816,0.13992632238470296,2.6338850241642513,8.487730990921069,0.2652415934662834,1.115563647053368,0.04607395783368489,2.4212455354503413
gray32,sgd,302,38,1024,57.8887945874238,28.37726575795117,0.8867895549359741,3.7296947931319115,0.14118870647910342,2.6416381919923064,9.16745384683794,0.28648293271368563,1.2049013167961118,0.04635296480966241,2.5994050687884944
gray32,sgd,302,39,1024,57.8887945874238,27.90447257901776,0.872014768094305,3.667554406784008,0.1420558255665866,2.581769802228135,8.859002075833875,0.2768438148698086,1.1643607314536415,0.047601804831373724,2.4460432447431626
gray32,sgd,302,40,1024,57.8887945874238,28.16033704150644,0.8800105325470763,3.7011833110495336,0.14244470108704813,2.5983299363222616,8.719235042538372,0.27247609507932413,1.145990801778945,0.045074786802880844,2.5424209032658185
gray32,sgd,302,41,1024,57.8887945874238,27.893936263482047,0.871685508233814,3.6661695925623863,0.14279570594262572,2.5674228565636463,8.377793739130679,0.2618060543478337,1.1011143199380888,0.04610139381133716,2.3884621025651183
gray32,sgd,302,42,1024,57.8887945874238,27.544649328092877,0.8607702915029024,3.620261939748268,0.1435673693449027,2.5216467754946743,9.366233564323895,0.29269479888512173,1.2310274306934617,0.046385634864972304,2.6538979886272096
gray32,sgd,302,43,1024,57.8887945874238,27.60882227696155,0.8627756961550485,3.628696350423946,0.14401236675823914,2.5197116276240514,9.682798156367028,0.3025874423864696,1.27263430433323,0.04595828282862075,2.7691076036911686
gray32,sgd,302,44,1024,57.8887945874238,27.834062362283323,0.8698144488213538,3.6583002164410168,0.14504500120317634,2.5221828991655753,9.530798075882805,0.29783743987133765,1.252656554765205,0.04654836355462882,2.6910861287209302
gray32,sgd,302,45,1024,57.8887945874238,27.561342270293142,0.8612919459466607,3.6224559347630603,0.1457849193392572,2.4847946901374725,9.3175690226931,0.29117403195915936,1.2246313286490047,0.04625963338555065,2.647300116804476
gray32,sgd,302,46,1024,57.8887945874238,27.672237704986145,0.864757428280817,3.637031198246319,0.14693955368402448,2.475188679330896,9.36805318519982,0.29275166203749436,1.2312665880021432,0.047191299993464116,2.6090965668940473
gray32,sgd,302,47,1024,57.8887945874238,27.844939358910555,0.8701543549659548,3.659729807227935,0.1476166325593746,2.479212365013077,8.255472370946485,0.25798351159207766,1.085037317527188,0.04617607966740603,2.3497822364791943
gray32,sgd,302,48,1024,57.8887945874238,27.46780323801533,0.858368851187979,3.6101618665248822,0.14767335232927783,2.4446941913223763,8.574449055542809,0.2679515329857128,1.1269612185054225,0.0454087195433753,2.4818167740425423
gray32,sgd,302,49,1024,57.8887945874238,27.88635049385493,0.8714484529329666,3.6651725759462863,0.14806171478310648,2.475435720378726,9.36804841828938,0.2927515130715431,1.2312659614752184,0.046027704344843594,2.6750540332197885
gray32,sgd,302,50,1024,57.8887945874238,28.293993712558837,0.8841873035174637,3.7187501405793233,0.1483526724552195,2.5066957534599412,8.9197025480557,0.2787407046267406,1.172338745865511,0.04467469340278635,2.6241674123999528
avg16,adam,302,1,768,44.5317931611191,1.373745813755687,0.049570782210622964,0.2058596785987922,0.020841654913520517,0.9877319217354749,33.938953026353246,1.2246664791111945,5.085847681590915,0.15608664571898867,3.2583490138850477
avg16,adam,302,2,768,44.5317931611191,34.0554556673615,1.228870406057908,5.10330593041229,0.15790204591240115,3.2319441467170327,32.79274706186938,1.1833063339773497,4.914085490147665,0.16942225170415826,2.9004959152169354
avg16,adam,302,3,768,44.5317931611191,47.29029492236198,1.706441531467655,7.0865838614965755,0.23620770593373375,3.0001493107446136,33.28501730530609,1.201069606324989,4.987853572337907,0.2178083906480007,2.2900190196982626
avg16,adam,302,4,768,44.5317931611191,53.12263696853117,1.9168980471152648,7.960576740732486,0.30247895435370437,2.6317787158916746,30.445374474280417,1.0986028217690476,4.562325097799988,0.22699497869452154,2.0098793039557656
avg16,adam,302,5,768,44.5317931611191,51.72902115356246,1.8666102679953207,7.7517394864988765,0.3306932649254234,2.344087500012139,28.660684995912074,1.0342033873468066,4.29488435385979,0.22923485303785035,1.8735738902454924
avg16,adam,302,6,768,44.5317931611191,50.95043011223035,1.8385152837889631,7.635065426477295,0.3544238992505115,2.1542185621858225,27.95358134295305,1.0086879820730028,4.188922880291242,0.23009399500302408,1.8205268156764318
avg16,adam,302,7,768,44.5317931611191,47.64392637271553,1.7192021072836265,7.139576530142592,0.3721681481731999,1.9183738762136011,28.010834512136487,1.0107539278630038,4.197502428915775,0.2272220820231815,1.8473127222236878
avg16,adam,302,8,768,44.5317931611191,49.235191753496416,1.77662195078025,7.378032128385597,0.3906150895713816,1.8888241456522956,28.1075255470754,1.0142429650536418,4.211991852779052,0.22514422433483217,1.870797203536086
avg16,adam,302,9,768,44.5317931611191,49.55397233009951,1.788124954012389,7.425802295461588,0.40710443744533475,1.8240533908350511,26.82131172189535,0.9678307214159466,4.01924908915453,0.22823506214021375,1.7610129887428727
avg16,adam,302,10,768,44.5317931611191,47.68879828702376,1.7208212830214333,7.146300712859007,0.4214918284217313,1.6954778790417373,27.12866883949348,0.9789215160773608,4.06530741873067,0.22416167011206264,1.8135604613841194
avg16,adam,302,11,768,44.5317931611191,48.42604729317623,1.747424465031553,7.256779552491576,0.43664826682390934,1.6619279415159287,28.398747873020167,1.0247515455710317,4.2556323383910755,0.22684834192237094,1.8759812402981468
avg16,adam,302,12,768,44.5317931611191,48.41390581668352,1.7469863472364637,7.254960118049281,0.45147850086279523,1.6069336865841306,29.56551810479078,1.066853739783232,4.430476143195312,0.22556833098437462,1.9641392583173463
avg16,adam,302,13,768,44.5317931611191,51.17931648387176,1.8467745093065258,7.669364693801668,0.46649768860164315,1.6440305881881394,28.96741323619545,1.045271489352786,4.340848444399424,0.2310955933103002,1.878377853173
avg16,adam,302,14,768,44.5317931611191,51.53283833971289,1.859531130471169,7.722340939401384,0.4816463039004584,1.6033219557306846,28.28078858334058,1.0204950563429112,4.237955806664442,0.23029251902528572,1.8402490122569386
avg16,adam,302,15,768,44.5317931611191,50.17300450472953,1.810462353553619,7.518566009997143,0.4917554654965004,1.5289237309047559,29.033231910333004,1.0476465161797246,4.3507115580614135,0.2301031151518654,1.8907660399078015
avg16,adam,302,16,768,44.5317931611191,51.12555208816904,1.8448344537857893,7.661307947707453,0.5054852463751464,1.5156343340675082,28.37289545890477,1.0238186769304862,4.2517582813366275,0.23355161786414616,1.8204790530758896
avg16,adam,302,17,768,44.5317931611191,51.0006429456878,1.8403271833460526,7.642589960968015,0.516646400623573,1.479268983920858,29.53829531168837,1.0658714218503713,4.426396730990733,0.23415516153604143,1.8903690621013356
avg16,adam,302,18,768,44.5317931611191,51.04804530580402,1.8420376686818851,7.649693338114381,0.5282727528064517,1.4480575228374635,28.12473808230478,1.014864068919149,4.214571199652913,0.23265852722285388,1.8114836580289841
avg16,adam,302,19,768,44.5317931611191,50.93742238959625,1.8380459080286917,7.633116182611404,0.5388316675702214,1.4166049699773156,28.355499624377178,1.023190958821281,4.249151466546767,0.23146738326598584,1.835745238310291
avg16,adam,302,20,768,44.5317931611191,51.881718213159616,1.872120248524251,7.774621570867683,0.5511815815247882,1.4105372587668796,28.693292233744728,1.03537999969307,4.299770640269554,0.23182822469533826,1.8547226705981055
avg16,adam,302,21,768,44.5317931611191,53.29839103912711,1.9232400258633735,7.986913983126984,0.5626214435354128,1.4195893304276925,29.723313778464792,1.0725477007002726,4.454122269241006,0.2355284652809625,1.8911184531040328
avg16,adam,302,22,768,44.5317931611191,54.13995460710546,1.9536073353954035,8.113024653594355,0.5735842786382066,1.4144433443775954,29.879524628579137,1.0781844742230136,4.4775309050134915,0.23601846317040712,1.8971104399492174
avg16,adam,302,23,768,44.5317931611191,54.07228906452409,1.9511656654438903,8.10288478149536,0.5828476253440035,1.3902235214071506,30.87573023138304,1.1141319475322042,4.6268151198646095,0.23522059597303607,1.967011052210323
avg16,adam,302,24,768,44.5317931611191,55.44945873214903,2.0008599953390807,8.309257534237881,0.59285765595178,1.4015602988036162,29.339761082215897,1.058707434923541,4.3966458176406675,0.23802207357906907,1.847158858642636
avg16,adam,302,25,768,44.5317931611191,55.56459156611668,2.0050144936318173,8.326510513616906,0.6046838990795859,1.377002186810502,30.61276653702848,1.1046430625495351,4.587409269771436,0.23668532174535106,1.938189168615625
avg16,adam,302,26,768,44.5317931611191,55.50461568739976,2.0028503005241864,8.317522959301751,0.613456647588421,1.3558452731744013,29.78804352001197,1.07488343405695,4.463822203287943,0.23920859915008583,1.8660793212066857
avg16,adam,302,27,768,44.5317931611191,55.51215896310086,2.0031224950402238,8.318653340407092,0.6238737629485064,1.3333872707023426,29.020876203838085,1.0472006680252952,4.348860020650027,0.2424975106077892,1.7933627482402446
avg16,adam,302,28,768,44.5317931611191,54.82672851358659,1.9783891541316092,8.215939657405523,0.6304332409436809,1.3032212015196523,30.473203658134256,1.0996070209433815,4.566495379366238,0.229801398197825,1.9871486488672976
avg16,adam,302,29,768,44.5317931611191,55.30146025107025,1.995519560158425,8.287079545091045,0.6397441062997267,1.2953741134128498,30.317245163837857,1.0939793535268543,4.543124559823695,0.2362513026224538,1.9230050837365869
avg16,adam,302,30,768,44.5317931611191,55.98885533681907,2.0203237937707192,8.390087634364688,0.6493586637909061,1.292057548810391,30.254082757664342,1.0917001765139203,4.533659495396049,0.23374723564245992,1.939556411409605
avg16,adam,302,31,768,44.5317931611191,57.02067988422222,2.0575565550331985,8.544709448365376,0.6593018642023418,1.2960238567963427,30.643584873585944,1.1057551234812493,4.592027484287646,0.23947862062131095,1.9175104117327653
avg16,adam,302,32,768,44.5317931611191,56.41943793747383,2.035861105045494,8.454611649574378,0.6687310977910995,1.2642767290920063,31.31300250062592,1.1299106514294877,4.692341600750042,0.2374293085240689,1.9763110249189666
avg16,adam,302,33,768,44.5317931611191,58.04565728717352,2.0945422412523995,8.698305198488699,0.6765624498055446,1.2856618337285404,30.901492102935396,1.115061548999428,4.630675608861022,0.2381355498153354,1.9445545247032312
avg16,adam,302,34,768,44.5317931611191,58.369780108620695,2.106238016140714,8.7468759159981,0.6854630891253559,1.2760535256769299,31.7723162717888,1.1464847095184494,4.76117106276608,0.24305586142935612,1.9588793435248664
avg16,adam,302,35,768,44.5317931611191,58.07402335168127,2.095565813438612,8.70255593313277,0.6925478072809206,1.2566000269787472,30.17130822166111,1.0887133077237008,4.521255498086529,0.23997284121964876,1.8840696618448556
avg16,adam,302,36,768,44.5317931611191,58.34145397651502,2.1052158848909444,8.742631165336928,0.7002303003690638,1.2485365401538655,32.10097636367815,1.1583442090512122,4.810421703027994,0.23981350094725765,2.00590112067375
avg16,adam,302,37,768,44.5317931611191,59.69151790645429,2.1539321207267967,8.944942046958692,0.7094312867548367,1.2608609479116277,29.914220506572363,1.0794364538792112,4.482730180032836,0.24443974471420846,1.8338794230348705
avg16,adam,302,38,768,44.5317931611191,59.23156555012562,2.1373350196804997,8.876016891157333,0.7183756703414018,1.2355675808089497,30.70472448327896,1.1079613091134,4.601189426966584,0.24021666007150363,1.9154331034312855
avg16,adam,302,39,768,44.5317931611191,59.86710569604116,2.160268099325821,8.971254371675741,0.7266177264143385,1.2346594427232664,30.874682305768538,1.1140941337737276,4.626658085260364,0.2435165520551863,1.8999357728306947
avg16,adam,302,40,768,44.5317931611191,60.32247501422397,2.1766998242279176,9.03949274630531,0.7347561130086916,1.2302711860797246,31.29259495803421,1.129174257666436,4.689283473025935,0.2437135066076475,1.9240966733022218
avg16,adam,302,41,768,44.5317931611191,61.13223408407495,2.2059194877877433,9.160837423168235,0.7417165444323319,1.2350860300924562,31.79999368962553,1.1474834323083563,4.7653186017673,0.23380728917973148,2.038139451719198
avg16,adam,302,42,768,44.5317931611191,61.2055236335492,2.208564096607602,9.171820068537084,0.74921671494881,1.2241878598722595,31.8827206506995,1.1504685843861873,4.7777154698397,0.2394353219515997,1.995409629163021
avg16,adam,302,43,768,44.5317931611191,60.79731671509395,2.193834198216652,9.110649112313922,0.7570480661631331,1.2034439449120404,31.61167588050639,1.140688098696598,4.737098647776168,0.24529806955208283,1.9311601825591889
avg16,adam,302,44,768,44.5317931611191,61.61673871667363,2.2234025427911472,9.233441806706782,0.7634176666077535,1.209487572868936,31.797707479226982,1.1474009357965422,4.76497600670121,0.24296194641305788,1.961202598616126
avg16,adam,302,45,768,44.5317931611191,63.29792892136908,2.2840672688686396,9.485372893037715,0.7709301172193209,1.2303803783474754,31.481154216326107,1.1359783038247502,4.717539608855515,0.24694910142189613,1.9103287202474617
avg16,adam,302,46,768,44.5317931611191,62.78719211496202,2.2656376418271296,9.408837544385342,0.7784467936296813,1.2086680324694439,30.4588296795303,1.0990883446673614,4.564341398195946,0.24836590671121153,1.8377487710111329
avg16,adam,302,47,768,44.5317931611191,62.78206490829771,2.26545262969289,9.408069218028707,0.7847600884904038,1.198846546353606,30.917619960728217,1.1156435129393114,4.633092413766611,0.24845222073485734,1.8647820494673477
avg16,adam,302,48,768,44.5317931611191,61.84002030843922,2.231459523235582,9.26690118198395,0.7900523585331188,1.1729477270582043,32.346011915618924,1.1671861679183393,4.847140970495604,0.2479025088366244,1.9552609585286707
avg16,adam,302,49,768,44.5317931611191,61.99097733489369,2.236906715726804,9.28952251748647,0.795552301095243,1.167682188172608,32.862798888212986,1.185834111527144,4.924582953588101,0.24760593619852914,1.9888791961916443
avg16,adam,302,50,768,44.5317931611191,61.87583659597993,2.2327519321888945,9.27226835352901,0.804215311548558,1.15295844537886,32.196544072661865,1.161792711707936,4.824742793333648,0.24512869464333553,1.968248882634362
avg16,sgd,302,1,768,44.5317931611191,1.373745813755687,0.049570782210622964,0.2058596785987922,0.020841654913520517,0.9877319217354749,9.284397721645671,0.3350218452409798,1.3912931430422888,0.05743962043148323,2.422183734138513
avg16,sgd,302,2,768,44.5317931611191,9.713888352526617,0.3505197534505758,1.4556535235064347,0.06202028622888585,2.347060312063614,10.369259367651685,0.3741684179506718,1.5538627156187426,0.0530683878016494,2.9280382916973546
avg16,sgd,302,3,768,44.5317931611191,15.0126566999742,0.5417225866863464,2.2496888814689564,0.08123351294690985,2.76940981604383,9.877775524445504,0.3564335223770818,1.4802124777175136,0.05105479848144168,2.8992622079500876
avg16,sgd,302,4,768,44.5317931611191,17.884837535261035,0.6453634853372301,2.6800932675709928,0.09438884213474007,2.8394174639256193,9.340899787922982,0.3370606879394158,1.3997601367812655,0.051414196124424605,2.722516818883611
avg16,sgd,302,5,768,44.5317931611191,19.659542059843226,0.7094026187747036,2.9460377380691467,0.10310043751595553,2.857444458092844,9.0733227880759,0.3274053346337492,1.3596629698691736,0.052974408143091754,2.566641171707897
avg16,sgd,302,6,768,44.5317931611191,19.71770081316124,0.7115012420174466,2.9547529910263304,0.10918966552827253,2.7060738548203127,8.607626103073978,0.3106009529808382,1.2898770102403507,0.05411060971898802,2.383778369785618
avg16,sgd,302,7,768,44.5317931611191,19.772426513605765,0.7134759856351489,2.9629537913430966,0.11465108377759838,2.5843225320841032,8.688458026905684,0.3135177237922976,1.3019899016456573,0.04807593006350066,2.708194932320468
avg16,sgd,302,8,768,44.5317931611191,21.415325861357356,0.7727590094273891,3.209146884935632,0.11967836417585245,2.6814762275829493,8.54127165637088,0.3082065931267155,1.279933609550702,0.04195036881713092,3.0510664045175835
avg16,sgd,302,9,768,44.5317931611191,23.133712447266905,0.834765944299059,3.4666519537348646,0.12272396214112796,2.8247555679047784,9.12203078004986,0.3291629329011149,1.3669619996260243,0.04213217993139298,3.244460651815197
avg16,sgd,302,10,768,44.5317931611191,24.492278977567334,0.8837889912978696,3.670236973963695,0.1253482592000794,2.9280318668848104,8.445576401817814,0.30475348806569164,1.265593406182317,0.04394282106544888,2.880091390348675
avg16,sgd,302,11,768,44.5317931611191,25.62384378672567,0.9246208192461866,3.839805147052567,0.12767662049156137,3.007445789424192,8.712732258162099,0.314393644664189,1.3056274635545935,0.04365627292440408,2.9906984176487983
avg16,sgd,302,12,768,44.5317931611191,26.423286324944293,0.9534682170363216,3.9596038625994865,0.1300603633761824,3.0444354911933136,8.432411688040563,0.30427844737549786,1.263620636751544,0.04388723774780354,2.879243947894136
avg16,sgd,302,13,768,44.5317931611191,26.802709873672438,0.9671594850360139,4.016461549816345,0.13123373777034453,3.060540390036778,8.642117808705247,0.3118455652015271,1.2950456894563154,0.045023058731224364,2.8764053930395805
avg16,sgd,302,14,768,44.5317931611191,26.626592774522383,0.9608044066233152,3.990069906570741,0.13233841480542424,3.015050401228773,7.855407608577441,0.28345760608790127,1.1771549506260066,0.04373872648835404,2.6913333906496755
avg16,sgd,302,15,768,44.5317931611191,26.543663376805604,0.9578119497423454,3.9776427027973624,0.13350562146697484,2.979382185626774,8.345239834931077,0.30113290407184035,1.2505576890910013,0.04635580095309676,2.6977372052234148
avg16,sgd,302,16,768,44.5317931611191,26.731569920467795,0.9645924430902115,4.005801027501665,0.13569868982823965,2.9519820954586957,8.450078947027821,0.3049159596712564,1.266268125261005,0.04648681568095266,2.7239295845764744
avg16,sgd,302,17,768,44.5317931611191,27.084173140234583,0.9773159158308043,4.058639612898802,0.13569466229500818,2.9910090376842398,7.695522527805828,0.27768825018647025,1.1531957210430586,0.045725688098863786,2.5219865878228602
avg16,sgd,302,18,768,44.5317931611191,26.842047007432267,0.9685789415838506,4.022356330081886,0.13675574042468036,2.94127055843571,8.496125874400347,0.3065775350408741,1.2731683869938906,0.04526693737288147,2.8125790276163474
avg16,sgd,302,19,768,44.5317931611191,26.643937294481837,0.9614302730775375,3.9926690317280666,0.13785319031322774,2.8963196445842065,8.040510606365446,0.29013693518794575,1.2048931560864007,0.0467106307819833,2.57948380468272
avg16,sgd,302,20,768,44.5317931611191,26.81787673454725,0.9677067719865662,4.018734346627646,0.13905924187986946,2.889944093107707,7.674021641746044,0.27691240378931825,1.1499737527214549,0.04562547942542059,2.520463932003612
avg16,sgd,302,21,768,44.5317931611191,26.67436577632401,0.9625282663389505,3.9972288254173765,0.1395162477666663,2.865063309402167,7.75511225695926,0.2798385093219497,1.1621254097587441,0.04608264211243639,2.521828950092078
avg16,sgd,302,22,768,44.5317931611191,26.628501645405876,0.9608732870682173,3.9903559562479285,0.1405551777452174,2.8389960585309755,8.645002767086408,0.3119496671701499,1.2954780085936475,0.04754138610654027,2.7249479131518815
avg16,sgd,302,23,768,44.5317931611191,26.191610786884027,0.9451083461448375,3.924886630833079,0.1421516472680028,2.761056031544518,7.735003568359856,0.2791128995234549,1.159112066146945,0.046427836922592274,2.4965885618998307
avg16,sgd,302,24,768,44.5317931611191,26.505801296979623,0.9564457196186199,3.9719689635174955,0.14269021120888623,2.7836310072474935,7.319836893097209,0.26413186254086424,1.0968981707678271,0.04728907925324216,2.3195591626847403
avg16,sgd,302,25,768,44.5317931611191,26.669800935877923,0.9623635468476783,3.9965447712221414,0.14359240295491674,2.783256418152515,8.074556819541643,0.291365472084331,1.2099950770034855,0.0480610837489072,2.517619210014169
avg16,sgd,302,26,768,44.5317931611191,26.88727993826688,0.9702111443834505,4.0291346121413865,0.14446507227147004,2.7890025933535547,8.351236065988676,0.3013492744227921,1.2514562412001042,0.04786964736681049,2.6143001046374486
avg16,sgd,302,27,768,44.5317931611191,26.297698065979603,0.9489364410913016,3.9407841083426405,0.14462924532914595,2.7247491331191274,8.059249925367837,0.2908131321173495,1.2077012958080031,0.047553921859485204,2.539646045128689
avg16,sgd,302,28,768,44.5317931611191,26.58418202319931,0.9592740404550083,3.983714536058177,0.14470579414204532,2.7529751380568115,8.04723462105865,0.29037956716876795,1.2059007686227055,0.04745168019697801,2.541323644635673
avg16,sgd,302,29,768,44.5317931611191,26.642729391552084,0.9613866866349344,3.992488024072642,0.14590126848124227,2.736431331702873,8.057667358690516,0.2907560261612769,1.2074641437349687,0.04712998024084366,2.5619873752642897
avg16,sgd,302,30,768,44.5317931611191,26.724533041384905,0.964338521588164,4.004746531355553,0.1464981496563123,2.7336499066717033,8.028981290128279,0.2897209068233769,1.2031654555822162,0.0469162434547047,2.5644965730127405
avg16,sgd,302,31,768,44.5317931611191,26.64037818532113,0.9613018447880368,3.9921356891980406,0.14711007731866074,2.713706472025382,7.5351851679631645,0.27190257406982554,1.1291687161677157,0.046705825895341335,2.4176185615429717
avg16,sgd,302,32,768,44.5317931611191,26.8723279820426,0.969671612136513,4.02689401939713,0.14824133292024497,2.71644482687135,7.816374766307395,0.2820491297134108,1.1713057692970812,0.04664772918897291,2.5109598894986878
avg16,sgd,302,33,768,44.5317931611191,26.930365741835548,0.9717658694014893,4.03559114113387,0.148707162114727,2.713783979026126,7.666337500118415,0.2766351262119931,1.1488222624603515,0.04812081806329486,2.387370599039419
avg16,sgd,302,34,768,44.5317931611191,26.866372162519195,0.9694567000111953,4.0260015230702235,0.14985605474334193,2.686579150882856,8.041604303609477,0.29017640058783656,1.2050570496982218,0.04781838650711157,2.5200704953083375
avg16,sgd,302,35,768,44.5317931611191,26.218007851358024,0.9460608681623298,3.9288423052774744,0.14996855869383627,2.6197773316594195,7.869446349160514,0.2839641855038213,1.179258695434853,0.047608096795230766,2.4770128923804986
avg16,sgd,302,36,768,44.5317931611191,26.26302126277252,0.9476851497371612,3.935587691733714,0.1508061989369338,2.609698884711995,8.109383106454985,0.29262215746709935,1.2152138941667345,0.046176705286708995,2.631660025594136
avg16,sgd,302,37,768,44.5317931611191,26.50919084312654,0.9565680293298919,3.9724768965524233,0.1512102970690562,2.6271206217776517,7.752961860225361,0.27976091356362587,1.1618031667527473,0.04635816413157005,2.5061457642183806
avg16,sgd,302,38,768,44.5317931611191,26.50047840346056,0.9562536462432386,3.9711713129346307,0.15193958680311004,2.613651515375416,7.575512320709834,0.27335775485069685,1.135211853566284,0.04670593370645226,2.430551674014513
avg16,sgd,302,39,768,44.5317931611191,26.71682731567589,0.9640604651623889,4.003591806659074,0.1529902915750981,2.616892722695307,7.720259682842046,0.2785808753814169,1.156902653383971,0.04766984327729138,2.4269067692427013
avg16,sgd,302,40,768,44.5317931611191,26.30209319780156,0.9490950367500848,3.941442731222658,0.1537210138920027,2.564023376785515,8.284097874861878,0.29892663362779454,1.2413953942015743,0.04619582952895149,2.6872455952405336
avg16,sgd,302,41,768,44.5317931611191,26.409640995849,0.9529758336346748,3.957559071609913,0.15377611335362307,2.5735850551178405,7.405713663445223,0.26723067357071184,1.1097670466296672,0.04599163285680215,2.412975964747755
avg16,sgd,302,42,768,44.5317931611191,26.337191875942477,0.9503615512046384,3.9467023669784007,0.15487754203309678,2.54827285813653,8.372333618723344,0.30211056678220477,1.2546177688871705,0.04753160136473582,2.6395444985322634
avg16,sgd,302,43,768,44.5317931611191,26.89404051208857,0.9704550955781899,4.030147703166044,0.1554614649570939,2.5923772841574158,7.7152357636612034,0.2783995903132015,1.1561498049475876,0.04706509951955486,2.456490726142466
avg16,sgd,302,44,768,44.5317931611191,26.584218932899045,0.9592753723190757,3.9837200670806183,0.15606959779417467,2.5525279256081426,7.835042294005868,0.28272273609727444,1.1741031508896305,0.046939244790224224,2.5013251835149983
avg16,sgd,302,45,768,44.5317931611191,26.56122219068812,0.958445548862453,3.980273940502501,0.15675665754402934,2.5391418794347116,7.578794978443711,0.2734762075585913,1.1357037690715248,0.04716760690455774,2.4078045158610397
avg16,sgd,302,46,768,44.5317931611191,26.945095761953983,0.9722973932190235,4.037798476127703,0.15768261566988806,2.5607125167056597,8.38397297316536,0.302530565808473,1.2563619589262143,0.048634995701199384,2.583246776960713
avg16,sgd,302,47,768,44.5317931611191,26.8391684377716,0.9684750701483213,4.02192496831231,0.15792225997723833,2.546775210088811,7.652827018871027,0.2761476087129268,1.1467976788005123,0.04702568888193359,2.438662156932465
avg16,sgd,302,48,768,44.5317931611191,27.144085197618395,0.9794778059844448,4.067617603407473,0.15856154390643518,2.5653241657433115,8.059960539622663,0.29083877420055665,1.2078077833551473,0.04703429667136889,2.5679299337548596
avg16,sgd,302,49,768,44.5317931611191,26.763318570183262,0.9657380738064386,4.010558652064322,0.1586452741610352,2.5280038584656146,8.062455054047586,0.290928787236477,1.2081815933661642,0.04701226978460463,2.56992823129296
avg16,sgd,302,50,768,44.5317931611191,26.957006615216777,0.9727271891151206,4.039583351029569,0.15930564915258083,2.535743944121222,8.015973856381567,0.28925154148743126,1.2012162550069128,0.04671025190688922,2.5716330055367296
rgb32,adam,303,1,3072,192.3316206072775,1.374406397177089,0.024797309480816754,0.09910368936353471,0.010419836043592427,0.951106034192136,95.51673260554784,1.7233316025602048,6.88738106618427,0.12717182198647106,5.415807494616985
rgb32,adam,303,2,3072,192.3316206072775,95.5615495156469,1.7241401980323905,6.890612658489001,0.12763975758070775,5.398484601580354,99.54056261983936,1.7959303319953457,7.177525524626159,0.1501519975240874,4.780173186490402
rgb32,adam,303,3,3072,192.3316206072775,132.27216555751437,2.3864803247164272,9.537688149427987,0.19752219775804225,4.828666477836238,100.1371908449843,1.8066948153201443,7.220546321394658,0.1750810136376671,4.124117270841082
rgb32,adam,303,4,3072,192.3316206072775,140.79967240933897,2.5403352739794682,10.152577160294364,0.24994324136077684,4.0619530678326194,96.59512679155992,1.742788201734786,6.965140339308646,0.19164846078819414,3.6343314789292114
rgb32,adam,303,5,3072,192.3316206072775,146.69279440528345,2.646660135564651,10.577509795115507,0.28598182683420326,3.6986650208538503,93.49761927288952,1.6869023642434973,6.741789790619391,0.19910895292764844,3.385980234183242
rgb32,adam,303,6,3072,192.3316206072775,143.6642671432746,2.592018853378122,10.359133174037797,0.3097077709534875,3.344808928153615,88.11360052506734,1.589762843200462,6.353566829341319,0.1987453177644566,3.196838497031291
rgb32,adam,303,7,3072,192.3316206072775,142.1294303692714,2.5643270276083445,10.248461405347722,0.32981156151656876,3.1073687526969453,92.55926250754057,1.6699723476475559,6.674128131319553,0.1961993953371752,3.4017067788867754
rgb32,adam,303,8,3072,192.3316206072775,144.70788235645497,2.6108479635112496,10.434384655778944,0.34895831078751016,2.9901522139510566,92.79416025989651,1.6742104189148916,6.69106579541184,0.20264075640211276,3.301934869476276
rgb32,adam,303,9,3072,192.3316206072775,141.05209099496835,2.544889459553268,10.17077819104566,0.3683989012197396,2.7608057888802104,90.02517102667467,1.6242517726903976,6.491403563495707,0.20156256208133175,3.2205403108918538
rgb32,adam,303,10,3072,192.3316206072775,147.12637646212542,2.654482907978198,10.608773896885642,0.38474969009720417,2.757318373461305,88.0260828452515,1.5881838320754453,6.347256232292221,0.20115539921731113,3.1553993862402803
rgb32,adam,303,11,3072,192.3316206072775,148.31737378236932,2.6759711149609147,10.694652592372423,0.4037018705637844,2.6491461576427544,89.76581206797725,1.6195723675460008,6.472702086458645,0.20542643096983498,3.150861384243736
rgb32,adam,303,12,3072,192.3316206072775,151.19660908409543,2.72791884235191,10.902264286797635,0.42126612738821473,2.5879755285310972,94.41972924233608,1.7035392529648223,6.808279949686423,0.20725435168731648,3.2849876947134202
rgb32,adam,303,13,3072,192.3316206072775,151.97879105208736,2.7420311226573917,10.958664721880623,0.4374477685519281,2.5051367293875573,90.010116170559,1.623980150026929,6.4903180099163835,0.19949211027662692,3.2534209001631926
rgb32,adam,303,14,3072,192.3316206072775,151.11105389420734,2.726375238854646,10.896095198106313,0.45165646143315485,2.4124741099754936,91.56832670068022,1.6520936896837914,6.602675179278587,0.21060017472522843,3.1351707983590917
rgb32,adam,303,15,3072,192.3316206072775,152.156338513064,2.745234468732041,10.971467054914035,0.46653431981350624,2.3516955964353916,89.01556100572297,1.6060361908974912,6.418604078496062,0.2060745941130044,3.114699367053619
rgb32,adam,303,16,3072,192.3316206072775,156.025964478887,2.8150510185142625,11.250492393021931,0.4794304173586879,2.346637173128051,93.295361802324,1.6832531953348528,6.7272057042999815,0.20927640675994333,3.214507458557725
rgb32,adam,303,17,3072,192.3316206072775,155.72796729848434,2.809674495004162,11.229004847519747,0.4924759352919135,2.2801123959211917,90.18511162220815,1.6271374522493227,6.502936326388054,0.2116936507195635,3.0718617701967244
rgb32,adam,303,18,3072,192.3316206072775,155.51325283718518,2.805800574628225,11.21352253070417,0.5041954264870178,2.224042889249195,87.24855327319209,1.5741554912088394,6.291191265380975,0.20650495672476016,3.046508599677915
rgb32,adam,303,19,3072,192.3316206072775,150.20332120233806,2.709997747792053,10.830641734774863,0.5159420186858603,2.0991974567919955,85.32160910534773,1.539389187020767,6.15224598935261,0.20648814356970208,2.9794669480748466
rgb32,adam,303,20,3072,192.3316206072775,151.0512593107463,2.7252964132653545,10.891783617603547,0.5278256201524686,2.063519314287421,92.6281272381084,1.6712148186078999,6.679093728744243,0.21449467513733955,3.1138739106076465
rgb32,adam,303,21,3072,192.3316206072775,151.13485990227974,2.7268047515161746,10.897811766971124,0.5398108125266186,2.018820578262082,91.14504483253631,1.6444567552926672,6.5721537884731385,0.21197243563779744,3.1004756673660823
rgb32,adam,303,22,3072,192.3316206072775,152.727540106565,2.7555401997873332,11.012654425259914,0.5504749011292054,2.0005733962927885,92.48773863507192,1.668681899928079,6.668970792373978,0.2062532069466483,3.2333901087409735
rgb32,adam,303,23,3072,192.3316206072775,158.665177938549,2.8626682248075355,11.44079694297718,0.5619381297459172,2.0359531303117278,93.21002539673398,1.681713539186757,6.72105239138732,0.20811074410017663,3.229555696630473
rgb32,adam,303,24,3072,192.3316206072775,160.59064152951564,2.8974078161375174,11.579635459730218,0.5732639173429391,2.0199484233023903,92.38798484552376,1.666882122514069,6.661777891793392,0.21054003226189835,3.1641383447241833
rgb32,adam,303,25,3072,192.3316206072775,161.10068919214328,2.9066101959911927,11.616413231735258,0.5837741475087699,1.9898814089845844,96.48742813581862,1.7408450814884235,6.957374561918947,0.20973319586523137,3.3172500582070747
rgb32,adam,303,26,3072,192.3316206072775,163.6524819148576,2.9526501402216687,11.800414174856176,0.5940132055067404,1.9865575487988496,91.17447979060064,1.6449878265727305,6.574276241443692,0.20675471818440352,3.179746657863511
rgb32,adam,303,27,3072,192.3316206072775,164.260097314982,2.9636128563099686,11.844227218792897,0.6049275934699938,1.9579578360530525,94.5372882654158,1.7056602758904706,6.816756724044503,0.2049161605405,3.3266076750921885
rgb32,adam,303,28,3072,192.3316206072775,168.6176679323927,3.042232999090433,12.15843655726405,0.6159097821645115,1.9740612845172334,97.28997855501682,1.7553248533809962,7.015243695536305,0.21730611414248774,3.228277180887973
rgb32,adam,303,29,3072,192.3316206072775,173.1124145321045,3.12332809781802,12.482537181141057,0.6265937904217003,1.9921258990996793,96.2700756751916,1.7369235658117974,6.941702028100258,0.22079831424174295,3.1439107911394992
rgb32,adam,303,30,3072,192.3316206072775,169.97526521199126,3.066727035178787,12.256328199324546,0.6362531016139775,1.9263290297892504,97.50623022901688,1.7592265084496415,7.030836855440438,0.2109864648982005,3.3323639309435173
rgb32,adam,303,31,3072,192.3316206072775,170.09382684635605,3.0688661474136647,12.264877268513,0.6451615821738983,1.901055116640082,98.4962120691192,1.7770879547582636,7.102221020239548,0.2109027913942204,3.367532963072094
rgb32,adam,303,32,3072,192.3316206072775,176.49921930140113,3.1844334929819604,12.72674795350118,0.6556803808716987,1.9409987434093297,96.324044999893,1.737897290941308,6.945593569351341,0.2169319480530242,3.2017384399524427
rgb32,adam,303,33,3072,192.3316206072775,171.04102989691114,3.08595577042039,12.333176802827747,0.6644999881696879,1.8560085812489624,100.34662154138192,1.8104734049745737,7.235647644206898,0.21402412574926843,3.380762621445555
rgb32,adam,303,34,3072,192.3316206072775,176.11227595901872,3.177452185391785,12.698846808044118,0.6735368311813259,1.8853975343518226,98.7273256422771,1.7812577511231413,7.118885820264476,0.21486242714732984,3.313229732522336
rgb32,adam,303,35,3072,192.3316206072775,171.60698646436958,3.0961668696882576,12.373985972495362,0.6819416454556396,1.8145227021921615,94.71973096852204,1.7089519428826605,6.829912036048595,0.21528302104409655,3.17252703112598
rgb32,adam,303,36,3072,192.3316206072775,175.2741745341155,3.1623309952894076,12.638414214424545,0.6903618761528383,1.8306941114498252,97.31516651804874,1.7557792995446468,7.017059912391191,0.2142902541396832,3.2745585843662224
rgb32,adam,303,37,3072,192.3316206072775,175.22678050263568,3.1614759028883808,12.634996794814807,0.6982889903806454,1.8094223120899162,97.89162758080872,1.7661799229747035,7.058626524865693,0.21259162716649418,3.320274941654983
rgb32,adam,303,38,3072,192.3316206072775,176.65363856468792,3.1872195555827947,12.737882592231,0.7068786001005961,1.8019901282084743,99.75251389368734,1.799754398401946,7.192808597556246,0.2124904004411196,3.385004020240128
rgb32,adam,303,39,3072,192.3316206072775,175.4582046936503,3.165651303481483,12.651683992418533,0.7150306211467352,1.7693905153500011,96.75354213017091,1.7456463623094993,6.976563121202246,0.2136509902885319,3.2654017244575
rgb32,adam,303,40,3072,192.3316206072775,179.08110003110886,3.231016290929219,12.912918438691145,0.7228911368001064,1.786288111907204,94.51287999505432,1.7052198970947317,6.814996728130068,0.21699066238575232,3.140686632872154
rgb32,adam,303,41,3072,192.3316206072775,176.49877264997943,3.1844254344095058,12.726715747012735,0.7307106736354613,1.7416901389566766,99.24652978825527,1.7906253340432936,7.15632383459922,0.21449294795699497,3.3363911973618996
rgb32,adam,303,42,3072,192.3316206072775,176.91614939853542,3.19195582747614,12.75681134007852,0.73898415919104,1.7262631656466492,97.98925471070515,1.7679413307786385,7.065666079377795,0.2153837023298699,3.2805017292145937
rgb32,adam,303,43,3072,192.3316206072775,180.92393585501924,3.264265095898186,13.045798953083334,0.7469726266766606,1.7464895616222391,95.92204447173545,1.7306443186554912,6.916606702331273,0.21786249597251067,3.174757854240315
rgb32,adam,303,44,3072,192.3316206072775,184.3935068389046,3.3268637753206463,13.295977710776796,0.7556692026567757,1.7594971005872548,98.0490801774123,1.7690207135695062,7.069979886764571,0.21651468455514353,3.265358144779292
rgb32,adam,303,45,3072,192.3316206072775,180.32995120601947,3.2535483084921073,13.002968775442946,0.7630620029623696,1.704051404074983,98.93664801861412,1.7850343864458162,7.133979332491972,0.22002631598866404,3.242330036948635
rgb32,adam,303,46,3072,192.3316206072775,181.8091124837004,3.280235626049731,13.109625976750321,0.7702832471458917,1.701922770010258,97.95745850187755,1.7673676573497064,7.063373364785473,0.21564630097148746,3.275443785942512
rgb32,adam,303,47,3072,192.3316206072775,182.35668018735728,3.2901149498342885,13.149109189081239,0.7779431616540724,1.6902403462385915,99.03833582181493,1.786869057713044,7.141311688104672,0.2192598764324897,3.2570079871879742
rgb32,adam,303,48,3072,192.3316206072775,182.45890661527017,3.2919593390740944,13.156480383058094,0.7851650718880331,1.6756324057336884,96.42093534200468,1.7396454054756847,6.9525799966458335,0.2204960527139984,3.1531539504083117
rgb32,adam,303,49,3072,192.3316206072775,183.6362332278412,3.313200896470719,13.241373331120112,0.791361190411814,1.673240170424516,97.26764030541048,1.7549218223052636,7.013632961655512,0.21796249630217426,3.21781640449378
rgb32,adam,303,50,3072,192.3316206072775,182.9025278518707,3.299963240335643,13.188468375341472,0.7979690573693179,1.6527543585236482,101.73658648774185,1.8355514248478564,7.335873206713871,0.21916546176820095,3.347184883753542
rgb32,sgd,303,1,3072,192.3316206072775,1.374406397177089,0.024797309480816754,0.09910368936353471,0.010419836043592427,0.951106034192136,15.743921858505775,0.2840549225971482,1.1352397256254054,0.02494232829165965,4.551458518028619
rgb32,sgd,303,2,3072,192.3316206072775,16.101139176067697,0.2904999074238223,1.160997430295322,0.0272137004290775,4.266224041530239,18.07799541554127,0.3261667349866117,1.3035416930952801,0.02470012711461126,5.277469573523674
rgb32,sgd,303,3,3072,192.3316206072775,25.53031840107848,0.46062300629248487,1.840902915883774,0.03620391939115549,5.0848166354427935,17.55587722534768,0.3167465763098282,1.2658935571157954,0.02706898956487547,4.6765452921021105
rgb32,sgd,303,4,3072,192.3316206072775,29.991576373421097,0.5411138966442466,2.1625887907237966,0.044050012857367635,4.90939423270132,18.174769642737186,0.3279127545529298,1.3105197477449955,0.02627841227916032,4.987058326900071
rgb32,sgd,303,5,3072,192.3316206072775,35.25645844348038,0.636103930406758,2.5422212184238333,0.04975752055083005,5.109220054135966,18.37261702809485,0.33148235584026453,1.3247858380805364,0.027024592515390203,4.9021491714485075
rgb32,sgd,303,6,3072,192.3316206072775,38.47756751737286,0.6942198113724132,2.7744842475546356,0.053950281668160224,5.142668697487172,17.66463093445923,0.3187087320357946,1.2737354107531622,0.028230662668907752,4.5118863332811845
rgb32,sgd,303,7,3072,192.3316206072775,40.45193165103419,0.7298416758739041,2.9168488132280483,0.05684590098900738,5.1311506414369195,16.99463401119047,0.30662051628562464,1.225424251044848,0.02968981200423493,4.127423409990116
rgb32,sgd,303,8,3072,192.3316206072775,41.26729007499255,0.7445525322976039,2.9756414877483923,0.059559290023111396,4.996099662359514,16.69021897222599,0.3011282005140148,1.203473935969854,0.031073908707830167,3.8729403091365726
rgb32,sgd,303,9,3072,192.3316206072775,40.69405719774035,0.7342101524229194,2.9343076485601802,0.061496398297610166,4.771511388942939,15.619285834272713,0.28180621503022063,1.1262526532031079,0.031745113236331536,3.5477985062410746
rgb32,sgd,303,10,3072,192.3316206072775,40.387682278599726,0.7286824761092072,2.91221601330757,0.06351910659702308,4.584787427479428,15.732728757155138,0.2838529744697152,1.1344326298191383,0.03260835266481942,3.478963324151783
rgb32,sgd,303,11,3072,192.3316206072775,39.98230551508235,0.721368589123583,2.882985697638685,0.06518815505077194,4.422560655986146,15.315178387383376,0.27631944889509163,1.1043245175282743,0.03333359878184684,3.312947170077774
rgb32,sgd,303,12,3072,192.3316206072775,39.68579378353308,0.7160188663727125,2.8616052627131365,0.06649307514536185,4.303613957479517,16.63983795522227,0.30021921633497906,1.1998411351700247,0.03323581359333659,3.610085042150373
rgb32,sgd,303,13,3072,192.3316206072775,39.16035070904833,0.7065387194821627,2.8237173808327034,0.06782892982992936,4.162998572899118,16.001748470458597,0.2887066808413736,1.1538307104411816,0.03289862726024193,3.5072305641019517
rgb32,sgd,303,14,3072,192.3316206072775,40.15829848707914,0.7245438888035152,2.8956759418508473,0.06917434998848385,4.1860544296157745,17.177327888491845,0.30991671501185103,1.2385976743509985,0.03331557803019846,3.717773328826197
rgb32,sgd,303,15,3072,192.3316206072775,39.477335979647286,0.7122578298355832,2.846574091813369,0.07080404095134317,4.020355411309852,15.789083214268278,0.28486973262547477,1.1384961547150223,0.033157089800194675,3.43364318634604
rgb32,sgd,303,16,3072,192.3316206072775,40.39050675513338,0.7287334358681767,2.9124196765367145,0.07222473591638115,4.03244074150523,17.02867275023403,0.30723464988405197,1.2278786667310875,0.03352240533532705,3.662859673846576
rgb32,sgd,303,17,3072,192.3316206072775,40.94612301963807,0.7387579733643617,2.9524832427394743,0.07347780045354267,4.018197638627222,16.433074639567106,0.29648875208647757,1.1849321479530337,0.03344115788600604,3.5433346895230757
rgb32,sgd,303,18,3072,192.3316206072775,40.12561172667623,0.7239541478685916,2.893319012666056,0.0744316938833379,3.8872137146320513,16.35882755784819,0.29514917169219756,1.1795784478116975,0.03303991552632426,3.5701618149473746
rgb32,sgd,303,19,3072,192.3316206072775,40.55665812026574,0.7317311713489703,2.9244002765333565,0.07588057194917354,3.853951283461837,16.04548274086004,0.2894957431160325,1.1569842373436376,0.03372416905771856,3.43072718964097
rgb32,sgd,303,20,3072,192.3316206072775,40.87952952394201,0.7375564804685367,2.9476814162021054,0.07701110588774922,3.8276056189851664,16.396706815973573,0.2958325966883036,1.18230979003936,0.03461161838655408,3.415933276609405
rgb32,sgd,303,21,3072,192.3316206072775,41.225916396893474,0.743806060291733,2.9726581749883674,0.07761915879138691,3.8297995253695425,16.5370340393004,0.2983644079433779,1.192428300531157,0.03328646803206813,3.5823214988816874
rgb32,sgd,303,22,3072,192.3316206072775,40.91539934637426,0.7382036508321943,2.9502678649753005,0.07824971410277368,3.770324145977581,15.373094129005224,0.27736437605183195,1.1085006212474793,0.033058587032346765,3.3531397459995707
rgb32,sgd,303,23,3072,192.3316206072775,41.33962695193699,0.7458576484031104,2.9808574496334317,0.07910253552078371,3.76834627361626,15.637831150812788,0.28214081326449,1.1275898918053953,0.03333756956661733,3.38233982399998
rgb32,sgd,303,24,3072,192.3316206072775,40.73499393358159,0.7349487410309721,2.9372594549259685,0.07974398435445627,3.683361796759567,15.255810169880045,0.27524831588393983,1.1000436807993408,0.03309063879550872,3.324334980649107
rgb32,sgd,303,25,3072,192.3316206072775,41.4064123262266,0.7470626032101115,2.9856731118722126,0.08086042980075171,3.6923784838013023,15.206355374831002,0.2743560427828685,1.0964776666596043,0.03259326670208167,3.3641232610463505
rgb32,sgd,303,26,3072,192.3316206072775,41.57974152318606,0.7501898425389542,2.9981712804840455,0.08162110617437786,3.6732794016276373,16.926700523456468,0.30539484699093034,1.2205258023184742,0.03248243947954118,3.757494270364802
rgb32,sgd,303,27,3072,192.3316206072775,41.74397403065445,0.7531529576138467,3.0100135182944716,0.08237142176539826,3.6541963872704297,15.97865033111389,0.2882899396861096,1.1521651835408449,0.03250728933828737,3.544328693637997
rgb32,sgd,303,28,3072,192.3316206072775,41.82183706342197,0.7545577777053545,3.0156279521534404,0.08322625150977178,3.6234095582201835,16.15704011619756,0.29150848313732014,1.1650282536508727,0.033117311878528115,3.5178829064511983
rgb32,sgd,303,29,3072,192.3316206072775,41.67148161800287,0.7518450353026407,3.0047863412677995,0.0837523916654061,3.58770213186512,16.482440654792306,0.2973794234045741,1.1884917604868828,0.03254641899475841,3.6516821118731646
rgb32,sgd,303,30,3072,192.3316206072775,41.39592691687264,0.7468734234003279,2.984917045286959,0.08458408332305331,3.5289346742538057,15.74170377014976,0.2840149034124785,1.135079786949431,0.032776793272908014,3.4630592977734715
rgb32,sgd,303,31,3072,192.3316206072775,42.50258009255491,0.766839876802819,3.0647139763702573,0.08523619710297231,3.595554565471559,15.439765006246487,0.27856726508065544,1.1133080275003047,0.03215138069226765,3.462706743937915
rgb32,sgd,303,32,3072,192.3316206072775,42.70310566054277,0.7704577983858563,3.0791731811877936,0.08613836738221897,3.5746825424780555,16.21728946706597,0.2925955137292694,1.169372625857726,0.03285584746706758,3.5591004828891535
rgb32,sgd,303,33,3072,192.3316206072775,42.45748504113544,0.7660262630504393,3.06146232825738,0.08661811505280817,3.534436562595375,16.726370201479188,0.30178044807466703,1.2060806760151404,0.03264795477251112,3.6941997880695254
rgb32,sgd,303,34,3072,192.3316206072775,41.61474067352029,0.750821304066044,3.0006949481050893,0.08732288650513292,3.436321299260653,15.71629280026958,0.28355643371558187,1.1332474898424005,0.032913138778534384,3.4431462081686752
rgb32,sgd,303,35,3072,192.3316206072775,41.40840889688826,0.7470986257291417,2.9858170776737776,0.08793026548864873,3.3956648044685234,15.53808783432494,0.2803412248074861,1.1203977464009478,0.032174187244215606,3.4822876422538913
rgb32,sgd,303,36,3072,192.3316206072775,41.283052441475775,0.7448369200017336,2.976778057452081,0.08861843837332176,3.3590955924001347,15.939839189740455,0.28758970146987495,1.1493666464368142,0.03176516939834346,3.6183236803287855
rgb32,sgd,303,37,3072,192.3316206072775,41.5043344232061,0.7488293328679467,2.992733935439983,0.08933403947969538,3.3500488199911724,16.849567977525602,0.3040032064860408,1.2149640413375509,0.03200882058428512,3.795716365550948
rgb32,sgd,303,38,3072,192.3316206072775,42.08034276609506,0.759221788237397,3.034267903851159,0.09013783038896656,3.3662535372302154,16.621918070507025,0.299895902264223,1.1985489942924084,0.03248768244808761,3.6892412877021363
rgb32,sgd,303,39,3072,192.3316206072775,43.158096691262514,0.7786668357003848,3.1119810099815606,0.09104175818738543,3.418190808196354,16.091686644909732,0.2903293630048044,1.1603158409826544,0.03235248031547161,3.586481869916378
rgb32,sgd,303,40,3072,192.3316206072775,42.66957846385429,0.7698528941348167,3.07675565105066,0.09150717417965444,3.3623108555511934,16.310901351330877,0.2942844776848848,1.176122654901522,0.03183809587256443,3.6940734760303684
rgb32,sgd,303,41,3072,192.3316206072775,42.36138025274774,0.7642923216302503,3.054532544523628,0.09200866705126867,3.3198313185230632,16.014576515208585,0.288938126937923,1.1547556963584877,0.03228485632873054,3.5767719843648855
rgb32,sgd,303,42,3072,192.3316206072775,42.11102895427305,0.7597754344563022,3.036480578695506,0.09256317104522516,3.2804413941392747,15.848779804313832,0.2859467901983655,1.1428006692516892,0.032114244904291614,3.5585475313447903
rgb32,sgd,303,43,3072,192.3316206072775,41.297506158273166,0.7450976967918513,2.9778202649553194,0.09315277574622276,3.1967058856816375,15.657192285738306,0.2824901306538982,1.1289859562484341,0.031791022544144246,3.55127286227032
rgb32,sgd,303,44,3072,192.3316206072775,41.09650243582362,0.7414711482523401,2.963326582074137,0.09404097079801924,3.15110164955523,15.785612909154592,0.2848071207007386,1.1382459230217692,0.032551799379358884,3.4967219776598024
rgb32,sgd,303,45,3072,192.3316206072775,40.93261500708031,0.7385142591554104,2.9515092266964804,0.09486320688294451,3.1113319101034245,16.06426150742197,0.28983455330133184,1.1583383092191806,0.03222375653077458,3.5946718630180046
rgb32,sgd,303,46,3072,192.3316206072775,40.1268189380958,0.7239759286135308,2.8934060605041387,0.09522368883765313,3.0385359943754198,15.941016170546288,0.28761093678815863,1.1494515144499489,0.03238446483291215,3.5493917234098236
rgb32,sgd,303,47,3072,192.3316206072775,40.6723302645004,0.7338181508368334,2.932740994587195,0.09577271371680683,3.062188467645496,16.084475949160762,0.29019926621943837,1.1597959026637783,0.03218821075212896,3.6031698425084664
rgb32,sgd,303,48,3072,192.3316206072775,40.1692523620752,0.7247415207621914,2.896465787872494,0.09653378645534351,3.0004684310320697,16.937021835316784,0.30558106612158487,1.2212700364012972,0.032621785251198875,3.743725326486889
rgb32,sgd,303,49,3072,192.3316206072775,41.09074422955431,0.7413672575667264,2.9629113777455065,0.0970940110920493,3.051590251984274,15.704671015704871,0.2833467512016163,1.1324094831729639,0.032323998582696425,3.5033087885951137
rgb32,sgd,303,50,3072,192.3316206072775,40.98991655375596,0.7395481048866032,2.955641042943449,0.09761370795997318,3.0278954715616577,16.240800543314517,0.2930197051730518,1.1710679282092895,0.03229981262430673,3.625618333550394
dup64,adam,303,1,12288,769.32648242911,1.374406397177089,0.012398654740408377,0.049551844681767356,0.0026049590108981075,1.9022120683842716,348.483073757772,3.1436999444074667,12.563954286400964,0.1351481531436939,9.296430616438066
dup64,adam,303,2,12288,769.32648242911,348.42317631178264,3.1431596036798775,12.561794787619094,0.13517052612437502,9.293294291139,355.763890945333,3.209380909456823,12.826451552984832,0.15090891858996,8.499465553680123
dup64,adam,303,3,12288,769.32648242911,469.25236770199257,4.233171575165854,16.918082227119257,0.20207573884096552,8.372149137820973,334.53342786296577,3.0178588223376805,12.061023939041684,0.16383241273856977,7.361805724174782
dup64,adam,303,4,12288,769.32648242911,487.23572308378766,4.395401185644168,17.566440990994334,0.24361870153626736,7.210629102043395,338.339974250638,3.0521980501752646,12.198262383044339,0.16716698734466998,7.2970522331024545
dup64,adam,303,5,12288,769.32648242911,499.8940123994026,4.509592853516832,18.02281371116831,0.27401096787718066,6.577405952321821,313.41257567471393,2.8273255458314073,11.299548156239451,0.16884881902452548,6.692109676288691
dup64,adam,303,6,12288,769.32648242911,497.32259983333023,4.486395888872777,17.93010588010141,0.2991093127375853,5.99449937415752,344.89826950644925,3.1113610741028843,12.434710371470906,0.17208138575011644,7.226063596168182
dup64,adam,303,7,12288,769.32648242911,506.9216835330109,4.572990163216283,18.276184234764784,0.32046544423731166,5.703012466214881,336.4732310058575,3.035357976505234,12.130960185152876,0.16936856864670174,7.162462481723944
dup64,adam,303,8,12288,769.32648242911,508.06340052423735,4.583289704032267,18.31734686550922,0.3416537655169808,5.361377135063015,320.71713605858145,2.893220700580435,11.56290144268618,0.1726095687959805,6.69887626934124
dup64,adam,303,9,12288,769.32648242911,508.8664482862952,4.5905340765572085,18.34629936315421,0.36214078075399125,5.066068318778266,315.35911130614755,2.844885434437585,11.369727130576614,0.17366690220255585,6.546858950311423
dup64,adam,303,10,12288,769.32648242911,510.5859446644006,4.606045821819236,18.408292830031066,0.3808201930992291,4.83385418200092,325.4928209814959,2.936302622077459,11.735080499794297,0.1688971127998349,6.948064596996336
dup64,adam,303,11,12288,769.32648242911,527.6224899474893,4.759734165651306,19.0225159939478,0.3977287535165816,4.782786214413019,341.1919948461276,3.077926407339956,12.301087051109887,0.17502517454286123,7.028181564873984
dup64,adam,303,12,12288,769.32648242911,553.0379866951855,4.989009851414907,19.93882775583895,0.4142101387311966,4.813698625754386,329.507604493689,2.9725203774134386,11.879826573034144,0.17137245709365984,6.932167965906848
dup64,adam,303,13,12288,769.32648242911,544.9626303712064,4.916161270985977,19.64768475538609,0.42959931975463306,4.573490657901396,348.2700171272107,3.1417779396729792,12.556272898212086,0.1725674960892132,7.2761517567136735
dup64,adam,303,14,12288,769.32648242911,561.0748541705425,5.061511220170199,20.228583107447317,0.44409259608346413,4.555037234542296,343.8638735402287,3.1020296867662265,12.397417014598528,0.17487543804797998,7.0892843231632625
dup64,adam,303,15,12288,769.32648242911,557.7211661506287,5.031257272028399,20.107671688368367,0.457592479236033,4.394231243035034,348.904536714496,3.1475020030249365,12.579149404099486,0.1713339284909148,7.341890491214944
dup64,adam,303,16,12288,769.32648242911,571.4669684473679,5.155259501032301,20.603252807485156,0.4711755817151225,4.372733564096725,348.9408649902779,3.1478297239593407,12.580459157228399,0.17372796134292198,7.241470549692231
dup64,adam,303,17,12288,769.32648242911,574.375976803006,5.18150195036359,20.70813207064386,0.4845222055306326,4.273928384348248,346.9872967777267,3.1302063937500173,12.510026635346664,0.17460258321883723,7.164857704119582
dup64,adam,303,18,12288,769.32648242911,593.5195788895354,5.354198260018541,21.398321522024187,0.4970974116271254,4.304653579261673,342.2049303787985,3.0870641980033824,12.337606689181017,0.17503768926052993,7.048542940267826
dup64,adam,303,19,12288,769.32648242911,579.4893330532191,5.227630037981137,20.892485283226048,0.508387555664231,4.109558751084905,341.0575939353031,3.0767139635580207,12.296241458807682,0.17549040117899256,7.006788619889273
dup64,adam,303,20,12288,769.32648242911,580.7870615506887,5.239336973877217,20.939272638900317,0.5204273605624715,4.023476516736054,354.3719255682186,3.1968238534383913,12.776266649661595,0.17215056461056635,7.421565348079843
dup64,adam,303,21,12288,769.32648242911,588.4631765505648,5.308583959213294,21.216021684171412,0.5324864662724546,3.9843306878180673,333.5975975877468,3.0094166057546574,12.027284197622123,0.17789476626517803,6.76089828280485
dup64,adam,303,22,12288,769.32648242911,589.8622494851202,5.32120513320363,21.26646283818084,0.5432973643900768,3.9143320457766735,346.4715407780615,3.1255537083555973,12.491431945128696,0.17549562760209944,7.117802372518631
dup64,adam,303,23,12288,769.32648242911,602.2869248114678,5.433289346395201,21.714413010165696,0.5536646936568671,3.9219428760655584,355.01695598064794,3.2026427359735723,12.799522105163957,0.17503292552697222,7.312636789123185
dup64,adam,303,24,12288,769.32648242911,603.0358239738723,5.440045239098484,21.741413273736935,0.5645295051143809,3.8512448112578004,353.83969229380983,3.1920225249344605,12.757077899811375,0.17430148969524367,7.318972386361359
dup64,adam,303,25,12288,769.32648242911,594.8532221089354,5.36622918613922,21.446403720858775,0.5743233786314803,3.73420350255671,371.36154929001697,3.350088913269809,13.388798137868681,0.1765363261698947,7.584160398230783
dup64,adam,303,26,12288,769.32648242911,613.3006684311292,5.532645406451405,22.111494480629744,0.5847952215984851,3.7810662030017896,354.5759583730815,3.198664453357315,12.783622699427745,0.17326541809778684,7.378057802748023
dup64,adam,303,27,12288,769.32648242911,621.578329564272,5.607318998380788,22.40993123095356,0.5948301055690308,3.767450742849608,352.730317362652,3.1820147450104574,12.717081306085177,0.17487425142926963,7.272129088271626
dup64,adam,303,28,12288,769.32648242911,610.5700440991242,5.50801217687111,22.01304654480692,0.6039587147094031,3.6447932629631103,370.0196809016125,3.3379837870938345,13.340419394796646,0.17676229080959907,7.5470957825311205
dup64,adam,303,29,12288,769.32648242911,620.3105710824117,5.595882424931264,22.364224392338603,0.6130416494834687,3.648075854419036,357.44181061477644,3.2245175871573193,12.886946043566011,0.17967159160447568,7.172500632117177
dup64,adam,303,30,12288,769.32648242911,625.5701699768961,5.64332978176814,22.553850130434103,0.6216507809785693,3.628057877596654,370.022115319376,3.338005748214945,13.340507163517131,0.17761236990413806,7.5110236807928095
dup64,adam,303,31,12288,769.32648242911,616.1447245214365,5.558301915034675,22.21403200224096,0.6293734043560884,3.5295473002975277,344.9410668760428,3.11174715336625,12.43625335658451,0.1764389491510406,7.0484739432099275
dup64,adam,303,32,12288,769.32648242911,629.2185972506795,5.6762426015906025,22.685387863359797,0.6382729542970713,3.554182847735287,353.1716052204219,3.185995646002232,12.73299117629029,0.1788625288381827,7.118870150723326
dup64,adam,303,33,12288,769.32648242911,613.2052120570866,5.531784285150633,22.108052966220203,0.6458478263525907,3.423105577528204,352.97074707347423,3.1841836849833385,12.725749583322548,0.1731781547929179,7.348357302074087
dup64,adam,303,34,12288,769.32648242911,628.2042107719004,5.6670917218002055,22.64881591393713,0.6544555623065994,3.4607110426432,366.4022883480533,3.305350934522554,13.210000565013033,0.17661527409358246,7.479534617155195
dup64,adam,303,35,12288,769.32648242911,637.506466042039,5.751008277804661,22.984192633139546,0.662318789800502,3.4702612981979035,370.4793987021476,3.342130946404619,13.356993724701066,0.1724101809268876,7.747218669392409
dup64,adam,303,36,12288,769.32648242911,649.1553594742697,5.856094086536843,23.4041733311732,0.6697947330014294,3.494230721447499,370.1399557590162,3.339068798364128,13.34475569668336,0.17378771038356697,7.678768347445363
dup64,adam,303,37,12288,769.32648242911,653.6776299241325,5.896889931248976,23.56721596790772,0.6775546910425404,3.4782750794102384,375.23119166038913,3.3849973361479644,13.528311398360266,0.18023970829918784,7.505733074037173
dup64,adam,303,38,12288,769.32648242911,656.4976497511365,5.922329606346489,23.668886903632565,0.6840107903355795,3.460308994836247,363.56020888340464,3.2797122572729727,13.107534307220023,0.17601598850801697,7.446786180235561
dup64,adam,303,39,12288,769.32648242911,653.980393867168,5.899621194436671,23.57813159803819,0.6909596284626768,3.412374707115294,377.7431664166184,3.407658106487129,13.618876302031298,0.17693640359641705,7.697045958442369
dup64,adam,303,40,12288,769.32648242911,671.7771964729084,6.060167894048216,24.219764524342224,0.6980155752684074,3.4698028786863406,390.25261622710553,3.5205070786042985,14.069882871366811,0.17660217014933818,7.966993191232615
dup64,adam,303,41,12288,769.32648242911,660.5586997739225,5.958964736406616,23.815301035862518,0.7054661875520613,3.3758245903323356,373.614166280094,3.3704099917948422,13.470012346016336,0.17449426116018943,7.719458655233698
dup64,adam,303,42,12288,769.32648242911,668.4401227779439,6.030063825359257,24.099452106003568,0.7124308094763366,3.382707736028088,378.5047210655042,3.414528165573642,13.646332837271366,0.17347403016805926,7.866498993567501
dup64,adam,303,43,12288,769.32648242911,677.2066629560289,6.109147643041742,24.415514544444747,0.7191751739118418,3.3949328939763506,385.3526277944549,3.47630380296966,13.893222266282422,0.17321078203065332,8.020991593827988
dup64,adam,303,44,12288,769.32648242911,679.4582553197064,6.129459478311656,24.496691811460348,0.7264228497434468,3.372235856858292,378.4188971927812,3.4137539400108365,13.643238606030959,0.17730739251224925,7.694681204613856
dup64,adam,303,45,12288,769.32648242911,669.9386783025323,6.043582441539205,24.153479932673996,0.7329949059592191,3.295177051887697,370.5922385751169,3.3431488859520275,13.361061971087848,0.17699275644637846,7.548931515248591
dup64,adam,303,46,12288,769.32648242911,691.629983878512,6.239261833935554,24.935522425384548,0.7396295212041321,3.371353050482491,392.54544337128726,3.5411908968683394,14.152546787049964,0.1748733638996277,8.09302598832211
dup64,adam,303,47,12288,769.32648242911,690.2800277446514,6.227083747415576,24.886852092643338,0.7457846377679499,3.337002511492715,373.4727757395476,3.3691344938785086,13.464914754707815,0.17801257519770805,7.564024473975015
dup64,adam,303,48,12288,769.32648242911,695.7106262960589,6.276073708908012,25.082642927509262,0.7524092740698114,3.33364350918168,384.2889818075655,3.4667085483313307,13.854874350522584,0.17472856423881375,7.929369997904955
dup64,adam,303,49,12288,769.32648242911,691.8724040041843,6.2414487296357715,24.944262463585567,0.75826561674337,3.28964704620489,386.2032982358222,3.4839777843495825,13.923891717234179,0.17080746519869675,8.15180513394822
dup64,adam,303,50,12288,769.32648242911,710.7392300479404,6.411648215496965,25.624473233615667,0.7647707173444193,3.3506085748933723,389.7519737300317,3.515990733597215,14.051833072335718,0.1740638842224173,8.072802198519486
dup64,sgd,303,1,12288,769.32648242911,1.374406397177089,0.012398654740408377,0.049551844681767356,0.0026049590108981075,1.9022120683842716,30.92629421977788,0.2789891295754114,1.1149940300835341,0.011369506954919307,9.80688111194746
dup64,sgd,303,2,12288,769.32648242911,31.148229296403446,0.2809912276415425,1.1229955152839624,0.011702411413427073,9.596274439603649,32.773867246510235,0.29565626683058976,1.1816050789311687,0.010802386740577912,10.938370448195549
dup64,sgd,303,3,12288,769.32648242911,48.72674942787424,0.4395687796706037,1.7567586446458587,0.016048617935828468,10.946479327194293,33.804437368076705,0.3049531408478583,1.2187605015939402,0.012407111812817475,9.823079859205182
dup64,sgd,303,4,12288,769.32648242911,60.403231833588215,0.5449034712350864,2.177734015384604,0.020186338147690615,10.788157809759785,34.71608161590301,0.3131771729086035,1.2516282576420046,0.01334064734828254,9.382065389826362
dup64,sgd,303,5,12288,769.32648242911,67.05507167930548,0.6049103700715105,2.4175545921513923,0.023458737960569454,10.30556117816283,34.56002516795753,0.3117693724050081,1.2460019124168473,0.01429601110007814,8.71573128821953
dup64,sgd,303,6,12288,769.32648242911,70.05021808788646,0.6319298792161444,2.525539413774742,0.025682545279527017,9.833680370410908,35.60257747034538,0.32117433884919394,1.2835893318778218,0.015762267164591018,8.14343088132225
dup64,sgd,303,7,12288,769.32648242911,69.87977539560252,0.6303922989931516,2.5193943974007325,0.027616021046506057,9.12294494981015,31.371406319925192,0.28300452943228027,1.1310417767309422,0.016058539962655185,7.043241660582019
dup64,sgd,303,8,12288,769.32648242911,67.40660479397948,0.6080815847337934,2.4302285103859127,0.029125308706920025,8.344043782816636,32.03163927904691,0.28896055563035505,1.1548453337511788,0.016904159930539092,6.831722714979954
dup64,sgd,303,9,12288,769.32648242911,65.72871457903962,0.5929451727452595,2.369735081735897,0.030317415920471782,7.8164151191254305,30.756135336625725,0.27745410962239725,1.108859245956731,0.016977014336761374,6.531532718068394
dup64,sgd,303,10,12288,769.32648242911,65.75995979301624,0.5932270388812014,2.370861573866025,0.03143731435630591,7.541552522569287,32.2075925679273,0.2905478474850409,1.1611890251511572,0.01714071049081037,6.774450952740285
dup64,sgd,303,11,12288,769.32648242911,65.85828007852037,0.5941139958078048,2.374406341648229,0.03241993544253316,7.323908296662242,31.840405391803863,0.2872354160010121,1.1479507268153986,0.017033878486770137,6.739221062936362
dup64,sgd,303,12,12288,769.32648242911,65.28164911451721,0.5889121513970188,2.3536169099156137,0.03327462459195455,7.0733086812486325,31.5973125706356,0.2850424518488314,1.1391864357421593,0.01669267964497112,6.824467131527043
dup64,sgd,303,13,12288,769.32648242911,66.15104180973329,0.5967550280628704,2.384961359337046,0.03419387267337146,6.974820846175574,33.056097978467776,0.29820229790979713,1.1917804196623423,0.01662111339101793,7.170280303282101
dup64,sgd,303,14,12288,769.32648242911,66.70615564693028,0.6017627643650043,2.404975028291136,0.034935915550186165,6.883961649255591,31.88353772525683,0.2876245170061659,1.1495057884714077,0.016509072823430487,6.96287308660952
dup64,sgd,303,15,12288,769.32648242911,67.16486014515782,0.605900782576413,2.4215128253340508,0.03586858784757222,6.751068192660816,32.379040064099435,0.29209449214233574,1.167370267990865,0.016737700779502387,6.974495979880762
dup64,sgd,303,16,12288,769.32648242911,68.95767402202253,0.6220739321766433,2.4861496277763133,0.0367415123109721,6.7665957969668975,33.34856016088418,0.3008406279058268,1.2023246376375742,0.0167481740872852,7.1788401014433525
dup64,sgd,303,17,12288,769.32648242911,68.90818680694437,0.6216275031618492,2.484365451858388,0.03754361570184462,6.617278078883394,31.721433740957988,0.28616216108473397,1.1436614097863478,0.01682871635407754,6.795892127026328
dup64,sgd,303,18,12288,769.32648242911,67.13626989739961,0.6056428671507975,2.420482053417362,0.038329540625018324,6.314925809044196,31.47981203679994,0.2839824680232073,1.1349501572916165,0.016824820278864873,6.745689632817811
dup64,sgd,303,19,12288,769.32648242911,66.67558932864743,0.6014870226136178,2.4038730125706356,0.0391397160529723,6.141774276842471,32.54718813702806,0.29361137237935225,1.1734325558341194,0.017221675422587956,6.813695688951638
dup64,sgd,303,20,12288,769.32648242911,65.89617156783152,0.5944558186445826,2.3757724537363005,0.039805679813592454,5.96842577456759,33.06219785307238,0.2982573254761251,1.1920003400873391,0.017207380130080923,6.927262204218727
dup64,sgd,303,21,12288,769.32648242911,67.99598254956342,0.6133984192000553,2.4514775056347475,0.040377676814552566,6.071368387274841,32.5594042405028,0.2937215750454396,1.173872986308861,0.016801292174339715,6.986801813384891
dup64,sgd,303,22,12288,769.32648242911,68.3417968583439,0.6165180439541809,2.463945242217332,0.04099810872495025,6.009899770615141,31.39429850879775,0.2832110421105289,1.1318671149931685,0.016868360105914477,6.7100009004212975
dup64,sgd,303,23,12288,769.32648242911,68.23043947518966,0.6155134780926128,2.45993044443586,0.041635225325134945,5.908291417245709,31.82670754071775,0.2871118463445763,1.1474568744942168,0.016909178632388867,6.7860000739261706
dup64,sgd,303,24,12288,769.32648242911,69.39136024643668,0.6259862580892893,2.5017854342429673,0.042301330386682406,5.91420036054137,31.69680453072637,0.28593997856665343,1.1427734462243777,0.016999599650101605,6.722355053917682
dup64,sgd,303,25,12288,769.32648242911,70.1105225912564,0.6324738920482379,2.527713588306187,0.04289561699653955,5.892708312157163,33.40383734386851,0.301339288788265,1.2043175608306784,0.01683240868237155,7.1547547564713705
dup64,sgd,303,26,12288,769.32648242911,69.53881604423664,0.6273164712854359,2.507101697907788,0.04342680520764703,5.773166333374006,32.24090846457267,0.29084839345217367,1.1623901721622565,0.01694100520311098,6.861400242937176
dup64,sgd,303,27,12288,769.32648242911,70.06820042775479,0.6320920996655762,2.5261877359260354,0.043998608066800185,5.7415173954837195,31.869638073235397,0.28749912688372503,1.1490046605666546,0.01685583575868402,6.816657904219876
dup64,sgd,303,28,12288,769.32648242911,69.09317601535541,0.6232963089317445,2.4910349177032898,0.04457693344718807,5.588170215105778,32.786340942557565,0.29576879326450717,1.182054796460434,0.0169578110804195,6.970562361231308
dup64,sgd,303,29,12288,769.32648242911,70.67606216756214,0.6375756799641363,2.5481031392454523,0.04507858972007258,5.652579539574269,32.85858685893531,0.29642053075307817,1.1846594979770995,0.01689898689811088,7.0102397565000265
dup64,sgd,303,30,12288,769.32648242911,70.85623161124053,0.639201006164253,2.554598836811972,0.04563665367924328,5.597690958603017,31.74954778057712,0.2864157805900795,1.1446750128425076,0.01710049887839573,6.693810636651405
dup64,sgd,303,31,12288,769.32648242911,69.20371445465165,0.6242934870205489,2.49502018988088,0.04611259720755934,5.410712779092533,31.47751909125943,0.2839617831368784,1.1348674891073585,0.016725286490650727,6.7853396098281396
dup64,sgd,303,32,12288,769.32648242911,71.10692662513294,0.6414625504416793,2.5636372117907302,0.04673733934504201,5.485201442179839,31.701187960056693,0.28597952191202586,1.1429314831847672,0.016820162880970973,6.795008415036166
dup64,sgd,303,33,12288,769.32648242911,70.4862863836348,0.6358636940276345,2.541261101701941,0.04717404392548774,5.3869901544076,32.24552250574949,0.2908900171696032,1.1625565234337718,0.01644220847291001,7.07056187341978
dup64,sgd,303,34,12288,769.32648242911,70.29962211733972,0.6341797773964853,2.53453124454318,0.04772871147776619,5.310286337237196,33.96177946201792,0.30637253928991803,1.2244331985610766,0.01670643894431303,7.32910946876492
dup64,sgd,303,35,12288,769.32648242911,71.26982544853067,0.6429320766844816,2.569510247024287,0.048209784548108675,5.329852168204912,32.63483592977816,0.29440205170338585,1.1765925453553943,0.016457411094413687,7.149317341624757
dup64,sgd,303,36,12288,769.32648242911,72.00162745635653,0.6495337342815405,2.5958941022683195,0.048699347667136156,5.330449434377352,32.457729255148024,0.2928043550428704,1.1702072706277722,0.016442598487787997,7.116924198428194
dup64,sgd,303,37,12288,769.32648242911,73.39329672376277,0.6620881190652893,2.6460683298683514,0.049219095900433746,5.376101046677357,32.62783499150468,0.29433889555343623,1.176340138638817,0.016756688496386014,7.020122972940168
dup64,sgd,303,38,12288,769.32648242911,71.99780780477741,0.6494992768304871,2.595756391339313,0.04966620738996124,5.226403479851734,31.768696200309996,0.28658852036019405,1.1453653759857916,0.016761979621338217,6.833115192001108
dup64,sgd,303,39,12288,769.32648242911,71.68598651528985,0.6466863064332263,2.5845142142533426,0.050241298250108,5.144202686378207,34.812494758865235,0.31404692531552003,1.2551042666995569,0.016704012275969203,7.513789178095733
dup64,sgd,303,40,12288,769.32648242911,71.63987038459193,0.6462702883008445,2.5828515769501688,0.050580370975046446,5.106430670950208,32.626381811586405,0.2943257862750457,1.1762877467511244,0.016340935736334106,7.198411190955521
dup64,sgd,303,41,12288,769.32648242911,72.50152493767658,0.6540433584285303,2.6139170410454198,0.05104169102961595,5.121141146222497,33.30032010284518,0.30040544961684956,1.200585425808891,0.01663438292551584,7.217493015429428
dup64,sgd,303,42,12288,769.32648242911,73.61849638924357,0.6641196673072699,2.654187514171633,0.05148767158080491,5.1549962013841375,31.70500885375574,0.2860139905683648,1.143069238896258,0.01654911745823716,6.907131100983918
dup64,sgd,303,43,12288,769.32648242911,72.06637109287281,0.6501177929685873,2.5982283220648634,0.05194599024394026,5.001788029958594,31.087821654027685,0.2804462843823744,1.1208176222541106,0.016295565378618617,6.878052993023081
dup64,sgd,303,44,12288,769.32648242911,71.73047058699699,0.647087601601582,2.586118010493357,0.05242004661893708,4.933452328443953,32.67108010218899,0.29472901393304124,1.1778992662827774,0.016551296415178156,7.116658639516599
dup64,sgd,303,45,12288,769.32648242911,72.17716356248503,0.651117262689756,2.6022227528659787,0.0528595352274913,4.922901311308937,33.05113141643151,0.29815749406716296,1.1916013588611638,0.016373915189766462,7.277436978578605
dup64,sgd,303,46,12288,769.32648242911,72.78610086703678,0.6566105457632334,2.624176933811336,0.05325737705487085,4.927349184147123,33.39776032942585,0.3012844674456972,1.2040984645892683,0.016386958229900994,7.347907083769647
dup64,sgd,303,47,12288,769.32648242911,72.71916138319637,0.6560066781223791,2.621763546538728,0.05370753282084386,4.881556476042824,31.2918215711647,0.2822865876179012,1.1281724863102072,0.016633807245436456,6.782406875730301
dup64,sgd,303,48,12288,769.32648242911,73.25285189355742,0.6608211524945807,2.6410048345099284,0.054199953903685136,4.872706790863825,31.7225267928466,0.28617202161289224,1.1437008178810166,0.01650702029483974,6.928572192030012
dup64,sgd,303,49,12288,769.32648242911,73.54185327610958,0.6634282622760286,2.6514242793338565,0.05453690628960758,4.861706429136237,31.91393345588891,0.28789871986964477,1.1506016539493065,0.016385879774066716,7.021909533172081
dup64,sgd,303,50,12288,769.32648242911,73.82238184818311,0.6659589380041854,2.6615382516354527,0.05487051774750492,4.850579802951611,33.84495465762489,0.30531865128578767,1.220221282366455,0.016167633764865935,7.547309025629536
dup64_half,adam,303,1,12288,192.3316206072775,1.374406397177089,0.012398654740408377,0.09910368936353471,0.005209918021796215,1.9022120683842716,182.0644743698726,1.6424214576142762,13.12803923871889,0.1344596961284999,9.763549685678848
dup64_half,adam,303,2,12288,192.3316206072775,181.99196251083148,1.6417673210308883,13.122810659480358,0.13456549525106484,9.751987784830387,187.41500514334663,1.690689119838848,13.513847498047065,0.1487436481403687,9.085327452298406
dup64_half,adam,303,3,12288,192.3316206072775,255.0870342805503,2.3011651235727975,18.39344334974578,0.20257326518728475,9.079896763642784,186.0727066370752,1.6785801135274632,13.41705899759197,0.1731450785854629,7.749027062856671
dup64_half,adam,303,4,12288,192.3316206072775,270.8786437069537,2.4436227790926632,19.53212166087627,0.24960319430278718,7.825269109810494,178.61664745559756,1.6113182732849647,12.879428370642783,0.18445760309964748,6.982324476852858
dup64_half,adam,303,5,12288,192.3316206072775,266.0737550116172,2.4002774075039333,19.185657763686166,0.2801721678870244,6.847810012100315,166.33046317417768,1.5004834013757284,11.99351413669434,0.18502078528522034,6.4822523146281315
dup64_half,adam,303,6,12288,192.3316206072775,268.4273257651581,2.4215091998182094,19.355365606528782,0.30482665358895866,6.34963031567062,168.57065202801655,1.5206923644663453,12.155046403091305,0.18723653437045354,6.49181338671979
dup64_half,adam,303,7,12288,192.3316206072775,261.61178534393326,2.3600255420546636,18.8639205709578,0.3263250406700508,5.780714998831861,164.35691415203243,1.4826798223258146,11.851208345891775,0.18576714475061598,6.3796040800441265
dup64_half,adam,303,8,12288,192.3316206072775,262.00290276948505,2.3635538506628992,18.892122695108387,0.34792115453033123,5.430001150867473,171.57703322466182,1.547813223734623,12.37182614802894,0.18766843295208135,6.592385279408136
dup64_half,adam,303,9,12288,192.3316206072775,268.8855986514233,2.425643324415827,19.388410078569542,0.36745619803247964,5.276386731910776,176.2818919186398,1.59025621488255,12.711077227960606,0.1880011134787206,6.7611712466795275
dup64_half,adam,303,10,12288,192.3316206072775,278.75285192094265,2.5146567827176898,20.099903567614884,0.3861549134742078,5.205139923451318,172.49389674121596,1.5560843393298212,12.4379380035325,0.1903063232548241,6.535746049214477
dup64_half,adam,303,11,12288,192.3316206072775,282.5362338521842,2.5487870417247125,20.372710146824264,0.4040959845178601,5.041552236934895,175.64481532583244,1.5845090845333043,12.665139839365766,0.18944793071980465,6.685288032043819
dup64_half,adam,303,12,12288,192.3316206072775,289.4837922235011,2.611461646348001,20.87367453994714,0.4201547409284569,4.968092111449354,177.29107742740987,1.5993601762130294,12.783846102855799,0.1918417455756562,6.663745716291067
dup64_half,adam,303,13,12288,192.3316206072775,290.6300950750452,2.621802556659123,20.956330471954796,0.43663925032406,4.799460986707371,173.3034641336536,1.5633875260790557,12.49631310680892,0.1885652256100353,6.627050701624104
dup64_half,adam,303,14,12288,192.3316206072775,287.2276986144247,2.591109204902419,20.71099543668613,0.4509435812662733,4.592813003021035,182.5458043743355,1.6467635827337401,13.162746279767019,0.19195829216914528,6.857086573873339
dup64_half,adam,303,15,12288,192.3316206072775,292.89391770613764,2.642224722369417,21.119566888248208,0.46517085589413,4.540174136157595,176.42796082429763,1.5915739167888279,12.721609751297022,0.1920962417213644,6.622518815203952
dup64_half,adam,303,16,12288,192.3316206072775,285.7628724126064,2.5778948642471717,20.605371888094727,0.4790378475033839,4.30140791494542,171.50309550327373,1.547146224307331,12.366494754790562,0.19164573512206942,6.452788916441934
dup64_half,adam,303,17,12288,192.3316206072775,286.16667704380484,2.581537625380335,20.634488842742233,0.4924164226496615,4.1904550485358225,177.81737204912957,1.604107931549325,12.821795386860687,0.18951984820948548,6.765410329311859
dup64_half,adam,303,18,12288,192.3316206072775,301.5518612845123,2.7203288794882168,21.74386124010846,0.5048977191238594,4.306587337696874,173.7051024857387,1.5670107449961372,12.525273858565663,0.18898376860131472,6.62769821517811
dup64_half,adam,303,19,12288,192.3316206072775,297.46461974771086,2.6834574732145398,21.44914439620489,0.5182091200641898,4.139090487938153,178.4832973631691,1.6101153090387141,12.869812956916702,0.1876405903023423,6.858757444846969
dup64_half,adam,303,20,12288,192.3316206072775,305.0694267547012,2.7520611821617433,21.997500714131206,0.5302586602406633,4.14844723217673,182.161905519888,1.6433003935625392,13.135064661799928,0.1962242487344137,6.693904930974164
dup64_half,adam,303,21,12288,192.3316206072775,306.9937055737978,2.7694202898836386,22.13625380108443,0.542209230053243,4.082603647103301,179.17803665498224,1.6163826202441036,12.919908203203322,0.18880918670553568,6.842838756226962
dup64_half,adam,303,22,12288,192.3316206072775,320.7461223261112,2.8934821885392026,23.127892984821095,0.5545375774854774,4.17066289532503,190.0110651537162,1.7141084314922745,13.701040402100181,0.19039871661971866,7.195973084978888
dup64_half,adam,303,23,12288,192.3316206072775,316.6583650710653,2.856606129920724,22.833138954259486,0.5662129480391505,4.032606289441601,183.5629991462515,1.655939796411615,13.236092674912754,0.19429296853849054,6.8124403957987845
dup64_half,adam,303,24,12288,192.3316206072775,308.0978536179793,2.779380917548223,22.215870095803854,0.576510109109775,3.85350920040392,179.85396006716996,1.6224801915562623,12.968646701519814,0.19205985514487023,6.752398460228765
dup64_half,adam,303,25,12288,192.3316206072775,316.3406090845451,2.8537396220401923,22.810226669620693,0.5865300988166697,3.8890121266820836,182.349685016256,1.6449943707934198,13.148604791498915,0.1897454604681523,6.929601772320573
dup64_half,adam,303,26,12288,192.3316206072775,319.03829257104525,2.8780756890264305,23.00474729088407,0.5966249479522249,3.8558138357845184,185.84199323721256,1.6764988253475201,13.40042305267862,0.18987445892985313,7.057517439788596
dup64_half,adam,303,27,12288,192.3316206072775,329.71748515865386,2.974413731451176,23.774786914556863,0.6066456449776672,3.919056719748165,187.6270171111928,1.6926017005686513,13.529134947411338,0.19194813697640808,7.048328345627118
dup64_half,adam,303,28,12288,192.3316206072775,326.78102048761525,2.947923596009145,23.563048608344577,0.6167001151241707,3.820827664934071,184.88834566437836,1.6678958771773973,13.331658826162675,0.1931111679706153,6.903618763359808
dup64_half,adam,303,29,12288,192.3316206072775,334.8786883439689,3.0209734509571757,24.146943416643957,0.6254577922851211,3.86068312114598,191.8407563821832,1.7306142552936703,13.832973105199942,0.201164316213836,6.8764547140137955
dup64_half,adam,303,30,12288,192.3316206072775,330.7623477621506,2.983839539347973,23.850128341297307,0.6344973225586912,3.7589013370645334,187.23287125340167,1.6890460721765312,13.500714453491428,0.19331852735806138,6.98366299288305
dup64_half,adam,303,31,12288,192.3316206072775,336.96802205527086,3.0398215350297875,24.29759804072524,0.6437221906831971,3.774547218100038,187.66717832479927,1.6929639988106306,13.53203083355236,0.1935581498355975,6.991196622330841
dup64_half,adam,303,32,12288,192.3316206072775,329.3986196674509,2.9715372146202177,23.751794627374675,0.6528190570997966,3.638342718255502,192.5884887477105,1.7373596222080294,13.886889498657132,0.1985109516067975,6.995528149078507
dup64_half,adam,303,33,12288,192.3316206072775,334.7071941524848,3.0194263850568976,24.134577563927177,0.6608497972608145,3.652051898020345,177.7878797678452,1.6038418787909101,12.819668800511094,0.1954781776448394,6.558107383118185
dup64_half,adam,303,34,12288,192.3316206072775,341.2084278961453,3.078074651493883,24.60335903259233,0.6695443201078474,3.674642334151879,188.95180075543968,1.7045527035940256,13.62466051177352,0.19783558321912909,6.88686043737764
dup64_half,adam,303,35,12288,192.3316206072775,330.3007644006624,2.9796755506290875,23.816845162343643,0.677290118916791,3.5164908651605,185.94732864359483,1.677449066366739,13.408018424334728,0.19517085883887167,6.869887494528095
dup64_half,adam,303,36,12288,192.3316206072775,342.4773962777422,3.0895221395674466,24.69485995150556,0.685639046157052,3.6017289403102306,192.79359512716596,1.7392099069485156,13.901679009938354,0.19563288046816393,7.106003334751606
dup64_half,adam,303,37,12288,192.3316206072775,338.3436193321246,3.052230932812413,24.39678760030139,0.6935505571645414,3.5176653451254274,197.0449753442581,1.777562024335478,14.20823132609924,0.19443547537712183,7.307427463296673
dup64_half,adam,303,38,12288,192.3316206072775,344.2918563104215,3.1058905612596535,24.825694385782448,0.7015434378988192,3.53872519428554,197.74393172528457,1.7838673783157504,14.258630652096398,0.19443629928744466,7.3333172377536195
dup64_half,adam,303,39,12288,192.3316206072775,340.0235040061696,3.0673853370119035,24.517918271145952,0.7096612384412417,3.454876347058087,190.2386107739964,1.7161611428223011,13.71744792938949,0.19301513817062543,7.106928533897306
dup64_half,adam,303,40,12288,192.3316206072775,346.19909477875507,3.1230959463081094,24.963218752007847,0.7173357131204967,3.4799910690929967,194.76578623509127,1.7570012361212353,14.043886886245387,0.19540329576581741,7.187128974055991
dup64_half,adam,303,41,12288,192.3316206072775,347.12840286697764,3.13147932560335,25.030227942511754,0.7251690934739853,3.451640199198546,187.7629270634704,1.693827757561355,13.53893494377311,0.19560312273784627,6.921635377937415
dup64_half,adam,303,42,12288,192.3316206072775,350.0819723213472,3.1581237649713274,25.24319961546138,0.7329933807155369,3.44385096504137,191.9509583211471,1.7316083977800145,13.84091938568057,0.20004045465751233,6.919060151796545
dup64_half,adam,303,43,12288,192.3316206072775,346.2519677691893,3.123572918734048,24.967031240388636,0.73942889291579,3.3765290320122787,192.5759209565196,1.7372462469326047,13.885983278723403,0.20043746891196415,6.927838070446989
dup64_half,adam,303,44,12288,192.3316206072775,344.69277763975333,3.109507311844241,24.854603435509606,0.7463341048134247,3.330224798144925,193.20191371408984,1.7428933889184473,13.931121450313322,0.19486651183336165,7.1490587680998745
dup64_half,adam,303,45,12288,192.3316206072775,353.18068619942443,3.186077566403351,25.466637150553023,0.7540390952512676,3.3773629657845268,194.8381378708953,1.7576539273151068,14.04910391234072,0.19908180780833076,7.056950138742322
dup64_half,adam,303,46,12288,192.3316206072775,349.5704757360109,3.153509504170804,25.206317366653604,0.7613156381363376,3.310889216509121,192.1586489310772,1.7334819951167535,13.855895236878958,0.19617664062061935,7.0629689615668845
dup64_half,adam,303,47,12288,192.3316206072775,354.8672774942625,3.2012924716859703,25.588251412615673,0.7683703659512754,3.3301975904466747,197.457297208122,1.7812816202588309,14.237962428921584,0.19814363866482432,7.185677281825952
dup64_half,adam,303,48,12288,192.3316206072775,366.2349898951334,3.303841718790862,26.4079378174984,0.7761234219075014,3.4025435996500186,194.41392629633268,1.753827073146871,14.018515483622535,0.19226292905090347,7.291325245498053
dup64_half,adam,303,49,12288,192.3316206072775,360.7252906496264,3.2541381821885595,26.010652470431673,0.7823446733566032,3.3247049997585485,193.7581357812949,1.7479111226720419,13.97122869885251,0.19497919264996047,7.165497255871084
dup64_half,adam,303,50,12288,192.3316206072775,360.28110117410495,3.2501311054188173,25.978623504406016,0.789148780227744,3.2919804421301557,197.1770938659432,1.7787538784614128,14.217757935520691,0.19427629368224777,7.31831849683874
dup64_half,sgd,303,1,12288,192.3316206072775,1.374406397177089,0.012398654740408377,0.09910368936353471,0.005209918021796215,1.9022120683842716,15.885126894611677,0.14330128576117837,1.1454215321591557,0.012551238508750439,9.125964193578138
dup64_half,sgd,303,2,12288,192.3316206072775,16.231609609513328,0.14642694027239744,1.1704052017767987,0.013676716914623738,8.557647343898378,18.248293613176585,0.16461964421591924,1.315821306834189,0.012378470246285588,10.629918565495021
dup64_half,sgd,303,3,12288,192.3316206072775,25.25600506546918,0.22783689567504972,1.8211231304750801,0.018168516265100514,10.02351047219653,17.382673106151202,0.15681079682924476,1.2534044074286375,0.013097936151499004,9.569480206125379
dup64_half,sgd,303,4,12288,192.3316206072775,30.636442439238483,0.27637434827041896,2.2090878512630328,0.021967916891530263,10.055973273072366,18.06080405264302,0.1629282825246021,1.3023020834049417,0.013475818420838372,9.663992514110483
dup64_half,sgd,303,5,12288,192.3316206072775,34.92661987673806,0.31507645918310084,2.5184377007352636,0.02517759478230303,10.002693754152551,17.81239255580977,0.1606873380782509,1.2843899899607774,0.013018456764547204,9.86591585462357
dup64_half,sgd,303,6,12288,192.3316206072775,38.48432816004305,0.34717089410598045,2.774971734103345,0.02711635555732766,10.233571868596714,16.554942780500834,0.14934376048032827,1.193719637888481,0.013774751172685479,8.665997831275215
dup64_half,sgd,303,7,12288,192.3316206072775,40.19391941796484,0.3625932843085645,2.8982444439158748,0.02869396083322352,10.100538091486207,16.87896066715876,0.152266757575394,1.2170834464777962,0.014575812077317432,8.350021528967128
dup64_half,sgd,303,8,12288,192.3316206072775,41.18582550511902,0.37154136628402223,2.9697673595113128,0.030022105068034627,9.891935801241688,16.229632112013967,0.1464091010737478,1.1702626112749672,0.015505666775996569,7.547322073801968
dup64_half,sgd,303,9,12288,192.3316206072775,40.62576141859557,0.36648897329780733,2.929383076253833,0.031096575944915966,9.420275342992428,15.63941780598811,0.1410847200040041,1.1277043000196942,0.015775704273948452,7.148361052139859
dup64_half,sgd,303,10,12288,192.3316206072775,39.80830227861795,0.3591145943209698,2.8704389263705683,0.032095561081803434,8.943414072290398,15.7596817377249,0.14216963271278596,1.1363761159810868,0.01635966546149018,6.946206318558644
dup64_half,sgd,303,11,12288,192.3316206072775,39.93667773298306,0.3602726818699547,2.8796956361599237,0.03306919544913022,8.708091010528848,15.711597097185884,0.1417358564603002,1.1329088989418445,0.016564004910152853,6.839583211228293
dup64_half,sgd,303,12,12288,192.3316206072775,40.08620123838723,0.3616215480589434,2.8904772587298986,0.03381051728026553,8.549047726096186,16.74221801790949,0.15103318874174138,1.2072234072188255,0.016667883721291736,7.242811549475266
dup64_half,sgd,303,13,12288,192.3316206072775,40.25573820577684,0.3631509576489431,2.902701982789918,0.034455945226420516,8.42438645556051,15.96811092734985,0.14404989284930064,1.1514052236055203,0.01658968513712583,6.940488707822465
dup64_half,sgd,303,14,12288,192.3316206072775,40.15647979729308,0.36225553782304576,2.8955448024236907,0.035009266308601406,8.270795442840473,16.283002788666945,0.146890563175817,1.1741109860868146,0.016514916849859302,7.10939689712587
dup64_half,sgd,303,15,12288,192.3316206072775,40.00368872877692,0.3608771946271462,2.8845275671846458,0.035769671435595896,8.064171269725815,17.041205058217095,0.15373038011995707,1.2287823280934858,0.01663792215960679,7.385431403668293
dup64_half,sgd,303,16,12288,192.3316206072775,40.4881377928161,0.3652474570885787,2.919459512825763,0.036281231169152064,8.046748742385619,16.790943754886325,0.15147274838799196,1.2107368515037762,0.01699619078330404,7.123577670669159
dup64_half,sgd,303,17,12288,192.3316206072775,40.51915939801644,0.36552730602784606,2.9216963734309287,0.03701242494038756,7.893825865602242,16.877365716376744,0.15225236936815428,1.2169684400960041,0.01721507725796267,7.069201153501109
dup64_half,sgd,303,18,12288,192.3316206072775,40.248804867770055,0.36308841132762126,2.902202043778074,0.03738585727826451,7.762834010136138,16.525035990916834,0.14907396840193887,1.1915631627797496,0.01685709663699093,7.068614414685168
dup64_half,sgd,303,19,12288,192.3316206072775,39.92608458095229,0.3601771200078215,2.878931800623074,0.03801498542974141,7.573149819941039,16.204983536174502,0.14618674385662192,1.1684852877640572,0.01699937117081938,6.873697126925759
dup64_half,sgd,303,20,12288,192.3316206072775,39.49188541431532,0.3562601667931376,2.8476232012010416,0.038535910494179225,7.38953138691551,15.36446016068486,0.13860430015194822,1.1078780556685113,0.017191518225354238,6.444329355592344
dup64_half,sgd,303,21,12288,192.3316206072775,39.72573423358326,0.3583697398986692,2.864485230358036,0.038838279216590055,7.375417469923462,15.964532233439916,0.14401760910098427,1.1511471763712338,0.01668559283994532,6.89904870275503
dup64_half,sgd,303,22,12288,192.3316206072775,40.30009642801055,0.36355111751687136,2.9059005006999024,0.03930694278244397,7.392842828768134,16.91424016552558,0.15258501738600272,1.2196273290253656,0.016947044041118287,7.1966965216247
dup64_half,sgd,303,23,12288,192.3316206072775,40.01273365576391,0.36095878979950147,2.8851797655710003,0.03981978571456656,7.245593399854903,16.90007387398213,0.15245722188231475,1.2186058467625946,0.016928431857843,7.198574900474379
dup64_half,sgd,303,24,12288,192.3316206072775,40.66969198130748,0.36688527520729747,2.932550757115555,0.04028002445101575,7.280409575425678,16.862769989948376,0.15212069989030372,1.2159159927696799,0.01655552174993001,7.344474013782261
dup64_half,sgd,303,25,12288,192.3316206072775,40.71923214386352,0.36733218186647604,2.9361229268108193,0.04082190691241642,7.192517814295848,16.294602016694338,0.14699520094806712,1.1749473662823993,0.016701903049471695,7.034811319417666
dup64_half,sgd,303,26,12288,192.3316206072775,39.71838658208623,0.3583034560147673,2.863955416634083,0.04123722003675061,6.945073926132086,16.625078538245837,0.14997646202117038,1.1987768846847071,0.01655319821697874,7.241965383191708
dup64_half,sgd,303,27,12288,192.3316206072775,40.26205598293532,0.3632079509355546,2.9031575358390516,0.0416521429372078,6.970007618133051,16.122028000299217,0.1454383938414912,1.1625036511278661,0.016553448373098616,7.022727983476102
dup64_half,sgd,303,28,12288,192.3316206072775,39.92369488395671,0.36015556231713897,2.878759487841928,0.04205361093861769,6.84545137406589,16.74620542610421,0.15106915954165684,1.2075109254258907,0.01690684581021405,7.142141940493648
dup64_half,sgd,303,29,12288,192.3316206072775,40.771714305285485,0.36780562858561083,2.9399072338639383,0.04234974533099036,6.941971459064704,15.47269203521638,0.13958067049406805,1.115682281620046,0.016485239648942364,6.767765015121417
dup64_half,sgd,303,30,12288,192.3316206072775,40.39404708737195,0.3643986556180096,2.9126749576436244,0.04270936068397205,6.819757802501342,15.667302070843196,0.1413362666886953,1.1297149378688813,0.016506622265547,6.844010359568523
dup64_half,sgd,303,31,12288,192.3316206072775,40.702641456971065,0.36718251565486043,2.934926629788705,0.0430578770208216,6.816236268150089,16.78586255569355,0.15142691039233958,1.210370463812749,0.01623179525613176,7.456787402216134
dup64_half,sgd,303,32,12288,192.3316206072775,40.27562335480469,0.36333034352619475,2.9041358320765998,0.043487748017060485,6.678055232791754,16.42803303619028,0.14819889524532068,1.1845686153792787,0.016595120077973226,7.13805389664858
dup64_half,sgd,303,33,12288,192.3316206072775,40.912946438790975,0.3690796974965111,2.950090994297406,0.04377858396729889,6.738662439381373,15.637301985039256,0.14106563297596694,1.1275517354925686,0.016473708079331784,6.844553333485467
dup64_half,sgd,303,34,12288,192.3316206072775,40.73420324002608,0.36746723759146854,2.937202440749763,0.04412257549624193,6.656915213392144,15.675983972477876,0.1414145869737869,1.1303409597532783,0.016584520821311764,6.815638340908503
dup64_half,sgd,303,35,12288,192.3316206072775,40.83884136719,0.3684111883865558,2.944747534014269,0.04443400670300684,6.627238353040529,15.304161719381831,0.13806034200635417,1.103530143720288,0.016141642639783314,6.836541784170621
dup64_half,sgd,303,36,12288,192.3316206072775,40.860821532612185,0.36860947361192037,2.9463324476836417,0.04476234497728651,6.5821673309981445,16.43838584083352,0.14829228891012758,1.185315120297702,0.016099952590602748,7.362227395561084
dup64_half,sgd,303,37,12288,192.3316206072775,40.77426453397256,0.36782863444840735,2.9400911220298616,0.045134794835059895,6.514023455239131,16.197856046425088,0.14612244607341143,1.1679713491418866,0.016298843505936682,7.165976829684053
dup64_half,sgd,303,38,12288,192.3316206072775,41.17701182776346,0.37146185723724434,2.969131835735674,0.045533534310741794,6.520758558896289,15.742615564178138,0.142015677089485,1.1351455332616842,0.016290525381941288,6.968133357565247
dup64_half,sgd,303,39,12288,192.3316206072775,40.798143263279485,0.368044046804552,2.941812934571254,0.04596271782326302,6.400432946291787,15.768741127895236,0.14225135835893496,1.1370293572575447,0.0162713164504307,6.98793708991781
dup64_half,sgd,303,40,12288,192.3316206072775,40.69439861414779,0.367108156162315,2.9343322669158978,0.04620131429413787,6.351187864991566,16.45796775799019,0.1484689393029659,1.1867271045834438,0.016020788784357646,7.4074199501471405
dup64_half,sgd,303,41,12288,192.3316206072775,40.58176171621184,0.3660920476725649,2.926210409969624,0.04652514389433904,6.289524685007307,16.43678073326285,0.14827780907750251,1.1851993815450264,0.01637061758826915,7.239796392252886
dup64_half,sgd,303,42,12288,192.3316206072775,41.36512176608872,0.37315881541739016,2.9826957924607522,0.046893284858644094,6.360603232321728,15.984626734559049,0.14419888356395869,1.152596121312785,0.01625229384543715,7.09189811773172
dup64_half,sgd,303,43,12288,192.3316206072775,41.820167372138656,0.37726382640405404,3.015507556492729,0.04722747456905619,6.385070520938914,15.893125522972054,0.14337344217113168,1.1459982855721123,0.016259019159911386,7.048385110448189
dup64_half,sgd,303,44,12288,192.3316206072775,41.77688004387343,0.37687332717551614,3.0123862570411366,0.0476005683713509,6.328466991276906,16.52564117670756,0.14907942784223865,1.1916068006329599,0.016406794704869644,7.262886030257227
dup64_half,sgd,303,45,12288,192.3316206072775,41.903753458898905,0.3780178646804843,3.0215346599713038,0.047898616944232884,6.308187694624247,16.238517008868833,0.14648925259860526,1.170903270442256,0.01606490953893098,7.288576805270777
dup64_half,sgd,303,46,12288,192.3316206072775,41.50205463024236,0.37439410019832786,2.9925695474582654,0.048164987073715665,6.213163813120494,16.491953143834934,0.14877552479774678,1.1891776731551378,0.016230043336149167,7.327014774547662
dup64_half,sgd,303,47,12288,192.3316206072775,41.8018888298426,0.37709893388350685,3.014189554058044,0.04844688426646106,6.221637572149744,16.4996820610488,0.1488452481170276,1.1897349786306164,0.01596922681182188,7.450172714372533
dup64_half,sgd,303,48,12288,192.3316206072775,42.03889456775396,0.37923698586136007,3.031279217694349,0.04882659737237237,6.208254068118911,15.760281274809143,0.14217504119555122,1.1364193465256192,0.016289390162900652,6.976438867022981
dup64_half,sgd,303,49,12288,192.3316206072775,42.14815433255056,0.38022262890224934,3.0391575612560313,0.04909869488726697,6.189894799106345,14.456772181085713,0.13041595797442077,1.0424278163841418,0.01630986107720971,6.391396048374438
dup64_half,sgd,303,50,12288,192.3316206072775,41.585185998160405,0.3751440364115401,2.9985638627346183,0.04937150108422096,6.073471125821113,15.578772544079458,0.14053763315575354,1.1233313800377227,0.01611553351628376,6.9704883111853855
gray32,adam,303,1,1024,58.88242863574264,1.3949079927208587,0.043590874772526836,0.18178276525125953,0.018051391431562768,1.0070291032159064,41.69426534695935,1.3029457920924796,5.433547509542992,0.1554264134590863,3.4958971185250265
gray32,adam,303,2,1024,58.88242863574264,41.83944310193033,1.3074825969353228,5.452466903430841,0.1567127606787301,3.479274361459755,37.0405759998884,1.1575179999965124,4.827084199743767,0.1701245748019267,2.837382080374845
gray32,adam,303,3,1024,58.88242863574264,55.41403629581693,1.731688634244279,7.2214918863133075,0.2322602410711199,3.10922431364481,39.13447742781799,1.2229524196193122,5.099958965476629,0.19697243571237166,2.5891739354453778
gray32,adam,303,4,1024,58.88242863574264,59.421145537502206,1.856910798046944,7.743693638987038,0.28593547973617,2.7081961448548015,37.26900802068908,1.1646565006465337,4.856853191411872,0.21777579190927943,2.2302080267191178
gray32,adam,303,5,1024,58.88242863574264,58.09280221645638,1.8154000692642618,7.570585503280001,0.3226394928653401,2.346453447482864,34.30190577613124,1.0719345555041013,4.470183924611795,0.21932786792986758,2.038128563781591
gray32,adam,303,6,1024,58.88242863574264,57.49842184946584,1.7968256827958076,7.493126554527516,0.3463038402897064,2.1637434191486333,34.06005366776666,1.0643766771177081,4.43866604295237,0.2211400405991617,2.0071742914246333
gray32,adam,303,7,1024,58.88242863574264,58.24175979904625,1.8200549937201953,7.589997479847368,0.3658228815166569,2.074773849131626,33.432203761411444,1.0447563675441076,4.356845383284794,0.22356463811922814,1.948807924158948
gray32,adam,303,8,1024,58.88242863574264,58.43562232097825,1.8261131975305702,7.615261415174487,0.3846459086586596,1.9798108451823888,32.8588222626854,1.0268381957089188,4.28212298229043,0.2249530190944659,1.903563241572771
gray32,adam,303,9,1024,58.88242863574264,58.42789940957883,1.8258718565493384,7.614254974464918,0.4046230752250747,1.8818143207056175,33.576123862090064,1.0492538706903145,4.3756008811478235,0.22749942329131756,1.9233459223080225
gray32,adam,303,10,1024,58.88242863574264,57.99478151435434,1.812336922323573,7.557811560931859,0.4202656718722417,1.7983413984926635,32.74532295349469,1.0232913422967091,4.267331886113147,0.2304502605514943,1.8517366289371617
gray32,adam,303,11,1024,58.88242863574264,56.51175532631655,1.7659923539473923,7.364545336343316,0.43682142323227613,1.6859395956015832,32.69027218409582,1.0215710057529943,4.260157734740613,0.2272894345167115,1.8743316176570382
gray32,adam,303,12,1024,58.88242863574264,57.5895943548816,1.79967482359005,7.505008047956364,0.45160298295362417,1.6618597155561894,32.57281663841657,1.0179005199505178,4.244851066487876,0.22625168030068724,1.8761633331723737
gray32,adam,303,13,1024,58.88242863574264,57.803817173401846,1.8063692866688077,7.532925313133525,0.4653950591369312,1.6186087852121234,32.25747745288351,1.0080461704026098,4.203756435560666,0.2281452708181422,1.8425788185245966
gray32,adam,303,14,1024,58.88242863574264,58.89370310242751,1.8404282219508596,7.674957962613346,0.4783891570142909,1.6043335953753801,32.04558645262013,1.001424576644379,4.176143050189921,0.2295865437907627,1.8189842406425678
gray32,adam,303,15,1024,58.88242863574264,57.344257244460096,1.792008038889378,7.473036004937109,0.4910578309131706,1.5218240163363772,33.02744002471469,1.0321075007723342,4.304097050266322,0.22759313808626883,1.8911365634559953
gray32,adam,303,16,1024,58.88242863574264,58.38999351083133,1.824687297213479,7.609315122424776,0.5037976586738289,1.5103911245747246,32.935589234443285,1.0292371635763526,4.292127163554667,0.23085077001349763,1.859264824329462
gray32,adam,303,17,1024,58.88242863574264,58.02506833102814,1.8132833853446293,7.5617585031777645,0.5164483510592968,1.4641848478492965,31.232940364882754,0.9760293864025861,4.070239970008002,0.22801553988818735,1.7850713034751657
gray32,adam,303,18,1024,58.88242863574264,58.64144322971701,1.8325451009286566,7.642083753373353,0.528187306776137,1.4468510801628025,31.860392999303016,0.9956372812282193,4.152008857665331,0.23003394648526496,1.8049548430154383
gray32,adam,303,19,1024,58.88242863574264,57.67879331717815,1.802462291161817,7.516632351572391,0.5392640308742754,1.3938686656675654,34.0023197405011,1.0625724918906594,4.431142225609638,0.22662355672443724,1.9552875657130748
gray32,adam,303,20,1024,58.88242863574264,59.78432846303903,1.8682602644699697,7.791023209711878,0.5517000709322707,1.412184558277561,35.127830066091875,1.097744689565371,4.577817404454699,0.23714727425312943,1.9303689738252556
gray32,adam,303,21,1024,58.88242863574264,59.03209368533987,1.844752927666871,7.692992860239443,0.5620912466337723,1.368637726758939,33.343742308738776,1.0419919471480867,4.345317191053552,0.23576912080384735,1.8430391461945193
gray32,adam,303,22,1024,58.88242863574264,59.718727199321314,1.866210224978791,7.782474130356957,0.572138047609165,1.3602441164117909,33.86571060745403,1.0583034564829383,4.41333948442996,0.23301191648347808,1.894040249543586
gray32,adam,303,23,1024,58.88242863574264,59.40213108920252,1.8563165965375787,7.741215698499435,0.5816801173987994,1.3308372534920363,35.170277508177655,1.0990711721305517,4.583349105068978,0.23066173236086301,1.987043562951514
gray32,adam,303,24,1024,58.88242863574264,58.641617212276266,1.8325505378836333,7.642106426575379,0.5924717306426471,1.289868534028801,34.240404488460264,1.0700126402643833,4.462169149302108,0.23118603607807103,1.9301205319318002
gray32,adam,303,25,1024,58.88242863574264,60.74930882967092,1.8984159009272163,7.916778313543033,0.6040352901112942,1.3106483086583165,34.583758431632674,1.080742450988521,4.506914630420227,0.23033903620249818,1.9566438692823473
gray32,adam,303,26,1024,58.88242863574264,60.98247049538695,1.9057022029808421,7.947163666961056,0.6141731681994492,1.2939613904429412,33.60498283463208,1.0501557135822526,4.379361748429662,0.23254964850730644,1.883194309920476
gray32,adam,303,27,1024,58.88242863574264,59.86595747173944,1.8708111709918576,7.801661005898948,0.6237144090733406,1.2508386678912808,34.835481580117026,1.088608799378657,4.539718894391776,0.23205558769357154,1.956306650278319
gray32,adam,303,28,1024,58.88242863574264,60.81288478043594,1.900402649388623,7.925063456501458,0.6343475796163647,1.2493250878791577,33.92771431755895,1.0602410724237172,4.421419734838968,0.2408553314089714,1.8357159498916862
gray32,adam,303,29,1024,58.88242863574264,62.243188960641895,1.9450996550200592,8.111459011179669,0.6426252080548621,1.2622379124734209,34.64174149771982,1.0825544218037444,4.514470915240496,0.23367964271198205,1.9319059473249587
gray32,adam,303,30,1024,58.88242863574264,62.7070324179532,1.9595947630610375,8.171906543743653,0.6526556811218159,1.2521007293918573,34.08289105801934,1.0650903455631044,4.441642184728687,0.24119087517011578,1.841546526831053
gray32,adam,303,31,1024,58.88242863574264,62.74283509843236,1.9607135968260112,8.176572306858404,0.6611178990436017,1.2367797511891514,35.77584578209184,1.11799518069037,4.662266048663107,0.23664696917439804,1.970135541954577
gray32,adam,303,32,1024,58.88242863574264,63.7407059208559,1.991897060026747,8.306613656116053,0.6700702147679959,1.2396631685818362,34.68186840503198,1.0838083876572493,4.519700206498593,0.24315639036598383,1.8587626669798074
gray32,adam,303,33,1024,58.88242863574264,65.01312902511582,2.0316602820348693,8.472434335092007,0.6796047066171303,1.2466709327640269,35.24536809073031,1.1014177528353222,4.593134821268168,0.23642042557322376,1.9427825705548398
gray32,adam,303,34,1024,58.88242863574264,63.79575499207901,1.993617343502469,8.313787586184322,0.6884551460340773,1.2076004710077082,36.44441972800974,1.1388881165003044,4.749393817159752,0.23578388268599157,2.0142996048143047
gray32,adam,303,35,1024,58.88242863574264,63.01440106926709,1.9692000334145965,8.211962464047328,0.6969993433663806,1.1781879771055503,35.863273086197715,1.1207272839436786,4.6736594718722095,0.24183541867118563,1.9325785683307235
gray32,adam,303,36,1024,58.88242863574264,64.74936248565503,2.0234175776767196,8.438060590605525,0.7055628914265972,1.195933161045981,35.32982146223235,1.104056920694761,4.604140685086103,0.2369200336469657,1.9433310953968241
gray32,adam,303,37,1024,58.88242863574264,65.76093547865756,2.0550292337080487,8.569887590580493,0.7143995541497754,1.1995930765633984,36.011108995497345,1.125347156109292,4.692925273298655,0.24064348238756006,1.9501568156916154
gray32,adam,303,38,1024,58.88242863574264,66.00917209243259,2.0627866278885185,8.602237493458757,0.7226097619818656,1.1904402550369415,37.255001004382265,1.1642187813869458,4.855027813558666,0.23852638178639715,2.03542592529928
gray32,adam,303,39,1024,58.88242863574264,66.57721317636408,2.0805379117613776,8.67626393789254,0.7317630850689689,1.185665704505277,36.07240644890836,1.1272627015283863,4.700913485167869,0.2409848411070997,1.950709207920122
gray32,adam,303,40,1024,58.88242863574264,66.67497353006675,2.083592922814586,8.689003951944182,0.7387759899370968,1.176135130309799,34.35009812674037,1.0734405664606366,4.476464294932562,0.23767819728325817,1.8834139378790553
gray32,adam,303,41,1024,58.88242863574264,67.05478785475103,2.0954621204609696,8.738500907000317,0.7475865081394983,1.1688949455157538,35.70888850661346,1.1159027658316707,4.653540255454045,0.23770006649098574,1.957736202665522
gray32,adam,303,42,1024,58.88242863574264,68.02579278280268,2.125806024462584,8.865041124573757,0.7560101101252279,1.1726088058670703,35.51138981441223,1.1097309317003823,4.627802458703869,0.23695960089140966,1.9529921730517388
gray32,adam,303,43,1024,58.88242863574264,68.1936882260095,2.131052757062797,8.886921060812197,0.763507104630795,1.1639604932176235,36.53061817054106,1.1415818178294082,4.760627096577078,0.24068255845104092,1.9779692916740679
gray32,adam,303,44,1024,58.88242863574264,67.08413126903132,2.0963791021572287,8.74232490615841,0.7708990983156946,1.13404269446665,36.63457240840279,1.1448303877625872,4.774174290310789,0.2383604374088245,2.002922272760539
gray32,adam,303,45,1024,58.88242863574264,68.27110909698688,2.13347215928084,8.897010457451882,0.7782102729280963,1.1432656143147486,35.50197163294232,1.1094366135294476,4.626575092397149,0.23682936066556176,1.9535479382265277
gray32,adam,303,46,1024,58.88242863574264,67.49313956584223,2.1091606114325696,8.795626385247344,0.7853482964504757,1.1199650428988992,35.404476588363906,1.106389893386372,4.613869653117825,0.24017219379814103,1.9210673726017058
gray32,adam,303,47,1024,58.88242863574264,68.03838450306225,2.126199515720695,8.86668206271448,0.7928204972142898,1.118371951011494,34.36535817061605,1.0739174428317515,4.478452965861435,0.24065396871822967,1.8609512195932423
gray32,adam,303,48,1024,58.88242863574264,68.93486131767892,2.1542144161774663,8.983509864401091,0.8006773788872908,1.121988718712843,36.29335816438541,1.134167442637044,4.729707652264211,0.2398213004931022,1.9721799700607696
gray32,adam,303,49,1024,58.88242863574264,69.43031968286344,2.1696974900894825,9.048077414490491,0.8079913270062453,1.119823581277198,39.270913170407496,1.2272160365752343,5.1177391106162755,0.240544757422366,2.1275621075499798
gray32,adam,303,50,1024,58.88242863574264,72.06281412129123,2.251962941290351,9.391140986441597,0.8151858544168259,1.1520245273588445,38.09964883937754,1.190614026230548,4.965101323718598,0.24009555257588677,2.0679688859081566
gray32,sgd,303,1,1024,58.88242863574264,1.3949079927208587,0.043590874772526836,0.18178276525125953,0.018051391431562768,1.0070291032159064,9.822766201563892,0.30696144379887164,1.2800913120111583,0.05032494370107425,2.543651751733272
gray32,sgd,303,2,1024,58.88242863574264,10.246939708831752,0.32021686590099224,1.3353691034496271,0.05400062887455928,2.472876948436326,11.158717910203451,0.34870993469385786,1.4541909638204102,0.04626093048896073,3.1434537707092263
gray32,sgd,303,3,1024,58.88242863574264,16.19864802519596,0.5062077507873738,2.1109887151827658,0.07047120485594106,2.995533735371915,10.866059687956012,0.3395643652486254,1.41605208929157,0.04594159815803148,3.0822873954462486
gray32,sgd,303,4,1024,58.88242863574264,19.665561505309995,0.6145487970409373,2.562792793007785,0.08289204147128847,3.0917235810816246,10.806806217837943,0.3377126943074357,1.4083302469155825,0.04646698336814707,3.030819185652123
gray32,sgd,303,5,1024,58.88242863574264,20.913576218974853,0.6535492568429642,2.725432599294748,0.09201784787021297,2.9618521432264404,10.303752065145096,0.32199225203578424,1.3427728227522422,0.04314557925301733,3.11219097297978
gray32,sgd,303,6,1024,58.88242863574264,23.596918454287948,0.7374037016964984,3.075122596195012,0.098792481662442,3.11270912973136,9.711641562933629,0.3034887988416759,1.2656096801019785,0.041409390215373335,3.056334984696582
gray32,sgd,303,7,1024,58.88242863574264,25.12031977593308,0.7850099929979087,3.273650460599824,0.10321178230156033,3.1717797983906473,10.034621292519738,0.3135819153912418,1.3077000177232758,0.043421370112391236,3.0116507478654966
gray32,sgd,303,8,1024,58.88242863574264,25.656058142524216,0.8017518169538818,3.3434672529892406,0.10722486889045796,3.11818264511469,9.748220874159948,0.30463190231749837,1.2703766528201836,0.0451991600349015,2.810620046565545
gray32,sgd,303,9,1024,58.88242863574264,26.15810692888813,0.8174408415277541,3.408893658997751,0.11054676836098366,3.08366649657837,9.479313600484792,0.29622855001514975,1.2353329739109402,0.04302055080812962,2.871495019718573
gray32,sgd,303,10,1024,58.88242863574264,27.6613411349688,0.864416910467775,3.6047933686758142,0.11341988295348511,3.178272869629203,9.351534984135368,0.29223546825423025,1.2186810152576169,0.044282700170275344,2.752047663244469
gray32,sgd,303,11,1024,58.88242863574264,27.98911979981111,0.8746599937440972,3.647509097882568,0.11580503126285156,3.149698297307599,9.57613078460384,0.29925408701887,1.2479500752142827,0.04485115110774603,2.7824259676553877
gray32,sgd,303,12,1024,58.88242863574264,27.87315607047522,0.8710361272023506,3.6323968413770986,0.11792456822163412,3.0802714787559506,8.347116882672392,0.26084740258351224,1.0877864323136808,0.044634356439433615,2.4371056717032484
gray32,sgd,303,13,1024,58.88242863574264,27.954497904748965,0.8735780595234052,3.642997213331416,0.1190816884219175,3.0592421568830446,8.69062485192383,0.2715820266226197,1.1325519859288482,0.0448401315779176,2.5257552689399234
gray32,sgd,303,14,1024,58.88242863574264,27.722318181644948,0.8663224431764046,3.6127398255170453,0.11980186576141337,3.015595627460305,8.983410747289646,0.28073158585280145,1.1707074986679702,0.04470634373724762,2.618660800240261
gray32,sgd,303,15,1024,58.88242863574264,28.107175838956817,0.8783492449674005,3.6628940217359736,0.12128456364356442,3.0200826153776856,9.081915791422396,0.2838098684819499,1.1835445598985972,0.04479796042064084,2.6419608142545576
gray32,sgd,303,16,1024,58.88242863574264,28.780835502227287,0.8994011094446027,3.750684554922806,0.12245311019627686,3.0629557296755734,8.745905675681096,0.27330955236503424,1.1397561177141724,0.04569433067963211,2.494305312633039
gray32,sgd,303,17,1024,58.88242863574264,28.913802337629207,0.9035563230509127,3.7680126361670196,0.12330218779734466,3.0559170956155293,9.354904426009751,0.29234076331280473,1.2191201169506856,0.0458289598361157,2.6601522733883938
gray32,sgd,303,18,1024,58.88242863574264,27.95603168032109,0.873625990010034,3.643197093155914,0.124173574593436,2.933955235712848,9.093058778367784,0.28415808682399324,1.184996700821627,0.04567267619980008,2.5945418561367637
gray32,sgd,303,19,1024,58.88242863574264,28.08214522894641,0.8775670384045753,3.6596320621462644,0.12586113769964002,2.907674385464205,9.636321018111744,0.301135031815992,1.255793995490948,0.046795477677532546,2.6835798197095446
gray32,sgd,303,20,1024,58.88242863574264,27.729220950467933,0.8665381547021229,3.6136393862128626,0.12704197118860314,2.8444453060698733,9.635595713175466,0.3011123660367333,1.2556994746066639,0.047526287844111774,2.642115619729046
gray32,sgd,303,21,1024,58.88242863574264,27.700988080978547,0.8656558775305796,3.6099601119427738,0.12762635495842878,2.8285381284442637,9.762191315040742,0.3050684785950232,1.2721972642069865,0.04673744946437049,2.722008322633919
gray32,sgd,303,22,1024,58.88242863574264,27.979761090198707,0.8743675340687096,3.6462894818782123,0.12833325438038398,2.841266279331225,9.100730743635712,0.284397835738616,1.1859965022913965,0.04634720159711544,2.5589387523349645
gray32,sgd,303,23,1024,58.88242863574264,27.67432212611241,0.8648225664410129,3.6064850361392606,0.12934076776969947,2.78835907527692,9.388559270030274,0.2933924771884461,1.2235059765500826,0.0457230986049498,2.6759034577276677
gray32,sgd,303,24,1024,58.88242863574264,27.6048645673128,0.862652017728525,3.597433408955186,0.1298978948575747,2.7694316469867024,8.932119896922876,0.27912874677883986,1.1640233355113927,0.046328245758368976,2.5125564684285884
gray32,sgd,303,25,1024,58.88242863574264,28.259204560946493,0.8831001425295779,3.68270622556957,0.13130579885965113,2.804679045063277,9.05268958155772,0.28289654942367876,1.179735834681781,0.046244174226713675,2.5511015266443833
gray32,sgd,303,26,1024,58.88242863574264,28.192533845185423,0.8810166826620445,3.674017776485062,0.13218925859467884,2.779361814676943,8.75508247413907,0.2735963273168459,1.1409520272713254,0.04608843051398468,2.475571449379524
gray32,sgd,303,27,1024,58.88242863574264,28.04746579228981,0.8764833060090566,3.655112678842355,0.13305456992702971,2.747077895067344,9.197495718090677,0.28742174119033365,1.1986067996928618,0.04610509141880434,2.5997276283547293
gray32,sgd,303,28,1024,58.88242863574264,27.850858320694325,0.8703393225216977,3.6294910249109207,0.13342678802868108,2.720211644554267,9.155357844545316,0.2861049326420411,1.193115441685842,0.04716718732983134,2.529545451465249
gray32,sgd,303,29,1024,58.88242863574264,27.9024147832216,0.871950461975675,3.6362098023311433,0.13379010124529445,2.7178466631581486,9.374999272883018,0.2929687272775943,1.2217388537067908,0.046799049798362566,2.610606110531624
gray32,sgd,303,30,1024,58.88242863574264,27.708337336850263,0.8658855417765707,3.610917858304449,0.13475377313305864,2.679641374300484,8.90160227861985,0.2781750712068703,1.1600463154692424,0.046545495733956666,2.492284800445139
gray32,sgd,303,31,1024,58.88242863574264,27.900567949631693,0.8718927484259904,3.6359691251548103,0.13558541569243565,2.6816815854315093,9.444639201986996,0.29514497506209364,1.230814247173947,0.04651213502430921,2.6462217796079917
gray32,sgd,303,32,1024,58.88242863574264,27.888859291929965,0.8715268528728114,3.6344432666856443,0.13662466858556763,2.6601662088639606,9.377562651792484,0.29304883286851513,1.2220729102244832,0.04733926561225526,2.581520634971809
gray32,sgd,303,33,1024,58.88242863574264,27.83481361348318,0.8698379254213494,3.627400097581155,0.1369861984306475,2.648004061093507,9.10790563810229,0.28462205119069656,1.1869315260802962,0.04638623432857283,2.558801211740472
gray32,sgd,303,34,1024,58.88242863574264,27.62419583656188,0.8632561198925588,3.599952637175436,0.13768609914570043,2.6146086347946715,9.400448041584264,0.29376400129950825,1.2250553072441517,0.047266160038643014,2.5918232118763047
gray32,sgd,303,35,1024,58.88242863574264,27.401909280709905,0.8563096650221845,3.570984515254984,0.13845530876932655,2.579160414285322,9.154653618081587,0.2860829255650496,1.1930236677232524,0.04583809650287259,2.602690248379943
gray32,sgd,303,36,1024,58.88242863574264,27.565992498279048,0.8614372655712202,3.592367646742289,0.13886175562566772,2.587010102642158,9.32755727895499,0.2914861649673434,1.2155562689841608,0.04541595170897048,2.676496304147836
gray32,sgd,303,37,1024,58.88242863574264,27.36958117352997,0.8552994116728115,3.5667715544366545,0.140074549470328,2.546338052075766,9.122847351086753,0.285088979721461,1.188878712502684,0.04592213662377653,2.588901126798036
gray32,sgd,303,38,1024,58.88242863574264,28.201062486163902,0.881283202692622,3.6751292189235554,0.14075988878281384,2.6109208032936957,9.460229249759848,0.29563216405499526,1.232845923821681,0.04697313879344379,2.6245764185418956
gray32,sgd,303,39,1024,58.88242863574264,28.328793944564453,0.8852748107676391,3.691775032008573,0.14138632135803397,2.611126024461627,9.624948516032184,0.30077964112600575,1.2543119444261923,0.045369966014897886,2.764630557612322
gray32,sgd,303,40,1024,58.88242863574264,28.398570607385,0.8874553314807813,3.7008682444524865,0.14160745554803908,2.6134699123924303,9.231758579464309,0.28849245560825965,1.2030718953969666,0.04479986865678267,2.6854362110162624
gray32,sgd,303,41,1024,58.88242863574264,27.97813036387507,0.874316573871096,3.646076967546066,0.14230112067858172,2.562226460451798,9.049615977497243,0.28280049929678885,1.179335286223878,0.04577072990984957,2.576614549400255
gray32,sgd,303,42,1024,58.88242863574264,27.853876147418404,0.8704336296068251,3.6298843045320965,0.14305258600765403,2.5374475260012987,9.28206718709552,0.290064599596735,1.2096280538381434,0.04563318729800013,2.650763896764133
gray32,sgd,303,43,1024,58.88242863574264,28.20529723729968,0.881415538665615,3.675681086699516,0.14341071203342304,2.5630450017170743,9.080294041746468,0.2837591888045771,1.1833332153925982,0.0452859392934425,2.613025662832939
gray32,sgd,303,44,1024,58.88242863574264,28.114588057066165,0.8785808767833176,3.663859973262235,0.14446082908477545,2.5362307529829655,9.109315039897018,0.2846660949967818,1.1871151976607393,0.04636692339507891,2.56026302962929
gray32,sgd,303,45,1024,58.88242863574264,28.531053678983707,0.8915954274682408,3.7181332821681408,0.14505637548163341,2.5632332738376737,9.252129106074678,0.2891290345648337,1.2057265584114312,0.0450735723844279,2.675018851685224
gray32,sgd,303,46,1024,58.88242863574264,28.2128783205479,0.8816524475171219,3.6766690445316117,0.14551925126548945,2.526586010138131,9.179154820938042,0.2868485881543138,1.1962166355967399,0.045221331254999206,2.6452486081211917
gray32,sgd,303,47,1024,58.88242863574264,28.87915983942924,0.9024737449821637,3.7634980666392344,0.14582383508459096,2.5808524816646514,9.564099781331628,0.29887811816661336,1.2463822090503618,0.045909245219112105,2.7148828152188624
gray32,sgd,303,48,1024,58.88242863574264,28.57428204425398,0.8929463138829369,3.7237667517712465,0.14664294517517526,2.5393425829813676,8.775723286170582,0.2742413526928307,1.1436419135632527,0.04656419354509117,2.4560543767515033
gray32,sgd,303,49,1024,58.88242863574264,29.36217284694344,0.9175679014669825,3.8264437523880073,0.1472844042437484,2.5979965577722903,9.155987592028332,0.28612461225088537,1.193197509635463,0.04575550887841697,2.6077679800394447
gray32,sgd,303,50,1024,58.88242863574264,28.35806483348393,0.8861895260463728,3.695589579747142,0.14786519032824597,2.499296535948252,9.40973985239893,0.29405437038746657,1.2262662050760489,0.0455919115088602,2.689657363538574
avg16,adam,303,1,768,44.83414999026673,1.337461133189891,0.048261471579865343,0.1997453601814245,0.020799121081729332,0.9603548120929385,32.72832036677324,1.1809815358675526,4.887865506941808,0.1548993999910017,3.1555096451153135
avg16,adam,303,2,768,44.83414999026673,32.860852375226244,1.1857638727898392,4.907658720446918,0.15680628487516377,3.129758940691689,29.923770977852055,1.0797810768269747,4.469015408097762,0.16558285781541648,2.698960186494424
avg16,adam,303,3,768,44.83414999026673,45.60929163391431,1.645783550149286,6.8115956112366405,0.23178495326340506,2.9387565997417466,33.80013528570956,1.2196573253656364,5.047937490880622,0.20256479788089457,2.49201121995972
avg16,adam,303,4,768,44.83414999026673,52.33346783331373,1.888421358824394,7.8158289033615524,0.29561792989412317,2.6438954180353083,33.58695760408621,1.2119649383737325,5.016100115018387,0.22927462612848096,2.1878130169569934
avg16,adam,303,5,768,44.83414999026673,52.990093980625865,1.9121153140061196,7.913893828797245,0.3362181199050241,2.3537975380484504,28.77970573917791,1.0384981784820366,4.298153079840804,0.2296907157975998,1.8712785429378327
avg16,adam,303,6,768,44.83414999026673,52.44166311201671,1.8923255196546573,7.831987507434714,0.3561063307533141,2.1993395879446394,28.48407560186705,1.0278305447722247,4.254001704677622,0.2299632728575008,1.8498613503877461
avg16,adam,303,7,768,44.83414999026673,50.87216159133468,1.8356910118134513,7.597587689171422,0.3742021661897368,2.0303430540054954,27.725457530340385,1.0004562730342224,4.140704625475158,0.22429173851232567,1.8461244506549719
avg16,adam,303,8,768,44.83414999026673,50.60547020006889,1.8260676151548352,7.557758219227411,0.3921748693176734,1.9271398578845191,28.392833107930475,1.0245381148699861,4.240374942476507,0.22961725093140473,1.8467144455724127
avg16,adam,303,9,768,44.83414999026673,49.44665947518242,1.7842526349077708,7.384693701776732,0.4084361987092444,1.8080409437542808,28.093041510999186,1.0137203174206695,4.195602067196322,0.22508701918676183,1.8639911276780907
avg16,adam,303,10,768,44.83414999026673,48.54033115677678,1.7515483287449158,7.2493365897754405,0.4216760148636807,1.7191721450220503,26.84876764706764,0.9688214517777636,4.009773914925035,0.22679360457853842,1.7680277723777056
avg16,adam,303,11,768,44.83414999026673,49.40324367050164,1.7826860020003,7.378209696127278,0.43735274331237833,1.6870157576346574,28.65763275737206,1.0340932491753874,4.2799218870875055,0.2231238954523089,1.918181770003342
avg16,adam,303,12,768,44.83414999026673,49.65606418229648,1.7918088764091382,7.415967596477825,0.45067407687692973,1.6455278830033484,26.853354928254223,0.9689869810295088,4.010459010072946,0.22288462889568997,1.799343018826947
avg16,adam,303,13,768,44.83414999026673,50.14476826453812,1.8094434659989056,7.48895392146857,0.4654962706082999,1.6088107240219511,27.67554162257781,0.9986550878602495,4.133249851106472,0.22569451598828202,1.8313470458099517
avg16,adam,303,14,768,44.83414999026673,51.12682194214207,1.844880275694112,7.635620363343142,0.4779877765387565,1.5974509680215694,28.29900307836719,1.0211523153183342,4.226361740458253,0.22816729601957644,1.8523082905341686
avg16,adam,303,15,768,44.83414999026673,50.75260992477878,1.8313770626341939,7.579733046442819,0.49163229653141555,1.541748396091889,27.93523840019582,1.0080260881393392,4.172034698827277,0.2265189523415473,1.841803811866764
avg16,adam,303,16,768,44.83414999026673,52.65822459360108,1.9001400090102099,7.864330242537096,0.5036477475779004,1.5614743201687207,28.16564697872445,1.0163402415666583,4.206445451682072,0.22847043468844896,1.8411333866537878
avg16,adam,303,17,768,44.83414999026673,51.819568130846754,1.869877600602158,7.73907969651053,0.5160491910596657,1.4996786799760211,28.843967703455256,1.040817032380423,4.3077503899098675,0.2295909694195047,1.8762717021499304
avg16,adam,303,18,768,44.83414999026673,53.00015630307241,1.9124784067919436,7.915396603099592,0.5278642591903127,1.4995136467926364,28.335270504774297,1.022461003343269,4.231778159650386,0.2286324927162623,1.8509084642234603
avg16,adam,303,19,768,44.83414999026673,52.5859098169876,1.8975305742761985,7.853530271799517,0.539538092031417,1.4556025585200405,28.944187350288814,1.044433397385263,4.322717859959842,0.23195991253808695,1.8635624632985095
avg16,adam,303,20,768,44.83414999026673,52.50374064528915,1.8945655496887492,7.841258580017663,0.5496960691955796,1.4264716485043256,28.870465625483355,1.0417731937814159,4.311707766201572,0.23371881301844316,1.8448269998108056
avg16,adam,303,21,768,44.83414999026673,52.79168561847942,1.9049558689251993,7.884262201547317,0.5608856336594702,1.4056808961404204,28.209865834641583,1.0179358520895967,4.213049390355723,0.23246617855875434,1.812327890653092
avg16,adam,303,22,768,44.83414999026673,52.78887492444721,1.9048544467404427,7.883842433766488,0.5689685007533243,1.38563776787786,27.54670041414321,0.9940059312119724,4.114007846276321,0.22784787638792858,1.8055941145889396
avg16,adam,303,23,768,44.83414999026673,54.03504327375599,1.9498216737360061,8.069953521111284,0.5796726677247304,1.3921569827997253,29.490073018640143,1.0641313497333504,4.404244064151401,0.2346262803119912,1.8771316061844885
avg16,adam,303,24,768,44.83414999026673,53.57176585770991,1.9331045899320265,8.000764583925994,0.5903086625656848,1.3553527317644152,29.188813919232125,1.0532605983496601,4.35925202227003,0.23766485859173545,1.8342013405349182
avg16,adam,303,25,768,44.83414999026673,53.71055139374117,1.938112581593731,8.021491740921142,0.6001797362589948,1.3365149231662226,30.09554799315865,1.0859795459537156,4.494669732505285,0.2294797089449593,1.9586349281902438
avg16,adam,303,26,768,44.83414999026673,55.34254664379349,1.9970021376520997,8.265224789266698,0.6100208505476928,1.3549085710506388,30.58932094886611,1.1037970427597317,4.568413076844869,0.23359376429542458,1.9557084884625708
avg16,adam,303,27,768,44.83414999026673,55.4117502730665,1.999499308526454,8.275560120523789,0.6188303180842409,1.337290672206083,30.5702228841129,1.1031079007080902,4.565560844560705,0.23459543087144927,1.9461422703763083
avg16,adam,303,28,768,44.83414999026673,54.867916894336254,1.9798754118011908,8.194340418943321,0.6287899836622515,1.3031919451415488,31.728008462933776,1.1448858891828464,4.7384722598650635,0.24294807050327377,1.9504053891225333
avg16,adam,303,29,768,44.83414999026673,57.13641896732568,2.0617329294572952,8.533133638721505,0.6377148113775113,1.338079888765529,29.84594388059491,1.0769727333549959,4.457392190654107,0.24053013947562707,1.8531532889689173
avg16,adam,303,30,768,44.83414999026673,56.74996160429847,2.0477878505464155,8.475417520281095,0.6469481211594658,1.3100613856164203,29.76862689387984,1.0741827969116913,4.445845156518835,0.23805402236290152,1.867578254880888
avg16,adam,303,31,768,44.83414999026673,56.2491104846139,2.0297149424980523,8.400617075755235,0.6572673077788688,1.2781127216176011,28.9850624609225,1.0459083508932328,4.328822421425869,0.23043618128277274,1.8785341769372088
avg16,adam,303,32,768,44.83414999026673,56.48680430501079,2.038291979447481,8.436115855188802,0.6661694488223264,1.2663618648532156,29.44701833160041,1.0625777475363338,4.3978139902174105,0.23986875858826667,1.833425084658996
avg16,adam,303,33,768,44.83414999026673,56.28420183434807,2.0309811925115056,8.405857851818153,0.6733881995352382,1.2482930139880297,29.14377938004419,1.0516355543919738,4.352526264019961,0.23361057401574628,1.8631546462989226
avg16,adam,303,34,768,44.83414999026673,56.77471063943894,2.048680904427699,8.479113706148183,0.6826907512913741,1.242013853287032,30.449156738513786,1.0987393024736276,4.547480019437365,0.23839572353497993,1.9075342258688255
avg16,adam,303,35,768,44.83414999026673,57.69206661931317,2.0817831370478928,8.616117762615628,0.6915216019468466,1.2459650918147167,31.39618780354944,1.1329123424942074,4.688915950915523,0.23961178370649844,1.9568803663925796
avg16,adam,303,36,768,44.83414999026673,57.7421149607105,2.083589101009033,8.623592315506036,0.6992905439121175,1.2331916097795532,29.90930292150327,1.0792590058127483,4.466854652129011,0.2371426732434568,1.8836148682288074
avg16,adam,303,37,768,44.83414999026673,58.02314902660872,2.093730044358895,8.665563816077576,0.7082736909423799,1.22347673320292,29.12418016156977,1.0509283285130917,4.349599186098743,0.2416629644857387,1.799861718718354
avg16,adam,303,38,768,44.83414999026673,59.21994159230491,2.1369155762319476,8.844300794794322,0.7150709858729102,1.2368423512524143,31.349137929121216,1.1312145763900527,4.681889209067898,0.23750430896622818,1.9712860071661424
avg16,adam,303,39,768,44.83414999026673,59.4457934269555,2.145065302327728,8.878031013146403,0.7237116227922663,1.2267360000234162,31.94350160794588,1.1526618282629248,4.770655442462983,0.2397314514067556,1.9899998162396084
avg16,adam,303,40,768,44.83414999026673,58.78591306143375,2.1212539206610446,8.779480081073016,0.730580066723351,1.2017136082632192,31.65382537497853,1.1422090375703289,4.727393263058891,0.23756026974114378,1.9899763829238233
avg16,adam,303,41,768,44.83414999026673,59.77238387105922,2.1568501198788557,8.926806206885095,0.7378668166563958,1.2098126661036803,30.499630624433298,1.100560621950045,4.5550181259830875,0.23906325857708902,1.9053610132709973
avg16,adam,303,42,768,44.83414999026673,60.37225232643131,2.1784960082655704,9.016394560300641,0.747040677455191,1.2069482736890806,32.64213837526944,1.1778717111179267,4.874994513903662,0.23948848841929882,2.0355861553430796
avg16,adam,303,43,768,44.83414999026673,60.23934268783917,2.1737000447893786,8.996544948993543,0.7535121691643234,1.1939481958162783,32.23310786043425,1.1631120937524975,4.813907170515906,0.2375571458134102,2.0264206972317305
avg16,adam,303,44,768,44.83414999026673,60.587440770536766,2.1862609523987446,9.048532236834246,0.7606216353064031,1.1896233050469571,31.12915531918469,1.1232766376985595,4.649035539854632,0.23940307927237345,1.9419280461991613
avg16,adam,303,45,768,44.83414999026673,60.383345614215216,2.1788963028085853,9.018051305838142,0.7670841692955408,1.175627351835452,33.02443747629775,1.1916667416735294,4.932089609781182,0.2386917624537494,2.0663007215160425
avg16,adam,303,46,768,44.83414999026673,61.01971642908764,2.201859356638024,9.113091164919858,0.7745709975624836,1.1765340031576275,32.475266126771395,1.1718502275185125,4.850072700062965,0.2410241101659027,2.0122769862004852
avg16,adam,303,47,768,44.83414999026673,61.73627651568803,2.2277159915686036,9.220107024325252,0.7812302094067569,1.1802035959831518,33.44717402827897,1.2069209330536954,4.9952239041108815,0.24545061808806623,2.0351237829511692
avg16,adam,303,48,768,44.83414999026673,61.09912903507766,2.2047249122283605,9.124951172805538,0.7882190615261312,1.1576668997496737,32.38778699403316,1.1686935962163318,4.8370079833070605,0.24347455702957738,1.986658500304596
avg16,adam,303,49,768,44.83414999026673,61.81270358642956,2.2304738159352286,9.231521152477498,0.7943392604657039,1.1621635253261002,30.961407408482977,1.1172235563610826,4.623982948783906,0.23864308460944367,1.9376144740801446
avg16,adam,303,50,768,44.83414999026673,62.363535041536,2.2503502339904666,9.31378599342811,0.8018814311571482,1.161491665917233,32.54886658348452,1.1745060552370001,4.861064682836039,0.24138374845370064,2.0138326270827758
avg16,sgd,303,1,768,44.83414999026673,1.337461133189891,0.048261471579865343,0.1997453601814245,0.020799121081729332,0.9603548120929385,9.367450278497756,0.33801874624444467,1.3989974612551694,0.056730206924133546,2.4660538663750637
avg16,sgd,303,2,768,44.83414999026673,9.73512134611349,0.35128593311076844,1.4539079091229405,0.06137569006219328,2.368866089570097,10.444775557266649,0.3768933737258202,1.559892399059462,0.05195933241284405,3.002140956441283
avg16,sgd,303,3,768,44.83414999026673,15.196819603498442,0.5483679930566255,2.2695943306204125,0.08006664846415111,2.8346313654387525,9.778466594657058,0.3528500200429385,1.4603813774485874,0.05171245972464336,2.8240416047211316
avg16,sgd,303,4,768,44.83414999026673,18.61102409914263,0.6715674858459131,2.7794943866235067,0.09424416224445553,2.9492483358427077,9.168653008417984,0.3308452676572747,1.3693077519022994,0.049736077767340056,2.7531478423123183
avg16,sgd,303,5,768,44.83414999026673,20.876931713710285,0.7533313840477542,3.117900132688195,0.10499426082233558,2.969591012183134,8.55168493658905,0.3085823500102847,1.2771656277913834,0.047576830358657715,2.6844277312369824
avg16,sgd,303,6,768,44.83414999026673,22.137519643501054,0.7988189328353726,3.3061647362926903,0.1111439069554237,2.9746702512614456,9.183127442430226,0.3313675688056082,1.3714694603538207,0.04533451353483313,3.025221522008924
avg16,sgd,303,7,768,44.83414999026673,24.37001464338353,0.8793771571570378,3.6395804197759136,0.11669366646442289,3.118918558348267,8.659916596302654,0.31248782362719035,1.2933296652471604,0.04379445111960315,2.9531815839295756
avg16,sgd,303,8,768,44.83414999026673,25.765486697486764,0.9297319175372316,3.847989517545477,0.12072234957438172,3.187470697109471,8.527623707030402,0.3077141151751148,1.2735721633943005,0.044120433689982246,2.886581243383088
avg16,sgd,303,9,768,44.83414999026673,26.219536484896533,0.9461160279738893,3.9158003391655076,0.12318837409630014,3.1787093286127845,8.550327207879654,0.30853335719554376,1.2769628555362824,0.0437412185803048,2.9193582094469943
avg16,sgd,303,10,768,44.83414999026673,27.00573440386497,0.9744855017334362,4.0332163766122875,0.12518521973848132,3.2217991748849375,8.34753221822037,0.3012156233286628,1.246676100095494,0.04560427434125728,2.7336825727487803
avg16,sgd,303,11,768,44.83414999026673,26.89875265288896,0.9706251303131626,4.017239008858372,0.12782904659027564,3.1426652361216756,8.346563122561403,0.3011806541011893,1.2465313688904913,0.045979349704497546,2.711067853072658
avg16,sgd,303,12,768,44.83414999026673,27.221697842401703,0.9822784110693299,4.065469795979812,0.12927493676892918,3.144824432013905,8.130595882294068,0.293387607582159,1.2142773817471788,0.04654470491958658,2.608841078367641
avg16,sgd,303,13,768,44.83414999026673,27.342249655718778,0.9866284499361994,4.083473807291986,0.13036559275167223,3.1323248114020523,8.252821461168933,0.29779804326123777,1.232531364363866,0.04735266832004844,2.602876264613857
avg16,sgd,303,14,768,44.83414999026673,26.504174782412186,0.9563870278296605,3.9583101197100006,0.13177816787609561,3.003767758732084,8.45706063991558,0.30516788981301557,1.2630338046288836,0.04653206373368371,2.7143300839988243
avg16,sgd,303,15,768,44.83414999026673,27.326862829974036,0.9860732256870931,4.081175836177788,0.132983294134679,3.0689387435722355,8.52133575461054,0.30748721823622366,1.2726330786689646,0.04627997924431101,2.749856632283178
avg16,sgd,303,16,768,44.83414999026673,27.93211658234357,1.0079134392407545,4.171568465741436,0.1342623233028335,3.1070283629252518,8.49685154907973,0.30660372057034196,1.2689764442209464,0.04753809294440616,2.6693886220992544
avg16,sgd,303,17,768,44.83414999026673,27.92402058874375,1.007621300235491,4.170359356095188,0.13560937396097078,3.0752736586597935,7.9984120200878674,0.2886178333054543,1.1945361627230588,0.0471743993854183,2.532170368431425
avg16,sgd,303,18,768,44.83414999026673,27.62886556579861,0.9969708107386132,4.126278937678151,0.13694220729914408,3.0131535185967033,8.43049513235021,0.30420928962901395,1.2590663346625666,0.04737938440353584,2.657413874226286
avg16,sgd,303,19,768,44.83414999026673,28.03074931705742,1.0114725414868764,4.186298935758242,0.13786778340638284,3.0364591584232503,8.732060128369023,0.31509107910586587,1.3041040611826802,0.04775758437619474,2.730674254606404
avg16,sgd,303,20,768,44.83414999026673,27.71097461986037,0.9999336660177045,4.138541651091442,0.13883929945761966,2.9808142703534175,8.157409059490838,0.294355144774183,1.2182818403470361,0.04712325115746055,2.585309397002753
avg16,sgd,303,21,768,44.83414999026673,27.733709393040677,1.0007540364811804,4.141937013651782,0.13890880130457664,2.9817671556822494,9.002810013041774,0.3248609240307954,1.344539653583076,0.04712529885908762,2.8531164494117482
avg16,sgd,303,22,768,44.83414999026673,28.193488270017586,1.0173448776305756,4.210603455693747,0.13972157010773237,3.0135672340692703,8.678899935140617,0.31317282586395384,1.2961647635984606,0.04889130913655721,2.6511148637443354
avg16,sgd,303,23,768,44.83414999026673,27.76515579950745,1.0018887609335954,4.146633429592585,0.1408638374722085,2.943717496274151,8.179194850988027,0.29514127181077116,1.2215354756575927,0.04693037557202764,2.602867462210714
avg16,sgd,303,24,768,44.83414999026673,27.860973584459,1.0053462874295285,4.160943496249465,0.14109796711648018,2.948974801893846,7.9836458750952595,0.28808500594380587,1.192330888209395,0.0472579833025178,2.523025327967963
avg16,sgd,303,25,768,44.83414999026673,27.09139667790401,0.977576572794426,4.046009751580185,0.14243515937930604,2.8405976229546153,8.587091575385774,0.30985997703780904,1.2824534912243921,0.048083141990927405,2.6671582557279065
avg16,sgd,303,26,768,44.83414999026673,27.31776385448976,0.9857448946905182,4.0798169345317605,0.1435432771851051,2.842220837183942,8.706877119940428,0.31418236556241247,1.3003430628521908,0.04752095597573742,2.736357121090118
avg16,sgd,303,27,768,44.83414999026673,27.02538575528458,0.9751946087979395,4.036151240415021,0.14440365741648564,2.795047793543101,8.289439492018339,0.2991193826342439,1.2380001451602876,0.047344273542382534,2.614888882077853
avg16,sgd,303,28,768,44.83414999026673,27.39437507585886,0.988509364020543,4.091258564966144,0.14494306400877252,2.8226659847059152,8.72582751290038,0.31486617896720487,1.3031732408464758,0.048650284173056786,2.678654941070604
avg16,sgd,303,29,768,44.83414999026673,27.73172717032133,1.0006825091798925,4.1416409752988095,0.14530072880022013,2.8503924305798347,7.491966950132987,0.27034307096369126,1.1189002803785946,0.04627269988110188,2.4180570471436047
avg16,sgd,303,30,768,44.83414999026673,27.652962690656427,0.9978403408338229,4.129877762918465,0.14537349509576195,2.840873957249214,7.887115579404315,0.2846017689311733,1.1779144104496113,0.04667750095605376,2.5235164400909165
avg16,sgd,303,31,768,44.83414999026673,27.0493937869241,0.9760609240185513,4.039736759880282,0.1457469849876575,2.7717463659521906,7.769631562311366,0.2803624296252925,1.1603685642732648,0.046724363542080344,2.483433644266181
avg16,sgd,303,32,768,44.83414999026673,27.39447085938965,0.9885128203109983,4.091272869917056,0.14696517393600936,2.7838383477832997,7.46383790601165,0.26932805151397243,1.1146993014416031,0.04696796184017898,2.3733184446765323
avg16,sgd,303,33,768,44.83414999026673,27.248543917728654,0.9832471353703737,4.069479167805706,0.1470361854007282,2.767671887511815,8.36260429666807,0.301759490112977,1.2489270647504729,0.04549781492828104,2.745026473731051
avg16,sgd,303,34,768,44.83414999026673,27.08916862398073,0.9774961748236525,4.045676999156683,0.14764924635415874,2.7400593630207384,8.22258038408105,0.29670681238640817,1.2280149603463626,0.04566216335808085,2.6893490584673323
avg16,sgd,303,35,768,44.83414999026673,26.67839307785229,0.9626735890652919,3.9843290411644734,0.14815442190080216,2.689308216417738,7.639968619621158,0.2756836211961606,1.1410038361722938,0.0452719011051604,2.5203355907716327
avg16,sgd,303,36,768,44.83414999026673,27.11385463280989,0.9783869544388233,4.049363772254352,0.14821397726592303,2.7321065441682677,7.941186403058762,0.28655288171818577,1.185989707651261,0.046239779878512736,2.5648688440283456
avg16,sgd,303,37,768,44.83414999026673,27.176610503515604,0.9806514618666466,4.058736152270895,0.1491310945422522,2.7215894610905327,8.416901332233058,0.30371876561920474,1.2570361459466084,0.045278625722835524,2.7762241584833323
avg16,sgd,303,38,768,44.83414999026673,27.56808658427222,0.9947776381545298,4.117201799468166,0.14947707768280571,2.7544034599104057,7.487307711225934,0.27017494516136586,1.1182044385850907,0.04615084572370552,2.4229337968788762
avg16,sgd,303,39,768,44.83414999026673,27.65244685476382,0.997821727209357,4.129800724548073,0.150197208491126,2.7495855389296873,7.678433483154316,0.27707160240336126,1.1467484352713608,0.04455690360010629,2.573671737971992
avg16,sgd,303,40,768,44.83414999026673,27.44471437262068,0.9903258269290589,4.098776571069983,0.150224556262181,2.7284331357361773,8.448537392205386,0.30486033360302495,1.261760886006024,0.04575105239260252,2.7578838518915423
avg16,sgd,303,41,768,44.83414999026673,26.669045935995296,0.9623363031360862,3.9829330766982465,0.15113242018865966,2.6353929036048807,7.876016733081784,0.2842012738116728,1.1762568347629034,0.04541783369229903,2.5898567569997235
avg16,sgd,303,42,768,44.83414999026673,26.802562623486025,0.9671541716025912,4.00287334873401,0.1515602273177203,2.6411106789531695,8.345678339504756,0.30114872724269376,1.2463992294914863,0.045538844973349764,2.7370022894100714
avg16,sgd,303,43,768,44.83414999026673,27.116206051625767,0.9784718039567185,4.049714948813176,0.1521019322357525,2.6625006594500484,7.852677178101721,0.28335908016476624,1.1727711500575484,0.045781653424422614,2.561661849967008
avg16,sgd,303,44,768,44.83414999026673,27.159173785010296,0.9800222684839701,4.056132036508728,0.15312590873396442,2.648886834399598,8.83363125957446,0.3187562116023255,1.3192733709167705,0.04749038948493909,2.777979682257943
avg16,sgd,303,45,768,44.83414999026673,26.28171435318913,0.9483596785361623,3.9250863964491285,0.15400624330029575,2.5486540755335665,8.037716284408294,0.29003610377956046,1.2004061235305366,0.045795470661386756,2.6212332927122413
avg16,sgd,303,46,768,44.83414999026673,27.055165647201484,0.9762691980863558,4.040598767965163,0.15461558755268817,2.6133191561867926,8.269311922111076,0.29839309151523824,1.2349941597144791,0.04714159180139289,2.6197548969442916
avg16,sgd,303,47,768,44.83414999026673,26.93945071691121,0.9720936952018341,4.023317129003384,0.1552083550673209,2.5922039617379418,8.637157078921827,0.31166656028428746,1.2899306072229872,0.047483921232807216,2.7165629411661953
avg16,sgd,303,48,768,44.83414999026673,26.825530158120667,0.967982941121587,4.006303473441361,0.15611549493897822,2.5662433283815465,8.325343637986386,0.3004149619054736,1.2433623096302855,0.04785233036951067,2.5983317845320637
avg16,sgd,303,49,768,44.83414999026673,27.1986209063549,0.9814456938669116,4.062023332536379,0.1566742753344417,2.5926549357675084,7.9751633743868355,0.28777892006459277,1.19106405501537,0.046869808126203436,2.5412181159527374
avg16,sgd,303,50,768,44.83414999026673,27.12415021476348,0.9787584642520963,4.050901383086221,0.1572823539853874,2.575559991594847,8.042251782599163,0.2901997644733984,1.2010834850607193,0.04631393943078374,2.593352022787309
rgb32,adam,304,1,3072,190.2571090538432,1.4361287366797153,0.025910916022280964,0.10411730681351535,0.01042147630477339,0.9990648519329846,96.679883699455,1.7443174024719394,7.009155138211027,0.1269118650450873,5.522852521094794
rgb32,adam,304,2,3072,190.2571090538432,96.68724193417366,1.744450161184301,7.009688599844543,0.12736528932126998,5.503609843152082,101.03277297411954,1.8228530835494459,7.324733468036331,0.1519036371632506,4.821960556589209
rgb32,adam,304,3,3072,190.2571090538432,126.29056142658148,2.278559051117056,9.15588748826421,0.19747448878676183,4.636491297947341,104.86899502204378,1.8920669533007033,7.60285415301889,0.1842692568701867,4.125948235833458
rgb32,adam,304,4,3072,190.2571090538432,142.669725071164,2.5740751304702014,10.343353739008903,0.25269535609820676,4.09321085227585,98.524876996711,1.7776051329976834,7.14291454869633,0.19335560574214508,3.6941853954945425
rgb32,adam,304,5,3072,190.2571090538432,146.33353903828228,2.6401783798507155,10.608975081427017,0.2879935689592867,3.68375416151282,91.98501281399172,1.6596116221740405,6.668783624190807,0.20321407748372675,3.281654355232766
rgb32,adam,304,6,3072,190.2571090538432,141.1337723011417,2.54636316968161,10.231999330644923,0.3156938199755017,3.241114866118995,84.61259917738333,1.5265970909967554,6.134294039132048,0.2022413928945629,3.033154564125317
rgb32,adam,304,7,3072,190.2571090538432,139.89055323062445,2.5239327676495846,10.141867702403347,0.33566127154386965,3.0214590011400357,86.55456147978084,1.5616343553106715,6.275083565652118,0.20359586007788671,3.082127290432895
rgb32,adam,304,8,3072,190.2571090538432,140.53810146212157,2.5356159597048387,10.188814035397986,0.35258190149226987,2.8897722748316874,88.62663643019154,1.5990191375106932,6.425306075544436,0.20394104972724356,3.150570267309018
rgb32,adam,304,9,3072,190.2571090538432,141.1814496771745,2.547223374240572,10.23545587312728,0.37102687446483895,2.758683151426882,92.6149156655822,1.6709764528280742,6.714450692042525,0.20151684810723364,3.3319549978617906
rgb32,adam,304,10,3072,190.2571090538432,142.5904002973192,2.5726439373598042,10.337602804844458,0.3873694788653093,2.6686673496129787,91.00491959067854,1.6419285882268282,6.597728248560994,0.2068879754110787,3.1890341792226224
rgb32,adam,304,11,3072,190.2571090538432,144.69801463131873,2.610669928081134,10.490401869895498,0.40290428557009444,2.603695777286651,89.76416072883237,1.6195425737616314,6.507774981976345,0.200697470591748,3.242579471872986
rgb32,adam,304,12,3072,190.2571090538432,150.82585096589204,2.7212295517472547,10.93466135684431,0.41830244331445937,2.61405629625361,88.70292303783832,1.6003955154313316,6.430836746946837,0.20134256713289397,3.1939777258835846
rgb32,adam,304,13,3072,190.2571090538432,146.4254122480999,2.641835974301325,10.615635759491742,0.4338502581764339,2.4468432505057263,89.71480293202359,1.618652050721814,6.504196611359056,0.20874419803442423,3.1158694098345388
rgb32,adam,304,14,3072,190.2571090538432,146.8424305469459,2.649359900148067,10.645868997681921,0.4482186640443943,2.3751507582530054,92.47597425955854,1.6684696447602823,6.704377636173235,0.20600361663460173,3.254495113095565
rgb32,adam,304,15,3072,190.2571090538432,149.819012312965,2.7030639715191938,10.861666975309355,0.46194197227329614,2.3513054944665925,90.41120271684164,1.6312166320726984,6.5546846130325,0.2107993694915162,3.109442228809085
rgb32,adam,304,16,3072,190.2571090538432,150.8770317247357,2.722152965025246,10.938371889636652,0.47473834437838175,2.3040843486024416,92.26900235759284,1.6647354171567013,6.689372465349511,0.20864012968401177,3.2061772945984326
rgb32,adam,304,17,3072,190.2571090538432,152.86894657445643,2.7580914829842795,11.082782905347024,0.48820298152960195,2.2701178248898146,88.79002283504474,1.6019669870364406,6.43715135933326,0.21227599227587676,3.0324443618510806
rgb32,adam,304,18,3072,190.2571090538432,150.97402240799968,2.7239028899343505,10.945403577304706,0.5004341853781976,2.1871814310672715,89.40670909315737,1.6130933613216554,6.481860242808454,0.20726850171989042,3.127277029081948
rgb32,adam,304,19,3072,190.2571090538432,152.69929354759887,2.755030569836622,11.070483300306039,0.513010037034767,2.157946726402116,92.19149116475494,1.6633369450301334,6.683753013248827,0.21097116230641141,3.1680884440222417
rgb32,adam,304,20,3072,190.2571090538432,154.563665620739,2.7886679360334052,11.205647644696544,0.5250705145574148,2.1341224338490714,94.0254203960707,1.6964250555105984,6.816710294566541,0.2093922784521632,3.2554735757000968
rgb32,adam,304,21,3072,190.2571090538432,157.1143803401528,2.8346884307171396,11.390570862408179,0.5368409758581683,2.1217774675637897,96.116265928982,1.734148500237482,6.96829364520201,0.20399058579254448,3.415987859502823
rgb32,adam,304,22,3072,190.2571090538432,162.910339803991,2.939260266862738,11.810769744557366,0.5484640488064598,2.1534264224354134,95.4924026438587,1.7228926366248736,6.923064437396417,0.21237598990529435,3.259815029224182
rgb32,adam,304,23,3072,190.2571090538432,161.5505241592031,2.914726206595033,11.712185029216643,0.5595899564274416,2.092994145926078,93.49752573719596,1.6869006766541892,6.778438676737662,0.21558771631503465,3.144167391630256
rgb32,adam,304,24,3072,190.2571090538432,161.65496439494663,2.9166105377894316,11.719756798927015,0.5701191132533201,2.0556681097831557,96.35609699634502,1.7384755793406714,6.985681059147767,0.21396866191470848,3.264815041901967
rgb32,adam,304,25,3072,190.2571090538432,166.6993725894995,3.0076227386965395,12.085469274606,0.5818346189354698,2.077131349921682,96.80160804028682,1.7465135768765077,7.017979981149802,0.21382060438345551,3.2821813414034207
rgb32,adam,304,26,3072,190.2571090538432,163.63582814377688,2.952349669621154,11.863366625417608,0.5919175033198756,2.0042263590584475,98.17482143311608,1.7712893619391568,7.117536014317265,0.21106048964658286,3.3722730513112404
rgb32,adam,304,27,3072,190.2571090538432,167.0725687878535,3.0143560176209214,12.112525472350148,0.6025366014116343,2.0102555502807116,96.6384675944215,1.7435701649910056,7.006152529040513,0.21401526955356914,3.273669464639221
rgb32,adam,304,28,3072,190.2571090538432,164.95396588094007,2.9761317689142843,11.958929751269396,0.6127951608688528,1.9515378898086277,95.2519564791813,1.7185544598154328,6.9056324297633624,0.21242933636643266,3.250790379465953
rgb32,adam,304,29,3072,190.2571090538432,169.12195651669444,3.0513314725246787,12.261103190693774,0.6239683719198277,1.9650199821777468,95.58393938138748,1.7245441603765292,6.929700721695014,0.21568444863547517,3.2128884421364985
rgb32,adam,304,30,3072,190.2571090538432,171.41524041741695,3.0927073499437534,12.427363037324273,0.6343993289181166,1.9589180616753619,92.99961113403752,1.6779172038364714,6.742340570641803,0.21694968933602235,3.1077899172277377
rgb32,adam,304,31,3072,190.2571090538432,171.18903640463216,3.0886261328289697,12.410963565605593,0.6442629211854606,1.9263817856798426,94.47957482839232,1.704618998752928,6.849635850028978,0.21623925518938658,3.1676190541952858
rgb32,adam,304,32,3072,190.2571090538432,170.26504536603818,3.071955305489562,12.343975519199219,0.6519717724512398,1.893329748432078,98.61152309681758,1.779168418910832,7.149196268683251,0.21346701297564688,3.3490871348346722
rgb32,adam,304,33,3072,190.2571090538432,173.66010337638414,3.133209607245426,12.590112434006814,0.6615657075194159,1.9030781509540853,96.33879131846972,1.7381633469100524,6.984426421922748,0.2142122892809052,3.2605162128507894
rgb32,adam,304,34,3072,190.2571090538432,174.12613109631698,3.141617770668959,12.623898786066052,0.6707129906861627,1.8821610676052902,96.30281900360322,1.7375143273578166,6.981818479857327,0.21871643040718172,3.1921783227987763
rgb32,adam,304,35,3072,190.2571090538432,172.42544091010413,3.1109335851433917,12.50060114749777,0.6801032849374241,1.8380445182892982,100.87732016129176,1.8200483734453083,7.313463358473846,0.21704649319334113,3.3695376741052177
rgb32,adam,304,36,3072,190.2571090538432,177.69818076400787,3.2060653905814602,12.882867346269045,0.6894018175063512,1.8687022602968926,98.4216876674832,1.7757433709037094,7.13543346794313,0.21721110324093132,3.285022432775217
rgb32,adam,304,37,3072,190.2571090538432,177.7681621902391,3.2073280091837377,12.887940900916387,0.6978093471046307,1.8469143404844572,96.98629891928134,1.7498458058985187,7.031369809250023,0.22114055296050564,3.1795931208084585
rgb32,adam,304,38,3072,190.2571090538432,176.83395287296383,3.1904728216584775,12.820212043725164,0.7065764597140529,1.8144125617931601,96.6755833967416,1.7442398155679026,7.008843372332686,0.22051446906507235,3.178405209439759
rgb32,adam,304,39,3072,190.2571090538432,174.09928519632757,3.141133411681911,12.621952496200462,0.7136553874707688,1.7686340939614154,93.40322799128911,1.6851993382484614,6.771602223227857,0.2169550274330595,3.121200878978112
rgb32,adam,304,40,3072,190.2571090538432,174.30305749819203,3.144809911473625,12.636725700531969,0.7213085042800148,1.7519169156539351,99.03247978570826,1.7867634019623388,7.179715034594003,0.21221539812520482,3.3832205853215456
rgb32,adam,304,41,3072,190.2571090538432,176.88303796039875,3.1913584244223445,12.823770643297681,0.7295708104615778,1.757714324560828,100.03915470143406,1.8049260280117367,7.252697545412925,0.2178565959508673,3.3291154274018906
rgb32,adam,304,42,3072,190.2571090538432,184.1856817080558,3.3231141535943984,13.353202009863377,0.7372800777117613,1.8111437448990442,101.47834606683762,1.8308922005814594,7.357036888487085,0.21840396754207586,3.3685454395739125
rgb32,adam,304,43,3072,190.2571090538432,181.44804691195287,3.27372121026712,13.1547273503644,0.7455130852929152,1.764519980919698,98.2981559120052,1.7735145867700002,7.126477589993044,0.21621947526179833,3.2959462052917816
rgb32,adam,304,44,3072,190.2571090538432,181.81565844492397,3.2803537295645597,13.1813786677491,0.7525070109378065,1.7516619082820104,101.97979769428473,1.8399394890843397,7.393391423852594,0.21085583958321089,3.506372618594189
rgb32,adam,304,45,3072,190.2571090538432,182.98705324528703,3.3014882640432144,13.266303137759447,0.760053919760512,1.7454423683440212,101.22666061856134,1.8263512424154151,7.338790048653448,0.21651209710193592,3.3895519681739894
rgb32,adam,304,46,3072,190.2571090538432,180.04356289855374,3.248381234541854,13.052904241333216,0.767712298842773,1.700233832518872,97.3697137686964,1.7567634517273025,7.059166844776031,0.21420970964698874,3.2954467173357025
rgb32,adam,304,47,3072,190.2571090538432,185.0248059205655,3.338253797031149,13.414037331138623,0.7760934625700644,1.7284048865348647,99.50020581615024,1.7952022066367972,7.21362451176858,0.21474396732850398,3.3591744632032237
rgb32,adam,304,48,3072,190.2571090538432,187.55934080098444,3.3839823718899105,13.597787533355339,0.7830854452185606,1.7364372708472664,101.585616233806,1.8328275899494346,7.364813824217794,0.2175345051977186,3.38558419388403
rgb32,adam,304,49,3072,190.2571090538432,190.53263691835477,3.4376271629444175,13.813347306092288,0.7906499804193192,1.7470875416662142,107.16721346215532,1.9335318606461707,7.769471746791709,0.22428072844692487,3.4641726913377324
rgb32,adam,304,50,3072,190.2571090538432,189.7999120304512,3.424407196967134,13.76022578570538,0.7964970104626301,1.7275928980214268,101.75492010765242,1.8358822036100624,7.377088116158181,0.21831219332099341,3.3791461685840627
rgb32,sgd,304,1,3072,190.2571090538432,1.4361287366797153,0.025910916022280964,0.10411730681351535,0.01042147630477339,0.9990648519329846,15.545597318791046,0.280476712397423,1.1270338684134977,0.025154690421096592,4.480412398430009
rgb32,sgd,304,2,3072,190.2571090538432,15.88029993617748,0.28651548259262705,1.151299335857787,0.027413512129610892,4.199751313930341,16.92129666256747,0.30529734947408893,1.2267701295165758,0.024726682569471737,4.961321139905686
rgb32,sgd,304,3,3072,190.2571090538432,24.71093215405842,0.4458394790960065,1.7915077102909156,0.036812218175862374,4.8666116823832155,16.613861477179164,0.299750543629017,1.2044815124136627,0.025530841297930176,4.717750967772894
rgb32,sgd,304,4,3072,190.2571090538432,30.1066073003858,0.543189307164503,2.182686544282534,0.04424502487465849,4.933179607121605,18.11577458272913,0.3268483541224139,1.3133680931385356,0.026527896862580023,4.950894147176661
rgb32,sgd,304,5,3072,190.2571090538432,35.099805542608806,0.6332775680790222,2.5446863706826246,0.05007976396733119,5.081266701541593,18.34814130751063,0.3310407600943924,1.3302143527804542,0.025927059932987676,5.130602375350658
rgb32,sgd,304,6,3072,190.2571090538432,38.21431217394663,0.6894701068913901,2.7704837064127346,0.05410500356435481,5.120568383508934,17.225464008206735,0.31078519631419904,1.2488218328491014,0.02766494583370067,4.514094624858513
rgb32,sgd,304,7,3072,190.2571090538432,39.75367381107485,0.717243571128145,2.882085252831465,0.05753966687597674,5.008866768456663,16.07165055429429,0.2899678679326065,1.1651719856464715,0.02899376312535029,4.018698713268164
rgb32,sgd,304,8,3072,190.2571090538432,40.346542571216986,0.7279402254488383,2.925067401313906,0.05994631189670848,4.879478501286274,14.968786317283618,0.2700697753039276,1.0852158847721372,0.030411194302007994,3.5684750621598655
rgb32,sgd,304,9,3072,190.2571090538432,40.72625632893941,0.7347910954562146,2.952596112914999,0.06236490588359153,4.734387186322747,16.562635194330884,0.2988263089980158,1.2007676791952278,0.03241317688115841,3.7045664594920558
rgb32,sgd,304,10,3072,190.2571090538432,40.3232535592156,0.7275200405317083,2.9233789808081383,0.06446676505261137,4.534707113692407,14.700575092649013,0.26523065584322547,1.0657709494729017,0.03343098123385727,3.187973879730281
rgb32,sgd,304,11,3072,190.2571090538432,39.65433075972348,0.7154512043331502,2.8748830217966246,0.06596052143297895,4.358490441464642,16.15835454719837,0.2915321983589498,1.1714579027795151,0.03298286418996323,3.55171672184853
rgb32,sgd,304,12,3072,190.2571090538432,39.17607607667574,0.7068224396456875,2.8402102321656577,0.06777824857411263,4.1904450054651505,16.926013368799467,0.30538244921198676,1.2271120840624066,0.033696546996110806,3.641655283563736
rgb32,sgd,304,13,3072,190.2571090538432,40.22268066165388,0.7257054846104445,2.9160875876585473,0.06927371046796305,4.209515511670401,15.53318359325831,0.28025274152936136,1.1261338908300265,0.03398988753445976,3.3131439157847313
rgb32,sgd,304,14,3072,190.2571090538432,39.86883926589047,0.7193214088262433,2.89043458578965,0.07048525524442441,4.100764870278726,16.36694496713176,0.29529562758079103,1.186580413871923,0.03456301370567186,3.4330930282193615
rgb32,sgd,304,15,3072,190.2571090538432,39.47384748145907,0.7121948896678321,2.8617982388117715,0.07175358635573494,3.9883696190790348,16.414458582302668,0.2961528775342003,1.1900250839228865,0.03387966672022005,3.512505284512306
rgb32,sgd,304,16,3072,190.2571090538432,39.35815915548242,0.7101076182258097,2.853410998432263,0.07282025888383735,3.918430176119005,15.41947209008518,0.2782011363116437,1.1178899673141758,0.034844920537625015,3.2081863010911307
rgb32,sgd,304,17,3072,190.2571090538432,39.99837869092688,0.7216585845111008,2.8998260113049863,0.07399292359794571,3.9190585670891034,14.98136752535636,0.2702967679247879,1.0861280046034156,0.03393058677990273,3.2010292414003727
rgb32,sgd,304,18,3072,190.2571090538432,39.31839150079583,0.7093901224089866,2.8505278995856864,0.0747453450844601,3.8136527383272782,15.67363951818562,0.2827868748439258,1.136316747182614,0.03387091564379179,3.354845080460321
rgb32,sgd,304,19,3072,190.2571090538432,38.3670774733513,0.6922263283518313,2.7815589750445344,0.07563135567272214,3.6777854241845294,16.529612461775773,0.2982305063877011,1.1983735776850732,0.03303710972484319,3.627355987451658
rgb32,sgd,304,20,3072,190.2571090538432,38.810869773522974,0.7002333159758437,2.8137332905486425,0.07678317896013381,3.664517839264699,16.535000942658982,0.298327726415465,1.198764234945141,0.03379144536821481,3.5475376145725113
rgb32,sgd,304,21,3072,190.2571090538432,39.58078738646314,0.714124320384745,2.8695512310161195,0.07771676902537754,3.6923192600545445,16.27272510866311,0.29359569443548217,1.179749607091476,0.03393940962091129,3.4760463433771394
rgb32,sgd,304,22,3072,190.2571090538432,39.78396606819757,0.7177901099657752,2.884281398725887,0.07847005705738334,3.6756458538276306,15.3055334790142,0.27614543356873994,1.1096295787962147,0.03352700865057234,3.309658760079307
rgb32,sgd,304,23,3072,190.2571090538432,39.69926604684991,0.7162619355868551,2.8781407667027756,0.0795695585568385,3.617138034826281,16.25630913375021,0.29329951420001427,1.1785594720757246,0.033392344038344436,3.5294301913108717
rgb32,sgd,304,24,3072,190.2571090538432,39.61428481742584,0.7147286875967286,2.8719797474909523,0.0802238420092494,3.579957872324075,15.876588148842098,0.28644851379833774,1.1510302365138674,0.03326268932337019,3.460424457336827
rgb32,sgd,304,25,3072,190.2571090538432,40.27177249777937,0.7265912091355089,2.919646676501608,0.0808915800812465,3.6093332254965858,15.920762636952446,0.28724551856714475,1.1542328245649558,0.03309717319008575,3.4874060631580037
rgb32,sgd,304,26,3072,190.2571090538432,39.88892821816112,0.7196838576387807,2.891891006480709,0.0818643255025241,3.5325411755717018,15.558301855950289,0.28070593014582357,1.1279549294295113,0.03348419245574183,3.368619180290522
rgb32,sgd,304,27,3072,190.2571090538432,39.684477686054464,0.7159951210841639,2.8770686314137293,0.08269955775578286,3.478940770046073,16.305040373809028,0.29417873278019874,1.1820924182128079,0.03311364186893378,3.569804924784825
rgb32,sgd,304,28,3072,190.2571090538432,40.42199257128989,0.7293015091317273,2.930537419847782,0.08340343699655016,3.5136890341449583,16.73849493931924,0.301999204970161,1.213517262542074,0.03311896829984765,3.664115535107584
rgb32,sgd,304,29,3072,190.2571090538432,40.81697772321793,0.7364279086252135,2.959173285978526,0.08408347215099289,3.519328127488112,16.027475511223216,0.28917085315108937,1.1619693573615137,0.03307022278271122,3.5136423633921803
rgb32,sgd,304,30,3072,190.2571090538432,41.17596624669468,0.7429048498960037,2.985199447343261,0.08494394459768084,3.514316955119086,15.884587725651755,0.2865928437303521,1.1516101945439499,0.032649434209992445,3.52719801248959
rgb32,sgd,304,31,3072,190.2571090538432,41.06799574701428,0.7409568249880344,2.9773717384792056,0.08600427254904656,3.4618881716385292,16.923286512867886,0.3053332507430449,1.2269143908553748,0.03297970320639933,3.72021052820544
rgb32,sgd,304,32,3072,190.2571090538432,41.6745537459208,0.7519004632364031,3.0213463374544687,0.08650991102750638,3.492485775986768,15.232803321167982,0.274833221812155,1.1043567449856626,0.03320964619796066,3.3254095463789652
rgb32,sgd,304,33,3072,190.2571090538432,42.25432103966599,0.7623607383336258,3.0633786481112897,0.08723122943991612,3.5117912103042292,15.263786281100028,0.2753922224451881,1.106602965859074,0.03224199483144043,3.4321789692118614
rgb32,sgd,304,34,3072,190.2571090538432,41.14219761771302,0.7422955896762311,2.9827512693947553,0.08776130005521098,3.3987090750915208,15.742185302537068,0.28402359131414834,1.141286219819582,0.03239586550623638,3.52293788724329
rgb32,sgd,304,35,3072,190.2571090538432,41.796672417757655,0.7541037522382185,3.030199768834648,0.08866736056206279,3.4174917913719303,15.72470006874128,0.28370811930043455,1.1400185650437076,0.03289141272570912,3.4660066885866163
rgb32,sgd,304,36,3072,190.2571090538432,41.63787534530848,0.7512387043468104,3.01868720516887,0.08945330764508241,3.3745954002571956,16.681290317486592,0.3009671079759745,1.2093700081836167,0.03271343551694768,3.6968602932488848
rgb32,sgd,304,37,3072,190.2571090538432,42.05729899362825,0.7588060279799953,3.049094827801584,0.0901160017984882,3.383522090360578,16.678905653153947,0.30092408339490007,1.2091971233846235,0.03334945144063921,3.6258381207167667
rgb32,sgd,304,38,3072,190.2571090538432,41.29221829724295,0.7450022921671877,2.993627556958711,0.09113956419929763,3.2846630146403326,16.718854300506184,0.30164484471685554,1.2120933439440518,0.03345087922135922,3.6235021983221896
rgb32,sgd,304,39,3072,190.2571090538432,41.83850054480376,0.7548584235010236,3.03323224901965,0.09150965919650271,3.314658010589087,16.125517747556216,0.2909397503866772,1.1690772811431702,0.03274255982361251,3.570512774325246
rgb32,sgd,304,40,3072,190.2571090538432,40.819108785771455,0.7364663576733053,2.9593277850064035,0.09210591486100783,3.212961718552135,15.46366632864428,0.27899849742191646,1.1210939872449277,0.032476232391640526,3.4520444789448557
rgb32,sgd,304,41,3072,190.2571090538432,40.484198953284064,0.7304238488626538,2.935047294759707,0.09241834281313399,3.175827660851103,16.187708109410917,0.2920618010791088,1.1735859946175902,0.032098955063783366,3.656150152818291
rgb32,sgd,304,42,3072,190.2571090538432,40.27792907173774,0.7267022872490136,2.920093019425729,0.09322588948939879,3.132276919447133,16.095596969858217,0.2903999138536052,1.1669080669828271,0.03238774728996315,3.602930628473959
rgb32,sgd,304,43,3072,190.2571090538432,40.85419684514909,0.7370994233147746,2.9618716197967014,0.09397957452265777,3.1516120761779107,15.747385848642272,0.28411742058582873,1.1416632520734487,0.03231201075163041,3.5332473142849588
rgb32,sgd,304,44,3072,190.2571090538432,41.727200893506826,0.7528503333873675,3.0251631813613344,0.09453055621344399,3.2001961085796515,15.311349659531595,0.27625037023709537,1.1100512436762118,0.03279689559887452,3.3846229144757993
rgb32,sgd,304,45,3072,190.2571090538432,41.81621219951175,0.7544562928087071,3.03161637543822,0.09518115853685054,3.1851013604383613,14.94232078014901,0.26959227889802406,1.0832971706767707,0.03266449342739361,3.3164364636014194
rgb32,sgd,304,46,3072,190.2571090538432,41.32882340508606,0.7456627286942795,2.99628137562197,0.09549593669378756,3.137600906758677,15.874911586475214,0.28641826493165545,1.1509086881081525,0.03252489295727352,3.5385471971269795
rgb32,sgd,304,47,3072,190.2571090538432,40.43839052227861,0.7295973641760239,2.931726248154465,0.09634279993778523,3.043015409607848,16.81096903984768,0.30330679689045387,1.218771532558423,0.03287480697549871,3.70731160023772
rgb32,sgd,304,48,3072,190.2571090538432,41.37284070604206,0.7464568974616529,2.9994725678261833,0.09702034822111018,3.0915912206276155,16.70758603618522,0.30144154048438654,1.2112764106820144,0.033115509162981574,3.6577315019394265
rgb32,sgd,304,49,3072,190.2571090538432,41.74534255924294,0.7531776488747517,3.026478426526557,0.09772927494509583,3.096798199134117,15.69023665629291,0.2830863236612389,1.13752001627431,0.03267120383982224,3.4817205446461417
rgb32,sgd,304,50,3072,190.2571090538432,40.94907829301095,0.7388112929855292,2.9687503908745527,0.09798994234394377,3.0296480637311394,16.534955860903004,0.2983269130415916,1.1987609665814498,0.03248103201598015,3.690649256438892
dup64,adam,304,1,12288,761.0284362153727,1.4361287366797155,0.012955458011140484,0.05205865340675768,0.0026053690761933474,1.9981297038659696,350.67399985494944,3.1634645033446542,12.711685067605163,0.13079621097172242,9.71869519244206
dup64,adam,304,2,12288,761.0284362153727,350.6358402812715,3.163120262092543,12.710301809983815,0.13081734502033004,9.716067703413897,334.2458932720474,3.0152649446272424,12.116177795251692,0.14926382216266698,8.11729032507793
dup64,adam,304,3,12288,761.0284362153727,468.958943010624,4.230524562282284,16.99943079798852,0.20072057713472188,8.469201833043083,331.2343808833728,2.9880977963730366,12.00701259601292,0.16516925973412336,7.269520136701512
dup64,adam,304,4,12288,761.0284362153727,470.10159790551705,4.240832564019117,17.040851231698593,0.24272236013132092,7.020717507228803,329.0258261300063,2.9681742076015336,11.926954044506479,0.17128395810046976,6.963263913781409
dup64,adam,304,5,12288,761.0284362153727,475.7039712202665,4.291372122478045,17.24393331145845,0.27144212409189167,6.352710865768512,314.6011786928365,2.838048050088793,11.404070752593237,0.17041880757828767,6.691791190567032
dup64,adam,304,6,12288,761.0284362153727,464.2232782828584,4.1878036668859195,16.827766292978104,0.2969466929224348,5.66693170661903,317.46387028050884,2.8638726713192537,11.507841302800053,0.1693668111650131,6.794625950410101
dup64,adam,304,7,12288,761.0284362153727,473.0195699448378,4.267155875618956,17.14662565927311,0.3202392894869826,5.354316669494766,322.9416217044625,2.913288003493839,11.706405926948767,0.1662005498807567,7.043542235779436
dup64,adam,304,8,12288,761.0284362153727,500.7409226477243,4.517232913826956,18.15150513523328,0.34100977577483665,5.322869437977177,323.8090465134384,2.921113127665152,11.73784946424007,0.17101946377308447,6.86345823175678
dup64,adam,304,9,12288,761.0284362153727,513.0340666343802,4.628130569918873,18.597122931002943,0.3601711633449266,5.163412517062883,331.3185000524872,2.988856643637602,12.010061856540856,0.1717597918927686,6.9923593433548525
dup64,adam,304,10,12288,761.0284362153727,521.4386976882464,4.703949569940578,18.901784876600143,0.3789363621843783,4.988115885116124,324.9129010929454,2.9310711079561607,11.777863413893966,0.170589592597094,6.904209825807746
dup64,adam,304,11,12288,761.0284362153727,533.915847435043,4.816507160019207,19.354072751344873,0.39712521944968665,4.87354411239977,336.4693893403451,3.0353233204643324,12.196777958882159,0.17500262853569398,6.969482722023499
dup64,adam,304,12,12288,761.0284362153727,526.5168646850218,4.749760211855861,19.085864847200806,0.4125131710952704,4.626728595483537,322.1297850939648,2.9059643459062015,11.676977422630605,0.16892576945328974,6.912490297023301
dup64,adam,304,13,12288,761.0284362153727,524.3287055186023,4.730020613672079,19.006545621330556,0.42791375964258216,4.441676668029068,334.58595483281937,3.018332673278066,12.128504786890423,0.17268728226650226,7.023392011099533
dup64,adam,304,14,12288,761.0284362153727,539.6307457451444,4.868061817483713,19.561233782791305,0.44230668325511097,4.422549901085011,348.8192814673876,3.1467329070895014,12.644452834700715,0.17718133088421326,7.1364475995294185
dup64,adam,304,15,12288,761.0284362153727,563.0610945627968,5.079429289313064,20.410567395540834,0.4563494873517969,4.472573753502753,333.0492322593664,3.0044697484116156,12.072799677877226,0.17534832205192336,6.8850386114914075
dup64,adam,304,16,12288,761.0284362153727,553.531993779309,4.993466337711786,20.065144215643635,0.46960199483603693,4.272797908929124,335.06502928825046,3.0226544508687696,12.14587089787639,0.17361725349422108,6.995774125801772
dup64,adam,304,17,12288,761.0284362153727,563.6691151102076,5.084914302230571,20.43260771137981,0.4833709518127224,4.227107076822488,324.5295864827031,2.9276131893091653,11.76396852973025,0.16751814218684963,7.022504175463411
dup64,adam,304,18,12288,761.0284362153727,564.3503495045845,5.091059784433301,20.457301977513374,0.49601803141221373,4.124306110257597,341.71293720556093,3.0826258793938797,12.386852869275023,0.17425561389286853,7.108438340982459
dup64,adam,304,19,12288,761.0284362153727,558.6792682362709,5.039900404794909,20.251729282915495,0.507654886450811,3.9892710231752644,329.7968335917442,2.9751295414387458,11.954902520990164,0.1732296562823133,6.901187000860404
dup64,adam,304,20,12288,761.0284362153727,565.9797345749867,5.1057586267615855,20.51636603666055,0.5193648455748852,3.9502800798831457,357.587076015478,3.225828040566678,12.962279200724119,0.17631706213748488,7.35168737703709
dup64,adam,304,21,12288,761.0284362153727,585.5299707362656,5.282123222237135,21.225048303330674,0.5298485733914821,4.005870614593201,349.5499285060005,3.153324145596154,12.670938274323461,0.1722488343679088,7.356182304989896
dup64,adam,304,22,12288,761.0284362153727,578.8942224312865,5.222261486765975,20.98450710929952,0.5408542240611278,3.87988226323399,341.80812645139827,3.0834845909049444,12.390303412273385,0.17270973856474037,7.17406181911906
dup64,adam,304,23,12288,761.0284362153727,580.4391691285729,5.23619860225913,21.04051033699894,0.5524924757572768,3.808289028399825,348.89296800498,3.147397640563167,12.64712391969699,0.1756917489990971,7.1984734580574905
dup64,adam,304,24,12288,761.0284362153727,604.2241525374295,5.450765267474351,21.902699203457985,0.5631706228385939,3.88917644408724,356.2470115928127,3.2137391881423465,12.913702810919716,0.17600168129161708,7.337261051229965
dup64,adam,304,25,12288,761.0284362153727,615.2078928498925,5.549850664757311,22.30085203992188,0.5735571020285302,3.8881659665705928,352.7030025021042,3.1817683349777988,12.785234981949074,0.17134523603577156,7.46168103517037
dup64,adam,304,26,12288,761.0284362153727,609.1850858496609,5.4955183328376105,22.082529535711195,0.5832253733822004,3.7862772340736326,350.7505331159115,3.1641549173886916,12.71445934431501,0.17684786593343202,7.189489834783139
dup64,adam,304,27,12288,761.0284362153727,613.1888450206832,5.531636636511987,22.227662980704615,0.5922480072778201,3.753100509847346,350.5271953185495,3.162140165241392,12.706363506742413,0.1780999877757031,7.134398865172663
dup64,adam,304,28,12288,761.0284362153727,611.8343640445761,5.519417730946867,22.178564001009917,0.6010036674987121,3.690254352908328,346.01020062293645,3.1213919136251373,12.542625636109214,0.17353329252246083,7.227792116308628
dup64,adam,304,29,12288,761.0284362153727,610.2655395287068,5.505265211313298,22.121695219234486,0.6102837396287151,3.624821338463466,357.2584318279978,3.2228633091587207,12.950366080811394,0.17404990074173843,7.440605266433112
dup64,adam,304,30,12288,761.0284362153727,620.1123719827802,5.59409445143868,22.478635948006595,0.6198781983368491,3.6262988452114326,352.6894755461127,3.181646306982752,12.784744639338678,0.17589437570873306,7.26842151025294
dup64,adam,304,31,12288,761.0284362153727,629.9227761863705,5.682595068748085,22.83425617840158,0.6302063383139724,3.623298400884287,368.0957293457566,3.320627631645691,13.343210469293776,0.17761707794706127,7.512346573605223
dup64,adam,304,32,12288,761.0284362153727,638.8057329579873,5.762729091924534,23.156257093772126,0.6376867782414333,3.631290138652519,362.8219348901591,3.273052215261473,13.152039141340843,0.17774468925260098,7.399399215044838
dup64,adam,304,33,12288,761.0284362153727,637.1542610093352,5.747831001704012,23.096392400872357,0.6460972225190823,3.5747549433537786,356.6281397382847,3.217177382476471,12.927518437278225,0.16997108596458038,7.605716209857094
dup64,adam,304,34,12288,761.0284362153727,637.4210828184821,5.750238027381147,23.106064503190883,0.6541310434774623,3.532329604838115,356.2864392802193,3.2140948691726234,12.915132036768979,0.17459283298374134,7.39728648424628
dup64,adam,304,35,12288,761.0284362153727,629.4492433832239,5.678323282945478,22.81709094840087,0.6622850875280951,3.4452068117014543,363.2793511934489,3.2771786125401614,13.16862015959316,0.17517193421504176,7.517539963580758
dup64,adam,304,36,12288,761.0284362153727,640.4604960961365,5.777656872287901,23.216241089968978,0.6699002519770159,3.4656265647688578,363.4794072215807,3.278983337566644,13.175872049458217,0.17495935806484444,7.530818697091298
dup64,adam,304,37,12288,761.0284362153727,640.6573490992096,5.779432702511573,23.223376872435637,0.6779765570375134,3.4253952635047606,379.84555818682895,3.4266239885882714,13.76913347438613,0.1801289964633446,7.644040518034021
dup64,adam,304,38,12288,761.0284362153727,641.7409582479883,5.789208046788819,23.26265693951032,0.6853269110887567,3.3943883660651366,353.978741788699,3.1932769040486,12.83147963095719,0.17551217704530503,7.310877140817982
dup64,adam,304,39,12288,761.0284362153727,662.3088033363372,5.974752592076456,24.008226811786354,0.693316093863375,3.4628111224138727,372.33928716847305,3.358909182446739,13.497036446214953,0.17410771514289916,7.752118529117013
dup64,adam,304,40,12288,761.0284362153727,632.8567180438833,5.709062445642174,22.940609500617644,0.7005069304364833,3.2748583210052513,363.4081469385641,3.278340491573173,13.173288914478407,0.18013596894749043,7.3129697480453855
dup64,adam,304,41,12288,761.0284362153727,654.1614471883634,5.901254494182449,23.71289090000077,0.7070267758353022,3.3538886659540816,366.9070365581369,3.3099043175688783,13.300121194455592,0.17426975646873988,7.631915866503973
dup64,adam,304,42,12288,761.0284362153727,653.5241348120567,5.89550523680716,23.689788776031932,0.7135134567255055,3.3201600548292935,377.6547801515305,3.406860765331798,13.68971931636683,0.17692686847516617,7.737501621065739
dup64,adam,304,43,12288,761.0284362153727,653.7231671555072,5.897300727073857,23.69700355804958,0.7208235837444642,3.287490045060775,366.8581255287356,3.309463086381516,13.298348204150242,0.1744720094268637,7.622052527413992
dup64,adam,304,44,12288,761.0284362153727,672.2859186718251,6.06475712683708,24.369890203085273,0.7278726860783186,3.3480979117910037,365.49379878329046,3.297155361166745,13.248892322263979,0.17817461596742204,7.4359033975335995
dup64,adam,304,45,12288,761.0284362153727,669.752561670796,6.041903465173055,24.27805779927371,0.7343291457630341,3.3061547317513353,384.3347604985827,3.467121522387298,13.931863890714066,0.17214252225665697,8.093214685179452
dup64,adam,304,46,12288,761.0284362153727,677.0843752394914,6.10804447357203,24.543830867987673,0.7409285271548236,3.3125773901885442,378.76123640873664,3.416842215612181,13.729827575001641,0.17639888629664102,7.783398105990811
dup64,adam,304,47,12288,761.0284362153727,686.2748887610734,6.190952996316972,24.876980498539815,0.748237985795143,3.3247417226623908,381.010755240572,3.4371353453482323,13.811371045449311,0.17672614795782388,7.815125947715122
dup64,adam,304,48,12288,761.0284362153727,686.3957482296921,6.192043281422302,24.881361569001708,0.7540565294087506,3.299667942469907,377.64752798674976,3.4067953428429174,13.689456430510482,0.17501430309451568,7.821907231843533
dup64,adam,304,49,12288,761.0284362153727,696.5575601376136,6.283713982055002,25.249720080733884,0.7606548842864785,3.319471234897679,378.8546986397089,3.4176853475529763,13.733215514929684,0.17687361195907284,7.764423060522698
dup64,adam,304,50,12288,761.0284362153727,677.2896761979684,6.1098965136289305,24.55127288287705,0.7661673556579105,3.204426905110671,375.9637561014201,3.3916058717296513,13.62842088769621,0.1757474672030284,7.7545475360690554
dup64,sgd,304,1,12288,761.0284362153727,1.4361287366797155,0.012955458011140484,0.05205865340675768,0.0026053690761933474,1.9981297038659696,32.22203626853276,0.29067814552305116,1.1680260796408137,0.011517146261584184,10.141627562174866
dup64,sgd,304,2,12288,761.0284362153727,32.53345729384061,0.29348750509793864,1.179314872077041,0.011850729570086477,9.951411557427305,32.25153678305109,0.29094427255427596,1.1690954524772499,0.01088631697065134,10.739127435192636
dup64,sgd,304,3,12288,761.0284362153727,49.33051468373896,0.44501540518624183,1.7881963508613146,0.016292013523908137,10.97590760182699,32.819394876212726,0.29606697603784443,1.1896799076873519,0.012310583411061317,9.663879183974332
dup64,sgd,304,4,12288,761.0284362153727,57.59764976379586,0.5195940405596458,2.0878741644217795,0.0203078197962056,10.281133993575652,32.63673467409856,0.29441918046189375,1.1830586042413571,0.013241125488177085,8.934728436020809
dup64,sgd,304,5,12288,761.0284362153727,62.33310319580573,0.5623130298362994,2.2595310101101354,0.023308777564609848,9.693906099738252,31.96652028173342,0.28837311077678784,1.15876380540527,0.01443148609733343,8.029414279236148
dup64,sgd,304,6,12288,761.0284362153727,62.71708190345621,0.5657769393710664,2.273449967336328,0.025766312080204648,8.823342511181256,31.961271478571884,0.28832576080931543,1.1585735399940935,0.015374372628769258,7.53574515181267
dup64,sgd,304,7,12288,761.0284362153727,63.494977384352005,0.5727944107038255,2.301648129654466,0.027786861970077185,8.283224396238193,32.342568564969206,0.2917654791760766,1.1723952903419466,0.016421161593601272,7.13953932953675
dup64,sgd,304,8,12288,761.0284362153727,62.52260636542033,0.5640225564923819,2.266400366299788,0.029259244086467153,7.745929319301971,30.188434596820887,0.27233282563887423,1.0943094539016676,0.016767234261472887,6.526475606153664
dup64,sgd,304,9,12288,761.0284362153727,62.51033961888729,0.5639118969703049,2.265955705393086,0.030758723399995955,7.366871751879612,31.96983958080274,0.28840305449883774,1.1588841276545152,0.016979838804688206,6.825059654480008
dup64,sgd,304,10,12288,761.0284362153727,64.47547727171306,0.5816395962336427,2.3371905587541755,0.031937603715797125,7.317989726317957,31.666563867776325,0.28566717458392404,1.1478905970413538,0.01736776419318985,6.609317032824858
dup64,sgd,304,11,12288,761.0284362153727,65.03999108877538,0.586732130674927,2.357653786315318,0.03277637347699012,7.193150236619232,33.15565006699887,0.29910036705216925,1.2018689210997775,0.01677393368146992,7.1650988010491306
dup64,sgd,304,12,12288,761.0284362153727,65.15011289340806,0.5877255502616197,2.361645624033957,0.03377777530956487,6.991714529420795,32.382172808571674,0.2921227529370912,1.1738309162287348,0.017045952892558298,6.8862733789507935
dup64,sgd,304,13,12288,761.0284362153727,64.59915557417732,0.5827553103152154,2.3416738099540706,0.034830221942236964,6.723109068433565,31.89656098681327,0.28774200112437437,1.1562278303260096,0.017184535031148654,6.728304421564118
dup64,sgd,304,14,12288,761.0284362153727,65.29112451386519,0.58899762990271,2.3667571957811213,0.0356697537046427,6.6351935462707425,32.68200589100473,0.29482757654419556,1.184699653911924,0.01729768127855484,6.848892836178455
dup64,sgd,304,15,12288,761.0284362153727,65.47758977284379,0.5906797512693632,2.3735164298536953,0.036410200394380025,6.518822758855377,32.09328652139527,0.2895166814423023,1.1633589921498035,0.017130770119867824,6.791048995518128
dup64,sgd,304,16,12288,761.0284362153727,65.63007464572333,0.5920553322444312,2.3790438989059215,0.0371103916180394,6.4107216204893565,32.32669664827074,0.29162229706078885,1.1718199445604698,0.017329646748508794,6.7619378603969755
dup64,sgd,304,17,12288,761.0284362153727,66.20449492964156,0.5972372338936214,2.3998662289008257,0.037897013269782336,6.332599911809909,30.8726440679508,0.2785051463004203,1.1191115644683869,0.017200310123970178,6.506345271698352
dup64,sgd,304,18,12288,761.0284362153727,65.78663000106827,0.5934676334405481,2.3847189200754837,0.03852587667934064,6.189914742042146,32.18776382152262,0.2903689704213779,1.1667837276185102,0.016942503610183776,6.886725565855459
dup64,sgd,304,19,12288,761.0284362153727,66.9370611294281,0.6038457853412149,2.4264212367620037,0.03922177591424276,6.186413491493352,32.748588019445286,0.29542822044698264,1.1871132090891467,0.01648991329282775,7.199026386666803
dup64,sgd,304,20,12288,761.0284362153727,67.00395640098967,0.6044492541387708,2.4288461431564166,0.03992246508192338,6.083908241067461,32.17638434469406,0.29026631504621836,1.1663712296125597,0.016751840217709927,6.962645383755991
dup64,sgd,304,21,12288,761.0284362153727,67.88663123837335,0.612411950310183,2.460842483217448,0.04057692128571442,6.064635771378289,32.735063216906035,0.2953062118784393,1.186622944539874,0.016738708953686555,7.089094791139975
dup64,sgd,304,22,12288,761.0284362153727,68.55445323203404,0.618436437932226,2.4850505592885175,0.0411968733394213,6.032133892332484,31.7755335206914,0.2866502004971118,1.15184067007316,0.016647270070924237,6.919096435426612
dup64,sgd,304,23,12288,761.0284362153727,68.2583856240667,0.6157655830391281,2.474318317397882,0.04193930781513065,5.899759548499772,32.23426102284771,0.29078842622921547,1.1684692183592382,0.01701312017466854,6.868047755866764
dup64,sgd,304,24,12288,761.0284362153727,69.12759368780141,0.6236067941263003,2.505826496415969,0.04244283759328843,5.904003215874097,32.67778569576794,0.29478950574957064,1.1845466748122588,0.01691803719230767,7.001679103476915
dup64,sgd,304,25,12288,761.0284362153727,69.79601913299392,0.6296367255437236,2.5300564471792866,0.04309892838634004,5.870346530428291,32.01535452307174,0.2888136492515121,1.1605340121975185,0.017158215345703436,6.76372215183863
dup64,sgd,304,26,12288,761.0284362153727,68.24042154026779,0.6156035272794866,2.473667132035197,0.043689270702999786,5.6619556523413195,31.037229645730484,0.27998988891973015,1.1250776755352767,0.017188205642700762,6.545637740918339
dup64,sgd,304,27,12288,761.0284362153727,67.382730981922,0.6078662167366375,2.442576454460983,0.04426274243077015,5.518357698421722,31.34857364652675,0.28279855364895357,1.1363636758873055,0.016726255060089436,6.7938918293718125
dup64,sgd,304,28,12288,761.0284362153727,67.48651077104579,0.6088024243801854,2.446338398592198,0.04478082478954698,5.462915009022428,33.015261505194616,0.2978339080842188,1.1967799347891648,0.01676950688383459,7.136643570258065
dup64,sgd,304,29,12288,761.0284362153727,68.60242087485916,0.6188691587368741,2.4867893524961135,0.045387288384087746,5.479043672871088,33.441033762422315,0.3016748413236545,1.2122138786990087,0.016940627458128178,7.155661038501757
dup64,sgd,304,30,12288,761.0284362153727,69.08704968062486,0.6232410426660283,2.504356804762695,0.04598752469250471,5.445730818320971,30.912885260726583,0.27886816604232045,1.1205702793132915,0.01698896628466702,6.595870876055802
dup64,sgd,304,31,12288,761.0284362153727,69.69492964804454,0.6287247873976648,2.5263920246761797,0.04661941836822262,5.419183921861741,32.27176007731024,0.2911267088727826,1.1698285326250744,0.017172806849088416,6.812098586476399
dup64,sgd,304,32,12288,761.0284362153727,71.3402593429215,0.6435674677452101,2.5860340652104252,0.04714486551559198,5.4852931213795895,31.86046846250019,0.28741640692706355,1.1549195017856773,0.017263613140025485,6.689906060904539
dup64,sgd,304,33,12288,761.0284362153727,70.0844140665693,0.6322383644895465,2.540510560036868,0.047641539536818094,5.332553449649803,31.8825520653634,0.2876156252717159,1.15572001680781,0.016535225876312322,6.989441967426925
dup64,sgd,304,34,12288,761.0284362153727,70.59345827563904,0.636830502163544,2.5589630534463,0.04810490980345797,5.3195465159407735,33.118927084629426,0.2987690854309748,1.200537738899738,0.0166058097012768,7.229624815027419
dup64,sgd,304,35,12288,761.0284362153727,70.67002636924093,0.6375212304362375,2.561738592814764,0.04857733331610707,5.273526597569227,32.480124391189186,0.2930063837588376,1.1773815919863395,0.016814591978421473,7.002141910415066
dup64,sgd,304,36,12288,761.0284362153727,71.42399632693515,0.6443228672805447,2.589069471798119,0.04906000104068303,5.27735307149939,31.88874973803992,0.2876715350840306,1.155944678069405,0.016618840651555146,6.955627665647271
dup64,sgd,304,37,12288,761.0284362153727,71.75733153484269,0.6473299168432914,2.601152637891465,0.04953588270340263,5.251047313451409,32.58800056334147,0.2939795452749511,1.1812920271120284,0.016833519242453642,7.017498896682546
dup64,sgd,304,38,12288,761.0284362153727,71.82659993540156,0.6479547938699945,2.6036635685376073,0.050136174968592635,5.193183505061264,31.00161382836104,0.27966859514245423,1.123786627285298,0.01682081534063726,6.68092838859215
dup64,sgd,304,39,12288,761.0284362153727,71.99481035081375,0.6494722365046621,2.6097610774110773,0.05052192802037295,5.165600719669075,30.95759787155244,0.27927152288445295,1.1221910799075865,0.016450235207297954,6.821732733704254
dup64,sgd,304,40,12288,761.0284362153727,72.04292217683422,0.6499062580000391,2.6115050971577727,0.05103284844372485,5.11730224119773,31.53569086470791,0.28448655640343645,1.1431465430209657,0.016632649998031834,6.872906861842435
dup64,sgd,304,41,12288,761.0284362153727,72.07290597420565,0.6501767447732223,2.6125919886566407,0.05146383927448028,5.076558658444599,31.14274210564445,0.28094172715620186,1.128902427760105,0.01645834581458932,6.859148789785435
dup64,sgd,304,42,12288,761.0284362153727,72.53331009346246,0.6543300954324243,2.6292813131296313,0.05196781673663977,5.059441551016445,32.58329426908242,0.2939370893334301,1.181121427265786,0.0167733253789984,7.041665266594353
dup64,sgd,304,43,12288,761.0284362153727,72.33767708263527,0.6525652708783077,2.6221897545210906,0.05247179884200665,4.99733154263787,31.48313546001124,0.28401244894954597,1.1412414466825405,0.01667991395592505,6.842010394646838
dup64,sgd,304,44,12288,761.0284362153727,72.0925306708934,0.6503537810844009,2.6133033700648576,0.05285100654031273,4.944661494897982,34.06587959972459,0.3073116368294121,1.2348640994250275,0.016641164792135458,7.4205388556011345
dup64,sgd,304,45,12288,761.0284362153727,72.37811079137508,0.6529300273255775,2.623655447933857,0.053291631314724426,4.923203480935558,33.20215203779361,0.2995198658858597,1.2035545847304152,0.01647209851744434,7.306625706832815
dup64,sgd,304,46,12288,761.0284362153727,72.42839116447648,0.653383611496594,2.625478075982161,0.05368613117763634,4.89042145222757,34.79917711548149,0.313926785550011,1.261445616974132,0.016446433133596675,7.6700255108644715
dup64,sgd,304,47,12288,761.0284362153727,73.08914679617446,0.6593443527751781,2.649430001417938,0.05415896953012547,4.8919505382099535,34.067311729275495,0.30732455621037663,1.2349160131107717,0.016620857454608482,7.429917598916447
dup64,sgd,304,48,12288,761.0284362153727,74.15638145930167,0.6689719812133812,2.6881165049411995,0.054564041995232876,4.926534777566613,33.69384501910564,0.3039554764345964,1.2213781083762392,0.016680085068050625,7.3223733775536415
dup64,sgd,304,49,12288,761.0284362153727,75.21339013058859,0.6785073599774948,2.7264323234754646,0.055009035101804694,4.956335479125715,34.01133868878799,0.30681961792923873,1.2328870298863301,0.016456603070811177,7.491746775329855
dup64,sgd,304,50,12288,761.0284362153727,74.70866711900396,0.6739542042492982,2.7081364704259347,0.05532457695049513,4.894997159850307,35.27549701732217,0.3182237140429499,1.2787118773359945,0.016183990207535897,7.901091516606185
dup64_half,adam,304,1,12288,190.2571090538432,1.4361287366797155,0.012955458011140484,0.10411730681351536,0.005210738152386695,1.9981297038659696,177.80024019038854,1.6039533833734523,12.890266510660291,0.12841157011999843,10.038243826949984
dup64_half,adam,304,2,12288,190.2571090538432,177.81171395569055,1.604056889334167,12.891098342453462,0.12853251826323925,10.029445090348286,186.89738728818523,1.686019638463617,13.549796837794338,0.15297410429224229,8.857575535731693
dup64_half,adam,304,3,12288,190.2571090538432,244.84611845031836,2.2087808187082234,17.750998072588175,0.19906961650351201,8.916980091874045,187.798242477516,1.69414634137082,13.615107567777327,0.1750989110294567,7.775666614789438
dup64_half,adam,304,4,12288,190.2571090538432,260.88548454621696,2.35347351141288,18.913829480559233,0.24707231073478295,7.6551797424447425,178.62845529077634,1.6114247929227619,12.950310936701113,0.18349066265728267,7.05774928770585
dup64_half,adam,304,5,12288,190.2571090538432,272.5446944692463,2.4586523862191196,19.75910574706288,0.2801869889726034,7.0521139541547075,170.9617628377752,1.5422628093050388,12.394486552725985,0.18810384649562062,6.589172302233888
dup64_half,adam,304,6,12288,190.2571090538432,262.3587651718598,2.3667641202536105,19.020640246895617,0.3061890417082251,6.212057799580182,170.15982019975044,1.535028406212254,12.336346843132048,0.18577374737761013,6.640522149804496
dup64_half,adam,304,7,12288,190.2571090538432,267.7825319706381,2.415692451836367,19.41385568604834,0.32792458478621284,5.920219644009006,172.21527658210437,1.5535708795819345,12.485364530291573,0.18645609150763376,6.696141933115876
dup64_half,adam,304,8,12288,190.2571090538432,262.50863241602497,2.3681160873436333,19.031505410612148,0.34763504041588233,5.4745647584444885,163.42029132464774,1.4742304560520694,11.847740510185933,0.18507402377157187,6.401622587948398
dup64_half,adam,304,9,12288,190.2571090538432,263.0884603820292,2.373346772222637,19.073542119922134,0.3676165479465457,5.188434042608869,170.96937183182897,1.542331450785745,12.395038194057436,0.18768811240933195,6.604061405351502
dup64_half,adam,304,10,12288,190.2571090538432,266.9107114940097,2.407827673916579,19.350649931763886,0.38552925082372397,5.019242999180783,167.2298492341654,1.5085968511232177,12.123928082761164,0.18922796500966105,6.407048811280181
dup64_half,adam,304,11,12288,190.2571090538432,270.79968325243334,2.442910469097778,19.632594896319798,0.40191187026596,4.884800959804492,168.40935617960457,1.5192372988179106,12.209440671842064,0.18972762190199396,6.435246776112016
dup64_half,adam,304,12,12288,190.2571090538432,281.7159638698393,2.541387305863541,20.424009836551832,0.41904067274982043,4.873992231476195,170.71543533710604,1.540040664792224,12.376628156532986,0.18508646197544174,6.686944050059794
dup64_half,adam,304,13,12288,190.2571090538432,281.9901004243588,2.543860318575206,20.44388434990618,0.43449467924732327,4.705209367654674,169.99325242295058,1.5335257819814143,12.32427091436649,0.18846007122784422,6.539459968401852
dup64_half,adam,304,14,12288,190.2571090538432,282.764328064337,2.55084470195576,20.500014761251816,0.4487268091882547,4.568484508054304,179.33449008849317,1.617794001993372,13.001497463213251,0.19447698347527875,6.685365656582161
dup64_half,adam,304,15,12288,190.2571090538432,284.2047709089407,2.5638390779570757,20.604444834801956,0.46285752792939705,4.451573884295752,172.85550637362053,1.5593464552456076,12.531780286715023,0.1847692547577065,6.7823947783673875
dup64_half,adam,304,16,12288,190.2571090538432,285.7232074825308,2.577537043027539,20.714529343642617,0.47588803827989196,4.352815720797638,176.68780453257585,1.593917992334479,12.809616495284539,0.18995775542475424,6.743402745858757
dup64_half,adam,304,17,12288,190.2571090538432,297.5458162207247,2.6841899545512864,21.57165179366515,0.4910986408673927,4.392529320701167,176.4698439312747,1.5919517483995735,12.793814659265719,0.19103514527028367,6.697099971402932
dup64_half,adam,304,18,12288,190.2571090538432,298.38011135176447,2.6917162126526835,21.63213701334839,0.5045679918230023,4.287259073884485,168.77276794523064,1.522515671954018,12.235787512020757,0.1905944024334142,6.419804231289235
dup64_half,adam,304,19,12288,190.2571090538432,297.548183601452,2.6842113109247268,21.571823425427148,0.5177413311342198,4.166525275888172,173.96850655308594,1.5693869388897086,12.612471229113972,0.19133248359742955,6.5919131931883905
dup64_half,adam,304,20,12288,190.2571090538432,295.93339036589634,2.669644102967951,21.454753194567868,0.5301454246121713,4.046956212111634,176.2926366559594,1.5903531442104226,12.780967381871738,0.1866272898631203,6.848391460458862
dup64_half,adam,304,21,12288,190.2571090538432,303.4337692866728,2.7373057559200524,21.99852008215036,0.5421279056409323,4.057809947293259,182.1763834873112,1.6434310007248691,13.207530724284352,0.19153746120481102,6.895533981293371
dup64_half,adam,304,22,12288,190.2571090538432,313.412727424748,2.8273269147833293,22.721980465335296,0.554442681673669,4.098165818826495,181.8539280287337,1.640522098446566,13.184153158571108,0.19002555881122637,6.938094665291
dup64_half,adam,304,23,12288,190.2571090538432,309.2125729961592,2.7894369102523333,22.417475196318417,0.5654780131511746,3.9643407303133005,180.66566822597665,1.6298026903686131,13.098005999686276,0.19645817829566942,6.66707088160707
dup64_half,adam,304,24,12288,190.2571090538432,312.6603807391672,2.8205399216357665,22.667436392306122,0.5760651156649985,3.934873988357942,179.67660526582037,1.620880256520305,13.026300330793,0.1910286227053127,6.81903064908122
dup64_half,adam,304,25,12288,190.2571090538432,312.1602084314741,2.8160278182531444,22.631174605817463,0.5866799870278498,3.857498995400904,184.96487129555732,1.6685862223924142,13.409692155402388,0.19616716581390523,6.83584946530937
dup64_half,adam,304,26,12288,190.2571090538432,315.8396544488951,2.8492204612004373,22.897929249823328,0.5964395635736724,3.839103011984376,181.0779384348776,1.6335218203074855,13.127895008055715,0.19232503316667196,6.8258898968595885
dup64_half,adam,304,27,12288,190.2571090538432,321.4029942982446,2.899407894944426,23.30126353818369,0.6067516748875857,3.840329496000282,182.841152183244,1.6494279442490196,13.255725516649886,0.1974001552695563,6.715154554234653
dup64_half,adam,304,28,12288,190.2571090538432,320.51729085261724,2.8914178774013775,23.237051288237787,0.6161371199620475,3.7714090801198816,181.56982260359385,1.6379591555765236,13.163555916164373,0.19932513723399437,6.604062136283012
dup64_half,adam,304,29,12288,190.2571090538432,319.99556443926684,2.886711332320265,23.199226859505092,0.625535798064089,3.7086969173150703,182.11900290549488,1.6429133648755267,13.203370713075385,0.19188219967826586,6.880977357573468
dup64_half,adam,304,30,12288,190.2571090538432,338.23345649896424,3.051237143103353,24.52144829739752,0.6349012105521894,3.862246266008944,192.4766406932375,1.7363506299524305,13.954284836486707,0.19122972593181517,7.29713164022535
dup64_half,adam,304,31,12288,190.2571090538432,321.22096271223216,2.8977657701759063,23.288066505072003,0.6445953713911112,3.6128193807556617,191.4231842445029,1.7268472961359231,13.877910730540494,0.19778134873199218,7.016794464955364
dup64_half,adam,304,32,12288,190.2571090538432,333.81158134381354,3.011346974179147,24.200868588586523,0.6533067756135338,3.704365160740755,179.8699005405867,1.6226239921284211,13.040313965444568,0.1961523270417053,6.648054683884518
dup64_half,adam,304,33,12288,190.2571090538432,322.5761888160516,2.9099913976111087,23.386318485169053,0.6625207223070156,3.529899925806654,173.4876214527906,1.565048827294321,12.577607737944472,0.19537715712217796,6.437604028642477
dup64_half,adam,304,34,12288,190.2571090538432,326.17425389497583,2.9424498951404634,23.647173125974764,0.6711916778858257,3.5231624445136984,188.61173552751703,1.701484941861476,13.674084665940157,0.19020237005103952,7.189229378304176
dup64_half,adam,304,35,12288,190.2571090538432,328.3007074088506,2.961632840588195,23.801338004981815,0.6805645383276608,3.4972933005690274,185.1523514996493,1.6702774996783554,13.423284205636016,0.196474482554037,6.832075102650629
dup64_half,adam,304,36,12288,190.2571090538432,331.42299405998216,2.989799294315038,24.02769938116818,0.6886933465838334,3.488882170904396,193.0819863481269,1.74181151240248,13.99817154223153,0.1960462781502458,7.140238353060505
dup64_half,adam,304,37,12288,190.2571090538432,332.411645062303,2.998718011851359,24.099375183699724,0.6962686405091826,3.4612179526103324,194.39621395988837,1.7536672884247757,14.093451189509475,0.199003994791775,7.081994109844858
dup64_half,adam,304,38,12288,190.2571090538432,335.9782556239032,3.030892755098772,24.357949416386543,0.7050871998967649,3.4546009940263986,183.9835887318772,1.659733976262855,13.338550554274311,0.1931578317078639,6.905518889054328
dup64_half,adam,304,39,12288,190.2571090538432,338.3178392973039,3.051998368592984,24.527565931200204,0.7132294570741678,3.4389446044219696,189.03807231719352,1.7053309678034316,13.70499348156574,0.196059936538821,6.990206017358408
dup64_half,adam,304,40,12288,190.2571090538432,341.7666769012276,3.0831106704526188,24.777601790651005,0.720679440389251,3.4380891700293557,195.69506046029417,1.7653843099348583,14.187615727919217,0.1979496442385854,7.167285287372945
dup64_half,adam,304,41,12288,190.2571090538432,336.693901556535,3.03734866715892,24.40983273661725,0.7282398238564592,3.3518947930302403,190.06030123947843,1.71455259504491,13.779103635911133,0.19211991975607193,7.172136888983708
dup64_half,adam,304,42,12288,190.2571090538432,336.6379420853166,3.0368438512874874,24.405775753921226,0.7358850901330787,3.3165199405667596,195.2563974044449,1.761427087538325,14.15581327539034,0.19445973106693293,7.279560245055526
dup64_half,adam,304,43,12288,190.2571090538432,340.82415145108297,3.0746080560407587,24.70927002556208,0.7436567214145847,3.322671511468366,188.1995729917093,1.6977667832521248,13.644203463718032,0.19564260990801438,6.974044902658552
dup64_half,adam,304,44,12288,190.2571090538432,339.8131329953797,3.0654875595164466,24.635972614224187,0.7505109113926606,3.282560218679468,190.2032451265871,1.7158421058527413,13.789466866010976,0.19529740833154105,7.060752615109813
dup64_half,adam,304,45,12288,190.2571090538432,346.21755424260624,3.123262470939728,25.100284117037038,0.7578629418921099,3.311981986395944,197.76244336356535,1.784034373618009,14.33749807101511,0.1941856142492105,7.383398675771577
dup64_half,adam,304,46,12288,190.2571090538432,346.3866856976526,3.1247882223631565,25.11254590885773,0.7644958754653799,3.2848504112034216,194.9997477988428,1.7591118263057974,14.137206541155761,0.1887083486696094,7.491563908445399
dup64_half,adam,304,47,12288,190.2571090538432,356.6546949277725,3.217416939442083,25.856962088320913,0.7723959057178694,3.3476306511864915,208.06668885642583,1.8769899815726807,15.084541328392115,0.19874749237326825,7.5898020892066365
dup64_half,adam,304,48,12288,190.2571090538432,354.9324025784809,3.201879971450103,25.732098323413354,0.7780558569724174,3.3072302062659715,201.7462514836105,1.8199726969071948,14.626318537960074,0.1956747536949586,7.474811268070557
dup64_half,adam,304,49,12288,190.2571090538432,363.5610232978056,3.2797196041850607,26.35766114927006,0.7850706934948746,3.3573614921141037,198.43335251563468,1.7900867107984624,14.386138037785427,0.2010280969249851,7.156282259963742
dup64_half,adam,304,50,12288,190.2571090538432,355.1859177293304,3.2041669564592685,25.750477814101565,0.7905482582771587,3.25729359902956,195.956372956558,1.7677416355608042,14.206560515146725,0.19780702207562664,7.182030428482562
dup64_half,sgd,304,1,12288,190.2571090538432,1.4361287366797155,0.012955458011140484,0.10411730681351536,0.005210738152386695,1.9981297038659696,15.563843082454763,0.14040295302000552,1.1283566605315736,0.012522777229396188,9.010434665266176
dup64_half,sgd,304,2,12288,190.2571090538432,15.91257261489796,0.14354887629235633,1.1536390595233705,0.013656284638436943,8.44767877989553,17.27074914340681,0.1558011197976941,1.2521049412469032,0.012194936949941422,10.267416276005573
dup64_half,sgd,304,3,12288,190.2571090538432,24.92949643248086,0.22489142931335376,1.8073533120491507,0.01816079201780847,9.951952041942116,16.974868563274313,0.1531319521010147,1.2306540167197335,0.012917838746052695,9.526779524909186
dup64_half,sgd,304,4,12288,190.2571090538432,29.46420634953953,0.26579949167758327,2.136113381871488,0.021901171324520255,9.75342071992252,17.308563592507024,0.1561422476471826,1.254846435444738,0.013653029817712587,9.190974107569724
dup64_half,sgd,304,5,12288,190.2571090538432,33.27434226495914,0.3001711009965922,2.4123428590589566,0.024880518925152657,9.69570958835681,16.435286680005312,0.14826433107671466,1.191535091614719,0.013228624504214305,9.007248570969159
dup64_half,sgd,304,6,12288,190.2571090538432,36.61449969237788,0.3303029883380913,2.6544995590773888,0.027016288060242852,9.825552471006363,17.176063589572475,0.15494695214152812,1.245240372209611,0.014085891127143145,8.840337902442434
dup64_half,sgd,304,7,12288,190.2571090538432,37.98937693010717,0.3427058905772427,2.7541762186521654,0.028726738063037976,9.58750072009011,16.485001248200163,0.148712811066245,1.1951393276540394,0.014833071735362073,8.057261159229917
dup64_half,sgd,304,8,12288,190.2571090538432,38.92442995463869,0.35114109550567785,2.8219662434288693,0.029995282788208448,9.408033467643193,16.018408466740343,0.14450363187909246,1.1613120094314824,0.015647002984847537,7.421945343501818
dup64_half,sgd,304,9,12288,190.2571090538432,39.45096812814464,0.3558910479464946,2.860139517982718,0.03118739190217249,9.17081982024756,17.236050983239586,0.15548810429592952,1.2495893735991535,0.016089151447194257,7.7666580347658165
dup64_half,sgd,304,10,12288,190.2571090538432,40.4372366834983,0.3647882731953493,2.931642596471134,0.03227934796791844,9.082099797631642,16.693419665098464,0.15059297402093735,1.2102493687691258,0.016622980298817217,7.280579938215046
dup64_half,sgd,304,11,12288,190.2571090538432,40.32686714076359,0.36379261873897084,2.9236409603710554,0.033058855186296504,8.843745326011645,16.573326443707575,0.149509601306908,1.2015427796880611,0.016445362316537974,7.306271254843391
dup64_half,sgd,304,12,12288,190.2571090538432,39.586109479004286,0.35711017131051753,2.8699370752150712,0.03396946425593221,8.448579152124495,16.00554211584178,0.14438756326729915,1.1603792171477116,0.0167766123450855,6.916647969681615
dup64_half,sgd,304,13,12288,190.2571090538432,39.26247958098289,0.3541906742989478,2.8464743642994588,0.03461143547431134,8.224086419103061,16.55443182349883,0.14933915108716184,1.200172946386106,0.016787645356719925,7.149144033506098
dup64_half,sgd,304,14,12288,190.2571090538432,38.3756556611766,0.3461905488485734,2.7821808815567426,0.0352675699281073,7.88877965572394,16.603218080277273,0.14977925668847103,1.2037098811577251,0.01711647393651906,7.032464078886805
dup64_half,sgd,304,15,12288,190.2571090538432,39.23555683484691,0.35394780156880823,2.844522503196684,0.03579969244132977,7.945661845722339,16.85841529498576,0.1520814157604771,1.2222113191020618,0.017085102456122974,7.1536668992233325
dup64_half,sgd,304,16,12288,190.2571090538432,39.93126942692277,0.36022389301120833,2.8949606843660525,0.03635328058191511,7.963409733663009,16.282445785921077,0.1468855383994847,1.1804543424753267,0.017131506175509518,6.8905461690394425
dup64_half,sgd,304,17,12288,190.2571090538432,39.43870892512842,0.3557804564752217,2.8592507430636394,0.03694314489540527,7.739597565824053,16.091344121809296,0.14516159156796093,1.1665997415006948,0.016804260795612296,6.942285386366425
dup64_half,sgd,304,18,12288,190.2571090538432,39.32190428488724,0.3547267503738804,2.8507825714752415,0.03720067561277604,7.663254832114342,15.393459128974618,0.1388659026855156,1.116004064341899,0.016996444753424236,6.566102973488381
dup64_half,sgd,304,19,12288,190.2571090538432,39.34214731724104,0.35490936475167234,2.852250162754899,0.03767172877363622,7.571328037249479,15.768087349214426,0.14224546055741377,1.1431640816519684,0.016520189691253673,6.919799972134682
dup64_half,sgd,304,20,12288,190.2571090538432,39.63110558250898,0.3575160855678756,2.8731992292228257,0.03828930905691423,7.503920284777213,15.79717892632708,0.14250789852424411,1.1452731799400022,0.0168201480638328,6.8089363755519114
dup64_half,sgd,304,21,12288,190.2571090538432,39.54039689164971,0.3566977935821657,2.866622977139268,0.03864371149494534,7.418083994116939,15.986447336653129,0.14421530739378843,1.158994872602168,0.0167373429785707,6.924604903454882
dup64_half,sgd,304,22,12288,190.2571090538432,40.06572513340551,0.36143683111014413,2.904708533348628,0.038996080882188214,7.4487191216063415,16.182984718560576,0.1459882903680086,1.1732435554463623,0.016645224401996672,7.048529518806764
dup64_half,sgd,304,23,12288,190.2571090538432,39.69753840081777,0.3581153825293382,2.8780155148034168,0.03937312244814762,7.30959430152794,15.636277663281872,0.14105639246905502,1.1336080654253442,0.016562502393805634,6.844425066162182
dup64_half,sgd,304,24,12288,190.2571090538432,39.25771627004656,0.3541477040043958,2.8461290309783296,0.03976337846194807,7.15766401414296,15.967976690387465,0.14404868188451364,1.1576557768127944,0.016593434366686213,6.976589361976569
dup64_half,sgd,304,25,12288,190.2571090538432,39.30880647620804,0.3546085937587753,2.8498329988289965,0.04012203356220261,7.102912653743733,15.66019288296199,0.14127213400843072,1.1353418851041455,0.016409899936382737,6.91863990338512
dup64_half,sgd,304,26,12288,190.2571090538432,39.00321999831234,0.35185186820762226,2.8276784104104906,0.040540572930380894,6.974934506392836,15.085527712659117,0.13608802321517657,1.0936794711970215,0.016406820218998242,6.666005091776393
dup64_half,sgd,304,27,12288,190.2571090538432,39.68616407424141,0.35801277361510836,2.877190892177533,0.04097379136352066,7.022027487402892,16.46969827154552,0.14857476141482379,1.194029883441402,0.016108128088210584,7.41259243099329
dup64_half,sgd,304,28,12288,190.2571090538432,40.4439360938806,0.36484870923265605,2.9321282942699654,0.041329212008858925,7.094566171843448,15.959000352718387,0.14396770546311397,1.1570050049987621,0.016460692932875325,7.028896108547106
dup64_half,sgd,304,29,12288,190.2571090538432,40.64852093709671,0.3666942891436395,2.9469604067028476,0.04173164154211783,7.061692993141945,15.834314987981378,0.14284290657413085,1.1479654920053155,0.016259194812153564,7.060408004627784
dup64_half,sgd,304,30,12288,190.2571090538432,40.29039947696081,0.36346364037157625,2.920997106206766,0.04214989286163186,6.930022611909618,15.848680057186424,0.14297249527057557,1.149006939251387,0.016216907032040193,7.085240958595016
dup64_half,sgd,304,31,12288,190.2571090538432,40.30111770540001,0.363560330560242,2.9217741626435596,0.04261621091326687,6.856015821279833,15.721303087361868,0.14182341514843858,1.139772288687357,0.016491302410608616,6.911353999270293
dup64_half,sgd,304,32,12288,190.2571090538432,40.15476666052015,0.362240083448405,2.911163918413322,0.04287047018190379,6.790604129278162,14.952384015458051,0.13488692088049006,1.0840267410359228,0.016251258057491644,6.670417374464118
dup64_half,sgd,304,33,12288,190.2571090538432,40.43227984068166,0.36474355703074746,2.931283232361786,0.043149885069872176,6.793258493308124,15.457923393782549,0.13944744113301513,1.1206776325716055,0.016004461406676954,7.002282701647594
dup64_half,sgd,304,34,12288,190.2571090538432,40.72183299322956,0.36735564438337615,2.9522754273180336,0.04349570892122692,6.787509620005881,16.477876236710912,0.14864853563966224,1.194622774375542,0.016158604411560334,7.393106136820047
dup64_half,sgd,304,35,12288,190.2571090538432,40.30125381948445,0.363561558458731,2.921784030722604,0.04399713826879361,6.640850168191447,16.297233354078188,0.14701893850036235,1.1815264202992126,0.016494623300738396,7.163100355534161
dup64_half,sgd,304,36,12288,190.2571090538432,40.39860938271468,0.364439812531201,2.9288421716733097,0.04434995237853917,6.603935324833785,15.09689913102669,0.13619060589417012,1.0945038829818723,0.016196305500105763,6.7577379481680255
dup64_half,sgd,304,37,12288,190.2571090538432,40.42858565359101,0.36471023140713454,2.9310154090107727,0.04460099068083493,6.57163745528691,15.508724224434614,0.13990572040257804,1.1243606211061927,0.01662660298181373,6.76241937295324
dup64_half,sgd,304,38,12288,190.2571090538432,40.20264210419344,0.3626719725154729,2.9146348205201127,0.045120785137460755,6.459627889099579,16.396289764677476,0.14791253608355698,1.188707870284021,0.016489651301235,7.208811445242582
dup64_half,sgd,304,39,12288,190.2571090538432,40.5445688453341,0.3657565271411087,2.939424026742248,0.04544739692743696,6.467750026333618,16.332660682331625,0.14733853189885907,1.184094851604246,0.016606441048326443,7.130334839104952
dup64_half,sgd,304,40,12288,190.2571090538432,40.92984643802589,0.3692321540450671,2.967356108527204,0.04577650411312319,6.482268941276631,15.835455204547795,0.14285319257946766,1.148048156097362,0.01651580118379338,6.9512108030455
dup64_half,sgd,304,41,12288,190.2571090538432,40.17709006835062,0.3624414650971574,2.912782333979312,0.04592220682801882,6.342862277694627,15.230358966247495,0.13739456014090035,1.1041795327032835,0.015821910001866335,6.978800489783064
dup64_half,sgd,304,42,12288,190.2571090538432,40.747802917752274,0.36758992161640774,2.9541582101984227,0.04633579777834798,6.375541917568658,16.143402201284875,0.14563121260231593,1.1703738788008176,0.01636084722866437,7.1535041091900835
dup64_half,sgd,304,43,12288,190.2571090538432,40.71712463968084,0.3673131698648012,2.9519340783299532,0.04671702233898909,6.318754771890348,15.854664474827793,0.14302648128832848,1.1494408010854642,0.016033012465731737,7.169212919544776
dup64_half,sgd,304,44,12288,190.2571090538432,41.160115404413496,0.3713094329470968,2.9840502836458214,0.047005152726099564,6.348347171711092,15.739938845193626,0.1419915301453248,1.1411233548322748,0.016460008230275724,6.932702212951201
dup64_half,sgd,304,45,12288,190.2571090538432,41.34411487068849,0.37296931015623147,2.997389985299566,0.04731399759149597,6.3351019526583086,16.081294348974126,0.14507093158277842,1.1658711471519008,0.01626584477039638,7.167602811959515
dup64_half,sgd,304,46,12288,190.2571090538432,40.91599064298887,0.3691071595607786,2.966351582939651,0.04754003075999216,6.239692182605857,15.32269520915184,0.13822753443303756,1.1108737800133859,0.016177029482529606,6.866982477920775
dup64_half,sgd,304,47,12288,190.2571090538432,40.67342516185799,0.3669189525947314,2.948765927854397,0.04794485840919729,6.150327742523343,15.485160864657068,0.13969315302585025,1.1226523107738,0.016317372516140738,6.880104683908517
dup64_half,sgd,304,48,12288,190.2571090538432,41.045610792582,0.37027647562734106,2.975748860871436,0.04825475824913045,6.16674700867465,15.251000990946972,0.13758077386772632,1.1056760503649636,0.016515477719391807,6.694786969841771
dup64_half,sgd,304,49,12288,190.2571090538432,41.12490265077394,0.3709917752472108,2.981497408697497,0.04852453143710341,6.14430952839196,15.857664923995108,0.1430535486341791,1.149658329416005,0.016247031053133066,7.076113325913202
dup64_half,sgd,304,50,12288,190.2571090538432,40.68406007275907,0.3670148911677243,2.9495369438872503,0.04874211814238019,6.051310563220463,17.094446749196226,0.1542106786296276,1.2393232664560905,0.01616937813192599,7.664631603914817
gray32,adam,304,1,1024,57.992691724893135,1.3959742269356723,0.04362419459173976,0.18331194555417935,0.017993207324024114,1.0187841570047687,40.40998439128741,1.2628120122277315,5.306425230243356,0.1527592908161515,3.47371685341858
gray32,adam,304,2,1024,57.992691724893135,40.47588375993487,1.2648713674979646,5.315078786479902,0.15408956883728295,3.449343668481915,37.35384107465848,1.1673075335830776,4.90510866833704,0.165029975515923,2.9722531637070793
gray32,adam,304,3,1024,57.992691724893135,55.39316998766838,1.7310365621146369,7.273937845645329,0.22974217810259653,3.1661307931001628,38.15632998091281,1.1923853119035253,5.0104872633373505,0.1988654920227136,2.519535798983703
gray32,adam,304,4,1024,57.992691724893135,61.37297549032799,1.9179054840727496,8.059174248708688,0.2887684843499633,2.790877358673823,38.75384576894477,1.211057680279524,5.088949873527449,0.21905739269431468,2.3231125920634246
gray32,adam,304,5,1024,57.992691724893135,60.46307633993654,1.889471135623017,7.939691109050382,0.3250309872709726,2.4427489747096636,34.56349834560398,1.0801093233001244,4.538695632511336,0.22595067130658558,2.008710842178875
gray32,adam,304,6,1024,57.992691724893135,58.72381332909787,1.8351191665343085,7.71130029767622,0.3485111093118107,2.212641173161848,34.18306985687519,1.0682209330273498,4.488739777261636,0.22257140597365327,2.0167639044311865
gray32,adam,304,7,1024,57.992691724893135,58.12955815161016,1.8165486922378176,7.633265853601963,0.36641217403347476,2.08324569830057,33.62856025399473,1.0508925079373352,4.415924511641996,0.21866596061602497,2.0194841936995904
gray32,adam,304,8,1024,57.992691724893135,56.33492952832776,1.7604665477602426,7.397604723092943,0.38333571654634424,1.9297979300602406,30.96901797431332,0.9677818116972913,4.06668749840417,0.22041484322220017,1.845015262563122
gray32,adam,304,9,1024,57.992691724893135,57.16679691931543,1.7864624037286072,7.506841145186326,0.40148546749859504,1.869766592538644,33.060432260929964,1.0331385081540614,4.341320951115594,0.22385586337568414,1.9393376102147522
gray32,adam,304,10,1024,57.992691724893135,55.75620996543495,1.7423815614198421,7.321610333685756,0.4168633326997796,1.7563574820236587,32.24167951251183,1.0075524847659947,4.233806674458911,0.22855507819068546,1.85242292928911
gray32,adam,304,11,1024,57.992691724893135,56.368469517945,1.7615146724357813,7.402009016977437,0.4322555996132174,1.7124148359444638,30.98959193977189,0.9684247481178716,4.069389162634931,0.22632104998136027,1.7980603938387896
gray32,adam,304,12,1024,57.992691724893135,56.56286880848212,1.7675896502650663,7.427536502711136,0.4480962099017685,1.6575762835261194,32.09998487950242,1.0031245274844507,4.215200085346907,0.22637875723244466,1.8620122032999586
gray32,adam,304,13,1024,57.992691724893135,57.227401286154986,1.7883562901923433,7.514799389815831,0.4629916576537981,1.6230960678421162,32.94700547197587,1.029593920999246,4.326426345642267,0.2245359682214137,1.9268299773584612
gray32,adam,304,14,1024,57.992691724893135,56.8209752882194,1.7756554777568563,7.461429679281194,0.475523885496313,1.5690967177166213,33.10384776145027,1.0344952425453209,4.347022044813473,0.22457449756732836,1.9356703863982674
gray32,adam,304,15,1024,57.992691724893135,56.1983803899714,1.7561993871866062,7.379673813099857,0.4875219947353807,1.5137109490014757,32.32647135443389,1.0102022298260591,4.244941090274005,0.22611726378778918,1.8773184405140677
gray32,adam,304,16,1024,57.992691724893135,57.60516130036221,1.8001612906363191,7.564404835117574,0.500982000948852,1.5099154901355158,32.1012951692801,1.0031654740400031,4.215372145664176,0.22625255866019026,1.863126839593121
gray32,adam,304,17,1024,57.992691724893135,57.83350098844208,1.807296905888815,7.594389194184888,0.514830317922908,1.475124702217341,32.56463118205854,1.0176447244393294,4.276214978081057,0.22622464486555055,1.890251603941069
gray32,adam,304,18,1024,57.992691724893135,58.56176382146446,1.8300551194207644,7.6900208141820405,0.525721958515666,1.4627543494462736,32.450303158738606,1.0140719737105814,4.261202027281711,0.2275395404335331,1.8727303479486705
gray32,adam,304,19,1024,57.992691724893135,59.27474812208247,1.8523358788150772,7.783646138184456,0.5381854472561273,1.4462758474552635,33.32718982769392,1.041474682115435,4.376350142637374,0.22635047645120418,1.933439775012275
gray32,adam,304,20,1024,57.992691724893135,59.43670407205333,1.8573970022516666,7.804913336181659,0.5494259329384984,1.4205578710925761,34.2273612837072,1.06960504011585,4.494555892965841,0.2323658397415354,1.93425845122726
gray32,adam,304,21,1024,57.992691724893135,58.71749121854621,1.834921600579569,7.710470111586196,0.5606244144999676,1.3753361273899072,32.35224051837659,1.0110075161992684,4.248324960467662,0.2291833605890737,1.8536794946841355
gray32,adam,304,22,1024,57.992691724893135,58.08304897114337,1.8150952803482303,7.627158514230653,0.5702184578471831,1.3375853428221907,33.54739457526261,1.0483560804769565,4.405266264381034,0.2262025619739167,1.947487343175628
gray32,adam,304,23,1024,57.992691724893135,60.331910985494495,1.885372218296703,7.922467169060562,0.5816700693533595,1.3620207719932949,34.4117483261008,1.07536713519065,4.518768623275589,0.23253068896298773,1.9432998901899126
gray32,adam,304,24,1024,57.992691724893135,59.9149061706424,1.872340817832575,7.867708304289973,0.5914065823115016,1.3303383052551059,34.098466819696846,1.0655770881155264,4.477630154286004,0.23365288319428273,1.9163598980984315
gray32,adam,304,25,1024,57.992691724893135,61.89767526105369,1.9343023519079279,8.128075044975317,0.6021494131967959,1.3498435549116576,33.3634756015495,1.042608612548422,4.381114998372574,0.22985123033162075,1.9060654981274912
gray32,adam,304,26,1024,57.992691724893135,62.3448385122639,1.9482762035082468,8.18679415595748,0.6112295264856548,1.3393976896090964,33.723476310931595,1.0538586347166123,4.428388385777854,0.23345898556623737,1.8968592598983192
gray32,adam,304,27,1024,57.992691724893135,61.5816729373169,1.9244272792911532,8.08657929265689,0.6216139938188041,1.300900458012222,34.17463998424659,1.067957499507706,4.487632811013617,0.2298439370667124,1.9524695183545682
gray32,adam,304,28,1024,57.992691724893135,61.16151179977505,1.9112972437429703,8.031405956299437,0.6311071675822346,1.2725898815359165,33.731557077897286,1.0541111586842902,4.429449509318295,0.23445607739036406,1.8892449104415245
gray32,adam,304,29,1024,57.992691724893135,61.65112252485158,1.9265975789016119,8.095699044843764,0.6403903434329863,1.2641819365114986,33.32157901128468,1.0412993441026464,4.375613359928726,0.23381223034740112,1.8714219326454333
gray32,adam,304,30,1024,57.992691724893135,61.37390248029825,1.9179344525093203,8.059295976124337,0.6508368621039587,1.2382974052930975,33.534220639103125,1.0479443949719727,4.403536332823986,0.2351868548199087,1.8723564870136713
gray32,adam,304,31,1024,57.992691724893135,61.17273802556683,1.9116480632989634,8.032880124841675,0.6609555245597649,1.2153435180365642,33.97184993982538,1.0616203106195432,4.4610034958983436,0.23436245297029548,1.9034633915799464
gray32,adam,304,32,1024,57.992691724893135,60.912309178364445,1.903509661823889,7.998681987270112,0.6690470181687773,1.1955336127441378,34.39582278051581,1.074869461891119,4.516677364935092,0.23635215382962677,1.9109947981226842
gray32,adam,304,33,1024,57.992691724893135,61.91613667610297,1.934879271128218,8.130499300269626,0.6786633223513899,1.198016605951178,33.14671301339966,1.0358347816687394,4.352650882781894,0.23433237527493986,1.857468852810019
gray32,adam,304,34,1024,57.992691724893135,62.938201887776906,1.9668188089930283,8.264711493317389,0.6859654949184711,1.2048290408979934,33.437576372067525,1.0449242616271102,4.3908455192866604,0.2330432764161879,1.8841331047222
gray32,adam,304,35,1024,57.992691724893135,63.25075213099917,1.976586004093724,8.305753936697073,0.6949483268000541,1.1951613690389886,36.608242867408784,1.1440075896065245,4.80720065876535,0.23357734049632153,2.058076630443121
gray32,adam,304,36,1024,57.992691724893135,64.66432737796659,2.020760230561456,8.491377155026568,0.7045298703408636,1.2052543848734607,35.24875440511576,1.1015235751598675,4.628679830677829,0.23584853443663117,1.9625645933031999
gray32,adam,304,37,1024,57.992691724893135,64.4352974990689,2.013603046845903,8.461302163754748,0.7126065286746391,1.1873736519775833,33.11312796121483,1.0347852487879634,4.348240671519575,0.23948345880055108,1.8156747415030938
gray32,adam,304,38,1024,57.992691724893135,64.81052605194223,2.025328939123195,8.510575190955029,0.7216689451009801,1.1792907604974159,34.914567483727524,1.0910802338664851,4.584796173260375,0.23461541255123075,1.954175185425738
gray32,adam,304,39,1024,57.992691724893135,65.6774797961285,2.0524212436290155,8.624418967212359,0.7299567145191107,1.1814973128775248,35.897538575641846,1.1217980804888077,4.713874733455479,0.23480368469046922,2.007581243739663
gray32,adam,304,40,1024,57.992691724893135,64.92269545704491,2.0288342330326534,8.525304683437252,0.7380984811938344,1.1550362046061973,35.67249739205572,1.1147655435017412,4.684323516536852,0.2364293131800016,1.9812786551431203
gray32,adam,304,41,1024,57.992691724893135,66.6862616309332,2.0839456759666626,8.756886857528421,0.7464547965873727,1.1731302280543958,35.70073867416241,1.1156480835675753,4.68803201220105,0.23426786152306608,2.0011417621360175
gray32,adam,304,42,1024,57.992691724893135,67.95126088840986,2.123476902762808,8.922999863440904,0.7545502156252786,1.1825587851759631,36.14765406853162,1.1296141896416132,4.746718575934944,0.24196420200076285,1.9617441492109555
gray32,adam,304,43,1024,57.992691724893135,68.53496900257348,2.141717781330421,8.99964932299287,0.7628765169659502,1.1796993514475365,34.91329827264886,1.0910405710202769,4.5846295071804,0.24117416704922848,1.9009620985835456
gray32,adam,304,44,1024,57.992691724893135,68.3558808358284,2.1361212761196375,8.976132412982407,0.7693085585568107,1.1667792218276163,37.0110638956852,1.1565957467401624,4.860096983768123,0.2386099917968737,2.0368371614150487
gray32,adam,304,45,1024,57.992691724893135,68.10735412839597,2.128354816512374,8.943497201398582,0.7768388116759339,1.1512680709276213,38.27392966297496,1.1960603019679674,5.025929831043408,0.2424812971564503,2.072708241823966
gray32,adam,304,46,1024,57.992691724893135,67.40572194149615,2.106428810671755,8.851362576874482,0.7836946718985078,1.1294401881579685,36.00037150660208,1.125011609581315,4.7273782095782,0.24019025725884074,1.9681806679126645
gray32,adam,304,47,1024,57.992691724893135,68.05978933646944,2.12686841676467,8.937251244718514,0.79260197843682,1.1275837668667792,36.74938052178948,1.1484181413059213,4.825734108392333,0.24474199102031594,1.971763851505053
gray32,adam,304,48,1024,57.992691724893135,69.33891101354192,2.166840969173185,9.105218732011878,0.7990775684930232,1.1394661908960062,36.90522513648708,1.1532882855152213,4.846198798193282,0.24136714655099867,2.0078121100749415
gray32,adam,304,49,1024,57.992691724893135,69.41092021784169,2.169091256807553,9.114674599522395,0.8062417182306475,1.1305138885054433,36.27181073176056,1.1334940853675175,4.76302217169686,0.24766087849511548,1.9232032934062286
gray32,adam,304,50,1024,57.992691724893135,69.13971532553619,2.160616103923006,9.07906140875349,0.8125837028829119,1.11730783875464,37.69272920708149,1.1778977877212966,4.949609663900582,0.24276828174195392,2.0388205693038923
gray32,sgd,304,1,1024,57.992691724893135,1.3959742269356723,0.04362419459173976,0.18331194555417935,0.017993207324024114,1.0187841570047687,10.113240643288703,0.316038770102772,1.328017224392697,0.05047035601256578,2.6312816657406892
gray32,sgd,304,2,1024,57.992691724893135,10.452638964452202,0.3266449676391313,1.3725852152408333,0.054243633408263846,2.530407955732044,11.049379290763286,0.34529310283635267,1.4509459959028401,0.0477575482129588,3.0381500939554766
gray32,sgd,304,3,1024,57.992691724893135,16.06281764895929,0.5019630515299778,2.1092841812533134,0.07150674474483106,2.9497695480058685,10.525637277455594,0.3289261649204873,1.3821709672702234,0.04446010031299124,3.108789583334235
gray32,sgd,304,4,1024,57.992691724893135,19.591820921616225,0.612244403800507,2.5726942093867473,0.08255400877311164,3.1163770816477783,9.916369864346365,0.3098865582608239,1.3021651958850462,0.043388283876853104,3.0011908274153445
gray32,sgd,304,5,1024,57.992691724893135,21.327903236004307,0.6664969761251346,2.8006673485408036,0.09082849822117242,3.0834676377903145,9.501224542232196,0.2969132669447561,1.2476505098571276,0.044932220753857714,2.7767390280837803
gray32,sgd,304,6,1024,57.992691724893135,22.111345530628487,0.6909795478321402,2.903544843329686,0.09807307190246065,2.9605933484141596,9.939027579402737,0.3105946118563355,1.3051404870821575,0.04168699045681197,3.1308100507622214
gray32,sgd,304,7,1024,57.992691724893135,23.7324599248978,0.7416393726530562,3.1164210038242213,0.10278071685643274,3.0321067016659686,9.221313865277546,0.2881660582899233,1.210894121534273,0.03954111534922078,3.062367135675993
gray32,sgd,304,8,1024,57.992691724893135,25.593930331219347,0.7998103228506046,3.3608594434388057,0.10588923835270485,3.173938632218857,8.97368202002167,0.2804275631256772,1.178376418514303,0.04009203345086029,2.9391784778355197
gray32,sgd,304,9,1024,57.992691724893135,26.45914943924965,0.8268484199765516,3.474475436458851,0.10818751345074147,3.2115309111349557,8.571452147472113,0.26785787960850355,1.125557720952155,0.04272613393112694,2.634354240349748
gray32,sgd,304,10,1024,57.992691724893135,27.04279606325676,0.8450873769767737,3.551116821448978,0.11038275764138526,3.217093772005543,9.372149787356406,0.2928796808548877,1.2307010963352545,0.042961243598902445,2.8646775401229205
gray32,sgd,304,11,1024,57.992691724893135,26.896816046584945,0.8405255014557795,3.531947498440141,0.11180048657649745,3.159152170615527,8.802272931005705,0.2750710290939283,1.1558678843401733,0.042194890020137564,2.7393551299423553
gray32,sgd,304,12,1024,57.992691724893135,27.136760232500578,0.848023757265643,3.563455698732033,0.11412950178090774,3.122291469888944,8.489182853584046,0.2652869641745014,1.1147545527911678,0.043839754550711305,2.542793782072123
gray32,sgd,304,13,1024,57.992691724893135,27.248277496721304,0.8515086717725407,3.578099555525904,0.11567212487449312,3.0933118583307975,8.804838470933467,0.27515120221667083,1.1562047774621813,0.04392391688185437,2.632289785476365
gray32,sgd,304,14,1024,57.992691724893135,27.29772327491608,0.8530538523411275,3.5845925133652625,0.1168582483377286,3.06747068722572,9.436124331966704,0.2948788853739595,1.2391018948687627,0.04543156146173192,2.7274032742909076
gray32,sgd,304,15,1024,57.992691724893135,27.115476090489626,0.8473586278278008,3.5606607778759054,0.11829964202335803,3.009866062969877,9.290260964654054,0.2903206551454392,1.2199478896362592,0.04664210584971265,2.615550621936112
gray32,sgd,304,16,1024,57.992691724893135,26.14926970786266,0.8171646783707082,3.433783670556376,0.11934940949132142,2.877084759104791,9.095424431404972,0.28423201348140537,1.1943629875042754,0.04720637640761841,2.530088260092598
gray32,sgd,304,17,1024,57.992691724893135,26.34297325100041,0.8232179140937628,3.459219794424696,0.1207422006875678,2.8649633473020453,8.732483944062283,0.27289012325194634,1.1467035640196352,0.04569268243289688,2.5096000124388733
gray32,sgd,304,18,1024,57.992691724893135,26.85245188551754,0.8391391214224231,3.5261218316611793,0.12163996720142219,2.898818466320626,8.82916616123431,0.2759114425385722,1.1593993609679787,0.045760828077930756,2.533606601247512
gray32,sgd,304,19,1024,57.992691724893135,26.622135518249845,0.8319417349453077,3.4958779055469495,0.12260774445389734,2.8512700573016905,9.137448690883488,0.285545271590109,1.1998813907934183,0.04591328128015388,2.6133644935372318
gray32,sgd,304,20,1024,57.992691724893135,26.80515541157617,0.8376611066117553,3.5199111090785165,0.12430914816468978,2.8315784968739353,8.497908372788565,0.26555963664964266,1.1159003417824602,0.04644329503808121,2.4027157006570636
gray32,sgd,304,21,1024,57.992691724893135,26.855333448650462,0.839229170270327,3.526500223277544,0.12498044117571268,2.821641682573005,9.214990067800114,0.28796843961875357,1.2100637139260872,0.0469989360844702,2.574661927987614
gray32,sgd,304,22,1024,57.992691724893135,26.42425260421297,0.8257578938816553,3.4698929688166658,0.1264276631105297,2.7445678291016917,9.47793570142247,0.2961854906694522,1.2445923425671028,0.04622596601508561,2.6924095910963466
gray32,sgd,304,23,1024,57.992691724893135,26.926779294250075,0.8414618529453148,3.535882113505831,0.12713203065221382,2.7812677067816964,9.48560126783993,0.29642503961999783,1.2455989441695148,0.04675242578579636,2.6642445247149817
gray32,sgd,304,24,1024,57.992691724893135,27.257627017551656,0.8518008442984892,3.579327285107397,0.1283053858347019,2.789693715366483,9.05386233054814,0.2829331978296294,1.1889052724387839,0.04636896159438801,2.564010992609064
gray32,sgd,304,25,1024,57.992691724893135,27.32103360190318,0.8537823000594744,3.5876535021063582,0.12886932224790493,2.7839469002597967,8.93049976194989,0.27907811756093404,1.1727059529800383,0.046185165121185714,2.5391398946024406
gray32,sgd,304,26,1024,57.992691724893135,27.393530899698472,0.8560478406155773,3.5971734634708654,0.12989529295245822,2.769287001637106,9.35430746493151,0.2923221082791097,1.2283581370070638,0.0472496612758988,2.5997183976292906
gray32,sgd,304,27,1024,57.992691724893135,27.899978001433517,0.8718743125447974,3.663677415870557,0.130732081048014,2.8024318028908275,8.87776929763827,0.27743029055119595,1.1657816675480956,0.04577180249883566,2.5469428860219137
gray32,sgd,304,28,1024,57.992691724893135,28.43288256199445,0.8885275800623266,3.733655621704311,0.13132777964526055,2.84300521320742,8.916062451303139,0.2786269516032231,1.170810121773301,0.04641841358075549,2.5222967168759602
gray32,sgd,304,29,1024,57.992691724893135,28.25500232007798,0.8829688225024369,3.710297329987899,0.13186354017945018,2.8137401171989143,9.346444473849592,0.29207638980779976,1.2273256106428303,0.0458051427654772,2.6794493730250983
gray32,sgd,304,30,1024,57.992691724893135,27.732325225982315,0.8666351633119473,3.641662140908798,0.1327143248280596,2.7439857344915994,9.090955860692098,0.28409237064662807,1.19377619845372,0.04652551615143932,2.565852670109043
gray32,sgd,304,31,1024,57.992691724893135,27.87201134027289,0.8710003543835279,3.660004981975225,0.13379905102943673,2.7354491334695625,8.507904681495505,0.26587202129673454,1.117213004123979,0.04706022346200773,2.3740070104552693
gray32,sgd,304,32,1024,57.992691724893135,27.489285728816988,0.8590401790255309,3.6097474807293746,0.13428417632976516,2.6881406129824432,8.745463331296945,0.2732957291030295,1.1484079484417673,0.04641377012567318,2.4742828374688313
gray32,sgd,304,33,1024,57.992691724893135,27.018286063174813,0.8443214394742129,3.547898297987827,0.13474840649136968,2.632979780888957,9.582459277334673,0.2994518524167085,1.258317825235078,0.04656970237850582,2.7020095920042912
gray32,sgd,304,34,1024,57.992691724893135,26.601962290221937,0.8313113215694355,3.4932288640341835,0.13587371145324664,2.5709379884247756,9.80506586818145,0.3064083083806703,1.2875493443232784,0.04591615864017943,2.8041312306047184
gray32,sgd,304,35,1024,57.992691724893135,26.89402246127353,0.8404382019147978,3.5315806596055648,0.13703409330805646,2.577154760798448,8.425789336727227,0.26330591677272586,1.1064300517464356,0.04705090088940449,2.3515597593915474
gray32,sgd,304,36,1024,57.992691724893135,27.04793167563927,0.8452478648637272,3.5517912028804437,0.13746846428914491,2.5837134511154263,8.955494947642096,0.2798592171138155,1.1759881884470815,0.046090310323774884,2.551486809669989
gray32,sgd,304,37,1024,57.992691724893135,27.31427525864576,0.85357110183268,3.586766032246717,0.13816339888865303,2.596031989005511,9.052914491208565,0.28290357785026765,1.1887808071943273,0.047456821756043585,2.504973496340254
gray32,sgd,304,38,1024,57.992691724893135,27.301091722764195,0.8531591163363811,3.585034840104984,0.13921865861932556,2.575110890780648,8.460723530431142,0.2643976103259732,1.111017425131035,0.045990604321403936,2.4157486980747707
gray32,sgd,304,39,1024,57.992691724893135,27.43255559361929,0.8572673623006029,3.602297979689897,0.13935835560245552,2.5849171110816576,8.576347365115303,0.26801085515985323,1.126200535019041,0.04603398737871999,2.4464544549526606
gray32,sgd,304,40,1024,57.992691724893135,27.53131405633736,0.8603535642605425,3.6152664182122387,0.1398560140861053,2.5849917444282546,8.745261629443478,0.2732894259201087,1.1483814620221275,0.04599041063978361,2.4970019750785393
gray32,sgd,304,41,1024,57.992691724893135,27.369843712362428,0.8553076160113259,3.594062987423748,0.14012091933163281,2.564972457051511,9.81107572165239,0.3065961163016372,1.2883385264664702,0.04535405835203134,2.840624573145321
gray32,sgd,304,42,1024,57.992691724893135,27.330733619117996,0.8540854255974374,3.588927257017622,0.14087506157738522,2.547595874551692,8.656276814295802,0.2705086504467438,1.1366964471595637,0.045975516996901444,2.4723951385607523
gray32,sgd,304,43,1024,57.992691724893135,26.95136549005532,0.8422301715642287,3.5391106425860053,0.14136135799077693,2.5035912875263358,8.533329762147474,0.26666655506710857,1.1205516911213853,0.044755664093048014,2.5037092261478535
gray32,sgd,304,44,1024,57.992691724893135,27.53314675394728,0.8604108360608524,3.615507078360545,0.14182157432989034,2.549335032729601,9.432401752624552,0.29476255476951724,1.2386130654559246,0.046900694025383584,2.6409269440353325
gray32,sgd,304,45,1024,57.992691724893135,27.5087940973962,0.8596498155436313,3.612309216418932,0.14263234960166657,2.5326016338559456,9.235102497720144,0.2885969530537545,1.212704771753176,0.04530476595543438,2.6767708566160464
gray32,sgd,304,46,1024,57.992691724893135,27.45440770275797,0.8579502407111865,3.605167482982566,0.14327692184673593,2.516223433972871,9.469999162531929,0.2959374738291228,1.2435501582939839,0.04673732097580777,2.660721950532149
gray32,sgd,304,47,1024,57.992691724893135,27.28257202824121,0.8525803758825378,3.5826029318587054,0.14432140704649266,2.482378051306402,9.56709900974143,0.2989718440544197,1.2563007962080228,0.04732941634978381,2.6543762697672926
gray32,sgd,304,48,1024,57.992691724893135,27.586810372821866,0.8620878241506833,3.6225539007098178,0.1454970901099706,2.4897775604802774,9.382076582586729,0.2931898932058353,1.2320046305350103,0.046503672563166815,2.6492630853220356
gray32,sgd,304,49,1024,57.992691724893135,27.568448348834355,0.8615140109010736,3.6201426969235904,0.14580453562397938,2.482873856722611,9.16370504281691,0.2863657825880284,1.2033292359349694,0.04575844463171114,2.6297424346916025
gray32,sgd,304,50,1024,57.992691724893135,27.453297378468196,0.8579155430771311,3.605021681074603,0.1459563462436745,2.469931437620403,9.421004875440335,0.2944064023575105,1.2371164878762178,0.04549392367996773,2.7193004863217705
avg16,adam,304,1,768,44.30890859492494,1.4127981735665631,0.05097996286370418,0.2122435975730651,0.020798906339215103,1.0204555668049355,31.06447637864381,1.1209427374652985,4.666792714406229,0.1453694906311813,3.210297218586537
avg16,adam,304,2,768,44.30890859492494,31.256230990085903,1.1278620859987012,4.695599864178338,0.1473268324239385,3.187199362751908,32.556825901702815,1.1747932623942439,4.890987250849384,0.17401311269443176,2.8107003978705856
avg16,adam,304,3,768,44.30890859492494,45.794308739618586,1.6524597798857266,6.879644252888309,0.23289198034682934,2.954006506640095,32.50168358839062,1.1728034855545855,4.882703262962893,0.21263871130451142,2.296243817980334
avg16,adam,304,4,768,44.30890859492494,52.50429292567189,1.894585478390477,7.887680085572821,0.29890893550877323,2.6388237849588516,32.84494942182388,1.1851900243881037,4.934271828646885,0.2259450614011803,2.18383699030525
avg16,adam,304,5,768,44.30890859492494,54.3781626504719,1.9622029277679505,8.16919011242314,0.3328930866222774,2.4539981275407037,29.794851610402496,1.0751290998581773,4.476057948874123,0.22644995172632554,1.976621286403996
avg16,adam,304,6,768,44.30890859492494,52.410983515624864,1.8912184650774408,7.873662283705336,0.3539808571474771,2.224318667160291,29.79696786458503,1.0752054636033,4.4763758721341365,0.22562262047005513,1.9840102303608542
avg16,adam,304,7,768,44.30890859492494,50.78423695469388,1.8325183047738909,7.629277382244153,0.37316175550405223,2.0444960582680363,28.353729906772102,1.023127099637801,4.259559328871676,0.22690776302292762,1.8772206257400168
avg16,adam,304,8,768,44.30890859492494,50.55825729617237,1.8243639662314675,7.595328629619525,0.3905389916884575,1.9448323448529063,27.37412106417016,0.987778510326753,4.112393435782116,0.2303030780803477,1.785644147729277
avg16,adam,304,9,768,44.30890859492494,48.6870748881222,1.7568434870445513,7.314222316325378,0.4089197845250246,1.7886692190306024,27.731219528738624,1.0006641912421157,4.1660400671452456,0.2250561004101405,1.8511118159219353
avg16,adam,304,10,768,44.30890859492494,48.56549958901216,1.752456516315302,7.295958151392326,0.4239799770634578,1.7208261111586238,27.84281140084633,1.004690916079663,4.182804429415238,0.23155844347478818,1.8063709388643636
avg16,adam,304,11,768,44.30890859492494,49.18619018016828,1.774853758808268,7.389204027917039,0.437470154293921,1.689076147341583,27.32728514441501,0.9860884646468543,4.105357311096746,0.22514101113085705,1.8234604572823119
avg16,adam,304,12,768,44.30890859492494,48.24524060171962,1.740900165532568,7.247845886746287,0.4515443263004631,1.605123896944612,26.83078083348121,0.9681724085486393,4.030767845216353,0.22645603337106013,1.77993396122581
avg16,adam,304,13,768,44.30890859492494,48.43427823253854,1.747721473472585,7.276244866581042,0.4651690525253014,1.5642151658799948,26.829472892973698,0.9681252123108833,4.030571354306384,0.2237516358404434,1.8013595025426195
avg16,adam,304,14,768,44.30890859492494,49.8445763699766,1.7986112240530532,7.488112885623568,0.47807882420765085,1.5662925246760457,27.746372010669692,1.0012109593372278,4.168316413007933,0.22587535238625142,1.8454056048931042
avg16,adam,304,15,768,44.30890859492494,49.98798218880115,1.8037859358094102,7.50965663296817,0.4917459470580099,1.5271415408498075,28.656108688867807,1.0340382540903128,4.304985463858628,0.23237182140662552,1.8526280156514203
avg16,adam,304,16,768,44.30890859492494,49.581927514302585,1.7891336998326945,7.44865534733558,0.5037796025155024,1.4785543738060278,28.93721884817753,1.0441819432246506,4.3472164297832325,0.23456290997135903,1.8533264403626488
avg16,adam,304,17,768,44.30890859492494,51.64451044679004,1.863560750538792,7.758515616179788,0.5173958505068398,1.499531859132532,28.32696041643517,1.022161138859545,4.255537768651248,0.23239623450704286,1.8311560760345638
avg16,adam,304,18,768,44.30890859492494,50.56297422438225,1.8245341737172003,7.596037250165255,0.5274388501254845,1.4401740122780224,28.240279217859136,1.019033300526323,4.242515717963514,0.23000193651452086,1.8445565208081058
avg16,adam,304,19,768,44.30890859492494,51.50174778380956,1.8584092466699165,7.737068489649609,0.5403709982546178,1.4318067613991334,27.583165239789675,0.9953217422684062,4.143797983661148,0.2262368671884065,1.831619238349097
avg16,adam,304,20,768,44.30890859492494,50.735299102492846,1.8307524121400265,7.6219254858424,0.5510615875872624,1.383134963047201,29.07961798484002,1.0493203294674294,4.368608944030506,0.23380409447915068,1.8684912057517773
avg16,adam,304,21,768,44.30890859492494,52.715928866664974,1.9022222326093867,7.919473992397275,0.5630644901360307,1.4064950163140302,28.401837045641425,1.0248630164863102,4.266786427839957,0.2355386723673644,1.8115014341191267
avg16,adam,304,22,768,44.30890859492494,52.81552491277078,1.9058160953612249,7.934436230829524,0.5722599266298485,1.3865091476100702,28.862010942625258,1.0414681116924136,4.335918003200437,0.23443264642691547,1.849536772836868
avg16,adam,304,23,768,44.30890859492494,53.443407238523626,1.9284728472232757,8.02876251618556,0.5862897053855778,1.369418982191643,28.692490575239177,1.0353510723334463,4.310451087041351,0.2331478881769842,1.8488055460186101
avg16,adam,304,24,768,44.30890859492494,52.50842025448072,1.8947344105404027,7.888300131047923,0.5945609094089661,1.3267438215690013,27.49006904331761,0.9919624226375513,4.129812212707241,0.23156176026560263,1.7834603640818434
avg16,adam,304,25,768,44.30890859492494,52.78947741598076,1.9048761872810103,7.930523135151795,0.6059994976725872,1.308668268803837,29.51537062390552,1.065044198433964,4.434071732344949,0.23416653633487697,1.8935548186116016
avg16,adam,304,26,768,44.30890859492494,54.41655665299009,1.963588351998522,8.174958014287789,0.6156877779641335,1.327776562549211,29.20503965498375,1.0538460941561603,4.387450946365296,0.2333135226628184,1.880495779366369
avg16,adam,304,27,768,44.30890859492494,53.87294804837424,1.9439725661104745,8.093292106110633,0.6244029114300131,1.2961650174845125,29.221763620442346,1.0544495682786252,4.389963375005871,0.23544987292086042,1.8645002099794843
avg16,adam,304,28,768,44.30890859492494,53.914441071834425,1.9454698166269888,8.09952557153984,0.63252168496848,1.280513500804871,30.23719660541924,1.0910908499799024,4.542511101820792,0.24079089785939145,1.8864961849485558
avg16,adam,304,29,768,44.30890859492494,54.72109935613968,1.974577590226219,8.220709233492668,0.640016732405042,1.2844522365221693,28.47386755745625,1.027462193697945,4.277607516972606,0.23652860917358132,1.8084947659897652
avg16,adam,304,30,768,44.30890859492494,53.75375088112244,1.939671408823008,8.0753852061221,0.6479340119303254,1.2463283386010109,29.982032967532504,1.0818834252910705,4.504178062121148,0.2333400601680237,1.930306377258057
avg16,adam,304,31,768,44.30890859492494,55.34587299858973,1.997122167141914,8.314568503715018,0.6577998312783,1.263996752257803,29.800425220393876,1.0753302201849824,4.476895268073831,0.23833187629216895,1.8784290786959799
avg16,adam,304,32,768,44.30890859492494,57.037155421134166,2.058151064762646,8.568648578696093,0.6656572273112468,1.2872463825424045,29.340303283127383,1.0587269999136786,4.407771498582259,0.23738071100771646,1.8568364210683395
avg16,adam,304,33,768,44.30890859492494,57.01704357360344,2.0574253409760357,8.565627191102573,0.674626688440992,1.2696840101148459,29.81837338822696,1.0759778689056005,4.479591607708191,0.23651754186349158,1.8939785913611566
avg16,adam,304,34,768,44.30890859492494,57.430692830623386,2.072351622844195,8.627769405104525,0.68281031971153,1.2635675173669811,30.540778806961857,1.1020454290912653,4.5881180255980905,0.2383646757002095,1.9248313585560608
avg16,adam,304,35,768,44.30890859492494,56.945476094082736,2.054842872003129,8.554875662960118,0.6891517546125371,1.2413631113469255,30.82154532026815,1.1121767179685667,4.630297365844361,0.24091589536226732,1.9219559418782823
avg16,adam,304,36,768,44.30890859492494,57.76980961082349,2.0845884456151484,8.678714661669632,0.6993695827183593,1.2409339605443792,30.375945412961336,1.0960975163164128,4.563355229894206,0.23578504058908173,1.935387935762672
avg16,adam,304,37,768,44.30890859492494,58.03606644584277,2.094196161575896,8.718714223956898,0.7064035041252306,1.2342399454478432,31.50358328539855,1.1367876431414154,4.732759411810382,0.24476265131622532,1.933611760764845
avg16,adam,304,38,768,44.30890859492494,57.92927939178951,2.09034281567567,8.702671685857293,0.7161143929253191,1.2152627808955185,31.01022259581505,1.1189850227077522,4.658642209780042,0.24011620736027775,1.9401614997150407
avg16,adam,304,39,768,44.30890859492494,59.46540633907539,2.1457730223334788,8.933442871523415,0.7239398592948023,1.2340034544064997,32.70255525898131,1.180051817622592,4.912880061612804,0.24225921650086701,2.027943511323633
avg16,adam,304,40,768,44.30890859492494,58.51681164796039,2.111543559816785,8.790936210877966,0.7313904925478488,1.2019483846794534,31.138223262763187,1.1236038489276872,4.677871652847795,0.23749216658841393,1.9696951356525314
avg16,adam,304,41,768,44.30890859492494,59.290460185482175,2.1394601967790576,8.907160843619558,0.740282863318709,1.2032104598083637,32.273998005125605,1.1645875897552946,4.8484982305585165,0.23913961264289182,2.027475990687833
avg16,adam,304,42,768,44.30890859492494,59.84224983578764,2.1593711907253024,8.990055784082827,0.7481785468151751,1.2015922966986206,30.857866093589195,1.1134873309844469,4.635753808059906,0.24477625040488277,1.8938740177578246
avg16,adam,304,43,768,44.30890859492494,59.91060076136508,2.1618375923053956,9.00032409176713,0.755885574773463,1.1906992793802829,30.584838649094817,1.1036353016985103,4.594737102248787,0.24184003764771184,1.8999075367917106
avg16,adam,304,44,768,44.30890859492494,61.3682297229342,2.2144352468891784,9.219302584603883,0.7635901634818515,1.2073626698601392,31.980400312378794,1.153993295571493,4.8043912719612925,0.24504291949301996,1.960632562614463
avg16,adam,304,45,768,44.30890859492494,60.013067754519774,2.1655350514354526,9.015717630396038,0.7718922497703714,1.1680020926597081,31.697938423632124,1.1438008301025118,4.761957236749077,0.24167971706835636,1.9703586608396322
avg16,adam,304,46,768,44.30890859492494,60.65346267660738,2.188643312726387,9.111923673604794,0.7781208498833381,1.1710165169036308,32.02135213082107,1.155471017034084,4.810543432571329,0.24490756156388532,1.964228218129752
avg16,adam,304,47,768,44.30890859492494,61.37727836097131,2.2147617614895863,9.220661954630023,0.7850860735832539,1.1744778394228166,32.58390669751783,1.1757704564413483,4.895055578255563,0.24667101570769243,1.9844470029086243
avg16,adam,304,48,768,44.30890859492494,61.63891961304024,2.2242029269466554,9.259968121392994,0.7922210693316493,1.168861632171067,30.92386870347067,1.1158689950208398,4.645669330059126,0.24885666298741957,1.8668052823218877
avg16,adam,304,49,768,44.30890859492494,62.0470572490975,2.2389303253244104,9.321282328759981,0.798921815301729,1.16673273281937,30.56648675795644,1.102973084867955,4.5919801115686205,0.24589063056620133,1.867488851037095
avg16,adam,304,50,768,44.30890859492494,61.01732486002102,2.201773058322749,9.166586413317674,0.8038170497418633,1.1403821822716276,30.93734494348362,1.116355276945786,4.647693855370399,0.23987399329581097,1.9375563776265214
avg16,sgd,304,1,768,44.30890859492494,1.4127981735665631,0.05097996286370418,0.2122435975730651,0.020798906339215103,1.0204555668049355,9.225048191281807,0.33288025353273887,1.3858719897405785,0.05763708212013775,2.4044797875990507
avg16,sgd,304,2,768,44.30890859492494,9.648462590846416,0.34815890463070076,1.4494812136971507,0.062193541225556766,2.330597655535211,10.621338684669237,0.3832645467967481,1.5956356510464837,0.05317455727798452,3.0007502323053914
avg16,sgd,304,3,768,44.30890859492494,15.2202504397106,0.5492134805312773,2.28652667431765,0.08231630034431553,2.7777325569218805,9.566380564048965,0.34519702461400464,1.4371500930958265,0.050434073675906355,2.849561790965123
avg16,sgd,304,4,768,44.30890859492494,18.125141914723496,0.6540347227228612,2.722926316355421,0.0951875883846289,2.860589665695455,9.679551925763391,0.3492807443734034,1.4541517408909077,0.04695047128275657,3.0972037152371934
avg16,sgd,304,5,768,44.30890859492494,21.701172600326327,0.7830736151580585,3.260150692734656,0.10442058786550398,3.122134015309129,8.8959616117512,0.3210053644528208,1.3364335626110577,0.04425863791866938,3.0195993945112294
avg16,sgd,304,6,768,44.30890859492494,23.38816091838706,0.843947562630066,3.5135856676575448,0.11109409903764941,3.1627113393905852,8.646488145669755,0.31200326615295887,1.2989553531039775,0.04621184329440264,2.81087111117533
avg16,sgd,304,7,768,44.30890859492494,24.46370450648846,0.882757898887286,3.675163764767485,0.11640062491499473,3.1573402354595523,8.993151208181837,0.3245123919316745,1.3510342819346384,0.042876405052670236,3.15099710499283
avg16,sgd,304,8,768,44.30890859492494,25.99615802612067,0.9380555521423013,3.905383094184619,0.11959556068979811,3.265491688537032,8.280309762100316,0.29878994188263147,1.2439446523992417,0.041755017478439266,2.9791501178069644
avg16,sgd,304,9,768,44.30890859492494,26.369631086138707,0.9515321003758317,3.961489668596972,0.1209760385373347,3.2746068696689945,8.12464649510859,0.29317292756384344,1.2205594779175282,0.044204402185265765,2.761171778326562
avg16,sgd,304,10,768,44.30890859492494,27.123690146271272,0.9787418629603575,4.074771389015022,0.1231651532894354,3.308380073574382,8.084050899252494,0.291708060176629,1.214460832356309,0.043393366436617495,2.7987246256411358
avg16,sgd,304,11,768,44.30890859492494,27.260003783421112,0.9836606576542748,4.095249683288234,0.12431236397389567,3.2943221031080987,8.151408176208712,0.29413860655053853,1.2245798649622353,0.043138901813666836,2.8386904011874408
avg16,sgd,304,12,768,44.30890859492494,26.885998844158088,0.9701649168816651,4.0390632050605,0.12620918716837995,3.200292542627542,8.002851500767571,0.2887780292657974,1.202262308336631,0.04514935033140428,2.6628562748119555
avg16,sgd,304,13,768,44.30890859492494,27.22197711511349,0.9822884884552879,4.0895369657633,0.1279220726137319,3.1968970500594485,7.652856121123927,0.27614865885002343,1.1496827680318829,0.04532021117523931,2.5367992297882584
avg16,sgd,304,14,768,44.30890859492494,27.22647229152777,0.9824506941623404,4.0902122727050445,0.12971926328024874,3.153126350917094,8.976284445834102,0.3239037650703106,1.3485004010257637,0.04670078171787267,2.887532823695079
avg16,sgd,304,15,768,44.30890859492494,27.17062393494944,0.9804354401808218,4.081822216474433,0.1311130125190227,3.113209084325034,8.460211672417985,0.30528159290448365,1.2709711798753478,0.04796046852625091,2.650039123741438
avg16,sgd,304,16,768,44.30890859492494,26.5821339413002,0.9592001366652724,3.993413811279124,0.13230925178210226,3.018242305425328,8.168691798101403,0.29476227553505835,1.2271763703642324,0.04797992547209626,2.557687112452734
avg16,sgd,304,17,768,44.30890859492494,26.857611594304984,0.9691405802351498,4.0347986100555255,0.13310509469007853,3.031287885298559,8.031288673692192,0.28980416735598624,1.2065344032467569,0.045897588789169136,2.6287533508328305
avg16,sgd,304,18,768,44.30890859492494,27.236111732313763,0.9827985275206298,4.091660398579844,0.13396836711618945,3.054198902813518,8.123749765663343,0.29314056962718066,1.2204247629334135,0.047273475151967496,2.581626925057191
avg16,sgd,304,19,768,44.30890859492494,27.16379018884411,0.980188848608729,4.080795587982528,0.13495696645138983,3.0237754265559835,8.220070181073893,0.2966162332375393,1.2348949058518877,0.04553951207818738,2.7116999051981074
avg16,sgd,304,20,768,44.30890859492494,27.2481834209936,0.9832341270649345,4.093473919210128,0.13617230306873157,3.00609876381689,8.116722328208054,0.2928869888205229,1.2193690363369778,0.04649035520136882,2.622843019924003
avg16,sgd,304,21,768,44.30890859492494,27.612719298396872,0.996388182499188,4.148237867459867,0.13658941941872244,3.037012592273501,8.165521069157656,0.29464786170948337,1.2267000341609862,0.04721301193454646,2.5982244807037858
avg16,sgd,304,22,768,44.30890859492494,27.75625883635259,1.0015677194290686,4.169801703328077,0.13771316012131868,3.0278890555228584,8.620262519395784,0.31105693037864984,1.2950154971690404,0.04790808506123493,2.703125152077742
avg16,sgd,304,23,768,44.30890859492494,27.368517223178877,0.9875762991327022,4.111551575002232,0.13857951349875722,2.966925969933575,8.029371095816858,0.289734972724579,1.206246326977618,0.04803284265856526,2.5112948978515623
avg16,sgd,304,24,768,44.30890859492494,27.65099648349311,0.9977693914441339,4.153988219931859,0.13954514324467313,2.9768060165651313,7.785408094884319,0.2809317162082846,1.1695959504684756,0.046122451836831384,2.5358494700285803
avg16,sgd,304,25,768,44.30890859492494,27.37862967250225,0.9879412007163907,4.11307076059068,0.14018582243695035,2.9340133610448125,7.929442259441701,0.2861291014382663,1.191234093715728,0.04802658478760175,2.4803639463101064
avg16,sgd,304,26,768,44.30890859492494,27.59533564610083,0.9957609039783993,4.145626334566278,0.141063220384743,2.9388428275345526,8.770876167839988,0.3164917322832057,1.3176420712880483,0.04902157646422263,2.6878818804403446
avg16,sgd,304,27,768,44.30890859492494,27.945671494333308,1.0084025599961368,4.198257023208776,0.14217137387455797,2.9529552319815267,8.496733680333412,0.30659946734831595,1.276457853411309,0.047517418933752546,2.6862945884979794
avg16,sgd,304,28,768,44.30890859492494,27.92333278083369,1.0075964811053646,4.194901095230512,0.14303399312339882,2.9328001013098137,7.56977176549953,0.2731506104071989,1.1372010683314613,0.04710932613859838,2.4139616537620374
avg16,sgd,304,29,768,44.30890859492494,28.371550709607423,1.0237701524699352,4.262236534559067,0.14367044597785353,2.966675926666283,8.482080368085079,0.30607071148762255,1.274256497431285,0.04743685955901345,2.686215970612592
avg16,sgd,304,30,768,44.30890859492494,28.486701146369533,1.0279252859488044,4.279535497296825,0.1446180125364673,2.9591994954416108,7.633478711411538,0.27544943680542056,1.1467717144745142,0.04753249541981479,2.4126057433888937
avg16,sgd,304,31,768,44.30890859492494,27.90308161466214,1.0068657300903303,4.191858777903296,0.14600624853586489,2.8710132750747386,8.073725565294101,0.29133547678035704,1.2129096652706803,0.04824565297588201,2.5140289133966407
avg16,sgd,304,32,768,44.30890859492494,27.80519766577087,1.0033336473252228,4.177153746536435,0.1460214569284423,2.8606437946879595,7.505088571503827,0.27081655669060745,1.1274837611795792,0.04786772193184482,2.3554155403194597
avg16,sgd,304,33,768,44.30890859492494,27.729191200693315,1.0005910002581806,4.165735352962109,0.1463661627687926,2.8461054619178037,7.948455767870623,0.28681519232637115,1.1940904786594122,0.047015965474700126,2.539755307804893
avg16,sgd,304,34,768,44.30890859492494,27.78420084102236,1.0025759896739306,4.173999409487014,0.14730625653205726,2.8335520213146252,8.472023904393032,0.30570783011139135,1.2727457225217487,0.04755441869518601,2.6763984450736027
avg16,sgd,304,35,768,44.30890859492494,27.19265199558392,0.9812303093518869,4.0851314753084935,0.14859576134559507,2.749157471462151,8.124332691045435,0.2931616041350724,1.220512335371237,0.04880613750779391,2.500735353573784
avg16,sgd,304,36,768,44.30890859492494,27.6711984243538,0.9984983661937635,4.157023142177977,0.14905733375423108,2.78887528542015,8.157094186376094,0.2943437827693356,1.2254340699550939,0.04756048639169425,2.5765801885682533
avg16,sgd,304,37,768,44.30890859492494,27.83456183643921,1.0043932355652165,4.181565103614187,0.14944904781978982,2.797987116422746,7.5866667606789315,0.273760256033123,1.1397391906372139,0.048628400896680544,2.343772712285537
avg16,sgd,304,38,768,44.30890859492494,27.135931276810044,0.9791835767110916,4.076610364767201,0.15032444509391898,2.7118745472303165,7.756431604530506,0.27988611717666306,1.1652428343102004,0.047052527481309905,2.476472352676603
avg16,sgd,304,39,768,44.30890859492494,27.36077858708857,0.9872970551558335,4.11038900557452,0.15065257977326751,2.728389392176799,7.613953865698308,0.2747448946223944,1.143838511718615,0.04622125609761249,2.4747023518854543
avg16,sgd,304,40,768,44.30890859492494,27.059441492824472,0.9764234893751962,4.065119362560069,0.1512820705157525,2.6871124573462146,7.886997482176262,0.28459750746452284,1.184857647034556,0.04657241569650689,2.544118936745265
avg16,sgd,304,41,768,44.30890859492494,27.1442995943541,0.9794855423602619,4.077867530761902,0.15142013493976733,2.6930814269740395,7.521762875674224,0.27141823881569044,1.1299887292425108,0.04552264212006927,2.4822564697850438
avg16,sgd,304,42,768,44.30890859492494,27.04448956574621,0.9758839581799751,4.062873145900737,0.15229818418488975,2.6677095118668097,7.973971147657064,0.2877358992881322,1.1979236348034679,0.04764375081373834,2.5143352786952287
avg16,sgd,304,43,768,44.30890859492494,26.91985925065181,0.9713867490569164,4.0441500282345215,0.15255569217855308,2.6509335512051555,7.752881358776377,0.2797580087177983,1.1647094835845107,0.04608521562313223,2.5272952894678244
avg16,sgd,304,44,768,44.30890859492494,26.88333036241654,0.9700686263409268,4.038662321073331,0.15330853688323587,2.634336223656802,8.149105038888381,0.2940554992410464,1.2242338663902397,0.04853581599571645,2.5223308628380434
avg16,sgd,304,45,768,44.30890859492494,26.78366791385935,0.9664723674970149,4.0236901070511975,0.1539718175589016,2.6132640185999905,8.06069837202126,0.29086539843392833,1.2109525999104334,0.0474042784625007,2.5545217418895243
avg16,sgd,304,46,768,44.30890859492494,26.66447056299346,0.9621712035839455,4.005783179478458,0.1541686791130275,2.5983119285478544,7.836910848667873,0.2827901617558435,1.1773331700887035,0.04758404262901301,2.4742184670347
avg16,sgd,304,47,768,44.30890859492494,26.92528647593947,0.9715825871807152,4.044965356171267,0.1550347277604848,2.609070506074219,8.485425195254692,0.3061914075417956,1.274758988278896,0.04858796752671093,2.6236104393090853
avg16,sgd,304,48,768,44.30890859492494,26.62258343771685,0.9606597321430687,3.999490508432417,0.15619008494497474,2.5606558251385967,8.327890676046277,0.3005068702248183,1.2510926969965894,0.04926839377701468,2.539341352711736
avg16,sgd,304,49,768,44.30890859492494,26.90801484660514,0.9709593509403703,4.042370652402213,0.15717790707481033,2.5718440508806424,8.583792536846342,0.30974093323850854,1.289536639364334,0.04816835052418189,2.677145107381142
avg16,sgd,304,50,768,44.30890859492494,26.414471627421435,0.9531501440370936,3.9682260290885374,0.15755596355232496,2.5186136656583455,8.694862405084805,0.31374882188390435,1.30622258138915,0.047602378561449415,2.7440279684826274
