arm,step,seed,valid_units,undefined_alignment_units,positive_residual_radial_mean,negative_residual_radial_mean,compensated_self_change_norm,free_rms,fixed15_rms,full_W_rms,b_rms,v_rms
SN_normal_qm05,0,0,100,0,0.08750861700210842,-0.08750861700210842,0.4479018806935289,0.7223637571689193,1.2455832527098163,1.43989132822667,0.0,0.09690787394070474
SN_normal_qm05,0,1,100,0,0.08903023213788996,-0.08903023213788996,0.4649481490252244,0.7127536716197848,1.2285323232037724,1.4203201982524725,0.0,0.09383858786956806
SN_normal_qm05,0,2,100,0,0.09755966410150683,-0.09755966410150683,0.4696831215466591,0.6951739093373812,1.2010048801020374,1.3876885407944848,0.0,0.09725408151334809
SN_normal_qm05,0,3,100,0,0.09890781059787392,-0.09890781059787392,0.4923338153408385,0.7019225972385063,1.2113071717149355,1.3999858559150113,0.0,0.09900362643730118
SN_normal_qm05,0,4,100,0,0.10113909647531996,-0.10113909647531996,0.5253694278772509,0.6889504467660764,1.2193316805651104,1.4005079311910063,0.0,0.0990179919603878
SN_normal_qm05,0,5,100,0,0.10771886877826171,-0.10771886877826171,0.4573556632192189,0.7318089860993301,1.2217157668818017,1.4241256290030448,0.0,0.10266809539896947
SN_normal_qm05,0,6,100,0,0.09623432451165424,-0.09623432451165424,0.49701012971478997,0.7122233603226376,1.2291842950316798,1.4206182267385552,0.0,0.09505523439166862
SN_normal_qm05,0,7,100,0,0.08899463990480605,-0.08899463990480605,0.5077671875040565,0.6784986527169264,1.2269215292864164,1.4020331168575166,0.0,0.1006962298499074
SN_normal_qm05,0,8,100,0,0.07171148031005742,-0.07171148031005742,0.4776849603008582,0.6937528812430814,1.2293444971694258,1.411588096065501,0.0,0.09911488383105638
SN_normal_qm05,0,9,100,0,0.10234854814412449,-0.10234854814412449,0.5226544675454751,0.7202572566321502,1.2377982887703136,1.4321016442326948,0.0,0.10206279604236057
SN_normal_qm05,200000,0,100,0,0.31330376422299694,-0.31330376422299694,3.9226570725416887,1.0273291106728386,1.1888671756952551,1.5712448132234067,0.1262010189639795,0.22206063927016464
SN_normal_qm05,200000,1,100,0,0.3941024678135579,-0.3941024678135579,5.258134696050108,1.0870963233061377,1.1856253232460623,1.6085663875849365,0.11577373125576376,0.24291638173562408
SN_normal_qm05,200000,2,100,0,0.2635273691312048,-0.2635273691312048,2.1519260861610148,0.9866839484052314,1.1679006094135314,1.5289006009250683,0.12488484855334012,0.19853170778828577
SN_normal_qm05,200000,3,100,0,0.3037212007983875,-0.3037212007983875,3.2617287131260477,1.0992595433751786,1.1586646643453418,1.5971460008727787,0.1383489913545534,0.21161960749073577
SN_normal_qm05,200000,4,100,0,0.2861153951530133,-0.2861153951530133,4.598994679595977,1.1223768674904429,1.1580654656963945,1.6127136929772334,0.1434094971263411,0.2297281890397481
SN_normal_qm05,200000,5,100,0,0.28338094538536407,-0.28338094538536407,3.182551204053717,1.0598201538736511,1.1864641978877102,1.5908853042963522,0.13662961183085087,0.1963736821078528
SN_normal_qm05,200000,6,100,0,0.33612860613808315,-0.33612860613808315,2.559000290439298,1.1116272579795399,1.1880124197976867,1.6269876060611725,0.1232355935680566,0.2212574998175412
SN_normal_qm05,200000,7,100,0,0.19721386590005338,-0.19721386590005338,1.7873664201044195,1.0619496264160728,1.1775711725132678,1.5856894006644267,0.13024783583058624,0.16987782165686663
SN_normal_qm05,200000,8,100,0,0.29056545531110684,-0.29056545531110684,2.8948993732481356,1.088390135839631,1.185727310990694,1.6095161831501519,0.12893672362694197,0.21637285010037532
SN_normal_qm05,200000,9,100,0,0.2853831576747307,-0.2853831576747307,3.6042006494654255,1.0776705251713299,1.188402514034236,1.6042675263764279,0.1315634089210423,0.21176562402523436
SN_normal_qm05,1000000,0,100,0,0.28819984424504563,-0.28819984424504563,2.2613967962931327,1.2437338513999339,1.1051192295051917,1.6637795540696672,0.1587179004371358,0.19030738621213905
SN_normal_qm05,1000000,1,100,0,0.3540452604967784,-0.3540452604967784,2.994902458636676,1.2532189049225766,1.1140144298423658,1.6767783913064815,0.16840851923234862,0.197306128664386
SN_normal_qm05,1000000,2,100,0,0.38191551312065386,-0.38191551312065386,3.5007400209014565,1.2253829399080882,1.099564647443978,1.6463917405424473,0.19911200379357077,0.19538501903247146
SN_normal_qm05,1000000,3,100,0,0.2499049432347588,-0.2499049432347588,1.872750841880647,1.2416941916570488,1.0884953044223513,1.651249979059609,0.15419925665558512,0.17197667233184535
SN_normal_qm05,1000000,4,100,0,0.2662714793490896,-0.2662714793490896,1.5168807887866658,1.275371369709504,1.0702755260279448,1.6649509999663925,0.1729779565782457,0.16498678985651974
SN_normal_qm05,1000000,5,100,0,0.30115508528706203,-0.30115508528706203,2.3039563904381355,1.2054960435801212,1.1013569320617274,1.6328526580459566,0.17360934173796075,0.1811603054860927
SN_normal_qm05,1000000,6,100,0,0.286846577351324,-0.286846577351324,2.3231113903457294,1.2170396556411147,1.1072901808365487,1.6453805237634485,0.15780109683236734,0.18113340422692492
SN_normal_qm05,1000000,7,100,0,0.26836578239118397,-0.26836578239118397,2.1726731094104474,1.2127681355477755,1.096622136138603,1.6350494365826438,0.1612307463450262,0.17819327693855244
SN_normal_qm05,1000000,8,100,0,0.2905578535667161,-0.2905578535667161,2.338688756622622,1.2325557816244397,1.1057131411532033,1.6558367387320274,0.16556748770489704,0.18790762757003365
SN_normal_qm05,1000000,9,100,0,0.43592851420261025,-0.43592851420261025,3.341243898862634,1.2724145023832012,1.1301164831218193,1.7018231198625549,0.1699721633401365,0.20812277902634171
SN_normal_qm05,5000000,0,100,0,0.32320495985488373,-0.32320495985488373,2.3877984333471547,1.266441365850124,0.87208567067957,1.53766288572657,0.1908182512860514,0.18900894416493194
SN_normal_qm05,5000000,1,100,0,0.25811818968754363,-0.25811818968754363,1.7845922286130225,1.2548315430612338,0.8747872056655793,1.529658411756569,0.16742591857574718,0.17012929446641759
SN_normal_qm05,5000000,2,100,0,0.25150684381902816,-0.25150684381902816,1.4843147554336316,1.260150837358822,0.9060765805938704,1.5520808299817446,0.18322560931706341,0.15971005220382126
SN_normal_qm05,5000000,3,100,0,0.30970997043650184,-0.30970997043650184,2.786570877727673,1.2683718400667081,0.890840679779426,1.549956206292319,0.1588509261100425,0.17261513056873365
SN_normal_qm05,5000000,4,100,0,0.37321746039742626,-0.37321746039742626,2.600273232062362,1.2864952592232048,0.8237333558993044,1.5276147071905635,0.17736842887066614,0.1985848977258672
SN_normal_qm05,5000000,5,100,0,0.2193933105403141,-0.2193933105403141,1.471220712557934,1.2486194513380762,0.8611783924935114,1.5167988521743767,0.20713063119351438,0.14624278958394
SN_normal_qm05,5000000,6,100,0,0.2881552922341991,-0.2881552922341991,1.4285149530836432,1.2453585924110975,0.8652253323807129,1.516421082511538,0.19476237867826685,0.16540697451666272
SN_normal_qm05,5000000,7,100,0,0.3517587318696782,-0.3517587318696782,2.4326306973556826,1.2653805874955497,0.864619499247956,1.5325648141890669,0.20405319484958315,0.18202361692890398
SN_normal_qm05,5000000,8,100,0,0.2952856622544052,-0.2952856622544052,2.000327142880468,1.2600194565956,0.8583411419151383,1.5245978312012824,0.20100769392617876,0.18125310677291984
SN_normal_qm05,5000000,9,100,0,0.264670622609312,-0.264670622609312,1.7367918259900206,1.2628602391731791,0.9242388451051673,1.5649387932075403,0.19410864015709936,0.15806078297571788
SN_normal_q0,0,0,100,0,0.08750861700210842,-0.08750861700210842,0.4479018806935289,0.7223637571689193,1.2455832527098163,1.43989132822667,0.0,0.09690787394070474
SN_normal_q0,0,1,100,0,0.08903023213788996,-0.08903023213788996,0.46494814902522436,0.7127536716197848,1.2285323232037724,1.4203201982524725,0.0,0.09383858786956806
SN_normal_q0,0,2,100,0,0.09755966410150683,-0.09755966410150683,0.46968312154665914,0.6951739093373812,1.2010048801020374,1.3876885407944848,0.0,0.09725408151334809
SN_normal_q0,0,3,100,0,0.09890781059787392,-0.09890781059787392,0.4923338153408383,0.7019225972385063,1.2113071717149355,1.3999858559150113,0.0,0.09900362643730118
SN_normal_q0,0,4,100,0,0.10113909647531996,-0.10113909647531996,0.525369427877251,0.6889504467660764,1.2193316805651104,1.4005079311910063,0.0,0.0990179919603878
SN_normal_q0,0,5,100,0,0.10771886877826171,-0.10771886877826171,0.45735566321921883,0.7318089860993301,1.2217157668818017,1.4241256290030448,0.0,0.10266809539896947
SN_normal_q0,0,6,100,0,0.09623432451165424,-0.09623432451165424,0.49701012971479025,0.7122233603226376,1.2291842950316798,1.4206182267385552,0.0,0.09505523439166862
SN_normal_q0,0,7,100,0,0.08899463990480605,-0.08899463990480605,0.507767187504056,0.6784986527169264,1.2269215292864164,1.4020331168575166,0.0,0.1006962298499074
SN_normal_q0,0,8,100,0,0.07171148031005742,-0.07171148031005742,0.47768496030085833,0.6937528812430814,1.2293444971694258,1.411588096065501,0.0,0.09911488383105638
SN_normal_q0,0,9,100,0,0.10234854814412449,-0.10234854814412449,0.522654467545475,0.7202572566321502,1.2377982887703136,1.4321016442326948,0.0,0.10206279604236057
SN_normal_q0,200000,0,100,0,0.33858932563791605,-0.33858932563791605,4.737582455868327,1.05693066288496,1.2157918710428401,1.610978677649177,0.14699532485079644,0.24892644636345157
SN_normal_q0,200000,1,100,0,0.4280281207737978,-0.4280281207737978,5.329256062045553,1.1000433399591838,1.1955677954775532,1.6246469473001244,0.1323535340449234,0.2614019679573162
SN_normal_q0,200000,2,100,0,0.2595083589760078,-0.2595083589760078,2.8329362912952027,0.9967105302179978,1.1821704520556187,1.5462725693618276,0.14514339999655093,0.21052624468011005
SN_normal_q0,200000,3,100,0,0.35442835239122233,-0.35442835239122233,3.668684065305181,1.104106875977032,1.1611787040383208,1.6023070792740932,0.14807363547716487,0.23704413274531505
SN_normal_q0,200000,4,100,0,0.2881840260374002,-0.2881840260374002,5.334559035882697,1.083743250804101,1.171976368648749,1.596254378955481,0.16690442107449674,0.24580920418559052
SN_normal_q0,200000,5,100,0,0.298074749251502,-0.298074749251502,3.3409544804194136,1.10095088526421,1.186138667639924,1.6183379716964752,0.14194634259778438,0.22219795542680776
SN_normal_q0,200000,6,100,0,0.2974412924995348,-0.2974412924995348,3.0005297310886903,1.0929093059494868,1.2168092453428638,1.6355658013613692,0.14660725790549248,0.22351170964062528
SN_normal_q0,200000,7,100,0,0.23634393489811514,-0.23634393489811514,2.0323156234916855,1.0567897567236175,1.2107480371470858,1.6070828850347092,0.15511329380459796,0.19428940763384633
SN_normal_q0,200000,8,100,0,0.31199206702548066,-0.31199206702548066,2.7103218837521585,1.079794100096838,1.1977677931212676,1.6126385164823926,0.1676273565449988,0.22012142233615614
SN_normal_q0,200000,9,100,0,0.311180764437409,-0.311180764437409,3.8514245391163997,1.0758365191674684,1.2204226110672733,1.6269159675836473,0.17015314467142717,0.2269363354053954
SN_normal_q0,1000000,0,100,0,0.3271659872139481,-0.3271659872139481,2.4416602532650318,1.240344929324209,1.1369128191405156,1.6825653930906554,0.18928593108855843,0.21765312057435657
SN_normal_q0,1000000,1,100,0,0.37655076371197665,-0.37655076371197665,2.7897659606192433,1.2652194799227445,1.1424209473457074,1.7046718022277028,0.1845934196833588,0.20511236614214792
SN_normal_q0,1000000,2,100,0,0.3497421220124155,-0.3497421220124155,3.5985556374270273,1.2476661653296837,1.1388226166080606,1.6892565856632045,0.21821934864871945,0.21291818869509785
SN_normal_q0,1000000,3,100,0,0.27809365924032786,-0.27809365924032786,2.185753937582413,1.2384540753070041,1.1258507466080323,1.6737109667688714,0.18576616390691883,0.1859241518189696
SN_normal_q0,1000000,4,100,0,0.27247551022965316,-0.27247551022965316,1.8112780189662143,1.22312922853966,1.0855596521416473,1.635385235369917,0.17093797915625294,0.18664349961492288
SN_normal_q0,1000000,5,100,0,0.3184543780777599,-0.3184543780777599,2.3729912785649017,1.2364639787256917,1.1390060232295833,1.6811239965093108,0.18463918817766542,0.19720621200493807
SN_normal_q0,1000000,6,100,0,0.29753760632315956,-0.29753760632315956,2.2650296584427303,1.2537369768019138,1.1633224838879281,1.7103144764982787,0.17343170184300186,0.1941084098433937
SN_normal_q0,1000000,7,100,0,0.3008308956708817,-0.3008308956708817,2.507032048973698,1.2227181520366162,1.1453746781831107,1.6753873679668538,0.1867904061352871,0.19944525869916357
SN_normal_q0,1000000,8,100,0,0.3208230515645651,-0.3208230515645651,2.0088897565814925,1.2767017083860082,1.1491654634661852,1.717716075089013,0.17377838504722806,0.19911857836548433
SN_normal_q0,1000000,9,100,0,0.4187326145710735,-0.4187326145710735,2.9383086935449523,1.2688747663982565,1.1648448484609295,1.7224711010023348,0.20662301391227644,0.22691178458959244
SN_normal_q0,5000000,0,100,0,0.3805031234415751,-0.3805031234415751,2.396749706694567,1.2934231443656041,0.9488202673862568,1.6041207342913855,0.1986168967442833,0.20437942945183704
SN_normal_q0,5000000,1,100,0,0.33551330696336235,-0.33551330696336235,1.9386465285307968,1.301822189380988,0.9612412749607483,1.6182477565109967,0.2005257718199336,0.19486256212895747
SN_normal_q0,5000000,2,100,0,0.2925785605329876,-0.2925785605329876,1.6987234695584708,1.2688969806308106,1.016878367900466,1.6260815362576082,0.2054986737276538,0.18152641186538465
SN_normal_q0,5000000,3,100,0,0.3017620873675414,-0.3017620873675414,3.1729656671122592,1.290793019478096,0.9526262399597132,1.604257888306354,0.18231214186149378,0.1916218167524376
SN_normal_q0,5000000,4,100,0,0.3798780995084748,-0.3798780995084748,2.696813497609147,1.3528347400040122,0.9187646376329252,1.6353257452649863,0.19265391895808065,0.21730187674949514
SN_normal_q0,5000000,5,100,0,0.25092262943149984,-0.25092262943149984,1.2030969527831903,1.2862945837400939,1.0177156240520597,1.6402130494538734,0.2258304287882639,0.15962387564023897
SN_normal_q0,5000000,6,100,0,0.3293139572274058,-0.3293139572274058,2.176819266257974,1.2757514090154747,0.990374669314893,1.6150491148028756,0.19104904086749103,0.19836731810269134
SN_normal_q0,5000000,7,100,0,0.3475192830637546,-0.3475192830637546,2.104284031136802,1.297493285732036,1.0059457245324772,1.6417720996608771,0.1814617361725058,0.19068220493145688
SN_normal_q0,5000000,8,100,0,0.35906752894142857,-0.35906752894142857,2.5666235566873548,1.2887872549087498,0.9080670590948392,1.5765653720123314,0.18662561959038476,0.19818394942329945
SN_normal_q0,5000000,9,100,0,0.29142538627318415,-0.29142538627318415,2.3670450427653384,1.26778410683946,1.0241174518506697,1.6297524648669306,0.21062861704398347,0.18971531523330054
SN_normal_qp05,0,0,100,0,0.08750861700210842,-0.08750861700210842,0.4479018806935288,0.7223637571689193,1.2455832527098163,1.43989132822667,0.0,0.09690787394070474
SN_normal_qp05,0,1,100,0,0.08903023213788996,-0.08903023213788996,0.4649481490252243,0.7127536716197848,1.2285323232037724,1.4203201982524725,0.0,0.09383858786956806
SN_normal_qp05,0,2,100,0,0.09755966410150683,-0.09755966410150683,0.4696831215466592,0.6951739093373812,1.2010048801020374,1.3876885407944848,0.0,0.09725408151334809
SN_normal_qp05,0,3,100,0,0.09890781059787392,-0.09890781059787392,0.4923338153408385,0.7019225972385063,1.2113071717149355,1.3999858559150113,0.0,0.09900362643730118
SN_normal_qp05,0,4,100,0,0.10113909647531996,-0.10113909647531996,0.5253694278772508,0.6889504467660764,1.2193316805651104,1.4005079311910063,0.0,0.0990179919603878
SN_normal_qp05,0,5,100,0,0.10771886877826171,-0.10771886877826171,0.4573556632192189,0.7318089860993301,1.2217157668818017,1.4241256290030448,0.0,0.10266809539896947
SN_normal_qp05,0,6,100,0,0.09623432451165424,-0.09623432451165424,0.49701012971479025,0.7122233603226376,1.2291842950316798,1.4206182267385552,0.0,0.09505523439166862
SN_normal_qp05,0,7,100,0,0.08899463990480605,-0.08899463990480605,0.5077671875040565,0.6784986527169264,1.2269215292864164,1.4020331168575166,0.0,0.1006962298499074
SN_normal_qp05,0,8,100,0,0.07171148031005742,-0.07171148031005742,0.4776849603008583,0.6937528812430814,1.2293444971694258,1.411588096065501,0.0,0.09911488383105638
SN_normal_qp05,0,9,100,0,0.10234854814412449,-0.10234854814412449,0.5226544675454752,0.7202572566321502,1.2377982887703136,1.4321016442326948,0.0,0.10206279604236057
SN_normal_qp05,200000,0,100,0,0.3296980423370454,-0.3296980423370454,3.9633989756709638,1.0681084456840657,1.2348186177768836,1.6326765357994353,0.1669635816929651,0.22915437797852065
SN_normal_qp05,200000,1,100,0,0.40532222522916755,-0.40532222522916755,5.467084240240112,1.1022612043179496,1.2211637027730633,1.645059437076629,0.16372105690009567,0.25705203462489784
SN_normal_qp05,200000,2,100,0,0.30437570289852234,-0.30437570289852234,2.2419834320507253,0.9971963056764889,1.1967735834097557,1.557776454438269,0.15686778187737005,0.20626393915592398
SN_normal_qp05,200000,3,100,0,0.3554475437275035,-0.3554475437275035,4.624019843567592,1.0871598456494675,1.190290377040599,1.6120507782535962,0.19296117674547544,0.23346633879669176
SN_normal_qp05,200000,4,100,0,0.283577103900555,-0.283577103900555,4.939757067308815,1.0831557530398133,1.1966945726379972,1.614095500744762,0.18700561999447796,0.24247550635723072
SN_normal_qp05,200000,5,100,0,0.3011035194774197,-0.3011035194774197,3.647125495331569,1.0915296569694226,1.2084947229342684,1.6284644569052649,0.1752079880661519,0.22332159951541275
SN_normal_qp05,200000,6,100,0,0.30488151883061837,-0.30488151883061837,2.760702083863098,1.1090705868153266,1.2231467903819735,1.6510983124455723,0.17749443535139414,0.21781420201239232
SN_normal_qp05,200000,7,100,0,0.21393365597542138,-0.21393365597542138,1.6773487185311118,1.0935486876558065,1.2226290752645281,1.64032636629298,0.1640179368191003,0.1877078386582631
SN_normal_qp05,200000,8,100,0,0.2864503574251175,-0.2864503574251175,3.137527383691866,1.0898746440676903,1.1949260316846917,1.6173048447894416,0.1689691251183658,0.223862560480935
SN_normal_qp05,200000,9,100,0,0.34469575399318314,-0.34469575399318314,2.975258508124219,1.067020293592555,1.2360580830575219,1.6329029033075353,0.18757861129685902,0.22371473899425492
SN_normal_qp05,1000000,0,100,0,0.33479795984920474,-0.33479795984920474,1.8322975479314731,1.2728485166028018,1.1923568947714098,1.7440924031503813,0.20806402364962648,0.2030263633987503
SN_normal_qp05,1000000,1,100,0,0.3838613554890181,-0.3838613554890181,3.36342139657343,1.2859822952610143,1.170840804186385,1.7391430799312078,0.22179543439932847,0.21707063457425949
SN_normal_qp05,1000000,2,100,0,0.32979092589624304,-0.32979092589624304,2.414879669267498,1.2100340765099233,1.1662175342006722,1.6805492564612077,0.23584290586054285,0.19601627554563206
SN_normal_qp05,1000000,3,100,0,0.28541571596314114,-0.28541571596314114,2.541197217136941,1.2299753482204876,1.141380416410607,1.6779715766948378,0.21697361946548677,0.1948615999653969
SN_normal_qp05,1000000,4,100,0,0.27522257965241015,-0.27522257965241015,2.384406303550246,1.2703301116515693,1.1448215855174342,1.7100745759280032,0.21662522757567396,0.1924774064945257
SN_normal_qp05,1000000,5,100,0,0.3585132430176043,-0.3585132430176043,3.2129809482138425,1.239267420994806,1.1418585219192485,1.6851185788598761,0.20769120891931656,0.2062187783992194
SN_normal_qp05,1000000,6,100,0,0.33699413875752254,-0.33699413875752254,2.7708818918839984,1.2298938802813828,1.178542279462027,1.7034086007864193,0.23735811082880182,0.20490736952541325
SN_normal_qp05,1000000,7,100,0,0.3645174794640583,-0.3645174794640583,2.5351709830795874,1.2609962673118233,1.1708897528852908,1.720783077434843,0.20391044795216048,0.20045039271767154
SN_normal_qp05,1000000,8,100,0,0.37955830129042645,-0.37955830129042645,3.0250882917431223,1.247793886230135,1.1562110036038526,1.7011212382919483,0.20954138623777968,0.21662791117922384
SN_normal_qp05,1000000,9,100,0,0.48287329528001516,-0.48287329528001516,4.076329113166038,1.2417288406098708,1.209404468562314,1.7333636901068474,0.2140979775441804,0.23050223348524007
SN_normal_qp05,5000000,0,100,0,0.3404083604520396,-0.3404083604520396,2.033577300050723,1.2469882958242136,0.9987559287170102,1.5976524074622596,0.233493475679588,0.18890205362497228
SN_normal_qp05,5000000,1,100,0,0.33415341643181556,-0.33415341643181556,2.175022363333025,1.3033644360761942,1.0140368998326819,1.6513720620897314,0.24309766007374561,0.20702600442705243
SN_normal_qp05,5000000,2,100,0,0.265229479752051,-0.265229479752051,1.7285806417027372,1.2928450468048551,1.0252762912802325,1.6500423596105633,0.22858780716045332,0.16899095702763317
SN_normal_qp05,5000000,3,100,0,0.300745879798315,-0.300745879798315,2.2085766830081988,1.2846896662556693,0.9970555586873135,1.62620642161239,0.24553482187845257,0.1862612302287086
SN_normal_qp05,5000000,4,100,0,0.3501493802289496,-0.3501493802289496,3.617535622318188,1.284687095673747,1.0020162207936,1.6292505763461111,0.2582760967472466,0.2127408199086331
SN_normal_qp05,5000000,5,100,0,0.2592174824402341,-0.2592174824402341,1.2546039510710456,1.2865920760751457,0.9939843189460394,1.6258302483746498,0.24829998307194215,0.16138494146451873
SN_normal_qp05,5000000,6,100,0,0.3283916208298001,-0.3283916208298001,1.555722910675475,1.272054348665077,0.9868165236846952,1.6099469299870977,0.2583082284240094,0.18311218617767847
SN_normal_qp05,5000000,7,100,0,0.4013317144605372,-0.4013317144605372,2.5077858282819934,1.2908787779659212,0.972655490724229,1.6163003195689782,0.1822266659273401,0.20457047019802174
SN_normal_qp05,5000000,8,100,0,0.3058800354541768,-0.3058800354541768,2.494359746820513,1.3178037521842134,0.9689203993589772,1.6356691198297875,0.2273741821668715,0.1945590872408772
SN_normal_qp05,5000000,9,100,0,0.3361909299859,-0.3361909299859,2.322694272811527,1.2754246446659445,1.0051408005812186,1.6238891751638422,0.22066905102946002,0.19641790941528434
SN_peak_qm05,0,0,100,0,0.08698669369404924,-0.08698669369404924,0.4357252325949369,0.7223637571689193,1.2455832527098163,1.43989132822667,0.0,0.09690787394070474
SN_peak_qm05,0,1,100,0,0.0855712260371848,-0.0855712260371848,0.4661514782919849,0.7127536716197848,1.2285323232037724,1.4203201982524725,0.0,0.09383858786956806
SN_peak_qm05,0,2,100,0,0.09469571196680861,-0.09469571196680861,0.47436671944092257,0.6951739093373812,1.2010048801020374,1.3876885407944848,0.0,0.09725408151334809
SN_peak_qm05,0,3,100,0,0.08915293857173992,-0.08915293857173992,0.4508598246407736,0.7019225972385063,1.2113071717149355,1.3999858559150113,0.0,0.09900362643730118
SN_peak_qm05,0,4,100,0,0.08057272978886765,-0.08057272978886765,0.4755146289685458,0.6889504467660764,1.2193316805651104,1.4005079311910063,0.0,0.0990179919603878
SN_peak_qm05,0,5,100,0,0.1041040681857881,-0.1041040681857881,0.5044169063691862,0.7318089860993301,1.2217157668818017,1.4241256290030448,0.0,0.10266809539896947
SN_peak_qm05,0,6,100,0,0.09409916872319612,-0.09409916872319612,0.4609335401138564,0.7122233603226376,1.2291842950316798,1.4206182267385552,0.0,0.09505523439166862
SN_peak_qm05,0,7,100,0,0.08511443992425731,-0.08511443992425731,0.4940335577517613,0.6784986527169264,1.2269215292864164,1.4020331168575166,0.0,0.1006962298499074
SN_peak_qm05,0,8,100,0,0.08564735334611655,-0.08564735334611655,0.4772631748382145,0.6937528812430814,1.2293444971694258,1.411588096065501,0.0,0.09911488383105638
SN_peak_qm05,0,9,100,0,0.10542067125236647,-0.10542067125236647,0.5095341642647666,0.7202572566321502,1.2377982887703136,1.4321016442326948,0.0,0.10206279604236057
SN_peak_qm05,200000,0,100,0,0.2901991950630839,-0.2901991950630839,3.835273209305683,1.0015826726604355,1.1913871596427001,1.5564611187996704,0.15193526958102427,0.22112339846939644
SN_peak_qm05,200000,1,100,0,0.39299728946322204,-0.39299728946322204,4.598489855426758,1.059264886841162,1.1826406109339256,1.587665240258408,0.1302547768358269,0.2308847179482367
SN_peak_qm05,200000,2,100,0,0.20195971969190954,-0.20195971969190954,2.8085752757815556,1.0077757420285214,1.1701607285482483,1.5443082842676537,0.1424540034222262,0.1751660529181135
SN_peak_qm05,200000,3,100,0,0.3114852660720557,-0.3114852660720557,3.289513005625248,1.0821012266474574,1.1728262513772894,1.5957645442331512,0.16835844834967909,0.20456643936207544
SN_peak_qm05,200000,4,100,0,0.24630661832850387,-0.24630661832850387,5.335388479638692,1.0713044710386601,1.1548339218152919,1.5752252717128148,0.14972884551175253,0.22746078258499722
SN_peak_qm05,200000,5,100,0,0.2827402746730601,-0.2827402746730601,2.505123922562365,1.0594206675461204,1.1749432090441017,1.5820441508702339,0.14075429978699,0.19414518209623716
SN_peak_qm05,200000,6,100,0,0.2907563292076839,-0.2907563292076839,2.877746713684784,1.115750359784086,1.1820067448612577,1.625434960327796,0.15887502910151322,0.19665702841873603
SN_peak_qm05,200000,7,100,0,0.17852935425566205,-0.17852935425566205,1.5778194932907934,1.0102832912793447,1.1892827996865472,1.560469771020412,0.17109324283640379,0.1481310856204014
SN_peak_qm05,200000,8,100,0,0.25626363128752233,-0.25626363128752233,2.600504845804108,1.0444806255749552,1.2012986037498297,1.5918725176887565,0.15543790188091672,0.18730147038039843
SN_peak_qm05,200000,9,100,0,0.24624178228882343,-0.24624178228882343,3.489660972766019,1.09630573055062,1.2097160135862324,1.6325743745278787,0.1704674129404609,0.20224723127216854
SN_peak_qm05,1000000,0,100,0,0.2604368961444086,-0.2604368961444086,2.236239984305609,1.1651214197097983,1.1056793156430897,1.6062486332157755,0.19317047911152868,0.1838891958493461
SN_peak_qm05,1000000,1,100,0,0.33543411917291904,-0.33543411917291904,2.603760639993252,1.2289142745690778,1.088974891426341,1.6419794786770796,0.1981796823969432,0.18538293571355988
SN_peak_qm05,1000000,2,100,0,0.3038444602534254,-0.3038444602534254,2.518256879679732,1.190400245587325,1.0758478336037516,1.6045252586868957,0.190541243175544,0.18338252537525684
SN_peak_qm05,1000000,3,100,0,0.24232600130575932,-0.24232600130575932,2.111350512447969,1.188136456109219,1.0637731706013116,1.5947669412258776,0.18639542728791053,0.17673340359868822
SN_peak_qm05,1000000,4,100,0,0.25395044692850705,-0.25395044692850705,1.7971097292486196,1.2316564467733953,1.0433510688762055,1.614174419263168,0.17479629569924565,0.16062694208868655
SN_peak_qm05,1000000,5,100,0,0.3040704161514839,-0.3040704161514839,2.2285489685554385,1.1875018417369205,1.072720429575589,1.6002780208943113,0.1752683629374647,0.18111769995122518
SN_peak_qm05,1000000,6,100,0,0.25348464110085034,-0.25348464110085034,1.7704416349499588,1.2344480715609212,1.0780410265741793,1.638912595704111,0.16895496492937348,0.1630711697379542
SN_peak_qm05,1000000,7,100,0,0.2494055674463082,-0.2494055674463082,2.173612652246694,1.1593993326882965,1.0631290708834245,1.573038535445181,0.17629488798324788,0.1687932818265535
SN_peak_qm05,1000000,8,100,0,0.28933084378192575,-0.28933084378192575,2.4913550555295676,1.1886505661041242,1.0829825984682837,1.6080240908906716,0.1722918389646145,0.18505752969375108
SN_peak_qm05,1000000,9,100,0,0.41747987177090684,-0.41747987177090684,3.9578499787682935,1.1845200066863637,1.0909938090477767,1.6103897471173987,0.1759553639341249,0.21412628349307036
SN_peak_qm05,5000000,0,100,0,0.3374502249382993,-0.3374502249382993,2.4956652645430624,1.252459682994532,0.8970745265930773,1.540583643879474,0.2067377040434237,0.18118093128999005
SN_peak_qm05,5000000,1,100,0,0.26826715979941296,-0.26826715979941296,2.1769717411625775,1.2588209480178363,0.8469284346562881,1.5172072872873614,0.19165928205103896,0.17614764996270593
SN_peak_qm05,5000000,2,100,0,0.2251587014446907,-0.2251587014446907,1.7942833929330422,1.2268214659158319,0.8584115201518298,1.497318018044679,0.1880555088913648,0.14853635775115484
SN_peak_qm05,5000000,3,100,0,0.28956793030138217,-0.28956793030138217,2.623358397681023,1.223631937836316,0.9023996950625894,1.5203947937763116,0.20574742714790886,0.16407930588251501
SN_peak_qm05,5000000,4,100,0,0.3866217590689858,-0.3866217590689858,2.9917541007822104,1.2651197611855758,0.8197950253734303,1.5075118220993398,0.20476084514559736,0.19865119368188355
SN_peak_qm05,5000000,5,100,0,0.22565284047983247,-0.22565284047983247,1.6166122678842725,1.2372613048006302,0.912036943241344,1.5370839021322071,0.199634526105479,0.15151908688671167
SN_peak_qm05,5000000,6,100,0,0.2893421045479119,-0.2893421045479119,2.0715049252821007,1.219402741112049,0.8376134598261702,1.4793712695309267,0.17977489443957506,0.16883438598665904
SN_peak_qm05,5000000,7,100,0,0.33630565588758754,-0.33630565588758754,2.6375267367259516,1.2132342291308091,0.8598518232964304,1.4870381477153922,0.2097858258261267,0.18582606279595418
SN_peak_qm05,5000000,8,100,0,0.2714900394485419,-0.2714900394485419,2.200202466702717,1.2392910617041872,0.827869691159786,1.490372624936761,0.1818545027361731,0.17518573096174203
SN_peak_qm05,5000000,9,100,0,0.2533302193373644,-0.2533302193373644,1.777943000651928,1.244473995927197,0.8627007375674179,1.5142549617347707,0.21476975181662145,0.16212324573686038
SN_peak_q0,0,0,100,0,0.08698669369404924,-0.08698669369404924,0.43572523259493695,0.7223637571689193,1.2455832527098163,1.43989132822667,0.0,0.09690787394070474
SN_peak_q0,0,1,100,0,0.0855712260371848,-0.0855712260371848,0.4661514782919849,0.7127536716197848,1.2285323232037724,1.4203201982524725,0.0,0.09383858786956806
SN_peak_q0,0,2,100,0,0.09469571196680861,-0.09469571196680861,0.4743667194409226,0.6951739093373812,1.2010048801020374,1.3876885407944848,0.0,0.09725408151334809
SN_peak_q0,0,3,100,0,0.08915293857173992,-0.08915293857173992,0.4508598246407736,0.7019225972385063,1.2113071717149355,1.3999858559150113,0.0,0.09900362643730118
SN_peak_q0,0,4,100,0,0.08057272978886765,-0.08057272978886765,0.4755146289685458,0.6889504467660764,1.2193316805651104,1.4005079311910063,0.0,0.0990179919603878
SN_peak_q0,0,5,100,0,0.1041040681857881,-0.1041040681857881,0.5044169063691861,0.7318089860993301,1.2217157668818017,1.4241256290030448,0.0,0.10266809539896947
SN_peak_q0,0,6,100,0,0.09409916872319612,-0.09409916872319612,0.46093354011385645,0.7122233603226376,1.2291842950316798,1.4206182267385552,0.0,0.09505523439166862
SN_peak_q0,0,7,100,0,0.08511443992425731,-0.08511443992425731,0.4940335577517612,0.6784986527169264,1.2269215292864164,1.4020331168575166,0.0,0.1006962298499074
SN_peak_q0,0,8,100,0,0.08564735334611655,-0.08564735334611655,0.4772631748382144,0.6937528812430814,1.2293444971694258,1.411588096065501,0.0,0.09911488383105638
SN_peak_q0,0,9,100,0,0.10542067125236647,-0.10542067125236647,0.5095341642647666,0.7202572566321502,1.2377982887703136,1.4321016442326948,0.0,0.10206279604236057
SN_peak_q0,200000,0,100,0,0.30840381980010445,-0.30840381980010445,4.499510167244801,0.9923246340257924,1.1864219822293804,1.5467078907187084,0.14007731858863115,0.22109412552896404
SN_peak_q0,200000,1,100,0,0.37530783813136603,-0.37530783813136603,6.28011326104706,1.0024199485679888,1.1718620794065175,1.5421110486725709,0.12910277030585016,0.24987348196813233
SN_peak_q0,200000,2,100,0,0.23886551171810125,-0.23886551171810125,2.174357351498201,0.9741500468391514,1.1582386501468467,1.513434862969236,0.1261336731714347,0.16938218684291464
SN_peak_q0,200000,3,100,0,0.31251659929581377,-0.31251659929581377,3.52616568711307,1.0387604494961509,1.1501554648127463,1.5498002660588461,0.1533635009374326,0.19820607730390083
SN_peak_q0,200000,4,100,0,0.2621671672163765,-0.2621671672163765,4.884690732764387,1.024748507851676,1.1439514668384012,1.5358171970732604,0.14178985260559732,0.22408458706614723
SN_peak_q0,200000,5,100,0,0.28839141942341245,-0.28839141942341245,2.9351995664336306,0.9991828001960861,1.153210162647443,1.5258636726264354,0.13339872771656633,0.195540025232821
SN_peak_q0,200000,6,100,0,0.31404727005588506,-0.31404727005588506,3.2047624115157523,1.0674376694426684,1.1676495350452756,1.5820330637621463,0.13645789630786337,0.2060623384050312
SN_peak_q0,200000,7,100,0,0.17097577618079574,-0.17097577618079574,2.2453278633254414,1.0285894660961268,1.1691691171082674,1.5572259675986786,0.13905096269519687,0.14846839657577207
SN_peak_q0,200000,8,100,0,0.2668069479247302,-0.2668069479247302,3.156236528963622,1.0133914692131332,1.1812584086519753,1.5563848167741001,0.1528387419694487,0.19009724811349346
SN_peak_q0,200000,9,100,0,0.23624618455397026,-0.23624618455397026,3.855717365029714,0.967926879226056,1.1719864426181048,1.5200114029864817,0.14899836257085305,0.2056429961501084
SN_peak_q0,1000000,0,100,0,0.2749869518463706,-0.2749869518463706,2.7514278449371092,1.1195251060046438,1.0285918587751386,1.5203084144058414,0.17026711821343726,0.19063750115349742
SN_peak_q0,1000000,1,100,0,0.3305504096533492,-0.3305504096533492,3.653129609115411,1.121438648455911,1.0629510598114786,1.5451503479613127,0.2171706695340041,0.20149195037220485
SN_peak_q0,1000000,2,100,0,0.2883231037305462,-0.2883231037305462,2.593362812398906,1.129041099826914,1.023428916179458,1.5238571296452394,0.1752358032335003,0.18027092158208502
SN_peak_q0,1000000,3,100,0,0.22021837072098968,-0.22021837072098968,2.119717614165871,1.0767342062218077,1.019798467590197,1.483019037419082,0.18525978635984808,0.16698753402904196
SN_peak_q0,1000000,4,100,0,0.2321878945758431,-0.2321878945758431,2.2020965350429114,1.167176431960451,0.9996307822554461,1.5367376237199908,0.16411330394353196,0.16941321141916435
SN_peak_q0,1000000,5,100,0,0.3208709276334963,-0.3208709276334963,2.5443775493280016,1.1077138160756455,1.0447441576568102,1.5226687930350797,0.1754579585090273,0.18357465879018242
SN_peak_q0,1000000,6,100,0,0.24367803133371843,-0.24367803133371843,2.603290359001626,1.1567098903138724,1.0336695835439438,1.5512738566397104,0.17430753249598616,0.18777860957105943
SN_peak_q0,1000000,7,100,0,0.28600735053140425,-0.28600735053140425,2.5520840176939372,1.0688771994292443,1.0625945189468222,1.5071846533041442,0.20192181723216773,0.1796888388809991
SN_peak_q0,1000000,8,100,0,0.23317305182295667,-0.23317305182295667,3.4570448491372145,1.1050027667622833,1.0306553153021678,1.5110531074429223,0.15534960903141906,0.19181199110608588
SN_peak_q0,1000000,9,100,0,0.3968368636459001,-0.3968368636459001,3.580742412752,1.1108985888416876,1.0477938137041969,1.5270781089149428,0.16949453820723726,0.20963680672641907
SN_peak_q0,5000000,0,100,0,0.3149063258507002,-0.3149063258507002,2.696696369323128,1.18168195547217,0.7967147563761854,1.4251760055923255,0.19770934862150696,0.18404695128831658
SN_peak_q0,5000000,1,100,0,0.2833854153825384,-0.2833854153825384,2.4279313532064046,1.153582179875295,0.8096314453026762,1.4093455654837597,0.1746204991227396,0.18036463729367763
SN_peak_q0,5000000,2,100,0,0.2302311248416144,-0.2302311248416144,1.7118798495087062,1.1831530330141684,0.8033874330029933,1.4301337234810474,0.18481622356945177,0.15735694808407666
SN_peak_q0,5000000,3,100,0,0.2728087528933958,-0.2728087528933958,3.2169485836911935,1.1567220985803701,0.8779925137096906,1.4521972550154598,0.18496448834706983,0.17955319137570536
SN_peak_q0,5000000,4,100,0,0.3785235561825397,-0.3785235561825397,4.083314006401504,1.1948586189186818,0.8337564150013581,1.4569958403372936,0.20968821812684435,0.20688522128187775
SN_peak_q0,5000000,5,100,0,0.19282748175031142,-0.19282748175031142,1.8530659606944047,1.121909625098828,0.8013357619034204,1.3787023646149041,0.18019724939547788,0.14404831155218595
SN_peak_q0,5000000,6,100,0,0.2869696115587273,-0.2869696115587273,2.393540430268238,1.155834232595739,0.7877406123617348,1.3987451682147902,0.16902093347569494,0.17941762536965697
SN_peak_q0,5000000,7,100,0,0.3884622319060739,-0.3884622319060739,3.16630144762113,1.1610571705888297,0.8538972893986916,1.4412474923545129,0.18950368137662915,0.20696417323216565
SN_peak_q0,5000000,8,100,0,0.2831700100822593,-0.2831700100822593,2.5865522090357413,1.172100532119338,0.8255968909457095,1.4336770500128881,0.18730567898210973,0.18375633888581086
SN_peak_q0,5000000,9,100,0,0.28014016629947336,-0.28014016629947336,3.0682365450401705,1.1438232050905208,0.8027977529229016,1.3974318432759474,0.1756224497272963,0.1902320807191728
SN_peak_qp05,0,0,100,0,0.08698669369404924,-0.08698669369404924,0.43572523259493706,0.7223637571689193,1.2455832527098163,1.43989132822667,0.0,0.09690787394070474
SN_peak_qp05,0,1,100,0,0.0855712260371848,-0.0855712260371848,0.46615147829198483,0.7127536716197848,1.2285323232037724,1.4203201982524725,0.0,0.09383858786956806
SN_peak_qp05,0,2,100,0,0.09469571196680861,-0.09469571196680861,0.47436671944092246,0.6951739093373812,1.2010048801020374,1.3876885407944848,0.0,0.09725408151334809
SN_peak_qp05,0,3,100,0,0.08915293857173992,-0.08915293857173992,0.4508598246407737,0.7019225972385063,1.2113071717149355,1.3999858559150113,0.0,0.09900362643730118
SN_peak_qp05,0,4,100,0,0.08057272978886765,-0.08057272978886765,0.47551462896854585,0.6889504467660764,1.2193316805651104,1.4005079311910063,0.0,0.0990179919603878
SN_peak_qp05,0,5,100,0,0.1041040681857881,-0.1041040681857881,0.5044169063691862,0.7318089860993301,1.2217157668818017,1.4241256290030448,0.0,0.10266809539896947
SN_peak_qp05,0,6,100,0,0.09409916872319612,-0.09409916872319612,0.46093354011385645,0.7122233603226376,1.2291842950316798,1.4206182267385552,0.0,0.09505523439166862
SN_peak_qp05,0,7,100,0,0.08511443992425731,-0.08511443992425731,0.49403355775176117,0.6784986527169264,1.2269215292864164,1.4020331168575166,0.0,0.1006962298499074
SN_peak_qp05,0,8,100,0,0.08564735334611655,-0.08564735334611655,0.4772631748382145,0.6937528812430814,1.2293444971694258,1.411588096065501,0.0,0.09911488383105638
SN_peak_qp05,0,9,100,0,0.10542067125236647,-0.10542067125236647,0.5095341642647665,0.7202572566321502,1.2377982887703136,1.4321016442326948,0.0,0.10206279604236057
SN_peak_qp05,200000,0,100,0,0.2915356573777855,-0.2915356573777855,4.463814446744539,0.9944504148873097,1.2123850960818665,1.5680590705936364,0.1515835834197056,0.221492910579473
SN_peak_qp05,200000,1,100,0,0.37933945529618707,-0.37933945529618707,5.322718909848253,1.1018027054746804,1.1954299778106001,1.62573738151018,0.1332569792222492,0.2342679689130946
SN_peak_qp05,200000,2,100,0,0.23838909411814846,-0.23838909411814846,2.46854767635097,0.9903960680974903,1.185619025626517,1.5448549594154593,0.16596161902938086,0.17550811207328335
SN_peak_qp05,200000,3,100,0,0.2710356112370525,-0.2710356112370525,3.2293619621804437,1.0817976168028833,1.158005176835824,1.584696208520411,0.15706661345648945,0.2030456120371575
SN_peak_qp05,200000,4,100,0,0.27445501820993373,-0.27445501820993373,4.659988634314994,1.0850258451559749,1.168804902657401,1.594799669279002,0.18311607211167746,0.22419014396704853
SN_peak_qp05,200000,5,100,0,0.29331816792946563,-0.29331816792946563,2.841132968147962,1.0166684013088418,1.1833501216186133,1.5601064542378713,0.15344871414848935,0.18980906042887427
SN_peak_qp05,200000,6,100,0,0.2597391582605892,-0.2597391582605892,2.5322394338438943,1.0987805659708147,1.1999497683972962,1.6270212594898288,0.154250419743634,0.1947082908145288
SN_peak_qp05,200000,7,100,0,0.18408965451675538,-0.18408965451675538,1.6617543912379784,1.0500173210074373,1.1837617705857273,1.5823489829730641,0.15160062872551494,0.15448000314274504
SN_peak_qp05,200000,8,100,0,0.27471390832355325,-0.27471390832355325,3.8544257898827685,1.0348388476742076,1.1741444402312338,1.5650899677595531,0.1561111882798257,0.20432118410634875
SN_peak_qp05,200000,9,100,0,0.2817932892983308,-0.2817932892983308,2.862453910149825,1.0931115819560713,1.192016707231186,1.6173424995729209,0.15936850739848818,0.19376689326289015
SN_peak_qp05,1000000,0,100,0,0.25681010083444233,-0.25681010083444233,2.528167298250494,1.1821073747353543,1.0915620894010798,1.6090014420196654,0.1935631666046995,0.18863648883309406
SN_peak_qp05,1000000,1,100,0,0.3373226537164683,-0.3373226537164683,2.632097438548138,1.226566431041775,1.0942518791124538,1.6437312385848526,0.19272050046928926,0.18048911634407036
SN_peak_qp05,1000000,2,100,0,0.3110606249939292,-0.3110606249939292,2.0919639701890107,1.2217591626471407,1.102634919445824,1.64575186984355,0.21762723870396006,0.17804272300320845
SN_peak_qp05,1000000,3,100,0,0.2263630907082977,-0.2263630907082977,2.52031265748155,1.1788130790712912,1.0574549850268786,1.583607060083951,0.17645837715980592,0.16973039918517505
SN_peak_qp05,1000000,4,100,0,0.24751855869144707,-0.24751855869144707,1.882038278582912,1.1833229106927943,1.0374099027648842,1.5736811676210378,0.1767579479868335,0.1682955712255582
SN_peak_qp05,1000000,5,100,0,0.3010637921107397,-0.3010637921107397,2.2522216899398604,1.1766873919049643,1.0770973472679173,1.595221587667272,0.17019497766370165,0.18390856778063597
SN_peak_qp05,1000000,6,100,0,0.23731131879631345,-0.23731131879631345,1.8969972175829517,1.180357896059286,1.087828223745247,1.605183792332281,0.18582544129307824,0.1666373852349599
SN_peak_qp05,1000000,7,100,0,0.26539937179923667,-0.26539937179923667,1.956772392857843,1.1618571911808593,1.0920420298090237,1.5945118148098145,0.1920363182800328,0.16960836652120792
SN_peak_qp05,1000000,8,100,0,0.24703027365824287,-0.24703027365824287,2.2417567207984277,1.2061016101624897,1.0609027590977147,1.6062987761614258,0.189932720753309,0.1772045388030313
SN_peak_qp05,1000000,9,100,0,0.3863587745735934,-0.3863587745735934,3.126550137791777,1.2468014778671053,1.0837903686920418,1.65200347713957,0.17068551684182426,0.20152370066105954
SN_peak_qp05,5000000,0,100,0,0.33961399342423865,-0.33961399342423865,2.717907011614644,1.1997313768084634,0.8468701049089911,1.4685177394527098,0.2380371464368635,0.19110069127724186
SN_peak_qp05,5000000,1,100,0,0.2781394517919884,-0.2781394517919884,1.8844832089296177,1.2595795652171435,0.9036265040283337,1.5501875821638738,0.20259779571128625,0.1672941608670705
SN_peak_qp05,5000000,2,100,0,0.2155190551063795,-0.2155190551063795,1.6671683858617037,1.2096759453000268,0.8824008566683725,1.4973133154041578,0.18686360739598745,0.1491043540638293
SN_peak_qp05,5000000,3,100,0,0.22916895770725731,-0.22916895770725731,2.321741328959301,1.2236219066994523,0.8443309430601171,1.4866557476307654,0.1892106443269466,0.16056322937833248
SN_peak_qp05,5000000,4,100,0,0.32922278616033834,-0.32922278616033834,3.1919862316509704,1.240325917686635,0.8550541261140135,1.5064945870031503,0.2157853409591975,0.19619314428532802
SN_peak_qp05,5000000,5,100,0,0.22289031587264976,-0.22289031587264976,1.1512372146240566,1.2220708904913704,0.8258092959098101,1.4749299151476412,0.2126718788496099,0.13144210191928576
SN_peak_qp05,5000000,6,100,0,0.2807894507713595,-0.2807894507713595,2.146085983828093,1.2066004029597721,0.8551959745925498,1.4789336318381516,0.1883489034840381,0.1758781593987085
SN_peak_qp05,5000000,7,100,0,0.34958575596823344,-0.34958575596823344,2.3091023758929965,1.2342932462469893,0.9098089825166654,1.5333728191144322,0.22667853724024384,0.18134131367685385
SN_peak_qp05,5000000,8,100,0,0.2859699362725899,-0.2859699362725899,1.9497042089159375,1.2621272187921555,0.8449604685933481,1.5188559213768473,0.19407080089711445,0.17971201960062666
SN_peak_qp05,5000000,9,100,0,0.3276054010420513,-0.3276054010420513,2.0478043367970344,1.2415071273451943,0.8925482617664302,1.5290462212867184,0.20189430221965177,0.17897212290534317
SN_valley_qm05,0,0,100,0,0.08791315095284748,-0.08791315095284748,0.4461073228722374,0.7223637571689193,1.2455832527098163,1.43989132822667,0.0,0.09690787394070474
SN_valley_qm05,0,1,100,0,0.08937912381323486,-0.08937912381323486,0.4252325294001684,0.7127536716197848,1.2285323232037724,1.4203201982524725,0.0,0.09383858786956806
SN_valley_qm05,0,2,100,0,0.08253599831042728,-0.08253599831042728,0.42744158504732727,0.6951739093373812,1.2010048801020374,1.3876885407944848,0.0,0.09725408151334809
SN_valley_qm05,0,3,100,0,0.10421997086643758,-0.10421997086643758,0.4038862409618583,0.7019225972385063,1.2113071717149355,1.3999858559150113,0.0,0.09900362643730118
SN_valley_qm05,0,4,100,0,0.09599816057597753,-0.09599816057597753,0.4664321983394557,0.6889504467660764,1.2193316805651104,1.4005079311910063,0.0,0.0990179919603878
SN_valley_qm05,0,5,100,0,0.11199181388390304,-0.11199181388390304,0.39275644617462646,0.7318089860993301,1.2217157668818017,1.4241256290030448,0.0,0.10266809539896947
SN_valley_qm05,0,6,100,0,0.08370378889132052,-0.08370378889132052,0.39689715474391357,0.7122233603226376,1.2291842950316798,1.4206182267385552,0.0,0.09505523439166862
SN_valley_qm05,0,7,100,0,0.08733803337222526,-0.08733803337222526,0.4867750982489545,0.6784986527169264,1.2269215292864164,1.4020331168575166,0.0,0.1006962298499074
SN_valley_qm05,0,8,100,0,0.07644199725137424,-0.07644199725137424,0.4293720009381918,0.6937528812430814,1.2293444971694258,1.411588096065501,0.0,0.09911488383105638
SN_valley_qm05,0,9,100,0,0.10138142431329097,-0.10138142431329097,0.44881655535389514,0.7202572566321502,1.2377982887703136,1.4321016442326948,0.0,0.10206279604236057
SN_valley_qm05,200000,0,100,0,0.3462827403606791,-0.3462827403606791,3.6649659773083494,1.0697660687510546,1.2023534529229183,1.6093642432981885,0.13826621079878693,0.24729215249076988
SN_valley_qm05,200000,1,100,0,0.40152119978182255,-0.40152119978182255,7.673564000929934,1.0607107626290937,1.2030836348489387,1.6039069656306528,0.13282784604632167,0.2623143728054357
SN_valley_qm05,200000,2,100,0,0.3361213278334961,-0.3361213278334961,2.4897152609669027,1.001594540700835,1.163892076334848,1.5355247928043234,0.10991106434046208,0.21737356558295318
SN_valley_qm05,200000,3,100,0,0.3275143463689083,-0.3275143463689083,3.3668040006198536,1.1181830170341702,1.1718961299717203,1.6197758483896265,0.1482842007168911,0.2434140085361325
SN_valley_qm05,200000,4,100,0,0.26843814360958534,-0.26843814360958534,6.356828894740872,1.0815616463711246,1.156886076265459,1.5837174585000655,0.1436410723957274,0.24734045110631253
SN_valley_qm05,200000,5,100,0,0.3061169397241806,-0.3061169397241806,3.6288672266843967,1.0538827605065402,1.178987807776366,1.581354205666209,0.10887178397002827,0.21752261752926713
SN_valley_qm05,200000,6,100,0,0.3009984948326002,-0.3009984948326002,2.697604663444092,1.1124271993540233,1.1817411923991106,1.6229622668674424,0.1195790226598313,0.22507512875000268
SN_valley_qm05,200000,7,100,0,0.20785262512687624,-0.20785262512687624,1.935080792453742,1.0488227508904837,1.1950536184204528,1.590025884596002,0.12490267231081004,0.1919348487053319
SN_valley_qm05,200000,8,100,0,0.2813389800971409,-0.2813389800971409,3.398749321985361,1.0549681811989826,1.186060523972724,1.5873554831444474,0.12365393315743656,0.2200679416719389
SN_valley_qm05,200000,9,100,0,0.3109376377309031,-0.3109376377309031,3.50467138290873,1.0974405356664365,1.1908040308599634,1.619379501301709,0.13623992245664998,0.23037928443125538
SN_valley_qm05,1000000,0,100,0,0.3241276012938319,-0.3241276012938319,2.206668212972586,1.235783539347923,1.1066971788993765,1.658897104074607,0.17026467064422054,0.21146983395021376
SN_valley_qm05,1000000,1,100,0,0.3629315874927697,-0.3629315874927697,2.831714282805504,1.2594153516041664,1.1470135076273038,1.703457370918256,0.188097223808017,0.2061418708053774
SN_valley_qm05,1000000,2,100,0,0.28891026253249225,-0.28891026253249225,1.702608690947544,1.2781960130788892,1.120117242066262,1.6995433750937035,0.1826444292899392,0.17299118705737762
SN_valley_qm05,1000000,3,100,0,0.26197614064244024,-0.26197614064244024,1.8180224760629144,1.2224656467469794,1.0971047889732843,1.6425776010480067,0.16421761185654626,0.18041051211374934
SN_valley_qm05,1000000,4,100,0,0.26030154773230074,-0.26030154773230074,1.6398024586667979,1.2899413153376973,1.083913232213544,1.684878776643222,0.16375015977887777,0.18204654030438075
SN_valley_qm05,1000000,5,100,0,0.3239637265018391,-0.3239637265018391,2.513660861969952,1.1988426696220185,1.1129663794788933,1.6358233120837973,0.15761034549845918,0.1910020363876231
SN_valley_qm05,1000000,6,100,0,0.28570428499272177,-0.28570428499272177,2.4893320521344595,1.2359407371434423,1.1240458847392463,1.6706372008098918,0.17605313232965272,0.19494321188247332
SN_valley_qm05,1000000,7,100,0,0.2709920607562222,-0.2709920607562222,2.2892649304186055,1.2309655684747032,1.1404909838776678,1.6780929399400084,0.16216122239248618,0.18944736210501775
SN_valley_qm05,1000000,8,100,0,0.34256618649160486,-0.34256618649160486,2.294086465027656,1.246688854290522,1.117192953319348,1.674023056698629,0.1348214904647617,0.20456345251659036
SN_valley_qm05,1000000,9,100,0,0.43414061366574425,-0.43414061366574425,3.5602317798849943,1.282746988867595,1.1562920792308775,1.7269774781220941,0.1763761730506655,0.21761671330318846
SN_valley_qm05,5000000,0,100,0,0.3575329407988677,-0.3575329407988677,1.9644639153620462,1.3379502360799889,0.9192770687940324,1.6233241091775377,0.18888766303273963,0.1862420784244592
SN_valley_qm05,5000000,1,100,0,0.3002138066734398,-0.3002138066734398,1.9305305307215217,1.3185524341381458,0.9485001009839006,1.6242638219015095,0.20066998603198247,0.18804492024711686
SN_valley_qm05,5000000,2,100,0,0.2693229434804785,-0.2693229434804785,1.4035522552263495,1.3239811355674624,0.9842742935748464,1.649764205070158,0.154296239282315,0.16295486545603352
SN_valley_qm05,5000000,3,100,0,0.2740805090740999,-0.2740805090740999,2.304993956444791,1.2751711687137555,0.9733924766700358,1.6042301652682607,0.21392449616193254,0.1724447476034
SN_valley_qm05,5000000,4,100,0,0.38792576522446054,-0.38792576522446054,2.240953166422334,1.316278988128659,0.9092222384791737,1.5997735632063952,0.2035748123045095,0.2011692707112833
SN_valley_qm05,5000000,5,100,0,0.22728174328225087,-0.22728174328225087,1.2383860272363105,1.288387539184092,0.9520259854289154,1.601966269325524,0.1918543168683548,0.15532909809620973
SN_valley_qm05,5000000,6,100,0,0.33693463163951476,-0.33693463163951476,2.2128249941331375,1.2653740176155208,0.9288957071479444,1.569719286756178,0.1872846253155031,0.18703953847792149
SN_valley_qm05,5000000,7,100,0,0.339925487009863,-0.339925487009863,2.351826298945196,1.2889648945085779,0.9628290219349516,1.6088723456992244,0.17672591365855328,0.19007104010673878
SN_valley_qm05,5000000,8,100,0,0.32497628755744545,-0.32497628755744545,2.0141921699625547,1.3227678052279814,0.9262409049275001,1.6148179093967732,0.1913160070488465,0.1860816427414361
SN_valley_qm05,5000000,9,100,0,0.2885207106304414,-0.2885207106304414,2.372547191412639,1.3186531224933669,0.9858772997493801,1.6464507607646925,0.2272391294372271,0.17745552202183892
SN_valley_q0,0,0,100,0,0.08791315095284748,-0.08791315095284748,0.44610732287223775,0.7223637571689193,1.2455832527098163,1.43989132822667,0.0,0.09690787394070474
SN_valley_q0,0,1,100,0,0.08937912381323486,-0.08937912381323486,0.4252325294001685,0.7127536716197848,1.2285323232037724,1.4203201982524725,0.0,0.09383858786956806
SN_valley_q0,0,2,100,0,0.08253599831042728,-0.08253599831042728,0.42744158504732727,0.6951739093373812,1.2010048801020374,1.3876885407944848,0.0,0.09725408151334809
SN_valley_q0,0,3,100,0,0.10421997086643758,-0.10421997086643758,0.4038862409618582,0.7019225972385063,1.2113071717149355,1.3999858559150113,0.0,0.09900362643730118
SN_valley_q0,0,4,100,0,0.09599816057597753,-0.09599816057597753,0.46643219833945565,0.6889504467660764,1.2193316805651104,1.4005079311910063,0.0,0.0990179919603878
SN_valley_q0,0,5,100,0,0.11199181388390304,-0.11199181388390304,0.3927564461746265,0.7318089860993301,1.2217157668818017,1.4241256290030448,0.0,0.10266809539896947
SN_valley_q0,0,6,100,0,0.08370378889132052,-0.08370378889132052,0.39689715474391335,0.7122233603226376,1.2291842950316798,1.4206182267385552,0.0,0.09505523439166862
SN_valley_q0,0,7,100,0,0.08733803337222526,-0.08733803337222526,0.4867750982489545,0.6784986527169264,1.2269215292864164,1.4020331168575166,0.0,0.1006962298499074
SN_valley_q0,0,8,100,0,0.07644199725137424,-0.07644199725137424,0.4293720009381918,0.6937528812430814,1.2293444971694258,1.411588096065501,0.0,0.09911488383105638
SN_valley_q0,0,9,100,0,0.10138142431329097,-0.10138142431329097,0.44881655535389514,0.7202572566321502,1.2377982887703136,1.4321016442326948,0.0,0.10206279604236057
SN_valley_q0,200000,0,100,0,0.3254276093353709,-0.3254276093353709,4.368989286510491,1.034314572981493,1.2015101646673656,1.585381125055073,0.1235111430935926,0.24000181178436542
SN_valley_q0,200000,1,100,0,0.4084807569229754,-0.4084807569229754,5.054994756092606,1.0613919622008348,1.2043874891956543,1.6053355168174506,0.12183801947574605,0.26647959730858695
SN_valley_q0,200000,2,100,0,0.31564923934242073,-0.31564923934242073,2.567988942793328,1.0094629137363273,1.1735606151034323,1.5479857530129217,0.11928777471336363,0.21675354962456697
SN_valley_q0,200000,3,100,0,0.30929510394475135,-0.30929510394475135,3.9392019588677796,1.0736858627384804,1.1644877074389688,1.5839295920655503,0.14524267065965016,0.2268904287023472
SN_valley_q0,200000,4,100,0,0.2649186040141599,-0.2649186040141599,4.650278346604607,1.0923709274726696,1.1649204168360536,1.5969702003321742,0.13204484395034904,0.24207893781129988
SN_valley_q0,200000,5,100,0,0.2694663197359776,-0.2694663197359776,3.2728006395933784,1.038548620650276,1.18973459943871,1.5792566778570793,0.1125912972268261,0.22014573526586032
SN_valley_q0,200000,6,100,0,0.3138585215166778,-0.3138585215166778,3.3498637827434483,1.0948058780154915,1.1908396579238132,1.6176214023749114,0.12133876882477475,0.2295620870569619
SN_valley_q0,200000,7,100,0,0.1955118855093975,-0.1955118855093975,2.0641450554385674,1.0463326847849381,1.2042814320842636,1.5953387900105047,0.14042857381459417,0.18843559170865673
SN_valley_q0,200000,8,100,0,0.27587906669771256,-0.27587906669771256,3.0586889058131734,1.0338704889500396,1.1799091377370838,1.5687809793713279,0.12422298980133846,0.2198543587063239
SN_valley_q0,200000,9,100,0,0.2934333912910914,-0.2934333912910914,3.8390231775767973,1.0170399589512562,1.1951819072799879,1.569340648040763,0.12613243828814966,0.2537902394348446
SN_valley_q0,1000000,0,100,0,0.3691650577902226,-0.3691650577902226,2.3364161400196717,1.2433080179985898,1.123455789335861,1.6756991789136388,0.15916002794803216,0.22239557646534003
SN_valley_q0,1000000,1,100,0,0.38788848675585863,-0.38788848675585863,2.5576121013034223,1.2586078514741457,1.1471547353024414,1.7029555809002124,0.16677406271594555,0.20684211573351588
SN_valley_q0,1000000,2,100,0,0.3473874969810613,-0.3473874969810613,2.877854723321459,1.198271026599438,1.1021163207182871,1.628039875918672,0.1671375008170297,0.21120273652003704
SN_valley_q0,1000000,3,100,0,0.2468351960584937,-0.2468351960584937,2.415375274491221,1.2527458936944988,1.1033148947299802,1.6693340082504327,0.15543706635199173,0.18761944174456857
SN_valley_q0,1000000,4,100,0,0.29762052226430635,-0.29762052226430635,2.5459469799377867,1.3117195231970986,1.0867859685240044,1.7034411785902916,0.15090643897409903,0.20238540620034798
SN_valley_q0,1000000,5,100,0,0.29034156423787416,-0.29034156423787416,2.2456597255740443,1.2140150298348282,1.118079774932261,1.6504347535656883,0.1641239912982252,0.19395155414339804
SN_valley_q0,1000000,6,100,0,0.30461306217107703,-0.30461306217107703,2.1715728394561826,1.2493010258669681,1.121572300014648,1.6788917408196415,0.16468973123975464,0.19058419560233295
SN_valley_q0,1000000,7,100,0,0.32176252364000696,-0.32176252364000696,2.4621219159587255,1.2495704498362112,1.136771197670971,1.6892824112498668,0.1513627516848117,0.20485410372301652
SN_valley_q0,1000000,8,100,0,0.35669862196214075,-0.35669862196214075,2.7149924624687136,1.26890846601489,1.097792186782145,1.67787853567658,0.13034660983941093,0.21944936961964653
SN_valley_q0,1000000,9,100,0,0.4638565110683575,-0.4638565110683575,3.750189586891837,1.2647220938393768,1.1592639361279358,1.7156383209325596,0.16783607571827627,0.2381534419103831
SN_valley_q0,5000000,0,100,0,0.34967716674175997,-0.34967716674175997,2.0665167514675993,1.2546299121683606,0.9687235623608085,1.5850935482742345,0.18190964481620414,0.19472771692136437
SN_valley_q0,5000000,1,100,0,0.34638990037464906,-0.34638990037464906,1.8996743309662318,1.2840863170825594,0.9312092349385479,1.5861993282540148,0.18597971554782328,0.20333002063601419
SN_valley_q0,5000000,2,100,0,0.260872899827129,-0.260872899827129,1.5689096035661751,1.2691073560162236,0.977245449829402,1.6017622015476454,0.14797195804075422,0.1730136820937848
SN_valley_q0,5000000,3,100,0,0.29865972187479134,-0.29865972187479134,1.8324977782056904,1.300306111867004,0.9407824601660024,1.6049509718102546,0.17058025871745058,0.18417732005831297
SN_valley_q0,5000000,4,100,0,0.3549447967994,-0.3549447967994,3.804228703995172,1.283745954353618,0.91622404953105,1.5771715773048782,0.18188716080791179,0.21577679213160197
SN_valley_q0,5000000,5,100,0,0.24122816563304447,-0.24122816563304447,1.3546422355478585,1.3418227408283145,0.9339907597203646,1.6348782850863954,0.1943679128403602,0.15783255857571438
SN_valley_q0,5000000,6,100,0,0.3400801837681556,-0.3400801837681556,1.6926273974464838,1.2693820952802788,0.9246923694358723,1.5704734578817559,0.1733205900985264,0.19140458814630215
SN_valley_q0,5000000,7,100,0,0.35506125915528375,-0.35506125915528375,2.3879177056496026,1.2265976748314995,0.9419900575334036,1.5465727025891238,0.18431776033388733,0.19950522407787377
SN_valley_q0,5000000,8,100,0,0.3368013797754952,-0.3368013797754952,1.8664364937113358,1.3205047863111996,0.9695588664468936,1.6382238205375272,0.16488548810391682,0.19799607798598173
SN_valley_q0,5000000,9,100,0,0.3228670793160777,-0.3228670793160777,1.8283559267100151,1.3119120756749745,1.0078760084931748,1.6543661453251375,0.2240281931115942,0.18574352740662572
SN_valley_qp05,0,0,100,0,0.08791315095284748,-0.08791315095284748,0.4461073228722375,0.7223637571689193,1.2455832527098163,1.43989132822667,0.0,0.09690787394070474
SN_valley_qp05,0,1,100,0,0.08937912381323486,-0.08937912381323486,0.4252325294001683,0.7127536716197848,1.2285323232037724,1.4203201982524725,0.0,0.09383858786956806
SN_valley_qp05,0,2,100,0,0.08253599831042728,-0.08253599831042728,0.4274415850473272,0.6951739093373812,1.2010048801020374,1.3876885407944848,0.0,0.09725408151334809
SN_valley_qp05,0,3,100,0,0.10421997086643758,-0.10421997086643758,0.4038862409618582,0.7019225972385063,1.2113071717149355,1.3999858559150113,0.0,0.09900362643730118
SN_valley_qp05,0,4,100,0,0.09599816057597753,-0.09599816057597753,0.4664321983394556,0.6889504467660764,1.2193316805651104,1.4005079311910063,0.0,0.0990179919603878
SN_valley_qp05,0,5,100,0,0.11199181388390304,-0.11199181388390304,0.39275644617462646,0.7318089860993301,1.2217157668818017,1.4241256290030448,0.0,0.10266809539896947
SN_valley_qp05,0,6,100,0,0.08370378889132052,-0.08370378889132052,0.3968971547439133,0.7122233603226376,1.2291842950316798,1.4206182267385552,0.0,0.09505523439166862
SN_valley_qp05,0,7,100,0,0.08733803337222526,-0.08733803337222526,0.4867750982489545,0.6784986527169264,1.2269215292864164,1.4020331168575166,0.0,0.1006962298499074
SN_valley_qp05,0,8,100,0,0.07644199725137424,-0.07644199725137424,0.42937200093819183,0.6937528812430814,1.2293444971694258,1.411588096065501,0.0,0.09911488383105638
SN_valley_qp05,0,9,100,0,0.10138142431329097,-0.10138142431329097,0.448816555353895,0.7202572566321502,1.2377982887703136,1.4321016442326948,0.0,0.10206279604236057
SN_valley_qp05,200000,0,100,0,0.34205606560829915,-0.34205606560829915,3.708899789229465,1.056867190881984,1.1966738584923762,1.5965577292292965,0.13893864870851308,0.2376507001677471
SN_valley_qp05,200000,1,100,0,0.3937639145909181,-0.3937639145909181,5.40299998525466,1.0880917658191058,1.198882810338481,1.6190317117859163,0.12169890008258856,0.2586126929411763
SN_valley_qp05,200000,2,100,0,0.304420507941513,-0.304420507941513,2.796595277563285,1.0067504919882317,1.1647364772402051,1.5395316218033555,0.11050537718322859,0.2187285242818814
SN_valley_qp05,200000,3,100,0,0.305046054775283,-0.305046054775283,3.5941100300861586,1.0808833046979476,1.153115647543575,1.5805013176155833,0.1394690854233193,0.22052690933158836
SN_valley_qp05,200000,4,100,0,0.29333048570660414,-0.29333048570660414,5.623524338013805,1.0697346751634793,1.160771308723266,1.5785190231360022,0.1350217418758267,0.2560319707698162
SN_valley_qp05,200000,5,100,0,0.26648528043538167,-0.26648528043538167,3.7008376117488906,1.0585284200433833,1.1911228921378014,1.5935043646674651,0.13848839956372058,0.22198553590331355
SN_valley_qp05,200000,6,100,0,0.3073730912638251,-0.3073730912638251,3.3718348457913967,1.097881243520255,1.1965435662172597,1.6239026235367375,0.13850618416754615,0.21511657449152152
SN_valley_qp05,200000,7,100,0,0.2093695064084698,-0.2093695064084698,2.5412144085684636,1.0629152343801875,1.1972445444278956,1.6009944705213222,0.12133954570002996,0.19327490227693045
SN_valley_qp05,200000,8,100,0,0.2793913614640975,-0.2793913614640975,3.671980933588356,1.056358432624473,1.176402319134461,1.5810805022647556,0.13119950201675074,0.22442529650069226
SN_valley_qp05,200000,9,100,0,0.2836927893301112,-0.2836927893301112,3.648191300599064,1.0545517491876546,1.193824877160063,1.5928895846985067,0.12948394017791715,0.2201465009364434
SN_valley_qp05,1000000,0,100,0,0.3244666265668324,-0.3244666265668324,2.3774606506224076,1.22160236099674,1.1459938265305403,1.674996769799548,0.2001677941622169,0.2071754555804049
SN_valley_qp05,1000000,1,100,0,0.38681153279986247,-0.38681153279986247,3.0344157989063025,1.2415692096843023,1.1310922164584971,1.679542706979819,0.16772830543766293,0.2062473243132067
SN_valley_qp05,1000000,2,100,0,0.3234127584923296,-0.3234127584923296,2.786625009955775,1.2361823040780238,1.107874988324999,1.6599800235761175,0.17112039168809637,0.19500197790163018
SN_valley_qp05,1000000,3,100,0,0.2932430342281806,-0.2932430342281806,2.102814496179045,1.2000139000563725,1.0984161655054512,1.6268224958403434,0.16519589539887747,0.1877736996221924
SN_valley_qp05,1000000,4,100,0,0.27459302807475033,-0.27459302807475033,1.7436517419139437,1.264184524181701,1.086703414248272,1.6670593335929482,0.16326800466642413,0.181497026535049
SN_valley_qp05,1000000,5,100,0,0.32256609067199216,-0.32256609067199216,2.7866037909887225,1.2636946960359188,1.1031880744882856,1.677482701097834,0.18166607630129766,0.19868482231969245
SN_valley_qp05,1000000,6,100,0,0.2723429579427975,-0.2723429579427975,1.8867501317077604,1.2494432059779437,1.1309174050600241,1.68525443243213,0.18119330080940566,0.18698364217025262
SN_valley_qp05,1000000,7,100,0,0.2870555614728402,-0.2870555614728402,1.8412729134384351,1.2283996762638254,1.150015064039316,1.682706276259295,0.16156549682763083,0.16832345263856716
SN_valley_qp05,1000000,8,100,0,0.3451402541822548,-0.3451402541822548,2.4379029151585976,1.2388932114110822,1.0967361728243488,1.6545956068060448,0.15403724531939073,0.1992463464069113
SN_valley_qp05,1000000,9,100,0,0.47943319698995124,-0.47943319698995124,3.4989187727078126,1.2642830273083847,1.1414338327298954,1.7033152285001483,0.1670384672890285,0.22858919137079814
SN_valley_qp05,5000000,0,100,0,0.37695225449314945,-0.37695225449314945,2.7530684080530308,1.2910326548558806,0.9490518614009261,1.6023310368125514,0.21251550513057468,0.19337739717235503
SN_valley_qp05,5000000,1,100,0,0.2915739738020811,-0.2915739738020811,1.8041649025776076,1.300337307132489,0.9498223986616924,1.6102918062637044,0.2006285320392066,0.18287224636758412
SN_valley_qp05,5000000,2,100,0,0.26747880312840083,-0.26747880312840083,1.648538041481141,1.3255166392777484,0.9729881732051155,1.6442932664823526,0.1835022024387606,0.1634838743737103
SN_valley_qp05,5000000,3,100,0,0.2528793356288394,-0.2528793356288394,3.10518924995354,1.2562707789644707,0.9536888477361392,1.5772566970459445,0.19607879160964292,0.17761108985004623
SN_valley_qp05,5000000,4,100,0,0.4041515689459996,-0.4041515689459996,2.5497259032365194,1.3316465065145249,0.95317973326359,1.6376306122617479,0.20069151430090296,0.20965182843538133
SN_valley_qp05,5000000,5,100,0,0.2461753513646294,-0.2461753513646294,1.4618871707611365,1.3227427929899338,0.9285617584482493,1.6161297706741609,0.20566777952027004,0.15227515638783584
SN_valley_qp05,5000000,6,100,0,0.3144995961348156,-0.3144995961348156,2.0079786015913808,1.272831559966003,0.9491575399189559,1.5877657936958123,0.2069885921844341,0.18349937045481166
SN_valley_qp05,5000000,7,100,0,0.4115285784124654,-0.4115285784124654,1.996537461668508,1.3160101286683663,0.9343775221702655,1.6139838948065048,0.17591528303232198,0.19122320354951686
SN_valley_qp05,5000000,8,100,0,0.3055882312614573,-0.3055882312614573,2.8498870843931505,1.2963981420754644,0.9093060822260768,1.5835042450053785,0.19453029272087363,0.19344508712117994
SN_valley_qp05,5000000,9,100,0,0.2913162911151875,-0.2913162911151875,1.8538822127059968,1.2873474351935126,0.9524509236657922,1.6013825841725442,0.20238652783384353,0.18142719894699694
LR_a0p1_qm05,0,0,100,0,0.04543417486608936,-0.04543417486608936,0.24442335866480538,0.7223637571689193,1.2455832527098163,1.43989132822667,0.0,0.09690787394070474
LR_a0p1_qm05,0,1,100,0,0.05414887363567112,-0.05414887363567112,0.28958858996776377,0.7127536716197848,1.2285323232037724,1.4203201982524725,0.0,0.09383858786956806
LR_a0p1_qm05,0,2,100,0,0.05334857318434222,-0.05334857318434222,0.27179365569776537,0.6951739093373812,1.2010048801020374,1.3876885407944848,0.0,0.09725408151334809
LR_a0p1_qm05,0,3,100,0,0.05327181391669732,-0.05327181391669732,0.29311719119173474,0.7019225972385063,1.2113071717149355,1.3999858559150113,0.0,0.09900362643730118
LR_a0p1_qm05,0,4,100,0,0.0546364182248338,-0.0546364182248338,0.2960517508693834,0.6889504467660764,1.2193316805651104,1.4005079311910063,0.0,0.0990179919603878
LR_a0p1_qm05,0,5,100,0,0.06038133999275004,-0.06038133999275004,0.26026619903307974,0.7318089860993301,1.2217157668818017,1.4241256290030448,0.0,0.10266809539896947
LR_a0p1_qm05,0,6,100,0,0.057999039229320565,-0.057999039229320565,0.3038547626095897,0.7122233603226376,1.2291842950316798,1.4206182267385552,0.0,0.09505523439166862
LR_a0p1_qm05,0,7,100,0,0.044046208477101986,-0.044046208477101986,0.28857804852420105,0.6784986527169264,1.2269215292864164,1.4020331168575166,0.0,0.1006962298499074
LR_a0p1_qm05,0,8,100,0,0.04265662411145156,-0.04265662411145156,0.2910058490294676,0.6937528812430814,1.2293444971694258,1.411588096065501,0.0,0.09911488383105638
LR_a0p1_qm05,0,9,100,0,0.052343200462681184,-0.052343200462681184,0.28814103815388253,0.7202572566321502,1.2377982887703136,1.4321016442326948,0.0,0.10206279604236057
LR_a0p1_qm05,200000,0,100,0,0.534315364213807,-0.534315364213807,7.469904380977819,1.4138113751418648,1.2652288455006964,1.8972787449311594,0.171330390678077,0.7844475460750201
LR_a0p1_qm05,200000,1,100,0,0.43492568769135415,-0.43492568769135415,7.416897209673312,1.4503927556338903,1.272183089412286,1.9292716134805536,0.18403278643830037,0.8131981354966129
LR_a0p1_qm05,200000,2,100,0,0.4026117638762361,-0.4026117638762361,5.473805105122545,1.1597854219352766,1.2220249014714275,1.6847691488004637,0.14545044746324615,0.6869205827258094
LR_a0p1_qm05,200000,3,100,0,0.4416457372132659,-0.4416457372132659,6.2862844084287515,1.482232399853759,1.2216135446532597,1.9207687366407586,0.18659397540434605,0.8281793864684047
LR_a0p1_qm05,200000,4,100,0,0.36899270661685885,-0.36899270661685885,7.649176306742952,1.441845892390672,1.2562131073173861,1.9123260570310325,0.21359325130390086,0.8381932799954174
LR_a0p1_qm05,200000,5,100,0,0.37426268855191336,-0.37426268855191336,5.328819956994425,1.2742325511504868,1.2290028509892992,1.7703436395658623,0.16862568857052015,0.6412922492815013
LR_a0p1_qm05,200000,6,100,0,0.44794127706515824,-0.44794127706515824,6.693597408396812,1.4882179494593322,1.3228429438700442,1.9911569800595093,0.23122404225538176,0.8710865274791202
LR_a0p1_qm05,200000,7,100,0,0.33143896525338634,-0.33143896525338634,4.851254564548145,1.2736283476379353,1.2414730396440716,1.7785905869733,0.16199215726706248,0.6549665879116322
LR_a0p1_qm05,200000,8,100,0,0.3684140955216464,-0.3684140955216464,5.610071328535788,1.3087140465192193,1.2318638861722482,1.7972815832840727,0.17954710557195014,0.6919496537322076
LR_a0p1_qm05,200000,9,100,0,0.41626989569734535,-0.41626989569734535,6.390096347754113,1.608781701265669,1.2979661678104804,2.0670981435596825,0.2260367410686106,0.9042445552683033
LR_a0p1_qm05,1000000,0,100,0,0.5294812985169484,-0.5294812985169484,6.961334370794848,2.3589076836249454,1.507297760021215,2.7993556396481276,0.46927126284538206,1.1024014760119982
LR_a0p1_qm05,1000000,1,100,0,0.6095017348170425,-0.6095017348170425,7.487401801100968,2.5087715744552637,1.596602133560885,2.9737305166551176,0.5075717590560538,1.0898787242460004
LR_a0p1_qm05,1000000,2,100,0,0.6474089011331552,-0.6474089011331552,7.174634983049638,2.166658300565241,1.4429821716081115,2.603191452618712,0.4305929240614558,1.0701256218851747
LR_a0p1_qm05,1000000,3,100,0,0.5540958013088577,-0.5540958013088577,7.419169403299464,2.4154446936670877,1.419791389805748,2.8018173849719448,0.4446837451149034,1.128796505700902
LR_a0p1_qm05,1000000,4,100,0,0.6370283017662084,-0.6370283017662084,5.524558849075819,2.667513982669003,1.4658159675612714,3.0437226053785245,0.42784811272179296,1.0661914734116928
LR_a0p1_qm05,1000000,5,100,0,0.5785963426079643,-0.5785963426079643,6.63083945642666,2.104717958359293,1.3892448152953483,2.52187209054407,0.41574575272878317,1.0856417634918236
LR_a0p1_qm05,1000000,6,100,0,0.5629695847949286,-0.5629695847949286,6.521239969069756,2.275120099509141,1.506531076022511,2.7287006706877963,0.4604388064971343,1.1238851387597297
LR_a0p1_qm05,1000000,7,100,0,0.5661897752056144,-0.5661897752056144,6.295538157612809,2.286930440346497,1.459925308355897,2.713196038800271,0.406368942706498,1.0409498270332644
LR_a0p1_qm05,1000000,8,100,0,0.5333243938063695,-0.5333243938063695,6.60759562114561,2.3872538286402616,1.426966121770111,2.7812251176481952,0.4454759594266604,1.1200758823545085
LR_a0p1_qm05,1000000,9,100,0,0.7185863046468037,-0.7185863046468037,6.677711532448869,2.6740902393587316,1.5005315894856577,3.06632575883222,0.43965064822901445,1.1155011842418319
LR_a0p1_qm05,5000000,0,100,0,0.9815961030139962,-0.9815961030139962,4.92036436571811,3.225668862018619,1.762997569743728,3.6760168713321737,0.6097721913160237,0.8861531924686298
LR_a0p1_qm05,5000000,1,100,0,0.6881150064493059,-0.6881150064493059,4.762350400030937,3.268291512765207,1.8385857565666024,3.749950265891892,0.6638366050290535,0.895952436879083
LR_a0p1_qm05,5000000,2,100,0,0.5477699183765755,-0.5477699183765755,4.2870808869736985,3.044301904783814,1.6337705762188266,3.4549935431471877,0.563503583643387,0.8949699092857384
LR_a0p1_qm05,5000000,3,100,0,0.8482686515935142,-0.8482686515935142,4.907133418630271,3.239861901493653,1.7212291725452524,3.6686966357510244,0.5863387929561119,0.9237134360680597
LR_a0p1_qm05,5000000,4,100,0,0.8343839397478129,-0.8343839397478129,5.658605836474675,3.331078842740625,1.7796675035390734,3.7766787895857945,0.6172847812837942,0.9196505368410314
LR_a0p1_qm05,5000000,5,100,0,0.6947572488582193,-0.6947572488582193,3.9682587677923173,3.1478637987752247,1.7592619315346305,3.606112732484461,0.6470498667634116,0.8934103197089226
LR_a0p1_qm05,5000000,6,100,0,0.80784746009669,-0.80784746009669,4.189807191407603,3.1243786521061447,1.7985147691809462,3.6050516413358915,0.6383694220455223,0.8858667306448508
LR_a0p1_qm05,5000000,7,100,0,0.9654311467776338,-0.9654311467776338,5.0539302319717905,3.315972628585379,1.7777674132133674,3.7624634814188926,0.5636482060987904,0.8762693763382801
LR_a0p1_qm05,5000000,8,100,0,0.84742166907545,-0.84742166907545,6.391385975646611,3.2627842599598056,1.7435510912768142,3.6994231354272014,0.6284224724163163,0.8830950303679312
LR_a0p1_qm05,5000000,9,100,0,0.6016023064112285,-0.6016023064112285,4.507030495460058,3.163227291261406,1.812551450310402,3.645730332348145,0.5858522293599134,0.9260053706328455
LR_a0p1_q0,0,0,100,0,0.04543417486608936,-0.04543417486608936,0.24442335866480538,0.7223637571689193,1.2455832527098163,1.43989132822667,0.0,0.09690787394070474
LR_a0p1_q0,0,1,100,0,0.05414887363567112,-0.05414887363567112,0.2895885899677637,0.7127536716197848,1.2285323232037724,1.4203201982524725,0.0,0.09383858786956806
LR_a0p1_q0,0,2,100,0,0.05334857318434222,-0.05334857318434222,0.2717936556977654,0.6951739093373812,1.2010048801020374,1.3876885407944848,0.0,0.09725408151334809
LR_a0p1_q0,0,3,100,0,0.05327181391669732,-0.05327181391669732,0.29311719119173474,0.7019225972385063,1.2113071717149355,1.3999858559150113,0.0,0.09900362643730118
LR_a0p1_q0,0,4,100,0,0.0546364182248338,-0.0546364182248338,0.29605175086938346,0.6889504467660764,1.2193316805651104,1.4005079311910063,0.0,0.0990179919603878
LR_a0p1_q0,0,5,100,0,0.06038133999275004,-0.06038133999275004,0.26026619903307974,0.7318089860993301,1.2217157668818017,1.4241256290030448,0.0,0.10266809539896947
LR_a0p1_q0,0,6,100,0,0.057999039229320565,-0.057999039229320565,0.30385476260958955,0.7122233603226376,1.2291842950316798,1.4206182267385552,0.0,0.09505523439166862
LR_a0p1_q0,0,7,100,0,0.044046208477101986,-0.044046208477101986,0.28857804852420105,0.6784986527169264,1.2269215292864164,1.4020331168575166,0.0,0.1006962298499074
LR_a0p1_q0,0,8,100,0,0.04265662411145156,-0.04265662411145156,0.29100584902946763,0.6937528812430814,1.2293444971694258,1.411588096065501,0.0,0.09911488383105638
LR_a0p1_q0,0,9,100,0,0.052343200462681184,-0.052343200462681184,0.2881410381538826,0.7202572566321502,1.2377982887703136,1.4321016442326948,0.0,0.10206279604236057
LR_a0p1_q0,200000,0,100,0,0.44916721617985217,-0.44916721617985217,7.830201074632208,1.3805959318038705,1.2806177056148724,1.883089704408077,0.20133284381102687,0.8216722794986517
LR_a0p1_q0,200000,1,100,0,0.48969899069003975,-0.48969899069003975,7.490858195891776,1.3837294099672874,1.2682846030379507,1.8770330083169955,0.19439929013099902,0.8088773521099168
LR_a0p1_q0,200000,2,100,0,0.3896598203216157,-0.3896598203216157,5.657721326038896,1.1482036026917402,1.2134341815430172,1.670566977457433,0.14997922862959864,0.6815962125581534
LR_a0p1_q0,200000,3,100,0,0.4920859325815725,-0.4920859325815725,8.114717933925483,1.4464411447808259,1.225055282722123,1.8955084887808462,0.18680339894500814,0.8606110187738683
LR_a0p1_q0,200000,4,100,0,0.4489858252778765,-0.4489858252778765,8.798222408059189,1.502376022294352,1.273818429691498,1.9697073651146033,0.2488029324178012,0.9559817126113586
LR_a0p1_q0,200000,5,100,0,0.3902368316232537,-0.3902368316232537,5.9840958802086845,1.2563986707890176,1.252194267537292,1.7738455692685497,0.20921620807600033,0.7120634594173789
LR_a0p1_q0,200000,6,100,0,0.4037005292870907,-0.4037005292870907,6.054642056326161,1.387541469403036,1.304631903475726,1.9045565711944166,0.23471942369326684,0.817710735507036
LR_a0p1_q0,200000,7,100,0,0.2758228167330694,-0.2758228167330694,5.828313708793705,1.2416157264987875,1.2649092506418755,1.7724573407133113,0.17752830587006524,0.744281533571079
LR_a0p1_q0,200000,8,100,0,0.37773137018704994,-0.37773137018704994,7.1314724298900645,1.294290078249306,1.2425411847091161,1.794183770507617,0.2009006831869268,0.7749463746976242
LR_a0p1_q0,200000,9,100,0,0.348487338546516,-0.348487338546516,7.812048874959861,1.4703060092184794,1.2785067576612033,1.9484299551508988,0.21195633084708365,0.8163798430977649
LR_a0p1_q0,1000000,0,100,0,0.5709392659872159,-0.5709392659872159,7.279553453487692,2.4926664766722846,1.5645435600430355,2.942988738544196,0.5029743506363219,1.205939518386263
LR_a0p1_q0,1000000,1,100,0,0.7332673651016698,-0.7332673651016698,8.426934021000047,2.698128029991674,1.697349733191739,3.187615250150623,0.5797835174765811,1.265022994518574
LR_a0p1_q0,1000000,2,100,0,0.8020773774299553,-0.8020773774299553,10.886458234087833,2.3520179917394035,1.5175268397331048,2.7990849116767076,0.5037482319129719,1.3304029657755305
LR_a0p1_q0,1000000,3,100,0,0.48918346469518537,-0.48918346469518537,7.82563655577832,2.39857181749249,1.4931594353537494,2.8253622534208165,0.47221243790829925,1.1824026804446175
LR_a0p1_q0,1000000,4,100,0,0.6260852275615448,-0.6260852275615448,6.137529589424322,2.754932409446611,1.5388764194490605,3.1555971249441317,0.4582362108071237,1.080920016586149
LR_a0p1_q0,1000000,5,100,0,0.7197884110831767,-0.7197884110831767,8.504475075646841,2.177555384421853,1.4952769521168068,2.6415148335294902,0.4777204964922967,1.2041656093435733
LR_a0p1_q0,1000000,6,100,0,0.49548567664815074,-0.49548567664815074,7.416490105860156,2.1543585269589243,1.5469787376101551,2.65224506358265,0.47821978512270247,1.171808198054791
LR_a0p1_q0,1000000,7,100,0,0.6207555562063415,-0.6207555562063415,7.794204953333421,2.3898846282361825,1.5260756825768733,2.8355697002951743,0.42946024594632326,1.1098113885535235
LR_a0p1_q0,1000000,8,100,0,0.5918891740959183,-0.5918891740959183,8.007300895713788,2.5056303106705364,1.5148464725729622,2.9279588605746625,0.4980415548391837,1.2346575410502756
LR_a0p1_q0,1000000,9,100,0,0.675862773180205,-0.675862773180205,9.166755679910347,2.5896482233486435,1.5607551756078148,3.0236128454018987,0.4688834894445352,1.1007801856003276
LR_a0p1_q0,5000000,0,100,0,0.936626672507554,-0.936626672507554,7.797102978884049,3.795990701620249,2.015059656407885,4.2976750488688715,0.7574422172155607,0.9885533824081454
LR_a0p1_q0,5000000,1,100,0,0.8402053213133417,-0.8402053213133417,7.8959612655539155,3.9091953831947177,2.1061380485932175,4.44045335790423,0.7947157467457888,1.0308294940713476
LR_a0p1_q0,5000000,2,100,0,0.6471660880276321,-0.6471660880276321,5.481789317678618,3.4788058428422355,1.894588915420775,3.96125702910434,0.7026145834227043,1.0359074167653766
LR_a0p1_q0,5000000,3,100,0,0.6697281780535945,-0.6697281780535945,4.243653832079103,3.7102875932223394,1.8953611617645651,4.166368677631055,0.70661350830677,0.9893717552232579
LR_a0p1_q0,5000000,4,100,0,0.9210752275199445,-0.9210752275199445,6.294414323293364,3.904461577210546,2.106378284830726,4.43640053272018,0.7454303297480155,1.10272385225529
LR_a0p1_q0,5000000,5,100,0,0.8304852518664794,-0.8304852518664794,6.169729094807755,3.5197695731171983,1.9740347796784465,4.0355409995714036,0.7384901815127801,1.0092803274141884
LR_a0p1_q0,5000000,6,100,0,0.979254555424275,-0.979254555424275,5.902873548514294,3.6012187942985614,1.9354083555586632,4.088347136334618,0.7054655271030229,1.054417220948509
LR_a0p1_q0,5000000,7,100,0,1.2293376782375376,-1.2293376782375376,7.658482070373223,4.029798495433845,2.0447112876250326,4.5188627068701805,0.7148169985829149,1.0717268714494612
LR_a0p1_q0,5000000,8,100,0,0.7390407768787793,-0.7390407768787793,5.815964747802102,3.7279086761027185,1.9902517542193505,4.225920626625058,0.734517676017078,1.0833900211046987
LR_a0p1_q0,5000000,9,100,0,0.9259333070856743,-0.9259333070856743,6.217357190685952,3.724438161047805,2.0053850126922033,4.230012844495826,0.7177789965859351,1.0581035478874201
LR_a0p1_qp05,0,0,100,0,0.04543417486608936,-0.04543417486608936,0.24442335866480547,0.7223637571689193,1.2455832527098163,1.43989132822667,0.0,0.09690787394070474
LR_a0p1_qp05,0,1,100,0,0.05414887363567112,-0.05414887363567112,0.28958858996776377,0.7127536716197848,1.2285323232037724,1.4203201982524725,0.0,0.09383858786956806
LR_a0p1_qp05,0,2,100,0,0.05334857318434222,-0.05334857318434222,0.2717936556977653,0.6951739093373812,1.2010048801020374,1.3876885407944848,0.0,0.09725408151334809
LR_a0p1_qp05,0,3,100,0,0.05327181391669732,-0.05327181391669732,0.2931171911917348,0.7019225972385063,1.2113071717149355,1.3999858559150113,0.0,0.09900362643730118
LR_a0p1_qp05,0,4,100,0,0.0546364182248338,-0.0546364182248338,0.29605175086938346,0.6889504467660764,1.2193316805651104,1.4005079311910063,0.0,0.0990179919603878
LR_a0p1_qp05,0,5,100,0,0.06038133999275004,-0.06038133999275004,0.26026619903307974,0.7318089860993301,1.2217157668818017,1.4241256290030448,0.0,0.10266809539896947
LR_a0p1_qp05,0,6,100,0,0.057999039229320565,-0.057999039229320565,0.3038547626095897,0.7122233603226376,1.2291842950316798,1.4206182267385552,0.0,0.09505523439166862
LR_a0p1_qp05,0,7,100,0,0.044046208477101986,-0.044046208477101986,0.2885780485242011,0.6784986527169264,1.2269215292864164,1.4020331168575166,0.0,0.1006962298499074
LR_a0p1_qp05,0,8,100,0,0.04265662411145156,-0.04265662411145156,0.2910058490294676,0.6937528812430814,1.2293444971694258,1.411588096065501,0.0,0.09911488383105638
LR_a0p1_qp05,0,9,100,0,0.052343200462681184,-0.052343200462681184,0.28814103815388253,0.7202572566321502,1.2377982887703136,1.4321016442326948,0.0,0.10206279604236057
LR_a0p1_qp05,200000,0,100,0,0.4345071245379759,-0.4345071245379759,6.983386514215397,1.4136895992554854,1.3072029240957699,1.9254344361228366,0.2381669329333429,0.863540628901111
LR_a0p1_qp05,200000,1,100,0,0.5161868227789763,-0.5161868227789763,9.769758844156492,1.450895780844402,1.3081877878459112,1.953574635160189,0.23516311744225815,0.898448122648589
LR_a0p1_qp05,200000,2,100,0,0.3407610509843489,-0.3407610509843489,6.286143536461972,1.1801076385498424,1.2399771601312393,1.7117819359400948,0.18333205562894622,0.7327323874672117
LR_a0p1_qp05,200000,3,100,0,0.6107419794279855,-0.6107419794279855,9.688495150075328,1.583934022997255,1.2761554938069222,2.034064854812122,0.25271309492697736,0.9914835175206255
LR_a0p1_qp05,200000,4,100,0,0.443381625195434,-0.443381625195434,9.820040714564987,1.5375002680803669,1.283904465415181,2.0030770705742307,0.2574574378054667,0.9090902654597028
LR_a0p1_qp05,200000,5,100,0,0.363628739577295,-0.363628739577295,5.729877729951422,1.2866145739146115,1.266512162299498,1.805389187699435,0.23937957394946774,0.7328176515404465
LR_a0p1_qp05,200000,6,100,0,0.46455048935820487,-0.46455048935820487,7.855865168556085,1.6057263535337547,1.3659284120122612,2.108107575332707,0.2921414724646468,1.0561911866455467
LR_a0p1_qp05,200000,7,100,0,0.27154355135423297,-0.27154355135423297,5.604505146446965,1.2834537206662924,1.2852723139766364,1.8163640533128282,0.201546078323674,0.7521245781503446
LR_a0p1_qp05,200000,8,100,0,0.3832306102400878,-0.3832306102400878,7.215670980247644,1.3584083217670788,1.270690649033055,1.8600881415099924,0.24216161259522304,0.8538390203516676
LR_a0p1_qp05,200000,9,100,0,0.5779649201649248,-0.5779649201649248,8.89231875103383,1.7326896904694506,1.3563357070107485,2.200422712474007,0.2848849408876535,1.0428193756749944
LR_a0p1_qp05,1000000,0,100,0,0.20235925658352033,-0.20235925658352033,2.9011844418082124,2.3374901253615468,1.8959826095694674,3.009752505099479,0.6926368568228747,0.49982738903780716
LR_a0p1_qp05,1000000,1,100,0,0.14885407105178688,-0.14885407105178688,2.8367562526720853,2.264259973803022,2.0064640538435676,3.0253547276861306,0.7554956410065035,0.49472012564172957
LR_a0p1_qp05,1000000,2,100,0,0.15318473724340925,-0.15318473724340925,1.4701554106826873,2.220210356770166,1.7286030766390201,2.813787949522031,0.6219861909792176,0.4773212147089664
LR_a0p1_qp05,1000000,3,100,0,0.09546283248909157,-0.09546283248909157,0.9501847093029151,2.145084298000436,1.8613532001877202,2.8400743619449638,0.6987924736680035,0.36326971748827375
LR_a0p1_qp05,1000000,4,100,0,0.07906669791074453,-0.07906669791074453,0.7351539944766005,2.175112493910142,1.8605763554141683,2.862317022185046,0.6746228679496202,0.24510550057151326
LR_a0p1_qp05,1000000,5,100,0,0.33254440097419596,-0.33254440097419596,3.365380841758728,2.2041648564166474,1.666837188508819,2.7634559752704955,0.588611527498405,0.7604823215485296
LR_a0p1_qp05,1000000,6,100,0,0.25121905504204,-0.25121905504204,2.7587070019394297,2.4163806080319756,1.8447534957253475,3.040067549062663,0.6568282638092513,0.75448240209616
LR_a0p1_qp05,1000000,7,100,0,0.138204654892107,-0.138204654892107,1.5253831058239231,2.254384065164504,1.8206883608546087,2.8977842605375366,0.6317133092091028,0.4138977588785984
LR_a0p1_qp05,1000000,8,100,0,0.09995034838160528,-0.09995034838160528,0.8971587100900874,2.173951595082732,1.7789553775750508,2.809047485032239,0.6856930974755624,0.34508934332089813
LR_a0p1_qp05,1000000,9,100,0,0.1493939880752815,-0.1493939880752815,0.9573604003167329,2.217486371875769,1.8581192491181928,2.8930698148157985,0.6546454710338951,0.38246523371253904
LR_a0p1_qp05,5000000,0,100,0,0.12621329145609494,-0.12621329145609494,2.2791350617277635,2.1185408090839375,1.982464550119557,2.901444614710879,0.8001698355754913,0.3484852374057307
LR_a0p1_qp05,5000000,1,100,0,0.06114554270009395,-0.06114554270009395,1.0990070807055035,1.9256019573162593,2.063607465968761,2.822484485630031,0.8792251013776339,0.30166811920525016
LR_a0p1_qp05,5000000,2,100,0,0.09881805181905685,-0.09881805181905685,2.110335788678759,2.0278287263628454,1.9986120101946578,2.847198502169578,0.8043860303545153,0.33399320581206754
LR_a0p1_qp05,5000000,3,100,0,0.033943405714148465,-0.033943405714148465,1.1982391136640675,1.8622869991768216,1.9586989477047427,2.7027050218332516,0.815228633471368,0.2221446983649398
LR_a0p1_qp05,5000000,4,100,0,0.1180972559461317,-0.1180972559461317,1.6255648827694777,2.1642049257564655,2.0379712252863977,2.9727276491067745,0.8131585123074103,0.3073353022508487
LR_a0p1_qp05,5000000,5,100,0,0.11589968260616361,-0.11589968260616361,1.1858427767884685,2.22224258997169,1.9591081274989097,2.9625102166771287,0.8231159698895606,0.24555338275841365
LR_a0p1_qp05,5000000,6,100,0,0.14336711397166396,-0.14336711397166396,1.8150232240604083,2.1598735909502675,2.0035274445131077,2.9460441527244003,0.8249267590100076,0.38403960023734457
LR_a0p1_qp05,5000000,7,100,0,0.14299973345912875,-0.14299973345912875,1.6470742073298408,1.9812394518249625,1.9806964370963345,2.801511759995626,0.7783812967804795,0.27214483470061246
LR_a0p1_qp05,5000000,8,100,0,0.08512579370125652,-0.08512579370125652,1.1882379249013713,2.1045819627282496,1.983113455324518,2.891713024234984,0.8533446843313885,0.25817376190438496
LR_a0p1_qp05,5000000,9,100,0,0.08598598351578993,-0.08598598351578993,1.189583615172654,2.048321017182429,2.0553404839947915,2.9017311203106333,0.8443818337515735,0.3024471222304794
LR_a0p3_qm05,0,0,100,0,0.051816622498020805,-0.051816622498020805,0.2631057044211441,0.7223637571689193,1.2455832527098163,1.43989132822667,0.0,0.09690787394070474
LR_a0p3_qm05,0,1,100,0,0.058489761350938446,-0.058489761350938446,0.30312592950440287,0.7127536716197848,1.2285323232037724,1.4203201982524725,0.0,0.09383858786956806
LR_a0p3_qm05,0,2,100,0,0.058212315770123334,-0.058212315770123334,0.28890663822747237,0.6951739093373812,1.2010048801020374,1.3876885407944848,0.0,0.09725408151334809
LR_a0p3_qm05,0,3,100,0,0.05978869729837637,-0.05978869729837637,0.3041531427635685,0.7019225972385063,1.2113071717149355,1.3999858559150113,0.0,0.09900362643730118
LR_a0p3_qm05,0,4,100,0,0.059297182464849246,-0.059297182464849246,0.31094642079458895,0.6889504467660764,1.2193316805651104,1.4005079311910063,0.0,0.0990179919603878
LR_a0p3_qm05,0,5,100,0,0.0671429350434354,-0.0671429350434354,0.28031085375751347,0.7318089860993301,1.2217157668818017,1.4241256290030448,0.0,0.10266809539896947
LR_a0p3_qm05,0,6,100,0,0.06186795717652917,-0.06186795717652917,0.31483448461129543,0.7122233603226376,1.2291842950316798,1.4206182267385552,0.0,0.09505523439166862
LR_a0p3_qm05,0,7,100,0,0.0505462015880943,-0.0505462015880943,0.30682900096470206,0.6784986527169264,1.2269215292864164,1.4020331168575166,0.0,0.1006962298499074
LR_a0p3_qm05,0,8,100,0,0.04815752984201879,-0.04815752984201879,0.30544702768567467,0.6937528812430814,1.2293444971694258,1.411588096065501,0.0,0.09911488383105638
LR_a0p3_qm05,0,9,100,0,0.060098017549646394,-0.060098017549646394,0.3066565157253691,0.7202572566321502,1.2377982887703136,1.4321016442326948,0.0,0.10206279604236057
LR_a0p3_qm05,200000,0,100,0,0.5346183763775598,-0.5346183763775598,6.774535502494624,1.4903614128638936,1.2377293302611412,1.9373050962464207,0.1805760152576126,0.5599143888808572
LR_a0p3_qm05,200000,1,100,0,0.6112151619349656,-0.6112151619349656,6.631062658760475,1.5179790224480327,1.2598156168489303,1.9726620848611491,0.1806708727581602,0.5538092351824908
LR_a0p3_qm05,200000,2,100,0,0.4665317751143053,-0.4665317751143053,5.99868006297307,1.26836708520548,1.194593970877628,1.7423575459961782,0.13817716400289323,0.5074231931494178
LR_a0p3_qm05,200000,3,100,0,0.5436791117920503,-0.5436791117920503,7.618368385398522,1.5454344877557185,1.1776720751123835,1.9430077901141536,0.157002193122355,0.5550123338451137
LR_a0p3_qm05,200000,4,100,0,0.4620048985373108,-0.4620048985373108,7.144229871830963,1.586629714847849,1.1901946195607738,1.9834205515900003,0.16671873788260205,0.5339328874914897
LR_a0p3_qm05,200000,5,100,0,0.4223971471573792,-0.4223971471573792,5.349579484646347,1.4035345161353874,1.2128202887798922,1.8549507246446029,0.1671420123870778,0.46821694156748517
LR_a0p3_qm05,200000,6,100,0,0.5742382391092781,-0.5742382391092781,5.906597722883387,1.575416856283032,1.2571100002392446,2.0155058481091603,0.17703732970844782,0.521661019107431
LR_a0p3_qm05,200000,7,100,0,0.36433748276934635,-0.36433748276934635,5.229474864050954,1.390605387325969,1.2133249432165207,1.8455191034208724,0.16139000483206417,0.49527640343446105
LR_a0p3_qm05,200000,8,100,0,0.4622579020643343,-0.4622579020643343,6.680163866029871,1.4557931702279754,1.2284021545546253,1.904811173790427,0.1813041675351884,0.5373704816992598
LR_a0p3_qm05,200000,9,100,0,0.49302210864783175,-0.49302210864783175,5.226000017411515,1.6331610497303393,1.240034518309766,2.0505854337130254,0.1660636195804635,0.4965108803133134
LR_a0p3_qm05,1000000,0,100,0,0.5592139846953406,-0.5592139846953406,4.157979865431181,1.9663077188802334,1.2451555531008702,2.327397343975867,0.24146263382071728,0.4464744602269461
LR_a0p3_qm05,1000000,1,100,0,0.6411438659883827,-0.6411438659883827,4.777478463538573,2.0457198176854234,1.3084054439512478,2.428352194026259,0.28800242582500096,0.48576895026830536
LR_a0p3_qm05,1000000,2,100,0,0.5411621391539978,-0.5411621391539978,5.245304555073704,1.8800885213676852,1.2319335464021512,2.247752902551682,0.2797886437078541,0.4643507868490734
LR_a0p3_qm05,1000000,3,100,0,0.45325441441097036,-0.45325441441097036,3.567413829424501,1.963361647312599,1.1991854227878012,2.3006161427680194,0.24238739354612002,0.42028589457270465
LR_a0p3_qm05,1000000,4,100,0,0.5054065576679199,-0.5054065576679199,3.5880481918800013,2.0966312450092914,1.1745452046487108,2.403210147971353,0.2138176646913596,0.43836187836676327
LR_a0p3_qm05,1000000,5,100,0,0.6041452998935083,-0.6041452998935083,4.795546631306344,1.896534695359838,1.252813005212857,2.272968164478795,0.27382710951642975,0.48533038976052106
LR_a0p3_qm05,1000000,6,100,0,0.48190615605495746,-0.48190615605495746,4.141719616352368,1.9025690477505453,1.2794723924144462,2.2927753017705776,0.27681572784492015,0.43133775227512017
LR_a0p3_qm05,1000000,7,100,0,0.4999873320543372,-0.4999873320543372,4.434167479349226,1.948937957306073,1.2172166938651723,2.2978197582169995,0.2481582038594832,0.4374355916702841
LR_a0p3_qm05,1000000,8,100,0,0.5207472713377082,-0.5207472713377082,4.949117680865276,2.0025597941237443,1.2173537240190986,2.343543432160817,0.25950207385353036,0.48680110801849164
LR_a0p3_qm05,1000000,9,100,0,0.6922890722829894,-0.6922890722829894,5.151074402340081,2.062512052718846,1.2996482569432695,2.437835425000258,0.2401532376347919,0.49990449698883027
LR_a0p3_qm05,5000000,0,100,0,0.6336375413597723,-0.6336375413597723,4.087823125134986,2.031230291945813,1.2632731933106478,2.3920191595920706,0.3373046167555592,0.4362377758030087
LR_a0p3_qm05,5000000,1,100,0,0.528890959020287,-0.528890959020287,4.335800012947785,2.078688453198463,1.234361861821516,2.417559697583515,0.3228826187900055,0.418811577887092
LR_a0p3_qm05,5000000,2,100,0,0.4905662913510092,-0.4905662913510092,3.6509142938140964,1.9890121219606949,1.2136195126236224,2.330030373777858,0.2597796425149847,0.3957836504970645
LR_a0p3_qm05,5000000,3,100,0,0.5334452405309821,-0.5334452405309821,4.1565038787802235,2.0122136270026516,1.1963949164203245,2.341017829221205,0.24401350983823117,0.4441619319739557
LR_a0p3_qm05,5000000,4,100,0,0.6590774661864325,-0.6590774661864325,5.280114765092769,2.0865087871583095,1.212446503346962,2.4132023210595324,0.27612786141759016,0.4736693596269176
LR_a0p3_qm05,5000000,5,100,0,0.44723411811015723,-0.44723411811015723,3.0240622701238666,1.995812678830158,1.256595610544385,2.3584530475331977,0.30807993122182453,0.38118636784555765
LR_a0p3_qm05,5000000,6,100,0,0.5580274363341446,-0.5580274363341446,3.711633644311976,2.0149579408463367,1.2211126254375617,2.3560924318419096,0.3162630635088158,0.4212812217099541
LR_a0p3_qm05,5000000,7,100,0,0.5959716522304231,-0.5959716522304231,4.489549178425721,2.0685601553992417,1.2198227287832983,2.4014388616330975,0.26779480387935406,0.42859642783375934
LR_a0p3_qm05,5000000,8,100,0,0.5809388955077918,-0.5809388955077918,4.111541111877077,2.039972066684189,1.203107833099458,2.3683231390410038,0.2951887082214672,0.4390618166742318
LR_a0p3_qm05,5000000,9,100,0,0.5689670769812473,-0.5689670769812473,3.904505076800666,2.000622014572694,1.2788616335967156,2.374442149869852,0.28188200855858797,0.4378955876461989
LR_a0p3_q0,0,0,100,0,0.051816622498020805,-0.051816622498020805,0.26310570442114406,0.7223637571689193,1.2455832527098163,1.43989132822667,0.0,0.09690787394070474
LR_a0p3_q0,0,1,100,0,0.058489761350938446,-0.058489761350938446,0.3031259295044028,0.7127536716197848,1.2285323232037724,1.4203201982524725,0.0,0.09383858786956806
LR_a0p3_q0,0,2,100,0,0.058212315770123334,-0.058212315770123334,0.2889066382274724,0.6951739093373812,1.2010048801020374,1.3876885407944848,0.0,0.09725408151334809
LR_a0p3_q0,0,3,100,0,0.05978869729837637,-0.05978869729837637,0.3041531427635685,0.7019225972385063,1.2113071717149355,1.3999858559150113,0.0,0.09900362643730118
LR_a0p3_q0,0,4,100,0,0.059297182464849246,-0.059297182464849246,0.31094642079458906,0.6889504467660764,1.2193316805651104,1.4005079311910063,0.0,0.0990179919603878
LR_a0p3_q0,0,5,100,0,0.0671429350434354,-0.0671429350434354,0.28031085375751347,0.7318089860993301,1.2217157668818017,1.4241256290030448,0.0,0.10266809539896947
LR_a0p3_q0,0,6,100,0,0.06186795717652917,-0.06186795717652917,0.31483448461129526,0.7122233603226376,1.2291842950316798,1.4206182267385552,0.0,0.09505523439166862
LR_a0p3_q0,0,7,100,0,0.0505462015880943,-0.0505462015880943,0.30682900096470206,0.6784986527169264,1.2269215292864164,1.4020331168575166,0.0,0.1006962298499074
LR_a0p3_q0,0,8,100,0,0.04815752984201879,-0.04815752984201879,0.30544702768567467,0.6937528812430814,1.2293444971694258,1.411588096065501,0.0,0.09911488383105638
LR_a0p3_q0,0,9,100,0,0.060098017549646394,-0.060098017549646394,0.30665651572536917,0.7202572566321502,1.2377982887703136,1.4321016442326948,0.0,0.10206279604236057
LR_a0p3_q0,200000,0,100,0,0.596880784162915,-0.596880784162915,7.2174211489424245,1.5646519096903786,1.2616200374497086,2.009930525513843,0.21371446379362033,0.6162877684770971
LR_a0p3_q0,200000,1,100,0,0.5951150434174426,-0.5951150434174426,8.375921567104388,1.5454869945556788,1.2511242413846966,1.9884269958238794,0.19369766557283352,0.5903238877500327
LR_a0p3_q0,200000,2,100,0,0.5073395416167658,-0.5073395416167658,6.324412689507937,1.2689392649331475,1.2078898982929442,1.751914628196025,0.1598823916166089,0.5748386892623549
LR_a0p3_q0,200000,3,100,0,0.6113233291539335,-0.6113233291539335,7.908634459611876,1.5905069238513163,1.1982070539476521,1.991334331283647,0.19217907705745846,0.6217724606446267
LR_a0p3_q0,200000,4,100,0,0.5222742232066725,-0.5222742232066725,7.5222649667234975,1.6175975756331442,1.2150247266710361,2.0230934242185286,0.214409122141504,0.6382222198608433
LR_a0p3_q0,200000,5,100,0,0.48769777345682896,-0.48769777345682896,6.990476793238072,1.4042988345311316,1.2402833360348344,1.8735949322922478,0.19499779600710382,0.5475450933030453
LR_a0p3_q0,200000,6,100,0,0.6068553665618669,-0.6068553665618669,6.5966338135704055,1.6157870966765902,1.275956350106748,2.0588425265581383,0.22004105328704116,0.6069866993599254
LR_a0p3_q0,200000,7,100,0,0.4075943480014486,-0.4075943480014486,6.388907995842257,1.3763790372073683,1.2362760774376373,1.850080483035393,0.1852304217956327,0.5735026386084976
LR_a0p3_q0,200000,8,100,0,0.5564575600463438,-0.5564575600463438,8.104843510609758,1.4743573257741152,1.227383135676939,1.9183844468218447,0.19837459941237093,0.6086321284954123
LR_a0p3_q0,200000,9,100,0,0.5500495581744118,-0.5500495581744118,6.884871957873561,1.7199324475816884,1.2743720234766864,2.140605446705301,0.21898873099235983,0.579768484264522
LR_a0p3_q0,1000000,0,100,0,0.6881045169230136,-0.6881045169230136,5.680137369506996,2.223858821925307,1.320219116805877,2.5862185863214857,0.3420537456340781,0.5517820300070105
LR_a0p3_q0,1000000,1,100,0,0.7310877068588267,-0.7310877068588267,6.985782164389383,2.2979482583018873,1.3783900142685246,2.6796502065135033,0.37987696714085256,0.5430260378914759
LR_a0p3_q0,1000000,2,100,0,0.7379342386421424,-0.7379342386421424,6.686869054245396,2.1218462114934975,1.3099526503104424,2.4936333514140885,0.34555965664654514,0.555326432774164
LR_a0p3_q0,1000000,3,100,0,0.5711446348159406,-0.5711446348159406,5.119145492324273,2.1973093652689966,1.3044840976315706,2.55535657153214,0.3491149297670508,0.5331500154723892
LR_a0p3_q0,1000000,4,100,0,0.6084126905734132,-0.6084126905734132,4.654266263806995,2.353804701835851,1.3013396859432662,2.6895876175717865,0.3114554406077121,0.536739267452699
LR_a0p3_q0,1000000,5,100,0,0.7452956637198055,-0.7452956637198055,5.325310335830122,2.0520988573717807,1.3165617188008831,2.4381231469797635,0.3656895575386972,0.5449220244723119
LR_a0p3_q0,1000000,6,100,0,0.5769982736867176,-0.5769982736867176,5.490154224914887,2.103112478238283,1.385154408814503,2.5182801338174885,0.3666943091337718,0.5630019024253688
LR_a0p3_q0,1000000,7,100,0,0.6303998893891913,-0.6303998893891913,5.353703639130087,2.1930035492796307,1.321233818539621,2.560258457735438,0.31907044851702715,0.5425742601039514
LR_a0p3_q0,1000000,8,100,0,0.6766799831248701,-0.6766799831248701,6.018613633353131,2.214911431996849,1.283329343919146,2.559837271498772,0.302630860886809,0.5531550608769052
LR_a0p3_q0,1000000,9,100,0,0.8653295341558116,-0.8653295341558116,6.347980404296399,2.299629590690012,1.3738303867018224,2.678750862958777,0.32415008473341317,0.5780432838891434
LR_a0p3_q0,5000000,0,100,0,0.7526877259787602,-0.7526877259787602,4.982419798726142,2.4145359295392406,1.4077725137899764,2.7949610383006194,0.4259562210226412,0.5362645166501631
LR_a0p3_q0,5000000,1,100,0,0.6504913640343686,-0.6504913640343686,4.820086863224418,2.4290781882071903,1.4311672917318552,2.819336918735861,0.43836911545104573,0.5063208855780984
LR_a0p3_q0,5000000,2,100,0,0.5903121246208032,-0.5903121246208032,4.6789730644622,2.3407165139312225,1.3651564974677772,2.709724351510468,0.34479684028938423,0.5008374396431206
LR_a0p3_q0,5000000,3,100,0,0.7191002569775918,-0.7191002569775918,5.331263062137478,2.374481463393931,1.302819750385914,2.708413100322216,0.3653018232592054,0.5278572674027117
LR_a0p3_q0,5000000,4,100,0,0.8211152121989427,-0.8211152121989427,6.755930915029638,2.4610832881463227,1.3982658364817289,2.8305614815200646,0.40880505650901483,0.5714318243249217
LR_a0p3_q0,5000000,5,100,0,0.5655340658715665,-0.5655340658715665,4.465502817487435,2.3577644313145325,1.3826778906212334,2.733285799689583,0.4434470425107579,0.4880622522523528
LR_a0p3_q0,5000000,6,100,0,0.7036870790357622,-0.7036870790357622,4.092853168670183,2.3914831312241933,1.3960009398875335,2.769117222346636,0.405620018497974,0.47364352633226414
LR_a0p3_q0,5000000,7,100,0,0.8443563201282608,-0.8443563201282608,5.105836061317622,2.4808824258522137,1.4186041286866187,2.8578340198179957,0.38372249962887245,0.511415204577274
LR_a0p3_q0,5000000,8,100,0,0.7265993585334647,-0.7265993585334647,5.219413729164077,2.41311449006128,1.3827557336815324,2.7812110601629763,0.38146376385677316,0.5080693553823965
LR_a0p3_q0,5000000,9,100,0,0.6096425900363855,-0.6096425900363855,4.582857304210506,2.390451824238863,1.4105300016039952,2.775581886637805,0.36349783111094314,0.505631440380203
LR_a0p3_qp05,0,0,100,0,0.051816622498020805,-0.051816622498020805,0.26310570442114417,0.7223637571689193,1.2455832527098163,1.43989132822667,0.0,0.09690787394070474
LR_a0p3_qp05,0,1,100,0,0.058489761350938446,-0.058489761350938446,0.30312592950440287,0.7127536716197848,1.2285323232037724,1.4203201982524725,0.0,0.09383858786956806
LR_a0p3_qp05,0,2,100,0,0.058212315770123334,-0.058212315770123334,0.2889066382274724,0.6951739093373812,1.2010048801020374,1.3876885407944848,0.0,0.09725408151334809
LR_a0p3_qp05,0,3,100,0,0.05978869729837637,-0.05978869729837637,0.30415314276356853,0.7019225972385063,1.2113071717149355,1.3999858559150113,0.0,0.09900362643730118
LR_a0p3_qp05,0,4,100,0,0.059297182464849246,-0.059297182464849246,0.310946420794589,0.6889504467660764,1.2193316805651104,1.4005079311910063,0.0,0.0990179919603878
LR_a0p3_qp05,0,5,100,0,0.0671429350434354,-0.0671429350434354,0.2803108537575135,0.7318089860993301,1.2217157668818017,1.4241256290030448,0.0,0.10266809539896947
LR_a0p3_qp05,0,6,100,0,0.06186795717652917,-0.06186795717652917,0.31483448461129543,0.7122233603226376,1.2291842950316798,1.4206182267385552,0.0,0.09505523439166862
LR_a0p3_qp05,0,7,100,0,0.0505462015880943,-0.0505462015880943,0.30682900096470206,0.6784986527169264,1.2269215292864164,1.4020331168575166,0.0,0.1006962298499074
LR_a0p3_qp05,0,8,100,0,0.04815752984201879,-0.04815752984201879,0.3054470276856747,0.6937528812430814,1.2293444971694258,1.411588096065501,0.0,0.09911488383105638
LR_a0p3_qp05,0,9,100,0,0.060098017549646394,-0.060098017549646394,0.3066565157253691,0.7202572566321502,1.2377982887703136,1.4321016442326948,0.0,0.10206279604236057
LR_a0p3_qp05,200000,0,100,0,0.6148876726343575,-0.6148876726343575,9.702747518463138,1.659572073098558,1.3133482262105698,2.116379698706991,0.2412831193093782,0.6817753227533883
LR_a0p3_qp05,200000,1,100,0,0.5922070248017132,-0.5922070248017132,8.346094763357247,1.6649760090140409,1.3315634162419911,2.1319489304545653,0.2703099485603117,0.5769574307830967
LR_a0p3_qp05,200000,2,100,0,0.4444850557218432,-0.4444850557218432,7.574670909372602,1.3597512802411948,1.2498219786189966,1.8468834620399501,0.20403210641363964,0.6397190629152516
LR_a0p3_qp05,200000,3,100,0,0.566140434437965,-0.566140434437965,9.490084555011583,1.7385653721216772,1.257978581014194,2.1459542547386863,0.24902958482037157,0.6019281388520223
LR_a0p3_qp05,200000,4,100,0,0.4303999580744027,-0.4303999580744027,8.660487208155526,1.736341935481012,1.3127718552249055,2.176752916796159,0.30426522242733745,0.5539991930942353
LR_a0p3_qp05,200000,5,100,0,0.5234988276547305,-0.5234988276547305,7.137750028530745,1.5229967143656973,1.293525844669599,1.9981811986896758,0.2500161677340456,0.5946137679935171
LR_a0p3_qp05,200000,6,100,0,0.5908975113979921,-0.5908975113979921,9.06340266282631,1.8110121930952587,1.35655258663644,2.2627417183252967,0.2930325107890938,0.5910613698443664
LR_a0p3_qp05,200000,7,100,0,0.36741775727865017,-0.36741775727865017,6.636369252274068,1.4688328381457871,1.2952947824445757,1.9583815970958136,0.22756960138740104,0.5206392011206166
LR_a0p3_qp05,200000,8,100,0,0.5232820598741948,-0.5232820598741948,9.503866565124932,1.5968582378446161,1.2947281458632032,2.0557911380932112,0.26780597774424825,0.5991911453381297
LR_a0p3_qp05,200000,9,100,0,0.6562927464893014,-0.6562927464893014,9.910075302776796,1.8799396090184137,1.362924668750964,2.322011323453491,0.28853292585268714,0.6084223559759605
LR_a0p3_qp05,1000000,0,100,0,0.6674723472472978,-0.6674723472472978,6.0676834018488215,2.5058012639421148,1.4274345352969628,2.883853208284423,0.4043889960560294,0.5133047670056476
LR_a0p3_qp05,1000000,1,100,0,0.7350793996822896,-0.7350793996822896,7.703151934996259,2.5919842295083253,1.581927147272111,3.036589492390492,0.4958055411983485,0.5933596036810335
LR_a0p3_qp05,1000000,2,100,0,0.6992742931875878,-0.6992742931875878,6.900521806209182,2.3612940387514514,1.4142829795234892,2.7524363541439025,0.40889124023088785,0.5703059841836284
LR_a0p3_qp05,1000000,3,100,0,0.6118244726602053,-0.6118244726602053,6.050965189344397,2.4856265506737616,1.3892501021420247,2.847517374085006,0.40685688095839156,0.5207944867168104
LR_a0p3_qp05,1000000,4,100,0,0.6548383532265036,-0.6548383532265036,5.753358247624935,2.6444207062768363,1.4222031316455992,3.002602640951385,0.41578497311150414,0.5205566540547841
LR_a0p3_qp05,1000000,5,100,0,0.7206389165234804,-0.7206389165234804,8.643351396038735,2.343652971385716,1.4850969996935692,2.7745670560979305,0.45103352174008243,0.6283487188154822
LR_a0p3_qp05,1000000,6,100,0,0.6488443168103218,-0.6488443168103218,7.589042618842304,2.4119499313224013,1.5074897900858584,2.844297441973895,0.43721648263140395,0.5664741903939549
LR_a0p3_qp05,1000000,7,100,0,0.7552193582332803,-0.7552193582332803,6.601097077059761,2.4328452931623366,1.5046280546653101,2.8605317343717847,0.4292299353129724,0.5598393591230372
LR_a0p3_qp05,1000000,8,100,0,0.6766202430423361,-0.6766202430423361,7.562847061631039,2.5116145197802733,1.4502985638682466,2.9002712666799617,0.4397373161021198,0.5709876336266566
LR_a0p3_qp05,1000000,9,100,0,0.993831302076042,-0.993831302076042,8.777931984068202,2.629324325039325,1.5049380072770584,3.029551916041471,0.40707174469825436,0.6012859918745564
LR_a0p3_qp05,5000000,0,100,0,0.7283824532841692,-0.7283824532841692,5.881895389538355,2.7535473406905493,1.565830538402176,3.1676250144890643,0.5135365193100065,0.5240798538062844
LR_a0p3_qp05,5000000,1,100,0,0.6945147595956115,-0.6945147595956115,6.87233233820179,2.738900869124459,1.6120565041720474,3.1780975667109597,0.5881045372797028,0.5333600535155728
LR_a0p3_qp05,5000000,2,100,0,0.5423853617289258,-0.5423853617289258,6.464054177830492,2.676994955278511,1.4585578943117017,3.048555907580765,0.4187927058995054,0.5010620030001988
LR_a0p3_qp05,5000000,3,100,0,0.7585138254372029,-0.7585138254372029,6.819090364618779,2.678119601187287,1.5200749184543814,3.0794402666682217,0.48250401903627005,0.5345477764968168
LR_a0p3_qp05,5000000,4,100,0,0.9340589951728612,-0.9340589951728612,9.421663911233283,2.7737609687107003,1.5551527322520595,3.1799764043423293,0.5338121230412055,0.5455095605349167
LR_a0p3_qp05,5000000,5,100,0,0.6837148508138013,-0.6837148508138013,5.151234155394556,2.693758603174128,1.5198664170493568,3.0929483244711795,0.5069156704436847,0.4956075581769052
LR_a0p3_qp05,5000000,6,100,0,0.8121770092988947,-0.8121770092988947,5.526392222893201,2.761638692091108,1.6068763521514071,3.1951056127705857,0.51636292788213,0.5278792809834557
LR_a0p3_qp05,5000000,7,100,0,0.8431378138326224,-0.8431378138326224,6.721965560322115,2.7905268704328674,1.56222584922387,3.1980603212871226,0.5060133870199172,0.5202517503933368
LR_a0p3_qp05,5000000,8,100,0,0.772538805698264,-0.772538805698264,6.141246099336735,2.796747005280672,1.5098909876609121,3.178295865108542,0.504027542478751,0.5489732478427641
LR_a0p3_qp05,5000000,9,100,0,0.7248577893513917,-0.7248577893513917,7.100122886844249,2.732681064741126,1.6476400587461084,3.1909659297428385,0.4939847063558128,0.5479950302566969
LR_a0p7_qm05,0,0,100,0,0.06655977190027938,-0.06655977190027938,0.3246332601041845,0.7223637571689193,1.2455832527098163,1.43989132822667,0.0,0.09690787394070474
LR_a0p7_qm05,0,1,100,0,0.06965735540834653,-0.06965735540834653,0.3441535791935549,0.7127536716197848,1.2285323232037724,1.4203201982524725,0.0,0.09383858786956806
LR_a0p7_qm05,0,2,100,0,0.0700830953380578,-0.0700830953380578,0.3441315228476818,0.6951739093373812,1.2010048801020374,1.3876885407944848,0.0,0.09725408151334809
LR_a0p7_qm05,0,3,100,0,0.07505717886414344,-0.07505717886414344,0.34252248401765145,0.7019225972385063,1.2113071717149355,1.3999858559150113,0.0,0.09900362643730118
LR_a0p7_qm05,0,4,100,0,0.07036981954605456,-0.07036981954605456,0.35816021481494803,0.6889504467660764,1.2193316805651104,1.4005079311910063,0.0,0.0990179919603878
LR_a0p7_qm05,0,5,100,0,0.08363498039639194,-0.08363498039639194,0.34518101205236995,0.7318089860993301,1.2217157668818017,1.4241256290030448,0.0,0.10266809539896947
LR_a0p7_qm05,0,6,100,0,0.07124751437866089,-0.07124751437866089,0.34619712221476445,0.7122233603226376,1.2291842950316798,1.4206182267385552,0.0,0.09505523439166862
LR_a0p7_qm05,0,7,100,0,0.06571241986879556,-0.06571241986879556,0.3641016660040626,0.6784986527169264,1.2269215292864164,1.4020331168575166,0.0,0.1006962298499074
LR_a0p7_qm05,0,8,100,0,0.06143975785078514,-0.06143975785078514,0.35291925982111,0.6937528812430814,1.2293444971694258,1.411588096065501,0.0,0.09911488383105638
LR_a0p7_qm05,0,9,100,0,0.0785788903937375,-0.0785788903937375,0.36466487213513443,0.7202572566321502,1.2377982887703136,1.4321016442326948,0.0,0.10206279604236057
LR_a0p7_qm05,200000,0,100,0,0.3705613111096294,-0.3705613111096294,5.256493372756373,1.2609754311848662,1.1662587284918013,1.7176199986711767,0.16117833893190084,0.28279796815808184
LR_a0p7_qm05,200000,1,100,0,0.1710611335822042,-0.1710611335822042,1.8483739956825282,1.0933477858672604,1.191214720372836,1.6169112192367814,0.1496255007257786,0.16722963122645604
LR_a0p7_qm05,200000,2,100,0,0.2789317252341008,-0.2789317252341008,2.6392272288659635,1.223028731723483,1.144381876297591,1.6749355681397256,0.14526099638174506,0.2192256367233489
LR_a0p7_qm05,200000,3,100,0,0.2637152431851382,-0.2637152431851382,3.6292226555189746,1.0623993012263724,1.1362338060394104,1.5555447718510353,0.15493561628578384,0.23396143879352926
LR_a0p7_qm05,200000,4,100,0,0.17862610852344168,-0.17862610852344168,2.9551992095593795,1.0740962901862823,1.1333900355055593,1.5614915347753975,0.15156951117761672,0.1938107898916506
LR_a0p7_qm05,200000,5,100,0,0.25676496445295455,-0.25676496445295455,2.574494067094548,1.1494191444677833,1.1609677685237187,1.633710662638888,0.17255870263557144,0.2038429486434662
LR_a0p7_qm05,200000,6,100,0,0.2454187394801054,-0.2454187394801054,3.850908094630102,1.1891069886164738,1.1615488290346512,1.6622788913441415,0.15819657712278032,0.21517376000754337
LR_a0p7_qm05,200000,7,100,0,0.16057811451525508,-0.16057811451525508,1.6384256247052225,1.1189149557303597,1.1615661077503119,1.6128256262942011,0.15614117096449232,0.16954616862143246
LR_a0p7_qm05,200000,8,100,0,0.24078209848663362,-0.24078209848663362,4.156489389903058,1.0620113006206753,1.1482550197647834,1.564083627259438,0.14975634119835907,0.22921769486195764
LR_a0p7_qm05,200000,9,100,0,0.2692162239323271,-0.2692162239323271,5.0417235342774775,1.1912280602228746,1.169387781777449,1.669278908880339,0.17601140097235338,0.23527046028939663
LR_a0p7_qm05,1000000,0,100,0,0.4135735275696,-0.4135735275696,4.745971616704778,1.3875928602353522,0.9595157282749406,1.687034196032527,0.19287282138794806,0.26330519063444086
LR_a0p7_qm05,1000000,1,100,0,0.21767711386641,-0.21767711386641,2.3446023772008737,1.1396883314828077,0.9898419615217283,1.5095286024806713,0.17206636545708134,0.1792367204850143
LR_a0p7_qm05,1000000,2,100,0,0.3072766953936316,-0.3072766953936316,3.7554323084983845,1.2359607965854507,0.9607703482084786,1.5654643888293287,0.1830557242849251,0.23117913670582013
LR_a0p7_qm05,1000000,3,100,0,0.24759976154219765,-0.24759976154219765,4.255970774826708,1.193841987048531,0.932145159734182,1.5146462586544254,0.1814407968211562,0.22732601526329005
LR_a0p7_qm05,1000000,4,100,0,0.15920201677498735,-0.15920201677498735,3.1350574654999006,1.1600792267051034,0.9233967799146701,1.4827155578159597,0.16133528586992904,0.17211635121680605
LR_a0p7_qm05,1000000,5,100,0,0.3739549063876965,-0.3739549063876965,3.203044278467014,1.3423274750754897,0.989167104600737,1.6674215457306363,0.20323004295973252,0.22835793007641014
LR_a0p7_qm05,1000000,6,100,0,0.274554659827891,-0.274554659827891,3.55102778322005,1.3722963149784706,0.9527883340198342,1.6706294578833993,0.18824837122506088,0.21891081993903452
LR_a0p7_qm05,1000000,7,100,0,0.23321929302311742,-0.23321929302311742,2.8874592193859168,1.1485851561942553,0.9782323397742169,1.5087035400004603,0.21691638971741078,0.18765127036598245
LR_a0p7_qm05,1000000,8,100,0,0.22804214152580357,-0.22804214152580357,5.3252107529881965,1.0542513465491707,0.9423662274562484,1.414036777580718,0.1554833861814576,0.23385819207643022
LR_a0p7_qm05,1000000,9,100,0,0.36085296527322336,-0.36085296527322336,3.654238246309118,1.150187038525672,1.0110702711489035,1.5314024019811296,0.22006716602923898,0.22583817876268347
LR_a0p7_qm05,5000000,0,100,0,0.29278126814192706,-0.29278126814192706,4.160357888722006,1.1236266705611004,0.6001386853409852,1.273853734319223,0.22418034375650506,0.2127746522516533
LR_a0p7_qm05,5000000,1,100,0,0.25735420127228764,-0.25735420127228764,6.4085661977723065,1.1734365055061164,0.5577424307583787,1.2992420296167573,0.16980447754863248,0.25535294589092206
LR_a0p7_qm05,5000000,2,100,0,0.32005372301419655,-0.32005372301419655,5.578761664455673,1.1562328372381643,0.5681681484628499,1.2882893381672915,0.18302917658158216,0.26630448181260646
LR_a0p7_qm05,5000000,3,100,0,0.13094965192526767,-0.13094965192526767,1.4090627530466688,1.0613983151875614,0.5581972294069836,1.1992291400731665,0.2081123934039991,0.11416625665368398
LR_a0p7_qm05,5000000,4,100,0,0.2101723982401507,-0.2101723982401507,4.258104452704648,1.1235021712080167,0.6266243215743647,1.2864350621378682,0.18427356230696823,0.19348145106949316
LR_a0p7_qm05,5000000,5,100,0,0.281421347389861,-0.281421347389861,4.180262078327455,1.2619032362914282,0.590985263378391,1.3934358109698508,0.21345540521861928,0.21130818575711102
LR_a0p7_qm05,5000000,6,100,0,0.3035873494957506,-0.3035873494957506,4.420954236704954,1.3504808259322598,0.6237228227646828,1.4875579386525497,0.2178526355090578,0.2158860902479528
LR_a0p7_qm05,5000000,7,100,0,0.2509177985109859,-0.2509177985109859,3.7590101939911484,1.1263567491465485,0.5565740397079888,1.2563654675391436,0.23463365606281036,0.20086954284816919
LR_a0p7_qm05,5000000,8,100,0,0.29348041406321135,-0.29348041406321135,5.03256296155432,1.2338918099026086,0.5912146870248038,1.3682192093003855,0.1936608186150606,0.22690927778750936
LR_a0p7_qm05,5000000,9,100,0,0.32814315853800674,-0.32814315853800674,6.515268560363715,1.1982131311107116,0.6177252060484018,1.3480723785293116,0.23153470013326796,0.25674668556643926
LR_a0p7_q0,0,0,100,0,0.06655977190027938,-0.06655977190027938,0.3246332601041845,0.7223637571689193,1.2455832527098163,1.43989132822667,0.0,0.09690787394070474
LR_a0p7_q0,0,1,100,0,0.06965735540834653,-0.06965735540834653,0.34415357919355494,0.7127536716197848,1.2285323232037724,1.4203201982524725,0.0,0.09383858786956806
LR_a0p7_q0,0,2,100,0,0.0700830953380578,-0.0700830953380578,0.3441315228476818,0.6951739093373812,1.2010048801020374,1.3876885407944848,0.0,0.09725408151334809
LR_a0p7_q0,0,3,100,0,0.07505717886414344,-0.07505717886414344,0.34252248401765145,0.7019225972385063,1.2113071717149355,1.3999858559150113,0.0,0.09900362643730118
LR_a0p7_q0,0,4,100,0,0.07036981954605456,-0.07036981954605456,0.35816021481494803,0.6889504467660764,1.2193316805651104,1.4005079311910063,0.0,0.0990179919603878
LR_a0p7_q0,0,5,100,0,0.08363498039639194,-0.08363498039639194,0.34518101205236995,0.7318089860993301,1.2217157668818017,1.4241256290030448,0.0,0.10266809539896947
LR_a0p7_q0,0,6,100,0,0.07124751437866089,-0.07124751437866089,0.34619712221476434,0.7122233603226376,1.2291842950316798,1.4206182267385552,0.0,0.09505523439166862
LR_a0p7_q0,0,7,100,0,0.06571241986879556,-0.06571241986879556,0.36410166600406246,0.6784986527169264,1.2269215292864164,1.4020331168575166,0.0,0.1006962298499074
LR_a0p7_q0,0,8,100,0,0.06143975785078514,-0.06143975785078514,0.35291925982111005,0.6937528812430814,1.2293444971694258,1.411588096065501,0.0,0.09911488383105638
LR_a0p7_q0,0,9,100,0,0.0785788903937375,-0.0785788903937375,0.36466487213513443,0.7202572566321502,1.2377982887703136,1.4321016442326948,0.0,0.10206279604236057
LR_a0p7_q0,200000,0,100,0,0.43047070433781587,-0.43047070433781587,4.963425525495893,1.349941599503952,1.1736113129675185,1.7887721587716616,0.16757222133262503,0.30850221561234836
LR_a0p7_q0,200000,1,100,0,0.2658344913318375,-0.2658344913318375,2.1366942995844154,1.2274943489649663,1.1863506176981187,1.7070940703000623,0.14988537044058473,0.2104553357813484
LR_a0p7_q0,200000,2,100,0,0.29784669534181574,-0.29784669534181574,2.482643023311966,1.2357597996305327,1.1408495692956582,1.6818561240917675,0.14556733455369197,0.23451661230697313
LR_a0p7_q0,200000,3,100,0,0.3056516021349177,-0.3056516021349177,4.290705170932114,1.174220417701288,1.1287814268113927,1.6287851604373584,0.1680944957665322,0.2546283341570169
LR_a0p7_q0,200000,4,100,0,0.22057269408477517,-0.22057269408477517,2.26219230770142,1.1851196036621117,1.1238638989970862,1.6332723405645408,0.15335610507288128,0.2212605146557536
LR_a0p7_q0,200000,5,100,0,0.3203670851240767,-0.3203670851240767,2.50949795255035,1.2223271740626744,1.1607313005895696,1.6856396034207306,0.1789533756108778,0.23347122811970475
LR_a0p7_q0,200000,6,100,0,0.29559233001100815,-0.29559233001100815,3.452684023186175,1.2917449475292484,1.1532786820263274,1.731662994893557,0.15176787446479198,0.24902429656668254
LR_a0p7_q0,200000,7,100,0,0.20028474703873514,-0.20028474703873514,2.4781970948366046,1.166585997901813,1.1465855271485228,1.635720410573587,0.1418215613565147,0.21246545641509013
LR_a0p7_q0,200000,8,100,0,0.3023526874787876,-0.3023526874787876,2.9072294502214744,1.1459449233528065,1.1417179955709196,1.6176247243314958,0.16660985071122594,0.25714154387782406
LR_a0p7_q0,200000,9,100,0,0.33974387385783344,-0.33974387385783344,3.5451337862803936,1.2844666854772486,1.1632095360434151,1.7328909633451395,0.1677807127142303,0.2636596049287014
LR_a0p7_q0,1000000,0,100,0,0.46073054629731475,-0.46073054629731475,4.301683697247114,1.4923199304344241,0.9860884993972305,1.788683678970456,0.19597429723161142,0.2981697343776146
LR_a0p7_q0,1000000,1,100,0,0.3389895705234145,-0.3389895705234145,2.748514142933697,1.3582732791443033,1.002275565106776,1.6880351327053373,0.20018161076221397,0.23669035460760365
LR_a0p7_q0,1000000,2,100,0,0.3667680814493261,-0.3667680814493261,3.7259572430605266,1.3862854945263976,0.9726702714136537,1.6934801236584411,0.18844878467357082,0.2610064877866049
LR_a0p7_q0,1000000,3,100,0,0.3122610828043399,-0.3122610828043399,3.178978164512455,1.3082809143558747,0.9240415857121211,1.6017027823517118,0.1754049087579061,0.2531938862604721
LR_a0p7_q0,1000000,4,100,0,0.3025742744888635,-0.3025742744888635,3.1750565034957177,1.3371522533680986,0.9337365202150821,1.6309016027555905,0.17947377646484333,0.26293065099548096
LR_a0p7_q0,1000000,5,100,0,0.4152369409799191,-0.4152369409799191,3.1147423685373328,1.4326218439441143,1.0060512454879202,1.750584032914053,0.21796598204242137,0.26134865130329127
LR_a0p7_q0,1000000,6,100,0,0.3211014784777671,-0.3211014784777671,3.5594304176494402,1.4380231590481025,0.9812230381972584,1.740893235281171,0.19375214977724523,0.2563048451788218
LR_a0p7_q0,1000000,7,100,0,0.32842772618734917,-0.32842772618734917,2.4259187304035623,1.292859918057518,0.9776313874971928,1.6208793593415205,0.19729720118262373,0.22927496897757624
LR_a0p7_q0,1000000,8,100,0,0.38482122185925277,-0.38482122185925277,4.4396003963241935,1.2703606093640483,0.9464427527250073,1.584162227175451,0.18271979118446988,0.28818979763216535
LR_a0p7_q0,1000000,9,100,0,0.5032256205850821,-0.5032256205850821,3.2159982226142114,1.3291587889801124,1.0439610664844368,1.6901236033670441,0.2376111913621896,0.25793169598079835
LR_a0p7_q0,5000000,0,100,0,0.35017773173877775,-0.35017773173877775,3.7392564142968867,1.2980328720988519,0.6564915906725199,1.4546032262005093,0.24484624139912,0.2368100255697095
LR_a0p7_q0,5000000,1,100,0,0.29098886153827924,-0.29098886153827924,6.696687455756185,1.3181449979874411,0.6252041238017428,1.4588990479598019,0.16817308138761938,0.2776281492352649
LR_a0p7_q0,5000000,2,100,0,0.3699116024227505,-0.3699116024227505,3.3708880132040555,1.3262082046246175,0.61212367515922,1.4606586170984928,0.19319095915123322,0.2805600608315901
LR_a0p7_q0,5000000,3,100,0,0.2545712918700187,-0.2545712918700187,2.192111183845626,1.2542478219280542,0.5820175021689278,1.3827082019147154,0.21348604496847406,0.19877185447454984
LR_a0p7_q0,5000000,4,100,0,0.34051328381840806,-0.34051328381840806,4.431769050414674,1.3116479651671293,0.6241919210181616,1.45259627522289,0.20978068652269297,0.24373886567791084
LR_a0p7_q0,5000000,5,100,0,0.3608507407641802,-0.3608507407641802,4.383152855488969,1.4023552602425409,0.6456838194603335,1.5438613508481938,0.1951835821373137,0.26468375663165844
LR_a0p7_q0,5000000,6,100,0,0.35193028529433545,-0.35193028529433545,3.152013761052811,1.4644411526511114,0.6472266029223293,1.6010903051072711,0.1923967948247903,0.24427516322817228
LR_a0p7_q0,5000000,7,100,0,0.3808576478379064,-0.3808576478379064,3.240646073131865,1.3357169495670866,0.6060445207720739,1.4667752828973688,0.18349713745378324,0.2672346456156781
LR_a0p7_q0,5000000,8,100,0,0.3915907629585138,-0.3915907629585138,3.4232597882525484,1.3911254129735617,0.6278140486418852,1.5262307801551436,0.1999476012747708,0.25348794161749094
LR_a0p7_q0,5000000,9,100,0,0.4043375866341218,-0.4043375866341218,4.587135168187744,1.3437443557317275,0.6465660487150563,1.4912064072125881,0.22594653779507454,0.28366294532737185
LR_a0p7_qp05,0,0,100,0,0.06655977190027938,-0.06655977190027938,0.32463326010418464,0.7223637571689193,1.2455832527098163,1.43989132822667,0.0,0.09690787394070474
LR_a0p7_qp05,0,1,100,0,0.06965735540834653,-0.06965735540834653,0.344153579193555,0.7127536716197848,1.2285323232037724,1.4203201982524725,0.0,0.09383858786956806
LR_a0p7_qp05,0,2,100,0,0.0700830953380578,-0.0700830953380578,0.3441315228476818,0.6951739093373812,1.2010048801020374,1.3876885407944848,0.0,0.09725408151334809
LR_a0p7_qp05,0,3,100,0,0.07505717886414344,-0.07505717886414344,0.34252248401765145,0.7019225972385063,1.2113071717149355,1.3999858559150113,0.0,0.09900362643730118
LR_a0p7_qp05,0,4,100,0,0.07036981954605456,-0.07036981954605456,0.35816021481494803,0.6889504467660764,1.2193316805651104,1.4005079311910063,0.0,0.0990179919603878
LR_a0p7_qp05,0,5,100,0,0.08363498039639194,-0.08363498039639194,0.34518101205236995,0.7318089860993301,1.2217157668818017,1.4241256290030448,0.0,0.10266809539896947
LR_a0p7_qp05,0,6,100,0,0.07124751437866089,-0.07124751437866089,0.34619712221476445,0.7122233603226376,1.2291842950316798,1.4206182267385552,0.0,0.09505523439166862
LR_a0p7_qp05,0,7,100,0,0.06571241986879556,-0.06571241986879556,0.36410166600406246,0.6784986527169264,1.2269215292864164,1.4020331168575166,0.0,0.1006962298499074
LR_a0p7_qp05,0,8,100,0,0.06143975785078514,-0.06143975785078514,0.35291925982111,0.6937528812430814,1.2293444971694258,1.411588096065501,0.0,0.09911488383105638
LR_a0p7_qp05,0,9,100,0,0.0785788903937375,-0.0785788903937375,0.36466487213513443,0.7202572566321502,1.2377982887703136,1.4321016442326948,0.0,0.10206279604236057
LR_a0p7_qp05,200000,0,100,0,0.408372102590768,-0.408372102590768,6.355407220749548,1.3392065663070944,1.1989192733561376,1.7974653407687302,0.1742323071302916,0.2977319452447307
LR_a0p7_qp05,200000,1,100,0,0.27299618986355534,-0.27299618986355534,3.7841993957250226,1.2418386703924504,1.2264022982114913,1.7453440578695414,0.18550560028895147,0.21180258513009753
LR_a0p7_qp05,200000,2,100,0,0.28115273796874146,-0.28115273796874146,3.0588862075687593,1.2994001109745872,1.161461396923952,1.7428233487491802,0.17065595752168972,0.23086458037108315
LR_a0p7_qp05,200000,3,100,0,0.2677388166689911,-0.2677388166689911,4.426728975179571,1.1698431471801416,1.1460557130176054,1.6376741697738992,0.19361538440358192,0.236267281210243
LR_a0p7_qp05,200000,4,100,0,0.17674106491983957,-0.17674106491983957,3.8584572648143745,1.190600737364986,1.1504757837305428,1.6556342122475165,0.18074634801539124,0.19940232342847158
LR_a0p7_qp05,200000,5,100,0,0.2730198402682987,-0.2730198402682987,3.1200337725308507,1.2016075251112197,1.1942912111197972,1.6941641423905485,0.20892668993703217,0.2197198072584404
LR_a0p7_qp05,200000,6,100,0,0.28543876103819316,-0.28543876103819316,4.4588207496259535,1.2737118934465443,1.1849069202562135,1.739639732007247,0.1883466791659,0.24031851025849668
LR_a0p7_qp05,200000,7,100,0,0.16597552009463631,-0.16597552009463631,2.0406140457322643,1.154701206580662,1.1679222645503968,1.6423694141426783,0.1631347499932605,0.18516212533851026
LR_a0p7_qp05,200000,8,100,0,0.2647507739669996,-0.2647507739669996,3.87696620606575,1.1517766635148772,1.171677245869326,1.6429902772400669,0.19448870180991498,0.23505618045993912
LR_a0p7_qp05,200000,9,100,0,0.20625856571613205,-0.20625856571613205,4.477896386691234,1.1051081985816193,1.178860070210864,1.6158512294483904,0.174343903095745,0.2056131193809607
LR_a0p7_qp05,1000000,0,100,0,0.43005438288385334,-0.43005438288385334,5.901392371202282,1.5191555906171144,1.0074988131714733,1.8228789227606865,0.2084263619714524,0.30164847628613445
LR_a0p7_qp05,1000000,1,100,0,0.2572713368026639,-0.2572713368026639,3.1485422083566332,1.2779966519075467,1.0309528365008018,1.6419924461994178,0.24169047988763456,0.2069414418438444
LR_a0p7_qp05,1000000,2,100,0,0.2659461209382055,-0.2659461209382055,3.770458545282486,1.339000546378418,0.9914852841595624,1.666122904202049,0.21189715088266747,0.20444134172932604
LR_a0p7_qp05,1000000,3,100,0,0.26313039238300534,-0.26313039238300534,4.398145920580989,1.3151550709864002,0.9575913661768168,1.626841751774777,0.20542652485607488,0.23941564472642915
LR_a0p7_qp05,1000000,4,100,0,0.30313999253420737,-0.30313999253420737,3.850626993513971,1.3254735833590061,0.969684926682467,1.6423060242286591,0.2310584174405597,0.2509496564860995
LR_a0p7_qp05,1000000,5,100,0,0.41983348745382815,-0.41983348745382815,3.9755187661917866,1.480138030794466,1.0576113568841599,1.8191619972983364,0.27392086715914177,0.2525760353863738
LR_a0p7_qp05,1000000,6,100,0,0.2761396166781863,-0.2761396166781863,3.973677483110447,1.4098203917901306,1.0098092611305094,1.7341592432565769,0.24082220639816557,0.22208798229481266
LR_a0p7_qp05,1000000,7,100,0,0.2694132005983452,-0.2694132005983452,3.300531152287946,1.27709285590423,1.0205227809836228,1.6347577524233277,0.23501122036575584,0.21669231982569254
LR_a0p7_qp05,1000000,8,100,0,0.40436235874076515,-0.40436235874076515,5.425914049554858,1.2901690240613708,0.9990492442554344,1.6317584083113605,0.23909683567949272,0.2860707883741188
LR_a0p7_qp05,1000000,9,100,0,0.4713128761378019,-0.4713128761378019,4.550046088267112,1.2823042992687426,1.0683914878815675,1.6690610196457438,0.25882817317690254,0.2458569041941358
LR_a0p7_qp05,5000000,0,100,0,0.25606815983503206,-0.25606815983503206,3.8974955175228816,1.2491848491332433,0.5981538832379159,1.385009334025097,0.22857127103506034,0.22566181409278208
LR_a0p7_qp05,5000000,1,100,0,0.23949952387967713,-0.23949952387967713,6.713856093939605,1.2673635525137745,0.6105251516656474,1.4067520517336014,0.24926901327811204,0.25446917027167604
LR_a0p7_qp05,5000000,2,100,0,0.36339556767757225,-0.36339556767757225,5.594791980151302,1.3856897706530695,0.6561149599790962,1.5331741522739442,0.23060918474153594,0.2729417879437653
LR_a0p7_qp05,5000000,3,100,0,0.1770401399305139,-0.1770401399305139,2.50794145973465,1.2283106627335945,0.594407632244997,1.3645759478519859,0.2413945352620264,0.1603467059655087
LR_a0p7_qp05,5000000,4,100,0,0.3664538073965693,-0.3664538073965693,5.650351356129674,1.3265319451452875,0.6609467692051431,1.482072074230419,0.2599194679999709,0.25476919839771534
LR_a0p7_qp05,5000000,5,100,0,0.3682479999207465,-0.3682479999207465,5.944854973696204,1.4312553454232126,0.7021896651023289,1.594227772176561,0.29847320954409917,0.2780975123899451
LR_a0p7_qp05,5000000,6,100,0,0.3048558291137769,-0.3048558291137769,4.957114521803954,1.4619039250502281,0.6501815386103393,1.5999684744478473,0.25971144573258037,0.23497759508374053
LR_a0p7_qp05,5000000,7,100,0,0.2684657595133479,-0.2684657595133479,4.199944223168648,1.128256400932887,0.6180624575116255,1.2864539275198865,0.20760433263211678,0.2255093012293914
LR_a0p7_qp05,5000000,8,100,0,0.3183341430715162,-0.3183341430715162,5.774267618995837,1.285432456421706,0.6524764706617636,1.4415485232171592,0.2695354940356565,0.2332091734798185
LR_a0p7_qp05,5000000,9,100,0,0.35253413158380126,-0.35253413158380126,5.682377474739426,1.2790080134096053,0.6776505973668444,1.4474362958270828,0.26035517280514775,0.2533586412664736
LIN_q0,0,0,100,0,0.07850737721783252,-0.07850737721783252,0.3841315212048989,0.7223637571689193,1.2455832527098163,1.43989132822667,0.0,0.09690787394070474
LIN_q0,0,1,100,0,0.079087256366355,-0.079087256366355,0.3841277848802643,0.7127536716197848,1.2285323232037724,1.4203201982524725,0.0,0.09383858786956806
LIN_q0,0,2,100,0,0.08002234349421351,-0.08002234349421351,0.39805016199771254,0.6951739093373812,1.2010048801020374,1.3876885407944848,0.0,0.09725408151334809
LIN_q0,0,3,100,0,0.08743160151036665,-0.08743160151036665,0.3822394042334778,0.7019225972385063,1.2113071717149355,1.3999858559150113,0.0,0.09900362643730118
LIN_q0,0,4,100,0,0.0794020303524834,-0.0794020303524834,0.40471273907668126,0.6889504467660764,1.2193316805651104,1.4005079311910063,0.0,0.0990179919603878
LIN_q0,0,5,100,0,0.09718087857313341,-0.09718087857313341,0.407582009526006,0.7318089860993301,1.2217157668818017,1.4241256290030448,0.0,0.10266809539896947
LIN_q0,0,6,100,0,0.07918268772313314,-0.07918268772313314,0.37636901900934916,0.7122233603226376,1.2291842950316798,1.4206182267385552,0.0,0.09505523439166862
LIN_q0,0,7,100,0,0.07809213277607142,-0.07809213277607142,0.4195181135384972,0.6784986527169264,1.2269215292864164,1.4020331168575166,0.0,0.1006962298499074
LIN_q0,0,8,100,0,0.07233939496075954,-0.07233939496075954,0.4003327990377167,0.6937528812430814,1.2293444971694258,1.411588096065501,0.0,0.09911488383105638
LIN_q0,0,9,100,0,0.09356833122081104,-0.09356833122081104,0.4207005400696768,0.7202572566321502,1.2377982887703136,1.4321016442326948,0.0,0.10206279604236057
LIN_q0,200000,0,100,0,0.03991685161713891,-0.03991685161713891,0.2025106970415932,0.4705870960676083,1.1323611045731299,1.2262519668222447,0.14530372238778405,0.06640498887815777
LIN_q0,200000,1,100,0,0.04598308533065183,-0.04598308533065183,0.2575503784151805,0.3634713505795017,1.1312701319166387,1.1882270549262781,0.10351745442390203,0.07291810620416515
LIN_q0,200000,2,100,0,0.025778616159491993,-0.025778616159491993,0.1434399883847995,0.4232113728276967,1.0992480004117786,1.1779023866602858,0.12602915065204368,0.055713125248471815
LIN_q0,200000,3,100,0,0.01723260519285903,-0.01723260519285903,0.07160375881384316,0.405172620843128,1.094223906837276,1.166829383832581,0.14525920212874532,0.039771449163543214
LIN_q0,200000,4,100,0,0.0265799942700632,-0.0265799942700632,0.2015365119230304,0.4460934508832523,1.0960612477472227,1.1833636912353394,0.1415528600321509,0.06154950714133971
LIN_q0,200000,5,100,0,0.03226752367256205,-0.03226752367256205,0.2366830954083594,0.4082713238524603,1.114250049487643,1.1866923133919154,0.13585515379215657,0.06829112154227052
LIN_q0,200000,6,100,0,0.028630074589051837,-0.028630074589051837,0.14316407092529412,0.4417554740700456,1.1237096745364894,1.2074234267719646,0.12683615429580888,0.056903724344363305
LIN_q0,200000,7,100,0,0.021254294226955364,-0.021254294226955364,0.11391539841194719,0.4125917735798455,1.1226919022181603,1.1961057975496956,0.1299216872674862,0.048897252565637074
LIN_q0,200000,8,100,0,0.021117131252195418,-0.021117131252195418,0.061825620706425964,0.4145754455147479,1.1093477633734439,1.1842825930179899,0.13425091704577274,0.036145008280803935
LIN_q0,200000,9,100,0,0.02978386604478823,-0.02978386604478823,0.13057745549657926,0.43270471697880336,1.1286058033049091,1.208711889305812,0.1329694396468777,0.052484119719994844
LIN_q0,1000000,0,100,0,0.04431056738522276,-0.04431056738522276,0.17416585754983896,0.4500598261709987,0.8871723148741754,0.9948007656874177,0.1414085539001401,0.05944803190854213
LIN_q0,1000000,1,100,0,0.029604416036549418,-0.029604416036549418,0.1803701914533293,0.4510980063836964,0.876667918152024,0.9859188861566399,0.11600446496071348,0.06074763723414044
LIN_q0,1000000,2,100,0,0.02648482418539568,-0.02648482418539568,0.07844786639269062,0.4238107310416067,0.8501356128117026,0.9499189943972856,0.13174267015595728,0.040143010355256345
LIN_q0,1000000,3,100,0,0.047770174172397956,-0.047770174172397956,0.312733714804245,0.48653918585242206,0.8566067651537262,0.9851373150363704,0.12955669009911172,0.08406258167761331
LIN_q0,1000000,4,100,0,0.02068532264121979,-0.02068532264121979,0.1331721031297912,0.3757693975266225,0.8501375741655222,0.9294818637959319,0.14771986390449668,0.0502306813692004
LIN_q0,1000000,5,100,0,0.036409196932274575,-0.036409196932274575,0.12482956506875159,0.43224443678551333,0.8785534847849187,0.9791279174652053,0.15035876666448691,0.047556836363224816
LIN_q0,1000000,6,100,0,0.023112371079297516,-0.023112371079297516,0.1307488609512138,0.4332985705604751,0.8773745410141005,0.978536527917816,0.13891858584807956,0.05262544509747861
LIN_q0,1000000,7,100,0,0.07603066588950548,-0.07603066588950548,0.39373125854280305,0.48905296338340515,0.8914941738098966,1.0168257780618468,0.11259899009689943,0.08342306918702543
LIN_q0,1000000,8,100,0,0.030851361733039928,-0.030851361733039928,0.20117377655393967,0.43328738524931654,0.8536657726245115,0.9573312956165143,0.12032527384947357,0.06295479985252193
LIN_q0,1000000,9,100,0,0.10525298125058302,-0.10525298125058302,0.3690369301205279,0.5540676413161658,0.9136013247028346,1.0684841279365986,0.13343131280961026,0.08292981047871248
LIN_q0,5000000,0,100,0,0.04644897851672059,-0.04644897851672059,0.2335474182766817,0.4284317909819595,0.33840805934596757,0.5459613669064078,0.13432292600625567,0.06652787875425341
LIN_q0,5000000,1,100,0,0.03402185331476586,-0.03402185331476586,0.2394260848961869,0.4632805144538921,0.30679218733287117,0.5556530223810093,0.12132817732806551,0.06786473609861421
LIN_q0,5000000,2,100,0,0.0236283940782479,-0.0236283940782479,0.18792139619114226,0.358717260469661,0.29432017408995137,0.46400693727055187,0.13456195580438982,0.060535665609427525
LIN_q0,5000000,3,100,0,0.023008249292724766,-0.023008249292724766,0.15733517419532944,0.39552980607472543,0.2815388499094912,0.48549763284888314,0.122983545187323,0.05605172075291145
LIN_q0,5000000,4,100,0,0.028659143573392398,-0.028659143573392398,0.1688704700923118,0.4160627498445748,0.30398866885356823,0.515283730191041,0.13003984362756418,0.061430196267414756
LIN_q0,5000000,5,100,0,0.013787919946616782,-0.013787919946616782,0.09052354700322182,0.3550920179087585,0.3010681078439793,0.46554521449937386,0.13721123661335732,0.03918266938086948
LIN_q0,5000000,6,100,0,0.01881553746488836,-0.01881553746488836,0.07205740810620762,0.41957102735762863,0.3297555082159619,0.5336464580569268,0.10647450389778479,0.03752584865096776
LIN_q0,5000000,7,100,0,0.02565949933417741,-0.02565949933417741,0.13171837973133488,0.4147437126332882,0.325017261305185,0.5269236826288665,0.13249192007605745,0.04775478723560959
LIN_q0,5000000,8,100,0,0.03178140434056572,-0.03178140434056572,0.21993170766411077,0.4503838993988751,0.30397635164098064,0.5433666158264575,0.12472381186812173,0.0675597047771803
LIN_q0,5000000,9,100,0,0.03515617812481712,-0.03515617812481712,0.16508040891407177,0.4279826616671284,0.34986888058259424,0.5527905501071787,0.1280253187525219,0.052393736344960654
