geometry,seed,component,cov_eigenvalue
rgb32,300,1,57.60483024296814
rgb32,300,2,21.265622315074214
rgb32,300,3,13.592739648124235
rgb32,300,4,7.589091592190463
rgb32,300,5,7.087323203730173
rgb32,300,6,5.671477698735078
rgb32,300,7,5.20297147543222
rgb32,300,8,4.540949396590534
rgb32,300,9,3.8245875540494856
rgb32,300,10,2.962114881173396
rgb32,300,11,2.487322027155492
rgb32,300,12,2.154051493849247
rgb32,300,13,2.009782425654465
rgb32,300,14,1.9069992654604226
rgb32,300,15,1.7031796925940679
rgb32,300,16,1.5713464120729463
rgb32,300,17,1.5628062102406222
rgb32,300,18,1.4319033895689677
rgb32,300,19,1.3183952106688734
rgb32,300,20,1.2122382263371643
rgb32,300,21,1.1753986783503698
rgb32,300,22,1.1032270529892583
rgb32,300,23,1.0113770443125132
rgb32,300,24,1.00818721266115
rgb32,300,25,0.949573026076258
rgb32,300,26,0.9085105103572013
rgb32,300,27,0.8385669080815163
rgb32,300,28,0.7888156601264927
rgb32,300,29,0.765813874399246
rgb32,300,30,0.7517557051045534
rgb32,300,31,0.73442497755672
rgb32,300,32,0.6523242868188278
rgb32,300,33,0.6167081116102385
rgb32,300,34,0.5994895843998344
rgb32,300,35,0.5641876941466772
rgb32,300,36,0.5573285866415594
rgb32,300,37,0.5389871412136287
rgb32,300,38,0.5302457558222833
rgb32,300,39,0.505561466463423
rgb32,300,40,0.4777727282553808
rgb32,300,41,0.4740979980444071
rgb32,300,42,0.4459922098221875
rgb32,300,43,0.4437698510473973
rgb32,300,44,0.4323327286950505
rgb32,300,45,0.4221652602710934
rgb32,300,46,0.40477821935168423
rgb32,300,47,0.3984903841244576
rgb32,300,48,0.3876245171618093
rgb32,300,49,0.3825893388460964
rgb32,300,50,0.3742104220972392
rgb32,300,51,0.35919818905138984
rgb32,300,52,0.34599464480544806
rgb32,300,53,0.3425055899642204
rgb32,300,54,0.3405610592914942
rgb32,300,55,0.3284035659307616
rgb32,300,56,0.31883872558137927
rgb32,300,57,0.3177333299630514
rgb32,300,58,0.29932306911088113
rgb32,300,59,0.2969642082589314
rgb32,300,60,0.2864243409633614
rgb32,300,61,0.2824913272842604
rgb32,300,62,0.2768441211664603
rgb32,300,63,0.26756899141026874
rgb32,300,64,0.262971257212749
rgb32,300,65,0.2590875611337627
rgb32,300,66,0.2554452271854704
rgb32,300,67,0.24677504999424762
rgb32,300,68,0.24173383358114867
rgb32,300,69,0.23788910484756445
rgb32,300,70,0.23427418708791886
rgb32,300,71,0.23084500725785406
rgb32,300,72,0.22486196152810398
rgb32,300,73,0.2232269016623247
rgb32,300,74,0.22063444563549692
rgb32,300,75,0.21738660095476664
rgb32,300,76,0.21477046935096836
rgb32,300,77,0.21162860578706863
rgb32,300,78,0.2086954558703142
rgb32,300,79,0.20550541337922
rgb32,300,80,0.20258424049203083
rgb32,300,81,0.20030928817795796
rgb32,300,82,0.19369107290664084
rgb32,300,83,0.18973632922929615
rgb32,300,84,0.18806570288546684
rgb32,300,85,0.18657702268413126
rgb32,300,86,0.18310074092894987
rgb32,300,87,0.18286303197519532
rgb32,300,88,0.1810675802492564
rgb32,300,89,0.17742434273401014
rgb32,300,90,0.17510642967736173
rgb32,300,91,0.1696466856633603
rgb32,300,92,0.1675102576956576
rgb32,300,93,0.1643571695538184
rgb32,300,94,0.16217837126035387
rgb32,300,95,0.15883876287044418
rgb32,300,96,0.15819229529883294
rgb32,300,97,0.15529276204746661
rgb32,300,98,0.15436360626212972
rgb32,300,99,0.151900058085677
rgb32,300,100,0.14919781405681448
rgb32,300,101,0.14840294278224056
rgb32,300,102,0.14513966123828212
rgb32,300,103,0.14217276977942403
rgb32,300,104,0.13930222340721415
rgb32,300,105,0.1380478775937173
rgb32,300,106,0.13725073049043254
rgb32,300,107,0.1352002214715626
rgb32,300,108,0.13410670420168638
rgb32,300,109,0.130500814386539
rgb32,300,110,0.12882541192122385
rgb32,300,111,0.12784589079763747
rgb32,300,112,0.1272082037656352
rgb32,300,113,0.12456978867296142
rgb32,300,114,0.1229557124663564
rgb32,300,115,0.12293147990922217
rgb32,300,116,0.11993076504524396
rgb32,300,117,0.1183552615821322
rgb32,300,118,0.11718611826635839
rgb32,300,119,0.11607932281622385
rgb32,300,120,0.11481424865480318
rgb32,300,121,0.11417132386680297
rgb32,300,122,0.11167074912141557
rgb32,300,123,0.11129664634855632
rgb32,300,124,0.10933763395440833
rgb32,300,125,0.10765817985870448
rgb32,300,126,0.10600410426979694
rgb32,300,127,0.10479267644772874
rgb32,300,128,0.10272865824806843
rgb32,300,129,0.1024520569783377
rgb32,300,130,0.10077419622568536
rgb32,300,131,0.09930206746967536
rgb32,300,132,0.09840061753244364
rgb32,300,133,0.09748783964626624
rgb32,300,134,0.0972937542731555
rgb32,300,135,0.09595352715950785
rgb32,300,136,0.09503760470509467
rgb32,300,137,0.09410163777792342
rgb32,300,138,0.09206167325110262
rgb32,300,139,0.09179574648234941
rgb32,300,140,0.09092000048911693
rgb32,300,141,0.08946414375904922
rgb32,300,142,0.08881105646416294
rgb32,300,143,0.08815159349682519
rgb32,300,144,0.08699945742244257
rgb32,300,145,0.08654532215335183
rgb32,300,146,0.08583631339158752
rgb32,300,147,0.08510809146226324
rgb32,300,148,0.08324818956680131
rgb32,300,149,0.08266964860381741
rgb32,300,150,0.08191386255516458
rgb32,300,151,0.08137390521787026
rgb32,300,152,0.08047532446526372
rgb32,300,153,0.07993785979847624
rgb32,300,154,0.07894224928510855
rgb32,300,155,0.07843358474514164
rgb32,300,156,0.07731873024294883
rgb32,300,157,0.07688128920918173
rgb32,300,158,0.0757598357630183
rgb32,300,159,0.07463807655769375
rgb32,300,160,0.07427262583886303
rgb32,300,161,0.07360928639289663
rgb32,300,162,0.07328506306427832
rgb32,300,163,0.07139415900311452
rgb32,300,164,0.07108119656073938
rgb32,300,165,0.07042306398858411
rgb32,300,166,0.07006038918155334
rgb32,300,167,0.06963107548089326
rgb32,300,168,0.06911253933300725
rgb32,300,169,0.06859963655459861
rgb32,300,170,0.06803156995707967
rgb32,300,171,0.06785043095918437
rgb32,300,172,0.06607957590753105
rgb32,300,173,0.0659548323488353
rgb32,300,174,0.06525566847739753
rgb32,300,175,0.06461953365825744
rgb32,300,176,0.06383181766851316
rgb32,300,177,0.06378260893191906
rgb32,300,178,0.06298982451291284
rgb32,300,179,0.062499356852405
rgb32,300,180,0.06172646091997096
rgb32,300,181,0.06077361609898218
rgb32,300,182,0.06060213791021113
rgb32,300,183,0.06009507247572869
rgb32,300,184,0.059314038961415225
rgb32,300,185,0.059275384959407984
rgb32,300,186,0.05851359305268014
rgb32,300,187,0.05799634027028765
rgb32,300,188,0.05744871543267491
rgb32,300,189,0.0566747589397414
rgb32,300,190,0.056276721755757174
rgb32,300,191,0.05569646577295453
rgb32,300,192,0.05492285645781803
rgb32,300,193,0.05467573973454847
rgb32,300,194,0.054424082425306254
rgb32,300,195,0.054008191907309266
rgb32,300,196,0.05395951172351498
rgb32,300,197,0.05335469077498487
rgb32,300,198,0.05263881170640953
rgb32,300,199,0.05243122601173551
rgb32,300,200,0.05186843349146453
rgb32,300,201,0.05093477348944313
rgb32,300,202,0.05066284968280078
rgb32,300,203,0.05037069689221589
rgb32,300,204,0.04990360179330074
rgb32,300,205,0.049620576428880715
rgb32,300,206,0.04922725358118394
rgb32,300,207,0.04862832391368284
rgb32,300,208,0.048615248342195265
rgb32,300,209,0.04823668524619652
rgb32,300,210,0.047469564293305386
rgb32,300,211,0.04705901734640031
rgb32,300,212,0.046378780057248645
rgb32,300,213,0.04622760850696354
rgb32,300,214,0.04612006165761845
rgb32,300,215,0.04586551657364197
rgb32,300,216,0.04568553482087859
rgb32,300,217,0.04524003008250862
rgb32,300,218,0.04487097320620374
rgb32,300,219,0.04458725392644483
rgb32,300,220,0.04420506253541982
rgb32,300,221,0.0440992472550565
rgb32,300,222,0.04393505759537481
rgb32,300,223,0.04343652260808284
rgb32,300,224,0.0426878363216813
rgb32,300,225,0.042320196732413204
rgb32,300,226,0.04185080253809915
rgb32,300,227,0.04160498813689335
rgb32,300,228,0.04059771854287696
rgb32,300,229,0.040547943377740224
rgb32,300,230,0.04027698244788079
rgb32,300,231,0.039827687882016564
rgb32,300,232,0.03964486790674847
rgb32,300,233,0.03903445372737446
rgb32,300,234,0.03888884163161665
rgb32,300,235,0.03880126469474878
rgb32,300,236,0.03850010710726253
rgb32,300,237,0.03838254242303208
rgb32,300,238,0.03788195187348342
rgb32,300,239,0.03740294068138559
rgb32,300,240,0.03702940899422601
rgb32,300,241,0.03701323028448622
rgb32,300,242,0.03681332518705984
rgb32,300,243,0.036480277284691026
rgb32,300,244,0.03599005045089965
rgb32,300,245,0.03592949599019125
rgb32,300,246,0.035509073691110775
rgb32,300,247,0.03510466283448692
rgb32,300,248,0.0349935206485488
rgb32,300,249,0.03462787792357208
rgb32,300,250,0.03443952248336525
rgb32,300,251,0.03422620901612434
rgb32,300,252,0.03392781604335259
rgb32,300,253,0.033880293454087704
rgb32,300,254,0.03368663479908382
rgb32,300,255,0.03356163642739568
rgb32,300,256,0.03310819340951251
rgb32,300,257,0.03259129099405208
rgb32,300,258,0.03253444168227368
rgb32,300,259,0.03235610355526684
rgb32,300,260,0.032105387552980987
rgb32,300,261,0.031894795918536036
rgb32,300,262,0.03166440987275385
rgb32,300,263,0.03150465591061171
rgb32,300,264,0.031216887702105588
rgb32,300,265,0.030834670245586508
rgb32,300,266,0.03065720690660641
rgb32,300,267,0.030514956245889093
rgb32,300,268,0.03032039363845036
rgb32,300,269,0.030174305660516234
rgb32,300,270,0.029957109224175067
rgb32,300,271,0.029880627393471165
rgb32,300,272,0.029576591143009437
rgb32,300,273,0.0294510589640607
rgb32,300,274,0.0292858135011595
rgb32,300,275,0.02896108517123696
rgb32,300,276,0.028759356547097062
rgb32,300,277,0.02858298896365621
rgb32,300,278,0.028477299533741698
rgb32,300,279,0.028413941719718564
rgb32,300,280,0.028214187963963317
rgb32,300,281,0.0278196080099344
rgb32,300,282,0.027495183903348902
rgb32,300,283,0.027436895755973432
rgb32,300,284,0.027313282486769647
rgb32,300,285,0.027131530174615417
rgb32,300,286,0.026820858578418566
rgb32,300,287,0.02666373370285439
rgb32,300,288,0.026644823204804814
rgb32,300,289,0.026272812242202015
rgb32,300,290,0.026101533615744264
rgb32,300,291,0.025881573526268627
rgb32,300,292,0.025792562553395078
rgb32,300,293,0.025550421891514165
rgb32,300,294,0.025420670144805722
rgb32,300,295,0.0252017972170008
rgb32,300,296,0.024970337516753826
rgb32,300,297,0.024703860523382703
rgb32,300,298,0.024527214149200026
rgb32,300,299,0.024396056269776083
rgb32,300,300,0.02432875313863668
rgb32,300,301,0.024164875003582543
rgb32,300,302,0.02399558849063668
rgb32,300,303,0.023716325674274685
rgb32,300,304,0.023608391658221893
rgb32,300,305,0.023420376028885196
rgb32,300,306,0.02328285210981284
rgb32,300,307,0.023075203968384875
rgb32,300,308,0.022912738010571414
rgb32,300,309,0.022792540696157892
rgb32,300,310,0.022657323444584435
rgb32,300,311,0.022432364408201243
rgb32,300,312,0.02232945485126043
rgb32,300,313,0.02213106220985047
rgb32,300,314,0.022027338980620828
rgb32,300,315,0.021922104871715087
rgb32,300,316,0.021760765990693202
rgb32,300,317,0.021566146349395382
rgb32,300,318,0.021474380555208755
rgb32,300,319,0.02135002602985603
rgb32,300,320,0.02128654123118393
rgb32,300,321,0.021187583856819178
rgb32,300,322,0.02112814380270194
rgb32,300,323,0.020950726262397506
rgb32,300,324,0.02089520578825374
rgb32,300,325,0.02080077261250488
rgb32,300,326,0.02067556628992134
rgb32,300,327,0.020400941616275044
rgb32,300,328,0.020207773423010538
rgb32,300,329,0.020019849784641972
rgb32,300,330,0.019987005344334688
rgb32,300,331,0.019856585242638593
rgb32,300,332,0.019668007735443586
rgb32,300,333,0.019553442115401675
rgb32,300,334,0.019438892731956387
rgb32,300,335,0.019176034845923534
rgb32,300,336,0.01911062449784656
rgb32,300,337,0.019024666108643767
rgb32,300,338,0.018871969537797847
rgb32,300,339,0.01874127185953226
rgb32,300,340,0.018621461947939743
rgb32,300,341,0.018578569501660154
rgb32,300,342,0.018465828040922682
rgb32,300,343,0.01835727513194574
rgb32,300,344,0.018324675391695966
rgb32,300,345,0.01823732752498247
rgb32,300,346,0.018118211601130876
rgb32,300,347,0.017993768493041386
rgb32,300,348,0.017862268893737546
rgb32,300,349,0.01769984015683789
rgb32,300,350,0.01755569163330097
rgb32,300,351,0.017502233836923415
rgb32,300,352,0.01744238322141181
rgb32,300,353,0.017255204672982458
rgb32,300,354,0.017211173747965824
rgb32,300,355,0.01704874436448311
rgb32,300,356,0.016936988704864726
rgb32,300,357,0.016875036361871834
rgb32,300,358,0.016699853400365373
rgb32,300,359,0.0165810688983493
rgb32,300,360,0.0165415606372226
rgb32,300,361,0.016391831552862817
rgb32,300,362,0.01635565690113285
rgb32,300,363,0.016284933081083645
rgb32,300,364,0.016200750099842297
rgb32,300,365,0.016131187821668704
rgb32,300,366,0.015998572180015304
rgb32,300,367,0.015859790933024892
rgb32,300,368,0.01576560903916928
rgb32,300,369,0.015692609582865454
rgb32,300,370,0.015528936671154377
rgb32,300,371,0.015432089271584924
rgb32,300,372,0.015345048457572213
rgb32,300,373,0.015316154913141344
rgb32,300,374,0.015237759260210862
rgb32,300,375,0.015172351154351359
rgb32,300,376,0.01502311877772477
rgb32,300,377,0.014909406652777546
rgb32,300,378,0.014828858776135653
rgb32,300,379,0.014697720288563306
rgb32,300,380,0.014658938684118357
rgb32,300,381,0.014573392477921608
rgb32,300,382,0.014459455379651504
rgb32,300,383,0.01431960872338624
rgb32,300,384,0.014232255756216255
rgb32,300,385,0.01414850147957537
rgb32,300,386,0.014116646635487494
rgb32,300,387,0.013992771113463011
rgb32,300,388,0.013928750065847829
rgb32,300,389,0.013898371148369873
rgb32,300,390,0.013756936277627193
rgb32,300,391,0.013647926392550398
rgb32,300,392,0.013617436065602855
rgb32,300,393,0.013536068997731632
rgb32,300,394,0.013437198555700388
rgb32,300,395,0.013363917654908651
rgb32,300,396,0.013252236630075322
rgb32,300,397,0.013215640321991596
rgb32,300,398,0.013182815894708946
rgb32,300,399,0.013022964537322365
rgb32,300,400,0.013005086148575002
rgb32,300,401,0.01290516379796454
rgb32,300,402,0.01288273179530361
rgb32,300,403,0.01273880686396138
rgb32,300,404,0.012729666624859085
rgb32,300,405,0.012666482993379564
rgb32,300,406,0.012588232617435002
rgb32,300,407,0.012464205137606014
rgb32,300,408,0.012442740158175905
rgb32,300,409,0.012385221819528284
rgb32,300,410,0.012313302496449609
rgb32,300,411,0.012205269878392435
rgb32,300,412,0.012076874918031754
rgb32,300,413,0.012034004486078302
rgb32,300,414,0.011909316302952796
rgb32,300,415,0.01186899740684789
rgb32,300,416,0.011814829502828344
rgb32,300,417,0.011738712283049367
rgb32,300,418,0.011645408120400191
rgb32,300,419,0.011576082841179516
rgb32,300,420,0.011512961130442326
rgb32,300,421,0.011433760674427338
rgb32,300,422,0.011412956735307124
rgb32,300,423,0.011338707840013373
rgb32,300,424,0.011232409667870166
rgb32,300,425,0.011189333761061031
rgb32,300,426,0.011120041888104166
rgb32,300,427,0.011036485118866199
rgb32,300,428,0.011021985862564063
rgb32,300,429,0.010948683350036507
rgb32,300,430,0.0108727986927161
rgb32,300,431,0.010799522525170831
rgb32,300,432,0.010738537575507592
rgb32,300,433,0.010658989583165556
rgb32,300,434,0.010583831892542101
rgb32,300,435,0.01054732708881098
rgb32,300,436,0.010491006316063237
rgb32,300,437,0.010437601824219597
rgb32,300,438,0.010344052024606256
rgb32,300,439,0.01022070196279523
rgb32,300,440,0.01020790888164816
rgb32,300,441,0.010144546430545978
rgb32,300,442,0.010075245998155713
rgb32,300,443,0.009950485029856283
rgb32,300,444,0.009922206727576245
rgb32,300,445,0.009874504947050137
rgb32,300,446,0.009798694479773317
rgb32,300,447,0.009735380632568924
rgb32,300,448,0.009666475374555863
rgb32,300,449,0.009645266849766746
rgb32,300,450,0.00961290770873907
rgb32,300,451,0.009508453747214086
rgb32,300,452,0.009479644333682294
rgb32,300,453,0.00944151754355297
rgb32,300,454,0.009423474166429247
rgb32,300,455,0.009374975932503481
rgb32,300,456,0.009311622576401347
rgb32,300,457,0.009229631385654136
rgb32,300,458,0.009173924318529977
rgb32,300,459,0.009111264848165554
rgb32,300,460,0.00905948220151868
rgb32,300,461,0.009036173468814484
rgb32,300,462,0.008973519230439233
rgb32,300,463,0.008966215509205035
rgb32,300,464,0.008902820001596241
rgb32,300,465,0.008858722838906126
rgb32,300,466,0.00879369466076754
rgb32,300,467,0.008741180627734069
rgb32,300,468,0.008685350056790771
rgb32,300,469,0.008617548263263728
rgb32,300,470,0.00856632433870305
rgb32,300,471,0.008499627832115548
rgb32,300,472,0.008493908051366203
rgb32,300,473,0.008422717320847062
rgb32,300,474,0.008389189545127702
rgb32,300,475,0.008353124055125678
rgb32,300,476,0.008316647072874842
rgb32,300,477,0.008285826196222059
rgb32,300,478,0.008188156775359896
rgb32,300,479,0.00814844243954628
rgb32,300,480,0.008086005861143013
rgb32,300,481,0.008063955493815018
rgb32,300,482,0.008043877956927584
rgb32,300,483,0.008004520097266614
rgb32,300,484,0.007977553503134248
rgb32,300,485,0.007879249480080976
rgb32,300,486,0.007842831520422491
rgb32,300,487,0.007829436180676679
rgb32,300,488,0.007775267199854289
rgb32,300,489,0.007760186749668951
rgb32,300,490,0.007718573852698022
rgb32,300,491,0.00767010320377421
rgb32,300,492,0.007578592673364425
rgb32,300,493,0.0075671423380267834
rgb32,300,494,0.007545978087691802
rgb32,300,495,0.007496522168983091
rgb32,300,496,0.0074363754491778835
rgb32,300,497,0.007395846149449648
rgb32,300,498,0.007323708211187341
rgb32,300,499,0.007300291669182135
rgb32,300,500,0.00725991583855548
rgb32,300,501,0.007242332065563007
rgb32,300,502,0.007226572119541275
rgb32,300,503,0.007171566972028602
rgb32,300,504,0.007156678606733597
rgb32,300,505,0.007125976855007098
rgb32,300,506,0.00711192113433418
rgb32,300,507,0.0070379908216148535
rgb32,300,508,0.007004511203819391
rgb32,300,509,0.006985612133892096
rgb32,300,510,0.006962404306426935
rgb32,300,511,0.006899520788989944
rgb32,300,512,0.006848504618545269
rgb32,300,513,0.006809399017552028
rgb32,300,514,0.006755728135540411
rgb32,300,515,0.006739417419264042
rgb32,300,516,0.006676218787474832
rgb32,300,517,0.00664163740992079
rgb32,300,518,0.00663218189060705
rgb32,300,519,0.006583552566758205
rgb32,300,520,0.006560234462193407
rgb32,300,521,0.006510447419147729
rgb32,300,522,0.006489075007479467
rgb32,300,523,0.006473289067563052
rgb32,300,524,0.006446428533716663
rgb32,300,525,0.006389702805331732
rgb32,300,526,0.006347387080713163
rgb32,300,527,0.006329094414060992
rgb32,300,528,0.006317769314142329
rgb32,300,529,0.006273525288047913
rgb32,300,530,0.006241084284678653
rgb32,300,531,0.006210521193985668
rgb32,300,532,0.00614102016215303
rgb32,300,533,0.006108435382280023
rgb32,300,534,0.006068069340447728
rgb32,300,535,0.00604300596735556
rgb32,300,536,0.006006457462942488
rgb32,300,537,0.005962099934759202
rgb32,300,538,0.005939046778028135
rgb32,300,539,0.00590587611055832
rgb32,300,540,0.005853032431478394
rgb32,300,541,0.005846804390482248
rgb32,300,542,0.005825733562970082
rgb32,300,543,0.005769076463759996
rgb32,300,544,0.005739793036921408
rgb32,300,545,0.005725443256798974
rgb32,300,546,0.005710278272220845
rgb32,300,547,0.005655252962951608
rgb32,300,548,0.005609823451445841
rgb32,300,549,0.005604691391318285
rgb32,300,550,0.0055854641479814796
rgb32,300,551,0.005523519370170797
rgb32,300,552,0.0055163326010066495
rgb32,300,553,0.005502962852493443
rgb32,300,554,0.005474845549535013
rgb32,300,555,0.005431489359003241
rgb32,300,556,0.005393981403496708
rgb32,300,557,0.005357619362339889
rgb32,300,558,0.0053515098601105765
rgb32,300,559,0.005307744666629422
rgb32,300,560,0.005290024009837292
rgb32,300,561,0.005216148316666417
rgb32,300,562,0.005194012007855958
rgb32,300,563,0.005168382739013469
rgb32,300,564,0.005155845476813201
rgb32,300,565,0.00511335883579152
rgb32,300,566,0.005072328582003792
rgb32,300,567,0.0050562768742652186
rgb32,300,568,0.005017517413664389
rgb32,300,569,0.005007450779640355
rgb32,300,570,0.004991789715340597
rgb32,300,571,0.004966507068202551
rgb32,300,572,0.004914489440982574
rgb32,300,573,0.004906747408759181
rgb32,300,574,0.004898127261433172
rgb32,300,575,0.0048536921875791455
rgb32,300,576,0.004850133913910281
rgb32,300,577,0.004841061356529015
rgb32,300,578,0.004805516868621484
rgb32,300,579,0.004768604681288247
rgb32,300,580,0.004742841485578059
rgb32,300,581,0.004701682915298441
rgb32,300,582,0.004687867437558648
rgb32,300,583,0.004669017833484116
rgb32,300,584,0.004647811692293531
rgb32,300,585,0.004632832228364582
rgb32,300,586,0.00459106096470101
rgb32,300,587,0.004560121081506895
rgb32,300,588,0.00454230549724464
rgb32,300,589,0.0045205486870329185
rgb32,300,590,0.0045128122296142666
rgb32,300,591,0.0044813981762684245
rgb32,300,592,0.004464507819899307
rgb32,300,593,0.004427527318927564
rgb32,300,594,0.004412228097704692
rgb32,300,595,0.0043781549034991665
rgb32,300,596,0.00436452775061227
rgb32,300,597,0.004340022823575248
rgb32,300,598,0.004306065095697978
rgb32,300,599,0.004271313709360363
rgb32,300,600,0.0042560749780064825
rgb32,300,601,0.004244085249074091
rgb32,300,602,0.004195232535463166
rgb32,300,603,0.004191124812469661
rgb32,300,604,0.004176321498524364
rgb32,300,605,0.0041599969649261945
rgb32,300,606,0.00411932547989194
rgb32,300,607,0.004096690308343132
rgb32,300,608,0.004086150326776267
rgb32,300,609,0.004063947200217328
rgb32,300,610,0.004043493030288797
rgb32,300,611,0.004030319051783046
rgb32,300,612,0.004000380785645054
rgb32,300,613,0.003973907771531753
rgb32,300,614,0.003934942065179
rgb32,300,615,0.003894813170359018
rgb32,300,616,0.0038882857525685912
rgb32,300,617,0.003877504174065212
rgb32,300,618,0.003836178711963466
rgb32,300,619,0.003818842638305545
rgb32,300,620,0.0038037108441542557
rgb32,300,621,0.0037844150885472864
rgb32,300,622,0.003773596326590423
rgb32,300,623,0.003742023916867986
rgb32,300,624,0.0037184313453117613
rgb32,300,625,0.003705251902059258
rgb32,300,626,0.0037022847005944793
rgb32,300,627,0.003667472055119149
rgb32,300,628,0.0036547993198139334
rgb32,300,629,0.0036303572995906004
rgb32,300,630,0.0036020793341358026
rgb32,300,631,0.003590750446422257
rgb32,300,632,0.0035821742003061294
rgb32,300,633,0.0035400718734323448
rgb32,300,634,0.0035251296696466178
rgb32,300,635,0.0035126084433219416
rgb32,300,636,0.0034999541465221507
rgb32,300,637,0.0034787540506728298
rgb32,300,638,0.003458566014873901
rgb32,300,639,0.003446231069068604
rgb32,300,640,0.0034388137974589728
rgb32,300,641,0.0034020743988003835
rgb32,300,642,0.003388866288009864
rgb32,300,643,0.003385142308842981
rgb32,300,644,0.003350614148121187
rgb32,300,645,0.003343141326861144
rgb32,300,646,0.0033259019709349132
rgb32,300,647,0.0032939477923679206
rgb32,300,648,0.003287208046107938
rgb32,300,649,0.0032601287326970685
rgb32,300,650,0.0032517754202118707
rgb32,300,651,0.0032338231326438484
rgb32,300,652,0.0032156601766981743
rgb32,300,653,0.0031943770133352105
rgb32,300,654,0.003179757274427804
rgb32,300,655,0.003157211928519464
rgb32,300,656,0.003148417671329075
rgb32,300,657,0.003134723541092157
rgb32,300,658,0.003132505076699834
rgb32,300,659,0.0031114825626041426
rgb32,300,660,0.0030979435226357282
rgb32,300,661,0.0030768482522214847
rgb32,300,662,0.003068910727613114
rgb32,300,663,0.003046640902322894
rgb32,300,664,0.0030287864206526185
rgb32,300,665,0.0030085788466869454
rgb32,300,666,0.002992800303948895
rgb32,300,667,0.0029719411823974484
rgb32,300,668,0.0029680317746785855
rgb32,300,669,0.002935181970549558
rgb32,300,670,0.002909603663885372
rgb32,300,671,0.002906770828046004
rgb32,300,672,0.002890645361500297
rgb32,300,673,0.0028763545802871823
rgb32,300,674,0.0028648281086474585
rgb32,300,675,0.0028522711552519016
rgb32,300,676,0.0028407185325529387
rgb32,300,677,0.002830432979268788
rgb32,300,678,0.0027993895270733912
rgb32,300,679,0.002779550850979258
rgb32,300,680,0.002771015794141407
rgb32,300,681,0.002761897784263351
rgb32,300,682,0.002735515818309268
rgb32,300,683,0.0027226457807214104
rgb32,300,684,0.0027115081864043235
rgb32,300,685,0.0027014429721474056
rgb32,300,686,0.002684270101548747
rgb32,300,687,0.0026746388482700736
rgb32,300,688,0.0026590030292273944
rgb32,300,689,0.002648712251506428
rgb32,300,690,0.002640325021863956
rgb32,300,691,0.002622624482763159
rgb32,300,692,0.002602270490930978
rgb32,300,693,0.002589984334593848
rgb32,300,694,0.002555527788851471
rgb32,300,695,0.002552292991536679
rgb32,300,696,0.002542971115314561
rgb32,300,697,0.00253759637506264
rgb32,300,698,0.0025246732248289847
rgb32,300,699,0.0025137104241452534
rgb32,300,700,0.0025061749144737913
rgb32,300,701,0.002489961843470312
rgb32,300,702,0.0024575068050359953
rgb32,300,703,0.0024430080341206885
rgb32,300,704,0.002430437673900184
rgb32,300,705,0.0024138547159040236
rgb32,300,706,0.002403938170955963
rgb32,300,707,0.0024021068770803673
rgb32,300,708,0.0023729141573222406
rgb32,300,709,0.002362088498755799
rgb32,300,710,0.0023476465589669844
rgb32,300,711,0.002345408580534774
rgb32,300,712,0.002322321595219412
rgb32,300,713,0.0023189447783958485
rgb32,300,714,0.0023119197482877603
rgb32,300,715,0.0023068806011566157
rgb32,300,716,0.0022879921889730793
rgb32,300,717,0.002276795169850701
rgb32,300,718,0.002274046003079963
rgb32,300,719,0.002257095590650223
rgb32,300,720,0.002246103827331834
rgb32,300,721,0.002226557936446601
rgb32,300,722,0.002209268890379719
rgb32,300,723,0.002198072121213309
rgb32,300,724,0.0021868456719446655
rgb32,300,725,0.00216838600197604
rgb32,300,726,0.0021619106719359973
rgb32,300,727,0.0021577244946092864
rgb32,300,728,0.0021467399085188404
rgb32,300,729,0.0021271171611414092
rgb32,300,730,0.0021205698697901953
rgb32,300,731,0.002114666520266586
rgb32,300,732,0.0021008889963967984
rgb32,300,733,0.0020958404079431405
rgb32,300,734,0.002075839815501597
rgb32,300,735,0.002060537929831574
rgb32,300,736,0.0020494277557462815
rgb32,300,737,0.0020406693827007046
rgb32,300,738,0.00202744383795846
rgb32,300,739,0.0020187119512090662
rgb32,300,740,0.0020162506564330223
rgb32,300,741,0.001994986193449599
rgb32,300,742,0.001980218637132913
rgb32,300,743,0.001964281494083769
rgb32,300,744,0.0019562550973008237
rgb32,300,745,0.001943728308027917
rgb32,300,746,0.001929168132027177
rgb32,300,747,0.0019253486369281245
rgb32,300,748,0.0019128330935994987
rgb32,300,749,0.0019058412508928938
rgb32,300,750,0.0019021074135121812
rgb32,300,751,0.001882190590096559
rgb32,300,752,0.0018736583744757265
rgb32,300,753,0.0018607287078050898
rgb32,300,754,0.0018569595924442662
rgb32,300,755,0.0018458211878292585
rgb32,300,756,0.0018324110106757636
rgb32,300,757,0.0018250156376276787
rgb32,300,758,0.0018152220768254473
rgb32,300,759,0.0018061652694981625
rgb32,300,760,0.0018021524927942217
rgb32,300,761,0.0017810826085259115
rgb32,300,762,0.0017765004107668145
rgb32,300,763,0.0017737108434082653
rgb32,300,764,0.0017659773729086043
rgb32,300,765,0.0017608592668302663
rgb32,300,766,0.001739751430517548
rgb32,300,767,0.001729520924563965
rgb32,300,768,0.001724011865635664
rgb32,300,769,0.001712117434068092
rgb32,300,770,0.0017106723810499842
rgb32,300,771,0.0017002068039393837
rgb32,300,772,0.001681532678733479
rgb32,300,773,0.0016782226043439699
rgb32,300,774,0.001664371896731586
rgb32,300,775,0.0016562974146997773
rgb32,300,776,0.001646120627596247
rgb32,300,777,0.001638254280135821
rgb32,300,778,0.0016346210843845097
rgb32,300,779,0.0016292981049057871
rgb32,300,780,0.0016153727103993135
rgb32,300,781,0.0016103967401387218
rgb32,300,782,0.0016027094432303048
rgb32,300,783,0.0015977622088473337
rgb32,300,784,0.0015876931676653775
rgb32,300,785,0.0015801899356228885
rgb32,300,786,0.0015763019589993762
rgb32,300,787,0.0015692050765075155
rgb32,300,788,0.0015587538222957254
rgb32,300,789,0.0015428622617779456
rgb32,300,790,0.0015335430329027188
rgb32,300,791,0.001523171495642099
rgb32,300,792,0.001512671670711803
rgb32,300,793,0.0015080751498401325
rgb32,300,794,0.0015046694644275792
rgb32,300,795,0.0014917564658791227
rgb32,300,796,0.001489110185450931
rgb32,300,797,0.001480203635717257
rgb32,300,798,0.001461276023116409
rgb32,300,799,0.001454277821679008
rgb32,300,800,0.0014431263694971227
rgb32,300,801,0.0014388528756402652
rgb32,300,802,0.001425571863608592
rgb32,300,803,0.0014186132294284018
rgb32,300,804,0.0014132379933708974
rgb32,300,805,0.0013995358406559684
rgb32,300,806,0.0013987664722770082
rgb32,300,807,0.0013907893289336073
rgb32,300,808,0.0013855601303542867
rgb32,300,809,0.0013787040280641345
rgb32,300,810,0.0013639472612978197
rgb32,300,811,0.0013578568196114802
rgb32,300,812,0.0013487734128093066
rgb32,300,813,0.0013428184753169255
rgb32,300,814,0.001334517414074603
rgb32,300,815,0.001328338755269211
rgb32,300,816,0.0013197456931686564
rgb32,300,817,0.0013105811704400682
rgb32,300,818,0.0013095693895846814
rgb32,300,819,0.0013006405517128892
rgb32,300,820,0.0012980867514623012
rgb32,300,821,0.001293452105595775
rgb32,300,822,0.0012871371399107636
rgb32,300,823,0.0012724176150419758
rgb32,300,824,0.0012674716456182846
rgb32,300,825,0.0012637306629177465
rgb32,300,826,0.0012530779243866952
rgb32,300,827,0.0012439540651200385
rgb32,300,828,0.0012406093282280918
rgb32,300,829,0.0012296107671495745
rgb32,300,830,0.0012226035229977671
rgb32,300,831,0.0012149053929284906
rgb32,300,832,0.001211813749440174
rgb32,300,833,0.001196608866481097
rgb32,300,834,0.0011952783905198
rgb32,300,835,0.0011929751190700635
rgb32,300,836,0.0011846427405803374
rgb32,300,837,0.0011770236099993864
rgb32,300,838,0.0011677832222870637
rgb32,300,839,0.0011615198233411938
rgb32,300,840,0.001155701674572325
rgb32,300,841,0.0011515938659719706
rgb32,300,842,0.0011498755740736854
rgb32,300,843,0.0011476497794331352
rgb32,300,844,0.0011340985097132695
rgb32,300,845,0.0011293337490987157
rgb32,300,846,0.001123743919681221
rgb32,300,847,0.0011161214497247985
rgb32,300,848,0.0011111482242649787
rgb32,300,849,0.0011035544224004673
rgb32,300,850,0.0011000445254216226
rgb32,300,851,0.0010970577288450763
rgb32,300,852,0.0010884013570788686
rgb32,300,853,0.0010795276542936037
rgb32,300,854,0.0010699156137652084
rgb32,300,855,0.0010637171910668672
rgb32,300,856,0.0010615508545200503
rgb32,300,857,0.0010575525587753303
rgb32,300,858,0.0010528766168089061
rgb32,300,859,0.0010461066167414196
rgb32,300,860,0.0010439490363960992
rgb32,300,861,0.0010319139293387546
rgb32,300,862,0.0010254545218192977
rgb32,300,863,0.0010214061494903568
rgb32,300,864,0.0010161266986835153
rgb32,300,865,0.0010125343615050475
rgb32,300,866,0.0010065248912000213
rgb32,300,867,0.0009963203277406176
rgb32,300,868,0.0009916175169081467
rgb32,300,869,0.0009864430790975701
rgb32,300,870,0.0009818069778432313
rgb32,300,871,0.0009682020036950778
rgb32,300,872,0.0009671984713229385
rgb32,300,873,0.0009578706295273315
rgb32,300,874,0.0009534621167330877
rgb32,300,875,0.0009513031209879389
rgb32,300,876,0.0009463452675684521
rgb32,300,877,0.0009369469878399763
rgb32,300,878,0.0009307691244320663
rgb32,300,879,0.0009242970914970924
rgb32,300,880,0.00092154947075674
rgb32,300,881,0.0009203735410393284
rgb32,300,882,0.0009111334624526637
rgb32,300,883,0.0009079086801249603
rgb32,300,884,0.0009028587635793243
rgb32,300,885,0.0008969147043562792
rgb32,300,886,0.0008948307115728869
rgb32,300,887,0.0008909194385552808
rgb32,300,888,0.0008799092901707806
rgb32,300,889,0.0008750204267150511
rgb32,300,890,0.0008729265204596144
rgb32,300,891,0.0008618224057015865
rgb32,300,892,0.0008587528708192683
rgb32,300,893,0.0008553566147329245
rgb32,300,894,0.0008495485826440513
rgb32,300,895,0.0008486027717922404
rgb32,300,896,0.0008398914693011706
rgb32,300,897,0.0008362123936599473
rgb32,300,898,0.0008295254460363747
rgb32,300,899,0.0008241275425359163
rgb32,300,900,0.0008229968321015378
rgb32,300,901,0.0008196036850552415
rgb32,300,902,0.0008091967303685537
rgb32,300,903,0.0008062585744489185
rgb32,300,904,0.0008001927838413702
rgb32,300,905,0.0007995945872034361
rgb32,300,906,0.0007922753924210423
rgb32,300,907,0.0007871687496277077
rgb32,300,908,0.0007820886085047905
rgb32,300,909,0.0007753952157186056
rgb32,300,910,0.0007701897878803174
rgb32,300,911,0.0007655084664354878
rgb32,300,912,0.0007641565574603803
rgb32,300,913,0.0007613504615450114
rgb32,300,914,0.0007565538231118363
rgb32,300,915,0.0007494737275732209
rgb32,300,916,0.0007465649118813184
rgb32,300,917,0.0007439635027334462
rgb32,300,918,0.000739216555874055
rgb32,300,919,0.0007324970090003372
rgb32,300,920,0.0007294513554171257
rgb32,300,921,0.0007246190292009512
rgb32,300,922,0.0007202213174960604
rgb32,300,923,0.0007182043269764873
rgb32,300,924,0.0007059723358525016
rgb32,300,925,0.0007046553764079476
rgb32,300,926,0.0007005088754944274
rgb32,300,927,0.0006970578367285557
rgb32,300,928,0.0006889007075326196
rgb32,300,929,0.0006865558241311659
rgb32,300,930,0.0006840132922913746
rgb32,300,931,0.0006810389883865895
rgb32,300,932,0.0006761271345276479
rgb32,300,933,0.0006715901116262436
rgb32,300,934,0.0006670693403277421
rgb32,300,935,0.0006658367082430958
rgb32,300,936,0.000663129555099155
rgb32,300,937,0.0006529106855424678
rgb32,300,938,0.0006513926450750687
rgb32,300,939,0.0006479376038209003
rgb32,300,940,0.0006447469152602863
rgb32,300,941,0.0006421035827876137
rgb32,300,942,0.0006401158704209119
rgb32,300,943,0.0006323188666030826
rgb32,300,944,0.0006308024352680518
rgb32,300,945,0.0006270315328555013
rgb32,300,946,0.0006193217846416879
rgb32,300,947,0.0006175648134173135
rgb32,300,948,0.0006163420322643554
rgb32,300,949,0.0006101579800283846
rgb32,300,950,0.0006079113119650193
rgb32,300,951,0.0005991553182496313
rgb32,300,952,0.0005945171060507039
rgb32,300,953,0.0005935627082861016
rgb32,300,954,0.0005857229718285337
rgb32,300,955,0.0005850665215568539
rgb32,300,956,0.0005834651506580364
rgb32,300,957,0.0005784350793503191
rgb32,300,958,0.0005735310955658718
rgb32,300,959,0.0005695307089889593
rgb32,300,960,0.0005670314869477937
rgb32,300,961,0.0005619922679927738
rgb32,300,962,0.000560347006810022
rgb32,300,963,0.0005566158176798963
rgb32,300,964,0.0005545566039096178
rgb32,300,965,0.0005506098490094232
rgb32,300,966,0.0005488840076692985
rgb32,300,967,0.0005421528142229184
rgb32,300,968,0.0005399714181472288
rgb32,300,969,0.0005368384283894956
rgb32,300,970,0.0005346874758456983
rgb32,300,971,0.0005307694223198364
rgb32,300,972,0.0005269284221859708
rgb32,300,973,0.0005244709744554512
rgb32,300,974,0.0005212533806424086
rgb32,300,975,0.0005179162911997393
rgb32,300,976,0.0005152117777503747
rgb32,300,977,0.0005119391546045232
rgb32,300,978,0.0005111366883254593
rgb32,300,979,0.0005036181314290363
rgb32,300,980,0.0005012140393587777
rgb32,300,981,0.0004973562010699018
rgb32,300,982,0.0004946329467758555
rgb32,300,983,0.0004917736557317325
rgb32,300,984,0.0004883173611003044
rgb32,300,985,0.00048595139733144095
rgb32,300,986,0.000484147581148039
rgb32,300,987,0.00048067480283548825
rgb32,300,988,0.00047871543781534474
rgb32,300,989,0.0004761587929515951
rgb32,300,990,0.0004719185560556771
rgb32,300,991,0.00046829438323937753
rgb32,300,992,0.0004667487500186168
rgb32,300,993,0.00046305298659052275
rgb32,300,994,0.0004589315299837364
rgb32,300,995,0.0004564543358436537
rgb32,300,996,0.0004500538032685223
rgb32,300,997,0.00044569738946533937
rgb32,300,998,0.0004420100149141853
rgb32,300,999,0.00044082757187206373
rgb32,300,1000,0.00043733561023898186
rgb32,300,1001,0.0004336957428762421
rgb32,300,1002,0.0004297104364734784
rgb32,300,1003,0.0004286862193032857
rgb32,300,1004,0.0004244924317348146
rgb32,300,1005,0.0004231039996220907
rgb32,300,1006,0.00041681231210103785
rgb32,300,1007,0.0004150074041012676
rgb32,300,1008,0.00040851717278416464
rgb32,300,1009,0.00040769540616790835
rgb32,300,1010,0.00040532717786892405
rgb32,300,1011,0.0004051318729871571
rgb32,300,1012,0.0004031487702806495
rgb32,300,1013,0.0004003527387154559
rgb32,300,1014,0.0003968481396099579
rgb32,300,1015,0.00039451307662067897
rgb32,300,1016,0.00039308035377519585
rgb32,300,1017,0.0003881106855965186
rgb32,300,1018,0.0003865063009081579
rgb32,300,1019,0.0003823872979129065
rgb32,300,1020,0.0003819502487554312
rgb32,300,1021,0.000377743397225568
rgb32,300,1022,0.0003764307224632267
rgb32,300,1023,0.0003720390128778777
rgb32,300,1024,0.00036907454624335057
rgb32,300,1025,0.00036792979255418495
rgb32,300,1026,0.0003650036183992314
rgb32,300,1027,0.00036355994384436633
rgb32,300,1028,0.00036047941816802595
rgb32,300,1029,0.00035863878104506927
rgb32,300,1030,0.0003552067876232336
rgb32,300,1031,0.00035235218542038006
rgb32,300,1032,0.0003494741842080404
rgb32,300,1033,0.0003464509822110072
rgb32,300,1034,0.0003431770740902538
rgb32,300,1035,0.0003420553597440486
rgb32,300,1036,0.00034023813072248094
rgb32,300,1037,0.00033851700736913177
rgb32,300,1038,0.00033534088450607374
rgb32,300,1039,0.0003339836357098873
rgb32,300,1040,0.0003315230254780227
rgb32,300,1041,0.00032836649699126874
rgb32,300,1042,0.000325217405252304
rgb32,300,1043,0.0003245594167994384
rgb32,300,1044,0.00032116809849520476
rgb32,300,1045,0.0003182621280138805
rgb32,300,1046,0.00031454458159674693
rgb32,300,1047,0.0003140737911532696
rgb32,300,1048,0.00031243043943045734
rgb32,300,1049,0.00031013099381852735
rgb32,300,1050,0.00030733563941769164
rgb32,300,1051,0.0003064272056577113
rgb32,300,1052,0.000304076818243695
rgb32,300,1053,0.00030312381381769236
rgb32,300,1054,0.0002977002691784408
rgb32,300,1055,0.0002939270028910316
rgb32,300,1056,0.0002918896301508462
rgb32,300,1057,0.0002895775403651103
rgb32,300,1058,0.0002889178959032983
rgb32,300,1059,0.0002865936058404189
rgb32,300,1060,0.0002835706426065389
rgb32,300,1061,0.0002820997614304458
rgb32,300,1062,0.00027948694325490166
rgb32,300,1063,0.0002788728747210637
rgb32,300,1064,0.0002752622295119631
rgb32,300,1065,0.00027335027026519033
rgb32,300,1066,0.0002695353726941761
rgb32,300,1067,0.000268067265717423
rgb32,300,1068,0.00026632984779231963
rgb32,300,1069,0.0002638182500806052
rgb32,300,1070,0.00026051338979104084
rgb32,300,1071,0.0002592894161381812
rgb32,300,1072,0.00025675539495661435
rgb32,300,1073,0.0002553048409052355
rgb32,300,1074,0.0002544556687861759
rgb32,300,1075,0.00025210204755377616
rgb32,300,1076,0.0002482997800179603
rgb32,300,1077,0.00024768725272976253
rgb32,300,1078,0.0002469678595995977
rgb32,300,1079,0.00024595878261304734
rgb32,300,1080,0.00024093267534093036
rgb32,300,1081,0.00023993268946304372
rgb32,300,1082,0.00023773580404464576
rgb32,300,1083,0.00023647692882717764
rgb32,300,1084,0.00023240659606052876
rgb32,300,1085,0.00023121620199375204
rgb32,300,1086,0.00023015941776453986
rgb32,300,1087,0.00022804132868342323
rgb32,300,1088,0.0002273702061823832
rgb32,300,1089,0.00022426525494982763
rgb32,300,1090,0.000221565986566642
rgb32,300,1091,0.00022124941243199358
rgb32,300,1092,0.0002196652081603604
rgb32,300,1093,0.000217001828723621
rgb32,300,1094,0.00021656688095929755
rgb32,300,1095,0.0002145561268294541
rgb32,300,1096,0.00021394563095793396
rgb32,300,1097,0.00021081661690142728
rgb32,300,1098,0.00020893407298002516
rgb32,300,1099,0.00020774140707306832
rgb32,300,1100,0.00020748610113920985
rgb32,300,1101,0.00020430441617942514
rgb32,300,1102,0.00020164704875143301
rgb32,300,1103,0.00019991722753263675
rgb32,300,1104,0.00019860097846420774
rgb32,300,1105,0.00019704313640546883
rgb32,300,1106,0.00019471762471698784
rgb32,300,1107,0.0001938732965279779
rgb32,300,1108,0.00019087612962677246
rgb32,300,1109,0.00018858489126680666
rgb32,300,1110,0.0001863820232200158
rgb32,300,1111,0.00018585916915774372
rgb32,300,1112,0.00018488720234390629
rgb32,300,1113,0.000182229767342538
rgb32,300,1114,0.000181250132138473
rgb32,300,1115,0.0001797327916741126
rgb32,300,1116,0.00017765222434662804
rgb32,300,1117,0.00017666863148485724
rgb32,300,1118,0.00017568466724221564
rgb32,300,1119,0.00017356974923837926
rgb32,300,1120,0.00017308536400969423
rgb32,300,1121,0.00016986699656214996
rgb32,300,1122,0.00016716661681460003
rgb32,300,1123,0.00016572863579163418
rgb32,300,1124,0.0001628431402163328
rgb32,300,1125,0.00016081402875317387
rgb32,300,1126,0.0001606685118166385
rgb32,300,1127,0.00015936614626822337
rgb32,300,1128,0.00015794653875390757
rgb32,300,1129,0.00015697780683914355
rgb32,300,1130,0.0001546910316748407
rgb32,300,1131,0.00015304653844169547
rgb32,300,1132,0.00015066240186768822
rgb32,300,1133,0.00014954058103139903
rgb32,300,1134,0.00014884388989632006
rgb32,300,1135,0.0001456774163181479
rgb32,300,1136,0.00014458458721949274
rgb32,300,1137,0.0001429575858122835
rgb32,300,1138,0.00014218768250612567
rgb32,300,1139,0.00014121265908439965
rgb32,300,1140,0.00014020120351625434
rgb32,300,1141,0.00013765175866460344
rgb32,300,1142,0.00013673200566643792
rgb32,300,1143,0.00013627840010104454
rgb32,300,1144,0.00013426278227899376
rgb32,300,1145,0.00013367099082133856
rgb32,300,1146,0.0001310628750622103
rgb32,300,1147,0.00013052329868496756
rgb32,300,1148,0.00012828527477058978
rgb32,300,1149,0.00012724842628821423
rgb32,300,1150,0.00012635911915949817
rgb32,300,1151,0.00012397013834836816
rgb32,300,1152,0.0001231280740611557
rgb32,300,1153,0.00012044550992624757
rgb32,300,1154,0.00011942694116864107
rgb32,300,1155,0.00011644351742284506
rgb32,300,1156,0.00011580597781340505
rgb32,300,1157,0.00011470160818908924
rgb32,300,1158,0.00011395139382670293
rgb32,300,1159,0.0001129972465573427
rgb32,300,1160,0.00011083018329681682
rgb32,300,1161,0.00010942885992839608
rgb32,300,1162,0.00010870965814669511
rgb32,300,1163,0.00010840175966770356
rgb32,300,1164,0.00010645110265793614
rgb32,300,1165,0.00010595631557532477
rgb32,300,1166,0.00010378791259662281
rgb32,300,1167,0.00010309070853758966
rgb32,300,1168,0.00010092652722932974
rgb32,300,1169,0.00010062936704312279
rgb32,300,1170,9.919540880208603e-05
rgb32,300,1171,9.863968333716768e-05
rgb32,300,1172,9.579034637069405e-05
rgb32,300,1173,9.469654383393579e-05
rgb32,300,1174,9.329908258990894e-05
rgb32,300,1175,9.135499672061562e-05
rgb32,300,1176,9.099347518918755e-05
rgb32,300,1177,8.978851147585428e-05
rgb32,300,1178,8.799998372947914e-05
rgb32,300,1179,8.67100535844229e-05
rgb32,300,1180,8.580809021558227e-05
rgb32,300,1181,8.487175488639404e-05
rgb32,300,1182,8.26195723878969e-05
rgb32,300,1183,8.105581839396204e-05
rgb32,300,1184,8.057277127928076e-05
rgb32,300,1185,7.766821731125681e-05
rgb32,300,1186,7.54441882867884e-05
rgb32,300,1187,7.498410120595551e-05
rgb32,300,1188,7.349112787259399e-05
rgb32,300,1189,7.132070473158777e-05
rgb32,300,1190,7.104716950040507e-05
rgb32,300,1191,7.004750173595983e-05
rgb32,300,1192,6.707161561438061e-05
rgb32,300,1193,6.553093613649824e-05
rgb32,300,1194,6.297340447001394e-05
rgb32,300,1195,6.069684751294215e-05
rgb32,300,1196,5.881160848916151e-05
rgb32,300,1197,5.695675107974772e-05
rgb32,300,1198,4.4365723590446126e-05
rgb32,300,1199,3.884829945321488e-05
rgb32,300,1200,1.0253345113746348e-30
avg16,300,1,14.379615536986844
avg16,300,2,5.300302550264671
avg16,300,3,3.361881014959463
avg16,300,4,1.8922321579737638
avg16,300,5,1.7628180963845415
avg16,300,6,1.3952677111445095
avg16,300,7,1.2707358256407197
avg16,300,8,1.120845818383642
avg16,300,9,0.9179173099141824
avg16,300,10,0.7225783402841596
avg16,300,11,0.6044870208081503
avg16,300,12,0.5123771181034966
avg16,300,13,0.48125162433768104
avg16,300,14,0.4577996665677613
avg16,300,15,0.4085397552860264
avg16,300,16,0.38287674918460757
avg16,300,17,0.37519117989952666
avg16,300,18,0.3367987431794626
avg16,300,19,0.31363245566980674
avg16,300,20,0.2875142801736437
avg16,300,21,0.28023060960151147
avg16,300,22,0.26113000715526236
avg16,300,23,0.24108726780091813
avg16,300,24,0.23540451677491767
avg16,300,25,0.22011660089972349
avg16,300,26,0.20906851116001757
avg16,300,27,0.19053322760144156
avg16,300,28,0.18274549219860195
avg16,300,29,0.17754858451090927
avg16,300,30,0.16983571080599302
avg16,300,31,0.16571509789838762
avg16,300,32,0.14674144212324644
avg16,300,33,0.1382304560742839
avg16,300,34,0.13544700398714124
avg16,300,35,0.12860914154957026
avg16,300,36,0.12375244002402526
avg16,300,37,0.1208896204250314
avg16,300,38,0.11748649446850012
avg16,300,39,0.1071905990717629
avg16,300,40,0.10593887494933474
avg16,300,41,0.10275840522792007
avg16,300,42,0.09802908014814671
avg16,300,43,0.09510989137517294
avg16,300,44,0.09417834469597978
avg16,300,45,0.08972318699156068
avg16,300,46,0.08922089359294873
avg16,300,47,0.0875878212062041
avg16,300,48,0.08613560674345348
avg16,300,49,0.08304964697400861
avg16,300,50,0.0808616563392989
avg16,300,51,0.07744660566316508
avg16,300,52,0.07466350255365224
avg16,300,53,0.07347921732835648
avg16,300,54,0.07298107212603865
avg16,300,55,0.07117378061609038
avg16,300,56,0.06853752637067263
avg16,300,57,0.06781638294852364
avg16,300,58,0.06379784474098354
avg16,300,59,0.062407650262944
avg16,300,60,0.06022835132872785
avg16,300,61,0.0599721745475038
avg16,300,62,0.058725174935622786
avg16,300,63,0.056543902382017244
avg16,300,64,0.05563101300959853
avg16,300,65,0.054078028542942025
avg16,300,66,0.05336645741540291
avg16,300,67,0.051078993022522175
avg16,300,68,0.05049445694969279
avg16,300,69,0.04891604860677373
avg16,300,70,0.04843561361465191
avg16,300,71,0.04754875737734693
avg16,300,72,0.046903627229760395
avg16,300,73,0.046238906499054065
avg16,300,74,0.04550287552899352
avg16,300,75,0.0448974906800566
avg16,300,76,0.04438799938051039
avg16,300,77,0.0423659025612719
avg16,300,78,0.0420962469202835
avg16,300,79,0.04123818307320607
avg16,300,80,0.04068345052368152
avg16,300,81,0.03981024417163912
avg16,300,82,0.039382848279013984
avg16,300,83,0.037780113606528665
avg16,300,84,0.03734492693184727
avg16,300,85,0.03668917714431954
avg16,300,86,0.036321747092974234
avg16,300,87,0.03595226332915454
avg16,300,88,0.0356942038978376
avg16,300,89,0.03514580700975994
avg16,300,90,0.03477308715412016
avg16,300,91,0.033112728717333575
avg16,300,92,0.03248919324558108
avg16,300,93,0.032247491118195394
avg16,300,94,0.031888301029895115
avg16,300,95,0.0315318878611308
avg16,300,96,0.03111815714473808
avg16,300,97,0.03028520650188099
avg16,300,98,0.029607670941694923
avg16,300,99,0.0287496058496382
avg16,300,100,0.028500951487655607
avg16,300,101,0.02802462655623373
avg16,300,102,0.027515936626266838
avg16,300,103,0.0271656742268584
avg16,300,104,0.026716223853074057
avg16,300,105,0.02651117304417161
avg16,300,106,0.026030393033617285
avg16,300,107,0.025897633727196764
avg16,300,108,0.025558825611748794
avg16,300,109,0.025285898988154403
avg16,300,110,0.024661649772878578
avg16,300,111,0.024414440007630097
avg16,300,112,0.024133528949003627
avg16,300,113,0.02353685780201694
avg16,300,114,0.02324213210085051
avg16,300,115,0.023130960760073357
avg16,300,116,0.022474075664478788
avg16,300,117,0.022347470984343174
avg16,300,118,0.022085534638057066
avg16,300,119,0.021708570549916338
avg16,300,120,0.021192760226676342
avg16,300,121,0.020703292157487802
avg16,300,122,0.02062856120481805
avg16,300,123,0.02027411964988212
avg16,300,124,0.020060345396604003
avg16,300,125,0.019835396210709073
avg16,300,126,0.019640280074053145
avg16,300,127,0.019224377916601115
avg16,300,128,0.01870472592505418
avg16,300,129,0.018628605026681195
avg16,300,130,0.018548843709169746
avg16,300,131,0.0184365825660605
avg16,300,132,0.018112517509051792
avg16,300,133,0.017966004454280114
avg16,300,134,0.01762174405428273
avg16,300,135,0.01755565987029182
avg16,300,136,0.017307088956600103
avg16,300,137,0.017094938552153414
avg16,300,138,0.0168405680838699
avg16,300,139,0.016558163810985817
avg16,300,140,0.016231756644781065
avg16,300,141,0.016103251932012345
avg16,300,142,0.01597900579105549
avg16,300,143,0.01573271396906083
avg16,300,144,0.015693205317529758
avg16,300,145,0.015273454588552083
avg16,300,146,0.015183434939584933
avg16,300,147,0.014934753851897754
avg16,300,148,0.014757840977938008
avg16,300,149,0.014695939873168536
avg16,300,150,0.014577330783651447
avg16,300,151,0.014282794547935226
avg16,300,152,0.014230112388404324
avg16,300,153,0.014106609295272422
avg16,300,154,0.01377610015452364
avg16,300,155,0.013650294354991233
avg16,300,156,0.013503743422689007
avg16,300,157,0.013322959677320043
avg16,300,158,0.01325029547918017
avg16,300,159,0.01315696485520006
avg16,300,160,0.012971808006135196
avg16,300,161,0.012765772566886059
avg16,300,162,0.0126049449545024
avg16,300,163,0.012420542299061619
avg16,300,164,0.01217699074205568
avg16,300,165,0.012141499248403584
avg16,300,166,0.011994114486748378
avg16,300,167,0.011937098143551605
avg16,300,168,0.011802799159360621
avg16,300,169,0.011589353755858255
avg16,300,170,0.011445754760993824
avg16,300,171,0.011372631756814133
avg16,300,172,0.011134231239518568
avg16,300,173,0.011035820873170139
avg16,300,174,0.010746810978002534
avg16,300,175,0.010680697830141873
avg16,300,176,0.01048192136495997
avg16,300,177,0.010390630970285534
avg16,300,178,0.010302361376976914
avg16,300,179,0.01024545244753543
avg16,300,180,0.010073552396080253
avg16,300,181,0.010015972328103948
avg16,300,182,0.009933760952063213
avg16,300,183,0.00982716146210368
avg16,300,184,0.009655544183387047
avg16,300,185,0.009588743463861344
avg16,300,186,0.009395381151296525
avg16,300,187,0.009296667105201816
avg16,300,188,0.009223284255575075
avg16,300,189,0.009123080748115233
avg16,300,190,0.00897436594447736
avg16,300,191,0.00884532888986285
avg16,300,192,0.008784446213086456
avg16,300,193,0.008734190712115423
avg16,300,194,0.008607576992782246
avg16,300,195,0.008539401761384223
avg16,300,196,0.008315206988368917
avg16,300,197,0.008249571196967783
avg16,300,198,0.008192257058671647
avg16,300,199,0.008121967307381179
avg16,300,200,0.008038530902687042
avg16,300,201,0.00788358502128967
avg16,300,202,0.00776132451742112
avg16,300,203,0.007699575449204841
avg16,300,204,0.007641894780486056
avg16,300,205,0.0075058995103199355
avg16,300,206,0.00739162380091731
avg16,300,207,0.0073729500103781485
avg16,300,208,0.0072427655348920395
avg16,300,209,0.007144712854419161
avg16,300,210,0.007091913793005236
avg16,300,211,0.0070579678675153955
avg16,300,212,0.006959225695696429
avg16,300,213,0.006823512981087304
avg16,300,214,0.006784865900105621
avg16,300,215,0.006739736536171353
avg16,300,216,0.006623944256319037
avg16,300,217,0.006530427793464423
avg16,300,218,0.006482131412684617
avg16,300,219,0.006370148512661021
avg16,300,220,0.006352422725850134
avg16,300,221,0.006237506222279708
avg16,300,222,0.00619509807351354
avg16,300,223,0.006119978952708271
avg16,300,224,0.0060610836058566315
avg16,300,225,0.006009766138084436
avg16,300,226,0.00595757703450421
avg16,300,227,0.005853421380697821
avg16,300,228,0.005800757583697488
avg16,300,229,0.005723253442463017
avg16,300,230,0.0056665716697930696
avg16,300,231,0.005568613786126687
avg16,300,232,0.005530754693016232
avg16,300,233,0.005469807425579198
avg16,300,234,0.00542557333719344
avg16,300,235,0.005266597307604821
avg16,300,236,0.00524773200418471
avg16,300,237,0.005187364492977742
avg16,300,238,0.005156754724940717
avg16,300,239,0.005065829243256345
avg16,300,240,0.005026682787905078
avg16,300,241,0.004993757196725318
avg16,300,242,0.00490313670246449
avg16,300,243,0.0048411478764720395
avg16,300,244,0.004768718813478254
avg16,300,245,0.004702881578087326
avg16,300,246,0.004658506854655371
avg16,300,247,0.004627714984288855
avg16,300,248,0.004555526166904535
avg16,300,249,0.004534327617404946
avg16,300,250,0.004460833160484881
avg16,300,251,0.004440465856019683
avg16,300,252,0.004383339211719334
avg16,300,253,0.004311972943159921
avg16,300,254,0.004253510301024055
avg16,300,255,0.004215165605059253
avg16,300,256,0.004107731107188153
avg16,300,257,0.0040920933559351344
avg16,300,258,0.004046933593964851
avg16,300,259,0.004020838736152237
avg16,300,260,0.003946255134352789
avg16,300,261,0.003939889759501575
avg16,300,262,0.0038761125473093907
avg16,300,263,0.003845362846353549
avg16,300,264,0.0037934694504371787
avg16,300,265,0.0037747898562370957
avg16,300,266,0.003653552746723178
avg16,300,267,0.0036475798308741123
avg16,300,268,0.003615031169118011
avg16,300,269,0.003578229175554375
avg16,300,270,0.0035516757333048125
avg16,300,271,0.003504609227542029
avg16,300,272,0.0034579547929850687
avg16,300,273,0.0033971947698209987
avg16,300,274,0.0033602718052910966
avg16,300,275,0.0033183193245508546
avg16,300,276,0.0032758778823102014
avg16,300,277,0.003267871920867785
avg16,300,278,0.003247955929277388
avg16,300,279,0.003208859638701487
avg16,300,280,0.0031466434610498304
avg16,300,281,0.0031308241806639434
avg16,300,282,0.0030505594690619525
avg16,300,283,0.003028649921805147
avg16,300,284,0.0030192106110172525
avg16,300,285,0.0029985224989957913
avg16,300,286,0.002929891528070076
avg16,300,287,0.0029095310398407136
avg16,300,288,0.0028713631072232694
avg16,300,289,0.0028363773008748872
avg16,300,290,0.002798103648959684
avg16,300,291,0.0027586508726019573
avg16,300,292,0.0027308579361835744
avg16,300,293,0.0026940734037705287
avg16,300,294,0.0026632415217385306
avg16,300,295,0.0026420205359020477
avg16,300,296,0.002615082367499955
avg16,300,297,0.002553266817116677
avg16,300,298,0.002540105358621455
avg16,300,299,0.002488140430303543
avg16,300,300,0.0024803706600248525
avg16,300,301,0.002451653054972175
avg16,300,302,0.002431905085811101
avg16,300,303,0.0024086120995759643
avg16,300,304,0.0023790927946786234
avg16,300,305,0.0023389999429454414
avg16,300,306,0.002315000858805344
avg16,300,307,0.0022965694400179696
avg16,300,308,0.002252453995752913
avg16,300,309,0.002215483320711011
avg16,300,310,0.002200736260653443
avg16,300,311,0.002181593246670029
avg16,300,312,0.0021552053662635467
avg16,300,313,0.002105616098607542
avg16,300,314,0.0020928983060743453
avg16,300,315,0.0020546917105836423
avg16,300,316,0.0020154999756181267
avg16,300,317,0.002003858936448206
avg16,300,318,0.001988357135829101
avg16,300,319,0.0019722918798047886
avg16,300,320,0.001932324307693052
avg16,300,321,0.0019118928722104554
avg16,300,322,0.0018974988012568216
avg16,300,323,0.001874915399942711
avg16,300,324,0.001844730766262359
avg16,300,325,0.0018213195608103162
avg16,300,326,0.0017995085926588797
avg16,300,327,0.0017687764725475808
avg16,300,328,0.0017509909979336205
avg16,300,329,0.0017387067151978046
avg16,300,330,0.0017222932817001005
avg16,300,331,0.001708222289334936
avg16,300,332,0.001682333786849255
avg16,300,333,0.0016526853267841586
avg16,300,334,0.0016273237150644234
avg16,300,335,0.0016094229581024532
avg16,300,336,0.0016025961230961836
avg16,300,337,0.001562546977962266
avg16,300,338,0.0015371156553206156
avg16,300,339,0.0015309725711568408
avg16,300,340,0.0014991290891230187
avg16,300,341,0.0014880741492817964
avg16,300,342,0.0014734578192368577
avg16,300,343,0.0014376894254732847
avg16,300,344,0.0014117186130277344
avg16,300,345,0.0013908176172821131
avg16,300,346,0.0013864055409016193
avg16,300,347,0.0013537767811468988
avg16,300,348,0.0013360992700662247
avg16,300,349,0.0013279633324788426
avg16,300,350,0.0013073514335813778
avg16,300,351,0.0012893989596146503
avg16,300,352,0.0012665119535746937
avg16,300,353,0.0012625021863894895
avg16,300,354,0.0012467013071357509
avg16,300,355,0.0012398616391427794
avg16,300,356,0.0012280572692521812
avg16,300,357,0.001196018679188123
avg16,300,358,0.0011941962954094812
avg16,300,359,0.001185388535086885
avg16,300,360,0.0011728498813003358
avg16,300,361,0.0011479950339466677
avg16,300,362,0.0011299816252068426
avg16,300,363,0.0011252683720195454
avg16,300,364,0.0011183534310062815
avg16,300,365,0.0010896595253744945
avg16,300,366,0.0010677193039496842
avg16,300,367,0.001033022222849648
avg16,300,368,0.0010315669831915796
avg16,300,369,0.0010067419243302734
avg16,300,370,0.0010006498454046661
avg16,300,371,0.000986397886835057
avg16,300,372,0.000981613907793925
avg16,300,373,0.0009636016689368374
avg16,300,374,0.0009583017986363849
avg16,300,375,0.0009483642628941845
avg16,300,376,0.0009364113787422933
avg16,300,377,0.0009216176601455373
avg16,300,378,0.0009017959283766624
avg16,300,379,0.0008876331878129184
avg16,300,380,0.0008783249998232711
avg16,300,381,0.0008686499949375309
avg16,300,382,0.0008565102039690697
avg16,300,383,0.0008372658815361438
avg16,300,384,0.0008226487567680665
avg16,300,385,0.0008138903661558022
avg16,300,386,0.0008094863357885127
avg16,300,387,0.0007981087581956129
avg16,300,388,0.0007954159780275592
avg16,300,389,0.0007812408536743156
avg16,300,390,0.0007729669403360138
avg16,300,391,0.0007593324763422118
avg16,300,392,0.0007476551263348572
avg16,300,393,0.0007269533557506324
avg16,300,394,0.0007237114672628956
avg16,300,395,0.0007156924582369048
avg16,300,396,0.0007076903307807366
avg16,300,397,0.0006974260919998042
avg16,300,398,0.0006857646400830032
avg16,300,399,0.0006792445467087658
avg16,300,400,0.0006742189131822631
avg16,300,401,0.000668451792082923
avg16,300,402,0.000660594835691108
avg16,300,403,0.0006510761812080087
avg16,300,404,0.0006373414594299989
avg16,300,405,0.0006329129337993496
avg16,300,406,0.0006285299753864453
avg16,300,407,0.0006163021633921104
avg16,300,408,0.0006107275762435399
avg16,300,409,0.0006053412992925194
avg16,300,410,0.0005972201214679928
avg16,300,411,0.0005914270432634729
avg16,300,412,0.0005792379315073555
avg16,300,413,0.0005767321850011338
avg16,300,414,0.0005620121786322674
avg16,300,415,0.0005594711047675402
avg16,300,416,0.0005522148770014726
avg16,300,417,0.000544898589424057
avg16,300,418,0.0005371446509864718
avg16,300,419,0.000533196268502051
avg16,300,420,0.0005236280470968881
avg16,300,421,0.0005191858136087831
avg16,300,422,0.0005097484123148796
avg16,300,423,0.0005010568028359076
avg16,300,424,0.0004919616591978726
avg16,300,425,0.0004896601349134831
avg16,300,426,0.00048332230227918715
avg16,300,427,0.00048235664027844113
avg16,300,428,0.00047877927545601404
avg16,300,429,0.00047428523048493476
avg16,300,430,0.00046381137431095436
avg16,300,431,0.0004585254700654621
avg16,300,432,0.0004503285870778494
avg16,300,433,0.00044191252179717213
avg16,300,434,0.0004395204410836365
avg16,300,435,0.00043269693102625126
avg16,300,436,0.0004301620674050801
avg16,300,437,0.0004247018696121944
avg16,300,438,0.00041735699836189947
avg16,300,439,0.0004058964909101194
avg16,300,440,0.00040499628018951354
avg16,300,441,0.0004019432110960217
avg16,300,442,0.00039609583167295415
avg16,300,443,0.00039178096587841007
avg16,300,444,0.00038859419534459946
avg16,300,445,0.0003809658308540314
avg16,300,446,0.00037775988364858136
avg16,300,447,0.00037629737021583373
avg16,300,448,0.0003704374569446003
avg16,300,449,0.00036476947140358623
avg16,300,450,0.0003582043271090401
avg16,300,451,0.00035591126591650034
avg16,300,452,0.00035126105673180264
avg16,300,453,0.00034994723201194446
avg16,300,454,0.0003453470381635734
avg16,300,455,0.0003438368787036667
avg16,300,456,0.000335619470217729
avg16,300,457,0.00033280145178048306
avg16,300,458,0.00032969034798933065
avg16,300,459,0.0003243051273716592
avg16,300,460,0.000320155055872123
avg16,300,461,0.00031841401904470363
avg16,300,462,0.0003125386977854508
avg16,300,463,0.0003095236151124118
avg16,300,464,0.0003060667690305666
avg16,300,465,0.0003042544008640649
avg16,300,466,0.0003006711400341772
avg16,300,467,0.00029662468645507534
avg16,300,468,0.00029489100963368093
avg16,300,469,0.0002911190358894106
avg16,300,470,0.00028768337141553234
avg16,300,471,0.00028469380706983233
avg16,300,472,0.00028070282371893103
avg16,300,473,0.000278107848396466
avg16,300,474,0.00027389983642339883
avg16,300,475,0.0002720036487502307
avg16,300,476,0.00026634626120942723
avg16,300,477,0.0002619509061791724
avg16,300,478,0.00025793306870641194
avg16,300,479,0.00025564091446562476
avg16,300,480,0.0002522952752307179
avg16,300,481,0.000248934108355323
avg16,300,482,0.00024693563931863644
avg16,300,483,0.0002454004501914359
avg16,300,484,0.0002423696476122535
avg16,300,485,0.00023952520157549984
avg16,300,486,0.0002373629394957651
avg16,300,487,0.00023341185973910846
avg16,300,488,0.00023041169622531568
avg16,300,489,0.0002257889517116142
avg16,300,490,0.0002242651410577921
avg16,300,491,0.00022198736084316068
avg16,300,492,0.00021833588085872348
avg16,300,493,0.0002178964052522424
avg16,300,494,0.00021621916507424537
avg16,300,495,0.000213694235094237
avg16,300,496,0.00021258176045845146
avg16,300,497,0.00020965742656002567
avg16,300,498,0.00020773383876413295
avg16,300,499,0.00020493041034031284
avg16,300,500,0.00020085599532645697
avg16,300,501,0.00019971810896113638
avg16,300,502,0.0001961158365464943
avg16,300,503,0.0001951383181855925
avg16,300,504,0.000191448511366122
avg16,300,505,0.00018916069262856194
avg16,300,506,0.0001867771089820739
avg16,300,507,0.00018295166095747686
avg16,300,508,0.00018248650120268465
avg16,300,509,0.00018112542684061873
avg16,300,510,0.0001798595948853225
avg16,300,511,0.0001779760387865005
avg16,300,512,0.0001764624590594047
avg16,300,513,0.00017564374769911254
avg16,300,514,0.00017317569078366182
avg16,300,515,0.0001684082125498262
avg16,300,516,0.00016817749622735474
avg16,300,517,0.00016574429742190205
avg16,300,518,0.0001650790965244357
avg16,300,519,0.00016375708934058338
avg16,300,520,0.0001619902305367697
avg16,300,521,0.00016032726255639843
avg16,300,522,0.00015708721298003927
avg16,300,523,0.00015424087698891586
avg16,300,524,0.0001522466577275918
avg16,300,525,0.0001509101339530307
avg16,300,526,0.00014998846761443235
avg16,300,527,0.0001491200563870774
avg16,300,528,0.00014741626406752638
avg16,300,529,0.00014578784383537463
avg16,300,530,0.00014354657311743335
avg16,300,531,0.00014284404830518273
avg16,300,532,0.00014189916655677693
avg16,300,533,0.0001380235001516231
avg16,300,534,0.00013574263928901984
avg16,300,535,0.00013518943004411072
avg16,300,536,0.00013306438320331946
avg16,300,537,0.00013251507645818466
avg16,300,538,0.0001302697228394168
avg16,300,539,0.0001287141788634814
avg16,300,540,0.00012599862567952834
avg16,300,541,0.00012479379162400687
avg16,300,542,0.00012407009068020596
avg16,300,543,0.00012319295798663427
avg16,300,544,0.0001228575763989191
avg16,300,545,0.00012070723262551252
avg16,300,546,0.00011945010971339507
avg16,300,547,0.00011792732712407567
avg16,300,548,0.00011700460843851258
avg16,300,549,0.00011664302673712486
avg16,300,550,0.00011406164181719213
avg16,300,551,0.00011344488268126604
avg16,300,552,0.0001106877441732633
avg16,300,553,0.0001093143211320513
avg16,300,554,0.00010887174961229727
avg16,300,555,0.00010788774910142502
avg16,300,556,0.00010698430133700433
avg16,300,557,0.00010494369064969339
avg16,300,558,0.00010356514032078706
avg16,300,559,0.0001030707999307
avg16,300,560,0.00010115201436130076
avg16,300,561,9.963670679277132e-05
avg16,300,562,9.890733603324141e-05
avg16,300,563,9.784040127300446e-05
avg16,300,564,9.696319990131401e-05
avg16,300,565,9.528685126632565e-05
avg16,300,566,9.39225265695535e-05
avg16,300,567,9.36946466449275e-05
avg16,300,568,9.258574995341672e-05
avg16,300,569,9.187400209772959e-05
avg16,300,570,9.133637196435471e-05
avg16,300,571,9.046561549673262e-05
avg16,300,572,8.93022253995603e-05
avg16,300,573,8.752166881495665e-05
avg16,300,574,8.646934131202606e-05
avg16,300,575,8.600069300168016e-05
avg16,300,576,8.536878028464171e-05
avg16,300,577,8.409625693345509e-05
avg16,300,578,8.295261941382277e-05
avg16,300,579,8.242954678103052e-05
avg16,300,580,8.192438275198268e-05
avg16,300,581,8.064008046548088e-05
avg16,300,582,7.958713113991647e-05
avg16,300,583,7.905996953031111e-05
avg16,300,584,7.743744600126193e-05
avg16,300,585,7.619065697656709e-05
avg16,300,586,7.460486455487878e-05
avg16,300,587,7.437931864182594e-05
avg16,300,588,7.294231409889061e-05
avg16,300,589,7.234904009146103e-05
avg16,300,590,7.170762684341253e-05
avg16,300,591,7.071209340206706e-05
avg16,300,592,6.999712365362445e-05
avg16,300,593,6.92103082805833e-05
avg16,300,594,6.79064675575591e-05
avg16,300,595,6.772378169310783e-05
avg16,300,596,6.611791574307748e-05
avg16,300,597,6.552338889114553e-05
avg16,300,598,6.516853524272217e-05
avg16,300,599,6.505960429523298e-05
avg16,300,600,6.459605771465577e-05
avg16,300,601,6.29519761779723e-05
avg16,300,602,6.248413454677706e-05
avg16,300,603,6.198375882848882e-05
avg16,300,604,6.13199619261864e-05
avg16,300,605,6.0931130739606813e-05
avg16,300,606,5.993125819301619e-05
avg16,300,607,5.799090739823071e-05
avg16,300,608,5.7634508370240846e-05
avg16,300,609,5.69992826453648e-05
avg16,300,610,5.648455041733568e-05
avg16,300,611,5.573054357248248e-05
avg16,300,612,5.463407411233333e-05
avg16,300,613,5.404736134036985e-05
avg16,300,614,5.373307613752529e-05
avg16,300,615,5.2934369894854565e-05
avg16,300,616,5.2325528005783706e-05
avg16,300,617,5.160728355814344e-05
avg16,300,618,5.123224613237013e-05
avg16,300,619,5.079168735701256e-05
avg16,300,620,4.988375420564286e-05
avg16,300,621,4.895108368565241e-05
avg16,300,622,4.8806890685974506e-05
avg16,300,623,4.842345992526252e-05
avg16,300,624,4.732285330147496e-05
avg16,300,625,4.682356512994806e-05
avg16,300,626,4.60174944650785e-05
avg16,300,627,4.572744791800911e-05
avg16,300,628,4.517372095218505e-05
avg16,300,629,4.4602951232535866e-05
avg16,300,630,4.3919530495526364e-05
avg16,300,631,4.3225607226299354e-05
avg16,300,632,4.3002682122366315e-05
avg16,300,633,4.245995965426276e-05
avg16,300,634,4.178322838366582e-05
avg16,300,635,4.112552514803404e-05
avg16,300,636,4.0625636223535516e-05
avg16,300,637,4.037544099861912e-05
avg16,300,638,3.962574071830452e-05
avg16,300,639,3.9015833348059394e-05
avg16,300,640,3.826570706829841e-05
avg16,300,641,3.8083317273250635e-05
avg16,300,642,3.757052833327201e-05
avg16,300,643,3.709632484318693e-05
avg16,300,644,3.646517765341471e-05
avg16,300,645,3.61245817864265e-05
avg16,300,646,3.5777768659295e-05
avg16,300,647,3.5113795529759405e-05
avg16,300,648,3.3954112009471706e-05
avg16,300,649,3.363668508369049e-05
avg16,300,650,3.347929015879016e-05
avg16,300,651,3.334023526564363e-05
avg16,300,652,3.270312649509836e-05
avg16,300,653,3.214511271664121e-05
avg16,300,654,3.2011720940851474e-05
avg16,300,655,3.143441560194695e-05
avg16,300,656,3.130126879043927e-05
avg16,300,657,3.095302880608942e-05
avg16,300,658,3.0633952975822085e-05
avg16,300,659,2.952928698415404e-05
avg16,300,660,2.932524510636693e-05
avg16,300,661,2.907488791007149e-05
avg16,300,662,2.8778261379406906e-05
avg16,300,663,2.799002977125062e-05
avg16,300,664,2.7735576102465945e-05
avg16,300,665,2.7441751033412886e-05
avg16,300,666,2.723939216238388e-05
avg16,300,667,2.7008814571357445e-05
avg16,300,668,2.630852943043197e-05
avg16,300,669,2.616807492241638e-05
avg16,300,670,2.5879657686789938e-05
avg16,300,671,2.5488206381930392e-05
avg16,300,672,2.5305990118388244e-05
avg16,300,673,2.472568340157826e-05
avg16,300,674,2.4555035617536018e-05
avg16,300,675,2.44425910129529e-05
avg16,300,676,2.3707136930445405e-05
avg16,300,677,2.35760334432341e-05
avg16,300,678,2.3106772203128066e-05
avg16,300,679,2.2702323947504083e-05
avg16,300,680,2.237271997190654e-05
avg16,300,681,2.2173842042578513e-05
avg16,300,682,2.1952753499018618e-05
avg16,300,683,2.1059615085858755e-05
avg16,300,684,2.090310581364073e-05
avg16,300,685,2.043461572731887e-05
avg16,300,686,2.0286995377852748e-05
avg16,300,687,1.9847206574449354e-05
avg16,300,688,1.9330126808357112e-05
avg16,300,689,1.8765571928962662e-05
avg16,300,690,1.8559086079549806e-05
avg16,300,691,1.8224932492893608e-05
avg16,300,692,1.8205994936818252e-05
avg16,300,693,1.7774913216902583e-05
avg16,300,694,1.7508278167929198e-05
avg16,300,695,1.7351259054984695e-05
avg16,300,696,1.7160513674600256e-05
avg16,300,697,1.696272378595684e-05
avg16,300,698,1.668076381691019e-05
avg16,300,699,1.6509917547263013e-05
avg16,300,700,1.5992987702491595e-05
avg16,300,701,1.5901306922430477e-05
avg16,300,702,1.5378710222528203e-05
avg16,300,703,1.525907695966402e-05
avg16,300,704,1.5073106520188562e-05
avg16,300,705,1.4861405770240107e-05
avg16,300,706,1.4367327113389322e-05
avg16,300,707,1.4006752018256636e-05
avg16,300,708,1.3823292239299052e-05
avg16,300,709,1.3704286215564634e-05
avg16,300,710,1.3460026221598536e-05
avg16,300,711,1.2957531603100102e-05
avg16,300,712,1.2873790119571692e-05
avg16,300,713,1.2557820270917733e-05
avg16,300,714,1.245609313325499e-05
avg16,300,715,1.2292854049590084e-05
avg16,300,716,1.2107099968151722e-05
avg16,300,717,1.1812051045613108e-05
avg16,300,718,1.145969500766133e-05
avg16,300,719,1.1423966235369222e-05
avg16,300,720,1.1099645270416149e-05
avg16,300,721,1.077627765074333e-05
avg16,300,722,1.0445391870715032e-05
avg16,300,723,1.0408796092734336e-05
avg16,300,724,1.0297164884263e-05
avg16,300,725,1.0035807637746152e-05
avg16,300,726,9.849339849113191e-06
avg16,300,727,9.620815634257324e-06
avg16,300,728,9.407097938088957e-06
avg16,300,729,9.36853938754554e-06
avg16,300,730,9.112444491114044e-06
avg16,300,731,9.05003489798688e-06
avg16,300,732,8.824364671831666e-06
avg16,300,733,8.665692743443204e-06
avg16,300,734,8.598792381483868e-06
avg16,300,735,8.0540974279862e-06
avg16,300,736,7.94946171046731e-06
avg16,300,737,7.664630361466704e-06
avg16,300,738,7.555921839818723e-06
avg16,300,739,7.348050200459905e-06
avg16,300,740,6.958320766745091e-06
avg16,300,741,6.840168167923754e-06
avg16,300,742,6.52796019831296e-06
avg16,300,743,6.471557954725184e-06
avg16,300,744,6.393080815846099e-06
avg16,300,745,6.20462814689838e-06
avg16,300,746,5.993939729519219e-06
avg16,300,747,5.82771100717702e-06
avg16,300,748,5.7117243725822485e-06
avg16,300,749,5.504334868819597e-06
avg16,300,750,5.459655515208591e-06
avg16,300,751,5.264743461502337e-06
avg16,300,752,5.116899396609937e-06
avg16,300,753,4.947816274839409e-06
avg16,300,754,4.837608539126894e-06
avg16,300,755,4.749338781003551e-06
avg16,300,756,4.517769488090299e-06
avg16,300,757,4.428552507496483e-06
avg16,300,758,4.285498267187909e-06
avg16,300,759,4.102204795902176e-06
avg16,300,760,3.954097946188256e-06
avg16,300,761,3.791649733057335e-06
avg16,300,762,3.743794409362786e-06
avg16,300,763,3.491105898382692e-06
avg16,300,764,3.26192117061098e-06
avg16,300,765,3.233743014728488e-06
avg16,300,766,2.9236719371738283e-06
avg16,300,767,2.7010037185660067e-06
avg16,300,768,2.473818749704919e-06
rgb32,301,1,55.36480811812934
rgb32,301,2,19.973196406196784
rgb32,301,3,13.387373174953929
rgb32,301,4,7.125136537655329
rgb32,301,5,6.720210003492873
rgb32,301,6,5.468179959798388
rgb32,301,7,4.765652181288024
rgb32,301,8,4.386075384475855
rgb32,301,9,3.7949408474866604
rgb32,301,10,2.862469067908386
rgb32,301,11,2.7519356218941913
rgb32,301,12,2.290199106323024
rgb32,301,13,2.1292664798721557
rgb32,301,14,2.0542012067632167
rgb32,301,15,1.7886819363306274
rgb32,301,16,1.645711403486156
rgb32,301,17,1.5630637953596258
rgb32,301,18,1.4473787114989656
rgb32,301,19,1.3202631295356264
rgb32,301,20,1.3112803383502962
rgb32,301,21,1.2376490975681396
rgb32,301,22,1.2025092275501277
rgb32,301,23,1.0420788759968238
rgb32,301,24,1.0224203737484487
rgb32,301,25,0.953594300536667
rgb32,301,26,0.8966710828246911
rgb32,301,27,0.8803456791026371
rgb32,301,28,0.8526573916874697
rgb32,301,29,0.7985177638885209
rgb32,301,30,0.7472044328637971
rgb32,301,31,0.7070118291843311
rgb32,301,32,0.6858989412391292
rgb32,301,33,0.6637773086721384
rgb32,301,34,0.6238486602798664
rgb32,301,35,0.6170430843731541
rgb32,301,36,0.5820979746724999
rgb32,301,37,0.5583124043001715
rgb32,301,38,0.5450805493944411
rgb32,301,39,0.5219214200009109
rgb32,301,40,0.5083221766120891
rgb32,301,41,0.49869560038451327
rgb32,301,42,0.48149121992393856
rgb32,301,43,0.4615849257450495
rgb32,301,44,0.4434789901981344
rgb32,301,45,0.4347066819194167
rgb32,301,46,0.41428245481947745
rgb32,301,47,0.4070687356585509
rgb32,301,48,0.3858107838374296
rgb32,301,49,0.37878251147516645
rgb32,301,50,0.36741351399568983
rgb32,301,51,0.3588859486292478
rgb32,301,52,0.3569542963289655
rgb32,301,53,0.34421315219730286
rgb32,301,54,0.33947403217369043
rgb32,301,55,0.33180377985041
rgb32,301,56,0.32631020419981943
rgb32,301,57,0.31141426905645936
rgb32,301,58,0.30848197302477315
rgb32,301,59,0.3067255220806113
rgb32,301,60,0.297397465089324
rgb32,301,61,0.29311514443182757
rgb32,301,62,0.2923897736296815
rgb32,301,63,0.2848157889636276
rgb32,301,64,0.2747340192082131
rgb32,301,65,0.2693555990544485
rgb32,301,66,0.2639761049776994
rgb32,301,67,0.2616165068011125
rgb32,301,68,0.25667510656784076
rgb32,301,69,0.25397872126793036
rgb32,301,70,0.2433556111923207
rgb32,301,71,0.2408212512650475
rgb32,301,72,0.2373376380866281
rgb32,301,73,0.23409504250581245
rgb32,301,74,0.22358947474234833
rgb32,301,75,0.2182527104057672
rgb32,301,76,0.21696623252965389
rgb32,301,77,0.21054072119769726
rgb32,301,78,0.20860225457446857
rgb32,301,79,0.2039447387284841
rgb32,301,80,0.20241497656832666
rgb32,301,81,0.1996748214958378
rgb32,301,82,0.1965055203639784
rgb32,301,83,0.19548080679087107
rgb32,301,84,0.19052375872687158
rgb32,301,85,0.18716125248779264
rgb32,301,86,0.18355613247074162
rgb32,301,87,0.18268873155423826
rgb32,301,88,0.17833201399528448
rgb32,301,89,0.17642812337141778
rgb32,301,90,0.1701476002672252
rgb32,301,91,0.16922123824291924
rgb32,301,92,0.16743416713536474
rgb32,301,93,0.1658092491880923
rgb32,301,94,0.16337689111929166
rgb32,301,95,0.1603617234277649
rgb32,301,96,0.15681157083516487
rgb32,301,97,0.15472052487485188
rgb32,301,98,0.1546259328394778
rgb32,301,99,0.15284144413372655
rgb32,301,100,0.15148382331836113
rgb32,301,101,0.1484421137400182
rgb32,301,102,0.14380380905745338
rgb32,301,103,0.1422070752514811
rgb32,301,104,0.14034472511726628
rgb32,301,105,0.13876791984445191
rgb32,301,106,0.13749920687774872
rgb32,301,107,0.13582054152389894
rgb32,301,108,0.13369080407119782
rgb32,301,109,0.13236290871740872
rgb32,301,110,0.13047737724408337
rgb32,301,111,0.12950752766945256
rgb32,301,112,0.12850815724854303
rgb32,301,113,0.12613910896154987
rgb32,301,114,0.12486579746425815
rgb32,301,115,0.1225127336277921
rgb32,301,116,0.1207822619877982
rgb32,301,117,0.11949571872974078
rgb32,301,118,0.11810165523225793
rgb32,301,119,0.11725501011356142
rgb32,301,120,0.11578053521226803
rgb32,301,121,0.1138342710262273
rgb32,301,122,0.11281203054383868
rgb32,301,123,0.1115094005856143
rgb32,301,124,0.11048993720986561
rgb32,301,125,0.10902626277577995
rgb32,301,126,0.10658424028572093
rgb32,301,127,0.10639381010211607
rgb32,301,128,0.10546032935733562
rgb32,301,129,0.10310076386727426
rgb32,301,130,0.10145810781516625
rgb32,301,131,0.09863796241943572
rgb32,301,132,0.0985951653066816
rgb32,301,133,0.0972566659273257
rgb32,301,134,0.09537387730847095
rgb32,301,135,0.09455399895680663
rgb32,301,136,0.09323670307072353
rgb32,301,137,0.09206947049368203
rgb32,301,138,0.09165969286229474
rgb32,301,139,0.09006072412053968
rgb32,301,140,0.08931031680498648
rgb32,301,141,0.088417432598716
rgb32,301,142,0.08793765578404027
rgb32,301,143,0.08700264635951815
rgb32,301,144,0.08642531670893501
rgb32,301,145,0.08463924360608259
rgb32,301,146,0.08415404007711298
rgb32,301,147,0.08387036352728768
rgb32,301,148,0.08240114973254177
rgb32,301,149,0.08229714479316262
rgb32,301,150,0.08182478760037769
rgb32,301,151,0.08083243794590217
rgb32,301,152,0.07955471724912963
rgb32,301,153,0.07905067867803156
rgb32,301,154,0.0782565634061765
rgb32,301,155,0.07713717881599942
rgb32,301,156,0.07621285991481035
rgb32,301,157,0.07617364817021292
rgb32,301,158,0.07498055539152797
rgb32,301,159,0.07429089231843782
rgb32,301,160,0.07347268536272242
rgb32,301,161,0.07283981031251968
rgb32,301,162,0.07137320574311562
rgb32,301,163,0.07052884325293006
rgb32,301,164,0.06981784256174749
rgb32,301,165,0.06918363115241279
rgb32,301,166,0.06867901824033525
rgb32,301,167,0.06834888687360322
rgb32,301,168,0.06772399571324653
rgb32,301,169,0.06746080214136761
rgb32,301,170,0.06661810759606454
rgb32,301,171,0.06634129711012417
rgb32,301,172,0.06528360795962519
rgb32,301,173,0.06518763318398436
rgb32,301,174,0.06340329236939646
rgb32,301,175,0.06334872839103393
rgb32,301,176,0.06281038068484421
rgb32,301,177,0.062116160242845275
rgb32,301,178,0.06188943591245639
rgb32,301,179,0.060827458757473765
rgb32,301,180,0.06058724434002271
rgb32,301,181,0.0601223452413879
rgb32,301,182,0.05971360884612364
rgb32,301,183,0.059095869599390234
rgb32,301,184,0.05843922596836319
rgb32,301,185,0.05786374988165219
rgb32,301,186,0.05718875502753069
rgb32,301,187,0.05655398052464234
rgb32,301,188,0.0560836716404049
rgb32,301,189,0.05570611472727865
rgb32,301,190,0.055387602789210344
rgb32,301,191,0.05421898751213032
rgb32,301,192,0.05398827553840988
rgb32,301,193,0.053623596801983905
rgb32,301,194,0.053384938451988155
rgb32,301,195,0.05308290085472836
rgb32,301,196,0.05246424853573996
rgb32,301,197,0.05229994788438116
rgb32,301,198,0.05190688661663315
rgb32,301,199,0.05118054549624773
rgb32,301,200,0.05090750576300449
rgb32,301,201,0.05057581856952519
rgb32,301,202,0.049773340844985484
rgb32,301,203,0.0496714871479046
rgb32,301,204,0.04915782508986945
rgb32,301,205,0.04890018893983232
rgb32,301,206,0.04803349804043484
rgb32,301,207,0.04779224048787858
rgb32,301,208,0.047614810341475466
rgb32,301,209,0.04719225107929595
rgb32,301,210,0.047035599211115234
rgb32,301,211,0.046351593421358125
rgb32,301,212,0.04624026115171192
rgb32,301,213,0.045925414463255695
rgb32,301,214,0.045633390549500906
rgb32,301,215,0.045083392781417375
rgb32,301,216,0.04467675907212542
rgb32,301,217,0.04399268385997724
rgb32,301,218,0.04390827538227958
rgb32,301,219,0.043257598805746665
rgb32,301,220,0.04281446167138752
rgb32,301,221,0.04252519530938773
rgb32,301,222,0.04240579685844138
rgb32,301,223,0.0419545018463505
rgb32,301,224,0.041893449338779185
rgb32,301,225,0.04159391742144015
rgb32,301,226,0.04132498749851797
rgb32,301,227,0.04075110515268941
rgb32,301,228,0.04048095228104613
rgb32,301,229,0.04014129582484416
rgb32,301,230,0.039834943077331764
rgb32,301,231,0.03946890092456569
rgb32,301,232,0.03934840596017516
rgb32,301,233,0.03890358880181654
rgb32,301,234,0.038683671219905236
rgb32,301,235,0.038203493438330315
rgb32,301,236,0.03809533054700531
rgb32,301,237,0.03789789260284359
rgb32,301,238,0.03761621354785137
rgb32,301,239,0.037387846425746975
rgb32,301,240,0.03676772812982717
rgb32,301,241,0.0365896285625684
rgb32,301,242,0.03617403312159006
rgb32,301,243,0.036034731437205855
rgb32,301,244,0.03576727853596069
rgb32,301,245,0.03562114512835486
rgb32,301,246,0.03527847203165747
rgb32,301,247,0.03491854696416988
rgb32,301,248,0.034764136797893065
rgb32,301,249,0.034372513269369895
rgb32,301,250,0.03431060479749046
rgb32,301,251,0.03405000552826014
rgb32,301,252,0.033778862331796056
rgb32,301,253,0.03365120371461303
rgb32,301,254,0.03341854508419596
rgb32,301,255,0.033063213353159565
rgb32,301,256,0.03269750126525682
rgb32,301,257,0.03240463427550887
rgb32,301,258,0.0320537590924365
rgb32,301,259,0.031869822903964784
rgb32,301,260,0.0317392877204075
rgb32,301,261,0.031378411028825846
rgb32,301,262,0.03125106522410861
rgb32,301,263,0.031107975796870968
rgb32,301,264,0.031013751232560317
rgb32,301,265,0.03052261481084862
rgb32,301,266,0.03037432766419368
rgb32,301,267,0.030305169346611545
rgb32,301,268,0.030188111818475666
rgb32,301,269,0.029834042695515827
rgb32,301,270,0.029663421470101307
rgb32,301,271,0.02953936194411945
rgb32,301,272,0.029267668095914134
rgb32,301,273,0.029163666815088137
rgb32,301,274,0.02895873209618085
rgb32,301,275,0.028723449296568046
rgb32,301,276,0.028595907071765004
rgb32,301,277,0.028344060775358282
rgb32,301,278,0.028158729267431414
rgb32,301,279,0.027982297222450835
rgb32,301,280,0.027616582714945638
rgb32,301,281,0.02739851730690972
rgb32,301,282,0.02720537458093263
rgb32,301,283,0.02700182629504309
rgb32,301,284,0.026803382195580452
rgb32,301,285,0.026717955797761594
rgb32,301,286,0.026411269624229194
rgb32,301,287,0.02620939211750681
rgb32,301,288,0.02611399847877042
rgb32,301,289,0.02595220976288419
rgb32,301,290,0.025811277865332844
rgb32,301,291,0.025604881087716417
rgb32,301,292,0.02548941031270316
rgb32,301,293,0.025324702700804485
rgb32,301,294,0.02515656364290221
rgb32,301,295,0.024861255874997084
rgb32,301,296,0.024775841408565147
rgb32,301,297,0.024620742018555946
rgb32,301,298,0.024552922572652888
rgb32,301,299,0.02434171944716411
rgb32,301,300,0.024188122645734007
rgb32,301,301,0.024103446362880424
rgb32,301,302,0.023875631867150117
rgb32,301,303,0.023608390965292797
rgb32,301,304,0.02355103371187237
rgb32,301,305,0.02338403341054572
rgb32,301,306,0.02308350088344188
rgb32,301,307,0.022960678162555648
rgb32,301,308,0.022906081344406845
rgb32,301,309,0.022788534958966364
rgb32,301,310,0.022693374393480004
rgb32,301,311,0.022435630286256007
rgb32,301,312,0.02229203159866108
rgb32,301,313,0.02221302673751317
rgb32,301,314,0.022051676510297828
rgb32,301,315,0.021763238181063505
rgb32,301,316,0.021729392913815298
rgb32,301,317,0.02160415070826481
rgb32,301,318,0.021475892581040868
rgb32,301,319,0.021329984563255747
rgb32,301,320,0.021190445746896006
rgb32,301,321,0.02108512899901391
rgb32,301,322,0.021017059063870587
rgb32,301,323,0.020874849142571816
rgb32,301,324,0.02077409679345366
rgb32,301,325,0.020620691935067565
rgb32,301,326,0.02045385675543131
rgb32,301,327,0.020218639114865166
rgb32,301,328,0.020108008834889474
rgb32,301,329,0.019972783996524374
rgb32,301,330,0.019860382648312472
rgb32,301,331,0.019735647664681787
rgb32,301,332,0.01966477920901123
rgb32,301,333,0.01942460248444309
rgb32,301,334,0.019369367422056354
rgb32,301,335,0.01922475505107304
rgb32,301,336,0.019141928685634274
rgb32,301,337,0.01898088290798365
rgb32,301,338,0.018887077151243194
rgb32,301,339,0.018738379680625385
rgb32,301,340,0.01864194608623306
rgb32,301,341,0.018563471797474487
rgb32,301,342,0.018435938566441185
rgb32,301,343,0.018326626163834146
rgb32,301,344,0.018290598597850396
rgb32,301,345,0.01813521922857594
rgb32,301,346,0.01803398786336004
rgb32,301,347,0.017966484369788302
rgb32,301,348,0.017858326209402326
rgb32,301,349,0.01777883920847351
rgb32,301,350,0.017665063538281133
rgb32,301,351,0.01762562528613244
rgb32,301,352,0.017400986879540087
rgb32,301,353,0.01726044601281336
rgb32,301,354,0.01717997692104281
rgb32,301,355,0.0170063741282346
rgb32,301,356,0.016876235715192162
rgb32,301,357,0.016823351228447223
rgb32,301,358,0.01665311880685862
rgb32,301,359,0.016572650019031653
rgb32,301,360,0.01654296731349029
rgb32,301,361,0.016451315151655103
rgb32,301,362,0.016299524544920098
rgb32,301,363,0.016203177312798103
rgb32,301,364,0.01606330997771342
rgb32,301,365,0.01594049469142517
rgb32,301,366,0.01583521144208012
rgb32,301,367,0.015709270012264215
rgb32,301,368,0.01563986163875585
rgb32,301,369,0.015606820683849868
rgb32,301,370,0.01546261416750996
rgb32,301,371,0.015343863407502187
rgb32,301,372,0.015292879212828117
rgb32,301,373,0.01510371023817691
rgb32,301,374,0.015066142624498869
rgb32,301,375,0.014897672019328978
rgb32,301,376,0.014861732442436288
rgb32,301,377,0.014798801170969504
rgb32,301,378,0.01473889902788369
rgb32,301,379,0.014606660681875591
rgb32,301,380,0.01457002575254532
rgb32,301,381,0.01443733329514981
rgb32,301,382,0.014365239021066359
rgb32,301,383,0.01423679648998665
rgb32,301,384,0.01416974545917871
rgb32,301,385,0.014102224010128004
rgb32,301,386,0.013996814406233484
rgb32,301,387,0.013940421965176192
rgb32,301,388,0.013908038729848115
rgb32,301,389,0.013765508387945801
rgb32,301,390,0.013729127939053044
rgb32,301,391,0.013647813911984623
rgb32,301,392,0.013596127437615244
rgb32,301,393,0.013454547619658438
rgb32,301,394,0.013321187671859783
rgb32,301,395,0.01326048406755695
rgb32,301,396,0.013244923294911027
rgb32,301,397,0.013151909444355486
rgb32,301,398,0.013100604236788833
rgb32,301,399,0.01304271738751512
rgb32,301,400,0.013015131461298885
rgb32,301,401,0.012942692786874049
rgb32,301,402,0.012819112862072301
rgb32,301,403,0.012715344893809766
rgb32,301,404,0.012706664668888876
rgb32,301,405,0.01251278424389836
rgb32,301,406,0.01249007327315529
rgb32,301,407,0.012436664178075556
rgb32,301,408,0.012330947985606912
rgb32,301,409,0.012283128050058307
rgb32,301,410,0.012234790571852597
rgb32,301,411,0.01215106035084989
rgb32,301,412,0.012100175421584331
rgb32,301,413,0.012050365652380999
rgb32,301,414,0.011965919837344732
rgb32,301,415,0.011905875221143428
rgb32,301,416,0.011751273139709195
rgb32,301,417,0.011713498418900391
rgb32,301,418,0.01155418343649249
rgb32,301,419,0.011476343162303296
rgb32,301,420,0.01145471795694542
rgb32,301,421,0.011439810232330209
rgb32,301,422,0.011338500025145328
rgb32,301,423,0.011274584257117134
rgb32,301,424,0.01122577473572215
rgb32,301,425,0.011155355872084877
rgb32,301,426,0.011104463323407414
rgb32,301,427,0.011022675346734378
rgb32,301,428,0.010926817058564457
rgb32,301,429,0.01090975690222495
rgb32,301,430,0.010806979831962495
rgb32,301,431,0.010768085018132704
rgb32,301,432,0.010682863514774122
rgb32,301,433,0.010636127911257927
rgb32,301,434,0.010581414334263335
rgb32,301,435,0.010493693188876255
rgb32,301,436,0.010376163894029266
rgb32,301,437,0.010336371878991014
rgb32,301,438,0.010277769044565014
rgb32,301,439,0.0102335482164776
rgb32,301,440,0.010172537357632407
rgb32,301,441,0.010153394850107161
rgb32,301,442,0.010072100385882904
rgb32,301,443,0.010043330206924418
rgb32,301,444,0.009967456084064987
rgb32,301,445,0.009902828704664423
rgb32,301,446,0.009883443823740073
rgb32,301,447,0.009779231111275133
rgb32,301,448,0.009719715469756614
rgb32,301,449,0.009687953250352118
rgb32,301,450,0.009641147909537151
rgb32,301,451,0.009554951641496053
rgb32,301,452,0.009530025090942053
rgb32,301,453,0.009478096039966692
rgb32,301,454,0.009456626393363454
rgb32,301,455,0.00940519462488498
rgb32,301,456,0.009349064934454813
rgb32,301,457,0.009300655159388877
rgb32,301,458,0.009256431917892003
rgb32,301,459,0.009140003222326278
rgb32,301,460,0.009062042050031313
rgb32,301,461,0.009037012316780996
rgb32,301,462,0.00902666470224922
rgb32,301,463,0.008992384923524525
rgb32,301,464,0.008868012903421683
rgb32,301,465,0.008847421811375506
rgb32,301,466,0.00878772455266454
rgb32,301,467,0.008725530152430518
rgb32,301,468,0.008669494267649154
rgb32,301,469,0.008626007680594185
rgb32,301,470,0.008580829036041694
rgb32,301,471,0.008553113063288795
rgb32,301,472,0.008542000842648284
rgb32,301,473,0.008439823464387588
rgb32,301,474,0.008371800291879861
rgb32,301,475,0.008351261062424887
rgb32,301,476,0.008320906484419435
rgb32,301,477,0.00826697226968612
rgb32,301,478,0.008222190763164937
rgb32,301,479,0.008207562170459847
rgb32,301,480,0.008157000693085083
rgb32,301,481,0.00811850799247726
rgb32,301,482,0.008074345345140137
rgb32,301,483,0.008008364618954752
rgb32,301,484,0.007969742081944294
rgb32,301,485,0.007918243335197615
rgb32,301,486,0.00789889515561742
rgb32,301,487,0.007860160744391366
rgb32,301,488,0.007836927394401325
rgb32,301,489,0.007766568598587826
rgb32,301,490,0.007731154769952149
rgb32,301,491,0.007704000543793524
rgb32,301,492,0.007659047777393043
rgb32,301,493,0.007609720277090644
rgb32,301,494,0.0075478579064179475
rgb32,301,495,0.0074876185115054835
rgb32,301,496,0.007459899324759798
rgb32,301,497,0.007409598656634515
rgb32,301,498,0.007357947902163778
rgb32,301,499,0.007349388974278869
rgb32,301,500,0.007329227666460137
rgb32,301,501,0.00730052135440356
rgb32,301,502,0.007252794129387488
rgb32,301,503,0.0072176455553917725
rgb32,301,504,0.007176252929172831
rgb32,301,505,0.007153951419270736
rgb32,301,506,0.0071060227820305775
rgb32,301,507,0.007063071177636751
rgb32,301,508,0.007032193531882566
rgb32,301,509,0.0069742382365143565
rgb32,301,510,0.006948230256127307
rgb32,301,511,0.006903868682579469
rgb32,301,512,0.00687800372520158
rgb32,301,513,0.006826593505434043
rgb32,301,514,0.006804780148422912
rgb32,301,515,0.006773567484704435
rgb32,301,516,0.006757439148617275
rgb32,301,517,0.0067295042415661975
rgb32,301,518,0.00669642747747872
rgb32,301,519,0.0066434054732874715
rgb32,301,520,0.006601551014220654
rgb32,301,521,0.0065513619981764255
rgb32,301,522,0.006542627927115523
rgb32,301,523,0.006495884574302138
rgb32,301,524,0.0064551775285362975
rgb32,301,525,0.006399207559543094
rgb32,301,526,0.006395577702587882
rgb32,301,527,0.006352813093217168
rgb32,301,528,0.006306758358431396
rgb32,301,529,0.006274287897245531
rgb32,301,530,0.0062622816456300474
rgb32,301,531,0.006218363453959854
rgb32,301,532,0.006199661168642673
rgb32,301,533,0.006182552769189363
rgb32,301,534,0.0061555063641617995
rgb32,301,535,0.006088389423703167
rgb32,301,536,0.006013656088317157
rgb32,301,537,0.005980258881890249
rgb32,301,538,0.00594846648408053
rgb32,301,539,0.00593268239973633
rgb32,301,540,0.005892553130570649
rgb32,301,541,0.005856229865965852
rgb32,301,542,0.005826092580883095
rgb32,301,543,0.005805376225336964
rgb32,301,544,0.005776946169965458
rgb32,301,545,0.005750018244284609
rgb32,301,546,0.0057303589836342535
rgb32,301,547,0.005695823376130343
rgb32,301,548,0.005662402365411838
rgb32,301,549,0.005651706909191415
rgb32,301,550,0.005598344982754438
rgb32,301,551,0.005568304230917472
rgb32,301,552,0.0055442015515777135
rgb32,301,553,0.005513978883406136
rgb32,301,554,0.005484738661462857
rgb32,301,555,0.005455789986738933
rgb32,301,556,0.005400258165716556
rgb32,301,557,0.005388149299457197
rgb32,301,558,0.0053525709408675974
rgb32,301,559,0.005326445832967058
rgb32,301,560,0.005279348340154953
rgb32,301,561,0.005259893645192417
rgb32,301,562,0.005249570206484852
rgb32,301,563,0.005199985831769328
rgb32,301,564,0.005176572156819344
rgb32,301,565,0.00516538240616061
rgb32,301,566,0.0051145887063954116
rgb32,301,567,0.005100630477231182
rgb32,301,568,0.005081920509998847
rgb32,301,569,0.0050707298525912055
rgb32,301,570,0.005050192235017624
rgb32,301,571,0.005030826638441818
rgb32,301,572,0.004995674009171608
rgb32,301,573,0.004935113410279783
rgb32,301,574,0.004923034301896605
rgb32,301,575,0.004905299197737128
rgb32,301,576,0.0048833324066253885
rgb32,301,577,0.004852482016662411
rgb32,301,578,0.004840328863690668
rgb32,301,579,0.004810146568912064
rgb32,301,580,0.004764710246702229
rgb32,301,581,0.004757555334807729
rgb32,301,582,0.00472323804959293
rgb32,301,583,0.004711498360449082
rgb32,301,584,0.004681753971990443
rgb32,301,585,0.00464573896759012
rgb32,301,586,0.004612679766806925
rgb32,301,587,0.004586514031976839
rgb32,301,588,0.004549614338988503
rgb32,301,589,0.004530372415454163
rgb32,301,590,0.0045195811175378275
rgb32,301,591,0.0044750395305777615
rgb32,301,592,0.004464633239045124
rgb32,301,593,0.004446365951243216
rgb32,301,594,0.0044185632215824845
rgb32,301,595,0.0043848144155005
rgb32,301,596,0.004375459181889724
rgb32,301,597,0.004354434779438945
rgb32,301,598,0.00435132093968135
rgb32,301,599,0.00430070148970518
rgb32,301,600,0.00428931389584839
rgb32,301,601,0.004275846815712712
rgb32,301,602,0.004234721749594892
rgb32,301,603,0.0042131035135021975
rgb32,301,604,0.0041675063545908286
rgb32,301,605,0.004152613165830571
rgb32,301,606,0.004136139560997379
rgb32,301,607,0.0041135255807575955
rgb32,301,608,0.004090681369505537
rgb32,301,609,0.004057093779239155
rgb32,301,610,0.004042974769692116
rgb32,301,611,0.004015907652278577
rgb32,301,612,0.004006009209791229
rgb32,301,613,0.003981275041373428
rgb32,301,614,0.003963250081153369
rgb32,301,615,0.003939310967675383
rgb32,301,616,0.003918420538781402
rgb32,301,617,0.003890113333648247
rgb32,301,618,0.00387509433071642
rgb32,301,619,0.0038663769092260655
rgb32,301,620,0.0038423917831565107
rgb32,301,621,0.0038140766251984564
rgb32,301,622,0.003790859525538116
rgb32,301,623,0.0037800785935868794
rgb32,301,624,0.0037703438641619917
rgb32,301,625,0.0037243729220384136
rgb32,301,626,0.0037178186314342373
rgb32,301,627,0.00367674098272726
rgb32,301,628,0.003670987626766488
rgb32,301,629,0.00365775631964493
rgb32,301,630,0.0036191192580116334
rgb32,301,631,0.0036039414276387463
rgb32,301,632,0.003563491938001981
rgb32,301,633,0.003547675824592265
rgb32,301,634,0.0035398655320567187
rgb32,301,635,0.003534436020755737
rgb32,301,636,0.0035059025664639703
rgb32,301,637,0.003497301451072672
rgb32,301,638,0.0034839853890533427
rgb32,301,639,0.0034672020537773922
rgb32,301,640,0.003447200975425774
rgb32,301,641,0.0034363377602809465
rgb32,301,642,0.0034249432083883185
rgb32,301,643,0.0034024425448798763
rgb32,301,644,0.0033820407446252406
rgb32,301,645,0.003360218737716326
rgb32,301,646,0.003354906801526342
rgb32,301,647,0.0033233797361880454
rgb32,301,648,0.003320019435829236
rgb32,301,649,0.0032961524309672477
rgb32,301,650,0.0032814330578223158
rgb32,301,651,0.0032597597432168584
rgb32,301,652,0.0032463676272030213
rgb32,301,653,0.00322921935176247
rgb32,301,654,0.0032022258275843513
rgb32,301,655,0.0031825930373069497
rgb32,301,656,0.0031747477254951578
rgb32,301,657,0.0031610017446742572
rgb32,301,658,0.003144510660414361
rgb32,301,659,0.0031284256405276073
rgb32,301,660,0.0031195005500882084
rgb32,301,661,0.003105642709798305
rgb32,301,662,0.0030929778137776674
rgb32,301,663,0.0030851380147671604
rgb32,301,664,0.003052454933327279
rgb32,301,665,0.0030489755694609257
rgb32,301,666,0.003025225631137013
rgb32,301,667,0.0029976175926785054
rgb32,301,668,0.0029850322572312527
rgb32,301,669,0.002980294115992156
rgb32,301,670,0.002964411620030826
rgb32,301,671,0.002949961419675233
rgb32,301,672,0.0029321709253054516
rgb32,301,673,0.0029041084539555744
rgb32,301,674,0.0028773472796829367
rgb32,301,675,0.0028633254923594777
rgb32,301,676,0.002845901718927696
rgb32,301,677,0.002840120211354318
rgb32,301,678,0.002826053860147642
rgb32,301,679,0.002803579926229659
rgb32,301,680,0.002798037547102366
rgb32,301,681,0.0027819958822008126
rgb32,301,682,0.0027673479024864093
rgb32,301,683,0.0027508282193156324
rgb32,301,684,0.0027347272932763665
rgb32,301,685,0.002712756030712101
rgb32,301,686,0.0026995771868228383
rgb32,301,687,0.0026808439422863033
rgb32,301,688,0.0026688789891034415
rgb32,301,689,0.00265843522730232
rgb32,301,690,0.0026387665419548884
rgb32,301,691,0.0026237269274888733
rgb32,301,692,0.00261368555550459
rgb32,301,693,0.0025973572420261697
rgb32,301,694,0.002591146153759338
rgb32,301,695,0.0025769198829020813
rgb32,301,696,0.0025711486593845197
rgb32,301,697,0.002542685797821236
rgb32,301,698,0.0025340107816257877
rgb32,301,699,0.0025236974470709203
rgb32,301,700,0.0025019745559814515
rgb32,301,701,0.002482815503045383
rgb32,301,702,0.0024795216812178744
rgb32,301,703,0.0024759165300662564
rgb32,301,704,0.002462734696292551
rgb32,301,705,0.0024398315519233603
rgb32,301,706,0.0024258928185672004
rgb32,301,707,0.0024150937802836915
rgb32,301,708,0.0023936535755160523
rgb32,301,709,0.002386025738350121
rgb32,301,710,0.0023792745488292245
rgb32,301,711,0.0023671593233360673
rgb32,301,712,0.0023560834850727187
rgb32,301,713,0.0023488699339527003
rgb32,301,714,0.002340249170670571
rgb32,301,715,0.0023303963351148822
rgb32,301,716,0.002321135674362815
rgb32,301,717,0.002299492962431889
rgb32,301,718,0.0022907144457208007
rgb32,301,719,0.0022801112993351184
rgb32,301,720,0.0022642511429987423
rgb32,301,721,0.0022615725438109927
rgb32,301,722,0.002235695531110549
rgb32,301,723,0.0022260301891943403
rgb32,301,724,0.002218293658568348
rgb32,301,725,0.002206469457030151
rgb32,301,726,0.002191843824588473
rgb32,301,727,0.002184720910631424
rgb32,301,728,0.0021806199760866026
rgb32,301,729,0.0021495488854908814
rgb32,301,730,0.002140428571140477
rgb32,301,731,0.0021391561374727213
rgb32,301,732,0.002127654260142747
rgb32,301,733,0.0021098060731099735
rgb32,301,734,0.002098687922900864
rgb32,301,735,0.002090567705783928
rgb32,301,736,0.00208199199568679
rgb32,301,737,0.002070168952921062
rgb32,301,738,0.002060329401561141
rgb32,301,739,0.0020524244221125447
rgb32,301,740,0.002046701880021906
rgb32,301,741,0.002034552909418606
rgb32,301,742,0.0020273238589318897
rgb32,301,743,0.002004489219927363
rgb32,301,744,0.0019903176079196757
rgb32,301,745,0.0019821467959379824
rgb32,301,746,0.001964626138330594
rgb32,301,747,0.001951692924178159
rgb32,301,748,0.001945090456530254
rgb32,301,749,0.0019324802955751124
rgb32,301,750,0.0019273125953453785
rgb32,301,751,0.0019189926199989177
rgb32,301,752,0.0019015985841371106
rgb32,301,753,0.001892397878325469
rgb32,301,754,0.0018820832930105684
rgb32,301,755,0.0018738020276204941
rgb32,301,756,0.0018634193129277575
rgb32,301,757,0.001856804903615825
rgb32,301,758,0.0018488912487455219
rgb32,301,759,0.0018479978866344806
rgb32,301,760,0.0018183964434630626
rgb32,301,761,0.0018165688098389131
rgb32,301,762,0.0018049569878676784
rgb32,301,763,0.001795282436222276
rgb32,301,764,0.001792086911517508
rgb32,301,765,0.0017651975136822168
rgb32,301,766,0.0017612850990175552
rgb32,301,767,0.0017502128897602719
rgb32,301,768,0.0017395653099110623
rgb32,301,769,0.0017325410501240874
rgb32,301,770,0.0017272118176704155
rgb32,301,771,0.0017195217413634432
rgb32,301,772,0.0017146770546569827
rgb32,301,773,0.0017041423714302397
rgb32,301,774,0.0016896134977717086
rgb32,301,775,0.0016746645434321374
rgb32,301,776,0.0016692682490113938
rgb32,301,777,0.0016640832323478406
rgb32,301,778,0.001648247002076407
rgb32,301,779,0.0016425258273994139
rgb32,301,780,0.0016321492550869028
rgb32,301,781,0.0016176471666747212
rgb32,301,782,0.001607622035570903
rgb32,301,783,0.0016020098320069067
rgb32,301,784,0.0016004816239375277
rgb32,301,785,0.0015856027113083028
rgb32,301,786,0.001579316800338637
rgb32,301,787,0.001566937819744378
rgb32,301,788,0.0015620566715747425
rgb32,301,789,0.0015544302625539713
rgb32,301,790,0.0015502947634454837
rgb32,301,791,0.0015402925106374626
rgb32,301,792,0.0015320802604326458
rgb32,301,793,0.001524799488931813
rgb32,301,794,0.0015175547390842976
rgb32,301,795,0.0015098639140607671
rgb32,301,796,0.0015001692399708626
rgb32,301,797,0.0014984073058137576
rgb32,301,798,0.0014852886178137524
rgb32,301,799,0.0014804190943146394
rgb32,301,800,0.0014751750877433265
rgb32,301,801,0.001468819212348586
rgb32,301,802,0.0014538867991536787
rgb32,301,803,0.0014492121821830938
rgb32,301,804,0.0014435003345763774
rgb32,301,805,0.0014324820574490643
rgb32,301,806,0.0014204359373518568
rgb32,301,807,0.0014065011346253516
rgb32,301,808,0.0014010284834628259
rgb32,301,809,0.001392229149172696
rgb32,301,810,0.0013857323819738805
rgb32,301,811,0.001379361967283416
rgb32,301,812,0.0013721674830267055
rgb32,301,813,0.0013606267779023152
rgb32,301,814,0.0013488720244936548
rgb32,301,815,0.0013444844189738688
rgb32,301,816,0.0013278370530082502
rgb32,301,817,0.0013229433352286559
rgb32,301,818,0.0013114781668813452
rgb32,301,819,0.0013080537532604154
rgb32,301,820,0.0012975112416591284
rgb32,301,821,0.0012937772488174526
rgb32,301,822,0.0012916140419559393
rgb32,301,823,0.0012860532104789124
rgb32,301,824,0.001282983367749376
rgb32,301,825,0.001270422644382568
rgb32,301,826,0.0012646318743186893
rgb32,301,827,0.0012610776586105532
rgb32,301,828,0.001258796321808908
rgb32,301,829,0.0012399732192640402
rgb32,301,830,0.0012346751261654986
rgb32,301,831,0.001229498248017467
rgb32,301,832,0.0012260014491816686
rgb32,301,833,0.0012191453957469639
rgb32,301,834,0.0012157382393556565
rgb32,301,835,0.0012064583112679976
rgb32,301,836,0.0012035434212255406
rgb32,301,837,0.0011985350815762854
rgb32,301,838,0.0011955863038561863
rgb32,301,839,0.0011848741291874574
rgb32,301,840,0.0011691397746423906
rgb32,301,841,0.0011661032339155897
rgb32,301,842,0.0011585289701633874
rgb32,301,843,0.0011533576769726527
rgb32,301,844,0.0011471651885137807
rgb32,301,845,0.0011386990169443218
rgb32,301,846,0.001132920812588471
rgb32,301,847,0.0011220508060746824
rgb32,301,848,0.001121348112899777
rgb32,301,849,0.0011165797759086454
rgb32,301,850,0.0011067517119139336
rgb32,301,851,0.0011014901455460074
rgb32,301,852,0.0010971956834374453
rgb32,301,853,0.001093329905988271
rgb32,301,854,0.0010871267784286777
rgb32,301,855,0.0010816047580272591
rgb32,301,856,0.0010722904928864713
rgb32,301,857,0.0010652062296962203
rgb32,301,858,0.0010598335316022458
rgb32,301,859,0.0010512273386404749
rgb32,301,860,0.001044250222479528
rgb32,301,861,0.0010399655326079247
rgb32,301,862,0.0010332166914669338
rgb32,301,863,0.0010287987012551122
rgb32,301,864,0.0010230804937354104
rgb32,301,865,0.0010191795227082023
rgb32,301,866,0.0010133031244860557
rgb32,301,867,0.001004439826077738
rgb32,301,868,0.0010006237608717109
rgb32,301,869,0.000995583059522885
rgb32,301,870,0.0009885413598446937
rgb32,301,871,0.0009793233239708816
rgb32,301,872,0.0009768964313392528
rgb32,301,873,0.0009726129503518799
rgb32,301,874,0.0009674300350394036
rgb32,301,875,0.000959820474425499
rgb32,301,876,0.0009532298023141362
rgb32,301,877,0.0009516019961358791
rgb32,301,878,0.000943511935768927
rgb32,301,879,0.0009369419605390785
rgb32,301,880,0.0009273153137256642
rgb32,301,881,0.0009241119887832571
rgb32,301,882,0.000920145747328209
rgb32,301,883,0.0009168556715197936
rgb32,301,884,0.0009068136946786667
rgb32,301,885,0.0009014780146807298
rgb32,301,886,0.0008936900349036734
rgb32,301,887,0.0008929831812959699
rgb32,301,888,0.0008849242650185848
rgb32,301,889,0.000882024753101041
rgb32,301,890,0.0008732938898297627
rgb32,301,891,0.0008657056631591935
rgb32,301,892,0.000861971573037793
rgb32,301,893,0.0008609707125729258
rgb32,301,894,0.0008558266427404871
rgb32,301,895,0.0008509342687384745
rgb32,301,896,0.0008499126374903448
rgb32,301,897,0.0008419611400346758
rgb32,301,898,0.0008342903069861028
rgb32,301,899,0.0008333104577255724
rgb32,301,900,0.0008282490535590246
rgb32,301,901,0.0008238053082737492
rgb32,301,902,0.0008160435087574008
rgb32,301,903,0.0008146968815526238
rgb32,301,904,0.000806846128647636
rgb32,301,905,0.0007996804534135319
rgb32,301,906,0.0007984658720281314
rgb32,301,907,0.0007962953144204388
rgb32,301,908,0.0007922917951356517
rgb32,301,909,0.000781227034687808
rgb32,301,910,0.0007800821176715628
rgb32,301,911,0.0007728433651353082
rgb32,301,912,0.0007718210489924983
rgb32,301,913,0.0007686648389336895
rgb32,301,914,0.0007590623900525236
rgb32,301,915,0.0007534791350434136
rgb32,301,916,0.0007511120309957128
rgb32,301,917,0.0007471957767917243
rgb32,301,918,0.0007404769049286326
rgb32,301,919,0.0007356231643781247
rgb32,301,920,0.0007316779046496738
rgb32,301,921,0.0007307497194587014
rgb32,301,922,0.0007229619396036353
rgb32,301,923,0.0007213249602055901
rgb32,301,924,0.0007162309476580817
rgb32,301,925,0.0007130006008467798
rgb32,301,926,0.0007076951701346387
rgb32,301,927,0.0007029636731736226
rgb32,301,928,0.0006990991182804477
rgb32,301,929,0.0006884464881146895
rgb32,301,930,0.0006879584770554552
rgb32,301,931,0.0006845195327148913
rgb32,301,932,0.0006802517300823622
rgb32,301,933,0.0006754668495630692
rgb32,301,934,0.0006732567826420253
rgb32,301,935,0.0006721119286248516
rgb32,301,936,0.0006666234268819924
rgb32,301,937,0.0006600825416349628
rgb32,301,938,0.0006552655353600539
rgb32,301,939,0.0006534138910546771
rgb32,301,940,0.0006474220852803581
rgb32,301,941,0.0006466769986150076
rgb32,301,942,0.0006416469503976026
rgb32,301,943,0.0006369924223572388
rgb32,301,944,0.0006345013782431264
rgb32,301,945,0.0006325084186870403
rgb32,301,946,0.0006226699711788292
rgb32,301,947,0.000620730780127866
rgb32,301,948,0.0006163978692218513
rgb32,301,949,0.0006122086170075183
rgb32,301,950,0.0006094614786333139
rgb32,301,951,0.0006073050535372448
rgb32,301,952,0.0006046076991522491
rgb32,301,953,0.0006036461932009431
rgb32,301,954,0.0005950350347272734
rgb32,301,955,0.0005934889746027549
rgb32,301,956,0.0005903945740158172
rgb32,301,957,0.0005851659049367774
rgb32,301,958,0.0005847296557589885
rgb32,301,959,0.0005780648462686891
rgb32,301,960,0.000571001771723585
rgb32,301,961,0.0005672888750766393
rgb32,301,962,0.0005650874567927384
rgb32,301,963,0.0005640475714178257
rgb32,301,964,0.0005624481714286353
rgb32,301,965,0.0005553317178619651
rgb32,301,966,0.0005491265213781385
rgb32,301,967,0.0005470631898563623
rgb32,301,968,0.0005448104340165834
rgb32,301,969,0.0005425408560410806
rgb32,301,970,0.0005364314522358208
rgb32,301,971,0.0005337007782797222
rgb32,301,972,0.0005322245703370937
rgb32,301,973,0.0005271649448563046
rgb32,301,974,0.0005237655867075809
rgb32,301,975,0.0005205601925731282
rgb32,301,976,0.0005177371125364677
rgb32,301,977,0.0005081652424061953
rgb32,301,978,0.0005067052666438054
rgb32,301,979,0.0005036306137645616
rgb32,301,980,0.0004999926378639269
rgb32,301,981,0.0004969508310163798
rgb32,301,982,0.0004931199012301037
rgb32,301,983,0.000488300190583876
rgb32,301,984,0.0004870672605900565
rgb32,301,985,0.0004828310457351105
rgb32,301,986,0.0004778999781903359
rgb32,301,987,0.0004763379820644575
rgb32,301,988,0.00047511887093657754
rgb32,301,989,0.00046973924282428384
rgb32,301,990,0.0004668766144710242
rgb32,301,991,0.0004642389668549706
rgb32,301,992,0.0004637395725578647
rgb32,301,993,0.0004573283506486944
rgb32,301,994,0.00045208170100598596
rgb32,301,995,0.0004492864903758664
rgb32,301,996,0.00044857701824183575
rgb32,301,997,0.0004468035704375822
rgb32,301,998,0.00044556753679753406
rgb32,301,999,0.0004444864532206678
rgb32,301,1000,0.0004409398423724835
rgb32,301,1001,0.00043641471179852126
rgb32,301,1002,0.0004336161963325355
rgb32,301,1003,0.0004313141306728281
rgb32,301,1004,0.000429005411946071
rgb32,301,1005,0.00042741918073699867
rgb32,301,1006,0.00042095984410084824
rgb32,301,1007,0.0004189858509274183
rgb32,301,1008,0.00041646342938268555
rgb32,301,1009,0.00041435772424214094
rgb32,301,1010,0.0004097298186523306
rgb32,301,1011,0.00040450656015069726
rgb32,301,1012,0.00040294046627323195
rgb32,301,1013,0.0004014971148619721
rgb32,301,1014,0.0003980088842666496
rgb32,301,1015,0.00039763979032426174
rgb32,301,1016,0.00039334780317146336
rgb32,301,1017,0.0003886629932005014
rgb32,301,1018,0.0003858937132593806
rgb32,301,1019,0.00038392093772188343
rgb32,301,1020,0.0003816295390753431
rgb32,301,1021,0.0003793870316040276
rgb32,301,1022,0.00037794595445530643
rgb32,301,1023,0.0003711203259297019
rgb32,301,1024,0.00037069329846836033
rgb32,301,1025,0.0003675546064347227
rgb32,301,1026,0.00036718663553844536
rgb32,301,1027,0.00036243822764773836
rgb32,301,1028,0.0003614647163789727
rgb32,301,1029,0.00035745035101513145
rgb32,301,1030,0.00035600446484622026
rgb32,301,1031,0.00035298417196077584
rgb32,301,1032,0.00035160150055672497
rgb32,301,1033,0.0003507410096132508
rgb32,301,1034,0.000349489125534988
rgb32,301,1035,0.0003462177391165109
rgb32,301,1036,0.0003428839371901524
rgb32,301,1037,0.0003406217812216381
rgb32,301,1038,0.0003371724428133488
rgb32,301,1039,0.0003345653385464104
rgb32,301,1040,0.0003329809621966674
rgb32,301,1041,0.0003310006582204169
rgb32,301,1042,0.0003260434741910976
rgb32,301,1043,0.00032393195999091045
rgb32,301,1044,0.00031850653211877653
rgb32,301,1045,0.00031809057153695913
rgb32,301,1046,0.0003162837039943755
rgb32,301,1047,0.00031399235197697976
rgb32,301,1048,0.0003133573179971945
rgb32,301,1049,0.00031052615326864754
rgb32,301,1050,0.0003039067797923963
rgb32,301,1051,0.00030361631150131556
rgb32,301,1052,0.00030098035157237994
rgb32,301,1053,0.0003000656643553189
rgb32,301,1054,0.0002974722120374893
rgb32,301,1055,0.00029460894441910533
rgb32,301,1056,0.0002925394292178025
rgb32,301,1057,0.0002900825826443668
rgb32,301,1058,0.00028735464800062
rgb32,301,1059,0.00028635915460551543
rgb32,301,1060,0.0002834413956443285
rgb32,301,1061,0.00028243962264395256
rgb32,301,1062,0.00028105192206333545
rgb32,301,1063,0.0002785486640507377
rgb32,301,1064,0.0002768011468884973
rgb32,301,1065,0.000274052417000701
rgb32,301,1066,0.0002719355158837424
rgb32,301,1067,0.0002711088733893262
rgb32,301,1068,0.00026736916814929445
rgb32,301,1069,0.0002642115303487723
rgb32,301,1070,0.00026328612133054105
rgb32,301,1071,0.0002598024950339986
rgb32,301,1072,0.0002591882247235775
rgb32,301,1073,0.00025794684539368355
rgb32,301,1074,0.0002557712276059024
rgb32,301,1075,0.00025268379150759907
rgb32,301,1076,0.00025156303415749205
rgb32,301,1077,0.00024732034351740553
rgb32,301,1078,0.0002465271330617393
rgb32,301,1079,0.00024486013989448815
rgb32,301,1080,0.00024206491526149746
rgb32,301,1081,0.0002399830006575154
rgb32,301,1082,0.00023697928297421468
rgb32,301,1083,0.00023489182119685337
rgb32,301,1084,0.00023475974537887526
rgb32,301,1085,0.00023301534845072852
rgb32,301,1086,0.00023101337835101693
rgb32,301,1087,0.00022698354807036193
rgb32,301,1088,0.00022668937510152715
rgb32,301,1089,0.0002255005914538041
rgb32,301,1090,0.00022407840177337922
rgb32,301,1091,0.00021992795009962844
rgb32,301,1092,0.00021889193211743204
rgb32,301,1093,0.00021602065613711196
rgb32,301,1094,0.00021336379258046192
rgb32,301,1095,0.00021199454223204943
rgb32,301,1096,0.0002100985147870419
rgb32,301,1097,0.0002085120809507166
rgb32,301,1098,0.00020729944947265878
rgb32,301,1099,0.000204865148073231
rgb32,301,1100,0.0002037542077876757
rgb32,301,1101,0.00020341353369551289
rgb32,301,1102,0.00019973805696507313
rgb32,301,1103,0.00019896109290219375
rgb32,301,1104,0.00019757785493327115
rgb32,301,1105,0.00019654995248798984
rgb32,301,1106,0.00019586976856047147
rgb32,301,1107,0.00019171253552374836
rgb32,301,1108,0.0001905848421247464
rgb32,301,1109,0.00018994741374538183
rgb32,301,1110,0.0001879454619123329
rgb32,301,1111,0.0001863473191766587
rgb32,301,1112,0.00018418030103682745
rgb32,301,1113,0.00018121471871947523
rgb32,301,1114,0.00018092408176452522
rgb32,301,1115,0.00017911958458933895
rgb32,301,1116,0.00017772945107072404
rgb32,301,1117,0.0001753100834348656
rgb32,301,1118,0.0001744490861591734
rgb32,301,1119,0.00017327519432685942
rgb32,301,1120,0.0001709122659043544
rgb32,301,1121,0.00016838564373319894
rgb32,301,1122,0.00016817665128478847
rgb32,301,1123,0.000165801734379024
rgb32,301,1124,0.00016506769215400474
rgb32,301,1125,0.00016417341971566347
rgb32,301,1126,0.00016209107270842075
rgb32,301,1127,0.00016102562895021856
rgb32,301,1128,0.00015970140453433818
rgb32,301,1129,0.0001589831885939194
rgb32,301,1130,0.00015572869310687655
rgb32,301,1131,0.00015486962202970143
rgb32,301,1132,0.00015254332232677675
rgb32,301,1133,0.00015213753367706648
rgb32,301,1134,0.00015085487858819806
rgb32,301,1135,0.00015023962342047083
rgb32,301,1136,0.00014744472161847365
rgb32,301,1137,0.00014601087939702137
rgb32,301,1138,0.0001451717628195541
rgb32,301,1139,0.00014228252513402308
rgb32,301,1140,0.00014121496960896226
rgb32,301,1141,0.00014057481711383382
rgb32,301,1142,0.00013800247131722984
rgb32,301,1143,0.00013757336731265286
rgb32,301,1144,0.00013578352906513445
rgb32,301,1145,0.00013376330256077736
rgb32,301,1146,0.00013202731821812638
rgb32,301,1147,0.0001311079395928082
rgb32,301,1148,0.00012860416332456317
rgb32,301,1149,0.00012840933769821342
rgb32,301,1150,0.0001281689576614754
rgb32,301,1151,0.00012658481278021233
rgb32,301,1152,0.00012543033298523324
rgb32,301,1153,0.0001253239565754264
rgb32,301,1154,0.00012166881397028557
rgb32,301,1155,0.00011919629434475094
rgb32,301,1156,0.00011797933063915773
rgb32,301,1157,0.00011698756699738806
rgb32,301,1158,0.0001162489689095764
rgb32,301,1159,0.00011412846446267647
rgb32,301,1160,0.00011386154311494807
rgb32,301,1161,0.00011281953231989638
rgb32,301,1162,0.0001119167558934155
rgb32,301,1163,0.00010955758831011954
rgb32,301,1164,0.00010809836168278376
rgb32,301,1165,0.00010696009871388238
rgb32,301,1166,0.00010487791847830432
rgb32,301,1167,0.00010455028518928598
rgb32,301,1168,0.00010316723214812342
rgb32,301,1169,0.00010137288418308106
rgb32,301,1170,9.970281015298912e-05
rgb32,301,1171,9.815573938310377e-05
rgb32,301,1172,9.777847549532219e-05
rgb32,301,1173,9.715708479950806e-05
rgb32,301,1174,9.555453251440055e-05
rgb32,301,1175,9.37583791696122e-05
rgb32,301,1176,9.244446971474759e-05
rgb32,301,1177,9.23080024699767e-05
rgb32,301,1178,8.886827170030088e-05
rgb32,301,1179,8.805286473963354e-05
rgb32,301,1180,8.712936712599846e-05
rgb32,301,1181,8.581525792184187e-05
rgb32,301,1182,8.492766557841966e-05
rgb32,301,1183,8.400826554901817e-05
rgb32,301,1184,8.156441382721412e-05
rgb32,301,1185,8.010780392063629e-05
rgb32,301,1186,7.812280585533103e-05
rgb32,301,1187,7.761098924714598e-05
rgb32,301,1188,7.692765728076685e-05
rgb32,301,1189,7.446459316929296e-05
rgb32,301,1190,7.16890999661882e-05
rgb32,301,1191,7.130893316945496e-05
rgb32,301,1192,6.914076619386084e-05
rgb32,301,1193,6.828608799219428e-05
rgb32,301,1194,6.620126737577605e-05
rgb32,301,1195,6.388449545961637e-05
rgb32,301,1196,6.253787147442062e-05
rgb32,301,1197,5.936121987483981e-05
rgb32,301,1198,5.722234942751272e-05
rgb32,301,1199,5.5553963222272534e-05
rgb32,301,1200,8.211435434241449e-31
avg16,301,1,13.819539567292969
avg16,301,2,4.9779970952224
avg16,301,3,3.3108660895660798
avg16,301,4,1.7709787547170341
avg16,301,5,1.6743368464078006
avg16,301,6,1.3476834627311405
avg16,301,7,1.1643175843929894
avg16,301,8,1.0771893672849637
avg16,301,9,0.9130951536010682
avg16,301,10,0.6983549502422078
avg16,301,11,0.6725887969029452
avg16,301,12,0.5527559248698763
avg16,301,13,0.5036038041053807
avg16,301,14,0.4899603909908108
avg16,301,15,0.4345613781914283
avg16,301,16,0.3987372776452549
avg16,301,17,0.3805819123831068
avg16,301,18,0.3420896731783036
avg16,301,19,0.31648107864249714
avg16,301,20,0.30923147449210714
avg16,301,21,0.2925834299302937
avg16,301,22,0.2831665937657712
avg16,301,23,0.2409292089996286
avg16,301,24,0.2355580232813973
avg16,301,25,0.22256953794934975
avg16,301,26,0.2103421066158598
avg16,301,27,0.2040451260184435
avg16,301,28,0.19745541464277705
avg16,301,29,0.18311705001208547
avg16,301,30,0.17334845796286036
avg16,301,31,0.15687225033545044
avg16,301,32,0.15612655336181203
avg16,301,33,0.1488566766623354
avg16,301,34,0.14298225494047787
avg16,301,35,0.1400952971619395
avg16,301,36,0.13237598937862466
avg16,301,37,0.12221663910518062
avg16,301,38,0.12047680273412095
avg16,301,39,0.11538668314755676
avg16,301,40,0.11227856000855749
avg16,301,41,0.10939977359899047
avg16,301,42,0.10604999962464833
avg16,301,43,0.0998856459300878
avg16,301,44,0.09821574844467373
avg16,301,45,0.09354479363550351
avg16,301,46,0.09138866961951234
avg16,301,47,0.08607671702611122
avg16,301,48,0.08452324266435138
avg16,301,49,0.083426918906399
avg16,301,50,0.08162093411679669
avg16,301,51,0.0780941929639963
avg16,301,52,0.07728221724231046
avg16,301,53,0.0749041020384362
avg16,301,54,0.07344041897032465
avg16,301,55,0.07252485519434242
avg16,301,56,0.07032232596271434
avg16,301,57,0.06803770141077614
avg16,301,58,0.06579559817463616
avg16,301,59,0.06491036448702861
avg16,301,60,0.06446264870350976
avg16,301,61,0.06305433421542402
avg16,301,62,0.06130482009552952
avg16,301,63,0.06106880554657069
avg16,301,64,0.058836557169007285
avg16,301,65,0.05613438070424706
avg16,301,66,0.05589655711583196
avg16,301,67,0.05469336234179147
avg16,301,68,0.053006694669871096
avg16,301,69,0.051436612252857915
avg16,301,70,0.050670407667021224
avg16,301,71,0.0500717453498203
avg16,301,72,0.04901525281541421
avg16,301,73,0.04789701556050207
avg16,301,74,0.046382979522403514
avg16,301,75,0.04393693513911383
avg16,301,76,0.0435408005467025
avg16,301,77,0.043233343323117325
avg16,301,78,0.042423196326105625
avg16,301,79,0.041395614207500916
avg16,301,80,0.04052765243224576
avg16,301,81,0.040345288965149356
avg16,301,82,0.03929454245536301
avg16,301,83,0.039022958708110615
avg16,301,84,0.03789227738975709
avg16,301,85,0.03735601315633749
avg16,301,86,0.036152953293383625
avg16,301,87,0.0355230336216114
avg16,301,88,0.035243282959452296
avg16,301,89,0.034201743158850335
avg16,301,90,0.03353276044697313
avg16,301,91,0.0332041193717578
avg16,301,92,0.032955776289551514
avg16,301,93,0.03222506491584722
avg16,301,94,0.03161944474216938
avg16,301,95,0.031050515254450704
avg16,301,96,0.030747708170126883
avg16,301,97,0.030236114020692588
avg16,301,98,0.029855227009660333
avg16,301,99,0.029595348941713277
avg16,301,100,0.029471501082394623
avg16,301,101,0.02831149319717769
avg16,301,102,0.027823978025916053
avg16,301,103,0.02737048299777108
avg16,301,104,0.02711527090526675
avg16,301,105,0.026796600487351444
avg16,301,106,0.02640750844120714
avg16,301,107,0.025861515641863512
avg16,301,108,0.02552407721264168
avg16,301,109,0.025149622787219893
avg16,301,110,0.024979399808354865
avg16,301,111,0.024816145589037084
avg16,301,112,0.024408214462485436
avg16,301,113,0.024061390384889456
avg16,301,114,0.02340344829291563
avg16,301,115,0.02306822305796818
avg16,301,116,0.022855131840209743
avg16,301,117,0.022606408441847265
avg16,301,118,0.02230133961270312
avg16,301,119,0.021950241169346983
avg16,301,120,0.021573420397765806
avg16,301,121,0.021384075558292723
avg16,301,122,0.020874809130339032
avg16,301,123,0.02086351466091578
avg16,301,124,0.02060274290188431
avg16,301,125,0.019865422328187714
avg16,301,126,0.019800684466074737
avg16,301,127,0.019518640929354406
avg16,301,128,0.019103752598953604
avg16,301,129,0.018831884528590356
avg16,301,130,0.01834422840345214
avg16,301,131,0.01805551009454652
avg16,301,132,0.01788854656851501
avg16,301,133,0.01771372968807537
avg16,301,134,0.017571980177508727
avg16,301,135,0.017489631463568668
avg16,301,136,0.017214120127119988
avg16,301,137,0.01703873082862216
avg16,301,138,0.01679156734543081
avg16,301,139,0.016491722754411783
avg16,301,140,0.016281996918321225
avg16,301,141,0.016234645981754118
avg16,301,142,0.015935544940006353
avg16,301,143,0.015812564081412166
avg16,301,144,0.015679950954060905
avg16,301,145,0.015316424407036124
avg16,301,146,0.014994656348713189
avg16,301,147,0.014906636115314554
avg16,301,148,0.01469006111558342
avg16,301,149,0.014628236149804538
avg16,301,150,0.014381092431552877
avg16,301,151,0.0141672997916367
avg16,301,152,0.014007901182377039
avg16,301,153,0.013972619589356687
avg16,301,154,0.013886020329128192
avg16,301,155,0.013546626220841566
avg16,301,156,0.013394878416617283
avg16,301,157,0.013155445957135449
avg16,301,158,0.013060090162958574
avg16,301,159,0.012870393193796126
avg16,301,160,0.012601264345448511
avg16,301,161,0.01248544350247023
avg16,301,162,0.012325491480050552
avg16,301,163,0.012251713827067728
avg16,301,164,0.012081119802511909
avg16,301,165,0.01203057062530143
avg16,301,166,0.011908403241721358
avg16,301,167,0.011692069088702003
avg16,301,168,0.011647548163291391
avg16,301,169,0.011308222285325504
avg16,301,170,0.011229189095486642
avg16,301,171,0.011121679907880874
avg16,301,172,0.011013802257772536
avg16,301,173,0.010898501972164706
avg16,301,174,0.010746766199668587
avg16,301,175,0.01068636888252949
avg16,301,176,0.010458298080541637
avg16,301,177,0.01044120892901948
avg16,301,178,0.010342720599987905
avg16,301,179,0.010188414324046609
avg16,301,180,0.009993454611754254
avg16,301,181,0.009925951177469763
avg16,301,182,0.009713761796088216
avg16,301,183,0.00947829673130613
avg16,301,184,0.009459464273514292
avg16,301,185,0.009278664772779405
avg16,301,186,0.009258227800069657
avg16,301,187,0.00915524015569961
avg16,301,188,0.008938240067761269
avg16,301,189,0.008914181998303737
avg16,301,190,0.008879239701836017
avg16,301,191,0.008732660261633773
avg16,301,192,0.00868807466894187
avg16,301,193,0.008660041457522956
avg16,301,194,0.008486165095483
avg16,301,195,0.008360223805080412
avg16,301,196,0.008217012278733456
avg16,301,197,0.008116658157111876
avg16,301,198,0.0080527969158114
avg16,301,199,0.00799614136589674
avg16,301,200,0.007786953815233093
avg16,301,201,0.007703610941901784
avg16,301,202,0.007688953018824299
avg16,301,203,0.0075600466491426
avg16,301,204,0.007463606053359474
avg16,301,205,0.007453353611559731
avg16,301,206,0.007317593834859018
avg16,301,207,0.007272238998107697
avg16,301,208,0.007134525115838761
avg16,301,209,0.007055804410017006
avg16,301,210,0.006984874865792948
avg16,301,211,0.006932570175233288
avg16,301,212,0.006807179988463071
avg16,301,213,0.006787863088090356
avg16,301,214,0.0067336902531055865
avg16,301,215,0.006669650236061849
avg16,301,216,0.006559333900726609
avg16,301,217,0.006510846173321032
avg16,301,218,0.006434080418215839
avg16,301,219,0.006345615431647157
avg16,301,220,0.006269728697037884
avg16,301,221,0.006216826823772502
avg16,301,222,0.006106686964245847
avg16,301,223,0.006077358652328347
avg16,301,224,0.005962699772733339
avg16,301,225,0.005901229226026335
avg16,301,226,0.0058601548532832915
avg16,301,227,0.005695624518627711
avg16,301,228,0.0056686596138940904
avg16,301,229,0.005618473934251854
avg16,301,230,0.005560555583534513
avg16,301,231,0.005511552572458647
avg16,301,232,0.005439847982176301
avg16,301,233,0.005381110801684544
avg16,301,234,0.00530396510863085
avg16,301,235,0.00525064911155323
avg16,301,236,0.005197008426666531
avg16,301,237,0.005168566255793399
avg16,301,238,0.005122730114259085
avg16,301,239,0.005008426141711621
avg16,301,240,0.004977242616969305
avg16,301,241,0.004929533793996438
avg16,301,242,0.0048669175197115855
avg16,301,243,0.004822851021876054
avg16,301,244,0.004812189782391805
avg16,301,245,0.004738772024107539
avg16,301,246,0.004651573276653538
avg16,301,247,0.004569425114248815
avg16,301,248,0.004549790788321542
avg16,301,249,0.004512646283433311
avg16,301,250,0.004483268151446621
avg16,301,251,0.00437134536713851
avg16,301,252,0.004280384114218321
avg16,301,253,0.0042179406535794
avg16,301,254,0.00418686366174208
avg16,301,255,0.004173857530558714
avg16,301,256,0.004128694452859023
avg16,301,257,0.004049976082529107
avg16,301,258,0.004022239191552308
avg16,301,259,0.003967085414909352
avg16,301,260,0.003925484213090982
avg16,301,261,0.003906213354238937
avg16,301,262,0.003867772423072242
avg16,301,263,0.003792735324168685
avg16,301,264,0.0037801628506795764
avg16,301,265,0.0037079634781723033
avg16,301,266,0.003655098245098631
avg16,301,267,0.003612423852911685
avg16,301,268,0.0035890261271992025
avg16,301,269,0.0035539263896529455
avg16,301,270,0.0035330293935526844
avg16,301,271,0.0034515866044698435
avg16,301,272,0.0033867741776999576
avg16,301,273,0.0033721972861812267
avg16,301,274,0.0033427455432980735
avg16,301,275,0.003270576225636754
avg16,301,276,0.0032173291532528858
avg16,301,277,0.003191314344481383
avg16,301,278,0.0031512557825023233
avg16,301,279,0.003126710746105756
avg16,301,280,0.0030913514359807563
avg16,301,281,0.003039885526697908
avg16,301,282,0.003038541963992039
avg16,301,283,0.0029909395244957144
avg16,301,284,0.0029564301551458358
avg16,301,285,0.0029139942008231923
avg16,301,286,0.002886995634906047
avg16,301,287,0.0028693650908305974
avg16,301,288,0.002861018814175235
avg16,301,289,0.0028131231256766486
avg16,301,290,0.0027674294434157005
avg16,301,291,0.0027300636145829115
avg16,301,292,0.0026986468223746864
avg16,301,293,0.002654889546442082
avg16,301,294,0.0026348251841293298
avg16,301,295,0.0026057714109193487
avg16,301,296,0.0025878121070218563
avg16,301,297,0.0025629519943967762
avg16,301,298,0.0025448070721493226
avg16,301,299,0.002525539587661964
avg16,301,300,0.0024644652874662534
avg16,301,301,0.002422598722408213
avg16,301,302,0.00238518999524843
avg16,301,303,0.00235286808999299
avg16,301,304,0.002341542275374013
avg16,301,305,0.0023059467580214808
avg16,301,306,0.002285405462139466
avg16,301,307,0.002262478760002578
avg16,301,308,0.0022459374671608633
avg16,301,309,0.002206624001662613
avg16,301,310,0.0021960516432678657
avg16,301,311,0.0021793056682502185
avg16,301,312,0.002161984310296191
avg16,301,313,0.002134126966573416
avg16,301,314,0.002103135559691396
avg16,301,315,0.00207550405160172
avg16,301,316,0.002047785859600587
avg16,301,317,0.0020348100790034927
avg16,301,318,0.001989346407711881
avg16,301,319,0.0019690240778000635
avg16,301,320,0.0019373817252850043
avg16,301,321,0.0018979089325686241
avg16,301,322,0.001887190574584174
avg16,301,323,0.001839314042429477
avg16,301,324,0.0018360210644194884
avg16,301,325,0.0018275824920465811
avg16,301,326,0.0017782486896924397
avg16,301,327,0.0017277220100785336
avg16,301,328,0.0017191006887057048
avg16,301,329,0.0017087604278918198
avg16,301,330,0.0016786326703994699
avg16,301,331,0.0016635067176559157
avg16,301,332,0.0016478109992669255
avg16,301,333,0.0016265271802819038
avg16,301,334,0.0016032604861657355
avg16,301,335,0.0016019708497028247
avg16,301,336,0.0015569374412328757
avg16,301,337,0.00154184382416168
avg16,301,338,0.0015171673273604966
avg16,301,339,0.0014992467803596702
avg16,301,340,0.0014898830832447939
avg16,301,341,0.0014697675599926769
avg16,301,342,0.0014473897087498653
avg16,301,343,0.0014346960096994525
avg16,301,344,0.0013935166909098667
avg16,301,345,0.0013907006255393516
avg16,301,346,0.001375344637567173
avg16,301,347,0.0013602329118266563
avg16,301,348,0.0013468347921101434
avg16,301,349,0.0013350318838553825
avg16,301,350,0.0013151312074389829
avg16,301,351,0.00129570821713198
avg16,301,352,0.0012676148648351796
avg16,301,353,0.0012525118679755122
avg16,301,354,0.001238245190316829
avg16,301,355,0.001226923813200579
avg16,301,356,0.0012082023356497933
avg16,301,357,0.0011994797361690693
avg16,301,358,0.0011850517002149664
avg16,301,359,0.0011592268631705255
avg16,301,360,0.0011460282122385907
avg16,301,361,0.0011272884352107233
avg16,301,362,0.001121129337872306
avg16,301,363,0.0011105972857275285
avg16,301,364,0.0011006268051145793
avg16,301,365,0.0010703562262402435
avg16,301,366,0.0010469162154862607
avg16,301,367,0.0010251855314911845
avg16,301,368,0.0010235043786778384
avg16,301,369,0.001006263568563331
avg16,301,370,0.0009970940167481465
avg16,301,371,0.0009810106954821357
avg16,301,372,0.0009685428051634201
avg16,301,373,0.0009589220547009049
avg16,301,374,0.0009455471315146703
avg16,301,375,0.000931528068624557
avg16,301,376,0.0009135036338212472
avg16,301,377,0.0009132075396665498
avg16,301,378,0.0008911614393553367
avg16,301,379,0.0008809939253764992
avg16,301,380,0.000874299816392641
avg16,301,381,0.0008674364529236096
avg16,301,382,0.0008547106944134642
avg16,301,383,0.0008425727963741499
avg16,301,384,0.0008347405951598429
avg16,301,385,0.0008162212196450327
avg16,301,386,0.0008086943108849026
avg16,301,387,0.0007964362759245825
avg16,301,388,0.0007826471178840813
avg16,301,389,0.0007799597338951342
avg16,301,390,0.0007591347375798467
avg16,301,391,0.000751039457977015
avg16,301,392,0.0007429635421885779
avg16,301,393,0.0007274432068318248
avg16,301,394,0.0007199228477822955
avg16,301,395,0.0007045098460188801
avg16,301,396,0.0006964714536204983
avg16,301,397,0.0006910539474608465
avg16,301,398,0.0006868194053898226
avg16,301,399,0.0006729502594592661
avg16,301,400,0.0006678707770789058
avg16,301,401,0.000659763848849007
avg16,301,402,0.0006526640341730773
avg16,301,403,0.0006481165941065232
avg16,301,404,0.0006307535842651877
avg16,301,405,0.000627612481896453
avg16,301,406,0.000615843535472312
avg16,301,407,0.0006076815898372587
avg16,301,408,0.0006044473443447269
avg16,301,409,0.000595421278289826
avg16,301,410,0.0005847655542667493
avg16,301,411,0.0005811267105377998
avg16,301,412,0.000575398939183279
avg16,301,413,0.000570760647839015
avg16,301,414,0.0005687526231653409
avg16,301,415,0.0005578916944511477
avg16,301,416,0.0005517669283337976
avg16,301,417,0.000544349115576093
avg16,301,418,0.0005314581141301269
avg16,301,419,0.0005219077114129763
avg16,301,420,0.0005190372392438821
avg16,301,421,0.0005152865001384866
avg16,301,422,0.0005087388782325473
avg16,301,423,0.0004976983270410198
avg16,301,424,0.0004898386257900782
avg16,301,425,0.0004877945540324591
avg16,301,426,0.00048126470005688206
avg16,301,427,0.00047636707263898435
avg16,301,428,0.00046887469665795223
avg16,301,429,0.00046211699399023327
avg16,301,430,0.00045535226319490393
avg16,301,431,0.00045016194682922616
avg16,301,432,0.0004479861944982165
avg16,301,433,0.00044431489134264066
avg16,301,434,0.00043519968099173055
avg16,301,435,0.0004323749067591
avg16,301,436,0.0004306475491779812
avg16,301,437,0.00043021278490452833
avg16,301,438,0.00041579921300192795
avg16,301,439,0.0004088155887470272
avg16,301,440,0.00040573271646858933
avg16,301,441,0.0004038103919899923
avg16,301,442,0.0003967805801966272
avg16,301,443,0.0003939223062754257
avg16,301,444,0.00039092313708737053
avg16,301,445,0.00038399131394602627
avg16,301,446,0.0003763004292308066
avg16,301,447,0.0003746357663485083
avg16,301,448,0.0003704350132131747
avg16,301,449,0.00036369989226044407
avg16,301,450,0.00036257358084321623
avg16,301,451,0.000353209329705341
avg16,301,452,0.00034963541283263987
avg16,301,453,0.0003456474880037854
avg16,301,454,0.00034237189221479874
avg16,301,455,0.00033895666694025336
avg16,301,456,0.0003349840041586775
avg16,301,457,0.00033347504765563575
avg16,301,458,0.00033229541809736107
avg16,301,459,0.00032538824234915254
avg16,301,460,0.0003247215291902977
avg16,301,461,0.0003198543405875307
avg16,301,462,0.00031366550372505686
avg16,301,463,0.00031020800048718193
avg16,301,464,0.0003091198394666007
avg16,301,465,0.0003043963284267777
avg16,301,466,0.0002978505666355174
avg16,301,467,0.0002953574075408786
avg16,301,468,0.0002916797509862622
avg16,301,469,0.0002898995237447289
avg16,301,470,0.000288380627267867
avg16,301,471,0.0002822023252329775
avg16,301,472,0.00027929809910864234
avg16,301,473,0.0002735659067767972
avg16,301,474,0.0002703133089538529
avg16,301,475,0.0002682861465016419
avg16,301,476,0.0002662108165657097
avg16,301,477,0.00026499066569594715
avg16,301,478,0.00026122466216490933
avg16,301,479,0.00026083678427560835
avg16,301,480,0.00025542142835081216
avg16,301,481,0.00024965734151347356
avg16,301,482,0.00024874060586316775
avg16,301,483,0.00024637732076557777
avg16,301,484,0.00024397986052052746
avg16,301,485,0.00024228206752737876
avg16,301,486,0.0002366621313178115
avg16,301,487,0.00023487847923492558
avg16,301,488,0.000233698801985388
avg16,301,489,0.00023153585344826366
avg16,301,490,0.00022776300326172858
avg16,301,491,0.0002231071139199279
avg16,301,492,0.00022089315197188468
avg16,301,493,0.00021965872366663754
avg16,301,494,0.0002186417988736388
avg16,301,495,0.00021798186139520024
avg16,301,496,0.00021482335747691165
avg16,301,497,0.00020776559281460364
avg16,301,498,0.0002076351914134946
avg16,301,499,0.00020694779084367087
avg16,301,500,0.00020162766172170785
avg16,301,501,0.0001994376720965575
avg16,301,502,0.00019863232944290147
avg16,301,503,0.00019714053641468594
avg16,301,504,0.0001951988959710366
avg16,301,505,0.0001939092389534348
avg16,301,506,0.00019060965963817089
avg16,301,507,0.00018859931466099213
avg16,301,508,0.00018515330456560103
avg16,301,509,0.00018236821059427024
avg16,301,510,0.00018043324595518734
avg16,301,511,0.00017596039636444568
avg16,301,512,0.00017411824416292676
avg16,301,513,0.0001719432497794148
avg16,301,514,0.00016949326186161992
avg16,301,515,0.00016894092220515422
avg16,301,516,0.00016432108247381
avg16,301,517,0.0001638482542566302
avg16,301,518,0.00016296923862408347
avg16,301,519,0.00016048659082734172
avg16,301,520,0.0001560230810932472
avg16,301,521,0.00015595718604111884
avg16,301,522,0.00015395798654497332
avg16,301,523,0.0001523978553962161
avg16,301,524,0.0001513453194133662
avg16,301,525,0.00014963948857318212
avg16,301,526,0.00014819150538013175
avg16,301,527,0.00014612748905457268
avg16,301,528,0.0001447061178700459
avg16,301,529,0.00014203175464626302
avg16,301,530,0.00014137590307314345
avg16,301,531,0.00014045406199147235
avg16,301,532,0.00013789072428601197
avg16,301,533,0.00013710999846191374
avg16,301,534,0.00013472797213756637
avg16,301,535,0.0001344809054841252
avg16,301,536,0.00013343526487916808
avg16,301,537,0.0001323659429820306
avg16,301,538,0.00012998818125362302
avg16,301,539,0.00012956155833889136
avg16,301,540,0.00012642139860043268
avg16,301,541,0.0001255408661912601
avg16,301,542,0.00012370580411954552
avg16,301,543,0.00012348374087042178
avg16,301,544,0.0001225739300409212
avg16,301,545,0.00012094291376926104
avg16,301,546,0.00012019583094979887
avg16,301,547,0.00011858627104995937
avg16,301,548,0.00011774414157299899
avg16,301,549,0.00011547580257014199
avg16,301,550,0.00011504133184242471
avg16,301,551,0.00011242237343498204
avg16,301,552,0.00011154626844690597
avg16,301,553,0.00011071065957350245
avg16,301,554,0.00010947291798741017
avg16,301,555,0.00010646429198243354
avg16,301,556,0.0001061040300498514
avg16,301,557,0.00010476553996456087
avg16,301,558,0.00010418542818215101
avg16,301,559,0.00010265407653953834
avg16,301,560,0.00010115616645664296
avg16,301,561,0.0001006706301415002
avg16,301,562,9.998398484271796e-05
avg16,301,563,9.907022267323148e-05
avg16,301,564,9.760606267936346e-05
avg16,301,565,9.668567576840166e-05
avg16,301,566,9.538471604184926e-05
avg16,301,567,9.46012186861966e-05
avg16,301,568,9.359928721440056e-05
avg16,301,569,9.315402034576245e-05
avg16,301,570,9.16535802927512e-05
avg16,301,571,9.097355623838728e-05
avg16,301,572,8.948639715204005e-05
avg16,301,573,8.795166983859159e-05
avg16,301,574,8.732554002836267e-05
avg16,301,575,8.647400087282004e-05
avg16,301,576,8.54839168744146e-05
avg16,301,577,8.412189121161612e-05
avg16,301,578,8.343876122950433e-05
avg16,301,579,8.249698245680035e-05
avg16,301,580,8.107380224523827e-05
avg16,301,581,7.961146127073254e-05
avg16,301,582,7.896202265723646e-05
avg16,301,583,7.74599398717508e-05
avg16,301,584,7.667966014151218e-05
avg16,301,585,7.530489871868046e-05
avg16,301,586,7.474077725385258e-05
avg16,301,587,7.411394320207726e-05
avg16,301,588,7.33576030584691e-05
avg16,301,589,7.226403786845198e-05
avg16,301,590,7.162710602521595e-05
avg16,301,591,7.095731288481814e-05
avg16,301,592,6.989069931418048e-05
avg16,301,593,6.94501580512046e-05
avg16,301,594,6.8108750985857e-05
avg16,301,595,6.679545043285912e-05
avg16,301,596,6.637084806975291e-05
avg16,301,597,6.592947651225877e-05
avg16,301,598,6.572256351237502e-05
avg16,301,599,6.38207763161814e-05
avg16,301,600,6.339890059455002e-05
avg16,301,601,6.240108484611515e-05
avg16,301,602,6.176071882356597e-05
avg16,301,603,6.119701785178654e-05
avg16,301,604,6.0071146218838715e-05
avg16,301,605,5.981073951949264e-05
avg16,301,606,5.9479179198498336e-05
avg16,301,607,5.864195040356226e-05
avg16,301,608,5.8130516395953865e-05
avg16,301,609,5.724622052601871e-05
avg16,301,610,5.637774449073729e-05
avg16,301,611,5.59323301290029e-05
avg16,301,612,5.530631878087473e-05
avg16,301,613,5.4701231274201216e-05
avg16,301,614,5.397819498557294e-05
avg16,301,615,5.3367777732696027e-05
avg16,301,616,5.23596026272294e-05
avg16,301,617,5.1929795695682415e-05
avg16,301,618,5.1530348101590037e-05
avg16,301,619,5.078354845402675e-05
avg16,301,620,5.03169123914912e-05
avg16,301,621,4.9790102894504355e-05
avg16,301,622,4.966757422432824e-05
avg16,301,623,4.921800375348761e-05
avg16,301,624,4.879180605244081e-05
avg16,301,625,4.7683895672418934e-05
avg16,301,626,4.6605274674244977e-05
avg16,301,627,4.631676359142777e-05
avg16,301,628,4.624658209725492e-05
avg16,301,629,4.553715063521654e-05
avg16,301,630,4.490626612538024e-05
avg16,301,631,4.4298362828176556e-05
avg16,301,632,4.336083252296161e-05
avg16,301,633,4.274164392055107e-05
avg16,301,634,4.2425914596636396e-05
avg16,301,635,4.1052838149267295e-05
avg16,301,636,4.041741246499458e-05
avg16,301,637,4.009079330824914e-05
avg16,301,638,3.970704868906949e-05
avg16,301,639,3.9291386047808325e-05
avg16,301,640,3.9243845916107374e-05
avg16,301,641,3.868561706292294e-05
avg16,301,642,3.833616709396183e-05
avg16,301,643,3.79297012391781e-05
avg16,301,644,3.7098917965569345e-05
avg16,301,645,3.665381397134462e-05
avg16,301,646,3.565614828881361e-05
avg16,301,647,3.554098475466281e-05
avg16,301,648,3.528592881675138e-05
avg16,301,649,3.4709780503131326e-05
avg16,301,650,3.4359853341611485e-05
avg16,301,651,3.343197857271527e-05
avg16,301,652,3.323795518733207e-05
avg16,301,653,3.274117339489656e-05
avg16,301,654,3.239307683332674e-05
avg16,301,655,3.209402617491305e-05
avg16,301,656,3.105990760151109e-05
avg16,301,657,3.073470374946354e-05
avg16,301,658,3.068235941000289e-05
avg16,301,659,3.0175583161435172e-05
avg16,301,660,2.9789193319326803e-05
avg16,301,661,2.897814699600126e-05
avg16,301,662,2.856745830766686e-05
avg16,301,663,2.829397031006025e-05
avg16,301,664,2.8015353962477386e-05
avg16,301,665,2.7950131491198946e-05
avg16,301,666,2.7334114692899373e-05
avg16,301,667,2.7080643318405913e-05
avg16,301,668,2.627530544987942e-05
avg16,301,669,2.597495556854256e-05
avg16,301,670,2.551378822224148e-05
avg16,301,671,2.5426969192107554e-05
avg16,301,672,2.528804284633959e-05
avg16,301,673,2.471282463461393e-05
avg16,301,674,2.4200120576667752e-05
avg16,301,675,2.400062671526831e-05
avg16,301,676,2.3816299277322116e-05
avg16,301,677,2.340216010836437e-05
avg16,301,678,2.3243258945304165e-05
avg16,301,679,2.2834252692752518e-05
avg16,301,680,2.2482153465226932e-05
avg16,301,681,2.2117141761931094e-05
avg16,301,682,2.169172359887249e-05
avg16,301,683,2.150956046473718e-05
avg16,301,684,2.1315493704311406e-05
avg16,301,685,2.0867522047497793e-05
avg16,301,686,2.044759840811846e-05
avg16,301,687,2.0015051087783466e-05
avg16,301,688,1.973039173723742e-05
avg16,301,689,1.9529771612053527e-05
avg16,301,690,1.9160202767236367e-05
avg16,301,691,1.9062124691923248e-05
avg16,301,692,1.862426903400072e-05
avg16,301,693,1.828290319300324e-05
avg16,301,694,1.793327359225728e-05
avg16,301,695,1.7682470806594107e-05
avg16,301,696,1.7383197279303502e-05
avg16,301,697,1.723956165035919e-05
avg16,301,698,1.684309816596126e-05
avg16,301,699,1.660327668717319e-05
avg16,301,700,1.6281825709594525e-05
avg16,301,701,1.6137177180845477e-05
avg16,301,702,1.5783508626421004e-05
avg16,301,703,1.5390551917478462e-05
avg16,301,704,1.5285675513462367e-05
avg16,301,705,1.5142646147727627e-05
avg16,301,706,1.4835003110285644e-05
avg16,301,707,1.4420131367604011e-05
avg16,301,708,1.4094483342408568e-05
avg16,301,709,1.3962464500756262e-05
avg16,301,710,1.3693052383674881e-05
avg16,301,711,1.3516401565723196e-05
avg16,301,712,1.3101239583422912e-05
avg16,301,713,1.3013127707846367e-05
avg16,301,714,1.2906392886761012e-05
avg16,301,715,1.2802763445738403e-05
avg16,301,716,1.2585588323113333e-05
avg16,301,717,1.2342530799859764e-05
avg16,301,718,1.1763524775036205e-05
avg16,301,719,1.1722538790222158e-05
avg16,301,720,1.1455282237788348e-05
avg16,301,721,1.1203131824502028e-05
avg16,301,722,1.1037542397254436e-05
avg16,301,723,1.0910199940174101e-05
avg16,301,724,1.061166774178968e-05
avg16,301,725,1.0439041724430263e-05
avg16,301,726,1.0261692016434516e-05
avg16,301,727,1.0166354211329568e-05
avg16,301,728,9.616378550040607e-06
avg16,301,729,9.463218468619088e-06
avg16,301,730,9.257674642786163e-06
avg16,301,731,9.088535461143609e-06
avg16,301,732,9.023531780882968e-06
avg16,301,733,8.726512868995649e-06
avg16,301,734,8.674502762370852e-06
avg16,301,735,8.431633087638705e-06
avg16,301,736,8.187221833038033e-06
avg16,301,737,8.020537272819995e-06
avg16,301,738,7.87587542811154e-06
avg16,301,739,7.825631302820604e-06
avg16,301,740,7.529065513294537e-06
avg16,301,741,7.286006455033513e-06
avg16,301,742,7.175679747074295e-06
avg16,301,743,6.9609891489272384e-06
avg16,301,744,6.820645348149757e-06
avg16,301,745,6.598920448776848e-06
avg16,301,746,6.440750953683715e-06
avg16,301,747,6.268675355736991e-06
avg16,301,748,6.123068070566766e-06
avg16,301,749,5.835154537073431e-06
avg16,301,750,5.722985972609778e-06
avg16,301,751,5.5398976530210386e-06
avg16,301,752,5.452110976708565e-06
avg16,301,753,5.30316431578785e-06
avg16,301,754,5.120324706003584e-06
avg16,301,755,5.075298690399095e-06
avg16,301,756,4.795088168245112e-06
avg16,301,757,4.497865212596433e-06
avg16,301,758,4.432047026888702e-06
avg16,301,759,4.2225493934186805e-06
avg16,301,760,4.0977047724735606e-06
avg16,301,761,3.977794546558603e-06
avg16,301,762,3.818399556018458e-06
avg16,301,763,3.7282388746025355e-06
avg16,301,764,3.449856953160594e-06
avg16,301,765,3.2117681293481075e-06
avg16,301,766,3.1331104541605764e-06
avg16,301,767,2.870007971541194e-06
avg16,301,768,2.8244956613554295e-06
rgb32,302,1,56.05097573326258
rgb32,302,2,21.610380373816437
rgb32,302,3,12.682512739267592
rgb32,302,4,7.381287404995661
rgb32,302,5,6.556032306823782
rgb32,302,6,5.427068535532392
rgb32,302,7,5.206070797623648
rgb32,302,8,4.353246432133717
rgb32,302,9,3.522995660301609
rgb32,302,10,2.643643852282246
rgb32,302,11,2.317177671325783
rgb32,302,12,2.269147138567178
rgb32,302,13,2.083898796756839
rgb32,302,14,2.034846078664535
rgb32,302,15,1.7443461049534505
rgb32,302,16,1.6345162867764653
rgb32,302,17,1.5315729043213124
rgb32,302,18,1.4735658070942752
rgb32,302,19,1.407507126376078
rgb32,302,20,1.211861072937013
rgb32,302,21,1.1979103799823039
rgb32,302,22,1.1664486871933557
rgb32,302,23,1.0155058886837367
rgb32,302,24,0.9792758721458042
rgb32,302,25,0.9743971895720231
rgb32,302,26,0.8884052847076935
rgb32,302,27,0.8745714757115984
rgb32,302,28,0.8158760150532726
rgb32,302,29,0.8017016334052184
rgb32,302,30,0.7554497738266619
rgb32,302,31,0.7071402172165655
rgb32,302,32,0.6789631269655115
rgb32,302,33,0.6359163950541744
rgb32,302,34,0.6079762581759721
rgb32,302,35,0.5993509071532382
rgb32,302,36,0.5754292217189484
rgb32,302,37,0.5726014284551578
rgb32,302,38,0.5576536744838386
rgb32,302,39,0.530513688361401
rgb32,302,40,0.5201891182942403
rgb32,302,41,0.49560918066247023
rgb32,302,42,0.4682695372382414
rgb32,302,43,0.46635008689124763
rgb32,302,44,0.44525010159064304
rgb32,302,45,0.4305960311303506
rgb32,302,46,0.41021105843553296
rgb32,302,47,0.4055187064022398
rgb32,302,48,0.3937269828190906
rgb32,302,49,0.3848537556254963
rgb32,302,50,0.37487621920533387
rgb32,302,51,0.358272183472571
rgb32,302,52,0.351890294069382
rgb32,302,53,0.34721081979986484
rgb32,302,54,0.33972664705672717
rgb32,302,55,0.330601737929782
rgb32,302,56,0.32406910547472395
rgb32,302,57,0.31922666622169255
rgb32,302,58,0.3088647722706456
rgb32,302,59,0.30417389345944895
rgb32,302,60,0.29252487923073683
rgb32,302,61,0.29026393998640754
rgb32,302,62,0.2854903934663554
rgb32,302,63,0.2777047639446101
rgb32,302,64,0.2729836675130729
rgb32,302,65,0.2718228329925241
rgb32,302,66,0.26437600570053155
rgb32,302,67,0.2608591238558251
rgb32,302,68,0.25503866783171014
rgb32,302,69,0.24655337031160166
rgb32,302,70,0.24188483370334268
rgb32,302,71,0.23876591923856008
rgb32,302,72,0.23462884506042533
rgb32,302,73,0.23303107423991454
rgb32,302,74,0.23152451434418617
rgb32,302,75,0.22691520704139564
rgb32,302,76,0.21938805582922363
rgb32,302,77,0.21529777782213136
rgb32,302,78,0.21167224628721432
rgb32,302,79,0.20879928940435435
rgb32,302,80,0.20595880240593933
rgb32,302,81,0.20176186834369042
rgb32,302,82,0.19625073051876088
rgb32,302,83,0.19062806349554154
rgb32,302,84,0.18771930224199526
rgb32,302,85,0.18236981288740164
rgb32,302,86,0.18181950431560648
rgb32,302,87,0.1792359327237808
rgb32,302,88,0.17688570233458029
rgb32,302,89,0.1752388754324669
rgb32,302,90,0.17242895071814027
rgb32,302,91,0.17057419522675893
rgb32,302,92,0.16753782605127496
rgb32,302,93,0.16582980709681147
rgb32,302,94,0.16335145241503476
rgb32,302,95,0.1621390872601751
rgb32,302,96,0.1583927936699791
rgb32,302,97,0.15681885006695045
rgb32,302,98,0.1544713506646114
rgb32,302,99,0.15319322959007292
rgb32,302,100,0.1480275551785737
rgb32,302,101,0.14733613927661793
rgb32,302,102,0.1466192760464391
rgb32,302,103,0.14492265457525644
rgb32,302,104,0.14386511423225834
rgb32,302,105,0.14202014756827205
rgb32,302,106,0.13978491354504258
rgb32,302,107,0.13653156105355743
rgb32,302,108,0.1353992599863817
rgb32,302,109,0.13506547490653653
rgb32,302,110,0.13443925176735336
rgb32,302,111,0.1327085339763657
rgb32,302,112,0.13160450430749696
rgb32,302,113,0.12802387358338074
rgb32,302,114,0.1263213342082815
rgb32,302,115,0.12376252555714737
rgb32,302,116,0.1230631323261837
rgb32,302,117,0.12190494674029823
rgb32,302,118,0.12076688551351127
rgb32,302,119,0.11811071088355607
rgb32,302,120,0.11794478037676837
rgb32,302,121,0.11561237161732155
rgb32,302,122,0.114335323695515
rgb32,302,123,0.11166809399336491
rgb32,302,124,0.11123485114799975
rgb32,302,125,0.10939647656543675
rgb32,302,126,0.10848141069177647
rgb32,302,127,0.10724358125509546
rgb32,302,128,0.10524031776630804
rgb32,302,129,0.10500123950537753
rgb32,302,130,0.10476902860169333
rgb32,302,131,0.10263912830817397
rgb32,302,132,0.10160343602413119
rgb32,302,133,0.10049583956726554
rgb32,302,134,0.0998785558173396
rgb32,302,135,0.09782401786533072
rgb32,302,136,0.09714519175640739
rgb32,302,137,0.09558714343748317
rgb32,302,138,0.0953992457885214
rgb32,302,139,0.0944425824840048
rgb32,302,140,0.0929805689915934
rgb32,302,141,0.0922994100772053
rgb32,302,142,0.09043185633898004
rgb32,302,143,0.08919935859458791
rgb32,302,144,0.08841106934743351
rgb32,302,145,0.08785898945720226
rgb32,302,146,0.08721388316964736
rgb32,302,147,0.08513578064358411
rgb32,302,148,0.08485192362028587
rgb32,302,149,0.08443699636152444
rgb32,302,150,0.0835797968258898
rgb32,302,151,0.08203185273320603
rgb32,302,152,0.08095511536822081
rgb32,302,153,0.08012379630494147
rgb32,302,154,0.07994063942916485
rgb32,302,155,0.0789164846698382
rgb32,302,156,0.07832874945383941
rgb32,302,157,0.07742905852787633
rgb32,302,158,0.07693486206321473
rgb32,302,159,0.07612528321521163
rgb32,302,160,0.0755924659139899
rgb32,302,161,0.07475168013272024
rgb32,302,162,0.07440428203275075
rgb32,302,163,0.07333763896851728
rgb32,302,164,0.07214761690744462
rgb32,302,165,0.0718820370463803
rgb32,302,166,0.07123033481263018
rgb32,302,167,0.07098164345607107
rgb32,302,168,0.07011109047554163
rgb32,302,169,0.06938469842839584
rgb32,302,170,0.06920099199155522
rgb32,302,171,0.06827721903405877
rgb32,302,172,0.06737470516832958
rgb32,302,173,0.06635608358585066
rgb32,302,174,0.06609907158911668
rgb32,302,175,0.06506875512954834
rgb32,302,176,0.06479994979912926
rgb32,302,177,0.06475766419158205
rgb32,302,178,0.06383397321130235
rgb32,302,179,0.06341037938160313
rgb32,302,180,0.0626276158435115
rgb32,302,181,0.06232036025104825
rgb32,302,182,0.061651563240801684
rgb32,302,183,0.060570939951894893
rgb32,302,184,0.06029154224099514
rgb32,302,185,0.06010943294913522
rgb32,302,186,0.05929912740279773
rgb32,302,187,0.058847360351796885
rgb32,302,188,0.05846384205478893
rgb32,302,189,0.057987305166684766
rgb32,302,190,0.05746594934594751
rgb32,302,191,0.0571554378982681
rgb32,302,192,0.056403402902259626
rgb32,302,193,0.05618477906831026
rgb32,302,194,0.05574461152669648
rgb32,302,195,0.05540478022165121
rgb32,302,196,0.0552256365143275
rgb32,302,197,0.054291585184036636
rgb32,302,198,0.0536170190585993
rgb32,302,199,0.0533485294089396
rgb32,302,200,0.05331747592001355
rgb32,302,201,0.05248542761348803
rgb32,302,202,0.052242025893375385
rgb32,302,203,0.051773313826895866
rgb32,302,204,0.051335839253491375
rgb32,302,205,0.05120639934384278
rgb32,302,206,0.05094428884621669
rgb32,302,207,0.04978599476390158
rgb32,302,208,0.04961861235250632
rgb32,302,209,0.0491954103025283
rgb32,302,210,0.04874439323927441
rgb32,302,211,0.04840598072549222
rgb32,302,212,0.047977491380082504
rgb32,302,213,0.04750377967819521
rgb32,302,214,0.047213168397151
rgb32,302,215,0.0467803406549364
rgb32,302,216,0.04635391531385059
rgb32,302,217,0.04624727339774237
rgb32,302,218,0.045930319865609345
rgb32,302,219,0.045653545658166185
rgb32,302,220,0.04526974489975928
rgb32,302,221,0.04510012269083091
rgb32,302,222,0.04490648668607558
rgb32,302,223,0.04374469882246205
rgb32,302,224,0.04343955571132104
rgb32,302,225,0.04284685140619667
rgb32,302,226,0.042577230244838116
rgb32,302,227,0.04241156027449367
rgb32,302,228,0.041626116533875275
rgb32,302,229,0.04154820502925877
rgb32,302,230,0.04115830684162144
rgb32,302,231,0.040853642310466225
rgb32,302,232,0.04077802220751942
rgb32,302,233,0.04044332589527136
rgb32,302,234,0.040240526355602324
rgb32,302,235,0.04020133139385584
rgb32,302,236,0.039636254366921274
rgb32,302,237,0.03954270015148345
rgb32,302,238,0.03909403034538676
rgb32,302,239,0.03854782838643554
rgb32,302,240,0.03834823758740883
rgb32,302,241,0.03794076223894912
rgb32,302,242,0.03790629745754256
rgb32,302,243,0.03747649645290171
rgb32,302,244,0.03704666947773284
rgb32,302,245,0.03692010217279125
rgb32,302,246,0.03680150877663789
rgb32,302,247,0.03642261971060944
rgb32,302,248,0.03606412249257071
rgb32,302,249,0.03601241640487426
rgb32,302,250,0.03557681604579182
rgb32,302,251,0.035294383261841956
rgb32,302,252,0.03506510015648696
rgb32,302,253,0.03497555216573008
rgb32,302,254,0.03458627352289164
rgb32,302,255,0.03424709671951472
rgb32,302,256,0.034069244308142135
rgb32,302,257,0.033776072327340007
rgb32,302,258,0.033605421254492084
rgb32,302,259,0.033244747187257874
rgb32,302,260,0.032889857964934
rgb32,302,261,0.03273749573586227
rgb32,302,262,0.03260098462840492
rgb32,302,263,0.03241957912530959
rgb32,302,264,0.032368764941113584
rgb32,302,265,0.031966816095975605
rgb32,302,266,0.031888227932876705
rgb32,302,267,0.0315095115027575
rgb32,302,268,0.03142528750759084
rgb32,302,269,0.031162670182620703
rgb32,302,270,0.030815769847588975
rgb32,302,271,0.030668417104806965
rgb32,302,272,0.03057771907464029
rgb32,302,273,0.03028300027634762
rgb32,302,274,0.02990270003997746
rgb32,302,275,0.029828779887173373
rgb32,302,276,0.029581816205282954
rgb32,302,277,0.02940392044458747
rgb32,302,278,0.029127489879739777
rgb32,302,279,0.02869222185611302
rgb32,302,280,0.028562296830540682
rgb32,302,281,0.028207227547092262
rgb32,302,282,0.027987087406621727
rgb32,302,283,0.02790892636193047
rgb32,302,284,0.027693147825778263
rgb32,302,285,0.02747242480547074
rgb32,302,286,0.027389836930452355
rgb32,302,287,0.027191636343355467
rgb32,302,288,0.02703068565434468
rgb32,302,289,0.026980042646213214
rgb32,302,290,0.026661033544756536
rgb32,302,291,0.026522857542316775
rgb32,302,292,0.026280847078413376
rgb32,302,293,0.026157689669339377
rgb32,302,294,0.025891317791080462
rgb32,302,295,0.025770674474825724
rgb32,302,296,0.02556296233747915
rgb32,302,297,0.025462583269196447
rgb32,302,298,0.025346956363731032
rgb32,302,299,0.02518845435045537
rgb32,302,300,0.02483211588029639
rgb32,302,301,0.024766746929255647
rgb32,302,302,0.024671481277198183
rgb32,302,303,0.024593222695304964
rgb32,302,304,0.024377624133796544
rgb32,302,305,0.024171828435936973
rgb32,302,306,0.023938969092050563
rgb32,302,307,0.023873833894959756
rgb32,302,308,0.023556262610694892
rgb32,302,309,0.023471602396296698
rgb32,302,310,0.02338319355928408
rgb32,302,311,0.023190371682594458
rgb32,302,312,0.02304266606852575
rgb32,302,313,0.02289333851851515
rgb32,302,314,0.022853595988309522
rgb32,302,315,0.022730055973689947
rgb32,302,316,0.022527611190829647
rgb32,302,317,0.02235630132829087
rgb32,302,318,0.022145141759934123
rgb32,302,319,0.022078507337589377
rgb32,302,320,0.021888329486905913
rgb32,302,321,0.021771616146300736
rgb32,302,322,0.02163729867886089
rgb32,302,323,0.021391646568348386
rgb32,302,324,0.021238105597415343
rgb32,302,325,0.021130651114742056
rgb32,302,326,0.021102076871282145
rgb32,302,327,0.02092452771743426
rgb32,302,328,0.020830701901111994
rgb32,302,329,0.02076718951211861
rgb32,302,330,0.020672911535848337
rgb32,302,331,0.02044155567109359
rgb32,302,332,0.0203519685267087
rgb32,302,333,0.02028037574904447
rgb32,302,334,0.02019912027745781
rgb32,302,335,0.02008055805501984
rgb32,302,336,0.019908580269867908
rgb32,302,337,0.01976907183853248
rgb32,302,338,0.01953310643939847
rgb32,302,339,0.019466467708344044
rgb32,302,340,0.019393502419654624
rgb32,302,341,0.01931015380671213
rgb32,302,342,0.01915722973747962
rgb32,302,343,0.019145379520149265
rgb32,302,344,0.01892670728755796
rgb32,302,345,0.018893934489784076
rgb32,302,346,0.018804764152086508
rgb32,302,347,0.018496118760204447
rgb32,302,348,0.018385378625153794
rgb32,302,349,0.018200739582158353
rgb32,302,350,0.018092829712719395
rgb32,302,351,0.018041060776202145
rgb32,302,352,0.0179540117231663
rgb32,302,353,0.017698467895569708
rgb32,302,354,0.01765026681357908
rgb32,302,355,0.01762921185854648
rgb32,302,356,0.017427591440952583
rgb32,302,357,0.01732660501301189
rgb32,302,358,0.017206792332522786
rgb32,302,359,0.017112810919818262
rgb32,302,360,0.017058639745657234
rgb32,302,361,0.016931323587310265
rgb32,302,362,0.016831538098465958
rgb32,302,363,0.016766223474705678
rgb32,302,364,0.016710277079638586
rgb32,302,365,0.016591160103461924
rgb32,302,366,0.016508607297160794
rgb32,302,367,0.01633431415943905
rgb32,302,368,0.016156184670643597
rgb32,302,369,0.016128675864963433
rgb32,302,370,0.016036946872470106
rgb32,302,371,0.01592131792747195
rgb32,302,372,0.015853235450484955
rgb32,302,373,0.015767794958737567
rgb32,302,374,0.01572744616331373
rgb32,302,375,0.015699141387387917
rgb32,302,376,0.015579005743076406
rgb32,302,377,0.015522476020535005
rgb32,302,378,0.015404133932678104
rgb32,302,379,0.015247654745624473
rgb32,302,380,0.01516708013852637
rgb32,302,381,0.015069113184025288
rgb32,302,382,0.014946131307806499
rgb32,302,383,0.014931520803727932
rgb32,302,384,0.01473466329835569
rgb32,302,385,0.014725591571166836
rgb32,302,386,0.014534990796649654
rgb32,302,387,0.01449290928746477
rgb32,302,388,0.014374581876511012
rgb32,302,389,0.014272630862225896
rgb32,302,390,0.014247753418869505
rgb32,302,391,0.014127290002275849
rgb32,302,392,0.014058580625982165
rgb32,302,393,0.014028925872439152
rgb32,302,394,0.013949718213110031
rgb32,302,395,0.01383352861256285
rgb32,302,396,0.013714521130029626
rgb32,302,397,0.013615162200931686
rgb32,302,398,0.013532966737131603
rgb32,302,399,0.013397352995710956
rgb32,302,400,0.013360366309871257
rgb32,302,401,0.013325737654942757
rgb32,302,402,0.013158923464154168
rgb32,302,403,0.01312196409508438
rgb32,302,404,0.013083579366315136
rgb32,302,405,0.012897612766993256
rgb32,302,406,0.012888444293661297
rgb32,302,407,0.012839222407616972
rgb32,302,408,0.01273179334696379
rgb32,302,409,0.012633598620535137
rgb32,302,410,0.012564871590935769
rgb32,302,411,0.012447608488815277
rgb32,302,412,0.012427644677630686
rgb32,302,413,0.012349386800130082
rgb32,302,414,0.012293698863338035
rgb32,302,415,0.012208819695202267
rgb32,302,416,0.012081270907573887
rgb32,302,417,0.012017794869432523
rgb32,302,418,0.011975954993374017
rgb32,302,419,0.011934187216868071
rgb32,302,420,0.01180882446725648
rgb32,302,421,0.011789976310752738
rgb32,302,422,0.011739269924019736
rgb32,302,423,0.01169745230391802
rgb32,302,424,0.011541957858265933
rgb32,302,425,0.011510478764230427
rgb32,302,426,0.011470987778337995
rgb32,302,427,0.011405589814129778
rgb32,302,428,0.011312309811095645
rgb32,302,429,0.011250559424916508
rgb32,302,430,0.011163270394217559
rgb32,302,431,0.011110007563046267
rgb32,302,432,0.011096481346934509
rgb32,302,433,0.011050371477757516
rgb32,302,434,0.01091270320003148
rgb32,302,435,0.010882426655606384
rgb32,302,436,0.01083522188505505
rgb32,302,437,0.010794580523576193
rgb32,302,438,0.01073240421310394
rgb32,302,439,0.010663404603496998
rgb32,302,440,0.010605695209851775
rgb32,302,441,0.010535755276497884
rgb32,302,442,0.010445423226688512
rgb32,302,443,0.010416595827201542
rgb32,302,444,0.010322227582373977
rgb32,302,445,0.010289460721930247
rgb32,302,446,0.010238945138416245
rgb32,302,447,0.010151551668111275
rgb32,302,448,0.0101197711101921
rgb32,302,449,0.010050037386253643
rgb32,302,450,0.010009249516938979
rgb32,302,451,0.009977084864912293
rgb32,302,452,0.009870288412408756
rgb32,302,453,0.009811531776319098
rgb32,302,454,0.0097876120467435
rgb32,302,455,0.009715893380982473
rgb32,302,456,0.009696131971705896
rgb32,302,457,0.009599634438681146
rgb32,302,458,0.009539940117056969
rgb32,302,459,0.009500019333717932
rgb32,302,460,0.009456585335768613
rgb32,302,461,0.009425115376630187
rgb32,302,462,0.009400256322737019
rgb32,302,463,0.009294448285046287
rgb32,302,464,0.009229849101411643
rgb32,302,465,0.009188134187490229
rgb32,302,466,0.009164328930216974
rgb32,302,467,0.009148387695357597
rgb32,302,468,0.009077389063630148
rgb32,302,469,0.00900391077494297
rgb32,302,470,0.00898946236998943
rgb32,302,471,0.008901578036779182
rgb32,302,472,0.008837624342647333
rgb32,302,473,0.008801152789609511
rgb32,302,474,0.008731469215120915
rgb32,302,475,0.008708323694561008
rgb32,302,476,0.008677917075766742
rgb32,302,477,0.008603822422963163
rgb32,302,478,0.008529339850642846
rgb32,302,479,0.008510623391040495
rgb32,302,480,0.008430977220561403
rgb32,302,481,0.008411011134422794
rgb32,302,482,0.008384116830428742
rgb32,302,483,0.00830927674096313
rgb32,302,484,0.008275669995916642
rgb32,302,485,0.008257232331728283
rgb32,302,486,0.00820571598496736
rgb32,302,487,0.00814024191520973
rgb32,302,488,0.00807146353466568
rgb32,302,489,0.008055133196687908
rgb32,302,490,0.008028814568726155
rgb32,302,491,0.007983029486318016
rgb32,302,492,0.007914450999381248
rgb32,302,493,0.007875082794740022
rgb32,302,494,0.007809552111483254
rgb32,302,495,0.00775495244182587
rgb32,302,496,0.007718379495632575
rgb32,302,497,0.007645571171427817
rgb32,302,498,0.007614537169283037
rgb32,302,499,0.007539148633591841
rgb32,302,500,0.007505226883449504
rgb32,302,501,0.007474340899079889
rgb32,302,502,0.007425574541312723
rgb32,302,503,0.007408303258127996
rgb32,302,504,0.007371074228676323
rgb32,302,505,0.007318700564102547
rgb32,302,506,0.007293058666290048
rgb32,302,507,0.007264146675813694
rgb32,302,508,0.0072383714688223485
rgb32,302,509,0.007200294639494271
rgb32,302,510,0.007150444970850842
rgb32,302,511,0.007104647501654952
rgb32,302,512,0.007073295924782435
rgb32,302,513,0.00703576481677419
rgb32,302,514,0.007005055053577176
rgb32,302,515,0.006947536307696496
rgb32,302,516,0.00692269533283798
rgb32,302,517,0.006905629340458949
rgb32,302,518,0.00685959584516796
rgb32,302,519,0.006823163205243771
rgb32,302,520,0.006784352622793723
rgb32,302,521,0.006735369610734467
rgb32,302,522,0.006684743777449649
rgb32,302,523,0.006668459910424284
rgb32,302,524,0.006604538109533325
rgb32,302,525,0.006579329800537192
rgb32,302,526,0.006531305911618169
rgb32,302,527,0.006523090980613886
rgb32,302,528,0.006489663928609984
rgb32,302,529,0.0064606560005194
rgb32,302,530,0.0064192493020322665
rgb32,302,531,0.006381494185477643
rgb32,302,532,0.006364353505688612
rgb32,302,533,0.006290215399008803
rgb32,302,534,0.006267874800317225
rgb32,302,535,0.006200279066056743
rgb32,302,536,0.006192464922994233
rgb32,302,537,0.006167586952027996
rgb32,302,538,0.006090175453095403
rgb32,302,539,0.006051580260575252
rgb32,302,540,0.006031572539267124
rgb32,302,541,0.006015974721134682
rgb32,302,542,0.005966678297157411
rgb32,302,543,0.005911096375419592
rgb32,302,544,0.005904334269222971
rgb32,302,545,0.005889466390329604
rgb32,302,546,0.005840508034984809
rgb32,302,547,0.005818941690986433
rgb32,302,548,0.005796070206031617
rgb32,302,549,0.005763068121442025
rgb32,302,550,0.0057430621686518635
rgb32,302,551,0.005733081192289047
rgb32,302,552,0.00568172917141558
rgb32,302,553,0.005664099410041578
rgb32,302,554,0.0056102250159918024
rgb32,302,555,0.0055984107532142755
rgb32,302,556,0.005536629308709296
rgb32,302,557,0.005512139550356669
rgb32,302,558,0.005476474839713397
rgb32,302,559,0.00544617509804637
rgb32,302,560,0.005418063202724571
rgb32,302,561,0.005407908120187343
rgb32,302,562,0.005396669818958952
rgb32,302,563,0.005351869563385158
rgb32,302,564,0.00531434378004774
rgb32,302,565,0.005293659992733278
rgb32,302,566,0.005258499609738905
rgb32,302,567,0.00524377316939005
rgb32,302,568,0.005221474347828733
rgb32,302,569,0.005203207883929393
rgb32,302,570,0.005157288609596849
rgb32,302,571,0.005124605061036414
rgb32,302,572,0.0051018007559385644
rgb32,302,573,0.005091601729510511
rgb32,302,574,0.005044690749670604
rgb32,302,575,0.0050260565713032435
rgb32,302,576,0.0049785656526516115
rgb32,302,577,0.004959049671085849
rgb32,302,578,0.004920435698713207
rgb32,302,579,0.004905443252977486
rgb32,302,580,0.004887427726609635
rgb32,302,581,0.0048731081903643355
rgb32,302,582,0.004816616832345779
rgb32,302,583,0.0047634636565586155
rgb32,302,584,0.004756194885198982
rgb32,302,585,0.004738354308277407
rgb32,302,586,0.004716918485098461
rgb32,302,587,0.004714820892442439
rgb32,302,588,0.004696243520439548
rgb32,302,589,0.004657969632784069
rgb32,302,590,0.00462447092835607
rgb32,302,591,0.0046012661569326384
rgb32,302,592,0.004572571295227979
rgb32,302,593,0.004533593249325536
rgb32,302,594,0.004520831352413595
rgb32,302,595,0.004507540488851358
rgb32,302,596,0.0044771506225536875
rgb32,302,597,0.00446198006724599
rgb32,302,598,0.0044350327180313134
rgb32,302,599,0.0044208333741557445
rgb32,302,600,0.00440683415211281
rgb32,302,601,0.004375794765778895
rgb32,302,602,0.004345922453202906
rgb32,302,603,0.0043281254250453465
rgb32,302,604,0.004293942274255701
rgb32,302,605,0.004247190186037264
rgb32,302,606,0.004232071000032689
rgb32,302,607,0.004208298788402489
rgb32,302,608,0.004199734365527926
rgb32,302,609,0.004172308752073327
rgb32,302,610,0.004155457510607055
rgb32,302,611,0.004136711968160333
rgb32,302,612,0.004127920280246107
rgb32,302,613,0.004097209147302499
rgb32,302,614,0.00407584761156212
rgb32,302,615,0.0040320684148225155
rgb32,302,616,0.004022256440889033
rgb32,302,617,0.003992362509412878
rgb32,302,618,0.003987280657799001
rgb32,302,619,0.003969092229621853
rgb32,302,620,0.003940185862808745
rgb32,302,621,0.003924192495784151
rgb32,302,622,0.0039075475729514605
rgb32,302,623,0.003891379340850681
rgb32,302,624,0.0038642811606048985
rgb32,302,625,0.003839105416522274
rgb32,302,626,0.0038098144726724462
rgb32,302,627,0.003796137440650843
rgb32,302,628,0.003779512169970378
rgb32,302,629,0.003767175013626012
rgb32,302,630,0.0037454046988863727
rgb32,302,631,0.003726225308524548
rgb32,302,632,0.0037186673936675393
rgb32,302,633,0.0036814994280250654
rgb32,302,634,0.0036744128389079546
rgb32,302,635,0.003667543841675813
rgb32,302,636,0.0036222416606680368
rgb32,302,637,0.0035982940393131315
rgb32,302,638,0.0035947907096969987
rgb32,302,639,0.00357866658336125
rgb32,302,640,0.0035594826059337004
rgb32,302,641,0.003549573759472904
rgb32,302,642,0.003529680301131127
rgb32,302,643,0.0034980216402070744
rgb32,302,644,0.0034854384340947684
rgb32,302,645,0.003459088031714765
rgb32,302,646,0.003449563447824351
rgb32,302,647,0.003439579312420525
rgb32,302,648,0.0034351563732754643
rgb32,302,649,0.0033943216557610644
rgb32,302,650,0.0033886075106396136
rgb32,302,651,0.00337846757940698
rgb32,302,652,0.0033555853946680265
rgb32,302,653,0.0033141645807829917
rgb32,302,654,0.003298381097315776
rgb32,302,655,0.0032763798734346972
rgb32,302,656,0.0032617373283519635
rgb32,302,657,0.0032497742098936146
rgb32,302,658,0.003236061797008382
rgb32,302,659,0.0032245668672562676
rgb32,302,660,0.003202252289247131
rgb32,302,661,0.003186893717907612
rgb32,302,662,0.0031574220529569873
rgb32,302,663,0.0031469632482604513
rgb32,302,664,0.0031267260304191436
rgb32,302,665,0.0031113625129729327
rgb32,302,666,0.0031017130410718216
rgb32,302,667,0.003096103769446568
rgb32,302,668,0.0030772036392365232
rgb32,302,669,0.003046851468615563
rgb32,302,670,0.003036638559207836
rgb32,302,671,0.003004477876576119
rgb32,302,672,0.002988548862361742
rgb32,302,673,0.0029718680016563182
rgb32,302,674,0.002968134452680729
rgb32,302,675,0.0029632481706625855
rgb32,302,676,0.002936992394665897
rgb32,302,677,0.002928394234546144
rgb32,302,678,0.00290548720059023
rgb32,302,679,0.002883443572225132
rgb32,302,680,0.0028673409764236268
rgb32,302,681,0.002850928713509636
rgb32,302,682,0.0028455817936937733
rgb32,302,683,0.0028267942426330253
rgb32,302,684,0.0027950918508028756
rgb32,302,685,0.002786855579570206
rgb32,302,686,0.0027811793602453986
rgb32,302,687,0.0027523916875573412
rgb32,302,688,0.0027437589915661857
rgb32,302,689,0.0027379190993691875
rgb32,302,690,0.002730900337686494
rgb32,302,691,0.0027109850442714797
rgb32,302,692,0.002707326089617971
rgb32,302,693,0.0026701366245283947
rgb32,302,694,0.002668041235721199
rgb32,302,695,0.0026482923319141806
rgb32,302,696,0.0026353774981918506
rgb32,302,697,0.0026273811939938967
rgb32,302,698,0.0026145865918879136
rgb32,302,699,0.002607607799551892
rgb32,302,700,0.002586187454558452
rgb32,302,701,0.002567093427971686
rgb32,302,702,0.0025525147342272954
rgb32,302,703,0.002545897943858167
rgb32,302,704,0.002528000933887751
rgb32,302,705,0.0025142775243854423
rgb32,302,706,0.0025093929704284026
rgb32,302,707,0.0024977850199690795
rgb32,302,708,0.002494458881483111
rgb32,302,709,0.0024725552812714896
rgb32,302,710,0.0024633450659049517
rgb32,302,711,0.0024446015667390878
rgb32,302,712,0.0024158653363583094
rgb32,302,713,0.002399499904720324
rgb32,302,714,0.00239180858933228
rgb32,302,715,0.00238341499402532
rgb32,302,716,0.002371124358107117
rgb32,302,717,0.0023672487202249575
rgb32,302,718,0.002341286681223027
rgb32,302,719,0.0023284118465902396
rgb32,302,720,0.002316347183191334
rgb32,302,721,0.002307730298488868
rgb32,302,722,0.002295326495514814
rgb32,302,723,0.0022814368748385167
rgb32,302,724,0.0022721939810455795
rgb32,302,725,0.0022579663884110136
rgb32,302,726,0.002256112136109046
rgb32,302,727,0.002245481118206249
rgb32,302,728,0.0022208501445306287
rgb32,302,729,0.0022053629793655056
rgb32,302,730,0.002195866885585533
rgb32,302,731,0.0021898996001069315
rgb32,302,732,0.0021786324241172836
rgb32,302,733,0.0021584594433552676
rgb32,302,734,0.002151286028341601
rgb32,302,735,0.002142333679075244
rgb32,302,736,0.002117570034161079
rgb32,302,737,0.002108493750963282
rgb32,302,738,0.002101738300194227
rgb32,302,739,0.0020978116000958174
rgb32,302,740,0.0020860687634970706
rgb32,302,741,0.002076983586046451
rgb32,302,742,0.0020630852872629635
rgb32,302,743,0.002058817577093697
rgb32,302,744,0.0020457718233403686
rgb32,302,745,0.002042948834644577
rgb32,302,746,0.0020272802373554892
rgb32,302,747,0.0020143948246236867
rgb32,302,748,0.0020090094245692708
rgb32,302,749,0.001998493169363732
rgb32,302,750,0.001990182192495937
rgb32,302,751,0.0019688826456581245
rgb32,302,752,0.0019505898514800292
rgb32,302,753,0.0019490315614540002
rgb32,302,754,0.001946968886064608
rgb32,302,755,0.0019324867704303486
rgb32,302,756,0.0019230552296252766
rgb32,302,757,0.0019126117185150064
rgb32,302,758,0.0019058079648745921
rgb32,302,759,0.0018945023497677338
rgb32,302,760,0.001886022753198982
rgb32,302,761,0.0018729970809769714
rgb32,302,762,0.0018605386729239556
rgb32,302,763,0.0018547557034110783
rgb32,302,764,0.001846647645917889
rgb32,302,765,0.0018293841637033704
rgb32,302,766,0.0018282975316926528
rgb32,302,767,0.0018169855405780666
rgb32,302,768,0.0018039996343706336
rgb32,302,769,0.001794124734834345
rgb32,302,770,0.0017745905939366134
rgb32,302,771,0.0017723948502169973
rgb32,302,772,0.0017697946609070733
rgb32,302,773,0.0017591626632603315
rgb32,302,774,0.0017482861720474405
rgb32,302,775,0.0017361839981486695
rgb32,302,776,0.001723856020678089
rgb32,302,777,0.001712629105384392
rgb32,302,778,0.0017106723629560527
rgb32,302,779,0.001697236123217051
rgb32,302,780,0.0016904354441303847
rgb32,302,781,0.0016798314731451245
rgb32,302,782,0.0016697621970993498
rgb32,302,783,0.0016586042864237683
rgb32,302,784,0.001649656792362905
rgb32,302,785,0.0016431259039505592
rgb32,302,786,0.001626059199722292
rgb32,302,787,0.001620062577231789
rgb32,302,788,0.0016119699171973948
rgb32,302,789,0.0015949004503052274
rgb32,302,790,0.0015905219899287454
rgb32,302,791,0.0015846079609679639
rgb32,302,792,0.0015761940326362903
rgb32,302,793,0.001572623993327163
rgb32,302,794,0.0015587437197898957
rgb32,302,795,0.001553163780806655
rgb32,302,796,0.001550621084089038
rgb32,302,797,0.0015365154459894162
rgb32,302,798,0.0015246046377363947
rgb32,302,799,0.001522836224193725
rgb32,302,800,0.0015224153911229108
rgb32,302,801,0.0015067677837914465
rgb32,302,802,0.0014999188434047417
rgb32,302,803,0.0014932599214273169
rgb32,302,804,0.0014863237674204517
rgb32,302,805,0.0014759752556827012
rgb32,302,806,0.0014661926985353672
rgb32,302,807,0.0014651038464594728
rgb32,302,808,0.0014505095670361253
rgb32,302,809,0.0014486779665676267
rgb32,302,810,0.0014399272303353768
rgb32,302,811,0.0014285563968982307
rgb32,302,812,0.0014212564548321622
rgb32,302,813,0.0014156745834741351
rgb32,302,814,0.0014148977818374095
rgb32,302,815,0.0013943565742412223
rgb32,302,816,0.0013930130020468065
rgb32,302,817,0.0013880569526420578
rgb32,302,818,0.001376787064815866
rgb32,302,819,0.001364506621947216
rgb32,302,820,0.0013589810252907719
rgb32,302,821,0.0013530600407806867
rgb32,302,822,0.0013382260075839266
rgb32,302,823,0.0013341556483926571
rgb32,302,824,0.001320423902690566
rgb32,302,825,0.0013173169789947544
rgb32,302,826,0.0013073529087194405
rgb32,302,827,0.0013008638009347204
rgb32,302,828,0.001296010202271392
rgb32,302,829,0.001284431096650893
rgb32,302,830,0.001281239698311918
rgb32,302,831,0.0012747205881143584
rgb32,302,832,0.0012650795702325941
rgb32,302,833,0.0012580927624578667
rgb32,302,834,0.0012460906012754275
rgb32,302,835,0.0012452691564009924
rgb32,302,836,0.0012327900019994443
rgb32,302,837,0.0012289665856898872
rgb32,302,838,0.0012253156300636007
rgb32,302,839,0.0012208913160475442
rgb32,302,840,0.001214491768258101
rgb32,302,841,0.001204468085334183
rgb32,302,842,0.0012000686471413291
rgb32,302,843,0.0011948420262713284
rgb32,302,844,0.0011770950130537661
rgb32,302,845,0.0011735298689364028
rgb32,302,846,0.0011686187681076055
rgb32,302,847,0.0011639394480811712
rgb32,302,848,0.0011617256610992914
rgb32,302,849,0.001153801012124992
rgb32,302,850,0.0011440611850882867
rgb32,302,851,0.0011371005992778483
rgb32,302,852,0.0011276950716025348
rgb32,302,853,0.0011217829434587733
rgb32,302,854,0.0011168670972806869
rgb32,302,855,0.0011091694257698585
rgb32,302,856,0.0011018444186555259
rgb32,302,857,0.0010974107028715236
rgb32,302,858,0.00109138393659678
rgb32,302,859,0.0010814214867582027
rgb32,302,860,0.001080954436575635
rgb32,302,861,0.0010735004168706901
rgb32,302,862,0.0010664193940827734
rgb32,302,863,0.0010622291206956508
rgb32,302,864,0.001058177280522439
rgb32,302,865,0.0010517724539002493
rgb32,302,866,0.0010415816062570894
rgb32,302,867,0.0010333008562599462
rgb32,302,868,0.0010284293348504663
rgb32,302,869,0.001022119579279559
rgb32,302,870,0.00101785944036153
rgb32,302,871,0.0010103638616859316
rgb32,302,872,0.0010081873335988298
rgb32,302,873,0.00100060538854078
rgb32,302,874,0.0009969328624903598
rgb32,302,875,0.0009904613835026537
rgb32,302,876,0.000985295548778337
rgb32,302,877,0.00098098554652621
rgb32,302,878,0.000977095349839134
rgb32,302,879,0.0009688324165799181
rgb32,302,880,0.0009641975289541389
rgb32,302,881,0.0009585943115608638
rgb32,302,882,0.0009577787942738983
rgb32,302,883,0.0009503047401725235
rgb32,302,884,0.0009447954856693115
rgb32,302,885,0.0009352091734213595
rgb32,302,886,0.0009334853972247798
rgb32,302,887,0.0009249504763468747
rgb32,302,888,0.0009186133073309586
rgb32,302,889,0.0009119763688215524
rgb32,302,890,0.00090430714976836
rgb32,302,891,0.0009034475715439015
rgb32,302,892,0.0008978682325009526
rgb32,302,893,0.0008916622354474299
rgb32,302,894,0.0008883501067510201
rgb32,302,895,0.0008845814165953187
rgb32,302,896,0.0008804977687726915
rgb32,302,897,0.000875883029844477
rgb32,302,898,0.0008737860185091954
rgb32,302,899,0.0008670536095616889
rgb32,302,900,0.0008640102216269506
rgb32,302,901,0.0008555152193775886
rgb32,302,902,0.0008487228703869779
rgb32,302,903,0.0008447438403417668
rgb32,302,904,0.0008349914904213162
rgb32,302,905,0.0008316282911671049
rgb32,302,906,0.0008281203563267355
rgb32,302,907,0.0008250881159572437
rgb32,302,908,0.0008224423029080977
rgb32,302,909,0.0008090530164053501
rgb32,302,910,0.0008060017841220149
rgb32,302,911,0.000801305891779388
rgb32,302,912,0.0007973325281426923
rgb32,302,913,0.0007920506782240664
rgb32,302,914,0.0007863433101676333
rgb32,302,915,0.000783886896261032
rgb32,302,916,0.0007769195732595142
rgb32,302,917,0.0007723129190210153
rgb32,302,918,0.0007674593738105829
rgb32,302,919,0.000764316853983452
rgb32,302,920,0.0007584999044474147
rgb32,302,921,0.0007511912445416212
rgb32,302,922,0.000748951796348015
rgb32,302,923,0.000741009409086489
rgb32,302,924,0.0007406111674174285
rgb32,302,925,0.0007376158427179171
rgb32,302,926,0.0007331681296924185
rgb32,302,927,0.0007249646633101072
rgb32,302,928,0.0007246051865112607
rgb32,302,929,0.0007152719406460962
rgb32,302,930,0.0007135590035716681
rgb32,302,931,0.0007076013423664511
rgb32,302,932,0.0007041064238224678
rgb32,302,933,0.0007038272028795627
rgb32,302,934,0.0006977003600197979
rgb32,302,935,0.0006905980778853938
rgb32,302,936,0.0006877650447474103
rgb32,302,937,0.0006841487549483352
rgb32,302,938,0.0006803705845612804
rgb32,302,939,0.0006761016062333965
rgb32,302,940,0.0006734566589938571
rgb32,302,941,0.0006656219561840596
rgb32,302,942,0.000661069421628359
rgb32,302,943,0.0006574587908397425
rgb32,302,944,0.0006520839794256479
rgb32,302,945,0.000651261316463745
rgb32,302,946,0.0006479920074536162
rgb32,302,947,0.0006423739930947297
rgb32,302,948,0.0006379091833664887
rgb32,302,949,0.0006360934565820318
rgb32,302,950,0.0006288895854329313
rgb32,302,951,0.0006270616639902513
rgb32,302,952,0.0006236026012750673
rgb32,302,953,0.0006173275878480017
rgb32,302,954,0.0006144823976581181
rgb32,302,955,0.0006111618447562201
rgb32,302,956,0.0006104361134495856
rgb32,302,957,0.0006075515067422035
rgb32,302,958,0.0006047810613226864
rgb32,302,959,0.0006025345835700547
rgb32,302,960,0.0005979785753957914
rgb32,302,961,0.0005966061117897
rgb32,302,962,0.0005888103005412921
rgb32,302,963,0.0005836474436798092
rgb32,302,964,0.0005818077083996648
rgb32,302,965,0.0005767251500814782
rgb32,302,966,0.000576672197881525
rgb32,302,967,0.0005714187225605332
rgb32,302,968,0.000567092663315974
rgb32,302,969,0.0005643268538959859
rgb32,302,970,0.0005615232907028095
rgb32,302,971,0.0005607064866726469
rgb32,302,972,0.0005559409687380678
rgb32,302,973,0.0005527639627284348
rgb32,302,974,0.0005495762690539204
rgb32,302,975,0.0005456734120939578
rgb32,302,976,0.0005427821298029759
rgb32,302,977,0.0005379912787876086
rgb32,302,978,0.0005365995847372166
rgb32,302,979,0.0005277657624373206
rgb32,302,980,0.0005258826392697671
rgb32,302,981,0.0005231426191878766
rgb32,302,982,0.0005205088772899788
rgb32,302,983,0.0005157443904333854
rgb32,302,984,0.0005139708027606109
rgb32,302,985,0.0005117691911688038
rgb32,302,986,0.0005067423298151575
rgb32,302,987,0.0005043234547921457
rgb32,302,988,0.0005023134904533847
rgb32,302,989,0.0004980452653823403
rgb32,302,990,0.0004959660642613685
rgb32,302,991,0.000490359817920069
rgb32,302,992,0.0004885876034109787
rgb32,302,993,0.00048491817658153475
rgb32,302,994,0.00048461569004929134
rgb32,302,995,0.000481863960074143
rgb32,302,996,0.0004758974068744568
rgb32,302,997,0.00047360093875630974
rgb32,302,998,0.00047155449751241257
rgb32,302,999,0.00046757873990548987
rgb32,302,1000,0.00046243529017348396
rgb32,302,1001,0.00045989087180032325
rgb32,302,1002,0.000457213031241098
rgb32,302,1003,0.0004542829821593232
rgb32,302,1004,0.0004497707540169478
rgb32,302,1005,0.0004465161742038204
rgb32,302,1006,0.000443544606614168
rgb32,302,1007,0.0004402178934436694
rgb32,302,1008,0.00043708206023033877
rgb32,302,1009,0.0004367138244675402
rgb32,302,1010,0.00043189241376309883
rgb32,302,1011,0.0004315122893252327
rgb32,302,1012,0.00042855231887456663
rgb32,302,1013,0.0004262775799423877
rgb32,302,1014,0.0004237044344829207
rgb32,302,1015,0.00041946154678336705
rgb32,302,1016,0.00041811511830121414
rgb32,302,1017,0.000411144069308871
rgb32,302,1018,0.0004094114840846943
rgb32,302,1019,0.00040803421391051413
rgb32,302,1020,0.0004061642193177595
rgb32,302,1021,0.0004007070020717878
rgb32,302,1022,0.00039990513784947883
rgb32,302,1023,0.00039628682651626784
rgb32,302,1024,0.00039525915145369086
rgb32,302,1025,0.0003919225460144865
rgb32,302,1026,0.0003913338257033301
rgb32,302,1027,0.0003903859811062275
rgb32,302,1028,0.00038511677654345456
rgb32,302,1029,0.00038265155171607665
rgb32,302,1030,0.000377290050550043
rgb32,302,1031,0.00037499143172465166
rgb32,302,1032,0.0003706614369885446
rgb32,302,1033,0.0003656336930355236
rgb32,302,1034,0.00036460150383515734
rgb32,302,1035,0.0003640090045182163
rgb32,302,1036,0.0003579606174755897
rgb32,302,1037,0.00035529530000978475
rgb32,302,1038,0.0003538932463239012
rgb32,302,1039,0.00035071379785388837
rgb32,302,1040,0.00034816777946436483
rgb32,302,1041,0.00034544766940314655
rgb32,302,1042,0.00034317662156760104
rgb32,302,1043,0.0003374140354190375
rgb32,302,1044,0.0003366983482103833
rgb32,302,1045,0.0003345521491963991
rgb32,302,1046,0.0003333990550045979
rgb32,302,1047,0.00033064803811911134
rgb32,302,1048,0.0003294842048670048
rgb32,302,1049,0.00032562021783429665
rgb32,302,1050,0.0003240979122821447
rgb32,302,1051,0.0003226290397279537
rgb32,302,1052,0.00032011071173994847
rgb32,302,1053,0.0003179937502257837
rgb32,302,1054,0.00031503089523172566
rgb32,302,1055,0.00031207349693309857
rgb32,302,1056,0.00031057383665478454
rgb32,302,1057,0.00030585767490189683
rgb32,302,1058,0.0003025952773169349
rgb32,302,1059,0.00030132901664231993
rgb32,302,1060,0.00030028033440328554
rgb32,302,1061,0.0002994637933418188
rgb32,302,1062,0.0002985388804291446
rgb32,302,1063,0.0002934642483117949
rgb32,302,1064,0.0002911650457092027
rgb32,302,1065,0.0002878775413615666
rgb32,302,1066,0.0002871826373842708
rgb32,302,1067,0.0002837384300868334
rgb32,302,1068,0.00028335495576005556
rgb32,302,1069,0.000280581301720963
rgb32,302,1070,0.000279472824111134
rgb32,302,1071,0.00027855640589966464
rgb32,302,1072,0.00027465158552710455
rgb32,302,1073,0.00027213805550249664
rgb32,302,1074,0.00026960656945981354
rgb32,302,1075,0.0002681082753548883
rgb32,302,1076,0.0002650341371547228
rgb32,302,1077,0.0002632065626651115
rgb32,302,1078,0.0002615906590807778
rgb32,302,1079,0.00026140979900982883
rgb32,302,1080,0.0002568390899073531
rgb32,302,1081,0.00025519672100888895
rgb32,302,1082,0.0002548985819917105
rgb32,302,1083,0.0002512973744033539
rgb32,302,1084,0.00024974073385276
rgb32,302,1085,0.00024608856863818926
rgb32,302,1086,0.00024562660997266947
rgb32,302,1087,0.0002443533987698181
rgb32,302,1088,0.00024229169305722926
rgb32,302,1089,0.00024210873958983522
rgb32,302,1090,0.00023929296341838608
rgb32,302,1091,0.00023720172048220692
rgb32,302,1092,0.0002356202553323971
rgb32,302,1093,0.00022985950966525283
rgb32,302,1094,0.00022741429722369908
rgb32,302,1095,0.00022643190449899372
rgb32,302,1096,0.00022454701581765962
rgb32,302,1097,0.00022363331719681072
rgb32,302,1098,0.00022285582370061455
rgb32,302,1099,0.00022079465815017158
rgb32,302,1100,0.00021824048894905892
rgb32,302,1101,0.00021579198322791687
rgb32,302,1102,0.00021477904739072571
rgb32,302,1103,0.00021330321263529983
rgb32,302,1104,0.00021263991829196835
rgb32,302,1105,0.00021069814182131236
rgb32,302,1106,0.0002092195358918027
rgb32,302,1107,0.00020820943029587207
rgb32,302,1108,0.00020477262838125733
rgb32,302,1109,0.00020426468704091101
rgb32,302,1110,0.00020077153898468604
rgb32,302,1111,0.00020029539404312419
rgb32,302,1112,0.00019943548142097034
rgb32,302,1113,0.0001960039341824318
rgb32,302,1114,0.00019511638380632413
rgb32,302,1115,0.00019334134893465158
rgb32,302,1116,0.0001913922149936123
rgb32,302,1117,0.00019123246654884077
rgb32,302,1118,0.00018566247510041768
rgb32,302,1119,0.00018468961733630266
rgb32,302,1120,0.0001840182341977168
rgb32,302,1121,0.00018259906591888627
rgb32,302,1122,0.00018207305445427387
rgb32,302,1123,0.00017866789559220012
rgb32,302,1124,0.0001756587545406339
rgb32,302,1125,0.0001738778045921124
rgb32,302,1126,0.00017219286295066876
rgb32,302,1127,0.00017034797499329175
rgb32,302,1128,0.00016878304702770393
rgb32,302,1129,0.0001682673460542895
rgb32,302,1130,0.0001658835399121025
rgb32,302,1131,0.00016261309960400726
rgb32,302,1132,0.00016163488233409483
rgb32,302,1133,0.00015970579020042804
rgb32,302,1134,0.00015883390723080818
rgb32,302,1135,0.00015760051359824286
rgb32,302,1136,0.00015597811856525034
rgb32,302,1137,0.0001538375860099741
rgb32,302,1138,0.00015137783963696657
rgb32,302,1139,0.0001508154414171723
rgb32,302,1140,0.00014932533282383998
rgb32,302,1141,0.00014714376985055177
rgb32,302,1142,0.00014643071698674487
rgb32,302,1143,0.00014517847195205885
rgb32,302,1144,0.0001435819622681316
rgb32,302,1145,0.00014218438172362754
rgb32,302,1146,0.00014123136158172508
rgb32,302,1147,0.00013819750118577128
rgb32,302,1148,0.00013668317077384913
rgb32,302,1149,0.0001360137054392331
rgb32,302,1150,0.00013453518153427857
rgb32,302,1151,0.00013316718691210397
rgb32,302,1152,0.00013069838993533963
rgb32,302,1153,0.00012835321802357684
rgb32,302,1154,0.0001279293693051994
rgb32,302,1155,0.00012702732822475384
rgb32,302,1156,0.00012554649850529684
rgb32,302,1157,0.00012433616412195933
rgb32,302,1158,0.00012379842365970687
rgb32,302,1159,0.00012168253873524293
rgb32,302,1160,0.00012118009363523833
rgb32,302,1161,0.00012009358765869261
rgb32,302,1162,0.0001185645544028174
rgb32,302,1163,0.00011586299057552843
rgb32,302,1164,0.0001155215121250952
rgb32,302,1165,0.00011481750540417517
rgb32,302,1166,0.00011343769236845278
rgb32,302,1167,0.00011212926673496724
rgb32,302,1168,0.00011116578167832089
rgb32,302,1169,0.00010849375717992461
rgb32,302,1170,0.00010751199606520342
rgb32,302,1171,0.00010571634323779995
rgb32,302,1172,0.00010310315295187095
rgb32,302,1173,0.00010164183978670296
rgb32,302,1174,9.965833831202592e-05
rgb32,302,1175,9.843647972693562e-05
rgb32,302,1176,9.736806770350702e-05
rgb32,302,1177,9.650718470392318e-05
rgb32,302,1178,9.440557679789637e-05
rgb32,302,1179,9.388866187750612e-05
rgb32,302,1180,9.143852809028395e-05
rgb32,302,1181,9.022606676388233e-05
rgb32,302,1182,8.86831688242507e-05
rgb32,302,1183,8.779816495897849e-05
rgb32,302,1184,8.602023055807478e-05
rgb32,302,1185,8.42874675374891e-05
rgb32,302,1186,8.223895857478692e-05
rgb32,302,1187,8.14641714706731e-05
rgb32,302,1188,7.981093124129599e-05
rgb32,302,1189,7.858846927700629e-05
rgb32,302,1190,7.58058662438708e-05
rgb32,302,1191,7.358326047419758e-05
rgb32,302,1192,7.291960982272918e-05
rgb32,302,1193,7.083222958522005e-05
rgb32,302,1194,6.758406864904639e-05
rgb32,302,1195,6.407586171405906e-05
rgb32,302,1196,6.121461263871203e-05
rgb32,302,1197,6.0004946355219006e-05
rgb32,302,1198,5.7358402316272285e-05
rgb32,302,1199,5.329957739050626e-05
rgb32,302,1200,8.854374748961825e-31
avg16,302,1,13.988492611449221
avg16,302,2,5.385230253340994
avg16,302,3,3.133814152575753
avg16,302,4,1.8393482783680084
avg16,302,5,1.628707916258317
avg16,302,6,1.3278103517438975
avg16,302,7,1.2833930657431296
avg16,302,8,1.0718248485475685
avg16,302,9,0.8462993334434776
avg16,302,10,0.6436341416920083
avg16,302,11,0.5615767241329136
avg16,302,12,0.546251170334634
avg16,302,13,0.501176572641188
avg16,302,14,0.4849780878536395
avg16,302,15,0.4183522845396498
avg16,302,16,0.4036323568252951
avg16,302,17,0.36464255808065293
avg16,302,18,0.3429743010464312
avg16,302,19,0.3382694397023704
avg16,302,20,0.28825193165706037
avg16,302,21,0.28222903928494264
avg16,302,22,0.27734523238369807
avg16,302,23,0.23782605209902155
avg16,302,24,0.22797299776827307
avg16,302,25,0.22313887331798357
avg16,302,26,0.2058712457978793
avg16,302,27,0.2032309892510057
avg16,302,28,0.18795301593073752
avg16,302,29,0.18646714057243188
avg16,302,30,0.17373748986995335
avg16,302,31,0.15962254600827516
avg16,302,32,0.1554717416778414
avg16,302,33,0.14353052998282212
avg16,302,34,0.13616283469693172
avg16,302,35,0.1311525720822557
avg16,302,36,0.12896671909604226
avg16,302,37,0.12726918179774624
avg16,302,38,0.12228270025473567
avg16,302,39,0.11561185964431873
avg16,302,40,0.11336269860411217
avg16,302,41,0.10840755556175646
avg16,302,42,0.1026245338886599
avg16,302,43,0.09887665308606779
avg16,302,44,0.09704159373146429
avg16,302,45,0.09168571590345574
avg16,302,46,0.09050784125771344
avg16,302,47,0.08836802293543346
avg16,302,48,0.08470548568033916
avg16,302,49,0.08310900591371209
avg16,302,50,0.08048873710224909
avg16,302,51,0.07887822563500624
avg16,302,52,0.07727865448867
avg16,302,53,0.07498359758263758
avg16,302,54,0.07228096453196849
avg16,302,55,0.07217261260000209
avg16,302,56,0.06851472926131043
avg16,302,57,0.06707452053172903
avg16,302,58,0.06557911481921327
avg16,302,59,0.06315805569608623
avg16,302,60,0.0624261420725771
avg16,302,61,0.06196821308648207
avg16,302,62,0.06004417876328891
avg16,302,63,0.05921117257383923
avg16,302,64,0.057613151268841374
avg16,302,65,0.05624587680970854
avg16,302,66,0.0553360523771039
avg16,302,67,0.05420040200426831
avg16,302,68,0.0536998520824341
avg16,302,69,0.051901830787129385
avg16,302,70,0.05043220692408223
avg16,302,71,0.04957275339332439
avg16,302,72,0.04819806868206805
avg16,302,73,0.04791107552077669
avg16,302,74,0.04640458993323253
avg16,302,75,0.04607499075815245
avg16,302,76,0.04462903524734549
avg16,302,77,0.04369213481629864
avg16,302,78,0.04360581458875477
avg16,302,79,0.04266273990108393
avg16,302,80,0.041168271741415345
avg16,302,81,0.03945534144060505
avg16,302,82,0.039127056705922064
avg16,302,83,0.03876122641198813
avg16,302,84,0.0374958372912447
avg16,302,85,0.03639241350743231
avg16,302,86,0.03610888182990233
avg16,302,87,0.03530173288633263
avg16,302,88,0.034956676005751426
avg16,302,89,0.034009185166068864
avg16,302,90,0.0338179869547752
avg16,302,91,0.03352159620714951
avg16,302,92,0.03293850493854615
avg16,302,93,0.03251638120682148
avg16,302,94,0.03173277453743229
avg16,302,95,0.03131614279460535
avg16,302,96,0.03080766613392155
avg16,302,97,0.03053783587462202
avg16,302,98,0.029912795473571636
avg16,302,99,0.02938539119042756
avg16,302,100,0.029112001403873933
avg16,302,101,0.028763303608369303
avg16,302,102,0.028146935110998313
avg16,302,103,0.027827288439766534
avg16,302,104,0.02772788643987381
avg16,302,105,0.027341291053159935
avg16,302,106,0.026737472457445385
avg16,302,107,0.0265636084586748
avg16,302,108,0.026455366717554805
avg16,302,109,0.02557455573101826
avg16,302,110,0.02540886815670914
avg16,302,111,0.02525162318083613
avg16,302,112,0.02455921349527035
avg16,302,113,0.02408034838110476
avg16,302,114,0.02373646527384224
avg16,302,115,0.023684496537723292
avg16,302,116,0.0232006836517586
avg16,302,117,0.023130239335772906
avg16,302,118,0.02246239107121621
avg16,302,119,0.022142421839514342
avg16,302,120,0.02189010595468113
avg16,302,121,0.021354799612302154
avg16,302,122,0.02117062918584665
avg16,302,123,0.020795659894845213
avg16,302,124,0.020668666871561315
avg16,302,125,0.02041431753666414
avg16,302,126,0.020278571351931212
avg16,302,127,0.020057024153972553
avg16,302,128,0.01957269277133394
avg16,302,129,0.019242537711138527
avg16,302,130,0.019124400448872047
avg16,302,131,0.01894633724601417
avg16,302,132,0.018630150676536537
avg16,302,133,0.018493713328340537
avg16,302,134,0.018121102279714675
avg16,302,135,0.017884023851623226
avg16,302,136,0.01754457161066013
avg16,302,137,0.01733479261829481
avg16,302,138,0.016925478439194935
avg16,302,139,0.016898428553591277
avg16,302,140,0.01662013493862381
avg16,302,141,0.016508818721159127
avg16,302,142,0.016337382515335622
avg16,302,143,0.01615203431308872
avg16,302,144,0.015994924268672626
avg16,302,145,0.01570012695153672
avg16,302,146,0.01536877160429855
avg16,302,147,0.015292720947800981
avg16,302,148,0.015048299906995077
avg16,302,149,0.014880023404999094
avg16,302,150,0.014598200673155986
avg16,302,151,0.014521721225350547
avg16,302,152,0.014352164714052495
avg16,302,153,0.014228880843003304
avg16,302,154,0.013977570198473867
avg16,302,155,0.013824344051475096
avg16,302,156,0.013793709873468007
avg16,302,157,0.013651189445800517
avg16,302,158,0.013410188258115009
avg16,302,159,0.013235806894791074
avg16,302,160,0.013205130375723592
avg16,302,161,0.013013467420887699
avg16,302,162,0.012825023328740186
avg16,302,163,0.012589410458369381
avg16,302,164,0.012481084171765053
avg16,302,165,0.012161027220191375
avg16,302,166,0.011928659652147119
avg16,302,167,0.011819820892564566
avg16,302,168,0.011808336972839981
avg16,302,169,0.011645598850110657
avg16,302,170,0.011595122936757232
avg16,302,171,0.011420103778001739
avg16,302,172,0.011356153443162815
avg16,302,173,0.011309066843784956
avg16,302,174,0.011046696701223014
avg16,302,175,0.011001985613292223
avg16,302,176,0.010760917805822386
avg16,302,177,0.01068203921609482
avg16,302,178,0.010587537948512934
avg16,302,179,0.010530967210104223
avg16,302,180,0.010404456680112447
avg16,302,181,0.010322150297283278
avg16,302,182,0.01016079108950165
avg16,302,183,0.010073996462353919
avg16,302,184,0.009976835632348238
avg16,302,185,0.009784136823692025
avg16,302,186,0.00962362762951668
avg16,302,187,0.009579720909136441
avg16,302,188,0.009526314523060566
avg16,302,189,0.009414473903765177
avg16,302,190,0.009265136425001052
avg16,302,191,0.009226047411056275
avg16,302,192,0.008952541154819646
avg16,302,193,0.008898597109116675
avg16,302,194,0.008850890742053736
avg16,302,195,0.008818555776199187
avg16,302,196,0.008770466429945879
avg16,302,197,0.00862639654314442
avg16,302,198,0.008482075196638449
avg16,302,199,0.008354324627071467
avg16,302,200,0.008231443585631758
avg16,302,201,0.008183420866504868
avg16,302,202,0.008099694453976503
avg16,302,203,0.007964131638563606
avg16,302,204,0.007911362768174054
avg16,302,205,0.00782293053863958
avg16,302,206,0.007718356026705035
avg16,302,207,0.007632483436979127
avg16,302,208,0.007523837477586129
avg16,302,209,0.007442180693049891
avg16,302,210,0.007315391859464632
avg16,302,211,0.007301080263667386
avg16,302,212,0.00724063328651864
avg16,302,213,0.007083220991550641
avg16,302,214,0.007012719881886738
avg16,302,215,0.006936315357778165
avg16,302,216,0.006888944441646319
avg16,302,217,0.00683069510007751
avg16,302,218,0.006668157202224239
avg16,302,219,0.006634718305644471
avg16,302,220,0.006458121412924262
avg16,302,221,0.00632352176315974
avg16,302,222,0.006307568486281249
avg16,302,223,0.006271002601714628
avg16,302,224,0.006190850308400686
avg16,302,225,0.006157386594873302
avg16,302,226,0.00606660399028706
avg16,302,227,0.005996201009012368
avg16,302,228,0.005927765890597716
avg16,302,229,0.005883602189511602
avg16,302,230,0.0058110070625862886
avg16,302,231,0.005727168336266289
avg16,302,232,0.005668160785581345
avg16,302,233,0.0056027711817529125
avg16,302,234,0.005554798210983531
avg16,302,235,0.00544542036109548
avg16,302,236,0.005389640183286595
avg16,302,237,0.005316269415071418
avg16,302,238,0.005268806935944106
avg16,302,239,0.005216954933795671
avg16,302,240,0.005187454303703587
avg16,302,241,0.005125312491946477
avg16,302,242,0.005104967069832649
avg16,302,243,0.005006206427741077
avg16,302,244,0.004994325510529242
avg16,302,245,0.004928205604740977
avg16,302,246,0.00491532467675294
avg16,302,247,0.004767045193937651
avg16,302,248,0.004709900165196091
avg16,302,249,0.00464732155567509
avg16,302,250,0.0045905264155681105
avg16,302,251,0.004547675584260761
avg16,302,252,0.004469800990029898
avg16,302,253,0.004396593616201473
avg16,302,254,0.004389790958024804
avg16,302,255,0.0043271692491842146
avg16,302,256,0.004289746194944848
avg16,302,257,0.004244965032065134
avg16,302,258,0.00418076435845922
avg16,302,259,0.00409451013719944
avg16,302,260,0.004031503417691011
avg16,302,261,0.004024191101335168
avg16,302,262,0.00399674804970795
avg16,302,263,0.003953044799247778
avg16,302,264,0.003934583336387593
avg16,302,265,0.00387899281888723
avg16,302,266,0.0038425354275221347
avg16,302,267,0.0037891330712053212
avg16,302,268,0.0037615701504417594
avg16,302,269,0.0036642465439566774
avg16,302,270,0.003632480293245838
avg16,302,271,0.0036074874018554087
avg16,302,272,0.0035656444637926954
avg16,302,273,0.0035269789233650576
avg16,302,274,0.0035005957585029874
avg16,302,275,0.00348455059806626
avg16,302,276,0.003383358670840866
avg16,302,277,0.003355295932616977
avg16,302,278,0.0032892135667984437
avg16,302,279,0.003236037877383067
avg16,302,280,0.00319292238381925
avg16,302,281,0.0031524074781588856
avg16,302,282,0.0031106533837025638
avg16,302,283,0.0030947006218996127
avg16,302,284,0.003049057436586937
avg16,302,285,0.0030157199493321954
avg16,302,286,0.002947666655109219
avg16,302,287,0.0029053730009418054
avg16,302,288,0.0028901710060484477
avg16,302,289,0.0028727857490865403
avg16,302,290,0.0028562414689341734
avg16,302,291,0.002811132096694273
avg16,302,292,0.0027797666479719863
avg16,302,293,0.002732738252951459
avg16,302,294,0.002718474908558026
avg16,302,295,0.0026984170447163633
avg16,302,296,0.002657956492378875
avg16,302,297,0.0026225229454470414
avg16,302,298,0.0026147104465973382
avg16,302,299,0.0025412440978799015
avg16,302,300,0.0025194354194902893
avg16,302,301,0.0024969329874538425
avg16,302,302,0.0024746033731133945
avg16,302,303,0.00244567484630976
avg16,302,304,0.0024168676836817536
avg16,302,305,0.002384634949928105
avg16,302,306,0.0023250745344304477
avg16,302,307,0.0023006109071064254
avg16,302,308,0.0022541845264985646
avg16,302,309,0.0022439266637317443
avg16,302,310,0.002222882847389946
avg16,302,311,0.002178725049530082
avg16,302,312,0.0021579845993500053
avg16,302,313,0.0021513603026842884
avg16,302,314,0.0021243185054534864
avg16,302,315,0.002092469581797329
avg16,302,316,0.002078526598320969
avg16,302,317,0.0020400146038207466
avg16,302,318,0.002032847034383388
avg16,302,319,0.002007497429343753
avg16,302,320,0.001989641078281497
avg16,302,321,0.0019744498280447184
avg16,302,322,0.0019294292881354002
avg16,302,323,0.0019141586457094625
avg16,302,324,0.0018865867489242605
avg16,302,325,0.0018629051110973277
avg16,302,326,0.0018405837461303789
avg16,302,327,0.001820742740444194
avg16,302,328,0.0018060993394004787
avg16,302,329,0.0017987111731355323
avg16,302,330,0.0017531274334616413
avg16,302,331,0.0017280836448190097
avg16,302,332,0.0016895639888941623
avg16,302,333,0.0016641047063096156
avg16,302,334,0.0016579920610067644
avg16,302,335,0.001640787365164822
avg16,302,336,0.0016331956358177958
avg16,302,337,0.0015966108152208733
avg16,302,338,0.001575817500645085
avg16,302,339,0.0015504555767627906
avg16,302,340,0.0015404755327432416
avg16,302,341,0.0015241047472902497
avg16,302,342,0.001497161655414551
avg16,302,343,0.0014868431810630158
avg16,302,344,0.0014717353820592287
avg16,302,345,0.0014464719647660444
avg16,302,346,0.0014232697543807835
avg16,302,347,0.0014123917558278327
avg16,302,348,0.0013824597426106626
avg16,302,349,0.0013660879759447655
avg16,302,350,0.0013390935481443962
avg16,302,351,0.001310588929710685
avg16,302,352,0.001301175901606461
avg16,302,353,0.0012846453467522622
avg16,302,354,0.001266833379749246
avg16,302,355,0.0012579527476622068
avg16,302,356,0.0012218799864939839
avg16,302,357,0.001195453488373315
avg16,302,358,0.001190614054083468
avg16,302,359,0.0011836066602559847
avg16,302,360,0.001175057486471487
avg16,302,361,0.001147929018261466
avg16,302,362,0.0011306610184339879
avg16,302,363,0.0011132830908656488
avg16,302,364,0.0011093191112722545
avg16,302,365,0.0010706007528292322
avg16,302,366,0.0010666273297062477
avg16,302,367,0.0010622541840987192
avg16,302,368,0.0010317013993023203
avg16,302,369,0.0010252851910868505
avg16,302,370,0.0010068071143309284
avg16,302,371,0.0009933966084734163
avg16,302,372,0.000975436350324877
avg16,302,373,0.0009635363420620551
avg16,302,374,0.0009619254680731591
avg16,302,375,0.0009395341437376508
avg16,302,376,0.000924690277215952
avg16,302,377,0.000916133335576204
avg16,302,378,0.0009146780026599808
avg16,302,379,0.0008958472270644557
avg16,302,380,0.0008856664042133313
avg16,302,381,0.0008556340102824757
avg16,302,382,0.0008377202537816771
avg16,302,383,0.0008309641153299164
avg16,302,384,0.0008228125870644673
avg16,302,385,0.0008198898564481443
avg16,302,386,0.0008171670226078893
avg16,302,387,0.0007942463857888155
avg16,302,388,0.0007903896718204549
avg16,302,389,0.0007699117079565744
avg16,302,390,0.00076322852378106
avg16,302,391,0.0007504361231946174
avg16,302,392,0.0007479308605415437
avg16,302,393,0.000730519318766883
avg16,302,394,0.0007282522900540305
avg16,302,395,0.0007116383325130228
avg16,302,396,0.0007061826248368436
avg16,302,397,0.0006973632313784833
avg16,302,398,0.0006918373335284304
avg16,302,399,0.0006867914661386599
avg16,302,400,0.0006779105546091031
avg16,302,401,0.0006644013206320724
avg16,302,402,0.0006513461521967914
avg16,302,403,0.0006497391207371699
avg16,302,404,0.0006311759805507134
avg16,302,405,0.000627905336156806
avg16,302,406,0.0006261099473747581
avg16,302,407,0.0006138550791216743
avg16,302,408,0.0006049614382516586
avg16,302,409,0.0006007378384155655
avg16,302,410,0.0005884839504563515
avg16,302,411,0.0005856461646478918
avg16,302,412,0.0005772389773547919
avg16,302,413,0.0005727914118297598
avg16,302,414,0.0005609315680605974
avg16,302,415,0.0005556244007212204
avg16,302,416,0.0005472399990975555
avg16,302,417,0.0005395405021670068
avg16,302,418,0.0005287229292280157
avg16,302,419,0.0005272917772841261
avg16,302,420,0.0005167114767538931
avg16,302,421,0.0005097507541501979
avg16,302,422,0.000503920302907991
avg16,302,423,0.0005010161631125951
avg16,302,424,0.0004970064000572521
avg16,302,425,0.0004865489917754024
avg16,302,426,0.00048052259600340835
avg16,302,427,0.0004756076609968105
avg16,302,428,0.0004729896305682725
avg16,302,429,0.00046994461587792903
avg16,302,430,0.00046146182329787717
avg16,302,431,0.0004584725680114827
avg16,302,432,0.0004445392265302237
avg16,302,433,0.00044315351401590667
avg16,302,434,0.0004429601058722044
avg16,302,435,0.0004350755120854871
avg16,302,436,0.00043174177862429576
avg16,302,437,0.0004280713502748771
avg16,302,438,0.0004208391455243167
avg16,302,439,0.00041653458246759557
avg16,302,440,0.0004153974685166045
avg16,302,441,0.0004081948117781035
avg16,302,442,0.000400664032592169
avg16,302,443,0.0003973130324646651
avg16,302,444,0.00039433168284565013
avg16,302,445,0.0003882817866053339
avg16,302,446,0.0003798233078967233
avg16,302,447,0.0003781161859654971
avg16,302,448,0.0003706839945198849
avg16,302,449,0.000365112378663218
avg16,302,450,0.0003638797771649126
avg16,302,451,0.0003618925213703497
avg16,302,452,0.0003578502130119865
avg16,302,453,0.0003521331922051463
avg16,302,454,0.0003453666554767046
avg16,302,455,0.0003421146810387965
avg16,302,456,0.00033739701522705483
avg16,302,457,0.0003317583781238526
avg16,302,458,0.00032696054931433875
avg16,302,459,0.0003243456088786477
avg16,302,460,0.0003234497506295029
avg16,302,461,0.0003172282652776646
avg16,302,462,0.0003123143341508128
avg16,302,463,0.00030521989000900494
avg16,302,464,0.0003047237259319422
avg16,302,465,0.0002986867493395205
avg16,302,466,0.0002973828967506228
avg16,302,467,0.000295865163169095
avg16,302,468,0.00029422419015091313
avg16,302,469,0.0002899161640270162
avg16,302,470,0.00028929910707196547
avg16,302,471,0.0002846037160148925
avg16,302,472,0.00027885231078343794
avg16,302,473,0.0002738217655273156
avg16,302,474,0.00027086315074334417
avg16,302,475,0.00026543775779042355
avg16,302,476,0.00026469057058506936
avg16,302,477,0.00026296795321188265
avg16,302,478,0.00026233690965426435
avg16,302,479,0.00025700670084552094
avg16,302,480,0.0002547183091340292
avg16,302,481,0.0002519714205129579
avg16,302,482,0.00024882737108853996
avg16,302,483,0.00024752362345163297
avg16,302,484,0.00024162718904890173
avg16,302,485,0.0002400984678297056
avg16,302,486,0.0002361623841842498
avg16,302,487,0.00023336623853598178
avg16,302,488,0.00023077776826661324
avg16,302,489,0.000229407828375096
avg16,302,490,0.00022617495615740758
avg16,302,491,0.0002241738750115212
avg16,302,492,0.00022259878954262538
avg16,302,493,0.00021952203617207528
avg16,302,494,0.00021659960088395573
avg16,302,495,0.0002155687453548142
avg16,302,496,0.00021292960244845993
avg16,302,497,0.00021058888239968094
avg16,302,498,0.00020715604798269782
avg16,302,499,0.00020411564177507587
avg16,302,500,0.00020292829312687383
avg16,302,501,0.00020038789392199576
avg16,302,502,0.00019866258187853977
avg16,302,503,0.0001975807367663312
avg16,302,504,0.00019536040903628748
avg16,302,505,0.00019068197347096012
avg16,302,506,0.00018780394688753594
avg16,302,507,0.00018688825300360536
avg16,302,508,0.0001849928112579435
avg16,302,509,0.00018328271524830324
avg16,302,510,0.00018177739340582473
avg16,302,511,0.0001800366646456847
avg16,302,512,0.00017794349823890146
avg16,302,513,0.0001758777687146533
avg16,302,514,0.00017437048147916486
avg16,302,515,0.00017209336492419482
avg16,302,516,0.00017167482001087056
avg16,302,517,0.0001681511503412718
avg16,302,518,0.0001678012191539943
avg16,302,519,0.00016359695045655456
avg16,302,520,0.0001622454606656442
avg16,302,521,0.00016052323676448078
avg16,302,522,0.00015807874045100124
avg16,302,523,0.00015736438683121556
avg16,302,524,0.00015610212342986697
avg16,302,525,0.00015475627708997762
avg16,302,526,0.0001518757024396288
avg16,302,527,0.000150876498057637
avg16,302,528,0.0001489109068645724
avg16,302,529,0.000147750391456291
avg16,302,530,0.00014475372541659896
avg16,302,531,0.00014237464800546362
avg16,302,532,0.00014049231338916405
avg16,302,533,0.00013868453130074169
avg16,302,534,0.0001359100858038964
avg16,302,535,0.000134596942187017
avg16,302,536,0.00013316646025897171
avg16,302,537,0.00013285369218382276
avg16,302,538,0.00013244165681021056
avg16,302,539,0.00012985461488250412
avg16,302,540,0.00012916085899345164
avg16,302,541,0.0001283381252020032
avg16,302,542,0.0001275054078015425
avg16,302,543,0.00012528147334465986
avg16,302,544,0.00012448340183003674
avg16,302,545,0.00012248844975668727
avg16,302,546,0.00012055398296170935
avg16,302,547,0.00011950476852725041
avg16,302,548,0.00011803709230216315
avg16,302,549,0.00011761890157086096
avg16,302,550,0.00011630476434793448
avg16,302,551,0.0001143875119030566
avg16,302,552,0.00011376727249372714
avg16,302,553,0.00011166696879256676
avg16,302,554,0.00011074474843639487
avg16,302,555,0.00011006132422683812
avg16,302,556,0.00010924377207140343
avg16,302,557,0.0001079863733855433
avg16,302,558,0.0001076774394486214
avg16,302,559,0.00010580380018738633
avg16,302,560,0.00010441111033520506
avg16,302,561,0.00010399881413000243
avg16,302,562,0.0001030812375366998
avg16,302,563,0.00010084759778690698
avg16,302,564,9.881633651363278e-05
avg16,302,565,9.818406571225848e-05
avg16,302,566,9.650414676777236e-05
avg16,302,567,9.617151687169744e-05
avg16,302,568,9.524092252431908e-05
avg16,302,569,9.355528806887417e-05
avg16,302,570,9.288618214342779e-05
avg16,302,571,9.252080548938281e-05
avg16,302,572,9.031601598562121e-05
avg16,302,573,9.01422539927076e-05
avg16,302,574,8.877904724686243e-05
avg16,302,575,8.80499490782726e-05
avg16,302,576,8.69611758921163e-05
avg16,302,577,8.570691943156294e-05
avg16,302,578,8.49793958415529e-05
avg16,302,579,8.468393661109614e-05
avg16,302,580,8.391063671482903e-05
avg16,302,581,8.335787053070902e-05
avg16,302,582,8.166982633195691e-05
avg16,302,583,8.00487182764924e-05
avg16,302,584,7.904306118577048e-05
avg16,302,585,7.789072998921819e-05
avg16,302,586,7.698393071862223e-05
avg16,302,587,7.590981517259934e-05
avg16,302,588,7.564057103513822e-05
avg16,302,589,7.450355925398888e-05
avg16,302,590,7.38312856392014e-05
avg16,302,591,7.309041938328233e-05
avg16,302,592,7.16555564094046e-05
avg16,302,593,7.111662401212821e-05
avg16,302,594,7.010954572244709e-05
avg16,302,595,6.98948489289921e-05
avg16,302,596,6.872314898810252e-05
avg16,302,597,6.749576304315472e-05
avg16,302,598,6.638252543678992e-05
avg16,302,599,6.591957804710216e-05
avg16,302,600,6.573266339464366e-05
avg16,302,601,6.499557617078901e-05
avg16,302,602,6.381898448802228e-05
avg16,302,603,6.34433752627401e-05
avg16,302,604,6.23828286227642e-05
avg16,302,605,6.189881381246437e-05
avg16,302,606,6.147710332279025e-05
avg16,302,607,6.0890095498664506e-05
avg16,302,608,6.045681461281387e-05
avg16,302,609,6.018844889491701e-05
avg16,302,610,5.859837083243385e-05
avg16,302,611,5.8531867812154425e-05
avg16,302,612,5.645185180794361e-05
avg16,302,613,5.597426412344187e-05
avg16,302,614,5.477179278407801e-05
avg16,302,615,5.463494858212711e-05
avg16,302,616,5.3744014644758976e-05
avg16,302,617,5.304936301168034e-05
avg16,302,618,5.262248011152896e-05
avg16,302,619,5.216972846529555e-05
avg16,302,620,5.182403933343882e-05
avg16,302,621,5.07368301361215e-05
avg16,302,622,4.998901329416753e-05
avg16,302,623,4.927085083150341e-05
avg16,302,624,4.873498940046473e-05
avg16,302,625,4.8526920193749895e-05
avg16,302,626,4.782956116064098e-05
avg16,302,627,4.7063892432571324e-05
avg16,302,628,4.6214138279397686e-05
avg16,302,629,4.5921994789288565e-05
avg16,302,630,4.554899110861546e-05
avg16,302,631,4.4897720755585336e-05
avg16,302,632,4.438558146042377e-05
avg16,302,633,4.424349390854802e-05
avg16,302,634,4.319749599564992e-05
avg16,302,635,4.309667002168079e-05
avg16,302,636,4.2197113321680716e-05
avg16,302,637,4.201719698778976e-05
avg16,302,638,4.147465821482389e-05
avg16,302,639,4.0719128603669984e-05
avg16,302,640,3.9895019833056086e-05
avg16,302,641,3.930015708317564e-05
avg16,302,642,3.9089763380971986e-05
avg16,302,643,3.841179226840734e-05
avg16,302,644,3.791732632392863e-05
avg16,302,645,3.7758345185345165e-05
avg16,302,646,3.711012082431742e-05
avg16,302,647,3.671225062724265e-05
avg16,302,648,3.6419269532106444e-05
avg16,302,649,3.5555743003668195e-05
avg16,302,650,3.552673377254483e-05
avg16,302,651,3.512890804662212e-05
avg16,302,652,3.4262870607449066e-05
avg16,302,653,3.406176532652761e-05
avg16,302,654,3.3403233501267236e-05
avg16,302,655,3.2813974987556415e-05
avg16,302,656,3.240758820931162e-05
avg16,302,657,3.185930426845509e-05
avg16,302,658,3.1493504013441915e-05
avg16,302,659,3.132971056987614e-05
avg16,302,660,3.070012941232358e-05
avg16,302,661,3.059758571958926e-05
avg16,302,662,2.9859143924751474e-05
avg16,302,663,2.957636171664506e-05
avg16,302,664,2.948181942998124e-05
avg16,302,665,2.8743722252209123e-05
avg16,302,666,2.819399656990472e-05
avg16,302,667,2.811083662620382e-05
avg16,302,668,2.7572856335426807e-05
avg16,302,669,2.739587451423196e-05
avg16,302,670,2.7254474137145205e-05
avg16,302,671,2.6829474265523684e-05
avg16,302,672,2.6602794574475965e-05
avg16,302,673,2.590474150952747e-05
avg16,302,674,2.5524763527640688e-05
avg16,302,675,2.496005745848615e-05
avg16,302,676,2.4887966074667082e-05
avg16,302,677,2.442534551174903e-05
avg16,302,678,2.4183873089370704e-05
avg16,302,679,2.3822468478145437e-05
avg16,302,680,2.3511609467890122e-05
avg16,302,681,2.307819527195363e-05
avg16,302,682,2.292362360151692e-05
avg16,302,683,2.2247529985694513e-05
avg16,302,684,2.182358014904909e-05
avg16,302,685,2.1527499320439734e-05
avg16,302,686,2.1478686170458415e-05
avg16,302,687,2.0805345677843278e-05
avg16,302,688,2.0486771711405004e-05
avg16,302,689,2.030991527925805e-05
avg16,302,690,2.0030998490194595e-05
avg16,302,691,1.9593988775010762e-05
avg16,302,692,1.950248335289883e-05
avg16,302,693,1.9360863961433012e-05
avg16,302,694,1.8999005665249352e-05
avg16,302,695,1.850201839957915e-05
avg16,302,696,1.840729326823972e-05
avg16,302,697,1.8084031606966347e-05
avg16,302,698,1.78124933788692e-05
avg16,302,699,1.7285204461658583e-05
avg16,302,700,1.714224750045803e-05
avg16,302,701,1.691235627888103e-05
avg16,302,702,1.639597400831577e-05
avg16,302,703,1.6221122437244418e-05
avg16,302,704,1.614908895441507e-05
avg16,302,705,1.605884040066351e-05
avg16,302,706,1.5598615677411595e-05
avg16,302,707,1.5466835782715704e-05
avg16,302,708,1.5061696650647046e-05
avg16,302,709,1.4636479028744045e-05
avg16,302,710,1.4307994487042631e-05
avg16,302,711,1.4182975119521387e-05
avg16,302,712,1.3712735777384048e-05
avg16,302,713,1.3671574251285448e-05
avg16,302,714,1.3400448065129316e-05
avg16,302,715,1.311350009466518e-05
avg16,302,716,1.2893929685872615e-05
avg16,302,717,1.2659878243638104e-05
avg16,302,718,1.2505597268410236e-05
avg16,302,719,1.2328219690772464e-05
avg16,302,720,1.2201781012473723e-05
avg16,302,721,1.18153513628605e-05
avg16,302,722,1.1563178220392756e-05
avg16,302,723,1.1512969903661433e-05
avg16,302,724,1.1267800403068264e-05
avg16,302,725,1.0978771160593477e-05
avg16,302,726,1.0653582180339652e-05
avg16,302,727,1.0489914053481331e-05
avg16,302,728,1.0217174637304986e-05
avg16,302,729,9.827948175652344e-06
avg16,302,730,9.636497408955891e-06
avg16,302,731,9.444481204070324e-06
avg16,302,732,9.336049076593799e-06
avg16,302,733,8.98619050276451e-06
avg16,302,734,8.962440561009605e-06
avg16,302,735,8.776772233250758e-06
avg16,302,736,8.531800299819326e-06
avg16,302,737,8.393975468669978e-06
avg16,302,738,8.268536585861001e-06
avg16,302,739,8.060293335154553e-06
avg16,302,740,7.84295223676454e-06
avg16,302,741,7.821577938113303e-06
avg16,302,742,7.524531609255745e-06
avg16,302,743,7.2248271488110515e-06
avg16,302,744,6.959853428366797e-06
avg16,302,745,6.913147991682592e-06
avg16,302,746,6.739167042096783e-06
avg16,302,747,6.387375381857227e-06
avg16,302,748,6.2897315533419655e-06
avg16,302,749,6.143140127527877e-06
avg16,302,750,6.047004297758373e-06
avg16,302,751,5.770676854070778e-06
avg16,302,752,5.613692274348771e-06
avg16,302,753,5.496531080791225e-06
avg16,302,754,5.286302914285769e-06
avg16,302,755,5.2133197942081975e-06
avg16,302,756,4.992822006289277e-06
avg16,302,757,4.838928683700639e-06
avg16,302,758,4.687821876985291e-06
avg16,302,759,4.577366362453763e-06
avg16,302,760,4.359616436737572e-06
avg16,302,761,4.274434421037088e-06
avg16,302,762,4.093056193242888e-06
avg16,302,763,3.923462960526261e-06
avg16,302,764,3.661611611239404e-06
avg16,302,765,3.5192859586492647e-06
avg16,302,766,3.0603401521083356e-06
avg16,302,767,2.9473515333399344e-06
avg16,302,768,2.7944343396060864e-06
rgb32,303,1,58.32065000080031
rgb32,303,2,21.637004074641574
rgb32,303,3,13.154993027147478
rgb32,303,4,6.99640397367131
rgb32,303,5,6.588693486194926
rgb32,303,6,5.196031832350066
rgb32,303,7,5.134715820622131
rgb32,303,8,4.003003604685044
rgb32,303,9,3.6971138502783534
rgb32,303,10,2.795443929658821
rgb32,303,11,2.6434855590001747
rgb32,303,12,2.288505557035274
rgb32,303,13,2.089449932200609
rgb32,303,14,1.9302977529511756
rgb32,303,15,1.7202791659709982
rgb32,303,16,1.651860910011155
rgb32,303,17,1.489237659265689
rgb32,303,18,1.4283485614395464
rgb32,303,19,1.3152069440671144
rgb32,303,20,1.2266616823834973
rgb32,303,21,1.1335697681787664
rgb32,303,22,1.0875291927919075
rgb32,303,23,1.0089224879987064
rgb32,303,24,0.9752834586500007
rgb32,303,25,0.9045326561244418
rgb32,303,26,0.9015343091114624
rgb32,303,27,0.8750477856574104
rgb32,303,28,0.8220655730215046
rgb32,303,29,0.7919051496217681
rgb32,303,30,0.7486950539094057
rgb32,303,31,0.6951445449639588
rgb32,303,32,0.6639735212902532
rgb32,303,33,0.6349237166355474
rgb32,303,34,0.616192959289503
rgb32,303,35,0.5916068953828719
rgb32,303,36,0.5760280251954126
rgb32,303,37,0.5496914329632792
rgb32,303,38,0.5345745404315553
rgb32,303,39,0.5121921824499127
rgb32,303,40,0.4990508086154074
rgb32,303,41,0.4732343764641136
rgb32,303,42,0.46616372053753324
rgb32,303,43,0.44362131391201903
rgb32,303,44,0.4261326224161059
rgb32,303,45,0.417632599465361
rgb32,303,46,0.41321554869068916
rgb32,303,47,0.39997527762547264
rgb32,303,48,0.3942864566586154
rgb32,303,49,0.3909976036300647
rgb32,303,50,0.3689560375968584
rgb32,303,51,0.3571730159417745
rgb32,303,52,0.3419415556250176
rgb32,303,53,0.3381813966364848
rgb32,303,54,0.3324540326882558
rgb32,303,55,0.3303800970953406
rgb32,303,56,0.321755614719613
rgb32,303,57,0.3175494480803531
rgb32,303,58,0.3154651635706893
rgb32,303,59,0.29863275926918564
rgb32,303,60,0.29280151302851937
rgb32,303,61,0.28671387856425584
rgb32,303,62,0.2819044314043938
rgb32,303,63,0.2777594467470823
rgb32,303,64,0.2729538654462384
rgb32,303,65,0.26682459986604506
rgb32,303,66,0.25499606533895963
rgb32,303,67,0.24933439296936116
rgb32,303,68,0.24658604670608342
rgb32,303,69,0.24091922720034975
rgb32,303,70,0.23608574806551255
rgb32,303,71,0.23310202340630962
rgb32,303,72,0.22830840341264114
rgb32,303,73,0.22436111487406218
rgb32,303,74,0.2229872269626782
rgb32,303,75,0.21967774612812835
rgb32,303,76,0.21404640685695606
rgb32,303,77,0.2097229901134207
rgb32,303,78,0.20599939506806775
rgb32,303,79,0.2030678889585301
rgb32,303,80,0.1981739093149774
rgb32,303,81,0.195625120291839
rgb32,303,82,0.1884285090411289
rgb32,303,83,0.18714225212543206
rgb32,303,84,0.18609840427216828
rgb32,303,85,0.18173801579983712
rgb32,303,86,0.17996421901931436
rgb32,303,87,0.17858998273943247
rgb32,303,88,0.17715116403425818
rgb32,303,89,0.174431946540601
rgb32,303,90,0.17020438856966572
rgb32,303,91,0.1694466110066306
rgb32,303,92,0.16313300449075732
rgb32,303,93,0.16286937135475696
rgb32,303,94,0.15919807764182786
rgb32,303,95,0.15754488094230548
rgb32,303,96,0.15683465422192933
rgb32,303,97,0.1556378759222468
rgb32,303,98,0.15296244207303164
rgb32,303,99,0.15010710782116995
rgb32,303,100,0.14462325908985632
rgb32,303,101,0.14411361114822616
rgb32,303,102,0.1427660858206742
rgb32,303,103,0.14199646647929048
rgb32,303,104,0.14092715100469463
rgb32,303,105,0.13586129021624463
rgb32,303,106,0.13232815460001457
rgb32,303,107,0.13163899197500017
rgb32,303,108,0.13058195888272414
rgb32,303,109,0.12832349816012115
rgb32,303,110,0.12778366769554908
rgb32,303,111,0.12573306455108957
rgb32,303,112,0.12450665955720938
rgb32,303,113,0.1228631886523794
rgb32,303,114,0.12115213061716679
rgb32,303,115,0.12030704023477432
rgb32,303,116,0.11843953730994745
rgb32,303,117,0.11786426331864197
rgb32,303,118,0.11633678402628589
rgb32,303,119,0.11463081007557861
rgb32,303,120,0.11428850952292448
rgb32,303,121,0.11178646387807842
rgb32,303,122,0.10994366921324407
rgb32,303,123,0.10949611706461813
rgb32,303,124,0.10798827437542534
rgb32,303,125,0.1073276715029324
rgb32,303,126,0.10650591470152934
rgb32,303,127,0.10510184058585409
rgb32,303,128,0.1037273711963426
rgb32,303,129,0.10220986417214124
rgb32,303,130,0.10122242836377936
rgb32,303,131,0.10028755754576825
rgb32,303,132,0.09948129224682163
rgb32,303,133,0.09914737017680103
rgb32,303,134,0.09650761651753499
rgb32,303,135,0.09586938480384981
rgb32,303,136,0.0941402983743952
rgb32,303,137,0.09391506649641035
rgb32,303,138,0.09233578731281504
rgb32,303,139,0.09139268579484496
rgb32,303,140,0.09078263822785186
rgb32,303,141,0.08968451156185095
rgb32,303,142,0.08939645516464623
rgb32,303,143,0.08846522828005622
rgb32,303,144,0.0862629393995201
rgb32,303,145,0.0860376495144346
rgb32,303,146,0.0854113297390183
rgb32,303,147,0.08446360540770574
rgb32,303,148,0.08327943279655801
rgb32,303,149,0.08247710770756404
rgb32,303,150,0.08225103770772459
rgb32,303,151,0.08014905522537863
rgb32,303,152,0.0800236274556113
rgb32,303,153,0.07907626183996051
rgb32,303,154,0.07830777217611483
rgb32,303,155,0.07703078890284168
rgb32,303,156,0.07649988294412367
rgb32,303,157,0.07607426316020398
rgb32,303,158,0.07582504205534964
rgb32,303,159,0.07454690357123439
rgb32,303,160,0.074344725830632
rgb32,303,161,0.07346525970765942
rgb32,303,162,0.07315741797381824
rgb32,303,163,0.07227426344953598
rgb32,303,164,0.07103967871820742
rgb32,303,165,0.07083578923011524
rgb32,303,166,0.06998580590600482
rgb32,303,167,0.06967602226374145
rgb32,303,168,0.06917695484711421
rgb32,303,169,0.06841385112589794
rgb32,303,170,0.06774026828005313
rgb32,303,171,0.06750579275014687
rgb32,303,172,0.06705834484442867
rgb32,303,173,0.06674358924989107
rgb32,303,174,0.06523108342791749
rgb32,303,175,0.06491071837111356
rgb32,303,176,0.06379687809941822
rgb32,303,177,0.06276881498791302
rgb32,303,178,0.06223714049784474
rgb32,303,179,0.061441704676071594
rgb32,303,180,0.06093460504656101
rgb32,303,181,0.060708045459336245
rgb32,303,182,0.05958380839568827
rgb32,303,183,0.0591153128445856
rgb32,303,184,0.05897934094177035
rgb32,303,185,0.05831647081561265
rgb32,303,186,0.05785313494302499
rgb32,303,187,0.0572205463120758
rgb32,303,188,0.05687751469667857
rgb32,303,189,0.056725836995952315
rgb32,303,190,0.05558769120756878
rgb32,303,191,0.055474915948804875
rgb32,303,192,0.05520317451058463
rgb32,303,193,0.05459295490901467
rgb32,303,194,0.05414577911944849
rgb32,303,195,0.05329688268932179
rgb32,303,196,0.05292236440530412
rgb32,303,197,0.052460383127238774
rgb32,303,198,0.052097384754068034
rgb32,303,199,0.05151424827983682
rgb32,303,200,0.051345105688356894
rgb32,303,201,0.051081090529799304
rgb32,303,202,0.0508948478395593
rgb32,303,203,0.050150869279749315
rgb32,303,204,0.0499678340869483
rgb32,303,205,0.049658264978164154
rgb32,303,206,0.04888250417799289
rgb32,303,207,0.0483189670076539
rgb32,303,208,0.04813973948655473
rgb32,303,209,0.04738603936298928
rgb32,303,210,0.04720984472431338
rgb32,303,211,0.04701152700452908
rgb32,303,212,0.04671044522336205
rgb32,303,213,0.046376779051894024
rgb32,303,214,0.04632855633876753
rgb32,303,215,0.04595226892378004
rgb32,303,216,0.04516001310331336
rgb32,303,217,0.044669959960694616
rgb32,303,218,0.044503583379907626
rgb32,303,219,0.044148820827664595
rgb32,303,220,0.044038997206843844
rgb32,303,221,0.043929875323148085
rgb32,303,222,0.04370232400326737
rgb32,303,223,0.04304075522536349
rgb32,303,224,0.04247546016557297
rgb32,303,225,0.042177545621724266
rgb32,303,226,0.041556113104996704
rgb32,303,227,0.04145605870910305
rgb32,303,228,0.04120793998656832
rgb32,303,229,0.041048483564695336
rgb32,303,230,0.04084835981220938
rgb32,303,231,0.040090863513882274
rgb32,303,232,0.03971838231937879
rgb32,303,233,0.03930721492457295
rgb32,303,234,0.03917973856915025
rgb32,303,235,0.03879412287194157
rgb32,303,236,0.038368004051992255
rgb32,303,237,0.03802860128004929
rgb32,303,238,0.03797020349225913
rgb32,303,239,0.03767225523876873
rgb32,303,240,0.03735869175524009
rgb32,303,241,0.03702160498785657
rgb32,303,242,0.03677514276293326
rgb32,303,243,0.03643015180842231
rgb32,303,244,0.03608367146854474
rgb32,303,245,0.03598573311374362
rgb32,303,246,0.035447700949661654
rgb32,303,247,0.03529598804083473
rgb32,303,248,0.03502307372258091
rgb32,303,249,0.034910788535889095
rgb32,303,250,0.03471809556094437
rgb32,303,251,0.03437649951241144
rgb32,303,252,0.03403706468182654
rgb32,303,253,0.03355795540136246
rgb32,303,254,0.033373573259603516
rgb32,303,255,0.03293946990162326
rgb32,303,256,0.032798429454961635
rgb32,303,257,0.03277074371010405
rgb32,303,258,0.03250269707334956
rgb32,303,259,0.03215872358221169
rgb32,303,260,0.03195004307623676
rgb32,303,261,0.031506482996187093
rgb32,303,262,0.031437101826230184
rgb32,303,263,0.03126676158375272
rgb32,303,264,0.03114160875187622
rgb32,303,265,0.031019534401299335
rgb32,303,266,0.030755118640875663
rgb32,303,267,0.030583878366094643
rgb32,303,268,0.030309362263395354
rgb32,303,269,0.0300826835812298
rgb32,303,270,0.029985123001159755
rgb32,303,271,0.029573576954491674
rgb32,303,272,0.029460157934158352
rgb32,303,273,0.029399553992900597
rgb32,303,274,0.02918268411202054
rgb32,303,275,0.028690784242011755
rgb32,303,276,0.028647359106751112
rgb32,303,277,0.02846918660365726
rgb32,303,278,0.028388172061573312
rgb32,303,279,0.027984431848263974
rgb32,303,280,0.027880452775455877
rgb32,303,281,0.027777537866662143
rgb32,303,282,0.027535929081601882
rgb32,303,283,0.027345070386476215
rgb32,303,284,0.02721892247465253
rgb32,303,285,0.027124397890843626
rgb32,303,286,0.026872670532569816
rgb32,303,287,0.02667828739854271
rgb32,303,288,0.026436923517743863
rgb32,303,289,0.026302451435179095
rgb32,303,290,0.026133145708183998
rgb32,303,291,0.02583531895974032
rgb32,303,292,0.025719108436377734
rgb32,303,293,0.025409723394095488
rgb32,303,294,0.02518334935420135
rgb32,303,295,0.025068437939233766
rgb32,303,296,0.024809693057404998
rgb32,303,297,0.024767559932745292
rgb32,303,298,0.024463572116923557
rgb32,303,299,0.02431533685000802
rgb32,303,300,0.02423169117831146
rgb32,303,301,0.0240942251360969
rgb32,303,302,0.02384024661967712
rgb32,303,303,0.023658018083337628
rgb32,303,304,0.023544331344217417
rgb32,303,305,0.023149976734045927
rgb32,303,306,0.02306566036033316
rgb32,303,307,0.022945133829326912
rgb32,303,308,0.02279832589799914
rgb32,303,309,0.022707176730464212
rgb32,303,310,0.022603332700948782
rgb32,303,311,0.022456579286200998
rgb32,303,312,0.02233539898836966
rgb32,303,313,0.022091224205866494
rgb32,303,314,0.021974174367488178
rgb32,303,315,0.021877413698462453
rgb32,303,316,0.021784610788844153
rgb32,303,317,0.021525361046181336
rgb32,303,318,0.021476278672294045
rgb32,303,319,0.021315344414253617
rgb32,303,320,0.02120996482813113
rgb32,303,321,0.021071912982956017
rgb32,303,322,0.02096789060055745
rgb32,303,323,0.020746185733354704
rgb32,303,324,0.020664103785860293
rgb32,303,325,0.02050575243180669
rgb32,303,326,0.02046097799621323
rgb32,303,327,0.02029171251933185
rgb32,303,328,0.020144873038170093
rgb32,303,329,0.019989308035178142
rgb32,303,330,0.019869886006129732
rgb32,303,331,0.0196412509268607
rgb32,303,332,0.0194827406305333
rgb32,303,333,0.019453707634371882
rgb32,303,334,0.01939810368195349
rgb32,303,335,0.019199396959369678
rgb32,303,336,0.01915771544460678
rgb32,303,337,0.01902943451049769
rgb32,303,338,0.018833049325902924
rgb32,303,339,0.018712799663313635
rgb32,303,340,0.018589775554888225
rgb32,303,341,0.018471463416130242
rgb32,303,342,0.018386314997170073
rgb32,303,343,0.018242563763822616
rgb32,303,344,0.01807961113909009
rgb32,303,345,0.017958742446396916
rgb32,303,346,0.017861937185442656
rgb32,303,347,0.017759431599670136
rgb32,303,348,0.01768566176156089
rgb32,303,349,0.017580776764122272
rgb32,303,350,0.017535389665959154
rgb32,303,351,0.017445314604875795
rgb32,303,352,0.01736665436026535
rgb32,303,353,0.01726327820901439
rgb32,303,354,0.017164461719765402
rgb32,303,355,0.017048583993585508
rgb32,303,356,0.016909636769300164
rgb32,303,357,0.016885447213760018
rgb32,303,358,0.016789242387527603
rgb32,303,359,0.016516727426687593
rgb32,303,360,0.016406228769592107
rgb32,303,361,0.016329880813903387
rgb32,303,362,0.016264073254112554
rgb32,303,363,0.01619566449524499
rgb32,303,364,0.01594642690795252
rgb32,303,365,0.015927318748866354
rgb32,303,366,0.015893555473215665
rgb32,303,367,0.01581510774779038
rgb32,303,368,0.01571242965430854
rgb32,303,369,0.015577399837526255
rgb32,303,370,0.015510074031785266
rgb32,303,371,0.01546833496672026
rgb32,303,372,0.015292186479569328
rgb32,303,373,0.015197045990088132
rgb32,303,374,0.015167322225949924
rgb32,303,375,0.015106018936147212
rgb32,303,376,0.014897264159429081
rgb32,303,377,0.014765658927156405
rgb32,303,378,0.01472816509217171
rgb32,303,379,0.014671212451444898
rgb32,303,380,0.014574467436827653
rgb32,303,381,0.014534971516371245
rgb32,303,382,0.014415922075977755
rgb32,303,383,0.014345417294921104
rgb32,303,384,0.014212474722900157
rgb32,303,385,0.014173433726479593
rgb32,303,386,0.014140467936506248
rgb32,303,387,0.01405682397449481
rgb32,303,388,0.013946282778065316
rgb32,303,389,0.01385531483715581
rgb32,303,390,0.013842522710563878
rgb32,303,391,0.013732805889635682
rgb32,303,392,0.01365556195216072
rgb32,303,393,0.013508876073537842
rgb32,303,394,0.013405108837081353
rgb32,303,395,0.013312170189812563
rgb32,303,396,0.013282604782030255
rgb32,303,397,0.013147561807159664
rgb32,303,398,0.013110694558996824
rgb32,303,399,0.013066237878127319
rgb32,303,400,0.012953289441768809
rgb32,303,401,0.01285157097971904
rgb32,303,402,0.012822158188696
rgb32,303,403,0.012746761389902874
rgb32,303,404,0.012691867936542645
rgb32,303,405,0.012640044173852751
rgb32,303,406,0.012574161665058009
rgb32,303,407,0.012473031443416329
rgb32,303,408,0.012353952393698556
rgb32,303,409,0.012321995649524384
rgb32,303,410,0.012278925953202624
rgb32,303,411,0.012114604214189376
rgb32,303,412,0.012066659089985615
rgb32,303,413,0.01198235638318734
rgb32,303,414,0.011958093388227087
rgb32,303,415,0.01187238944271881
rgb32,303,416,0.01182258571459194
rgb32,303,417,0.01177837443165365
rgb32,303,418,0.011662215675966037
rgb32,303,419,0.01161039447090589
rgb32,303,420,0.011450893137033657
rgb32,303,421,0.011419086442856718
rgb32,303,422,0.011351828827196106
rgb32,303,423,0.011290743402694729
rgb32,303,424,0.011249273665947574
rgb32,303,425,0.01112153297443982
rgb32,303,426,0.011075962205696526
rgb32,303,427,0.010967585175143001
rgb32,303,428,0.010917633473476948
rgb32,303,429,0.01087892883193786
rgb32,303,430,0.010854645563433631
rgb32,303,431,0.01078799971634989
rgb32,303,432,0.010778172622488457
rgb32,303,433,0.01065947886432982
rgb32,303,434,0.010650935968619808
rgb32,303,435,0.01059892638879964
rgb32,303,436,0.010528937538707863
rgb32,303,437,0.010482256986700616
rgb32,303,438,0.010445436267973658
rgb32,303,439,0.010378983060684913
rgb32,303,440,0.010309489361857289
rgb32,303,441,0.010270479794645413
rgb32,303,442,0.0101820599806099
rgb32,303,443,0.010104481871080854
rgb32,303,444,0.010014467686100013
rgb32,303,445,0.009912039125236095
rgb32,303,446,0.009846337814848493
rgb32,303,447,0.0097920011098385
rgb32,303,448,0.00975406249436702
rgb32,303,449,0.00973199658061542
rgb32,303,450,0.009661009960026438
rgb32,303,451,0.00959124267779368
rgb32,303,452,0.009558616818869572
rgb32,303,453,0.009513205492302331
rgb32,303,454,0.009484784625552564
rgb32,303,455,0.00945060128889237
rgb32,303,456,0.009441775332227002
rgb32,303,457,0.009385658986040601
rgb32,303,458,0.009308102446553371
rgb32,303,459,0.009274458639240783
rgb32,303,460,0.00921139183328645
rgb32,303,461,0.009197963274136101
rgb32,303,462,0.009137060571507968
rgb32,303,463,0.009093107090154375
rgb32,303,464,0.00904936772971693
rgb32,303,465,0.008991615791061015
rgb32,303,466,0.008902913116590404
rgb32,303,467,0.008865414627136772
rgb32,303,468,0.008790911362854382
rgb32,303,469,0.008713009368347563
rgb32,303,470,0.008656941444178572
rgb32,303,471,0.008619567449725592
rgb32,303,472,0.008586518817012296
rgb32,303,473,0.008516700660670853
rgb32,303,474,0.00847037897304471
rgb32,303,475,0.008455401746354252
rgb32,303,476,0.008433615048311246
rgb32,303,477,0.008388848812648411
rgb32,303,478,0.00834909845793526
rgb32,303,479,0.008305126078889327
rgb32,303,480,0.008207986415360167
rgb32,303,481,0.00815648425549411
rgb32,303,482,0.008122404165743115
rgb32,303,483,0.008084703841475666
rgb32,303,484,0.008046570908066784
rgb32,303,485,0.007988285189827696
rgb32,303,486,0.007970564721841445
rgb32,303,487,0.007929110002575932
rgb32,303,488,0.00787410287255186
rgb32,303,489,0.007787967986395484
rgb32,303,490,0.0077808865268137045
rgb32,303,491,0.007767355499416335
rgb32,303,492,0.00766779396526862
rgb32,303,493,0.007657266170398304
rgb32,303,494,0.007637341256535538
rgb32,303,495,0.0075549868192111135
rgb32,303,496,0.007537242857534625
rgb32,303,497,0.007506652763246469
rgb32,303,498,0.00744200192647969
rgb32,303,499,0.007410223261000009
rgb32,303,500,0.007345134604403105
rgb32,303,501,0.007296282236555591
rgb32,303,502,0.007267919236298858
rgb32,303,503,0.007225399972399493
rgb32,303,504,0.007211360959074844
rgb32,303,505,0.007168046801388111
rgb32,303,506,0.007134261089270744
rgb32,303,507,0.007097091643433588
rgb32,303,508,0.007061732771771704
rgb32,303,509,0.00702121171603097
rgb32,303,510,0.006957725670609801
rgb32,303,511,0.006942921889388733
rgb32,303,512,0.006916960343423285
rgb32,303,513,0.00686790929744784
rgb32,303,514,0.006846192590866631
rgb32,303,515,0.006821008722759407
rgb32,303,516,0.006807744226251322
rgb32,303,517,0.006745813737587625
rgb32,303,518,0.006693124638594163
rgb32,303,519,0.006626600543899199
rgb32,303,520,0.006614981610389174
rgb32,303,521,0.006545888151892709
rgb32,303,522,0.006516516990968067
rgb32,303,523,0.006503560301326598
rgb32,303,524,0.006460266044139236
rgb32,303,525,0.006443523771522625
rgb32,303,526,0.006386846616794253
rgb32,303,527,0.006378166852957304
rgb32,303,528,0.006314958638361176
rgb32,303,529,0.006289056162880992
rgb32,303,530,0.006260767300826318
rgb32,303,531,0.0062402009120303605
rgb32,303,532,0.006219933247433202
rgb32,303,533,0.0061994843579444275
rgb32,303,534,0.006167679498714543
rgb32,303,535,0.0060984448584260696
rgb32,303,536,0.0060921229484899656
rgb32,303,537,0.006031449067896105
rgb32,303,538,0.005975112554589982
rgb32,303,539,0.005944090793380897
rgb32,303,540,0.005884944647414122
rgb32,303,541,0.00586785166606936
rgb32,303,542,0.005840722306326215
rgb32,303,543,0.005821412810422889
rgb32,303,544,0.005771014466765921
rgb32,303,545,0.005744432142812054
rgb32,303,546,0.005740151590547317
rgb32,303,547,0.005687641608467286
rgb32,303,548,0.005656535237838037
rgb32,303,549,0.005651748592460484
rgb32,303,550,0.005643790353213362
rgb32,303,551,0.005613458361108815
rgb32,303,552,0.005532909917457366
rgb32,303,553,0.0055189460641233735
rgb32,303,554,0.0054648500893628585
rgb32,303,555,0.005450535159959059
rgb32,303,556,0.00543581526028035
rgb32,303,557,0.005375292738261992
rgb32,303,558,0.005343269843401282
rgb32,303,559,0.005319965904464825
rgb32,303,560,0.005312058058888863
rgb32,303,561,0.005302536725786585
rgb32,303,562,0.005283919528901355
rgb32,303,563,0.005240954860564084
rgb32,303,564,0.005224140558956957
rgb32,303,565,0.005202609509695656
rgb32,303,566,0.005160097699923865
rgb32,303,567,0.005147231527741783
rgb32,303,568,0.005109226945943302
rgb32,303,569,0.005086883714013947
rgb32,303,570,0.005040173665570117
rgb32,303,571,0.0050200289537911755
rgb32,303,572,0.0050151525741619395
rgb32,303,573,0.004951036916851878
rgb32,303,574,0.004947306172614627
rgb32,303,575,0.004924759399356211
rgb32,303,576,0.0048969071910749075
rgb32,303,577,0.0048629752359937535
rgb32,303,578,0.004840708633201272
rgb32,303,579,0.0048148421769109075
rgb32,303,580,0.00476747524991508
rgb32,303,581,0.004757284684754677
rgb32,303,582,0.004712358957823144
rgb32,303,583,0.004701816809510485
rgb32,303,584,0.004691709912587082
rgb32,303,585,0.0046463832544467384
rgb32,303,586,0.0046156253847018935
rgb32,303,587,0.004611069656883867
rgb32,303,588,0.004601748013900518
rgb32,303,589,0.004576936000872934
rgb32,303,590,0.004558294461077118
rgb32,303,591,0.004517165597181518
rgb32,303,592,0.004498184546031908
rgb32,303,593,0.004487652977745901
rgb32,303,594,0.0044438887384728116
rgb32,303,595,0.0044364759591981615
rgb32,303,596,0.0044021788247701355
rgb32,303,597,0.00438271129381218
rgb32,303,598,0.004356018620389969
rgb32,303,599,0.004331171045362636
rgb32,303,600,0.0043085660980883
rgb32,303,601,0.0042891214994433486
rgb32,303,602,0.00427300797474695
rgb32,303,603,0.0042534036099365615
rgb32,303,604,0.004222452677534974
rgb32,303,605,0.0041880863427949345
rgb32,303,606,0.004167921476213505
rgb32,303,607,0.004151815284282038
rgb32,303,608,0.004145637988135192
rgb32,303,609,0.0041010527253838155
rgb32,303,610,0.0040919161628954585
rgb32,303,611,0.004076107345172677
rgb32,303,612,0.004045341260273033
rgb32,303,613,0.004037765468446406
rgb32,303,614,0.003992240230939047
rgb32,303,615,0.003987643458162485
rgb32,303,616,0.003965400500346815
rgb32,303,617,0.003944526844454374
rgb32,303,618,0.003921832166350737
rgb32,303,619,0.003901729492956311
rgb32,303,620,0.003863183881468311
rgb32,303,621,0.0038481047643986184
rgb32,303,622,0.003821191746478932
rgb32,303,623,0.003791399142468573
rgb32,303,624,0.003767438241651609
rgb32,303,625,0.0037554451061682427
rgb32,303,626,0.0037341215654986084
rgb32,303,627,0.003718997639217123
rgb32,303,628,0.003706708461458616
rgb32,303,629,0.003692021125052818
rgb32,303,630,0.0036822806586127464
rgb32,303,631,0.003661476891910232
rgb32,303,632,0.003647549816237997
rgb32,303,633,0.0036126015561697665
rgb32,303,634,0.003581768761967008
rgb32,303,635,0.00356642792522066
rgb32,303,636,0.003552885094594527
rgb32,303,637,0.003528630171957654
rgb32,303,638,0.00350693281447861
rgb32,303,639,0.0034847831754298477
rgb32,303,640,0.0034667104238849987
rgb32,303,641,0.003438555003451127
rgb32,303,642,0.0034338732917223898
rgb32,303,643,0.003415132278780471
rgb32,303,644,0.0033950086514947853
rgb32,303,645,0.0033624335437317564
rgb32,303,646,0.003354100302101147
rgb32,303,647,0.003339760339087174
rgb32,303,648,0.003329907244090129
rgb32,303,649,0.003310340477598088
rgb32,303,650,0.003294531238109033
rgb32,303,651,0.00328422772557379
rgb32,303,652,0.0032593354834563816
rgb32,303,653,0.0032219844963085765
rgb32,303,654,0.0031979187563397804
rgb32,303,655,0.0031922735469944786
rgb32,303,656,0.003187121755507929
rgb32,303,657,0.0031714923300699403
rgb32,303,658,0.0031648387906162063
rgb32,303,659,0.0031390855958837267
rgb32,303,660,0.003126636992150784
rgb32,303,661,0.003105008662404649
rgb32,303,662,0.0030979411706239706
rgb32,303,663,0.0030716349302545216
rgb32,303,664,0.0030483743828257867
rgb32,303,665,0.0030262491750290537
rgb32,303,666,0.003020435163467612
rgb32,303,667,0.003011730860095598
rgb32,303,668,0.002996246521980646
rgb32,303,669,0.002980469460163568
rgb32,303,670,0.0029542814519579966
rgb32,303,671,0.0029431466608350167
rgb32,303,672,0.002921093995387318
rgb32,303,673,0.002908847959774205
rgb32,303,674,0.002899505529487596
rgb32,303,675,0.0028726879471377567
rgb32,303,676,0.002867984736914049
rgb32,303,677,0.0028455179122100272
rgb32,303,678,0.002835103292478792
rgb32,303,679,0.0028165002599512055
rgb32,303,680,0.0027928565479040245
rgb32,303,681,0.0027840590607145603
rgb32,303,682,0.0027784544544386582
rgb32,303,683,0.0027657622320333636
rgb32,303,684,0.0027509098051740686
rgb32,303,685,0.002721397601080784
rgb32,303,686,0.0027112792974865883
rgb32,303,687,0.0027043123668355974
rgb32,303,688,0.0026919722186137217
rgb32,303,689,0.0026823799212073187
rgb32,303,690,0.0026727868405565258
rgb32,303,691,0.002649480422216874
rgb32,303,692,0.002628310288360021
rgb32,303,693,0.00261713851295413
rgb32,303,694,0.0026110483175504568
rgb32,303,695,0.0026038485400092623
rgb32,303,696,0.0025783380249929156
rgb32,303,697,0.002565095699287969
rgb32,303,698,0.002551669766220591
rgb32,303,699,0.0025302427748603164
rgb32,303,700,0.002511134207611448
rgb32,303,701,0.0024968815580496194
rgb32,303,702,0.0024787380838756845
rgb32,303,703,0.002466902987095509
rgb32,303,704,0.0024510003357327806
rgb32,303,705,0.0024386818582977
rgb32,303,706,0.002437544918500751
rgb32,303,707,0.0024201937667602965
rgb32,303,708,0.0024082701874135505
rgb32,303,709,0.002398946200322055
rgb32,303,710,0.0023873191490026025
rgb32,303,711,0.0023769709906100453
rgb32,303,712,0.0023544097194732458
rgb32,303,713,0.0023387129081520928
rgb32,303,714,0.0023354933298802656
rgb32,303,715,0.002320531296005711
rgb32,303,716,0.0023162017958102674
rgb32,303,717,0.0022960631759134705
rgb32,303,718,0.002293970360357227
rgb32,303,719,0.002271009271480396
rgb32,303,720,0.0022557018116556847
rgb32,303,721,0.0022376002077603143
rgb32,303,722,0.0022236256631885786
rgb32,303,723,0.0022176634343035835
rgb32,303,724,0.0022036305529273804
rgb32,303,725,0.0021995583410171628
rgb32,303,726,0.00219372628669559
rgb32,303,727,0.002184443930926097
rgb32,303,728,0.002154392618014992
rgb32,303,729,0.0021415509012286224
rgb32,303,730,0.002133673929931801
rgb32,303,731,0.002115479461291021
rgb32,303,732,0.0021127093962386503
rgb32,303,733,0.0021036112093647473
rgb32,303,734,0.0020928579235831514
rgb32,303,735,0.002087672435993
rgb32,303,736,0.002064504654822033
rgb32,303,737,0.002062998044619793
rgb32,303,738,0.0020493571194738678
rgb32,303,739,0.0020419031669492516
rgb32,303,740,0.0020355838386897154
rgb32,303,741,0.002025256273208111
rgb32,303,742,0.002004637441911292
rgb32,303,743,0.0020011356183842776
rgb32,303,744,0.0019895930180685215
rgb32,303,745,0.0019754625731291373
rgb32,303,746,0.0019597888078186692
rgb32,303,747,0.0019486640099587687
rgb32,303,748,0.00194725564511612
rgb32,303,749,0.0019263156407325842
rgb32,303,750,0.00191632096733419
rgb32,303,751,0.001907776804546169
rgb32,303,752,0.0018996923845319422
rgb32,303,753,0.0018944855682635285
rgb32,303,754,0.0018775533165241618
rgb32,303,755,0.0018688768652978776
rgb32,303,756,0.0018659972688783767
rgb32,303,757,0.0018529229934215938
rgb32,303,758,0.0018392168141445613
rgb32,303,759,0.0018279438716877986
rgb32,303,760,0.0018204458752663917
rgb32,303,761,0.0018123463300749566
rgb32,303,762,0.0018069755638339415
rgb32,303,763,0.0018042920777168862
rgb32,303,764,0.0017859483462077342
rgb32,303,765,0.001780554552553915
rgb32,303,766,0.0017647592433663976
rgb32,303,767,0.0017592932557285628
rgb32,303,768,0.0017480365561067328
rgb32,303,769,0.0017415912843684938
rgb32,303,770,0.0017318706819874554
rgb32,303,771,0.0017157413383844938
rgb32,303,772,0.0017102743977065009
rgb32,303,773,0.0016941752467838744
rgb32,303,774,0.0016860933818841398
rgb32,303,775,0.0016816081387204167
rgb32,303,776,0.0016712520905205316
rgb32,303,777,0.0016589369710749058
rgb32,303,778,0.0016481420795760133
rgb32,303,779,0.0016405128681431045
rgb32,303,780,0.0016308422905693173
rgb32,303,781,0.0016166401051119414
rgb32,303,782,0.0016138347052107275
rgb32,303,783,0.0016041188749099467
rgb32,303,784,0.0015920550253017566
rgb32,303,785,0.001585343052766069
rgb32,303,786,0.0015795219098511015
rgb32,303,787,0.0015695828534144937
rgb32,303,788,0.0015675123205381603
rgb32,303,789,0.0015640907689392707
rgb32,303,790,0.0015533787791512461
rgb32,303,791,0.0015442237086713297
rgb32,303,792,0.0015294076671829766
rgb32,303,793,0.0015224966810760156
rgb32,303,794,0.0015151115907344095
rgb32,303,795,0.001502304651746071
rgb32,303,796,0.0014999193974657265
rgb32,303,797,0.0014866616273626833
rgb32,303,798,0.0014847298110688514
rgb32,303,799,0.0014801105282314765
rgb32,303,800,0.0014755744567999318
rgb32,303,801,0.0014669028453676775
rgb32,303,802,0.0014562445312003166
rgb32,303,803,0.0014449830712181002
rgb32,303,804,0.0014351566486511603
rgb32,303,805,0.0014271151658867686
rgb32,303,806,0.0014226009958899035
rgb32,303,807,0.001415524968174145
rgb32,303,808,0.0014056138919027706
rgb32,303,809,0.001395680245424017
rgb32,303,810,0.001385258275339142
rgb32,303,811,0.001380634676041133
rgb32,303,812,0.0013720565488487852
rgb32,303,813,0.0013626622413831218
rgb32,303,814,0.0013558091942227656
rgb32,303,815,0.0013509351497153386
rgb32,303,816,0.0013492530473580913
rgb32,303,817,0.0013442714721777593
rgb32,303,818,0.0013256470585947192
rgb32,303,819,0.001323048447915268
rgb32,303,820,0.0013208696333198895
rgb32,303,821,0.0013101912394258874
rgb32,303,822,0.00129896641298303
rgb32,303,823,0.0012974632102100317
rgb32,303,824,0.001281134391961304
rgb32,303,825,0.00127603847911281
rgb32,303,826,0.0012672064716733949
rgb32,303,827,0.001261195111461319
rgb32,303,828,0.0012589891750944193
rgb32,303,829,0.001249994490136915
rgb32,303,830,0.0012415554333691967
rgb32,303,831,0.0012390083915723431
rgb32,303,832,0.001231196101485594
rgb32,303,833,0.0012253517810225732
rgb32,303,834,0.0012134761813645594
rgb32,303,835,0.0012051970233252789
rgb32,303,836,0.00120169247600088
rgb32,303,837,0.0011900132709234002
rgb32,303,838,0.001185276424629288
rgb32,303,839,0.0011774744283984465
rgb32,303,840,0.0011717810180516988
rgb32,303,841,0.0011681359078837478
rgb32,303,842,0.0011633810332571843
rgb32,303,843,0.0011508405180083554
rgb32,303,844,0.0011448379494727998
rgb32,303,845,0.0011393659053897792
rgb32,303,846,0.0011381357034217273
rgb32,303,847,0.0011293145471507364
rgb32,303,848,0.001124118287403025
rgb32,303,849,0.0011146295507597763
rgb32,303,850,0.0011121207571786911
rgb32,303,851,0.0011008553297888713
rgb32,303,852,0.0010995398644805664
rgb32,303,853,0.0010965431685253254
rgb32,303,854,0.0010839141515439866
rgb32,303,855,0.001075357966488266
rgb32,303,856,0.0010690924880699245
rgb32,303,857,0.001061815158541678
rgb32,303,858,0.0010615530103722426
rgb32,303,859,0.001053970000438204
rgb32,303,860,0.0010504815808136927
rgb32,303,861,0.0010433000175670718
rgb32,303,862,0.0010425566706836267
rgb32,303,863,0.0010352109602896479
rgb32,303,864,0.0010299646502148273
rgb32,303,865,0.0010217253571861
rgb32,303,866,0.0010151934026598405
rgb32,303,867,0.0010090574726293311
rgb32,303,868,0.0010049647118690525
rgb32,303,869,0.0010004402565672382
rgb32,303,870,0.0009946814995091854
rgb32,303,871,0.000986759568493758
rgb32,303,872,0.0009790490268763658
rgb32,303,873,0.0009676564436754784
rgb32,303,874,0.0009602942648101392
rgb32,303,875,0.0009563150788124373
rgb32,303,876,0.0009535096251942701
rgb32,303,877,0.0009495046456447556
rgb32,303,878,0.000944466259412176
rgb32,303,879,0.0009410417098195437
rgb32,303,880,0.0009327223129991162
rgb32,303,881,0.0009260893685142725
rgb32,303,882,0.0009204256500784567
rgb32,303,883,0.0009189505986206816
rgb32,303,884,0.0009046289237704108
rgb32,303,885,0.0009038008432861827
rgb32,303,886,0.0008998710703305324
rgb32,303,887,0.0008955276903704702
rgb32,303,888,0.00089076049249662
rgb32,303,889,0.0008823344427130094
rgb32,303,890,0.00087975549660876
rgb32,303,891,0.000869244696128229
rgb32,303,892,0.0008636143223319903
rgb32,303,893,0.0008626003611958703
rgb32,303,894,0.00086000502646623
rgb32,303,895,0.0008555607344783519
rgb32,303,896,0.0008495383129905408
rgb32,303,897,0.0008437361549670597
rgb32,303,898,0.0008334207517544303
rgb32,303,899,0.0008321554614276147
rgb32,303,900,0.000827927327473429
rgb32,303,901,0.0008257139566429408
rgb32,303,902,0.0008206479255582662
rgb32,303,903,0.00081662201765559
rgb32,303,904,0.0008133369287374926
rgb32,303,905,0.00080675544399315
rgb32,303,906,0.0007992178723710725
rgb32,303,907,0.000792835982334265
rgb32,303,908,0.0007922973375960207
rgb32,303,909,0.0007864886241197652
rgb32,303,910,0.0007820885456550302
rgb32,303,911,0.0007767994119857732
rgb32,303,912,0.0007704543779413028
rgb32,303,913,0.0007690006855195481
rgb32,303,914,0.0007596214237815374
rgb32,303,915,0.0007545115825548146
rgb32,303,916,0.0007504456352752614
rgb32,303,917,0.0007467694564041264
rgb32,303,918,0.0007457820310777261
rgb32,303,919,0.0007446774555205295
rgb32,303,920,0.0007403641808347552
rgb32,303,921,0.0007286196087247798
rgb32,303,922,0.0007248954476568451
rgb32,303,923,0.000717723093625917
rgb32,303,924,0.0007151674949923665
rgb32,303,925,0.0007126343044713191
rgb32,303,926,0.0007082072501885319
rgb32,303,927,0.0007017039185987743
rgb32,303,928,0.0006993849540183621
rgb32,303,929,0.0006967445489371473
rgb32,303,930,0.0006892629086213656
rgb32,303,931,0.0006849202444451286
rgb32,303,932,0.0006830912303635813
rgb32,303,933,0.0006764922762838968
rgb32,303,934,0.0006737582175789367
rgb32,303,935,0.0006719031529144627
rgb32,303,936,0.0006692013291976315
rgb32,303,937,0.0006628658679266223
rgb32,303,938,0.0006581344621990954
rgb32,303,939,0.000653133714068214
rgb32,303,940,0.0006498320101903645
rgb32,303,941,0.000647248222648137
rgb32,303,942,0.0006405765733447477
rgb32,303,943,0.0006375864498434515
rgb32,303,944,0.0006319383509837207
rgb32,303,945,0.0006280407477666865
rgb32,303,946,0.0006239449836974314
rgb32,303,947,0.0006191241841305173
rgb32,303,948,0.0006152153336375096
rgb32,303,949,0.000613579515672022
rgb32,303,950,0.0006068107658209026
rgb32,303,951,0.0006061356821558078
rgb32,303,952,0.000603362664649791
rgb32,303,953,0.0006000281248014535
rgb32,303,954,0.000597083906164266
rgb32,303,955,0.000593514313378126
rgb32,303,956,0.0005883760715551139
rgb32,303,957,0.0005830115273492835
rgb32,303,958,0.0005797417718931724
rgb32,303,959,0.0005758709091139672
rgb32,303,960,0.0005720197299022326
rgb32,303,961,0.0005652476266220786
rgb32,303,962,0.0005632601999877943
rgb32,303,963,0.0005596121538690287
rgb32,303,964,0.00055491958264506
rgb32,303,965,0.0005505586524817616
rgb32,303,966,0.0005474618251505198
rgb32,303,967,0.0005471672686447077
rgb32,303,968,0.0005442420571108196
rgb32,303,969,0.0005358662125965918
rgb32,303,970,0.0005346048048495655
rgb32,303,971,0.0005303980036985493
rgb32,303,972,0.0005275328363145756
rgb32,303,973,0.000519809241315758
rgb32,303,974,0.0005195539309372872
rgb32,303,975,0.0005145250318280655
rgb32,303,976,0.0005129440362588015
rgb32,303,977,0.0005103008494711345
rgb32,303,978,0.0005085389256344561
rgb32,303,979,0.0005040436423193656
rgb32,303,980,0.0005020515126814119
rgb32,303,981,0.0005004754795540148
rgb32,303,982,0.0004936535785476297
rgb32,303,983,0.0004914833840488973
rgb32,303,984,0.0004896388415127377
rgb32,303,985,0.0004857135148278169
rgb32,303,986,0.0004833843287612271
rgb32,303,987,0.00047898528779089644
rgb32,303,988,0.0004770381556873303
rgb32,303,989,0.0004731647581004086
rgb32,303,990,0.0004704995214040562
rgb32,303,991,0.0004659013012263192
rgb32,303,992,0.00046467460994695345
rgb32,303,993,0.0004622969518077915
rgb32,303,994,0.00045918042329580596
rgb32,303,995,0.00045638426196462626
rgb32,303,996,0.00045262452180107207
rgb32,303,997,0.0004469329743705684
rgb32,303,998,0.00044369948332786366
rgb32,303,999,0.00044253277770978317
rgb32,303,1000,0.00043601689759342136
rgb32,303,1001,0.0004344794609284053
rgb32,303,1002,0.0004332169650895411
rgb32,303,1003,0.00042950009795056804
rgb32,303,1004,0.00042899620230018394
rgb32,303,1005,0.00042347213128498515
rgb32,303,1006,0.00041982565499857575
rgb32,303,1007,0.00041817521445980095
rgb32,303,1008,0.0004150685668256521
rgb32,303,1009,0.00041274584681071157
rgb32,303,1010,0.00041025976256915165
rgb32,303,1011,0.0004092924203918804
rgb32,303,1012,0.00040616520653918864
rgb32,303,1013,0.00040398842596300975
rgb32,303,1014,0.00040372987338212446
rgb32,303,1015,0.00039862991125880616
rgb32,303,1016,0.0003968681265100014
rgb32,303,1017,0.0003941251169075364
rgb32,303,1018,0.0003885446319111403
rgb32,303,1019,0.00038604437066817404
rgb32,303,1020,0.0003828074638049891
rgb32,303,1021,0.00038042030163546944
rgb32,303,1022,0.000377502759972548
rgb32,303,1023,0.00037544555888006855
rgb32,303,1024,0.0003705024333453752
rgb32,303,1025,0.0003684502472439811
rgb32,303,1026,0.00036413785976746615
rgb32,303,1027,0.0003628996828377849
rgb32,303,1028,0.00036125845761403596
rgb32,303,1029,0.0003580015494239101
rgb32,303,1030,0.00035645774071323415
rgb32,303,1031,0.0003541744870978254
rgb32,303,1032,0.0003535167330266377
rgb32,303,1033,0.00034985271369122276
rgb32,303,1034,0.00034677535704160615
rgb32,303,1035,0.0003458993240317811
rgb32,303,1036,0.00034461096468513475
rgb32,303,1037,0.0003409680207779434
rgb32,303,1038,0.0003365819404786779
rgb32,303,1039,0.00033537038894667677
rgb32,303,1040,0.0003322030173115748
rgb32,303,1041,0.0003303204111189551
rgb32,303,1042,0.0003269874233651253
rgb32,303,1043,0.0003245871695624395
rgb32,303,1044,0.00032397910309545503
rgb32,303,1045,0.00032056811339927226
rgb32,303,1046,0.0003167952175854763
rgb32,303,1047,0.00031420430559011035
rgb32,303,1048,0.0003130079637743149
rgb32,303,1049,0.000310821461291605
rgb32,303,1050,0.0003097412558757389
rgb32,303,1051,0.0003042345238278902
rgb32,303,1052,0.00030194784238902664
rgb32,303,1053,0.00029924545502068537
rgb32,303,1054,0.0002972078936384862
rgb32,303,1055,0.00029651324640687915
rgb32,303,1056,0.0002937027432064168
rgb32,303,1057,0.00029107663400396107
rgb32,303,1058,0.0002902372500859903
rgb32,303,1059,0.00028708227440083975
rgb32,303,1060,0.00028680151093286307
rgb32,303,1061,0.0002847836651549555
rgb32,303,1062,0.00028175334584902334
rgb32,303,1063,0.0002792724362675179
rgb32,303,1064,0.0002782449996775718
rgb32,303,1065,0.00027260485973536295
rgb32,303,1066,0.000272088564371333
rgb32,303,1067,0.00026995725226370486
rgb32,303,1068,0.00026944272947747447
rgb32,303,1069,0.0002666961601856293
rgb32,303,1070,0.0002650404992650701
rgb32,303,1071,0.0002640118575418561
rgb32,303,1072,0.0002615244167062366
rgb32,303,1073,0.00025962206179757654
rgb32,303,1074,0.0002568572672889217
rgb32,303,1075,0.0002552816751640406
rgb32,303,1076,0.00025299763738521815
rgb32,303,1077,0.0002492592942573132
rgb32,303,1078,0.00024760010312428337
rgb32,303,1079,0.00024623224464115606
rgb32,303,1080,0.0002457663374785315
rgb32,303,1081,0.00024395529809557065
rgb32,303,1082,0.00024105433735554938
rgb32,303,1083,0.00023981176258801236
rgb32,303,1084,0.00023464393652407165
rgb32,303,1085,0.00023402715941019613
rgb32,303,1086,0.00023296472657763958
rgb32,303,1087,0.00023214687114957093
rgb32,303,1088,0.00022898826442526493
rgb32,303,1089,0.0002279480948309113
rgb32,303,1090,0.00022704487382501964
rgb32,303,1091,0.00022529775747275247
rgb32,303,1092,0.00022257178099803018
rgb32,303,1093,0.00021891874702994793
rgb32,303,1094,0.00021798914753177293
rgb32,303,1095,0.00021697336232536852
rgb32,303,1096,0.00021568316260017702
rgb32,303,1097,0.0002133687030252078
rgb32,303,1098,0.0002118736770721948
rgb32,303,1099,0.00021011655037998973
rgb32,303,1100,0.00020886730095937903
rgb32,303,1101,0.00020824470993463515
rgb32,303,1102,0.00020575998779331082
rgb32,303,1103,0.00020389968558104802
rgb32,303,1104,0.0002020758153483191
rgb32,303,1105,0.00019927987021317419
rgb32,303,1106,0.0001981627043959807
rgb32,303,1107,0.00019586081076221367
rgb32,303,1108,0.00019398723405491573
rgb32,303,1109,0.00019332656306391427
rgb32,303,1110,0.00019137455619829265
rgb32,303,1111,0.00018946700427035585
rgb32,303,1112,0.00018905201570710347
rgb32,303,1113,0.00018685958897135077
rgb32,303,1114,0.00018532935488638002
rgb32,303,1115,0.00018358148219109826
rgb32,303,1116,0.00018222783410718054
rgb32,303,1117,0.00018095438508175128
rgb32,303,1118,0.00017786506156124106
rgb32,303,1119,0.0001772141236283173
rgb32,303,1120,0.0001753804780401386
rgb32,303,1121,0.00017249483988454793
rgb32,303,1122,0.00017170537461166308
rgb32,303,1123,0.0001699359730654309
rgb32,303,1124,0.00016724602450652291
rgb32,303,1125,0.0001655385183928345
rgb32,303,1126,0.00016449775151803858
rgb32,303,1127,0.00016339989657776927
rgb32,303,1128,0.00016279789656898911
rgb32,303,1129,0.00016020601926847256
rgb32,303,1130,0.00015764787726733456
rgb32,303,1131,0.00015543253419680796
rgb32,303,1132,0.0001542995107464866
rgb32,303,1133,0.00015251808442425573
rgb32,303,1134,0.00015027744812790133
rgb32,303,1135,0.00014998650222117517
rgb32,303,1136,0.00014871077480355666
rgb32,303,1137,0.00014748833406686505
rgb32,303,1138,0.0001455831968136393
rgb32,303,1139,0.0001439326801279534
rgb32,303,1140,0.00014303395550075673
rgb32,303,1141,0.00014189811944590605
rgb32,303,1142,0.00014005431948934025
rgb32,303,1143,0.00013825553407130663
rgb32,303,1144,0.00013651358304286873
rgb32,303,1145,0.00013599519978940038
rgb32,303,1146,0.00013352911013161923
rgb32,303,1147,0.00013278510885645544
rgb32,303,1148,0.00013087696923241632
rgb32,303,1149,0.0001288045131232374
rgb32,303,1150,0.00012713722924112124
rgb32,303,1151,0.00012533736999173018
rgb32,303,1152,0.00012487871477380748
rgb32,303,1153,0.00012285409745865628
rgb32,303,1154,0.00012103389366827044
rgb32,303,1155,0.00011969213026745639
rgb32,303,1156,0.0001191039089798132
rgb32,303,1157,0.00011771265330111092
rgb32,303,1158,0.00011621445148249388
rgb32,303,1159,0.0001148584357944516
rgb32,303,1160,0.00011423206354189409
rgb32,303,1161,0.00011315960503609905
rgb32,303,1162,0.00011189455938698061
rgb32,303,1163,0.00011132765426600876
rgb32,303,1164,0.00010994306362735317
rgb32,303,1165,0.00010837931516648927
rgb32,303,1166,0.00010770656023200307
rgb32,303,1167,0.0001058959549813569
rgb32,303,1168,0.0001050158081164049
rgb32,303,1169,0.00010252638796036007
rgb32,303,1170,0.00010153025338740241
rgb32,303,1171,0.00010041680642860515
rgb32,303,1172,9.85771845473403e-05
rgb32,303,1173,9.684971526326728e-05
rgb32,303,1174,9.537677796346386e-05
rgb32,303,1175,9.37000994454569e-05
rgb32,303,1176,9.298649536506514e-05
rgb32,303,1177,9.176068526762814e-05
rgb32,303,1178,8.987844458947428e-05
rgb32,303,1179,8.895473434792619e-05
rgb32,303,1180,8.857361091728843e-05
rgb32,303,1181,8.602700863089608e-05
rgb32,303,1182,8.549393526538919e-05
rgb32,303,1183,8.495351329233398e-05
rgb32,303,1184,8.327611843499229e-05
rgb32,303,1185,8.188905509229809e-05
rgb32,303,1186,7.887076131147143e-05
rgb32,303,1187,7.76497381516147e-05
rgb32,303,1188,7.628180927885772e-05
rgb32,303,1189,7.573388719925654e-05
rgb32,303,1190,7.486558800377327e-05
rgb32,303,1191,7.036220070139549e-05
rgb32,303,1192,6.973354873812662e-05
rgb32,303,1193,6.834943154649447e-05
rgb32,303,1194,6.760384026294455e-05
rgb32,303,1195,6.429132038684519e-05
rgb32,303,1196,6.152018488965704e-05
rgb32,303,1197,5.8815765156161574e-05
rgb32,303,1198,5.627011264612331e-05
rgb32,303,1199,5.1919785039229555e-05
rgb32,303,1200,7.90391157019796e-31
avg16,303,1,14.556666550058498
avg16,303,2,5.3933019101460395
avg16,303,3,3.2528324961037094
avg16,303,4,1.7387252941660998
avg16,303,5,1.641389933354675
avg16,303,6,1.2751955901085161
avg16,303,7,1.25701293124976
avg16,303,8,0.9644942944968268
avg16,303,9,0.9096321352020813
avg16,303,10,0.6810040460618687
avg16,303,11,0.64436813402468
avg16,303,12,0.5512281534991343
avg16,303,13,0.49111847095676814
avg16,303,14,0.46370238668595565
avg16,303,15,0.4143926074902645
avg16,303,16,0.3985069442125814
avg16,303,17,0.363642885859854
avg16,303,18,0.33103922332075764
avg16,303,19,0.310079686889442
avg16,303,20,0.2929597220613819
avg16,303,21,0.27183284729154694
avg16,303,22,0.2566196602551005
avg16,303,23,0.23905648248261732
avg16,303,24,0.22589790876546958
avg16,303,25,0.21680581352967562
avg16,303,26,0.20184373556189095
avg16,303,27,0.197689897882838
avg16,303,28,0.18853714602667856
avg16,303,29,0.18309220463897527
avg16,303,30,0.1736721745208373
avg16,303,31,0.15367111184893756
avg16,303,32,0.14811693539029364
avg16,303,33,0.1423727588883526
avg16,303,34,0.13929903408696037
avg16,303,35,0.13191218525470824
avg16,303,36,0.12937802521958694
avg16,303,37,0.1214339862656698
avg16,303,38,0.11680538543721436
avg16,303,39,0.11211215825996616
avg16,303,40,0.10783622101232676
avg16,303,41,0.102177349987145
avg16,303,42,0.1007350880201512
avg16,303,43,0.09634892088616327
avg16,303,44,0.09367877462463654
avg16,303,45,0.08912212564114508
avg16,303,46,0.08890384798397952
avg16,303,47,0.08651101464168676
avg16,303,48,0.08528616818518918
avg16,303,49,0.0828693994583528
avg16,303,50,0.08119907795775419
avg16,303,51,0.07671801345119751
avg16,303,52,0.07459312770395944
avg16,303,53,0.07255935222092534
avg16,303,54,0.07187461609013597
avg16,303,55,0.07165983680476416
avg16,303,56,0.06993418178539722
avg16,303,57,0.06581717943851427
avg16,303,58,0.06544944473047234
avg16,303,59,0.06375478700871275
avg16,303,60,0.06287368366780074
avg16,303,61,0.06033216164887408
avg16,303,62,0.05880138523245776
avg16,303,63,0.058392309731141616
avg16,303,64,0.056458676427437744
avg16,303,65,0.05563259544038225
avg16,303,66,0.05372938147129739
avg16,303,67,0.05258339743559431
avg16,303,68,0.05145640687998838
avg16,303,69,0.049405424503888164
avg16,303,70,0.048749545517699264
avg16,303,71,0.04852942734120621
avg16,303,72,0.04742731121801538
avg16,303,73,0.04655876232112797
avg16,303,74,0.04532748676807022
avg16,303,75,0.04473710047279834
avg16,303,76,0.04338605221219692
avg16,303,77,0.0428041925760909
avg16,303,78,0.04140542318564264
avg16,303,79,0.04074501716554299
avg16,303,80,0.039729755692794314
avg16,303,81,0.03880977062116831
avg16,303,82,0.0381538753847529
avg16,303,83,0.03745177977947435
avg16,303,84,0.037071156966054224
avg16,303,85,0.036263855884017066
avg16,303,86,0.03569872519454692
avg16,303,87,0.034926237873988186
avg16,303,88,0.03439951378039535
avg16,303,89,0.033877578791734
avg16,303,90,0.033239296602494105
avg16,303,91,0.03299226880600307
avg16,303,92,0.0324461225714146
avg16,303,93,0.031603750175108324
avg16,303,94,0.030959854296473622
avg16,303,95,0.030846808957744668
avg16,303,96,0.03068378932364149
avg16,303,97,0.029635828832892026
avg16,303,98,0.02935630019080129
avg16,303,99,0.0288792629226239
avg16,303,100,0.02806923813831228
avg16,303,101,0.027634501085532504
avg16,303,102,0.027510184879507453
avg16,303,103,0.02725085974088251
avg16,303,104,0.026793945219282918
avg16,303,105,0.026436756776047857
avg16,303,106,0.025641130344239784
avg16,303,107,0.025303869788232635
avg16,303,108,0.024981756653281395
avg16,303,109,0.02429554015041375
avg16,303,110,0.02386767313098161
avg16,303,111,0.023770795269817402
avg16,303,112,0.023699910022846635
avg16,303,113,0.023116394217109325
avg16,303,114,0.02300079173287337
avg16,303,115,0.02274446252774598
avg16,303,116,0.022482067055799294
avg16,303,117,0.02213901476778952
avg16,303,118,0.022039782380014753
avg16,303,119,0.021442251511646734
avg16,303,120,0.02081163535735058
avg16,303,121,0.020710700361001592
avg16,303,122,0.02044846408019362
avg16,303,123,0.02029672007266697
avg16,303,124,0.019931871584584336
avg16,303,125,0.019792655774944684
avg16,303,126,0.019572528389600285
avg16,303,127,0.0193579774142332
avg16,303,128,0.019023877471121813
avg16,303,129,0.018558921188693237
avg16,303,130,0.01848769874704592
avg16,303,131,0.018126539390063208
avg16,303,132,0.018021795354256753
avg16,303,133,0.017884894504866692
avg16,303,134,0.01766443500027802
avg16,303,135,0.01753623159172834
avg16,303,136,0.017403622953410854
avg16,303,137,0.016994572237131186
avg16,303,138,0.01670030272148835
avg16,303,139,0.016506105279742236
avg16,303,140,0.016410569643198224
avg16,303,141,0.0162299580957442
avg16,303,142,0.015968119378096626
avg16,303,143,0.01569658692013796
avg16,303,144,0.015550264401655479
avg16,303,145,0.015457778774290484
avg16,303,146,0.015252886944137317
avg16,303,147,0.01518574058517793
avg16,303,148,0.015005694376472959
avg16,303,149,0.014777889263582122
avg16,303,150,0.014414431372682637
avg16,303,151,0.014139305765455166
avg16,303,152,0.014025832658863516
avg16,303,153,0.013914907248959201
avg16,303,154,0.01373348982776062
avg16,303,155,0.01353320534691128
avg16,303,156,0.013238127100561702
avg16,303,157,0.013123140004582375
avg16,303,158,0.013016906014900817
avg16,303,159,0.012890660495377187
avg16,303,160,0.012705584270363411
avg16,303,161,0.012522389134973388
avg16,303,162,0.012495367921534462
avg16,303,163,0.01236764995770339
avg16,303,164,0.01220754391657023
avg16,303,165,0.012121192925654185
avg16,303,166,0.011898090941315324
avg16,303,167,0.011718633526640853
avg16,303,168,0.011522646054958226
avg16,303,169,0.011463669769957961
avg16,303,170,0.011251482753673442
avg16,303,171,0.01113423319199914
avg16,303,172,0.010964005621921766
avg16,303,173,0.010897246010525271
avg16,303,174,0.010691991221383012
avg16,303,175,0.010608050255789042
avg16,303,176,0.010491891985942858
avg16,303,177,0.010338522524355622
avg16,303,178,0.01028210457452704
avg16,303,179,0.01015094996158633
avg16,303,180,0.01009412303433857
avg16,303,181,0.009870384923218
avg16,303,182,0.009839160250382244
avg16,303,183,0.009582787472123593
avg16,303,184,0.009521586931969993
avg16,303,185,0.009436676323954679
avg16,303,186,0.009246939891581294
avg16,303,187,0.009161732739295506
avg16,303,188,0.009024202976627883
avg16,303,189,0.008986885621361218
avg16,303,190,0.00882267175091306
avg16,303,191,0.008674411704063675
avg16,303,192,0.008585644935646284
avg16,303,193,0.008551774309237455
avg16,303,194,0.008504846310216226
avg16,303,195,0.00841038874152697
avg16,303,196,0.008313850502804527
avg16,303,197,0.008128605282264417
avg16,303,198,0.008056030885610759
avg16,303,199,0.008011079945799993
avg16,303,200,0.007835182779564492
avg16,303,201,0.00779297196903548
avg16,303,202,0.007694088228551442
avg16,303,203,0.00757262177270289
avg16,303,204,0.007504845939828114
avg16,303,205,0.0074647025544810905
avg16,303,206,0.007296540336353824
avg16,303,207,0.007230183115972386
avg16,303,208,0.007152762058019848
avg16,303,209,0.00711578414100646
avg16,303,210,0.007050009110733968
avg16,303,211,0.0069248201089170715
avg16,303,212,0.006860058588337647
avg16,303,213,0.006751388184584575
avg16,303,214,0.006717622764637629
avg16,303,215,0.006601243615991521
avg16,303,216,0.006491811831481182
avg16,303,217,0.006463575047297341
avg16,303,218,0.006390906637427499
avg16,303,219,0.0063678485408226225
avg16,303,220,0.006314090111495115
avg16,303,221,0.0062189410066233915
avg16,303,222,0.006110847533801026
avg16,303,223,0.0060758036198099346
avg16,303,224,0.0060207523665794325
avg16,303,225,0.005919668104594893
avg16,303,226,0.00577894204158
avg16,303,227,0.005726741584826842
avg16,303,228,0.005657304708812878
avg16,303,229,0.005636151948235975
avg16,303,230,0.005517703996202287
avg16,303,231,0.005493084785749697
avg16,303,232,0.005376437656418017
avg16,303,233,0.005336388548041444
avg16,303,234,0.005278656657744398
avg16,303,235,0.0051494854737280694
avg16,303,236,0.005046147602194339
avg16,303,237,0.005021184941413814
avg16,303,238,0.004990539787368777
avg16,303,239,0.004951090295196702
avg16,303,240,0.004933755953446835
avg16,303,241,0.004859890016979258
avg16,303,242,0.00481011869090922
avg16,303,243,0.004751232184406162
avg16,303,244,0.004679075485978757
avg16,303,245,0.004603183881903969
avg16,303,246,0.004545701947453968
avg16,303,247,0.004508422203563993
avg16,303,248,0.004495941165009952
avg16,303,249,0.004382999876212147
avg16,303,250,0.00434775925473162
avg16,303,251,0.004285082523186803
avg16,303,252,0.004261094762345534
avg16,303,253,0.004221077415195763
avg16,303,254,0.004166612391838697
avg16,303,255,0.0040811380252740136
avg16,303,256,0.00404279436185516
avg16,303,257,0.004020399498838319
avg16,303,258,0.003963502006698031
avg16,303,259,0.003923452794438213
avg16,303,260,0.00390695921351617
avg16,303,261,0.0038620132093107333
avg16,303,262,0.003832090618742152
avg16,303,263,0.003800415989433319
avg16,303,264,0.0037834317240073552
avg16,303,265,0.003692083455818714
avg16,303,266,0.00367364415358981
avg16,303,267,0.0036119313298047994
avg16,303,268,0.0035687224756138568
avg16,303,269,0.003530074522234383
avg16,303,270,0.0034258637350075448
avg16,303,271,0.003408729437579025
avg16,303,272,0.0033676844377824185
avg16,303,273,0.00331557420966092
avg16,303,274,0.0032733820628344994
avg16,303,275,0.003243544389501758
avg16,303,276,0.0032111407604443576
avg16,303,277,0.003156744921648
avg16,303,278,0.003094667333914928
avg16,303,279,0.003077497828363706
avg16,303,280,0.0030294109445658216
avg16,303,281,0.0030082159953148556
avg16,303,282,0.002986706210001517
avg16,303,283,0.002962627356844854
avg16,303,284,0.002909665386850476
avg16,303,285,0.0028996433303280196
avg16,303,286,0.0028536596023882328
avg16,303,287,0.002804355221602059
avg16,303,288,0.0027645457657782127
avg16,303,289,0.0027496901401221244
avg16,303,290,0.0027111384413159804
avg16,303,291,0.0026893999648642712
avg16,303,292,0.0026385694498579707
avg16,303,293,0.002627630539780408
avg16,303,294,0.0025759231865100304
avg16,303,295,0.002541532330752704
avg16,303,296,0.0025190436067424045
avg16,303,297,0.002513518622569166
avg16,303,298,0.00248136283180614
avg16,303,299,0.002425321197046863
avg16,303,300,0.002386278432829975
avg16,303,301,0.0023586904282796323
avg16,303,302,0.002338416307305801
avg16,303,303,0.0023291619395614115
avg16,303,304,0.002252429719039659
avg16,303,305,0.002229299555212056
avg16,303,306,0.002205740895436667
avg16,303,307,0.002202554980611483
avg16,303,308,0.0021581495587076204
avg16,303,309,0.002150156803311498
avg16,303,310,0.002144648005409513
avg16,303,311,0.002112244488841163
avg16,303,312,0.002102928265859265
avg16,303,313,0.002080760068603279
avg16,303,314,0.0020322695191950487
avg16,303,315,0.0019895160677707254
avg16,303,316,0.0019697106894058223
avg16,303,317,0.0019574659366882116
avg16,303,318,0.0019400954778118818
avg16,303,319,0.0018942247385419564
avg16,303,320,0.0018823336642270901
avg16,303,321,0.001859417537042464
avg16,303,322,0.0018445184630827983
avg16,303,323,0.0018301174705627375
avg16,303,324,0.001808751996333289
avg16,303,325,0.0017828102723017206
avg16,303,326,0.0017555415178494066
avg16,303,327,0.0017291240309012714
avg16,303,328,0.001698510920782574
avg16,303,329,0.0016754993944580459
avg16,303,330,0.0016606529596348597
avg16,303,331,0.0016343320700348254
avg16,303,332,0.0016102320446517117
avg16,303,333,0.0015932803893439675
avg16,303,334,0.0015683364564546447
avg16,303,335,0.0015463075081253521
avg16,303,336,0.0015368193199110302
avg16,303,337,0.0015266432780290556
avg16,303,338,0.0015105344273259264
avg16,303,339,0.0014904965028785095
avg16,303,340,0.0014701946608375155
avg16,303,341,0.001449815748575967
avg16,303,342,0.0014339767830136702
avg16,303,343,0.001425388602991816
avg16,303,344,0.0014145244304352845
avg16,303,345,0.0014020958791441974
avg16,303,346,0.0013513278439363648
avg16,303,347,0.0013388260670378555
avg16,303,348,0.0013285246088901455
avg16,303,349,0.0013235538780994784
avg16,303,350,0.0012952243442576146
avg16,303,351,0.0012817356424931164
avg16,303,352,0.0012349226630715751
avg16,303,353,0.0012176032813354962
avg16,303,354,0.001212398909778294
avg16,303,355,0.001203700840861263
avg16,303,356,0.001158821924913517
avg16,303,357,0.0011465296105133637
avg16,303,358,0.0011326709526701157
avg16,303,359,0.001109240891504007
avg16,303,360,0.0011069095406221177
avg16,303,361,0.0010965604373720551
avg16,303,362,0.0010770731423636857
avg16,303,363,0.0010679534148582913
avg16,303,364,0.0010482283469569057
avg16,303,365,0.0010346307958393247
avg16,303,366,0.0010146454080378737
avg16,303,367,0.00101081429638299
avg16,303,368,0.0009934681372824265
avg16,303,369,0.0009826237340672054
avg16,303,370,0.0009600192892100269
avg16,303,371,0.0009410813997219391
avg16,303,372,0.0009332532140396969
avg16,303,373,0.0009309560006631294
avg16,303,374,0.0009090547928625921
avg16,303,375,0.0009076220902778574
avg16,303,376,0.0008988847861885096
avg16,303,377,0.0008947322393184864
avg16,303,378,0.0008758330285725498
avg16,303,379,0.0008549269580086606
avg16,303,380,0.0008509635712762137
avg16,303,381,0.0008369291791972194
avg16,303,382,0.0008224535094065874
avg16,303,383,0.0008144110190313166
avg16,303,384,0.0007952794775577861
avg16,303,385,0.000788383672908911
avg16,303,386,0.0007827013516026019
avg16,303,387,0.0007777928116211617
avg16,303,388,0.0007638664295484615
avg16,303,389,0.0007576152514867052
avg16,303,390,0.0007472083458170955
avg16,303,391,0.0007358022929348011
avg16,303,392,0.0007323891840200924
avg16,303,393,0.000727799353048299
avg16,303,394,0.0007182519651978387
avg16,303,395,0.0006975661475659078
avg16,303,396,0.0006896003320581475
avg16,303,397,0.0006733240743386634
avg16,303,398,0.000669102084091015
avg16,303,399,0.0006582166376908738
avg16,303,400,0.0006428272739001282
avg16,303,401,0.0006344989963864015
avg16,303,402,0.0006300070065359198
avg16,303,403,0.000612296803172059
avg16,303,404,0.0006074551420847056
avg16,303,405,0.0006019526667602346
avg16,303,406,0.0005963224568390535
avg16,303,407,0.0005872895538026111
avg16,303,408,0.0005822258458429916
avg16,303,409,0.000572284397638142
avg16,303,410,0.0005675625608257201
avg16,303,411,0.0005628066326148413
avg16,303,412,0.0005568232793696654
avg16,303,413,0.0005506210868593174
avg16,303,414,0.0005356078080314346
avg16,303,415,0.0005329186913931776
avg16,303,416,0.0005199443958160773
avg16,303,417,0.0005189682635916175
avg16,303,418,0.0005153576576944065
avg16,303,419,0.0005113665093671993
avg16,303,420,0.0004992238070596384
avg16,303,421,0.0004951749617764708
avg16,303,422,0.0004827053683598432
avg16,303,423,0.0004809910113325536
avg16,303,424,0.0004773920750373584
avg16,303,425,0.00046946948398680216
avg16,303,426,0.0004629495138425001
avg16,303,427,0.0004520865985436727
avg16,303,428,0.0004495259878559042
avg16,303,429,0.00044090741721040835
avg16,303,430,0.0004367617138602245
avg16,303,431,0.0004271580336182277
avg16,303,432,0.0004271198422876238
avg16,303,433,0.0004150410966900391
avg16,303,434,0.0004099253235711024
avg16,303,435,0.0004070857747827824
avg16,303,436,0.0004050464824360465
avg16,303,437,0.00039876728795895124
avg16,303,438,0.00039674405533513717
avg16,303,439,0.00039196721325157857
avg16,303,440,0.0003863925036822381
avg16,303,441,0.00038246969623441536
avg16,303,442,0.0003817271107235567
avg16,303,443,0.00037840330250734017
avg16,303,444,0.00037356803295019955
avg16,303,445,0.0003672040672920639
avg16,303,446,0.0003605876767858213
avg16,303,447,0.0003570738116332512
avg16,303,448,0.0003533459268081913
avg16,303,449,0.0003496511930988077
avg16,303,450,0.0003450757620622505
avg16,303,451,0.0003407177878203256
avg16,303,452,0.0003379490393408858
avg16,303,453,0.0003340125513110492
avg16,303,454,0.0003312692874612802
avg16,303,455,0.00032566488686136904
avg16,303,456,0.0003218036505071597
avg16,303,457,0.00031628790753757987
avg16,303,458,0.00031348664246164955
avg16,303,459,0.0003085733336109818
avg16,303,460,0.0003044142024441145
avg16,303,461,0.00030429033372137034
avg16,303,462,0.00029689771480446195
avg16,303,463,0.0002933572412340978
avg16,303,464,0.0002904447446569318
avg16,303,465,0.00028917992509862317
avg16,303,466,0.00028534404050554465
avg16,303,467,0.0002823015484108979
avg16,303,468,0.00027583905648158715
avg16,303,469,0.00027430974422953583
avg16,303,470,0.0002733653492462377
avg16,303,471,0.0002684107270429332
avg16,303,472,0.00026610002581673164
avg16,303,473,0.0002646476629457739
avg16,303,474,0.00025786378296582693
avg16,303,475,0.00025565473166831503
avg16,303,476,0.00025197866500812624
avg16,303,477,0.00025119762144312893
avg16,303,478,0.0002505721822656499
avg16,303,479,0.00024722692300236304
avg16,303,480,0.00024304316251592945
avg16,303,481,0.0002386746936731387
avg16,303,482,0.00023617166951735117
avg16,303,483,0.00023373757112441203
avg16,303,484,0.0002322233122995218
avg16,303,485,0.00022947573792587167
avg16,303,486,0.00022697257584049343
avg16,303,487,0.00022609303537412262
avg16,303,488,0.00022347434503483703
avg16,303,489,0.00022241972615591322
avg16,303,490,0.00021698715839598147
avg16,303,491,0.0002140121994715516
avg16,303,492,0.000211587206455934
avg16,303,493,0.00021111791755139045
avg16,303,494,0.00020887407390442883
avg16,303,495,0.00020525312948681512
avg16,303,496,0.000202570891950921
avg16,303,497,0.00020092826229654482
avg16,303,498,0.00019652639979467876
avg16,303,499,0.00019481855036106144
avg16,303,500,0.00019433921813337277
avg16,303,501,0.00019108208777757356
avg16,303,502,0.0001899450121311149
avg16,303,503,0.00018820153104322722
avg16,303,504,0.00018550680333597418
avg16,303,505,0.00018394433903845417
avg16,303,506,0.0001828314469963839
avg16,303,507,0.00017950252865577026
avg16,303,508,0.00017829999430035335
avg16,303,509,0.00017558918172695337
avg16,303,510,0.00017372045755521142
avg16,303,511,0.00017238393329047007
avg16,303,512,0.0001688853264707001
avg16,303,513,0.00016669532182027373
avg16,303,514,0.00016482527748871818
avg16,303,515,0.00016439275268666868
avg16,303,516,0.00016246487703611696
avg16,303,517,0.0001604047669203341
avg16,303,518,0.0001580095827563069
avg16,303,519,0.0001570291552754098
avg16,303,520,0.00015465663270659047
avg16,303,521,0.00015292743345303252
avg16,303,522,0.00015252198299144727
avg16,303,523,0.00014983925264569324
avg16,303,524,0.00014850987792894524
avg16,303,525,0.00014809719242788022
avg16,303,526,0.00014771322112092195
avg16,303,527,0.00014459524683507706
avg16,303,528,0.00014325382091163072
avg16,303,529,0.00014135100250064488
avg16,303,530,0.000140228731496466
avg16,303,531,0.0001366781531863538
avg16,303,532,0.00013560278759217536
avg16,303,533,0.00013444824327594345
avg16,303,534,0.00013253870436631245
avg16,303,535,0.00013072415336936374
avg16,303,536,0.00012846477408969058
avg16,303,537,0.00012819088221844693
avg16,303,538,0.0001270374702204342
avg16,303,539,0.0001249348806413436
avg16,303,540,0.00012328735094470795
avg16,303,541,0.00012270092344103726
avg16,303,542,0.00012206643661072975
avg16,303,543,0.00012046793189126047
avg16,303,544,0.00011799649787945229
avg16,303,545,0.00011753669685909116
avg16,303,546,0.00011526387283333398
avg16,303,547,0.00011404807794774089
avg16,303,548,0.00011371695568951428
avg16,303,549,0.00011222989280126079
avg16,303,550,0.00011014971301938542
avg16,303,551,0.00010917777989661707
avg16,303,552,0.0001068668931980487
avg16,303,553,0.00010605947258781058
avg16,303,554,0.00010555833465952148
avg16,303,555,0.00010515068898840937
avg16,303,556,0.00010314784436460519
avg16,303,557,0.0001025549331400998
avg16,303,558,0.00010106850779684119
avg16,303,559,9.962323721137514e-05
avg16,303,560,9.853930072437944e-05
avg16,303,561,9.73618472860212e-05
avg16,303,562,9.610132989466892e-05
avg16,303,563,9.579953327933064e-05
avg16,303,564,9.541326270155273e-05
avg16,303,565,9.186433207291456e-05
avg16,303,566,9.133858406883235e-05
avg16,303,567,9.087760274661457e-05
avg16,303,568,9.008305786184815e-05
avg16,303,569,8.959110823443201e-05
avg16,303,570,8.809070820460822e-05
avg16,303,571,8.678349025609509e-05
avg16,303,572,8.578904888825571e-05
avg16,303,573,8.501293311777065e-05
avg16,303,574,8.450852330917373e-05
avg16,303,575,8.336893343462497e-05
avg16,303,576,8.287625614363083e-05
avg16,303,577,8.134631735013002e-05
avg16,303,578,8.03791434747532e-05
avg16,303,579,8.023892954562235e-05
avg16,303,580,7.778561076589374e-05
avg16,303,581,7.720530271989921e-05
avg16,303,582,7.623452002724657e-05
avg16,303,583,7.565418187387603e-05
avg16,303,584,7.425837812512573e-05
avg16,303,585,7.310736632517074e-05
avg16,303,586,7.257958057959807e-05
avg16,303,587,7.14465025661056e-05
avg16,303,588,7.10295101294688e-05
avg16,303,589,6.978784451010451e-05
avg16,303,590,6.92655368174041e-05
avg16,303,591,6.816247338643386e-05
avg16,303,592,6.770486772335496e-05
avg16,303,593,6.616129833500066e-05
avg16,303,594,6.60517386638616e-05
avg16,303,595,6.496621649006195e-05
avg16,303,596,6.482510081368543e-05
avg16,303,597,6.340961962761204e-05
avg16,303,598,6.267287614130599e-05
avg16,303,599,6.24332472019991e-05
avg16,303,600,6.187364906605429e-05
avg16,303,601,6.105282858795962e-05
avg16,303,602,6.059739517421604e-05
avg16,303,603,5.940918849599131e-05
avg16,303,604,5.828065457172818e-05
avg16,303,605,5.8118149029977515e-05
avg16,303,606,5.741947754850629e-05
avg16,303,607,5.636654121049153e-05
avg16,303,608,5.5413167587157747e-05
avg16,303,609,5.503457484863719e-05
avg16,303,610,5.430680463534348e-05
avg16,303,611,5.358160682463419e-05
avg16,303,612,5.3520093455677715e-05
avg16,303,613,5.2650930252158384e-05
avg16,303,614,5.209406375193852e-05
avg16,303,615,5.145832063591053e-05
avg16,303,616,5.085815577255967e-05
avg16,303,617,5.0792457009541834e-05
avg16,303,618,5.004125649125762e-05
avg16,303,619,4.888391897694874e-05
avg16,303,620,4.864388298152729e-05
avg16,303,621,4.745228619363022e-05
avg16,303,622,4.72674139136301e-05
avg16,303,623,4.63094334556327e-05
avg16,303,624,4.616638027933176e-05
avg16,303,625,4.573206174923881e-05
avg16,303,626,4.486545940679945e-05
avg16,303,627,4.372981228726013e-05
avg16,303,628,4.3226985411349405e-05
avg16,303,629,4.28745938651834e-05
avg16,303,630,4.2447634550476903e-05
avg16,303,631,4.164917858515384e-05
avg16,303,632,4.145773451852784e-05
avg16,303,633,4.0250271796656656e-05
avg16,303,634,3.9902265097771045e-05
avg16,303,635,3.962984250453651e-05
avg16,303,636,3.909485634945686e-05
avg16,303,637,3.847223975438801e-05
avg16,303,638,3.803811524641583e-05
avg16,303,639,3.691104125770875e-05
avg16,303,640,3.679847029185579e-05
avg16,303,641,3.634144245844112e-05
avg16,303,642,3.587789057568256e-05
avg16,303,643,3.552253228810012e-05
avg16,303,644,3.50127475618548e-05
avg16,303,645,3.4712476674843134e-05
avg16,303,646,3.4323658557783545e-05
avg16,303,647,3.391354012664683e-05
avg16,303,648,3.380027166027568e-05
avg16,303,649,3.2972226946075954e-05
avg16,303,650,3.232194348639496e-05
avg16,303,651,3.199105398922054e-05
avg16,303,652,3.181191992853507e-05
avg16,303,653,3.114858573003626e-05
avg16,303,654,3.0615679862937714e-05
avg16,303,655,3.0194228024121272e-05
avg16,303,656,2.9825242444779774e-05
avg16,303,657,2.9685689685329766e-05
avg16,303,658,2.8850844392803285e-05
avg16,303,659,2.8593256504860638e-05
avg16,303,660,2.8535202270900452e-05
avg16,303,661,2.8129505350699053e-05
avg16,303,662,2.7884039044765653e-05
avg16,303,663,2.7496362039871954e-05
avg16,303,664,2.642751019598574e-05
avg16,303,665,2.6215791755355067e-05
avg16,303,666,2.605915444184846e-05
avg16,303,667,2.5886707025494367e-05
avg16,303,668,2.5375811663685346e-05
avg16,303,669,2.5062773035191908e-05
avg16,303,670,2.429812603571695e-05
avg16,303,671,2.3833233541574694e-05
avg16,303,672,2.3720734433532033e-05
avg16,303,673,2.3682177722915294e-05
avg16,303,674,2.316227963962768e-05
avg16,303,675,2.2850796085332434e-05
avg16,303,676,2.2543975873471764e-05
avg16,303,677,2.240098540870253e-05
avg16,303,678,2.205542614289524e-05
avg16,303,679,2.1809905155611905e-05
avg16,303,680,2.1502754025249464e-05
avg16,303,681,2.077248303765304e-05
avg16,303,682,2.0512833147687856e-05
avg16,303,683,2.0329346199793623e-05
avg16,303,684,2.021405191355948e-05
avg16,303,685,1.995500647792333e-05
avg16,303,686,1.9588300013331353e-05
avg16,303,687,1.933076918031534e-05
avg16,303,688,1.903189163252909e-05
avg16,303,689,1.8769748203538113e-05
avg16,303,690,1.821731268706038e-05
avg16,303,691,1.7652368811147827e-05
avg16,303,692,1.7420098304591734e-05
avg16,303,693,1.7334821872625177e-05
avg16,303,694,1.72107093311951e-05
avg16,303,695,1.6884450537840996e-05
avg16,303,696,1.6386918795247518e-05
avg16,303,697,1.6059552250037895e-05
avg16,303,698,1.584559464247261e-05
avg16,303,699,1.5644246396636358e-05
avg16,303,700,1.534671582111186e-05
avg16,303,701,1.5119490867582521e-05
avg16,303,702,1.506559868292028e-05
avg16,303,703,1.4643527311755523e-05
avg16,303,704,1.423259420437574e-05
avg16,303,705,1.4072165453384573e-05
avg16,303,706,1.374559551686495e-05
avg16,303,707,1.347389637214154e-05
avg16,303,708,1.3362223072188913e-05
avg16,303,709,1.3275745167329731e-05
avg16,303,710,1.2969144369858239e-05
avg16,303,711,1.281372672883403e-05
avg16,303,712,1.245427257101615e-05
avg16,303,713,1.231053877910559e-05
avg16,303,714,1.202647329018733e-05
avg16,303,715,1.1865001047328054e-05
avg16,303,716,1.1535380890182954e-05
avg16,303,717,1.1466127059348298e-05
avg16,303,718,1.1169871520089185e-05
avg16,303,719,1.09550487291576e-05
avg16,303,720,1.0585720773806135e-05
avg16,303,721,1.0405158406795887e-05
avg16,303,722,1.0215277122004702e-05
avg16,303,723,1.011589869594827e-05
avg16,303,724,9.899144561506411e-06
avg16,303,725,9.701661000395672e-06
avg16,303,726,9.557385404112819e-06
avg16,303,727,9.383307100797285e-06
avg16,303,728,9.306872303667784e-06
avg16,303,729,9.181144659902894e-06
avg16,303,730,8.8958528731586e-06
avg16,303,731,8.51083439525099e-06
avg16,303,732,8.309531699718783e-06
avg16,303,733,8.119498920082589e-06
avg16,303,734,8.052012433979388e-06
avg16,303,735,7.715576891632541e-06
avg16,303,736,7.584461019517295e-06
avg16,303,737,7.480573744028344e-06
avg16,303,738,7.3188153481890505e-06
avg16,303,739,7.229316926476707e-06
avg16,303,740,6.970846182005113e-06
avg16,303,741,6.819311108418919e-06
avg16,303,742,6.647592073959573e-06
avg16,303,743,6.577561308589791e-06
avg16,303,744,6.450175705937095e-06
avg16,303,745,6.251219335056157e-06
avg16,303,746,6.243872502667165e-06
avg16,303,747,5.906656228382904e-06
avg16,303,748,5.889178176719398e-06
avg16,303,749,5.583977404616245e-06
avg16,303,750,5.410627834158366e-06
avg16,303,751,5.32775064756352e-06
avg16,303,752,5.2265809300518834e-06
avg16,303,753,4.980476009837526e-06
avg16,303,754,4.736070654343279e-06
avg16,303,755,4.566811055062249e-06
avg16,303,756,4.511747301099828e-06
avg16,303,757,4.3460393346787785e-06
avg16,303,758,4.0114402562299395e-06
avg16,303,759,3.940842525639853e-06
avg16,303,760,3.870572667453841e-06
avg16,303,761,3.7449240835854668e-06
avg16,303,762,3.6224435331093207e-06
avg16,303,763,3.403981096905037e-06
avg16,303,764,3.2443771612251006e-06
avg16,303,765,3.1896722253666675e-06
avg16,303,766,2.8858346367371785e-06
avg16,303,767,2.5494935680805747e-06
avg16,303,768,2.4015712116057127e-06
rgb32,304,1,55.70267542181888
rgb32,304,2,21.419027002446
rgb32,304,3,13.183259294415791
rgb32,304,4,7.362037717035162
rgb32,304,5,6.554479834437069
rgb32,304,6,5.6710081095422415
rgb32,304,7,4.735362295072983
rgb32,304,8,4.322439992650471
rgb32,304,9,3.4599253441883393
rgb32,304,10,2.893404268360254
rgb32,304,11,2.355731233856647
rgb32,304,12,2.0868334733006133
rgb32,304,13,2.034042133090968
rgb32,304,14,1.839256126462677
rgb32,304,15,1.7317682837861181
rgb32,304,16,1.6017706717603228
rgb32,304,17,1.5234380277120183
rgb32,304,18,1.3814981884402815
rgb32,304,19,1.3246847373886332
rgb32,304,20,1.2848876302963053
rgb32,304,21,1.2209289398343801
rgb32,304,22,1.0895698620324692
rgb32,304,23,1.0392945828362201
rgb32,304,24,1.0022163017755545
rgb32,304,25,0.9406659903791224
rgb32,304,26,0.9361551701018644
rgb32,304,27,0.8428754301972913
rgb32,304,28,0.8327758304070199
rgb32,304,29,0.770579484727726
rgb32,304,30,0.757308927280329
rgb32,304,31,0.7247249376989467
rgb32,304,32,0.6820332441964724
rgb32,304,33,0.6562269008797157
rgb32,304,34,0.6180339058039942
rgb32,304,35,0.601768818677378
rgb32,304,36,0.5858433507461053
rgb32,304,37,0.5436919785082545
rgb32,304,38,0.5408502323964707
rgb32,304,39,0.5247353787959067
rgb32,304,40,0.5059559485234355
rgb32,304,41,0.4879802506884997
rgb32,304,42,0.47556203592035184
rgb32,304,43,0.4673114477433617
rgb32,304,44,0.45153299549736703
rgb32,304,45,0.43768431650979595
rgb32,304,46,0.41617438443151283
rgb32,304,47,0.3931380678437326
rgb32,304,48,0.3829803143979841
rgb32,304,49,0.37993869863337276
rgb32,304,50,0.37489481046140244
rgb32,304,51,0.35842345396179887
rgb32,304,52,0.35472522971833215
rgb32,304,53,0.33836896045987097
rgb32,304,54,0.3332260344550227
rgb32,304,55,0.32382050985837574
rgb32,304,56,0.32099881640418
rgb32,304,57,0.3075379681695082
rgb32,304,58,0.30518035124230475
rgb32,304,59,0.30149550523877167
rgb32,304,60,0.2948244005480669
rgb32,304,61,0.2912435206855532
rgb32,304,62,0.2841628759652403
rgb32,304,63,0.2810348486985318
rgb32,304,64,0.27836891736961483
rgb32,304,65,0.26760613630490054
rgb32,304,66,0.26488540004205136
rgb32,304,67,0.2600939360420248
rgb32,304,68,0.25336023268541696
rgb32,304,69,0.248814843445445
rgb32,304,70,0.24406844961374807
rgb32,304,71,0.23593099868589826
rgb32,304,72,0.23318034137636237
rgb32,304,73,0.23191101064407524
rgb32,304,74,0.2291331756896104
rgb32,304,75,0.2219472616592432
rgb32,304,76,0.21731217595094757
rgb32,304,77,0.21306287443177124
rgb32,304,78,0.2101614603283915
rgb32,304,79,0.20630626508931152
rgb32,304,80,0.20608926523954535
rgb32,304,81,0.20005844676169612
rgb32,304,82,0.19381148449389946
rgb32,304,83,0.193417342067168
rgb32,304,84,0.18946338800132362
rgb32,304,85,0.18814521611430013
rgb32,304,86,0.18554123025282454
rgb32,304,87,0.18263721554367035
rgb32,304,88,0.1770472883560808
rgb32,304,89,0.1747534820138192
rgb32,304,90,0.17280396705143405
rgb32,304,91,0.17181687917043062
rgb32,304,92,0.16927003236474034
rgb32,304,93,0.16345630050996174
rgb32,304,94,0.16140992531248813
rgb32,304,95,0.16038795699434572
rgb32,304,96,0.15837810323379947
rgb32,304,97,0.15504063549462097
rgb32,304,98,0.152506275796306
rgb32,304,99,0.15077715489646773
rgb32,304,100,0.1494333076142401
rgb32,304,101,0.1459565609522547
rgb32,304,102,0.14456067069619358
rgb32,304,103,0.13995432553664494
rgb32,304,104,0.13953840504970508
rgb32,304,105,0.13688181881220696
rgb32,304,106,0.136267596100893
rgb32,304,107,0.13342121846342048
rgb32,304,108,0.1322038235184515
rgb32,304,109,0.13127301906086736
rgb32,304,110,0.12955505482883276
rgb32,304,111,0.12774630947459883
rgb32,304,112,0.12634747636931531
rgb32,304,113,0.12422160431574862
rgb32,304,114,0.12404031451962312
rgb32,304,115,0.12118937560778686
rgb32,304,116,0.12104217046778763
rgb32,304,117,0.11915264914245417
rgb32,304,118,0.1169009425892182
rgb32,304,119,0.1149617204554487
rgb32,304,120,0.11324657811138894
rgb32,304,121,0.11305691660851463
rgb32,304,122,0.11154513107851809
rgb32,304,123,0.11035828253718682
rgb32,304,124,0.10965090492337602
rgb32,304,125,0.10784670734459076
rgb32,304,126,0.10713990167355796
rgb32,304,127,0.10630503347146505
rgb32,304,128,0.10496350290678465
rgb32,304,129,0.103542822047682
rgb32,304,130,0.1031561410351712
rgb32,304,131,0.10211408244804177
rgb32,304,132,0.1003172939969205
rgb32,304,133,0.09933082751258124
rgb32,304,134,0.09831403521521447
rgb32,304,135,0.09758584895468772
rgb32,304,136,0.09534697318035663
rgb32,304,137,0.09462922832111109
rgb32,304,138,0.09406447000127091
rgb32,304,139,0.09276372752677285
rgb32,304,140,0.09221166343470495
rgb32,304,141,0.09143384129313081
rgb32,304,142,0.0903044770280606
rgb32,304,143,0.08865974851906508
rgb32,304,144,0.0871977575170296
rgb32,304,145,0.08703422389080777
rgb32,304,146,0.08664414611999273
rgb32,304,147,0.08628164923235569
rgb32,304,148,0.08404542471968555
rgb32,304,149,0.0835949890601841
rgb32,304,150,0.08220533709173795
rgb32,304,151,0.08188951841418238
rgb32,304,152,0.0813216086508721
rgb32,304,153,0.08107531307548801
rgb32,304,154,0.08017217455521161
rgb32,304,155,0.07846433223067695
rgb32,304,156,0.07748501257287371
rgb32,304,157,0.0772822580622062
rgb32,304,158,0.07578195920233358
rgb32,304,159,0.07541366754217974
rgb32,304,160,0.07460983451348707
rgb32,304,161,0.07432740749345981
rgb32,304,162,0.07336100302727276
rgb32,304,163,0.0728277920888411
rgb32,304,164,0.0715400418679447
rgb32,304,165,0.07051476435020453
rgb32,304,166,0.06957033003768888
rgb32,304,167,0.06844362469756349
rgb32,304,168,0.06836937236617127
rgb32,304,169,0.06771236578911725
rgb32,304,170,0.06759461235028921
rgb32,304,171,0.06667106641924375
rgb32,304,172,0.06629021921873642
rgb32,304,173,0.06577832663977648
rgb32,304,174,0.06528846627198968
rgb32,304,175,0.06424482097795638
rgb32,304,176,0.06391891121355289
rgb32,304,177,0.06341220584951816
rgb32,304,178,0.06295433941377038
rgb32,304,179,0.06178390741023255
rgb32,304,180,0.06141552469944731
rgb32,304,181,0.06068090402580943
rgb32,304,182,0.06027705837016665
rgb32,304,183,0.060016138310840024
rgb32,304,184,0.05913307285130329
rgb32,304,185,0.0581971662767503
rgb32,304,186,0.058167116261746955
rgb32,304,187,0.05764361167855103
rgb32,304,188,0.05721789761535561
rgb32,304,189,0.05692591358316836
rgb32,304,190,0.05663986212020694
rgb32,304,191,0.05612518340709067
rgb32,304,192,0.05529021933701717
rgb32,304,193,0.05465231930345871
rgb32,304,194,0.05451353865816126
rgb32,304,195,0.054141214378829135
rgb32,304,196,0.05351963958273251
rgb32,304,197,0.053324631955924594
rgb32,304,198,0.05269018235019224
rgb32,304,199,0.052214066717853176
rgb32,304,200,0.0517671928965729
rgb32,304,201,0.05159300391975603
rgb32,304,202,0.05079131914397545
rgb32,304,203,0.05069166075188239
rgb32,304,204,0.05018725957988565
rgb32,304,205,0.049706359254050814
rgb32,304,206,0.049431337634826565
rgb32,304,207,0.04883560511789255
rgb32,304,208,0.04855108340533265
rgb32,304,209,0.04821176171177065
rgb32,304,210,0.04770263871505491
rgb32,304,211,0.04737985994460658
rgb32,304,212,0.047156731344800765
rgb32,304,213,0.04694312752621335
rgb32,304,214,0.04648724865924279
rgb32,304,215,0.04584402531475225
rgb32,304,216,0.045835113326429
rgb32,304,217,0.04542043229937856
rgb32,304,218,0.045232737274546755
rgb32,304,219,0.04457171813648623
rgb32,304,220,0.044333591055199496
rgb32,304,221,0.04404585203009757
rgb32,304,222,0.043667341878066354
rgb32,304,223,0.043399867871178444
rgb32,304,224,0.04270756274382456
rgb32,304,225,0.04262155008399986
rgb32,304,226,0.04241693942273281
rgb32,304,227,0.04225813098047417
rgb32,304,228,0.04183080281789615
rgb32,304,229,0.04132158133181786
rgb32,304,230,0.041084884693268826
rgb32,304,231,0.040612185834515604
rgb32,304,232,0.04015409218141989
rgb32,304,233,0.04010110569241248
rgb32,304,234,0.039498414569858
rgb32,304,235,0.0393966696082271
rgb32,304,236,0.03900701096893063
rgb32,304,237,0.03882673031194177
rgb32,304,238,0.03839953212943538
rgb32,304,239,0.03815761913696701
rgb32,304,240,0.037975672948509884
rgb32,304,241,0.03765509289645942
rgb32,304,242,0.03737237117653922
rgb32,304,243,0.03681003419887738
rgb32,304,244,0.03666059115650796
rgb32,304,245,0.036272776175611636
rgb32,304,246,0.036179397149062
rgb32,304,247,0.03579660638454094
rgb32,304,248,0.035735712053542604
rgb32,304,249,0.03534777101513154
rgb32,304,250,0.034941178941812395
rgb32,304,251,0.034733431418482535
rgb32,304,252,0.03432617019907721
rgb32,304,253,0.03424025946340926
rgb32,304,254,0.0338238074668803
rgb32,304,255,0.03368337298761094
rgb32,304,256,0.03353739262773701
rgb32,304,257,0.033079621872177674
rgb32,304,258,0.03277956184409707
rgb32,304,259,0.0324609109882748
rgb32,304,260,0.032252961561196336
rgb32,304,261,0.03192820399427554
rgb32,304,262,0.031826065255496576
rgb32,304,263,0.03167112535746496
rgb32,304,264,0.03151167645339922
rgb32,304,265,0.031331084951478794
rgb32,304,266,0.03128263718944007
rgb32,304,267,0.031181859219055304
rgb32,304,268,0.03064646424081228
rgb32,304,269,0.030616151800195005
rgb32,304,270,0.030177513373279362
rgb32,304,271,0.02989614197043467
rgb32,304,272,0.02986505315296227
rgb32,304,273,0.0296490299460412
rgb32,304,274,0.029483077447901344
rgb32,304,275,0.029290267337835595
rgb32,304,276,0.029087313977542415
rgb32,304,277,0.029037967935575372
rgb32,304,278,0.028763605079461754
rgb32,304,279,0.0283769950114886
rgb32,304,280,0.02832722753566266
rgb32,304,281,0.028188513340832902
rgb32,304,282,0.027966745268062917
rgb32,304,283,0.027731038990336965
rgb32,304,284,0.027610196722347588
rgb32,304,285,0.02747218772324668
rgb32,304,286,0.0271881282499083
rgb32,304,287,0.026977323527159956
rgb32,304,288,0.026836607529077527
rgb32,304,289,0.02669389258773625
rgb32,304,290,0.026422211854198633
rgb32,304,291,0.026102611402940457
rgb32,304,292,0.026045978892166106
rgb32,304,293,0.025859853082321724
rgb32,304,294,0.02566727323233358
rgb32,304,295,0.0256096357037345
rgb32,304,296,0.02533785858828106
rgb32,304,297,0.025197605688797173
rgb32,304,298,0.02507921618560243
rgb32,304,299,0.024830493342772257
rgb32,304,300,0.024639389814529428
rgb32,304,301,0.024569601453027248
rgb32,304,302,0.024281012086565835
rgb32,304,303,0.024199853607320344
rgb32,304,304,0.024051035762289594
rgb32,304,305,0.023978194898467795
rgb32,304,306,0.02390334233917198
rgb32,304,307,0.023707087017597744
rgb32,304,308,0.023414096802234507
rgb32,304,309,0.02328050740454461
rgb32,304,310,0.023164697724171342
rgb32,304,311,0.023050431637155692
rgb32,304,312,0.02291349951809804
rgb32,304,313,0.022869755404878567
rgb32,304,314,0.022690528910734965
rgb32,304,315,0.022420643840282462
rgb32,304,316,0.02227057591085059
rgb32,304,317,0.02207863791487612
rgb32,304,318,0.021990586403353468
rgb32,304,319,0.02183441459136616
rgb32,304,320,0.02172847342818848
rgb32,304,321,0.02146774844213027
rgb32,304,322,0.021444131651696167
rgb32,304,323,0.02134236467006743
rgb32,304,324,0.021237811616693268
rgb32,304,325,0.021098241893231666
rgb32,304,326,0.021003127189283426
rgb32,304,327,0.020831438684900894
rgb32,304,328,0.02071996532666055
rgb32,304,329,0.020615212495703306
rgb32,304,330,0.02042669241360678
rgb32,304,331,0.02037843432464285
rgb32,304,332,0.020164812901414583
rgb32,304,333,0.01994351053918432
rgb32,304,334,0.019909892382489372
rgb32,304,335,0.019893369148215448
rgb32,304,336,0.019574902113572445
rgb32,304,337,0.019525838032932404
rgb32,304,338,0.01938119661970297
rgb32,304,339,0.019270782083807034
rgb32,304,340,0.01921038466009574
rgb32,304,341,0.019018251077284665
rgb32,304,342,0.01893220236484454
rgb32,304,343,0.018896665645552212
rgb32,304,344,0.018618784201557673
rgb32,304,345,0.018555991187740883
rgb32,304,346,0.018388821363119062
rgb32,304,347,0.018210716272004587
rgb32,304,348,0.018033566058033024
rgb32,304,349,0.01798759326994565
rgb32,304,350,0.017748939889216706
rgb32,304,351,0.0177357148208643
rgb32,304,352,0.017651817969772134
rgb32,304,353,0.017545215228932005
rgb32,304,354,0.01750869751928237
rgb32,304,355,0.017415825249753478
rgb32,304,356,0.0173091962606121
rgb32,304,357,0.017250990162187816
rgb32,304,358,0.017038800418373523
rgb32,304,359,0.0169657683515033
rgb32,304,360,0.01682277187772692
rgb32,304,361,0.016606541339136728
rgb32,304,362,0.016578623156021464
rgb32,304,363,0.016518869833445256
rgb32,304,364,0.016388588685565548
rgb32,304,365,0.016333845064685444
rgb32,304,366,0.016191553359217542
rgb32,304,367,0.016130809763381538
rgb32,304,368,0.01603918814468491
rgb32,304,369,0.015946076576668963
rgb32,304,370,0.01586859253156018
rgb32,304,371,0.015791045770951074
rgb32,304,372,0.0156869905416128
rgb32,304,373,0.015642622193552596
rgb32,304,374,0.015488182502880048
rgb32,304,375,0.015362526092553766
rgb32,304,376,0.01531229190970748
rgb32,304,377,0.015174835109905973
rgb32,304,378,0.015137042225223734
rgb32,304,379,0.014992229725535466
rgb32,304,380,0.01491556709243449
rgb32,304,381,0.014882436301495747
rgb32,304,382,0.014767271326247364
rgb32,304,383,0.014744344161255392
rgb32,304,384,0.014626202254224084
rgb32,304,385,0.014473378757422418
rgb32,304,386,0.01444686704344992
rgb32,304,387,0.014340525118529611
rgb32,304,388,0.014287906165753823
rgb32,304,389,0.014218374291858389
rgb32,304,390,0.014073150338472071
rgb32,304,391,0.014044493892099988
rgb32,304,392,0.013946967902681151
rgb32,304,393,0.013870842372692498
rgb32,304,394,0.013832866037785309
rgb32,304,395,0.01373112251274428
rgb32,304,396,0.013722010278799709
rgb32,304,397,0.01363859222702173
rgb32,304,398,0.013531627800228046
rgb32,304,399,0.013497616158388454
rgb32,304,400,0.013370508056186985
rgb32,304,401,0.013274684526398463
rgb32,304,402,0.013180511107058195
rgb32,304,403,0.013122637245055824
rgb32,304,404,0.01306816327187275
rgb32,304,405,0.013013499383299824
rgb32,304,406,0.012927123378000354
rgb32,304,407,0.012782333433110358
rgb32,304,408,0.012695413345176543
rgb32,304,409,0.01262052318523414
rgb32,304,410,0.012553013409202457
rgb32,304,411,0.012469999201563066
rgb32,304,412,0.012455560924746424
rgb32,304,413,0.012361087170693539
rgb32,304,414,0.01230750901131339
rgb32,304,415,0.012246457311326163
rgb32,304,416,0.012181815607607135
rgb32,304,417,0.012117318178828801
rgb32,304,418,0.011967914678181635
rgb32,304,419,0.011923497468839533
rgb32,304,420,0.011845306207530139
rgb32,304,421,0.011815354465921898
rgb32,304,422,0.011730096239112852
rgb32,304,423,0.011691014800757925
rgb32,304,424,0.011594134035006538
rgb32,304,425,0.011542520600695102
rgb32,304,426,0.011519030843482046
rgb32,304,427,0.011455607908885144
rgb32,304,428,0.011397068669152452
rgb32,304,429,0.011346419666064787
rgb32,304,430,0.011275611812728998
rgb32,304,431,0.011107853052618286
rgb32,304,432,0.011077675989240504
rgb32,304,433,0.01103728968789762
rgb32,304,434,0.010938418140988544
rgb32,304,435,0.010876278654209592
rgb32,304,436,0.010855774516445873
rgb32,304,437,0.01075394246235741
rgb32,304,438,0.010721176894338876
rgb32,304,439,0.01064122722436037
rgb32,304,440,0.010634954136049554
rgb32,304,441,0.0105756923573858
rgb32,304,442,0.010448737978574246
rgb32,304,443,0.010389005775311048
rgb32,304,444,0.010264328667708678
rgb32,304,445,0.010249029740290764
rgb32,304,446,0.010182624935877602
rgb32,304,447,0.01013914392170362
rgb32,304,448,0.010055012581514049
rgb32,304,449,0.01003324156415917
rgb32,304,450,0.009928901462962566
rgb32,304,451,0.009862271736307554
rgb32,304,452,0.009848147722655116
rgb32,304,453,0.009792494801128282
rgb32,304,454,0.009754594323893587
rgb32,304,455,0.009698099619848242
rgb32,304,456,0.00965630603654236
rgb32,304,457,0.009627142226723234
rgb32,304,458,0.009528886363942344
rgb32,304,459,0.009491785877820288
rgb32,304,460,0.009402655612099143
rgb32,304,461,0.009386246685093481
rgb32,304,462,0.009305095489722992
rgb32,304,463,0.009292432057943407
rgb32,304,464,0.009176947517214224
rgb32,304,465,0.009149837104910415
rgb32,304,466,0.009079518644428743
rgb32,304,467,0.00904537467318593
rgb32,304,468,0.008998689642463644
rgb32,304,469,0.008986005977630667
rgb32,304,470,0.008946804854400137
rgb32,304,471,0.008884593789141103
rgb32,304,472,0.008755939789134047
rgb32,304,473,0.008723237649176804
rgb32,304,474,0.008701813322795345
rgb32,304,475,0.00864830199387682
rgb32,304,476,0.008558215592357053
rgb32,304,477,0.008513121562170258
rgb32,304,478,0.008497798091622738
rgb32,304,479,0.008461071555297652
rgb32,304,480,0.008394604624968643
rgb32,304,481,0.008328919375480364
rgb32,304,482,0.008281468250024114
rgb32,304,483,0.008265719004510674
rgb32,304,484,0.008218078057270416
rgb32,304,485,0.00816284182359557
rgb32,304,486,0.008127355375195754
rgb32,304,487,0.008106470156501028
rgb32,304,488,0.008044383770820285
rgb32,304,489,0.008008112381563539
rgb32,304,490,0.007972526091981067
rgb32,304,491,0.00794919531731723
rgb32,304,492,0.00785656371898433
rgb32,304,493,0.007813097014605586
rgb32,304,494,0.0077761082017668275
rgb32,304,495,0.00775160189540181
rgb32,304,496,0.007716633028374268
rgb32,304,497,0.007660873759446242
rgb32,304,498,0.007618781513958116
rgb32,304,499,0.007615305681305038
rgb32,304,500,0.0075846150072122675
rgb32,304,501,0.0075149827382657314
rgb32,304,502,0.007502345842065575
rgb32,304,503,0.007431697696968912
rgb32,304,504,0.007421840343579953
rgb32,304,505,0.00738206372670528
rgb32,304,506,0.007356007915757841
rgb32,304,507,0.00727602440259925
rgb32,304,508,0.007236574471432904
rgb32,304,509,0.007213093969291636
rgb32,304,510,0.007154072270942409
rgb32,304,511,0.007116908123564724
rgb32,304,512,0.007073918392952651
rgb32,304,513,0.007036234071799051
rgb32,304,514,0.007009325676536341
rgb32,304,515,0.006972033649230226
rgb32,304,516,0.0069156564873335295
rgb32,304,517,0.0069053485636410864
rgb32,304,518,0.006896859905779325
rgb32,304,519,0.006808330793320002
rgb32,304,520,0.006779641455624882
rgb32,304,521,0.006744509109652208
rgb32,304,522,0.006729935944266821
rgb32,304,523,0.006724296869669387
rgb32,304,524,0.006666724553217688
rgb32,304,525,0.006663144758377901
rgb32,304,526,0.006604861748514585
rgb32,304,527,0.006580320564735051
rgb32,304,528,0.0065532475970674214
rgb32,304,529,0.006517339402894493
rgb32,304,530,0.006459579296022187
rgb32,304,531,0.0064452544875911
rgb32,304,532,0.006379952425616593
rgb32,304,533,0.006349917385909889
rgb32,304,534,0.006322230451826446
rgb32,304,535,0.00630220044084859
rgb32,304,536,0.006261341955859555
rgb32,304,537,0.006207574097891066
rgb32,304,538,0.006187715153854714
rgb32,304,539,0.006130815989907113
rgb32,304,540,0.006075715806201717
rgb32,304,541,0.0060333576684138334
rgb32,304,542,0.006027340426550573
rgb32,304,543,0.005978206102406162
rgb32,304,544,0.00595022923731442
rgb32,304,545,0.00592707517180533
rgb32,304,546,0.005899513724026374
rgb32,304,547,0.005874939660655419
rgb32,304,548,0.005826466373686287
rgb32,304,549,0.005789517858549391
rgb32,304,550,0.00575195391566685
rgb32,304,551,0.005719226536564848
rgb32,304,552,0.005684545541289369
rgb32,304,553,0.0056520863984856
rgb32,304,554,0.005627906302992132
rgb32,304,555,0.005622676290026042
rgb32,304,556,0.005596594241076438
rgb32,304,557,0.005566610702940791
rgb32,304,558,0.005557370961430449
rgb32,304,559,0.005518130033976112
rgb32,304,560,0.005493638652769901
rgb32,304,561,0.0054322449849485135
rgb32,304,562,0.005414630426361721
rgb32,304,563,0.005398075172739005
rgb32,304,564,0.005371593714957124
rgb32,304,565,0.005351443211123702
rgb32,304,566,0.005318053770237437
rgb32,304,567,0.005282967555053582
rgb32,304,568,0.005235877019696941
rgb32,304,569,0.005204443844104654
rgb32,304,570,0.005191850556652811
rgb32,304,571,0.0051676288843704775
rgb32,304,572,0.005152344251827869
rgb32,304,573,0.005107371863421781
rgb32,304,574,0.0050787817414709785
rgb32,304,575,0.005067673011307831
rgb32,304,576,0.005031449691966594
rgb32,304,577,0.005002459874978417
rgb32,304,578,0.004995146764176949
rgb32,304,579,0.004967662109425983
rgb32,304,580,0.004910549202108669
rgb32,304,581,0.0048942334052557435
rgb32,304,582,0.004871504316022102
rgb32,304,583,0.004827535221566239
rgb32,304,584,0.0048067015972528436
rgb32,304,585,0.004802830920584726
rgb32,304,586,0.00477605946913516
rgb32,304,587,0.004730291817579041
rgb32,304,588,0.004721698739459287
rgb32,304,589,0.004690700878803461
rgb32,304,590,0.004652444269698883
rgb32,304,591,0.0046292602057030055
rgb32,304,592,0.004616571356312389
rgb32,304,593,0.004594134107306534
rgb32,304,594,0.004575815805405436
rgb32,304,595,0.004566797579194556
rgb32,304,596,0.004517583639991002
rgb32,304,597,0.004494891481901961
rgb32,304,598,0.004473655903410851
rgb32,304,599,0.004466715748336211
rgb32,304,600,0.004418896072300621
rgb32,304,601,0.004417340626417795
rgb32,304,602,0.004372720069658123
rgb32,304,603,0.004358617892006267
rgb32,304,604,0.004353731169917978
rgb32,304,605,0.00434684734540297
rgb32,304,606,0.004312999521687918
rgb32,304,607,0.004285186276461044
rgb32,304,608,0.004258669714346931
rgb32,304,609,0.004214199732665835
rgb32,304,610,0.004191672889641582
rgb32,304,611,0.004187559412682301
rgb32,304,612,0.004167774199448997
rgb32,304,613,0.004132116290394801
rgb32,304,614,0.004120955896950755
rgb32,304,615,0.004106505358662915
rgb32,304,616,0.004087234885902489
rgb32,304,617,0.004072618008493582
rgb32,304,618,0.00405129608717322
rgb32,304,619,0.004008443840659036
rgb32,304,620,0.003992353704307777
rgb32,304,621,0.003955065668504569
rgb32,304,622,0.003936167397859911
rgb32,304,623,0.0039205653207084095
rgb32,304,624,0.0038903771149786572
rgb32,304,625,0.0038851924464064357
rgb32,304,626,0.0038690758075762867
rgb32,304,627,0.003862973763741687
rgb32,304,628,0.003841472029255139
rgb32,304,629,0.003828096662289065
rgb32,304,630,0.003795547170484992
rgb32,304,631,0.003783967620902707
rgb32,304,632,0.003754414641947381
rgb32,304,633,0.003746083007994286
rgb32,304,634,0.003726097188422034
rgb32,304,635,0.0036856075314047553
rgb32,304,636,0.003656693777185821
rgb32,304,637,0.0036490776243779544
rgb32,304,638,0.00361821162486288
rgb32,304,639,0.0036022074474527377
rgb32,304,640,0.0035748458329255615
rgb32,304,641,0.0035485598312790492
rgb32,304,642,0.0035286011414551012
rgb32,304,643,0.003521895532299523
rgb32,304,644,0.0035049260422799645
rgb32,304,645,0.0034869517148334466
rgb32,304,646,0.003481073683838416
rgb32,304,647,0.003460237489591799
rgb32,304,648,0.0034548511848784863
rgb32,304,649,0.0034230311824594954
rgb32,304,650,0.0033950262874491302
rgb32,304,651,0.0033759148879737013
rgb32,304,652,0.0033542647670663757
rgb32,304,653,0.0033370856865824095
rgb32,304,654,0.00332646011023121
rgb32,304,655,0.0033040422602011077
rgb32,304,656,0.003286162447763037
rgb32,304,657,0.0032704354132069026
rgb32,304,658,0.003263308723878832
rgb32,304,659,0.0032480658282361186
rgb32,304,660,0.0032338646740969067
rgb32,304,661,0.0032194858498832274
rgb32,304,662,0.003199771023163268
rgb32,304,663,0.0031621417228191616
rgb32,304,664,0.003139076951018373
rgb32,304,665,0.0031331983811376477
rgb32,304,666,0.0031246004869643624
rgb32,304,667,0.0030987990774149765
rgb32,304,668,0.003076774015670056
rgb32,304,669,0.0030743903801968057
rgb32,304,670,0.0030662465553718894
rgb32,304,671,0.003054159045322936
rgb32,304,672,0.0030393932735643323
rgb32,304,673,0.003006871173763982
rgb32,304,674,0.002998914305782418
rgb32,304,675,0.002992727848014243
rgb32,304,676,0.0029732609996747316
rgb32,304,677,0.0029537879658324273
rgb32,304,678,0.0029508530594976037
rgb32,304,679,0.0029389228308190334
rgb32,304,680,0.0029299662336760464
rgb32,304,681,0.0028862526921497066
rgb32,304,682,0.0028758692440059293
rgb32,304,683,0.002850481777628452
rgb32,304,684,0.0028395760760679054
rgb32,304,685,0.002820156874608689
rgb32,304,686,0.002805317203483075
rgb32,304,687,0.002784191687483403
rgb32,304,688,0.0027714808276449714
rgb32,304,689,0.0027662810888601287
rgb32,304,690,0.0027540363262455805
rgb32,304,691,0.0027413228861550257
rgb32,304,692,0.0027320321755910874
rgb32,304,693,0.002705621794756069
rgb32,304,694,0.002695754296244246
rgb32,304,695,0.002687176971292654
rgb32,304,696,0.0026715810439814623
rgb32,304,697,0.0026622355861933194
rgb32,304,698,0.002654715654130475
rgb32,304,699,0.002620861482573136
rgb32,304,700,0.002609539026866167
rgb32,304,701,0.0026037361533668424
rgb32,304,702,0.0025926376179716553
rgb32,304,703,0.0025795011826075832
rgb32,304,704,0.002562413286308606
rgb32,304,705,0.0025433720728191027
rgb32,304,706,0.002531370716579716
rgb32,304,707,0.0025246378758938077
rgb32,304,708,0.0025078346925206858
rgb32,304,709,0.002498279015129247
rgb32,304,710,0.002484418205580752
rgb32,304,711,0.00247294687378842
rgb32,304,712,0.0024622802670715895
rgb32,304,713,0.002446650908507693
rgb32,304,714,0.0024412877446920735
rgb32,304,715,0.0024352612172726853
rgb32,304,716,0.002428379387669321
rgb32,304,717,0.0024087635462269456
rgb32,304,718,0.002402047321934445
rgb32,304,719,0.0023849384180659
rgb32,304,720,0.002381725224358034
rgb32,304,721,0.0023610369616773263
rgb32,304,722,0.002354404664687543
rgb32,304,723,0.002350583751326031
rgb32,304,724,0.0023054958312581962
rgb32,304,725,0.0023005844736868927
rgb32,304,726,0.0022895810796379696
rgb32,304,727,0.0022825009017694332
rgb32,304,728,0.002272532905698134
rgb32,304,729,0.002253539484850606
rgb32,304,730,0.002243424880263858
rgb32,304,731,0.0022423443921597693
rgb32,304,732,0.0022393947366073476
rgb32,304,733,0.0022182410680072974
rgb32,304,734,0.0022008679772192795
rgb32,304,735,0.0021887195876529033
rgb32,304,736,0.002176913432197653
rgb32,304,737,0.0021745020685906935
rgb32,304,738,0.002152159177504474
rgb32,304,739,0.002134494465777008
rgb32,304,740,0.002121934077975965
rgb32,304,741,0.0021141482102736225
rgb32,304,742,0.0020924322948912754
rgb32,304,743,0.0020859647112539386
rgb32,304,744,0.0020831107512628874
rgb32,304,745,0.0020765854415291463
rgb32,304,746,0.0020649858098928876
rgb32,304,747,0.0020526069961727235
rgb32,304,748,0.002048656915455244
rgb32,304,749,0.0020365641345372588
rgb32,304,750,0.002011012034415235
rgb32,304,751,0.0019947079328578336
rgb32,304,752,0.0019847710344421004
rgb32,304,753,0.001982803847648978
rgb32,304,754,0.0019666352013741405
rgb32,304,755,0.0019498187482811155
rgb32,304,756,0.0019461867661797702
rgb32,304,757,0.001932587163578007
rgb32,304,758,0.001925019940322117
rgb32,304,759,0.0019184231950702907
rgb32,304,760,0.0019076999504230685
rgb32,304,761,0.0018937991472133717
rgb32,304,762,0.001885843734097314
rgb32,304,763,0.0018666782261979246
rgb32,304,764,0.0018626507870587944
rgb32,304,765,0.001857993692910006
rgb32,304,766,0.0018409740226194525
rgb32,304,767,0.0018362663027755746
rgb32,304,768,0.0018246441724954952
rgb32,304,769,0.0018163794150242614
rgb32,304,770,0.0018073071233194818
rgb32,304,771,0.0017972950148601977
rgb32,304,772,0.0017884678415430791
rgb32,304,773,0.0017760194169324742
rgb32,304,774,0.0017597978453090576
rgb32,304,775,0.001750085311930686
rgb32,304,776,0.0017372007745002967
rgb32,304,777,0.0017205792932657067
rgb32,304,778,0.0017148003473749112
rgb32,304,779,0.0017087572329610244
rgb32,304,780,0.0016931350377988547
rgb32,304,781,0.0016869888074488373
rgb32,304,782,0.001682960717865462
rgb32,304,783,0.001672114370142486
rgb32,304,784,0.0016653943558478726
rgb32,304,785,0.0016613957161644697
rgb32,304,786,0.0016542913718199856
rgb32,304,787,0.0016314775326733253
rgb32,304,788,0.0016255909790047682
rgb32,304,789,0.0016194751713664445
rgb32,304,790,0.0016078584417810301
rgb32,304,791,0.0016013797949349915
rgb32,304,792,0.0015962998041943166
rgb32,304,793,0.0015899638620000415
rgb32,304,794,0.0015759131963936452
rgb32,304,795,0.0015685885830277516
rgb32,304,796,0.0015606805445998865
rgb32,304,797,0.0015550559775303644
rgb32,304,798,0.0015464337237105022
rgb32,304,799,0.0015398503919942172
rgb32,304,800,0.0015279975988909207
rgb32,304,801,0.0015226784659814537
rgb32,304,802,0.0015116910256787225
rgb32,304,803,0.0015016981785111753
rgb32,304,804,0.0014964904332792895
rgb32,304,805,0.0014889803631889526
rgb32,304,806,0.0014835532538696192
rgb32,304,807,0.0014770657612158975
rgb32,304,808,0.0014691418964720704
rgb32,304,809,0.0014556653264155542
rgb32,304,810,0.0014464498498955565
rgb32,304,811,0.001440786462499581
rgb32,304,812,0.0014356170576796134
rgb32,304,813,0.0014294989701888487
rgb32,304,814,0.0014190326451199158
rgb32,304,815,0.0014122957891963374
rgb32,304,816,0.001400638351394033
rgb32,304,817,0.0013971829207133591
rgb32,304,818,0.0013902826530219703
rgb32,304,819,0.0013825451462232306
rgb32,304,820,0.0013782454884132338
rgb32,304,821,0.0013735785795464333
rgb32,304,822,0.001358688173868495
rgb32,304,823,0.0013554203079532913
rgb32,304,824,0.0013498312885664614
rgb32,304,825,0.001344759866929473
rgb32,304,826,0.0013372484771352867
rgb32,304,827,0.0013270163514013688
rgb32,304,828,0.0013198627252511256
rgb32,304,829,0.0013122457128235936
rgb32,304,830,0.0012998280331576394
rgb32,304,831,0.0012890214543873574
rgb32,304,832,0.0012803129866406316
rgb32,304,833,0.0012776108812392276
rgb32,304,834,0.0012699795980717454
rgb32,304,835,0.0012594827841299774
rgb32,304,836,0.0012550498000177906
rgb32,304,837,0.0012470086463932744
rgb32,304,838,0.0012429124509510123
rgb32,304,839,0.0012383669517984793
rgb32,304,840,0.0012316575101519647
rgb32,304,841,0.0012166422116037647
rgb32,304,842,0.0012112284217232602
rgb32,304,843,0.001206001474540319
rgb32,304,844,0.0012037337491241312
rgb32,304,845,0.001200347617724267
rgb32,304,846,0.0011957925739108425
rgb32,304,847,0.0011828369267629392
rgb32,304,848,0.001178446202740175
rgb32,304,849,0.0011717091082228692
rgb32,304,850,0.001164308139263473
rgb32,304,851,0.0011607847071925998
rgb32,304,852,0.0011501023395042494
rgb32,304,853,0.0011405999324637477
rgb32,304,854,0.001137305565271803
rgb32,304,855,0.0011315628280944353
rgb32,304,856,0.001120527759104678
rgb32,304,857,0.0011083128071675925
rgb32,304,858,0.0011069189526547497
rgb32,304,859,0.0010990875733702709
rgb32,304,860,0.0010950224913188582
rgb32,304,861,0.0010857288319755577
rgb32,304,862,0.0010840701674849796
rgb32,304,863,0.0010765163281699042
rgb32,304,864,0.0010710345368044397
rgb32,304,865,0.0010609312718008119
rgb32,304,866,0.0010527715900040125
rgb32,304,867,0.0010471056954807325
rgb32,304,868,0.0010445985285683994
rgb32,304,869,0.0010385345787433155
rgb32,304,870,0.0010345040301816576
rgb32,304,871,0.0010239098362860028
rgb32,304,872,0.0010226171327913332
rgb32,304,873,0.0010199339831230413
rgb32,304,874,0.0010118140995601956
rgb32,304,875,0.0010055291986117668
rgb32,304,876,0.000997174887737615
rgb32,304,877,0.0009940072325302209
rgb32,304,878,0.0009873278930013901
rgb32,304,879,0.000981263936738249
rgb32,304,880,0.000968951869189163
rgb32,304,881,0.0009664752979055588
rgb32,304,882,0.0009640270462364911
rgb32,304,883,0.0009589928078482409
rgb32,304,884,0.0009511400260548157
rgb32,304,885,0.0009498664988465056
rgb32,304,886,0.0009480877078505909
rgb32,304,887,0.0009438104467547686
rgb32,304,888,0.0009319567826968078
rgb32,304,889,0.0009248930747656521
rgb32,304,890,0.0009215284451778547
rgb32,304,891,0.0009135178342062312
rgb32,304,892,0.0009079880812016891
rgb32,304,893,0.0009020245733358117
rgb32,304,894,0.0008942242585976223
rgb32,304,895,0.0008904234888095496
rgb32,304,896,0.000883634772667105
rgb32,304,897,0.0008829935210982188
rgb32,304,898,0.0008739411198089643
rgb32,304,899,0.000867314203859632
rgb32,304,900,0.0008618337866130737
rgb32,304,901,0.0008555037493630036
rgb32,304,902,0.0008524256746694354
rgb32,304,903,0.0008503521659775095
rgb32,304,904,0.00084547046310855
rgb32,304,905,0.0008425457256520728
rgb32,304,906,0.000839050951837487
rgb32,304,907,0.000836402386912648
rgb32,304,908,0.0008278046205344745
rgb32,304,909,0.0008200140683525894
rgb32,304,910,0.0008181514760542049
rgb32,304,911,0.0008130419258883936
rgb32,304,912,0.00081200052853167
rgb32,304,913,0.0008076535076297519
rgb32,304,914,0.0008035464919639147
rgb32,304,915,0.0007943546384240225
rgb32,304,916,0.0007900138417694889
rgb32,304,917,0.00078897039955125
rgb32,304,918,0.0007764169969175555
rgb32,304,919,0.00077296357925715
rgb32,304,920,0.0007672821281704599
rgb32,304,921,0.0007662112186486156
rgb32,304,922,0.00075537143947055
rgb32,304,923,0.0007538817672679617
rgb32,304,924,0.0007521209584877204
rgb32,304,925,0.0007497811183093151
rgb32,304,926,0.0007487725581960983
rgb32,304,927,0.0007319522641329895
rgb32,304,928,0.0007316357994675659
rgb32,304,929,0.0007272318036781126
rgb32,304,930,0.0007184396760508372
rgb32,304,931,0.0007166258709633211
rgb32,304,932,0.0007147003484979684
rgb32,304,933,0.0007120853187745003
rgb32,304,934,0.0007062363656256069
rgb32,304,935,0.0007011547790350093
rgb32,304,936,0.0006964578156134284
rgb32,304,937,0.0006926707072360382
rgb32,304,938,0.0006849040637845035
rgb32,304,939,0.0006834634194817807
rgb32,304,940,0.0006811329237255937
rgb32,304,941,0.0006733117168543609
rgb32,304,942,0.000670865871984441
rgb32,304,943,0.0006701083326541139
rgb32,304,944,0.000667100543621742
rgb32,304,945,0.0006603185301154135
rgb32,304,946,0.0006549260102772493
rgb32,304,947,0.0006533706782197734
rgb32,304,948,0.000651793399582272
rgb32,304,949,0.0006442634471386081
rgb32,304,950,0.0006379674456515356
rgb32,304,951,0.0006367892631212173
rgb32,304,952,0.0006329420525131554
rgb32,304,953,0.0006291926377782305
rgb32,304,954,0.0006278740687611926
rgb32,304,955,0.0006239267790881954
rgb32,304,956,0.0006223341791950664
rgb32,304,957,0.000615338647154786
rgb32,304,958,0.000611947806261416
rgb32,304,959,0.0006027950714210127
rgb32,304,960,0.0005968779646192407
rgb32,304,961,0.00059424517330741
rgb32,304,962,0.0005921217587983126
rgb32,304,963,0.0005890707932516332
rgb32,304,964,0.0005853087506377478
rgb32,304,965,0.0005809771929388705
rgb32,304,966,0.0005790094302606292
rgb32,304,967,0.0005769001820344545
rgb32,304,968,0.0005718430613010706
rgb32,304,969,0.0005678659358238655
rgb32,304,970,0.0005664865617903794
rgb32,304,971,0.0005607044931721481
rgb32,304,972,0.0005564903133492166
rgb32,304,973,0.0005513896547611809
rgb32,304,974,0.0005493918504111212
rgb32,304,975,0.000544437095682128
rgb32,304,976,0.000540561005363918
rgb32,304,977,0.000537385098461082
rgb32,304,978,0.0005336796568107451
rgb32,304,979,0.0005316086536286338
rgb32,304,980,0.0005279961355762627
rgb32,304,981,0.0005245670813849297
rgb32,304,982,0.0005215346827102069
rgb32,304,983,0.0005183176106650383
rgb32,304,984,0.000515899571636362
rgb32,304,985,0.0005098067096151566
rgb32,304,986,0.0005056054764562177
rgb32,304,987,0.0005035721285915932
rgb32,304,988,0.0005002987712682232
rgb32,304,989,0.0004945291553650365
rgb32,304,990,0.0004929552318155344
rgb32,304,991,0.0004904829583653478
rgb32,304,992,0.0004878222317150585
rgb32,304,993,0.0004854762932378244
rgb32,304,994,0.0004838199244461317
rgb32,304,995,0.0004779897672243059
rgb32,304,996,0.0004758743908729726
rgb32,304,997,0.0004708527561450077
rgb32,304,998,0.00046990511270747357
rgb32,304,999,0.0004688982668416484
rgb32,304,1000,0.0004655072868514491
rgb32,304,1001,0.0004626466967195511
rgb32,304,1002,0.0004578903553581308
rgb32,304,1003,0.00045475945586166884
rgb32,304,1004,0.00045049860280518193
rgb32,304,1005,0.0004489381702148917
rgb32,304,1006,0.0004469118698552849
rgb32,304,1007,0.0004429052073095044
rgb32,304,1008,0.00044145802740363165
rgb32,304,1009,0.0004309736918151033
rgb32,304,1010,0.0004292605769811208
rgb32,304,1011,0.0004249377888144805
rgb32,304,1012,0.0004232346790130249
rgb32,304,1013,0.00042234047258498444
rgb32,304,1014,0.0004190982690728237
rgb32,304,1015,0.0004164755278452656
rgb32,304,1016,0.00041464551406668614
rgb32,304,1017,0.00041215538533689037
rgb32,304,1018,0.00041175177227496216
rgb32,304,1019,0.0004085641146197789
rgb32,304,1020,0.0004034343248039454
rgb32,304,1021,0.0004017654371257774
rgb32,304,1022,0.0004007513133702604
rgb32,304,1023,0.00039668064878331505
rgb32,304,1024,0.00039326818769156797
rgb32,304,1025,0.00039025276904950307
rgb32,304,1026,0.0003860180704454913
rgb32,304,1027,0.00038337315758249957
rgb32,304,1028,0.00037990275862951364
rgb32,304,1029,0.0003778114964267233
rgb32,304,1030,0.00037551938827881686
rgb32,304,1031,0.0003735548597319202
rgb32,304,1032,0.00037006827216567605
rgb32,304,1033,0.0003655038609224485
rgb32,304,1034,0.00036488351635385825
rgb32,304,1035,0.0003594699133766279
rgb32,304,1036,0.0003571334052812493
rgb32,304,1037,0.0003555891677696844
rgb32,304,1038,0.0003523759268248552
rgb32,304,1039,0.00034969884502704574
rgb32,304,1040,0.0003485847672154107
rgb32,304,1041,0.0003478467270528482
rgb32,304,1042,0.00034706695535671484
rgb32,304,1043,0.00034381747931235137
rgb32,304,1044,0.000341261542491787
rgb32,304,1045,0.000338532550207159
rgb32,304,1046,0.00033669778051640764
rgb32,304,1047,0.0003335401617940657
rgb32,304,1048,0.000330617232666234
rgb32,304,1049,0.00032881922811038556
rgb32,304,1050,0.00032784105554247036
rgb32,304,1051,0.0003265927345093822
rgb32,304,1052,0.0003230511598057723
rgb32,304,1053,0.00032071208212162294
rgb32,304,1054,0.000317858107373498
rgb32,304,1055,0.0003153356286342323
rgb32,304,1056,0.00031485920528815146
rgb32,304,1057,0.0003122467782503597
rgb32,304,1058,0.0003102722031312114
rgb32,304,1059,0.0003091169981216586
rgb32,304,1060,0.0003063310057997958
rgb32,304,1061,0.0003033884165784214
rgb32,304,1062,0.00029929019154176554
rgb32,304,1063,0.0002971155725085732
rgb32,304,1064,0.0002955241123516782
rgb32,304,1065,0.00029341066019682
rgb32,304,1066,0.0002900274669677895
rgb32,304,1067,0.0002862624020722122
rgb32,304,1068,0.000284583533164933
rgb32,304,1069,0.0002816140643022018
rgb32,304,1070,0.0002808789970837737
rgb32,304,1071,0.00027985442858480204
rgb32,304,1072,0.00027738615278521364
rgb32,304,1073,0.00027415667077431544
rgb32,304,1074,0.00026991961093720743
rgb32,304,1075,0.0002684906966512352
rgb32,304,1076,0.0002657593769552039
rgb32,304,1077,0.00026508512401727787
rgb32,304,1078,0.00026423586535324385
rgb32,304,1079,0.0002624996273145659
rgb32,304,1080,0.00025914666504612486
rgb32,304,1081,0.0002571663135917998
rgb32,304,1082,0.00025429012728635323
rgb32,304,1083,0.0002530606774402933
rgb32,304,1084,0.00025257382739197836
rgb32,304,1085,0.0002496310932417633
rgb32,304,1086,0.00024786118178618907
rgb32,304,1087,0.0002461958970323988
rgb32,304,1088,0.0002443408066463618
rgb32,304,1089,0.00024316809510632843
rgb32,304,1090,0.00024145074938938278
rgb32,304,1091,0.00023818273059676915
rgb32,304,1092,0.0002374774387399409
rgb32,304,1093,0.00023553947136801688
rgb32,304,1094,0.00023172009401362925
rgb32,304,1095,0.0002273986108821654
rgb32,304,1096,0.00022659154079758293
rgb32,304,1097,0.00022554072356325406
rgb32,304,1098,0.00022339500600760732
rgb32,304,1099,0.00022133891425159664
rgb32,304,1100,0.00021959399816241353
rgb32,304,1101,0.0002170177470265741
rgb32,304,1102,0.00021662738397579023
rgb32,304,1103,0.00021342384072550803
rgb32,304,1104,0.00021153638566553994
rgb32,304,1105,0.00020969472128407946
rgb32,304,1106,0.00020851262047612903
rgb32,304,1107,0.00020592769130784903
rgb32,304,1108,0.00020412887341176707
rgb32,304,1109,0.00020249038069382203
rgb32,304,1110,0.0002010445509102801
rgb32,304,1111,0.00019990430918450476
rgb32,304,1112,0.00019837540357258254
rgb32,304,1113,0.000196258226350651
rgb32,304,1114,0.0001955868026075853
rgb32,304,1115,0.00019276336394601236
rgb32,304,1116,0.00019216001580277877
rgb32,304,1117,0.00019113643599368637
rgb32,304,1118,0.0001896178023680195
rgb32,304,1119,0.00018679147924883767
rgb32,304,1120,0.00018549520763458648
rgb32,304,1121,0.0001831754721122649
rgb32,304,1122,0.00018201910088381964
rgb32,304,1123,0.00017863433199101134
rgb32,304,1124,0.00017720206084514983
rgb32,304,1125,0.00017627629183220782
rgb32,304,1126,0.00017347518539686662
rgb32,304,1127,0.0001733804149529762
rgb32,304,1128,0.00017226725797000078
rgb32,304,1129,0.00017193777986748845
rgb32,304,1130,0.00016833814714711922
rgb32,304,1131,0.00016592276232753022
rgb32,304,1132,0.00016447575935171535
rgb32,304,1133,0.0001627336896994209
rgb32,304,1134,0.00016133994628849936
rgb32,304,1135,0.00016038654560854017
rgb32,304,1136,0.0001580057920012712
rgb32,304,1137,0.00015587887814396634
rgb32,304,1138,0.0001553704841599174
rgb32,304,1139,0.00015459677116051664
rgb32,304,1140,0.00015164347435974744
rgb32,304,1141,0.0001502896389564785
rgb32,304,1142,0.00014751391432632594
rgb32,304,1143,0.00014714981738796426
rgb32,304,1144,0.0001456288031315672
rgb32,304,1145,0.00014402285914128844
rgb32,304,1146,0.00014322998510672163
rgb32,304,1147,0.00014117850781813622
rgb32,304,1148,0.00013924754865667646
rgb32,304,1149,0.00013887963121600962
rgb32,304,1150,0.00013781443178086632
rgb32,304,1151,0.00013444315420683538
rgb32,304,1152,0.0001331441587704155
rgb32,304,1153,0.00013171866912669583
rgb32,304,1154,0.0001305275792295293
rgb32,304,1155,0.00012887613125674697
rgb32,304,1156,0.00012747310350777642
rgb32,304,1157,0.00012493334316383473
rgb32,304,1158,0.00012370707151231197
rgb32,304,1159,0.0001214478676807573
rgb32,304,1160,0.00012078525452678079
rgb32,304,1161,0.00012005568417256275
rgb32,304,1162,0.00011878857412753013
rgb32,304,1163,0.00011552804511801822
rgb32,304,1164,0.00011491985108519467
rgb32,304,1165,0.00011410098392513974
rgb32,304,1166,0.00011243790978859539
rgb32,304,1167,0.0001113267584260496
rgb32,304,1168,0.00010998367913009487
rgb32,304,1169,0.00010740611546433927
rgb32,304,1170,0.00010704287582849183
rgb32,304,1171,0.00010622433891577329
rgb32,304,1172,0.00010453682003263212
rgb32,304,1173,0.00010291841779050734
rgb32,304,1174,0.00010167305609552296
rgb32,304,1175,0.0001004639050901275
rgb32,304,1176,9.969709958746187e-05
rgb32,304,1177,9.895489170943406e-05
rgb32,304,1178,9.727741394324071e-05
rgb32,304,1179,9.465738482316639e-05
rgb32,304,1180,9.260290117457511e-05
rgb32,304,1181,9.140881816694242e-05
rgb32,304,1182,9.000686865499402e-05
rgb32,304,1183,8.972594912008548e-05
rgb32,304,1184,8.845223456481779e-05
rgb32,304,1185,8.61161718601793e-05
rgb32,304,1186,8.368953031424267e-05
rgb32,304,1187,8.011342756152068e-05
rgb32,304,1188,7.850533798659881e-05
rgb32,304,1189,7.70420781834784e-05
rgb32,304,1190,7.564596899771915e-05
rgb32,304,1191,7.405072341644656e-05
rgb32,304,1192,7.140591204042793e-05
rgb32,304,1193,6.816353454860256e-05
rgb32,304,1194,6.596910697167661e-05
rgb32,304,1195,6.34744785911005e-05
rgb32,304,1196,5.863483194740603e-05
rgb32,304,1197,5.489133724024158e-05
rgb32,304,1198,5.273837164596384e-05
rgb32,304,1199,4.535565876500934e-05
rgb32,304,1200,2.2686918596297044e-30
avg16,304,1,13.904062549956214
avg16,304,2,5.339049982074585
avg16,304,3,3.2584043429680203
avg16,304,4,1.8303326518229763
avg16,304,5,1.6322467835869394
avg16,304,6,1.3992973576530925
avg16,304,7,1.154664389330978
avg16,304,8,1.0628185179225675
avg16,304,9,0.8354251688257437
avg16,304,10,0.7060557657394485
avg16,304,11,0.5710809873253602
avg16,304,12,0.5028445634917752
avg16,304,13,0.48185613090500234
avg16,304,14,0.4432504420949153
avg16,304,15,0.4104345622611025
avg16,304,16,0.38485795234884534
avg16,304,17,0.3685089534098833
avg16,304,18,0.3371554443434356
avg16,304,19,0.3094097730272561
avg16,304,20,0.30372485260501086
avg16,304,21,0.2868094881275764
avg16,304,22,0.25794502703534644
avg16,304,23,0.24340535082321152
avg16,304,24,0.23735917809549095
avg16,304,25,0.22109222687898858
avg16,304,26,0.21489463627545616
avg16,304,27,0.19380968485317354
avg16,304,28,0.18989900418325004
avg16,304,29,0.1771732726447233
avg16,304,30,0.167762478169598
avg16,304,31,0.16542712194166123
avg16,304,32,0.15683484360277244
avg16,304,33,0.14674691834642295
avg16,304,34,0.13865851281588867
avg16,304,35,0.13585270813784217
avg16,304,36,0.13364745029392874
avg16,304,37,0.12136453505623834
avg16,304,38,0.11643628797137193
avg16,304,39,0.1158040565421495
avg16,304,40,0.1085304009103285
avg16,304,41,0.1072243817057857
avg16,304,42,0.10583613703648032
avg16,304,43,0.10084713121506103
avg16,304,44,0.09825322979570651
avg16,304,45,0.09311760643638142
avg16,304,46,0.0899875719849577
avg16,304,47,0.08549032755894181
avg16,304,48,0.08336530048041577
avg16,304,49,0.08319708106282483
avg16,304,50,0.0805669433812586
avg16,304,51,0.07757753317965829
avg16,304,52,0.07616002768409484
avg16,304,53,0.0748209490154072
avg16,304,54,0.07174420334232277
avg16,304,55,0.07025630731708792
avg16,304,56,0.06941407397075094
avg16,304,57,0.06633659823938949
avg16,304,58,0.06540828644085347
avg16,304,59,0.06360302392369352
avg16,304,60,0.06218458760528182
avg16,304,61,0.061462130679206875
avg16,304,62,0.06009617229858719
avg16,304,63,0.05920361122269515
avg16,304,64,0.056856578157167714
avg16,304,65,0.055398874500669194
avg16,304,66,0.05427218954778453
avg16,304,67,0.05363127027397928
avg16,304,68,0.052580709782884524
avg16,304,69,0.05118287010800902
avg16,304,70,0.04974571528871916
avg16,304,71,0.04893647123205688
avg16,304,72,0.048543878184891684
avg16,304,73,0.046376449201642855
avg16,304,74,0.04609899056166422
avg16,304,75,0.04552248593636295
avg16,304,76,0.04531255840627409
avg16,304,77,0.04351081975217473
avg16,304,78,0.041844171098629555
avg16,304,79,0.0412325906445862
avg16,304,80,0.040509449872790884
avg16,304,81,0.03897680013396705
avg16,304,82,0.0384137279887163
avg16,304,83,0.03799529445449875
avg16,304,84,0.0375136594275712
avg16,304,85,0.036599783649523925
avg16,304,86,0.03583543573536012
avg16,304,87,0.035194594891270435
avg16,304,88,0.0348157236505203
avg16,304,89,0.034189878655725515
avg16,304,90,0.033865457901807804
avg16,304,91,0.033521047883350065
avg16,304,92,0.033178237293926
avg16,304,93,0.03220562028500572
avg16,304,94,0.031850846317436766
avg16,304,95,0.031164341478368378
avg16,304,96,0.030617134638269167
avg16,304,97,0.03017277441080221
avg16,304,98,0.029297157944816733
avg16,304,99,0.029103012259958524
avg16,304,100,0.028495327488157945
avg16,304,101,0.028163014733423437
avg16,304,102,0.02753960126277344
avg16,304,103,0.027069493151528696
avg16,304,104,0.02679433650594444
avg16,304,105,0.02661626935231921
avg16,304,106,0.02624392276388666
avg16,304,107,0.025756382879029156
avg16,304,108,0.025237158825641433
avg16,304,109,0.025038487626463598
avg16,304,110,0.02480178434800483
avg16,304,111,0.024355489337512543
avg16,304,112,0.02407007650794048
avg16,304,113,0.023708631156130207
avg16,304,114,0.023600716294341927
avg16,304,115,0.023198339955404407
avg16,304,116,0.0226708330530341
avg16,304,117,0.022432073213718467
avg16,304,118,0.022257203924744617
avg16,304,119,0.021919445555017198
avg16,304,120,0.02162495341549107
avg16,304,121,0.02137449579054765
avg16,304,122,0.02112572200667122
avg16,304,123,0.020950612366362416
avg16,304,124,0.020426013166986494
avg16,304,125,0.020061037408553205
avg16,304,126,0.01990085120318307
avg16,304,127,0.019768638829627653
avg16,304,128,0.019696718033232898
avg16,304,129,0.01954780749968225
avg16,304,130,0.018885009099862366
avg16,304,131,0.018812156027937593
avg16,304,132,0.01844685780193065
avg16,304,133,0.01838337965337072
avg16,304,134,0.018021489248992776
avg16,304,135,0.01783355306828918
avg16,304,136,0.017483498533805698
avg16,304,137,0.017219516428771543
avg16,304,138,0.01706339116541784
avg16,304,139,0.01668489332572107
avg16,304,140,0.016518286094581017
avg16,304,141,0.016115190914027883
avg16,304,142,0.01602958737535533
avg16,304,143,0.01594576328599975
avg16,304,144,0.01585902025662598
avg16,304,145,0.015759126200972154
avg16,304,146,0.01534579758035224
avg16,304,147,0.015104695501470882
avg16,304,148,0.014958464772035314
avg16,304,149,0.014785735186702948
avg16,304,150,0.014498585334172281
avg16,304,151,0.01419030744766559
avg16,304,152,0.01409278417532675
avg16,304,153,0.013936416094657343
avg16,304,154,0.013811331776007213
avg16,304,155,0.013569210051458098
avg16,304,156,0.013518776783637042
avg16,304,157,0.013380747257852025
avg16,304,158,0.013150567142169323
avg16,304,159,0.013120857689717127
avg16,304,160,0.012928680478000543
avg16,304,161,0.012763994237359638
avg16,304,162,0.012612944209335541
avg16,304,163,0.012459813058795711
avg16,304,164,0.012235595569196499
avg16,304,165,0.01210884087796175
avg16,304,166,0.012040335507941738
avg16,304,167,0.011899626922500909
avg16,304,168,0.011773818616895177
avg16,304,169,0.011738404249895276
avg16,304,170,0.011550259041856015
avg16,304,171,0.011209473228959299
avg16,304,172,0.011112718633261099
avg16,304,173,0.011055977965703241
avg16,304,174,0.010994440247883593
avg16,304,175,0.010850114696256088
avg16,304,176,0.010691754527285676
avg16,304,177,0.010635215365034372
avg16,304,178,0.010532996757125485
avg16,304,179,0.010291610452281292
avg16,304,180,0.010119304893101482
avg16,304,181,0.010050893919556346
avg16,304,182,0.009963506339088997
avg16,304,183,0.009826235482317154
avg16,304,184,0.009760714568034366
avg16,304,185,0.00955976831449875
avg16,304,186,0.009430151850872748
avg16,304,187,0.009369282957628644
avg16,304,188,0.009198640597417953
avg16,304,189,0.009097304902960205
avg16,304,190,0.009007327075792113
avg16,304,191,0.008885351461131128
avg16,304,192,0.008873326760346393
avg16,304,193,0.008793473997322112
avg16,304,194,0.008652105678625928
avg16,304,195,0.008600642249793356
avg16,304,196,0.008453706209704197
avg16,304,197,0.008320881375309902
avg16,304,198,0.008177292049858642
avg16,304,199,0.008077833716958763
avg16,304,200,0.008024579728833501
avg16,304,201,0.00786513070906232
avg16,304,202,0.007810579071281773
avg16,304,203,0.007741327187681692
avg16,304,204,0.007698889781376715
avg16,304,205,0.007618788804349361
avg16,304,206,0.007593438817744584
avg16,304,207,0.0075252106697882605
avg16,304,208,0.007418052499498047
avg16,304,209,0.007301003225942305
avg16,304,210,0.007196786197156188
avg16,304,211,0.007125482662108323
avg16,304,212,0.007039928710211629
avg16,304,213,0.006896526953715378
avg16,304,214,0.006881607672974704
avg16,304,215,0.006829023866004915
avg16,304,216,0.00675636825189953
avg16,304,217,0.006613463594685504
avg16,304,218,0.006580324341112249
avg16,304,219,0.0064529706746659105
avg16,304,220,0.006384124703544443
avg16,304,221,0.0063042866545985395
avg16,304,222,0.0062463035861095905
avg16,304,223,0.006212674565617245
avg16,304,224,0.006160615134711906
avg16,304,225,0.006049769853855891
avg16,304,226,0.005945814480273627
avg16,304,227,0.005933784107433995
avg16,304,228,0.005802228622156821
avg16,304,229,0.005628232615765007
avg16,304,230,0.005587888903091022
avg16,304,231,0.0055488573823111245
avg16,304,232,0.005484244798724956
avg16,304,233,0.005416659737450569
avg16,304,234,0.005355739011404803
avg16,304,235,0.005323313459195892
avg16,304,236,0.005280226116733199
avg16,304,237,0.005190866922570723
avg16,304,238,0.005136246779810542
avg16,304,239,0.005105567973307083
avg16,304,240,0.005010003363064133
avg16,304,241,0.004947710137242918
avg16,304,242,0.00486476226882042
avg16,304,243,0.004849206320455661
avg16,304,244,0.004803423802653049
avg16,304,245,0.00470751606642849
avg16,304,246,0.004684589645111139
avg16,304,247,0.004604357664533586
avg16,304,248,0.0045881758620459736
avg16,304,249,0.004504899263032972
avg16,304,250,0.004476272918112576
avg16,304,251,0.00443038689781465
avg16,304,252,0.0044014343493302835
avg16,304,253,0.004355740366111094
avg16,304,254,0.004329789490447376
avg16,304,255,0.004234772215511777
avg16,304,256,0.0041408561433678125
avg16,304,257,0.004098185122440316
avg16,304,258,0.00407667412585166
avg16,304,259,0.0040285432484305495
avg16,304,260,0.004010445677297312
avg16,304,261,0.003930554671144557
avg16,304,262,0.0038731057820656045
avg16,304,263,0.0038609476820944334
avg16,304,264,0.0038352797055684596
avg16,304,265,0.0037865796743253815
avg16,304,266,0.0037816561627744046
avg16,304,267,0.0037375489324693897
avg16,304,268,0.003608520097404395
avg16,304,269,0.003591735144260261
avg16,304,270,0.003582554772034296
avg16,304,271,0.003503607614679246
avg16,304,272,0.0034751803033859566
avg16,304,273,0.0034275507916467843
avg16,304,274,0.003406444722500173
avg16,304,275,0.00334927007466957
avg16,304,276,0.0033405243425075446
avg16,304,277,0.003314951608617143
avg16,304,278,0.0032853113352125578
avg16,304,279,0.0032418239580868768
avg16,304,280,0.003185132637772406
avg16,304,281,0.003167720829814449
avg16,304,282,0.003095762241753281
avg16,304,283,0.0030795724876990006
avg16,304,284,0.0030372277568044503
avg16,304,285,0.003018593609639333
avg16,304,286,0.0029728376899869247
avg16,304,287,0.0029370776172809522
avg16,304,288,0.0029103194389566035
avg16,304,289,0.0028778052848427538
avg16,304,290,0.002834940672812243
avg16,304,291,0.0028178833963250372
avg16,304,292,0.002811016051150473
avg16,304,293,0.0027684678728391266
avg16,304,294,0.0027393376206980694
avg16,304,295,0.0026773232457941963
avg16,304,296,0.002667816158699247
avg16,304,297,0.002638643819296917
avg16,304,298,0.002623959308999448
avg16,304,299,0.0026010291236649406
avg16,304,300,0.002557742612411843
avg16,304,301,0.002514417064437878
avg16,304,302,0.002464754229794602
avg16,304,303,0.0024543241972986565
avg16,304,304,0.0024412068668318277
avg16,304,305,0.0024071990568557177
avg16,304,306,0.0023521603955650675
avg16,304,307,0.002338934900555857
avg16,304,308,0.0023043243389593965
avg16,304,309,0.002284131686912581
avg16,304,310,0.0022571807978932403
avg16,304,311,0.002223218310607347
avg16,304,312,0.0021930853724407267
avg16,304,313,0.0021561517411802667
avg16,304,314,0.0021392271948731745
avg16,304,315,0.002114514046181973
avg16,304,316,0.002081961178438331
avg16,304,317,0.002058620209460226
avg16,304,318,0.002052215584407913
avg16,304,319,0.0020315503827156526
avg16,304,320,0.0019873374680356107
avg16,304,321,0.0019823505468147622
avg16,304,322,0.001959719727945223
avg16,304,323,0.001935789709267239
avg16,304,324,0.0019245871339490241
avg16,304,325,0.0018820485347225743
avg16,304,326,0.0018682334152408885
avg16,304,327,0.0018445371511304277
avg16,304,328,0.0018256850775530407
avg16,304,329,0.0017965389377835918
avg16,304,330,0.0017726078565278454
avg16,304,331,0.0017429673499443803
avg16,304,332,0.0017242788716063616
avg16,304,333,0.0017050367808390467
avg16,304,334,0.0016967045929305688
avg16,304,335,0.0016687282647710403
avg16,304,336,0.0016355974877722745
avg16,304,337,0.0016014201658029266
avg16,304,338,0.0015667439509369707
avg16,304,339,0.0015573611725626857
avg16,304,340,0.0015348106240855907
avg16,304,341,0.0014983105816359864
avg16,304,342,0.0014970626120471523
avg16,304,343,0.001473560326535719
avg16,304,344,0.0014689619153292533
avg16,304,345,0.0014393441093939923
avg16,304,346,0.0014319541729822505
avg16,304,347,0.0014255032744744556
avg16,304,348,0.0014011657276949082
avg16,304,349,0.0013884719108268732
avg16,304,350,0.0013641525597282466
avg16,304,351,0.0013407437275157986
avg16,304,352,0.0013103549747854697
avg16,304,353,0.001296466781543061
avg16,304,354,0.0012738300257654491
avg16,304,355,0.0012572656239444454
avg16,304,356,0.0012438432265541094
avg16,304,357,0.0012283316174481072
avg16,304,358,0.0012200802969012544
avg16,304,359,0.0011938123294853572
avg16,304,360,0.0011920421044302543
avg16,304,361,0.0011670980160072896
avg16,304,362,0.0011398433948183483
avg16,304,363,0.0011271319161378517
avg16,304,364,0.0011060765793775569
avg16,304,365,0.0010974584272006643
avg16,304,366,0.0010820715313004045
avg16,304,367,0.001050770325825134
avg16,304,368,0.0010460030148607333
avg16,304,369,0.001038803948858229
avg16,304,370,0.001023070810103656
avg16,304,371,0.0010163921259540739
avg16,304,372,0.0009878121031551743
avg16,304,373,0.0009708566815287738
avg16,304,374,0.0009590984366958494
avg16,304,375,0.0009498323457081943
avg16,304,376,0.0009414650070573189
avg16,304,377,0.0009276433410176502
avg16,304,378,0.000919213377253492
avg16,304,379,0.0009114920252847327
avg16,304,380,0.0009027517408242615
avg16,304,381,0.0008921328087780411
avg16,304,382,0.00088037936523098
avg16,304,383,0.0008758729562274587
avg16,304,384,0.0008670937259306505
avg16,304,385,0.0008622761217890281
avg16,304,386,0.0008334047333199669
avg16,304,387,0.0008251176964999708
avg16,304,388,0.0008044978033736726
avg16,304,389,0.0007993225370639149
avg16,304,390,0.0007951818018934747
avg16,304,391,0.0007848463724223835
avg16,304,392,0.0007761917161264738
avg16,304,393,0.0007734253818285219
avg16,304,394,0.0007535788495016248
avg16,304,395,0.0007439256232715754
avg16,304,396,0.000725339732946574
avg16,304,397,0.0007185809850483629
avg16,304,398,0.0007116523977404134
avg16,304,399,0.0007018033063144837
avg16,304,400,0.000693653266661291
avg16,304,401,0.000692307139267129
avg16,304,402,0.0006859666485394472
avg16,304,403,0.0006743290854754496
avg16,304,404,0.0006669589599846477
avg16,304,405,0.0006520754368877459
avg16,304,406,0.0006366719599429544
avg16,304,407,0.0006309203354432343
avg16,304,408,0.0006279757460117623
avg16,304,409,0.0006230468721008396
avg16,304,410,0.0006202885285553039
avg16,304,411,0.0006118775385790684
avg16,304,412,0.0006080236641799027
avg16,304,413,0.0005951019311386635
avg16,304,414,0.000589954153710111
avg16,304,415,0.0005818951835247299
avg16,304,416,0.0005754315556448144
avg16,304,417,0.0005592217157938589
avg16,304,418,0.0005515065489467818
avg16,304,419,0.000546314246230362
avg16,304,420,0.0005333513487223738
avg16,304,421,0.0005314984245641587
avg16,304,422,0.0005268115684677563
avg16,304,423,0.0005215069858872185
avg16,304,424,0.000517549411724072
avg16,304,425,0.00050394029584219
avg16,304,426,0.000499580745907683
avg16,304,427,0.0004910582801430765
avg16,304,428,0.000489557614011699
avg16,304,429,0.0004826170154052489
avg16,304,430,0.00047888491137085493
avg16,304,431,0.00047628357080470557
avg16,304,432,0.00046686871225547373
avg16,304,433,0.0004636312830843937
avg16,304,434,0.00045729532541580257
avg16,304,435,0.00045288485660458145
avg16,304,436,0.0004438099887939587
avg16,304,437,0.00044147827174825967
avg16,304,438,0.00043604611658456887
avg16,304,439,0.0004355763374560872
avg16,304,440,0.0004249258696996391
avg16,304,441,0.00041408333125114407
avg16,304,442,0.0004113026804003559
avg16,304,443,0.0004060281828360953
avg16,304,444,0.0003994389879323532
avg16,304,445,0.00039604570892559404
avg16,304,446,0.0003903220090400051
avg16,304,447,0.00038610307926133773
avg16,304,448,0.0003835210238477357
avg16,304,449,0.000380039466969883
avg16,304,450,0.00037152112696447044
avg16,304,451,0.0003690239077840002
avg16,304,452,0.0003640733494939571
avg16,304,453,0.00035963025075751994
avg16,304,454,0.0003573253942454552
avg16,304,455,0.0003553692005875233
avg16,304,456,0.00035392299882659506
avg16,304,457,0.00034640616378028366
avg16,304,458,0.000342907278790189
avg16,304,459,0.0003377087736009092
avg16,304,460,0.00032953371164613066
avg16,304,461,0.00032928305734044265
avg16,304,462,0.0003264880565693652
avg16,304,463,0.00032051635230560084
avg16,304,464,0.0003167952590713118
avg16,304,465,0.00031310785718398343
avg16,304,466,0.0003095625860616456
avg16,304,467,0.0003026251755385414
avg16,304,468,0.0002979532036689633
avg16,304,469,0.0002959098915811092
avg16,304,470,0.0002932383896094539
avg16,304,471,0.00029148177930155933
avg16,304,472,0.0002904054521914377
avg16,304,473,0.0002881742531611462
avg16,304,474,0.00028522569978090527
avg16,304,475,0.0002819757786653417
avg16,304,476,0.00027524361366710833
avg16,304,477,0.00027317388496601945
avg16,304,478,0.00027122261924398687
avg16,304,479,0.0002687793954264891
avg16,304,480,0.00026215870660582005
avg16,304,481,0.0002599046052885046
avg16,304,482,0.00025945603715491546
avg16,304,483,0.00025443624310252956
avg16,304,484,0.00025116326678598463
avg16,304,485,0.00024815475415404937
avg16,304,486,0.0002451236550805799
avg16,304,487,0.00024100941601365295
avg16,304,488,0.00023791431122804758
avg16,304,489,0.00023588675479180288
avg16,304,490,0.0002335510979398649
avg16,304,491,0.00023179601754031638
avg16,304,492,0.000228959254565902
avg16,304,493,0.000224904489648939
avg16,304,494,0.00022397037543262494
avg16,304,495,0.0002230668395625511
avg16,304,496,0.0002227556703708812
avg16,304,497,0.00022168990498089812
avg16,304,498,0.00021777260834487797
avg16,304,499,0.00021276595164091387
avg16,304,500,0.00021061299337316503
avg16,304,501,0.00020978918200811934
avg16,304,502,0.00020835112052005884
avg16,304,503,0.00020671600219705581
avg16,304,504,0.00020437439962080612
avg16,304,505,0.0002010943099819883
avg16,304,506,0.00019905575955741505
avg16,304,507,0.00019569868573670194
avg16,304,508,0.00019318022132146166
avg16,304,509,0.00019129684653296678
avg16,304,510,0.00018990515007818372
avg16,304,511,0.0001862788607539464
avg16,304,512,0.00018515805396338345
avg16,304,513,0.00018298642193669587
avg16,304,514,0.000180785842501209
avg16,304,515,0.00017807812419510757
avg16,304,516,0.00017733751873545535
avg16,304,517,0.00017498873218645526
avg16,304,518,0.00017368836266690632
avg16,304,519,0.0001705138001203988
avg16,304,520,0.00016951526329761385
avg16,304,521,0.00016715413824461018
avg16,304,522,0.00016308183771754174
avg16,304,523,0.0001610716182546087
avg16,304,524,0.00015787869806602596
avg16,304,525,0.00015752015419857922
avg16,304,526,0.00015362731370606076
avg16,304,527,0.0001516696922781319
avg16,304,528,0.00014993066949969304
avg16,304,529,0.00014904612945957772
avg16,304,530,0.00014742171680349922
avg16,304,531,0.000146795738626366
avg16,304,532,0.00014488531988834035
avg16,304,533,0.00014317673600367268
avg16,304,534,0.00014252212619403568
avg16,304,535,0.00014082643884277295
avg16,304,536,0.0001390666580707296
avg16,304,537,0.0001377916340229117
avg16,304,538,0.00013599784550362296
avg16,304,539,0.00013471722181148969
avg16,304,540,0.0001318041505323895
avg16,304,541,0.00013077525904970095
avg16,304,542,0.0001294165022738304
avg16,304,543,0.00012865106132400826
avg16,304,544,0.0001270311983650453
avg16,304,545,0.00012677462959221798
avg16,304,546,0.00012459021635516466
avg16,304,547,0.00012363950264160012
avg16,304,548,0.00012141036207225681
avg16,304,549,0.00011880951014355416
avg16,304,550,0.00011838989454934558
avg16,304,551,0.00011764044167312217
avg16,304,552,0.00011548541170677213
avg16,304,553,0.00011452527796630916
avg16,304,554,0.00011375603217224035
avg16,304,555,0.00011252261959943987
avg16,304,556,0.00011062145980954505
avg16,304,557,0.0001096549742313067
avg16,304,558,0.00010802804334878397
avg16,304,559,0.0001077004048548196
avg16,304,560,0.00010612097309479297
avg16,304,561,0.00010486883005611039
avg16,304,562,0.00010409069530969539
avg16,304,563,0.0001024584808212326
avg16,304,564,0.00010155797317756583
avg16,304,565,0.00010116090640149241
avg16,304,566,9.975886527869246e-05
avg16,304,567,9.796970127669773e-05
avg16,304,568,9.667920169247887e-05
avg16,304,569,9.569217163287232e-05
avg16,304,570,9.47493057981151e-05
avg16,304,571,9.384843075528242e-05
avg16,304,572,9.347834901192768e-05
avg16,304,573,9.224416247059505e-05
avg16,304,574,9.116505324621154e-05
avg16,304,575,9.084084561597387e-05
avg16,304,576,8.912167754525768e-05
avg16,304,577,8.778305664295775e-05
avg16,304,578,8.52415116144184e-05
avg16,304,579,8.368948353647294e-05
avg16,304,580,8.339006678206658e-05
avg16,304,581,8.252268330455855e-05
avg16,304,582,8.174442536608155e-05
avg16,304,583,8.10878668429028e-05
avg16,304,584,8.015365280221006e-05
avg16,304,585,8.000430911493595e-05
avg16,304,586,7.86548437555904e-05
avg16,304,587,7.817474768761165e-05
avg16,304,588,7.64799564984536e-05
avg16,304,589,7.546396533283334e-05
avg16,304,590,7.507485758556149e-05
avg16,304,591,7.355116388584763e-05
avg16,304,592,7.30009260288737e-05
avg16,304,593,7.24726320471966e-05
avg16,304,594,7.184606340432488e-05
avg16,304,595,7.098751056097732e-05
avg16,304,596,7.058994288585202e-05
avg16,304,597,7.023220438509403e-05
avg16,304,598,6.895727802817513e-05
avg16,304,599,6.791362142534892e-05
avg16,304,600,6.65177221651971e-05
avg16,304,601,6.578856136627577e-05
avg16,304,602,6.500502877662772e-05
avg16,304,603,6.352131339908975e-05
avg16,304,604,6.28988759739461e-05
avg16,304,605,6.23910766442033e-05
avg16,304,606,6.160424533099214e-05
avg16,304,607,6.102744557400196e-05
avg16,304,608,6.0702221517390744e-05
avg16,304,609,5.967450784089299e-05
avg16,304,610,5.939929947813368e-05
avg16,304,611,5.809580131607368e-05
avg16,304,612,5.746308015019084e-05
avg16,304,613,5.6938645986484644e-05
avg16,304,614,5.682938374385142e-05
avg16,304,615,5.647704353486601e-05
avg16,304,616,5.488934907363969e-05
avg16,304,617,5.409974755781242e-05
avg16,304,618,5.391634255680062e-05
avg16,304,619,5.2948162167246423e-05
avg16,304,620,5.19585894554828e-05
avg16,304,621,5.112818968063441e-05
avg16,304,622,5.054987698883882e-05
avg16,304,623,5.031623643113493e-05
avg16,304,624,5.0228264739225565e-05
avg16,304,625,4.936182892406948e-05
avg16,304,626,4.8906717018236217e-05
avg16,304,627,4.820376673022503e-05
avg16,304,628,4.7782859512268194e-05
avg16,304,629,4.745101018794216e-05
avg16,304,630,4.624835130463698e-05
avg16,304,631,4.5553610733932674e-05
avg16,304,632,4.529436598972636e-05
avg16,304,633,4.492540590523796e-05
avg16,304,634,4.383706593391012e-05
avg16,304,635,4.369470044027767e-05
avg16,304,636,4.2757893186238795e-05
avg16,304,637,4.2219782380087125e-05
avg16,304,638,4.210632827513015e-05
avg16,304,639,4.136021669513681e-05
avg16,304,640,4.043874136242007e-05
avg16,304,641,4.0158477787447644e-05
avg16,304,642,3.952223017255566e-05
avg16,304,643,3.945456391254027e-05
avg16,304,644,3.845796456631082e-05
avg16,304,645,3.795487305980353e-05
avg16,304,646,3.752317209582988e-05
avg16,304,647,3.665694731730623e-05
avg16,304,648,3.6113807293750645e-05
avg16,304,649,3.565645980689822e-05
avg16,304,650,3.546732383300224e-05
avg16,304,651,3.4879716825928194e-05
avg16,304,652,3.428196636953205e-05
avg16,304,653,3.4106578407083116e-05
avg16,304,654,3.380476883004619e-05
avg16,304,655,3.299816816867894e-05
avg16,304,656,3.263609955973473e-05
avg16,304,657,3.2142529086685445e-05
avg16,304,658,3.176976095027626e-05
avg16,304,659,3.166358269296093e-05
avg16,304,660,3.0659371673074756e-05
avg16,304,661,3.0578302673810966e-05
avg16,304,662,2.9823297858786632e-05
avg16,304,663,2.957642576499278e-05
avg16,304,664,2.9039202974262822e-05
avg16,304,665,2.8644604700997096e-05
avg16,304,666,2.819121090924914e-05
avg16,304,667,2.7963337554094942e-05
avg16,304,668,2.7722463061473717e-05
avg16,304,669,2.7509581331382348e-05
avg16,304,670,2.6957052205096572e-05
avg16,304,671,2.6473681091471517e-05
avg16,304,672,2.6242768972981286e-05
avg16,304,673,2.571378718458221e-05
avg16,304,674,2.5354009290800122e-05
avg16,304,675,2.529896842611199e-05
avg16,304,676,2.513790111075878e-05
avg16,304,677,2.4837261775355915e-05
avg16,304,678,2.3909332358761112e-05
avg16,304,679,2.3745409854879694e-05
avg16,304,680,2.3436674541748237e-05
avg16,304,681,2.289122976789964e-05
avg16,304,682,2.2374751124467897e-05
avg16,304,683,2.226845187240729e-05
avg16,304,684,2.1897559307101488e-05
avg16,304,685,2.1877420131854488e-05
avg16,304,686,2.1540724829083958e-05
avg16,304,687,2.1260066779238396e-05
avg16,304,688,2.0856522515529767e-05
avg16,304,689,2.070004265450572e-05
avg16,304,690,2.0551901997053404e-05
avg16,304,691,2.0162752137641656e-05
avg16,304,692,1.969738217883712e-05
avg16,304,693,1.9353747093536333e-05
avg16,304,694,1.9033414111547752e-05
avg16,304,695,1.8413554509516417e-05
avg16,304,696,1.8096594538469333e-05
avg16,304,697,1.7933877982419727e-05
avg16,304,698,1.7646423220151514e-05
avg16,304,699,1.740903581653086e-05
avg16,304,700,1.738029385971329e-05
avg16,304,701,1.7009691801176108e-05
avg16,304,702,1.6692381476642452e-05
avg16,304,703,1.637733607332482e-05
avg16,304,704,1.614605635500767e-05
avg16,304,705,1.59701887376948e-05
avg16,304,706,1.5660048840947907e-05
avg16,304,707,1.5312205616344364e-05
avg16,304,708,1.5083795114522735e-05
avg16,304,709,1.4892158053053757e-05
avg16,304,710,1.4568091019580243e-05
avg16,304,711,1.4230187130064927e-05
avg16,304,712,1.4075849056670787e-05
avg16,304,713,1.3941156565079133e-05
avg16,304,714,1.3596790551305654e-05
avg16,304,715,1.301461244246377e-05
avg16,304,716,1.2853653132367665e-05
avg16,304,717,1.2850580448068747e-05
avg16,304,718,1.2389140210880888e-05
avg16,304,719,1.2230321628170538e-05
avg16,304,720,1.2126531283307155e-05
avg16,304,721,1.1837956925999077e-05
avg16,304,722,1.157120406847555e-05
avg16,304,723,1.1259387409885539e-05
avg16,304,724,1.1064718554291513e-05
avg16,304,725,1.10178405984242e-05
avg16,304,726,1.0857873799462197e-05
avg16,304,727,1.0628646641032394e-05
avg16,304,728,1.0457656534970947e-05
avg16,304,729,1.0105365177045894e-05
avg16,304,730,9.94321256199218e-06
avg16,304,731,9.80608661530188e-06
avg16,304,732,9.561150667497252e-06
avg16,304,733,9.516445586519029e-06
avg16,304,734,9.431757512386736e-06
avg16,304,735,9.176552126251953e-06
avg16,304,736,8.85205087382539e-06
avg16,304,737,8.756976038484095e-06
avg16,304,738,8.395575192554658e-06
avg16,304,739,8.328383463921953e-06
avg16,304,740,8.175984979489056e-06
avg16,304,741,7.91503848627958e-06
avg16,304,742,7.729365309237757e-06
avg16,304,743,7.393717218591364e-06
avg16,304,744,7.297903589564656e-06
avg16,304,745,7.245268480065727e-06
avg16,304,746,6.938747285282203e-06
avg16,304,747,6.568818388596447e-06
avg16,304,748,6.4053392492668745e-06
avg16,304,749,6.243953370659366e-06
avg16,304,750,6.174378944748279e-06
avg16,304,751,5.938639025464381e-06
avg16,304,752,5.621666312112041e-06
avg16,304,753,5.502280222204156e-06
avg16,304,754,5.474478493137086e-06
avg16,304,755,5.092609447983799e-06
avg16,304,756,5.069152469204411e-06
avg16,304,757,4.899708739937858e-06
avg16,304,758,4.634919201871476e-06
avg16,304,759,4.553194502581948e-06
avg16,304,760,4.510231582492461e-06
avg16,304,761,4.195887726433622e-06
avg16,304,762,3.895698539759301e-06
avg16,304,763,3.7282238897507006e-06
avg16,304,764,3.526233027320534e-06
avg16,304,765,3.2230243999332046e-06
avg16,304,766,3.1212927546718604e-06
avg16,304,767,2.9996619336942457e-06
avg16,304,768,2.7623567398892045e-06
