arm,iv,seed,group,step,actual,W,b,star,alignment,history,data,l2,positive,negative,history_W,history_b,data_W,data_b,l2_W,l2_b,sgd_data,sgd_l2,sgd_mean,sgd_cov,pre_history,pre_history_W,pre_history_b,within_history,rounding,gate_mean,gate_rms,upstream_rms,local_delta_rms,positive_fraction,gW_norm,gb,opposed_fraction,W_down_mass,W_up_mass,b_down_mass,b_up_mass,data_down_mass,data_up_mass,history_down_mass,history_up_mass,l2_down_mass,l2_up_mass,pre_history_down_mass,pre_history_up_mass,within_history_down_mass,within_history_up_mass,bias_down_share
SNA,none,0,ALL,20,-0.13530400921686433,-0.1343973032194947,-0.0009067059973695952,-0.04933545955964794,-0.08596854965721637,-0.11381211192770006,-0.021491896170412212,0.0,-0.0549669716381951,0.0334750754594137,-0.11305549140968274,-0.0007566205180173023,-0.021341810374153992,-0.0001500857962582204,0.0,0.0,-0.0012933203624244556,0.0,-0.0010181843681455415,-0.00027513593434151635,0.0019282165013178917,0.0018751895794610603,5.3026921856831665e-05,-0.11574032842901796,-1.1187520356371755e-09,0.7281921386718749,0.9275839956183183,0.070081349924991,0.06440407702797336,0.2832236842105264,0.15160480750234503,-0.0011641229424429566,0.3447631578947368,0.43806840369340333,0.3036711004739086,0.0037840972906499366,0.0028773912932803414,0.0613143460843156,0.0398224499139034,0.38322618667286595,0.269414074745166,0.0,0.0,0.018513733550201306,0.0204419500515192,0.3841283093676693,0.26838798093865124,0.008564164019038804
SNA,none,0,ALL,50,-0.16559269655303968,-0.1648583011978452,-0.0007343953551945129,-0.05586425047305712,-0.10972844607998257,-0.14789651301917997,-0.01769617819334255,0.0,-0.05629716839909644,0.03860099018654897,-0.14723719200178798,-0.0006593210173920363,-0.017621104617208408,-7.507357613414436e-05,0.0,0.0,-0.0011432829328075886,0.0,-0.0006283141155031017,-0.0005149687741156381,0.0021635801807244745,0.0021037571544251627,5.9823026299312256e-05,-0.1500600931999045,-5.340517116726623e-09,0.7304095097592003,0.9398616308914988,0.05481117286180194,0.049363273193961686,0.2776315789473684,0.11490839406063683,-0.0015871948248853806,0.36534068779671364,0.5311717390501698,0.3663134378523247,0.004540568213147037,0.003806172857952525,0.05949423555338521,0.041798057360042655,0.4770350173800877,0.32913850436090775,0.0,0.0,0.020861852009301764,0.023025432190026236,0.4777244934353979,0.3276644002354934,0.008475758633103845
SNA,none,0,ALL,100,-0.14481237215092096,-0.14435298595008694,-0.0004593862008340167,-0.048554485357558706,-0.09625788679336227,-0.1301314472036849,-0.014680920201168951,0.0,-0.06082216827604298,0.04614124802741916,-0.12972276057333765,-0.00040868663034727786,-0.014630221733658832,-5.06984675101241e-05,0.0,0.0,-0.0010316066381166112,0.0,-0.0005109357554706626,-0.0005206708419325081,0.0021735682525826946,0.0021134505480715324,6.011770451116128e-05,-0.1323050154562676,-4.746067136084241e-09,0.73444480494449,0.9449332106740854,0.05333756773095383,0.048392111690420854,0.2833881578947368,0.10355259242810701,-0.000535617030568813,0.3681866986673404,0.5370630708339151,0.3927100848838282,0.004643773401851497,0.004184387201017479,0.058756579409437446,0.044075659208268496,0.48346301299728817,0.35333156579360314,0.0,0.0,0.020963348439577447,0.023136916692160142,0.4847245673414172,0.3524195518851496,0.008572484271271993
SNA,none,0,D_only,20,0.23454789990706454,0.23277046671111928,0.001777433195945206,0.08586960676472669,0.14867829314233783,0.20360787728526827,0.030940002423457246,0.0,-0.021371707261823036,0.05231170973227379,0.20202796034056034,0.0015799169447079124,0.030742488495610454,0.00019751392784678879,0.0,0.0,0.0012100015383935423,0.0,0.0010009407312493916,0.000209060754712871,0.003977658857078738,0.0038171710695583277,0.00016048778752041095,0.1996302184281895,2.019833899957304e-08,0.5795302263155004,0.7841940284914436,0.07103695008656526,0.05491094120677074,0.14548106927397547,0.1311626914425239,-0.0007468192427151824,0.34556541019955656,0.048017421697523405,0.10361132304619775,0.00040569448086898776,0.0008283367640289821,0.006619780581880614,0.014035610113484047,0.042365989482284136,0.09096669874944335,0.0,0.0,0.004471294973749205,0.005400518865840901,0.04281590967543116,0.09048739505049869,0.008378115926583402
SNA,none,0,D_only,50,0.32667900528712823,0.32440538837267113,0.002273616914457193,0.11918944921632303,0.20748955607080524,0.2908558486838815,0.035823125699546626,0.0,-0.025621325647103378,0.06144445135859128,0.2888002916969884,0.00205555698689298,0.035605068022199746,0.0002180576773468721,0.0,0.0,0.0013644497296755088,0.0,0.001068252705861702,0.00029619697082383894,0.0044878520060540154,0.004306384427423646,0.00018146757863036543,0.2863679966778274,3.090370012968274e-08,0.6084281478028349,0.8214960095343613,0.05606478606488601,0.04169879098559672,0.15944113619027803,0.09855350599896683,-0.001188015365461892,0.36620842572062084,0.056680560756276185,0.13423604215258264,0.0005244269617833197,0.0010654977240636453,0.006399039896976524,0.01495761923650742,0.05093922281535816,0.12047718821211106,0.0,0.0,0.005046665564310755,0.0060949859365504525,0.05130066371066334,0.11979030873517654,0.009167504140862861
SNA,none,0,D_only,100,0.37366196510113325,0.3713886933640546,0.0022732717370785734,0.13756281558309852,0.23609914951803468,0.3354858858745148,0.03817605154416135,0.0,-0.03288327281373171,0.0710593243624165,0.33340971930961905,0.0020761665648957556,0.03797894898133218,0.000197102562829171,0.0,0.0,0.0014683652413783872,0.0,0.0009728442891048215,0.0004955209109512816,0.004509587805798636,0.0043272015018729695,0.00018238630392566487,0.3309762980687162,2.76824570451557e-08,0.6128966683956549,0.829767555324506,0.052598092240451824,0.03849191417675948,0.1729730947923167,0.08336551820785044,0.0006080757222463123,0.37140513093416705,0.05854552675779354,0.14713814126493874,0.0006027099126827365,0.0011439640480890184,0.006619973290743063,0.01572962382454297,0.05263180849753521,0.1326560198236586,0.0,0.0,0.005071751771397365,0.006125142185693873,0.05310809542833361,0.13207891634016053,0.010189820468199653
SNA,none,0,N_only,20,-0.48178960834281787,-0.478356943242788,-0.003432665100029768,-0.18451123274732514,-0.2972783755954927,-0.41223339141037246,-0.06955619565031546,0.0,-0.08914197712652946,0.019585781388317246,-0.4092907006624705,-0.002942690747901925,-0.06906622243291889,-0.0004899732173965594,0.0,0.0,-0.0034538643008515443,0.0,-0.0028004718998333664,-0.0006533922452953499,0.0028098642243954792,0.002756132114282507,5.373211011297317e-05,-0.415043255634768,-2.1282129843105196e-08,0.8550234465873172,1.0504256951479098,0.0688573115598675,0.07224533151422145,0.3870434609250399,0.1724137904937303,-0.000986365168638593,0.34512195121951217,0.157775188238296,0.04396562314214285,0.0013267657260477887,0.000509178920244602,0.02213561814497064,0.005593243257296833,0.1375967102082646,0.039511938203944566,0.0,0.0,0.004238681080126174,0.004912882616395484,0.13831583123550065,0.03955685769491127,0.00833909133727628
SNA,none,0,N_only,50,-0.6149427316248277,-0.6111098093540346,-0.0038329222707931456,-0.2277235072002536,-0.3872192244245742,-0.5473466918390999,-0.06759601827986679,0.0,-0.0897754292125665,0.022179410876187862,-0.5439263511390164,-0.003420340700083355,-0.06718343868781203,-0.0004125795920547464,0.0,0.0,-0.003366744378361943,0.0,-0.002363128585253591,-0.0010036156675347517,0.0031502289973692464,0.003089668536884681,6.05604604845653e-05,-0.5504969208364692,-2.1505861079847972e-08,0.8321372348436759,1.0394479546614062,0.05407502692294314,0.05581247751631458,0.3671395664308993,0.13037662884240242,-0.0014376879697188963,0.3656319290465632,0.1928493371611511,0.04769157857855177,0.0015658067724832923,0.0006540148658371579,0.021760545367881242,0.005710010086278414,0.17292337311898756,0.04290436299688476,0.0,0.0,0.004770410171025146,0.005526312492197838,0.1734253050033995,0.04265039256012406,0.008053934178182108
SNA,none,0,N_only,100,-0.6309541599865414,-0.6272787455076214,-0.0036754144789200274,-0.2366499897089205,-0.39430417027762116,-0.566144397806935,-0.06480974428701944,0.0,-0.09154813004855902,0.026738385717871672,-0.5628378486513853,-0.0033065491555496827,-0.06444087751055359,-0.000368866776465859,0.0,0.0,-0.0032834753228647598,0.0,-0.0021835410888998226,-0.0010999341155704739,0.003164628606094433,0.003103768956940259,6.085964915417569e-05,-0.5693090264130296,-1.789258700565258e-08,0.8212977224037441,1.0267905771691825,0.05364529363741268,0.05447881661002626,0.35809444560016646,0.11675365674765181,-0.0008650894274007871,0.36667405764966743,0.19445630301450603,0.045375473988503084,0.001572685244686191,0.000698888951446861,0.02102735204545334,0.005634384732496759,0.1751530324800898,0.040591378797965684,0.0,0.0,0.004793339920386026,0.005552698967519373,0.1760442218274492,0.040723209098191736,0.008022717755430972
SNA,none,0,both,20,-0.5727840648673082,-0.5681379903963824,-0.004646074470925939,-0.2488965842727101,-0.32388748059459826,-0.5015164582206213,-0.07126761731090443,0.0,-0.0815939200586498,0.01032630270181158,-0.4973982391461538,-0.004118219074467555,-0.07073976108867507,-0.0005278562222294047,0.0,0.0,-0.003686102879999317,0.0,-0.003682311415113398,-3.7913503337119934e-06,-0.011293460889087472,-0.011098753266174845,-0.00019470762291262723,-0.49022299733153385,1.0664217469448103e-08,0.7439075724946128,0.933883978260888,0.07047872045249852,0.06736889819580097,0.3431712962962963,0.14741648181721015,-0.007228245813166723,0.3625,0.009918066385791334,0.0014836605040952921,7.833492660306786e-05,1.2295630417372053e-05,0.0012419869702685593,0.00020669124693158282,0.008751563020369895,0.00128641339528449,0.0,0.0,0.00037221473622375253,0.00016367308670226337,0.008561836910689808,0.0013052289351258909,0.007836312704447094
SNA,none,0,both,50,-0.5938099454394359,-0.5889364327687966,-0.004873512670639212,-0.2660685831466132,-0.3277413622928226,-0.5317206902175088,-0.06208927982018323,0.0,-0.08388176330922313,0.02179248334769722,-0.527314131325785,-0.004406558891723728,-0.06162232913973356,-0.0004669506804496858,0.0,0.0,-0.0031179305622577504,0.0,-0.0032795295223140395,0.00016159899116824169,-0.012740952368077853,-0.012520626394869555,-0.0002203259732082842,-0.5189797378494311,2.4598256268191074e-08,0.7403643098142412,0.941983629156042,0.05906174997626631,0.06141977734794771,0.3020833333333333,0.1360645501150025,0.0030960818263270928,0.38666666666666666,0.010043069628545113,0.0019351554507000962,8.18825234953118e-05,1.9298644834443143e-05,0.0010596882374665818,0.00021451461193047888,0.00907463401945789,0.0017493092761517272,0.0,0.0,0.00042026916150815095,0.00018492012006359832,0.008851793000723432,0.0017618172988618222,0.008087201032235048
SNA,none,0,both,100,-0.5900467489764976,-0.5856458927742707,-0.004400856202226823,-0.27859769495056896,-0.31144905402592843,-0.5229797337395969,-0.0670670847216072,0.0,-0.09519150450101557,0.028124419747538272,-0.5190292244582636,-0.0039505092813333816,-0.06661674622183861,-0.00045033849976864487,0.0,0.0,-0.003596738307607538,0.0,-0.0033663744025084815,-0.00023036362761634868,-0.012803686846547604,-0.012582233917695917,-0.00022145292885168775,-0.5101760468930494,6.948470691683559e-08,0.7092935586417163,0.9052135315206316,0.05695532900453718,0.04917312404830699,0.29456018518518523,0.1076367551598836,-0.0013409840262115552,0.37375,0.01024908241082165,0.0017896816469774503,8.930259494503079e-05,2.6042298658898003e-05,0.0011244453267006673,0.00018871410875712983,0.009212506095081912,0.0016255755188383425,0.0,0.0,0.00042236952327966924,0.00018585118365426853,0.00895690070804099,0.0016064884714228254,0.008637963753063792
SNA,none,0,rest,20,-0.13279119288202731,-0.13192395944984184,-0.0008672334321854911,-0.043242610738860564,-0.08954858214316679,-0.11068708387537203,-0.02210410686375457,0.0,-0.053759876946267514,0.0316557700855832,-0.10996314758597849,-0.0007239362893935679,-0.021960809596745207,-0.0001432972670093706,0.0,0.0,-0.0013847186886246352,0.0,-0.0010576645078031195,-0.0003270541152922303,0.001066231508943207,0.0010535167714355155,1.2714737507690108e-05,-0.11175331538431521,-2.1429007144392097e-09,0.7388115916631476,0.9378543665958027,0.07021973462695243,0.06520359273190332,0.2981289392427967,0.15167952567565662,-0.001245084892102961,0.34378850102669406,0.22235772737179263,0.15461049378147274,0.0019733021571300925,0.0015275799785893851,0.0313169603871958,0.019986905296190936,0.1945119239619474,0.13764902439649357,0.0,0.0,0.00943154276010217,0.009964875482580548,0.1944347315460477,0.13703849925811545,0.008796385240480863
SNA,none,0,rest,50,-0.17425284768889754,-0.17366637251271683,-0.0005864751761806851,-0.0517480554770209,-0.12250479221187661,-0.15603988427101304,-0.018212947842363703,0.0,-0.054112984444121645,0.03590003658854499,-0.15549825891871263,-0.0005416253523004127,-0.01816809946190514,-4.4848380458563445e-05,0.0,0.0,-0.0012251862418007577,0.0,-0.0005490320437504092,-0.0006761541494329467,0.0011890216235839958,0.0011748117641105684,1.4209859473429329e-05,-0.1572289058945971,-1.5575520795437817e-08,0.7399163256212318,0.9489523825416992,0.05446804653415662,0.049661954254767805,0.29084940203642373,0.11491083663050945,-0.0020239060915444064,0.36427852727982096,0.2715987715041975,0.18245066167049015,0.002368451955385114,0.0020673616232172783,0.030274962051060856,0.020915913425326345,0.24409778742628407,0.16400764387576014,0.0,0.0,0.010624507112457713,0.011219213641214355,0.2441467317206116,0.163461881641331,0.008645019376686582
SNA,none,0,rest,100,-0.14712245429167609,-0.14699835940556713,-0.00012409488610888017,-0.04124049214458849,-0.10588196214708756,-0.13259512842738921,-0.014527310297444921,0.0,-0.05833219109740453,0.04380488072561091,-0.1324784737784907,-0.00011665464889853188,-0.014519873826046205,-7.436471398721534e-06,0.0,0.0,-0.0010776894902689335,0.0,-0.00035000646583286565,-0.0007276829879463888,0.0011942803632423702,0.0011800102411041549,1.4270122138214424e-05,-0.13378940879063153,-1.556684192640467e-08,0.7513339419964303,0.9614437192276573,0.05342232855884599,0.05017912107015847,0.2999363832883241,0.1067687318046432,-0.0009259310176606205,0.3672597718615563,0.273812158650794,0.198406787983409,0.002379075649537538,0.0023154919028227023,0.02998480874654038,0.022522936542471648,0.2464656659245811,0.17845859165314049,0.0,0.0,0.010675887224514386,0.011273224355292624,0.2466153493775934,0.1780109379753745,0.008613870949106664
SNA,none,1,ALL,20,-0.0844315551459219,-0.08384007247528275,-0.0005914826706391882,-0.0307557165221683,-0.05367583862375361,-0.07224158297886378,-0.012189966332340178,0.0,-0.04806826564489137,0.0358782993398931,-0.07173343837367596,-0.0005081446051878229,-0.012106629252218087,-8.333708012208824e-05,0.0,0.0,-0.0007752294160146057,0.0,-0.0006278253062886753,-0.00014740408813510532,-0.0006588621983278153,-0.0006169240037548927,-4.193819457292217e-05,-0.07158272078053599,-5.8347179565482885e-09,0.7145682846872432,0.9138199454859685,0.07138275497838072,0.06437607012296977,0.26707236842105264,0.1530611018130654,-0.00039505709550882647,0.34926315789473683,0.40949372856765476,0.3256536560923721,0.0035239068829641357,0.002932424212324948,0.055711315114059266,0.04352134878171909,0.35967057757840737,0.2874289945995436,0.0,0.0,0.018544211623675148,0.017885349425347325,0.3596158482099694,0.2880331274294333,0.008532097858531904
SNA,none,1,ALL,50,-0.10740585499675918,-0.10683415449771233,-0.0005717004990468635,-0.0352007446715208,-0.0722051103252384,-0.09769259048220454,-0.009713263729812686,0.0,-0.049548840720411,0.03983557702311874,-0.09716126684490398,-0.0005313236373005501,-0.009672887492972612,-4.0376236840069625e-05,0.0,0.0,-0.0006929813771676667,0.0,-0.00043018464813265986,-0.0002627967129790608,-0.0007455636052057568,-0.0006981671948531225,-4.7396410352633965e-05,-0.09694702687699877,-7.84741990604359e-10,0.7306089100084806,0.9373122968171771,0.056990654594019835,0.05099545591755917,0.2646381578947368,0.11651745846396999,0.0009644759309134984,0.36402871639402934,0.504088100495875,0.3972539459981626,0.004399148620110569,0.0038274481210637053,0.0552864401399282,0.04557317641011552,0.45404461610592056,0.35635202562371604,0.0,0.0,0.020898177024488703,0.02015261341928294,0.45344482024427224,0.35649779336727344,0.008651443330700169
SNA,none,1,ALL,100,-0.09497831286057215,-0.09471278247138229,-0.0002655303891898304,-0.029593585706453363,-0.06538472715411875,-0.08638726690396113,-0.008591052043228645,0.0,-0.05409477480192173,0.04550372277859623,-0.08612755111372547,-0.0002597157902356666,-0.008585237117848749,-5.8149253798973635e-06,0.0,0.0,-0.0006951066945608957,0.0,-0.00026871704274515455,-0.0004263896299861565,-0.0007492897360563739,-0.0007016570788522087,-4.763265720416503e-05,-0.08563797716790478,6.086617654662972e-09,0.7374934869063526,0.9495506567704052,0.04944746030004401,0.04458544047255266,0.2661842105263158,0.10787910147717124,6.52350995101427e-05,0.36922024263796416,0.5086452358820587,0.4139324534106763,0.00444321385659063,0.004177683467400799,0.05484506554778721,0.046254013504558565,0.4584849830499333,0.3720977161459721,0.0,0.0,0.020999882226850407,0.020250592490794035,0.4585646917004684,0.37292671453256354,0.008659742504150813
SNA,none,1,D_only,20,0.3636752038460247,0.3611393272942453,0.002535876551779365,0.13662004392494503,0.22705515992107958,0.31775140940902047,0.04592376923219889,0.0,-0.015934737611710433,0.06185850689901147,0.31551412648739063,0.0022372829216298095,0.04562517534099333,0.00029859389120554387,0.0,0.0,0.0017894232825111218,0.0,0.001577395689593519,0.00021202749050152418,-0.001167496227721906,-0.0011310131610160967,-3.6483066705809546e-05,0.3189189056367424,2.520480528108858e-08,0.5638716822230662,0.7660502751886528,0.07398396690277358,0.05369892330136943,0.13402245423340964,0.12916895690717192,-8.9820586865971e-05,0.3491304347826087,0.042207949449001275,0.12958517264048064,0.0003562957101875279,0.0009697976029220674,0.006049842656613906,0.017150381136910423,0.03696721918257242,0.11385739963586067,0.0,0.0,0.004788648226789521,0.004513111173497353,0.03681984658564851,0.11398556409222894,0.008370774786560746
SNA,none,1,D_only,50,0.443411047046134,0.4403873914611524,0.0030236555849814505,0.16629942000190293,0.27711162704423103,0.3943734399788567,0.04903756727356273,0.0,-0.021536586259024833,0.07057415356303544,0.3916612167217241,0.002712223257132527,0.04872613518335883,0.00031143209020391763,0.0,0.0,0.0019073439898222204,0.0,0.0016350316630178233,0.0002723122127557661,-0.001324527270805521,-0.0012830967255735763,-4.1430545231945335e-05,0.39569796724966205,3.9793714490194696e-08,0.6166944683207345,0.8298550026149444,0.057987980713696985,0.04447471609559339,0.15696367276887868,0.10229949314206907,-0.0002149159376865393,0.3637391304347826,0.05435807150483276,0.16116275809308894,0.0005047748589851452,0.0012384671791943747,0.005976262105087849,0.017857283672765623,0.04907541433550402,0.14473276196122575,0.0,0.0,0.005406821431415909,0.005094191945719162,0.04888697896252259,0.14485695607394108,0.009200668438487082
SNA,none,1,D_only,100,0.46263148049152075,0.45963492753946034,0.0029965529520605207,0.17213458983849833,0.2904968906530224,0.41164121568052464,0.0509902111049175,0.0,-0.028353749071149122,0.07934396024303808,0.4089645989543119,0.002676616726212564,0.050670273277346356,0.0003199378275711624,0.0,0.0,0.0019690175532133865,0.0,0.0016670726961273035,0.00030194478060924045,-0.0013314186117282412,-0.0012897694540578094,-4.1649157670433174e-05,0.41297263429225267,5.370607882352657e-08,0.6302927294475809,0.8478172301955117,0.05033160320613149,0.03955585373086751,0.16336026887871857,0.09614418799826248,-0.00018209888871537536,0.36980434782608695,0.05733109475891008,0.16884060872091972,0.0005580524226503545,0.001285987389396484,0.006003959595343976,0.018377426242417103,0.051947652231976144,0.15181162153687194,0.0,0.0,0.0054337267263102115,0.005119468439303001,0.05211148390052884,0.15228971149243184,0.009640018031361018
SNA,none,1,N_only,20,-0.40414943973293344,-0.40115436772681423,-0.0029950720061191123,-0.1524854199474532,-0.25166401978548025,-0.3548322093926061,-0.049317204420957175,0.0,-0.06923684781461976,0.019919643464721228,-0.3521770729504901,-0.002655136442116032,-0.04897726954958924,-0.00033993487136792737,0.0,0.0,-0.0023696503421000623,0.0,-0.0021084946675384085,-0.00026115559395591906,-0.0014094701196161522,-0.001351391885489349,-5.8078234126803463e-05,-0.35342273927299006,-2.5919370152357356e-08,0.8557604857494958,1.0539168663446818,0.07220144106448831,0.0752884254511943,0.395890779938978,0.17956086706696894,-0.002352543072679104,0.34880434782608694,0.14352093745921718,0.046769946327739884,0.0012084997099928412,0.00048601715948040544,0.01874423870332581,0.006847906311570382,0.12659361758062337,0.04101648258352752,0.0,0.0,0.004557815848299949,0.004217661311045376,0.12657398001464912,0.04133699955480782,0.008350061560592729
SNA,none,1,N_only,50,-0.4907126822999743,-0.48740282486317893,-0.0033098574367955084,-0.18239837286261484,-0.3083143094373596,-0.44126806857511786,-0.049444586967752974,0.0,-0.07058506314864059,0.021140476256894584,-0.43826420011933287,-0.0030038684557849005,-0.04913859833838837,-0.00030598862936460995,0.0,0.0,-0.0024353774905706443,0.0,-0.0019768256799762973,-0.00045855172441720067,-0.001594977579901516,-0.001529408516246076,-6.556906365543908e-05,-0.43967309099521623,-2.675710360920252e-08,0.8360284917141809,1.0394559366733949,0.0584551534677261,0.05971069541984984,0.37000238367658267,0.1375467558820042,0.000981073363745922,0.36401582677507716,0.17175939703645082,0.0540194113879041,0.0014678374074834496,0.0006675705780569267,0.01869387382774553,0.006735351012375279,0.1547985093061594,0.04821678618572849,0.0,0.0,0.005128949833214752,0.0047439904879000485,0.15421861211049687,0.04802184833538064,0.008473479428308494
SNA,none,1,N_only,100,-0.4947004569673458,-0.49182396949992907,-0.0028764874674167824,-0.18388062317811713,-0.3108198337892287,-0.4421029872705478,-0.052597455576794024,0.0,-0.07861653776949833,0.02601908224641845,-0.43950982981057535,-0.002593157459972486,-0.05231412379756989,-0.0002833317792241611,0.0,0.0,-0.0026470710182416183,0.0,-0.0018607434866915711,-0.0007863274399171141,-0.001603156879632991,-0.001537265598713341,-6.589128091964839e-05,-0.4404998303909148,-1.4120003994453396e-08,0.8299548471073992,1.0395944278827614,0.05108765344029615,0.05162182737872129,0.36721419717772696,0.12577884381641236,0.0005605846694169789,0.36888560372190093,0.17046471229061325,0.05152988475038204,0.0014434566340825864,0.0007459776797086785,0.018532186074335114,0.005818049278775384,0.15343305334330387,0.04651488720566488,0.0,0.0,0.005153510057550349,0.0047665745975014094,0.15322192042507482,0.04669068974748478,0.008396672730048628
SNA,none,1,both,20,-0.6430855681006842,-0.63746215341803,-0.005623414682654234,-0.23274346690824954,-0.4103421011924348,-0.5546029400901558,-0.08848263588776993,0.0,-0.11337876295786709,0.024896127095127014,-0.5497611507772711,-0.004841789312884622,-0.0877010103390034,-0.0007816255487665214,0.0,0.0,-0.004750017472336836,0.0,-0.005249288049857077,0.0004992707783030467,-0.005590626904217804,-0.005571676402422384,-1.8950501795429285e-05,-0.5490123131859379,7.877241391095223e-09,0.7553592484730941,0.9280653550074651,0.0817221520611873,0.07428743575627987,0.3269230769230769,0.16961058974266052,-0.0036723837435532073,0.36,0.005591470105577867,0.0011697752690569682,4.5472699168481324e-05,4.716641024539345e-06,0.0007855328695102499,0.0001345316718869728,0.004859271910723278,0.0010478220600171114,0.0,0.0,0.00020031471759812634,0.00017955702099308642,0.004841950101492495,0.0010512579473913684,0.008066908028620225
SNA,none,1,both,50,-0.7199827786144208,-0.7136335439159373,-0.006349234698483577,-0.2616230679776942,-0.4583597106367267,-0.64327243548929,-0.07671033248051445,0.0,-0.09623175315998493,0.01952142054449328,-0.6375865258605606,-0.005685909628729573,-0.07604701031018188,-0.0006633221703325738,0.0,0.0,-0.004118053082351731,0.0,-0.004334339210540788,0.00021628628645460688,-0.0063008716491569205,-0.006278758025351684,-2.211362380525283e-05,-0.6369715638401334,-1.0644616178405185e-08,0.7145149822418506,0.9045904966501089,0.07258354671872579,0.06869493252955951,0.28365384615384615,0.16729105507525113,0.004948418963557253,0.364,0.006796921278963533,0.0017673085419893215,5.67755269768991e-05,9.55544020000257e-06,0.0007151650234485233,0.00015798918318729656,0.006177632472674643,0.001657975562938194,0.0,0.0,0.0002259968271905827,0.00020259159612687474,0.006145794165631749,0.0016495424869590058,0.008283927431351937
SNA,none,1,both,100,-0.5596049170128482,-0.5547993710454894,-0.004805545967358809,-0.20000703081067625,-0.359597886202172,-0.5027030650157278,-0.05690176054355616,0.0,-0.0771999047572422,0.020298143985338836,-0.49835144519145813,-0.004351619824269874,-0.05644782857532311,-0.0004539319682330572,0.0,0.0,-0.003115530812305927,0.0,-0.00301011908274975,-0.00010541152484729206,-0.006333471644085828,-0.006311188529828877,-2.2283114256961043e-05,-0.4963695933716423,-9.145356421849478e-08,0.8182339186851795,1.0165957258297846,0.058490586252166674,0.04478849993588833,0.3629807692307692,0.10510954017249438,0.007130528513628703,0.37466666666666665,0.005617780779834396,0.001458183233780558,4.6643701038862534e-05,7.1852222869270725e-06,0.0006249413339915425,0.00019786720974741077,0.005037547912999333,0.00126556663718351,0.0,0.0,0.00022712800902027544,0.00020359656909223856,0.004998605108473974,0.0012501552725861865,0.00823449958532622
SNA,none,1,rest,20,-0.13884936110927387,-0.13797646128869712,-0.0008728998205767486,-0.05030972244330852,-0.08853963866596531,-0.11768594055795333,-0.021163409040336437,0.0,-0.0524664485306575,0.03130303948393095,-0.1169459372867467,-0.0007400032712066559,-0.021030513948511898,-0.00013289509182453363,0.0,0.0,-0.0011791978766710323,0.0,-0.0009031965913497622,-0.0002760012347959498,-4.914910181488282e-05,-1.0080036281591318e-05,-3.906906553329161e-05,-0.11763679145613845,-1.1510984075692184e-08,0.7177676257207452,0.9165009871601935,0.06957623476697082,0.06405316095442264,0.26776092522029055,0.15144898747038898,0.00045890801967182814,0.3493782383419689,0.2181733715538585,0.1481287618550946,0.0019136387636152854,0.0014718928088979354,0.030131700884609303,0.01938852966135131,0.19125046890448832,0.13150729032013833,0.0,0.0,0.008997432830987546,0.008975019919811512,0.19138007150817926,0.13165930583500526,0.008694919163356695
SNA,none,1,rest,50,-0.17981229928183476,-0.17890825927016218,-0.000904040011672579,-0.05858926184283535,-0.12122303743899943,-0.16191527475098494,-0.017897016819053632,0.0,-0.052308596228211546,0.03441157942458544,-0.16108354591517396,-0.0008317288358110409,-0.017824706736417388,-7.231008263624224e-05,0.0,0.0,-0.0010512959925452713,0.0,-0.0006168133361968501,-0.0004344826124187972,-5.3989538714152315e-05,-9.909401791177738e-06,-4.408013692297435e-05,-0.16186128521227083,-7.711796145249853e-09,0.7344703918787719,0.9398630425172391,0.055587174828642845,0.04965602812771192,0.2649946911963166,0.1125007942107648,0.001475086592102622,0.3641733507430206,0.271173710675628,0.18030446797518038,0.0023697608266650748,0.0019118549236124013,0.029901139183646296,0.020822552541787328,0.24399305999158247,0.16174450191382359,0.0,0.0,0.010136408932667451,0.010111839389536857,0.244193435005621,0.16196944647099268,0.008663196433277733
SNA,none,1,rest,100,-0.16438598324299447,-0.16387797914767444,-0.0005080040953200503,-0.050223872685525285,-0.11416211055746914,-0.1489783407924864,-0.015407637091699341,0.0,-0.054507113093426894,0.039099475989125755,-0.1484919652744934,-0.00048637551799297056,-0.015386007989779725,-2.1629101919619373e-05,0.0,0.0,-0.0009984709068083695,0.0,-0.0003850104849675956,-0.000613460387763322,-5.400566935408988e-05,-9.710159521601739e-06,-4.4295509832486255e-05,-0.1489243351231323,-5.358808703757029e-09,0.7426900082417327,0.9534983081822168,0.04805934498988986,0.04353255297718062,0.265013693736604,0.10458828410146881,-0.00020770179655917764,0.3690166533674622,0.2752316480527008,0.19210377670559392,0.0023950610988188264,0.00213853317600871,0.029683978544116578,0.02186067077361868,0.24806672956165393,0.17250564076625183,0.0,0.0,0.010185517433969568,0.01016095288489738,0.24823268226639064,0.1726961580200608,0.00862691167625259
SNA,none,2,ALL,20,-0.13655565425405913,-0.13560688162746026,-0.0009487726265988865,-0.05242963692175109,-0.08412601733230807,-0.11550093369104159,-0.021054715528420836,0.0,-0.05388517609147722,0.032830460572877335,-0.1146984731893312,-0.000802460501710389,-0.02090840275009393,-0.00014631277832690464,0.0,0.0,-0.001236918409085958,0.0,-0.0010195548512858727,-0.0002173634861380976,-0.00042869500549017926,-0.0004381474126759699,9.452407185790724e-06,-0.11507223868555141,-5.03459674263754e-09,0.706595966941432,0.9113203590794617,0.07987909969530609,0.07119565813164963,0.24792763157894737,0.17798916766518041,0.0010599714821498646,0.3452459275244085,0.44041724336901616,0.3048103617415559,0.003928244543666982,0.0029794719170680955,0.06158514989319468,0.040530434364773826,0.38515072461879507,0.2696497909277534,0.0,0.0,0.018273427791231523,0.017844732785741346,0.38538088859195974,0.27030864990640835,0.008840518584131337
SNA,none,2,ALL,50,-0.11981584680309137,-0.11922597964253995,-0.0005898671605513968,-0.042359101711934306,-0.07745674509115706,-0.1085769779458166,-0.01123885923409522,0.0,-0.05150114624630772,0.04026228701848366,-0.10803652556816268,-0.0005404523776539046,-0.011189445352906347,-4.941388118887509e-05,0.0,0.0,-0.0008478091500231374,0.0,-0.0005351368444527824,-0.00031267225931169316,-0.00048361908718730844,-0.0004942187865197348,1.0599699332428024e-05,-0.1080933588586293,-9.623179549034187e-09,0.7137625523617391,0.9203510284423828,0.05870210007617347,0.05177795523091366,0.25526315789473686,0.12247855713492949,0.00029855896375681235,0.3651234762837112,0.5156528291044655,0.3964268494619255,0.004618167267150344,0.004028300106598947,0.056903530503439194,0.04566467126934398,0.4641639075883881,0.3555869296425715,0.0,0.0,0.020596109637040352,0.02011249054985305,0.464066882100765,0.35597352324213566,0.008876464956450711
SNA,none,2,ALL,100,-0.07524152736697377,-0.07501832362854234,-0.00022320373843142177,-0.02430574285667174,-0.050935784510302035,-0.06860031077636736,-0.006641208218827338,0.0,-0.0528141044331186,0.046172896231712765,-0.06839098600541553,-0.00020932477095183833,-0.006627330316621073,-1.3877902206267881e-05,0.0,0.0,-0.000669927479521899,0.0,-0.0003666542774851843,-0.0003032731649612406,-0.00048587138535753334,-0.0004965236046173564,1.0652219259824307e-05,-0.06811443939100982,-8.371779074778202e-09,0.7328628821122017,0.9418275813052527,0.053696059114054624,0.04770575648859928,0.2682236842105263,0.10356550379803306,-0.0005665803739899085,0.3688340807174888,0.5097046076433525,0.43468628401481013,0.0046339376154508885,0.004410733877019467,0.05568753156725448,0.04904632334842714,0.4590116085051683,0.3904112977288009,0.0,0.0,0.02069654572947166,0.020210674344114124,0.459027320406632,0.3909128810156223,0.009009508733433926
SNA,none,2,D_only,20,0.30622345339502094,0.30391395691954426,0.002309496475476684,0.1092944628740313,0.19692899052098967,0.2668062959350005,0.03941713874626318,0.0,-0.018681510901015514,0.058098649641931295,0.26476543155631366,0.0020408643786868626,0.039148507724693596,0.00026863102156958035,0.0,0.0,0.0015286641653429536,0.0,0.0013212975445772103,0.00020736656067594475,-0.0005042432405794441,-0.0005525062876301109,4.826304705066743e-05,0.26731053917558006,1.871375725851693e-08,0.5739960747566643,0.7835583829764032,0.08111039750512039,0.05803391427217066,0.1218812192289023,0.14545710464793907,-0.00018744550663434088,0.348568281938326,0.0458925782424235,0.11801745342707867,0.000391835471470442,0.0009405020278523136,0.0064564612813416055,0.015768447210374837,0.04039208920640345,0.10375364060311398,0.0,0.0,0.004474306963511287,0.0043692998355464975,0.0405770427728221,0.10404360129749742,0.008465819052879532
SNA,none,2,D_only,50,0.47492170387827437,0.47151610229877794,0.0034056015794964364,0.17257540453387357,0.3023462993444008,0.42186208831764,0.05305960721755926,0.0,-0.015519140086204104,0.06857874729950249,0.418809332625496,0.003052755692144004,0.05270675993387583,0.0003528472836834207,0.0,0.0,0.002091579623255378,0.0,0.0017650688820165079,0.0003265106381255646,-0.0005624581406552005,-0.000617101838196759,5.46436975415576e-05,0.42242454645829514,8.34307512218449e-09,0.5948344064861585,0.8037041501362061,0.0608266729133386,0.04439307038134374,0.1505716706539075,0.10601254256916857,-5.222631892785196e-05,0.3640689017137319,0.05352769020758353,0.1653683364204207,0.0004978456667403837,0.0013061239267393066,0.005913696161021732,0.018509773013972698,0.04832850681274384,0.14838135248661044,0.0,0.0,0.005049608704628256,0.004932575036756931,0.048765622266245784,0.1489355016079837,0.009215006546135695
SNA,none,2,D_only,100,0.5476541035170205,0.5440432389083071,0.0036108646087134,0.19981860123021936,0.3478355022868011,0.48748999059593423,0.06016408442434311,0.0,-0.019055560376261733,0.07921964480065202,0.4842455791040803,0.0032444114918538415,0.05979763000233167,0.000366454422011423,0.0,0.0,0.0023941799622296134,0.0,0.0018088950315570216,0.0005852848051950512,-0.0005650470459917527,-0.0006199673446055663,5.4920298613811646e-05,0.48805503764192587,2.8496743191772853e-08,0.6242886209266377,0.8383307172322803,0.05614048355282961,0.04233518342768119,0.17177189515290206,0.09204505728334901,-0.000375226332577305,0.36749708143351173,0.051721009979530184,0.18073980018725122,0.0005419986502659556,0.0013987857596274758,0.005558883463158949,0.01984189678533524,0.04673902219248876,0.16233157934715897,0.0,0.0,0.005074667967993245,0.004957093833944403,0.047153933026096585,0.1628640643148157,0.01037059795208483
SNA,none,2,N_only,20,-0.5574156786132699,-0.5532336117015882,-0.004182066911681796,-0.21065905330622525,-0.3467566253070447,-0.4801310825669695,-0.0772845678716096,0.0,-0.10077654072250683,0.02349197279716578,-0.476504538193309,-0.0036265443736603503,-0.07672904442119127,-0.0005555234504183712,0.0,0.0,-0.003878173783931492,0.0,-0.0033850409262546656,-0.0004931326684321538,-0.0015107530725541856,-0.0014774518505787562,-3.330122197542922e-05,-0.4786203294944153,-2.8174690921388232e-08,0.8188319925583729,1.0174455025652211,0.08074031236990754,0.08155618529388871,0.3617211011719021,0.19892276875123463,0.0032058372483702107,0.34970811763410065,0.16856101986694857,0.0367123780377991,0.0014537965532585267,0.000458383586251569,0.023279657642876764,0.00486846308315775,0.14752141752587952,0.03308856406587773,0.0,0.0,0.004617162520458688,0.004264819037379498,0.14758102152379285,0.03350051154687026,0.008550999165068861
SNA,none,2,N_only,50,-0.6492395012362896,-0.6447300455467538,-0.004509455689535777,-0.23504251541260884,-0.41419698582368075,-0.5821149801780662,-0.06712449135640965,0.0,-0.09406017676373576,0.0269356853718893,-0.5780371389833757,-0.004077841194690445,-0.06669287722039045,-0.0004316141360192061,0.0,0.0,-0.003423176025120998,0.0,-0.0027073589433508185,-0.0007158169080511501,-0.0016986046329904817,-0.0016610214979636763,-3.758313502680322e-05,-0.5804163755450757,-2.97018138324025e-08,0.7987205581342322,1.0064289780587596,0.05961369836659416,0.05844205316967545,0.3462688093752167,0.13599419612889813,0.00026702096681892307,0.36843032732719505,0.19308283002200458,0.03911528196557854,0.001670460495385525,0.0005941642659385443,0.021119082567784574,0.005083971683534076,0.17382797608944078,0.034819249756068184,0.0,0.0,0.0051966382731727205,0.004800438388671785,0.17388419624181067,0.035271669792939005,0.008577315900274171
SNA,none,2,N_only,100,-0.6158345099580271,-0.611872716864524,-0.003961793093503256,-0.21919463807225945,-0.39663987188576777,-0.5523508604000542,-0.06348361212424003,0.0,-0.09291021898093843,0.029426606832414316,-0.5487669934843039,-0.003583866915750393,-0.06310568718122131,-0.00037792494301872894,0.0,0.0,-0.0032409627480788164,0.0,-0.002399391562343531,-0.0008415710280885398,-0.0017063391083439953,-0.001668575219648849,-3.776388869514174e-05,-0.5506445212917102,-3.7433733016186906e-08,0.8157790503942653,1.0227812307471669,0.053908567581806,0.052897368534809426,0.35357961046390685,0.11462411018856586,-0.0007125660485986674,0.37150031940436595,0.1902545738261113,0.043726902490979935,0.0016604683975119292,0.0007116916022986468,0.020694260763952806,0.005496641005528332,0.1712793877843659,0.03900056842355564,0.0,0.0,0.0052215972723573985,0.004823594597547864,0.1711497920533489,0.03926897536734817,0.00865210135835584
SNA,none,2,both,20,-0.15656624705263703,-0.1536035728577737,-0.002962674194863305,-0.0449963963317895,-0.11156985072084749,-0.13615842760448363,-0.02040781014178161,0.0,-0.029612129140992767,0.009204319159536158,-0.1335309711685944,-0.0026274564358891835,-0.020072591268778844,-0.0003352188730027668,0.0,0.0,-0.0013035878627805943,0.0,-0.002257699119855054,0.0009541112407233486,-0.014717768822962466,-0.014363688625925516,-0.00035408019703694535,-0.12144065878152119,-9.306371736111827e-09,0.7480219556735113,0.9486965445371774,0.09062574736965007,0.07408721850086482,0.3381410256410256,0.20913256571078914,0.001494967671206746,0.3380952380952381,0.005095484847517258,0.0024276693786218872,5.117755181058065e-05,1.6069218583748135e-05,0.0007046508488576529,0.00034174432571343685,0.004513175368901637,0.002173158266027121,0.0,0.0,0.00037659115656535125,0.00025464940966060093,0.004496780028605938,0.0022787046726361723,0.00994383307855291
SNA,none,2,both,50,-0.059793666246317025,-0.057174969826615726,-0.0026186964197012666,-0.02318766597711682,-0.03660600026920035,-0.06883964973047377,0.009046021074907132,0.0,-0.013679745759962416,0.022725767038365548,-0.0663477397965897,-0.0024919099338840908,0.00917280705749443,-0.00012678598258729866,0.0,0.0,0.00029882288734458764,0.0,-0.0007554857625049294,0.0010543084171245145,-0.016580862756224606,-0.016181143200150898,-0.00039971955607369673,-0.05225878697424941,-3.759075041042661e-08,0.8787810771893233,1.076991747587155,0.06118207453535153,0.06421424964299569,0.42948717948717946,0.15762554538937715,-0.005316279643477919,0.379047619047619,0.00590171075441829,0.004512346145668596,6.245999523487531e-05,3.626067850028018e-05,0.0006405110781009586,0.0006638092494312807,0.005314121480128907,0.003875259887359591,0.0,0.0,0.0004248225813599169,0.00028752990362767444,0.005253619271802892,0.003952050356765815,0.01047253639384948
SNA,none,2,both,100,0.04968504881641323,0.05092935818963705,-0.00124430937322382,0.005792896931320115,0.04389215188509307,0.052700223443263194,-0.003015103556909029,0.0,-0.024597369175208154,0.021582265621990435,0.05376979806731986,-0.0010695746240566802,-0.0028403651461839886,-0.00017473841072503904,0.0,0.0,-0.0006464638468049905,0.0,-0.0012062230350462515,0.000559758851535822,-0.016661476393545396,-0.01625974706839344,-0.0004017293251519531,0.06936169983680837,-7.106994109424394e-08,0.83567219437697,1.0323401551980238,0.050960689735336184,0.045113398072620235,0.3766025641025641,0.10290090706294927,0.00043598842771294026,0.3819047619047619,0.005947185708251519,0.00548266506672941,5.986516817325824e-05,4.8570073375135263e-05,0.0006387960295011809,0.0005398683020400654,0.005369706424795325,0.004992819331812909,0.0,0.0,0.00042691109805739617,0.000288958663020208,0.005213113352273306,0.004974178694328075,0.009965816738493857
SNA,none,2,rest,20,-0.14242944378993816,-0.1415346207571407,-0.0008948230327973916,-0.052922323502090515,-0.08950712028784763,-0.1199783508189805,-0.022451088134268982,0.0,-0.048373549275682694,0.02592246118228813,-0.11922461712868648,-0.0007537336902940248,-0.02230999853104666,-0.00014108960322232984,0.0,0.0,-0.0012662879717887056,0.0,-0.0009598690116288127,-0.00030641888035911556,0.00026618357741364486,0.0002512317299186405,1.4951847495004545e-05,-0.12024453439639415,-4.836688615789262e-09,0.7148964976922297,0.9203226190584803,0.07873606568826834,0.07245817499516044,0.2517209164431184,0.18297783255431566,0.0006552660630091749,0.3417610710607621,0.22086816041212687,0.14765286089805627,0.0020314349671274328,0.001564517084380465,0.031144380120118637,0.019551779745527808,0.19272404251761038,0.13063442799273456,0.0,0.0,0.0088053671506962,0.008955964503154753,0.19272604426673884,0.13048583238940448,0.009113677230642934
SNA,none,2,rest,50,-0.14715587478569175,-0.14659614829100653,-0.0005597264946852193,-0.05185367944376764,-0.09530219534192415,-0.1320480076774709,-0.015107859219255471,0.0,-0.04881756586208221,0.03370970666748276,-0.131543054962515,-0.0005049527149558592,-0.015053086444543314,-5.4772774712157534e-05,0.0,0.0,-0.0010203667307462302,0.0,-0.0005785531285554305,-0.0004418135401472368,0.00029444324118178356,0.0002777814931747846,1.6661748006999665e-05,-0.13234245091865265,-7.8889654038066e-09,0.7258707381661589,0.9311294852956774,0.05725058343487087,0.05186020757833109,0.2580415794191788,0.1230023437888537,0.0006569908083371954,0.36376930998970136,0.26314059812045903,0.18743088493025767,0.0023874011097895593,0.002091751235420816,0.029230240696531934,0.021407117322405925,0.23669330320607454,0.1685110675125333,0.0,0.0,0.009925040077879463,0.010091947220796657,0.2361634443209056,0.16781430148444718,0.008991146382718609
SNA,none,2,rest,100,-0.11017772842506904,-0.10995887944800412,-0.00021884897706487638,-0.036672974968958404,-0.0735047534561106,-0.09935989888745654,-0.010817819090986688,0.0,-0.04996150049044932,0.0391436814413027,-0.09915689312740085,-0.00020300576005565958,-0.010801976922376813,-1.5842168609873878e-05,0.0,0.0,-0.0008751776252219174,0.0,-0.0004045557871079704,-0.000470621776147318,0.0002957555123949762,0.0002790159158405033,1.6739596554475476e-05,-0.09965565439985147,-1.0446625829695982e-08,0.7440545901565612,0.9518271406191305,0.05254418528601307,0.04791859643226533,0.27198482792398904,0.10396165163864703,-0.0005869023460636206,0.3679299691040165,0.26178183812945943,0.20473691626984952,0.0023716053994997455,0.0022516864417182086,0.028795591310641546,0.02316791725552352,0.23562349210351838,0.18408633062627341,0.0,0.0,0.009973369391063618,0.010141027249601649,0.23551048197491325,0.1838056626391304,0.008978135464812693
SNA,l2,0,ALL,20,-0.19783687033234676,-0.1965265722607791,-0.0013102980715676063,-0.0611579973385858,-0.1366788729937609,-0.17671088644483351,-0.021508237056728184,0.00038226308009179483,-0.028530684500890486,0.0070224474336555666,-0.17552479917218522,-0.0011860872726482828,-0.02139070362121982,-0.00011753343550836745,0.00038894018216463293,-6.677102072838076e-06,-0.0013936389274316705,9.73185154208731e-06,-0.0009721226487673822,-0.00042151620512841543,0.0004982576537091841,0.0005072260514696378,-8.968397760453863e-06,-0.1772091440985427,-9.910876818947706e-09,0.746018624556692,0.8873361165899979,0.07689173171394752,0.07265712838423881,0.3099342105263158,0.17741587237307901,-0.0034490210876653065,0.3533157894736842,0.3174037277580764,0.12087715549729727,0.00276529625289473,0.0014549981813271238,0.040893888935422125,0.019385651878693923,0.283617284445147,0.10690639800031342,4.868269513411246e-05,0.00043094577522590725,0.017835062448679405,0.018333320102388584,0.2849528247686948,0.10774368067015208,0.00863698873255138
SNA,l2,0,ALL,50,-0.16312881061625614,-0.16253385498646675,-0.0005949556297893748,-0.03763521021524193,-0.12549360040101418,-0.14957038949132948,-0.014579423126791549,0.0010210090851047455,-0.021865275393647247,0.0072858522447643735,-0.1490133434232332,-0.0005570460680963088,-0.01455804613269929,-2.1376994092259888e-05,0.0010375411176657477,-1.6532032561002235e-05,-0.0011348399226831052,2.8471483971147737e-05,-0.0003140613458280483,-0.0008207785119503711,0.0005438556094925311,0.000554268397400726,-1.041278790819509e-05,-0.150114245100822,-7.083239832638922e-09,0.8103606615568462,0.9900348583020662,0.06259850376530698,0.06420151685413562,0.34624999999999995,0.15235851438421955,-0.002750285542324969,0.3663273577060328,0.32566567458956813,0.16313181960310133,0.0028975509189331206,0.002302595289143746,0.035761310511692034,0.021181887384900486,0.29508355317192136,0.14551316368059194,0.00012633229917245948,0.001147341384277205,0.020130235029164473,0.020674090638656998,0.2967109276991589,0.146596682598337,0.008818853401651151
SNA,l2,0,ALL,100,-0.11904513576357513,-0.11889414125733716,-0.00015099450623797328,-0.022758346951507896,-0.0962867888120672,-0.11031856408729429,-0.010685741746294324,0.001959176328516227,-0.020709161050159196,0.010023419296073501,-0.11016639739954652,-0.0001521666877477525,-0.010719969674914802,3.422792862048124e-05,0.001992231505128745,-3.3055176612517614e-05,-0.0009810856620963524,5.687405263109239e-05,7.100065384618883e-05,-0.0010520862686867315,0.0005456798755387966,0.0005561559154528199,-1.0476039914022372e-05,-0.11086424396283308,-6.2585027260862386e-09,0.8443812641344575,1.0344982990465668,0.06418866784949052,0.06795875800283331,0.36549342105263155,0.15336615261278652,-0.0015971648536230387,0.36961498986815444,0.28794329842252137,0.16904915716518418,0.002676921510371214,0.002525927004133241,0.03222147593598568,0.02153573418969135,0.2608442164306474,0.15052565234335313,0.0002302656477576014,0.002189441976273828,0.02022899752097171,0.0207746773965105,0.2629659826336075,0.1521017386707744,0.00921106422323039
SNA,l2,0,D_only,20,-0.09057896191173356,-0.08979342400904444,-0.0007855379026890981,-0.046438097715940416,-0.04414086419579311,-0.08352230143580504,-0.007602932735515794,0.0005462763893398606,-0.017009451458812164,0.009406518707807034,-0.08279060928836095,-0.0007316921474440973,-0.007556323103383011,-4.66096321327842e-05,0.0005535123553298522,-7.23596598999134e-06,-0.000555679689273448,1.3433967788297184e-05,-0.0003560931970675853,-0.00019958646915009803,-0.001633923617909562,-0.0015020805559480702,-0.00013184306196149234,-0.08188837781789549,-4.129752559860905e-09,0.6384700436542783,0.7691008101932685,0.08153811896189574,0.06702261021204152,0.24731377798328263,0.15641283934217912,-0.0021721052461603743,0.34055555555555556,0.04306745818179607,0.0266286327186582,0.00040186409296247326,0.00025706688026395187,0.005561464856000617,0.004211296392567647,0.03866054484353735,0.023323519687711257,2.2689541913407467e-06,0.00010584066012631397,0.0036246209327347252,0.0033019276066790014,0.03872366605139117,0.023709334221620807,0.009244774749934964
SNA,l2,0,D_only,50,0.054744946604686914,0.05420178740184483,0.0005431592028420907,0.0035535150740786414,0.051191431530608275,0.044697020813025,0.008751864831507377,0.0012960554364495778,-0.005209698936004221,0.01396156382406144,0.04423671580817331,0.00046030500485170296,0.0086508562631733,0.00010100856833407458,0.0013142095960893712,-1.8154159639793293e-05,0.00029431227547752916,3.081196785737858e-05,0.0007609583099888134,-0.0004666460373771175,-0.0018636778646182286,-0.0017142490915308924,-0.0001494287730873369,0.046560698677643224,5.523704962689485e-09,0.7553984914013187,0.9211542220060188,0.06434853346247275,0.0606813025209215,0.3300721672661342,0.14570334241001748,-0.0013412554440728548,0.36088888888888887,0.038955725054738474,0.04916351002918851,0.00041313575925749706,0.0005157792929247463,0.004368453993377457,0.006011161743927566,0.03539747945985308,0.043819370325913126,1.0210891037717547e-05,0.00025603978503125973,0.004097208441933474,0.0037293163375357336,0.035847029154384265,0.044636812124842044,0.010493972919598011
SNA,l2,0,D_only,100,0.11599549154607193,0.11491227985874562,0.001083211687326308,0.017502429173398778,0.09849306237267316,0.10044868352272274,0.013190284050371712,0.0023565191478256125,-0.0039537463501091484,0.01714403043238121,0.09949224517261865,0.000956438350104092,0.013026966367899191,0.00016331768247251568,0.0023930634003069256,-3.6544252481313066e-05,0.00041165760726827343,5.2211692726250316e-05,0.0011720435719396165,-0.0007603859745149407,-0.001873861186571881,-0.0017236700370921578,-0.00015019114947972223,0.1023225447092946,4.825151891780025e-09,0.8320795285693682,1.0142771241464608,0.06868598924139463,0.07354763500143555,0.36471922459070094,0.16143502940648138,0.0005952831017480707,0.36816666666666664,0.03201116858710182,0.053983072125725375,0.0003893224594158758,0.0005956090014507553,0.003676751398592328,0.006198867640259528,0.02914334759139376,0.04835126271683616,2.478013125350553e-05,0.0004729379726002814,0.004117654812162569,0.0037477640248445715,0.02906479328727038,0.04864259920003077,0.012015943179901865
SNA,l2,0,N_only,20,-0.217129885224928,-0.2158028888114314,-0.0013269964134966054,-0.05711904054877643,-0.1600108446761515,-0.19531302097360603,-0.022095821219981576,0.0002789662086767633,-0.03125501184511949,0.009159190590355753,-0.19410866947133246,-0.0012043515022735329,-0.021981447424576733,-0.00011437379540484564,0.00028723722761340287,-8.271018936639513e-06,-0.0011522749562210826,4.494446944830709e-06,-0.0005749874210305759,-0.000577287455249019,0.000480975599735727,0.00048067648392261474,2.9911581311208734e-07,-0.1957939965733417,-9.24001710891003e-09,0.8238529393299058,0.9797268042762834,0.07128731509361214,0.07402849317168765,0.3634496303557937,0.18419607760210022,-0.003717576094228557,0.3501388888888889,0.06441991289870838,0.022308460904481065,0.0005450284393430737,0.00028517732845533537,0.008177687431302406,0.003868464931378041,0.057675776474516764,0.019560527693733367,1.1314463646813998e-05,6.448446755881885e-05,0.003109515580359636,0.003312179284540131,0.05796643283905369,0.019648520354089816,0.00838957794954304
SNA,l2,0,N_only,50,-0.19860805317666255,-0.19781114743933276,-0.0007969057373298207,-0.03501416416234132,-0.1635938890143212,-0.184477003852178,-0.014928646773369704,0.0007976070785195614,-0.022905903104850172,0.007977256269598977,-0.18371706975022903,-0.0007599341019489601,-0.014912005407026863,-1.6641366342840895e-05,0.000817936679305074,-2.032960078551292e-05,-0.0008758956175435533,1.6717906448889004e-05,7.538396667096485e-05,-0.0009512795203419182,0.0005304755588358646,0.0005304671705921984,8.388243669162085e-09,-0.18500747941101386,-9.629634430852083e-09,0.8100207804222971,1.0061498055242286,0.05843531832900464,0.06062704763037987,0.36318016829412875,0.14593993462281632,-0.003602311818943754,0.36415157239693297,0.06568599630315271,0.02720662231094984,0.0005766130087967643,0.00041383110507587457,0.0069925168619388925,0.00400713771867546,0.05968905274647935,0.023879372069190215,3.2774347792591e-05,0.00018568015214828998,0.0035052523011355413,0.003731387689830537,0.05974226778984911,0.023706451723864985,0.008701936352705338
SNA,l2,0,N_only,100,-0.16845944681243624,-0.16791617626377456,-0.0005432705486616415,-0.026564542845586264,-0.14189490396684995,-0.15563011222332165,-0.014398901389911076,0.0015695741779841405,-0.02456108956227505,0.01016218810729565,-0.15512280091761305,-0.0005073113057085693,-0.014403226667484982,4.325277573910613e-06,0.00160985790199262,-4.02837240084795e-05,-0.0008746652063615125,3.566778117737919e-05,0.0002711215145039087,-0.00114578665137621,0.000532370262283113,0.0005323787318876559,-8.469604541484324e-09,-0.15616248248560474,-7.377187674366783e-09,0.8298346476855205,1.0296569079741056,0.06020488527841422,0.06455210256353856,0.3660408644276984,0.1490855862933797,-0.0025776658458022046,0.3703919771092035,0.05412578233632079,0.021021344918217274,0.0005068763402347318,0.00038873399007379226,0.005961384302389663,0.003097919563215196,0.04923682171996014,0.018576583121256037,5.541654426348786e-05,0.0003565415887719491,0.003522196692820661,0.0037492888022424885,0.04959641347729881,0.018709082769172866,0.009277899932266107
SNA,l2,0,both,20,-0.3468215097355187,-0.344153892443324,-0.0026676172921947226,-0.13833464241022234,-0.2084868673252963,-0.30905504489175223,-0.03822892749773194,0.0004624844903642694,-0.03484367762587043,-0.0033852498187685862,-0.30668630965384097,-0.0023687352379112383,-0.03793855858748084,-0.0002903689102510994,0.000470997667466,-8.513177101730609e-06,-0.0017421765648165403,8.759286325613711e-06,-0.0017863963942617407,4.421994568229362e-05,-0.0009210245622347243,-0.0008981118612491921,-2.291270098553203e-05,-0.3081340203295176,-2.183639884599926e-08,0.7225664754016006,0.8782230620885065,0.07543173042573942,0.06791102887405218,0.2881429425837321,0.1609053552082824,0.005994925224932035,0.36217391304347823,0.02822813259878172,0.006395397789629203,0.0002351624184551551,7.179061424195473e-05,0.003528514986520374,0.001152713079040912,0.02526406860949204,0.005615497487721004,1.5650922163211915e-06,2.983290188883307e-05,0.001351676037519521,0.001292011309637747,0.025123866965009158,0.0055349605711198955,0.008261953449618002
SNA,l2,0,both,50,-0.25074251832976996,-0.24916064113779046,-0.001581877191979577,-0.10757037667225826,-0.1431721416575117,-0.22844563880381066,-0.023600241127060405,0.0013033768263228367,-0.024500212603468505,0.0008999715082640465,-0.22699834106703004,-0.001447297736780602,-0.023486510833011832,-0.0001137302940485817,0.0013242257628385313,-2.0848936515694985e-05,-0.0010452990348152169,2.8053958000876006e-05,-0.000572259149254346,-0.0004730397411537275,-0.0010465885146531185,-0.0010205845766962402,-2.600393795687751e-05,-0.22739905028915738,-1.5225221763010872e-08,0.8357241054090778,1.022107780335514,0.06480957142877998,0.06662042855225057,0.34566814764183185,0.1514879735170994,-0.003658461124780738,0.3685217391304348,0.026146111828623607,0.010011957413318333,0.00023558723649904622,0.00014509769395532968,0.0028382220648814197,0.0012608091461292076,0.02371269884964249,0.008984995714094838,4.290881958915842e-06,8.476395341762656e-05,0.0015264626102155982,0.0014587464642732647,0.023234140245620507,0.008574153256015184,0.008929949353053579
SNA,l2,0,both,100,-0.14392964599082414,-0.14315485568362432,-0.0007747903071998397,-0.06879362960017622,-0.07513601639064788,-0.13399529860089193,-0.012276268703877106,0.002341936931063404,-0.021496427330674545,0.009220158740426542,-0.13327196075717604,-0.0007233378437158831,-0.012266628399444264,-9.640304432838665e-06,0.0023837485923952767,-4.18116613318722e-05,-0.000515744450900652,4.855061539977999e-05,0.00025995045902789794,-0.0007756948554342924,-0.0010535522206908802,-0.001027389565710726,-2.6162654980149068e-05,-0.13294174638020104,-1.5617118477589073e-08,0.8660379907704074,1.0489765668491156,0.07023206942240072,0.07420280697619921,0.3890881322624744,0.17996664831190315,-0.0032571027247273046,0.36982608695652175,0.02131722410124869,0.011426982604600209,0.00019667057560965122,0.000150121870928591,0.002277131070553336,0.0013754045853576413,0.01941091363989961,0.010230128383099049,9.706864722053448e-06,0.0001554293393884558,0.001534017122343875,0.0014658605398653048,0.019280916002841576,0.010168287328519583,0.00914156077101196
SNA,l2,0,rest,20,-0.20910416282573782,-0.20778252551146875,-0.0013216373142690425,-0.058194158810874905,-0.1509100040148629,-0.18530650264167237,-0.024149125943038387,0.00035147641292779437,-0.030690065155501486,0.006540939205138218,-0.1841150464923522,-0.0011914561493201966,-0.024024721052510797,-0.0001244048905275969,0.00035725229631596765,-5.775883388173298e-06,-0.0017253477849352593,1.0252142762369978e-05,-0.0012357976908689394,-0.0004895500065056447,0.001348439569224163,0.0013197367842145743,2.870278500958864e-05,-0.1866549422108965,-1.0653954824338416e-08,0.7626384128565412,0.901116375646864,0.07768308845536533,0.07544178665344296,0.3177105750828762,0.18599628579100808,-0.004423265702862264,0.35774647887323946,0.1816882240787902,0.0655446640845288,0.001583241302134028,0.0008409633583658816,0.02362622166159872,0.010153177475707329,0.1620168945176008,0.0584068531311478,3.353418507963653e-05,0.0002307877456519413,0.009749249898065518,0.010427201901531706,0.16313885891324076,0.05885086552332156,0.008638776903121873
SNA,l2,0,rest,50,-0.21248810274284055,-0.211696308504243,-0.0007917942385975811,-0.04359695798410134,-0.1688911447587392,-0.19249633667599564,-0.02095840613614359,0.0009666494693336799,-0.026544577387787652,0.00558617120541062,-0.19177078035981088,-0.0007255563161847689,-0.020906466790009487,-5.1939346134114425e-05,0.0009809474774055236,-1.42980080718437e-05,-0.0016963068518672797,3.138579812170785e-05,-0.0007664944478639073,-0.0009298123207157455,0.0015004629181065603,0.0014682595094318025,3.220340867475665e-05,-0.1939967995941022,-9.400035002114634e-09,0.826436899924032,1.0045497173415865,0.06350626409379885,0.06668166828053843,0.3464285951520266,0.1575809142891753,-0.0030349007888554147,0.3686642002666717,0.19487784140305325,0.07674972984964462,0.001672214914379813,0.0012278871971877954,0.02156211759149427,0.009902778776168254,0.17628432211594647,0.06882942557139372,7.905617838323509e-05,0.0006208574936800288,0.011001311675879859,0.011754640147017466,0.17788749050930508,0.06967926549361476,0.008507832283085923
SNA,l2,0,rest,100,-0.17553025376601727,-0.17519544950503096,-0.00033480426098634296,-0.02840931216789118,-0.14712094159812608,-0.16051478015988488,-0.01691472181333687,0.0018992566760648326,-0.02473376965267781,0.007819047817978729,-0.16019989910908583,-0.0003148810507990288,-0.016923430775072676,8.708961735809424e-06,0.0019278882930104416,-2.863161694560906e-05,-0.0015279883031185007,6.573394422104359e-05,-0.00037297901178846865,-0.0011550092302204764,0.0015071059404837583,0.0014747476614837545,3.23582790000041e-05,-0.16202188610036866,-8.468860347802804e-09,0.8516454785185176,1.0419875302167747,0.06349428828824367,0.06682238633742951,0.36422502321047445,0.15042329993401804,-0.0019895713649672824,0.36981915153336214,0.18048912339785006,0.08261775751664129,0.0015840521351109553,0.0013914621416801023,0.02030620916445035,0.01086354240085899,0.16305313347939396,0.07336767812216193,0.00014036210751855452,0.0012045330755131422,0.011055128893644602,0.011811764029558141,0.16502385986619675,0.0745817693730512,0.008700085174403913
SNA,l2,1,ALL,20,-0.15970089573812596,-0.15879221023505416,-0.0009086855030718173,-0.050708200074481735,-0.10899269566364425,-0.14385809887617093,-0.016197046308776736,0.00035425760156105197,-0.02416825815760943,0.007971211863567442,-0.14301707697589927,-0.0008410219002716967,-0.01613612191016618,-6.092439861056115e-05,0.0003609968390100248,-6.739237448972747e-06,-0.0011096011772632189,8.882359796514263e-06,-0.0005189291089515139,-0.0005906720067437388,0.0003722815350140904,0.00039317491082719534,-2.0893375813104586e-05,-0.14423038041118502,-8.154739341305663e-09,0.7726638031005859,0.9068777064273232,0.07925983127794768,0.07527326759539153,0.3354605263157895,0.1858289091210616,-0.004949748719993391,0.3533421052631579,0.30319100602539767,0.14439879579034356,0.00253227168481221,0.001623586181740393,0.039215132800713697,0.02301808649193696,0.270526608515128,0.12666850963895704,5.095823428265859e-05,0.00040521583584371065,0.01879242882066395,0.019164710355678044,0.2716133841322354,0.12738300372105035,0.008282888054119676
SNA,l2,1,ALL,50,-0.12398247680375195,-0.123922758381603,-5.971842214900169e-05,-0.03134651665562347,-0.0926359601481285,-0.11522265347485841,-0.00972424645356399,0.0009644295191547188,-0.018043177378107712,0.008318930914854637,-0.11514489052321375,-7.776295164465198e-05,-0.009758968516627905,3.4722063063917245e-05,0.000981107440376882,-1.6677921222163402e-05,-0.0008432322373563853,2.6622082347250038e-05,0.0001342995070741048,-0.000977531696583725,0.0004107409231835592,0.00043432414006655757,-2.3583216882998114e-05,-0.11563339439804196,-6.394484305522532e-09,0.8357592532509253,1.0168429645739103,0.06497369201559769,0.0684739841912922,0.36759868421052627,0.1601522596258866,0.0005114704522451288,0.36413014873840777,0.3077082577078874,0.1837854993262844,0.0025753024235592946,0.0025155840014102933,0.0346195990447583,0.024895352591194318,0.27877856439249943,0.16355591091764096,0.00012994124792711507,0.0010943707670818337,0.021198174501670813,0.021608915424854366,0.2803477495933055,0.16471435519526353,0.008299835229647064
SNA,l2,1,ALL,100,-0.1081723703747692,-0.10845709213291306,0.00028472175814385996,-0.02638155069225119,-0.081790819682518,-0.09904775908161652,-0.010999224007100919,0.001874619120029546,-0.021711245452335614,0.01071202141651951,-0.09929763873574238,0.00024987965412586496,-0.011067432810424029,6.820880332311382e-05,0.001907985631173718,-3.336651114417215e-05,-0.0010197523797206146,5.354423244789173e-05,0.00029866918836792173,-0.0013184215121631346,0.0004121778263860878,0.0004358793826339905,-2.3701556247902545e-05,-0.09945993690800262,-6.406081299561502e-09,0.8556038866545025,1.0502647118819386,0.05160269768614518,0.05594813917812549,0.3759868421052632,0.13634601743597738,0.00014568804910308452,0.36877756607964296,0.2855122497939325,0.17705515766101945,0.002588891421060237,0.002873613179204097,0.03299866647606495,0.021999442468964032,0.2578076505543674,0.15875989147275094,0.0002541991532933867,0.002128818273322933,0.02130158108792925,0.021713758914315342,0.2595729658394463,0.16011302893144364,0.008986050558988592
SNA,l2,1,D_only,20,-0.008123724067561263,-0.008033746898302177,-8.997716925908419e-05,-0.012065342751424341,0.003941618683863081,-0.012325190364611027,0.003687106554719567,0.000514360830439234,-0.008950262931383008,0.012637369540240674,-0.012196804807861337,-0.00012838555674967345,0.003641109106689354,4.599744803021285e-05,0.0005219492852248744,-7.588454785640189e-06,-4.457778683987003e-05,1.2197012384245097e-05,0.0002914635072024971,-0.00033604131290492536,0.0018238813852649188,0.001858803815028138,-3.4922429763218436e-05,-0.014149071749875931,-1.0881090468547925e-09,0.6569380966408406,0.7812051526467516,0.08332471100412633,0.06593624894668017,0.27041288641495376,0.15489784111702512,-0.004648649943372056,0.34783783783783784,0.03861540792846132,0.03638715015740375,0.0003532977025775166,0.0003330031034113888,0.005239011356610819,0.005883055703479876,0.03448790372395541,0.03149422921815677,3.657225965521436e-06,0.0001047353083360487,0.003943146774442833,0.004362109570633475,0.03442215433654246,0.031009517034553184,0.009066190340592493
SNA,l2,1,D_only,50,0.1040762263639347,0.10290834149518753,0.0011678848687471726,0.017468122437101538,0.08660810392683316,0.08487638066426886,0.017974815098813927,0.0012250262146134676,0.0017700131803876779,0.016204801974339048,0.08388101592296586,0.0009953647413030288,0.017783179484836827,0.00019163561397710796,0.001244140680145599,-1.9114465532131443e-05,0.0007542496360132762,2.809402393167234e-05,0.0014100274587080077,-0.000655777867302024,0.002029890460743645,0.0020695884233440823,-3.969796260043491e-05,0.08284649020352523,4.386238418992975e-09,0.7766830603554836,0.9470919616675976,0.06889020800424404,0.0658018663195246,0.3446983161916659,0.15718267469375932,-0.002706213871698653,0.3553513513513514,0.03679249974984397,0.05724232446343122,0.0003660281019639163,0.0005967302098992819,0.00399257529880889,0.0075123851194774036,0.03351285470863584,0.05043333918424445,1.3806695855934953e-05,0.00025403840950900174,0.004456651148371923,0.004924049351397162,0.033643409710076705,0.05009649598266007,0.009850446805203769
SNA,l2,1,D_only,100,0.10228879355695479,0.10124986891428128,0.0010389246426735358,0.0038776047605818746,0.09841118879637292,0.08993027946965157,0.010095900439488667,0.0022626103121558736,-0.008945094114147855,0.019040994567246974,0.08899153452052005,0.0009387449491315341,0.00995712325400772,0.0001387771854809492,0.0023012062932650213,-3.8595981109147143e-05,0.0001852286939959587,4.868444208197651e-05,0.0009809672522312057,-0.0007957385662067943,0.002037903311056613,0.002077818977550575,-3.991566649396329e-05,0.08789237615859498,3.335658707302927e-09,0.8095687102690409,0.9970035305937227,0.05335117978766357,0.0540019266263552,0.35101435743965176,0.13049021268543753,0.0005692102552968288,0.36460444876888565,0.03296502314532083,0.053161395122165785,0.00041633742085602865,0.0006241913107039995,0.0039128702195998614,0.00591883388730544,0.02992065148218749,0.04787603137440885,3.37340488121683e-05,0.00047661575290352024,0.004478942058734036,0.004948262892098382,0.030110086894910126,0.047596145953767134,0.012472152536463001
SNA,l2,1,N_only,20,-0.23748172432005743,-0.23612000126286353,-0.0013617230571939254,-0.07416392126497591,-0.16331780305508153,-0.21177988456563676,-0.02597704725633402,0.00027522143528271073,-0.034980864393132506,0.009003817109433307,-0.2105492605243946,-0.0012306240412421744,-0.025853580999500036,-0.0001234662568339859,0.0002828540540943073,-7.632618811596537e-06,-0.0014491711441276965,5.152690072366837e-06,-0.0008946057467980847,-0.0005545653613408394,-0.0003245990038583464,-0.0003115825394585047,-1.3016464399843242e-05,-0.21145528556177842,-1.393336937967101e-08,0.7808532460875558,0.9234133221486949,0.07282423255513101,0.06726237172501785,0.3426330192741917,0.16609398993433352,-0.002998041597558055,0.3695945945945946,0.0698546115585549,0.024489595560578347,0.000558900475956953,0.0003000200034109998,0.008818152409699308,0.003918037926375208,0.06246990778175847,0.021692717495892046,9.714182379071174e-06,6.312516551527548e-05,0.003641510170641288,0.003542141585843186,0.062452801846444694,0.021774980145376377,0.007937403771069088
SNA,l2,1,N_only,50,-0.23730713386921573,-0.23653993540965476,-0.0007671984595610515,-0.06398699185281227,-0.17332014201640353,-0.21700206045701648,-0.02115297736951643,0.0008479158899508992,-0.030069136408868036,0.008916158975974134,-0.21629218136398093,-0.0007098790930355784,-0.021114411187906048,-3.8566181610375376e-05,0.0008666692496829681,-1.8753359732068787e-05,-0.00110801042333012,1.99987394585254e-05,-0.0001537872279402466,-0.0009542231783538845,-0.00037406679775478166,-0.0003594993805620559,-1.4567417192726347e-05,-0.21662799365926172,-1.193263371140082e-08,0.8140733940206794,1.006095758576621,0.059383821984105155,0.059943026084564914,0.3526542123659251,0.13676579066131203,0.0006544519064546225,0.371479539434564,0.07406911104971309,0.028222393989526643,0.0005834438457570382,0.00043750247970149905,0.008179309340146063,0.004103324391471415,0.06717507763765708,0.025094173040495434,2.677558805313503e-05,0.00019100899885635784,0.0041039976871648206,0.003990162345377643,0.06749130534136037,0.025524236085985908,0.007815457174560026
SNA,l2,1,N_only,100,-0.2116085597014324,-0.21124289463885193,-0.0003656650625804889,-0.05049511559051445,-0.16111344411091802,-0.19314393684932826,-0.02022503597727934,0.001760426073729282,-0.030101893563639032,0.00987685743923326,-0.1927976332378772,-0.0003463036114511049,-0.020242804507681376,1.7768530402047112e-05,0.001797555727310009,-3.712965358072688e-05,-0.001232473836182808,4.4220770161702404e-05,3.3902512499887345e-05,-0.0012663763387002359,-0.0003764968760444814,-0.00036185253662809875,-1.4644339416378994e-05,-0.19276743997328377,-1.2948554126046022e-08,0.8418670203219317,1.0448396612090136,0.04819888902989772,0.050835737726678876,0.3615724764051511,0.12368926500326062,7.88536612295968e-05,0.3717938322657369,0.06658082186185059,0.025349449296713563,0.0005507808047159893,0.00048669217939421194,0.00743123881224594,0.0034822607545526756,0.060277698690957164,0.022589829535604573,4.8594517914437834e-05,0.0003899830406944756,0.004123789758261755,0.0040092684317053,0.06069794952765897,0.023124601698862844,0.008204493604176884
SNA,l2,1,both,20,-0.172257068936387,-0.17048241066443262,-0.0017746582719543676,-0.05884364014875374,-0.11341342878763327,-0.16156364556675298,-0.011030550637720127,0.0003371362481970395,-0.028332548803436247,0.017301998132148468,-0.15991863822433916,-0.0016450073424138518,-0.01090815258143852,-0.00012239805628160732,0.0003443888243955163,-7.252576198476828e-06,-0.0007315457457393392,5.395836359973005e-06,-0.0006995100168251354,-3.203561834437409e-05,-0.002319527458268724,-0.0021722564447840863,-0.0001472710134846384,-0.15924411810848427,-8.980110928850787e-09,0.838858315179322,0.9651544815578257,0.08411227914636196,0.08166250551824357,0.3715486633249791,0.19529927311933526,-0.0017638358267551481,0.36095238095238097,0.017842321631928747,0.007660025309565478,0.00016619606645116092,6.374041689253461e-05,0.0021943330263897365,0.0014584264214202816,0.016003544325952496,0.006437162554518181,1.7742793354102958e-06,1.9311148768631263e-05,0.0013613957691689638,0.0011501461134030633,0.01601271327445438,0.006657581158785973,0.009228747708986195
SNA,l2,1,both,50,-0.055171730566950454,-0.0542764839697206,-0.000895246597229852,-0.019177736926415914,-0.03599399364053455,-0.058635408351330055,0.0026715246404233365,0.0007921511091358877,-0.01684552735136275,0.019517052044585786,-0.05775658159014195,-0.000878826761188095,0.002670098185681387,1.4264547419560692e-06,0.0008099983782064061,-1.7847269070518613e-05,0.00020535708787090934,1.4246600322509812e-05,0.0004081330591310093,-0.0002027759216549311,-0.0026332667547148097,-0.0024667198796984252,-0.00016654687501638582,-0.056002141596615256,2.0348203471325547e-09,0.9373916309877746,1.1155574683159117,0.06657004621916247,0.07450303461281278,0.4103044068504595,0.17406318135677823,0.00025793436258010497,0.364,0.01717644002907338,0.011688601410701447,0.0001657945102258389,0.00010474670926525601,0.0019844954810615168,0.001791629680288045,0.015577601307056967,0.010176326062422978,5.050967674323547e-06,5.030555835660075e-05,0.0015362417636345552,0.0012973081447701232,0.015604256620517265,0.01044191499474771,0.009560158458826754
SNA,l2,1,both,100,0.021817336650023483,0.02185208847851185,-3.475182848837016e-05,-0.006572841616537351,0.028390178266560807,0.017919875327256935,0.00263117548490671,0.0012662687742994742,-0.021420697495824745,0.02405187288989344,0.017948382922105374,-2.850759484846086e-05,0.002601368870868465,2.9806614038255998e-05,0.0013023208336852272,-3.605205938575293e-05,2.1701436880124e-05,1.716012937646574e-05,0.0003881721545046929,-0.0003664706350342011,-0.0026468026644461155,-0.002479413780920939,-0.00016738888352518303,0.02056667799170301,1.7063560357238473e-08,0.9479325331342948,1.129093629574915,0.05939172543180716,0.06676776820736173,0.465344350459482,0.17300482575183326,-0.003136247935422455,0.368,0.01460682142151435,0.012302253683511616,0.00016938388914384536,0.00013487069162932276,0.001644463927281568,0.0014700973026041126,0.013315162057585476,0.011068474798409517,1.365075457311026e-05,9.562289487610522e-05,0.0015437372918974946,0.001303617745695643,0.01314548304224533,0.011138915329271217,0.011463287466753552
SNA,l2,1,rest,20,-0.18277974168461797,-0.1818311468530761,-0.000948594831541894,-0.05428684769472693,-0.128492893989891,-0.16294505923758237,-0.02016226509605647,0.0003275910626545861,-0.02563243725937001,0.005470172180525052,-0.16207435325086822,-0.0008707059867141336,-0.020090453474012053,-7.181162204441364e-05,0.00033366864726141034,-6.077584606824282e-06,-0.0013989287630963789,9.35343039045706e-06,-0.0006540442153167022,-0.0007448844576769309,0.0004233074988179711,0.0004250742395859889,-1.7667407680179173e-06,-0.16336836673640034,-8.413633723111189e-09,0.8041611775342938,0.939764652196143,0.07971230911771558,0.08101943597963823,0.35313899807732296,0.20358731960253626,-0.005909723206642698,0.34881516587677724,0.17687866490645274,0.07586202476279602,0.00145387743982658,0.0009268226580254697,0.022963636008013835,0.011758566440661596,0.15756525268346164,0.06704440037039004,3.581254660265567e-05,0.0002180442132237552,0.009846376106410868,0.010110313085798317,0.15872571467479388,0.06794092538233483,0.008152619935196663
SNA,l2,1,rest,50,-0.16853608218087127,-0.1683783871081601,-0.00015769507271115035,-0.03732834902003036,-0.1312077331608409,-0.1532218584039943,-0.0162396911661325,0.0009254762814985808,-0.020923011001161004,0.004683319813544609,-0.1530694826031568,-0.00015237580083753247,-0.0162493534789495,9.662312817001679e-06,0.0009404588143855117,-1.4982532886930974e-05,-0.0013930991670091139,2.9491951081005607e-05,-0.00022314665737359178,-0.0011699524250243785,0.00047449408047270353,0.00047641607278308746,-1.921992310383477e-06,-0.15369635248446706,-8.89224301565351e-09,0.8556907564329812,1.0370839984213394,0.06542517749281952,0.07191858544747527,0.37735101203008226,0.16820639414176286,0.0016090670149310237,0.3646445497630332,0.17967020687925697,0.08663217946262511,0.0014600359656125014,0.001376604602544256,0.020463218924741837,0.011488013399957451,0.16251303073914955,0.07785207263047815,8.43079963437215e-05,0.0005990178003598735,0.011101283902499513,0.01139739558330944,0.16360877792135106,0.07865170813186981,0.008060696781944699
SNA,l2,1,rest,100,-0.15398814570391162,-0.15430011934424112,0.00031197364032948844,-0.02896308442617982,-0.1250250612777318,-0.1397047119903725,-0.016097858320368533,0.0018144341558121297,-0.023365395489811393,0.007267537164586259,-0.13997969425692597,0.00027498226655347233,-0.016164828698901436,6.697037853290645e-05,0.001844413391471935,-2.997923565980554e-05,-0.001458794776293565,6.142854465051625e-05,0.00015995487154530155,-0.0016187495602865121,0.0004767038517097689,0.00047862915007536967,-1.9252983656007182e-06,-0.14018141584208227,-9.548982737043791e-09,0.8725367375036273,1.0682509065664538,0.05155944685868014,0.05755060943084905,0.3852923158639739,0.13970167382116508,0.000127266276055729,0.369260663507109,0.17135958336524676,0.08624205955862849,0.0014523893063443738,0.0016278589974765628,0.02001009351693758,0.011128250524501797,0.15429413832363725,0.07722555576432794,0.00015821983199367035,0.0011665965848488317,0.011155111979035966,0.011452609844816018,0.15561944637463182,0.07825336594954244,0.008404448394929612
SNA,l2,2,ALL,20,-0.16972530721083046,-0.16880388589835119,-0.0009214213124792684,-0.053029358346185405,-0.11669594886464503,-0.15020462677673505,-0.01990286391817112,0.00038219220635465136,-0.030767785709540682,0.010864921790129115,-0.14937981307726006,-0.0008248136994750436,-0.019813501160409624,-8.936275776149442e-05,0.0003894369905957835,-7.2447842411322155e-06,-0.0013169869280879214,1.0026662944540732e-05,-0.0007339921772712695,-0.0005829946991130178,0.003092334051321843,0.0030356025981598837,5.673145316195858e-05,-0.15329696082805694,-8.722278873104341e-09,0.7695925622237357,0.9109082834344162,0.0813821852834601,0.07727048949191445,0.32355263157894737,0.18776193367807492,0.00013547932238955232,0.35296594557608296,0.31591078343496093,0.14710689753660972,0.0027018893632894587,0.0017804680508101897,0.041247992182514466,0.02134512826434335,0.2816090862208,0.1314044594440649,4.9180724903393267e-05,0.0004313729312580445,0.016766562067819003,0.01985889611914085,0.2838434231523003,0.13054646232424336,0.008480169164521366
SNA,l2,2,ALL,50,-0.12944686256987434,-0.1293517520458885,-9.511052398585509e-05,-0.03306756580431197,-0.09637929676556235,-0.11812902258096887,-0.012343311511049098,0.0010254778578251123,-0.023743658570865536,0.011400347066542527,-0.11804084895466521,-8.81736263036735e-05,-0.012354354690491133,1.104317944203226e-05,0.0010434581981650527,-1.7980340339940533e-05,-0.0010461532441498251,2.913039373854097e-05,-6.213631387524233e-05,-0.0009840168817246112,0.003469951510156697,0.0034058734412989325,6.407806885776628e-05,-0.12159897409112556,-6.335681445911801e-09,0.8226150030838815,1.0007598033704257,0.0661782713940269,0.06787131886733205,0.35792763157894747,0.16496360628228438,0.0017875948763991657,0.3602745349853153,0.31515948895559065,0.18580773690970218,0.002705465997850728,0.0026103554738648727,0.035764267847031864,0.023420956335982766,0.28465780965515447,0.16652878707418559,0.0001262872581540457,0.001151765115979158,0.01892291234770136,0.022392863857858058,0.2869837500222594,0.16538477593113388,0.008511369233034846
SNA,l2,2,ALL,100,-0.12605729142086303,-0.12613171174937618,7.442032851318608e-05,-0.032965325255070385,-0.09309196616579263,-0.11580992111716895,-0.012239318181752338,0.001991951552387803,-0.02546257164748492,0.013223253481217462,-0.11587638237660593,6.646125943697678e-05,-0.012283239544881086,4.3921363128747844e-05,0.0020279142170294426,-3.596266464163944e-05,-0.0011003604733250474,5.860100257754067e-05,0.00017931651122913208,-0.0012796769282513575,0.003486063465039547,0.0034216656904935065,6.439777454603958e-05,-0.11929598458220853,-3.6743295406885734e-09,0.8412985028718648,1.0325498641164679,0.06376391642972042,0.06800138285285548,0.3613157894736842,0.1491406513515272,0.0006130870529695563,0.36810968709702885,0.2977194959307896,0.17158778418141346,0.0027436393585747666,0.0028180596870879524,0.03378721523435537,0.021547897052603026,0.269337523545037,0.1535276024278681,0.0002459154208311388,0.002237866973218942,0.01901579222649781,0.022501855691537363,0.27319722482411024,0.1539012402419017,0.009131367666560739
SNA,l2,2,D_only,20,-0.031360288828295585,-0.03135418241999191,-6.106408303665201e-06,-0.013303924438268956,-0.018056364390026624,-0.029313909418593062,-0.0025697496598289255,0.000523370913643318,-0.017712265574539268,0.01514251596126038,-0.02930673589552358,-7.173523069493068e-06,-0.002579623147215321,9.873487386397253e-06,0.0005321774378812695,-8.806524237951496e-06,-0.0004148722435060886,1.2567161716017366e-05,9.603245906959594e-06,-0.0004244755013199699,0.00623174355642348,0.006067913320393587,0.00016383023602989364,-0.03554565297501654,-6.635169145808129e-10,0.6866014877918599,0.815704049765723,0.08839759644981716,0.07604501456509136,0.27759810342317287,0.17803410469341902,0.0016327252273307079,0.34765261337943876,0.044997513516371865,0.03862899042666619,0.00039036560462064743,0.00038686861613409986,0.0060178206116091645,0.0054945802381310025,0.04000465278179118,0.03405226764754388,3.418529981474767e-06,0.00010702410363700461,0.003185603832332412,0.004486547544760942,0.04096352981014697,0.033710200963471125,0.00860065753634428
SNA,l2,2,D_only,50,0.05611620213719032,0.05502273304058332,0.0010934690966069973,0.01032895786009784,0.045787244277092486,0.047273115372964684,0.007593191310871167,0.0012498929153058852,-0.011907977743038034,0.019501169120233308,0.04627943489403196,0.0009936804789327236,0.007471287142261653,0.00012190416860951568,0.0012720088966028992,-2.2115981297013683e-05,0.00010274069807890964,2.9536854064707865e-05,0.0009365882984954046,-0.0008338476244754865,0.007019146733968934,0.006833838957400539,0.00018530777656839307,0.04025396863899576,2.538048579159706e-09,0.7980377084716933,0.9670419483058027,0.07122888496193185,0.06809692566265625,0.35143634533930657,0.16158059234633473,-0.0004268318321430158,0.35358263737432843,0.04264258642385506,0.053671467336677325,0.00037640971082605814,0.0005953376197354182,0.004964283442898349,0.006451593187723101,0.038543743386857905,0.04805698625156471,1.057042353272135e-05,0.00025782616570702623,0.0035988721972239133,0.00506446947425262,0.03938609758058984,0.047433743168267956,0.008749848779539595
SNA,l2,2,D_only,100,0.0877395557504192,0.08622232940488833,0.0015172263455308355,0.011947001599411668,0.07579255415100754,0.075844183798444,0.009580035721300754,0.002315330366693077,-0.009487438570642562,0.01906747439844027,0.07445953761621178,0.001384646182232186,0.009402937525876242,0.0001770981954245122,0.002359849698615449,-4.451933192237279e-05,0.00019279022200298086,5.2401965462605724e-05,0.001360177993418856,-0.0011673878028890072,0.0070532327948984895,0.006866975987855895,0.00018625680704258796,0.06879095100354551,5.86398133996156e-09,0.8529853864679247,1.0335563027478216,0.06885603609627099,0.07310356416858169,0.3751086724648946,0.1571704102356034,0.0014576295229921008,0.3632543418707944,0.0389104241342052,0.05634238466545864,0.0003997728257672861,0.0007050499739048782,0.004623297199466435,0.0065304180856704495,0.03516784181942251,0.05054080726462463,2.369533027579164e-05,0.0004808455821707297,0.0036166922200252475,0.005089411131334048,0.03640591396857704,0.05030616050247036,0.01016969785662366
SNA,l2,2,N_only,20,-0.27727531950589007,-0.2754237546857401,-0.0018515648201500045,-0.08382691221444583,-0.19344840729144427,-0.24758434089817918,-0.030007966974029486,0.00031700407846201164,-0.04056573712255551,0.010557770139603273,-0.2459368046216006,-0.001647536276578629,-0.029812142507812382,-0.00019582446621710812,0.00032520797228382587,-8.203893821814212e-06,-0.001639221404959295,6.341490366838601e-06,-0.0012436030260965666,-0.00039561830502620615,0.00449253681955479,0.004366558581460156,0.00012597823809463166,-0.25207687771773396,-1.5712143431527633e-08,0.8055946773854358,0.9670183542558608,0.07515617602758586,0.07267046388719614,0.34421987503828944,0.17914103695755249,0.00010615537936593915,0.3670212765957447,0.07869381159362045,0.024942408907485385,0.0006592246676767613,0.00029440823475229797,0.009639931926476653,0.0037777709042759004,0.0706388285832149,0.02232282994522786,1.1075491122529478e-05,7.301910595803973e-05,0.0031540844484422913,0.003976418470496363,0.07129257889003357,0.02215424622999246,0.008307491417291672
SNA,l2,2,N_only,50,-0.19948215887436446,-0.19854193628903966,-0.0009402225853247626,-0.04151886697863131,-0.15796329189573313,-0.18297930591784667,-0.01739851249875853,0.0008956711915034964,-0.02952118303801779,0.012122670540138466,-0.1821278579067647,-0.0008514480110820267,-0.017329899143867636,-6.861335489089108e-05,0.0009158326074524212,-2.0161415948924866e-05,-0.001084912593404639,2.145740871293927e-05,-0.0004225517710550102,-0.000662360798607909,0.005053053227052247,0.004910608089209656,0.00014244513784259207,-0.18803235914489896,-1.1649262764524e-08,0.849858630063743,1.0409799264279536,0.060664461134836645,0.06410423405038077,0.37187154730614397,0.1528784828768556,0.0022682991123055634,0.36840425531914894,0.07272570556907607,0.03407162786716664,0.000632401198381558,0.00044356782047543674,0.008017158888761389,0.00466864330243382,0.06593269016529209,0.030264075321066092,3.284521996555361e-05,0.00020706686006404418,0.003558043841982743,0.004482830096823849,0.06619401996454695,0.029600618865479864,0.008620740450489618
SNA,l2,2,N_only,100,-0.2117460391039819,-0.2107721575087825,-0.0009738815951994273,-0.044579184427138235,-0.16716685467684367,-0.1924524332588065,-0.02099952755140539,0.0017059301604932188,-0.03216426717612996,0.011164739577823652,-0.19158532399694897,-0.000867109261857505,-0.020932809752714797,-6.671779869058786e-05,0.001745984605515436,-4.0054445022217326e-05,-0.0013057285869186351,4.296886871243132e-05,-0.0003641293805664261,-0.0009415991616052833,0.005077030079969182,0.004933863399777322,0.00014316668019186035,-0.19752946333877566,-8.454263268792522e-09,0.8461516163183047,1.0439925833373223,0.06017442576677232,0.0649318435235266,0.36507895759280357,0.1417114406678559,-5.6117990717139564e-05,0.3725,0.06993609365753081,0.02854056551541805,0.0006740599757406591,0.0004809199695228017,0.007751489799858566,0.0036312777002921078,0.06339571768206817,0.025594394548459277,6.333640281791999e-05,0.0003962051257840711,0.003575368147948687,0.0045045378354080425,0.06426835393369167,0.0255378611126234,0.009546218795125839
SNA,l2,2,both,20,-0.21245357251437996,-0.21053117889830286,-0.001922393616077077,-0.07649502582618804,-0.13595854668819185,-0.1938755500171104,-0.01893732880230428,0.0003593181130127093,-0.031059160537249397,0.012121831660361777,-0.19212332063277995,-0.0017522293843304365,-0.018774624807393357,-0.00016270399491092672,0.000366779263984423,-7.461150971713744e-06,-0.0011958489519399672,5.696460090380924e-06,-0.0011452461812146038,-5.0602700981185994e-05,0.0007974991063950332,0.0008507095584571344,-5.321045206210151e-05,-0.19467304912350536,-1.1807977965647158e-08,0.7965374175767254,0.9293160261366898,0.07799163362884282,0.07224619553043952,0.34258302005012536,0.18177822842577795,-0.00014168341051236253,0.36818181818181817,0.016960267004103483,0.006650907624133052,0.0001566430703908401,6.507783111086802e-05,0.0021237814679889557,0.0011782557787116035,0.01517680066579772,0.005703484506079809,1.600189479637597e-06,1.951787532500831e-05,0.0010763294301689653,0.0012059598711705436,0.015343327463147443,0.005740380862427949,0.009151363751349716
SNA,l2,2,both,50,-0.08766654334859203,-0.08689791895587287,-0.0007686243927191458,-0.04322202059622608,-0.04444452275236595,-0.08068025536109431,-0.00790956297848597,0.0009232788313845186,-0.02221379086482043,0.014304227783824782,-0.07998580305847225,-0.0006944523026220956,-0.007853783523955835,-5.577945453013493e-05,0.0009416721583878435,-1.8393327003325068e-05,-0.0006304507715689016,1.5328569608165427e-05,-0.00035901041894304583,-0.0002714403158976705,0.0008555165705719549,0.0009155978095873727,-6.008123901541694e-05,-0.08153577193166632,-3.840396230602907e-09,0.8501653839173473,1.022599820863633,0.06517727666891607,0.0632696889396897,0.40994282581453634,0.15646461532042735,0.00015837827062509715,0.36383838383838385,0.014907614400405165,0.011197996430216843,0.00015081778517924248,0.00012299476289435437,0.001634753578817858,0.0014343642158529501,0.01356443934069991,0.009982019136485833,7.339620357473647e-06,5.2708187095035615e-05,0.0012151840261585777,0.0013588547895264458,0.01359248716083963,0.009866396193257685,0.010015503826727851
SNA,l2,2,both,100,-0.08336861921046107,-0.08255506496318117,-0.0008135542472798779,-0.05531039815662275,-0.02805822105383833,-0.08038805612346778,-0.004668202330346763,0.0016876345368976966,-0.02788870250245847,0.023220500081221625,-0.07963496687936765,-0.0007530892441001251,-0.004644389072920643,-2.381325742612454e-05,0.0017242880332427228,-3.6653496345026396e-05,-0.0003394418934981147,2.4733496449423913e-05,0.00016199035010168228,-0.0005014321734270991,0.0008569803292271295,0.0009173726225281184,-6.039229330098799e-05,-0.08124503645269496,4.70645577617582e-09,0.8546547553593055,1.0381886336140167,0.06812580589177016,0.06977532506175806,0.39827302631578954,0.15558920325454614,-0.004839682206803266,0.36696969696969695,0.01323872849112369,0.008323500320213508,0.0001535977975244781,0.00011040933520569907,0.0014850130493955507,0.001151147347298999,0.012083677956414074,0.007376474056311954,1.384646628390366e-05,9.64992277981975e-05,0.0012212045324208132,0.0013654162312580595,0.012210719996919335,0.007359304397979965,0.01146909015013122
SNA,l2,2,rest,20,-0.17897296547322214,-0.17813710527231108,-0.0008358602009110669,-0.05536927091170333,-0.12360369456151883,-0.1565555006760783,-0.022777560847248628,0.0003601051751962696,-0.03185054940167194,0.00907298854537446,-0.15580663003171422,-0.0007488706443641052,-0.022696879111261975,-8.068173598666182e-05,0.0003664128106325183,-6.307635436248599e-06,-0.00154111894110305,1.094860472434502e-05,-0.0007826420360571927,-0.0007584768391174062,0.0014917677796787302,0.0014924453144151458,-6.775347364146533e-07,-0.1580472684557571,-9.125091460450275e-09,0.7831554793569999,0.9218654663195504,0.08138600112472691,0.07975083471323619,0.33046970662144765,0.19464858323781314,-0.00039978188518909237,0.34839601506268175,0.1752591913208651,0.07688459057832513,0.0014956560206012095,0.001034113368812924,0.023466458176439692,0.010894521343224842,0.15578880418999616,0.06932587734521334,3.3086514319751415e-05,0.00023181184633799188,0.009350544356875334,0.010189970232712998,0.15624398698897232,0.06894163426835184,0.008461753909989274
SNA,l2,2,rest,50,-0.17839861074763042,-0.17821311040953955,-0.00018550033809089367,-0.04680942574867031,-0.13158918499896013,-0.1607516759675276,-0.018659686121472577,0.0010127595265714904,-0.026334880806644693,0.00767519468243949,-0.16057999683865484,-0.0001716791288727156,-0.018661499926797116,1.8138053245349629e-06,0.001028394769596188,-1.563524302469736e-05,-0.0015073096223472005,3.341309814677134e-05,-0.0002889671662006004,-0.001218342371302925,0.0016629523085756293,0.0016638659282869179,-9.136197112879436e-07,-0.16241462827610323,-8.18520176715834e-09,0.8160507460363329,0.9934573232076287,0.06650031069112905,0.0695837627831792,0.3480552210235264,0.17128319988907106,0.0027835255322357115,0.3594226662599146,0.1848835825622544,0.08686664527564136,0.001545837303463869,0.0014484552707596631,0.021148071936554266,0.010866355629972894,0.16661693676230457,0.07822570636506895,7.553199429829714e-05,0.0006341639031130519,0.010550812282336126,0.011486709497255143,0.16781114531628302,0.07848401770412834,0.008291809868728378
SNA,l2,2,rest,100,-0.17609448071962572,-0.1761064875204,1.2006800774294642e-05,-0.043346670037775314,-0.1327478106818504,-0.16057581424112408,-0.017547588065311558,0.0020289275691813217,-0.028441492311576767,0.01089390426274374,-0.1605759667590668,1.525179426902982e-07,-0.017590721608772175,4.313354346061651e-05,0.0020602069675865324,-3.127939840521057e-05,-0.0015463568113679976,7.033048168440113e-05,-4.065643455267814e-05,-0.0015057002844185022,0.001670166688283619,0.001671096393930982,-9.297056473618281e-07,-0.16224598092940773,-5.982371417071694e-09,0.8330497959222123,1.0258491092134465,0.06297138589120035,0.06702054501818364,0.35093650166027196,0.14822161305946324,0.0010273994747358767,0.368383923123856,0.1756342496479299,0.07838133368032321,0.001516208759542343,0.0015216804084545738,0.019927415185634813,0.010235053919341468,0.15869028608713223,0.07001592655847216,0.0001450372214535235,0.001264317037465944,0.010602527326103067,0.011542490493537207,0.16031223692492216,0.07069791422882797,0.008558875732936795
LR,none,0,ALL,20,0.011105917630966479,0.011013690078727184,9.222755223929295e-05,-0.0019113613654686988,0.013017278996435167,0.013278788540813862,-0.002172874417829937,0.0,-0.035444850585941566,0.03327197615502397,0.01317980821958443,9.89803212294297e-05,-0.002166121829345623,-6.752588484312727e-06,0.0,0.0,-0.0008942720134518323,0.0,-0.0006899816648619948,-0.00020429030800597482,0.0014662129358765533,0.0014822791689634719,-1.606623308691949e-05,0.0118125756049373,3.5079825524937346e-09,0.2177697392513877,0.28720756028827865,0.1641972471538343,0.04523450663215236,0.13085526315789475,0.10632610245754844,0.0007794043892308287,0.3295,0.38387557976419406,0.3948892698429213,0.0033967573048644946,0.0034889848571037873,0.05340252229677302,0.05122964787894307,0.33726107179730513,0.350539860338119,0.0,0.0,0.018187721229204475,0.019653934165081027,0.33749999973995165,0.34931257534488885,0.008770978403910073
LR,none,0,ALL,50,-0.08368893648295048,-0.08329807530956339,-0.0003908611733870776,-0.03667869139647071,-0.047010245086479795,-0.07573287346051465,-0.007956060968245667,0.0,-0.035478424861301816,0.027522363873701355,-0.07537734401944812,-0.0003555294410665181,-0.007920728744450555,-3.533222379511121e-05,0.0,0.0,-0.0010664839968517817,0.0,-0.0008212755063565047,-0.00024520842906697554,0.0016470527452155316,0.0016650582782705243,-1.800553305499497e-05,-0.07737992620573018,-2.0541901862485743e-09,0.21495723523591695,0.2812942524960167,0.12247312796743295,0.03338446654771504,0.12773026315789474,0.07615888620677748,-0.00048468347491794505,0.3611865512958167,0.5437130272028896,0.46041495189332626,0.004929165146742506,0.004538303973355429,0.06138329020263247,0.0534272292343868,0.4879120988780785,0.41217922541756385,0.0,0.0,0.0204842715567088,0.022131324301924323,0.48797447331399935,0.41059454710826926,0.008984298355969873
LR,none,0,ALL,100,-0.05856498037652867,-0.058595771241674255,3.079086514557469e-05,-0.024930074506937308,-0.033634905869591385,-0.05465435666031608,-0.0039106347405887055,0.0,-0.025415473956192695,0.02150483919131523,-0.054675893714637235,2.1537054321147363e-05,-0.003919885895213542,9.251154624837765e-06,0.0,0.0,-0.0008639933379826518,0.0,-0.0006166011992517121,-0.00024739208238863143,0.0016547260117313238,0.0016728158676726805,-1.8089855941357057e-05,-0.05630908267204743,1.102437608374597e-08,0.2273322346335963,0.29563582972476354,0.10821475455635472,0.030519363189998424,0.14148026315789472,0.06530005003276625,-0.0005038697027454251,0.36607471814899417,0.6013056860691743,0.5427099148275002,0.005430729080935156,0.005461519946080731,0.06504208326090534,0.06113144852031665,0.5418048016397005,0.48715044497938437,0.0,0.0,0.020583524600216827,0.022238250611948153,0.5418013765904296,0.48549229391838217,0.00895072216753558
LR,none,0,D_only,20,0.2851781184380025,0.2831478777919887,0.0020302406460138557,0.08806866012924694,0.1971094583087555,0.2519117840458689,0.03326631852656209,0.0,-0.007041878799695452,0.040308197359767074,0.2501218339840615,0.0017899500618074563,0.0330260298319151,0.00024028869464698695,0.0,0.0,0.0004970280975013958,0.0,0.0006842049801987962,-0.00018717691812649613,0.0013063529869108276,0.0013781071905280883,-7.175420361726094e-05,0.2506054310589581,1.586557145774282e-08,0.14770986120539595,0.19345760096823678,0.16566589902137524,0.030808308256113318,0.05301095524569634,0.07064725852828176,0.0012876370761925498,0.32959697732997484,0.03363837186260074,0.09142899003716484,0.0002797656829812025,0.0006940037635228548,0.0047016093786751275,0.011480666889780757,0.029689578383104483,0.08111537410464047,0.0,0.0,0.004719084350775491,0.005049943795833044,0.03017193478387286,0.08126687106035128,0.008248261939654873
LR,none,0,D_only,50,0.26945183470499406,0.2673579001772682,0.00209393452772595,0.06778675556914243,0.20166507913585174,0.24054862109886707,0.028903204039973256,0.0,-0.007426765639916011,0.03632996967693751,0.2386613764432783,0.0018872446555887093,0.028696519217509205,0.00020668482246405156,0.0,0.0,0.0004363726751564827,0.0,0.0005714579765006447,-0.00013508533275381345,0.0014666063033479805,0.0015482201556526166,-8.161385230463677e-05,0.23908201479551905,9.56615378716095e-09,0.14930947236076209,0.19168451969223307,0.12254590644590746,0.02397526275265422,0.05478830097782054,0.05291650103860899,0.00018245587351217247,0.3602015113350126,0.054291020207972975,0.11027012572119155,0.00043758030527418383,0.0008803713613336809,0.006160963571079844,0.012167165274362212,0.0486574423816074,0.09907313558673843,0.0,0.0,0.0053337390733390845,0.005705896959053586,0.04861120495608401,0.09865474027550057,0.007995459433834175
LR,none,0,D_only,100,0.28242166659379053,0.28025325002464135,0.002168416569149165,0.06611227654117861,0.21630939005261193,0.2506022315228988,0.031819400582327975,0.0,-0.002226971263500346,0.034046371823718634,0.2486561099072536,0.0019461216156450526,0.03159711078793228,0.00022228979439569858,0.0,0.0,0.0005653593070643715,0.0,0.0006105153423304135,-4.515608185020813e-05,0.0014734963227300748,0.0015555576274254575,-8.20613046953847e-05,0.24912873520016862,3.448856387553995e-08,0.15573673076913525,0.197666059921679,0.11385426081321158,0.022656373620817932,0.06192969422001408,0.04823180016593107,0.0003453872187979017,0.3658370698775757,0.06520920304859185,0.12439956037040739,0.0005306398808514993,0.0009977079612987214,0.006969601628449637,0.013651446933734103,0.05878543711690831,0.11176101029265034,0.0,0.0,0.005360688056841172,0.005734633172954904,0.05865669883400149,0.1112583268936298,0.008071815465409913
LR,none,0,N_only,20,-0.6210248098400063,-0.615681018595414,-0.0053437912445923105,-0.23024360460845264,-0.3907812052315537,-0.529693986405984,-0.0913308012932786,0.0,-0.10535276740623004,0.014021966059221543,-0.5250916809068878,-0.004602305499096102,-0.09058931779111686,-0.0007414835021617487,0.0,0.0,-0.004258445205584307,0.0,-0.0041518382290597865,-0.00010660679260101507,0.0007410303475710148,0.0007253455340950288,1.568481347598476e-05,-0.5304350167535552,-2.2140743647296987e-08,0.3831971048067726,0.5160169369201626,0.16447993579751985,0.08270167840702534,0.31466346265046985,0.19709015796193388,0.0004812917410592331,0.33602015113350125,0.17953879174182294,0.05012839889847034,0.0016105737349655675,0.0004922620832037769,0.025861361810852114,0.006673661284996355,0.15600508662014512,0.04466408721940287,0.0,0.0,0.0037865535511863915,0.004088946391811267,0.15643749197881662,0.0447940997374495,0.00889086048259958
LR,none,0,N_only,50,-0.8659058501488655,-0.8588561492703342,-0.007049700878531287,-0.3115731470077273,-0.5543327031411384,-0.7745926122601672,-0.0913132095811537,0.0,-0.1022971520135137,0.010983942375241772,-0.7682346428530661,-0.006357969407101129,-0.09062147895685009,-0.0006917306243035996,0.0,0.0,-0.004368129291778845,0.0,-0.004002113502224723,-0.00036601557407798033,0.0008275958306059921,0.0008093621192116719,1.8233711394320977e-05,-0.7754202080907732,-2.830754468052873e-08,0.3574312468164451,0.47823854756389095,0.12016769190172352,0.05715639742881028,0.2860347338490869,0.13199377213753627,-0.002003998725053613,0.36836272040302265,0.23855151913029465,0.05876607911907707,0.002154165764682387,0.0006810017257904339,0.02654203068956427,0.007404337725517201,0.21428745749624237,0.0521665521048549,0.0,0.0,0.004253820704979525,0.004592989768902544,0.21467651577170854,0.05221644131639804,0.008949376354041147
LR,none,0,N_only,100,-0.8005596871466881,-0.7944603531363319,-0.0060993340103562815,-0.2778343988162913,-0.5227252883303968,-0.7161527288573144,-0.08440697601972293,0.0,-0.09195977640909554,0.007552800327251329,-0.7106581687994046,-0.005494560057910036,-0.08380220043510687,-0.0006047755846160676,0.0,0.0,-0.004077432259901114,0.0,-0.003640422679918361,-0.0004370093590102986,0.0008314359797994001,0.0008130879360035864,1.8348043795814144e-05,-0.7169841648371138,1.7730349174155456e-08,0.3809537933064119,0.5027123552928265,0.1051775660003658,0.05200601520061573,0.31217089928500935,0.11244859273980261,-0.001843494384518118,0.3712594458438287,0.24419951847765145,0.07758436312535605,0.002187690934301109,0.0009067608039262459,0.026758075123581648,0.008984905618696862,0.2196995232299157,0.06957660345536888,0.0,0.0,0.004273908251289901,0.004614694753942956,0.22001155623750213,0.06954784996030228,0.008879076716370251
LR,none,0,both,20,-0.30620882175296193,-0.30440527738379525,-0.0018035443691667495,-0.1354938865451564,-0.17071493520780553,-0.2511492187787859,-0.055059590509876126,0.0,-0.07623335549773952,0.02117376491173633,-0.24969344808830787,-0.0014557706904780813,-0.05471181585128133,-0.00034777465859480046,0.0,0.0,-0.0028975908779963013,0.0,-0.0025951123190126337,-0.00030247830624562127,0.013516931889935314,0.013159301169097581,0.0003576307208377294,-0.26466615066872123,-1.246429989485845e-08,0.3822685446058001,0.5196716936757989,0.16069014705437468,0.08298409996848355,0.3136317355889724,0.18628182180393907,0.003131852922424263,0.3230769230769231,0.022926495121323415,0.010460784083299203,0.00017994439437691318,9.942276452324893e-05,0.0035572877411763127,0.0013290827798149642,0.01971086328557554,0.009392836854667252,0.0,0.0,0.0008203400796653074,0.0011924012968170452,0.019738666913192985,0.009048579265132958,0.0077876296888858545
LR,none,0,both,50,-0.5135225572254192,-0.5100936915789915,-0.0034288656464276047,-0.22765147285595133,-0.2858710843694679,-0.4530511933785787,-0.06047131239985678,0.0,-0.08073319952208055,0.020261887090275457,-0.45005202758660107,-0.0029991657919776864,-0.06004161659148434,-0.00042969580837242896,0.0,0.0,-0.0031176843541948483,0.0,-0.003137655613823024,1.9971526926779576e-05,0.01525849947190538,0.014853455247926495,0.00040504422397887843,-0.46830969285048407,-5.1446983647137693e-08,0.3820747092702335,0.5103504070363247,0.1263427731051182,0.0584470529776804,0.31341635338345863,0.12905491664072027,0.0010191362530324506,0.37025641025641026,0.03616177633064403,0.014218999277861511,0.00028979069492044416,0.00013510827367243014,0.00414661022139696,0.0016117953439277652,0.03231252668311954,0.012749885240052217,0.0,0.0,0.0009245194320425877,0.0013445112488754156,0.03245889610604102,0.01247626284614087,0.00795002022045324
LR,none,0,both,100,-0.5366094780534125,-0.5327651066842433,-0.0038443713691692456,-0.23353971399017698,-0.30306976406323555,-0.481359241096176,-0.055250162388817886,0.0,-0.07106285879857581,0.01581269636584275,-0.47792054069479034,-0.003438700401385829,-0.054844488122989345,-0.00040567426582852105,0.0,0.0,-0.002742834030316946,0.0,-0.003013185903577556,0.0002703521899363253,0.015334776178284007,0.014927626883346855,0.0004071492949371497,-0.4966940172744603,-7.456841845865627e-08,0.3630815234847535,0.4834057234134291,0.10119404869532227,0.04577142015230237,0.29231281328320796,0.09914644273898954,-0.0012870937186692446,0.3735897435897436,0.03941230102718135,0.01763863141227545,0.00032699012173045627,0.0001701637700592217,0.00423610799392512,0.0020046465116578833,0.03554120727692128,0.015842175817515767,0.0,0.0,0.0009290506551764674,0.0013511399372028927,0.03576182807033605,0.015640707328904112,0.008228383352515092
LR,none,0,rest,20,0.17569771984546895,0.17408772988179458,0.0016099899636744033,0.06212786778541781,0.1135698520600511,0.15286268427765085,0.0228350238307815,0.0,-0.01613981107815531,0.03897483489950909,0.15146217365304177,0.0014005106246090938,0.02262554436271507,0.00020947946806643171,0.0,0.0,3.605213433698195e-05,0.0,0.0002903133926124475,-0.0002542612586489035,0.0009345634573693912,0.0009628323682182348,-2.8268910848844514e-05,0.15192812082028143,1.1737036587248001e-08,0.17066378425861206,0.21953733438801795,0.16336563098101586,0.03382413463541316,0.07851530203558203,0.07979248393090588,0.0007055322208480283,0.327431906614786,0.14777192103844697,0.24287109682398686,0.0013264734925408112,0.0022032962458539067,0.01928226336606945,0.031746236924350996,0.13185554350848,0.21536756215940847,0.0,0.0,0.008861743247577285,0.00932264268061967,0.13115190606406912,0.21420302528195515,0.008896631628485606
LR,none,0,rest,50,0.11723015914358238,0.1157492220776153,0.0014809370659670642,0.04421953114458715,0.07301062799899524,0.10300446839608429,0.014225680528737872,0.0,-0.016836313022225324,0.031061993546084316,0.10167996537543612,0.0013245030206481948,0.014069246014907593,0.00015643451383028214,0.0,0.0,-0.00020198942636233508,0.0,7.35275559560535e-05,-0.0002755169592366896,0.001046577875966959,0.0010783125807532217,-3.173470478626259e-05,0.10195789052011732,1.0218760195562565e-08,0.17466321911311747,0.22502365433790392,0.1230377718253063,0.02602227320808591,0.08295911581338765,0.059839375414323694,-0.0003630451187895425,0.35810731935094753,0.21470871153397802,0.27715974777519614,0.002047628381865491,0.0028418226125588837,0.024533685720591402,0.03224393089057962,0.19265467231710923,0.2481896524859183,0.0,0.0,0.009972192346347601,0.010487926325092782,0.19222785648016585,0.24724710267022976,0.009446682771357419
LR,none,0,rest,100,0.13205002311764907,0.13018488866944905,0.0018651344482000125,0.05283904724136603,0.07921097587628306,0.11480777117322348,0.01724224511211299,0.0,-0.005138706151065132,0.022380951259328513,0.1131375262703664,0.0016702449028571313,0.01704735727002177,0.0001948878420912235,0.0,0.0,-1.656277630728101e-05,0.0,0.00028005045433804164,-0.0002966132174973494,0.001051059305072034,0.0010829416386100154,-3.188233353798115e-05,0.11375671186815148,6.832312586485359e-09,0.1860326439592356,0.23978650773008467,0.1075520008246623,0.023985135650774547,0.09559180721101057,0.050910911419200344,-0.00025323951893519044,0.3635939141600841,0.2524846635157498,0.3230873599194613,0.0023854081440520913,0.003386887410796541,0.02707829851494894,0.03649044945622779,0.2277786340159551,0.28997065541384937,0.0,0.0,0.010019877636909287,0.010537782747847396,0.2273712934485899,0.28904540973554593,0.00935931052444679
LR,none,1,ALL,20,-0.008427281457682961,-0.0081718776644422,-0.0002554037932407626,-0.0059522745845368204,-0.00247500687314613,-0.008694792292651498,0.0002675079028957534,0.0,-0.03132520544347868,0.03159271332933494,-0.008444018867451131,-0.00025077342520035613,0.00027213793910361246,-4.6300362078589535e-06,0.0,0.0,-0.0006626956447716045,0.0,-0.0005154690869002481,-0.0001472265324759794,6.842965658234987e-07,4.9996911810859205e-05,-4.93126152450358e-05,-0.008695476589217311,2.9320727832410626e-09,0.21617104781301397,0.28118483995136456,0.17225313839159515,0.04528188856024492,0.12907894736842107,0.10597813556068822,-0.00027456944367211126,0.3308858360966367,0.36240752804631116,0.35423565038186894,0.0033441471823760748,0.003088743389135312,0.049584064929892924,0.04985157283278869,0.3193208900582478,0.3106260977655963,0.0,0.0,0.0167822952248996,0.016782979521465426,0.3188027355569713,0.310107258967754,0.009143217677089619
LR,none,1,ALL,50,-0.09054161450664402,-0.0898616612257395,-0.0006799532809045082,-0.033785699187538265,-0.05675591531910575,-0.0836156025360497,-0.006926006198727359,0.0,-0.03165323803501553,0.024727231813724427,-0.08298272777104469,-0.0006328747650050152,-0.006878928186936987,-4.7078011790376874e-05,0.0,0.0,-0.0008523313471360717,0.0,-0.0007122707146182343,-0.00014006059914006833,-9.027666552112476e-06,4.668432700520376e-05,-5.571199355731603e-05,-0.08360657486949756,-5.771866978148235e-09,0.21463157453035053,0.27943329560129265,0.12412955886439275,0.03213475892418309,0.12736842105263158,0.0692414983950163,0.00043720013216922164,0.36027159324174957,0.51178684899401,0.4219251877682704,0.004816031556015093,0.004136078275110585,0.05759297962891461,0.05066697343018725,0.45977412006137924,0.3761585175253295,0.0,0.0,0.01891154140160957,0.01890251373505746,0.45867509580811167,0.37506852093861404,0.00932250232690821
LR,none,1,ALL,100,-0.07957569580286565,-0.07921166564404901,-0.00036403015881660396,-0.022878421784962976,-0.05669727401790269,-0.07526299157827535,-0.004312707122394775,0.0,-0.02321895694799209,0.018906249837532724,-0.07490096740359763,-0.0003620241746777014,-0.004310701957604933,-2.0051647898453617e-06,0.0,0.0,-0.000738185838069985,0.0,-0.0005951297645998186,-0.00014305603925576717,-9.723447925637092e-06,4.626934848815364e-05,-5.599279641379055e-05,-0.07525326813034967,2.8978044489536846e-09,0.2245789457622328,0.2895247981422826,0.11235732906743101,0.029672338837071474,0.13842105263157897,0.06591985639772918,-0.0005960860029843293,0.36607908878935097,0.5665207667708686,0.4873091011268197,0.0053122298862619665,0.004948199727445363,0.060661606287999825,0.05634889916560505,0.5113943078494259,0.4361313162711504,0.0,0.0,0.019003499406354252,0.018993775958428615,0.5103777693395961,0.4351245012092463,0.009289827479905229
LR,none,1,D_only,20,0.26312633127670465,0.26121519995179715,0.0019111313249074672,0.0855679290066222,0.1775584022700824,0.23370292243235785,0.029423400051114948,0.0,-0.012525493474716999,0.041948893508570145,0.23199732045589178,0.0017056019764660432,0.02921787275870502,0.00020552729240992497,0.0,0.0,0.00037156175568216714,0.0,0.0005901718391810932,-0.00021861009319834511,0.0030832719914993282,0.0029941456660390357,8.91263254602926e-05,0.2306196504408585,8.793231879089575e-09,0.13715403013067942,0.17333064471994525,0.1769619642068833,0.029015518444769555,0.04128225170356026,0.06577099203018041,0.0006544792499009163,0.32409326424870466,0.03082187151747357,0.08359055792176592,0.0002290980304640375,0.0006149795196190673,0.004475003497265088,0.010429870399595108,0.027023524039803255,0.07422322326355098,0.0,0.0,0.004057106235116463,0.004714294432299747,0.02729086460728902,0.07383337563385345,0.0073781280842244775
LR,none,1,D_only,50,0.24507305915953526,0.242923105086473,0.0021499540730623326,0.06484949092422627,0.1802235682353089,0.2176635712327576,0.027409491348578566,0.0,-0.012075263566426197,0.03948475486112935,0.21572598250503708,0.0019375887277205107,0.027197130231559924,0.0002123611170186349,0.0,0.0,0.0003927372418846892,0.0,0.0006181130583634079,-0.0002253758309598266,0.0034806146862229894,0.0033799238663310438,0.00010069081989194495,0.21418295654653466,-3.4218009618251517e-09,0.13787384478027356,0.17287693916933944,0.12451774529686561,0.0202804312172222,0.04208204661504673,0.04357073603404922,-8.294418145874709e-05,0.3554254326873251,0.04868399796982487,0.09771891275992146,0.00036695471106979404,0.000800976342074328,0.005558148874720487,0.011061801733182539,0.04361756559788381,0.08758284993245478,0.0,0.0,0.004586174673399736,0.005328034044571331,0.0439620023091392,0.08718542727253857,0.007481092435799372
LR,none,1,D_only,100,0.20300858428165489,0.2011116977744074,0.001896886507247482,0.04205344497991242,0.16095513930174243,0.17835280375092663,0.024655780586511345,0.0,-0.011547307353621136,0.03620308791537375,0.17664823956159867,0.0017045641893279884,0.02446346237299755,0.00019231821351379562,0.0,0.0,0.0002862755653732658,0.0,0.0004842698959079579,-0.0001979943291763441,0.003497981542600493,0.003396778943162979,0.00010120259943751597,0.17485482220832618,-5.5783149543534037e-11,0.14938365369626538,0.19070802535674516,0.11258312667912106,0.019645126973268763,0.05487072348109021,0.04328058251099677,-0.0007168359677309572,0.36286143641828167,0.06177842564797624,0.10242867720111287,0.0004809890430126535,0.0008621811612484682,0.006495062213018863,0.011477391447585139,0.05581214206472062,0.09186125673781341,0.0,0.0,0.004609410857208778,0.005354972739984185,0.056000879275806374,0.09130443206612376,0.007725563200359952
LR,none,1,N_only,20,-0.5024882949327661,-0.49798136544985416,-0.004506929482911988,-0.18502920409741944,-0.31745909083534674,-0.43302498995766175,-0.06946328888376628,0.0,-0.08665403874069746,0.017190749811054177,-0.4290983469408224,-0.003926643016839341,-0.06888300302931201,-0.0005802858544543025,0.0,0.0,-0.003427802560350359,0.0,-0.003480447799860668,5.2645385260545574e-05,0.0018574000906016917,0.0018610344959493757,-3.6344053476839074e-06,-0.43488239004826335,-1.609133808516704e-08,0.3886619866638011,0.5228401499734217,0.16634935668407583,0.08460798567552419,0.3207355553435283,0.1967853473734107,-0.0002916120428836345,0.3378238341968912,0.1547616081788417,0.05440517645620531,0.0014239287312069026,0.0005144212772383502,0.022083239913670845,0.008107275521534224,0.13464757926873377,0.04735760763037986,0.0,0.0,0.0029643838121712358,0.0033625467687858094,0.1347043004025585,0.04701616580759002,0.009116905184549714
LR,none,1,N_only,50,-0.6921527463201484,-0.6860527584776626,-0.00609998784248597,-0.24259926579800836,-0.44955348052214034,-0.6226181535906388,-0.06953457321987813,0.0,-0.08321807058476689,0.01368349732073521,-0.6170971369646927,-0.005521016625945866,-0.06895560235687777,-0.0005789708630003957,0.0,0.0,-0.003411173495106564,0.0,-0.0035102590215660818,9.908567993991193e-05,0.002058540823747656,0.0020629412496181014,-4.400425870445215e-06,-0.6246766944143863,-1.9509631762497086e-08,0.36043792486611076,0.48712478468990317,0.12165915363266763,0.056725372930237994,0.28937548314392525,0.1229067621561,0.0006848926985422772,0.36414507772020727,0.2037409916375105,0.0650624154164042,0.001893010764876013,0.0006568044603581687,0.02266171381134899,0.008578779000428756,0.1832368854433398,0.057405041769321125,0.0,0.0,0.0033305131901042655,0.0037720573634913617,0.18315617294067657,0.05688278509327082,0.009205728346286584
LR,none,1,N_only,100,-0.5816175587094885,-0.5766732192597788,-0.004944339449709504,-0.1872005576207575,-0.39441700108873085,-0.5236340874868108,-0.057983461981575814,0.0,-0.06788382028257264,0.009900358342547492,-0.5191493819433352,-0.0044847055434756615,-0.05752382829870531,-0.00045963368287052617,0.0,0.0,-0.002866971220540691,0.0,-0.00299370351721613,0.00012673243738091348,0.00206619491923543,0.0020706463704491113,-4.45145121368028e-06,-0.5257002824060462,-9.24110185156812e-09,0.3837947605913444,0.5074598491254049,0.10631469313843517,0.05126373588894415,0.315327528676243,0.11472095325521704,-0.0016718252205721366,0.367936993186352,0.2067502850694324,0.09027861204448427,0.0019361552690449907,0.000933045970925473,0.022390175046649374,0.010692829071363612,0.18636854573893794,0.08059111173025939,0.0,0.0,0.0033462076412270596,0.003789413107041419,0.18626449608349321,0.08004385660900035,0.009277820187572599
LR,none,1,both,20,-0.252117948008138,-0.250193238386858,-0.0019247096212800208,-0.11970050428524033,-0.13241744372289768,-0.20961597335859175,-0.0425019780543014,0.0,-0.06267779327107681,0.020175815252494407,-0.2079934813410906,-0.0016224920175011148,-0.0421997640630057,-0.00030221399129569886,0.0,0.0,-0.002575464332004823,0.0,-0.002490036222194077,-8.542801199770865e-05,-0.0032732560664750373,-0.0030702064270856032,-0.0002030496393894355,-0.2063427172921167,3.4047550928640595e-09,0.40878992540794507,0.5453725758650547,0.15886585584708623,0.07813282616268423,0.3430999373433585,0.19480035785296207,0.005600323849929529,0.3393258426966292,0.02576648319008948,0.011245889853257965,0.0002077631348449933,9.523996936255381e-05,0.003812265505385395,0.0014268124932074711,0.022396878153505568,0.010149215002606668,0.0,0.0,0.001171517839006684,0.0010605467489177424,0.022265294037651238,0.010128601976841276,0.007998812833523763
LR,none,1,both,50,-0.45970470925843737,-0.45589456295775976,-0.003810146300677667,-0.2082988183436978,-0.25140589091473964,-0.4135175485721221,-0.04618717648958983,0.0,-0.06459206758633255,0.018404891161821233,-0.41007555066451,-0.00344199790761186,-0.045819032203890254,-0.00036814428569958323,0.0,0.0,-0.00262722939874351,0.0,-0.0029475849872364116,0.0003203556215228,-0.003692736141353148,-0.0034633957893023845,-0.0002293403520507651,-0.4098248124307688,1.5803274362823443e-08,0.3799741408729314,0.5106482832354112,0.11838867781977905,0.06270212434176216,0.31108239348370925,0.13813898561517698,0.0015838389161199258,0.3648010788941335,0.03954737274176573,0.015070571853375757,0.0003419055183123993,0.00013337471081238043,0.0043056576338715855,0.0018030393973470572,0.03567019922242655,0.01348748594420598,0.0,0.0,0.0013214869337768195,0.0011963423022470334,0.035227696219253334,0.01317012757256255,0.008571363865828182
LR,none,1,both,100,-0.39229761572336647,-0.3881767091036847,-0.004120906619681862,-0.18650780295099453,-0.20578981277237188,-0.35902792207752976,-0.03326968648664704,0.0,-0.047403155285406895,0.014133468958983908,-0.35525155614029835,-0.003776365937231413,-0.032925157353097007,-0.0003445291335500286,0.0,0.0,-0.002077486987374135,0.0,-0.002931467845848524,0.0008539808735117207,-0.0037117387493566683,-0.003481237431946389,-0.00023050131741028136,-0.3553161833281731,-7.159189605413376e-09,0.3928101347651995,0.5147254692133807,0.10946994941485555,0.05208578797286017,0.32534461152882205,0.11927854411658788,-0.004985953817368114,0.37217664906169234,0.04171523004587191,0.0213599508547267,0.00035733820037230063,0.00014390761057209029,0.004382427489527432,0.0025371193591042355,0.03768851693775796,0.018965116271212015,0.0,0.0,0.0013280473703661535,0.0012022490989167486,0.03752776151447891,0.018930159119382367,0.00849337740165648
LR,none,1,rest,20,0.10036870219419682,0.09966380694709967,0.0007048952470971322,0.038215248457490344,0.06215345373670647,0.08067318221723664,0.01969551161525665,0.0,-0.014412027937128176,0.03410753953970713,0.08013070052159241,0.0005424816956442229,0.01953309723767245,0.00016241437758419527,0.0,0.0,0.00017226373659578453,0.0,0.00038554879787651897,-0.00021328507428705048,-0.0017114571721620919,-0.001601369400097867,-0.00011008777206422502,0.08238463938939873,8.361703502194109e-09,0.16542800290640458,0.20971652545103667,0.1739071052922732,0.03400923875428237,0.07269777177944677,0.07982463291559343,-0.001111731315149296,0.3301087688901723,0.15105756515990637,0.20499402615063972,0.0014833572858601416,0.0018641026229153411,0.019213556013571595,0.02988761441845188,0.13525290859620528,0.17889605186905883,0.0,0.0,0.008589287338605221,0.007645591571462127,0.1345422765094725,0.17912911554946917,0.009724323559060197
LR,none,1,rest,50,0.045838920741604935,0.045229273196020825,0.0006096475455840913,0.024710785102899913,0.021128135638705015,0.038191600405490196,0.007647322039715059,0.0,-0.016169675835962582,0.023816997863123385,0.03767033079450812,0.0005212696109820566,0.007558942131157469,8.837990855758861e-05,0.0,0.0,-0.00018182667554673675,0.0,7.211916451692374e-05,-0.00025394583537445163,-0.0019356592218422587,-0.0018113833228696025,-0.0001242758989726567,0.040127259627332476,-1.7036003406326487e-09,0.175333528161191,0.22290683013238005,0.12559128840984238,0.025092671071748573,0.08370390780714239,0.053557936278885776,0.0004628160010515388,0.36024486024486024,0.21981448664490885,0.24407328773856904,0.0022141605617568864,0.002544922761865708,0.025067459308973555,0.029223353299228903,0.19724946979772906,0.21768313987934762,0.0,0.0,0.00967336660432875,0.00860608002474773,0.1963292243390425,0.21783018100024218,0.009972409369750973
LR,none,1,rest,100,0.032132321835061387,0.031272975358239245,0.0008593464768221508,0.029697778747135167,0.0024345430879261945,0.024351705039689395,0.007780605156148742,0.0,-0.008247478574280213,0.016028083731298073,0.023622397887789772,0.0007293071518996143,0.007650563862659763,0.0001300412934889777,0.0,0.0,-0.00019500217965439902,0.0,0.00013019903112472883,-0.0003252012035405015,-0.001945465012422866,-0.0018205722907915821,-0.00012489272163128387,0.026297170052112278,1.1639223208234724e-08,0.1790632324783232,0.22626484180024678,0.11475059918358915,0.023469677264445387,0.08784802066885052,0.05169521559503537,0.0002031245699077961,0.36606188940757495,0.25627682600758805,0.2732418610264958,0.002537747373832022,0.0030090649846993313,0.027393941538804145,0.03164155928755206,0.23152510310800928,0.24471383153186566,0.0,0.0,0.009719833537552257,0.008647141012486263,0.2305846324658175,0.24484605341473983,0.009805272325573778
LR,none,2,ALL,20,0.04775184568330335,0.047224163599979954,0.0005276820833234142,0.0075353753374075225,0.04021647034589583,0.04144506256402682,0.006306779934975285,0.0,-0.03390890713802978,0.040215687089290776,0.04100495810633472,0.00044010445769212305,0.006219201923447417,8.757801152787075e-05,0.0,0.0,-0.000640651058360051,0.0,-0.00034036542510376943,-0.00030028560468648607,-0.0018191044574621263,-0.0017150750400678973,-0.00010402941739422929,0.04326416702148896,3.184301234680753e-09,0.18499671835648385,0.24368567918476308,0.186766727347123,0.04246443798667507,0.0944407894736842,0.10443109311555561,0.000728815502585157,0.32582436379904733,0.3496345766923921,0.39685874029237206,0.0030332626775673006,0.003560944760890714,0.04880366350804783,0.05511044344302311,0.30698382119875484,0.34842888376278175,0.0,0.0,0.018227530634794698,0.01640842617733257,0.3069070703073197,0.35017123732880867,0.00860090526821561
LR,none,2,ALL,50,-0.029411778892395147,-0.02945431424772508,4.253535532993019e-05,-0.024108234177028662,-0.005303544715366498,-0.02690951771673858,-0.0025022603252459878,0.0,-0.037293452658585635,0.034791192357427676,-0.026942851886721127,3.333416998255414e-05,-0.0025114603057286144,9.199980482626838e-06,0.0,0.0,-0.000943668560530552,0.0,-0.0006807275897941412,-0.00026294093293581245,-0.0020592543981602634,-0.0019414340629042351,-0.00011782033525602802,-0.024850263318578304,-8.504106076280808e-10,0.1898815797504626,0.25051909396522926,0.14275042885228206,0.03418690110507764,0.09986842105263156,0.07672931369982268,0.00023271018614698407,0.35668119328827974,0.5063488897039893,0.4768945754562642,0.0045872276316559265,0.004629762986985857,0.057713053291375924,0.055210792966129935,0.453958558168486,0.4270490404517475,0.0,0.0,0.02054137346590912,0.018482119067748853,0.45353024155077437,0.42867997823219617,0.008978084492395504
LR,none,2,ALL,100,-0.011953075148195965,-0.012224414053169408,0.0002713389049734503,-0.015333290142777912,0.00338021499458195,-0.016122101329253152,0.004169026151675114,0.0,-0.02642601637876683,0.030595042583830712,-0.016325187982576435,0.00020308665332329266,0.004100776362703633,6.824978897148162e-05,0.0,0.0,-0.0006443015518856755,0.0,-0.00039770616366722745,-0.0002465953721047545,-0.0020694408188510413,-0.0019510182896927146,-0.0001184225291583265,-0.014052660510402116,2.9382085611428995e-11,0.20358881498637954,0.2690752461082056,0.12971295432040564,0.03274510653395401,0.11509868421052633,0.06904459438825909,7.872592412719609e-05,0.3646885444353799,0.5586451794467945,0.546420765393625,0.00519842445712512,0.005469763362098571,0.059792713976435555,0.06396174012811066,0.5043946686196751,0.4882725672904219,0.0,0.0,0.020641095608125118,0.018571654789274073,0.503772670769013,0.48972001025861084,0.009219621223212359
LR,none,2,D_only,20,0.28616859706427844,0.28414594701385437,0.00202265005042405,0.09223185195748945,0.19393674510678896,0.25079009571063915,0.03537848376838085,0.0,-0.011914678452711666,0.04729316219862528,0.24902499818844248,0.001765097522196682,0.03512093207929357,0.00025755168908728464,0.0,0.0,0.0005061581886902232,0.0,0.0007398074149780562,-0.00023364925881726214,-0.002379042474769733,-0.0022919495095920076,-8.709296517772595e-05,0.25316913818540887,1.7585258447589902e-08,0.12076363665024276,0.1492037582818938,0.19163165180817562,0.025371732765952122,0.023070699270478234,0.06393070071951105,-0.0004007416353175152,0.3243142144638404,0.033676906608214936,0.09259688592243055,0.0002657039521727711,0.000684008265012189,0.004749169073006835,0.0120879727429772,0.02963781817624859,0.08163729458772956,0.0,0.0,0.004849278515089361,0.004277604534540912,0.029494165588283005,0.08206531598031239,0.00782803525674768
LR,none,2,D_only,50,0.2995395712878472,0.29714396036798363,0.0023956109198636235,0.08506909571248554,0.2144704755753616,0.26900051287708254,0.0305390520795226,0.0,-0.012998876551812873,0.043537928552050416,0.266836917982038,0.002163594895044504,0.03030704021898059,0.00023201186054201122,0.0,0.0,0.00039029102602223517,0.0,0.0006211527723472987,-0.00023086177698474606,-0.0026870639319903624,-0.002588298459158879,-9.876547283148404e-05,0.27168757680907296,6.331241977066114e-09,0.132016643269116,0.1667562040404314,0.14040744599925242,0.021351884187224578,0.03557404433421076,0.0489558952367595,0.0004794184226538258,0.35481296758104736,0.05358286678703373,0.11498164349317028,0.00043992461422213204,0.0009345835449455894,0.006219696208598394,0.012576095572357567,0.04798721520620695,0.10352425071794157,0.0,0.0,0.005482168778637924,0.004836496284538531,0.04783913461251159,0.10402184261834561,0.008143315123325988
LR,none,2,D_only,100,0.32043433803570387,0.31789249929249597,0.002541838743208016,0.08528568151085747,0.23514865652484643,0.283268474314246,0.03716585813989312,0.0,-0.006664183470972057,0.043830041554209685,0.2809993496331322,0.002269124681113845,0.03689314729464339,0.0002727108452497363,0.0,0.0,0.0006117066851001118,0.0,0.0008142481090956459,-0.00020254147737656526,-0.0027007623204121562,-0.00260146975251022,-9.929256790193838e-05,0.2859692366346581,5.581564804514039e-09,0.14057703489460502,0.18351395802637752,0.1299952088844586,0.02200572287681439,0.04508559217047378,0.0461093973942147,0.0003332821858645689,0.3637746577221377,0.0644195723266509,0.13040832811307404,0.0005364835743277677,0.0010618795668951382,0.006792826946400916,0.0145071259900668,0.05824562858035959,0.11704548025411327,0.0,0.0,0.005509931727891838,0.00486098277662186,0.05809066735657839,0.11753946798160206,0.0082591771758064
LR,none,2,N_only,20,-0.6240879899946811,-0.619518450873106,-0.0045695391215753115,-0.23867828793892157,-0.38540970205575953,-0.5390310399080439,-0.08505691824415293,0.0,-0.10564710425230696,0.020590186071462343,-0.5350410964112838,-0.003989943496760097,-0.08447732394141062,-0.000579594302742298,0.0,0.0,-0.0039682311161018165,0.0,-0.003524150254970196,-0.0004440806651303899,0.0030845950953075018,0.0030805588435526467,4.036251754854749e-06,-0.5421156350033515,-3.1842484217542344e-08,0.3292851423523786,0.45564455188012376,0.18146078416621592,0.08102324885766925,0.25476128361245626,0.20105496173848378,0.00283675217727125,0.33453865336658356,0.18401329622633708,0.05128277446525905,0.0015632729577880942,0.000580975341481941,0.025662229773713255,0.007429399991886393,0.1606220448408605,0.04514206214490903,0.0,0.0,0.003188887361619511,0.003803740040812109,0.16110094777772088,0.04500611240257675,0.008423870344520959
LR,none,2,N_only,50,-0.9141209438251355,-0.9071080976086167,-0.007012846216519106,-0.3420736678930667,-0.5720472759320686,-0.8166036044990427,-0.09751730243881351,0.0,-0.11459475711666071,0.017077454803233166,-0.8102915012592234,-0.006312103239819417,-0.0968165613131099,-0.0007007411257036515,0.0,0.0,-0.004593516280951734,0.0,-0.004181658788903433,-0.0004118572757948297,0.003445255744628595,0.0034411002132584538,4.1555313701448405e-06,-0.8200488602436713,-3.6887279216430203e-08,0.31225500392994715,0.4214903694092905,0.14057602956173715,0.05885098564984573,0.23583890615852396,0.13249291607214453,0.00038537830331656687,0.36673316708229425,0.24969103871412365,0.05720450994649892,0.0021824595406743407,0.0006947500695241615,0.028061114757128663,0.0073604917373017486,0.2239439263099108,0.05067031905459297,0.0,0.0,0.003582468380819814,0.004268837863040071,0.22458177119735953,0.050621794459821415,0.008664903436829787
LR,none,2,N_only,100,-0.8374850061075569,-0.8313557721337572,-0.00612923397379983,-0.304149881842159,-0.533335124265398,-0.7508540803967783,-0.08663090244254079,0.0,-0.09900640560789288,0.012375503338621257,-0.7453171253606069,-0.005536955036171218,-0.08603862452227888,-0.0005922779202619256,0.0,0.0,-0.0040195268509662955,0.0,-0.003574628008061114,-0.00044489865598653066,0.00346096496541832,0.00345679843216806,4.166533250261893e-06,-0.7543150453621965,-2.326823788344983e-08,0.3298181670421679,0.44170208813919914,0.12496421294910091,0.058122274011552975,0.25535352895770547,0.12281622632726413,0.0008989046856989841,0.36895261845386534,0.25146835319874905,0.07425976836950361,0.002250786855706553,0.0009384758139065907,0.027552094525204924,0.009028342454123485,0.22622621983913863,0.06622908096835266,0.0,0.0,0.003599330244534606,0.004288823880459342,0.2269033158054511,0.06621668329874038,0.008871174855879883
LR,none,2,both,20,-0.16596712247996787,-0.1646975855528062,-0.0012695369271616644,-0.0927035690421925,-0.07326355343777541,-0.12901378588430412,-0.03695333272155171,0.0,-0.05960240972809409,0.022649077222711176,-0.1280243387685792,-0.0009894471157248983,-0.03667324375993105,-0.0002800889616206461,0.0,0.0,-0.0026077000215910967,0.0,-0.0027069536067990015,9.925371133917332e-05,-0.008929078420521673,-0.008660281438585575,-0.00026879698193609826,-0.12008470746378239,-3.8741120975004536e-09,0.3950904550259573,0.5190482390554328,0.19575393837794924,0.08950623132680592,0.3278782894736842,0.22120020018334974,0.006208800569405421,0.31148648648648647,0.021428770459976692,0.010133345438934014,0.00017894250114056234,9.05785893356599e-05,0.0034537299301361036,0.001393669541708464,0.01836658274326384,0.009042854380171059,0.0,0.0,0.0012700663716165375,0.000992091893116484,0.01809173047311661,0.00904597658852389,0.008281417911398888
LR,none,2,both,50,-0.34659652397233986,-0.34311190773256284,-0.003484616239777033,-0.19062501328528944,-0.15597151068705048,-0.3097656850314989,-0.03683086320718537,0.0,-0.059780126384161386,0.022949263430094263,-0.30666112338310053,-0.003104561648398376,-0.036450807971001434,-0.0003800552361839243,0.0,0.0,-0.0027443106041684187,0.0,-0.003572880095506866,0.0008285696442122299,-0.010020807008051904,-0.009717371715345185,-0.0003034352927067134,-0.29974487802344707,2.426634440596106e-08,0.3543338688842037,0.4819669117007338,0.1319159178357375,0.06047602439658684,0.282593201754386,0.13642731979489325,0.0030041206820067344,0.3564864864864865,0.03258587827908176,0.013744904800138746,0.00027440492596054496,0.00010019427777335392,0.0037424819414888727,0.0016172089974355042,0.029131544212175585,0.01224163197789781,0.0,0.0,0.0014326364326060679,0.001120213792454983,0.02850237480860426,0.011924885214477574,0.008350656147675514
LR,none,2,both,100,-0.22471041594510818,-0.22117375010369092,-0.003536665841417281,-0.15507067118405501,-0.06963974476105317,-0.20963910056741486,-0.015071333921424462,0.0,-0.03597020864569849,0.020898874900227255,-0.20640549664014424,-0.0032336039272706754,-0.014768272926250534,-0.0003030609951739119,0.0,0.0,-0.0014537126656291252,0.0,-0.003095537664482556,0.0016418250611488962,-0.010067804836692834,-0.009762864084935891,-0.00030494075175694236,-0.19957129573072224,1.854373124129878e-08,0.3943009828266345,0.510616380812829,0.12493584955993453,0.06343633767805604,0.32700109649122805,0.13954176223068906,0.001030061306154127,0.3655405405405405,0.03449384573476121,0.018960051966927245,0.00030578364222923194,0.00013106876594400475,0.0036381062414200336,0.002265724401731276,0.031170717226668154,0.016834590050005305,0.0,0.0,0.0014397302658887316,0.0011258144365408874,0.030660174980715195,0.016637963633400185,0.008786979853050287
LR,none,2,rest,20,0.24740238183093274,0.24521248746564742,0.0021898943652853696,0.08338409438966601,0.16401828744126676,0.21185861700977432,0.03554375255628929,0.0,-0.010830279746260423,0.04637403231122659,0.20999047179615987,0.0018681452136145038,0.035222002980571265,0.00032174957571803024,0.0,0.0,0.00042474350374691814,0.0,0.0007288788691880734,-0.00030413539008847224,-0.0029989168854253783,-0.002858400839181919,-0.00014051604624345956,0.21485753389519968,1.2264869130356091e-08,0.1418305179398858,0.18137145979112398,0.1861965031097898,0.03120594143489683,0.04647834033197908,0.07506769604030993,0.000195420921152899,0.324039259729479,0.11051560339786343,0.24284573446574853,0.0010253432664658728,0.002205382565060925,0.014938534731191633,0.03419940116645105,0.09835737543838192,0.2126066726499721,0.0,0.0,0.008919298386469288,0.007334989708863068,0.09822022646819926,0.21405383235739564,0.009192527920276085
LR,none,2,rest,50,0.22531522569412432,0.2230708550537653,0.00224437064035905,0.07456390910460801,0.15075131658951632,0.19936269942818594,0.025952516560378797,0.0,-0.013223205176483321,0.03917572175617314,0.19735699168863285,0.002005707739553096,0.025713854974225053,0.00023866158615374353,0.0,0.0,0.0001524482202694173,0.0,0.000437490393837041,-0.000285042190156687,-0.0033837684497001327,-0.0032247922255157326,-0.0001589762241843995,0.20274646787788606,9.705559592896068e-09,0.1541909887391174,0.20180491295616024,0.1452414841737762,0.027868777576386016,0.06021220233983051,0.06180131355830204,-0.00016362827978031496,0.35349037071760614,0.17048910592375016,0.2909635172164563,0.0016904385507989087,0.002900235094742751,0.019689760384159993,0.03365699665903511,0.15289587244019265,0.2606128387013151,0.0,0.0,0.010044099873845313,0.00825657112771527,0.15260696093229897,0.2621114559395515,0.009817882582729118
LR,none,2,rest,100,0.21352441742960188,0.21124833309478122,0.002276084334820606,0.07437800951310411,0.13914640791649777,0.18330521493393653,0.030219196252902154,0.0,-0.0029715659343729807,0.03319076223061175,0.18131457767768647,0.001990637256250041,0.029933752697732463,0.00028544355516969073,0.0,0.0,0.00031860979242067896,0.0,0.0006133007748948035,-0.0002946910131458868,-0.0033999687593816975,-0.0032401909750374336,-0.0001597777843442617,0.1867051836933182,6.242763216830139e-09,0.16727438938278313,0.2201706114859089,0.1316896137356689,0.025321467457774586,0.07474930879311423,0.053189393104538685,-0.0004000984878314425,0.36331497324114226,0.20826340818663325,0.3227926169441202,0.002105370384861568,0.003338339215352837,0.021809686263409685,0.0381605472821891,0.18875210297350872,0.28816341601795065,0.0,0.0,0.010092103369809941,0.008296033695651987,0.18811851262626827,0.28932589534486824,0.010007998331111897
LR,l2,0,ALL,20,-0.2521597883436026,-0.2504746418068678,-0.001685146536734752,-0.08862289050334407,-0.16353689784025852,-0.22425345552641635,-0.028543960953917712,0.0006376404762605199,-0.027274560166884537,-0.0012694007692603212,-0.22273300120931788,-0.0015204543170984676,-0.028391095910912163,-0.00015286504300554825,0.0006494674045471677,-1.1826928286647662e-05,-0.0014978978440856013,6.1780491230087545e-06,-0.0014497413263195944,-4.815643666253523e-05,-0.00017453690398475276,-0.00013887931574250458,-3.5657588242247685e-05,-0.22407891862243157,-1.2339528993931774e-08,0.3720427201923572,0.44521821273000617,0.1218766955325478,0.06177572902880218,0.30226973684210523,0.1457734890987999,-0.0025641816109418874,0.3574041422142688,0.3571844451092623,0.1067098033023945,0.003032730288625891,0.0013475837518911393,0.04704990524569352,0.01850594429177581,0.31771073768993546,0.09345728216351903,7.465644114530931e-05,0.0007122969174058292,0.01641332573233833,0.016238788828353577,0.3167551958438963,0.0926762772214647,0.00841917181010595
LR,l2,0,ALL,50,-0.15865276630232875,-0.1584105746889603,-0.00024219161336843268,-0.0462215859434894,-0.11243118035883934,-0.14769974825174428,-0.012695785791763869,0.0017427761689249824,-0.010665536866244756,-0.002030248897603516,-0.1474390174935172,-0.00026073075822708353,-0.012743861532099013,4.8075740335145425e-05,0.0017723128057881502,-2.95366368631675e-05,-0.0006620518941845056,1.859960320571548e-05,-0.00032611329693010165,-0.00033593855982561846,-0.00022075334489183305,-0.00018010141341214656,-4.065193147968579e-05,-0.14747899490685248,-8.427745545182348e-09,0.4116545626991674,0.487870515522204,0.09616502937517668,0.05338142733824882,0.3462828947368421,0.1291816836909244,-0.0006889056583474338,0.3684958472372812,0.3611427101846131,0.20273213549565278,0.003106659380052741,0.0028644677666843084,0.039725660038935434,0.027029874247171563,0.3272189645372581,0.1795192162855137,0.00022555992077898638,0.0019683360897039693,0.01851288902750436,0.01829213568261253,0.32613390232527023,0.1786549074184177,0.008528935503074936
LR,l2,0,ALL,100,-0.1548004722525401,-0.15484002365638386,3.955140384373646e-05,-0.04815375035794117,-0.10664672189459896,-0.1431778356066942,-0.015255883413987367,0.0036332558380392337,-0.012770288052996586,-0.002485595343986335,-0.14319234226610655,1.4506659412376975e-05,-0.015339951827365772,8.4068413378411e-05,0.0036922790839872275,-5.902324594799452e-05,-0.0006759257734912186,3.535544741604255e-05,-0.0001222212193666636,-0.0005537045310327282,-0.00022337659558350006,-0.00018249299852409143,-4.088359705940792e-05,-0.14295445901111067,-9.069897823917087e-09,0.41064798656262846,0.48998586755049856,0.08800056708486456,0.049269016855641425,0.34516447368421044,0.10804036541988975,-0.0006297103727334424,0.3702826464550766,0.35329092964058373,0.19845090598419993,0.0032174327900084836,0.0032569841938522204,0.03995569332031317,0.024699809906325806,0.3203521222347574,0.1771742866280632,0.00047395764398484126,0.0041072134820240745,0.018602867192528592,0.01837949059694509,0.3204064577949174,0.17745199878380677,0.009024845218420027
LR,l2,0,D_only,20,-0.1912599830860322,-0.18923975237748897,-0.0020202307085432523,-0.09087965340847387,-0.10038032967755829,-0.17733673987598833,-0.014432279422673035,0.0005090442217248866,-0.018382971118019165,0.003950691734371997,-0.1754961446323985,-0.0018405952435898278,-0.014260938845430726,-0.0001713405772423108,0.0005173390721851915,-8.294850460304975e-06,-0.0009639039901777922,6.899869567121431e-07,-0.0019701283198179467,0.0010062244132939286,0.002015790111316272,0.0019752457804884556,4.054433082781709e-05,-0.17935252998730464,-8.009095685390025e-09,0.46590386221018487,0.5352024072834977,0.15139603038672927,0.08816190039831086,0.406559830633966,0.20845233168758356,-1.6189684841639965e-06,0.35176151761517616,0.0634534458450142,0.026231165093770093,0.0006236621782744279,0.0002214167178853562,0.0076463352222398626,0.004890124644488398,0.057273997680765826,0.022307875136011745,1.9265379509133652e-05,0.00011707392851004268,0.0037403425347567075,0.004038899219779148,0.05737945085419873,0.022114771624422214,0.00973299509783993
LR,l2,0,D_only,50,0.0756889323112348,0.07581161571292162,-0.00012268340168680603,-0.007003214138254949,0.08269214644948976,0.0652773257711065,0.009274558192705186,0.001137044000695642,0.004837841681235413,0.004436716551888029,0.06538854815855928,-0.00011122238745276578,0.009265147985038148,9.410207667038445e-06,0.0011579161056319166,-2.087210493627466e-05,0.0005824393105755207,-4.933603720764054e-06,-0.0007803556884497827,0.0013627950019707879,0.0022635616139453176,0.002218003856971262,4.555775697405698e-05,0.0630137641571612,4.346727475031247e-09,0.5382646955982044,0.6040591140631973,0.11649725565090874,0.07427777821170667,0.4869607736002314,0.18421444824296015,0.0028377943477190287,0.3634688346883469,0.05048422601494374,0.06524267595613095,0.0005788814666141805,0.0005478646304139769,0.005841957698140652,0.007657698314084984,0.045471131718526625,0.05816429559490401,6.446482534059117e-05,0.0002829926109986307,0.004219269994492048,0.0045533512915359505,0.045577165463989766,0.05793624804332327,0.011336589078979394
LR,l2,0,D_only,100,0.08878722170138563,0.08907677327275346,-0.00028955157136780906,-0.013624841521581972,0.10241206322296759,0.07985111118751118,0.00687970234918286,0.002056403514320623,0.003099546919427685,0.003780155466643121,0.08007996196434326,-0.00022885077683207594,0.006898316188634245,-1.8613839451388355e-05,0.0020984905524367116,-4.208703811608802e-05,0.0005694619366247947,-2.6313594004193262e-05,-0.0010887369158602506,0.0016581988247990822,0.0022743948153535424,0.0022286309776891815,4.576383766436145e-05,0.07757671637215763,4.650370970432127e-09,0.5429140416518669,0.6148391702179313,0.10797570389724143,0.07180361057055902,0.4921267082124184,0.15746430038701079,0.00254367705915721,0.3669476137564704,0.04885603333649231,0.06642657813765562,0.000646450622926319,0.0005848786409478634,0.005828691473089493,0.007192444908513389,0.044075792350539426,0.05982617884593156,0.0001617750418442063,0.0005566071300890579,0.004239815232647672,0.004575425896719845,0.04432127035786007,0.059736046189180055,0.01305895323265534
LR,l2,0,N_only,20,-0.3896651618475884,-0.3875662486390673,-0.0020989132085211812,-0.13000967136791294,-0.2596554904796755,-0.34590785799200335,-0.04449255434698757,0.0007352707183259508,-0.04056060655048038,-0.003931947769794317,-0.34400365826582757,-0.0019041997261758147,-0.044312080336532646,-0.00018047401045492379,0.0007495095374043314,-1.423881907838083e-05,-0.0016883998140245925,1.0173635449227013e-05,-0.0011516990986680253,-0.0005367006471178465,-0.0018270523487610233,-0.001748375365346158,-7.867698341486465e-05,-0.34408080564324245,-2.0226923500094143e-08,0.32305301644990836,0.3954864819818383,0.09898828284149272,0.0425859993791165,0.24783667860408368,0.10016410411563947,-0.0024696780541532486,0.3807588075880759,0.09536986761961481,0.020159295350265536,0.0007223016842602335,0.00031902638600226247,0.012249424793633962,0.003662463778782472,0.0846059595216642,0.017435271570751382,1.3011442700254447e-05,0.00015681673607551415,0.0034959608966659062,0.003131633097000839,0.08415992963754107,0.01735356948629334,0.0075167590605232145
LR,l2,0,N_only,50,-0.3759126901558843,-0.37498716111300967,-0.0009255290428745618,-0.11283423345854963,-0.26307845669733476,-0.3417371470545261,-0.03642467936817085,0.0022491561002935547,-0.0315995332890344,-0.00482514600089508,-0.3408651236474702,-0.0008720234070559449,-0.036406531909869144,-1.8147458301709545e-05,0.002284513808471446,-3.5357708177891654e-05,-0.0014122987185534253,3.4239555558212e-05,-0.00040675277522355833,-0.0010055458849289043,-0.0020972847848184585,-0.0020076634433850065,-8.962134143345058e-05,-0.33963986226970766,-1.9833480908630603e-08,0.34870303435671507,0.4259130780308229,0.08046685783046531,0.03731481511232841,0.2763367072476256,0.08747438390829024,-0.0019145547871983627,0.3824262792714657,0.10277484267614556,0.029820036114302898,0.0007579986385749898,0.000584246930344594,0.011161114136571025,0.004124258701175719,0.09309905785781707,0.02656890561821986,4.299872484551862e-05,0.0004814519311183299,0.003942012167232775,0.0035246112686266816,0.09252390811605439,0.026411156775063272,0.007321335229956793
LR,l2,0,N_only,100,-0.4187766046786563,-0.4179288752745968,-0.0008477294040593611,-0.13200373361365167,-0.2867728710650046,-0.3801485684926515,-0.04374814862172827,0.005120132789541032,-0.039438624282804334,-0.004309524252003031,-0.37935789646617313,-0.0007906720264784326,-0.04376055732668014,1.2408704951861014e-05,0.005189597986765515,-6.946519722448148e-05,-0.0015826926264443412,7.66123979553798e-05,-0.00016459877006623773,-0.0014180938284233148,-0.002109514980318595,-0.0020193914203831534,-9.012355993544098e-05,-0.3780390535123329,-2.035381747349459e-08,0.3181727053425543,0.39365162851223306,0.07500290821032468,0.03423124021487418,0.24241411081638928,0.07419962999186136,-0.0006224255533255835,0.3782252818733738,0.1047997790965454,0.023415708622840502,0.0008009330319213117,0.0006410737048932597,0.011763875127780564,0.003243594576759406,0.09499244511933486,0.02096936549628763,6.436880059788058e-05,0.0010638030582316368,0.003960945459491041,0.003541169082246359,0.09463860049094494,0.021035297245142397,0.007584541957888982
LR,l2,0,both,20,-0.20582166982648586,-0.20426820083907926,-0.0015534689874065776,-0.09220970625397518,-0.11361196357251066,-0.18998855692763553,-0.01632316319123462,0.0004900655732361153,-0.017187777027755802,0.0008646141706011239,-0.18857336552740828,-0.0014151914002272486,-0.01619343866289929,-0.00012972452833532718,0.0004986190367666813,-8.55346353056608e-06,-0.0009415200124325002,4.443372097477148e-06,-0.0011757908358664133,0.00023427086959462089,0.006967122099423193,0.006746898352889157,0.0002202237465340368,-0.1969556790270588,-1.5280851807180036e-08,0.40792646099102925,0.5153236595053531,0.13230759746494006,0.07602210378091409,0.34214050751879704,0.1737806467384523,-0.00018919271137148066,0.38113207547169814,0.02003153950590055,0.008234233864362889,0.00016549776893378675,8.997849139728044e-05,0.0026100151705303774,0.0014621871725543068,0.01774906325949387,0.006996515875386699,1.67501854463518e-06,2.9226334573998614e-05,0.0010138958505066503,0.0015706471264849667,0.018256151280695188,0.006946852620609703,0.008194160692073299
LR,l2,0,both,50,0.007137085445894823,0.006577836776174441,0.0005592486697203806,-0.018908043090317284,0.026045128536212155,-0.0033929365350538723,0.009281083091156224,0.0012489363479173587,0.009456100357459285,-0.0001750169111573679,-0.003873121364657573,0.0004801848296036987,0.009180610743455985,0.00010047234770023745,0.0012703445937958782,-2.140824587851952e-05,0.0005886992809415858,1.042177172039394e-05,0.0005400205047779704,4.8678751000158766e-05,0.007873394873187733,0.007623439389926349,0.00024995548326139,-0.011266331408241556,2.5418751134381657e-09,0.493084628463217,0.5865348848868696,0.11249861524211816,0.06873098721145891,0.43676069909622545,0.16055252364718298,-0.0012490806526825509,0.37471698113207547,0.018678086031342425,0.018752410875658015,0.0001619752772507797,0.00021973208850556005,0.0020112879041480217,0.0024650826741235187,0.016916309510563925,0.01652417884237708,1.0359100655536701e-05,8.077658133651574e-05,0.0011418116194981094,0.0017710891580646688,0.017211348382741944,0.01618994017598854,0.008597385889445095
LR,l2,0,both,100,0.0002603846505618436,-0.0003785267417688236,0.0006389113923306484,-0.03715903842763381,0.03741942307819567,-0.005919555624333199,0.003768387459085713,0.00241154951792376,0.004202507599405131,-0.0004341198558191078,-0.006501053084276512,0.000581497459943329,0.0036681112345182923,0.00010027622456740845,0.0024544113189567452,-4.2861801032984696e-05,0.0002949784891663286,1.0947447952220295e-05,0.0005085439275736436,-0.0002135655220934389,0.007912198491853914,0.007660938614890643,0.0002512598769632746,-0.013831754116187011,3.2978855048868204e-09,0.4867664881743757,0.5860287054507437,0.08832605140776137,0.057451571075308974,0.42974054454317623,0.12552266645489915,-0.0010521156638391043,0.37575471698113205,0.0190812241466441,0.017747245352604257,0.00015875692632490474,0.00022653656343831437,0.002078915368153038,0.0021381304120580555,0.017325142888521588,0.015864726549945512,2.5215485480029328e-05,0.0001602176901747686,0.001147253614621027,0.0017796425165150164,0.01783859594125198,0.01574579070078192,0.00825140761432185
LR,l2,0,rest,20,-0.22947562462766777,-0.22802353064481018,-0.0014520939828575696,-0.07325922212011048,-0.15621640250755725,-0.20112436948944504,-0.029015015821355895,0.0006637714072961855,-0.026595441210389932,-0.002419574632487697,-0.1998243230796218,-0.0013000464098232192,-0.02887542269775732,-0.00013959312359857246,0.000676225641165678,-1.2454233869492536e-05,-0.001662849151436364,6.8239989488302805e-06,-0.0013947942233172512,-0.0002680548431705244,-0.0012401950879259182,-0.0011607598311236158,-7.943525680230251e-05,-0.19988417440151907,-1.072416299622555e-08,0.3532006357963926,0.4244472527881246,0.11841066725574854,0.05787131661574004,0.28133403876880647,0.13718890195761507,-0.0037310490684189213,0.34883280458355037,0.1783295921387327,0.05208510899399597,0.0015212686571574427,0.0007171621566062402,0.024544130059289328,0.00849116869595064,0.1580817172280115,0.04671761958136922,4.0704600391286026e-05,0.0004091799182462738,0.008163126450409069,0.007497609385088623,0.15695966407146128,0.04626108349013945,0.008458500840226204
LR,l2,0,rest,50,-0.1815217462259527,-0.18134416399356876,-0.0001775822323839298,-0.04035261166711591,-0.14116913455883684,-0.16897719553045473,-0.014373574076723338,0.001829033339483605,-0.010901167884265248,-0.0034724062163649545,-0.1687571684788373,-0.0002200270516174213,-0.01444712356448412,7.354948776078357e-05,0.001860138101152398,-3.110476166879326e-05,-0.0009494339200646605,2.2065590163440157e-05,-0.00024786000347822945,-0.0007015738729050019,-0.0014275811853521423,-0.0013373936367497435,-9.018754860239922e-05,-0.1675496143451026,-9.958258241428607e-09,0.3813215907601791,0.45870301693779664,0.0930965880584842,0.05021285431789262,0.3125795437004555,0.12173033548969892,-0.0014839572442758746,0.3647606962253073,0.18920555546218132,0.0889170125495609,0.001607803997612791,0.0015126241174201775,0.02071130030007574,0.012782834557787347,0.17173246545035045,0.07826183623001279,0.00010773726993733988,0.001123114966250493,0.00920979524628143,0.008443083964385227,0.1708214803624841,0.07811756242404262,0.008426055713104135
LR,l2,0,rest,100,-0.16078938516810917,-0.1611407546927553,0.00035136952464614936,-0.031983705299355916,-0.12880567986875327,-0.14993421808210033,-0.01464554030095132,0.003790383813324635,-0.010422489609745449,-0.00422305073296508,-0.15020926895883593,0.00027505087673563016,-0.01478426828200409,0.00013872798105277155,0.0038527927957079065,-6.24089823832711e-05,-0.0008646618757465998,4.470402477027158e-05,0.00014109317687597826,-0.0010057550063361576,-0.001436587126322762,-0.0013459176533544392,-9.066947296832214e-05,-0.14849763095577756,-1.0598382169602727e-08,0.38946023151835313,0.4706668509742224,0.0852975854795997,0.04572986065005652,0.32162247657532994,0.10058846924015008,-0.0015740203932295832,0.3681234906955822,0.18055389306090194,0.09086137387109958,0.0016112922088359482,0.001804495284572783,0.020284211351290073,0.012125640008994956,0.1639587418763615,0.08051401573589846,0.000222598316062725,0.0023265856035286116,0.00925485288576885,0.008483253101463873,0.16360799100486045,0.0809348646487024,0.008845225867116462
LR,l2,1,ALL,20,-0.21386543823870335,-0.21230514642251852,-0.0015602918161848243,-0.07225102692767522,-0.14161441131102812,-0.19400457991424994,-0.02044359173152746,0.0005827436872772252,-0.019860969139237235,-0.0005826226132291064,-0.19256722230237278,-0.0014373576118771434,-0.020330829936677043,-0.00011276179485041713,0.0005929163614416773,-1.0172674164452174e-05,-0.0010233545086414983,3.443316848169736e-06,-0.001021025510967519,-2.328949632259286e-06,-0.000647492351013749,-0.0005725517206754644,-7.494063033828456e-05,-0.1933570875632362,-1.0280203173555595e-08,0.4148519375449733,0.4847558533517937,0.11597915950574374,0.06301813125610352,0.34983552631578946,0.15406552967272305,-0.0021095393872574753,0.35471986104897496,0.33250227389487874,0.12019712747236028,0.0028668651530767276,0.0013065733368919036,0.04217587953517369,0.021732287803646232,0.29770584907334996,0.10370126915910007,9.770777017469734e-05,0.0006804514574519225,0.016730943506421746,0.016083451155407998,0.2968926231050564,0.1035355355418202,0.008548386894557957
LR,l2,1,ALL,50,-0.11434238681157066,-0.11401042806892955,-0.0003319587426410994,-0.030814392681213065,-0.0835279941303576,-0.10549839975799713,-0.010397528197324778,0.0015535467687312393,-0.008762544233281223,-0.00163498398472815,-0.10517496764200969,-0.00032343211598747946,-0.010414401974841468,1.6873777516691854e-05,0.0015789473521048186,-2.540058337357942e-05,-0.000421757724954258,1.0339278799429568e-05,-0.00023156166928368856,-0.00019019603435954332,-0.0007467208302887004,-0.0006618946423554258,-8.482618793327492e-05,-0.10475167892770845,-5.624979973130275e-09,0.4570098515560752,0.5331605409321032,0.09920356650101513,0.057040929668828066,0.3966776315789474,0.13166119299436868,0.000595635072769303,0.3646143643617301,0.3286074485450075,0.21459702047607793,0.002984262308950986,0.002652303566309887,0.038304268946835016,0.027906740749510238,0.29648498436271875,0.19098658460472154,0.0002820160111676003,0.0018355627798988395,0.01886206236534543,0.01811534153505673,0.2968790714425635,0.1921273925148551,0.008999809739711291
LR,l2,1,ALL,100,-0.10869750370334112,-0.10867923808174769,-1.8265621593424247e-05,-0.03370729980776966,-0.07499020389557147,-0.09992255300179627,-0.01198167846712604,0.003206733775114383,-0.00938153835873504,-0.002600140118567537,-0.09988985749878991,-3.269550300635838e-05,-0.012046769577670188,6.509111054414785e-05,0.003257394861958904,-5.0661086844519994e-05,-0.0003929798110601011,1.6803682794620545e-05,2.2905133799618068e-05,-0.00041588492234542274,-0.0007518109353314578,-0.0006665464532549913,-8.526448207646641e-05,-0.09917074206646484,-6.009533181005261e-09,0.45777957514712686,0.5399365937082391,0.07079273387005457,0.042073083739531676,0.3975328947368421,0.10157160093909816,-0.0003236491046845912,0.36781742293055986,0.324732349755132,0.2160531116733843,0.0031942060881632833,0.0031759404665698595,0.03816079932523178,0.026179120858105743,0.2933179924587296,0.19339543945693335,0.0006075686033839882,0.0038143023784983714,0.018953557883629304,0.018201746948297844,0.29358505358105236,0.19441431151458755,0.009740614266353236
LR,l2,1,D_only,20,-0.13678140229292088,-0.1349994324165016,-0.001781969876419262,-0.06429915220747391,-0.072482250085447,-0.13335860790305568,-0.003837224012881598,0.00041443799071367524,-0.0067833187200368435,0.002946094630962184,-0.1316951661738333,-0.0016634417292223501,-0.0037267435214410807,-0.00011048049144051406,0.0004224852187183548,-8.047228004679508e-06,-0.000323878856593568,-2.924707619773841e-06,-0.001280366574272619,0.000956487683778459,-0.0016863606136294854,-0.0015884858283876696,-9.787478524181431e-05,-0.1316722472894262,-8.367697303709735e-09,0.5309939212648077,0.5913476455846967,0.14264616583164189,0.08835626954113367,0.47888212919159945,0.21683819915729852,-0.002360660344401303,0.3521563342318059,0.055447164189150924,0.029041824716305092,0.0005719921997795035,0.00022487329267038914,0.006612180381402927,0.005803199463708782,0.05062304935351683,0.02459787269017977,2.5386956292782257e-05,0.00010708782321188619,0.004235290794702155,0.003911320723913481,0.05027462983967342,0.02457342324712503,0.010210653580862046
LR,l2,1,D_only,50,0.0647528482727197,0.06530306704561285,-0.0005502187728931725,-0.010607243657929378,0.07536009193064905,0.04956810383783442,0.01417281132692753,0.001011930413534828,0.010440659625125248,0.003732151648292094,0.05012360617760899,-0.0005555023397745684,0.014147493516977375,2.5317809950158346e-05,0.001031963523136898,-2.0033109602069895e-05,0.0011769235633932891,-1.2567534504909954e-05,-5.589979697695878e-05,0.0012328232929945987,-0.0019515474515967338,-0.0018403283489153253,-0.00011121910268140382,0.051519651289431166,2.694422887730217e-09,0.5517480590167712,0.6191094515352449,0.11782668880902945,0.07547280569468261,0.5019422840644274,0.17775223717718705,-0.0014537563007968371,0.364366576819407,0.04497646794191394,0.05797025454612864,0.0005401047327445428,0.00043451173508257944,0.00492453327058095,0.007718036986974704,0.04086106871681551,0.05075622351578647,7.9137600113852e-05,0.000278672173134248,0.0047815293055662655,0.004406509828580473,0.04084901271121559,0.05111918698717235,0.011866111638173672
LR,l2,1,D_only,100,0.1290632000816163,0.1295147893051808,-0.00045158922356448996,-8.358595358618521e-05,0.12914678603520247,0.1150143263903679,0.012215430609031292,0.0018334358251432938,0.009550218728676053,0.002665211809807347,0.11541676252812093,-0.0004024361377530006,0.012224271102254033,-8.84049322274343e-06,0.001873747128133764,-4.0311302990470455e-05,0.0011568141369742546,-4.2787629449410673e-05,-0.00046908225289899467,0.0016258963029949225,-0.0019640383008743896,-0.0018522252444895752,-0.00011181305638481069,0.1169783646912423,7.2570737726916524e-09,0.5685777151508814,0.6386029211420303,0.0843513459884813,0.055133791141930934,0.5206419095485924,0.13316057077715637,-0.0016106020872359746,0.36681940700808624,0.040496095713368374,0.06585237347515002,0.0005898689796480251,0.0004974453145711634,0.004976595226986655,0.007378395484946339,0.03653440974681388,0.05903536034786762,0.00019425096090986113,0.0005553527441113403,0.004805211135650323,0.004427794747453359,0.03628916089056197,0.05916752787981269,0.0143569460777025
LR,l2,1,N_only,20,-0.36846549998993305,-0.3664496278308653,-0.0020158721590676177,-0.12366841454083205,-0.24479708544910106,-0.3284355957639559,-0.04080343233232043,0.0007735446280603775,-0.03856662766790977,-0.0022368046847369505,-0.32661352367892443,-0.0018220720850315654,-0.04061994419749932,-0.0001834881348211069,0.0007838571936952819,-1.0312565634904524e-05,-0.0014524748213574374,9.995293227059636e-06,-0.0009830704839042675,-0.0004694042336625932,0.0018215682545599042,0.001803223224411191,1.8345030148714405e-05,-0.33025716401851585,-1.652171701723656e-08,0.3276840321185869,0.3992804830883696,0.0887427614475577,0.037402941601910523,0.25298225190668056,0.09123544504854335,-0.0017077890291912574,0.37336568270656423,0.09252825928888907,0.020574353632825372,0.0006842601263346487,0.00028515506105338174,0.011522447500765896,0.003542524665861797,0.08250824317585602,0.01798294884625147,1.340864445694471e-05,0.0001656183110690608,0.0029508922873883185,0.0032655705674362527,0.082721055889393,0.017881083279740504,0.007340860762346196
LR,l2,1,N_only,50,-0.3397273331761355,-0.3385514053279957,-0.0011759278481397837,-0.10372688723365074,-0.23600044594248482,-0.30521037150854224,-0.03677754453866409,0.002260598776122989,-0.03290540059135621,-0.0038721439581624827,-0.3041605873754576,-0.001049784133084579,-0.03667698954442262,-0.0001005549942414816,0.0022861874359381544,-2.5588659815165385e-05,-0.0013127519590700506,3.322981578538211e-05,-0.000641950410265329,-0.0006708014746801456,0.002036356521698439,0.002015714172666627,2.0642349031810734e-05,-0.3072467280302407,-1.5905052201476685e-08,0.3770866874943306,0.4559619785442077,0.08249979064043104,0.03872056728306426,0.3078740979991846,0.09134131043178874,0.0005105831134325673,0.3719337969701871,0.09795620044038382,0.031928892251540886,0.0007432571803005167,0.0005081354443016034,0.01138479334232494,0.004240508707020224,0.08831132556469891,0.02874981496275101,4.323178385320442e-05,0.0004866001817080868,0.003325090083462402,0.0036769757623123732,0.08883744145675569,0.028924045175957803,0.007530509267406076
LR,l2,1,N_only,100,-0.37075323412612454,-0.36956088966771916,-0.0011923444584053778,-0.12003947371897261,-0.25071376040715193,-0.33526594532409143,-0.040701732246932534,0.0052144628200457835,-0.03644750338017216,-0.0042542288497258,-0.3341846508119477,-0.0010812945121437484,-0.040640110028714344,-6.16222182181886e-05,0.005263889849751899,-4.942702970611526e-05,-0.0013081490931630814,7.312845484417035e-05,-0.0003073271231804144,-0.0010008218716937244,0.0020449422796454913,0.0020242071990364085,2.0735080609081595e-05,-0.3373108876037369,-1.937514639962477e-08,0.3412158964200356,0.42235606579374335,0.05889246116005035,0.02786561574983744,0.2680176599043462,0.0669985319176833,0.0002122964254154551,0.3719507264346748,0.10217621250910393,0.030046217705799322,0.0008213478592791177,0.0005799365350455781,0.011695287772522378,0.0037515520938616732,0.09249793860086535,0.027047760378869194,7.539135952261575e-05,0.001097902925559804,0.003341091664488558,0.0036944706913089823,0.09276862294746845,0.026965065698651883,0.007974439941504142
LR,l2,1,both,20,-0.3132132668617493,-0.31106171738528987,-0.002151549476459352,-0.13150805536892338,-0.18170521149282587,-0.28076993243821835,-0.03296821463421069,0.0005248956314247499,-0.03727854253189035,0.0043103280253237435,-0.2787802603284669,-0.0019896721097514476,-0.03281786440955211,-0.0001503502246585799,0.0005364231318276847,-1.1527500402934775e-05,-0.0014348634199680525,6.962593885043349e-06,-0.001049231903223626,-0.0003856315195317665,-0.008306944368119146,-0.007932411501768558,-0.00037453286635058986,-0.2724629880700992,-1.5420744917136224e-08,0.41557565390217177,0.4951680463657045,0.12828032728424646,0.06521203925610584,0.35063961988304093,0.16692367894831756,-0.0031489461051952177,0.38125,0.02530546704571576,0.008538655138419804,0.00020207268334496275,8.567775618039856e-05,0.0033756845020350436,0.0016847437794566026,0.022375205825972952,0.007154231233274097,1.5387336672290797e-06,3.024805644732295e-05,0.0013786408954539874,0.0010733328609228458,0.02233913377849166,0.007423467220323945,0.00792207658956389
LR,l2,1,both,50,-0.20325694359661234,-0.2026750877926909,-0.0005818558039214484,-0.09763561078783299,-0.10562133280877942,-0.1903661429333663,-0.014446085957954614,0.0015552980954253403,-0.01835468387952811,0.0039085980215994316,-0.18975619002998875,-0.0006099529033776084,-0.014502552848025839,5.646689007121993e-05,0.0015836686200331458,-2.8370524607805382e-05,-0.0003605293095257387,2.2861204659693527e-05,0.0003840835363106166,-0.0007446129007656718,-0.009366127029728619,-0.008943490322418014,-0.00042263670731060684,-0.18100001590363765,-1.2800716782291943e-08,0.4460338380850645,0.5236774726868074,0.10718278430508094,0.056172217871237516,0.3844820384294068,0.11707459230010174,8.449120673256577e-06,0.38211538461538463,0.02675551642751312,0.017409121419520494,0.00021890060614647444,0.00019785288733577256,0.0028928845347171656,0.0023040260542171193,0.0242100068377213,0.01534774117580109,7.950261778395032e-06,9.163243365080243e-05,0.0015540567023743523,0.0012093040054213867,0.02420944293243924,0.015691929967471995,0.00811511907276153
LR,l2,1,both,100,-0.15959621066816085,-0.15920094842682406,-0.00039526224133678,-0.09350781560383697,-0.06608839506432389,-0.14744193189887167,-0.015269676506635832,0.0031154068332783025,-0.019422987572674494,0.004153311142322,-0.1470467743455254,-0.00039515755334629173,-0.015326105654044653,5.64291474088015e-05,0.0031719394380134744,-5.653260473517196e-05,-0.0005593582714732576,4.0080439494837146e-05,0.0002389426137955904,-0.0007983009266666329,-0.009411491215305948,-0.008986762051190117,-0.00042472916411583664,-0.1380304406835657,-9.095931671635858e-09,0.462403674880564,0.5495419604587077,0.07640583444582787,0.044128353733167903,0.402670739348371,0.11043288506561255,-0.00018672472551276744,0.37201923076923077,0.024516849761485004,0.01734084955325885,0.0002216419614514483,0.00021192970535546346,0.0027089012925017486,0.0019903540762384606,0.02217570361079858,0.015542419100569204,2.385078220965012e-05,0.00018997058240676775,0.0015615972501077104,0.0012151443339562295,0.022235014150944563,0.015948182556866676,0.008959396713986064
LR,l2,1,rest,20,-0.17692278702855574,-0.17565982910853503,-0.0012629579200206895,-0.051092895359479286,-0.12582989166907646,-0.1595459447067659,-0.017953254984764588,0.0005764208994381621,-0.016239361305035407,-0.0017138937015487485,-0.15837785793347586,-0.0011680867732900104,-0.017869162629404866,-8.40923553597211e-05,0.0005872001041967578,-1.077920475859564e-05,-0.0010910185180753912,2.9782542496626604e-06,-0.0009497764130342443,-0.0001412420437335504,-0.0006623396604427518,-0.0005829718408108314,-7.93678196319206e-05,-0.15888360504632315,-8.23646340380476e-09,0.40606551485041775,0.47771144255790926,0.11491510194635773,0.06291050088986495,0.34007279825195424,0.152756889989756,-0.0020814729794418688,0.34644212523719164,0.15922138337112304,0.06204229398481001,0.0014085401436176126,0.0007108672269877341,0.02066556715096983,0.010701819894619054,0.1421993507180042,0.05396621638939474,5.7373435757741307e-05,0.00037749726672365257,0.008166119528877283,0.007833227003135417,0.1415578035974983,0.0536575617946307,0.008768852731778546
LR,l2,1,rest,50,-0.09279682452442499,-0.09285017361622029,5.334909179531488e-05,-0.0067988556745281654,-0.08599796884989681,-0.08450144917395577,-0.00978315440145609,0.0014877832345098526,-0.00643351252834094,-0.0033496419029576344,-0.08453123880129804,2.9789627342261922e-05,-0.00983374124311214,5.058684165605136e-05,0.0015148113439041849,-2.7028109394332205e-05,-0.0006975169597048399,9.084484412403041e-06,-0.00022459845721567762,-0.0004729184624836659,-0.0007528814534145607,-0.0006631294397175132,-8.975201369704708e-05,-0.08374856772054122,-4.183522976110477e-09,0.4526035354673503,0.5308296401930486,0.09765861604822568,0.05697320259375592,0.3917817108954698,0.13094625886484867,0.001438926197578125,0.36039848197343455,0.15891926373519666,0.10728875225888794,0.0014819997897594526,0.0015118034995899316,0.019102057799211963,0.01364416900129819,0.14310258324348302,0.09613280495038301,0.00015169636542214883,0.0009786579914057023,0.009201386273942413,0.008822551938742498,0.14298317434215305,0.09639223038425296,0.009239327404231295
LR,l2,1,rest,100,-0.09764504581639995,-0.09823268079818241,0.0005876349817824225,-0.010058916637929067,-0.08758612917847086,-0.09039276868101029,-0.010231627079853813,0.0029793556127910466,-0.005639870177214031,-0.004591756915563184,-0.09089613420358815,0.0005033655225778734,-0.010370250369226399,0.00013862328937258852,0.003033710047555434,-5.435443476438727e-05,-0.000615213311556108,1.5742545919548983e-05,0.0002885822646832381,-0.0009037955371094215,-0.0007576830955668158,-0.0006674716150706491,-9.02114804961674e-05,-0.08963508558544346,-5.668326896515536e-09,0.4591809563274314,0.5455465166041706,0.06963610525174062,0.042245210545603394,0.39908995651562784,0.10163157181726103,-0.00012773676923004198,0.3662991498405951,0.1575431917711747,0.10281367093917612,0.0015613472877846922,0.0018866289115976541,0.018780015033220996,0.013058819203059265,0.14210994050025186,0.09176989962962737,0.00031407550074186136,0.00197107612642046,0.009245657833382713,0.008864337175579275,0.14229225559207737,0.09233353537925625,0.00981334220267659
LR,l2,2,ALL,20,-0.2486065191078245,-0.24698542410317376,-0.001621095004650813,-0.08317720705221329,-0.16542931205561123,-0.22150501565655267,-0.027788822699210843,0.0006873315971396117,-0.027840213235282962,5.1390534709808584e-05,-0.2200390156700777,-0.001465999986474964,-0.027643361063631477,-0.0001454616355793774,0.0006969650455698534,-9.633448430241583e-06,-0.0015025483691925468,7.490990249486483e-06,-0.0013625345995283158,-0.00014001368946013623,0.0009763731862639597,0.001009414743949621,-3.304155768566174e-05,-0.22248138884281657,-1.2349200653899125e-08,0.35114141865780485,0.41477775774504005,0.12767129245557285,0.06025618477871544,0.279046052631579,0.1520612029025429,-0.0013829136958443805,0.3567105263157895,0.3538170079341636,0.10683158383098988,0.002927566113756161,0.0013064711091053476,0.04611516336915675,0.018326340669945908,0.31505716372524345,0.09355214806869076,7.367582193738252e-05,0.0007610074190769944,0.01593542038491226,0.01691179357117622,0.31557518623023856,0.09309379738742196,0.008206336765090968
LR,l2,2,ALL,50,-0.15899001710232855,-0.15876311519890665,-0.00022690190342186008,-0.04310759063395497,-0.11588242646837359,-0.14585294163083407,-0.014984825499329437,0.001847758638449971,-0.01498372838846609,-1.0971277914616911e-06,-0.1456215618197928,-0.00023137981104129771,-0.015013440098088407,2.8614598758969395e-05,0.001871894877175185,-2.413623872521404e-05,-0.0008013200585954118,2.243386951463051e-05,-0.0003257428056615988,-0.00047557720111331673,0.0010657629869737807,0.001103523828156196,-3.776084118241468e-05,-0.14691870461780787,-8.610614952993415e-09,0.39608219146728524,0.47422558633904704,0.10687216056020636,0.05600005087099578,0.32898026315789475,0.13579668220720795,-4.501496098543472e-05,0.36475319234048825,0.3590999881670982,0.20033687296819147,0.0029857518968052126,0.002758849993383353,0.040186471979255775,0.025201646479926332,0.3250940715125161,0.1792411298816821,0.00020905823622320712,0.0020568168746731776,0.01798582317555622,0.019051586162530002,0.32543993671386806,0.17852123209606027,0.008245980347854258
LR,l2,2,ALL,100,-0.1500037636145112,-0.1503219991751026,0.00031823556059144294,-0.04127840915679766,-0.10872535445771354,-0.13858240370418118,-0.015222276324815013,0.0038009274824630317,-0.014425621992794934,-0.000796654346366543,-0.1388467158102796,0.0002643121060984594,-0.01532463003987115,0.00010235371505613532,0.0038493572571016636,-4.842977463863277e-05,-0.0007548931818870707,4.28089671746787e-05,3.989005793971826e-05,-0.0007947831907792548,0.0010685450655430802,0.0011065265871987048,-3.79815216556249e-05,-0.13965094876972425,-1.1067978053956194e-08,0.4057927302310341,0.48990715227629017,0.09515333081546584,0.05170136420350326,0.33976973684210526,0.11072371445204081,8.786554889459358e-05,0.3681478908084094,0.3510961599114127,0.20077416073631013,0.0030907332639655677,0.0034089688245570104,0.040416918963883885,0.02519464263906888,0.31774183541175455,0.17915943170757337,0.0004331538707129401,0.004234081353175972,0.018074184316965176,0.019142729382508262,0.3193119233012909,0.17966097453156663,0.008726277915753275
LR,l2,2,D_only,20,-0.19651872134837514,-0.19443825161736755,-0.002080469731007588,-0.08030047612400322,-0.11621824522437192,-0.18232076307895193,-0.01481574089983577,0.0006177924912014856,-0.019337550525473084,0.004521809637557759,-0.18042227141639738,-0.0018984916625545225,-0.014643816417092346,-0.0001719244827434287,0.0006278469811350221,-1.005448993353658e-05,-0.0010728374233916124,2.4479598383270524e-06,-0.002067223348977467,0.0009943859848761134,-0.0015567647843600283,-0.0015195006221448127,-3.726416221521675e-05,-0.18076399829459192,-9.860788938525956e-09,0.4265537268417044,0.48843182665500035,0.15316012167739995,0.08381083707583237,0.3628374620644867,0.21743052165957005,-0.002556803735717628,0.35444743935309975,0.0610578247513412,0.023350458967801947,0.0006141036693435652,0.00020847515855597232,0.0070718621245533875,0.004214722055851237,0.05536490691221618,0.019988736481368098,1.769214842419189e-05,0.0001380102459295147,0.0042866669749020755,0.003999585721356483,0.05497782921400046,0.019888740036697952,0.00995758824265328
LR,l2,2,D_only,50,0.027277811083975936,0.027751456395919163,-0.0004736453119432225,-0.008516821369411455,0.03579463245338741,0.020485838796939305,0.005323428036790965,0.001468544934526321,-0.0009819127698982694,0.006305340830177976,0.02093277298533292,-0.0004469341883936301,0.005324925001089292,-1.4969642983273925e-06,0.001493758033191077,-2.521309866475641e-05,0.00045285300795872886,2.226825370434354e-06,-0.0007337309160083972,0.0011865839020390372,-0.0017936580783760058,-0.0017507884006692333,-4.286967770677142e-05,0.022279496875315302,-6.842806291971478e-10,0.4829223293850296,0.5532339380520718,0.13055222172282713,0.07555744961870166,0.4254692480744501,0.18179530552260156,-0.00035128658006945284,0.36231805929919136,0.04857295052530009,0.05337982177472265,0.0005596182883968331,0.00046103869353445544,0.00566135331371696,0.0066533354407485945,0.04402854251916743,0.047458346631237054,5.680063391670947e-05,0.00034330619383650775,0.004843756892183753,0.004512581812231218,0.04379328146823701,0.04755426066025916,0.011389966002364313
LR,l2,2,D_only,100,0.07603557109653973,0.07619589679928628,-0.0001603257027465436,-0.0012989206503002733,0.07733449174684,0.0654421757770548,0.007912741797650237,0.002680657198907746,0.0016491169862927531,0.006263624788590603,0.06559087685017807,-0.00014870107312329586,0.007873435515509265,3.9306282140967666e-05,0.002731586005872396,-5.092880696464933e-05,0.0006686215495562982,-1.1200624525581402e-05,-0.0006322500965861592,0.001300871597345498,-0.0018051044691185045,-0.0017619625688407004,-4.314190027780694e-05,0.06724728024617332,-3.6770730714262077e-09,0.5018263089461744,0.5784445682915933,0.1105428000945181,0.06582397310564878,0.4464736703671648,0.14152244671211342,-0.0008710513295563649,0.36808906380569856,0.04412129777223335,0.05839886837258852,0.0005712462061139951,0.0005362709620538609,0.005178379383959758,0.006691244709229851,0.040029569675475794,0.05223558653861721,0.00013633120779956966,0.0006600451082101434,0.004867920919584422,0.00453459613278683,0.040555605479415606,0.053094947129354614,0.01278168918714389
LR,l2,2,N_only,20,-0.39595728071078246,-0.39372863419967186,-0.002228646511110695,-0.13700801695632553,-0.25894926375445704,-0.35250793987578,-0.0441204462787807,0.0006711250566713454,-0.0420284605076445,-0.002091985774619791,-0.3504872102750114,-0.002020729600768586,-0.043921135297370476,-0.00019931098141022833,0.000679730828185978,-8.60577151463252e-06,-0.001852039804851361,1.0303855707936988e-05,-0.0012933875922821912,-0.000558652128908203,-0.0014501784548493035,-0.0013579618472912252,-9.221660755807817e-05,-0.35105776142093076,-1.961289319261426e-08,0.3155321761479325,0.38628561763551855,0.10898062625599116,0.04589775416344335,0.23948019808527798,0.11304145039276942,-0.003329903476080527,0.3737196765498652,0.09800191236552669,0.02117057784189402,0.0007352539785910937,0.0003019539377572456,0.012389403554292768,0.003788454091622812,0.08716919164359528,0.01837381079599165,1.1777089281158276e-05,0.00014347666286811404,0.0035279129787510353,0.0032036489287325547,0.08718317409805232,0.01871205730046718,0.007446577675002278
LR,l2,2,N_only,50,-0.3654894412588067,-0.3644881564149574,-0.0010012848438493056,-0.11093836827447298,-0.25455107298433377,-0.3315787117602563,-0.03598586030853729,0.002075147878309974,-0.032487950062472445,-0.0034979103161491424,-0.330641643955899,-0.0009370678043572451,-0.035943044191884654,-4.281611665264014e-05,0.002096548322116473,-2.140044380649942e-05,-0.0014546229839415498,3.474167441392487e-05,-0.00044839426660750736,-0.0010062286299162434,-0.0016579768179098618,-0.0015536958501289554,-0.00010428096778090636,-0.3299207349423464,-1.7068323094484465e-08,0.35318185403701435,0.4279781467370986,0.09167902890843178,0.042720828374833576,0.28131317760462704,0.10369361038902802,-0.00177163177259182,0.37243907698943285,0.10556759088890005,0.033904823908704064,0.0007549531602298405,0.0005539687999407761,0.011591401394008403,0.004504694526423199,0.09549685448231257,0.0303127430925897,4.685637022660394e-05,0.0004539266254219185,0.003977665735403087,0.003607590304178155,0.0954016031053703,0.030587567146872337,0.007100593453454133
LR,l2,2,N_only,100,-0.36404411899675015,-0.36372677504941947,-0.00031734394733070015,-0.10939429878031044,-0.2546498202164397,-0.33066237300702245,-0.038094412540491576,0.004712683688484085,-0.0331622759108407,-0.0049321366960397425,-0.33034748706601985,-0.00031488594100252676,-0.03813416651210961,3.9753971618039175e-05,0.004754895747379137,-4.221205889505154e-05,-0.0015131404587157191,7.488377911231322e-05,-4.991585781572935e-05,-0.001463224521798437,-0.0016674919482475125,-0.0015626907552518988,-0.00010480119299560977,-0.3289948810587749,-1.7137720307201848e-08,0.3545246357672682,0.4344886419880227,0.08199097905133168,0.03998633852836707,0.28280514075436264,0.08464445598686546,0.0005599448823812098,0.37271869524194634,0.10111364585995125,0.030084023533338732,0.0007661541880071654,0.000704482870201709,0.011495886633761243,0.004048460815367568,0.09156816801868263,0.027000821340559148,8.563177091900133e-05,0.0010091139588181129,0.003996926121219915,0.0036247780277912727,0.09154632946170109,0.0273511308770062,0.007520177578347323
LR,l2,2,both,20,-0.3881873063375074,-0.3855214691786137,-0.002665837158893648,-0.13484941694856517,-0.2533378893889422,-0.3466150008280295,-0.0422237943883514,0.0006515123376244751,-0.04729016769712618,0.005066373277200589,-0.34423489787406364,-0.002380102953965984,-0.04194902969142326,-0.000274764696928156,0.0006624811090447868,-1.0968771420311553e-05,-0.0018882456022434298,8.95081765505842e-06,-0.0016139736847357406,-0.00027427179811912946,0.009624836928986679,0.009485788939210413,0.00013904798977626298,-0.35623983775701623,-2.345875092537596e-08,0.3683752382832362,0.4441304005103602,0.13948809328234585,0.067396606986684,0.29819470551378446,0.16451971664240486,-0.00024012420898336022,0.3764423076923077,0.028418982708679253,0.006751508162990181,0.00022131492160138135,7.032512411426165e-05,0.0037485220505153634,0.001319049986508697,0.025247691591063614,0.005823121583519081,2.3223034493243597e-06,3.7901303523695146e-05,0.0009463140557393795,0.0014092641057285539,0.025675819881351817,0.005788299823818109,0.00772739600888054
LR,l2,2,both,50,-0.27692037989310964,-0.27582296017746966,-0.0010974197156399367,-0.09034731949709221,-0.18657306039601745,-0.2517343926694286,-0.027056272553174356,0.0018703007151929497,-0.03168551714231794,0.004629244565652591,-0.25075244853993234,-0.0009819441294962746,-0.02696789253888028,-8.838001429405662e-05,0.001897395706965603,-2.7094991772653445e-05,-0.0010928080688349128,3.0493602805085048e-05,-0.0003771136121632237,-0.0007156943574586018,0.01079567914566991,0.010639169990269804,0.00015650915540011063,-0.2625300718150985,-1.53856996140693e-08,0.41973331409289427,0.4945364313316823,0.11905314833448644,0.06371223838406996,0.3552592418546366,0.15356217883433915,0.0032912458525970576,0.3713461538461538,0.02892203485161885,0.013555991553397293,0.00022717328631858294,0.0001670634113313434,0.0031107267120088337,0.0016471730271663168,0.02623355805148521,0.01216891207469724,1.022294500782984e-05,0.00011227029961049118,0.0010691901371744782,0.001587456981093712,0.02662990734892913,0.012046994528221928,0.007793463384788108
LR,l2,2,both,100,-0.22973111484262101,-0.22931839437281856,-0.00041272046980240904,-0.07737683029379507,-0.15235428454882594,-0.21223461116144604,-0.021275845575217393,0.0037793539730680793,-0.02362983815626107,0.0023539925352490674,-0.21183148761192905,-0.00040312354951701964,-0.021320400044593894,4.455446937649182e-05,0.0038335053922588717,-5.415141919079386e-05,-0.0007653004127681384,5.724935386969855e-05,0.00040282882814021877,-0.0011681290852030882,0.01084508181250856,0.010687825200705795,0.00015725661180276485,-0.22307969297395455,-1.2079025695143345e-08,0.4244842667627453,0.508528690126008,0.10600138964285528,0.05848652347455497,0.36053806390977444,0.1225622007889407,-0.003104964053762475,0.37317307692307694,0.02746474467042753,0.014485227539915276,0.00023400212094680972,0.00021635549939482622,0.003078826747297821,0.00186703356382131,0.02487024779798618,0.012877954712097808,2.136708815278067e-05,0.00022829037445473921,0.0010745310655457451,0.0015951058186229794,0.025161806128830504,0.012648938289864893,0.008448112209166095
LR,l2,2,rest,20,-0.2005652382060556,-0.19943326495942468,-0.0011319732466309332,-0.0600755722642328,-0.1404896659418228,-0.17623738668959077,-0.02504757874661886,0.0007197368766754687,-0.023947345484006982,-0.0011002332635087987,-0.1752183752941149,-0.0010190113954759122,-0.024944421496830096,-0.00010315724978876548,0.0007295413998089261,-9.804523133457565e-06,-0.0014904523163267788,8.120810994491332e-06,-0.0011146125999924852,-0.00037583963375978255,0.001967136193340193,0.001991700898791496,-2.4564705451303006e-05,-0.17820452288293098,-9.646521449110578e-09,0.33586748973215036,0.3963999572988542,0.124316223099837,0.05647824079328481,0.2620749836851351,0.14175204240927183,-0.00034197687630102585,0.349573055028463,0.16633828810861648,0.05555903885830373,0.0013568935442201204,0.000725716888677868,0.022905375639795233,0.009004114535963162,0.1472753735783683,0.04936647920781194,4.1884280782708e-05,0.00044161920675567066,0.007174526375519773,0.008299294815358632,0.14773836303683396,0.048704700226438725,0.008091428333517467
LR,l2,2,rest,50,-0.13858151964741733,-0.13881684265973224,0.00023532301231491142,-0.0264614230733089,-0.11212009657410847,-0.1269704997253204,-0.013506838542969597,0.0018958263559241998,-0.01214427423774848,-0.0013625643164811153,-0.1271540151603223,0.00018351543500191205,-0.013583299540772364,7.646099780276878e-05,0.001920479591206277,-2.465323528207775e-05,-0.0009786663944328247,2.4333372942254958e-05,-0.00013386285913210042,-0.0008448034752997211,0.002182865479362949,0.002211029068548412,-2.8163589185462674e-05,-0.12915336520468332,-7.735051558425263e-09,0.37923829440529344,0.46123219350510497,0.10270099252060315,0.05303309108282561,0.31026477608393926,0.12911329115925776,0.0005353483591859624,0.36225448334756616,0.1760374119012792,0.0994962357313675,0.001444007161859956,0.0015767790885767776,0.01982299055952157,0.012396443485588222,0.15933511645955098,0.08930112808315807,9.517828707206392e-05,0.0011473137558042606,0.0080952104107949,0.009343957065026916,0.15961514479133174,0.08833240976070683,0.008136103314264403
LR,l2,2,rest,100,-0.1452785270880413,-0.14605463127666396,0.000776104188622641,-0.027697562732044063,-0.11758096435599724,-0.13450151989591763,-0.014648513492613792,0.00387151755967893,-0.012599685204221875,-0.0020488282801607856,-0.13517532481715375,0.000673804921236148,-0.014800437207926702,0.00015192371531291848,0.003921141816180541,-4.9624256501612035e-05,-0.0009813611790317404,4.8863177487128974e-05,0.00026574987452609577,-0.0012471109920110031,0.0021909938311465,0.002219331965908101,-2.8338134761600732e-05,-0.13669251372706406,-1.1259188813446013e-08,0.3890236381859345,0.47702968014884234,0.09340777170180352,0.05025858112020448,0.3211373650207749,0.10822900770242998,0.0004809473664068381,0.36606380354126733,0.17839647160880062,0.09780604129046759,0.0015193307488975973,0.0019518594929066144,0.020663826198865073,0.012587903550650153,0.1612738499196099,0.08704506911629922,0.00018982380384158847,0.002336631911692976,0.008134806210615096,0.009388249403307177,0.1620481822313437,0.08656595823534091,0.008444676504162495
