seed,eps,task,n,inflow,outflow
0,0.05,0,1,0,0
0,0.05,1,17,16,0
0,0.05,2,20,12,9
0,0.05,3,26,21,15
0,0.05,4,36,21,11
0,0.05,5,21,12,27
0,0.05,6,41,28,8
0,0.05,7,44,19,16
0,0.05,8,49,15,10
0,0.05,9,37,5,17
0,0.05,10,41,16,12
0,0.05,11,39,12,14
0,0.05,12,35,13,17
0,0.05,13,31,10,14
0,0.05,14,35,11,7
0,0.05,15,49,23,9
0,0.05,16,38,9,20
0,0.05,17,44,15,9
0,0.05,18,50,12,6
0,0.05,19,49,6,7
0,0.05,20,42,4,11
0,0.05,21,38,9,13
0,0.05,22,43,13,8
0,0.05,23,56,16,3
0,0.05,24,38,2,20
0,0.05,25,51,20,7
0,0.05,26,33,6,24
0,0.05,27,35,11,9
0,0.05,28,50,21,6
0,0.05,29,45,3,8
0,0.05,30,54,10,1
0,0.05,31,59,6,1
0,0.05,32,47,2,14
0,0.05,33,27,6,26
0,0.05,34,45,22,4
0,0.05,35,51,11,5
0,0.05,36,46,6,11
0,0.05,37,56,11,1
0,0.05,38,43,2,15
0,0.05,39,47,10,6
0,0.05,40,52,10,5
0,0.05,41,57,6,1
0,0.05,42,55,1,3
0,0.05,43,57,4,2
0,0.05,44,49,0,8
0,0.05,45,42,1,8
0,0.05,46,47,6,1
0,0.05,47,44,3,6
0,0.05,48,46,6,4
0,0.05,49,49,6,3
0,0.05,50,41,2,10
0,0.05,51,45,4,0
0,0.05,52,48,4,1
0,0.05,53,37,3,14
0,0.05,54,26,0,11
0,0.05,55,28,14,12
0,0.05,56,29,13,12
0,0.05,57,34,10,5
0,0.05,58,40,6,0
0,0.05,59,37,3,6
0,0.05,60,25,5,17
0,0.05,61,44,21,2
0,0.05,62,40,1,5
0,0.05,63,43,5,2
0,0.05,64,35,1,9
0,0.05,65,25,3,13
0,0.05,66,40,15,0
0,0.05,67,16,1,25
0,0.05,68,12,0,4
0,0.05,69,29,18,1
0,0.05,70,23,6,12
0,0.05,71,33,12,2
0,0.05,72,35,4,2
0,0.05,73,25,2,12
0,0.05,74,33,12,4
0,0.05,75,25,5,13
0,0.05,76,27,10,8
0,0.05,77,33,8,2
0,0.05,78,34,6,5
0,0.05,79,33,5,6
0,0.05,80,14,2,21
0,0.05,81,32,20,2
0,0.05,82,31,5,6
0,0.05,83,31,3,3
0,0.05,84,31,5,5
0,0.05,85,35,7,3
0,0.05,86,27,1,9
0,0.05,87,35,10,2
0,0.05,88,36,3,2
0,0.05,89,28,0,8
0,0.05,90,34,7,1
0,0.05,91,30,0,4
0,0.05,92,40,10,0
0,0.05,93,36,1,5
0,0.05,94,33,1,4
0,0.05,95,32,1,2
0,0.05,96,36,6,2
0,0.05,97,38,3,1
0,0.05,98,35,1,4
0,0.05,99,24,3,14
0,0.05,100,29,9,4
0,0.05,101,32,6,3
0,0.05,102,32,3,3
0,0.05,103,29,1,4
0,0.05,104,35,8,2
0,0.05,105,32,3,6
0,0.05,106,34,5,3
0,0.05,107,30,1,5
0,0.05,108,27,2,5
0,0.05,109,34,9,2
0,0.05,110,21,2,15
0,0.05,111,31,13,3
0,0.05,112,26,3,8
0,0.05,113,20,4,10
0,0.05,114,18,6,8
0,0.05,115,21,8,5
0,0.05,116,25,8,4
0,0.05,117,27,4,2
0,0.05,118,28,4,3
0,0.05,119,28,1,1
0,0.05,120,25,3,6
0,0.05,121,25,1,1
0,0.05,122,25,5,5
0,0.05,123,21,1,5
0,0.05,124,22,4,3
0,0.05,125,21,5,6
0,0.05,126,28,10,3
0,0.05,127,23,0,5
0,0.05,128,21,1,3
0,0.05,129,26,5,0
0,0.05,130,26,2,2
0,0.05,131,28,4,2
0,0.05,132,27,1,2
0,0.05,133,26,1,2
0,0.05,134,28,3,1
0,0.05,135,27,0,1
0,0.05,136,27,0,0
0,0.05,137,31,4,0
0,0.05,138,28,0,3
0,0.05,139,30,3,1
0,0.05,140,28,1,3
0,0.05,141,29,1,0
0,0.05,142,30,1,0
0,0.05,143,29,0,1
0,0.05,144,27,0,2
0,0.05,145,30,3,0
0,0.05,146,29,1,2
0,0.05,147,30,2,1
0,0.05,148,20,1,11
0,0.05,149,30,10,0
0,0.05,150,28,0,2
0,0.05,151,25,0,3
0,0.05,152,28,4,1
0,0.05,153,24,0,4
0,0.05,154,21,0,3
0,0.05,155,23,2,0
0,0.05,156,17,0,6
0,0.05,157,23,7,1
0,0.05,158,22,2,3
0,0.05,159,23,4,3
0,0.05,160,17,1,7
0,0.05,161,24,7,0
0,0.05,162,24,3,3
0,0.05,163,24,2,2
0,0.05,164,28,5,1
0,0.05,165,27,1,2
0,0.05,166,31,4,0
0,0.05,167,29,0,2
0,0.05,168,30,2,1
0,0.05,169,31,1,0
0,0.05,170,24,0,7
0,0.05,171,25,3,2
0,0.05,172,25,2,2
0,0.05,173,28,3,0
0,0.05,174,27,0,1
0,0.05,175,24,0,3
0,0.05,176,26,4,2
0,0.05,177,24,2,4
0,0.05,178,27,3,0
0,0.05,179,28,1,0
0,0.05,180,24,0,4
0,0.05,181,18,1,7
0,0.05,182,26,8,0
0,0.05,183,28,2,0
0,0.05,184,27,0,1
0,0.05,185,26,0,1
0,0.05,186,27,1,0
0,0.05,187,27,0,0
0,0.05,188,27,0,0
0,0.05,189,27,0,0
0,0.05,190,18,0,9
0,0.05,191,18,1,1
0,0.05,192,19,4,3
0,0.05,193,26,8,1
0,0.05,194,17,0,9
0,0.05,195,21,7,3
0,0.05,196,19,4,6
0,0.05,197,27,8,0
0,0.05,198,19,0,8
0,0.05,199,20,3,2
0,0.05,200,24,4,0
0,0.05,201,22,0,2
0,0.05,202,22,0,0
0,0.05,203,24,2,0
0,0.05,204,23,1,2
0,0.05,205,24,2,1
0,0.05,206,25,1,0
0,0.05,207,17,1,9
0,0.05,208,26,9,0
0,0.05,209,25,0,1
0,0.05,210,20,0,5
0,0.05,211,14,1,7
0,0.05,212,19,5,0
0,0.05,213,15,1,5
0,0.05,214,12,0,3
0,0.05,215,20,8,0
0,0.05,216,15,1,6
0,0.05,217,19,6,2
0,0.05,218,19,2,2
0,0.05,219,24,5,0
0,0.05,220,19,0,5
0,0.05,221,22,3,0
0,0.05,222,20,0,2
0,0.05,223,19,1,2
0,0.05,224,12,0,7
0,0.05,225,20,8,0
0,0.05,226,21,1,0
0,0.05,227,19,0,2
0,0.05,228,21,3,1
0,0.05,229,16,1,6
0,0.05,230,17,2,1
0,0.05,231,19,4,2
0,0.05,232,22,4,1
0,0.05,233,17,1,6
0,0.05,234,19,3,1
0,0.05,235,14,0,5
0,0.05,236,15,2,1
0,0.05,237,16,4,3
0,0.05,238,22,7,1
0,0.05,239,21,2,3
0,0.05,240,17,0,4
0,0.05,241,17,0,0
0,0.05,242,21,4,0
0,0.05,243,19,1,3
0,0.05,244,19,1,1
0,0.05,245,20,2,1
0,0.05,246,20,1,1
0,0.05,247,21,2,1
0,0.05,248,20,1,2
0,0.05,249,16,0,4
0,0.05,250,18,2,0
0,0.05,251,16,2,4
0,0.05,252,19,3,0
0,0.05,253,19,0,0
0,0.05,254,19,0,0
0,0.05,255,18,0,1
0,0.05,256,20,2,0
0,0.05,257,18,0,2
0,0.05,258,20,2,0
0,0.05,259,21,1,0
0,0.05,260,20,1,2
0,0.05,261,20,2,2
0,0.05,262,23,4,1
0,0.05,263,23,0,0
0,0.05,264,20,0,3
0,0.05,265,22,2,0
0,0.05,266,23,1,0
0,0.05,267,21,0,2
0,0.05,268,23,2,0
0,0.05,269,24,1,0
0,0.05,270,21,0,3
0,0.05,271,23,2,0
0,0.05,272,21,0,2
0,0.05,273,23,2,0
0,0.05,274,23,1,1
0,0.05,275,22,0,1
0,0.05,276,21,0,1
0,0.05,277,22,1,0
0,0.05,278,22,0,0
0,0.05,279,21,0,1
0,0.05,280,21,0,0
0,0.05,281,22,1,0
0,0.05,282,20,0,2
0,0.05,283,22,2,0
0,0.05,284,23,2,1
0,0.05,285,22,0,1
0,0.05,286,22,0,0
0,0.05,287,22,0,0
0,0.05,288,20,0,2
0,0.05,289,22,2,0
0,0.05,290,23,1,0
0,0.05,291,22,0,1
0,0.05,292,22,0,0
0,0.05,293,20,0,2
0,0.05,294,23,3,0
0,0.05,295,22,0,1
0,0.05,296,23,1,0
0,0.05,297,22,0,1
0,0.05,298,23,1,0
0,0.05,299,21,0,2
0,0.05,300,21,0,0
0,0.05,301,22,1,0
0,0.05,302,22,0,0
0,0.05,303,23,1,0
0,0.05,304,22,0,1
0,0.05,305,22,0,0
0,0.05,306,22,0,0
0,0.05,307,23,1,0
0,0.05,308,22,0,1
0,0.05,309,22,0,0
0,0.05,310,22,0,0
0,0.05,311,22,0,0
0,0.05,312,22,0,0
0,0.05,313,22,0,0
0,0.05,314,22,0,0
0,0.05,315,22,0,0
0,0.05,316,22,0,0
0,0.05,317,22,0,0
0,0.05,318,22,0,0
0,0.05,319,21,0,1
0,0.05,320,21,1,1
0,0.05,321,22,1,0
0,0.05,322,22,0,0
0,0.05,323,22,0,0
0,0.05,324,22,0,0
0,0.05,325,21,0,1
0,0.05,326,21,1,1
0,0.05,327,15,1,7
0,0.05,328,23,8,0
0,0.05,329,22,0,1
0,0.05,330,22,0,0
0,0.05,331,22,0,0
0,0.05,332,22,0,0
0,0.05,333,22,0,0
0,0.05,334,22,0,0
0,0.05,335,22,0,0
0,0.05,336,22,0,0
0,0.05,337,22,0,0
0,0.05,338,22,0,0
0,0.05,339,22,0,0
0,0.05,340,22,0,0
0,0.05,341,22,0,0
0,0.05,342,22,0,0
0,0.05,343,22,0,0
0,0.05,344,22,0,0
0,0.05,345,22,0,0
0,0.05,346,22,0,0
0,0.05,347,22,0,0
0,0.05,348,22,0,0
0,0.05,349,22,0,0
0,0.05,350,23,1,0
0,0.05,351,22,0,1
0,0.05,352,23,1,0
0,0.05,353,22,0,1
0,0.05,354,22,0,0
0,0.05,355,22,0,0
0,0.05,356,22,0,0
0,0.05,357,22,0,0
0,0.05,358,22,0,0
0,0.05,359,15,0,7
0,0.05,360,21,6,0
0,0.05,361,17,0,4
0,0.05,362,20,3,0
0,0.05,363,21,1,0
0,0.05,364,15,0,6
0,0.05,365,18,4,1
0,0.05,366,19,3,2
0,0.05,367,16,1,4
0,0.05,368,8,0,8
0,0.05,369,20,12,0
0,0.05,370,20,1,1
0,0.05,371,19,1,2
0,0.05,372,14,0,5
0,0.05,373,19,5,0
0,0.05,374,19,0,0
0,0.05,375,14,0,5
0,0.05,376,16,4,2
0,0.05,377,6,0,10
0,0.05,378,16,10,0
0,0.05,379,16,0,0
0,0.05,380,17,1,0
0,0.05,381,13,0,4
0,0.05,382,11,0,2
0,0.05,383,13,2,0
0,0.05,384,21,8,0
0,0.05,385,16,1,6
0,0.05,386,13,0,3
0,0.05,387,17,4,0
0,0.05,388,16,1,2
0,0.05,389,17,3,2
0,0.05,390,19,3,1
0,0.05,391,18,1,2
0,0.05,392,17,1,2
0,0.05,393,17,4,4
0,0.05,394,15,4,6
0,0.05,395,16,2,1
0,0.05,396,16,0,0
0,0.05,397,17,4,3
0,0.05,398,19,2,0
0,0.05,399,15,0,4
0,0.05,400,16,3,2
0,0.05,401,21,5,0
0,0.05,402,17,0,4
0,0.05,403,18,2,1
0,0.05,404,19,2,1
0,0.05,405,13,0,6
0,0.05,406,14,1,0
0,0.05,407,16,2,0
0,0.05,408,18,2,0
0,0.05,409,19,1,0
0,0.05,410,17,1,3
0,0.05,411,20,3,0
0,0.05,412,15,0,5
0,0.05,413,18,4,1
0,0.05,414,19,1,0
0,0.05,415,21,2,0
0,0.05,416,21,1,1
0,0.05,417,21,1,1
0,0.05,418,20,0,1
0,0.05,419,21,1,0
0,0.05,420,18,0,3
0,0.05,421,22,4,0
0,0.05,422,20,0,2
0,0.05,423,20,0,0
0,0.05,424,20,0,0
0,0.05,425,20,0,0
0,0.05,426,20,0,0
0,0.05,427,20,0,0
0,0.05,428,21,1,0
0,0.05,429,20,0,1
0,0.05,430,22,2,0
0,0.05,431,21,0,1
0,0.05,432,20,0,1
0,0.05,433,20,0,0
0,0.05,434,21,1,0
0,0.05,435,20,0,1
0,0.05,436,20,0,0
0,0.05,437,21,1,0
0,0.05,438,21,1,1
0,0.05,439,20,0,1
0,0.05,440,20,0,0
0,0.05,441,21,1,0
0,0.05,442,21,0,0
0,0.05,443,20,0,1
0,0.05,444,21,1,0
0,0.05,445,20,0,1
0,0.05,446,21,1,0
0,0.05,447,19,0,2
0,0.05,448,20,1,0
0,0.05,449,20,0,0
0,0.05,450,21,1,0
0,0.05,451,21,0,0
0,0.05,452,21,0,0
0,0.05,453,20,0,1
0,0.05,454,21,1,0
0,0.05,455,20,0,1
0,0.05,456,21,1,0
0,0.05,457,20,0,1
0,0.05,458,21,1,0
0,0.05,459,21,0,0
0,0.05,460,20,0,1
0,0.05,461,20,0,0
0,0.05,462,20,0,0
0,0.05,463,21,1,0
0,0.05,464,20,0,1
0,0.05,465,21,1,0
0,0.05,466,20,0,1
0,0.05,467,20,1,1
0,0.05,468,20,1,1
0,0.05,469,20,0,0
0,0.05,470,20,0,0
0,0.05,471,20,0,0
0,0.05,472,19,0,1
0,0.05,473,20,1,0
0,0.05,474,20,0,0
0,0.05,475,20,0,0
0,0.05,476,19,0,1
0,0.05,477,20,1,0
0,0.05,478,20,0,0
0,0.05,479,20,0,0
0,0.05,480,19,0,1
0,0.05,481,20,1,0
0,0.05,482,20,0,0
0,0.05,483,20,0,0
0,0.05,484,20,0,0
0,0.05,485,19,1,2
0,0.05,486,17,0,2
0,0.05,487,19,2,0
0,0.05,488,20,1,0
0,0.05,489,20,1,1
0,0.05,490,20,0,0
0,0.05,491,20,0,0
0,0.05,492,21,1,0
0,0.05,493,20,0,1
0,0.05,494,20,0,0
0,0.05,495,16,0,4
0,0.05,496,14,1,3
0,0.05,497,17,3,0
0,0.05,498,15,0,2
0,0.05,499,20,5,0
0,0.05,500,19,0,1
0,0.05,501,17,0,2
0,0.05,502,21,4,0
0,0.05,503,20,0,1
0,0.05,504,18,0,2
0,0.05,505,19,1,0
0,0.05,506,20,1,0
0,0.05,507,19,0,1
0,0.05,508,19,0,0
0,0.05,509,19,0,0
0,0.05,510,19,0,0
0,0.05,511,19,0,0
0,0.05,512,20,1,0
0,0.05,513,19,0,1
0,0.05,514,20,1,0
0,0.05,515,20,0,0
0,0.05,516,20,0,0
0,0.05,517,20,0,0
0,0.05,518,21,1,0
0,0.05,519,20,0,1
0,0.05,520,19,0,1
0,0.05,521,21,2,0
0,0.05,522,21,0,0
0,0.05,523,19,0,2
0,0.05,524,20,1,0
0,0.05,525,20,0,0
0,0.05,526,18,0,2
0,0.05,527,17,0,1
0,0.05,528,19,2,0
0,0.05,529,19,0,0
0,0.05,530,18,1,2
0,0.05,531,19,2,1
0,0.05,532,19,0,0
0,0.05,533,18,0,1
0,0.05,534,20,2,0
0,0.05,535,20,0,0
0,0.05,536,19,0,1
0,0.05,537,20,1,0
0,0.05,538,19,0,1
0,0.05,539,19,0,0
0,0.05,540,20,1,0
0,0.05,541,19,0,1
0,0.05,542,19,0,0
0,0.05,543,20,1,0
0,0.05,544,19,0,1
0,0.05,545,19,0,0
0,0.05,546,19,0,0
0,0.05,547,20,1,0
0,0.05,548,19,0,1
0,0.05,549,20,1,0
0,0.05,550,20,0,0
0,0.05,551,19,0,1
0,0.05,552,19,0,0
0,0.05,553,20,1,0
0,0.05,554,19,0,1
0,0.05,555,20,1,0
0,0.05,556,19,0,1
0,0.05,557,19,0,0
0,0.05,558,19,0,0
0,0.05,559,19,0,0
0,0.05,560,20,1,0
0,0.05,561,19,0,1
0,0.05,562,20,1,0
0,0.05,563,20,0,0
0,0.05,564,19,0,1
0,0.05,565,20,1,0
0,0.05,566,20,0,0
0,0.05,567,19,0,1
0,0.05,568,20,1,0
0,0.05,569,19,0,1
0,0.05,570,20,1,0
0,0.05,571,20,0,0
0,0.05,572,18,0,2
0,0.05,573,19,1,0
0,0.05,574,19,0,0
0,0.05,575,19,0,0
0,0.05,576,19,0,0
0,0.05,577,19,0,0
0,0.05,578,20,1,0
0,0.05,579,19,0,1
0,0.05,580,20,1,0
0,0.05,581,19,0,1
0,0.05,582,19,0,0
0,0.05,583,19,0,0
0,0.05,584,19,0,0
0,0.05,585,19,0,0
0,0.05,586,19,0,0
0,0.05,587,19,0,0
0,0.05,588,19,0,0
0,0.05,589,19,0,0
0,0.05,590,19,0,0
0,0.05,591,17,0,2
0,0.05,592,19,2,0
0,0.05,593,19,0,0
0,0.05,594,19,0,0
0,0.05,595,19,0,0
0,0.05,596,19,0,0
0,0.05,597,19,0,0
0,0.05,598,19,0,0
0,0.05,599,19,0,0
0,0.05,600,19,0,0
0,0.05,601,19,0,0
0,0.05,602,19,0,0
0,0.05,603,19,0,0
0,0.05,604,19,0,0
0,0.05,605,19,0,0
0,0.05,606,19,0,0
0,0.05,607,19,0,0
0,0.05,608,19,0,0
0,0.05,609,19,0,0
0,0.05,610,19,0,0
0,0.05,611,19,0,0
0,0.05,612,18,0,1
0,0.05,613,18,0,0
0,0.05,614,19,1,0
0,0.05,615,19,0,0
0,0.05,616,19,0,0
0,0.05,617,16,0,3
0,0.05,618,19,3,0
0,0.05,619,19,0,0
0,0.05,620,17,0,2
0,0.05,621,18,1,0
0,0.05,622,18,0,0
0,0.05,623,14,0,4
0,0.05,624,15,1,0
0,0.05,625,18,3,0
0,0.05,626,17,0,1
0,0.05,627,18,1,0
0,0.05,628,18,1,1
0,0.05,629,18,1,1
0,0.05,630,17,0,1
0,0.05,631,17,0,0
0,0.05,632,17,0,0
0,0.05,633,18,1,0
0,0.05,634,18,0,0
0,0.05,635,17,0,1
0,0.05,636,18,1,0
0,0.05,637,18,0,0
0,0.05,638,18,0,0
0,0.05,639,19,1,0
0,0.05,640,18,0,1
0,0.05,641,18,0,0
0,0.05,642,18,0,0
0,0.05,643,18,0,0
0,0.05,644,19,1,0
0,0.05,645,18,0,1
0,0.05,646,18,0,0
0,0.05,647,19,1,0
0,0.05,648,18,0,1
0,0.05,649,17,0,1
0,0.05,650,17,0,0
0,0.05,651,17,1,1
0,0.05,652,18,1,0
0,0.05,653,18,0,0
0,0.05,654,18,1,1
0,0.05,655,17,0,1
0,0.05,656,18,1,0
0,0.05,657,18,0,0
0,0.05,658,17,0,1
0,0.05,659,18,1,0
0,0.05,660,18,0,0
0,0.05,661,18,0,0
0,0.05,662,17,0,1
0,0.05,663,18,1,0
0,0.05,664,15,0,3
0,0.05,665,17,2,0
0,0.05,666,18,1,0
0,0.05,667,18,1,1
0,0.05,668,19,1,0
0,0.05,669,19,0,0
0,0.05,670,19,0,0
0,0.05,671,19,0,0
0,0.05,672,14,0,5
0,0.05,673,16,2,0
0,0.05,674,17,1,0
0,0.05,675,18,1,0
0,0.05,676,17,0,1
0,0.05,677,17,0,0
0,0.05,678,16,0,1
0,0.05,679,17,1,0
0,0.05,680,17,0,0
0,0.05,681,16,0,1
0,0.05,682,16,0,0
0,0.05,683,16,0,0
0,0.05,684,15,0,1
0,0.05,685,17,2,0
0,0.05,686,18,1,0
0,0.05,687,17,0,1
0,0.05,688,17,1,1
0,0.05,689,17,1,1
0,0.05,690,18,1,0
0,0.05,691,18,0,0
0,0.05,692,17,0,1
0,0.05,693,17,0,0
0,0.05,694,17,0,0
0,0.05,695,16,0,1
0,0.05,696,16,0,0
0,0.05,697,17,1,0
0,0.05,698,17,0,0
0,0.05,699,17,0,0
0,0.05,700,17,0,0
0,0.05,701,15,0,2
0,0.05,702,17,2,0
0,0.05,703,17,0,0
0,0.05,704,16,0,1
0,0.05,705,17,1,0
0,0.05,706,17,0,0
0,0.05,707,17,0,0
0,0.05,708,14,0,3
0,0.05,709,16,3,1
0,0.05,710,17,1,0
0,0.05,711,17,0,0
0,0.05,712,16,0,1
0,0.05,713,15,0,1
0,0.05,714,16,1,0
0,0.05,715,17,1,0
0,0.05,716,17,0,0
0,0.05,717,16,0,1
0,0.05,718,17,1,0
0,0.05,719,16,0,1
0,0.05,720,16,0,0
0,0.05,721,17,1,0
0,0.05,722,17,0,0
0,0.05,723,17,0,0
0,0.05,724,16,0,1
0,0.05,725,16,0,0
0,0.05,726,16,0,0
0,0.05,727,16,0,0
0,0.05,728,16,0,0
0,0.05,729,16,0,0
0,0.05,730,17,1,0
0,0.05,731,16,0,1
0,0.05,732,17,1,0
0,0.05,733,17,1,1
0,0.05,734,16,0,1
0,0.05,735,17,1,0
0,0.05,736,16,0,1
0,0.05,737,16,0,0
0,0.05,738,16,0,0
0,0.05,739,18,2,0
0,0.05,740,16,0,2
0,0.05,741,16,0,0
0,0.05,742,16,0,0
0,0.05,743,17,1,0
0,0.05,744,16,0,1
0,0.05,745,16,0,0
0,0.05,746,16,0,0
0,0.05,747,16,0,0
0,0.05,748,16,0,0
0,0.05,749,17,1,0
0,0.05,750,16,0,1
0,0.05,751,16,0,0
0,0.05,752,16,0,0
0,0.05,753,17,1,0
0,0.05,754,16,0,1
0,0.05,755,16,0,0
0,0.05,756,16,0,0
0,0.05,757,16,0,0
0,0.05,758,17,1,0
0,0.05,759,16,0,1
0,0.05,760,16,0,0
0,0.05,761,16,0,0
0,0.05,762,16,0,0
0,0.05,763,16,0,0
0,0.05,764,16,0,0
0,0.05,765,17,1,0
0,0.05,766,17,1,1
0,0.05,767,16,0,1
0,0.05,768,16,0,0
0,0.05,769,16,0,0
0,0.05,770,16,0,0
0,0.05,771,16,0,0
0,0.05,772,16,0,0
0,0.05,773,17,1,0
0,0.05,774,16,0,1
0,0.05,775,16,0,0
0,0.05,776,17,1,0
0,0.05,777,17,0,0
0,0.05,778,16,0,1
0,0.05,779,16,0,0
0,0.05,780,18,2,0
0,0.05,781,16,0,2
0,0.05,782,16,0,0
0,0.05,783,16,0,0
0,0.05,784,16,0,0
0,0.05,785,16,0,0
0,0.05,786,17,1,0
0,0.05,787,16,0,1
0,0.05,788,16,0,0
0,0.05,789,16,0,0
0,0.05,790,16,0,0
0,0.05,791,16,0,0
0,0.05,792,16,0,0
0,0.05,793,16,0,0
0,0.05,794,16,0,0
0,0.05,795,17,1,0
0,0.05,796,16,0,1
0,0.05,797,16,0,0
0,0.05,798,16,0,0
0,0.05,799,17,1,0
0,0.05,800,16,0,1
0,0.05,801,16,0,0
0,0.05,802,16,0,0
0,0.05,803,16,0,0
0,0.05,804,16,0,0
0,0.05,805,16,0,0
0,0.05,806,16,0,0
0,0.05,807,16,0,0
0,0.05,808,16,0,0
0,0.05,809,16,0,0
0,0.05,810,17,1,0
0,0.05,811,16,0,1
0,0.05,812,16,0,0
0,0.05,813,16,0,0
0,0.05,814,16,0,0
0,0.05,815,16,0,0
0,0.05,816,16,0,0
0,0.05,817,16,0,0
0,0.05,818,16,0,0
0,0.05,819,16,0,0
0,0.05,820,16,0,0
0,0.05,821,16,0,0
0,0.05,822,16,0,0
0,0.05,823,16,0,0
0,0.05,824,16,0,0
0,0.05,825,16,0,0
0,0.05,826,16,0,0
0,0.05,827,17,1,0
0,0.05,828,16,0,1
0,0.05,829,16,0,0
0,0.05,830,16,0,0
0,0.05,831,16,0,0
0,0.05,832,16,0,0
0,0.05,833,16,0,0
0,0.05,834,16,0,0
0,0.05,835,17,1,0
0,0.05,836,16,0,1
0,0.05,837,16,0,0
0,0.05,838,17,1,0
0,0.05,839,16,0,1
0,0.05,840,16,0,0
0,0.05,841,16,0,0
0,0.05,842,16,0,0
0,0.05,843,16,0,0
0,0.05,844,16,0,0
0,0.05,845,16,0,0
0,0.05,846,16,0,0
0,0.05,847,16,0,0
0,0.05,848,16,0,0
0,0.05,849,16,0,0
0,0.05,850,16,0,0
0,0.05,851,16,0,0
0,0.05,852,16,0,0
0,0.05,853,16,0,0
0,0.05,854,16,0,0
0,0.05,855,16,0,0
0,0.05,856,16,0,0
0,0.05,857,16,0,0
0,0.05,858,16,0,0
0,0.05,859,16,0,0
0,0.05,860,16,0,0
0,0.05,861,16,0,0
0,0.05,862,16,0,0
0,0.05,863,16,0,0
0,0.05,864,16,0,0
0,0.05,865,16,0,0
0,0.05,866,16,0,0
0,0.05,867,16,0,0
0,0.05,868,16,0,0
0,0.05,869,16,0,0
0,0.05,870,17,1,0
0,0.05,871,16,0,1
0,0.05,872,16,0,0
0,0.05,873,16,0,0
0,0.05,874,16,0,0
0,0.05,875,16,0,0
0,0.05,876,16,0,0
0,0.05,877,16,0,0
0,0.05,878,16,0,0
0,0.05,879,16,0,0
0,0.05,880,16,0,0
0,0.05,881,16,0,0
0,0.05,882,16,0,0
0,0.05,883,16,0,0
0,0.05,884,16,0,0
0,0.05,885,16,0,0
0,0.05,886,16,0,0
0,0.05,887,16,0,0
0,0.05,888,16,0,0
0,0.05,889,16,0,0
0,0.05,890,16,0,0
0,0.05,891,16,0,0
0,0.05,892,16,0,0
0,0.05,893,16,0,0
0,0.05,894,16,0,0
0,0.05,895,16,0,0
0,0.05,896,16,0,0
0,0.05,897,16,0,0
0,0.05,898,16,0,0
0,0.05,899,16,0,0
0,0.05,900,16,0,0
0,0.05,901,16,0,0
0,0.05,902,17,1,0
0,0.05,903,16,0,1
0,0.05,904,16,0,0
0,0.05,905,16,0,0
0,0.05,906,16,0,0
0,0.05,907,16,0,0
0,0.05,908,16,0,0
0,0.05,909,16,0,0
0,0.05,910,16,0,0
0,0.05,911,16,0,0
0,0.05,912,16,0,0
0,0.05,913,16,0,0
0,0.05,914,16,0,0
0,0.05,915,16,0,0
0,0.05,916,16,0,0
0,0.05,917,17,1,0
0,0.05,918,16,0,1
0,0.05,919,16,0,0
0,0.05,920,16,0,0
0,0.05,921,16,0,0
0,0.05,922,16,0,0
0,0.05,923,16,0,0
0,0.05,924,16,0,0
0,0.05,925,16,0,0
0,0.05,926,16,0,0
0,0.05,927,17,1,0
0,0.05,928,16,0,1
0,0.05,929,16,0,0
0,0.05,930,16,0,0
0,0.05,931,16,0,0
0,0.05,932,16,0,0
0,0.05,933,16,0,0
0,0.05,934,16,0,0
0,0.05,935,16,0,0
0,0.05,936,16,0,0
0,0.05,937,17,1,0
0,0.05,938,16,0,1
0,0.05,939,16,0,0
0,0.05,940,16,0,0
0,0.05,941,16,0,0
0,0.05,942,16,0,0
0,0.05,943,16,0,0
0,0.05,944,16,0,0
0,0.05,945,16,0,0
0,0.05,946,16,0,0
0,0.05,947,16,0,0
0,0.05,948,16,0,0
0,0.05,949,16,0,0
0,0.05,950,16,0,0
0,0.05,951,16,0,0
0,0.05,952,16,0,0
0,0.05,953,16,0,0
0,0.05,954,16,0,0
0,0.05,955,17,1,0
0,0.05,956,17,1,1
0,0.05,957,16,0,1
0,0.05,958,17,1,0
0,0.05,959,16,0,1
0,0.05,960,16,0,0
0,0.05,961,16,0,0
0,0.05,962,16,0,0
0,0.05,963,16,0,0
0,0.05,964,16,0,0
0,0.05,965,16,0,0
0,0.05,966,16,0,0
0,0.05,967,16,0,0
0,0.05,968,16,0,0
0,0.05,969,16,0,0
0,0.05,970,16,0,0
0,0.05,971,16,0,0
0,0.05,972,16,0,0
0,0.05,973,16,0,0
0,0.05,974,16,0,0
0,0.05,975,17,1,0
0,0.05,976,17,1,1
0,0.05,977,16,0,1
0,0.05,978,16,0,0
0,0.05,979,16,0,0
0,0.05,980,16,0,0
0,0.05,981,16,0,0
0,0.05,982,16,0,0
0,0.05,983,16,0,0
0,0.05,984,16,0,0
0,0.05,985,16,0,0
0,0.05,986,16,0,0
0,0.05,987,16,0,0
0,0.05,988,16,0,0
0,0.05,989,16,0,0
0,0.05,990,16,0,0
0,0.05,991,16,0,0
0,0.05,992,16,0,0
0,0.05,993,16,0,0
0,0.05,994,16,0,0
0,0.05,995,16,0,0
0,0.05,996,17,1,0
0,0.05,997,16,0,1
0,0.05,998,16,0,0
0,0.05,999,17,1,0
0,0.05,1000,16,0,1
0,0.05,1001,17,1,0
0,0.05,1002,16,0,1
0,0.05,1003,16,0,0
0,0.05,1004,16,0,0
0,0.05,1005,17,1,0
0,0.05,1006,17,0,0
0,0.05,1007,17,0,0
0,0.05,1008,16,0,1
0,0.05,1009,16,0,0
0,0.05,1010,17,1,0
0,0.05,1011,16,0,1
0,0.05,1012,16,0,0
0,0.05,1013,16,0,0
0,0.05,1014,16,0,0
0,0.05,1015,16,0,0
0,0.05,1016,16,0,0
0,0.05,1017,16,0,0
0,0.05,1018,16,0,0
0,0.05,1019,16,0,0
0,0.05,1020,17,1,0
0,0.05,1021,16,0,1
0,0.05,1022,16,0,0
0,0.05,1023,16,0,0
0,0.05,1024,16,0,0
0,0.05,1025,17,1,0
0,0.05,1026,16,0,1
0,0.05,1027,16,0,0
0,0.05,1028,16,0,0
0,0.05,1029,16,0,0
0,0.05,1030,16,0,0
0,0.05,1031,16,0,0
0,0.05,1032,16,0,0
0,0.05,1033,17,1,0
0,0.05,1034,16,0,1
0,0.05,1035,16,0,0
0,0.05,1036,16,0,0
0,0.05,1037,16,0,0
0,0.05,1038,16,0,0
0,0.05,1039,16,0,0
0,0.05,1040,16,0,0
0,0.05,1041,17,1,0
0,0.05,1042,16,0,1
0,0.05,1043,16,0,0
0,0.05,1044,16,0,0
0,0.05,1045,17,1,0
0,0.05,1046,17,1,1
0,0.05,1047,18,2,1
0,0.05,1048,16,0,2
0,0.05,1049,17,1,0
0,0.05,1050,17,0,0
0,0.05,1051,16,0,1
0,0.05,1052,16,0,0
0,0.05,1053,17,1,0
0,0.05,1054,16,0,1
0,0.05,1055,17,1,0
0,0.05,1056,17,0,0
0,0.05,1057,17,0,0
0,0.05,1058,17,0,0
0,0.05,1059,16,0,1
0,0.05,1060,16,0,0
0,0.05,1061,16,0,0
0,0.05,1062,16,0,0
0,0.05,1063,16,0,0
0,0.05,1064,16,0,0
0,0.05,1065,16,0,0
0,0.05,1066,17,1,0
0,0.05,1067,17,1,1
0,0.05,1068,16,0,1
0,0.05,1069,17,1,0
0,0.05,1070,16,0,1
0,0.05,1071,16,0,0
0,0.05,1072,16,0,0
0,0.05,1073,16,0,0
0,0.05,1074,16,0,0
0,0.05,1075,17,1,0
0,0.05,1076,17,0,0
0,0.05,1077,16,0,1
0,0.05,1078,16,0,0
0,0.05,1079,16,0,0
0,0.05,1080,17,1,0
0,0.05,1081,17,0,0
0,0.05,1082,16,0,1
0,0.05,1083,17,1,0
0,0.05,1084,17,0,0
0,0.05,1085,16,0,1
0,0.05,1086,17,1,0
0,0.05,1087,16,0,1
0,0.05,1088,17,1,0
0,0.05,1089,16,0,1
0,0.05,1090,17,1,0
0,0.05,1091,17,0,0
0,0.05,1092,17,0,0
0,0.05,1093,16,0,1
0,0.05,1094,16,0,0
0,0.05,1095,16,0,0
0,0.05,1096,16,0,0
0,0.05,1097,17,1,0
0,0.05,1098,17,0,0
0,0.05,1099,19,2,0
0,0.05,1100,17,0,2
0,0.05,1101,18,1,0
0,0.05,1102,18,0,0
0,0.05,1103,19,1,0
0,0.05,1104,18,0,1
0,0.05,1105,18,0,0
0,0.05,1106,18,0,0
0,0.05,1107,18,0,0
0,0.05,1108,18,0,0
0,0.05,1109,17,0,1
0,0.05,1110,18,1,0
0,0.05,1111,19,1,0
0,0.05,1112,18,0,1
0,0.05,1113,16,0,2
0,0.05,1114,17,1,0
0,0.05,1115,17,0,0
0,0.05,1116,17,0,0
0,0.05,1117,17,0,0
0,0.05,1118,17,0,0
0,0.05,1119,18,1,0
0,0.05,1120,18,0,0
0,0.05,1121,17,0,1
0,0.05,1122,18,1,0
0,0.05,1123,17,0,1
0,0.05,1124,18,1,0
0,0.05,1125,17,0,1
0,0.05,1126,18,1,0
0,0.05,1127,18,0,0
0,0.05,1128,19,1,0
0,0.05,1129,17,0,2
0,0.05,1130,18,1,0
0,0.05,1131,17,0,1
0,0.05,1132,18,1,0
0,0.05,1133,19,1,0
0,0.05,1134,19,0,0
0,0.05,1135,19,0,0
0,0.05,1136,19,0,0
0,0.05,1137,17,0,2
0,0.05,1138,18,1,0
0,0.05,1139,19,1,0
0,0.05,1140,18,0,1
0,0.05,1141,18,0,0
0,0.05,1142,17,0,1
0,0.05,1143,17,0,0
0,0.05,1144,19,2,0
0,0.05,1145,18,0,1
0,0.05,1146,18,0,0
0,0.05,1147,19,1,0
0,0.05,1148,19,0,0
0,0.05,1149,19,0,0
0,0.05,1150,19,0,0
0,0.05,1151,18,0,1
0,0.05,1152,19,1,0
0,0.05,1153,19,0,0
0,0.05,1154,18,0,1
0,0.05,1155,19,1,0
0,0.05,1156,18,0,1
0,0.05,1157,18,0,0
0,0.05,1158,19,1,0
0,0.05,1159,19,0,0
0,0.05,1160,19,0,0
0,0.05,1161,19,0,0
0,0.05,1162,18,0,1
0,0.05,1163,19,1,0
0,0.05,1164,18,0,1
0,0.05,1165,19,1,0
0,0.05,1166,19,0,0
0,0.05,1167,18,0,1
0,0.05,1168,19,1,0
0,0.05,1169,19,1,1
0,0.05,1170,18,0,1
0,0.05,1171,18,0,0
0,0.05,1172,18,0,0
0,0.05,1173,19,1,0
0,0.05,1174,19,0,0
0,0.05,1175,20,1,0
0,0.05,1176,19,1,2
0,0.05,1177,19,1,1
0,0.05,1178,20,1,0
0,0.05,1179,19,0,1
0,0.05,1180,19,0,0
0,0.05,1181,18,0,1
0,0.05,1182,19,1,0
0,0.05,1183,19,0,0
0,0.05,1184,19,0,0
0,0.05,1185,19,0,0
0,0.05,1186,19,0,0
0,0.05,1187,20,1,0
0,0.05,1188,20,0,0
0,0.05,1189,19,0,1
0,0.05,1190,19,0,0
0,0.05,1191,20,1,0
0,0.05,1192,20,0,0
0,0.05,1193,20,0,0
0,0.05,1194,20,0,0
0,0.05,1195,20,0,0
0,0.05,1196,19,0,1
0,0.05,1197,20,1,0
0,0.05,1198,20,0,0
0,0.05,1199,20,0,0
0,0.05,1200,20,0,0
0,0.05,1201,20,0,0
0,0.05,1202,20,0,0
0,0.05,1203,19,0,1
0,0.05,1204,20,1,0
0,0.05,1205,19,0,1
0,0.05,1206,19,1,1
0,0.05,1207,20,1,0
0,0.05,1208,19,0,1
0,0.05,1209,19,1,1
0,0.05,1210,20,1,0
0,0.05,1211,18,0,2
0,0.05,1212,19,1,0
0,0.05,1213,20,1,0
0,0.05,1214,20,0,0
0,0.05,1215,19,0,1
0,0.05,1216,20,1,0
0,0.05,1217,19,0,1
0,0.05,1218,20,1,0
0,0.05,1219,19,0,1
0,0.05,1220,20,1,0
0,0.05,1221,19,0,1
0,0.05,1222,18,1,2
0,0.05,1223,18,1,1
0,0.05,1224,20,2,0
0,0.05,1225,19,0,1
0,0.05,1226,20,1,0
0,0.05,1227,18,0,2
0,0.05,1228,20,2,0
0,0.05,1229,20,1,1
0,0.05,1230,20,1,1
0,0.05,1231,20,0,0
0,0.05,1232,21,1,0
0,0.05,1233,20,0,1
0,0.05,1234,20,0,0
0,0.05,1235,20,0,0
0,0.05,1236,20,1,1
0,0.05,1237,20,1,1
0,0.05,1238,20,0,0
0,0.05,1239,20,0,0
0,0.05,1240,20,0,0
0,0.05,1241,20,0,0
0,0.05,1242,20,0,0
0,0.05,1243,20,0,0
0,0.05,1244,20,0,0
0,0.05,1245,20,0,0
0,0.05,1246,21,1,0
0,0.05,1247,20,0,1
0,0.05,1248,20,0,0
0,0.05,1249,20,0,0
0,0.05,1250,20,0,0
0,0.05,1251,20,0,0
0,0.05,1252,20,0,0
0,0.05,1253,20,0,0
0,0.05,1254,20,0,0
0,0.05,1255,20,0,0
0,0.05,1256,20,0,0
0,0.05,1257,17,0,3
0,0.05,1258,21,4,0
0,0.05,1259,20,0,1
0,0.05,1260,19,0,1
0,0.05,1261,19,1,1
0,0.05,1262,20,1,0
0,0.05,1263,20,0,0
0,0.05,1264,20,0,0
0,0.05,1265,20,0,0
0,0.05,1266,19,0,1
0,0.05,1267,18,0,1
0,0.05,1268,19,1,0
0,0.05,1269,19,1,1
0,0.05,1270,18,1,2
0,0.05,1271,20,2,0
0,0.05,1272,20,0,0
0,0.05,1273,20,0,0
0,0.05,1274,20,0,0
0,0.05,1275,21,1,0
0,0.05,1276,21,1,1
0,0.05,1277,20,0,1
0,0.05,1278,20,0,0
0,0.05,1279,20,0,0
0,0.05,1280,20,0,0
0,0.05,1281,20,0,0
0,0.05,1282,20,0,0
0,0.05,1283,20,0,0
0,0.05,1284,21,1,0
0,0.05,1285,20,0,1
0,0.05,1286,21,1,0
0,0.05,1287,20,0,1
0,0.05,1288,20,0,0
0,0.05,1289,21,1,0
0,0.05,1290,20,0,1
0,0.05,1291,21,1,0
0,0.05,1292,20,0,1
0,0.05,1293,20,0,0
0,0.05,1294,20,0,0
0,0.05,1295,20,0,0
0,0.05,1296,20,0,0
0,0.05,1297,20,0,0
0,0.05,1298,21,1,0
0,0.05,1299,20,0,1
0,0.05,1300,20,0,0
0,0.05,1301,20,0,0
0,0.05,1302,20,0,0
0,0.05,1303,20,0,0
0,0.05,1304,20,0,0
0,0.05,1305,20,0,0
0,0.05,1306,20,0,0
0,0.05,1307,20,0,0
0,0.05,1308,20,0,0
0,0.05,1309,20,0,0
0,0.05,1310,20,0,0
0,0.05,1311,20,0,0
0,0.05,1312,20,0,0
0,0.05,1313,20,0,0
0,0.05,1314,19,0,1
0,0.05,1315,20,1,0
0,0.05,1316,20,0,0
0,0.05,1317,20,0,0
0,0.05,1318,20,0,0
0,0.05,1319,20,1,1
0,0.05,1320,20,1,1
0,0.05,1321,20,0,0
0,0.05,1322,20,0,0
0,0.05,1323,20,0,0
0,0.05,1324,20,0,0
0,0.05,1325,19,0,1
0,0.05,1326,20,1,0
0,0.05,1327,20,0,0
0,0.05,1328,20,0,0
0,0.05,1329,20,0,0
0,0.05,1330,20,0,0
0,0.05,1331,20,0,0
0,0.05,1332,20,0,0
0,0.05,1333,20,0,0
0,0.05,1334,20,0,0
0,0.05,1335,20,0,0
0,0.05,1336,20,0,0
0,0.05,1337,20,0,0
0,0.05,1338,20,0,0
0,0.05,1339,20,0,0
0,0.05,1340,20,0,0
0,0.05,1341,20,0,0
0,0.05,1342,19,0,1
0,0.05,1343,20,1,0
0,0.05,1344,20,0,0
0,0.05,1345,20,0,0
0,0.05,1346,20,0,0
0,0.05,1347,19,0,1
0,0.05,1348,19,0,0
0,0.05,1349,20,1,0
0,0.05,1350,18,0,2
0,0.05,1351,17,0,1
0,0.05,1352,17,0,0
0,0.05,1353,17,0,0
0,0.05,1354,18,1,0
0,0.05,1355,20,2,0
0,0.05,1356,18,1,3
0,0.05,1357,18,1,1
0,0.05,1358,18,1,1
0,0.05,1359,19,1,0
0,0.05,1360,19,0,0
0,0.05,1361,19,0,0
0,0.05,1362,19,0,0
0,0.05,1363,18,0,1
0,0.05,1364,19,1,0
0,0.05,1365,19,0,0
0,0.05,1366,18,0,1
0,0.05,1367,18,0,0
0,0.05,1368,17,0,1
0,0.05,1369,19,2,0
0,0.05,1370,18,0,1
0,0.05,1371,18,0,0
0,0.05,1372,18,0,0
0,0.05,1373,18,0,0
0,0.05,1374,20,2,0
0,0.05,1375,18,0,2
0,0.05,1376,20,2,0
0,0.05,1377,19,0,1
0,0.05,1378,17,0,2
0,0.05,1379,20,3,0
0,0.05,1380,18,0,2
0,0.05,1381,19,1,0
0,0.05,1382,19,0,0
0,0.05,1383,19,0,0
0,0.05,1384,17,0,2
0,0.05,1385,18,1,0
0,0.05,1386,18,0,0
0,0.05,1387,19,1,0
0,0.05,1388,19,0,0
0,0.05,1389,19,0,0
0,0.05,1390,20,1,0
0,0.05,1391,20,0,0
0,0.05,1392,20,0,0
0,0.05,1393,20,0,0
0,0.05,1394,19,0,1
0,0.05,1395,19,0,0
0,0.05,1396,19,0,0
0,0.05,1397,20,1,0
0,0.05,1398,20,0,0
0,0.05,1399,17,0,3
0,0.05,1400,18,1,0
0,0.05,1401,18,0,0
0,0.05,1402,18,0,0
0,0.05,1403,20,2,0
0,0.05,1404,17,0,3
0,0.05,1405,19,2,0
0,0.05,1406,20,1,0
0,0.05,1407,18,0,2
0,0.05,1408,18,1,1
0,0.05,1409,18,0,0
0,0.05,1410,18,0,0
0,0.05,1411,20,2,0
0,0.05,1412,19,0,1
0,0.05,1413,19,0,0
0,0.05,1414,18,0,1
0,0.05,1415,17,0,1
0,0.05,1416,18,1,0
0,0.05,1417,18,1,1
0,0.05,1418,18,1,1
0,0.05,1419,19,2,1
0,0.05,1420,19,0,0
0,0.05,1421,18,0,1
0,0.05,1422,19,1,0
0,0.05,1423,19,0,0
0,0.05,1424,19,1,1
0,0.05,1425,18,0,1
0,0.05,1426,20,2,0
0,0.05,1427,19,0,1
0,0.05,1428,19,0,0
0,0.05,1429,19,0,0
0,0.05,1430,19,0,0
0,0.05,1431,19,1,1
0,0.05,1432,19,1,1
0,0.05,1433,20,1,0
0,0.05,1434,19,0,1
0,0.05,1435,19,0,0
0,0.05,1436,19,0,0
0,0.05,1437,19,0,0
0,0.05,1438,19,0,0
0,0.05,1439,19,0,0
0,0.05,1440,19,0,0
0,0.05,1441,19,0,0
0,0.05,1442,19,0,0
0,0.05,1443,19,0,0
0,0.05,1444,19,0,0
0,0.05,1445,19,0,0
0,0.05,1446,19,0,0
0,0.05,1447,19,0,0
0,0.05,1448,19,0,0
0,0.05,1449,19,0,0
0,0.05,1450,19,0,0
0,0.05,1451,19,0,0
0,0.05,1452,19,0,0
0,0.05,1453,19,0,0
0,0.05,1454,19,0,0
0,0.05,1455,19,0,0
0,0.05,1456,20,1,0
0,0.05,1457,18,0,2
0,0.05,1458,19,1,0
0,0.05,1459,18,0,1
0,0.05,1460,19,1,0
0,0.05,1461,19,0,0
0,0.05,1462,19,0,0
0,0.05,1463,19,0,0
0,0.05,1464,19,0,0
0,0.05,1465,18,0,1
0,0.05,1466,19,1,0
0,0.05,1467,19,0,0
0,0.05,1468,19,0,0
0,0.05,1469,18,0,1
0,0.05,1470,19,1,0
0,0.05,1471,19,0,0
0,0.05,1472,18,0,1
0,0.05,1473,19,1,0
0,0.05,1474,19,0,0
0,0.05,1475,19,0,0
0,0.05,1476,19,0,0
0,0.05,1477,19,0,0
0,0.05,1478,19,0,0
0,0.05,1479,18,0,1
0,0.05,1480,19,1,0
0,0.05,1481,18,0,1
0,0.05,1482,18,0,0
0,0.05,1483,17,0,1
0,0.05,1484,19,2,0
0,0.05,1485,18,0,1
0,0.05,1486,18,0,0
0,0.05,1487,19,1,0
0,0.05,1488,18,0,1
0,0.05,1489,19,1,0
0,0.05,1490,18,0,1
0,0.05,1491,18,0,0
0,0.05,1492,19,1,0
0,0.05,1493,19,0,0
0,0.05,1494,19,0,0
0,0.05,1495,18,0,1
0,0.05,1496,18,0,0
0,0.05,1497,19,1,0
0,0.05,1498,20,1,0
0,0.05,1499,19,0,1
0,0.05,1500,19,0,0
0,0.1,0,6,0,0
0,0.1,1,34,31,3
0,0.1,2,51,22,5
0,0.1,3,42,17,26
0,0.1,4,55,22,9
0,0.1,5,40,15,30
0,0.1,6,62,30,8
0,0.1,7,67,15,10
0,0.1,8,67,9,9
0,0.1,9,56,5,16
0,0.1,10,55,8,9
0,0.1,11,61,10,4
0,0.1,12,53,6,14
0,0.1,13,48,9,14
0,0.1,14,54,10,4
0,0.1,15,61,11,4
0,0.1,16,53,6,14
0,0.1,17,60,14,7
0,0.1,18,58,4,6
0,0.1,19,63,6,1
0,0.1,20,55,2,10
0,0.1,21,55,7,7
0,0.1,22,55,7,7
0,0.1,23,61,8,2
0,0.1,24,55,0,6
0,0.1,25,60,6,1
0,0.1,26,48,2,14
0,0.1,27,55,13,6
0,0.1,28,52,5,8
0,0.1,29,52,1,1
0,0.1,30,59,7,0
0,0.1,31,61,3,1
0,0.1,32,61,1,1
0,0.1,33,46,1,16
0,0.1,34,52,11,5
0,0.1,35,59,8,1
0,0.1,36,54,0,5
0,0.1,37,60,7,1
0,0.1,38,53,0,7
0,0.1,39,57,5,1
0,0.1,40,55,2,4
0,0.1,41,61,7,1
0,0.1,42,59,0,2
0,0.1,43,60,1,0
0,0.1,44,58,0,2
0,0.1,45,50,0,8
0,0.1,46,50,3,3
0,0.1,47,49,2,3
0,0.1,48,51,3,1
0,0.1,49,53,3,1
0,0.1,50,50,2,5
0,0.1,51,50,2,2
0,0.1,52,52,4,2
0,0.1,53,47,2,7
0,0.1,54,38,1,10
0,0.1,55,41,10,7
0,0.1,56,39,5,7
0,0.1,57,43,7,3
0,0.1,58,47,6,2
0,0.1,59,46,2,3
0,0.1,60,39,2,9
0,0.1,61,49,12,2
0,0.1,62,45,0,4
0,0.1,63,47,3,1
0,0.1,64,45,1,3
0,0.1,65,37,1,9
0,0.1,66,43,8,2
0,0.1,67,31,0,12
0,0.1,68,27,2,6
0,0.1,69,39,15,3
0,0.1,70,28,2,13
0,0.1,71,39,12,1
0,0.1,72,38,2,3
0,0.1,73,33,2,7
0,0.1,74,38,7,2
0,0.1,75,41,5,2
0,0.1,76,33,2,10
0,0.1,77,36,4,1
0,0.1,78,40,6,2
0,0.1,79,37,3,6
0,0.1,80,31,4,10
0,0.1,81,37,9,3
0,0.1,82,38,3,2
0,0.1,83,34,0,4
0,0.1,84,39,6,1
0,0.1,85,41,4,2
0,0.1,86,34,1,8
0,0.1,87,40,7,1
0,0.1,88,40,3,3
0,0.1,89,35,0,5
0,0.1,90,37,3,1
0,0.1,91,36,1,2
0,0.1,92,40,4,0
0,0.1,93,40,1,1
0,0.1,94,38,0,2
0,0.1,95,37,0,1
0,0.1,96,40,5,2
0,0.1,97,42,2,0
0,0.1,98,38,0,4
0,0.1,99,34,2,6
0,0.1,100,37,6,3
0,0.1,101,37,3,3
0,0.1,102,34,0,3
0,0.1,103,35,2,1
0,0.1,104,38,5,2
0,0.1,105,35,2,5
0,0.1,106,37,4,2
0,0.1,107,36,1,2
0,0.1,108,36,3,3
0,0.1,109,36,2,2
0,0.1,110,34,3,5
0,0.1,111,32,1,3
0,0.1,112,29,3,6
0,0.1,113,29,2,2
0,0.1,114,31,4,2
0,0.1,115,28,2,5
0,0.1,116,29,4,3
0,0.1,117,32,4,1
0,0.1,118,31,1,2
0,0.1,119,31,0,0
0,0.1,120,29,2,4
0,0.1,121,29,3,3
0,0.1,122,32,5,2
0,0.1,123,28,0,4
0,0.1,124,29,2,1
0,0.1,125,28,2,3
0,0.1,126,30,4,2
0,0.1,127,24,0,6
0,0.1,128,28,4,0
0,0.1,129,27,1,2
0,0.1,130,28,1,0
0,0.1,131,29,2,1
0,0.1,132,29,1,1
0,0.1,133,29,0,0
0,0.1,134,29,1,1
0,0.1,135,29,1,1
0,0.1,136,28,0,1
0,0.1,137,32,4,0
0,0.1,138,31,0,1
0,0.1,139,32,3,2
0,0.1,140,30,1,3
0,0.1,141,32,2,0
0,0.1,142,31,0,1
0,0.1,143,31,0,0
0,0.1,144,28,0,3
0,0.1,145,31,3,0
0,0.1,146,30,1,2
0,0.1,147,30,2,2
0,0.1,148,25,1,6
0,0.1,149,31,6,0
0,0.1,150,30,0,1
0,0.1,151,27,0,3
0,0.1,152,31,4,0
0,0.1,153,27,0,4
0,0.1,154,27,2,2
0,0.1,155,29,2,0
0,0.1,156,23,0,6
0,0.1,157,27,5,1
0,0.1,158,28,5,4
0,0.1,159,28,2,2
0,0.1,160,19,0,9
0,0.1,161,27,8,0
0,0.1,162,27,2,2
0,0.1,163,25,1,3
0,0.1,164,29,4,0
0,0.1,165,29,1,1
0,0.1,166,31,2,0
0,0.1,167,30,0,1
0,0.1,168,30,1,1
0,0.1,169,31,1,0
0,0.1,170,28,0,3
0,0.1,171,28,0,0
0,0.1,172,27,0,1
0,0.1,173,28,1,0
0,0.1,174,27,0,1
0,0.1,175,28,1,0
0,0.1,176,29,1,0
0,0.1,177,25,0,4
0,0.1,178,28,3,0
0,0.1,179,28,0,0
0,0.1,180,28,0,0
0,0.1,181,24,0,4
0,0.1,182,27,3,0
0,0.1,183,28,1,0
0,0.1,184,28,0,0
0,0.1,185,28,0,0
0,0.1,186,28,0,0
0,0.1,187,27,0,1
0,0.1,188,27,0,0
0,0.1,189,28,1,0
0,0.1,190,23,0,5
0,0.1,191,23,1,1
0,0.1,192,26,5,2
0,0.1,193,28,3,1
0,0.1,194,25,0,3
0,0.1,195,26,3,2
0,0.1,196,24,2,4
0,0.1,197,28,4,0
0,0.1,198,24,0,4
0,0.1,199,25,2,1
0,0.1,200,25,2,2
0,0.1,201,25,0,0
0,0.1,202,26,1,0
0,0.1,203,24,0,2
0,0.1,204,25,1,0
0,0.1,205,26,2,1
0,0.1,206,26,0,0
0,0.1,207,24,0,2
0,0.1,208,27,3,0
0,0.1,209,27,0,0
0,0.1,210,22,0,5
0,0.1,211,24,4,2
0,0.1,212,21,0,3
0,0.1,213,21,0,0
0,0.1,214,20,0,1
0,0.1,215,23,3,0
0,0.1,216,20,1,4
0,0.1,217,23,4,1
0,0.1,218,23,1,1
0,0.1,219,25,3,1
0,0.1,220,19,0,6
0,0.1,221,25,6,0
0,0.1,222,21,0,4
0,0.1,223,22,3,2
0,0.1,224,20,2,4
0,0.1,225,21,1,0
0,0.1,226,22,1,0
0,0.1,227,21,0,1
0,0.1,228,24,3,0
0,0.1,229,20,0,4
0,0.1,230,22,2,0
0,0.1,231,22,2,2
0,0.1,232,24,2,0
0,0.1,233,23,0,1
0,0.1,234,23,1,1
0,0.1,235,19,0,4
0,0.1,236,18,1,2
0,0.1,237,19,2,1
0,0.1,238,26,7,0
0,0.1,239,21,0,5
0,0.1,240,21,0,0
0,0.1,241,21,0,0
0,0.1,242,23,2,0
0,0.1,243,21,0,2
0,0.1,244,21,0,0
0,0.1,245,22,1,0
0,0.1,246,22,0,0
0,0.1,247,23,1,0
0,0.1,248,23,0,0
0,0.1,249,21,0,2
0,0.1,250,21,1,1
0,0.1,251,21,3,3
0,0.1,252,22,2,1
0,0.1,253,22,1,1
0,0.1,254,23,1,0
0,0.1,255,22,0,1
0,0.1,256,22,1,1
0,0.1,257,23,2,1
0,0.1,258,22,0,1
0,0.1,259,21,0,1
0,0.1,260,24,3,0
0,0.1,261,23,1,2
0,0.1,262,23,1,1
0,0.1,263,23,0,0
0,0.1,264,22,0,1
0,0.1,265,23,1,0
0,0.1,266,23,0,0
0,0.1,267,23,0,0
0,0.1,268,23,0,0
0,0.1,269,24,1,0
0,0.1,270,23,0,1
0,0.1,271,23,0,0
0,0.1,272,22,0,1
0,0.1,273,23,1,0
0,0.1,274,23,1,1
0,0.1,275,23,1,1
0,0.1,276,22,0,1
0,0.1,277,23,1,0
0,0.1,278,22,0,1
0,0.1,279,22,0,0
0,0.1,280,22,0,0
0,0.1,281,22,0,0
0,0.1,282,21,0,1
0,0.1,283,23,2,0
0,0.1,284,23,1,1
0,0.1,285,22,0,1
0,0.1,286,22,0,0
0,0.1,287,23,1,0
0,0.1,288,22,0,1
0,0.1,289,22,0,0
0,0.1,290,23,1,0
0,0.1,291,22,0,1
0,0.1,292,22,0,0
0,0.1,293,23,1,0
0,0.1,294,23,0,0
0,0.1,295,23,0,0
0,0.1,296,23,1,1
0,0.1,297,22,0,1
0,0.1,298,23,1,0
0,0.1,299,22,0,1
0,0.1,300,22,0,0
0,0.1,301,23,1,0
0,0.1,302,22,0,1
0,0.1,303,23,1,0
0,0.1,304,23,1,1
0,0.1,305,22,0,1
0,0.1,306,22,0,0
0,0.1,307,23,1,0
0,0.1,308,23,0,0
0,0.1,309,22,0,1
0,0.1,310,23,1,0
0,0.1,311,23,0,0
0,0.1,312,22,0,1
0,0.1,313,22,0,0
0,0.1,314,22,0,0
0,0.1,315,22,0,0
0,0.1,316,22,0,0
0,0.1,317,22,0,0
0,0.1,318,22,0,0
0,0.1,319,22,0,0
0,0.1,320,22,0,0
0,0.1,321,23,1,0
0,0.1,322,22,0,1
0,0.1,323,22,0,0
0,0.1,324,22,0,0
0,0.1,325,22,0,0
0,0.1,326,22,0,0
0,0.1,327,22,0,0
0,0.1,328,23,1,0
0,0.1,329,22,0,1
0,0.1,330,22,0,0
0,0.1,331,22,0,0
0,0.1,332,22,0,0
0,0.1,333,22,0,0
0,0.1,334,22,0,0
0,0.1,335,22,0,0
0,0.1,336,22,0,0
0,0.1,337,22,0,0
0,0.1,338,22,0,0
0,0.1,339,22,0,0
0,0.1,340,22,0,0
0,0.1,341,22,0,0
0,0.1,342,22,0,0
0,0.1,343,22,0,0
0,0.1,344,22,0,0
0,0.1,345,22,0,0
0,0.1,346,22,0,0
0,0.1,347,23,1,0
0,0.1,348,22,0,1
0,0.1,349,22,0,0
0,0.1,350,23,1,0
0,0.1,351,22,0,1
0,0.1,352,23,1,0
0,0.1,353,22,0,1
0,0.1,354,22,0,0
0,0.1,355,22,0,0
0,0.1,356,22,0,0
0,0.1,357,22,0,0
0,0.1,358,22,0,0
0,0.1,359,20,0,2
0,0.1,360,21,1,0
0,0.1,361,20,0,1
0,0.1,362,21,1,0
0,0.1,363,22,1,0
0,0.1,364,18,0,4
0,0.1,365,21,3,0
0,0.1,366,20,0,1
0,0.1,367,21,1,0
0,0.1,368,15,0,6
0,0.1,369,21,6,0
0,0.1,370,21,0,0
0,0.1,371,20,0,1
0,0.1,372,18,0,2
0,0.1,373,19,1,0
0,0.1,374,20,1,0
0,0.1,375,18,0,2
0,0.1,376,18,3,3
0,0.1,377,12,0,6
0,0.1,378,16,4,0
0,0.1,379,18,2,0
0,0.1,380,20,2,0
0,0.1,381,17,0,3
0,0.1,382,15,0,2
0,0.1,383,20,5,0
0,0.1,384,21,2,1
0,0.1,385,22,1,0
0,0.1,386,16,0,6
0,0.1,387,20,4,0
0,0.1,388,20,0,0
0,0.1,389,20,1,1
0,0.1,390,21,2,1
0,0.1,391,21,0,0
0,0.1,392,17,0,4
0,0.1,393,21,5,1
0,0.1,394,17,1,5
0,0.1,395,21,4,0
0,0.1,396,20,0,1
0,0.1,397,21,2,1
0,0.1,398,21,0,0
0,0.1,399,20,1,2
0,0.1,400,20,0,0
0,0.1,401,21,2,1
0,0.1,402,20,0,1
0,0.1,403,20,0,0
0,0.1,404,20,0,0
0,0.1,405,18,0,2
0,0.1,406,17,0,1
0,0.1,407,19,2,0
0,0.1,408,20,1,0
0,0.1,409,20,0,0
0,0.1,410,20,0,0
0,0.1,411,20,0,0
0,0.1,412,19,0,1
0,0.1,413,19,0,0
0,0.1,414,20,1,0
0,0.1,415,22,2,0
0,0.1,416,22,1,1
0,0.1,417,21,1,2
0,0.1,418,20,0,1
0,0.1,419,21,1,0
0,0.1,420,20,0,1
0,0.1,421,22,2,0
0,0.1,422,20,0,2
0,0.1,423,20,0,0
0,0.1,424,21,1,0
0,0.1,425,21,0,0
0,0.1,426,20,0,1
0,0.1,427,21,1,0
0,0.1,428,21,0,0
0,0.1,429,21,0,0
0,0.1,430,22,1,0
0,0.1,431,22,1,1
0,0.1,432,21,0,1
0,0.1,433,20,0,1
0,0.1,434,21,1,0
0,0.1,435,20,0,1
0,0.1,436,21,1,0
0,0.1,437,21,1,1
0,0.1,438,21,1,1
0,0.1,439,20,0,1
0,0.1,440,20,0,0
0,0.1,441,21,1,0
0,0.1,442,21,0,0
0,0.1,443,21,0,0
0,0.1,444,21,0,0
0,0.1,445,21,0,0
0,0.1,446,21,0,0
0,0.1,447,20,0,1
0,0.1,448,22,2,0
0,0.1,449,20,0,2
0,0.1,450,21,1,0
0,0.1,451,21,0,0
0,0.1,452,21,0,0
0,0.1,453,20,0,1
0,0.1,454,21,1,0
0,0.1,455,21,0,0
0,0.1,456,21,0,0
0,0.1,457,20,0,1
0,0.1,458,21,1,0
0,0.1,459,21,0,0
0,0.1,460,21,1,1
0,0.1,461,20,0,1
0,0.1,462,20,0,0
0,0.1,463,21,1,0
0,0.1,464,20,0,1
0,0.1,465,21,1,0
0,0.1,466,21,0,0
0,0.1,467,21,0,0
0,0.1,468,21,0,0
0,0.1,469,20,0,1
0,0.1,470,21,1,0
0,0.1,471,21,0,0
0,0.1,472,20,0,1
0,0.1,473,20,0,0
0,0.1,474,21,1,0
0,0.1,475,21,0,0
0,0.1,476,21,0,0
0,0.1,477,20,0,1
0,0.1,478,20,0,0
0,0.1,479,21,1,0
0,0.1,480,20,0,1
0,0.1,481,20,0,0
0,0.1,482,21,1,0
0,0.1,483,20,0,1
0,0.1,484,21,1,0
0,0.1,485,20,1,2
0,0.1,486,21,1,0
0,0.1,487,21,0,0
0,0.1,488,21,0,0
0,0.1,489,21,0,0
0,0.1,490,20,0,1
0,0.1,491,21,1,0
0,0.1,492,22,1,0
0,0.1,493,20,0,2
0,0.1,494,20,0,0
0,0.1,495,18,0,2
0,0.1,496,20,2,0
0,0.1,497,19,0,1
0,0.1,498,19,0,0
0,0.1,499,21,2,0
0,0.1,500,20,0,1
0,0.1,501,19,0,1
0,0.1,502,21,2,0
0,0.1,503,20,0,1
0,0.1,504,19,0,1
0,0.1,505,21,2,0
0,0.1,506,20,0,1
0,0.1,507,20,0,0
0,0.1,508,20,0,0
0,0.1,509,20,0,0
0,0.1,510,20,0,0
0,0.1,511,20,0,0
0,0.1,512,21,1,0
0,0.1,513,20,0,1
0,0.1,514,20,0,0
0,0.1,515,20,0,0
0,0.1,516,20,0,0
0,0.1,517,21,1,0
0,0.1,518,21,0,0
0,0.1,519,20,0,1
0,0.1,520,20,0,0
0,0.1,521,22,2,0
0,0.1,522,21,0,1
0,0.1,523,20,0,1
0,0.1,524,20,0,0
0,0.1,525,21,1,0
0,0.1,526,20,0,1
0,0.1,527,19,0,1
0,0.1,528,19,1,1
0,0.1,529,19,0,0
0,0.1,530,20,1,0
0,0.1,531,19,0,1
0,0.1,532,19,0,0
0,0.1,533,19,0,0
0,0.1,534,20,1,0
0,0.1,535,20,0,0
0,0.1,536,20,0,0
0,0.1,537,20,0,0
0,0.1,538,20,0,0
0,0.1,539,19,0,1
0,0.1,540,20,1,0
0,0.1,541,20,0,0
0,0.1,542,19,0,1
0,0.1,543,20,1,0
0,0.1,544,20,0,0
0,0.1,545,19,0,1
0,0.1,546,19,0,0
0,0.1,547,21,2,0
0,0.1,548,20,0,1
0,0.1,549,20,1,1
0,0.1,550,20,0,0
0,0.1,551,20,0,0
0,0.1,552,19,0,1
0,0.1,553,21,2,0
0,0.1,554,20,0,1
0,0.1,555,20,0,0
0,0.1,556,20,1,1
0,0.1,557,19,0,1
0,0.1,558,19,0,0
0,0.1,559,19,0,0
0,0.1,560,20,1,0
0,0.1,561,19,0,1
0,0.1,562,20,1,0
0,0.1,563,20,0,0
0,0.1,564,20,0,0
0,0.1,565,21,1,0
0,0.1,566,20,0,1
0,0.1,567,20,1,1
0,0.1,568,20,1,1
0,0.1,569,20,0,0
0,0.1,570,20,1,1
0,0.1,571,20,0,0
0,0.1,572,19,0,1
0,0.1,573,19,0,0
0,0.1,574,19,0,0
0,0.1,575,19,0,0
0,0.1,576,19,0,0
0,0.1,577,19,0,0
0,0.1,578,20,1,0
0,0.1,579,19,0,1
0,0.1,580,20,1,0
0,0.1,581,19,0,1
0,0.1,582,19,0,0
0,0.1,583,19,0,0
0,0.1,584,19,0,0
0,0.1,585,20,1,0
0,0.1,586,19,0,1
0,0.1,587,19,0,0
0,0.1,588,19,0,0
0,0.1,589,19,0,0
0,0.1,590,19,0,0
0,0.1,591,20,1,0
0,0.1,592,19,0,1
0,0.1,593,19,0,0
0,0.1,594,19,0,0
0,0.1,595,19,0,0
0,0.1,596,19,0,0
0,0.1,597,19,0,0
0,0.1,598,19,0,0
0,0.1,599,19,0,0
0,0.1,600,19,0,0
0,0.1,601,19,0,0
0,0.1,602,19,0,0
0,0.1,603,19,0,0
0,0.1,604,20,1,0
0,0.1,605,19,0,1
0,0.1,606,19,0,0
0,0.1,607,19,0,0
0,0.1,608,19,0,0
0,0.1,609,19,0,0
0,0.1,610,19,0,0
0,0.1,611,19,0,0
0,0.1,612,19,0,0
0,0.1,613,19,0,0
0,0.1,614,19,0,0
0,0.1,615,19,0,0
0,0.1,616,19,0,0
0,0.1,617,18,0,1
0,0.1,618,19,1,0
0,0.1,619,19,0,0
0,0.1,620,19,0,0
0,0.1,621,19,0,0
0,0.1,622,19,0,0
0,0.1,623,16,0,3
0,0.1,624,18,2,0
0,0.1,625,18,0,0
0,0.1,626,18,0,0
0,0.1,627,18,0,0
0,0.1,628,19,1,0
0,0.1,629,18,0,1
0,0.1,630,18,0,0
0,0.1,631,18,0,0
0,0.1,632,18,0,0
0,0.1,633,19,1,0
0,0.1,634,19,0,0
0,0.1,635,18,0,1
0,0.1,636,18,0,0
0,0.1,637,18,0,0
0,0.1,638,19,1,0
0,0.1,639,19,0,0
0,0.1,640,18,0,1
0,0.1,641,18,0,0
0,0.1,642,19,1,0
0,0.1,643,19,0,0
0,0.1,644,19,0,0
0,0.1,645,19,0,0
0,0.1,646,19,0,0
0,0.1,647,19,0,0
0,0.1,648,19,0,0
0,0.1,649,19,0,0
0,0.1,650,18,0,1
0,0.1,651,19,1,0
0,0.1,652,18,0,1
0,0.1,653,18,0,0
0,0.1,654,19,1,0
0,0.1,655,18,0,1
0,0.1,656,18,0,0
0,0.1,657,18,0,0
0,0.1,658,18,0,0
0,0.1,659,18,0,0
0,0.1,660,18,0,0
0,0.1,661,18,0,0
0,0.1,662,18,0,0
0,0.1,663,19,1,0
0,0.1,664,18,0,1
0,0.1,665,18,0,0
0,0.1,666,18,0,0
0,0.1,667,19,1,0
0,0.1,668,19,0,0
0,0.1,669,19,0,0
0,0.1,670,19,0,0
0,0.1,671,19,0,0
0,0.1,672,17,0,2
0,0.1,673,18,1,0
0,0.1,674,18,0,0
0,0.1,675,19,1,0
0,0.1,676,18,0,1
0,0.1,677,19,1,0
0,0.1,678,17,0,2
0,0.1,679,17,0,0
0,0.1,680,18,1,0
0,0.1,681,17,0,1
0,0.1,682,17,0,0
0,0.1,683,17,0,0
0,0.1,684,17,0,0
0,0.1,685,18,1,0
0,0.1,686,19,1,0
0,0.1,687,17,0,2
0,0.1,688,19,2,0
0,0.1,689,19,0,0
0,0.1,690,18,0,1
0,0.1,691,18,0,0
0,0.1,692,17,0,1
0,0.1,693,17,0,0
0,0.1,694,17,0,0
0,0.1,695,16,0,1
0,0.1,696,17,1,0
0,0.1,697,17,0,0
0,0.1,698,17,0,0
0,0.1,699,17,0,0
0,0.1,700,17,0,0
0,0.1,701,17,0,0
0,0.1,702,17,0,0
0,0.1,703,17,0,0
0,0.1,704,17,0,0
0,0.1,705,17,0,0
0,0.1,706,17,0,0
0,0.1,707,17,0,0
0,0.1,708,17,0,0
0,0.1,709,17,0,0
0,0.1,710,17,0,0
0,0.1,711,17,0,0
0,0.1,712,17,0,0
0,0.1,713,16,0,1
0,0.1,714,16,0,0
0,0.1,715,17,1,0
0,0.1,716,17,0,0
0,0.1,717,16,0,1
0,0.1,718,18,2,0
0,0.1,719,16,0,2
0,0.1,720,17,1,0
0,0.1,721,17,0,0
0,0.1,722,17,0,0
0,0.1,723,17,0,0
0,0.1,724,16,0,1
0,0.1,725,16,0,0
0,0.1,726,16,0,0
0,0.1,727,16,0,0
0,0.1,728,17,1,0
0,0.1,729,16,0,1
0,0.1,730,17,1,0
0,0.1,731,16,0,1
0,0.1,732,17,1,0
0,0.1,733,17,1,1
0,0.1,734,16,0,1
0,0.1,735,17,1,0
0,0.1,736,16,0,1
0,0.1,737,17,1,0
0,0.1,738,17,0,0
0,0.1,739,19,2,0
0,0.1,740,18,0,1
0,0.1,741,18,1,1
0,0.1,742,16,0,2
0,0.1,743,18,2,0
0,0.1,744,17,0,1
0,0.1,745,16,0,1
0,0.1,746,16,0,0
0,0.1,747,16,0,0
0,0.1,748,16,0,0
0,0.1,749,17,1,0
0,0.1,750,16,0,1
0,0.1,751,16,0,0
0,0.1,752,16,0,0
0,0.1,753,17,1,0
0,0.1,754,17,1,1
0,0.1,755,16,0,1
0,0.1,756,16,0,0
0,0.1,757,16,0,0
0,0.1,758,17,1,0
0,0.1,759,16,0,1
0,0.1,760,16,0,0
0,0.1,761,16,0,0
0,0.1,762,16,0,0
0,0.1,763,16,0,0
0,0.1,764,16,0,0
0,0.1,765,18,2,0
0,0.1,766,18,1,1
0,0.1,767,16,0,2
0,0.1,768,16,0,0
0,0.1,769,18,2,0
0,0.1,770,16,0,2
0,0.1,771,16,0,0
0,0.1,772,17,1,0
0,0.1,773,17,0,0
0,0.1,774,17,0,0
0,0.1,775,16,0,1
0,0.1,776,17,1,0
0,0.1,777,17,0,0
0,0.1,778,17,0,0
0,0.1,779,18,1,0
0,0.1,780,18,1,1
0,0.1,781,16,0,2
0,0.1,782,17,1,0
0,0.1,783,16,0,1
0,0.1,784,16,0,0
0,0.1,785,16,0,0
0,0.1,786,17,1,0
0,0.1,787,17,0,0
0,0.1,788,16,0,1
0,0.1,789,16,0,0
0,0.1,790,16,0,0
0,0.1,791,16,0,0
0,0.1,792,16,0,0
0,0.1,793,16,0,0
0,0.1,794,16,0,0
0,0.1,795,17,1,0
0,0.1,796,16,0,1
0,0.1,797,16,0,0
0,0.1,798,16,0,0
0,0.1,799,18,2,0
0,0.1,800,16,0,2
0,0.1,801,16,0,0
0,0.1,802,16,0,0
0,0.1,803,16,0,0
0,0.1,804,16,0,0
0,0.1,805,16,0,0
0,0.1,806,16,0,0
0,0.1,807,17,1,0
0,0.1,808,17,0,0
0,0.1,809,16,0,1
0,0.1,810,17,1,0
0,0.1,811,16,0,1
0,0.1,812,16,0,0
0,0.1,813,16,0,0
0,0.1,814,17,1,0
0,0.1,815,16,0,1
0,0.1,816,16,0,0
0,0.1,817,16,0,0
0,0.1,818,16,0,0
0,0.1,819,16,0,0
0,0.1,820,16,0,0
0,0.1,821,16,0,0
0,0.1,822,16,0,0
0,0.1,823,17,1,0
0,0.1,824,16,0,1
0,0.1,825,16,0,0
0,0.1,826,17,1,0
0,0.1,827,17,0,0
0,0.1,828,16,0,1
0,0.1,829,16,0,0
0,0.1,830,17,1,0
0,0.1,831,16,0,1
0,0.1,832,16,0,0
0,0.1,833,16,0,0
0,0.1,834,16,0,0
0,0.1,835,17,1,0
0,0.1,836,16,0,1
0,0.1,837,16,0,0
0,0.1,838,17,1,0
0,0.1,839,16,0,1
0,0.1,840,16,0,0
0,0.1,841,16,0,0
0,0.1,842,16,0,0
0,0.1,843,16,0,0
0,0.1,844,16,0,0
0,0.1,845,16,0,0
0,0.1,846,16,0,0
0,0.1,847,16,0,0
0,0.1,848,16,0,0
0,0.1,849,16,0,0
0,0.1,850,17,1,0
0,0.1,851,16,0,1
0,0.1,852,16,0,0
0,0.1,853,16,0,0
0,0.1,854,16,0,0
0,0.1,855,16,0,0
0,0.1,856,16,0,0
0,0.1,857,16,0,0
0,0.1,858,16,0,0
0,0.1,859,16,0,0
0,0.1,860,16,0,0
0,0.1,861,16,0,0
0,0.1,862,16,0,0
0,0.1,863,16,0,0
0,0.1,864,16,0,0
0,0.1,865,16,0,0
0,0.1,866,16,0,0
0,0.1,867,16,0,0
0,0.1,868,16,0,0
0,0.1,869,17,1,0
0,0.1,870,17,0,0
0,0.1,871,16,0,1
0,0.1,872,16,0,0
0,0.1,873,16,0,0
0,0.1,874,16,0,0
0,0.1,875,16,0,0
0,0.1,876,16,0,0
0,0.1,877,16,0,0
0,0.1,878,16,0,0
0,0.1,879,16,0,0
0,0.1,880,16,0,0
0,0.1,881,16,0,0
0,0.1,882,16,0,0
0,0.1,883,16,0,0
0,0.1,884,16,0,0
0,0.1,885,16,0,0
0,0.1,886,16,0,0
0,0.1,887,16,0,0
0,0.1,888,16,0,0
0,0.1,889,16,0,0
0,0.1,890,16,0,0
0,0.1,891,16,0,0
0,0.1,892,16,0,0
0,0.1,893,16,0,0
0,0.1,894,16,0,0
0,0.1,895,16,0,0
0,0.1,896,16,0,0
0,0.1,897,16,0,0
0,0.1,898,16,0,0
0,0.1,899,16,0,0
0,0.1,900,16,0,0
0,0.1,901,16,0,0
0,0.1,902,17,1,0
0,0.1,903,16,0,1
0,0.1,904,16,0,0
0,0.1,905,16,0,0
0,0.1,906,16,0,0
0,0.1,907,16,0,0
0,0.1,908,16,0,0
0,0.1,909,16,0,0
0,0.1,910,17,1,0
0,0.1,911,16,0,1
0,0.1,912,16,0,0
0,0.1,913,16,0,0
0,0.1,914,16,0,0
0,0.1,915,16,0,0
0,0.1,916,16,0,0
0,0.1,917,18,2,0
0,0.1,918,17,0,1
0,0.1,919,16,0,1
0,0.1,920,16,0,0
0,0.1,921,16,0,0
0,0.1,922,16,0,0
0,0.1,923,16,0,0
0,0.1,924,16,0,0
0,0.1,925,16,0,0
0,0.1,926,16,0,0
0,0.1,927,17,1,0
0,0.1,928,16,0,1
0,0.1,929,16,0,0
0,0.1,930,16,0,0
0,0.1,931,16,0,0
0,0.1,932,16,0,0
0,0.1,933,16,0,0
0,0.1,934,16,0,0
0,0.1,935,16,0,0
0,0.1,936,16,0,0
0,0.1,937,17,1,0
0,0.1,938,16,0,1
0,0.1,939,16,0,0
0,0.1,940,16,0,0
0,0.1,941,16,0,0
0,0.1,942,16,0,0
0,0.1,943,16,0,0
0,0.1,944,16,0,0
0,0.1,945,16,0,0
0,0.1,946,17,1,0
0,0.1,947,16,0,1
0,0.1,948,16,0,0
0,0.1,949,16,0,0
0,0.1,950,16,0,0
0,0.1,951,16,0,0
0,0.1,952,16,0,0
0,0.1,953,16,0,0
0,0.1,954,16,0,0
0,0.1,955,17,1,0
0,0.1,956,17,1,1
0,0.1,957,16,0,1
0,0.1,958,17,1,0
0,0.1,959,16,0,1
0,0.1,960,16,0,0
0,0.1,961,16,0,0
0,0.1,962,16,0,0
0,0.1,963,16,0,0
0,0.1,964,16,0,0
0,0.1,965,17,1,0
0,0.1,966,16,0,1
0,0.1,967,16,0,0
0,0.1,968,16,0,0
0,0.1,969,16,0,0
0,0.1,970,17,1,0
0,0.1,971,16,0,1
0,0.1,972,16,0,0
0,0.1,973,16,0,0
0,0.1,974,16,0,0
0,0.1,975,17,1,0
0,0.1,976,18,1,0
0,0.1,977,16,0,2
0,0.1,978,16,0,0
0,0.1,979,16,0,0
0,0.1,980,16,0,0
0,0.1,981,16,0,0
0,0.1,982,16,0,0
0,0.1,983,16,0,0
0,0.1,984,16,0,0
0,0.1,985,16,0,0
0,0.1,986,16,0,0
0,0.1,987,16,0,0
0,0.1,988,17,1,0
0,0.1,989,18,1,0
0,0.1,990,17,1,2
0,0.1,991,16,0,1
0,0.1,992,16,0,0
0,0.1,993,16,0,0
0,0.1,994,16,0,0
0,0.1,995,16,0,0
0,0.1,996,17,1,0
0,0.1,997,16,0,1
0,0.1,998,17,1,0
0,0.1,999,17,0,0
0,0.1,1000,17,0,0
0,0.1,1001,17,0,0
0,0.1,1002,17,0,0
0,0.1,1003,17,0,0
0,0.1,1004,16,0,1
0,0.1,1005,17,1,0
0,0.1,1006,17,0,0
0,0.1,1007,17,0,0
0,0.1,1008,16,0,1
0,0.1,1009,17,1,0
0,0.1,1010,17,0,0
0,0.1,1011,16,0,1
0,0.1,1012,16,0,0
0,0.1,1013,16,0,0
0,0.1,1014,17,1,0
0,0.1,1015,17,0,0
0,0.1,1016,17,0,0
0,0.1,1017,16,0,1
0,0.1,1018,16,0,0
0,0.1,1019,17,1,0
0,0.1,1020,17,0,0
0,0.1,1021,16,0,1
0,0.1,1022,16,0,0
0,0.1,1023,17,1,0
0,0.1,1024,17,0,0
0,0.1,1025,17,0,0
0,0.1,1026,17,0,0
0,0.1,1027,16,0,1
0,0.1,1028,16,0,0
0,0.1,1029,16,0,0
0,0.1,1030,16,0,0
0,0.1,1031,16,0,0
0,0.1,1032,16,0,0
0,0.1,1033,17,1,0
0,0.1,1034,16,0,1
0,0.1,1035,17,1,0
0,0.1,1036,16,0,1
0,0.1,1037,16,0,0
0,0.1,1038,16,0,0
0,0.1,1039,17,1,0
0,0.1,1040,16,0,1
0,0.1,1041,17,1,0
0,0.1,1042,16,0,1
0,0.1,1043,16,0,0
0,0.1,1044,16,0,0
0,0.1,1045,17,1,0
0,0.1,1046,17,1,1
0,0.1,1047,18,2,1
0,0.1,1048,17,0,1
0,0.1,1049,17,0,0
0,0.1,1050,17,0,0
0,0.1,1051,16,0,1
0,0.1,1052,16,0,0
0,0.1,1053,17,1,0
0,0.1,1054,16,0,1
0,0.1,1055,17,1,0
0,0.1,1056,17,0,0
0,0.1,1057,17,0,0
0,0.1,1058,17,0,0
0,0.1,1059,17,0,0
0,0.1,1060,17,0,0
0,0.1,1061,17,1,1
0,0.1,1062,17,0,0
0,0.1,1063,16,0,1
0,0.1,1064,17,1,0
0,0.1,1065,16,0,1
0,0.1,1066,17,1,0
0,0.1,1067,17,1,1
0,0.1,1068,17,0,0
0,0.1,1069,18,2,1
0,0.1,1070,18,1,1
0,0.1,1071,17,0,1
0,0.1,1072,17,1,1
0,0.1,1073,16,0,1
0,0.1,1074,17,1,0
0,0.1,1075,18,1,0
0,0.1,1076,18,0,0
0,0.1,1077,16,0,2
0,0.1,1078,18,2,0
0,0.1,1079,16,0,2
0,0.1,1080,17,1,0
0,0.1,1081,17,0,0
0,0.1,1082,17,0,0
0,0.1,1083,18,1,0
0,0.1,1084,17,0,1
0,0.1,1085,17,0,0
0,0.1,1086,17,0,0
0,0.1,1087,17,0,0
0,0.1,1088,17,0,0
0,0.1,1089,17,0,0
0,0.1,1090,17,0,0
0,0.1,1091,17,0,0
0,0.1,1092,17,0,0
0,0.1,1093,17,0,0
0,0.1,1094,17,0,0
0,0.1,1095,18,1,0
0,0.1,1096,17,0,1
0,0.1,1097,17,0,0
0,0.1,1098,17,0,0
0,0.1,1099,19,2,0
0,0.1,1100,18,0,1
0,0.1,1101,18,0,0
0,0.1,1102,18,0,0
0,0.1,1103,19,1,0
0,0.1,1104,18,0,1
0,0.1,1105,18,0,0
0,0.1,1106,18,0,0
0,0.1,1107,19,1,0
0,0.1,1108,18,0,1
0,0.1,1109,18,0,0
0,0.1,1110,18,0,0
0,0.1,1111,19,1,0
0,0.1,1112,18,0,1
0,0.1,1113,18,0,0
0,0.1,1114,17,0,1
0,0.1,1115,17,0,0
0,0.1,1116,17,0,0
0,0.1,1117,18,1,0
0,0.1,1118,17,0,1
0,0.1,1119,18,1,0
0,0.1,1120,18,0,0
0,0.1,1121,18,0,0
0,0.1,1122,18,0,0
0,0.1,1123,18,0,0
0,0.1,1124,18,0,0
0,0.1,1125,18,0,0
0,0.1,1126,18,0,0
0,0.1,1127,18,0,0
0,0.1,1128,19,1,0
0,0.1,1129,18,0,1
0,0.1,1130,19,1,0
0,0.1,1131,18,0,1
0,0.1,1132,19,1,0
0,0.1,1133,19,0,0
0,0.1,1134,19,0,0
0,0.1,1135,19,0,0
0,0.1,1136,19,0,0
0,0.1,1137,20,1,0
0,0.1,1138,19,0,1
0,0.1,1139,19,0,0
0,0.1,1140,19,0,0
0,0.1,1141,19,0,0
0,0.1,1142,19,0,0
0,0.1,1143,18,0,1
0,0.1,1144,19,1,0
0,0.1,1145,19,1,1
0,0.1,1146,20,1,0
0,0.1,1147,19,0,1
0,0.1,1148,19,0,0
0,0.1,1149,19,0,0
0,0.1,1150,19,0,0
0,0.1,1151,19,0,0
0,0.1,1152,19,0,0
0,0.1,1153,20,1,0
0,0.1,1154,19,0,1
0,0.1,1155,19,0,0
0,0.1,1156,19,0,0
0,0.1,1157,19,0,0
0,0.1,1158,20,1,0
0,0.1,1159,19,0,1
0,0.1,1160,19,0,0
0,0.1,1161,19,0,0
0,0.1,1162,19,0,0
0,0.1,1163,19,0,0
0,0.1,1164,19,0,0
0,0.1,1165,20,1,0
0,0.1,1166,19,0,1
0,0.1,1167,19,0,0
0,0.1,1168,19,0,0
0,0.1,1169,21,2,0
0,0.1,1170,19,0,2
0,0.1,1171,19,0,0
0,0.1,1172,20,1,0
0,0.1,1173,19,0,1
0,0.1,1174,19,0,0
0,0.1,1175,20,1,0
0,0.1,1176,20,1,1
0,0.1,1177,21,2,1
0,0.1,1178,20,0,1
0,0.1,1179,19,0,1
0,0.1,1180,20,1,0
0,0.1,1181,19,0,1
0,0.1,1182,19,0,0
0,0.1,1183,20,1,0
0,0.1,1184,19,0,1
0,0.1,1185,19,0,0
0,0.1,1186,20,1,0
0,0.1,1187,20,0,0
0,0.1,1188,20,0,0
0,0.1,1189,19,0,1
0,0.1,1190,20,1,0
0,0.1,1191,20,0,0
0,0.1,1192,20,0,0
0,0.1,1193,20,0,0
0,0.1,1194,20,0,0
0,0.1,1195,20,0,0
0,0.1,1196,20,0,0
0,0.1,1197,20,0,0
0,0.1,1198,20,0,0
0,0.1,1199,20,0,0
0,0.1,1200,20,0,0
0,0.1,1201,20,0,0
0,0.1,1202,20,0,0
0,0.1,1203,19,0,1
0,0.1,1204,20,1,0
0,0.1,1205,20,0,0
0,0.1,1206,20,0,0
0,0.1,1207,20,0,0
0,0.1,1208,20,0,0
0,0.1,1209,20,0,0
0,0.1,1210,20,0,0
0,0.1,1211,20,0,0
0,0.1,1212,20,1,1
0,0.1,1213,21,2,1
0,0.1,1214,20,0,1
0,0.1,1215,20,0,0
0,0.1,1216,20,0,0
0,0.1,1217,19,0,1
0,0.1,1218,22,3,0
0,0.1,1219,20,0,2
0,0.1,1220,22,2,0
0,0.1,1221,20,0,2
0,0.1,1222,18,0,2
0,0.1,1223,19,1,0
0,0.1,1224,20,1,0
0,0.1,1225,19,0,1
0,0.1,1226,20,1,0
0,0.1,1227,20,0,0
0,0.1,1228,20,0,0
0,0.1,1229,21,1,0
0,0.1,1230,20,0,1
0,0.1,1231,20,0,0
0,0.1,1232,22,2,0
0,0.1,1233,20,0,2
0,0.1,1234,20,0,0
0,0.1,1235,20,0,0
0,0.1,1236,21,1,0
0,0.1,1237,21,1,1
0,0.1,1238,20,0,1
0,0.1,1239,20,0,0
0,0.1,1240,20,0,0
0,0.1,1241,20,0,0
0,0.1,1242,20,0,0
0,0.1,1243,21,1,0
0,0.1,1244,20,0,1
0,0.1,1245,20,0,0
0,0.1,1246,21,1,0
0,0.1,1247,20,0,1
0,0.1,1248,20,0,0
0,0.1,1249,20,0,0
0,0.1,1250,20,0,0
0,0.1,1251,20,0,0
0,0.1,1252,21,1,0
0,0.1,1253,20,0,1
0,0.1,1254,20,0,0
0,0.1,1255,20,0,0
0,0.1,1256,20,0,0
0,0.1,1257,19,0,1
0,0.1,1258,21,2,0
0,0.1,1259,20,0,1
0,0.1,1260,19,0,1
0,0.1,1261,19,1,1
0,0.1,1262,20,1,0
0,0.1,1263,20,0,0
0,0.1,1264,20,0,0
0,0.1,1265,20,0,0
0,0.1,1266,20,0,0
0,0.1,1267,20,0,0
0,0.1,1268,19,0,1
0,0.1,1269,20,1,0
0,0.1,1270,20,1,1
0,0.1,1271,20,0,0
0,0.1,1272,20,0,0
0,0.1,1273,20,0,0
0,0.1,1274,20,0,0
0,0.1,1275,21,1,0
0,0.1,1276,21,1,1
0,0.1,1277,21,1,1
0,0.1,1278,20,0,1
0,0.1,1279,21,1,0
0,0.1,1280,20,0,1
0,0.1,1281,20,0,0
0,0.1,1282,20,0,0
0,0.1,1283,20,0,0
0,0.1,1284,21,1,0
0,0.1,1285,20,0,1
0,0.1,1286,21,1,0
0,0.1,1287,20,0,1
0,0.1,1288,21,1,0
0,0.1,1289,21,1,1
0,0.1,1290,20,0,1
0,0.1,1291,21,1,0
0,0.1,1292,20,0,1
0,0.1,1293,20,0,0
0,0.1,1294,20,0,0
0,0.1,1295,20,0,0
0,0.1,1296,20,0,0
0,0.1,1297,21,1,0
0,0.1,1298,22,1,0
0,0.1,1299,21,1,2
0,0.1,1300,20,0,1
0,0.1,1301,21,1,0
0,0.1,1302,20,0,1
0,0.1,1303,20,0,0
0,0.1,1304,20,0,0
0,0.1,1305,20,0,0
0,0.1,1306,20,0,0
0,0.1,1307,20,0,0
0,0.1,1308,20,0,0
0,0.1,1309,20,0,0
0,0.1,1310,20,0,0
0,0.1,1311,20,0,0
0,0.1,1312,20,0,0
0,0.1,1313,20,0,0
0,0.1,1314,20,0,0
0,0.1,1315,20,0,0
0,0.1,1316,20,0,0
0,0.1,1317,20,0,0
0,0.1,1318,20,0,0
0,0.1,1319,22,2,0
0,0.1,1320,20,0,2
0,0.1,1321,21,1,0
0,0.1,1322,20,0,1
0,0.1,1323,20,0,0
0,0.1,1324,20,0,0
0,0.1,1325,20,0,0
0,0.1,1326,20,0,0
0,0.1,1327,20,0,0
0,0.1,1328,20,0,0
0,0.1,1329,20,0,0
0,0.1,1330,20,0,0
0,0.1,1331,20,0,0
0,0.1,1332,20,0,0
0,0.1,1333,20,0,0
0,0.1,1334,20,0,0
0,0.1,1335,20,0,0
0,0.1,1336,20,0,0
0,0.1,1337,20,0,0
0,0.1,1338,20,0,0
0,0.1,1339,20,0,0
0,0.1,1340,20,0,0
0,0.1,1341,20,0,0
0,0.1,1342,20,0,0
0,0.1,1343,20,0,0
0,0.1,1344,20,0,0
0,0.1,1345,20,0,0
0,0.1,1346,20,0,0
0,0.1,1347,20,0,0
0,0.1,1348,20,0,0
0,0.1,1349,20,0,0
0,0.1,1350,20,0,0
0,0.1,1351,17,0,3
0,0.1,1352,17,0,0
0,0.1,1353,18,1,0
0,0.1,1354,18,1,1
0,0.1,1355,20,2,0
0,0.1,1356,19,1,2
0,0.1,1357,18,0,1
0,0.1,1358,19,1,0
0,0.1,1359,19,0,0
0,0.1,1360,19,0,0
0,0.1,1361,19,0,0
0,0.1,1362,19,0,0
0,0.1,1363,19,0,0
0,0.1,1364,19,0,0
0,0.1,1365,20,1,0
0,0.1,1366,19,0,1
0,0.1,1367,19,0,0
0,0.1,1368,19,0,0
0,0.1,1369,20,1,0
0,0.1,1370,19,0,1
0,0.1,1371,19,0,0
0,0.1,1372,18,0,1
0,0.1,1373,19,1,0
0,0.1,1374,20,1,0
0,0.1,1375,20,0,0
0,0.1,1376,20,0,0
0,0.1,1377,19,0,1
0,0.1,1378,19,0,0
0,0.1,1379,20,1,0
0,0.1,1380,19,0,1
0,0.1,1381,20,1,0
0,0.1,1382,19,0,1
0,0.1,1383,20,1,0
0,0.1,1384,18,0,2
0,0.1,1385,19,1,0
0,0.1,1386,19,0,0
0,0.1,1387,19,0,0
0,0.1,1388,20,1,0
0,0.1,1389,19,0,1
0,0.1,1390,20,1,0
0,0.1,1391,20,0,0
0,0.1,1392,20,0,0
0,0.1,1393,20,0,0
0,0.1,1394,20,0,0
0,0.1,1395,20,0,0
0,0.1,1396,20,0,0
0,0.1,1397,20,0,0
0,0.1,1398,20,0,0
0,0.1,1399,19,0,1
0,0.1,1400,18,0,1
0,0.1,1401,18,0,0
0,0.1,1402,18,0,0
0,0.1,1403,20,2,0
0,0.1,1404,17,0,3
0,0.1,1405,19,2,0
0,0.1,1406,20,1,0
0,0.1,1407,20,0,0
0,0.1,1408,19,0,1
0,0.1,1409,19,0,0
0,0.1,1410,19,0,0
0,0.1,1411,20,1,0
0,0.1,1412,19,0,1
0,0.1,1413,20,1,0
0,0.1,1414,19,0,1
0,0.1,1415,18,0,1
0,0.1,1416,19,1,0
0,0.1,1417,19,1,1
0,0.1,1418,21,2,0
0,0.1,1419,19,0,2
0,0.1,1420,19,0,0
0,0.1,1421,19,0,0
0,0.1,1422,19,0,0
0,0.1,1423,19,0,0
0,0.1,1424,21,2,0
0,0.1,1425,19,1,3
0,0.1,1426,20,1,0
0,0.1,1427,19,0,1
0,0.1,1428,20,1,0
0,0.1,1429,19,0,1
0,0.1,1430,19,0,0
0,0.1,1431,19,1,1
0,0.1,1432,19,1,1
0,0.1,1433,20,1,0
0,0.1,1434,19,0,1
0,0.1,1435,19,0,0
0,0.1,1436,19,0,0
0,0.1,1437,19,0,0
0,0.1,1438,19,0,0
0,0.1,1439,19,0,0
0,0.1,1440,19,0,0
0,0.1,1441,19,0,0
0,0.1,1442,20,1,0
0,0.1,1443,19,0,1
0,0.1,1444,19,0,0
0,0.1,1445,19,0,0
0,0.1,1446,19,0,0
0,0.1,1447,19,0,0
0,0.1,1448,19,0,0
0,0.1,1449,20,1,0
0,0.1,1450,20,0,0
0,0.1,1451,19,0,1
0,0.1,1452,20,1,0
0,0.1,1453,19,0,1
0,0.1,1454,19,0,0
0,0.1,1455,19,0,0
0,0.1,1456,21,2,0
0,0.1,1457,19,0,2
0,0.1,1458,20,1,0
0,0.1,1459,20,1,1
0,0.1,1460,19,0,1
0,0.1,1461,19,0,0
0,0.1,1462,19,0,0
0,0.1,1463,19,0,0
0,0.1,1464,19,0,0
0,0.1,1465,19,0,0
0,0.1,1466,19,0,0
0,0.1,1467,19,0,0
0,0.1,1468,20,1,0
0,0.1,1469,19,0,1
0,0.1,1470,19,0,0
0,0.1,1471,19,0,0
0,0.1,1472,19,0,0
0,0.1,1473,19,0,0
0,0.1,1474,19,0,0
0,0.1,1475,19,0,0
0,0.1,1476,20,1,0
0,0.1,1477,19,0,1
0,0.1,1478,19,0,0
0,0.1,1479,19,0,0
0,0.1,1480,19,0,0
0,0.1,1481,19,0,0
0,0.1,1482,19,0,0
0,0.1,1483,18,0,1
0,0.1,1484,19,1,0
0,0.1,1485,19,0,0
0,0.1,1486,18,0,1
0,0.1,1487,19,1,0
0,0.1,1488,20,1,0
0,0.1,1489,19,0,1
0,0.1,1490,19,0,0
0,0.1,1491,18,0,1
0,0.1,1492,19,1,0
0,0.1,1493,19,0,0
0,0.1,1494,19,0,0
0,0.1,1495,19,0,0
0,0.1,1496,19,0,0
0,0.1,1497,19,0,0
0,0.1,1498,20,1,0
0,0.1,1499,19,0,1
0,0.1,1500,19,0,0
0,0.2,0,17,0,0
0,0.2,1,55,44,6
0,0.2,2,70,23,8
0,0.2,3,66,13,17
0,0.2,4,75,16,7
0,0.2,5,64,9,20
0,0.2,6,75,14,3
0,0.2,7,76,8,7
0,0.2,8,78,6,4
0,0.2,9,70,7,15
0,0.2,10,71,6,5
0,0.2,11,71,4,4
0,0.2,12,69,4,6
0,0.2,13,61,0,8
0,0.2,14,66,8,3
0,0.2,15,66,4,4
0,0.2,16,62,6,10
0,0.2,17,65,8,5
0,0.2,18,63,2,4
0,0.2,19,67,6,2
0,0.2,20,64,2,5
0,0.2,21,63,2,3
0,0.2,22,64,3,2
0,0.2,23,64,1,1
0,0.2,24,58,1,7
0,0.2,25,64,7,1
0,0.2,26,59,1,6
0,0.2,27,61,4,2
0,0.2,28,59,2,4
0,0.2,29,55,1,5
0,0.2,30,62,8,1
0,0.2,31,61,0,1
0,0.2,32,62,2,1
0,0.2,33,57,1,6
0,0.2,34,60,4,1
0,0.2,35,61,2,1
0,0.2,36,61,1,1
0,0.2,37,61,2,2
0,0.2,38,58,0,3
0,0.2,39,60,2,0
0,0.2,40,59,3,4
0,0.2,41,62,5,2
0,0.2,42,59,0,3
0,0.2,43,60,1,0
0,0.2,44,59,0,1
0,0.2,45,55,0,4
0,0.2,46,53,0,2
0,0.2,47,52,1,2
0,0.2,48,55,3,0
0,0.2,49,56,2,1
0,0.2,50,52,1,5
0,0.2,51,56,4,0
0,0.2,52,55,1,2
0,0.2,53,50,0,5
0,0.2,54,41,1,10
0,0.2,55,49,10,2
0,0.2,56,48,2,3
0,0.2,57,50,2,0
0,0.2,58,50,1,1
0,0.2,59,49,0,1
0,0.2,60,46,2,5
0,0.2,61,50,7,3
0,0.2,62,49,1,2
0,0.2,63,48,0,1
0,0.2,64,48,2,2
0,0.2,65,45,1,4
0,0.2,66,47,5,3
0,0.2,67,41,0,6
0,0.2,68,40,2,3
0,0.2,69,44,6,2
0,0.2,70,40,4,8
0,0.2,71,42,6,4
0,0.2,72,40,2,4
0,0.2,73,37,2,5
0,0.2,74,42,7,2
0,0.2,75,44,3,1
0,0.2,76,40,1,5
0,0.2,77,42,3,1
0,0.2,78,42,2,2
0,0.2,79,40,2,4
0,0.2,80,41,2,1
0,0.2,81,42,2,1
0,0.2,82,43,3,2
0,0.2,83,40,0,3
0,0.2,84,43,3,0
0,0.2,85,43,3,3
0,0.2,86,41,1,3
0,0.2,87,42,2,1
0,0.2,88,42,3,3
0,0.2,89,40,0,2
0,0.2,90,40,1,1
0,0.2,91,40,0,0
0,0.2,92,43,3,0
0,0.2,93,42,3,4
0,0.2,94,40,1,3
0,0.2,95,40,1,1
0,0.2,96,43,4,1
0,0.2,97,43,0,0
0,0.2,98,40,0,3
0,0.2,99,42,2,0
0,0.2,100,41,0,1
0,0.2,101,39,1,3
0,0.2,102,37,0,2
0,0.2,103,39,2,0
0,0.2,104,39,2,2
0,0.2,105,38,1,2
0,0.2,106,39,2,1
0,0.2,107,37,0,2
0,0.2,108,40,3,0
0,0.2,109,37,1,4
0,0.2,110,37,3,3
0,0.2,111,35,0,2
0,0.2,112,35,3,3
0,0.2,113,32,2,5
0,0.2,114,35,4,1
0,0.2,115,33,1,3
0,0.2,116,32,1,2
0,0.2,117,33,2,1
0,0.2,118,33,1,1
0,0.2,119,35,2,0
0,0.2,120,34,2,3
0,0.2,121,33,1,2
0,0.2,122,33,2,2
0,0.2,123,32,0,1
0,0.2,124,32,0,0
0,0.2,125,30,0,2
0,0.2,126,33,3,0
0,0.2,127,28,0,5
0,0.2,128,31,3,0
0,0.2,129,28,0,3
0,0.2,130,31,3,0
0,0.2,131,31,3,3
0,0.2,132,31,2,2
0,0.2,133,32,2,1
0,0.2,134,31,0,1
0,0.2,135,31,0,0
0,0.2,136,32,1,0
0,0.2,137,32,0,0
0,0.2,138,32,0,0
0,0.2,139,34,2,0
0,0.2,140,31,0,3
0,0.2,141,32,1,0
0,0.2,142,31,0,1
0,0.2,143,32,1,0
0,0.2,144,32,1,1
0,0.2,145,31,0,1
0,0.2,146,31,1,1
0,0.2,147,32,2,1
0,0.2,148,30,0,2
0,0.2,149,31,1,0
0,0.2,150,31,0,0
0,0.2,151,30,0,1
0,0.2,152,31,1,0
0,0.2,153,32,1,0
0,0.2,154,31,0,1
0,0.2,155,29,0,2
0,0.2,156,27,0,2
0,0.2,157,30,3,0
0,0.2,158,31,2,1
0,0.2,159,30,0,1
0,0.2,160,27,0,3
0,0.2,161,30,3,0
0,0.2,162,29,0,1
0,0.2,163,30,1,0
0,0.2,164,30,0,0
0,0.2,165,30,0,0
0,0.2,166,31,1,0
0,0.2,167,31,0,0
0,0.2,168,31,0,0
0,0.2,169,31,0,0
0,0.2,170,28,0,3
0,0.2,171,29,1,0
0,0.2,172,28,0,1
0,0.2,173,28,0,0
0,0.2,174,28,0,0
0,0.2,175,30,2,0
0,0.2,176,30,0,0
0,0.2,177,28,0,2
0,0.2,178,28,0,0
0,0.2,179,28,0,0
0,0.2,180,28,0,0
0,0.2,181,28,0,0
0,0.2,182,27,0,1
0,0.2,183,28,1,0
0,0.2,184,28,0,0
0,0.2,185,30,2,0
0,0.2,186,28,0,2
0,0.2,187,28,0,0
0,0.2,188,28,0,0
0,0.2,189,29,1,0
0,0.2,190,28,0,1
0,0.2,191,28,0,0
0,0.2,192,29,1,0
0,0.2,193,28,0,1
0,0.2,194,28,0,0
0,0.2,195,27,0,1
0,0.2,196,27,1,1
0,0.2,197,29,3,1
0,0.2,198,26,0,3
0,0.2,199,28,3,1
0,0.2,200,27,2,3
0,0.2,201,26,0,1
0,0.2,202,26,0,0
0,0.2,203,26,0,0
0,0.2,204,27,1,0
0,0.2,205,27,0,0
0,0.2,206,26,0,1
0,0.2,207,27,1,0
0,0.2,208,27,0,0
0,0.2,209,27,0,0
0,0.2,210,23,0,4
0,0.2,211,26,3,0
0,0.2,212,26,1,1
0,0.2,213,24,0,2
0,0.2,214,22,0,2
0,0.2,215,25,3,0
0,0.2,216,25,1,1
0,0.2,217,26,1,0
0,0.2,218,26,0,0
0,0.2,219,26,1,1
0,0.2,220,25,0,1
0,0.2,221,26,1,0
0,0.2,222,24,0,2
0,0.2,223,26,2,0
0,0.2,224,21,0,5
0,0.2,225,23,2,0
0,0.2,226,26,4,1
0,0.2,227,23,0,3
0,0.2,228,26,3,0
0,0.2,229,21,0,5
0,0.2,230,24,3,0
0,0.2,231,26,3,1
0,0.2,232,26,0,0
0,0.2,233,25,0,1
0,0.2,234,25,0,0
0,0.2,235,21,0,4
0,0.2,236,22,1,0
0,0.2,237,23,1,0
0,0.2,238,27,4,0
0,0.2,239,23,0,4
0,0.2,240,22,0,1
0,0.2,241,25,3,0
0,0.2,242,25,2,2
0,0.2,243,23,0,2
0,0.2,244,23,0,0
0,0.2,245,24,1,0
0,0.2,246,23,0,1
0,0.2,247,24,1,0
0,0.2,248,23,0,1
0,0.2,249,23,0,0
0,0.2,250,24,1,0
0,0.2,251,23,1,2
0,0.2,252,23,1,1
0,0.2,253,23,0,0
0,0.2,254,24,1,0
0,0.2,255,23,0,1
0,0.2,256,25,2,0
0,0.2,257,23,0,2
0,0.2,258,23,0,0
0,0.2,259,23,0,0
0,0.2,260,24,1,0
0,0.2,261,25,2,1
0,0.2,262,23,0,2
0,0.2,263,24,1,0
0,0.2,264,23,0,1
0,0.2,265,23,0,0
0,0.2,266,23,0,0
0,0.2,267,23,0,0
0,0.2,268,23,0,0
0,0.2,269,24,1,0
0,0.2,270,23,0,1
0,0.2,271,25,2,0
0,0.2,272,23,0,2
0,0.2,273,23,0,0
0,0.2,274,24,1,0
0,0.2,275,23,0,1
0,0.2,276,24,1,0
0,0.2,277,23,0,1
0,0.2,278,23,1,1
0,0.2,279,23,1,1
0,0.2,280,23,0,0
0,0.2,281,23,0,0
0,0.2,282,23,0,0
0,0.2,283,24,1,0
0,0.2,284,24,0,0
0,0.2,285,23,0,1
0,0.2,286,23,0,0
0,0.2,287,23,0,0
0,0.2,288,24,1,0
0,0.2,289,23,0,1
0,0.2,290,23,0,0
0,0.2,291,23,0,0
0,0.2,292,23,0,0
0,0.2,293,23,0,0
0,0.2,294,24,1,0
0,0.2,295,23,0,1
0,0.2,296,24,1,0
0,0.2,297,23,0,1
0,0.2,298,23,1,1
0,0.2,299,22,0,1
0,0.2,300,23,1,0
0,0.2,301,24,1,0
0,0.2,302,23,0,1
0,0.2,303,24,1,0
0,0.2,304,23,1,2
0,0.2,305,23,1,1
0,0.2,306,23,1,1
0,0.2,307,23,1,1
0,0.2,308,23,0,0
0,0.2,309,23,0,0
0,0.2,310,23,0,0
0,0.2,311,23,0,0
0,0.2,312,23,0,0
0,0.2,313,23,0,0
0,0.2,314,22,0,1
0,0.2,315,23,1,0
0,0.2,316,22,0,1
0,0.2,317,22,0,0
0,0.2,318,22,0,0
0,0.2,319,22,0,0
0,0.2,320,22,0,0
0,0.2,321,23,1,0
0,0.2,322,22,0,1
0,0.2,323,23,1,0
0,0.2,324,22,0,1
0,0.2,325,22,0,0
0,0.2,326,22,0,0
0,0.2,327,22,0,0
0,0.2,328,23,1,0
0,0.2,329,22,0,1
0,0.2,330,23,1,0
0,0.2,331,22,0,1
0,0.2,332,22,0,0
0,0.2,333,22,0,0
0,0.2,334,22,0,0
0,0.2,335,22,0,0
0,0.2,336,22,0,0
0,0.2,337,22,0,0
0,0.2,338,22,0,0
0,0.2,339,22,0,0
0,0.2,340,22,0,0
0,0.2,341,22,0,0
0,0.2,342,22,0,0
0,0.2,343,22,0,0
0,0.2,344,22,0,0
0,0.2,345,22,0,0
0,0.2,346,22,0,0
0,0.2,347,23,1,0
0,0.2,348,22,0,1
0,0.2,349,23,1,0
0,0.2,350,23,1,1
0,0.2,351,22,0,1
0,0.2,352,23,1,0
0,0.2,353,22,0,1
0,0.2,354,22,0,0
0,0.2,355,22,0,0
0,0.2,356,22,0,0
0,0.2,357,22,0,0
0,0.2,358,22,0,0
0,0.2,359,22,0,0
0,0.2,360,22,0,0
0,0.2,361,21,0,1
0,0.2,362,22,1,0
0,0.2,363,22,0,0
0,0.2,364,22,1,1
0,0.2,365,21,0,1
0,0.2,366,22,1,0
0,0.2,367,22,0,0
0,0.2,368,20,0,2
0,0.2,369,22,2,0
0,0.2,370,22,0,0
0,0.2,371,21,0,1
0,0.2,372,20,0,1
0,0.2,373,20,0,0
0,0.2,374,20,0,0
0,0.2,375,20,0,0
0,0.2,376,21,2,1
0,0.2,377,14,1,8
0,0.2,378,21,7,0
0,0.2,379,21,1,1
0,0.2,380,22,1,0
0,0.2,381,22,1,1
0,0.2,382,18,0,4
0,0.2,383,22,4,0
0,0.2,384,22,0,0
0,0.2,385,22,0,0
0,0.2,386,20,0,2
0,0.2,387,22,2,0
0,0.2,388,22,0,0
0,0.2,389,21,0,1
0,0.2,390,23,2,0
0,0.2,391,22,0,1
0,0.2,392,21,0,1
0,0.2,393,21,1,1
0,0.2,394,19,1,3
0,0.2,395,22,3,0
0,0.2,396,21,0,1
0,0.2,397,22,1,0
0,0.2,398,22,0,0
0,0.2,399,21,0,1
0,0.2,400,21,0,0
0,0.2,401,22,1,0
0,0.2,402,22,0,0
0,0.2,403,22,0,0
0,0.2,404,21,0,1
0,0.2,405,20,0,1
0,0.2,406,20,0,0
0,0.2,407,21,1,0
0,0.2,408,21,1,1
0,0.2,409,20,0,1
0,0.2,410,20,0,0
0,0.2,411,21,1,0
0,0.2,412,20,0,1
0,0.2,413,20,0,0
0,0.2,414,20,0,0
0,0.2,415,22,2,0
0,0.2,416,22,1,1
0,0.2,417,22,1,1
0,0.2,418,21,0,1
0,0.2,419,23,2,0
0,0.2,420,20,0,3
0,0.2,421,22,2,0
0,0.2,422,20,0,2
0,0.2,423,22,2,0
0,0.2,424,22,0,0
0,0.2,425,21,0,1
0,0.2,426,22,1,0
0,0.2,427,21,0,1
0,0.2,428,21,0,0
0,0.2,429,22,1,0
0,0.2,430,23,1,0
0,0.2,431,22,0,1
0,0.2,432,22,0,0
0,0.2,433,22,0,0
0,0.2,434,23,1,0
0,0.2,435,22,0,1
0,0.2,436,22,0,0
0,0.2,437,22,0,0
0,0.2,438,21,0,1
0,0.2,439,21,0,0
0,0.2,440,21,1,1
0,0.2,441,21,0,0
0,0.2,442,21,0,0
0,0.2,443,22,1,0
0,0.2,444,22,1,1
0,0.2,445,23,1,0
0,0.2,446,22,0,1
0,0.2,447,21,0,1
0,0.2,448,22,1,0
0,0.2,449,22,0,0
0,0.2,450,22,0,0
0,0.2,451,21,0,1
0,0.2,452,21,0,0
0,0.2,453,21,0,0
0,0.2,454,21,0,0
0,0.2,455,21,0,0
0,0.2,456,21,0,0
0,0.2,457,21,0,0
0,0.2,458,21,0,0
0,0.2,459,21,0,0
0,0.2,460,21,1,1
0,0.2,461,20,0,1
0,0.2,462,20,0,0
0,0.2,463,21,1,0
0,0.2,464,21,0,0
0,0.2,465,21,0,0
0,0.2,466,21,0,0
0,0.2,467,21,0,0
0,0.2,468,21,0,0
0,0.2,469,21,0,0
0,0.2,470,21,0,0
0,0.2,471,21,0,0
0,0.2,472,20,0,1
0,0.2,473,22,2,0
0,0.2,474,21,0,1
0,0.2,475,21,0,0
0,0.2,476,21,0,0
0,0.2,477,20,0,1
0,0.2,478,20,0,0
0,0.2,479,21,1,0
0,0.2,480,20,0,1
0,0.2,481,20,0,0
0,0.2,482,21,1,0
0,0.2,483,20,0,1
0,0.2,484,22,2,0
0,0.2,485,21,0,1
0,0.2,486,21,0,0
0,0.2,487,21,0,0
0,0.2,488,21,0,0
0,0.2,489,21,0,0
0,0.2,490,21,0,0
0,0.2,491,21,0,0
0,0.2,492,22,1,0
0,0.2,493,20,0,2
0,0.2,494,21,1,0
0,0.2,495,20,0,1
0,0.2,496,21,1,0
0,0.2,497,19,0,2
0,0.2,498,20,1,0
0,0.2,499,21,1,0
0,0.2,500,21,0,0
0,0.2,501,21,0,0
0,0.2,502,21,0,0
0,0.2,503,21,0,0
0,0.2,504,21,0,0
0,0.2,505,21,0,0
0,0.2,506,20,0,1
0,0.2,507,21,1,0
0,0.2,508,21,0,0
0,0.2,509,21,1,1
0,0.2,510,20,0,1
0,0.2,511,20,0,0
0,0.2,512,21,1,0
0,0.2,513,20,0,1
0,0.2,514,20,0,0
0,0.2,515,20,0,0
0,0.2,516,20,0,0
0,0.2,517,21,1,0
0,0.2,518,21,0,0
0,0.2,519,21,0,0
0,0.2,520,20,0,1
0,0.2,521,22,2,0
0,0.2,522,21,0,1
0,0.2,523,21,0,0
0,0.2,524,21,0,0
0,0.2,525,21,0,0
0,0.2,526,20,0,1
0,0.2,527,20,0,0
0,0.2,528,20,1,1
0,0.2,529,20,1,1
0,0.2,530,20,0,0
0,0.2,531,21,2,1
0,0.2,532,19,0,2
0,0.2,533,20,1,0
0,0.2,534,20,0,0
0,0.2,535,21,1,0
0,0.2,536,20,0,1
0,0.2,537,20,0,0
0,0.2,538,20,0,0
0,0.2,539,20,1,1
0,0.2,540,21,1,0
0,0.2,541,20,0,1
0,0.2,542,20,0,0
0,0.2,543,20,1,1
0,0.2,544,20,0,0
0,0.2,545,21,1,0
0,0.2,546,19,0,2
0,0.2,547,21,2,0
0,0.2,548,21,0,0
0,0.2,549,20,0,1
0,0.2,550,21,1,0
0,0.2,551,21,0,0
0,0.2,552,21,0,0
0,0.2,553,22,2,1
0,0.2,554,21,1,2
0,0.2,555,20,0,1
0,0.2,556,21,1,0
0,0.2,557,20,0,1
0,0.2,558,19,0,1
0,0.2,559,20,1,0
0,0.2,560,21,2,1
0,0.2,561,20,0,1
0,0.2,562,21,1,0
0,0.2,563,21,1,1
0,0.2,564,20,0,1
0,0.2,565,21,1,0
0,0.2,566,20,0,1
0,0.2,567,20,1,1
0,0.2,568,21,1,0
0,0.2,569,20,0,1
0,0.2,570,20,1,1
0,0.2,571,20,0,0
0,0.2,572,19,0,1
0,0.2,573,19,0,0
0,0.2,574,19,0,0
0,0.2,575,19,0,0
0,0.2,576,19,0,0
0,0.2,577,20,1,0
0,0.2,578,20,0,0
0,0.2,579,19,0,1
0,0.2,580,20,1,0
0,0.2,581,20,0,0
0,0.2,582,19,0,1
0,0.2,583,20,1,0
0,0.2,584,20,0,0
0,0.2,585,20,0,0
0,0.2,586,19,0,1
0,0.2,587,19,0,0
0,0.2,588,19,0,0
0,0.2,589,19,0,0
0,0.2,590,19,0,0
0,0.2,591,20,1,0
0,0.2,592,20,1,1
0,0.2,593,19,0,1
0,0.2,594,19,0,0
0,0.2,595,19,0,0
0,0.2,596,19,0,0
0,0.2,597,19,0,0
0,0.2,598,19,0,0
0,0.2,599,19,0,0
0,0.2,600,19,0,0
0,0.2,601,19,0,0
0,0.2,602,19,0,0
0,0.2,603,20,1,0
0,0.2,604,20,0,0
0,0.2,605,19,0,1
0,0.2,606,19,0,0
0,0.2,607,19,0,0
0,0.2,608,19,0,0
0,0.2,609,19,0,0
0,0.2,610,19,0,0
0,0.2,611,19,0,0
0,0.2,612,19,0,0
0,0.2,613,19,0,0
0,0.2,614,19,0,0
0,0.2,615,19,0,0
0,0.2,616,20,1,0
0,0.2,617,19,0,1
0,0.2,618,19,0,0
0,0.2,619,19,0,0
0,0.2,620,19,0,0
0,0.2,621,19,0,0
0,0.2,622,19,0,0
0,0.2,623,19,0,0
0,0.2,624,19,0,0
0,0.2,625,19,0,0
0,0.2,626,18,0,1
0,0.2,627,19,1,0
0,0.2,628,20,1,0
0,0.2,629,19,0,1
0,0.2,630,19,0,0
0,0.2,631,18,0,1
0,0.2,632,18,0,0
0,0.2,633,19,1,0
0,0.2,634,19,0,0
0,0.2,635,18,0,1
0,0.2,636,20,2,0
0,0.2,637,19,0,1
0,0.2,638,19,0,0
0,0.2,639,19,0,0
0,0.2,640,19,0,0
0,0.2,641,19,0,0
0,0.2,642,19,0,0
0,0.2,643,19,0,0
0,0.2,644,19,0,0
0,0.2,645,20,1,0
0,0.2,646,19,0,1
0,0.2,647,19,0,0
0,0.2,648,19,0,0
0,0.2,649,19,0,0
0,0.2,650,19,0,0
0,0.2,651,19,0,0
0,0.2,652,18,0,1
0,0.2,653,18,0,0
0,0.2,654,19,1,0
0,0.2,655,18,0,1
0,0.2,656,18,0,0
0,0.2,657,18,0,0
0,0.2,658,18,0,0
0,0.2,659,18,0,0
0,0.2,660,18,0,0
0,0.2,661,18,0,0
0,0.2,662,19,1,0
0,0.2,663,19,0,0
0,0.2,664,18,0,1
0,0.2,665,19,1,0
0,0.2,666,19,0,0
0,0.2,667,19,0,0
0,0.2,668,19,0,0
0,0.2,669,19,0,0
0,0.2,670,19,0,0
0,0.2,671,19,0,0
0,0.2,672,19,0,0
0,0.2,673,19,0,0
0,0.2,674,19,0,0
0,0.2,675,19,0,0
0,0.2,676,19,0,0
0,0.2,677,19,0,0
0,0.2,678,17,0,2
0,0.2,679,18,1,0
0,0.2,680,19,1,0
0,0.2,681,17,0,2
0,0.2,682,17,0,0
0,0.2,683,17,0,0
0,0.2,684,18,1,0
0,0.2,685,19,1,0
0,0.2,686,20,1,0
0,0.2,687,18,0,2
0,0.2,688,19,1,0
0,0.2,689,19,0,0
0,0.2,690,19,0,0
0,0.2,691,19,0,0
0,0.2,692,17,0,2
0,0.2,693,17,0,0
0,0.2,694,17,0,0
0,0.2,695,17,0,0
0,0.2,696,17,0,0
0,0.2,697,17,0,0
0,0.2,698,18,1,0
0,0.2,699,17,0,1
0,0.2,700,17,0,0
0,0.2,701,17,0,0
0,0.2,702,17,0,0
0,0.2,703,17,0,0
0,0.2,704,17,0,0
0,0.2,705,17,0,0
0,0.2,706,18,1,0
0,0.2,707,17,0,1
0,0.2,708,17,0,0
0,0.2,709,17,0,0
0,0.2,710,17,0,0
0,0.2,711,17,0,0
0,0.2,712,17,0,0
0,0.2,713,17,0,0
0,0.2,714,17,0,0
0,0.2,715,17,0,0
0,0.2,716,17,0,0
0,0.2,717,17,0,0
0,0.2,718,18,1,0
0,0.2,719,18,0,0
0,0.2,720,17,0,1
0,0.2,721,17,0,0
0,0.2,722,17,0,0
0,0.2,723,17,0,0
0,0.2,724,16,0,1
0,0.2,725,17,1,0
0,0.2,726,17,0,0
0,0.2,727,17,0,0
0,0.2,728,17,0,0
0,0.2,729,16,0,1
0,0.2,730,17,1,0
0,0.2,731,16,0,1
0,0.2,732,18,2,0
0,0.2,733,19,1,0
0,0.2,734,17,1,3
0,0.2,735,17,1,1
0,0.2,736,17,0,0
0,0.2,737,17,0,0
0,0.2,738,17,0,0
0,0.2,739,19,2,0
0,0.2,740,18,0,1
0,0.2,741,18,1,1
0,0.2,742,18,0,0
0,0.2,743,19,1,0
0,0.2,744,18,0,1
0,0.2,745,16,0,2
0,0.2,746,17,1,0
0,0.2,747,16,0,1
0,0.2,748,16,0,0
0,0.2,749,17,1,0
0,0.2,750,16,0,1
0,0.2,751,16,0,0
0,0.2,752,17,1,0
0,0.2,753,17,0,0
0,0.2,754,18,1,0
0,0.2,755,18,1,1
0,0.2,756,16,0,2
0,0.2,757,18,2,0
0,0.2,758,17,0,1
0,0.2,759,16,0,1
0,0.2,760,16,0,0
0,0.2,761,16,0,0
0,0.2,762,16,0,0
0,0.2,763,16,0,0
0,0.2,764,17,1,0
0,0.2,765,18,1,0
0,0.2,766,18,1,1
0,0.2,767,17,0,1
0,0.2,768,18,1,0
0,0.2,769,18,0,0
0,0.2,770,17,0,1
0,0.2,771,17,0,0
0,0.2,772,17,0,0
0,0.2,773,17,0,0
0,0.2,774,17,0,0
0,0.2,775,16,0,1
0,0.2,776,17,1,0
0,0.2,777,17,0,0
0,0.2,778,17,0,0
0,0.2,779,18,1,0
0,0.2,780,19,1,0
0,0.2,781,17,0,2
0,0.2,782,17,0,0
0,0.2,783,16,0,1
0,0.2,784,16,0,0
0,0.2,785,17,1,0
0,0.2,786,17,0,0
0,0.2,787,17,0,0
0,0.2,788,16,0,1
0,0.2,789,16,0,0
0,0.2,790,17,1,0
0,0.2,791,16,0,1
0,0.2,792,17,1,0
0,0.2,793,16,0,1
0,0.2,794,17,1,0
0,0.2,795,17,0,0
0,0.2,796,17,0,0
0,0.2,797,17,1,1
0,0.2,798,17,1,1
0,0.2,799,19,2,0
0,0.2,800,17,0,2
0,0.2,801,16,0,1
0,0.2,802,16,0,0
0,0.2,803,17,1,0
0,0.2,804,16,0,1
0,0.2,805,16,0,0
0,0.2,806,16,0,0
0,0.2,807,17,1,0
0,0.2,808,17,0,0
0,0.2,809,17,1,1
0,0.2,810,17,1,1
0,0.2,811,16,0,1
0,0.2,812,16,0,0
0,0.2,813,16,0,0
0,0.2,814,17,1,0
0,0.2,815,16,0,1
0,0.2,816,16,0,0
0,0.2,817,16,0,0
0,0.2,818,16,0,0
0,0.2,819,16,0,0
0,0.2,820,16,0,0
0,0.2,821,16,0,0
0,0.2,822,16,0,0
0,0.2,823,17,1,0
0,0.2,824,16,0,1
0,0.2,825,16,0,0
0,0.2,826,17,1,0
0,0.2,827,17,0,0
0,0.2,828,16,0,1
0,0.2,829,16,0,0
0,0.2,830,17,1,0
0,0.2,831,16,0,1
0,0.2,832,16,0,0
0,0.2,833,16,0,0
0,0.2,834,16,0,0
0,0.2,835,17,1,0
0,0.2,836,16,0,1
0,0.2,837,16,0,0
0,0.2,838,17,1,0
0,0.2,839,16,0,1
0,0.2,840,16,0,0
0,0.2,841,17,1,0
0,0.2,842,16,0,1
0,0.2,843,16,0,0
0,0.2,844,16,0,0
0,0.2,845,16,0,0
0,0.2,846,16,0,0
0,0.2,847,16,0,0
0,0.2,848,17,1,0
0,0.2,849,16,0,1
0,0.2,850,17,1,0
0,0.2,851,16,0,1
0,0.2,852,16,0,0
0,0.2,853,16,0,0
0,0.2,854,16,0,0
0,0.2,855,16,0,0
0,0.2,856,16,0,0
0,0.2,857,16,0,0
0,0.2,858,16,0,0
0,0.2,859,16,0,0
0,0.2,860,16,0,0
0,0.2,861,16,0,0
0,0.2,862,16,0,0
0,0.2,863,16,0,0
0,0.2,864,16,0,0
0,0.2,865,16,0,0
0,0.2,866,16,0,0
0,0.2,867,16,0,0
0,0.2,868,17,1,0
0,0.2,869,17,0,0
0,0.2,870,17,0,0
0,0.2,871,16,0,1
0,0.2,872,16,0,0
0,0.2,873,16,0,0
0,0.2,874,16,0,0
0,0.2,875,16,0,0
0,0.2,876,16,0,0
0,0.2,877,16,0,0
0,0.2,878,17,1,0
0,0.2,879,16,0,1
0,0.2,880,16,0,0
0,0.2,881,16,0,0
0,0.2,882,16,0,0
0,0.2,883,16,0,0
0,0.2,884,16,0,0
0,0.2,885,16,0,0
0,0.2,886,16,0,0
0,0.2,887,16,0,0
0,0.2,888,16,0,0
0,0.2,889,16,0,0
0,0.2,890,16,0,0
0,0.2,891,16,0,0
0,0.2,892,16,0,0
0,0.2,893,16,0,0
0,0.2,894,16,0,0
0,0.2,895,16,0,0
0,0.2,896,16,0,0
0,0.2,897,16,0,0
0,0.2,898,16,0,0
0,0.2,899,17,1,0
0,0.2,900,17,0,0
0,0.2,901,16,0,1
0,0.2,902,17,1,0
0,0.2,903,16,0,1
0,0.2,904,16,0,0
0,0.2,905,16,0,0
0,0.2,906,16,0,0
0,0.2,907,16,0,0
0,0.2,908,16,0,0
0,0.2,909,16,0,0
0,0.2,910,17,1,0
0,0.2,911,16,0,1
0,0.2,912,16,0,0
0,0.2,913,16,0,0
0,0.2,914,16,0,0
0,0.2,915,16,0,0
0,0.2,916,16,0,0
0,0.2,917,18,2,0
0,0.2,918,17,0,1
0,0.2,919,16,0,1
0,0.2,920,16,0,0
0,0.2,921,17,1,0
0,0.2,922,16,0,1
0,0.2,923,16,0,0
0,0.2,924,16,0,0
0,0.2,925,16,0,0
0,0.2,926,17,1,0
0,0.2,927,17,1,1
0,0.2,928,17,1,1
0,0.2,929,16,0,1
0,0.2,930,16,0,0
0,0.2,931,17,1,0
0,0.2,932,16,0,1
0,0.2,933,16,0,0
0,0.2,934,16,0,0
0,0.2,935,16,0,0
0,0.2,936,16,0,0
0,0.2,937,17,1,0
0,0.2,938,16,0,1
0,0.2,939,16,0,0
0,0.2,940,17,1,0
0,0.2,941,16,0,1
0,0.2,942,17,1,0
0,0.2,943,17,1,1
0,0.2,944,16,0,1
0,0.2,945,17,1,0
0,0.2,946,17,1,1
0,0.2,947,16,0,1
0,0.2,948,18,2,0
0,0.2,949,16,0,2
0,0.2,950,16,0,0
0,0.2,951,16,0,0
0,0.2,952,16,0,0
0,0.2,953,16,0,0
0,0.2,954,16,0,0
0,0.2,955,18,2,0
0,0.2,956,17,0,1
0,0.2,957,16,0,1
0,0.2,958,17,1,0
0,0.2,959,16,0,1
0,0.2,960,16,0,0
0,0.2,961,17,1,0
0,0.2,962,17,1,1
0,0.2,963,16,0,1
0,0.2,964,16,0,0
0,0.2,965,17,1,0
0,0.2,966,16,0,1
0,0.2,967,16,0,0
0,0.2,968,16,0,0
0,0.2,969,16,0,0
0,0.2,970,17,1,0
0,0.2,971,16,0,1
0,0.2,972,17,1,0
0,0.2,973,18,1,0
0,0.2,974,17,0,1
0,0.2,975,18,1,0
0,0.2,976,18,0,0
0,0.2,977,17,0,1
0,0.2,978,17,0,0
0,0.2,979,17,0,0
0,0.2,980,16,0,1
0,0.2,981,16,0,0
0,0.2,982,17,1,0
0,0.2,983,16,0,1
0,0.2,984,16,0,0
0,0.2,985,16,0,0
0,0.2,986,17,1,0
0,0.2,987,17,0,0
0,0.2,988,17,0,0
0,0.2,989,18,1,0
0,0.2,990,17,1,2
0,0.2,991,17,1,1
0,0.2,992,16,0,1
0,0.2,993,17,1,0
0,0.2,994,17,0,0
0,0.2,995,17,0,0
0,0.2,996,17,0,0
0,0.2,997,17,0,0
0,0.2,998,18,1,0
0,0.2,999,17,0,1
0,0.2,1000,17,0,0
0,0.2,1001,18,1,0
0,0.2,1002,17,0,1
0,0.2,1003,17,0,0
0,0.2,1004,17,0,0
0,0.2,1005,17,0,0
0,0.2,1006,17,0,0
0,0.2,1007,17,0,0
0,0.2,1008,17,0,0
0,0.2,1009,17,0,0
0,0.2,1010,17,0,0
0,0.2,1011,17,0,0
0,0.2,1012,16,0,1
0,0.2,1013,17,1,0
0,0.2,1014,17,0,0
0,0.2,1015,17,0,0
0,0.2,1016,17,0,0
0,0.2,1017,17,0,0
0,0.2,1018,17,0,0
0,0.2,1019,17,0,0
0,0.2,1020,17,0,0
0,0.2,1021,17,0,0
0,0.2,1022,17,1,1
0,0.2,1023,17,1,1
0,0.2,1024,17,0,0
0,0.2,1025,17,0,0
0,0.2,1026,17,0,0
0,0.2,1027,16,0,1
0,0.2,1028,16,0,0
0,0.2,1029,17,1,0
0,0.2,1030,16,0,1
0,0.2,1031,17,1,0
0,0.2,1032,17,0,0
0,0.2,1033,17,1,1
0,0.2,1034,16,0,1
0,0.2,1035,17,1,0
0,0.2,1036,16,0,1
0,0.2,1037,16,0,0
0,0.2,1038,17,1,0
0,0.2,1039,17,0,0
0,0.2,1040,17,0,0
0,0.2,1041,17,0,0
0,0.2,1042,17,0,0
0,0.2,1043,16,0,1
0,0.2,1044,16,0,0
0,0.2,1045,17,1,0
0,0.2,1046,17,1,1
0,0.2,1047,18,2,1
0,0.2,1048,17,0,1
0,0.2,1049,17,0,0
0,0.2,1050,17,0,0
0,0.2,1051,16,0,1
0,0.2,1052,17,1,0
0,0.2,1053,17,0,0
0,0.2,1054,17,0,0
0,0.2,1055,18,1,0
0,0.2,1056,17,0,1
0,0.2,1057,17,0,0
0,0.2,1058,18,1,0
0,0.2,1059,17,0,1
0,0.2,1060,17,0,0
0,0.2,1061,17,1,1
0,0.2,1062,18,1,0
0,0.2,1063,17,0,1
0,0.2,1064,17,0,0
0,0.2,1065,17,0,0
0,0.2,1066,17,1,1
0,0.2,1067,17,1,1
0,0.2,1068,18,1,0
0,0.2,1069,19,1,0
0,0.2,1070,18,0,1
0,0.2,1071,18,0,0
0,0.2,1072,17,0,1
0,0.2,1073,18,1,0
0,0.2,1074,18,0,0
0,0.2,1075,18,0,0
0,0.2,1076,18,0,0
0,0.2,1077,18,0,0
0,0.2,1078,18,0,0
0,0.2,1079,18,0,0
0,0.2,1080,18,0,0
0,0.2,1081,18,0,0
0,0.2,1082,18,0,0
0,0.2,1083,18,1,1
0,0.2,1084,19,2,1
0,0.2,1085,18,0,1
0,0.2,1086,18,0,0
0,0.2,1087,18,0,0
0,0.2,1088,18,0,0
0,0.2,1089,18,0,0
0,0.2,1090,17,0,1
0,0.2,1091,18,1,0
0,0.2,1092,17,0,1
0,0.2,1093,18,1,0
0,0.2,1094,18,0,0
0,0.2,1095,18,1,1
0,0.2,1096,17,0,1
0,0.2,1097,18,1,0
0,0.2,1098,18,0,0
0,0.2,1099,19,1,0
0,0.2,1100,18,0,1
0,0.2,1101,19,1,0
0,0.2,1102,18,0,1
0,0.2,1103,19,1,0
0,0.2,1104,18,0,1
0,0.2,1105,18,0,0
0,0.2,1106,18,0,0
0,0.2,1107,19,1,0
0,0.2,1108,19,0,0
0,0.2,1109,19,0,0
0,0.2,1110,18,0,1
0,0.2,1111,20,2,0
0,0.2,1112,18,0,2
0,0.2,1113,19,1,0
0,0.2,1114,17,0,2
0,0.2,1115,18,1,0
0,0.2,1116,18,0,0
0,0.2,1117,18,0,0
0,0.2,1118,18,0,0
0,0.2,1119,19,1,0
0,0.2,1120,19,0,0
0,0.2,1121,18,0,1
0,0.2,1122,19,1,0
0,0.2,1123,19,0,0
0,0.2,1124,18,0,1
0,0.2,1125,18,0,0
0,0.2,1126,18,0,0
0,0.2,1127,19,1,0
0,0.2,1128,19,0,0
0,0.2,1129,18,0,1
0,0.2,1130,19,1,0
0,0.2,1131,19,0,0
0,0.2,1132,19,0,0
0,0.2,1133,20,1,0
0,0.2,1134,19,0,1
0,0.2,1135,20,1,0
0,0.2,1136,19,0,1
0,0.2,1137,20,1,0
0,0.2,1138,19,0,1
0,0.2,1139,19,0,0
0,0.2,1140,20,1,0
0,0.2,1141,20,0,0
0,0.2,1142,19,0,1
0,0.2,1143,19,0,0
0,0.2,1144,20,1,0
0,0.2,1145,19,0,1
0,0.2,1146,20,1,0
0,0.2,1147,20,1,1
0,0.2,1148,19,0,1
0,0.2,1149,19,0,0
0,0.2,1150,19,0,0
0,0.2,1151,19,0,0
0,0.2,1152,19,0,0
0,0.2,1153,20,1,0
0,0.2,1154,20,0,0
0,0.2,1155,19,0,1
0,0.2,1156,20,1,0
0,0.2,1157,19,0,1
0,0.2,1158,20,1,0
0,0.2,1159,21,1,0
0,0.2,1160,19,0,2
0,0.2,1161,20,1,0
0,0.2,1162,19,0,1
0,0.2,1163,19,0,0
0,0.2,1164,19,0,0
0,0.2,1165,20,1,0
0,0.2,1166,19,0,1
0,0.2,1167,20,1,0
0,0.2,1168,19,0,1
0,0.2,1169,21,2,0
0,0.2,1170,20,0,1
0,0.2,1171,20,0,0
0,0.2,1172,20,1,1
0,0.2,1173,19,0,1
0,0.2,1174,19,0,0
0,0.2,1175,20,1,0
0,0.2,1176,20,1,1
0,0.2,1177,21,2,1
0,0.2,1178,20,0,1
0,0.2,1179,21,1,0
0,0.2,1180,20,0,1
0,0.2,1181,20,0,0
0,0.2,1182,20,0,0
0,0.2,1183,20,0,0
0,0.2,1184,20,0,0
0,0.2,1185,20,0,0
0,0.2,1186,20,0,0
0,0.2,1187,20,0,0
0,0.2,1188,20,0,0
0,0.2,1189,20,0,0
0,0.2,1190,21,1,0
0,0.2,1191,20,0,1
0,0.2,1192,20,0,0
0,0.2,1193,20,0,0
0,0.2,1194,21,1,0
0,0.2,1195,20,0,1
0,0.2,1196,20,0,0
0,0.2,1197,20,0,0
0,0.2,1198,20,0,0
0,0.2,1199,20,0,0
0,0.2,1200,20,0,0
0,0.2,1201,20,0,0
0,0.2,1202,20,0,0
0,0.2,1203,20,0,0
0,0.2,1204,20,0,0
0,0.2,1205,20,0,0
0,0.2,1206,20,0,0
0,0.2,1207,20,0,0
0,0.2,1208,21,1,0
0,0.2,1209,20,0,1
0,0.2,1210,20,0,0
0,0.2,1211,20,0,0
0,0.2,1212,22,2,0
0,0.2,1213,21,0,1
0,0.2,1214,21,1,1
0,0.2,1215,21,1,1
0,0.2,1216,21,1,1
0,0.2,1217,21,1,1
0,0.2,1218,22,2,1
0,0.2,1219,20,0,2
0,0.2,1220,22,2,0
0,0.2,1221,20,0,2
0,0.2,1222,18,0,2
0,0.2,1223,20,2,0
0,0.2,1224,20,1,1
0,0.2,1225,19,0,1
0,0.2,1226,20,1,0
0,0.2,1227,20,0,0
0,0.2,1228,20,0,0
0,0.2,1229,21,1,0
0,0.2,1230,20,0,1
0,0.2,1231,20,0,0
0,0.2,1232,23,3,0
0,0.2,1233,20,0,3
0,0.2,1234,21,1,0
0,0.2,1235,20,0,1
0,0.2,1236,21,1,0
0,0.2,1237,21,1,1
0,0.2,1238,21,0,0
0,0.2,1239,20,0,1
0,0.2,1240,20,0,0
0,0.2,1241,21,1,0
0,0.2,1242,21,1,1
0,0.2,1243,21,1,1
0,0.2,1244,20,0,1
0,0.2,1245,20,0,0
0,0.2,1246,21,1,0
0,0.2,1247,20,0,1
0,0.2,1248,20,0,0
0,0.2,1249,20,0,0
0,0.2,1250,20,0,0
0,0.2,1251,20,0,0
0,0.2,1252,21,1,0
0,0.2,1253,21,0,0
0,0.2,1254,21,1,1
0,0.2,1255,22,2,1
0,0.2,1256,20,0,2
0,0.2,1257,20,0,0
0,0.2,1258,21,1,0
0,0.2,1259,20,0,1
0,0.2,1260,21,1,0
0,0.2,1261,20,0,1
0,0.2,1262,20,0,0
0,0.2,1263,20,0,0
0,0.2,1264,20,0,0
0,0.2,1265,20,0,0
0,0.2,1266,20,0,0
0,0.2,1267,21,1,0
0,0.2,1268,20,0,1
0,0.2,1269,21,1,0
0,0.2,1270,20,0,1
0,0.2,1271,20,0,0
0,0.2,1272,22,2,0
0,0.2,1273,21,1,2
0,0.2,1274,21,1,1
0,0.2,1275,21,1,1
0,0.2,1276,21,1,1
0,0.2,1277,22,2,1
0,0.2,1278,21,1,2
0,0.2,1279,21,1,1
0,0.2,1280,22,1,0
0,0.2,1281,23,1,0
0,0.2,1282,20,0,3
0,0.2,1283,20,0,0
0,0.2,1284,21,1,0
0,0.2,1285,21,1,1
0,0.2,1286,23,3,1
0,0.2,1287,20,0,3
0,0.2,1288,21,1,0
0,0.2,1289,22,1,0
0,0.2,1290,20,0,2
0,0.2,1291,21,1,0
0,0.2,1292,20,0,1
0,0.2,1293,21,1,0
0,0.2,1294,20,0,1
0,0.2,1295,21,1,0
0,0.2,1296,22,1,0
0,0.2,1297,22,0,0
0,0.2,1298,23,1,0
0,0.2,1299,21,0,2
0,0.2,1300,21,1,1
0,0.2,1301,21,0,0
0,0.2,1302,20,0,1
0,0.2,1303,20,0,0
0,0.2,1304,20,0,0
0,0.2,1305,20,0,0
0,0.2,1306,21,1,0
0,0.2,1307,21,0,0
0,0.2,1308,20,0,1
0,0.2,1309,20,0,0
0,0.2,1310,20,0,0
0,0.2,1311,20,0,0
0,0.2,1312,20,0,0
0,0.2,1313,20,0,0
0,0.2,1314,20,0,0
0,0.2,1315,20,0,0
0,0.2,1316,21,1,0
0,0.2,1317,20,0,1
0,0.2,1318,20,0,0
0,0.2,1319,22,2,0
0,0.2,1320,20,0,2
0,0.2,1321,22,2,0
0,0.2,1322,20,0,2
0,0.2,1323,20,0,0
0,0.2,1324,20,0,0
0,0.2,1325,20,0,0
0,0.2,1326,20,0,0
0,0.2,1327,20,0,0
0,0.2,1328,21,1,0
0,0.2,1329,20,0,1
0,0.2,1330,20,0,0
0,0.2,1331,20,0,0
0,0.2,1332,20,0,0
0,0.2,1333,20,0,0
0,0.2,1334,20,0,0
0,0.2,1335,20,0,0
0,0.2,1336,20,0,0
0,0.2,1337,20,0,0
0,0.2,1338,20,0,0
0,0.2,1339,21,1,0
0,0.2,1340,20,0,1
0,0.2,1341,20,0,0
0,0.2,1342,20,0,0
0,0.2,1343,20,0,0
0,0.2,1344,20,0,0
0,0.2,1345,20,0,0
0,0.2,1346,20,0,0
0,0.2,1347,20,0,0
0,0.2,1348,20,0,0
0,0.2,1349,20,0,0
0,0.2,1350,20,0,0
0,0.2,1351,20,0,0
0,0.2,1352,17,0,3
0,0.2,1353,20,3,0
0,0.2,1354,20,1,1
0,0.2,1355,20,1,1
0,0.2,1356,19,1,2
0,0.2,1357,19,1,1
0,0.2,1358,19,0,0
0,0.2,1359,20,1,0
0,0.2,1360,20,0,0
0,0.2,1361,20,0,0
0,0.2,1362,20,0,0
0,0.2,1363,19,0,1
0,0.2,1364,20,1,0
0,0.2,1365,20,0,0
0,0.2,1366,20,0,0
0,0.2,1367,20,0,0
0,0.2,1368,20,0,0
0,0.2,1369,20,0,0
0,0.2,1370,20,0,0
0,0.2,1371,19,0,1
0,0.2,1372,19,0,0
0,0.2,1373,19,0,0
0,0.2,1374,20,1,0
0,0.2,1375,20,0,0
0,0.2,1376,20,0,0
0,0.2,1377,20,0,0
0,0.2,1378,20,0,0
0,0.2,1379,20,0,0
0,0.2,1380,20,0,0
0,0.2,1381,20,0,0
0,0.2,1382,20,0,0
0,0.2,1383,20,0,0
0,0.2,1384,20,0,0
0,0.2,1385,20,0,0
0,0.2,1386,20,0,0
0,0.2,1387,20,0,0
0,0.2,1388,20,0,0
0,0.2,1389,21,1,0
0,0.2,1390,20,0,1
0,0.2,1391,20,0,0
0,0.2,1392,20,0,0
0,0.2,1393,21,1,0
0,0.2,1394,20,0,1
0,0.2,1395,21,1,0
0,0.2,1396,20,0,1
0,0.2,1397,20,0,0
0,0.2,1398,20,0,0
0,0.2,1399,20,0,0
0,0.2,1400,19,0,1
0,0.2,1401,18,0,1
0,0.2,1402,19,1,0
0,0.2,1403,20,1,0
0,0.2,1404,19,0,1
0,0.2,1405,20,1,0
0,0.2,1406,20,0,0
0,0.2,1407,20,0,0
0,0.2,1408,20,0,0
0,0.2,1409,20,1,1
0,0.2,1410,20,1,1
0,0.2,1411,21,2,1
0,0.2,1412,20,0,1
0,0.2,1413,20,0,0
0,0.2,1414,19,0,1
0,0.2,1415,19,0,0
0,0.2,1416,20,1,0
0,0.2,1417,20,1,1
0,0.2,1418,22,2,0
0,0.2,1419,21,0,1
0,0.2,1420,21,0,0
0,0.2,1421,21,1,1
0,0.2,1422,19,0,2
0,0.2,1423,21,2,0
0,0.2,1424,22,2,1
0,0.2,1425,20,1,3
0,0.2,1426,21,1,0
0,0.2,1427,20,0,1
0,0.2,1428,21,1,0
0,0.2,1429,19,0,2
0,0.2,1430,20,1,0
0,0.2,1431,20,0,0
0,0.2,1432,20,0,0
0,0.2,1433,20,1,1
0,0.2,1434,20,1,1
0,0.2,1435,19,0,1
0,0.2,1436,20,1,0
0,0.2,1437,19,0,1
0,0.2,1438,20,1,0
0,0.2,1439,19,0,1
0,0.2,1440,20,1,0
0,0.2,1441,20,0,0
0,0.2,1442,20,0,0
0,0.2,1443,19,0,1
0,0.2,1444,20,1,0
0,0.2,1445,19,0,1
0,0.2,1446,20,1,0
0,0.2,1447,20,0,0
0,0.2,1448,20,0,0
0,0.2,1449,20,0,0
0,0.2,1450,20,0,0
0,0.2,1451,19,0,1
0,0.2,1452,20,1,0
0,0.2,1453,20,0,0
0,0.2,1454,19,0,1
0,0.2,1455,20,1,0
0,0.2,1456,21,2,1
0,0.2,1457,20,1,2
0,0.2,1458,20,0,0
0,0.2,1459,21,1,0
0,0.2,1460,19,0,2
0,0.2,1461,19,0,0
0,0.2,1462,19,0,0
0,0.2,1463,19,0,0
0,0.2,1464,19,0,0
0,0.2,1465,19,0,0
0,0.2,1466,19,0,0
0,0.2,1467,19,0,0
0,0.2,1468,20,1,0
0,0.2,1469,20,1,1
0,0.2,1470,21,2,1
0,0.2,1471,19,0,2
0,0.2,1472,19,0,0
0,0.2,1473,19,0,0
0,0.2,1474,19,0,0
0,0.2,1475,19,0,0
0,0.2,1476,20,1,0
0,0.2,1477,19,0,1
0,0.2,1478,19,0,0
0,0.2,1479,19,0,0
0,0.2,1480,19,0,0
0,0.2,1481,19,0,0
0,0.2,1482,19,0,0
0,0.2,1483,18,0,1
0,0.2,1484,20,2,0
0,0.2,1485,19,0,1
0,0.2,1486,19,0,0
0,0.2,1487,20,1,0
0,0.2,1488,20,1,1
0,0.2,1489,19,0,1
0,0.2,1490,19,0,0
0,0.2,1491,19,0,0
0,0.2,1492,19,0,0
0,0.2,1493,19,0,0
0,0.2,1494,19,0,0
0,0.2,1495,19,0,0
0,0.2,1496,20,1,0
0,0.2,1497,19,0,1
0,0.2,1498,20,1,0
0,0.2,1499,19,0,1
0,0.2,1500,19,0,0
1,0.05,0,3,0,0
1,0.05,1,23,23,3
1,0.05,2,26,15,12
1,0.05,3,16,13,23
1,0.05,4,23,20,13
1,0.05,5,22,17,18
1,0.05,6,42,31,11
1,0.05,7,28,10,24
1,0.05,8,25,15,18
1,0.05,9,4,2,23
1,0.05,10,27,25,2
1,0.05,11,31,17,13
1,0.05,12,32,13,12
1,0.05,13,39,16,9
1,0.05,14,28,9,20
1,0.05,15,36,23,15
1,0.05,16,49,25,12
1,0.05,17,40,13,22
1,0.05,18,51,18,7
1,0.05,19,45,7,13
1,0.05,20,47,10,8
1,0.05,21,41,8,14
1,0.05,22,61,20,0
1,0.05,23,59,4,6
1,0.05,24,57,3,5
1,0.05,25,46,4,15
1,0.05,26,51,12,7
1,0.05,27,41,7,17
1,0.05,28,59,19,1
1,0.05,29,58,1,2
1,0.05,30,57,0,1
1,0.05,31,55,1,3
1,0.05,32,50,0,5
1,0.05,33,51,2,1
1,0.05,34,23,0,28
1,0.05,35,37,19,5
1,0.05,36,45,10,2
1,0.05,37,32,5,18
1,0.05,38,28,9,13
1,0.05,39,37,13,4
1,0.05,40,17,4,24
1,0.05,41,20,12,9
1,0.05,42,38,22,4
1,0.05,43,16,2,24
1,0.05,44,34,21,3
1,0.05,45,42,14,6
1,0.05,46,40,5,7
1,0.05,47,35,5,10
1,0.05,48,37,9,7
1,0.05,49,31,4,10
1,0.05,50,29,1,3
1,0.05,51,36,9,2
1,0.05,52,32,5,9
1,0.05,53,36,6,2
1,0.05,54,32,1,5
1,0.05,55,37,10,5
1,0.05,56,37,6,6
1,0.05,57,30,5,12
1,0.05,58,33,8,5
1,0.05,59,38,8,3
1,0.05,60,36,1,3
1,0.05,61,39,4,1
1,0.05,62,31,0,8
1,0.05,63,35,6,2
1,0.05,64,37,3,1
1,0.05,65,37,3,3
1,0.05,66,34,3,6
1,0.05,67,32,6,8
1,0.05,68,35,7,4
1,0.05,69,36,2,1
1,0.05,70,36,0,0
1,0.05,71,38,2,0
1,0.05,72,39,2,1
1,0.05,73,37,0,2
1,0.05,74,37,3,3
1,0.05,75,32,1,6
1,0.05,76,36,4,0
1,0.05,77,33,2,5
1,0.05,78,35,3,1
1,0.05,79,30,1,6
1,0.05,80,30,2,2
1,0.05,81,28,5,7
1,0.05,82,29,7,6
1,0.05,83,37,10,2
1,0.05,84,29,2,10
1,0.05,85,34,6,1
1,0.05,86,28,4,10
1,0.05,87,33,9,4
1,0.05,88,34,2,1
1,0.05,89,30,1,5
1,0.05,90,33,5,2
1,0.05,91,27,3,9
1,0.05,92,28,5,4
1,0.05,93,24,6,10
1,0.05,94,31,11,4
1,0.05,95,28,6,9
1,0.05,96,28,9,9
1,0.05,97,30,7,5
1,0.05,98,30,4,4
1,0.05,99,36,6,0
1,0.05,100,33,2,5
1,0.05,101,32,3,4
1,0.05,102,26,2,8
1,0.05,103,27,3,2
1,0.05,104,28,4,3
1,0.05,105,31,4,1
1,0.05,106,33,4,2
1,0.05,107,32,3,4
1,0.05,108,25,1,8
1,0.05,109,33,9,1
1,0.05,110,33,2,2
1,0.05,111,29,1,5
1,0.05,112,24,4,9
1,0.05,113,22,4,6
1,0.05,114,30,9,1
1,0.05,115,30,3,3
1,0.05,116,31,3,2
1,0.05,117,32,2,1
1,0.05,118,32,2,2
1,0.05,119,31,2,3
1,0.05,120,25,0,6
1,0.05,121,31,6,0
1,0.05,122,27,1,5
1,0.05,123,26,1,2
1,0.05,124,30,4,0
1,0.05,125,32,2,0
1,0.05,126,30,0,2
1,0.05,127,31,1,0
1,0.05,128,30,0,1
1,0.05,129,32,2,0
1,0.05,130,33,2,1
1,0.05,131,32,1,2
1,0.05,132,30,0,2
1,0.05,133,31,1,0
1,0.05,134,31,1,1
1,0.05,135,31,0,0
1,0.05,136,31,0,0
1,0.05,137,32,1,0
1,0.05,138,31,0,1
1,0.05,139,31,0,0
1,0.05,140,32,1,0
1,0.05,141,31,0,1
1,0.05,142,31,0,0
1,0.05,143,32,1,0
1,0.05,144,30,0,2
1,0.05,145,28,0,2
1,0.05,146,30,2,0
1,0.05,147,31,1,0
1,0.05,148,31,0,0
1,0.05,149,28,0,3
1,0.05,150,30,2,0
1,0.05,151,28,2,4
1,0.05,152,28,2,2
1,0.05,153,28,0,0
1,0.05,154,26,0,2
1,0.05,155,28,2,0
1,0.05,156,30,2,0
1,0.05,157,29,1,2
1,0.05,158,29,2,2
1,0.05,159,30,2,1
1,0.05,160,25,0,5
1,0.05,161,20,0,5
1,0.05,162,23,8,5
1,0.05,163,30,8,1
1,0.05,164,20,0,10
1,0.05,165,26,6,0
1,0.05,166,28,3,1
1,0.05,167,17,0,11
1,0.05,168,22,5,0
1,0.05,169,20,4,6
1,0.05,170,29,10,1
1,0.05,171,20,0,9
1,0.05,172,20,2,2
1,0.05,173,26,6,0
1,0.05,174,26,0,0
1,0.05,175,17,0,9
1,0.05,176,21,4,0
1,0.05,177,26,5,0
1,0.05,178,26,0,0
1,0.05,179,27,1,0
1,0.05,180,29,2,0
1,0.05,181,20,0,9
1,0.05,182,23,6,3
1,0.05,183,23,3,3
1,0.05,184,24,4,3
1,0.05,185,15,1,10
1,0.05,186,25,10,0
1,0.05,187,23,2,4
1,0.05,188,25,2,0
1,0.05,189,23,0,2
1,0.05,190,22,1,2
1,0.05,191,25,4,1
1,0.05,192,21,2,6
1,0.05,193,23,4,2
1,0.05,194,23,2,2
1,0.05,195,19,0,4
1,0.05,196,13,2,8
1,0.05,197,23,11,1
1,0.05,198,20,0,3
1,0.05,199,11,0,9
1,0.05,200,16,5,0
1,0.05,201,17,2,1
1,0.05,202,19,4,2
1,0.05,203,18,4,5
1,0.05,204,19,4,3
1,0.05,205,22,3,0
1,0.05,206,21,0,1
1,0.05,207,19,1,3
1,0.05,208,19,1,1
1,0.05,209,21,2,0
1,0.05,210,20,0,1
1,0.05,211,21,1,0
1,0.05,212,20,1,2
1,0.05,213,20,1,1
1,0.05,214,21,2,1
1,0.05,215,18,0,3
1,0.05,216,21,3,0
1,0.05,217,20,1,2
1,0.05,218,22,2,0
1,0.05,219,20,0,2
1,0.05,220,18,1,3
1,0.05,221,19,1,0
1,0.05,222,21,2,0
1,0.05,223,22,1,0
1,0.05,224,20,0,2
1,0.05,225,19,0,1
1,0.05,226,20,1,0
1,0.05,227,21,1,0
1,0.05,228,20,0,1
1,0.05,229,19,0,1
1,0.05,230,20,1,0
1,0.05,231,21,2,1
1,0.05,232,20,0,1
1,0.05,233,21,1,0
1,0.05,234,19,0,2
1,0.05,235,20,1,0
1,0.05,236,21,1,0
1,0.05,237,21,1,1
1,0.05,238,21,0,0
1,0.05,239,21,0,0
1,0.05,240,22,1,0
1,0.05,241,21,0,1
1,0.05,242,22,1,0
1,0.05,243,23,1,0
1,0.05,244,22,0,1
1,0.05,245,22,0,0
1,0.05,246,22,0,0
1,0.05,247,22,0,0
1,0.05,248,21,0,1
1,0.05,249,22,1,0
1,0.05,250,21,0,1
1,0.05,251,22,1,0
1,0.05,252,21,0,1
1,0.05,253,22,1,0
1,0.05,254,21,0,1
1,0.05,255,22,1,0
1,0.05,256,21,0,1
1,0.05,257,21,0,0
1,0.05,258,21,0,0
1,0.05,259,21,0,0
1,0.05,260,21,0,0
1,0.05,261,21,0,0
1,0.05,262,21,0,0
1,0.05,263,18,0,3
1,0.05,264,19,1,0
1,0.05,265,20,1,0
1,0.05,266,20,0,0
1,0.05,267,20,0,0
1,0.05,268,18,0,2
1,0.05,269,15,0,3
1,0.05,270,18,3,0
1,0.05,271,20,2,0
1,0.05,272,8,0,12
1,0.05,273,15,7,0
1,0.05,274,18,3,0
1,0.05,275,17,0,1
1,0.05,276,18,1,0
1,0.05,277,18,1,1
1,0.05,278,18,1,1
1,0.05,279,18,1,1
1,0.05,280,18,1,1
1,0.05,281,17,2,3
1,0.05,282,18,3,2
1,0.05,283,18,0,0
1,0.05,284,16,0,2
1,0.05,285,18,2,0
1,0.05,286,19,1,0
1,0.05,287,15,0,4
1,0.05,288,17,2,0
1,0.05,289,20,3,0
1,0.05,290,20,0,0
1,0.05,291,20,0,0
1,0.05,292,20,1,1
1,0.05,293,13,0,7
1,0.05,294,16,4,1
1,0.05,295,8,1,9
1,0.05,296,16,8,0
1,0.05,297,16,0,0
1,0.05,298,16,0,0
1,0.05,299,16,0,0
1,0.05,300,16,0,0
1,0.05,301,15,0,1
1,0.05,302,18,3,0
1,0.05,303,17,0,1
1,0.05,304,17,0,0
1,0.05,305,16,1,2
1,0.05,306,16,0,0
1,0.05,307,17,1,0
1,0.05,308,18,1,0
1,0.05,309,18,0,0
1,0.05,310,18,0,0
1,0.05,311,18,0,0
1,0.05,312,17,0,1
1,0.05,313,18,1,0
1,0.05,314,18,0,0
1,0.05,315,18,0,0
1,0.05,316,17,0,1
1,0.05,317,16,0,1
1,0.05,318,18,2,0
1,0.05,319,16,0,2
1,0.05,320,17,1,0
1,0.05,321,16,0,1
1,0.05,322,17,1,0
1,0.05,323,17,0,0
1,0.05,324,16,0,1
1,0.05,325,18,2,0
1,0.05,326,18,0,0
1,0.05,327,17,0,1
1,0.05,328,18,1,0
1,0.05,329,18,0,0
1,0.05,330,18,0,0
1,0.05,331,18,0,0
1,0.05,332,18,0,0
1,0.05,333,19,1,0
1,0.05,334,18,0,1
1,0.05,335,18,0,0
1,0.05,336,18,0,0
1,0.05,337,18,0,0
1,0.05,338,18,0,0
1,0.05,339,18,0,0
1,0.05,340,18,0,0
1,0.05,341,18,0,0
1,0.05,342,18,0,0
1,0.05,343,18,0,0
1,0.05,344,18,0,0
1,0.05,345,18,0,0
1,0.05,346,18,0,0
1,0.05,347,18,0,0
1,0.05,348,17,0,1
1,0.05,349,17,0,0
1,0.05,350,18,1,0
1,0.05,351,18,0,0
1,0.05,352,18,0,0
1,0.05,353,18,0,0
1,0.05,354,18,0,0
1,0.05,355,18,0,0
1,0.05,356,18,0,0
1,0.05,357,18,0,0
1,0.05,358,18,0,0
1,0.05,359,19,1,0
1,0.05,360,18,0,1
1,0.05,361,18,0,0
1,0.05,362,18,0,0
1,0.05,363,18,0,0
1,0.05,364,17,0,1
1,0.05,365,18,1,0
1,0.05,366,18,0,0
1,0.05,367,18,0,0
1,0.05,368,18,0,0
1,0.05,369,18,0,0
1,0.05,370,18,0,0
1,0.05,371,18,0,0
1,0.05,372,17,0,1
1,0.05,373,18,1,0
1,0.05,374,18,0,0
1,0.05,375,17,0,1
1,0.05,376,18,1,0
1,0.05,377,18,0,0
1,0.05,378,18,0,0
1,0.05,379,18,0,0
1,0.05,380,18,0,0
1,0.05,381,17,0,1
1,0.05,382,17,1,1
1,0.05,383,19,2,0
1,0.05,384,15,0,4
1,0.05,385,17,2,0
1,0.05,386,16,1,2
1,0.05,387,18,2,0
1,0.05,388,11,0,7
1,0.05,389,14,3,0
1,0.05,390,12,0,2
1,0.05,391,13,2,1
1,0.05,392,16,3,0
1,0.05,393,17,1,0
1,0.05,394,15,1,3
1,0.05,395,14,1,2
1,0.05,396,14,2,2
1,0.05,397,14,1,1
1,0.05,398,13,1,2
1,0.05,399,14,1,0
1,0.05,400,14,1,1
1,0.05,401,10,1,5
1,0.05,402,14,5,1
1,0.05,403,15,1,0
1,0.05,404,11,0,4
1,0.05,405,16,5,0
1,0.05,406,14,0,2
1,0.05,407,16,2,0
1,0.05,408,15,2,3
1,0.05,409,15,2,2
1,0.05,410,15,1,1
1,0.05,411,16,1,0
1,0.05,412,16,0,0
1,0.05,413,16,0,0
1,0.05,414,14,0,2
1,0.05,415,16,2,0
1,0.05,416,17,1,0
1,0.05,417,18,1,0
1,0.05,418,16,0,2
1,0.05,419,17,1,0
1,0.05,420,17,1,1
1,0.05,421,15,0,2
1,0.05,422,15,0,0
1,0.05,423,15,0,0
1,0.05,424,15,0,0
1,0.05,425,16,1,0
1,0.05,426,16,0,0
1,0.05,427,16,0,0
1,0.05,428,16,0,0
1,0.05,429,16,0,0
1,0.05,430,16,0,0
1,0.05,431,16,0,0
1,0.05,432,16,0,0
1,0.05,433,16,0,0
1,0.05,434,17,1,0
1,0.05,435,16,0,1
1,0.05,436,16,0,0
1,0.05,437,16,0,0
1,0.05,438,16,0,0
1,0.05,439,16,0,0
1,0.05,440,16,0,0
1,0.05,441,16,0,0
1,0.05,442,16,0,0
1,0.05,443,16,0,0
1,0.05,444,16,0,0
1,0.05,445,16,0,0
1,0.05,446,16,0,0
1,0.05,447,16,0,0
1,0.05,448,16,0,0
1,0.05,449,16,0,0
1,0.05,450,16,0,0
1,0.05,451,16,0,0
1,0.05,452,16,0,0
1,0.05,453,16,0,0
1,0.05,454,16,0,0
1,0.05,455,16,0,0
1,0.05,456,16,0,0
1,0.05,457,16,0,0
1,0.05,458,16,0,0
1,0.05,459,16,0,0
1,0.05,460,16,0,0
1,0.05,461,16,0,0
1,0.05,462,16,0,0
1,0.05,463,16,0,0
1,0.05,464,16,0,0
1,0.05,465,16,0,0
1,0.05,466,16,0,0
1,0.05,467,16,0,0
1,0.05,468,16,0,0
1,0.05,469,14,0,2
1,0.05,470,16,2,0
1,0.05,471,16,0,0
1,0.05,472,16,0,0
1,0.05,473,16,0,0
1,0.05,474,16,0,0
1,0.05,475,16,0,0
1,0.05,476,17,1,0
1,0.05,477,16,0,1
1,0.05,478,16,0,0
1,0.05,479,16,0,0
1,0.05,480,16,0,0
1,0.05,481,16,0,0
1,0.05,482,16,0,0
1,0.05,483,16,0,0
1,0.05,484,16,0,0
1,0.05,485,16,0,0
1,0.05,486,16,0,0
1,0.05,487,16,0,0
1,0.05,488,16,0,0
1,0.05,489,16,0,0
1,0.05,490,16,0,0
1,0.05,491,16,0,0
1,0.05,492,16,0,0
1,0.05,493,16,0,0
1,0.05,494,16,0,0
1,0.05,495,16,0,0
1,0.05,496,16,0,0
1,0.05,497,16,0,0
1,0.05,498,16,0,0
1,0.05,499,16,0,0
1,0.05,500,16,0,0
1,0.05,501,16,0,0
1,0.05,502,16,0,0
1,0.05,503,16,0,0
1,0.05,504,16,0,0
1,0.05,505,16,0,0
1,0.05,506,16,0,0
1,0.05,507,16,0,0
1,0.05,508,16,0,0
1,0.05,509,16,0,0
1,0.05,510,16,0,0
1,0.05,511,16,0,0
1,0.05,512,16,0,0
1,0.05,513,16,0,0
1,0.05,514,16,0,0
1,0.05,515,16,0,0
1,0.05,516,16,0,0
1,0.05,517,16,0,0
1,0.05,518,16,0,0
1,0.05,519,16,0,0
1,0.05,520,16,0,0
1,0.05,521,16,0,0
1,0.05,522,16,0,0
1,0.05,523,16,0,0
1,0.05,524,16,0,0
1,0.05,525,16,0,0
1,0.05,526,16,0,0
1,0.05,527,16,0,0
1,0.05,528,16,0,0
1,0.05,529,16,0,0
1,0.05,530,16,0,0
1,0.05,531,17,1,0
1,0.05,532,16,0,1
1,0.05,533,16,0,0
1,0.05,534,16,0,0
1,0.05,535,16,0,0
1,0.05,536,16,0,0
1,0.05,537,16,0,0
1,0.05,538,16,0,0
1,0.05,539,16,0,0
1,0.05,540,16,0,0
1,0.05,541,16,0,0
1,0.05,542,16,0,0
1,0.05,543,16,0,0
1,0.05,544,16,0,0
1,0.05,545,16,0,0
1,0.05,546,16,0,0
1,0.05,547,16,0,0
1,0.05,548,16,0,0
1,0.05,549,16,0,0
1,0.05,550,16,0,0
1,0.05,551,16,0,0
1,0.05,552,16,0,0
1,0.05,553,16,0,0
1,0.05,554,16,0,0
1,0.05,555,16,0,0
1,0.05,556,16,0,0
1,0.05,557,16,0,0
1,0.05,558,16,0,0
1,0.05,559,16,0,0
1,0.05,560,16,0,0
1,0.05,561,7,0,9
1,0.05,562,9,2,0
1,0.05,563,15,6,0
1,0.05,564,14,1,2
1,0.05,565,10,0,4
1,0.05,566,6,0,4
1,0.05,567,14,8,0
1,0.05,568,13,0,1
1,0.05,569,16,3,0
1,0.05,570,15,0,1
1,0.05,571,14,0,1
1,0.05,572,14,1,1
1,0.05,573,14,0,0
1,0.05,574,13,0,1
1,0.05,575,13,0,0
1,0.05,576,14,1,0
1,0.05,577,17,3,0
1,0.05,578,14,0,3
1,0.05,579,14,1,1
1,0.05,580,13,1,2
1,0.05,581,13,0,0
1,0.05,582,16,3,0
1,0.05,583,15,0,1
1,0.05,584,14,0,1
1,0.05,585,12,0,2
1,0.05,586,14,2,0
1,0.05,587,14,0,0
1,0.05,588,14,0,0
1,0.05,589,13,0,1
1,0.05,590,13,1,1
1,0.05,591,15,2,0
1,0.05,592,14,0,1
1,0.05,593,15,1,0
1,0.05,594,14,0,1
1,0.05,595,13,0,1
1,0.05,596,15,2,0
1,0.05,597,14,0,1
1,0.05,598,14,0,0
1,0.05,599,14,0,0
1,0.05,600,15,1,0
1,0.05,601,15,0,0
1,0.05,602,15,0,0
1,0.05,603,16,1,0
1,0.05,604,14,0,2
1,0.05,605,14,1,1
1,0.05,606,15,1,0
1,0.05,607,15,0,0
1,0.05,608,15,0,0
1,0.05,609,15,1,1
1,0.05,610,15,1,1
1,0.05,611,16,1,0
1,0.05,612,15,0,1
1,0.05,613,16,1,0
1,0.05,614,15,0,1
1,0.05,615,15,0,0
1,0.05,616,15,0,0
1,0.05,617,15,0,0
1,0.05,618,15,0,0
1,0.05,619,15,0,0
1,0.05,620,15,0,0
1,0.05,621,14,0,1
1,0.05,622,14,0,0
1,0.05,623,14,0,0
1,0.05,624,15,1,0
1,0.05,625,14,0,1
1,0.05,626,14,0,0
1,0.05,627,16,2,0
1,0.05,628,15,0,1
1,0.05,629,15,0,0
1,0.05,630,16,1,0
1,0.05,631,16,0,0
1,0.05,632,15,0,1
1,0.05,633,14,0,1
1,0.05,634,14,0,0
1,0.05,635,15,1,0
1,0.05,636,15,0,0
1,0.05,637,15,0,0
1,0.05,638,16,1,0
1,0.05,639,15,0,1
1,0.05,640,15,0,0
1,0.05,641,15,0,0
1,0.05,642,15,0,0
1,0.05,643,16,1,0
1,0.05,644,15,0,1
1,0.05,645,15,0,0
1,0.05,646,14,0,1
1,0.05,647,15,1,0
1,0.05,648,15,0,0
1,0.05,649,15,0,0
1,0.05,650,15,0,0
1,0.05,651,15,0,0
1,0.05,652,15,0,0
1,0.05,653,15,0,0
1,0.05,654,16,1,0
1,0.05,655,15,0,1
1,0.05,656,15,0,0
1,0.05,657,14,0,1
1,0.05,658,13,0,1
1,0.05,659,15,2,0
1,0.05,660,15,0,0
1,0.05,661,15,0,0
1,0.05,662,15,0,0
1,0.05,663,15,0,0
1,0.05,664,15,0,0
1,0.05,665,15,0,0
1,0.05,666,15,0,0
1,0.05,667,15,0,0
1,0.05,668,15,0,0
1,0.05,669,15,0,0
1,0.05,670,16,1,0
1,0.05,671,15,0,1
1,0.05,672,15,0,0
1,0.05,673,15,0,0
1,0.05,674,16,1,0
1,0.05,675,16,0,0
1,0.05,676,16,0,0
1,0.05,677,15,0,1
1,0.05,678,15,0,0
1,0.05,679,13,0,2
1,0.05,680,15,2,0
1,0.05,681,16,1,0
1,0.05,682,14,0,2
1,0.05,683,15,1,0
1,0.05,684,15,0,0
1,0.05,685,15,0,0
1,0.05,686,16,1,0
1,0.05,687,15,0,1
1,0.05,688,15,0,0
1,0.05,689,16,1,0
1,0.05,690,15,0,1
1,0.05,691,15,0,0
1,0.05,692,15,0,0
1,0.05,693,15,0,0
1,0.05,694,15,0,0
1,0.05,695,15,0,0
1,0.05,696,15,0,0
1,0.05,697,15,0,0
1,0.05,698,15,0,0
1,0.05,699,15,0,0
1,0.05,700,15,0,0
1,0.05,701,15,0,0
1,0.05,702,15,0,0
1,0.05,703,15,0,0
1,0.05,704,15,0,0
1,0.05,705,15,0,0
1,0.05,706,15,0,0
1,0.05,707,15,0,0
1,0.05,708,15,0,0
1,0.05,709,15,0,0
1,0.05,710,15,0,0
1,0.05,711,14,0,1
1,0.05,712,15,1,0
1,0.05,713,15,0,0
1,0.05,714,15,0,0
1,0.05,715,15,0,0
1,0.05,716,15,0,0
1,0.05,717,15,0,0
1,0.05,718,15,0,0
1,0.05,719,15,0,0
1,0.05,720,15,0,0
1,0.05,721,15,0,0
1,0.05,722,15,0,0
1,0.05,723,15,0,0
1,0.05,724,15,0,0
1,0.05,725,16,1,0
1,0.05,726,15,0,1
1,0.05,727,15,0,0
1,0.05,728,16,1,0
1,0.05,729,15,0,1
1,0.05,730,15,0,0
1,0.05,731,15,0,0
1,0.05,732,15,0,0
1,0.05,733,15,0,0
1,0.05,734,15,0,0
1,0.05,735,15,0,0
1,0.05,736,15,0,0
1,0.05,737,15,0,0
1,0.05,738,15,0,0
1,0.05,739,15,0,0
1,0.05,740,15,0,0
1,0.05,741,15,0,0
1,0.05,742,15,0,0
1,0.05,743,15,0,0
1,0.05,744,15,0,0
1,0.05,745,15,0,0
1,0.05,746,15,0,0
1,0.05,747,15,0,0
1,0.05,748,15,0,0
1,0.05,749,15,0,0
1,0.05,750,15,0,0
1,0.05,751,16,1,0
1,0.05,752,16,1,1
1,0.05,753,15,0,1
1,0.05,754,15,0,0
1,0.05,755,15,0,0
1,0.05,756,15,0,0
1,0.05,757,16,1,0
1,0.05,758,15,0,1
1,0.05,759,15,0,0
1,0.05,760,11,0,4
1,0.05,761,15,4,0
1,0.05,762,15,0,0
1,0.05,763,15,0,0
1,0.05,764,16,1,0
1,0.05,765,15,0,1
1,0.05,766,15,0,0
1,0.05,767,15,0,0
1,0.05,768,15,0,0
1,0.05,769,15,0,0
1,0.05,770,15,0,0
1,0.05,771,15,0,0
1,0.05,772,15,0,0
1,0.05,773,15,0,0
1,0.05,774,15,0,0
1,0.05,775,15,0,0
1,0.05,776,15,0,0
1,0.05,777,15,0,0
1,0.05,778,15,0,0
1,0.05,779,15,0,0
1,0.05,780,15,0,0
1,0.05,781,15,0,0
1,0.05,782,15,0,0
1,0.05,783,15,0,0
1,0.05,784,15,0,0
1,0.05,785,15,0,0
1,0.05,786,15,0,0
1,0.05,787,15,0,0
1,0.05,788,15,0,0
1,0.05,789,15,0,0
1,0.05,790,15,0,0
1,0.05,791,15,0,0
1,0.05,792,15,0,0
1,0.05,793,15,0,0
1,0.05,794,16,1,0
1,0.05,795,15,0,1
1,0.05,796,15,0,0
1,0.05,797,15,0,0
1,0.05,798,15,0,0
1,0.05,799,15,0,0
1,0.05,800,15,0,0
1,0.05,801,15,0,0
1,0.05,802,15,0,0
1,0.05,803,15,0,0
1,0.05,804,15,0,0
1,0.05,805,15,0,0
1,0.05,806,15,0,0
1,0.05,807,15,0,0
1,0.05,808,15,0,0
1,0.05,809,15,0,0
1,0.05,810,15,0,0
1,0.05,811,15,0,0
1,0.05,812,16,1,0
1,0.05,813,15,0,1
1,0.05,814,15,0,0
1,0.05,815,15,0,0
1,0.05,816,15,0,0
1,0.05,817,16,1,0
1,0.05,818,15,0,1
1,0.05,819,15,0,0
1,0.05,820,15,0,0
1,0.05,821,15,0,0
1,0.05,822,15,0,0
1,0.05,823,15,0,0
1,0.05,824,15,0,0
1,0.05,825,15,0,0
1,0.05,826,15,0,0
1,0.05,827,15,0,0
1,0.05,828,15,0,0
1,0.05,829,15,0,0
1,0.05,830,15,0,0
1,0.05,831,15,0,0
1,0.05,832,16,1,0
1,0.05,833,15,0,1
1,0.05,834,15,0,0
1,0.05,835,15,0,0
1,0.05,836,15,0,0
1,0.05,837,15,0,0
1,0.05,838,15,0,0
1,0.05,839,15,0,0
1,0.05,840,15,0,0
1,0.05,841,15,0,0
1,0.05,842,15,0,0
1,0.05,843,15,0,0
1,0.05,844,15,0,0
1,0.05,845,15,0,0
1,0.05,846,15,0,0
1,0.05,847,15,0,0
1,0.05,848,15,0,0
1,0.05,849,15,0,0
1,0.05,850,15,0,0
1,0.05,851,15,0,0
1,0.05,852,15,0,0
1,0.05,853,15,0,0
1,0.05,854,15,0,0
1,0.05,855,15,0,0
1,0.05,856,15,0,0
1,0.05,857,15,0,0
1,0.05,858,15,0,0
1,0.05,859,15,0,0
1,0.05,860,15,0,0
1,0.05,861,15,0,0
1,0.05,862,15,0,0
1,0.05,863,15,0,0
1,0.05,864,15,0,0
1,0.05,865,15,0,0
1,0.05,866,15,0,0
1,0.05,867,15,0,0
1,0.05,868,15,0,0
1,0.05,869,15,0,0
1,0.05,870,15,0,0
1,0.05,871,15,0,0
1,0.05,872,15,0,0
1,0.05,873,15,0,0
1,0.05,874,15,0,0
1,0.05,875,15,0,0
1,0.05,876,15,0,0
1,0.05,877,15,0,0
1,0.05,878,15,0,0
1,0.05,879,15,0,0
1,0.05,880,15,0,0
1,0.05,881,15,0,0
1,0.05,882,15,0,0
1,0.05,883,15,0,0
1,0.05,884,15,0,0
1,0.05,885,15,0,0
1,0.05,886,15,0,0
1,0.05,887,15,0,0
1,0.05,888,15,0,0
1,0.05,889,15,0,0
1,0.05,890,15,0,0
1,0.05,891,15,0,0
1,0.05,892,15,0,0
1,0.05,893,15,0,0
1,0.05,894,15,0,0
1,0.05,895,15,0,0
1,0.05,896,15,0,0
1,0.05,897,15,0,0
1,0.05,898,15,0,0
1,0.05,899,15,0,0
1,0.05,900,15,0,0
1,0.05,901,15,0,0
1,0.05,902,15,0,0
1,0.05,903,15,0,0
1,0.05,904,15,0,0
1,0.05,905,15,0,0
1,0.05,906,15,0,0
1,0.05,907,15,0,0
1,0.05,908,15,0,0
1,0.05,909,15,0,0
1,0.05,910,15,0,0
1,0.05,911,15,0,0
1,0.05,912,15,0,0
1,0.05,913,15,0,0
1,0.05,914,15,0,0
1,0.05,915,15,0,0
1,0.05,916,15,0,0
1,0.05,917,15,0,0
1,0.05,918,15,0,0
1,0.05,919,15,0,0
1,0.05,920,15,0,0
1,0.05,921,15,0,0
1,0.05,922,15,0,0
1,0.05,923,15,0,0
1,0.05,924,15,0,0
1,0.05,925,15,0,0
1,0.05,926,15,0,0
1,0.05,927,15,0,0
1,0.05,928,15,0,0
1,0.05,929,15,0,0
1,0.05,930,15,0,0
1,0.05,931,15,0,0
1,0.05,932,15,0,0
1,0.05,933,15,0,0
1,0.05,934,16,1,0
1,0.05,935,15,0,1
1,0.05,936,15,0,0
1,0.05,937,15,0,0
1,0.05,938,15,0,0
1,0.05,939,15,0,0
1,0.05,940,15,0,0
1,0.05,941,15,0,0
1,0.05,942,15,0,0
1,0.05,943,15,0,0
1,0.05,944,15,0,0
1,0.05,945,15,0,0
1,0.05,946,15,0,0
1,0.05,947,15,0,0
1,0.05,948,15,0,0
1,0.05,949,16,1,0
1,0.05,950,15,0,1
1,0.05,951,15,0,0
1,0.05,952,15,0,0
1,0.05,953,15,0,0
1,0.05,954,15,0,0
1,0.05,955,16,1,0
1,0.05,956,15,0,1
1,0.05,957,15,0,0
1,0.05,958,15,0,0
1,0.05,959,16,1,0
1,0.05,960,17,1,0
1,0.05,961,15,0,2
1,0.05,962,16,1,0
1,0.05,963,16,1,1
1,0.05,964,15,0,1
1,0.05,965,16,1,0
1,0.05,966,17,2,1
1,0.05,967,16,0,1
1,0.05,968,16,0,0
1,0.05,969,15,0,1
1,0.05,970,16,1,0
1,0.05,971,15,0,1
1,0.05,972,16,1,0
1,0.05,973,15,0,1
1,0.05,974,15,0,0
1,0.05,975,17,2,0
1,0.05,976,16,0,1
1,0.05,977,17,1,0
1,0.05,978,16,0,1
1,0.05,979,16,0,0
1,0.05,980,17,1,0
1,0.05,981,17,1,1
1,0.05,982,16,0,1
1,0.05,983,16,0,0
1,0.05,984,16,0,0
1,0.05,985,17,1,0
1,0.05,986,16,0,1
1,0.05,987,17,1,0
1,0.05,988,16,0,1
1,0.05,989,17,1,0
1,0.05,990,16,0,1
1,0.05,991,16,0,0
1,0.05,992,16,0,0
1,0.05,993,16,0,0
1,0.05,994,16,0,0
1,0.05,995,16,0,0
1,0.05,996,16,0,0
1,0.05,997,16,0,0
1,0.05,998,16,0,0
1,0.05,999,16,0,0
1,0.05,1000,16,0,0
1,0.05,1001,16,0,0
1,0.05,1002,16,0,0
1,0.05,1003,16,0,0
1,0.05,1004,16,0,0
1,0.05,1005,16,0,0
1,0.05,1006,16,0,0
1,0.05,1007,16,0,0
1,0.05,1008,16,0,0
1,0.05,1009,16,0,0
1,0.05,1010,16,0,0
1,0.05,1011,16,0,0
1,0.05,1012,16,0,0
1,0.05,1013,16,0,0
1,0.05,1014,16,0,0
1,0.05,1015,17,1,0
1,0.05,1016,16,0,1
1,0.05,1017,16,0,0
1,0.05,1018,16,0,0
1,0.05,1019,16,0,0
1,0.05,1020,16,0,0
1,0.05,1021,16,0,0
1,0.05,1022,16,0,0
1,0.05,1023,16,0,0
1,0.05,1024,17,1,0
1,0.05,1025,17,0,0
1,0.05,1026,16,0,1
1,0.05,1027,16,0,0
1,0.05,1028,16,0,0
1,0.05,1029,17,1,0
1,0.05,1030,17,1,1
1,0.05,1031,17,1,1
1,0.05,1032,16,0,1
1,0.05,1033,17,1,0
1,0.05,1034,16,0,1
1,0.05,1035,16,0,0
1,0.05,1036,16,0,0
1,0.05,1037,16,0,0
1,0.05,1038,16,0,0
1,0.05,1039,16,0,0
1,0.05,1040,16,0,0
1,0.05,1041,17,1,0
1,0.05,1042,16,0,1
1,0.05,1043,17,1,0
1,0.05,1044,16,0,1
1,0.05,1045,16,0,0
1,0.05,1046,15,0,1
1,0.05,1047,16,1,0
1,0.05,1048,16,0,0
1,0.05,1049,16,0,0
1,0.05,1050,15,0,1
1,0.05,1051,16,1,0
1,0.05,1052,16,0,0
1,0.05,1053,16,0,0
1,0.05,1054,16,0,0
1,0.05,1055,16,0,0
1,0.05,1056,16,0,0
1,0.05,1057,16,0,0
1,0.05,1058,16,0,0
1,0.05,1059,16,0,0
1,0.05,1060,16,0,0
1,0.05,1061,17,1,0
1,0.05,1062,16,0,1
1,0.05,1063,16,0,0
1,0.05,1064,16,0,0
1,0.05,1065,16,0,0
1,0.05,1066,17,1,0
1,0.05,1067,17,0,0
1,0.05,1068,17,0,0
1,0.05,1069,17,0,0
1,0.05,1070,17,0,0
1,0.05,1071,17,0,0
1,0.05,1072,17,0,0
1,0.05,1073,17,0,0
1,0.05,1074,17,0,0
1,0.05,1075,17,0,0
1,0.05,1076,17,0,0
1,0.05,1077,17,0,0
1,0.05,1078,17,0,0
1,0.05,1079,17,0,0
1,0.05,1080,17,0,0
1,0.05,1081,17,0,0
1,0.05,1082,17,0,0
1,0.05,1083,17,0,0
1,0.05,1084,17,0,0
1,0.05,1085,17,0,0
1,0.05,1086,17,0,0
1,0.05,1087,17,0,0
1,0.05,1088,17,0,0
1,0.05,1089,17,0,0
1,0.05,1090,17,0,0
1,0.05,1091,17,0,0
1,0.05,1092,17,0,0
1,0.05,1093,16,0,1
1,0.05,1094,15,0,1
1,0.05,1095,15,0,0
1,0.05,1096,15,0,0
1,0.05,1097,16,1,0
1,0.05,1098,17,1,0
1,0.05,1099,16,0,1
1,0.05,1100,17,1,0
1,0.05,1101,17,0,0
1,0.05,1102,15,0,2
1,0.05,1103,15,0,0
1,0.05,1104,16,1,0
1,0.05,1105,15,0,1
1,0.05,1106,16,1,0
1,0.05,1107,15,0,1
1,0.05,1108,15,0,0
1,0.05,1109,16,1,0
1,0.05,1110,15,0,1
1,0.05,1111,15,0,0
1,0.05,1112,16,1,0
1,0.05,1113,15,0,1
1,0.05,1114,16,1,0
1,0.05,1115,16,0,0
1,0.05,1116,16,0,0
1,0.05,1117,16,0,0
1,0.05,1118,15,0,1
1,0.05,1119,16,1,0
1,0.05,1120,16,0,0
1,0.05,1121,16,0,0
1,0.05,1122,16,0,0
1,0.05,1123,16,0,0
1,0.05,1124,15,0,1
1,0.05,1125,16,1,0
1,0.05,1126,16,0,0
1,0.05,1127,16,0,0
1,0.05,1128,16,0,0
1,0.05,1129,16,0,0
1,0.05,1130,16,0,0
1,0.05,1131,16,0,0
1,0.05,1132,16,0,0
1,0.05,1133,16,0,0
1,0.05,1134,17,1,0
1,0.05,1135,16,0,1
1,0.05,1136,16,0,0
1,0.05,1137,17,1,0
1,0.05,1138,16,0,1
1,0.05,1139,16,0,0
1,0.05,1140,16,0,0
1,0.05,1141,16,0,0
1,0.05,1142,16,0,0
1,0.05,1143,16,0,0
1,0.05,1144,16,0,0
1,0.05,1145,16,0,0
1,0.05,1146,16,0,0
1,0.05,1147,17,1,0
1,0.05,1148,17,0,0
1,0.05,1149,16,0,1
1,0.05,1150,16,0,0
1,0.05,1151,16,0,0
1,0.05,1152,16,0,0
1,0.05,1153,16,0,0
1,0.05,1154,16,0,0
1,0.05,1155,16,0,0
1,0.05,1156,16,0,0
1,0.05,1157,17,1,0
1,0.05,1158,16,0,1
1,0.05,1159,16,0,0
1,0.05,1160,17,1,0
1,0.05,1161,16,0,1
1,0.05,1162,16,0,0
1,0.05,1163,16,0,0
1,0.05,1164,16,0,0
1,0.05,1165,16,0,0
1,0.05,1166,16,0,0
1,0.05,1167,16,0,0
1,0.05,1168,16,0,0
1,0.05,1169,17,1,0
1,0.05,1170,17,0,0
1,0.05,1171,17,0,0
1,0.05,1172,17,0,0
1,0.05,1173,16,0,1
1,0.05,1174,17,1,0
1,0.05,1175,17,0,0
1,0.05,1176,17,0,0
1,0.05,1177,17,0,0
1,0.05,1178,16,0,1
1,0.05,1179,16,0,0
1,0.05,1180,17,1,0
1,0.05,1181,17,0,0
1,0.05,1182,17,0,0
1,0.05,1183,16,0,1
1,0.05,1184,16,0,0
1,0.05,1185,17,1,0
1,0.05,1186,17,0,0
1,0.05,1187,17,0,0
1,0.05,1188,17,0,0
1,0.05,1189,17,0,0
1,0.05,1190,17,0,0
1,0.05,1191,17,0,0
1,0.05,1192,17,0,0
1,0.05,1193,17,0,0
1,0.05,1194,17,0,0
1,0.05,1195,17,0,0
1,0.05,1196,17,0,0
1,0.05,1197,17,0,0
1,0.05,1198,17,0,0
1,0.05,1199,17,0,0
1,0.05,1200,17,0,0
1,0.05,1201,17,0,0
1,0.05,1202,17,0,0
1,0.05,1203,17,0,0
1,0.05,1204,17,0,0
1,0.05,1205,17,0,0
1,0.05,1206,17,0,0
1,0.05,1207,16,0,1
1,0.05,1208,17,1,0
1,0.05,1209,16,0,1
1,0.05,1210,17,1,0
1,0.05,1211,17,0,0
1,0.05,1212,17,0,0
1,0.05,1213,17,0,0
1,0.05,1214,16,0,1
1,0.05,1215,17,1,0
1,0.05,1216,17,0,0
1,0.05,1217,17,0,0
1,0.05,1218,17,0,0
1,0.05,1219,17,0,0
1,0.05,1220,17,0,0
1,0.05,1221,16,0,1
1,0.05,1222,16,0,0
1,0.05,1223,17,1,0
1,0.05,1224,17,0,0
1,0.05,1225,17,0,0
1,0.05,1226,16,0,1
1,0.05,1227,17,1,0
1,0.05,1228,17,0,0
1,0.05,1229,17,0,0
1,0.05,1230,17,0,0
1,0.05,1231,17,0,0
1,0.05,1232,17,0,0
1,0.05,1233,17,0,0
1,0.05,1234,17,0,0
1,0.05,1235,17,0,0
1,0.05,1236,17,0,0
1,0.05,1237,17,0,0
1,0.05,1238,17,0,0
1,0.05,1239,16,0,1
1,0.05,1240,16,0,0
1,0.05,1241,17,1,0
1,0.05,1242,16,0,1
1,0.05,1243,16,0,0
1,0.05,1244,17,1,0
1,0.05,1245,17,0,0
1,0.05,1246,17,0,0
1,0.05,1247,16,0,1
1,0.05,1248,16,0,0
1,0.05,1249,17,1,0
1,0.05,1250,17,0,0
1,0.05,1251,17,0,0
1,0.05,1252,17,0,0
1,0.05,1253,17,0,0
1,0.05,1254,17,0,0
1,0.05,1255,17,0,0
1,0.05,1256,17,0,0
1,0.05,1257,17,0,0
1,0.05,1258,17,0,0
1,0.05,1259,17,0,0
1,0.05,1260,17,0,0
1,0.05,1261,16,0,1
1,0.05,1262,17,1,0
1,0.05,1263,16,0,1
1,0.05,1264,16,0,0
1,0.05,1265,15,0,1
1,0.05,1266,16,1,0
1,0.05,1267,15,0,1
1,0.05,1268,15,0,0
1,0.05,1269,16,1,0
1,0.05,1270,16,0,0
1,0.05,1271,15,0,1
1,0.05,1272,17,2,0
1,0.05,1273,17,0,0
1,0.05,1274,17,1,1
1,0.05,1275,17,0,0
1,0.05,1276,17,0,0
1,0.05,1277,17,0,0
1,0.05,1278,17,0,0
1,0.05,1279,17,0,0
1,0.05,1280,17,0,0
1,0.05,1281,17,0,0
1,0.05,1282,17,0,0
1,0.05,1283,17,0,0
1,0.05,1284,17,0,0
1,0.05,1285,17,0,0
1,0.05,1286,16,0,1
1,0.05,1287,17,1,0
1,0.05,1288,17,0,0
1,0.05,1289,17,0,0
1,0.05,1290,17,0,0
1,0.05,1291,17,0,0
1,0.05,1292,17,0,0
1,0.05,1293,17,0,0
1,0.05,1294,17,0,0
1,0.05,1295,17,0,0
1,0.05,1296,17,0,0
1,0.05,1297,17,0,0
1,0.05,1298,17,0,0
1,0.05,1299,17,0,0
1,0.05,1300,17,0,0
1,0.05,1301,18,1,0
1,0.05,1302,17,0,1
1,0.05,1303,17,0,0
1,0.05,1304,17,0,0
1,0.05,1305,17,0,0
1,0.05,1306,17,0,0
1,0.05,1307,17,0,0
1,0.05,1308,17,0,0
1,0.05,1309,17,0,0
1,0.05,1310,17,0,0
1,0.05,1311,17,0,0
1,0.05,1312,17,0,0
1,0.05,1313,17,0,0
1,0.05,1314,17,0,0
1,0.05,1315,17,0,0
1,0.05,1316,17,0,0
1,0.05,1317,17,0,0
1,0.05,1318,17,0,0
1,0.05,1319,17,0,0
1,0.05,1320,17,0,0
1,0.05,1321,17,0,0
1,0.05,1322,17,0,0
1,0.05,1323,17,0,0
1,0.05,1324,17,0,0
1,0.05,1325,17,0,0
1,0.05,1326,17,0,0
1,0.05,1327,17,0,0
1,0.05,1328,17,0,0
1,0.05,1329,17,0,0
1,0.05,1330,17,0,0
1,0.05,1331,17,0,0
1,0.05,1332,17,0,0
1,0.05,1333,17,0,0
1,0.05,1334,17,0,0
1,0.05,1335,17,0,0
1,0.05,1336,17,0,0
1,0.05,1337,17,0,0
1,0.05,1338,17,0,0
1,0.05,1339,17,0,0
1,0.05,1340,17,0,0
1,0.05,1341,17,0,0
1,0.05,1342,17,0,0
1,0.05,1343,17,0,0
1,0.05,1344,17,0,0
1,0.05,1345,17,0,0
1,0.05,1346,17,0,0
1,0.05,1347,17,0,0
1,0.05,1348,17,0,0
1,0.05,1349,17,0,0
1,0.05,1350,17,0,0
1,0.05,1351,17,0,0
1,0.05,1352,17,0,0
1,0.05,1353,17,0,0
1,0.05,1354,17,0,0
1,0.05,1355,17,0,0
1,0.05,1356,17,0,0
1,0.05,1357,17,0,0
1,0.05,1358,17,0,0
1,0.05,1359,17,0,0
1,0.05,1360,17,0,0
1,0.05,1361,17,0,0
1,0.05,1362,17,0,0
1,0.05,1363,17,0,0
1,0.05,1364,17,0,0
1,0.05,1365,17,0,0
1,0.05,1366,17,0,0
1,0.05,1367,17,0,0
1,0.05,1368,17,0,0
1,0.05,1369,17,0,0
1,0.05,1370,17,0,0
1,0.05,1371,17,0,0
1,0.05,1372,17,0,0
1,0.05,1373,17,0,0
1,0.05,1374,17,0,0
1,0.05,1375,17,0,0
1,0.05,1376,17,0,0
1,0.05,1377,17,0,0
1,0.05,1378,17,0,0
1,0.05,1379,17,0,0
1,0.05,1380,17,0,0
1,0.05,1381,17,0,0
1,0.05,1382,17,0,0
1,0.05,1383,17,0,0
1,0.05,1384,17,0,0
1,0.05,1385,18,1,0
1,0.05,1386,17,0,1
1,0.05,1387,18,1,0
1,0.05,1388,17,0,1
1,0.05,1389,17,0,0
1,0.05,1390,17,0,0
1,0.05,1391,17,0,0
1,0.05,1392,17,0,0
1,0.05,1393,17,0,0
1,0.05,1394,17,0,0
1,0.05,1395,17,0,0
1,0.05,1396,17,0,0
1,0.05,1397,17,0,0
1,0.05,1398,17,0,0
1,0.05,1399,17,0,0
1,0.05,1400,17,0,0
1,0.05,1401,17,0,0
1,0.05,1402,17,0,0
1,0.05,1403,17,0,0
1,0.05,1404,17,0,0
1,0.05,1405,17,0,0
1,0.05,1406,17,0,0
1,0.05,1407,18,1,0
1,0.05,1408,17,0,1
1,0.05,1409,18,1,0
1,0.05,1410,17,0,1
1,0.05,1411,17,0,0
1,0.05,1412,17,0,0
1,0.05,1413,17,0,0
1,0.05,1414,17,0,0
1,0.05,1415,17,0,0
1,0.05,1416,17,0,0
1,0.05,1417,17,0,0
1,0.05,1418,17,0,0
1,0.05,1419,17,0,0
1,0.05,1420,17,0,0
1,0.05,1421,17,0,0
1,0.05,1422,17,0,0
1,0.05,1423,17,0,0
1,0.05,1424,17,0,0
1,0.05,1425,17,0,0
1,0.05,1426,17,0,0
1,0.05,1427,17,0,0
1,0.05,1428,17,0,0
1,0.05,1429,18,1,0
1,0.05,1430,17,0,1
1,0.05,1431,17,0,0
1,0.05,1432,17,0,0
1,0.05,1433,17,0,0
1,0.05,1434,17,0,0
1,0.05,1435,17,0,0
1,0.05,1436,17,0,0
1,0.05,1437,17,0,0
1,0.05,1438,17,0,0
1,0.05,1439,17,0,0
1,0.05,1440,17,0,0
1,0.05,1441,17,0,0
1,0.05,1442,17,0,0
1,0.05,1443,17,0,0
1,0.05,1444,17,0,0
1,0.05,1445,17,0,0
1,0.05,1446,17,0,0
1,0.05,1447,17,0,0
1,0.05,1448,17,0,0
1,0.05,1449,17,0,0
1,0.05,1450,17,0,0
1,0.05,1451,18,1,0
1,0.05,1452,17,0,1
1,0.05,1453,17,0,0
1,0.05,1454,17,0,0
1,0.05,1455,17,0,0
1,0.05,1456,17,0,0
1,0.05,1457,17,0,0
1,0.05,1458,17,0,0
1,0.05,1459,18,1,0
1,0.05,1460,17,0,1
1,0.05,1461,17,0,0
1,0.05,1462,17,0,0
1,0.05,1463,18,1,0
1,0.05,1464,17,0,1
1,0.05,1465,17,0,0
1,0.05,1466,18,1,0
1,0.05,1467,17,0,1
1,0.05,1468,17,0,0
1,0.05,1469,18,1,0
1,0.05,1470,17,0,1
1,0.05,1471,17,0,0
1,0.05,1472,17,0,0
1,0.05,1473,17,0,0
1,0.05,1474,17,0,0
1,0.05,1475,17,0,0
1,0.05,1476,17,0,0
1,0.05,1477,17,0,0
1,0.05,1478,18,1,0
1,0.05,1479,17,0,1
1,0.05,1480,17,0,0
1,0.05,1481,17,0,0
1,0.05,1482,17,0,0
1,0.05,1483,17,0,0
1,0.05,1484,17,0,0
1,0.05,1485,17,0,0
1,0.05,1486,17,0,0
1,0.05,1487,17,0,0
1,0.05,1488,17,0,0
1,0.05,1489,17,0,0
1,0.05,1490,18,1,0
1,0.05,1491,17,0,1
1,0.05,1492,17,0,0
1,0.05,1493,17,0,0
1,0.05,1494,17,0,0
1,0.05,1495,17,0,0
1,0.05,1496,17,0,0
1,0.05,1497,17,0,0
1,0.05,1498,18,1,0
1,0.05,1499,17,0,1
1,0.05,1500,18,1,0
1,0.1,0,7,0,0
1,0.1,1,43,40,4
1,0.1,2,53,28,18
1,0.1,3,31,10,32
1,0.1,4,42,28,17
1,0.1,5,43,21,20
1,0.1,6,61,23,5
1,0.1,7,53,6,14
1,0.1,8,42,12,23
1,0.1,9,16,7,33
1,0.1,10,55,43,4
1,0.1,11,50,11,16
1,0.1,12,50,11,11
1,0.1,13,56,13,7
1,0.1,14,48,9,17
1,0.1,15,52,17,13
1,0.1,16,64,19,7
1,0.1,17,59,6,11
1,0.1,18,61,5,3
1,0.1,19,60,6,7
1,0.1,20,60,6,6
1,0.1,21,55,5,10
1,0.1,22,62,8,1
1,0.1,23,64,4,2
1,0.1,24,63,2,3
1,0.1,25,58,2,7
1,0.1,26,58,2,2
1,0.1,27,52,1,7
1,0.1,28,60,10,2
1,0.1,29,61,1,0
1,0.1,30,59,0,2
1,0.1,31,59,2,2
1,0.1,32,53,0,6
1,0.1,33,53,1,1
1,0.1,34,34,1,20
1,0.1,35,49,19,4
1,0.1,36,52,5,2
1,0.1,37,41,1,12
1,0.1,38,41,10,10
1,0.1,39,45,8,4
1,0.1,40,35,2,12
1,0.1,41,38,13,10
1,0.1,42,49,14,3
1,0.1,43,33,0,16
1,0.1,44,43,12,2
1,0.1,45,50,8,1
1,0.1,46,48,2,4
1,0.1,47,44,2,6
1,0.1,48,43,4,5
1,0.1,49,37,4,10
1,0.1,50,32,0,5
1,0.1,51,40,8,0
1,0.1,52,39,3,4
1,0.1,53,41,4,2
1,0.1,54,37,2,6
1,0.1,55,43,8,2
1,0.1,56,41,2,4
1,0.1,57,38,1,4
1,0.1,58,39,3,2
1,0.1,59,40,2,1
1,0.1,60,40,1,1
1,0.1,61,42,3,1
1,0.1,62,36,0,6
1,0.1,63,37,3,2
1,0.1,64,39,2,0
1,0.1,65,40,2,1
1,0.1,66,38,1,3
1,0.1,67,40,3,1
1,0.1,68,40,0,0
1,0.1,69,39,0,1
1,0.1,70,38,1,2
1,0.1,71,40,2,0
1,0.1,72,40,2,2
1,0.1,73,39,0,1
1,0.1,74,38,2,3
1,0.1,75,36,0,2
1,0.1,76,40,4,0
1,0.1,77,37,0,3
1,0.1,78,39,3,1
1,0.1,79,36,1,4
1,0.1,80,35,1,2
1,0.1,81,34,2,3
1,0.1,82,37,5,2
1,0.1,83,38,2,1
1,0.1,84,36,1,3
1,0.1,85,37,2,1
1,0.1,86,38,3,2
1,0.1,87,38,1,1
1,0.1,88,38,1,1
1,0.1,89,36,1,3
1,0.1,90,36,2,2
1,0.1,91,35,4,5
1,0.1,92,36,3,2
1,0.1,93,36,2,2
1,0.1,94,36,1,1
1,0.1,95,37,2,1
1,0.1,96,36,1,2
1,0.1,97,33,2,5
1,0.1,98,37,5,1
1,0.1,99,36,1,2
1,0.1,100,33,2,5
1,0.1,101,35,4,2
1,0.1,102,34,2,3
1,0.1,103,34,3,3
1,0.1,104,34,1,1
1,0.1,105,34,0,0
1,0.1,106,36,2,0
1,0.1,107,36,2,2
1,0.1,108,35,0,1
1,0.1,109,35,1,1
1,0.1,110,35,1,1
1,0.1,111,33,0,2
1,0.1,112,31,2,4
1,0.1,113,30,3,4
1,0.1,114,32,5,3
1,0.1,115,32,1,1
1,0.1,116,33,1,0
1,0.1,117,33,1,1
1,0.1,118,34,1,0
1,0.1,119,32,0,2
1,0.1,120,30,0,2
1,0.1,121,33,4,1
1,0.1,122,30,0,3
1,0.1,123,30,0,0
1,0.1,124,31,1,0
1,0.1,125,32,1,0
1,0.1,126,31,1,2
1,0.1,127,31,1,1
1,0.1,128,31,0,0
1,0.1,129,33,2,0
1,0.1,130,33,2,2
1,0.1,131,32,1,2
1,0.1,132,32,0,0
1,0.1,133,32,0,0
1,0.1,134,31,0,1
1,0.1,135,31,0,0
1,0.1,136,32,1,0
1,0.1,137,33,2,1
1,0.1,138,31,0,2
1,0.1,139,31,0,0
1,0.1,140,32,1,0
1,0.1,141,31,0,1
1,0.1,142,32,1,0
1,0.1,143,32,1,1
1,0.1,144,31,0,1
1,0.1,145,30,0,1
1,0.1,146,31,1,0
1,0.1,147,31,0,0
1,0.1,148,31,0,0
1,0.1,149,31,0,0
1,0.1,150,31,0,0
1,0.1,151,30,2,3
1,0.1,152,30,2,2
1,0.1,153,29,0,1
1,0.1,154,28,0,1
1,0.1,155,29,1,0
1,0.1,156,31,2,0
1,0.1,157,31,0,0
1,0.1,158,31,0,0
1,0.1,159,31,0,0
1,0.1,160,28,0,3
1,0.1,161,27,0,1
1,0.1,162,29,2,0
1,0.1,163,31,2,0
1,0.1,164,25,0,6
1,0.1,165,29,4,0
1,0.1,166,29,0,0
1,0.1,167,23,0,6
1,0.1,168,27,4,0
1,0.1,169,28,3,2
1,0.1,170,30,2,0
1,0.1,171,25,0,5
1,0.1,172,28,4,1
1,0.1,173,27,0,1
1,0.1,174,30,3,0
1,0.1,175,25,0,5
1,0.1,176,25,0,0
1,0.1,177,27,2,0
1,0.1,178,27,0,0
1,0.1,179,28,1,0
1,0.1,180,30,2,0
1,0.1,181,25,0,5
1,0.1,182,26,2,1
1,0.1,183,26,2,2
1,0.1,184,26,2,2
1,0.1,185,22,0,4
1,0.1,186,27,5,0
1,0.1,187,26,0,1
1,0.1,188,25,0,1
1,0.1,189,26,1,0
1,0.1,190,25,0,1
1,0.1,191,28,3,0
1,0.1,192,24,0,4
1,0.1,193,26,3,1
1,0.1,194,27,1,0
1,0.1,195,20,0,7
1,0.1,196,19,3,4
1,0.1,197,25,7,1
1,0.1,198,20,0,5
1,0.1,199,16,0,4
1,0.1,200,19,3,0
1,0.1,201,19,0,0
1,0.1,202,20,3,2
1,0.1,203,23,6,3
1,0.1,204,21,2,4
1,0.1,205,23,3,1
1,0.1,206,23,1,1
1,0.1,207,23,1,1
1,0.1,208,22,0,1
1,0.1,209,21,0,1
1,0.1,210,21,0,0
1,0.1,211,22,1,0
1,0.1,212,22,0,0
1,0.1,213,21,0,1
1,0.1,214,22,2,1
1,0.1,215,21,2,3
1,0.1,216,22,2,1
1,0.1,217,21,0,1
1,0.1,218,23,2,0
1,0.1,219,21,0,2
1,0.1,220,19,0,2
1,0.1,221,21,2,0
1,0.1,222,21,0,0
1,0.1,223,22,1,0
1,0.1,224,20,0,2
1,0.1,225,20,0,0
1,0.1,226,21,1,0
1,0.1,227,21,0,0
1,0.1,228,20,0,1
1,0.1,229,20,0,0
1,0.1,230,21,1,0
1,0.1,231,21,1,1
1,0.1,232,21,0,0
1,0.1,233,21,1,1
1,0.1,234,21,0,0
1,0.1,235,21,0,0
1,0.1,236,22,1,0
1,0.1,237,22,0,0
1,0.1,238,21,0,1
1,0.1,239,23,2,0
1,0.1,240,22,0,1
1,0.1,241,22,0,0
1,0.1,242,23,1,0
1,0.1,243,23,0,0
1,0.1,244,22,0,1
1,0.1,245,23,1,0
1,0.1,246,22,0,1
1,0.1,247,22,0,0
1,0.1,248,21,0,1
1,0.1,249,22,1,0
1,0.1,250,22,0,0
1,0.1,251,22,0,0
1,0.1,252,22,0,0
1,0.1,253,22,0,0
1,0.1,254,22,0,0
1,0.1,255,22,0,0
1,0.1,256,21,0,1
1,0.1,257,21,0,0
1,0.1,258,22,1,0
1,0.1,259,21,0,1
1,0.1,260,21,0,0
1,0.1,261,21,0,0
1,0.1,262,21,0,0
1,0.1,263,20,0,1
1,0.1,264,20,0,0
1,0.1,265,21,1,0
1,0.1,266,22,1,0
1,0.1,267,20,0,2
1,0.1,268,18,0,2
1,0.1,269,17,0,1
1,0.1,270,18,1,0
1,0.1,271,20,2,0
1,0.1,272,15,0,5
1,0.1,273,18,3,0
1,0.1,274,20,2,0
1,0.1,275,18,0,2
1,0.1,276,18,0,0
1,0.1,277,19,1,0
1,0.1,278,19,1,1
1,0.1,279,20,1,0
1,0.1,280,20,0,0
1,0.1,281,17,0,3
1,0.1,282,19,3,1
1,0.1,283,20,1,0
1,0.1,284,18,0,2
1,0.1,285,19,1,0
1,0.1,286,20,1,0
1,0.1,287,19,0,1
1,0.1,288,20,1,0
1,0.1,289,20,0,0
1,0.1,290,20,0,0
1,0.1,291,20,0,0
1,0.1,292,21,1,0
1,0.1,293,16,0,5
1,0.1,294,19,3,0
1,0.1,295,13,0,6
1,0.1,296,17,4,0
1,0.1,297,16,0,1
1,0.1,298,16,0,0
1,0.1,299,16,0,0
1,0.1,300,18,2,0
1,0.1,301,18,0,0
1,0.1,302,18,1,1
1,0.1,303,18,1,1
1,0.1,304,17,0,1
1,0.1,305,17,1,1
1,0.1,306,17,1,1
1,0.1,307,18,1,0
1,0.1,308,18,0,0
1,0.1,309,18,0,0
1,0.1,310,18,0,0
1,0.1,311,18,0,0
1,0.1,312,18,0,0
1,0.1,313,18,0,0
1,0.1,314,18,0,0
1,0.1,315,18,0,0
1,0.1,316,18,0,0
1,0.1,317,18,0,0
1,0.1,318,19,1,0
1,0.1,319,17,0,2
1,0.1,320,18,1,0
1,0.1,321,17,0,1
1,0.1,322,18,1,0
1,0.1,323,18,0,0
1,0.1,324,17,0,1
1,0.1,325,18,1,0
1,0.1,326,18,0,0
1,0.1,327,18,0,0
1,0.1,328,18,0,0
1,0.1,329,19,1,0
1,0.1,330,18,0,1
1,0.1,331,18,0,0
1,0.1,332,18,0,0
1,0.1,333,19,1,0
1,0.1,334,18,0,1
1,0.1,335,18,0,0
1,0.1,336,18,0,0
1,0.1,337,18,0,0
1,0.1,338,18,0,0
1,0.1,339,18,0,0
1,0.1,340,18,0,0
1,0.1,341,18,0,0
1,0.1,342,18,0,0
1,0.1,343,18,0,0
1,0.1,344,18,0,0
1,0.1,345,18,0,0
1,0.1,346,18,0,0
1,0.1,347,18,0,0
1,0.1,348,18,0,0
1,0.1,349,18,0,0
1,0.1,350,19,1,0
1,0.1,351,18,0,1
1,0.1,352,18,0,0
1,0.1,353,18,0,0
1,0.1,354,19,1,0
1,0.1,355,18,0,1
1,0.1,356,18,0,0
1,0.1,357,18,0,0
1,0.1,358,18,0,0
1,0.1,359,19,1,0
1,0.1,360,18,0,1
1,0.1,361,18,0,0
1,0.1,362,18,0,0
1,0.1,363,18,0,0
1,0.1,364,18,0,0
1,0.1,365,18,0,0
1,0.1,366,18,0,0
1,0.1,367,18,0,0
1,0.1,368,18,0,0
1,0.1,369,18,0,0
1,0.1,370,18,0,0
1,0.1,371,18,0,0
1,0.1,372,18,0,0
1,0.1,373,18,0,0
1,0.1,374,18,0,0
1,0.1,375,18,0,0
1,0.1,376,18,0,0
1,0.1,377,18,0,0
1,0.1,378,18,0,0
1,0.1,379,18,0,0
1,0.1,380,18,0,0
1,0.1,381,18,0,0
1,0.1,382,18,0,0
1,0.1,383,19,1,0
1,0.1,384,17,0,2
1,0.1,385,18,1,0
1,0.1,386,18,0,0
1,0.1,387,18,0,0
1,0.1,388,15,0,3
1,0.1,389,18,3,0
1,0.1,390,14,0,4
1,0.1,391,15,2,1
1,0.1,392,17,2,0
1,0.1,393,17,0,0
1,0.1,394,16,1,2
1,0.1,395,15,2,3
1,0.1,396,15,2,2
1,0.1,397,16,1,0
1,0.1,398,16,1,1
1,0.1,399,16,1,1
1,0.1,400,15,1,2
1,0.1,401,16,2,1
1,0.1,402,15,1,2
1,0.1,403,17,2,0
1,0.1,404,15,0,2
1,0.1,405,18,3,0
1,0.1,406,16,0,2
1,0.1,407,18,2,0
1,0.1,408,16,1,3
1,0.1,409,17,2,1
1,0.1,410,15,0,2
1,0.1,411,18,3,0
1,0.1,412,17,0,1
1,0.1,413,18,1,0
1,0.1,414,17,0,1
1,0.1,415,18,1,0
1,0.1,416,17,0,1
1,0.1,417,18,1,0
1,0.1,418,18,0,0
1,0.1,419,17,0,1
1,0.1,420,17,1,1
1,0.1,421,16,0,1
1,0.1,422,15,0,1
1,0.1,423,15,0,0
1,0.1,424,16,1,0
1,0.1,425,16,0,0
1,0.1,426,16,0,0
1,0.1,427,16,0,0
1,0.1,428,16,0,0
1,0.1,429,16,0,0
1,0.1,430,16,0,0
1,0.1,431,16,0,0
1,0.1,432,16,0,0
1,0.1,433,16,0,0
1,0.1,434,17,1,0
1,0.1,435,16,0,1
1,0.1,436,16,0,0
1,0.1,437,16,0,0
1,0.1,438,16,0,0
1,0.1,439,16,0,0
1,0.1,440,16,0,0
1,0.1,441,16,0,0
1,0.1,442,16,0,0
1,0.1,443,16,0,0
1,0.1,444,16,0,0
1,0.1,445,16,0,0
1,0.1,446,16,0,0
1,0.1,447,16,0,0
1,0.1,448,16,0,0
1,0.1,449,16,0,0
1,0.1,450,16,0,0
1,0.1,451,16,0,0
1,0.1,452,16,0,0
1,0.1,453,16,0,0
1,0.1,454,16,0,0
1,0.1,455,16,0,0
1,0.1,456,16,0,0
1,0.1,457,16,0,0
1,0.1,458,16,0,0
1,0.1,459,16,0,0
1,0.1,460,16,0,0
1,0.1,461,16,0,0
1,0.1,462,16,0,0
1,0.1,463,16,0,0
1,0.1,464,16,0,0
1,0.1,465,16,0,0
1,0.1,466,16,0,0
1,0.1,467,16,0,0
1,0.1,468,16,0,0
1,0.1,469,16,0,0
1,0.1,470,16,0,0
1,0.1,471,16,0,0
1,0.1,472,16,0,0
1,0.1,473,16,0,0
1,0.1,474,17,1,0
1,0.1,475,16,0,1
1,0.1,476,17,1,0
1,0.1,477,16,0,1
1,0.1,478,16,0,0
1,0.1,479,16,0,0
1,0.1,480,16,0,0
1,0.1,481,16,0,0
1,0.1,482,16,0,0
1,0.1,483,16,0,0
1,0.1,484,17,1,0
1,0.1,485,16,0,1
1,0.1,486,16,0,0
1,0.1,487,16,0,0
1,0.1,488,16,0,0
1,0.1,489,17,1,0
1,0.1,490,16,0,1
1,0.1,491,16,0,0
1,0.1,492,16,0,0
1,0.1,493,16,0,0
1,0.1,494,16,0,0
1,0.1,495,16,0,0
1,0.1,496,16,0,0
1,0.1,497,16,0,0
1,0.1,498,16,0,0
1,0.1,499,16,0,0
1,0.1,500,16,0,0
1,0.1,501,16,0,0
1,0.1,502,16,0,0
1,0.1,503,16,0,0
1,0.1,504,16,0,0
1,0.1,505,16,0,0
1,0.1,506,16,0,0
1,0.1,507,16,0,0
1,0.1,508,16,0,0
1,0.1,509,16,0,0
1,0.1,510,16,0,0
1,0.1,511,16,0,0
1,0.1,512,16,0,0
1,0.1,513,16,0,0
1,0.1,514,16,0,0
1,0.1,515,16,0,0
1,0.1,516,16,0,0
1,0.1,517,16,0,0
1,0.1,518,16,0,0
1,0.1,519,16,0,0
1,0.1,520,16,0,0
1,0.1,521,16,0,0
1,0.1,522,16,0,0
1,0.1,523,16,0,0
1,0.1,524,16,0,0
1,0.1,525,16,0,0
1,0.1,526,16,0,0
1,0.1,527,16,0,0
1,0.1,528,16,0,0
1,0.1,529,16,0,0
1,0.1,530,16,0,0
1,0.1,531,17,1,0
1,0.1,532,16,0,1
1,0.1,533,16,0,0
1,0.1,534,16,0,0
1,0.1,535,16,0,0
1,0.1,536,16,0,0
1,0.1,537,16,0,0
1,0.1,538,16,0,0
1,0.1,539,16,0,0
1,0.1,540,16,0,0
1,0.1,541,16,0,0
1,0.1,542,16,0,0
1,0.1,543,16,0,0
1,0.1,544,17,1,0
1,0.1,545,16,0,1
1,0.1,546,16,0,0
1,0.1,547,16,0,0
1,0.1,548,16,0,0
1,0.1,549,16,0,0
1,0.1,550,16,0,0
1,0.1,551,16,0,0
1,0.1,552,16,0,0
1,0.1,553,16,0,0
1,0.1,554,16,0,0
1,0.1,555,16,0,0
1,0.1,556,16,0,0
1,0.1,557,16,0,0
1,0.1,558,16,0,0
1,0.1,559,16,0,0
1,0.1,560,16,0,0
1,0.1,561,11,0,5
1,0.1,562,12,1,0
1,0.1,563,15,3,0
1,0.1,564,16,1,0
1,0.1,565,15,0,1
1,0.1,566,10,0,5
1,0.1,567,15,5,0
1,0.1,568,15,0,0
1,0.1,569,16,1,0
1,0.1,570,15,0,1
1,0.1,571,15,0,0
1,0.1,572,16,1,0
1,0.1,573,16,0,0
1,0.1,574,16,0,0
1,0.1,575,17,1,0
1,0.1,576,16,0,1
1,0.1,577,17,1,0
1,0.1,578,16,0,1
1,0.1,579,15,0,1
1,0.1,580,14,1,2
1,0.1,581,14,0,0
1,0.1,582,16,2,0
1,0.1,583,16,0,0
1,0.1,584,14,0,2
1,0.1,585,13,0,1
1,0.1,586,15,2,0
1,0.1,587,15,0,0
1,0.1,588,15,1,1
1,0.1,589,15,1,1
1,0.1,590,14,0,1
1,0.1,591,15,1,0
1,0.1,592,15,0,0
1,0.1,593,15,0,0
1,0.1,594,15,0,0
1,0.1,595,14,0,1
1,0.1,596,15,1,0
1,0.1,597,15,0,0
1,0.1,598,14,0,1
1,0.1,599,15,1,0
1,0.1,600,15,0,0
1,0.1,601,15,0,0
1,0.1,602,15,0,0
1,0.1,603,16,1,0
1,0.1,604,16,0,0
1,0.1,605,15,0,1
1,0.1,606,15,0,0
1,0.1,607,15,0,0
1,0.1,608,15,0,0
1,0.1,609,16,1,0
1,0.1,610,15,0,1
1,0.1,611,16,1,0
1,0.1,612,15,0,1
1,0.1,613,16,1,0
1,0.1,614,15,0,1
1,0.1,615,15,0,0
1,0.1,616,15,0,0
1,0.1,617,15,0,0
1,0.1,618,15,0,0
1,0.1,619,15,0,0
1,0.1,620,15,0,0
1,0.1,621,15,0,0
1,0.1,622,15,0,0
1,0.1,623,15,0,0
1,0.1,624,16,1,0
1,0.1,625,15,0,1
1,0.1,626,15,0,0
1,0.1,627,16,1,0
1,0.1,628,15,0,1
1,0.1,629,15,0,0
1,0.1,630,16,1,0
1,0.1,631,16,0,0
1,0.1,632,16,0,0
1,0.1,633,14,0,2
1,0.1,634,15,1,0
1,0.1,635,16,1,0
1,0.1,636,15,0,1
1,0.1,637,16,1,0
1,0.1,638,16,0,0
1,0.1,639,16,0,0
1,0.1,640,15,0,1
1,0.1,641,15,0,0
1,0.1,642,15,0,0
1,0.1,643,16,1,0
1,0.1,644,15,0,1
1,0.1,645,15,0,0
1,0.1,646,15,0,0
1,0.1,647,15,0,0
1,0.1,648,15,0,0
1,0.1,649,15,0,0
1,0.1,650,15,0,0
1,0.1,651,15,0,0
1,0.1,652,16,1,0
1,0.1,653,15,0,1
1,0.1,654,16,1,0
1,0.1,655,15,0,1
1,0.1,656,15,0,0
1,0.1,657,16,1,0
1,0.1,658,13,0,3
1,0.1,659,16,3,0
1,0.1,660,15,0,1
1,0.1,661,15,0,0
1,0.1,662,16,1,0
1,0.1,663,15,0,1
1,0.1,664,16,1,0
1,0.1,665,16,0,0
1,0.1,666,15,0,1
1,0.1,667,15,0,0
1,0.1,668,15,0,0
1,0.1,669,15,0,0
1,0.1,670,16,1,0
1,0.1,671,16,0,0
1,0.1,672,15,0,1
1,0.1,673,15,0,0
1,0.1,674,16,1,0
1,0.1,675,16,0,0
1,0.1,676,16,0,0
1,0.1,677,16,0,0
1,0.1,678,15,0,1
1,0.1,679,15,0,0
1,0.1,680,15,0,0
1,0.1,681,16,1,0
1,0.1,682,15,0,1
1,0.1,683,16,1,0
1,0.1,684,16,0,0
1,0.1,685,16,0,0
1,0.1,686,16,0,0
1,0.1,687,16,0,0
1,0.1,688,16,0,0
1,0.1,689,16,0,0
1,0.1,690,16,0,0
1,0.1,691,15,0,1
1,0.1,692,16,1,0
1,0.1,693,15,0,1
1,0.1,694,15,0,0
1,0.1,695,16,1,0
1,0.1,696,15,0,1
1,0.1,697,15,0,0
1,0.1,698,15,0,0
1,0.1,699,15,0,0
1,0.1,700,15,0,0
1,0.1,701,15,0,0
1,0.1,702,15,0,0
1,0.1,703,15,0,0
1,0.1,704,15,0,0
1,0.1,705,15,0,0
1,0.1,706,15,0,0
1,0.1,707,15,0,0
1,0.1,708,15,0,0
1,0.1,709,15,0,0
1,0.1,710,15,0,0
1,0.1,711,15,0,0
1,0.1,712,15,0,0
1,0.1,713,15,0,0
1,0.1,714,15,0,0
1,0.1,715,15,0,0
1,0.1,716,15,0,0
1,0.1,717,15,0,0
1,0.1,718,15,0,0
1,0.1,719,15,0,0
1,0.1,720,15,0,0
1,0.1,721,15,0,0
1,0.1,722,15,0,0
1,0.1,723,15,0,0
1,0.1,724,15,0,0
1,0.1,725,16,1,0
1,0.1,726,15,0,1
1,0.1,727,15,0,0
1,0.1,728,16,1,0
1,0.1,729,15,0,1
1,0.1,730,16,1,0
1,0.1,731,15,0,1
1,0.1,732,15,0,0
1,0.1,733,15,0,0
1,0.1,734,15,0,0
1,0.1,735,15,0,0
1,0.1,736,15,0,0
1,0.1,737,15,0,0
1,0.1,738,15,0,0
1,0.1,739,15,0,0
1,0.1,740,15,0,0
1,0.1,741,15,0,0
1,0.1,742,15,0,0
1,0.1,743,15,0,0
1,0.1,744,15,0,0
1,0.1,745,15,0,0
1,0.1,746,15,0,0
1,0.1,747,15,0,0
1,0.1,748,15,0,0
1,0.1,749,15,0,0
1,0.1,750,15,0,0
1,0.1,751,16,1,0
1,0.1,752,16,1,1
1,0.1,753,15,0,1
1,0.1,754,15,0,0
1,0.1,755,15,0,0
1,0.1,756,15,0,0
1,0.1,757,16,1,0
1,0.1,758,16,0,0
1,0.1,759,15,0,1
1,0.1,760,15,0,0
1,0.1,761,15,0,0
1,0.1,762,15,0,0
1,0.1,763,15,0,0
1,0.1,764,16,1,0
1,0.1,765,15,0,1
1,0.1,766,15,0,0
1,0.1,767,16,1,0
1,0.1,768,15,0,1
1,0.1,769,15,0,0
1,0.1,770,15,0,0
1,0.1,771,15,0,0
1,0.1,772,15,0,0
1,0.1,773,15,0,0
1,0.1,774,15,0,0
1,0.1,775,15,0,0
1,0.1,776,15,0,0
1,0.1,777,15,0,0
1,0.1,778,15,0,0
1,0.1,779,15,0,0
1,0.1,780,15,0,0
1,0.1,781,15,0,0
1,0.1,782,15,0,0
1,0.1,783,15,0,0
1,0.1,784,15,0,0
1,0.1,785,15,0,0
1,0.1,786,15,0,0
1,0.1,787,15,0,0
1,0.1,788,15,0,0
1,0.1,789,15,0,0
1,0.1,790,15,0,0
1,0.1,791,15,0,0
1,0.1,792,15,0,0
1,0.1,793,15,0,0
1,0.1,794,16,1,0
1,0.1,795,15,0,1
1,0.1,796,15,0,0
1,0.1,797,15,0,0
1,0.1,798,15,0,0
1,0.1,799,15,0,0
1,0.1,800,15,0,0
1,0.1,801,15,0,0
1,0.1,802,15,0,0
1,0.1,803,16,1,0
1,0.1,804,15,0,1
1,0.1,805,15,0,0
1,0.1,806,15,0,0
1,0.1,807,15,0,0
1,0.1,808,15,0,0
1,0.1,809,15,0,0
1,0.1,810,15,0,0
1,0.1,811,15,0,0
1,0.1,812,16,1,0
1,0.1,813,15,0,1
1,0.1,814,15,0,0
1,0.1,815,15,0,0
1,0.1,816,15,0,0
1,0.1,817,16,1,0
1,0.1,818,15,0,1
1,0.1,819,15,0,0
1,0.1,820,15,0,0
1,0.1,821,15,0,0
1,0.1,822,15,0,0
1,0.1,823,15,0,0
1,0.1,824,15,0,0
1,0.1,825,15,0,0
1,0.1,826,15,0,0
1,0.1,827,15,0,0
1,0.1,828,15,0,0
1,0.1,829,15,0,0
1,0.1,830,15,0,0
1,0.1,831,15,0,0
1,0.1,832,16,1,0
1,0.1,833,15,0,1
1,0.1,834,15,0,0
1,0.1,835,15,0,0
1,0.1,836,15,0,0
1,0.1,837,15,0,0
1,0.1,838,15,0,0
1,0.1,839,16,1,0
1,0.1,840,15,0,1
1,0.1,841,15,0,0
1,0.1,842,15,0,0
1,0.1,843,15,0,0
1,0.1,844,15,0,0
1,0.1,845,15,0,0
1,0.1,846,15,0,0
1,0.1,847,15,0,0
1,0.1,848,15,0,0
1,0.1,849,15,0,0
1,0.1,850,16,1,0
1,0.1,851,15,0,1
1,0.1,852,15,0,0
1,0.1,853,15,0,0
1,0.1,854,15,0,0
1,0.1,855,15,0,0
1,0.1,856,15,0,0
1,0.1,857,15,0,0
1,0.1,858,15,0,0
1,0.1,859,15,0,0
1,0.1,860,15,0,0
1,0.1,861,15,0,0
1,0.1,862,15,0,0
1,0.1,863,15,0,0
1,0.1,864,15,0,0
1,0.1,865,15,0,0
1,0.1,866,15,0,0
1,0.1,867,15,0,0
1,0.1,868,15,0,0
1,0.1,869,15,0,0
1,0.1,870,15,0,0
1,0.1,871,15,0,0
1,0.1,872,15,0,0
1,0.1,873,15,0,0
1,0.1,874,15,0,0
1,0.1,875,15,0,0
1,0.1,876,15,0,0
1,0.1,877,15,0,0
1,0.1,878,15,0,0
1,0.1,879,15,0,0
1,0.1,880,15,0,0
1,0.1,881,15,0,0
1,0.1,882,15,0,0
1,0.1,883,15,0,0
1,0.1,884,15,0,0
1,0.1,885,15,0,0
1,0.1,886,15,0,0
1,0.1,887,15,0,0
1,0.1,888,15,0,0
1,0.1,889,15,0,0
1,0.1,890,15,0,0
1,0.1,891,15,0,0
1,0.1,892,15,0,0
1,0.1,893,15,0,0
1,0.1,894,15,0,0
1,0.1,895,15,0,0
1,0.1,896,15,0,0
1,0.1,897,15,0,0
1,0.1,898,15,0,0
1,0.1,899,15,0,0
1,0.1,900,15,0,0
1,0.1,901,15,0,0
1,0.1,902,15,0,0
1,0.1,903,15,0,0
1,0.1,904,15,0,0
1,0.1,905,15,0,0
1,0.1,906,15,0,0
1,0.1,907,15,0,0
1,0.1,908,15,0,0
1,0.1,909,15,0,0
1,0.1,910,15,0,0
1,0.1,911,15,0,0
1,0.1,912,15,0,0
1,0.1,913,15,0,0
1,0.1,914,15,0,0
1,0.1,915,15,0,0
1,0.1,916,15,0,0
1,0.1,917,15,0,0
1,0.1,918,15,0,0
1,0.1,919,15,0,0
1,0.1,920,15,0,0
1,0.1,921,15,0,0
1,0.1,922,15,0,0
1,0.1,923,15,0,0
1,0.1,924,15,0,0
1,0.1,925,16,1,0
1,0.1,926,15,0,1
1,0.1,927,15,0,0
1,0.1,928,15,0,0
1,0.1,929,15,0,0
1,0.1,930,15,0,0
1,0.1,931,15,0,0
1,0.1,932,15,0,0
1,0.1,933,15,0,0
1,0.1,934,16,1,0
1,0.1,935,16,1,1
1,0.1,936,15,0,1
1,0.1,937,15,0,0
1,0.1,938,15,0,0
1,0.1,939,15,0,0
1,0.1,940,15,0,0
1,0.1,941,15,0,0
1,0.1,942,15,0,0
1,0.1,943,15,0,0
1,0.1,944,15,0,0
1,0.1,945,15,0,0
1,0.1,946,15,0,0
1,0.1,947,15,0,0
1,0.1,948,15,0,0
1,0.1,949,16,1,0
1,0.1,950,15,0,1
1,0.1,951,15,0,0
1,0.1,952,15,0,0
1,0.1,953,15,0,0
1,0.1,954,15,0,0
1,0.1,955,16,1,0
1,0.1,956,15,0,1
1,0.1,957,15,0,0
1,0.1,958,16,1,0
1,0.1,959,16,0,0
1,0.1,960,17,1,0
1,0.1,961,15,0,2
1,0.1,962,16,1,0
1,0.1,963,17,1,0
1,0.1,964,15,0,2
1,0.1,965,16,1,0
1,0.1,966,17,2,1
1,0.1,967,16,0,1
1,0.1,968,16,0,0
1,0.1,969,15,0,1
1,0.1,970,16,1,0
1,0.1,971,16,0,0
1,0.1,972,16,0,0
1,0.1,973,16,0,0
1,0.1,974,17,1,0
1,0.1,975,17,0,0
1,0.1,976,18,1,0
1,0.1,977,17,0,1
1,0.1,978,17,1,1
1,0.1,979,16,0,1
1,0.1,980,18,2,0
1,0.1,981,17,0,1
1,0.1,982,16,0,1
1,0.1,983,16,0,0
1,0.1,984,17,1,0
1,0.1,985,18,1,0
1,0.1,986,18,0,0
1,0.1,987,17,0,1
1,0.1,988,17,0,0
1,0.1,989,17,0,0
1,0.1,990,16,0,1
1,0.1,991,16,0,0
1,0.1,992,17,1,0
1,0.1,993,16,0,1
1,0.1,994,16,0,0
1,0.1,995,16,0,0
1,0.1,996,16,0,0
1,0.1,997,16,0,0
1,0.1,998,16,0,0
1,0.1,999,16,0,0
1,0.1,1000,16,0,0
1,0.1,1001,16,0,0
1,0.1,1002,16,0,0
1,0.1,1003,16,0,0
1,0.1,1004,16,0,0
1,0.1,1005,16,0,0
1,0.1,1006,16,0,0
1,0.1,1007,16,0,0
1,0.1,1008,16,0,0
1,0.1,1009,16,0,0
1,0.1,1010,17,1,0
1,0.1,1011,16,0,1
1,0.1,1012,16,0,0
1,0.1,1013,16,0,0
1,0.1,1014,16,0,0
1,0.1,1015,17,1,0
1,0.1,1016,16,0,1
1,0.1,1017,17,1,0
1,0.1,1018,16,0,1
1,0.1,1019,16,0,0
1,0.1,1020,16,0,0
1,0.1,1021,16,0,0
1,0.1,1022,16,0,0
1,0.1,1023,16,0,0
1,0.1,1024,17,1,0
1,0.1,1025,17,0,0
1,0.1,1026,17,0,0
1,0.1,1027,16,0,1
1,0.1,1028,16,0,0
1,0.1,1029,17,1,0
1,0.1,1030,17,1,1
1,0.1,1031,17,1,1
1,0.1,1032,16,0,1
1,0.1,1033,17,1,0
1,0.1,1034,16,0,1
1,0.1,1035,16,0,0
1,0.1,1036,16,0,0
1,0.1,1037,16,0,0
1,0.1,1038,17,1,0
1,0.1,1039,16,0,1
1,0.1,1040,16,0,0
1,0.1,1041,17,1,0
1,0.1,1042,16,0,1
1,0.1,1043,17,1,0
1,0.1,1044,16,0,1
1,0.1,1045,17,1,0
1,0.1,1046,16,0,1
1,0.1,1047,16,0,0
1,0.1,1048,16,0,0
1,0.1,1049,17,1,0
1,0.1,1050,16,0,1
1,0.1,1051,16,0,0
1,0.1,1052,16,0,0
1,0.1,1053,16,0,0
1,0.1,1054,16,0,0
1,0.1,1055,17,1,0
1,0.1,1056,16,0,1
1,0.1,1057,16,0,0
1,0.1,1058,16,0,0
1,0.1,1059,16,0,0
1,0.1,1060,16,0,0
1,0.1,1061,17,1,0
1,0.1,1062,16,0,1
1,0.1,1063,16,0,0
1,0.1,1064,18,2,0
1,0.1,1065,16,0,2
1,0.1,1066,17,1,0
1,0.1,1067,17,0,0
1,0.1,1068,17,0,0
1,0.1,1069,17,0,0
1,0.1,1070,17,0,0
1,0.1,1071,17,0,0
1,0.1,1072,17,0,0
1,0.1,1073,17,0,0
1,0.1,1074,17,0,0
1,0.1,1075,17,0,0
1,0.1,1076,17,0,0
1,0.1,1077,17,0,0
1,0.1,1078,17,0,0
1,0.1,1079,17,0,0
1,0.1,1080,17,0,0
1,0.1,1081,17,0,0
1,0.1,1082,17,0,0
1,0.1,1083,17,0,0
1,0.1,1084,17,0,0
1,0.1,1085,17,0,0
1,0.1,1086,17,0,0
1,0.1,1087,17,0,0
1,0.1,1088,17,0,0
1,0.1,1089,17,0,0
1,0.1,1090,17,0,0
1,0.1,1091,17,0,0
1,0.1,1092,17,0,0
1,0.1,1093,17,0,0
1,0.1,1094,16,0,1
1,0.1,1095,15,0,1
1,0.1,1096,16,1,0
1,0.1,1097,16,1,1
1,0.1,1098,17,1,0
1,0.1,1099,17,0,0
1,0.1,1100,17,0,0
1,0.1,1101,17,0,0
1,0.1,1102,15,0,2
1,0.1,1103,15,0,0
1,0.1,1104,16,1,0
1,0.1,1105,16,0,0
1,0.1,1106,16,0,0
1,0.1,1107,17,1,0
1,0.1,1108,16,0,1
1,0.1,1109,16,0,0
1,0.1,1110,16,0,0
1,0.1,1111,15,0,1
1,0.1,1112,16,1,0
1,0.1,1113,16,0,0
1,0.1,1114,16,0,0
1,0.1,1115,16,0,0
1,0.1,1116,16,0,0
1,0.1,1117,16,0,0
1,0.1,1118,16,0,0
1,0.1,1119,16,0,0
1,0.1,1120,16,0,0
1,0.1,1121,16,0,0
1,0.1,1122,16,0,0
1,0.1,1123,16,0,0
1,0.1,1124,16,0,0
1,0.1,1125,16,0,0
1,0.1,1126,16,0,0
1,0.1,1127,16,0,0
1,0.1,1128,16,0,0
1,0.1,1129,16,0,0
1,0.1,1130,16,0,0
1,0.1,1131,16,0,0
1,0.1,1132,16,0,0
1,0.1,1133,16,0,0
1,0.1,1134,17,1,0
1,0.1,1135,16,0,1
1,0.1,1136,16,0,0
1,0.1,1137,17,1,0
1,0.1,1138,17,0,0
1,0.1,1139,16,0,1
1,0.1,1140,16,0,0
1,0.1,1141,16,0,0
1,0.1,1142,16,0,0
1,0.1,1143,16,0,0
1,0.1,1144,16,0,0
1,0.1,1145,16,0,0
1,0.1,1146,16,0,0
1,0.1,1147,17,1,0
1,0.1,1148,17,0,0
1,0.1,1149,16,0,1
1,0.1,1150,16,0,0
1,0.1,1151,16,0,0
1,0.1,1152,16,0,0
1,0.1,1153,16,0,0
1,0.1,1154,16,0,0
1,0.1,1155,16,0,0
1,0.1,1156,16,0,0
1,0.1,1157,17,1,0
1,0.1,1158,16,0,1
1,0.1,1159,17,1,0
1,0.1,1160,17,0,0
1,0.1,1161,16,0,1
1,0.1,1162,16,0,0
1,0.1,1163,17,1,0
1,0.1,1164,16,0,1
1,0.1,1165,16,0,0
1,0.1,1166,16,0,0
1,0.1,1167,17,1,0
1,0.1,1168,16,0,1
1,0.1,1169,17,1,0
1,0.1,1170,17,0,0
1,0.1,1171,17,0,0
1,0.1,1172,17,0,0
1,0.1,1173,17,0,0
1,0.1,1174,17,0,0
1,0.1,1175,17,0,0
1,0.1,1176,17,0,0
1,0.1,1177,17,0,0
1,0.1,1178,16,0,1
1,0.1,1179,16,0,0
1,0.1,1180,17,1,0
1,0.1,1181,17,0,0
1,0.1,1182,17,0,0
1,0.1,1183,17,0,0
1,0.1,1184,17,0,0
1,0.1,1185,17,0,0
1,0.1,1186,17,0,0
1,0.1,1187,17,0,0
1,0.1,1188,17,0,0
1,0.1,1189,17,0,0
1,0.1,1190,17,0,0
1,0.1,1191,17,0,0
1,0.1,1192,17,0,0
1,0.1,1193,17,0,0
1,0.1,1194,17,0,0
1,0.1,1195,17,0,0
1,0.1,1196,17,0,0
1,0.1,1197,17,0,0
1,0.1,1198,17,0,0
1,0.1,1199,17,0,0
1,0.1,1200,17,0,0
1,0.1,1201,17,0,0
1,0.1,1202,17,0,0
1,0.1,1203,17,0,0
1,0.1,1204,17,0,0
1,0.1,1205,17,0,0
1,0.1,1206,17,0,0
1,0.1,1207,17,1,1
1,0.1,1208,18,1,0
1,0.1,1209,17,0,1
1,0.1,1210,17,0,0
1,0.1,1211,17,0,0
1,0.1,1212,17,0,0
1,0.1,1213,17,0,0
1,0.1,1214,16,0,1
1,0.1,1215,17,1,0
1,0.1,1216,17,0,0
1,0.1,1217,17,0,0
1,0.1,1218,17,0,0
1,0.1,1219,17,0,0
1,0.1,1220,17,0,0
1,0.1,1221,16,0,1
1,0.1,1222,16,0,0
1,0.1,1223,17,1,0
1,0.1,1224,17,0,0
1,0.1,1225,17,0,0
1,0.1,1226,17,0,0
1,0.1,1227,17,0,0
1,0.1,1228,17,0,0
1,0.1,1229,17,0,0
1,0.1,1230,17,0,0
1,0.1,1231,17,0,0
1,0.1,1232,17,0,0
1,0.1,1233,17,0,0
1,0.1,1234,17,0,0
1,0.1,1235,17,0,0
1,0.1,1236,17,0,0
1,0.1,1237,17,0,0
1,0.1,1238,17,0,0
1,0.1,1239,17,0,0
1,0.1,1240,16,0,1
1,0.1,1241,17,1,0
1,0.1,1242,17,0,0
1,0.1,1243,17,0,0
1,0.1,1244,17,0,0
1,0.1,1245,17,0,0
1,0.1,1246,17,0,0
1,0.1,1247,17,0,0
1,0.1,1248,17,0,0
1,0.1,1249,17,0,0
1,0.1,1250,17,0,0
1,0.1,1251,17,0,0
1,0.1,1252,17,0,0
1,0.1,1253,17,0,0
1,0.1,1254,17,0,0
1,0.1,1255,17,0,0
1,0.1,1256,17,0,0
1,0.1,1257,17,0,0
1,0.1,1258,17,0,0
1,0.1,1259,18,1,0
1,0.1,1260,17,0,1
1,0.1,1261,17,0,0
1,0.1,1262,17,0,0
1,0.1,1263,17,0,0
1,0.1,1264,17,0,0
1,0.1,1265,16,0,1
1,0.1,1266,16,0,0
1,0.1,1267,15,0,1
1,0.1,1268,16,1,0
1,0.1,1269,17,1,0
1,0.1,1270,16,0,1
1,0.1,1271,16,0,0
1,0.1,1272,17,1,0
1,0.1,1273,18,1,0
1,0.1,1274,17,0,1
1,0.1,1275,17,0,0
1,0.1,1276,18,1,0
1,0.1,1277,17,0,1
1,0.1,1278,17,0,0
1,0.1,1279,17,0,0
1,0.1,1280,17,0,0
1,0.1,1281,17,0,0
1,0.1,1282,17,0,0
1,0.1,1283,17,0,0
1,0.1,1284,17,0,0
1,0.1,1285,17,0,0
1,0.1,1286,18,1,0
1,0.1,1287,17,0,1
1,0.1,1288,17,0,0
1,0.1,1289,17,0,0
1,0.1,1290,17,0,0
1,0.1,1291,17,0,0
1,0.1,1292,17,0,0
1,0.1,1293,17,0,0
1,0.1,1294,17,0,0
1,0.1,1295,18,1,0
1,0.1,1296,17,0,1
1,0.1,1297,17,0,0
1,0.1,1298,17,0,0
1,0.1,1299,17,0,0
1,0.1,1300,17,0,0
1,0.1,1301,18,1,0
1,0.1,1302,18,1,1
1,0.1,1303,17,0,1
1,0.1,1304,17,0,0
1,0.1,1305,17,0,0
1,0.1,1306,17,0,0
1,0.1,1307,17,0,0
1,0.1,1308,17,0,0
1,0.1,1309,17,0,0
1,0.1,1310,17,0,0
1,0.1,1311,17,0,0
1,0.1,1312,17,0,0
1,0.1,1313,17,0,0
1,0.1,1314,17,0,0
1,0.1,1315,17,0,0
1,0.1,1316,17,0,0
1,0.1,1317,17,0,0
1,0.1,1318,17,0,0
1,0.1,1319,17,0,0
1,0.1,1320,17,0,0
1,0.1,1321,17,0,0
1,0.1,1322,17,0,0
1,0.1,1323,17,0,0
1,0.1,1324,17,0,0
1,0.1,1325,17,0,0
1,0.1,1326,18,1,0
1,0.1,1327,17,0,1
1,0.1,1328,17,0,0
1,0.1,1329,17,0,0
1,0.1,1330,17,0,0
1,0.1,1331,17,0,0
1,0.1,1332,17,0,0
1,0.1,1333,17,0,0
1,0.1,1334,17,0,0
1,0.1,1335,17,0,0
1,0.1,1336,17,0,0
1,0.1,1337,17,0,0
1,0.1,1338,17,0,0
1,0.1,1339,17,0,0
1,0.1,1340,17,0,0
1,0.1,1341,17,0,0
1,0.1,1342,17,0,0
1,0.1,1343,17,0,0
1,0.1,1344,17,0,0
1,0.1,1345,17,0,0
1,0.1,1346,17,0,0
1,0.1,1347,17,0,0
1,0.1,1348,17,0,0
1,0.1,1349,17,0,0
1,0.1,1350,17,0,0
1,0.1,1351,17,0,0
1,0.1,1352,17,0,0
1,0.1,1353,17,0,0
1,0.1,1354,17,0,0
1,0.1,1355,17,0,0
1,0.1,1356,17,0,0
1,0.1,1357,17,0,0
1,0.1,1358,17,0,0
1,0.1,1359,17,0,0
1,0.1,1360,17,0,0
1,0.1,1361,18,1,0
1,0.1,1362,17,0,1
1,0.1,1363,17,0,0
1,0.1,1364,17,0,0
1,0.1,1365,17,0,0
1,0.1,1366,17,0,0
1,0.1,1367,17,0,0
1,0.1,1368,17,0,0
1,0.1,1369,17,0,0
1,0.1,1370,17,0,0
1,0.1,1371,17,0,0
1,0.1,1372,17,0,0
1,0.1,1373,17,0,0
1,0.1,1374,17,0,0
1,0.1,1375,17,0,0
1,0.1,1376,18,1,0
1,0.1,1377,17,0,1
1,0.1,1378,17,0,0
1,0.1,1379,17,0,0
1,0.1,1380,17,0,0
1,0.1,1381,17,0,0
1,0.1,1382,17,0,0
1,0.1,1383,17,0,0
1,0.1,1384,17,0,0
1,0.1,1385,18,1,0
1,0.1,1386,17,0,1
1,0.1,1387,18,1,0
1,0.1,1388,17,0,1
1,0.1,1389,17,0,0
1,0.1,1390,17,0,0
1,0.1,1391,17,0,0
1,0.1,1392,17,0,0
1,0.1,1393,17,0,0
1,0.1,1394,18,1,0
1,0.1,1395,17,0,1
1,0.1,1396,17,0,0
1,0.1,1397,17,0,0
1,0.1,1398,17,0,0
1,0.1,1399,18,1,0
1,0.1,1400,17,0,1
1,0.1,1401,17,0,0
1,0.1,1402,17,0,0
1,0.1,1403,17,0,0
1,0.1,1404,17,0,0
1,0.1,1405,17,0,0
1,0.1,1406,18,1,0
1,0.1,1407,18,0,0
1,0.1,1408,17,0,1
1,0.1,1409,18,1,0
1,0.1,1410,17,0,1
1,0.1,1411,17,0,0
1,0.1,1412,17,0,0
1,0.1,1413,17,0,0
1,0.1,1414,17,0,0
1,0.1,1415,17,0,0
1,0.1,1416,17,0,0
1,0.1,1417,17,0,0
1,0.1,1418,17,0,0
1,0.1,1419,17,0,0
1,0.1,1420,17,0,0
1,0.1,1421,17,0,0
1,0.1,1422,17,0,0
1,0.1,1423,17,0,0
1,0.1,1424,17,0,0
1,0.1,1425,17,0,0
1,0.1,1426,17,0,0
1,0.1,1427,17,0,0
1,0.1,1428,17,0,0
1,0.1,1429,18,1,0
1,0.1,1430,17,0,1
1,0.1,1431,17,0,0
1,0.1,1432,17,0,0
1,0.1,1433,17,0,0
1,0.1,1434,17,0,0
1,0.1,1435,17,0,0
1,0.1,1436,17,0,0
1,0.1,1437,17,0,0
1,0.1,1438,17,0,0
1,0.1,1439,17,0,0
1,0.1,1440,17,0,0
1,0.1,1441,17,0,0
1,0.1,1442,17,0,0
1,0.1,1443,17,0,0
1,0.1,1444,17,0,0
1,0.1,1445,17,0,0
1,0.1,1446,17,0,0
1,0.1,1447,17,0,0
1,0.1,1448,17,0,0
1,0.1,1449,17,0,0
1,0.1,1450,17,0,0
1,0.1,1451,18,1,0
1,0.1,1452,17,0,1
1,0.1,1453,17,0,0
1,0.1,1454,18,1,0
1,0.1,1455,17,0,1
1,0.1,1456,17,0,0
1,0.1,1457,17,0,0
1,0.1,1458,17,0,0
1,0.1,1459,18,1,0
1,0.1,1460,17,0,1
1,0.1,1461,17,0,0
1,0.1,1462,17,0,0
1,0.1,1463,18,1,0
1,0.1,1464,17,0,1
1,0.1,1465,17,0,0
1,0.1,1466,19,2,0
1,0.1,1467,17,0,2
1,0.1,1468,17,0,0
1,0.1,1469,18,1,0
1,0.1,1470,17,0,1
1,0.1,1471,17,0,0
1,0.1,1472,17,0,0
1,0.1,1473,17,0,0
1,0.1,1474,19,2,0
1,0.1,1475,17,0,2
1,0.1,1476,18,1,0
1,0.1,1477,19,2,1
1,0.1,1478,18,1,2
1,0.1,1479,18,1,1
1,0.1,1480,17,0,1
1,0.1,1481,18,1,0
1,0.1,1482,17,0,1
1,0.1,1483,17,0,0
1,0.1,1484,17,0,0
1,0.1,1485,17,0,0
1,0.1,1486,18,1,0
1,0.1,1487,18,1,1
1,0.1,1488,17,0,1
1,0.1,1489,18,1,0
1,0.1,1490,18,0,0
1,0.1,1491,17,0,1
1,0.1,1492,18,1,0
1,0.1,1493,17,0,1
1,0.1,1494,17,0,0
1,0.1,1495,18,1,0
1,0.1,1496,17,0,1
1,0.1,1497,17,0,0
1,0.1,1498,19,2,0
1,0.1,1499,17,0,2
1,0.1,1500,18,1,0
1,0.2,0,17,0,0
1,0.2,1,69,56,4
1,0.2,2,75,18,12
1,0.2,3,61,9,23
1,0.2,4,60,15,16
1,0.2,5,70,18,8
1,0.2,6,79,14,5
1,0.2,7,73,1,7
1,0.2,8,62,2,13
1,0.2,9,35,6,33
1,0.2,10,68,37,4
1,0.2,11,66,5,7
1,0.2,12,68,4,2
1,0.2,13,69,4,3
1,0.2,14,67,4,6
1,0.2,15,63,4,8
1,0.2,16,70,11,4
1,0.2,17,65,2,7
1,0.2,18,67,6,4
1,0.2,19,68,6,5
1,0.2,20,69,3,2
1,0.2,21,64,3,8
1,0.2,22,69,6,1
1,0.2,23,67,0,2
1,0.2,24,64,1,4
1,0.2,25,64,2,2
1,0.2,26,65,2,1
1,0.2,27,60,0,5
1,0.2,28,63,3,0
1,0.2,29,62,0,1
1,0.2,30,60,0,2
1,0.2,31,60,1,1
1,0.2,32,57,0,3
1,0.2,33,57,0,0
1,0.2,34,49,0,8
1,0.2,35,54,7,2
1,0.2,36,54,1,1
1,0.2,37,54,1,1
1,0.2,38,52,0,2
1,0.2,39,54,4,2
1,0.2,40,50,1,5
1,0.2,41,50,4,4
1,0.2,42,51,3,2
1,0.2,43,44,1,8
1,0.2,44,48,5,1
1,0.2,45,51,5,2
1,0.2,46,51,2,2
1,0.2,47,48,0,3
1,0.2,48,47,2,3
1,0.2,49,43,2,6
1,0.2,50,39,1,5
1,0.2,51,46,9,2
1,0.2,52,45,1,2
1,0.2,53,45,4,4
1,0.2,54,43,1,3
1,0.2,55,48,6,1
1,0.2,56,44,1,5
1,0.2,57,43,1,2
1,0.2,58,41,2,4
1,0.2,59,41,1,1
1,0.2,60,42,1,0
1,0.2,61,43,1,0
1,0.2,62,40,0,3
1,0.2,63,41,2,1
1,0.2,64,41,2,2
1,0.2,65,41,1,1
1,0.2,66,42,2,1
1,0.2,67,42,0,0
1,0.2,68,40,0,2
1,0.2,69,40,0,0
1,0.2,70,40,0,0
1,0.2,71,42,2,0
1,0.2,72,41,1,2
1,0.2,73,41,1,1
1,0.2,74,41,1,1
1,0.2,75,39,0,2
1,0.2,76,41,2,0
1,0.2,77,39,0,2
1,0.2,78,41,2,0
1,0.2,79,38,0,3
1,0.2,80,40,3,1
1,0.2,81,38,2,4
1,0.2,82,38,1,1
1,0.2,83,41,3,0
1,0.2,84,39,0,2
1,0.2,85,40,1,0
1,0.2,86,39,0,1
1,0.2,87,40,1,0
1,0.2,88,39,0,1
1,0.2,89,39,2,2
1,0.2,90,39,3,3
1,0.2,91,38,1,2
1,0.2,92,38,2,2
1,0.2,93,38,1,1
1,0.2,94,38,1,1
1,0.2,95,39,1,0
1,0.2,96,38,0,1
1,0.2,97,36,2,4
1,0.2,98,39,3,0
1,0.2,99,39,1,1
1,0.2,100,36,1,4
1,0.2,101,37,3,2
1,0.2,102,38,2,1
1,0.2,103,35,0,3
1,0.2,104,35,2,2
1,0.2,105,35,1,1
1,0.2,106,39,4,0
1,0.2,107,37,0,2
1,0.2,108,36,0,1
1,0.2,109,36,1,1
1,0.2,110,35,1,2
1,0.2,111,33,0,2
1,0.2,112,35,3,1
1,0.2,113,34,1,2
1,0.2,114,34,3,3
1,0.2,115,35,1,0
1,0.2,116,34,1,2
1,0.2,117,34,1,1
1,0.2,118,34,0,0
1,0.2,119,33,0,1
1,0.2,120,32,0,1
1,0.2,121,35,3,0
1,0.2,122,31,0,4
1,0.2,123,32,1,0
1,0.2,124,31,0,1
1,0.2,125,35,4,0
1,0.2,126,32,1,4
1,0.2,127,32,0,0
1,0.2,128,32,0,0
1,0.2,129,33,1,0
1,0.2,130,34,2,1
1,0.2,131,32,0,2
1,0.2,132,32,0,0
1,0.2,133,32,0,0
1,0.2,134,32,0,0
1,0.2,135,32,1,1
1,0.2,136,34,3,1
1,0.2,137,33,1,2
1,0.2,138,33,1,1
1,0.2,139,31,0,2
1,0.2,140,33,2,0
1,0.2,141,31,0,2
1,0.2,142,32,1,0
1,0.2,143,32,1,1
1,0.2,144,32,1,1
1,0.2,145,31,0,1
1,0.2,146,31,0,0
1,0.2,147,31,0,0
1,0.2,148,32,1,0
1,0.2,149,32,1,1
1,0.2,150,32,1,1
1,0.2,151,32,1,1
1,0.2,152,31,1,2
1,0.2,153,31,0,0
1,0.2,154,30,0,1
1,0.2,155,30,0,0
1,0.2,156,31,1,0
1,0.2,157,31,0,0
1,0.2,158,31,0,0
1,0.2,159,31,0,0
1,0.2,160,29,0,2
1,0.2,161,30,1,0
1,0.2,162,30,0,0
1,0.2,163,31,1,0
1,0.2,164,29,0,2
1,0.2,165,30,1,0
1,0.2,166,30,0,0
1,0.2,167,27,0,3
1,0.2,168,30,3,0
1,0.2,169,29,2,3
1,0.2,170,30,1,0
1,0.2,171,30,0,0
1,0.2,172,29,1,2
1,0.2,173,29,1,1
1,0.2,174,30,1,0
1,0.2,175,27,0,3
1,0.2,176,26,0,1
1,0.2,177,28,2,0
1,0.2,178,30,2,0
1,0.2,179,28,0,2
1,0.2,180,30,2,0
1,0.2,181,28,1,3
1,0.2,182,28,2,2
1,0.2,183,27,0,1
1,0.2,184,28,1,0
1,0.2,185,25,0,3
1,0.2,186,29,4,0
1,0.2,187,28,1,2
1,0.2,188,27,0,1
1,0.2,189,27,0,0
1,0.2,190,26,0,1
1,0.2,191,29,3,0
1,0.2,192,27,0,2
1,0.2,193,26,0,1
1,0.2,194,27,1,0
1,0.2,195,21,0,6
1,0.2,196,24,6,3
1,0.2,197,27,4,1
1,0.2,198,23,0,4
1,0.2,199,22,0,1
1,0.2,200,19,0,3
1,0.2,201,23,4,0
1,0.2,202,23,1,1
1,0.2,203,23,4,4
1,0.2,204,23,2,2
1,0.2,205,23,1,1
1,0.2,206,24,1,0
1,0.2,207,24,0,0
1,0.2,208,22,0,2
1,0.2,209,24,3,1
1,0.2,210,23,1,2
1,0.2,211,23,1,1
1,0.2,212,23,1,1
1,0.2,213,22,0,1
1,0.2,214,23,2,1
1,0.2,215,22,2,3
1,0.2,216,22,1,1
1,0.2,217,22,1,1
1,0.2,218,24,2,0
1,0.2,219,21,0,3
1,0.2,220,21,0,0
1,0.2,221,21,0,0
1,0.2,222,22,1,0
1,0.2,223,22,1,1
1,0.2,224,22,1,1
1,0.2,225,22,0,0
1,0.2,226,21,0,1
1,0.2,227,22,1,0
1,0.2,228,22,0,0
1,0.2,229,21,0,1
1,0.2,230,21,0,0
1,0.2,231,22,1,0
1,0.2,232,22,0,0
1,0.2,233,22,0,0
1,0.2,234,21,0,1
1,0.2,235,22,1,0
1,0.2,236,22,0,0
1,0.2,237,22,0,0
1,0.2,238,22,0,0
1,0.2,239,23,1,0
1,0.2,240,22,0,1
1,0.2,241,23,1,0
1,0.2,242,23,0,0
1,0.2,243,23,0,0
1,0.2,244,22,0,1
1,0.2,245,23,1,0
1,0.2,246,23,1,1
1,0.2,247,22,0,1
1,0.2,248,23,1,0
1,0.2,249,22,0,1
1,0.2,250,22,0,0
1,0.2,251,23,1,0
1,0.2,252,22,0,1
1,0.2,253,22,0,0
1,0.2,254,22,0,0
1,0.2,255,22,0,0
1,0.2,256,22,0,0
1,0.2,257,21,0,1
1,0.2,258,22,1,0
1,0.2,259,21,0,1
1,0.2,260,21,0,0
1,0.2,261,22,1,0
1,0.2,262,21,0,1
1,0.2,263,21,0,0
1,0.2,264,22,1,0
1,0.2,265,22,0,0
1,0.2,266,22,0,0
1,0.2,267,21,0,1
1,0.2,268,18,0,3
1,0.2,269,20,2,0
1,0.2,270,20,0,0
1,0.2,271,20,0,0
1,0.2,272,19,0,1
1,0.2,273,20,1,0
1,0.2,274,21,1,0
1,0.2,275,19,0,2
1,0.2,276,20,1,0
1,0.2,277,20,1,1
1,0.2,278,20,1,1
1,0.2,279,20,0,0
1,0.2,280,20,0,0
1,0.2,281,20,0,0
1,0.2,282,20,0,0
1,0.2,283,21,1,0
1,0.2,284,20,0,1
1,0.2,285,20,0,0
1,0.2,286,20,0,0
1,0.2,287,20,0,0
1,0.2,288,20,0,0
1,0.2,289,20,0,0
1,0.2,290,20,0,0
1,0.2,291,20,0,0
1,0.2,292,21,1,0
1,0.2,293,20,0,1
1,0.2,294,20,0,0
1,0.2,295,16,0,4
1,0.2,296,17,1,0
1,0.2,297,16,0,1
1,0.2,298,19,3,0
1,0.2,299,19,0,0
1,0.2,300,19,0,0
1,0.2,301,18,0,1
1,0.2,302,20,2,0
1,0.2,303,18,0,2
1,0.2,304,19,1,0
1,0.2,305,18,0,1
1,0.2,306,18,0,0
1,0.2,307,19,1,0
1,0.2,308,18,0,1
1,0.2,309,18,0,0
1,0.2,310,18,0,0
1,0.2,311,18,0,0
1,0.2,312,18,0,0
1,0.2,313,18,0,0
1,0.2,314,18,0,0
1,0.2,315,18,0,0
1,0.2,316,19,1,0
1,0.2,317,18,0,1
1,0.2,318,19,1,0
1,0.2,319,18,0,1
1,0.2,320,18,0,0
1,0.2,321,18,0,0
1,0.2,322,18,0,0
1,0.2,323,18,0,0
1,0.2,324,18,0,0
1,0.2,325,18,0,0
1,0.2,326,18,0,0
1,0.2,327,18,0,0
1,0.2,328,18,0,0
1,0.2,329,19,1,0
1,0.2,330,19,1,1
1,0.2,331,18,0,1
1,0.2,332,18,0,0
1,0.2,333,19,1,0
1,0.2,334,18,0,1
1,0.2,335,18,0,0
1,0.2,336,18,0,0
1,0.2,337,18,0,0
1,0.2,338,18,0,0
1,0.2,339,18,0,0
1,0.2,340,18,0,0
1,0.2,341,18,0,0
1,0.2,342,18,0,0
1,0.2,343,18,0,0
1,0.2,344,18,0,0
1,0.2,345,18,0,0
1,0.2,346,18,0,0
1,0.2,347,18,0,0
1,0.2,348,18,0,0
1,0.2,349,18,0,0
1,0.2,350,19,1,0
1,0.2,351,18,0,1
1,0.2,352,20,2,0
1,0.2,353,19,1,2
1,0.2,354,19,1,1
1,0.2,355,18,0,1
1,0.2,356,18,0,0
1,0.2,357,18,0,0
1,0.2,358,18,0,0
1,0.2,359,19,1,0
1,0.2,360,18,0,1
1,0.2,361,18,0,0
1,0.2,362,18,0,0
1,0.2,363,18,0,0
1,0.2,364,18,0,0
1,0.2,365,19,1,0
1,0.2,366,18,0,1
1,0.2,367,18,0,0
1,0.2,368,18,0,0
1,0.2,369,18,0,0
1,0.2,370,18,0,0
1,0.2,371,18,0,0
1,0.2,372,18,0,0
1,0.2,373,19,1,0
1,0.2,374,18,0,1
1,0.2,375,18,0,0
1,0.2,376,18,0,0
1,0.2,377,18,0,0
1,0.2,378,18,0,0
1,0.2,379,18,0,0
1,0.2,380,18,0,0
1,0.2,381,18,0,0
1,0.2,382,18,0,0
1,0.2,383,19,1,0
1,0.2,384,18,0,1
1,0.2,385,18,0,0
1,0.2,386,18,0,0
1,0.2,387,18,0,0
1,0.2,388,16,0,2
1,0.2,389,18,2,0
1,0.2,390,16,0,2
1,0.2,391,18,2,0
1,0.2,392,18,0,0
1,0.2,393,18,0,0
1,0.2,394,17,0,1
1,0.2,395,17,1,1
1,0.2,396,17,1,1
1,0.2,397,17,0,0
1,0.2,398,18,1,0
1,0.2,399,18,0,0
1,0.2,400,15,0,3
1,0.2,401,17,2,0
1,0.2,402,17,1,1
1,0.2,403,18,1,0
1,0.2,404,15,0,3
1,0.2,405,18,3,0
1,0.2,406,18,0,0
1,0.2,407,18,1,1
1,0.2,408,18,1,1
1,0.2,409,17,0,1
1,0.2,410,18,1,0
1,0.2,411,19,1,0
1,0.2,412,18,0,1
1,0.2,413,18,0,0
1,0.2,414,18,0,0
1,0.2,415,18,0,0
1,0.2,416,18,0,0
1,0.2,417,18,0,0
1,0.2,418,18,0,0
1,0.2,419,18,0,0
1,0.2,420,18,0,0
1,0.2,421,16,0,2
1,0.2,422,16,0,0
1,0.2,423,16,0,0
1,0.2,424,17,1,0
1,0.2,425,17,0,0
1,0.2,426,16,0,1
1,0.2,427,16,0,0
1,0.2,428,16,0,0
1,0.2,429,16,0,0
1,0.2,430,16,0,0
1,0.2,431,16,0,0
1,0.2,432,16,0,0
1,0.2,433,16,0,0
1,0.2,434,18,2,0
1,0.2,435,17,0,1
1,0.2,436,16,0,1
1,0.2,437,16,0,0
1,0.2,438,16,0,0
1,0.2,439,16,0,0
1,0.2,440,16,0,0
1,0.2,441,16,0,0
1,0.2,442,16,0,0
1,0.2,443,16,0,0
1,0.2,444,16,0,0
1,0.2,445,16,0,0
1,0.2,446,16,0,0
1,0.2,447,16,0,0
1,0.2,448,16,0,0
1,0.2,449,16,0,0
1,0.2,450,16,0,0
1,0.2,451,16,0,0
1,0.2,452,16,0,0
1,0.2,453,17,1,0
1,0.2,454,16,0,1
1,0.2,455,16,0,0
1,0.2,456,16,0,0
1,0.2,457,16,0,0
1,0.2,458,16,0,0
1,0.2,459,16,0,0
1,0.2,460,16,0,0
1,0.2,461,16,0,0
1,0.2,462,16,0,0
1,0.2,463,16,0,0
1,0.2,464,16,0,0
1,0.2,465,16,0,0
1,0.2,466,16,0,0
1,0.2,467,16,0,0
1,0.2,468,16,0,0
1,0.2,469,16,0,0
1,0.2,470,16,0,0
1,0.2,471,16,0,0
1,0.2,472,16,0,0
1,0.2,473,16,0,0
1,0.2,474,17,1,0
1,0.2,475,16,0,1
1,0.2,476,17,1,0
1,0.2,477,16,0,1
1,0.2,478,16,0,0
1,0.2,479,16,0,0
1,0.2,480,16,0,0
1,0.2,481,16,0,0
1,0.2,482,16,0,0
1,0.2,483,16,0,0
1,0.2,484,17,1,0
1,0.2,485,16,0,1
1,0.2,486,16,0,0
1,0.2,487,16,0,0
1,0.2,488,16,0,0
1,0.2,489,17,1,0
1,0.2,490,17,1,1
1,0.2,491,16,0,1
1,0.2,492,16,0,0
1,0.2,493,16,0,0
1,0.2,494,16,0,0
1,0.2,495,16,0,0
1,0.2,496,16,0,0
1,0.2,497,16,0,0
1,0.2,498,16,0,0
1,0.2,499,16,0,0
1,0.2,500,16,0,0
1,0.2,501,16,0,0
1,0.2,502,16,0,0
1,0.2,503,16,0,0
1,0.2,504,16,0,0
1,0.2,505,16,0,0
1,0.2,506,16,0,0
1,0.2,507,16,0,0
1,0.2,508,16,0,0
1,0.2,509,16,0,0
1,0.2,510,16,0,0
1,0.2,511,16,0,0
1,0.2,512,16,0,0
1,0.2,513,16,0,0
1,0.2,514,16,0,0
1,0.2,515,16,0,0
1,0.2,516,16,0,0
1,0.2,517,16,0,0
1,0.2,518,16,0,0
1,0.2,519,16,0,0
1,0.2,520,16,0,0
1,0.2,521,16,0,0
1,0.2,522,16,0,0
1,0.2,523,16,0,0
1,0.2,524,16,0,0
1,0.2,525,16,0,0
1,0.2,526,16,0,0
1,0.2,527,16,0,0
1,0.2,528,16,0,0
1,0.2,529,16,0,0
1,0.2,530,16,0,0
1,0.2,531,17,1,0
1,0.2,532,16,0,1
1,0.2,533,16,0,0
1,0.2,534,16,0,0
1,0.2,535,16,0,0
1,0.2,536,16,0,0
1,0.2,537,16,0,0
1,0.2,538,16,0,0
1,0.2,539,16,0,0
1,0.2,540,16,0,0
1,0.2,541,16,0,0
1,0.2,542,16,0,0
1,0.2,543,16,0,0
1,0.2,544,17,1,0
1,0.2,545,16,0,1
1,0.2,546,16,0,0
1,0.2,547,16,0,0
1,0.2,548,16,0,0
1,0.2,549,16,0,0
1,0.2,550,16,0,0
1,0.2,551,16,0,0
1,0.2,552,17,1,0
1,0.2,553,17,0,0
1,0.2,554,16,0,1
1,0.2,555,17,1,0
1,0.2,556,16,0,1
1,0.2,557,16,0,0
1,0.2,558,16,0,0
1,0.2,559,17,1,0
1,0.2,560,16,0,1
1,0.2,561,16,0,0
1,0.2,562,17,1,0
1,0.2,563,16,0,1
1,0.2,564,16,0,0
1,0.2,565,16,0,0
1,0.2,566,16,1,1
1,0.2,567,16,0,0
1,0.2,568,16,1,1
1,0.2,569,16,0,0
1,0.2,570,16,0,0
1,0.2,571,16,0,0
1,0.2,572,16,0,0
1,0.2,573,16,0,0
1,0.2,574,16,0,0
1,0.2,575,17,1,0
1,0.2,576,16,0,1
1,0.2,577,17,1,0
1,0.2,578,16,0,1
1,0.2,579,16,0,0
1,0.2,580,16,0,0
1,0.2,581,16,0,0
1,0.2,582,16,0,0
1,0.2,583,16,0,0
1,0.2,584,16,0,0
1,0.2,585,15,1,2
1,0.2,586,16,2,1
1,0.2,587,17,1,0
1,0.2,588,17,0,0
1,0.2,589,15,0,2
1,0.2,590,14,0,1
1,0.2,591,15,1,0
1,0.2,592,15,0,0
1,0.2,593,16,1,0
1,0.2,594,15,0,1
1,0.2,595,15,0,0
1,0.2,596,15,0,0
1,0.2,597,15,0,0
1,0.2,598,15,0,0
1,0.2,599,15,0,0
1,0.2,600,15,0,0
1,0.2,601,15,0,0
1,0.2,602,15,0,0
1,0.2,603,17,2,0
1,0.2,604,17,0,0
1,0.2,605,15,0,2
1,0.2,606,15,0,0
1,0.2,607,16,1,0
1,0.2,608,17,1,0
1,0.2,609,16,0,1
1,0.2,610,16,0,0
1,0.2,611,16,0,0
1,0.2,612,16,0,0
1,0.2,613,16,1,1
1,0.2,614,16,1,1
1,0.2,615,15,0,1
1,0.2,616,15,0,0
1,0.2,617,16,1,0
1,0.2,618,16,1,1
1,0.2,619,16,0,0
1,0.2,620,15,0,1
1,0.2,621,16,1,0
1,0.2,622,16,0,0
1,0.2,623,15,0,1
1,0.2,624,16,1,0
1,0.2,625,16,0,0
1,0.2,626,16,0,0
1,0.2,627,16,0,0
1,0.2,628,15,0,1
1,0.2,629,16,1,0
1,0.2,630,16,0,0
1,0.2,631,16,0,0
1,0.2,632,16,0,0
1,0.2,633,15,0,1
1,0.2,634,15,0,0
1,0.2,635,16,1,0
1,0.2,636,15,0,1
1,0.2,637,16,1,0
1,0.2,638,16,0,0
1,0.2,639,16,0,0
1,0.2,640,16,0,0
1,0.2,641,15,0,1
1,0.2,642,15,0,0
1,0.2,643,17,2,0
1,0.2,644,15,0,2
1,0.2,645,15,0,0
1,0.2,646,15,0,0
1,0.2,647,15,0,0
1,0.2,648,15,0,0
1,0.2,649,15,0,0
1,0.2,650,15,0,0
1,0.2,651,15,0,0
1,0.2,652,16,1,0
1,0.2,653,15,0,1
1,0.2,654,17,2,0
1,0.2,655,17,0,0
1,0.2,656,15,0,2
1,0.2,657,16,1,0
1,0.2,658,15,0,1
1,0.2,659,16,1,0
1,0.2,660,16,0,0
1,0.2,661,16,0,0
1,0.2,662,16,0,0
1,0.2,663,15,0,1
1,0.2,664,16,1,0
1,0.2,665,16,0,0
1,0.2,666,15,0,1
1,0.2,667,16,1,0
1,0.2,668,15,0,1
1,0.2,669,16,1,0
1,0.2,670,16,0,0
1,0.2,671,16,0,0
1,0.2,672,16,0,0
1,0.2,673,16,0,0
1,0.2,674,16,0,0
1,0.2,675,16,0,0
1,0.2,676,16,0,0
1,0.2,677,17,1,0
1,0.2,678,16,0,1
1,0.2,679,15,0,1
1,0.2,680,16,1,0
1,0.2,681,16,0,0
1,0.2,682,15,0,1
1,0.2,683,16,1,0
1,0.2,684,16,0,0
1,0.2,685,16,0,0
1,0.2,686,16,0,0
1,0.2,687,16,0,0
1,0.2,688,16,0,0
1,0.2,689,16,0,0
1,0.2,690,16,0,0
1,0.2,691,16,0,0
1,0.2,692,16,1,1
1,0.2,693,16,1,1
1,0.2,694,16,0,0
1,0.2,695,16,0,0
1,0.2,696,15,0,1
1,0.2,697,15,0,0
1,0.2,698,15,0,0
1,0.2,699,15,0,0
1,0.2,700,15,0,0
1,0.2,701,15,0,0
1,0.2,702,15,0,0
1,0.2,703,15,0,0
1,0.2,704,15,0,0
1,0.2,705,15,0,0
1,0.2,706,15,0,0
1,0.2,707,15,0,0
1,0.2,708,15,0,0
1,0.2,709,15,0,0
1,0.2,710,15,0,0
1,0.2,711,15,0,0
1,0.2,712,15,0,0
1,0.2,713,15,0,0
1,0.2,714,15,0,0
1,0.2,715,15,0,0
1,0.2,716,15,0,0
1,0.2,717,15,0,0
1,0.2,718,15,0,0
1,0.2,719,15,0,0
1,0.2,720,15,0,0
1,0.2,721,15,0,0
1,0.2,722,15,0,0
1,0.2,723,15,0,0
1,0.2,724,15,0,0
1,0.2,725,16,1,0
1,0.2,726,15,0,1
1,0.2,727,15,0,0
1,0.2,728,16,1,0
1,0.2,729,15,0,1
1,0.2,730,16,1,0
1,0.2,731,15,0,1
1,0.2,732,15,0,0
1,0.2,733,15,0,0
1,0.2,734,16,1,0
1,0.2,735,15,0,1
1,0.2,736,15,0,0
1,0.2,737,15,0,0
1,0.2,738,15,0,0
1,0.2,739,15,0,0
1,0.2,740,15,0,0
1,0.2,741,16,1,0
1,0.2,742,15,0,1
1,0.2,743,15,0,0
1,0.2,744,15,0,0
1,0.2,745,15,0,0
1,0.2,746,15,0,0
1,0.2,747,15,0,0
1,0.2,748,15,0,0
1,0.2,749,16,1,0
1,0.2,750,15,0,1
1,0.2,751,16,1,0
1,0.2,752,16,1,1
1,0.2,753,15,0,1
1,0.2,754,16,1,0
1,0.2,755,16,0,0
1,0.2,756,16,0,0
1,0.2,757,16,0,0
1,0.2,758,16,0,0
1,0.2,759,16,0,0
1,0.2,760,15,0,1
1,0.2,761,15,0,0
1,0.2,762,15,0,0
1,0.2,763,16,1,0
1,0.2,764,16,0,0
1,0.2,765,16,0,0
1,0.2,766,15,0,1
1,0.2,767,16,1,0
1,0.2,768,15,0,1
1,0.2,769,15,0,0
1,0.2,770,15,0,0
1,0.2,771,15,0,0
1,0.2,772,15,0,0
1,0.2,773,15,0,0
1,0.2,774,15,0,0
1,0.2,775,15,0,0
1,0.2,776,15,0,0
1,0.2,777,15,0,0
1,0.2,778,15,0,0
1,0.2,779,15,0,0
1,0.2,780,15,0,0
1,0.2,781,15,0,0
1,0.2,782,15,0,0
1,0.2,783,16,1,0
1,0.2,784,15,0,1
1,0.2,785,15,0,0
1,0.2,786,15,0,0
1,0.2,787,15,0,0
1,0.2,788,15,0,0
1,0.2,789,15,0,0
1,0.2,790,15,0,0
1,0.2,791,16,1,0
1,0.2,792,15,0,1
1,0.2,793,16,1,0
1,0.2,794,16,1,1
1,0.2,795,15,0,1
1,0.2,796,15,0,0
1,0.2,797,15,0,0
1,0.2,798,15,0,0
1,0.2,799,15,0,0
1,0.2,800,15,0,0
1,0.2,801,15,0,0
1,0.2,802,15,0,0
1,0.2,803,16,1,0
1,0.2,804,16,0,0
1,0.2,805,15,0,1
1,0.2,806,15,0,0
1,0.2,807,15,0,0
1,0.2,808,15,0,0
1,0.2,809,15,0,0
1,0.2,810,15,0,0
1,0.2,811,15,0,0
1,0.2,812,16,1,0
1,0.2,813,15,0,1
1,0.2,814,15,0,0
1,0.2,815,15,0,0
1,0.2,816,15,0,0
1,0.2,817,16,1,0
1,0.2,818,16,0,0
1,0.2,819,15,0,1
1,0.2,820,15,0,0
1,0.2,821,16,1,0
1,0.2,822,15,0,1
1,0.2,823,15,0,0
1,0.2,824,15,0,0
1,0.2,825,15,0,0
1,0.2,826,15,0,0
1,0.2,827,15,0,0
1,0.2,828,15,0,0
1,0.2,829,15,0,0
1,0.2,830,15,0,0
1,0.2,831,15,0,0
1,0.2,832,16,1,0
1,0.2,833,15,0,1
1,0.2,834,15,0,0
1,0.2,835,15,0,0
1,0.2,836,15,0,0
1,0.2,837,15,0,0
1,0.2,838,15,0,0
1,0.2,839,16,1,0
1,0.2,840,15,0,1
1,0.2,841,15,0,0
1,0.2,842,15,0,0
1,0.2,843,15,0,0
1,0.2,844,15,0,0
1,0.2,845,15,0,0
1,0.2,846,15,0,0
1,0.2,847,15,0,0
1,0.2,848,15,0,0
1,0.2,849,15,0,0
1,0.2,850,16,1,0
1,0.2,851,15,0,1
1,0.2,852,15,0,0
1,0.2,853,15,0,0
1,0.2,854,15,0,0
1,0.2,855,15,0,0
1,0.2,856,15,0,0
1,0.2,857,15,0,0
1,0.2,858,15,0,0
1,0.2,859,15,0,0
1,0.2,860,15,0,0
1,0.2,861,15,0,0
1,0.2,862,15,0,0
1,0.2,863,15,0,0
1,0.2,864,15,0,0
1,0.2,865,15,0,0
1,0.2,866,15,0,0
1,0.2,867,15,0,0
1,0.2,868,15,0,0
1,0.2,869,15,0,0
1,0.2,870,15,0,0
1,0.2,871,15,0,0
1,0.2,872,15,0,0
1,0.2,873,15,0,0
1,0.2,874,15,0,0
1,0.2,875,15,0,0
1,0.2,876,15,0,0
1,0.2,877,15,0,0
1,0.2,878,15,0,0
1,0.2,879,15,0,0
1,0.2,880,15,0,0
1,0.2,881,15,0,0
1,0.2,882,15,0,0
1,0.2,883,15,0,0
1,0.2,884,15,0,0
1,0.2,885,15,0,0
1,0.2,886,15,0,0
1,0.2,887,15,0,0
1,0.2,888,15,0,0
1,0.2,889,15,0,0
1,0.2,890,15,0,0
1,0.2,891,15,0,0
1,0.2,892,15,0,0
1,0.2,893,15,0,0
1,0.2,894,15,0,0
1,0.2,895,15,0,0
1,0.2,896,15,0,0
1,0.2,897,15,0,0
1,0.2,898,15,0,0
1,0.2,899,15,0,0
1,0.2,900,15,0,0
1,0.2,901,16,1,0
1,0.2,902,15,0,1
1,0.2,903,15,0,0
1,0.2,904,15,0,0
1,0.2,905,15,0,0
1,0.2,906,16,1,0
1,0.2,907,15,0,1
1,0.2,908,15,0,0
1,0.2,909,15,0,0
1,0.2,910,15,0,0
1,0.2,911,15,0,0
1,0.2,912,15,0,0
1,0.2,913,15,0,0
1,0.2,914,15,0,0
1,0.2,915,15,0,0
1,0.2,916,15,0,0
1,0.2,917,15,0,0
1,0.2,918,15,0,0
1,0.2,919,15,0,0
1,0.2,920,15,0,0
1,0.2,921,15,0,0
1,0.2,922,15,0,0
1,0.2,923,15,0,0
1,0.2,924,15,0,0
1,0.2,925,16,1,0
1,0.2,926,15,0,1
1,0.2,927,15,0,0
1,0.2,928,15,0,0
1,0.2,929,15,0,0
1,0.2,930,15,0,0
1,0.2,931,15,0,0
1,0.2,932,16,1,0
1,0.2,933,15,0,1
1,0.2,934,16,1,0
1,0.2,935,16,1,1
1,0.2,936,15,0,1
1,0.2,937,15,0,0
1,0.2,938,15,0,0
1,0.2,939,15,0,0
1,0.2,940,15,0,0
1,0.2,941,15,0,0
1,0.2,942,15,0,0
1,0.2,943,15,0,0
1,0.2,944,15,0,0
1,0.2,945,15,0,0
1,0.2,946,15,0,0
1,0.2,947,15,0,0
1,0.2,948,16,1,0
1,0.2,949,16,1,1
1,0.2,950,16,1,1
1,0.2,951,15,0,1
1,0.2,952,15,0,0
1,0.2,953,15,0,0
1,0.2,954,15,0,0
1,0.2,955,16,1,0
1,0.2,956,15,0,1
1,0.2,957,15,0,0
1,0.2,958,16,1,0
1,0.2,959,16,0,0
1,0.2,960,17,1,0
1,0.2,961,17,0,0
1,0.2,962,17,0,0
1,0.2,963,17,0,0
1,0.2,964,17,0,0
1,0.2,965,17,1,1
1,0.2,966,17,1,1
1,0.2,967,17,0,0
1,0.2,968,16,0,1
1,0.2,969,17,1,0
1,0.2,970,16,0,1
1,0.2,971,17,1,0
1,0.2,972,16,0,1
1,0.2,973,17,1,0
1,0.2,974,17,1,1
1,0.2,975,18,1,0
1,0.2,976,18,0,0
1,0.2,977,18,0,0
1,0.2,978,18,1,1
1,0.2,979,17,1,2
1,0.2,980,18,1,0
1,0.2,981,17,0,1
1,0.2,982,17,0,0
1,0.2,983,17,1,1
1,0.2,984,18,1,0
1,0.2,985,18,0,0
1,0.2,986,18,0,0
1,0.2,987,17,0,1
1,0.2,988,17,0,0
1,0.2,989,17,0,0
1,0.2,990,18,1,0
1,0.2,991,17,0,1
1,0.2,992,17,1,1
1,0.2,993,16,0,1
1,0.2,994,16,0,0
1,0.2,995,16,0,0
1,0.2,996,16,0,0
1,0.2,997,16,0,0
1,0.2,998,16,0,0
1,0.2,999,16,0,0
1,0.2,1000,16,0,0
1,0.2,1001,16,0,0
1,0.2,1002,17,1,0
1,0.2,1003,16,0,1
1,0.2,1004,16,0,0
1,0.2,1005,16,0,0
1,0.2,1006,16,0,0
1,0.2,1007,16,0,0
1,0.2,1008,16,0,0
1,0.2,1009,16,0,0
1,0.2,1010,17,1,0
1,0.2,1011,16,0,1
1,0.2,1012,16,0,0
1,0.2,1013,16,0,0
1,0.2,1014,16,0,0
1,0.2,1015,17,1,0
1,0.2,1016,16,0,1
1,0.2,1017,17,1,0
1,0.2,1018,17,1,1
1,0.2,1019,16,0,1
1,0.2,1020,17,1,0
1,0.2,1021,16,0,1
1,0.2,1022,16,0,0
1,0.2,1023,18,2,0
1,0.2,1024,17,0,1
1,0.2,1025,18,1,0
1,0.2,1026,17,0,1
1,0.2,1027,16,0,1
1,0.2,1028,17,1,0
1,0.2,1029,17,1,1
1,0.2,1030,17,1,1
1,0.2,1031,18,1,0
1,0.2,1032,18,0,0
1,0.2,1033,18,1,1
1,0.2,1034,17,1,2
1,0.2,1035,16,0,1
1,0.2,1036,16,0,0
1,0.2,1037,17,1,0
1,0.2,1038,17,0,0
1,0.2,1039,16,0,1
1,0.2,1040,17,1,0
1,0.2,1041,18,1,0
1,0.2,1042,17,0,1
1,0.2,1043,17,0,0
1,0.2,1044,16,0,1
1,0.2,1045,17,1,0
1,0.2,1046,17,0,0
1,0.2,1047,16,0,1
1,0.2,1048,16,0,0
1,0.2,1049,17,1,0
1,0.2,1050,16,0,1
1,0.2,1051,16,0,0
1,0.2,1052,16,0,0
1,0.2,1053,16,0,0
1,0.2,1054,16,0,0
1,0.2,1055,17,1,0
1,0.2,1056,16,0,1
1,0.2,1057,16,0,0
1,0.2,1058,17,1,0
1,0.2,1059,16,0,1
1,0.2,1060,16,0,0
1,0.2,1061,17,1,0
1,0.2,1062,16,0,1
1,0.2,1063,17,1,0
1,0.2,1064,18,1,0
1,0.2,1065,18,1,1
1,0.2,1066,17,0,1
1,0.2,1067,17,0,0
1,0.2,1068,17,0,0
1,0.2,1069,17,0,0
1,0.2,1070,17,0,0
1,0.2,1071,17,0,0
1,0.2,1072,17,0,0
1,0.2,1073,17,0,0
1,0.2,1074,17,0,0
1,0.2,1075,17,0,0
1,0.2,1076,17,0,0
1,0.2,1077,17,0,0
1,0.2,1078,17,0,0
1,0.2,1079,17,0,0
1,0.2,1080,17,0,0
1,0.2,1081,17,0,0
1,0.2,1082,17,0,0
1,0.2,1083,17,0,0
1,0.2,1084,17,0,0
1,0.2,1085,17,0,0
1,0.2,1086,17,0,0
1,0.2,1087,17,0,0
1,0.2,1088,17,0,0
1,0.2,1089,17,0,0
1,0.2,1090,17,0,0
1,0.2,1091,17,0,0
1,0.2,1092,17,0,0
1,0.2,1093,17,0,0
1,0.2,1094,17,0,0
1,0.2,1095,16,0,1
1,0.2,1096,17,1,0
1,0.2,1097,17,0,0
1,0.2,1098,17,0,0
1,0.2,1099,17,0,0
1,0.2,1100,17,0,0
1,0.2,1101,17,0,0
1,0.2,1102,15,0,2
1,0.2,1103,16,1,0
1,0.2,1104,16,0,0
1,0.2,1105,16,0,0
1,0.2,1106,16,0,0
1,0.2,1107,17,1,0
1,0.2,1108,16,0,1
1,0.2,1109,16,0,0
1,0.2,1110,16,0,0
1,0.2,1111,16,0,0
1,0.2,1112,16,0,0
1,0.2,1113,16,0,0
1,0.2,1114,16,0,0
1,0.2,1115,16,0,0
1,0.2,1116,17,1,0
1,0.2,1117,16,0,1
1,0.2,1118,16,0,0
1,0.2,1119,16,0,0
1,0.2,1120,17,1,0
1,0.2,1121,16,0,1
1,0.2,1122,16,0,0
1,0.2,1123,17,1,0
1,0.2,1124,16,0,1
1,0.2,1125,16,0,0
1,0.2,1126,17,1,0
1,0.2,1127,16,0,1
1,0.2,1128,16,0,0
1,0.2,1129,17,1,0
1,0.2,1130,17,0,0
1,0.2,1131,16,0,1
1,0.2,1132,16,0,0
1,0.2,1133,17,1,0
1,0.2,1134,17,0,0
1,0.2,1135,17,0,0
1,0.2,1136,16,0,1
1,0.2,1137,17,1,0
1,0.2,1138,17,0,0
1,0.2,1139,17,0,0
1,0.2,1140,17,0,0
1,0.2,1141,16,0,1
1,0.2,1142,16,0,0
1,0.2,1143,16,0,0
1,0.2,1144,16,0,0
1,0.2,1145,16,0,0
1,0.2,1146,16,0,0
1,0.2,1147,17,1,0
1,0.2,1148,17,0,0
1,0.2,1149,16,0,1
1,0.2,1150,17,1,0
1,0.2,1151,16,0,1
1,0.2,1152,16,0,0
1,0.2,1153,16,0,0
1,0.2,1154,16,0,0
1,0.2,1155,16,0,0
1,0.2,1156,17,1,0
1,0.2,1157,17,0,0
1,0.2,1158,16,0,1
1,0.2,1159,17,1,0
1,0.2,1160,17,0,0
1,0.2,1161,17,0,0
1,0.2,1162,17,0,0
1,0.2,1163,17,0,0
1,0.2,1164,17,0,0
1,0.2,1165,17,0,0
1,0.2,1166,17,0,0
1,0.2,1167,17,0,0
1,0.2,1168,17,0,0
1,0.2,1169,17,0,0
1,0.2,1170,17,0,0
1,0.2,1171,17,0,0
1,0.2,1172,17,0,0
1,0.2,1173,17,0,0
1,0.2,1174,17,0,0
1,0.2,1175,17,0,0
1,0.2,1176,17,0,0
1,0.2,1177,17,0,0
1,0.2,1178,17,0,0
1,0.2,1179,17,0,0
1,0.2,1180,17,0,0
1,0.2,1181,17,0,0
1,0.2,1182,17,0,0
1,0.2,1183,17,0,0
1,0.2,1184,17,0,0
1,0.2,1185,17,0,0
1,0.2,1186,17,0,0
1,0.2,1187,18,1,0
1,0.2,1188,17,0,1
1,0.2,1189,17,0,0
1,0.2,1190,17,0,0
1,0.2,1191,17,0,0
1,0.2,1192,17,0,0
1,0.2,1193,17,0,0
1,0.2,1194,17,0,0
1,0.2,1195,17,0,0
1,0.2,1196,17,0,0
1,0.2,1197,17,0,0
1,0.2,1198,17,0,0
1,0.2,1199,17,0,0
1,0.2,1200,17,0,0
1,0.2,1201,17,0,0
1,0.2,1202,17,0,0
1,0.2,1203,17,0,0
1,0.2,1204,17,0,0
1,0.2,1205,18,1,0
1,0.2,1206,17,0,1
1,0.2,1207,18,1,0
1,0.2,1208,18,0,0
1,0.2,1209,17,0,1
1,0.2,1210,17,0,0
1,0.2,1211,17,0,0
1,0.2,1212,17,0,0
1,0.2,1213,17,0,0
1,0.2,1214,17,0,0
1,0.2,1215,17,0,0
1,0.2,1216,17,0,0
1,0.2,1217,17,0,0
1,0.2,1218,17,0,0
1,0.2,1219,17,0,0
1,0.2,1220,17,0,0
1,0.2,1221,17,0,0
1,0.2,1222,18,1,0
1,0.2,1223,17,0,1
1,0.2,1224,17,0,0
1,0.2,1225,17,0,0
1,0.2,1226,17,0,0
1,0.2,1227,17,0,0
1,0.2,1228,17,0,0
1,0.2,1229,17,0,0
1,0.2,1230,17,0,0
1,0.2,1231,17,0,0
1,0.2,1232,17,0,0
1,0.2,1233,18,1,0
1,0.2,1234,17,0,1
1,0.2,1235,17,0,0
1,0.2,1236,17,0,0
1,0.2,1237,17,0,0
1,0.2,1238,18,1,0
1,0.2,1239,17,0,1
1,0.2,1240,17,0,0
1,0.2,1241,17,0,0
1,0.2,1242,17,0,0
1,0.2,1243,17,0,0
1,0.2,1244,17,0,0
1,0.2,1245,17,0,0
1,0.2,1246,17,0,0
1,0.2,1247,17,0,0
1,0.2,1248,17,0,0
1,0.2,1249,17,0,0
1,0.2,1250,17,0,0
1,0.2,1251,17,0,0
1,0.2,1252,17,0,0
1,0.2,1253,17,0,0
1,0.2,1254,17,0,0
1,0.2,1255,18,1,0
1,0.2,1256,17,0,1
1,0.2,1257,18,1,0
1,0.2,1258,17,0,1
1,0.2,1259,18,1,0
1,0.2,1260,17,0,1
1,0.2,1261,17,0,0
1,0.2,1262,18,1,0
1,0.2,1263,17,0,1
1,0.2,1264,17,0,0
1,0.2,1265,17,0,0
1,0.2,1266,17,0,0
1,0.2,1267,16,0,1
1,0.2,1268,17,1,0
1,0.2,1269,17,0,0
1,0.2,1270,18,1,0
1,0.2,1271,16,0,2
1,0.2,1272,18,2,0
1,0.2,1273,18,0,0
1,0.2,1274,17,0,1
1,0.2,1275,17,0,0
1,0.2,1276,18,1,0
1,0.2,1277,17,0,1
1,0.2,1278,17,0,0
1,0.2,1279,17,0,0
1,0.2,1280,17,0,0
1,0.2,1281,17,0,0
1,0.2,1282,17,0,0
1,0.2,1283,17,0,0
1,0.2,1284,17,0,0
1,0.2,1285,17,0,0
1,0.2,1286,18,1,0
1,0.2,1287,17,0,1
1,0.2,1288,17,0,0
1,0.2,1289,17,0,0
1,0.2,1290,17,0,0
1,0.2,1291,17,0,0
1,0.2,1292,17,0,0
1,0.2,1293,17,0,0
1,0.2,1294,17,0,0
1,0.2,1295,18,1,0
1,0.2,1296,17,0,1
1,0.2,1297,17,0,0
1,0.2,1298,17,0,0
1,0.2,1299,17,0,0
1,0.2,1300,17,0,0
1,0.2,1301,18,1,0
1,0.2,1302,18,1,1
1,0.2,1303,17,0,1
1,0.2,1304,17,0,0
1,0.2,1305,17,0,0
1,0.2,1306,17,0,0
1,0.2,1307,18,1,0
1,0.2,1308,17,0,1
1,0.2,1309,17,0,0
1,0.2,1310,17,0,0
1,0.2,1311,17,0,0
1,0.2,1312,17,0,0
1,0.2,1313,17,0,0
1,0.2,1314,17,0,0
1,0.2,1315,17,0,0
1,0.2,1316,17,0,0
1,0.2,1317,17,0,0
1,0.2,1318,17,0,0
1,0.2,1319,17,0,0
1,0.2,1320,17,0,0
1,0.2,1321,17,0,0
1,0.2,1322,17,0,0
1,0.2,1323,17,0,0
1,0.2,1324,17,0,0
1,0.2,1325,17,0,0
1,0.2,1326,18,1,0
1,0.2,1327,17,0,1
1,0.2,1328,17,0,0
1,0.2,1329,17,0,0
1,0.2,1330,17,0,0
1,0.2,1331,17,0,0
1,0.2,1332,17,0,0
1,0.2,1333,17,0,0
1,0.2,1334,17,0,0
1,0.2,1335,17,0,0
1,0.2,1336,18,1,0
1,0.2,1337,17,0,1
1,0.2,1338,17,0,0
1,0.2,1339,17,0,0
1,0.2,1340,17,0,0
1,0.2,1341,17,0,0
1,0.2,1342,17,0,0
1,0.2,1343,17,0,0
1,0.2,1344,17,0,0
1,0.2,1345,17,0,0
1,0.2,1346,17,0,0
1,0.2,1347,17,0,0
1,0.2,1348,17,0,0
1,0.2,1349,17,0,0
1,0.2,1350,17,0,0
1,0.2,1351,17,0,0
1,0.2,1352,17,0,0
1,0.2,1353,17,0,0
1,0.2,1354,17,0,0
1,0.2,1355,17,0,0
1,0.2,1356,17,0,0
1,0.2,1357,17,0,0
1,0.2,1358,17,0,0
1,0.2,1359,17,0,0
1,0.2,1360,17,0,0
1,0.2,1361,18,1,0
1,0.2,1362,17,0,1
1,0.2,1363,17,0,0
1,0.2,1364,17,0,0
1,0.2,1365,17,0,0
1,0.2,1366,17,0,0
1,0.2,1367,17,0,0
1,0.2,1368,17,0,0
1,0.2,1369,17,0,0
1,0.2,1370,17,0,0
1,0.2,1371,17,0,0
1,0.2,1372,17,0,0
1,0.2,1373,18,1,0
1,0.2,1374,18,0,0
1,0.2,1375,17,0,1
1,0.2,1376,18,1,0
1,0.2,1377,17,0,1
1,0.2,1378,17,0,0
1,0.2,1379,17,0,0
1,0.2,1380,17,0,0
1,0.2,1381,17,0,0
1,0.2,1382,17,0,0
1,0.2,1383,17,0,0
1,0.2,1384,17,0,0
1,0.2,1385,18,1,0
1,0.2,1386,17,0,1
1,0.2,1387,18,1,0
1,0.2,1388,17,0,1
1,0.2,1389,17,0,0
1,0.2,1390,17,0,0
1,0.2,1391,17,0,0
1,0.2,1392,17,0,0
1,0.2,1393,17,0,0
1,0.2,1394,18,1,0
1,0.2,1395,17,0,1
1,0.2,1396,17,0,0
1,0.2,1397,18,1,0
1,0.2,1398,17,0,1
1,0.2,1399,18,1,0
1,0.2,1400,17,0,1
1,0.2,1401,17,0,0
1,0.2,1402,17,0,0
1,0.2,1403,17,0,0
1,0.2,1404,17,0,0
1,0.2,1405,17,0,0
1,0.2,1406,18,1,0
1,0.2,1407,19,1,0
1,0.2,1408,18,1,2
1,0.2,1409,18,1,1
1,0.2,1410,17,0,1
1,0.2,1411,17,0,0
1,0.2,1412,17,0,0
1,0.2,1413,17,0,0
1,0.2,1414,17,0,0
1,0.2,1415,18,1,0
1,0.2,1416,17,0,1
1,0.2,1417,18,1,0
1,0.2,1418,17,0,1
1,0.2,1419,18,1,0
1,0.2,1420,17,0,1
1,0.2,1421,17,0,0
1,0.2,1422,17,0,0
1,0.2,1423,17,0,0
1,0.2,1424,17,0,0
1,0.2,1425,17,0,0
1,0.2,1426,17,0,0
1,0.2,1427,17,0,0
1,0.2,1428,18,1,0
1,0.2,1429,18,1,1
1,0.2,1430,17,0,1
1,0.2,1431,17,0,0
1,0.2,1432,19,2,0
1,0.2,1433,17,0,2
1,0.2,1434,17,0,0
1,0.2,1435,17,0,0
1,0.2,1436,17,0,0
1,0.2,1437,17,0,0
1,0.2,1438,17,0,0
1,0.2,1439,17,0,0
1,0.2,1440,17,0,0
1,0.2,1441,17,0,0
1,0.2,1442,17,0,0
1,0.2,1443,18,1,0
1,0.2,1444,17,0,1
1,0.2,1445,17,0,0
1,0.2,1446,17,0,0
1,0.2,1447,17,0,0
1,0.2,1448,17,0,0
1,0.2,1449,17,0,0
1,0.2,1450,17,0,0
1,0.2,1451,18,1,0
1,0.2,1452,17,0,1
1,0.2,1453,17,0,0
1,0.2,1454,18,1,0
1,0.2,1455,17,0,1
1,0.2,1456,17,0,0
1,0.2,1457,18,1,0
1,0.2,1458,18,1,1
1,0.2,1459,18,0,0
1,0.2,1460,17,0,1
1,0.2,1461,17,0,0
1,0.2,1462,17,0,0
1,0.2,1463,19,2,0
1,0.2,1464,17,0,2
1,0.2,1465,18,1,0
1,0.2,1466,19,1,0
1,0.2,1467,18,0,1
1,0.2,1468,18,0,0
1,0.2,1469,18,0,0
1,0.2,1470,19,1,0
1,0.2,1471,18,1,2
1,0.2,1472,18,1,1
1,0.2,1473,17,0,1
1,0.2,1474,19,2,0
1,0.2,1475,17,0,2
1,0.2,1476,19,2,0
1,0.2,1477,19,1,1
1,0.2,1478,18,1,2
1,0.2,1479,18,1,1
1,0.2,1480,18,0,0
1,0.2,1481,18,1,1
1,0.2,1482,17,0,1
1,0.2,1483,17,0,0
1,0.2,1484,17,0,0
1,0.2,1485,17,0,0
1,0.2,1486,18,1,0
1,0.2,1487,19,2,1
1,0.2,1488,19,1,1
1,0.2,1489,19,0,0
1,0.2,1490,19,1,1
1,0.2,1491,18,0,1
1,0.2,1492,19,1,0
1,0.2,1493,18,1,2
1,0.2,1494,18,1,1
1,0.2,1495,20,2,0
1,0.2,1496,18,0,2
1,0.2,1497,17,0,1
1,0.2,1498,20,3,0
1,0.2,1499,17,0,3
1,0.2,1500,18,1,0
2,0.05,0,7,0,0
2,0.05,1,24,23,6
2,0.05,2,16,13,21
2,0.05,3,19,14,11
2,0.05,4,25,21,15
2,0.05,5,24,16,17
2,0.05,6,16,9,17
2,0.05,7,11,9,14
2,0.05,8,20,16,7
2,0.05,9,22,17,15
2,0.05,10,33,23,12
2,0.05,11,12,10,31
2,0.05,12,30,24,6
2,0.05,13,24,11,17
2,0.05,14,23,16,17
2,0.05,15,30,18,11
2,0.05,16,24,13,19
2,0.05,17,24,16,16
2,0.05,18,25,14,13
2,0.05,19,26,15,14
2,0.05,20,38,18,6
2,0.05,21,36,11,13
2,0.05,22,20,8,24
2,0.05,23,31,22,11
2,0.05,24,27,8,12
2,0.05,25,24,8,11
2,0.05,26,30,17,11
2,0.05,27,39,18,9
2,0.05,28,49,19,9
2,0.05,29,51,10,8
2,0.05,30,50,6,7
2,0.05,31,33,4,21
2,0.05,32,30,13,16
2,0.05,33,54,26,2
2,0.05,34,57,7,4
2,0.05,35,55,4,6
2,0.05,36,50,0,5
2,0.05,37,48,3,5
2,0.05,38,38,4,14
2,0.05,39,39,7,6
2,0.05,40,51,18,6
2,0.05,41,41,3,13
2,0.05,42,32,4,13
2,0.05,43,50,22,4
2,0.05,44,41,5,14
2,0.05,45,38,7,10
2,0.05,46,51,14,1
2,0.05,47,51,3,3
2,0.05,48,47,3,7
2,0.05,49,41,4,10
2,0.05,50,36,3,8
2,0.05,51,43,11,4
2,0.05,52,39,2,6
2,0.05,53,45,9,3
2,0.05,54,43,5,7
2,0.05,55,46,9,6
2,0.05,56,18,1,29
2,0.05,57,37,22,3
2,0.05,58,34,6,9
2,0.05,59,31,1,4
2,0.05,60,40,10,1
2,0.05,61,33,0,7
2,0.05,62,32,4,5
2,0.05,63,17,5,20
2,0.05,64,16,8,9
2,0.05,65,28,17,5
2,0.05,66,33,12,7
2,0.05,67,28,9,14
2,0.05,68,25,7,10
2,0.05,69,20,6,11
2,0.05,70,19,13,14
2,0.05,71,18,13,14
2,0.05,72,22,12,8
2,0.05,73,16,11,17
2,0.05,74,36,25,5
2,0.05,75,26,2,12
2,0.05,76,29,8,5
2,0.05,77,35,8,2
2,0.05,78,29,4,10
2,0.05,79,17,3,15
2,0.05,80,33,21,5
2,0.05,81,27,7,13
2,0.05,82,20,5,12
2,0.05,83,19,7,8
2,0.05,84,38,19,0
2,0.05,85,23,2,17
2,0.05,86,24,10,9
2,0.05,87,26,7,5
2,0.05,88,24,5,7
2,0.05,89,27,8,5
2,0.05,90,26,10,11
2,0.05,91,34,10,2
2,0.05,92,35,5,4
2,0.05,93,31,4,8
2,0.05,94,31,7,7
2,0.05,95,28,3,6
2,0.05,96,34,7,1
2,0.05,97,20,1,15
2,0.05,98,34,17,3
2,0.05,99,20,3,17
2,0.05,100,30,13,3
2,0.05,101,34,5,1
2,0.05,102,28,1,7
2,0.05,103,34,7,1
2,0.05,104,30,3,7
2,0.05,105,29,4,5
2,0.05,106,29,2,2
2,0.05,107,32,4,1
2,0.05,108,26,3,9
2,0.05,109,35,9,0
2,0.05,110,33,0,2
2,0.05,111,34,2,1
2,0.05,112,35,3,2
2,0.05,113,28,1,8
2,0.05,114,34,6,0
2,0.05,115,26,1,9
2,0.05,116,34,9,1
2,0.05,117,35,2,1
2,0.05,118,35,3,3
2,0.05,119,22,1,14
2,0.05,120,25,8,5
2,0.05,121,20,6,11
2,0.05,122,25,12,7
2,0.05,123,29,8,4
2,0.05,124,31,4,2
2,0.05,125,26,1,6
2,0.05,126,31,6,1
2,0.05,127,29,1,3
2,0.05,128,22,0,7
2,0.05,129,26,6,2
2,0.05,130,31,5,0
2,0.05,131,32,3,2
2,0.05,132,29,1,4
2,0.05,133,30,2,1
2,0.05,134,27,3,6
2,0.05,135,36,10,1
2,0.05,136,32,0,4
2,0.05,137,31,1,2
2,0.05,138,30,1,2
2,0.05,139,34,5,1
2,0.05,140,31,1,4
2,0.05,141,30,1,2
2,0.05,142,28,0,2
2,0.05,143,27,0,1
2,0.05,144,33,6,0
2,0.05,145,30,1,4
2,0.05,146,31,4,3
2,0.05,147,25,1,7
2,0.05,148,28,4,1
2,0.05,149,30,3,1
2,0.05,150,31,2,1
2,0.05,151,33,3,1
2,0.05,152,31,0,2
2,0.05,153,22,0,9
2,0.05,154,32,10,0
2,0.05,155,33,1,0
2,0.05,156,31,2,4
2,0.05,157,28,1,4
2,0.05,158,30,3,1
2,0.05,159,30,0,0
2,0.05,160,31,1,0
2,0.05,161,32,2,1
2,0.05,162,30,0,2
2,0.05,163,31,1,0
2,0.05,164,31,0,0
2,0.05,165,32,2,1
2,0.05,166,30,0,2
2,0.05,167,32,2,0
2,0.05,168,30,0,2
2,0.05,169,30,0,0
2,0.05,170,30,1,1
2,0.05,171,29,0,1
2,0.05,172,30,1,0
2,0.05,173,29,0,1
2,0.05,174,31,2,0
2,0.05,175,30,0,1
2,0.05,176,31,2,1
2,0.05,177,30,1,2
2,0.05,178,30,1,1
2,0.05,179,31,1,0
2,0.05,180,29,0,2
2,0.05,181,30,1,0
2,0.05,182,30,1,1
2,0.05,183,29,0,1
2,0.05,184,29,0,0
2,0.05,185,30,1,0
2,0.05,186,31,1,0
2,0.05,187,29,0,2
2,0.05,188,29,0,0
2,0.05,189,26,0,3
2,0.05,190,25,3,4
2,0.05,191,19,0,6
2,0.05,192,25,6,0
2,0.05,193,25,2,2
2,0.05,194,29,4,0
2,0.05,195,24,0,5
2,0.05,196,26,2,0
2,0.05,197,29,3,0
2,0.05,198,17,1,13
2,0.05,199,26,9,0
2,0.05,200,27,4,3
2,0.05,201,23,0,4
2,0.05,202,25,2,0
2,0.05,203,25,0,0
2,0.05,204,26,3,2
2,0.05,205,24,2,4
2,0.05,206,28,4,0
2,0.05,207,24,0,4
2,0.05,208,27,4,1
2,0.05,209,26,1,2
2,0.05,210,26,0,0
2,0.05,211,26,3,3
2,0.05,212,19,2,9
2,0.05,213,26,10,3
2,0.05,214,27,2,1
2,0.05,215,24,0,3
2,0.05,216,26,3,1
2,0.05,217,21,0,5
2,0.05,218,19,2,4
2,0.05,219,22,6,3
2,0.05,220,26,5,1
2,0.05,221,21,0,5
2,0.05,222,26,5,0
2,0.05,223,17,1,10
2,0.05,224,16,1,2
2,0.05,225,17,4,3
2,0.05,226,23,7,1
2,0.05,227,20,1,4
2,0.05,228,21,4,3
2,0.05,229,22,2,1
2,0.05,230,18,2,6
2,0.05,231,16,2,4
2,0.05,232,19,5,2
2,0.05,233,22,3,0
2,0.05,234,22,2,2
2,0.05,235,20,0,2
2,0.05,236,22,3,1
2,0.05,237,21,1,2
2,0.05,238,20,4,5
2,0.05,239,21,5,4
2,0.05,240,21,1,1
2,0.05,241,20,2,3
2,0.05,242,25,5,0
2,0.05,243,18,0,7
2,0.05,244,20,2,0
2,0.05,245,21,2,1
2,0.05,246,19,0,2
2,0.05,247,23,4,0
2,0.05,248,21,0,2
2,0.05,249,20,1,2
2,0.05,250,21,2,1
2,0.05,251,20,0,1
2,0.05,252,21,1,0
2,0.05,253,20,0,1
2,0.05,254,21,1,0
2,0.05,255,21,1,1
2,0.05,256,21,1,1
2,0.05,257,21,1,1
2,0.05,258,21,0,0
2,0.05,259,19,0,2
2,0.05,260,20,1,0
2,0.05,261,19,0,1
2,0.05,262,22,3,0
2,0.05,263,21,1,2
2,0.05,264,22,2,1
2,0.05,265,21,0,1
2,0.05,266,20,0,1
2,0.05,267,22,2,0
2,0.05,268,22,1,1
2,0.05,269,23,1,0
2,0.05,270,22,0,1
2,0.05,271,8,0,14
2,0.05,272,11,6,3
2,0.05,273,22,11,0
2,0.05,274,21,0,1
2,0.05,275,21,1,1
2,0.05,276,21,1,1
2,0.05,277,21,1,1
2,0.05,278,22,2,1
2,0.05,279,19,0,3
2,0.05,280,20,1,0
2,0.05,281,22,2,0
2,0.05,282,20,0,2
2,0.05,283,18,0,2
2,0.05,284,21,3,0
2,0.05,285,19,0,2
2,0.05,286,18,0,1
2,0.05,287,21,3,0
2,0.05,288,18,0,3
2,0.05,289,21,3,0
2,0.05,290,21,0,0
2,0.05,291,20,0,1
2,0.05,292,20,0,0
2,0.05,293,20,0,0
2,0.05,294,21,1,0
2,0.05,295,21,0,0
2,0.05,296,20,0,1
2,0.05,297,21,1,0
2,0.05,298,20,0,1
2,0.05,299,19,0,1
2,0.05,300,21,2,0
2,0.05,301,20,1,2
2,0.05,302,20,1,1
2,0.05,303,17,0,3
2,0.05,304,19,2,0
2,0.05,305,21,2,0
2,0.05,306,21,0,0
2,0.05,307,21,0,0
2,0.05,308,16,0,5
2,0.05,309,19,4,1
2,0.05,310,21,2,0
2,0.05,311,20,0,1
2,0.05,312,22,2,0
2,0.05,313,21,0,1
2,0.05,314,20,0,1
2,0.05,315,21,1,0
2,0.05,316,20,0,1
2,0.05,317,20,0,0
2,0.05,318,21,1,0
2,0.05,319,20,0,1
2,0.05,320,20,0,0
2,0.05,321,21,1,0
2,0.05,322,21,0,0
2,0.05,323,21,0,0
2,0.05,324,21,1,1
2,0.05,325,20,0,1
2,0.05,326,20,0,0
2,0.05,327,20,0,0
2,0.05,328,20,0,0
2,0.05,329,20,0,0
2,0.05,330,20,0,0
2,0.05,331,21,1,0
2,0.05,332,21,1,1
2,0.05,333,17,0,4
2,0.05,334,20,3,0
2,0.05,335,20,0,0
2,0.05,336,20,1,1
2,0.05,337,20,1,1
2,0.05,338,21,1,0
2,0.05,339,21,0,0
2,0.05,340,21,0,0
2,0.05,341,21,0,0
2,0.05,342,21,0,0
2,0.05,343,21,0,0
2,0.05,344,20,0,1
2,0.05,345,21,1,0
2,0.05,346,20,0,1
2,0.05,347,21,1,0
2,0.05,348,14,0,7
2,0.05,349,20,6,0
2,0.05,350,20,0,0
2,0.05,351,21,1,0
2,0.05,352,20,0,1
2,0.05,353,20,0,0
2,0.05,354,21,1,0
2,0.05,355,21,1,1
2,0.05,356,17,0,4
2,0.05,357,14,3,6
2,0.05,358,21,7,0
2,0.05,359,20,0,1
2,0.05,360,21,1,0
2,0.05,361,20,0,1
2,0.05,362,21,1,0
2,0.05,363,22,1,0
2,0.05,364,20,0,2
2,0.05,365,21,1,0
2,0.05,366,21,0,0
2,0.05,367,20,0,1
2,0.05,368,20,0,0
2,0.05,369,21,1,0
2,0.05,370,21,0,0
2,0.05,371,21,0,0
2,0.05,372,21,0,0
2,0.05,373,21,0,0
2,0.05,374,21,0,0
2,0.05,375,21,0,0
2,0.05,376,22,1,0
2,0.05,377,21,0,1
2,0.05,378,21,0,0
2,0.05,379,22,1,0
2,0.05,380,21,0,1
2,0.05,381,21,0,0
2,0.05,382,20,0,1
2,0.05,383,20,1,1
2,0.05,384,21,1,0
2,0.05,385,21,0,0
2,0.05,386,21,0,0
2,0.05,387,21,0,0
2,0.05,388,21,0,0
2,0.05,389,21,0,0
2,0.05,390,20,0,1
2,0.05,391,19,0,1
2,0.05,392,20,1,0
2,0.05,393,18,1,3
2,0.05,394,21,3,0
2,0.05,395,20,0,1
2,0.05,396,21,1,0
2,0.05,397,20,0,1
2,0.05,398,18,0,2
2,0.05,399,21,3,0
2,0.05,400,20,0,1
2,0.05,401,21,1,0
2,0.05,402,20,0,1
2,0.05,403,21,1,0
2,0.05,404,19,0,2
2,0.05,405,20,1,0
2,0.05,406,19,0,1
2,0.05,407,17,0,2
2,0.05,408,19,2,0
2,0.05,409,20,1,0
2,0.05,410,21,1,0
2,0.05,411,20,0,1
2,0.05,412,19,0,1
2,0.05,413,20,1,0
2,0.05,414,20,0,0
2,0.05,415,20,0,0
2,0.05,416,20,0,0
2,0.05,417,20,0,0
2,0.05,418,20,0,0
2,0.05,419,19,0,1
2,0.05,420,20,1,0
2,0.05,421,19,0,1
2,0.05,422,21,2,0
2,0.05,423,21,0,0
2,0.05,424,20,0,1
2,0.05,425,20,0,0
2,0.05,426,19,0,1
2,0.05,427,20,1,0
2,0.05,428,20,0,0
2,0.05,429,20,0,0
2,0.05,430,20,0,0
2,0.05,431,13,0,7
2,0.05,432,19,6,0
2,0.05,433,11,0,8
2,0.05,434,10,0,1
2,0.05,435,16,6,0
2,0.05,436,13,1,4
2,0.05,437,16,4,1
2,0.05,438,10,0,6
2,0.05,439,12,2,0
2,0.05,440,14,2,0
2,0.05,441,12,0,2
2,0.05,442,13,1,0
2,0.05,443,15,2,0
2,0.05,444,15,0,0
2,0.05,445,14,0,1
2,0.05,446,17,3,0
2,0.05,447,17,0,0
2,0.05,448,16,1,2
2,0.05,449,19,3,0
2,0.05,450,17,0,2
2,0.05,451,15,0,2
2,0.05,452,15,0,0
2,0.05,453,15,0,0
2,0.05,454,17,2,0
2,0.05,455,17,0,0
2,0.05,456,17,0,0
2,0.05,457,17,0,0
2,0.05,458,17,0,0
2,0.05,459,16,0,1
2,0.05,460,17,1,0
2,0.05,461,17,0,0
2,0.05,462,16,0,1
2,0.05,463,15,0,1
2,0.05,464,17,2,0
2,0.05,465,17,0,0
2,0.05,466,17,0,0
2,0.05,467,17,0,0
2,0.05,468,18,1,0
2,0.05,469,17,0,1
2,0.05,470,17,0,0
2,0.05,471,17,0,0
2,0.05,472,15,0,2
2,0.05,473,17,2,0
2,0.05,474,17,0,0
2,0.05,475,17,0,0
2,0.05,476,17,0,0
2,0.05,477,17,0,0
2,0.05,478,15,0,2
2,0.05,479,17,2,0
2,0.05,480,17,1,1
2,0.05,481,17,0,0
2,0.05,482,18,1,0
2,0.05,483,17,0,1
2,0.05,484,17,0,0
2,0.05,485,17,0,0
2,0.05,486,17,0,0
2,0.05,487,17,0,0
2,0.05,488,18,1,0
2,0.05,489,17,0,1
2,0.05,490,17,0,0
2,0.05,491,17,0,0
2,0.05,492,18,1,0
2,0.05,493,17,0,1
2,0.05,494,17,0,0
2,0.05,495,18,1,0
2,0.05,496,17,0,1
2,0.05,497,17,0,0
2,0.05,498,16,0,1
2,0.05,499,17,1,0
2,0.05,500,18,1,0
2,0.05,501,17,0,1
2,0.05,502,17,0,0
2,0.05,503,17,0,0
2,0.05,504,17,0,0
2,0.05,505,17,0,0
2,0.05,506,17,0,0
2,0.05,507,17,0,0
2,0.05,508,17,0,0
2,0.05,509,17,0,0
2,0.05,510,17,0,0
2,0.05,511,17,0,0
2,0.05,512,17,0,0
2,0.05,513,17,0,0
2,0.05,514,17,0,0
2,0.05,515,17,0,0
2,0.05,516,17,0,0
2,0.05,517,17,0,0
2,0.05,518,17,0,0
2,0.05,519,17,0,0
2,0.05,520,17,0,0
2,0.05,521,17,0,0
2,0.05,522,18,1,0
2,0.05,523,17,0,1
2,0.05,524,18,1,0
2,0.05,525,18,0,0
2,0.05,526,17,0,1
2,0.05,527,18,1,0
2,0.05,528,18,1,1
2,0.05,529,17,0,1
2,0.05,530,18,1,0
2,0.05,531,17,0,1
2,0.05,532,17,0,0
2,0.05,533,17,0,0
2,0.05,534,18,1,0
2,0.05,535,17,0,1
2,0.05,536,17,0,0
2,0.05,537,18,1,0
2,0.05,538,18,0,0
2,0.05,539,18,0,0
2,0.05,540,18,0,0
2,0.05,541,18,1,1
2,0.05,542,17,0,1
2,0.05,543,18,1,0
2,0.05,544,17,0,1
2,0.05,545,18,1,0
2,0.05,546,19,2,1
2,0.05,547,19,2,2
2,0.05,548,17,0,2
2,0.05,549,18,1,0
2,0.05,550,18,0,0
2,0.05,551,18,0,0
2,0.05,552,18,0,0
2,0.05,553,19,1,0
2,0.05,554,17,0,2
2,0.05,555,17,0,0
2,0.05,556,17,0,0
2,0.05,557,17,0,0
2,0.05,558,17,0,0
2,0.05,559,17,0,0
2,0.05,560,17,0,0
2,0.05,561,17,0,0
2,0.05,562,17,0,0
2,0.05,563,17,0,0
2,0.05,564,17,0,0
2,0.05,565,17,0,0
2,0.05,566,17,0,0
2,0.05,567,18,1,0
2,0.05,568,18,1,1
2,0.05,569,17,0,1
2,0.05,570,17,0,0
2,0.05,571,18,1,0
2,0.05,572,17,0,1
2,0.05,573,18,1,0
2,0.05,574,17,0,1
2,0.05,575,17,0,0
2,0.05,576,18,1,0
2,0.05,577,18,0,0
2,0.05,578,17,0,1
2,0.05,579,17,0,0
2,0.05,580,17,0,0
2,0.05,581,18,1,0
2,0.05,582,18,1,1
2,0.05,583,17,0,1
2,0.05,584,17,0,0
2,0.05,585,18,1,0
2,0.05,586,17,0,1
2,0.05,587,18,1,0
2,0.05,588,17,0,1
2,0.05,589,17,0,0
2,0.05,590,17,0,0
2,0.05,591,17,0,0
2,0.05,592,17,0,0
2,0.05,593,17,0,0
2,0.05,594,18,1,0
2,0.05,595,17,0,1
2,0.05,596,17,0,0
2,0.05,597,17,0,0
2,0.05,598,17,0,0
2,0.05,599,17,0,0
2,0.05,600,17,0,0
2,0.05,601,17,0,0
2,0.05,602,17,0,0
2,0.05,603,17,0,0
2,0.05,604,18,1,0
2,0.05,605,17,0,1
2,0.05,606,19,2,0
2,0.05,607,18,0,1
2,0.05,608,18,0,0
2,0.05,609,17,0,1
2,0.05,610,19,2,0
2,0.05,611,18,0,1
2,0.05,612,18,0,0
2,0.05,613,18,1,1
2,0.05,614,19,1,0
2,0.05,615,19,0,0
2,0.05,616,18,0,1
2,0.05,617,18,1,1
2,0.05,618,19,1,0
2,0.05,619,17,0,2
2,0.05,620,17,0,0
2,0.05,621,19,2,0
2,0.05,622,19,0,0
2,0.05,623,17,0,2
2,0.05,624,19,2,0
2,0.05,625,18,0,1
2,0.05,626,18,1,1
2,0.05,627,19,1,0
2,0.05,628,18,0,1
2,0.05,629,17,0,1
2,0.05,630,17,0,0
2,0.05,631,18,1,0
2,0.05,632,18,1,1
2,0.05,633,17,0,1
2,0.05,634,17,0,0
2,0.05,635,17,0,0
2,0.05,636,18,1,0
2,0.05,637,17,0,1
2,0.05,638,17,0,0
2,0.05,639,17,0,0
2,0.05,640,19,2,0
2,0.05,641,18,0,1
2,0.05,642,19,1,0
2,0.05,643,19,0,0
2,0.05,644,17,0,2
2,0.05,645,18,1,0
2,0.05,646,19,1,0
2,0.05,647,18,0,1
2,0.05,648,17,0,1
2,0.05,649,18,1,0
2,0.05,650,17,0,1
2,0.05,651,18,1,0
2,0.05,652,17,0,1
2,0.05,653,19,2,0
2,0.05,654,18,0,1
2,0.05,655,18,1,1
2,0.05,656,17,0,1
2,0.05,657,18,1,0
2,0.05,658,18,0,0
2,0.05,659,18,0,0
2,0.05,660,19,1,0
2,0.05,661,18,0,1
2,0.05,662,17,0,1
2,0.05,663,17,0,0
2,0.05,664,18,1,0
2,0.05,665,17,0,1
2,0.05,666,17,0,0
2,0.05,667,18,1,0
2,0.05,668,18,0,0
2,0.05,669,17,0,1
2,0.05,670,18,1,0
2,0.05,671,17,0,1
2,0.05,672,18,1,0
2,0.05,673,18,0,0
2,0.05,674,18,0,0
2,0.05,675,18,0,0
2,0.05,676,18,0,0
2,0.05,677,18,0,0
2,0.05,678,17,0,1
2,0.05,679,18,1,0
2,0.05,680,17,0,1
2,0.05,681,17,0,0
2,0.05,682,17,0,0
2,0.05,683,17,0,0
2,0.05,684,17,0,0
2,0.05,685,17,0,0
2,0.05,686,17,0,0
2,0.05,687,17,0,0
2,0.05,688,17,0,0
2,0.05,689,17,0,0
2,0.05,690,17,0,0
2,0.05,691,17,0,0
2,0.05,692,17,0,0
2,0.05,693,17,0,0
2,0.05,694,17,0,0
2,0.05,695,17,0,0
2,0.05,696,17,0,0
2,0.05,697,17,0,0
2,0.05,698,17,0,0
2,0.05,699,17,0,0
2,0.05,700,18,1,0
2,0.05,701,17,0,1
2,0.05,702,17,0,0
2,0.05,703,17,0,0
2,0.05,704,18,1,0
2,0.05,705,17,0,1
2,0.05,706,17,0,0
2,0.05,707,17,0,0
2,0.05,708,17,0,0
2,0.05,709,17,0,0
2,0.05,710,18,1,0
2,0.05,711,17,0,1
2,0.05,712,17,0,0
2,0.05,713,17,0,0
2,0.05,714,17,0,0
2,0.05,715,18,1,0
2,0.05,716,17,0,1
2,0.05,717,17,0,0
2,0.05,718,17,0,0
2,0.05,719,17,0,0
2,0.05,720,17,0,0
2,0.05,721,17,0,0
2,0.05,722,17,0,0
2,0.05,723,17,0,0
2,0.05,724,17,0,0
2,0.05,725,17,0,0
2,0.05,726,17,0,0
2,0.05,727,17,0,0
2,0.05,728,17,0,0
2,0.05,729,17,0,0
2,0.05,730,17,0,0
2,0.05,731,17,0,0
2,0.05,732,17,0,0
2,0.05,733,17,0,0
2,0.05,734,17,0,0
2,0.05,735,17,0,0
2,0.05,736,17,0,0
2,0.05,737,17,0,0
2,0.05,738,17,0,0
2,0.05,739,18,1,0
2,0.05,740,17,0,1
2,0.05,741,17,0,0
2,0.05,742,17,0,0
2,0.05,743,17,0,0
2,0.05,744,17,0,0
2,0.05,745,17,0,0
2,0.05,746,17,0,0
2,0.05,747,17,0,0
2,0.05,748,17,0,0
2,0.05,749,17,0,0
2,0.05,750,17,0,0
2,0.05,751,18,1,0
2,0.05,752,17,0,1
2,0.05,753,17,0,0
2,0.05,754,17,0,0
2,0.05,755,17,0,0
2,0.05,756,18,1,0
2,0.05,757,17,0,1
2,0.05,758,17,0,0
2,0.05,759,17,0,0
2,0.05,760,17,0,0
2,0.05,761,17,0,0
2,0.05,762,17,0,0
2,0.05,763,17,0,0
2,0.05,764,17,0,0
2,0.05,765,17,0,0
2,0.05,766,17,0,0
2,0.05,767,17,0,0
2,0.05,768,17,0,0
2,0.05,769,17,0,0
2,0.05,770,17,0,0
2,0.05,771,17,0,0
2,0.05,772,18,1,0
2,0.05,773,17,0,1
2,0.05,774,18,1,0
2,0.05,775,18,0,0
2,0.05,776,17,0,1
2,0.05,777,17,0,0
2,0.05,778,17,0,0
2,0.05,779,17,0,0
2,0.05,780,18,1,0
2,0.05,781,19,2,1
2,0.05,782,17,0,2
2,0.05,783,17,0,0
2,0.05,784,17,0,0
2,0.05,785,17,0,0
2,0.05,786,17,0,0
2,0.05,787,18,1,0
2,0.05,788,18,0,0
2,0.05,789,17,0,1
2,0.05,790,17,0,0
2,0.05,791,17,0,0
2,0.05,792,17,0,0
2,0.05,793,17,0,0
2,0.05,794,17,0,0
2,0.05,795,17,0,0
2,0.05,796,17,0,0
2,0.05,797,17,0,0
2,0.05,798,17,0,0
2,0.05,799,17,0,0
2,0.05,800,17,0,0
2,0.05,801,17,0,0
2,0.05,802,17,0,0
2,0.05,803,17,0,0
2,0.05,804,17,0,0
2,0.05,805,17,0,0
2,0.05,806,17,0,0
2,0.05,807,17,0,0
2,0.05,808,17,0,0
2,0.05,809,17,0,0
2,0.05,810,17,0,0
2,0.05,811,17,0,0
2,0.05,812,17,0,0
2,0.05,813,17,0,0
2,0.05,814,17,0,0
2,0.05,815,17,0,0
2,0.05,816,17,0,0
2,0.05,817,18,1,0
2,0.05,818,18,1,1
2,0.05,819,17,0,1
2,0.05,820,17,0,0
2,0.05,821,17,0,0
2,0.05,822,17,0,0
2,0.05,823,18,1,0
2,0.05,824,17,0,1
2,0.05,825,17,0,0
2,0.05,826,17,0,0
2,0.05,827,17,0,0
2,0.05,828,17,0,0
2,0.05,829,17,0,0
2,0.05,830,17,0,0
2,0.05,831,17,0,0
2,0.05,832,18,1,0
2,0.05,833,18,0,0
2,0.05,834,18,0,0
2,0.05,835,18,0,0
2,0.05,836,17,0,1
2,0.05,837,18,1,0
2,0.05,838,19,1,0
2,0.05,839,18,0,1
2,0.05,840,18,1,1
2,0.05,841,17,0,1
2,0.05,842,18,1,0
2,0.05,843,17,0,1
2,0.05,844,17,0,0
2,0.05,845,18,1,0
2,0.05,846,17,0,1
2,0.05,847,17,0,0
2,0.05,848,18,1,0
2,0.05,849,18,0,0
2,0.05,850,18,0,0
2,0.05,851,18,0,0
2,0.05,852,18,0,0
2,0.05,853,18,0,0
2,0.05,854,18,0,0
2,0.05,855,18,0,0
2,0.05,856,18,0,0
2,0.05,857,17,0,1
2,0.05,858,18,1,0
2,0.05,859,18,0,0
2,0.05,860,18,0,0
2,0.05,861,18,0,0
2,0.05,862,18,1,1
2,0.05,863,18,1,1
2,0.05,864,18,0,0
2,0.05,865,18,0,0
2,0.05,866,17,0,1
2,0.05,867,17,0,0
2,0.05,868,17,0,0
2,0.05,869,18,1,0
2,0.05,870,18,0,0
2,0.05,871,18,0,0
2,0.05,872,19,1,0
2,0.05,873,18,0,1
2,0.05,874,18,0,0
2,0.05,875,17,0,1
2,0.05,876,18,1,0
2,0.05,877,18,0,0
2,0.05,878,18,0,0
2,0.05,879,17,0,1
2,0.05,880,18,1,0
2,0.05,881,18,0,0
2,0.05,882,18,0,0
2,0.05,883,18,0,0
2,0.05,884,18,0,0
2,0.05,885,18,0,0
2,0.05,886,18,0,0
2,0.05,887,17,0,1
2,0.05,888,18,1,0
2,0.05,889,19,1,0
2,0.05,890,18,0,1
2,0.05,891,18,0,0
2,0.05,892,18,0,0
2,0.05,893,18,0,0
2,0.05,894,18,0,0
2,0.05,895,17,0,1
2,0.05,896,18,1,0
2,0.05,897,18,0,0
2,0.05,898,17,0,1
2,0.05,899,17,0,0
2,0.05,900,17,0,0
2,0.05,901,18,1,0
2,0.05,902,18,0,0
2,0.05,903,18,0,0
2,0.05,904,18,0,0
2,0.05,905,17,0,1
2,0.05,906,18,1,0
2,0.05,907,18,0,0
2,0.05,908,17,0,1
2,0.05,909,18,1,0
2,0.05,910,17,0,1
2,0.05,911,19,2,0
2,0.05,912,18,0,1
2,0.05,913,18,0,0
2,0.05,914,17,0,1
2,0.05,915,17,0,0
2,0.05,916,18,1,0
2,0.05,917,18,0,0
2,0.05,918,17,0,1
2,0.05,919,18,1,0
2,0.05,920,17,0,1
2,0.05,921,18,1,0
2,0.05,922,18,0,0
2,0.05,923,18,0,0
2,0.05,924,17,0,1
2,0.05,925,17,0,0
2,0.05,926,17,0,0
2,0.05,927,17,0,0
2,0.05,928,18,1,0
2,0.05,929,17,0,1
2,0.05,930,18,1,0
2,0.05,931,17,0,1
2,0.05,932,17,0,0
2,0.05,933,17,0,0
2,0.05,934,17,0,0
2,0.05,935,17,0,0
2,0.05,936,18,1,0
2,0.05,937,17,0,1
2,0.05,938,17,0,0
2,0.05,939,18,1,0
2,0.05,940,17,0,1
2,0.05,941,17,0,0
2,0.05,942,17,0,0
2,0.05,943,17,0,0
2,0.05,944,17,0,0
2,0.05,945,17,0,0
2,0.05,946,18,1,0
2,0.05,947,18,0,0
2,0.05,948,17,0,1
2,0.05,949,17,0,0
2,0.05,950,18,1,0
2,0.05,951,18,0,0
2,0.05,952,18,0,0
2,0.05,953,17,0,1
2,0.05,954,18,1,0
2,0.05,955,17,0,1
2,0.05,956,18,1,0
2,0.05,957,17,0,1
2,0.05,958,18,1,0
2,0.05,959,18,0,0
2,0.05,960,18,0,0
2,0.05,961,17,0,1
2,0.05,962,17,0,0
2,0.05,963,18,1,0
2,0.05,964,18,0,0
2,0.05,965,18,0,0
2,0.05,966,19,1,0
2,0.05,967,18,0,1
2,0.05,968,18,0,0
2,0.05,969,18,0,0
2,0.05,970,18,0,0
2,0.05,971,18,0,0
2,0.05,972,18,0,0
2,0.05,973,17,0,1
2,0.05,974,18,1,0
2,0.05,975,17,0,1
2,0.05,976,18,1,0
2,0.05,977,18,0,0
2,0.05,978,18,1,1
2,0.05,979,18,1,1
2,0.05,980,17,0,1
2,0.05,981,18,1,0
2,0.05,982,18,0,0
2,0.05,983,19,1,0
2,0.05,984,18,0,1
2,0.05,985,18,0,0
2,0.05,986,18,0,0
2,0.05,987,18,0,0
2,0.05,988,18,0,0
2,0.05,989,19,1,0
2,0.05,990,19,0,0
2,0.05,991,19,0,0
2,0.05,992,18,0,1
2,0.05,993,17,0,1
2,0.05,994,17,0,0
2,0.05,995,17,0,0
2,0.05,996,17,0,0
2,0.05,997,18,1,0
2,0.05,998,17,0,1
2,0.05,999,18,1,0
2,0.05,1000,19,1,0
2,0.05,1001,19,0,0
2,0.05,1002,18,0,1
2,0.05,1003,18,0,0
2,0.05,1004,17,0,1
2,0.05,1005,18,1,0
2,0.05,1006,19,1,0
2,0.05,1007,18,0,1
2,0.05,1008,17,0,1
2,0.05,1009,17,0,0
2,0.05,1010,18,1,0
2,0.05,1011,18,0,0
2,0.05,1012,18,0,0
2,0.05,1013,17,0,1
2,0.05,1014,18,1,0
2,0.05,1015,18,0,0
2,0.05,1016,17,0,1
2,0.05,1017,18,1,0
2,0.05,1018,18,1,1
2,0.05,1019,18,0,0
2,0.05,1020,19,1,0
2,0.05,1021,18,0,1
2,0.05,1022,18,0,0
2,0.05,1023,19,1,0
2,0.05,1024,18,0,1
2,0.05,1025,19,1,0
2,0.05,1026,17,0,2
2,0.05,1027,18,1,0
2,0.05,1028,18,0,0
2,0.05,1029,18,0,0
2,0.05,1030,19,1,0
2,0.05,1031,18,1,2
2,0.05,1032,19,2,1
2,0.05,1033,18,0,1
2,0.05,1034,18,0,0
2,0.05,1035,18,0,0
2,0.05,1036,20,2,0
2,0.05,1037,19,0,1
2,0.05,1038,19,0,0
2,0.05,1039,19,0,0
2,0.05,1040,20,1,0
2,0.05,1041,19,0,1
2,0.05,1042,19,1,1
2,0.05,1043,18,0,1
2,0.05,1044,20,2,0
2,0.05,1045,20,0,0
2,0.05,1046,18,0,2
2,0.05,1047,18,0,0
2,0.05,1048,19,1,0
2,0.05,1049,18,0,1
2,0.05,1050,20,2,0
2,0.05,1051,19,0,1
2,0.05,1052,20,1,0
2,0.05,1053,20,0,0
2,0.05,1054,20,0,0
2,0.05,1055,19,0,1
2,0.05,1056,19,0,0
2,0.05,1057,18,0,1
2,0.05,1058,18,0,0
2,0.05,1059,19,1,0
2,0.05,1060,17,0,2
2,0.05,1061,18,1,0
2,0.05,1062,19,1,0
2,0.05,1063,18,0,1
2,0.05,1064,18,0,0
2,0.05,1065,17,0,1
2,0.05,1066,18,1,0
2,0.05,1067,18,0,0
2,0.05,1068,18,0,0
2,0.05,1069,18,0,0
2,0.05,1070,18,0,0
2,0.05,1071,19,1,0
2,0.05,1072,18,0,1
2,0.05,1073,18,0,0
2,0.05,1074,18,0,0
2,0.05,1075,19,1,0
2,0.05,1076,18,0,1
2,0.05,1077,19,1,0
2,0.05,1078,18,0,1
2,0.05,1079,18,0,0
2,0.05,1080,18,0,0
2,0.05,1081,18,0,0
2,0.05,1082,18,0,0
2,0.05,1083,19,1,0
2,0.05,1084,19,0,0
2,0.05,1085,19,0,0
2,0.05,1086,18,0,1
2,0.05,1087,18,0,0
2,0.05,1088,19,1,0
2,0.05,1089,19,1,1
2,0.05,1090,18,0,1
2,0.05,1091,18,0,0
2,0.05,1092,18,0,0
2,0.05,1093,18,0,0
2,0.05,1094,18,0,0
2,0.05,1095,18,0,0
2,0.05,1096,18,0,0
2,0.05,1097,18,0,0
2,0.05,1098,19,1,0
2,0.05,1099,18,0,1
2,0.05,1100,18,0,0
2,0.05,1101,19,1,0
2,0.05,1102,19,0,0
2,0.05,1103,19,0,0
2,0.05,1104,19,0,0
2,0.05,1105,18,0,1
2,0.05,1106,18,0,0
2,0.05,1107,18,0,0
2,0.05,1108,19,1,0
2,0.05,1109,19,0,0
2,0.05,1110,18,0,1
2,0.05,1111,18,0,0
2,0.05,1112,18,0,0
2,0.05,1113,18,0,0
2,0.05,1114,18,0,0
2,0.05,1115,18,0,0
2,0.05,1116,18,0,0
2,0.05,1117,18,0,0
2,0.05,1118,18,0,0
2,0.05,1119,19,1,0
2,0.05,1120,19,0,0
2,0.05,1121,18,0,1
2,0.05,1122,18,0,0
2,0.05,1123,18,0,0
2,0.05,1124,18,0,0
2,0.05,1125,18,0,0
2,0.05,1126,18,0,0
2,0.05,1127,18,0,0
2,0.05,1128,19,1,0
2,0.05,1129,18,0,1
2,0.05,1130,18,0,0
2,0.05,1131,18,0,0
2,0.05,1132,18,0,0
2,0.05,1133,18,0,0
2,0.05,1134,18,0,0
2,0.05,1135,18,0,0
2,0.05,1136,18,0,0
2,0.05,1137,18,0,0
2,0.05,1138,18,0,0
2,0.05,1139,18,0,0
2,0.05,1140,18,0,0
2,0.05,1141,18,0,0
2,0.05,1142,18,0,0
2,0.05,1143,18,0,0
2,0.05,1144,18,0,0
2,0.05,1145,18,0,0
2,0.05,1146,18,0,0
2,0.05,1147,18,0,0
2,0.05,1148,18,0,0
2,0.05,1149,18,0,0
2,0.05,1150,18,0,0
2,0.05,1151,18,0,0
2,0.05,1152,18,0,0
2,0.05,1153,18,0,0
2,0.05,1154,18,0,0
2,0.05,1155,18,0,0
2,0.05,1156,18,0,0
2,0.05,1157,18,0,0
2,0.05,1158,18,0,0
2,0.05,1159,18,0,0
2,0.05,1160,18,0,0
2,0.05,1161,18,0,0
2,0.05,1162,18,0,0
2,0.05,1163,18,0,0
2,0.05,1164,18,0,0
2,0.05,1165,18,0,0
2,0.05,1166,18,0,0
2,0.05,1167,18,0,0
2,0.05,1168,18,0,0
2,0.05,1169,18,0,0
2,0.05,1170,18,0,0
2,0.05,1171,18,0,0
2,0.05,1172,18,0,0
2,0.05,1173,18,0,0
2,0.05,1174,18,0,0
2,0.05,1175,18,0,0
2,0.05,1176,18,0,0
2,0.05,1177,18,0,0
2,0.05,1178,18,0,0
2,0.05,1179,18,0,0
2,0.05,1180,18,0,0
2,0.05,1181,18,0,0
2,0.05,1182,18,0,0
2,0.05,1183,18,0,0
2,0.05,1184,18,0,0
2,0.05,1185,18,0,0
2,0.05,1186,18,0,0
2,0.05,1187,18,0,0
2,0.05,1188,18,0,0
2,0.05,1189,19,1,0
2,0.05,1190,19,1,1
2,0.05,1191,18,0,1
2,0.05,1192,18,0,0
2,0.05,1193,18,0,0
2,0.05,1194,18,0,0
2,0.05,1195,18,0,0
2,0.05,1196,18,0,0
2,0.05,1197,18,0,0
2,0.05,1198,18,0,0
2,0.05,1199,18,0,0
2,0.05,1200,18,0,0
2,0.05,1201,18,0,0
2,0.05,1202,18,0,0
2,0.05,1203,18,0,0
2,0.05,1204,18,0,0
2,0.05,1205,18,0,0
2,0.05,1206,18,0,0
2,0.05,1207,18,0,0
2,0.05,1208,18,0,0
2,0.05,1209,18,0,0
2,0.05,1210,18,0,0
2,0.05,1211,18,0,0
2,0.05,1212,18,0,0
2,0.05,1213,18,0,0
2,0.05,1214,18,0,0
2,0.05,1215,18,0,0
2,0.05,1216,18,0,0
2,0.05,1217,18,0,0
2,0.05,1218,18,0,0
2,0.05,1219,18,0,0
2,0.05,1220,18,0,0
2,0.05,1221,18,0,0
2,0.05,1222,18,0,0
2,0.05,1223,18,0,0
2,0.05,1224,18,0,0
2,0.05,1225,18,0,0
2,0.05,1226,18,0,0
2,0.05,1227,18,0,0
2,0.05,1228,18,0,0
2,0.05,1229,18,0,0
2,0.05,1230,18,0,0
2,0.05,1231,18,0,0
2,0.05,1232,18,0,0
2,0.05,1233,18,0,0
2,0.05,1234,18,0,0
2,0.05,1235,18,0,0
2,0.05,1236,18,0,0
2,0.05,1237,18,0,0
2,0.05,1238,18,0,0
2,0.05,1239,18,0,0
2,0.05,1240,18,0,0
2,0.05,1241,18,0,0
2,0.05,1242,18,0,0
2,0.05,1243,19,1,0
2,0.05,1244,18,0,1
2,0.05,1245,18,0,0
2,0.05,1246,18,0,0
2,0.05,1247,18,0,0
2,0.05,1248,18,0,0
2,0.05,1249,18,0,0
2,0.05,1250,18,0,0
2,0.05,1251,18,0,0
2,0.05,1252,18,0,0
2,0.05,1253,18,0,0
2,0.05,1254,18,0,0
2,0.05,1255,18,0,0
2,0.05,1256,18,0,0
2,0.05,1257,18,0,0
2,0.05,1258,18,0,0
2,0.05,1259,18,0,0
2,0.05,1260,18,0,0
2,0.05,1261,18,0,0
2,0.05,1262,18,0,0
2,0.05,1263,18,0,0
2,0.05,1264,18,0,0
2,0.05,1265,18,0,0
2,0.05,1266,19,1,0
2,0.05,1267,18,0,1
2,0.05,1268,18,0,0
2,0.05,1269,18,0,0
2,0.05,1270,18,0,0
2,0.05,1271,18,0,0
2,0.05,1272,18,0,0
2,0.05,1273,18,0,0
2,0.05,1274,18,0,0
2,0.05,1275,19,1,0
2,0.05,1276,18,0,1
2,0.05,1277,18,0,0
2,0.05,1278,18,0,0
2,0.05,1279,18,0,0
2,0.05,1280,18,0,0
2,0.05,1281,18,0,0
2,0.05,1282,18,0,0
2,0.05,1283,19,1,0
2,0.05,1284,18,0,1
2,0.05,1285,18,0,0
2,0.05,1286,18,0,0
2,0.05,1287,18,0,0
2,0.05,1288,18,0,0
2,0.05,1289,18,0,0
2,0.05,1290,18,0,0
2,0.05,1291,18,0,0
2,0.05,1292,18,0,0
2,0.05,1293,18,0,0
2,0.05,1294,18,0,0
2,0.05,1295,18,0,0
2,0.05,1296,18,0,0
2,0.05,1297,19,1,0
2,0.05,1298,18,0,1
2,0.05,1299,19,1,0
2,0.05,1300,19,0,0
2,0.05,1301,18,0,1
2,0.05,1302,18,0,0
2,0.05,1303,18,0,0
2,0.05,1304,18,0,0
2,0.05,1305,19,1,0
2,0.05,1306,18,0,1
2,0.05,1307,18,0,0
2,0.05,1308,18,0,0
2,0.05,1309,19,1,0
2,0.05,1310,18,0,1
2,0.05,1311,18,0,0
2,0.05,1312,18,0,0
2,0.05,1313,18,0,0
2,0.05,1314,18,0,0
2,0.05,1315,18,0,0
2,0.05,1316,18,0,0
2,0.05,1317,18,0,0
2,0.05,1318,18,0,0
2,0.05,1319,18,0,0
2,0.05,1320,18,0,0
2,0.05,1321,18,0,0
2,0.05,1322,18,0,0
2,0.05,1323,18,0,0
2,0.05,1324,19,1,0
2,0.05,1325,19,0,0
2,0.05,1326,18,0,1
2,0.05,1327,19,1,0
2,0.05,1328,18,0,1
2,0.05,1329,18,0,0
2,0.05,1330,19,1,0
2,0.05,1331,18,0,1
2,0.05,1332,18,0,0
2,0.05,1333,18,0,0
2,0.05,1334,19,1,0
2,0.05,1335,18,0,1
2,0.05,1336,18,0,0
2,0.05,1337,19,1,0
2,0.05,1338,18,0,1
2,0.05,1339,18,0,0
2,0.05,1340,18,0,0
2,0.05,1341,18,0,0
2,0.05,1342,19,1,0
2,0.05,1343,18,0,1
2,0.05,1344,19,1,0
2,0.05,1345,18,0,1
2,0.05,1346,18,0,0
2,0.05,1347,18,0,0
2,0.05,1348,18,0,0
2,0.05,1349,18,0,0
2,0.05,1350,18,0,0
2,0.05,1351,19,1,0
2,0.05,1352,18,0,1
2,0.05,1353,18,0,0
2,0.05,1354,18,0,0
2,0.05,1355,18,0,0
2,0.05,1356,19,1,0
2,0.05,1357,19,0,0
2,0.05,1358,18,0,1
2,0.05,1359,18,0,0
2,0.05,1360,19,1,0
2,0.05,1361,18,0,1
2,0.05,1362,19,1,0
2,0.05,1363,19,1,1
2,0.05,1364,18,0,1
2,0.05,1365,20,2,0
2,0.05,1366,18,0,2
2,0.05,1367,18,0,0
2,0.05,1368,18,0,0
2,0.05,1369,19,1,0
2,0.05,1370,18,0,1
2,0.05,1371,18,0,0
2,0.05,1372,18,0,0
2,0.05,1373,18,0,0
2,0.05,1374,18,0,0
2,0.05,1375,18,0,0
2,0.05,1376,19,1,0
2,0.05,1377,18,0,1
2,0.05,1378,18,0,0
2,0.05,1379,19,1,0
2,0.05,1380,18,0,1
2,0.05,1381,19,1,0
2,0.05,1382,18,0,1
2,0.05,1383,18,0,0
2,0.05,1384,19,1,0
2,0.05,1385,19,0,0
2,0.05,1386,18,0,1
2,0.05,1387,18,0,0
2,0.05,1388,18,0,0
2,0.05,1389,18,0,0
2,0.05,1390,18,0,0
2,0.05,1391,18,0,0
2,0.05,1392,18,0,0
2,0.05,1393,18,0,0
2,0.05,1394,18,0,0
2,0.05,1395,18,0,0
2,0.05,1396,18,0,0
2,0.05,1397,18,0,0
2,0.05,1398,18,0,0
2,0.05,1399,18,0,0
2,0.05,1400,19,1,0
2,0.05,1401,18,0,1
2,0.05,1402,18,0,0
2,0.05,1403,18,0,0
2,0.05,1404,18,0,0
2,0.05,1405,18,0,0
2,0.05,1406,19,1,0
2,0.05,1407,18,0,1
2,0.05,1408,18,0,0
2,0.05,1409,19,1,0
2,0.05,1410,18,0,1
2,0.05,1411,18,0,0
2,0.05,1412,18,0,0
2,0.05,1413,18,0,0
2,0.05,1414,18,0,0
2,0.05,1415,18,0,0
2,0.05,1416,19,1,0
2,0.05,1417,19,0,0
2,0.05,1418,18,0,1
2,0.05,1419,19,1,0
2,0.05,1420,18,0,1
2,0.05,1421,18,0,0
2,0.05,1422,18,0,0
2,0.05,1423,19,1,0
2,0.05,1424,18,0,1
2,0.05,1425,18,0,0
2,0.05,1426,18,0,0
2,0.05,1427,18,0,0
2,0.05,1428,18,0,0
2,0.05,1429,18,0,0
2,0.05,1430,19,1,0
2,0.05,1431,18,0,1
2,0.05,1432,18,0,0
2,0.05,1433,18,0,0
2,0.05,1434,18,0,0
2,0.05,1435,18,0,0
2,0.05,1436,18,0,0
2,0.05,1437,18,0,0
2,0.05,1438,19,1,0
2,0.05,1439,18,0,1
2,0.05,1440,19,1,0
2,0.05,1441,18,0,1
2,0.05,1442,18,0,0
2,0.05,1443,18,0,0
2,0.05,1444,18,0,0
2,0.05,1445,19,1,0
2,0.05,1446,18,0,1
2,0.05,1447,18,0,0
2,0.05,1448,18,0,0
2,0.05,1449,18,0,0
2,0.05,1450,18,0,0
2,0.05,1451,18,0,0
2,0.05,1452,18,0,0
2,0.05,1453,18,0,0
2,0.05,1454,18,0,0
2,0.05,1455,18,0,0
2,0.05,1456,18,0,0
2,0.05,1457,19,1,0
2,0.05,1458,19,0,0
2,0.05,1459,19,0,0
2,0.05,1460,18,0,1
2,0.05,1461,18,0,0
2,0.05,1462,19,1,0
2,0.05,1463,19,0,0
2,0.05,1464,19,0,0
2,0.05,1465,18,0,1
2,0.05,1466,19,1,0
2,0.05,1467,18,0,1
2,0.05,1468,18,0,0
2,0.05,1469,20,2,0
2,0.05,1470,19,0,1
2,0.05,1471,19,0,0
2,0.05,1472,18,0,1
2,0.05,1473,19,1,0
2,0.05,1474,19,0,0
2,0.05,1475,18,0,1
2,0.05,1476,18,0,0
2,0.05,1477,18,0,0
2,0.05,1478,18,0,0
2,0.05,1479,19,1,0
2,0.05,1480,18,0,1
2,0.05,1481,19,1,0
2,0.05,1482,19,0,0
2,0.05,1483,18,0,1
2,0.05,1484,18,0,0
2,0.05,1485,18,0,0
2,0.05,1486,19,1,0
2,0.05,1487,19,0,0
2,0.05,1488,19,0,0
2,0.05,1489,18,0,1
2,0.05,1490,19,1,0
2,0.05,1491,19,0,0
2,0.05,1492,19,0,0
2,0.05,1493,19,0,0
2,0.05,1494,19,0,0
2,0.05,1495,19,0,0
2,0.05,1496,19,0,0
2,0.05,1497,19,0,0
2,0.05,1498,19,0,0
2,0.05,1499,19,0,0
2,0.05,1500,19,0,0
2,0.1,0,14,0,0
2,0.1,1,38,30,6
2,0.1,2,34,22,26
2,0.1,3,38,20,16
2,0.1,4,52,31,17
2,0.1,5,42,16,26
2,0.1,6,37,10,15
2,0.1,7,28,10,19
2,0.1,8,40,25,13
2,0.1,9,31,14,23
2,0.1,10,53,31,9
2,0.1,11,34,14,33
2,0.1,12,44,21,11
2,0.1,13,38,13,19
2,0.1,14,42,22,18
2,0.1,15,49,18,11
2,0.1,16,50,13,12
2,0.1,17,42,10,18
2,0.1,18,43,12,11
2,0.1,19,48,14,9
2,0.1,20,53,14,9
2,0.1,21,54,14,13
2,0.1,22,42,1,13
2,0.1,23,44,13,11
2,0.1,24,44,7,7
2,0.1,25,46,9,7
2,0.1,26,54,14,6
2,0.1,27,49,8,13
2,0.1,28,62,15,2
2,0.1,29,59,5,8
2,0.1,30,55,1,5
2,0.1,31,52,2,5
2,0.1,32,45,8,15
2,0.1,33,61,18,2
2,0.1,34,61,4,4
2,0.1,35,60,2,3
2,0.1,36,54,0,6
2,0.1,37,56,3,1
2,0.1,38,53,2,5
2,0.1,39,53,3,3
2,0.1,40,57,5,1
2,0.1,41,54,2,5
2,0.1,42,51,2,5
2,0.1,43,54,5,2
2,0.1,44,50,1,5
2,0.1,45,52,7,5
2,0.1,46,54,5,3
2,0.1,47,55,1,0
2,0.1,48,53,0,2
2,0.1,49,52,0,1
2,0.1,50,49,2,5
2,0.1,51,50,4,3
2,0.1,52,44,1,7
2,0.1,53,52,8,0
2,0.1,54,49,0,3
2,0.1,55,52,4,1
2,0.1,56,37,0,15
2,0.1,57,43,9,3
2,0.1,58,43,4,4
2,0.1,59,42,2,3
2,0.1,60,46,6,2
2,0.1,61,42,2,6
2,0.1,62,40,4,6
2,0.1,63,32,3,11
2,0.1,64,28,8,12
2,0.1,65,36,11,3
2,0.1,66,39,7,4
2,0.1,67,37,6,8
2,0.1,68,31,5,11
2,0.1,69,33,4,2
2,0.1,70,29,8,12
2,0.1,71,32,13,10
2,0.1,72,35,8,5
2,0.1,73,32,7,10
2,0.1,74,41,14,5
2,0.1,75,39,2,4
2,0.1,76,41,4,2
2,0.1,77,41,4,4
2,0.1,78,41,2,2
2,0.1,79,38,3,6
2,0.1,80,42,6,2
2,0.1,81,35,1,8
2,0.1,82,35,6,6
2,0.1,83,36,7,6
2,0.1,84,40,5,1
2,0.1,85,35,3,8
2,0.1,86,40,8,3
2,0.1,87,32,0,8
2,0.1,88,34,3,1
2,0.1,89,38,8,4
2,0.1,90,39,4,3
2,0.1,91,40,4,3
2,0.1,92,38,1,3
2,0.1,93,39,1,0
2,0.1,94,35,1,5
2,0.1,95,34,1,2
2,0.1,96,36,3,1
2,0.1,97,30,3,9
2,0.1,98,39,13,4
2,0.1,99,32,4,11
2,0.1,100,37,8,3
2,0.1,101,36,1,2
2,0.1,102,34,0,2
2,0.1,103,37,3,0
2,0.1,104,38,2,1
2,0.1,105,36,2,4
2,0.1,106,36,3,3
2,0.1,107,36,2,2
2,0.1,108,37,3,2
2,0.1,109,35,0,2
2,0.1,110,35,0,0
2,0.1,111,36,2,1
2,0.1,112,39,4,1
2,0.1,113,35,0,4
2,0.1,114,35,1,1
2,0.1,115,33,1,3
2,0.1,116,35,3,1
2,0.1,117,37,2,0
2,0.1,118,38,1,0
2,0.1,119,34,0,4
2,0.1,120,35,3,2
2,0.1,121,27,1,9
2,0.1,122,32,8,3
2,0.1,123,33,4,3
2,0.1,124,34,2,1
2,0.1,125,31,0,3
2,0.1,126,35,5,1
2,0.1,127,32,1,4
2,0.1,128,29,1,4
2,0.1,129,31,3,1
2,0.1,130,33,2,0
2,0.1,131,33,2,2
2,0.1,132,34,2,1
2,0.1,133,34,2,2
2,0.1,134,32,3,5
2,0.1,135,38,6,0
2,0.1,136,34,0,4
2,0.1,137,32,0,2
2,0.1,138,35,4,1
2,0.1,139,34,1,2
2,0.1,140,35,1,0
2,0.1,141,33,0,2
2,0.1,142,32,2,3
2,0.1,143,33,2,1
2,0.1,144,35,3,1
2,0.1,145,35,1,1
2,0.1,146,35,2,2
2,0.1,147,31,0,4
2,0.1,148,30,1,2
2,0.1,149,35,5,0
2,0.1,150,33,1,3
2,0.1,151,34,2,1
2,0.1,152,33,1,2
2,0.1,153,31,0,2
2,0.1,154,34,3,0
2,0.1,155,34,0,0
2,0.1,156,33,1,2
2,0.1,157,33,1,1
2,0.1,158,33,1,1
2,0.1,159,32,0,1
2,0.1,160,33,1,0
2,0.1,161,32,0,1
2,0.1,162,30,0,2
2,0.1,163,31,1,0
2,0.1,164,32,1,0
2,0.1,165,32,1,1
2,0.1,166,31,0,1
2,0.1,167,33,2,0
2,0.1,168,31,0,2
2,0.1,169,30,0,1
2,0.1,170,30,1,1
2,0.1,171,32,2,0
2,0.1,172,30,1,3
2,0.1,173,30,0,0
2,0.1,174,31,1,0
2,0.1,175,30,0,1
2,0.1,176,33,3,0
2,0.1,177,31,0,2
2,0.1,178,32,1,0
2,0.1,179,32,0,0
2,0.1,180,31,1,2
2,0.1,181,31,1,1
2,0.1,182,30,0,1
2,0.1,183,29,0,1
2,0.1,184,29,0,0
2,0.1,185,30,1,0
2,0.1,186,31,1,0
2,0.1,187,29,0,2
2,0.1,188,29,0,0
2,0.1,189,29,0,0
2,0.1,190,28,0,1
2,0.1,191,25,0,3
2,0.1,192,29,4,0
2,0.1,193,29,1,1
2,0.1,194,29,0,0
2,0.1,195,26,0,3
2,0.1,196,28,2,0
2,0.1,197,30,2,0
2,0.1,198,23,0,7
2,0.1,199,28,5,0
2,0.1,200,29,2,1
2,0.1,201,26,1,4
2,0.1,202,26,2,2
2,0.1,203,27,1,0
2,0.1,204,28,2,1
2,0.1,205,27,0,1
2,0.1,206,29,2,0
2,0.1,207,27,0,2
2,0.1,208,30,3,0
2,0.1,209,29,2,3
2,0.1,210,27,0,2
2,0.1,211,28,2,1
2,0.1,212,27,1,2
2,0.1,213,29,2,0
2,0.1,214,28,1,2
2,0.1,215,28,1,1
2,0.1,216,27,0,1
2,0.1,217,26,1,2
2,0.1,218,26,1,1
2,0.1,219,27,2,1
2,0.1,220,28,1,0
2,0.1,221,27,0,1
2,0.1,222,28,1,0
2,0.1,223,25,0,3
2,0.1,224,21,0,4
2,0.1,225,26,5,0
2,0.1,226,25,1,2
2,0.1,227,24,0,1
2,0.1,228,26,3,1
2,0.1,229,23,1,4
2,0.1,230,23,1,1
2,0.1,231,22,3,4
2,0.1,232,23,4,3
2,0.1,233,25,3,1
2,0.1,234,24,2,3
2,0.1,235,22,0,2
2,0.1,236,25,3,0
2,0.1,237,23,0,2
2,0.1,238,24,2,1
2,0.1,239,24,2,2
2,0.1,240,23,0,1
2,0.1,241,23,0,0
2,0.1,242,26,3,0
2,0.1,243,21,0,5
2,0.1,244,23,2,0
2,0.1,245,23,1,1
2,0.1,246,22,0,1
2,0.1,247,23,2,1
2,0.1,248,21,0,2
2,0.1,249,22,1,0
2,0.1,250,22,1,1
2,0.1,251,21,1,2
2,0.1,252,21,0,0
2,0.1,253,20,0,1
2,0.1,254,24,4,0
2,0.1,255,23,0,1
2,0.1,256,22,2,3
2,0.1,257,23,2,1
2,0.1,258,23,0,0
2,0.1,259,21,0,2
2,0.1,260,23,2,0
2,0.1,261,21,0,2
2,0.1,262,22,1,0
2,0.1,263,23,1,0
2,0.1,264,22,0,1
2,0.1,265,22,1,1
2,0.1,266,21,0,1
2,0.1,267,22,1,0
2,0.1,268,23,2,1
2,0.1,269,23,1,1
2,0.1,270,24,1,0
2,0.1,271,13,0,11
2,0.1,272,19,6,0
2,0.1,273,22,3,0
2,0.1,274,22,1,1
2,0.1,275,22,1,1
2,0.1,276,23,2,1
2,0.1,277,22,1,2
2,0.1,278,23,2,1
2,0.1,279,20,0,3
2,0.1,280,22,2,0
2,0.1,281,22,1,1
2,0.1,282,22,1,1
2,0.1,283,20,1,3
2,0.1,284,21,1,0
2,0.1,285,20,0,1
2,0.1,286,20,1,1
2,0.1,287,21,1,0
2,0.1,288,21,0,0
2,0.1,289,21,0,0
2,0.1,290,21,0,0
2,0.1,291,20,0,1
2,0.1,292,21,1,0
2,0.1,293,21,0,0
2,0.1,294,21,0,0
2,0.1,295,21,0,0
2,0.1,296,21,1,1
2,0.1,297,21,1,1
2,0.1,298,21,1,1
2,0.1,299,20,0,1
2,0.1,300,21,1,0
2,0.1,301,22,1,0
2,0.1,302,21,0,1
2,0.1,303,20,0,1
2,0.1,304,21,1,0
2,0.1,305,21,0,0
2,0.1,306,21,0,0
2,0.1,307,22,1,0
2,0.1,308,21,0,1
2,0.1,309,21,0,0
2,0.1,310,22,1,0
2,0.1,311,21,0,1
2,0.1,312,22,1,0
2,0.1,313,21,0,1
2,0.1,314,21,0,0
2,0.1,315,21,0,0
2,0.1,316,21,0,0
2,0.1,317,22,1,0
2,0.1,318,21,0,1
2,0.1,319,21,0,0
2,0.1,320,21,1,1
2,0.1,321,21,1,1
2,0.1,322,21,0,0
2,0.1,323,21,0,0
2,0.1,324,22,1,0
2,0.1,325,21,0,1
2,0.1,326,21,0,0
2,0.1,327,21,0,0
2,0.1,328,22,1,0
2,0.1,329,21,0,1
2,0.1,330,21,0,0
2,0.1,331,21,0,0
2,0.1,332,23,2,0
2,0.1,333,21,0,2
2,0.1,334,21,0,0
2,0.1,335,22,1,0
2,0.1,336,21,0,1
2,0.1,337,21,0,0
2,0.1,338,21,0,0
2,0.1,339,21,0,0
2,0.1,340,21,0,0
2,0.1,341,21,0,0
2,0.1,342,21,0,0
2,0.1,343,21,0,0
2,0.1,344,20,0,1
2,0.1,345,21,1,0
2,0.1,346,21,0,0
2,0.1,347,21,0,0
2,0.1,348,20,0,1
2,0.1,349,22,2,0
2,0.1,350,22,1,1
2,0.1,351,22,0,0
2,0.1,352,21,0,1
2,0.1,353,21,1,1
2,0.1,354,22,1,0
2,0.1,355,22,0,0
2,0.1,356,21,0,1
2,0.1,357,21,0,0
2,0.1,358,21,0,0
2,0.1,359,21,1,1
2,0.1,360,22,1,0
2,0.1,361,20,0,2
2,0.1,362,21,1,0
2,0.1,363,22,1,0
2,0.1,364,22,0,0
2,0.1,365,21,0,1
2,0.1,366,21,0,0
2,0.1,367,20,0,1
2,0.1,368,20,0,0
2,0.1,369,21,1,0
2,0.1,370,21,0,0
2,0.1,371,21,0,0
2,0.1,372,21,0,0
2,0.1,373,21,0,0
2,0.1,374,22,1,0
2,0.1,375,21,0,1
2,0.1,376,22,1,0
2,0.1,377,21,0,1
2,0.1,378,21,0,0
2,0.1,379,22,1,0
2,0.1,380,21,0,1
2,0.1,381,22,1,0
2,0.1,382,21,0,1
2,0.1,383,21,0,0
2,0.1,384,21,0,0
2,0.1,385,21,0,0
2,0.1,386,21,0,0
2,0.1,387,21,0,0
2,0.1,388,21,0,0
2,0.1,389,21,0,0
2,0.1,390,21,0,0
2,0.1,391,20,0,1
2,0.1,392,21,1,0
2,0.1,393,20,0,1
2,0.1,394,22,2,0
2,0.1,395,21,0,1
2,0.1,396,21,0,0
2,0.1,397,21,0,0
2,0.1,398,20,0,1
2,0.1,399,21,1,0
2,0.1,400,21,0,0
2,0.1,401,21,0,0
2,0.1,402,20,0,1
2,0.1,403,21,1,0
2,0.1,404,21,1,1
2,0.1,405,21,0,0
2,0.1,406,20,0,1
2,0.1,407,19,0,1
2,0.1,408,21,2,0
2,0.1,409,20,0,1
2,0.1,410,21,1,0
2,0.1,411,20,0,1
2,0.1,412,21,1,0
2,0.1,413,20,0,1
2,0.1,414,21,1,0
2,0.1,415,20,0,1
2,0.1,416,20,0,0
2,0.1,417,20,0,0
2,0.1,418,21,1,0
2,0.1,419,20,0,1
2,0.1,420,20,0,0
2,0.1,421,20,0,0
2,0.1,422,21,1,0
2,0.1,423,21,0,0
2,0.1,424,20,0,1
2,0.1,425,20,0,0
2,0.1,426,20,0,0
2,0.1,427,20,0,0
2,0.1,428,20,0,0
2,0.1,429,20,0,0
2,0.1,430,21,1,0
2,0.1,431,17,0,4
2,0.1,432,20,3,0
2,0.1,433,12,0,8
2,0.1,434,15,3,0
2,0.1,435,18,4,1
2,0.1,436,16,0,2
2,0.1,437,17,1,0
2,0.1,438,14,0,3
2,0.1,439,15,1,0
2,0.1,440,16,1,0
2,0.1,441,14,0,2
2,0.1,442,17,3,0
2,0.1,443,17,2,2
2,0.1,444,18,1,0
2,0.1,445,15,0,3
2,0.1,446,17,2,0
2,0.1,447,17,0,0
2,0.1,448,18,1,0
2,0.1,449,19,1,0
2,0.1,450,17,0,2
2,0.1,451,16,0,1
2,0.1,452,15,0,1
2,0.1,453,17,2,0
2,0.1,454,17,0,0
2,0.1,455,17,0,0
2,0.1,456,17,0,0
2,0.1,457,18,1,0
2,0.1,458,17,0,1
2,0.1,459,17,0,0
2,0.1,460,17,0,0
2,0.1,461,17,0,0
2,0.1,462,17,0,0
2,0.1,463,17,0,0
2,0.1,464,17,0,0
2,0.1,465,17,0,0
2,0.1,466,17,0,0
2,0.1,467,17,0,0
2,0.1,468,18,1,0
2,0.1,469,17,0,1
2,0.1,470,18,1,0
2,0.1,471,19,1,0
2,0.1,472,17,0,2
2,0.1,473,17,0,0
2,0.1,474,17,0,0
2,0.1,475,17,0,0
2,0.1,476,17,0,0
2,0.1,477,17,0,0
2,0.1,478,17,0,0
2,0.1,479,18,1,0
2,0.1,480,18,0,0
2,0.1,481,17,0,1
2,0.1,482,18,1,0
2,0.1,483,17,0,1
2,0.1,484,17,0,0
2,0.1,485,17,0,0
2,0.1,486,17,0,0
2,0.1,487,17,0,0
2,0.1,488,18,1,0
2,0.1,489,17,0,1
2,0.1,490,17,0,0
2,0.1,491,17,0,0
2,0.1,492,18,1,0
2,0.1,493,17,0,1
2,0.1,494,17,0,0
2,0.1,495,18,1,0
2,0.1,496,18,0,0
2,0.1,497,17,0,1
2,0.1,498,17,0,0
2,0.1,499,18,1,0
2,0.1,500,18,1,1
2,0.1,501,17,0,1
2,0.1,502,17,0,0
2,0.1,503,17,0,0
2,0.1,504,17,0,0
2,0.1,505,17,0,0
2,0.1,506,17,0,0
2,0.1,507,17,0,0
2,0.1,508,17,0,0
2,0.1,509,17,0,0
2,0.1,510,17,0,0
2,0.1,511,17,0,0
2,0.1,512,17,0,0
2,0.1,513,17,0,0
2,0.1,514,17,0,0
2,0.1,515,17,0,0
2,0.1,516,18,1,0
2,0.1,517,18,0,0
2,0.1,518,17,0,1
2,0.1,519,18,1,0
2,0.1,520,17,0,1
2,0.1,521,17,0,0
2,0.1,522,18,1,0
2,0.1,523,18,0,0
2,0.1,524,18,0,0
2,0.1,525,20,2,0
2,0.1,526,18,0,2
2,0.1,527,19,1,0
2,0.1,528,18,0,1
2,0.1,529,18,0,0
2,0.1,530,18,0,0
2,0.1,531,17,0,1
2,0.1,532,18,1,0
2,0.1,533,17,0,1
2,0.1,534,20,3,0
2,0.1,535,18,0,2
2,0.1,536,17,0,1
2,0.1,537,18,1,0
2,0.1,538,19,1,0
2,0.1,539,19,1,1
2,0.1,540,19,1,1
2,0.1,541,18,0,1
2,0.1,542,18,1,1
2,0.1,543,18,0,0
2,0.1,544,18,0,0
2,0.1,545,18,0,0
2,0.1,546,20,2,0
2,0.1,547,20,1,1
2,0.1,548,17,0,3
2,0.1,549,18,1,0
2,0.1,550,19,1,0
2,0.1,551,18,0,1
2,0.1,552,18,0,0
2,0.1,553,20,2,0
2,0.1,554,17,0,3
2,0.1,555,19,2,0
2,0.1,556,18,0,1
2,0.1,557,17,0,1
2,0.1,558,18,1,0
2,0.1,559,18,1,1
2,0.1,560,17,0,1
2,0.1,561,18,1,0
2,0.1,562,17,0,1
2,0.1,563,17,0,0
2,0.1,564,17,0,0
2,0.1,565,18,1,0
2,0.1,566,19,1,0
2,0.1,567,19,0,0
2,0.1,568,18,0,1
2,0.1,569,18,0,0
2,0.1,570,19,1,0
2,0.1,571,20,1,0
2,0.1,572,18,0,2
2,0.1,573,18,0,0
2,0.1,574,19,1,0
2,0.1,575,18,0,1
2,0.1,576,18,0,0
2,0.1,577,18,0,0
2,0.1,578,18,0,0
2,0.1,579,18,0,0
2,0.1,580,17,0,1
2,0.1,581,18,1,0
2,0.1,582,18,1,1
2,0.1,583,18,1,1
2,0.1,584,18,1,1
2,0.1,585,18,1,1
2,0.1,586,17,0,1
2,0.1,587,18,1,0
2,0.1,588,18,0,0
2,0.1,589,18,0,0
2,0.1,590,18,1,1
2,0.1,591,17,0,1
2,0.1,592,17,0,0
2,0.1,593,17,0,0
2,0.1,594,19,2,0
2,0.1,595,17,0,2
2,0.1,596,17,0,0
2,0.1,597,17,0,0
2,0.1,598,17,0,0
2,0.1,599,17,0,0
2,0.1,600,17,0,0
2,0.1,601,17,0,0
2,0.1,602,18,1,0
2,0.1,603,17,0,1
2,0.1,604,18,1,0
2,0.1,605,18,1,1
2,0.1,606,19,1,0
2,0.1,607,18,0,1
2,0.1,608,19,1,0
2,0.1,609,17,0,2
2,0.1,610,19,2,0
2,0.1,611,19,0,0
2,0.1,612,18,0,1
2,0.1,613,19,1,0
2,0.1,614,19,0,0
2,0.1,615,19,0,0
2,0.1,616,18,0,1
2,0.1,617,19,1,0
2,0.1,618,19,0,0
2,0.1,619,18,0,1
2,0.1,620,19,1,0
2,0.1,621,19,0,0
2,0.1,622,19,0,0
2,0.1,623,19,0,0
2,0.1,624,20,1,0
2,0.1,625,19,0,1
2,0.1,626,18,0,1
2,0.1,627,19,1,0
2,0.1,628,18,0,1
2,0.1,629,19,1,0
2,0.1,630,18,0,1
2,0.1,631,19,1,0
2,0.1,632,18,0,1
2,0.1,633,18,1,1
2,0.1,634,17,0,1
2,0.1,635,17,0,0
2,0.1,636,19,2,0
2,0.1,637,17,0,2
2,0.1,638,17,0,0
2,0.1,639,19,2,0
2,0.1,640,19,0,0
2,0.1,641,18,0,1
2,0.1,642,19,1,0
2,0.1,643,19,0,0
2,0.1,644,18,0,1
2,0.1,645,19,1,0
2,0.1,646,19,0,0
2,0.1,647,19,0,0
2,0.1,648,18,0,1
2,0.1,649,18,0,0
2,0.1,650,18,0,0
2,0.1,651,18,0,0
2,0.1,652,18,0,0
2,0.1,653,19,1,0
2,0.1,654,19,0,0
2,0.1,655,18,0,1
2,0.1,656,18,0,0
2,0.1,657,18,0,0
2,0.1,658,19,1,0
2,0.1,659,18,0,1
2,0.1,660,19,1,0
2,0.1,661,18,0,1
2,0.1,662,18,0,0
2,0.1,663,18,0,0
2,0.1,664,18,0,0
2,0.1,665,17,0,1
2,0.1,666,17,0,0
2,0.1,667,18,1,0
2,0.1,668,18,0,0
2,0.1,669,18,0,0
2,0.1,670,18,0,0
2,0.1,671,18,0,0
2,0.1,672,18,0,0
2,0.1,673,18,0,0
2,0.1,674,18,0,0
2,0.1,675,18,0,0
2,0.1,676,18,0,0
2,0.1,677,19,1,0
2,0.1,678,18,0,1
2,0.1,679,18,0,0
2,0.1,680,17,0,1
2,0.1,681,18,1,0
2,0.1,682,17,0,1
2,0.1,683,17,0,0
2,0.1,684,17,0,0
2,0.1,685,17,0,0
2,0.1,686,17,0,0
2,0.1,687,17,0,0
2,0.1,688,18,1,0
2,0.1,689,17,0,1
2,0.1,690,17,0,0
2,0.1,691,17,0,0
2,0.1,692,18,1,0
2,0.1,693,18,0,0
2,0.1,694,17,0,1
2,0.1,695,17,0,0
2,0.1,696,17,0,0
2,0.1,697,17,0,0
2,0.1,698,17,0,0
2,0.1,699,17,0,0
2,0.1,700,18,1,0
2,0.1,701,17,0,1
2,0.1,702,17,0,0
2,0.1,703,17,0,0
2,0.1,704,18,1,0
2,0.1,705,17,0,1
2,0.1,706,17,0,0
2,0.1,707,17,0,0
2,0.1,708,17,0,0
2,0.1,709,17,0,0
2,0.1,710,18,1,0
2,0.1,711,17,0,1
2,0.1,712,17,0,0
2,0.1,713,17,0,0
2,0.1,714,17,0,0
2,0.1,715,18,1,0
2,0.1,716,17,0,1
2,0.1,717,17,0,0
2,0.1,718,17,0,0
2,0.1,719,17,0,0
2,0.1,720,17,0,0
2,0.1,721,17,0,0
2,0.1,722,18,1,0
2,0.1,723,17,0,1
2,0.1,724,17,0,0
2,0.1,725,17,0,0
2,0.1,726,17,0,0
2,0.1,727,17,0,0
2,0.1,728,17,0,0
2,0.1,729,17,0,0
2,0.1,730,17,0,0
2,0.1,731,17,0,0
2,0.1,732,17,0,0
2,0.1,733,17,0,0
2,0.1,734,17,0,0
2,0.1,735,17,0,0
2,0.1,736,17,0,0
2,0.1,737,17,0,0
2,0.1,738,17,0,0
2,0.1,739,18,1,0
2,0.1,740,17,0,1
2,0.1,741,17,0,0
2,0.1,742,17,0,0
2,0.1,743,17,0,0
2,0.1,744,17,0,0
2,0.1,745,17,0,0
2,0.1,746,17,0,0
2,0.1,747,17,0,0
2,0.1,748,17,0,0
2,0.1,749,17,0,0
2,0.1,750,17,0,0
2,0.1,751,18,1,0
2,0.1,752,18,1,1
2,0.1,753,17,0,1
2,0.1,754,17,0,0
2,0.1,755,17,0,0
2,0.1,756,18,1,0
2,0.1,757,17,0,1
2,0.1,758,18,1,0
2,0.1,759,18,0,0
2,0.1,760,17,0,1
2,0.1,761,17,0,0
2,0.1,762,17,0,0
2,0.1,763,17,0,0
2,0.1,764,17,0,0
2,0.1,765,17,0,0
2,0.1,766,17,0,0
2,0.1,767,17,0,0
2,0.1,768,17,0,0
2,0.1,769,17,0,0
2,0.1,770,17,0,0
2,0.1,771,17,0,0
2,0.1,772,18,1,0
2,0.1,773,17,0,1
2,0.1,774,18,1,0
2,0.1,775,18,0,0
2,0.1,776,17,0,1
2,0.1,777,17,0,0
2,0.1,778,17,0,0
2,0.1,779,17,0,0
2,0.1,780,18,1,0
2,0.1,781,19,2,1
2,0.1,782,18,0,1
2,0.1,783,17,0,1
2,0.1,784,17,0,0
2,0.1,785,18,1,0
2,0.1,786,17,0,1
2,0.1,787,18,1,0
2,0.1,788,18,0,0
2,0.1,789,17,0,1
2,0.1,790,17,0,0
2,0.1,791,18,1,0
2,0.1,792,17,0,1
2,0.1,793,17,0,0
2,0.1,794,17,0,0
2,0.1,795,17,0,0
2,0.1,796,18,1,0
2,0.1,797,17,0,1
2,0.1,798,17,0,0
2,0.1,799,17,0,0
2,0.1,800,17,0,0
2,0.1,801,17,0,0
2,0.1,802,17,0,0
2,0.1,803,17,0,0
2,0.1,804,17,0,0
2,0.1,805,17,0,0
2,0.1,806,17,0,0
2,0.1,807,18,1,0
2,0.1,808,18,0,0
2,0.1,809,18,0,0
2,0.1,810,17,0,1
2,0.1,811,17,0,0
2,0.1,812,17,0,0
2,0.1,813,17,0,0
2,0.1,814,17,0,0
2,0.1,815,18,1,0
2,0.1,816,18,0,0
2,0.1,817,18,0,0
2,0.1,818,18,1,1
2,0.1,819,17,0,1
2,0.1,820,17,0,0
2,0.1,821,17,0,0
2,0.1,822,18,1,0
2,0.1,823,18,0,0
2,0.1,824,17,0,1
2,0.1,825,17,0,0
2,0.1,826,18,1,0
2,0.1,827,17,0,1
2,0.1,828,17,0,0
2,0.1,829,17,0,0
2,0.1,830,17,0,0
2,0.1,831,18,1,0
2,0.1,832,18,0,0
2,0.1,833,18,0,0
2,0.1,834,18,0,0
2,0.1,835,18,0,0
2,0.1,836,18,0,0
2,0.1,837,18,0,0
2,0.1,838,19,1,0
2,0.1,839,18,0,1
2,0.1,840,19,1,0
2,0.1,841,18,0,1
2,0.1,842,18,0,0
2,0.1,843,18,0,0
2,0.1,844,17,0,1
2,0.1,845,18,1,0
2,0.1,846,17,0,1
2,0.1,847,17,0,0
2,0.1,848,18,1,0
2,0.1,849,18,0,0
2,0.1,850,18,0,0
2,0.1,851,18,0,0
2,0.1,852,18,0,0
2,0.1,853,18,0,0
2,0.1,854,18,0,0
2,0.1,855,18,0,0
2,0.1,856,18,0,0
2,0.1,857,18,0,0
2,0.1,858,18,0,0
2,0.1,859,18,0,0
2,0.1,860,18,0,0
2,0.1,861,18,0,0
2,0.1,862,19,1,0
2,0.1,863,18,0,1
2,0.1,864,18,0,0
2,0.1,865,18,0,0
2,0.1,866,17,0,1
2,0.1,867,17,0,0
2,0.1,868,17,0,0
2,0.1,869,18,1,0
2,0.1,870,18,0,0
2,0.1,871,18,0,0
2,0.1,872,19,1,0
2,0.1,873,18,0,1
2,0.1,874,19,1,0
2,0.1,875,18,0,1
2,0.1,876,18,0,0
2,0.1,877,18,0,0
2,0.1,878,18,0,0
2,0.1,879,18,0,0
2,0.1,880,18,0,0
2,0.1,881,19,1,0
2,0.1,882,18,0,1
2,0.1,883,18,0,0
2,0.1,884,18,0,0
2,0.1,885,18,0,0
2,0.1,886,19,1,0
2,0.1,887,18,0,1
2,0.1,888,18,0,0
2,0.1,889,19,1,0
2,0.1,890,18,0,1
2,0.1,891,18,0,0
2,0.1,892,18,0,0
2,0.1,893,18,0,0
2,0.1,894,18,0,0
2,0.1,895,17,0,1
2,0.1,896,18,1,0
2,0.1,897,18,0,0
2,0.1,898,18,0,0
2,0.1,899,17,0,1
2,0.1,900,18,1,0
2,0.1,901,18,0,0
2,0.1,902,18,0,0
2,0.1,903,18,0,0
2,0.1,904,18,0,0
2,0.1,905,18,0,0
2,0.1,906,18,0,0
2,0.1,907,18,0,0
2,0.1,908,17,0,1
2,0.1,909,18,1,0
2,0.1,910,18,0,0
2,0.1,911,19,1,0
2,0.1,912,18,0,1
2,0.1,913,18,0,0
2,0.1,914,18,0,0
2,0.1,915,18,0,0
2,0.1,916,18,0,0
2,0.1,917,18,0,0
2,0.1,918,17,0,1
2,0.1,919,18,1,0
2,0.1,920,18,1,1
2,0.1,921,18,0,0
2,0.1,922,18,0,0
2,0.1,923,19,1,0
2,0.1,924,18,0,1
2,0.1,925,18,0,0
2,0.1,926,17,0,1
2,0.1,927,17,0,0
2,0.1,928,18,1,0
2,0.1,929,17,0,1
2,0.1,930,18,1,0
2,0.1,931,18,0,0
2,0.1,932,18,0,0
2,0.1,933,17,0,1
2,0.1,934,18,1,0
2,0.1,935,17,0,1
2,0.1,936,18,1,0
2,0.1,937,18,1,1
2,0.1,938,18,1,1
2,0.1,939,18,0,0
2,0.1,940,18,0,0
2,0.1,941,19,1,0
2,0.1,942,18,0,1
2,0.1,943,18,0,0
2,0.1,944,17,0,1
2,0.1,945,17,0,0
2,0.1,946,18,1,0
2,0.1,947,18,0,0
2,0.1,948,17,0,1
2,0.1,949,17,0,0
2,0.1,950,18,1,0
2,0.1,951,18,0,0
2,0.1,952,18,0,0
2,0.1,953,18,0,0
2,0.1,954,18,0,0
2,0.1,955,18,0,0
2,0.1,956,18,0,0
2,0.1,957,19,1,0
2,0.1,958,18,0,1
2,0.1,959,18,0,0
2,0.1,960,18,0,0
2,0.1,961,17,0,1
2,0.1,962,18,1,0
2,0.1,963,18,0,0
2,0.1,964,19,1,0
2,0.1,965,18,0,1
2,0.1,966,19,1,0
2,0.1,967,18,0,1
2,0.1,968,19,1,0
2,0.1,969,18,0,1
2,0.1,970,18,0,0
2,0.1,971,18,0,0
2,0.1,972,18,0,0
2,0.1,973,17,0,1
2,0.1,974,19,2,0
2,0.1,975,18,0,1
2,0.1,976,19,1,0
2,0.1,977,18,0,1
2,0.1,978,19,1,0
2,0.1,979,18,0,1
2,0.1,980,18,0,0
2,0.1,981,19,1,0
2,0.1,982,19,0,0
2,0.1,983,19,0,0
2,0.1,984,18,0,1
2,0.1,985,18,0,0
2,0.1,986,18,0,0
2,0.1,987,18,0,0
2,0.1,988,18,0,0
2,0.1,989,19,1,0
2,0.1,990,19,0,0
2,0.1,991,19,0,0
2,0.1,992,18,0,1
2,0.1,993,18,0,0
2,0.1,994,18,0,0
2,0.1,995,18,0,0
2,0.1,996,19,1,0
2,0.1,997,18,0,1
2,0.1,998,17,0,1
2,0.1,999,19,2,0
2,0.1,1000,19,0,0
2,0.1,1001,19,0,0
2,0.1,1002,18,0,1
2,0.1,1003,19,1,0
2,0.1,1004,18,0,1
2,0.1,1005,19,1,0
2,0.1,1006,19,0,0
2,0.1,1007,18,0,1
2,0.1,1008,18,0,0
2,0.1,1009,19,1,0
2,0.1,1010,18,0,1
2,0.1,1011,18,0,0
2,0.1,1012,18,0,0
2,0.1,1013,18,0,0
2,0.1,1014,18,0,0
2,0.1,1015,18,0,0
2,0.1,1016,19,1,0
2,0.1,1017,19,0,0
2,0.1,1018,20,2,1
2,0.1,1019,19,0,1
2,0.1,1020,20,1,0
2,0.1,1021,19,0,1
2,0.1,1022,18,0,1
2,0.1,1023,19,1,0
2,0.1,1024,19,0,0
2,0.1,1025,20,1,0
2,0.1,1026,19,0,1
2,0.1,1027,18,0,1
2,0.1,1028,19,1,0
2,0.1,1029,19,1,1
2,0.1,1030,19,0,0
2,0.1,1031,19,1,1
2,0.1,1032,19,1,1
2,0.1,1033,19,0,0
2,0.1,1034,20,1,0
2,0.1,1035,20,0,0
2,0.1,1036,20,0,0
2,0.1,1037,19,0,1
2,0.1,1038,19,0,0
2,0.1,1039,19,0,0
2,0.1,1040,20,1,0
2,0.1,1041,19,0,1
2,0.1,1042,20,1,0
2,0.1,1043,20,0,0
2,0.1,1044,20,0,0
2,0.1,1045,21,1,0
2,0.1,1046,20,0,1
2,0.1,1047,19,0,1
2,0.1,1048,20,1,0
2,0.1,1049,19,0,1
2,0.1,1050,20,1,0
2,0.1,1051,20,1,1
2,0.1,1052,20,0,0
2,0.1,1053,20,0,0
2,0.1,1054,20,0,0
2,0.1,1055,19,0,1
2,0.1,1056,20,1,0
2,0.1,1057,18,0,2
2,0.1,1058,18,0,0
2,0.1,1059,19,1,0
2,0.1,1060,19,0,0
2,0.1,1061,18,0,1
2,0.1,1062,19,1,0
2,0.1,1063,19,1,1
2,0.1,1064,18,0,1
2,0.1,1065,18,0,0
2,0.1,1066,19,1,0
2,0.1,1067,18,0,1
2,0.1,1068,19,1,0
2,0.1,1069,18,0,1
2,0.1,1070,18,0,0
2,0.1,1071,19,1,0
2,0.1,1072,18,0,1
2,0.1,1073,18,0,0
2,0.1,1074,18,0,0
2,0.1,1075,19,1,0
2,0.1,1076,18,0,1
2,0.1,1077,19,1,0
2,0.1,1078,19,0,0
2,0.1,1079,19,0,0
2,0.1,1080,19,1,1
2,0.1,1081,19,1,1
2,0.1,1082,19,0,0
2,0.1,1083,19,0,0
2,0.1,1084,19,0,0
2,0.1,1085,19,0,0
2,0.1,1086,19,0,0
2,0.1,1087,19,0,0
2,0.1,1088,19,0,0
2,0.1,1089,20,1,0
2,0.1,1090,18,0,2
2,0.1,1091,19,1,0
2,0.1,1092,19,0,0
2,0.1,1093,18,0,1
2,0.1,1094,18,0,0
2,0.1,1095,18,0,0
2,0.1,1096,18,0,0
2,0.1,1097,18,0,0
2,0.1,1098,20,2,0
2,0.1,1099,19,0,1
2,0.1,1100,18,0,1
2,0.1,1101,19,1,0
2,0.1,1102,19,0,0
2,0.1,1103,19,0,0
2,0.1,1104,19,0,0
2,0.1,1105,19,1,1
2,0.1,1106,19,1,1
2,0.1,1107,18,0,1
2,0.1,1108,19,1,0
2,0.1,1109,19,0,0
2,0.1,1110,18,0,1
2,0.1,1111,19,1,0
2,0.1,1112,18,0,1
2,0.1,1113,18,0,0
2,0.1,1114,18,0,0
2,0.1,1115,18,0,0
2,0.1,1116,19,1,0
2,0.1,1117,18,0,1
2,0.1,1118,19,1,0
2,0.1,1119,19,0,0
2,0.1,1120,19,0,0
2,0.1,1121,18,0,1
2,0.1,1122,19,1,0
2,0.1,1123,18,0,1
2,0.1,1124,19,1,0
2,0.1,1125,18,0,1
2,0.1,1126,18,0,0
2,0.1,1127,18,0,0
2,0.1,1128,19,1,0
2,0.1,1129,18,0,1
2,0.1,1130,18,0,0
2,0.1,1131,18,0,0
2,0.1,1132,18,0,0
2,0.1,1133,18,0,0
2,0.1,1134,18,0,0
2,0.1,1135,18,0,0
2,0.1,1136,18,0,0
2,0.1,1137,18,0,0
2,0.1,1138,18,0,0
2,0.1,1139,18,0,0
2,0.1,1140,18,0,0
2,0.1,1141,18,0,0
2,0.1,1142,18,0,0
2,0.1,1143,18,0,0
2,0.1,1144,18,0,0
2,0.1,1145,18,0,0
2,0.1,1146,18,0,0
2,0.1,1147,18,0,0
2,0.1,1148,18,0,0
2,0.1,1149,18,0,0
2,0.1,1150,18,0,0
2,0.1,1151,18,0,0
2,0.1,1152,18,0,0
2,0.1,1153,18,0,0
2,0.1,1154,18,0,0
2,0.1,1155,18,0,0
2,0.1,1156,18,0,0
2,0.1,1157,18,0,0
2,0.1,1158,18,0,0
2,0.1,1159,18,0,0
2,0.1,1160,18,0,0
2,0.1,1161,18,0,0
2,0.1,1162,18,0,0
2,0.1,1163,18,0,0
2,0.1,1164,18,0,0
2,0.1,1165,18,0,0
2,0.1,1166,18,0,0
2,0.1,1167,18,0,0
2,0.1,1168,18,0,0
2,0.1,1169,18,0,0
2,0.1,1170,18,0,0
2,0.1,1171,18,0,0
2,0.1,1172,18,0,0
2,0.1,1173,20,2,0
2,0.1,1174,18,0,2
2,0.1,1175,18,0,0
2,0.1,1176,18,0,0
2,0.1,1177,18,0,0
2,0.1,1178,18,0,0
2,0.1,1179,19,1,0
2,0.1,1180,18,0,1
2,0.1,1181,19,1,0
2,0.1,1182,18,0,1
2,0.1,1183,18,0,0
2,0.1,1184,18,0,0
2,0.1,1185,18,0,0
2,0.1,1186,18,0,0
2,0.1,1187,18,0,0
2,0.1,1188,18,0,0
2,0.1,1189,20,2,0
2,0.1,1190,19,0,1
2,0.1,1191,18,0,1
2,0.1,1192,18,0,0
2,0.1,1193,18,0,0
2,0.1,1194,18,0,0
2,0.1,1195,18,0,0
2,0.1,1196,18,0,0
2,0.1,1197,18,0,0
2,0.1,1198,18,0,0
2,0.1,1199,18,0,0
2,0.1,1200,18,0,0
2,0.1,1201,18,0,0
2,0.1,1202,18,0,0
2,0.1,1203,18,0,0
2,0.1,1204,18,0,0
2,0.1,1205,18,0,0
2,0.1,1206,18,0,0
2,0.1,1207,18,0,0
2,0.1,1208,18,0,0
2,0.1,1209,18,0,0
2,0.1,1210,18,0,0
2,0.1,1211,19,1,0
2,0.1,1212,18,0,1
2,0.1,1213,18,0,0
2,0.1,1214,18,0,0
2,0.1,1215,18,0,0
2,0.1,1216,18,0,0
2,0.1,1217,18,0,0
2,0.1,1218,18,0,0
2,0.1,1219,18,0,0
2,0.1,1220,18,0,0
2,0.1,1221,18,0,0
2,0.1,1222,18,0,0
2,0.1,1223,19,1,0
2,0.1,1224,18,0,1
2,0.1,1225,18,0,0
2,0.1,1226,18,0,0
2,0.1,1227,18,0,0
2,0.1,1228,18,0,0
2,0.1,1229,18,0,0
2,0.1,1230,18,0,0
2,0.1,1231,18,0,0
2,0.1,1232,18,0,0
2,0.1,1233,18,0,0
2,0.1,1234,18,0,0
2,0.1,1235,18,0,0
2,0.1,1236,18,0,0
2,0.1,1237,18,0,0
2,0.1,1238,18,0,0
2,0.1,1239,18,0,0
2,0.1,1240,18,0,0
2,0.1,1241,18,0,0
2,0.1,1242,18,0,0
2,0.1,1243,19,1,0
2,0.1,1244,18,0,1
2,0.1,1245,18,0,0
2,0.1,1246,18,0,0
2,0.1,1247,19,1,0
2,0.1,1248,19,1,1
2,0.1,1249,18,0,1
2,0.1,1250,18,0,0
2,0.1,1251,18,0,0
2,0.1,1252,18,0,0
2,0.1,1253,18,0,0
2,0.1,1254,18,0,0
2,0.1,1255,18,0,0
2,0.1,1256,18,0,0
2,0.1,1257,18,0,0
2,0.1,1258,18,0,0
2,0.1,1259,18,0,0
2,0.1,1260,18,0,0
2,0.1,1261,18,0,0
2,0.1,1262,18,0,0
2,0.1,1263,18,0,0
2,0.1,1264,18,0,0
2,0.1,1265,18,0,0
2,0.1,1266,19,1,0
2,0.1,1267,18,0,1
2,0.1,1268,18,0,0
2,0.1,1269,18,0,0
2,0.1,1270,18,0,0
2,0.1,1271,18,0,0
2,0.1,1272,18,0,0
2,0.1,1273,18,0,0
2,0.1,1274,18,0,0
2,0.1,1275,19,1,0
2,0.1,1276,18,0,1
2,0.1,1277,19,1,0
2,0.1,1278,18,0,1
2,0.1,1279,18,0,0
2,0.1,1280,18,0,0
2,0.1,1281,18,0,0
2,0.1,1282,18,0,0
2,0.1,1283,19,1,0
2,0.1,1284,18,0,1
2,0.1,1285,18,0,0
2,0.1,1286,18,0,0
2,0.1,1287,18,0,0
2,0.1,1288,18,0,0
2,0.1,1289,18,0,0
2,0.1,1290,18,0,0
2,0.1,1291,18,0,0
2,0.1,1292,18,0,0
2,0.1,1293,18,0,0
2,0.1,1294,18,0,0
2,0.1,1295,18,0,0
2,0.1,1296,18,0,0
2,0.1,1297,19,1,0
2,0.1,1298,18,0,1
2,0.1,1299,19,1,0
2,0.1,1300,19,0,0
2,0.1,1301,18,0,1
2,0.1,1302,18,0,0
2,0.1,1303,18,0,0
2,0.1,1304,18,0,0
2,0.1,1305,19,1,0
2,0.1,1306,18,0,1
2,0.1,1307,18,0,0
2,0.1,1308,19,1,0
2,0.1,1309,19,0,0
2,0.1,1310,18,0,1
2,0.1,1311,19,1,0
2,0.1,1312,18,0,1
2,0.1,1313,18,0,0
2,0.1,1314,18,0,0
2,0.1,1315,19,1,0
2,0.1,1316,19,0,0
2,0.1,1317,18,0,1
2,0.1,1318,18,0,0
2,0.1,1319,19,1,0
2,0.1,1320,19,0,0
2,0.1,1321,18,0,1
2,0.1,1322,18,0,0
2,0.1,1323,19,1,0
2,0.1,1324,19,0,0
2,0.1,1325,19,0,0
2,0.1,1326,19,0,0
2,0.1,1327,19,0,0
2,0.1,1328,19,0,0
2,0.1,1329,18,0,1
2,0.1,1330,19,1,0
2,0.1,1331,19,0,0
2,0.1,1332,18,0,1
2,0.1,1333,18,0,0
2,0.1,1334,19,1,0
2,0.1,1335,18,0,1
2,0.1,1336,18,0,0
2,0.1,1337,19,1,0
2,0.1,1338,18,0,1
2,0.1,1339,18,0,0
2,0.1,1340,18,0,0
2,0.1,1341,18,0,0
2,0.1,1342,19,1,0
2,0.1,1343,18,0,1
2,0.1,1344,19,1,0
2,0.1,1345,18,0,1
2,0.1,1346,18,0,0
2,0.1,1347,18,0,0
2,0.1,1348,18,0,0
2,0.1,1349,18,0,0
2,0.1,1350,18,0,0
2,0.1,1351,19,1,0
2,0.1,1352,18,0,1
2,0.1,1353,19,1,0
2,0.1,1354,19,0,0
2,0.1,1355,18,0,1
2,0.1,1356,19,1,0
2,0.1,1357,19,0,0
2,0.1,1358,19,0,0
2,0.1,1359,19,0,0
2,0.1,1360,19,1,1
2,0.1,1361,19,1,1
2,0.1,1362,20,1,0
2,0.1,1363,19,0,1
2,0.1,1364,19,0,0
2,0.1,1365,20,1,0
2,0.1,1366,18,0,2
2,0.1,1367,18,0,0
2,0.1,1368,18,0,0
2,0.1,1369,20,2,0
2,0.1,1370,19,0,1
2,0.1,1371,20,1,0
2,0.1,1372,18,0,2
2,0.1,1373,19,1,0
2,0.1,1374,18,0,1
2,0.1,1375,19,1,0
2,0.1,1376,19,1,1
2,0.1,1377,19,1,1
2,0.1,1378,18,0,1
2,0.1,1379,19,1,0
2,0.1,1380,19,0,0
2,0.1,1381,19,0,0
2,0.1,1382,19,0,0
2,0.1,1383,18,0,1
2,0.1,1384,19,1,0
2,0.1,1385,19,0,0
2,0.1,1386,19,0,0
2,0.1,1387,18,0,1
2,0.1,1388,18,0,0
2,0.1,1389,18,0,0
2,0.1,1390,18,0,0
2,0.1,1391,19,1,0
2,0.1,1392,19,0,0
2,0.1,1393,19,0,0
2,0.1,1394,18,0,1
2,0.1,1395,18,0,0
2,0.1,1396,18,0,0
2,0.1,1397,18,0,0
2,0.1,1398,18,0,0
2,0.1,1399,18,0,0
2,0.1,1400,19,1,0
2,0.1,1401,18,0,1
2,0.1,1402,18,0,0
2,0.1,1403,18,0,0
2,0.1,1404,18,0,0
2,0.1,1405,18,0,0
2,0.1,1406,19,1,0
2,0.1,1407,18,0,1
2,0.1,1408,18,0,0
2,0.1,1409,19,1,0
2,0.1,1410,19,0,0
2,0.1,1411,18,0,1
2,0.1,1412,19,1,0
2,0.1,1413,18,0,1
2,0.1,1414,18,0,0
2,0.1,1415,18,0,0
2,0.1,1416,19,1,0
2,0.1,1417,19,0,0
2,0.1,1418,18,0,1
2,0.1,1419,19,1,0
2,0.1,1420,19,0,0
2,0.1,1421,18,0,1
2,0.1,1422,19,1,0
2,0.1,1423,20,1,0
2,0.1,1424,18,0,2
2,0.1,1425,18,0,0
2,0.1,1426,18,0,0
2,0.1,1427,18,0,0
2,0.1,1428,18,0,0
2,0.1,1429,18,0,0
2,0.1,1430,19,1,0
2,0.1,1431,18,0,1
2,0.1,1432,19,1,0
2,0.1,1433,18,0,1
2,0.1,1434,19,1,0
2,0.1,1435,18,0,1
2,0.1,1436,18,0,0
2,0.1,1437,19,1,0
2,0.1,1438,19,0,0
2,0.1,1439,18,0,1
2,0.1,1440,19,1,0
2,0.1,1441,18,0,1
2,0.1,1442,19,1,0
2,0.1,1443,19,0,0
2,0.1,1444,18,0,1
2,0.1,1445,19,1,0
2,0.1,1446,18,0,1
2,0.1,1447,18,0,0
2,0.1,1448,18,0,0
2,0.1,1449,18,0,0
2,0.1,1450,19,1,0
2,0.1,1451,19,0,0
2,0.1,1452,18,0,1
2,0.1,1453,19,1,0
2,0.1,1454,18,0,1
2,0.1,1455,18,0,0
2,0.1,1456,18,0,0
2,0.1,1457,19,1,0
2,0.1,1458,19,0,0
2,0.1,1459,19,0,0
2,0.1,1460,19,0,0
2,0.1,1461,19,0,0
2,0.1,1462,19,0,0
2,0.1,1463,19,0,0
2,0.1,1464,19,0,0
2,0.1,1465,19,0,0
2,0.1,1466,19,0,0
2,0.1,1467,18,0,1
2,0.1,1468,18,0,0
2,0.1,1469,20,2,0
2,0.1,1470,19,0,1
2,0.1,1471,19,0,0
2,0.1,1472,18,0,1
2,0.1,1473,19,1,0
2,0.1,1474,19,0,0
2,0.1,1475,19,0,0
2,0.1,1476,18,0,1
2,0.1,1477,18,0,0
2,0.1,1478,19,1,0
2,0.1,1479,19,0,0
2,0.1,1480,19,0,0
2,0.1,1481,19,0,0
2,0.1,1482,19,0,0
2,0.1,1483,19,0,0
2,0.1,1484,19,0,0
2,0.1,1485,19,0,0
2,0.1,1486,19,0,0
2,0.1,1487,19,0,0
2,0.1,1488,19,0,0
2,0.1,1489,19,0,0
2,0.1,1490,19,0,0
2,0.1,1491,20,1,0
2,0.1,1492,19,0,1
2,0.1,1493,19,0,0
2,0.1,1494,19,0,0
2,0.1,1495,19,0,0
2,0.1,1496,19,0,0
2,0.1,1497,19,0,0
2,0.1,1498,19,0,0
2,0.1,1499,19,0,0
2,0.1,1500,19,0,0
2,0.2,0,25,0,0
2,0.2,1,57,39,7
2,0.2,2,58,23,22
2,0.2,3,64,23,17
2,0.2,4,73,21,12
2,0.2,5,66,10,17
2,0.2,6,58,7,15
2,0.2,7,58,8,8
2,0.2,8,66,17,9
2,0.2,9,56,10,20
2,0.2,10,70,21,7
2,0.2,11,58,6,18
2,0.2,12,67,15,6
2,0.2,13,64,10,13
2,0.2,14,68,12,8
2,0.2,15,62,3,9
2,0.2,16,64,8,6
2,0.2,17,66,8,6
2,0.2,18,59,4,11
2,0.2,19,62,9,6
2,0.2,20,68,9,3
2,0.2,21,64,5,9
2,0.2,22,60,2,6
2,0.2,23,60,5,5
2,0.2,24,58,4,6
2,0.2,25,56,3,5
2,0.2,26,66,12,2
2,0.2,27,58,2,10
2,0.2,28,69,12,1
2,0.2,29,65,3,7
2,0.2,30,61,1,5
2,0.2,31,60,2,3
2,0.2,32,58,5,7
2,0.2,33,63,8,3
2,0.2,34,62,3,4
2,0.2,35,62,2,2
2,0.2,36,59,0,3
2,0.2,37,62,3,0
2,0.2,38,58,1,5
2,0.2,39,57,1,2
2,0.2,40,60,3,0
2,0.2,41,60,1,1
2,0.2,42,57,1,4
2,0.2,43,59,2,0
2,0.2,44,55,0,4
2,0.2,45,58,4,1
2,0.2,46,57,2,3
2,0.2,47,55,1,3
2,0.2,48,54,0,1
2,0.2,49,54,1,1
2,0.2,50,54,2,2
2,0.2,51,53,1,2
2,0.2,52,52,2,3
2,0.2,53,54,2,0
2,0.2,54,52,0,2
2,0.2,55,54,3,1
2,0.2,56,50,0,4
2,0.2,57,50,2,2
2,0.2,58,49,1,2
2,0.2,59,47,0,2
2,0.2,60,51,5,1
2,0.2,61,48,0,3
2,0.2,62,44,1,5
2,0.2,63,43,4,5
2,0.2,64,45,6,4
2,0.2,65,45,4,4
2,0.2,66,46,3,2
2,0.2,67,45,4,5
2,0.2,68,41,3,7
2,0.2,69,37,1,5
2,0.2,70,43,6,0
2,0.2,71,42,3,4
2,0.2,72,42,2,2
2,0.2,73,42,4,4
2,0.2,74,44,5,3
2,0.2,75,44,1,1
2,0.2,76,44,1,1
2,0.2,77,41,1,4
2,0.2,78,42,2,1
2,0.2,79,46,4,0
2,0.2,80,44,1,3
2,0.2,81,42,2,4
2,0.2,82,42,3,3
2,0.2,83,42,3,3
2,0.2,84,44,3,1
2,0.2,85,41,1,4
2,0.2,86,45,5,1
2,0.2,87,40,0,5
2,0.2,88,40,2,2
2,0.2,89,44,4,0
2,0.2,90,43,1,2
2,0.2,91,43,3,3
2,0.2,92,41,1,3
2,0.2,93,41,1,1
2,0.2,94,39,1,3
2,0.2,95,38,0,1
2,0.2,96,39,2,1
2,0.2,97,41,2,0
2,0.2,98,42,2,1
2,0.2,99,41,2,3
2,0.2,100,38,1,4
2,0.2,101,39,2,1
2,0.2,102,37,1,3
2,0.2,103,39,4,2
2,0.2,104,41,2,0
2,0.2,105,39,0,2
2,0.2,106,37,1,3
2,0.2,107,39,3,1
2,0.2,108,37,1,3
2,0.2,109,38,1,0
2,0.2,110,37,1,2
2,0.2,111,39,3,1
2,0.2,112,40,1,0
2,0.2,113,38,1,3
2,0.2,114,39,2,1
2,0.2,115,37,0,2
2,0.2,116,37,0,0
2,0.2,117,39,2,0
2,0.2,118,38,0,1
2,0.2,119,38,1,1
2,0.2,120,37,0,1
2,0.2,121,37,1,1
2,0.2,122,38,1,0
2,0.2,123,34,0,4
2,0.2,124,37,3,0
2,0.2,125,36,1,2
2,0.2,126,35,2,3
2,0.2,127,36,3,2
2,0.2,128,36,1,1
2,0.2,129,37,3,2
2,0.2,130,36,0,1
2,0.2,131,36,0,0
2,0.2,132,36,1,1
2,0.2,133,36,2,2
2,0.2,134,35,2,3
2,0.2,135,38,4,1
2,0.2,136,36,1,3
2,0.2,137,35,1,2
2,0.2,138,38,4,1
2,0.2,139,38,1,1
2,0.2,140,38,1,1
2,0.2,141,36,1,3
2,0.2,142,35,2,3
2,0.2,143,37,2,0
2,0.2,144,37,0,0
2,0.2,145,37,0,0
2,0.2,146,37,1,1
2,0.2,147,34,0,3
2,0.2,148,34,1,1
2,0.2,149,38,4,0
2,0.2,150,36,1,3
2,0.2,151,37,2,1
2,0.2,152,36,0,1
2,0.2,153,36,1,1
2,0.2,154,35,2,3
2,0.2,155,34,0,1
2,0.2,156,35,2,1
2,0.2,157,35,1,1
2,0.2,158,34,1,2
2,0.2,159,34,2,2
2,0.2,160,33,1,2
2,0.2,161,33,0,0
2,0.2,162,34,1,0
2,0.2,163,34,1,1
2,0.2,164,33,0,1
2,0.2,165,33,0,0
2,0.2,166,33,0,0
2,0.2,167,33,0,0
2,0.2,168,31,0,2
2,0.2,169,31,0,0
2,0.2,170,31,0,0
2,0.2,171,34,3,0
2,0.2,172,33,2,3
2,0.2,173,32,1,2
2,0.2,174,35,4,1
2,0.2,175,31,0,4
2,0.2,176,33,2,0
2,0.2,177,33,1,1
2,0.2,178,33,1,1
2,0.2,179,33,1,1
2,0.2,180,32,1,2
2,0.2,181,31,0,1
2,0.2,182,30,0,1
2,0.2,183,30,1,1
2,0.2,184,30,1,1
2,0.2,185,30,0,0
2,0.2,186,31,1,0
2,0.2,187,30,0,1
2,0.2,188,29,0,1
2,0.2,189,29,0,0
2,0.2,190,29,0,0
2,0.2,191,30,1,0
2,0.2,192,30,1,1
2,0.2,193,29,0,1
2,0.2,194,29,0,0
2,0.2,195,29,1,1
2,0.2,196,29,1,1
2,0.2,197,30,1,0
2,0.2,198,27,0,3
2,0.2,199,30,3,0
2,0.2,200,29,0,1
2,0.2,201,30,1,0
2,0.2,202,28,0,2
2,0.2,203,30,2,0
2,0.2,204,29,0,1
2,0.2,205,29,0,0
2,0.2,206,29,0,0
2,0.2,207,29,0,0
2,0.2,208,31,2,0
2,0.2,209,30,1,2
2,0.2,210,30,1,1
2,0.2,211,29,0,1
2,0.2,212,29,0,0
2,0.2,213,29,0,0
2,0.2,214,30,1,0
2,0.2,215,30,1,1
2,0.2,216,29,0,1
2,0.2,217,29,0,0
2,0.2,218,28,0,1
2,0.2,219,29,1,0
2,0.2,220,29,0,0
2,0.2,221,28,0,1
2,0.2,222,28,0,0
2,0.2,223,28,0,0
2,0.2,224,28,0,0
2,0.2,225,28,1,1
2,0.2,226,28,0,0
2,0.2,227,28,1,1
2,0.2,228,27,2,3
2,0.2,229,26,0,1
2,0.2,230,26,1,1
2,0.2,231,26,2,2
2,0.2,232,24,3,5
2,0.2,233,26,2,0
2,0.2,234,27,2,1
2,0.2,235,23,0,4
2,0.2,236,25,2,0
2,0.2,237,23,0,2
2,0.2,238,26,4,1
2,0.2,239,25,2,3
2,0.2,240,25,0,0
2,0.2,241,24,1,2
2,0.2,242,26,3,1
2,0.2,243,22,0,4
2,0.2,244,24,2,0
2,0.2,245,24,1,1
2,0.2,246,24,1,1
2,0.2,247,24,1,1
2,0.2,248,23,0,1
2,0.2,249,24,2,1
2,0.2,250,23,1,2
2,0.2,251,23,2,2
2,0.2,252,25,2,0
2,0.2,253,23,1,3
2,0.2,254,24,1,0
2,0.2,255,24,0,0
2,0.2,256,24,2,2
2,0.2,257,24,2,2
2,0.2,258,24,1,1
2,0.2,259,22,0,2
2,0.2,260,24,2,0
2,0.2,261,23,1,2
2,0.2,262,25,3,1
2,0.2,263,25,1,1
2,0.2,264,24,1,2
2,0.2,265,25,1,0
2,0.2,266,23,0,2
2,0.2,267,24,1,0
2,0.2,268,24,1,1
2,0.2,269,23,0,1
2,0.2,270,24,1,0
2,0.2,271,19,0,5
2,0.2,272,22,3,0
2,0.2,273,22,0,0
2,0.2,274,23,1,0
2,0.2,275,23,0,0
2,0.2,276,23,1,1
2,0.2,277,22,1,2
2,0.2,278,24,3,1
2,0.2,279,24,1,1
2,0.2,280,24,1,1
2,0.2,281,23,0,1
2,0.2,282,23,1,1
2,0.2,283,22,0,1
2,0.2,284,21,0,1
2,0.2,285,22,2,1
2,0.2,286,22,1,1
2,0.2,287,21,0,1
2,0.2,288,21,0,0
2,0.2,289,23,2,0
2,0.2,290,22,0,1
2,0.2,291,21,0,1
2,0.2,292,21,0,0
2,0.2,293,22,1,0
2,0.2,294,21,0,1
2,0.2,295,22,1,0
2,0.2,296,22,1,1
2,0.2,297,22,1,1
2,0.2,298,21,0,1
2,0.2,299,22,1,0
2,0.2,300,21,0,1
2,0.2,301,22,1,0
2,0.2,302,21,0,1
2,0.2,303,21,0,0
2,0.2,304,21,0,0
2,0.2,305,21,0,0
2,0.2,306,22,1,0
2,0.2,307,23,1,0
2,0.2,308,21,0,2
2,0.2,309,22,1,0
2,0.2,310,22,0,0
2,0.2,311,21,0,1
2,0.2,312,22,1,0
2,0.2,313,23,1,0
2,0.2,314,21,0,2
2,0.2,315,23,2,0
2,0.2,316,21,0,2
2,0.2,317,22,1,0
2,0.2,318,22,0,0
2,0.2,319,21,0,1
2,0.2,320,22,1,0
2,0.2,321,21,0,1
2,0.2,322,21,0,0
2,0.2,323,22,1,0
2,0.2,324,22,0,0
2,0.2,325,21,0,1
2,0.2,326,21,0,0
2,0.2,327,21,0,0
2,0.2,328,22,1,0
2,0.2,329,21,0,1
2,0.2,330,21,0,0
2,0.2,331,21,0,0
2,0.2,332,23,2,0
2,0.2,333,22,1,2
2,0.2,334,21,0,1
2,0.2,335,23,2,0
2,0.2,336,21,0,2
2,0.2,337,21,0,0
2,0.2,338,21,0,0
2,0.2,339,22,1,0
2,0.2,340,22,0,0
2,0.2,341,21,0,1
2,0.2,342,21,0,0
2,0.2,343,21,0,0
2,0.2,344,22,1,0
2,0.2,345,22,0,0
2,0.2,346,21,0,1
2,0.2,347,22,1,0
2,0.2,348,21,0,1
2,0.2,349,23,2,0
2,0.2,350,22,0,1
2,0.2,351,22,0,0
2,0.2,352,21,0,1
2,0.2,353,22,1,0
2,0.2,354,23,1,0
2,0.2,355,22,0,1
2,0.2,356,22,0,0
2,0.2,357,22,0,0
2,0.2,358,22,0,0
2,0.2,359,22,0,0
2,0.2,360,23,1,0
2,0.2,361,22,0,1
2,0.2,362,22,0,0
2,0.2,363,22,0,0
2,0.2,364,22,0,0
2,0.2,365,21,0,1
2,0.2,366,23,2,0
2,0.2,367,22,0,1
2,0.2,368,21,0,1
2,0.2,369,21,0,0
2,0.2,370,21,0,0
2,0.2,371,22,1,0
2,0.2,372,22,0,0
2,0.2,373,21,0,1
2,0.2,374,23,2,0
2,0.2,375,21,0,2
2,0.2,376,22,1,0
2,0.2,377,21,0,1
2,0.2,378,21,0,0
2,0.2,379,22,1,0
2,0.2,380,21,0,1
2,0.2,381,22,1,0
2,0.2,382,22,1,1
2,0.2,383,21,0,1
2,0.2,384,21,0,0
2,0.2,385,21,0,0
2,0.2,386,21,0,0
2,0.2,387,21,0,0
2,0.2,388,21,0,0
2,0.2,389,21,0,0
2,0.2,390,21,0,0
2,0.2,391,21,0,0
2,0.2,392,22,1,0
2,0.2,393,21,0,1
2,0.2,394,23,2,0
2,0.2,395,22,1,2
2,0.2,396,21,0,1
2,0.2,397,21,0,0
2,0.2,398,21,0,0
2,0.2,399,21,0,0
2,0.2,400,21,0,0
2,0.2,401,21,0,0
2,0.2,402,21,0,0
2,0.2,403,21,0,0
2,0.2,404,22,1,0
2,0.2,405,21,0,1
2,0.2,406,22,2,1
2,0.2,407,20,0,2
2,0.2,408,21,1,0
2,0.2,409,20,0,1
2,0.2,410,21,1,0
2,0.2,411,21,0,0
2,0.2,412,21,0,0
2,0.2,413,21,0,0
2,0.2,414,21,0,0
2,0.2,415,22,1,0
2,0.2,416,20,0,2
2,0.2,417,21,1,0
2,0.2,418,21,0,0
2,0.2,419,20,0,1
2,0.2,420,20,0,0
2,0.2,421,20,0,0
2,0.2,422,21,1,0
2,0.2,423,21,0,0
2,0.2,424,21,0,0
2,0.2,425,21,1,1
2,0.2,426,20,0,1
2,0.2,427,21,1,0
2,0.2,428,20,0,1
2,0.2,429,21,1,0
2,0.2,430,21,0,0
2,0.2,431,21,0,0
2,0.2,432,20,0,1
2,0.2,433,20,1,1
2,0.2,434,18,1,3
2,0.2,435,18,1,1
2,0.2,436,19,2,1
2,0.2,437,19,2,2
2,0.2,438,17,0,2
2,0.2,439,17,0,0
2,0.2,440,17,0,0
2,0.2,441,16,0,1
2,0.2,442,19,3,0
2,0.2,443,17,0,2
2,0.2,444,19,2,0
2,0.2,445,17,0,2
2,0.2,446,17,0,0
2,0.2,447,17,0,0
2,0.2,448,19,2,0
2,0.2,449,19,0,0
2,0.2,450,17,0,2
2,0.2,451,17,0,0
2,0.2,452,18,1,0
2,0.2,453,17,0,1
2,0.2,454,18,1,0
2,0.2,455,17,0,1
2,0.2,456,18,1,0
2,0.2,457,19,2,1
2,0.2,458,17,0,2
2,0.2,459,17,0,0
2,0.2,460,17,0,0
2,0.2,461,18,1,0
2,0.2,462,18,1,1
2,0.2,463,17,0,1
2,0.2,464,17,0,0
2,0.2,465,17,0,0
2,0.2,466,17,0,0
2,0.2,467,18,1,0
2,0.2,468,18,0,0
2,0.2,469,17,0,1
2,0.2,470,19,2,0
2,0.2,471,19,0,0
2,0.2,472,17,0,2
2,0.2,473,18,1,0
2,0.2,474,17,0,1
2,0.2,475,18,1,0
2,0.2,476,17,0,1
2,0.2,477,18,1,0
2,0.2,478,17,0,1
2,0.2,479,18,1,0
2,0.2,480,19,1,0
2,0.2,481,18,1,2
2,0.2,482,18,0,0
2,0.2,483,17,0,1
2,0.2,484,17,0,0
2,0.2,485,18,1,0
2,0.2,486,17,0,1
2,0.2,487,18,1,0
2,0.2,488,18,0,0
2,0.2,489,18,0,0
2,0.2,490,17,0,1
2,0.2,491,17,0,0
2,0.2,492,18,1,0
2,0.2,493,18,0,0
2,0.2,494,19,1,0
2,0.2,495,18,0,1
2,0.2,496,18,0,0
2,0.2,497,18,0,0
2,0.2,498,18,0,0
2,0.2,499,18,0,0
2,0.2,500,19,2,1
2,0.2,501,17,0,2
2,0.2,502,17,0,0
2,0.2,503,17,0,0
2,0.2,504,17,0,0
2,0.2,505,18,1,0
2,0.2,506,17,0,1
2,0.2,507,17,0,0
2,0.2,508,17,0,0
2,0.2,509,18,1,0
2,0.2,510,17,0,1
2,0.2,511,19,2,0
2,0.2,512,17,0,2
2,0.2,513,18,1,0
2,0.2,514,18,0,0
2,0.2,515,17,0,1
2,0.2,516,19,2,0
2,0.2,517,18,0,1
2,0.2,518,18,0,0
2,0.2,519,18,0,0
2,0.2,520,17,0,1
2,0.2,521,18,1,0
2,0.2,522,18,0,0
2,0.2,523,18,0,0
2,0.2,524,19,1,0
2,0.2,525,20,2,1
2,0.2,526,18,0,2
2,0.2,527,19,1,0
2,0.2,528,18,0,1
2,0.2,529,18,0,0
2,0.2,530,19,1,0
2,0.2,531,19,0,0
2,0.2,532,19,1,1
2,0.2,533,17,0,2
2,0.2,534,20,3,0
2,0.2,535,19,0,1
2,0.2,536,19,0,0
2,0.2,537,18,0,1
2,0.2,538,20,2,0
2,0.2,539,20,1,1
2,0.2,540,19,1,2
2,0.2,541,19,0,0
2,0.2,542,18,0,1
2,0.2,543,18,0,0
2,0.2,544,19,1,0
2,0.2,545,19,0,0
2,0.2,546,21,2,0
2,0.2,547,20,0,1
2,0.2,548,19,0,1
2,0.2,549,20,1,0
2,0.2,550,20,0,0
2,0.2,551,19,0,1
2,0.2,552,19,0,0
2,0.2,553,21,2,0
2,0.2,554,18,0,3
2,0.2,555,19,1,0
2,0.2,556,19,0,0
2,0.2,557,18,0,1
2,0.2,558,19,1,0
2,0.2,559,18,1,2
2,0.2,560,17,0,1
2,0.2,561,19,2,0
2,0.2,562,18,0,1
2,0.2,563,18,0,0
2,0.2,564,18,0,0
2,0.2,565,19,1,0
2,0.2,566,19,0,0
2,0.2,567,19,0,0
2,0.2,568,19,0,0
2,0.2,569,18,0,1
2,0.2,570,19,1,0
2,0.2,571,20,1,0
2,0.2,572,18,0,2
2,0.2,573,18,0,0
2,0.2,574,19,1,0
2,0.2,575,18,0,1
2,0.2,576,18,0,0
2,0.2,577,19,1,0
2,0.2,578,18,0,1
2,0.2,579,18,0,0
2,0.2,580,18,1,1
2,0.2,581,18,0,0
2,0.2,582,19,1,0
2,0.2,583,19,1,1
2,0.2,584,18,1,2
2,0.2,585,18,1,1
2,0.2,586,18,1,1
2,0.2,587,18,0,0
2,0.2,588,18,0,0
2,0.2,589,19,1,0
2,0.2,590,19,1,1
2,0.2,591,19,0,0
2,0.2,592,18,0,1
2,0.2,593,19,1,0
2,0.2,594,19,1,1
2,0.2,595,18,0,1
2,0.2,596,17,0,1
2,0.2,597,19,2,0
2,0.2,598,19,1,1
2,0.2,599,18,0,1
2,0.2,600,18,1,1
2,0.2,601,19,1,0
2,0.2,602,19,0,0
2,0.2,603,17,0,2
2,0.2,604,19,2,0
2,0.2,605,19,0,0
2,0.2,606,19,0,0
2,0.2,607,18,0,1
2,0.2,608,19,1,0
2,0.2,609,20,1,0
2,0.2,610,19,0,1
2,0.2,611,19,0,0
2,0.2,612,19,0,0
2,0.2,613,19,0,0
2,0.2,614,20,1,0
2,0.2,615,19,0,1
2,0.2,616,19,0,0
2,0.2,617,19,0,0
2,0.2,618,19,0,0
2,0.2,619,19,0,0
2,0.2,620,19,0,0
2,0.2,621,19,0,0
2,0.2,622,19,0,0
2,0.2,623,19,0,0
2,0.2,624,20,1,0
2,0.2,625,19,0,1
2,0.2,626,19,0,0
2,0.2,627,19,0,0
2,0.2,628,19,0,0
2,0.2,629,19,0,0
2,0.2,630,18,0,1
2,0.2,631,19,1,0
2,0.2,632,19,0,0
2,0.2,633,18,0,1
2,0.2,634,19,1,0
2,0.2,635,18,0,1
2,0.2,636,19,1,0
2,0.2,637,18,0,1
2,0.2,638,18,0,0
2,0.2,639,19,1,0
2,0.2,640,19,0,0
2,0.2,641,19,0,0
2,0.2,642,19,0,0
2,0.2,643,19,0,0
2,0.2,644,19,0,0
2,0.2,645,19,0,0
2,0.2,646,19,0,0
2,0.2,647,19,0,0
2,0.2,648,19,0,0
2,0.2,649,19,0,0
2,0.2,650,18,0,1
2,0.2,651,19,1,0
2,0.2,652,19,1,1
2,0.2,653,19,0,0
2,0.2,654,19,0,0
2,0.2,655,18,0,1
2,0.2,656,18,0,0
2,0.2,657,18,0,0
2,0.2,658,19,1,0
2,0.2,659,19,1,1
2,0.2,660,19,0,0
2,0.2,661,18,0,1
2,0.2,662,18,0,0
2,0.2,663,18,0,0
2,0.2,664,18,0,0
2,0.2,665,17,0,1
2,0.2,666,18,1,0
2,0.2,667,18,0,0
2,0.2,668,18,0,0
2,0.2,669,18,0,0
2,0.2,670,18,0,0
2,0.2,671,18,0,0
2,0.2,672,18,0,0
2,0.2,673,18,0,0
2,0.2,674,18,0,0
2,0.2,675,18,0,0
2,0.2,676,18,0,0
2,0.2,677,19,1,0
2,0.2,678,18,0,1
2,0.2,679,18,0,0
2,0.2,680,18,0,0
2,0.2,681,18,0,0
2,0.2,682,17,0,1
2,0.2,683,17,0,0
2,0.2,684,19,2,0
2,0.2,685,18,0,1
2,0.2,686,17,0,1
2,0.2,687,18,1,0
2,0.2,688,18,0,0
2,0.2,689,18,0,0
2,0.2,690,18,0,0
2,0.2,691,18,0,0
2,0.2,692,18,0,0
2,0.2,693,18,0,0
2,0.2,694,18,0,0
2,0.2,695,17,0,1
2,0.2,696,17,0,0
2,0.2,697,17,0,0
2,0.2,698,17,0,0
2,0.2,699,17,0,0
2,0.2,700,18,1,0
2,0.2,701,17,0,1
2,0.2,702,17,0,0
2,0.2,703,19,2,0
2,0.2,704,18,1,2
2,0.2,705,18,0,0
2,0.2,706,17,0,1
2,0.2,707,17,0,0
2,0.2,708,17,0,0
2,0.2,709,17,0,0
2,0.2,710,18,1,0
2,0.2,711,17,0,1
2,0.2,712,18,1,0
2,0.2,713,17,0,1
2,0.2,714,17,0,0
2,0.2,715,18,1,0
2,0.2,716,17,0,1
2,0.2,717,17,0,0
2,0.2,718,18,1,0
2,0.2,719,17,0,1
2,0.2,720,17,0,0
2,0.2,721,17,0,0
2,0.2,722,18,1,0
2,0.2,723,17,0,1
2,0.2,724,17,0,0
2,0.2,725,17,0,0
2,0.2,726,17,0,0
2,0.2,727,17,0,0
2,0.2,728,17,0,0
2,0.2,729,17,0,0
2,0.2,730,17,0,0
2,0.2,731,17,0,0
2,0.2,732,17,0,0
2,0.2,733,17,0,0
2,0.2,734,17,0,0
2,0.2,735,17,0,0
2,0.2,736,18,1,0
2,0.2,737,17,0,1
2,0.2,738,17,0,0
2,0.2,739,19,2,0
2,0.2,740,17,0,2
2,0.2,741,18,1,0
2,0.2,742,18,1,1
2,0.2,743,18,0,0
2,0.2,744,18,0,0
2,0.2,745,17,0,1
2,0.2,746,17,0,0
2,0.2,747,17,0,0
2,0.2,748,17,0,0
2,0.2,749,17,0,0
2,0.2,750,17,0,0
2,0.2,751,18,1,0
2,0.2,752,18,1,1
2,0.2,753,17,0,1
2,0.2,754,17,0,0
2,0.2,755,17,0,0
2,0.2,756,18,1,0
2,0.2,757,17,0,1
2,0.2,758,18,1,0
2,0.2,759,18,0,0
2,0.2,760,17,0,1
2,0.2,761,17,0,0
2,0.2,762,17,0,0
2,0.2,763,18,1,0
2,0.2,764,17,0,1
2,0.2,765,17,0,0
2,0.2,766,17,0,0
2,0.2,767,17,0,0
2,0.2,768,17,0,0
2,0.2,769,18,1,0
2,0.2,770,18,0,0
2,0.2,771,17,0,1
2,0.2,772,18,1,0
2,0.2,773,17,0,1
2,0.2,774,19,2,0
2,0.2,775,18,0,1
2,0.2,776,17,0,1
2,0.2,777,19,2,0
2,0.2,778,18,1,2
2,0.2,779,18,1,1
2,0.2,780,19,1,0
2,0.2,781,19,1,1
2,0.2,782,18,0,1
2,0.2,783,17,0,1
2,0.2,784,17,0,0
2,0.2,785,18,1,0
2,0.2,786,18,0,0
2,0.2,787,18,0,0
2,0.2,788,18,0,0
2,0.2,789,18,0,0
2,0.2,790,18,0,0
2,0.2,791,18,1,1
2,0.2,792,17,0,1
2,0.2,793,17,0,0
2,0.2,794,19,2,0
2,0.2,795,18,0,1
2,0.2,796,18,0,0
2,0.2,797,18,0,0
2,0.2,798,17,0,1
2,0.2,799,18,1,0
2,0.2,800,18,0,0
2,0.2,801,17,0,1
2,0.2,802,17,0,0
2,0.2,803,17,0,0
2,0.2,804,18,1,0
2,0.2,805,17,0,1
2,0.2,806,17,0,0
2,0.2,807,18,1,0
2,0.2,808,18,0,0
2,0.2,809,18,0,0
2,0.2,810,18,0,0
2,0.2,811,17,0,1
2,0.2,812,17,0,0
2,0.2,813,17,0,0
2,0.2,814,18,1,0
2,0.2,815,18,0,0
2,0.2,816,18,0,0
2,0.2,817,18,0,0
2,0.2,818,19,1,0
2,0.2,819,18,1,2
2,0.2,820,17,0,1
2,0.2,821,18,1,0
2,0.2,822,18,0,0
2,0.2,823,18,0,0
2,0.2,824,18,0,0
2,0.2,825,18,0,0
2,0.2,826,18,0,0
2,0.2,827,18,0,0
2,0.2,828,18,0,0
2,0.2,829,18,0,0
2,0.2,830,18,0,0
2,0.2,831,18,0,0
2,0.2,832,18,0,0
2,0.2,833,18,0,0
2,0.2,834,18,0,0
2,0.2,835,18,0,0
2,0.2,836,19,1,0
2,0.2,837,19,0,0
2,0.2,838,19,1,1
2,0.2,839,18,0,1
2,0.2,840,19,1,0
2,0.2,841,18,0,1
2,0.2,842,18,0,0
2,0.2,843,19,1,0
2,0.2,844,18,0,1
2,0.2,845,18,0,0
2,0.2,846,18,0,0
2,0.2,847,18,0,0
2,0.2,848,18,0,0
2,0.2,849,18,0,0
2,0.2,850,18,0,0
2,0.2,851,18,0,0
2,0.2,852,18,0,0
2,0.2,853,18,0,0
2,0.2,854,18,0,0
2,0.2,855,18,0,0
2,0.2,856,18,0,0
2,0.2,857,18,0,0
2,0.2,858,18,0,0
2,0.2,859,18,0,0
2,0.2,860,18,0,0
2,0.2,861,19,1,0
2,0.2,862,19,0,0
2,0.2,863,18,0,1
2,0.2,864,18,0,0
2,0.2,865,19,1,0
2,0.2,866,18,0,1
2,0.2,867,18,0,0
2,0.2,868,17,0,1
2,0.2,869,18,1,0
2,0.2,870,18,0,0
2,0.2,871,18,0,0
2,0.2,872,19,1,0
2,0.2,873,18,0,1
2,0.2,874,19,1,0
2,0.2,875,18,0,1
2,0.2,876,18,0,0
2,0.2,877,18,0,0
2,0.2,878,18,0,0
2,0.2,879,18,0,0
2,0.2,880,18,0,0
2,0.2,881,19,1,0
2,0.2,882,18,0,1
2,0.2,883,18,0,0
2,0.2,884,18,0,0
2,0.2,885,18,0,0
2,0.2,886,19,1,0
2,0.2,887,18,0,1
2,0.2,888,18,0,0
2,0.2,889,19,1,0
2,0.2,890,18,0,1
2,0.2,891,18,0,0
2,0.2,892,18,0,0
2,0.2,893,18,0,0
2,0.2,894,18,0,0
2,0.2,895,18,0,0
2,0.2,896,18,0,0
2,0.2,897,18,0,0
2,0.2,898,18,0,0
2,0.2,899,18,0,0
2,0.2,900,19,1,0
2,0.2,901,18,0,1
2,0.2,902,18,0,0
2,0.2,903,18,0,0
2,0.2,904,18,0,0
2,0.2,905,18,0,0
2,0.2,906,18,0,0
2,0.2,907,18,0,0
2,0.2,908,18,0,0
2,0.2,909,19,1,0
2,0.2,910,18,0,1
2,0.2,911,19,1,0
2,0.2,912,18,0,1
2,0.2,913,18,0,0
2,0.2,914,18,0,0
2,0.2,915,18,0,0
2,0.2,916,18,0,0
2,0.2,917,18,0,0
2,0.2,918,18,0,0
2,0.2,919,19,1,0
2,0.2,920,18,0,1
2,0.2,921,18,0,0
2,0.2,922,18,0,0
2,0.2,923,19,1,0
2,0.2,924,18,0,1
2,0.2,925,18,0,0
2,0.2,926,18,0,0
2,0.2,927,18,0,0
2,0.2,928,18,0,0
2,0.2,929,19,1,0
2,0.2,930,18,0,1
2,0.2,931,18,0,0
2,0.2,932,19,1,0
2,0.2,933,18,1,2
2,0.2,934,18,1,1
2,0.2,935,17,0,1
2,0.2,936,18,1,0
2,0.2,937,20,2,0
2,0.2,938,18,0,2
2,0.2,939,18,0,0
2,0.2,940,18,0,0
2,0.2,941,19,1,0
2,0.2,942,18,0,1
2,0.2,943,19,1,0
2,0.2,944,18,0,1
2,0.2,945,18,0,0
2,0.2,946,18,0,0
2,0.2,947,18,0,0
2,0.2,948,18,1,1
2,0.2,949,18,1,1
2,0.2,950,18,0,0
2,0.2,951,18,0,0
2,0.2,952,18,0,0
2,0.2,953,18,0,0
2,0.2,954,18,0,0
2,0.2,955,18,0,0
2,0.2,956,18,0,0
2,0.2,957,19,1,0
2,0.2,958,18,0,1
2,0.2,959,18,0,0
2,0.2,960,18,0,0
2,0.2,961,19,1,0
2,0.2,962,18,0,1
2,0.2,963,18,0,0
2,0.2,964,20,2,0
2,0.2,965,18,0,2
2,0.2,966,20,2,0
2,0.2,967,18,0,2
2,0.2,968,19,1,0
2,0.2,969,18,0,1
2,0.2,970,18,0,0
2,0.2,971,19,1,0
2,0.2,972,18,0,1
2,0.2,973,18,0,0
2,0.2,974,20,2,0
2,0.2,975,19,0,1
2,0.2,976,19,0,0
2,0.2,977,19,0,0
2,0.2,978,19,0,0
2,0.2,979,18,0,1
2,0.2,980,18,0,0
2,0.2,981,19,1,0
2,0.2,982,19,0,0
2,0.2,983,19,0,0
2,0.2,984,18,0,1
2,0.2,985,19,1,0
2,0.2,986,19,0,0
2,0.2,987,19,0,0
2,0.2,988,19,0,0
2,0.2,989,19,0,0
2,0.2,990,19,0,0
2,0.2,991,19,0,0
2,0.2,992,19,0,0
2,0.2,993,19,1,1
2,0.2,994,19,1,1
2,0.2,995,19,0,0
2,0.2,996,19,0,0
2,0.2,997,18,0,1
2,0.2,998,19,1,0
2,0.2,999,19,1,1
2,0.2,1000,20,1,0
2,0.2,1001,19,0,1
2,0.2,1002,19,0,0
2,0.2,1003,19,1,1
2,0.2,1004,19,0,0
2,0.2,1005,19,1,1
2,0.2,1006,19,0,0
2,0.2,1007,19,0,0
2,0.2,1008,19,0,0
2,0.2,1009,19,1,1
2,0.2,1010,19,1,1
2,0.2,1011,18,0,1
2,0.2,1012,19,1,0
2,0.2,1013,19,1,1
2,0.2,1014,19,0,0
2,0.2,1015,19,0,0
2,0.2,1016,20,1,0
2,0.2,1017,20,0,0
2,0.2,1018,20,1,1
2,0.2,1019,19,0,1
2,0.2,1020,20,1,0
2,0.2,1021,19,0,1
2,0.2,1022,20,1,0
2,0.2,1023,20,1,1
2,0.2,1024,21,2,1
2,0.2,1025,20,0,1
2,0.2,1026,19,0,1
2,0.2,1027,20,1,0
2,0.2,1028,20,1,1
2,0.2,1029,20,1,1
2,0.2,1030,19,0,1
2,0.2,1031,20,1,0
2,0.2,1032,20,0,0
2,0.2,1033,20,0,0
2,0.2,1034,20,0,0
2,0.2,1035,20,0,0
2,0.2,1036,20,0,0
2,0.2,1037,20,0,0
2,0.2,1038,20,0,0
2,0.2,1039,20,0,0
2,0.2,1040,20,0,0
2,0.2,1041,20,0,0
2,0.2,1042,20,0,0
2,0.2,1043,20,0,0
2,0.2,1044,20,0,0
2,0.2,1045,21,1,0
2,0.2,1046,20,0,1
2,0.2,1047,20,0,0
2,0.2,1048,20,0,0
2,0.2,1049,20,0,0
2,0.2,1050,21,1,0
2,0.2,1051,20,0,1
2,0.2,1052,20,0,0
2,0.2,1053,20,0,0
2,0.2,1054,20,0,0
2,0.2,1055,20,0,0
2,0.2,1056,20,0,0
2,0.2,1057,18,0,2
2,0.2,1058,18,0,0
2,0.2,1059,20,2,0
2,0.2,1060,19,0,1
2,0.2,1061,19,1,1
2,0.2,1062,19,0,0
2,0.2,1063,19,1,1
2,0.2,1064,18,0,1
2,0.2,1065,18,0,0
2,0.2,1066,19,1,0
2,0.2,1067,18,0,1
2,0.2,1068,19,1,0
2,0.2,1069,19,1,1
2,0.2,1070,19,1,1
2,0.2,1071,20,1,0
2,0.2,1072,18,0,2
2,0.2,1073,18,0,0
2,0.2,1074,18,0,0
2,0.2,1075,19,1,0
2,0.2,1076,19,1,1
2,0.2,1077,20,1,0
2,0.2,1078,19,0,1
2,0.2,1079,19,0,0
2,0.2,1080,20,1,0
2,0.2,1081,19,0,1
2,0.2,1082,20,1,0
2,0.2,1083,19,0,1
2,0.2,1084,19,0,0
2,0.2,1085,19,0,0
2,0.2,1086,19,0,0
2,0.2,1087,19,0,0
2,0.2,1088,19,0,0
2,0.2,1089,20,1,0
2,0.2,1090,18,0,2
2,0.2,1091,19,1,0
2,0.2,1092,19,0,0
2,0.2,1093,18,0,1
2,0.2,1094,18,0,0
2,0.2,1095,20,2,0
2,0.2,1096,19,0,1
2,0.2,1097,19,0,0
2,0.2,1098,20,1,0
2,0.2,1099,19,0,1
2,0.2,1100,19,0,0
2,0.2,1101,19,0,0
2,0.2,1102,19,0,0
2,0.2,1103,19,0,0
2,0.2,1104,19,0,0
2,0.2,1105,21,2,0
2,0.2,1106,19,0,2
2,0.2,1107,19,0,0
2,0.2,1108,19,0,0
2,0.2,1109,19,0,0
2,0.2,1110,19,0,0
2,0.2,1111,19,0,0
2,0.2,1112,19,0,0
2,0.2,1113,19,0,0
2,0.2,1114,18,0,1
2,0.2,1115,19,1,0
2,0.2,1116,19,0,0
2,0.2,1117,19,0,0
2,0.2,1118,19,0,0
2,0.2,1119,19,0,0
2,0.2,1120,19,0,0
2,0.2,1121,19,0,0
2,0.2,1122,19,0,0
2,0.2,1123,18,0,1
2,0.2,1124,19,1,0
2,0.2,1125,18,0,1
2,0.2,1126,19,1,0
2,0.2,1127,19,0,0
2,0.2,1128,19,0,0
2,0.2,1129,18,0,1
2,0.2,1130,18,0,0
2,0.2,1131,18,0,0
2,0.2,1132,18,0,0
2,0.2,1133,18,0,0
2,0.2,1134,18,0,0
2,0.2,1135,18,0,0
2,0.2,1136,18,0,0
2,0.2,1137,18,0,0
2,0.2,1138,18,0,0
2,0.2,1139,18,0,0
2,0.2,1140,18,0,0
2,0.2,1141,18,0,0
2,0.2,1142,18,0,0
2,0.2,1143,18,0,0
2,0.2,1144,18,0,0
2,0.2,1145,18,0,0
2,0.2,1146,18,0,0
2,0.2,1147,18,0,0
2,0.2,1148,18,0,0
2,0.2,1149,18,0,0
2,0.2,1150,18,0,0
2,0.2,1151,18,0,0
2,0.2,1152,18,0,0
2,0.2,1153,19,1,0
2,0.2,1154,18,0,1
2,0.2,1155,18,0,0
2,0.2,1156,18,0,0
2,0.2,1157,18,0,0
2,0.2,1158,18,0,0
2,0.2,1159,18,0,0
2,0.2,1160,18,0,0
2,0.2,1161,18,0,0
2,0.2,1162,18,0,0
2,0.2,1163,18,0,0
2,0.2,1164,18,0,0
2,0.2,1165,18,0,0
2,0.2,1166,18,0,0
2,0.2,1167,19,1,0
2,0.2,1168,18,0,1
2,0.2,1169,18,0,0
2,0.2,1170,18,0,0
2,0.2,1171,18,0,0
2,0.2,1172,18,0,0
2,0.2,1173,20,2,0
2,0.2,1174,18,0,2
2,0.2,1175,18,0,0
2,0.2,1176,18,0,0
2,0.2,1177,18,0,0
2,0.2,1178,18,0,0
2,0.2,1179,19,1,0
2,0.2,1180,18,0,1
2,0.2,1181,19,1,0
2,0.2,1182,18,0,1
2,0.2,1183,18,0,0
2,0.2,1184,18,0,0
2,0.2,1185,18,0,0
2,0.2,1186,18,0,0
2,0.2,1187,18,0,0
2,0.2,1188,18,0,0
2,0.2,1189,21,3,0
2,0.2,1190,19,0,2
2,0.2,1191,18,0,1
2,0.2,1192,18,0,0
2,0.2,1193,19,1,0
2,0.2,1194,18,0,1
2,0.2,1195,18,0,0
2,0.2,1196,18,0,0
2,0.2,1197,18,0,0
2,0.2,1198,18,0,0
2,0.2,1199,18,0,0
2,0.2,1200,18,0,0
2,0.2,1201,18,0,0
2,0.2,1202,19,1,0
2,0.2,1203,18,0,1
2,0.2,1204,19,1,0
2,0.2,1205,18,0,1
2,0.2,1206,18,0,0
2,0.2,1207,18,0,0
2,0.2,1208,18,0,0
2,0.2,1209,18,0,0
2,0.2,1210,18,0,0
2,0.2,1211,19,1,0
2,0.2,1212,18,0,1
2,0.2,1213,19,1,0
2,0.2,1214,18,0,1
2,0.2,1215,19,1,0
2,0.2,1216,18,0,1
2,0.2,1217,18,0,0
2,0.2,1218,18,0,0
2,0.2,1219,18,0,0
2,0.2,1220,18,0,0
2,0.2,1221,18,0,0
2,0.2,1222,18,0,0
2,0.2,1223,19,1,0
2,0.2,1224,18,0,1
2,0.2,1225,18,0,0
2,0.2,1226,18,0,0
2,0.2,1227,18,0,0
2,0.2,1228,18,0,0
2,0.2,1229,18,0,0
2,0.2,1230,18,0,0
2,0.2,1231,18,0,0
2,0.2,1232,18,0,0
2,0.2,1233,19,1,0
2,0.2,1234,18,0,1
2,0.2,1235,18,0,0
2,0.2,1236,18,0,0
2,0.2,1237,18,0,0
2,0.2,1238,18,0,0
2,0.2,1239,18,0,0
2,0.2,1240,19,1,0
2,0.2,1241,18,0,1
2,0.2,1242,18,0,0
2,0.2,1243,20,2,0
2,0.2,1244,18,0,2
2,0.2,1245,18,0,0
2,0.2,1246,18,0,0
2,0.2,1247,19,1,0
2,0.2,1248,19,1,1
2,0.2,1249,19,0,0
2,0.2,1250,18,0,1
2,0.2,1251,18,0,0
2,0.2,1252,18,0,0
2,0.2,1253,18,0,0
2,0.2,1254,18,0,0
2,0.2,1255,18,0,0
2,0.2,1256,19,1,0
2,0.2,1257,18,0,1
2,0.2,1258,18,0,0
2,0.2,1259,18,0,0
2,0.2,1260,18,0,0
2,0.2,1261,18,0,0
2,0.2,1262,18,0,0
2,0.2,1263,19,1,0
2,0.2,1264,18,0,1
2,0.2,1265,18,0,0
2,0.2,1266,19,1,0
2,0.2,1267,18,0,1
2,0.2,1268,18,0,0
2,0.2,1269,19,1,0
2,0.2,1270,18,0,1
2,0.2,1271,19,1,0
2,0.2,1272,19,1,1
2,0.2,1273,19,0,0
2,0.2,1274,18,0,1
2,0.2,1275,19,1,0
2,0.2,1276,19,1,1
2,0.2,1277,19,0,0
2,0.2,1278,18,0,1
2,0.2,1279,18,0,0
2,0.2,1280,18,0,0
2,0.2,1281,18,0,0
2,0.2,1282,19,1,0
2,0.2,1283,19,0,0
2,0.2,1284,18,0,1
2,0.2,1285,19,1,0
2,0.2,1286,19,0,0
2,0.2,1287,18,0,1
2,0.2,1288,19,1,0
2,0.2,1289,18,0,1
2,0.2,1290,18,0,0
2,0.2,1291,18,0,0
2,0.2,1292,19,1,0
2,0.2,1293,18,0,1
2,0.2,1294,18,0,0
2,0.2,1295,19,1,0
2,0.2,1296,18,0,1
2,0.2,1297,19,1,0
2,0.2,1298,19,0,0
2,0.2,1299,19,0,0
2,0.2,1300,19,0,0
2,0.2,1301,19,0,0
2,0.2,1302,19,0,0
2,0.2,1303,18,0,1
2,0.2,1304,19,1,0
2,0.2,1305,19,0,0
2,0.2,1306,18,0,1
2,0.2,1307,19,1,0
2,0.2,1308,19,0,0
2,0.2,1309,19,0,0
2,0.2,1310,19,0,0
2,0.2,1311,19,0,0
2,0.2,1312,18,0,1
2,0.2,1313,18,0,0
2,0.2,1314,20,2,0
2,0.2,1315,19,0,1
2,0.2,1316,19,0,0
2,0.2,1317,19,0,0
2,0.2,1318,19,0,0
2,0.2,1319,19,0,0
2,0.2,1320,19,0,0
2,0.2,1321,19,0,0
2,0.2,1322,19,0,0
2,0.2,1323,19,0,0
2,0.2,1324,19,0,0
2,0.2,1325,19,0,0
2,0.2,1326,19,0,0
2,0.2,1327,19,0,0
2,0.2,1328,19,0,0
2,0.2,1329,19,0,0
2,0.2,1330,19,0,0
2,0.2,1331,19,0,0
2,0.2,1332,18,0,1
2,0.2,1333,19,1,0
2,0.2,1334,19,0,0
2,0.2,1335,19,0,0
2,0.2,1336,18,0,1
2,0.2,1337,19,1,0
2,0.2,1338,18,0,1
2,0.2,1339,18,0,0
2,0.2,1340,19,1,0
2,0.2,1341,19,0,0
2,0.2,1342,19,0,0
2,0.2,1343,19,0,0
2,0.2,1344,19,0,0
2,0.2,1345,18,0,1
2,0.2,1346,19,1,0
2,0.2,1347,19,0,0
2,0.2,1348,19,0,0
2,0.2,1349,19,0,0
2,0.2,1350,18,0,1
2,0.2,1351,19,1,0
2,0.2,1352,19,1,1
2,0.2,1353,19,0,0
2,0.2,1354,19,0,0
2,0.2,1355,19,0,0
2,0.2,1356,19,0,0
2,0.2,1357,19,0,0
2,0.2,1358,19,0,0
2,0.2,1359,19,0,0
2,0.2,1360,19,1,1
2,0.2,1361,19,1,1
2,0.2,1362,20,1,0
2,0.2,1363,19,0,1
2,0.2,1364,19,0,0
2,0.2,1365,20,1,0
2,0.2,1366,19,0,1
2,0.2,1367,18,0,1
2,0.2,1368,18,0,0
2,0.2,1369,20,2,0
2,0.2,1370,19,0,1
2,0.2,1371,20,1,0
2,0.2,1372,19,0,1
2,0.2,1373,19,0,0
2,0.2,1374,19,0,0
2,0.2,1375,19,0,0
2,0.2,1376,20,1,0
2,0.2,1377,19,0,1
2,0.2,1378,18,0,1
2,0.2,1379,19,1,0
2,0.2,1380,19,0,0
2,0.2,1381,19,0,0
2,0.2,1382,19,0,0
2,0.2,1383,19,0,0
2,0.2,1384,19,0,0
2,0.2,1385,19,0,0
2,0.2,1386,19,0,0
2,0.2,1387,19,0,0
2,0.2,1388,18,0,1
2,0.2,1389,18,0,0
2,0.2,1390,18,0,0
2,0.2,1391,19,1,0
2,0.2,1392,19,0,0
2,0.2,1393,19,0,0
2,0.2,1394,18,0,1
2,0.2,1395,19,1,0
2,0.2,1396,19,1,1
2,0.2,1397,18,0,1
2,0.2,1398,19,1,0
2,0.2,1399,19,1,1
2,0.2,1400,19,0,0
2,0.2,1401,19,0,0
2,0.2,1402,18,0,1
2,0.2,1403,18,0,0
2,0.2,1404,18,0,0
2,0.2,1405,19,1,0
2,0.2,1406,19,0,0
2,0.2,1407,19,0,0
2,0.2,1408,19,0,0
2,0.2,1409,19,0,0
2,0.2,1410,19,0,0
2,0.2,1411,19,0,0
2,0.2,1412,19,0,0
2,0.2,1413,19,0,0
2,0.2,1414,19,0,0
2,0.2,1415,19,0,0
2,0.2,1416,19,0,0
2,0.2,1417,19,0,0
2,0.2,1418,19,0,0
2,0.2,1419,19,0,0
2,0.2,1420,19,0,0
2,0.2,1421,19,0,0
2,0.2,1422,19,0,0
2,0.2,1423,20,1,0
2,0.2,1424,19,0,1
2,0.2,1425,20,1,0
2,0.2,1426,18,0,2
2,0.2,1427,19,1,0
2,0.2,1428,18,0,1
2,0.2,1429,18,0,0
2,0.2,1430,19,1,0
2,0.2,1431,19,0,0
2,0.2,1432,19,0,0
2,0.2,1433,20,1,0
2,0.2,1434,19,0,1
2,0.2,1435,18,0,1
2,0.2,1436,19,1,0
2,0.2,1437,19,0,0
2,0.2,1438,19,0,0
2,0.2,1439,18,0,1
2,0.2,1440,19,1,0
2,0.2,1441,19,0,0
2,0.2,1442,19,0,0
2,0.2,1443,19,0,0
2,0.2,1444,19,0,0
2,0.2,1445,19,0,0
2,0.2,1446,19,0,0
2,0.2,1447,18,0,1
2,0.2,1448,19,1,0
2,0.2,1449,19,0,0
2,0.2,1450,19,0,0
2,0.2,1451,20,1,0
2,0.2,1452,18,0,2
2,0.2,1453,20,2,0
2,0.2,1454,20,0,0
2,0.2,1455,19,0,1
2,0.2,1456,19,0,0
2,0.2,1457,19,0,0
2,0.2,1458,19,0,0
2,0.2,1459,19,0,0
2,0.2,1460,20,1,0
2,0.2,1461,19,0,1
2,0.2,1462,19,0,0
2,0.2,1463,19,0,0
2,0.2,1464,19,0,0
2,0.2,1465,19,0,0
2,0.2,1466,19,0,0
2,0.2,1467,19,0,0
2,0.2,1468,19,0,0
2,0.2,1469,20,1,0
2,0.2,1470,19,0,1
2,0.2,1471,19,0,0
2,0.2,1472,19,0,0
2,0.2,1473,19,0,0
2,0.2,1474,19,0,0
2,0.2,1475,19,0,0
2,0.2,1476,19,0,0
2,0.2,1477,20,1,0
2,0.2,1478,20,0,0
2,0.2,1479,19,0,1
2,0.2,1480,19,0,0
2,0.2,1481,19,0,0
2,0.2,1482,19,0,0
2,0.2,1483,19,0,0
2,0.2,1484,19,0,0
2,0.2,1485,19,0,0
2,0.2,1486,19,0,0
2,0.2,1487,19,0,0
2,0.2,1488,19,0,0
2,0.2,1489,19,0,0
2,0.2,1490,19,0,0
2,0.2,1491,20,1,0
2,0.2,1492,19,0,1
2,0.2,1493,19,0,0
2,0.2,1494,19,0,0
2,0.2,1495,19,0,0
2,0.2,1496,19,0,0
2,0.2,1497,19,0,0
2,0.2,1498,19,0,0
2,0.2,1499,19,0,0
2,0.2,1500,19,0,0
3,0.05,0,3,0,0
3,0.05,1,27,25,1
3,0.05,2,40,29,16
3,0.05,3,12,7,35
3,0.05,4,14,12,10
3,0.05,5,33,24,5
3,0.05,6,24,11,20
3,0.05,7,48,31,7
3,0.05,8,43,15,20
3,0.05,9,38,15,20
3,0.05,10,41,16,13
3,0.05,11,42,10,9
3,0.05,12,43,5,4
3,0.05,13,29,11,25
3,0.05,14,34,16,11
3,0.05,15,38,20,16
3,0.05,16,37,12,13
3,0.05,17,39,8,6
3,0.05,18,57,22,4
3,0.05,19,64,10,3
3,0.05,20,57,0,7
3,0.05,21,58,4,3
3,0.05,22,55,4,7
3,0.05,23,55,6,6
3,0.05,24,46,4,13
3,0.05,25,54,10,2
3,0.05,26,45,3,12
3,0.05,27,45,7,7
3,0.05,28,48,9,6
3,0.05,29,36,6,18
3,0.05,30,36,6,6
3,0.05,31,43,15,8
3,0.05,32,47,9,5
3,0.05,33,49,10,8
3,0.05,34,48,3,4
3,0.05,35,46,3,5
3,0.05,36,38,6,14
3,0.05,37,34,7,11
3,0.05,38,40,16,10
3,0.05,39,42,11,9
3,0.05,40,46,8,4
3,0.05,41,42,4,8
3,0.05,42,45,8,5
3,0.05,43,46,7,6
3,0.05,44,48,6,4
3,0.05,45,35,2,15
3,0.05,46,40,14,9
3,0.05,47,44,7,3
3,0.05,48,45,3,2
3,0.05,49,45,6,6
3,0.05,50,39,5,11
3,0.05,51,42,9,6
3,0.05,52,27,4,19
3,0.05,53,32,9,4
3,0.05,54,36,13,9
3,0.05,55,22,4,18
3,0.05,56,33,14,3
3,0.05,57,25,3,11
3,0.05,58,20,3,8
3,0.05,59,22,8,6
3,0.05,60,31,11,2
3,0.05,61,34,8,5
3,0.05,62,37,8,5
3,0.05,63,36,5,6
3,0.05,64,33,2,5
3,0.05,65,36,5,2
3,0.05,66,37,4,3
3,0.05,67,34,2,5
3,0.05,68,32,3,5
3,0.05,69,33,5,4
3,0.05,70,34,5,4
3,0.05,71,37,5,2
3,0.05,72,31,0,6
3,0.05,73,34,5,2
3,0.05,74,34,5,5
3,0.05,75,32,5,7
3,0.05,76,22,3,13
3,0.05,77,29,9,2
3,0.05,78,35,7,1
3,0.05,79,36,5,4
3,0.05,80,25,0,11
3,0.05,81,37,12,0
3,0.05,82,37,4,4
3,0.05,83,39,4,2
3,0.05,84,37,1,3
3,0.05,85,37,1,1
3,0.05,86,36,1,2
3,0.05,87,37,1,0
3,0.05,88,37,0,0
3,0.05,89,37,1,1
3,0.05,90,36,2,3
3,0.05,91,38,2,0
3,0.05,92,37,0,1
3,0.05,93,37,0,0
3,0.05,94,38,1,0
3,0.05,95,38,1,1
3,0.05,96,35,1,4
3,0.05,97,30,4,9
3,0.05,98,20,5,15
3,0.05,99,35,17,2
3,0.05,100,37,2,0
3,0.05,101,37,1,1
3,0.05,102,36,0,1
3,0.05,103,38,2,0
3,0.05,104,36,0,2
3,0.05,105,33,1,4
3,0.05,106,38,6,1
3,0.05,107,31,0,7
3,0.05,108,35,4,0
3,0.05,109,35,1,1
3,0.05,110,36,1,0
3,0.05,111,38,2,0
3,0.05,112,33,0,5
3,0.05,113,36,3,0
3,0.05,114,34,0,2
3,0.05,115,36,2,0
3,0.05,116,29,1,8
3,0.05,117,33,6,2
3,0.05,118,30,2,5
3,0.05,119,33,5,2
3,0.05,120,26,0,7
3,0.05,121,21,3,8
3,0.05,122,29,8,0
3,0.05,123,29,3,3
3,0.05,124,25,3,7
3,0.05,125,25,7,7
3,0.05,126,27,8,6
3,0.05,127,28,5,4
3,0.05,128,33,5,0
3,0.05,129,32,0,1
3,0.05,130,33,2,1
3,0.05,131,30,1,4
3,0.05,132,29,4,5
3,0.05,133,30,5,4
3,0.05,134,30,0,0
3,0.05,135,30,2,2
3,0.05,136,31,3,2
3,0.05,137,31,4,4
3,0.05,138,30,2,3
3,0.05,139,30,2,2
3,0.05,140,33,4,1
3,0.05,141,25,1,9
3,0.05,142,30,7,2
3,0.05,143,29,2,3
3,0.05,144,26,2,5
3,0.05,145,17,0,9
3,0.05,146,21,4,0
3,0.05,147,26,7,2
3,0.05,148,26,2,2
3,0.05,149,26,0,0
3,0.05,150,18,0,8
3,0.05,151,29,11,0
3,0.05,152,30,2,1
3,0.05,153,31,1,0
3,0.05,154,27,0,4
3,0.05,155,25,0,2
3,0.05,156,28,4,1
3,0.05,157,26,0,2
3,0.05,158,25,2,3
3,0.05,159,20,1,6
3,0.05,160,26,6,0
3,0.05,161,15,0,11
3,0.05,162,22,8,1
3,0.05,163,26,6,2
3,0.05,164,23,2,5
3,0.05,165,23,3,3
3,0.05,166,24,4,3
3,0.05,167,17,0,7
3,0.05,168,25,8,0
3,0.05,169,18,1,8
3,0.05,170,25,7,0
3,0.05,171,25,0,0
3,0.05,172,25,2,2
3,0.05,173,23,1,3
3,0.05,174,25,2,0
3,0.05,175,24,1,2
3,0.05,176,24,1,1
3,0.05,177,21,0,3
3,0.05,178,23,4,2
3,0.05,179,22,3,4
3,0.05,180,23,3,2
3,0.05,181,22,1,2
3,0.05,182,22,2,2
3,0.05,183,23,2,1
3,0.05,184,24,1,0
3,0.05,185,25,1,0
3,0.05,186,17,0,8
3,0.05,187,23,8,2
3,0.05,188,22,2,3
3,0.05,189,23,2,1
3,0.05,190,24,2,1
3,0.05,191,21,0,3
3,0.05,192,20,0,1
3,0.05,193,23,3,0
3,0.05,194,19,0,4
3,0.05,195,19,3,3
3,0.05,196,21,4,2
3,0.05,197,22,3,2
3,0.05,198,18,1,5
3,0.05,199,21,4,1
3,0.05,200,20,1,2
3,0.05,201,23,4,1
3,0.05,202,22,2,3
3,0.05,203,23,1,0
3,0.05,204,24,1,0
3,0.05,205,22,0,2
3,0.05,206,23,1,0
3,0.05,207,24,1,0
3,0.05,208,24,0,0
3,0.05,209,23,0,1
3,0.05,210,22,1,2
3,0.05,211,25,3,0
3,0.05,212,23,0,2
3,0.05,213,24,1,0
3,0.05,214,24,0,0
3,0.05,215,24,1,1
3,0.05,216,24,1,1
3,0.05,217,25,1,0
3,0.05,218,23,0,2
3,0.05,219,22,0,1
3,0.05,220,23,1,0
3,0.05,221,23,0,0
3,0.05,222,23,0,0
3,0.05,223,24,1,0
3,0.05,224,22,0,2
3,0.05,225,16,1,7
3,0.05,226,22,6,0
3,0.05,227,23,1,0
3,0.05,228,23,1,1
3,0.05,229,23,1,1
3,0.05,230,22,0,1
3,0.05,231,23,1,0
3,0.05,232,22,0,1
3,0.05,233,23,1,0
3,0.05,234,22,0,1
3,0.05,235,23,1,0
3,0.05,236,22,0,1
3,0.05,237,21,1,2
3,0.05,238,8,1,14
3,0.05,239,5,0,3
3,0.05,240,20,15,0
3,0.05,241,22,2,0
3,0.05,242,18,0,4
3,0.05,243,6,0,12
3,0.05,244,20,14,0
3,0.05,245,15,0,5
3,0.05,246,18,6,3
3,0.05,247,18,3,3
3,0.05,248,17,1,2
3,0.05,249,17,1,1
3,0.05,250,13,0,4
3,0.05,251,18,5,0
3,0.05,252,20,3,1
3,0.05,253,18,1,3
3,0.05,254,20,2,0
3,0.05,255,21,1,0
3,0.05,256,20,0,1
3,0.05,257,19,1,2
3,0.05,258,18,2,3
3,0.05,259,18,0,0
3,0.05,260,20,2,0
3,0.05,261,19,0,1
3,0.05,262,18,0,1
3,0.05,263,20,2,0
3,0.05,264,18,1,3
3,0.05,265,21,3,0
3,0.05,266,20,0,1
3,0.05,267,21,1,0
3,0.05,268,20,0,1
3,0.05,269,17,0,3
3,0.05,270,18,1,0
3,0.05,271,20,3,1
3,0.05,272,18,0,2
3,0.05,273,19,1,0
3,0.05,274,20,2,1
3,0.05,275,18,0,2
3,0.05,276,20,2,0
3,0.05,277,20,0,0
3,0.05,278,20,0,0
3,0.05,279,20,0,0
3,0.05,280,20,0,0
3,0.05,281,20,0,0
3,0.05,282,20,0,0
3,0.05,283,20,0,0
3,0.05,284,20,0,0
3,0.05,285,20,0,0
3,0.05,286,20,0,0
3,0.05,287,20,0,0
3,0.05,288,20,0,0
3,0.05,289,20,0,0
3,0.05,290,20,0,0
3,0.05,291,19,0,1
3,0.05,292,20,1,0
3,0.05,293,20,0,0
3,0.05,294,20,0,0
3,0.05,295,20,0,0
3,0.05,296,20,0,0
3,0.05,297,20,0,0
3,0.05,298,20,0,0
3,0.05,299,19,0,1
3,0.05,300,20,1,0
3,0.05,301,20,0,0
3,0.05,302,20,0,0
3,0.05,303,20,0,0
3,0.05,304,20,0,0
3,0.05,305,20,0,0
3,0.05,306,20,0,0
3,0.05,307,20,0,0
3,0.05,308,20,0,0
3,0.05,309,20,0,0
3,0.05,310,20,0,0
3,0.05,311,20,0,0
3,0.05,312,20,0,0
3,0.05,313,20,0,0
3,0.05,314,20,0,0
3,0.05,315,20,0,0
3,0.05,316,20,0,0
3,0.05,317,20,0,0
3,0.05,318,20,0,0
3,0.05,319,20,0,0
3,0.05,320,20,0,0
3,0.05,321,20,0,0
3,0.05,322,20,0,0
3,0.05,323,20,0,0
3,0.05,324,20,0,0
3,0.05,325,20,0,0
3,0.05,326,20,0,0
3,0.05,327,20,0,0
3,0.05,328,20,0,0
3,0.05,329,20,0,0
3,0.05,330,20,0,0
3,0.05,331,20,0,0
3,0.05,332,20,0,0
3,0.05,333,20,0,0
3,0.05,334,20,0,0
3,0.05,335,20,0,0
3,0.05,336,20,0,0
3,0.05,337,20,0,0
3,0.05,338,19,0,1
3,0.05,339,20,1,0
3,0.05,340,19,0,1
3,0.05,341,16,0,3
3,0.05,342,20,4,0
3,0.05,343,20,0,0
3,0.05,344,20,0,0
3,0.05,345,19,0,1
3,0.05,346,20,1,0
3,0.05,347,20,0,0
3,0.05,348,20,0,0
3,0.05,349,20,0,0
3,0.05,350,20,0,0
3,0.05,351,20,0,0
3,0.05,352,20,0,0
3,0.05,353,20,0,0
3,0.05,354,18,0,2
3,0.05,355,18,1,1
3,0.05,356,19,1,0
3,0.05,357,19,0,0
3,0.05,358,19,0,0
3,0.05,359,20,1,0
3,0.05,360,18,0,2
3,0.05,361,20,2,0
3,0.05,362,19,0,1
3,0.05,363,19,0,0
3,0.05,364,19,0,0
3,0.05,365,19,0,0
3,0.05,366,18,0,1
3,0.05,367,14,0,4
3,0.05,368,20,6,0
3,0.05,369,17,0,3
3,0.05,370,18,1,0
3,0.05,371,17,0,1
3,0.05,372,17,0,0
3,0.05,373,17,0,0
3,0.05,374,17,0,0
3,0.05,375,18,1,0
3,0.05,376,18,0,0
3,0.05,377,19,1,0
3,0.05,378,18,0,1
3,0.05,379,17,0,1
3,0.05,380,17,0,0
3,0.05,381,17,1,1
3,0.05,382,16,1,2
3,0.05,383,17,1,0
3,0.05,384,17,1,1
3,0.05,385,16,1,2
3,0.05,386,17,1,0
3,0.05,387,14,0,3
3,0.05,388,16,2,0
3,0.05,389,17,2,1
3,0.05,390,17,1,1
3,0.05,391,17,0,0
3,0.05,392,15,0,2
3,0.05,393,11,1,5
3,0.05,394,13,2,0
3,0.05,395,16,3,0
3,0.05,396,14,0,2
3,0.05,397,14,0,0
3,0.05,398,17,3,0
3,0.05,399,16,0,1
3,0.05,400,16,0,0
3,0.05,401,16,0,0
3,0.05,402,17,1,0
3,0.05,403,17,0,0
3,0.05,404,14,0,3
3,0.05,405,16,2,0
3,0.05,406,17,1,0
3,0.05,407,16,0,1
3,0.05,408,16,0,0
3,0.05,409,16,0,0
3,0.05,410,15,0,1
3,0.05,411,16,1,0
3,0.05,412,16,0,0
3,0.05,413,16,0,0
3,0.05,414,17,1,0
3,0.05,415,17,0,0
3,0.05,416,16,0,1
3,0.05,417,16,0,0
3,0.05,418,16,0,0
3,0.05,419,16,0,0
3,0.05,420,16,0,0
3,0.05,421,16,0,0
3,0.05,422,16,0,0
3,0.05,423,16,0,0
3,0.05,424,16,0,0
3,0.05,425,16,0,0
3,0.05,426,16,0,0
3,0.05,427,16,0,0
3,0.05,428,16,0,0
3,0.05,429,16,0,0
3,0.05,430,16,0,0
3,0.05,431,16,0,0
3,0.05,432,16,0,0
3,0.05,433,16,0,0
3,0.05,434,16,0,0
3,0.05,435,16,0,0
3,0.05,436,16,0,0
3,0.05,437,16,0,0
3,0.05,438,16,0,0
3,0.05,439,16,0,0
3,0.05,440,16,0,0
3,0.05,441,16,0,0
3,0.05,442,16,0,0
3,0.05,443,16,0,0
3,0.05,444,17,1,0
3,0.05,445,16,0,1
3,0.05,446,16,0,0
3,0.05,447,16,0,0
3,0.05,448,16,0,0
3,0.05,449,16,0,0
3,0.05,450,16,0,0
3,0.05,451,16,0,0
3,0.05,452,16,0,0
3,0.05,453,16,0,0
3,0.05,454,16,0,0
3,0.05,455,17,1,0
3,0.05,456,16,0,1
3,0.05,457,16,0,0
3,0.05,458,16,0,0
3,0.05,459,16,0,0
3,0.05,460,16,0,0
3,0.05,461,16,0,0
3,0.05,462,16,0,0
3,0.05,463,16,0,0
3,0.05,464,16,0,0
3,0.05,465,16,0,0
3,0.05,466,16,0,0
3,0.05,467,17,1,0
3,0.05,468,16,0,1
3,0.05,469,16,0,0
3,0.05,470,16,0,0
3,0.05,471,16,0,0
3,0.05,472,16,0,0
3,0.05,473,16,0,0
3,0.05,474,16,0,0
3,0.05,475,16,0,0
3,0.05,476,16,0,0
3,0.05,477,16,0,0
3,0.05,478,16,0,0
3,0.05,479,16,0,0
3,0.05,480,16,0,0
3,0.05,481,16,0,0
3,0.05,482,16,0,0
3,0.05,483,16,0,0
3,0.05,484,16,0,0
3,0.05,485,16,0,0
3,0.05,486,16,0,0
3,0.05,487,16,0,0
3,0.05,488,16,0,0
3,0.05,489,16,0,0
3,0.05,490,16,0,0
3,0.05,491,16,0,0
3,0.05,492,16,0,0
3,0.05,493,16,0,0
3,0.05,494,15,0,1
3,0.05,495,16,1,0
3,0.05,496,16,0,0
3,0.05,497,16,0,0
3,0.05,498,16,0,0
3,0.05,499,16,0,0
3,0.05,500,16,0,0
3,0.05,501,16,0,0
3,0.05,502,16,0,0
3,0.05,503,16,0,0
3,0.05,504,15,0,1
3,0.05,505,16,1,0
3,0.05,506,16,0,0
3,0.05,507,16,0,0
3,0.05,508,16,0,0
3,0.05,509,16,0,0
3,0.05,510,16,0,0
3,0.05,511,16,0,0
3,0.05,512,16,0,0
3,0.05,513,16,0,0
3,0.05,514,16,0,0
3,0.05,515,16,0,0
3,0.05,516,16,0,0
3,0.05,517,16,0,0
3,0.05,518,16,1,1
3,0.05,519,14,0,2
3,0.05,520,13,2,3
3,0.05,521,14,2,1
3,0.05,522,15,1,0
3,0.05,523,16,1,0
3,0.05,524,16,0,0
3,0.05,525,11,0,5
3,0.05,526,14,3,0
3,0.05,527,11,0,3
3,0.05,528,13,2,0
3,0.05,529,11,0,2
3,0.05,530,14,3,0
3,0.05,531,11,0,3
3,0.05,532,13,2,0
3,0.05,533,13,0,0
3,0.05,534,13,0,0
3,0.05,535,13,0,0
3,0.05,536,15,2,0
3,0.05,537,15,1,1
3,0.05,538,13,0,2
3,0.05,539,14,1,0
3,0.05,540,14,0,0
3,0.05,541,14,0,0
3,0.05,542,15,1,0
3,0.05,543,15,1,1
3,0.05,544,14,1,2
3,0.05,545,16,2,0
3,0.05,546,16,0,0
3,0.05,547,15,0,1
3,0.05,548,15,0,0
3,0.05,549,15,1,1
3,0.05,550,15,1,1
3,0.05,551,15,0,0
3,0.05,552,16,1,0
3,0.05,553,15,0,1
3,0.05,554,16,1,0
3,0.05,555,16,0,0
3,0.05,556,16,0,0
3,0.05,557,16,0,0
3,0.05,558,16,0,0
3,0.05,559,16,0,0
3,0.05,560,15,0,1
3,0.05,561,16,1,0
3,0.05,562,16,0,0
3,0.05,563,16,0,0
3,0.05,564,15,0,1
3,0.05,565,17,2,0
3,0.05,566,15,0,2
3,0.05,567,15,0,0
3,0.05,568,15,0,0
3,0.05,569,15,0,0
3,0.05,570,15,0,0
3,0.05,571,15,0,0
3,0.05,572,15,0,0
3,0.05,573,15,0,0
3,0.05,574,15,0,0
3,0.05,575,15,0,0
3,0.05,576,15,0,0
3,0.05,577,15,0,0
3,0.05,578,15,0,0
3,0.05,579,16,1,0
3,0.05,580,15,0,1
3,0.05,581,16,1,0
3,0.05,582,16,0,0
3,0.05,583,16,0,0
3,0.05,584,16,0,0
3,0.05,585,16,0,0
3,0.05,586,15,0,1
3,0.05,587,16,1,0
3,0.05,588,15,0,1
3,0.05,589,16,1,0
3,0.05,590,16,0,0
3,0.05,591,16,0,0
3,0.05,592,15,0,1
3,0.05,593,15,0,0
3,0.05,594,15,0,0
3,0.05,595,15,0,0
3,0.05,596,16,1,0
3,0.05,597,16,0,0
3,0.05,598,15,0,1
3,0.05,599,16,1,0
3,0.05,600,15,0,1
3,0.05,601,16,1,0
3,0.05,602,15,0,1
3,0.05,603,15,0,0
3,0.05,604,15,0,0
3,0.05,605,15,0,0
3,0.05,606,16,1,0
3,0.05,607,16,0,0
3,0.05,608,16,0,0
3,0.05,609,16,0,0
3,0.05,610,16,0,0
3,0.05,611,16,0,0
3,0.05,612,16,0,0
3,0.05,613,16,0,0
3,0.05,614,16,0,0
3,0.05,615,16,0,0
3,0.05,616,15,0,1
3,0.05,617,16,1,0
3,0.05,618,16,0,0
3,0.05,619,16,0,0
3,0.05,620,15,0,1
3,0.05,621,16,1,0
3,0.05,622,16,0,0
3,0.05,623,16,0,0
3,0.05,624,16,0,0
3,0.05,625,16,0,0
3,0.05,626,15,0,1
3,0.05,627,16,1,0
3,0.05,628,15,0,1
3,0.05,629,16,1,0
3,0.05,630,16,0,0
3,0.05,631,16,0,0
3,0.05,632,16,0,0
3,0.05,633,16,0,0
3,0.05,634,15,0,1
3,0.05,635,15,0,0
3,0.05,636,16,1,0
3,0.05,637,15,0,1
3,0.05,638,16,1,0
3,0.05,639,16,0,0
3,0.05,640,15,0,1
3,0.05,641,15,0,0
3,0.05,642,15,0,0
3,0.05,643,16,1,0
3,0.05,644,16,0,0
3,0.05,645,15,0,1
3,0.05,646,15,0,0
3,0.05,647,15,0,0
3,0.05,648,15,0,0
3,0.05,649,15,0,0
3,0.05,650,16,1,0
3,0.05,651,15,0,1
3,0.05,652,15,0,0
3,0.05,653,15,0,0
3,0.05,654,16,1,0
3,0.05,655,16,0,0
3,0.05,656,16,0,0
3,0.05,657,15,0,1
3,0.05,658,16,1,0
3,0.05,659,15,0,1
3,0.05,660,16,1,0
3,0.05,661,16,0,0
3,0.05,662,15,0,1
3,0.05,663,16,1,0
3,0.05,664,16,0,0
3,0.05,665,15,0,1
3,0.05,666,16,1,0
3,0.05,667,16,0,0
3,0.05,668,16,0,0
3,0.05,669,16,0,0
3,0.05,670,15,0,1
3,0.05,671,16,1,0
3,0.05,672,15,0,1
3,0.05,673,16,1,0
3,0.05,674,15,0,1
3,0.05,675,16,1,0
3,0.05,676,16,1,1
3,0.05,677,16,1,1
3,0.05,678,16,0,0
3,0.05,679,16,0,0
3,0.05,680,16,0,0
3,0.05,681,16,0,0
3,0.05,682,16,0,0
3,0.05,683,16,0,0
3,0.05,684,16,0,0
3,0.05,685,16,0,0
3,0.05,686,16,0,0
3,0.05,687,16,0,0
3,0.05,688,16,0,0
3,0.05,689,16,0,0
3,0.05,690,16,0,0
3,0.05,691,16,0,0
3,0.05,692,16,0,0
3,0.05,693,16,0,0
3,0.05,694,16,0,0
3,0.05,695,16,0,0
3,0.05,696,16,0,0
3,0.05,697,16,0,0
3,0.05,698,16,0,0
3,0.05,699,16,0,0
3,0.05,700,16,0,0
3,0.05,701,16,0,0
3,0.05,702,15,0,1
3,0.05,703,16,1,0
3,0.05,704,16,0,0
3,0.05,705,17,1,0
3,0.05,706,16,0,1
3,0.05,707,17,1,0
3,0.05,708,15,0,2
3,0.05,709,17,2,0
3,0.05,710,17,1,1
3,0.05,711,16,0,1
3,0.05,712,16,0,0
3,0.05,713,15,0,1
3,0.05,714,15,0,0
3,0.05,715,15,0,0
3,0.05,716,15,0,0
3,0.05,717,16,1,0
3,0.05,718,16,0,0
3,0.05,719,16,0,0
3,0.05,720,16,0,0
3,0.05,721,16,0,0
3,0.05,722,17,1,0
3,0.05,723,16,0,1
3,0.05,724,16,0,0
3,0.05,725,16,0,0
3,0.05,726,16,0,0
3,0.05,727,16,0,0
3,0.05,728,16,0,0
3,0.05,729,16,0,0
3,0.05,730,16,0,0
3,0.05,731,16,0,0
3,0.05,732,16,0,0
3,0.05,733,16,0,0
3,0.05,734,17,1,0
3,0.05,735,16,0,1
3,0.05,736,17,1,0
3,0.05,737,16,0,1
3,0.05,738,17,1,0
3,0.05,739,16,0,1
3,0.05,740,17,1,0
3,0.05,741,16,0,1
3,0.05,742,16,0,0
3,0.05,743,16,0,0
3,0.05,744,16,0,0
3,0.05,745,16,0,0
3,0.05,746,16,0,0
3,0.05,747,16,0,0
3,0.05,748,16,0,0
3,0.05,749,16,0,0
3,0.05,750,16,0,0
3,0.05,751,16,0,0
3,0.05,752,16,0,0
3,0.05,753,16,0,0
3,0.05,754,16,0,0
3,0.05,755,16,0,0
3,0.05,756,16,0,0
3,0.05,757,16,0,0
3,0.05,758,16,0,0
3,0.05,759,16,0,0
3,0.05,760,17,1,0
3,0.05,761,18,1,0
3,0.05,762,16,0,2
3,0.05,763,17,1,0
3,0.05,764,17,0,0
3,0.05,765,16,0,1
3,0.05,766,16,0,0
3,0.05,767,16,0,0
3,0.05,768,16,0,0
3,0.05,769,17,1,0
3,0.05,770,18,1,0
3,0.05,771,17,0,1
3,0.05,772,16,0,1
3,0.05,773,16,0,0
3,0.05,774,17,1,0
3,0.05,775,16,0,1
3,0.05,776,16,0,0
3,0.05,777,16,0,0
3,0.05,778,17,1,0
3,0.05,779,17,0,0
3,0.05,780,16,0,1
3,0.05,781,18,2,0
3,0.05,782,17,0,1
3,0.05,783,17,0,0
3,0.05,784,16,0,1
3,0.05,785,17,1,0
3,0.05,786,18,1,0
3,0.05,787,18,0,0
3,0.05,788,17,0,1
3,0.05,789,16,0,1
3,0.05,790,16,0,0
3,0.05,791,16,0,0
3,0.05,792,17,1,0
3,0.05,793,16,0,1
3,0.05,794,16,0,0
3,0.05,795,16,0,0
3,0.05,796,16,0,0
3,0.05,797,16,0,0
3,0.05,798,16,0,0
3,0.05,799,17,1,0
3,0.05,800,16,0,1
3,0.05,801,16,0,0
3,0.05,802,16,0,0
3,0.05,803,16,0,0
3,0.05,804,16,0,0
3,0.05,805,17,1,0
3,0.05,806,16,0,1
3,0.05,807,16,0,0
3,0.05,808,16,0,0
3,0.05,809,16,0,0
3,0.05,810,16,0,0
3,0.05,811,17,1,0
3,0.05,812,16,0,1
3,0.05,813,16,0,0
3,0.05,814,16,0,0
3,0.05,815,17,1,0
3,0.05,816,17,0,0
3,0.05,817,16,0,1
3,0.05,818,16,0,0
3,0.05,819,16,0,0
3,0.05,820,17,1,0
3,0.05,821,16,0,1
3,0.05,822,16,0,0
3,0.05,823,16,0,0
3,0.05,824,16,0,0
3,0.05,825,16,0,0
3,0.05,826,16,0,0
3,0.05,827,17,1,0
3,0.05,828,17,0,0
3,0.05,829,16,0,1
3,0.05,830,16,0,0
3,0.05,831,16,0,0
3,0.05,832,16,0,0
3,0.05,833,16,0,0
3,0.05,834,16,0,0
3,0.05,835,16,0,0
3,0.05,836,16,0,0
3,0.05,837,16,0,0
3,0.05,838,17,1,0
3,0.05,839,17,0,0
3,0.05,840,16,0,1
3,0.05,841,16,0,0
3,0.05,842,16,0,0
3,0.05,843,16,0,0
3,0.05,844,16,0,0
3,0.05,845,16,0,0
3,0.05,846,16,0,0
3,0.05,847,17,1,0
3,0.05,848,16,0,1
3,0.05,849,16,0,0
3,0.05,850,16,0,0
3,0.05,851,16,0,0
3,0.05,852,17,1,0
3,0.05,853,17,0,0
3,0.05,854,17,0,0
3,0.05,855,16,0,1
3,0.05,856,17,1,0
3,0.05,857,17,0,0
3,0.05,858,17,0,0
3,0.05,859,17,0,0
3,0.05,860,17,0,0
3,0.05,861,17,0,0
3,0.05,862,16,0,1
3,0.05,863,17,1,0
3,0.05,864,17,0,0
3,0.05,865,17,0,0
3,0.05,866,17,0,0
3,0.05,867,17,0,0
3,0.05,868,17,0,0
3,0.05,869,17,0,0
3,0.05,870,17,0,0
3,0.05,871,17,0,0
3,0.05,872,17,0,0
3,0.05,873,16,0,1
3,0.05,874,17,1,0
3,0.05,875,16,0,1
3,0.05,876,16,0,0
3,0.05,877,17,1,0
3,0.05,878,16,0,1
3,0.05,879,17,1,0
3,0.05,880,17,0,0
3,0.05,881,17,0,0
3,0.05,882,16,0,1
3,0.05,883,16,0,0
3,0.05,884,16,0,0
3,0.05,885,17,1,0
3,0.05,886,17,0,0
3,0.05,887,16,0,1
3,0.05,888,16,0,0
3,0.05,889,16,0,0
3,0.05,890,16,0,0
3,0.05,891,17,1,0
3,0.05,892,16,0,1
3,0.05,893,16,0,0
3,0.05,894,16,0,0
3,0.05,895,16,0,0
3,0.05,896,16,0,0
3,0.05,897,17,1,0
3,0.05,898,16,0,1
3,0.05,899,17,1,0
3,0.05,900,17,0,0
3,0.05,901,16,0,1
3,0.05,902,17,1,0
3,0.05,903,17,0,0
3,0.05,904,17,0,0
3,0.05,905,16,0,1
3,0.05,906,17,1,0
3,0.05,907,16,0,1
3,0.05,908,17,1,0
3,0.05,909,16,0,1
3,0.05,910,17,1,0
3,0.05,911,17,0,0
3,0.05,912,17,0,0
3,0.05,913,17,0,0
3,0.05,914,17,0,0
3,0.05,915,17,0,0
3,0.05,916,17,0,0
3,0.05,917,17,0,0
3,0.05,918,17,0,0
3,0.05,919,17,0,0
3,0.05,920,17,0,0
3,0.05,921,17,0,0
3,0.05,922,17,0,0
3,0.05,923,17,0,0
3,0.05,924,17,0,0
3,0.05,925,17,0,0
3,0.05,926,17,0,0
3,0.05,927,17,0,0
3,0.05,928,17,0,0
3,0.05,929,17,0,0
3,0.05,930,18,1,0
3,0.05,931,17,0,1
3,0.05,932,17,0,0
3,0.05,933,17,0,0
3,0.05,934,17,0,0
3,0.05,935,17,0,0
3,0.05,936,17,0,0
3,0.05,937,17,0,0
3,0.05,938,17,0,0
3,0.05,939,17,0,0
3,0.05,940,17,0,0
3,0.05,941,17,0,0
3,0.05,942,17,0,0
3,0.05,943,17,0,0
3,0.05,944,17,0,0
3,0.05,945,17,0,0
3,0.05,946,17,0,0
3,0.05,947,17,0,0
3,0.05,948,17,0,0
3,0.05,949,17,0,0
3,0.05,950,17,0,0
3,0.05,951,17,0,0
3,0.05,952,17,0,0
3,0.05,953,17,0,0
3,0.05,954,17,0,0
3,0.05,955,17,0,0
3,0.05,956,17,0,0
3,0.05,957,17,0,0
3,0.05,958,17,0,0
3,0.05,959,17,0,0
3,0.05,960,17,0,0
3,0.05,961,18,1,0
3,0.05,962,17,0,1
3,0.05,963,17,0,0
3,0.05,964,17,0,0
3,0.05,965,17,0,0
3,0.05,966,17,0,0
3,0.05,967,17,0,0
3,0.05,968,17,0,0
3,0.05,969,16,0,1
3,0.05,970,17,1,0
3,0.05,971,16,0,1
3,0.05,972,18,2,0
3,0.05,973,17,0,1
3,0.05,974,16,0,1
3,0.05,975,17,1,0
3,0.05,976,17,0,0
3,0.05,977,16,0,1
3,0.05,978,16,0,0
3,0.05,979,17,1,0
3,0.05,980,17,0,0
3,0.05,981,17,0,0
3,0.05,982,17,0,0
3,0.05,983,18,1,0
3,0.05,984,17,0,1
3,0.05,985,16,0,1
3,0.05,986,17,1,0
3,0.05,987,16,0,1
3,0.05,988,16,0,0
3,0.05,989,16,0,0
3,0.05,990,16,0,0
3,0.05,991,17,1,0
3,0.05,992,16,0,1
3,0.05,993,16,0,0
3,0.05,994,17,1,0
3,0.05,995,17,0,0
3,0.05,996,16,0,1
3,0.05,997,16,0,0
3,0.05,998,17,1,0
3,0.05,999,16,0,1
3,0.05,1000,16,0,0
3,0.05,1001,16,0,0
3,0.05,1002,16,0,0
3,0.05,1003,16,0,0
3,0.05,1004,16,0,0
3,0.05,1005,16,0,0
3,0.05,1006,16,0,0
3,0.05,1007,16,0,0
3,0.05,1008,16,0,0
3,0.05,1009,16,0,0
3,0.05,1010,16,0,0
3,0.05,1011,16,0,0
3,0.05,1012,16,0,0
3,0.05,1013,16,0,0
3,0.05,1014,16,0,0
3,0.05,1015,16,0,0
3,0.05,1016,16,0,0
3,0.05,1017,16,0,0
3,0.05,1018,16,0,0
3,0.05,1019,16,0,0
3,0.05,1020,16,0,0
3,0.05,1021,16,0,0
3,0.05,1022,16,0,0
3,0.05,1023,16,0,0
3,0.05,1024,16,0,0
3,0.05,1025,16,0,0
3,0.05,1026,16,0,0
3,0.05,1027,16,0,0
3,0.05,1028,16,0,0
3,0.05,1029,17,1,0
3,0.05,1030,16,0,1
3,0.05,1031,16,0,0
3,0.05,1032,16,0,0
3,0.05,1033,16,0,0
3,0.05,1034,16,0,0
3,0.05,1035,16,0,0
3,0.05,1036,16,0,0
3,0.05,1037,16,0,0
3,0.05,1038,16,0,0
3,0.05,1039,16,0,0
3,0.05,1040,18,2,0
3,0.05,1041,16,0,2
3,0.05,1042,16,0,0
3,0.05,1043,16,0,0
3,0.05,1044,16,0,0
3,0.05,1045,16,0,0
3,0.05,1046,16,0,0
3,0.05,1047,16,0,0
3,0.05,1048,16,0,0
3,0.05,1049,16,0,0
3,0.05,1050,17,1,0
3,0.05,1051,16,0,1
3,0.05,1052,16,0,0
3,0.05,1053,17,1,0
3,0.05,1054,16,0,1
3,0.05,1055,16,0,0
3,0.05,1056,16,0,0
3,0.05,1057,16,0,0
3,0.05,1058,16,0,0
3,0.05,1059,17,1,0
3,0.05,1060,16,0,1
3,0.05,1061,17,1,0
3,0.05,1062,16,0,1
3,0.05,1063,16,0,0
3,0.05,1064,16,0,0
3,0.05,1065,16,0,0
3,0.05,1066,16,0,0
3,0.05,1067,16,0,0
3,0.05,1068,16,0,0
3,0.05,1069,16,0,0
3,0.05,1070,16,0,0
3,0.05,1071,17,1,0
3,0.05,1072,16,0,1
3,0.05,1073,16,0,0
3,0.05,1074,16,0,0
3,0.05,1075,16,0,0
3,0.05,1076,16,0,0
3,0.05,1077,16,0,0
3,0.05,1078,16,0,0
3,0.05,1079,16,0,0
3,0.05,1080,16,0,0
3,0.05,1081,16,0,0
3,0.05,1082,16,0,0
3,0.05,1083,16,0,0
3,0.05,1084,16,0,0
3,0.05,1085,16,0,0
3,0.05,1086,16,0,0
3,0.05,1087,16,0,0
3,0.05,1088,16,0,0
3,0.05,1089,16,0,0
3,0.05,1090,16,0,0
3,0.05,1091,16,0,0
3,0.05,1092,16,0,0
3,0.05,1093,16,0,0
3,0.05,1094,16,0,0
3,0.05,1095,16,0,0
3,0.05,1096,16,0,0
3,0.05,1097,16,0,0
3,0.05,1098,16,0,0
3,0.05,1099,16,0,0
3,0.05,1100,16,0,0
3,0.05,1101,16,0,0
3,0.05,1102,16,0,0
3,0.05,1103,16,0,0
3,0.05,1104,16,0,0
3,0.05,1105,16,0,0
3,0.05,1106,16,0,0
3,0.05,1107,16,0,0
3,0.05,1108,16,0,0
3,0.05,1109,16,0,0
3,0.05,1110,16,0,0
3,0.05,1111,16,0,0
3,0.05,1112,16,0,0
3,0.05,1113,16,0,0
3,0.05,1114,16,0,0
3,0.05,1115,16,0,0
3,0.05,1116,16,0,0
3,0.05,1117,16,0,0
3,0.05,1118,16,0,0
3,0.05,1119,16,0,0
3,0.05,1120,16,0,0
3,0.05,1121,17,1,0
3,0.05,1122,16,0,1
3,0.05,1123,16,0,0
3,0.05,1124,17,1,0
3,0.05,1125,16,0,1
3,0.05,1126,16,0,0
3,0.05,1127,16,0,0
3,0.05,1128,16,0,0
3,0.05,1129,16,0,0
3,0.05,1130,17,1,0
3,0.05,1131,16,0,1
3,0.05,1132,17,1,0
3,0.05,1133,17,1,1
3,0.05,1134,16,0,1
3,0.05,1135,16,0,0
3,0.05,1136,16,0,0
3,0.05,1137,17,1,0
3,0.05,1138,16,0,1
3,0.05,1139,17,1,0
3,0.05,1140,17,0,0
3,0.05,1141,16,0,1
3,0.05,1142,16,0,0
3,0.05,1143,16,0,0
3,0.05,1144,16,0,0
3,0.05,1145,17,1,0
3,0.05,1146,16,0,1
3,0.05,1147,16,0,0
3,0.05,1148,16,0,0
3,0.05,1149,16,0,0
3,0.05,1150,16,0,0
3,0.05,1151,16,0,0
3,0.05,1152,16,0,0
3,0.05,1153,16,0,0
3,0.05,1154,16,0,0
3,0.05,1155,16,0,0
3,0.05,1156,16,0,0
3,0.05,1157,16,0,0
3,0.05,1158,16,0,0
3,0.05,1159,17,1,0
3,0.05,1160,16,0,1
3,0.05,1161,16,0,0
3,0.05,1162,17,1,0
3,0.05,1163,17,0,0
3,0.05,1164,17,1,1
3,0.05,1165,16,0,1
3,0.05,1166,16,0,0
3,0.05,1167,16,0,0
3,0.05,1168,16,0,0
3,0.05,1169,16,0,0
3,0.05,1170,16,0,0
3,0.05,1171,16,0,0
3,0.05,1172,16,0,0
3,0.05,1173,16,0,0
3,0.05,1174,16,0,0
3,0.05,1175,16,0,0
3,0.05,1176,16,0,0
3,0.05,1177,16,0,0
3,0.05,1178,16,0,0
3,0.05,1179,16,0,0
3,0.05,1180,16,0,0
3,0.05,1181,16,0,0
3,0.05,1182,16,0,0
3,0.05,1183,16,0,0
3,0.05,1184,16,0,0
3,0.05,1185,16,0,0
3,0.05,1186,16,0,0
3,0.05,1187,16,0,0
3,0.05,1188,16,0,0
3,0.05,1189,16,0,0
3,0.05,1190,16,0,0
3,0.05,1191,17,1,0
3,0.05,1192,16,0,1
3,0.05,1193,16,0,0
3,0.05,1194,16,0,0
3,0.05,1195,16,0,0
3,0.05,1196,16,0,0
3,0.05,1197,16,0,0
3,0.05,1198,16,0,0
3,0.05,1199,16,0,0
3,0.05,1200,16,0,0
3,0.05,1201,16,0,0
3,0.05,1202,16,0,0
3,0.05,1203,17,1,0
3,0.05,1204,16,0,1
3,0.05,1205,16,0,0
3,0.05,1206,16,0,0
3,0.05,1207,16,0,0
3,0.05,1208,16,0,0
3,0.05,1209,16,0,0
3,0.05,1210,16,0,0
3,0.05,1211,16,0,0
3,0.05,1212,16,0,0
3,0.05,1213,16,0,0
3,0.05,1214,16,0,0
3,0.05,1215,16,0,0
3,0.05,1216,16,0,0
3,0.05,1217,16,0,0
3,0.05,1218,16,0,0
3,0.05,1219,16,0,0
3,0.05,1220,16,0,0
3,0.05,1221,16,0,0
3,0.05,1222,16,0,0
3,0.05,1223,16,0,0
3,0.05,1224,16,0,0
3,0.05,1225,16,0,0
3,0.05,1226,17,1,0
3,0.05,1227,16,0,1
3,0.05,1228,16,0,0
3,0.05,1229,16,0,0
3,0.05,1230,16,0,0
3,0.05,1231,16,0,0
3,0.05,1232,16,0,0
3,0.05,1233,16,0,0
3,0.05,1234,16,0,0
3,0.05,1235,16,0,0
3,0.05,1236,16,0,0
3,0.05,1237,16,0,0
3,0.05,1238,16,0,0
3,0.05,1239,16,0,0
3,0.05,1240,16,0,0
3,0.05,1241,16,0,0
3,0.05,1242,16,0,0
3,0.05,1243,16,0,0
3,0.05,1244,16,0,0
3,0.05,1245,16,0,0
3,0.05,1246,17,1,0
3,0.05,1247,16,0,1
3,0.05,1248,17,1,0
3,0.05,1249,17,0,0
3,0.05,1250,17,0,0
3,0.05,1251,17,0,0
3,0.05,1252,16,0,1
3,0.05,1253,16,0,0
3,0.05,1254,17,1,0
3,0.05,1255,17,0,0
3,0.05,1256,16,0,1
3,0.05,1257,17,1,0
3,0.05,1258,16,0,1
3,0.05,1259,17,1,0
3,0.05,1260,16,0,1
3,0.05,1261,16,0,0
3,0.05,1262,17,1,0
3,0.05,1263,16,0,1
3,0.05,1264,17,1,0
3,0.05,1265,17,0,0
3,0.05,1266,17,0,0
3,0.05,1267,17,0,0
3,0.05,1268,16,0,1
3,0.05,1269,16,0,0
3,0.05,1270,16,0,0
3,0.05,1271,17,1,0
3,0.05,1272,17,0,0
3,0.05,1273,17,0,0
3,0.05,1274,17,0,0
3,0.05,1275,17,0,0
3,0.05,1276,16,0,1
3,0.05,1277,17,1,0
3,0.05,1278,17,0,0
3,0.05,1279,16,0,1
3,0.05,1280,16,0,0
3,0.05,1281,16,0,0
3,0.05,1282,16,0,0
3,0.05,1283,17,1,0
3,0.05,1284,17,0,0
3,0.05,1285,17,0,0
3,0.05,1286,17,0,0
3,0.05,1287,17,0,0
3,0.05,1288,17,0,0
3,0.05,1289,17,0,0
3,0.05,1290,17,0,0
3,0.05,1291,17,0,0
3,0.05,1292,17,0,0
3,0.05,1293,17,0,0
3,0.05,1294,17,0,0
3,0.05,1295,17,0,0
3,0.05,1296,17,0,0
3,0.05,1297,17,0,0
3,0.05,1298,17,0,0
3,0.05,1299,17,0,0
3,0.05,1300,17,0,0
3,0.05,1301,17,0,0
3,0.05,1302,16,0,1
3,0.05,1303,17,1,0
3,0.05,1304,17,0,0
3,0.05,1305,17,0,0
3,0.05,1306,17,0,0
3,0.05,1307,17,0,0
3,0.05,1308,17,0,0
3,0.05,1309,17,0,0
3,0.05,1310,17,0,0
3,0.05,1311,17,0,0
3,0.05,1312,17,0,0
3,0.05,1313,17,0,0
3,0.05,1314,17,0,0
3,0.05,1315,17,0,0
3,0.05,1316,17,0,0
3,0.05,1317,17,0,0
3,0.05,1318,16,0,1
3,0.05,1319,17,1,0
3,0.05,1320,16,0,1
3,0.05,1321,17,1,0
3,0.05,1322,17,0,0
3,0.05,1323,17,0,0
3,0.05,1324,17,0,0
3,0.05,1325,17,0,0
3,0.05,1326,17,0,0
3,0.05,1327,17,0,0
3,0.05,1328,17,0,0
3,0.05,1329,17,0,0
3,0.05,1330,17,0,0
3,0.05,1331,17,0,0
3,0.05,1332,17,0,0
3,0.05,1333,17,0,0
3,0.05,1334,17,0,0
3,0.05,1335,17,0,0
3,0.05,1336,17,0,0
3,0.05,1337,17,0,0
3,0.05,1338,17,0,0
3,0.05,1339,17,0,0
3,0.05,1340,17,0,0
3,0.05,1341,17,0,0
3,0.05,1342,17,0,0
3,0.05,1343,17,0,0
3,0.05,1344,17,0,0
3,0.05,1345,17,0,0
3,0.05,1346,17,0,0
3,0.05,1347,17,0,0
3,0.05,1348,17,0,0
3,0.05,1349,17,0,0
3,0.05,1350,17,0,0
3,0.05,1351,17,0,0
3,0.05,1352,17,0,0
3,0.05,1353,16,0,1
3,0.05,1354,17,1,0
3,0.05,1355,17,0,0
3,0.05,1356,17,0,0
3,0.05,1357,17,0,0
3,0.05,1358,17,0,0
3,0.05,1359,18,1,0
3,0.05,1360,17,0,1
3,0.05,1361,17,0,0
3,0.05,1362,18,1,0
3,0.05,1363,17,0,1
3,0.05,1364,17,0,0
3,0.05,1365,17,0,0
3,0.05,1366,17,0,0
3,0.05,1367,17,0,0
3,0.05,1368,18,1,0
3,0.05,1369,17,0,1
3,0.05,1370,17,0,0
3,0.05,1371,17,0,0
3,0.05,1372,17,0,0
3,0.05,1373,17,0,0
3,0.05,1374,17,0,0
3,0.05,1375,17,0,0
3,0.05,1376,17,0,0
3,0.05,1377,18,1,0
3,0.05,1378,17,0,1
3,0.05,1379,17,0,0
3,0.05,1380,17,0,0
3,0.05,1381,17,0,0
3,0.05,1382,17,0,0
3,0.05,1383,17,0,0
3,0.05,1384,17,0,0
3,0.05,1385,17,0,0
3,0.05,1386,18,1,0
3,0.05,1387,17,0,1
3,0.05,1388,17,0,0
3,0.05,1389,17,0,0
3,0.05,1390,17,0,0
3,0.05,1391,17,0,0
3,0.05,1392,17,0,0
3,0.05,1393,17,0,0
3,0.05,1394,17,0,0
3,0.05,1395,17,0,0
3,0.05,1396,17,0,0
3,0.05,1397,17,0,0
3,0.05,1398,17,0,0
3,0.05,1399,17,0,0
3,0.05,1400,17,0,0
3,0.05,1401,17,0,0
3,0.05,1402,17,0,0
3,0.05,1403,17,0,0
3,0.05,1404,17,0,0
3,0.05,1405,17,0,0
3,0.05,1406,17,0,0
3,0.05,1407,17,0,0
3,0.05,1408,17,0,0
3,0.05,1409,17,0,0
3,0.05,1410,17,0,0
3,0.05,1411,17,0,0
3,0.05,1412,17,0,0
3,0.05,1413,17,0,0
3,0.05,1414,17,0,0
3,0.05,1415,17,0,0
3,0.05,1416,17,0,0
3,0.05,1417,17,0,0
3,0.05,1418,17,0,0
3,0.05,1419,17,0,0
3,0.05,1420,18,1,0
3,0.05,1421,18,0,0
3,0.05,1422,17,0,1
3,0.05,1423,17,0,0
3,0.05,1424,17,0,0
3,0.05,1425,17,0,0
3,0.05,1426,17,0,0
3,0.05,1427,17,0,0
3,0.05,1428,17,0,0
3,0.05,1429,17,0,0
3,0.05,1430,17,0,0
3,0.05,1431,16,0,1
3,0.05,1432,17,1,0
3,0.05,1433,17,0,0
3,0.05,1434,17,0,0
3,0.05,1435,17,0,0
3,0.05,1436,17,0,0
3,0.05,1437,17,0,0
3,0.05,1438,18,1,0
3,0.05,1439,18,0,0
3,0.05,1440,18,0,0
3,0.05,1441,17,0,1
3,0.05,1442,18,1,0
3,0.05,1443,18,1,1
3,0.05,1444,18,0,0
3,0.05,1445,18,0,0
3,0.05,1446,17,0,1
3,0.05,1447,17,0,0
3,0.05,1448,17,0,0
3,0.05,1449,17,0,0
3,0.05,1450,17,0,0
3,0.05,1451,17,0,0
3,0.05,1452,17,0,0
3,0.05,1453,18,1,0
3,0.05,1454,18,0,0
3,0.05,1455,17,0,1
3,0.05,1456,18,1,0
3,0.05,1457,17,0,1
3,0.05,1458,17,0,0
3,0.05,1459,17,0,0
3,0.05,1460,17,0,0
3,0.05,1461,17,0,0
3,0.05,1462,17,0,0
3,0.05,1463,17,0,0
3,0.05,1464,17,0,0
3,0.05,1465,17,0,0
3,0.05,1466,17,0,0
3,0.05,1467,17,0,0
3,0.05,1468,17,0,0
3,0.05,1469,17,0,0
3,0.05,1470,17,0,0
3,0.05,1471,17,0,0
3,0.05,1472,17,0,0
3,0.05,1473,17,0,0
3,0.05,1474,17,0,0
3,0.05,1475,17,0,0
3,0.05,1476,18,1,0
3,0.05,1477,17,0,1
3,0.05,1478,17,0,0
3,0.05,1479,17,0,0
3,0.05,1480,17,0,0
3,0.05,1481,18,1,0
3,0.05,1482,17,0,1
3,0.05,1483,17,0,0
3,0.05,1484,17,0,0
3,0.05,1485,18,1,0
3,0.05,1486,17,0,1
3,0.05,1487,17,0,0
3,0.05,1488,17,0,0
3,0.05,1489,17,0,0
3,0.05,1490,17,0,0
3,0.05,1491,17,0,0
3,0.05,1492,17,0,0
3,0.05,1493,17,0,0
3,0.05,1494,18,1,0
3,0.05,1495,17,0,1
3,0.05,1496,17,0,0
3,0.05,1497,17,0,0
3,0.05,1498,17,0,0
3,0.05,1499,17,0,0
3,0.05,1500,17,0,0
3,0.1,0,5,0,0
3,0.1,1,44,40,1
3,0.1,2,54,25,15
3,0.1,3,26,11,39
3,0.1,4,35,24,15
3,0.1,5,53,25,7
3,0.1,6,46,10,17
3,0.1,7,66,25,5
3,0.1,8,62,8,12
3,0.1,9,54,7,15
3,0.1,10,56,12,10
3,0.1,11,56,7,7
3,0.1,12,60,4,0
3,0.1,13,51,8,17
3,0.1,14,49,8,10
3,0.1,15,58,15,6
3,0.1,16,55,4,7
3,0.1,17,57,5,3
3,0.1,18,66,9,0
3,0.1,19,67,4,3
3,0.1,20,60,0,7
3,0.1,21,64,4,0
3,0.1,22,57,1,8
3,0.1,23,62,5,0
3,0.1,24,56,1,7
3,0.1,25,59,4,1
3,0.1,26,57,4,6
3,0.1,27,59,5,3
3,0.1,28,58,3,4
3,0.1,29,49,1,10
3,0.1,30,49,4,4
3,0.1,31,52,7,4
3,0.1,32,58,6,0
3,0.1,33,56,2,4
3,0.1,34,54,1,3
3,0.1,35,53,1,2
3,0.1,36,54,4,3
3,0.1,37,52,0,2
3,0.1,38,52,5,5
3,0.1,39,52,4,4
3,0.1,40,53,4,3
3,0.1,41,54,4,3
3,0.1,42,52,2,4
3,0.1,43,55,5,2
3,0.1,44,56,1,0
3,0.1,45,47,1,10
3,0.1,46,48,6,5
3,0.1,47,53,7,2
3,0.1,48,51,2,4
3,0.1,49,54,5,2
3,0.1,50,46,0,8
3,0.1,51,50,6,2
3,0.1,52,41,1,10
3,0.1,53,43,7,5
3,0.1,54,48,8,3
3,0.1,55,38,2,12
3,0.1,56,45,11,4
3,0.1,57,36,2,11
3,0.1,58,36,2,2
3,0.1,59,34,2,4
3,0.1,60,36,5,3
3,0.1,61,42,7,1
3,0.1,62,41,3,4
3,0.1,63,41,5,5
3,0.1,64,41,3,3
3,0.1,65,44,4,1
3,0.1,66,40,0,4
3,0.1,67,43,3,0
3,0.1,68,39,1,5
3,0.1,69,39,3,3
3,0.1,70,39,1,1
3,0.1,71,38,3,4
3,0.1,72,34,0,4
3,0.1,73,39,6,1
3,0.1,74,38,3,4
3,0.1,75,37,1,2
3,0.1,76,32,4,9
3,0.1,77,39,9,2
3,0.1,78,40,3,2
3,0.1,79,41,3,2
3,0.1,80,36,0,5
3,0.1,81,40,4,0
3,0.1,82,41,3,2
3,0.1,83,42,4,3
3,0.1,84,39,2,5
3,0.1,85,39,2,2
3,0.1,86,39,0,0
3,0.1,87,39,2,2
3,0.1,88,40,1,0
3,0.1,89,39,1,2
3,0.1,90,40,2,1
3,0.1,91,40,1,1
3,0.1,92,39,0,1
3,0.1,93,39,0,0
3,0.1,94,39,1,1
3,0.1,95,39,1,1
3,0.1,96,38,1,2
3,0.1,97,34,1,5
3,0.1,98,31,4,7
3,0.1,99,37,7,1
3,0.1,100,38,1,0
3,0.1,101,38,0,0
3,0.1,102,37,0,1
3,0.1,103,38,1,0
3,0.1,104,38,0,0
3,0.1,105,38,1,1
3,0.1,106,38,1,1
3,0.1,107,33,0,5
3,0.1,108,36,3,0
3,0.1,109,35,0,1
3,0.1,110,37,2,0
3,0.1,111,38,1,0
3,0.1,112,37,0,1
3,0.1,113,37,0,0
3,0.1,114,36,0,1
3,0.1,115,37,1,0
3,0.1,116,34,1,4
3,0.1,117,35,2,1
3,0.1,118,35,2,2
3,0.1,119,35,2,2
3,0.1,120,34,0,1
3,0.1,121,32,1,3
3,0.1,122,34,3,1
3,0.1,123,30,0,4
3,0.1,124,31,3,2
3,0.1,125,35,5,1
3,0.1,126,32,0,3
3,0.1,127,31,1,2
3,0.1,128,34,3,0
3,0.1,129,36,2,0
3,0.1,130,35,1,2
3,0.1,131,32,0,3
3,0.1,132,33,2,1
3,0.1,133,34,2,1
3,0.1,134,33,1,2
3,0.1,135,33,1,1
3,0.1,136,34,1,0
3,0.1,137,35,2,1
3,0.1,138,33,1,3
3,0.1,139,34,2,1
3,0.1,140,34,1,1
3,0.1,141,32,0,2
3,0.1,142,33,2,1
3,0.1,143,32,2,3
3,0.1,144,30,0,2
3,0.1,145,23,0,7
3,0.1,146,26,3,0
3,0.1,147,30,5,1
3,0.1,148,28,1,3
3,0.1,149,30,3,1
3,0.1,150,26,0,4
3,0.1,151,31,5,0
3,0.1,152,32,1,0
3,0.1,153,32,0,0
3,0.1,154,31,0,1
3,0.1,155,30,0,1
3,0.1,156,30,1,1
3,0.1,157,27,0,3
3,0.1,158,29,3,1
3,0.1,159,25,1,5
3,0.1,160,28,3,0
3,0.1,161,25,1,4
3,0.1,162,25,1,1
3,0.1,163,29,4,0
3,0.1,164,25,0,4
3,0.1,165,26,3,2
3,0.1,166,25,2,3
3,0.1,167,23,0,2
3,0.1,168,28,5,0
3,0.1,169,26,1,3
3,0.1,170,27,2,1
3,0.1,171,28,1,0
3,0.1,172,28,2,2
3,0.1,173,25,0,3
3,0.1,174,25,1,1
3,0.1,175,28,4,1
3,0.1,176,26,1,3
3,0.1,177,26,0,0
3,0.1,178,28,2,0
3,0.1,179,26,1,3
3,0.1,180,26,1,1
3,0.1,181,25,0,1
3,0.1,182,24,0,1
3,0.1,183,25,1,0
3,0.1,184,26,1,0
3,0.1,185,25,0,1
3,0.1,186,23,0,2
3,0.1,187,25,2,0
3,0.1,188,23,0,2
3,0.1,189,24,1,0
3,0.1,190,26,2,0
3,0.1,191,22,0,4
3,0.1,192,23,1,0
3,0.1,193,24,1,0
3,0.1,194,22,1,3
3,0.1,195,23,3,2
3,0.1,196,23,2,2
3,0.1,197,24,2,1
3,0.1,198,22,0,2
3,0.1,199,23,2,1
3,0.1,200,23,1,1
3,0.1,201,25,3,1
3,0.1,202,23,2,4
3,0.1,203,24,2,1
3,0.1,204,24,0,0
3,0.1,205,24,0,0
3,0.1,206,24,0,0
3,0.1,207,24,0,0
3,0.1,208,24,0,0
3,0.1,209,24,0,0
3,0.1,210,23,0,1
3,0.1,211,25,2,0
3,0.1,212,24,0,1
3,0.1,213,24,0,0
3,0.1,214,24,0,0
3,0.1,215,25,1,0
3,0.1,216,24,0,1
3,0.1,217,26,2,0
3,0.1,218,24,0,2
3,0.1,219,23,0,1
3,0.1,220,23,0,0
3,0.1,221,23,0,0
3,0.1,222,23,0,0
3,0.1,223,24,1,0
3,0.1,224,23,0,1
3,0.1,225,20,0,3
3,0.1,226,22,2,0
3,0.1,227,24,2,0
3,0.1,228,23,1,2
3,0.1,229,24,2,1
3,0.1,230,23,0,1
3,0.1,231,23,0,0
3,0.1,232,22,0,1
3,0.1,233,23,1,0
3,0.1,234,22,0,1
3,0.1,235,23,1,0
3,0.1,236,23,0,0
3,0.1,237,22,1,2
3,0.1,238,11,1,12
3,0.1,239,10,1,2
3,0.1,240,22,12,0
3,0.1,241,23,1,0
3,0.1,242,20,0,3
3,0.1,243,13,0,7
3,0.1,244,21,8,0
3,0.1,245,19,1,3
3,0.1,246,21,3,1
3,0.1,247,20,1,2
3,0.1,248,19,0,1
3,0.1,249,20,1,0
3,0.1,250,19,1,2
3,0.1,251,19,1,1
3,0.1,252,21,2,0
3,0.1,253,21,0,0
3,0.1,254,21,0,0
3,0.1,255,21,0,0
3,0.1,256,20,0,1
3,0.1,257,21,1,0
3,0.1,258,18,0,3
3,0.1,259,18,0,0
3,0.1,260,20,2,0
3,0.1,261,20,0,0
3,0.1,262,20,0,0
3,0.1,263,20,0,0
3,0.1,264,21,1,0
3,0.1,265,21,0,0
3,0.1,266,20,0,1
3,0.1,267,21,1,0
3,0.1,268,20,0,1
3,0.1,269,18,0,2
3,0.1,270,19,1,0
3,0.1,271,20,2,1
3,0.1,272,20,0,0
3,0.1,273,21,1,0
3,0.1,274,20,0,1
3,0.1,275,20,0,0
3,0.1,276,20,0,0
3,0.1,277,20,0,0
3,0.1,278,20,0,0
3,0.1,279,20,0,0
3,0.1,280,20,0,0
3,0.1,281,20,0,0
3,0.1,282,20,0,0
3,0.1,283,20,0,0
3,0.1,284,20,0,0
3,0.1,285,20,0,0
3,0.1,286,20,0,0
3,0.1,287,20,0,0
3,0.1,288,20,0,0
3,0.1,289,20,0,0
3,0.1,290,20,0,0
3,0.1,291,20,0,0
3,0.1,292,20,0,0
3,0.1,293,20,0,0
3,0.1,294,20,0,0
3,0.1,295,20,0,0
3,0.1,296,20,0,0
3,0.1,297,20,0,0
3,0.1,298,20,0,0
3,0.1,299,20,0,0
3,0.1,300,20,0,0
3,0.1,301,20,0,0
3,0.1,302,20,0,0
3,0.1,303,20,0,0
3,0.1,304,20,0,0
3,0.1,305,20,0,0
3,0.1,306,20,0,0
3,0.1,307,20,0,0
3,0.1,308,20,0,0
3,0.1,309,20,0,0
3,0.1,310,20,0,0
3,0.1,311,20,0,0
3,0.1,312,20,0,0
3,0.1,313,20,0,0
3,0.1,314,20,0,0
3,0.1,315,20,0,0
3,0.1,316,20,0,0
3,0.1,317,20,0,0
3,0.1,318,20,0,0
3,0.1,319,20,0,0
3,0.1,320,20,0,0
3,0.1,321,20,0,0
3,0.1,322,20,0,0
3,0.1,323,20,0,0
3,0.1,324,20,0,0
3,0.1,325,20,0,0
3,0.1,326,20,0,0
3,0.1,327,20,0,0
3,0.1,328,20,0,0
3,0.1,329,20,0,0
3,0.1,330,20,0,0
3,0.1,331,20,0,0
3,0.1,332,20,0,0
3,0.1,333,20,0,0
3,0.1,334,20,0,0
3,0.1,335,20,0,0
3,0.1,336,20,0,0
3,0.1,337,20,0,0
3,0.1,338,20,0,0
3,0.1,339,20,0,0
3,0.1,340,20,0,0
3,0.1,341,19,0,1
3,0.1,342,20,1,0
3,0.1,343,20,0,0
3,0.1,344,20,0,0
3,0.1,345,20,0,0
3,0.1,346,20,0,0
3,0.1,347,20,0,0
3,0.1,348,20,0,0
3,0.1,349,20,0,0
3,0.1,350,20,0,0
3,0.1,351,20,0,0
3,0.1,352,20,0,0
3,0.1,353,20,0,0
3,0.1,354,19,0,1
3,0.1,355,19,0,0
3,0.1,356,19,0,0
3,0.1,357,19,0,0
3,0.1,358,19,0,0
3,0.1,359,20,1,0
3,0.1,360,20,0,0
3,0.1,361,20,0,0
3,0.1,362,19,0,1
3,0.1,363,19,0,0
3,0.1,364,20,1,0
3,0.1,365,20,0,0
3,0.1,366,18,0,2
3,0.1,367,17,0,1
3,0.1,368,20,3,0
3,0.1,369,18,0,2
3,0.1,370,18,0,0
3,0.1,371,18,0,0
3,0.1,372,18,0,0
3,0.1,373,18,0,0
3,0.1,374,19,1,0
3,0.1,375,19,0,0
3,0.1,376,18,0,1
3,0.1,377,19,1,0
3,0.1,378,19,0,0
3,0.1,379,19,0,0
3,0.1,380,19,0,0
3,0.1,381,18,0,1
3,0.1,382,18,0,0
3,0.1,383,18,0,0
3,0.1,384,18,0,0
3,0.1,385,17,0,1
3,0.1,386,18,1,0
3,0.1,387,15,0,3
3,0.1,388,16,1,0
3,0.1,389,17,2,1
3,0.1,390,17,1,1
3,0.1,391,17,0,0
3,0.1,392,17,1,1
3,0.1,393,14,0,3
3,0.1,394,15,1,0
3,0.1,395,16,1,0
3,0.1,396,16,1,1
3,0.1,397,16,1,1
3,0.1,398,17,1,0
3,0.1,399,16,0,1
3,0.1,400,16,0,0
3,0.1,401,17,1,0
3,0.1,402,17,0,0
3,0.1,403,17,0,0
3,0.1,404,17,1,1
3,0.1,405,16,0,1
3,0.1,406,17,1,0
3,0.1,407,17,1,1
3,0.1,408,16,0,1
3,0.1,409,16,0,0
3,0.1,410,16,0,0
3,0.1,411,16,0,0
3,0.1,412,16,0,0
3,0.1,413,16,0,0
3,0.1,414,17,1,0
3,0.1,415,17,0,0
3,0.1,416,17,0,0
3,0.1,417,17,0,0
3,0.1,418,16,0,1
3,0.1,419,16,0,0
3,0.1,420,16,0,0
3,0.1,421,16,0,0
3,0.1,422,16,0,0
3,0.1,423,16,0,0
3,0.1,424,16,0,0
3,0.1,425,16,0,0
3,0.1,426,16,0,0
3,0.1,427,16,0,0
3,0.1,428,16,0,0
3,0.1,429,16,0,0
3,0.1,430,16,0,0
3,0.1,431,16,0,0
3,0.1,432,16,0,0
3,0.1,433,16,0,0
3,0.1,434,16,0,0
3,0.1,435,16,0,0
3,0.1,436,16,0,0
3,0.1,437,16,0,0
3,0.1,438,16,0,0
3,0.1,439,16,0,0
3,0.1,440,16,0,0
3,0.1,441,16,0,0
3,0.1,442,16,0,0
3,0.1,443,16,0,0
3,0.1,444,17,1,0
3,0.1,445,16,0,1
3,0.1,446,16,0,0
3,0.1,447,16,0,0
3,0.1,448,16,0,0
3,0.1,449,16,0,0
3,0.1,450,16,0,0
3,0.1,451,16,0,0
3,0.1,452,16,0,0
3,0.1,453,16,0,0
3,0.1,454,16,0,0
3,0.1,455,17,1,0
3,0.1,456,16,0,1
3,0.1,457,16,0,0
3,0.1,458,16,0,0
3,0.1,459,16,0,0
3,0.1,460,16,0,0
3,0.1,461,16,0,0
3,0.1,462,16,0,0
3,0.1,463,16,0,0
3,0.1,464,16,0,0
3,0.1,465,16,0,0
3,0.1,466,16,0,0
3,0.1,467,17,1,0
3,0.1,468,16,0,1
3,0.1,469,16,0,0
3,0.1,470,16,0,0
3,0.1,471,16,0,0
3,0.1,472,16,0,0
3,0.1,473,16,0,0
3,0.1,474,16,0,0
3,0.1,475,16,0,0
3,0.1,476,16,0,0
3,0.1,477,16,0,0
3,0.1,478,16,0,0
3,0.1,479,16,0,0
3,0.1,480,16,0,0
3,0.1,481,16,0,0
3,0.1,482,16,0,0
3,0.1,483,16,0,0
3,0.1,484,16,0,0
3,0.1,485,17,1,0
3,0.1,486,16,0,1
3,0.1,487,16,0,0
3,0.1,488,16,0,0
3,0.1,489,16,0,0
3,0.1,490,16,0,0
3,0.1,491,16,0,0
3,0.1,492,16,0,0
3,0.1,493,16,0,0
3,0.1,494,16,0,0
3,0.1,495,16,0,0
3,0.1,496,16,0,0
3,0.1,497,16,0,0
3,0.1,498,16,0,0
3,0.1,499,16,0,0
3,0.1,500,16,0,0
3,0.1,501,16,0,0
3,0.1,502,16,0,0
3,0.1,503,17,1,0
3,0.1,504,16,0,1
3,0.1,505,17,1,0
3,0.1,506,16,0,1
3,0.1,507,16,0,0
3,0.1,508,16,0,0
3,0.1,509,16,0,0
3,0.1,510,16,0,0
3,0.1,511,16,0,0
3,0.1,512,16,0,0
3,0.1,513,16,0,0
3,0.1,514,17,1,0
3,0.1,515,16,0,1
3,0.1,516,16,0,0
3,0.1,517,16,0,0
3,0.1,518,17,1,0
3,0.1,519,16,0,1
3,0.1,520,16,2,2
3,0.1,521,15,1,2
3,0.1,522,16,1,0
3,0.1,523,16,0,0
3,0.1,524,16,0,0
3,0.1,525,14,0,2
3,0.1,526,15,1,0
3,0.1,527,14,0,1
3,0.1,528,15,1,0
3,0.1,529,14,0,1
3,0.1,530,15,2,1
3,0.1,531,13,0,2
3,0.1,532,14,1,0
3,0.1,533,14,0,0
3,0.1,534,14,0,0
3,0.1,535,15,1,0
3,0.1,536,15,0,0
3,0.1,537,16,1,0
3,0.1,538,14,0,2
3,0.1,539,15,1,0
3,0.1,540,15,0,0
3,0.1,541,15,0,0
3,0.1,542,16,1,0
3,0.1,543,16,0,0
3,0.1,544,15,0,1
3,0.1,545,16,1,0
3,0.1,546,17,1,0
3,0.1,547,15,0,2
3,0.1,548,15,0,0
3,0.1,549,16,1,0
3,0.1,550,15,0,1
3,0.1,551,17,2,0
3,0.1,552,16,0,1
3,0.1,553,16,0,0
3,0.1,554,17,1,0
3,0.1,555,16,0,1
3,0.1,556,16,0,0
3,0.1,557,16,0,0
3,0.1,558,16,0,0
3,0.1,559,17,1,0
3,0.1,560,17,0,0
3,0.1,561,17,0,0
3,0.1,562,17,0,0
3,0.1,563,16,0,1
3,0.1,564,15,0,1
3,0.1,565,17,2,0
3,0.1,566,16,0,1
3,0.1,567,15,0,1
3,0.1,568,16,1,0
3,0.1,569,15,0,1
3,0.1,570,16,1,0
3,0.1,571,16,0,0
3,0.1,572,15,0,1
3,0.1,573,15,0,0
3,0.1,574,15,0,0
3,0.1,575,15,0,0
3,0.1,576,15,0,0
3,0.1,577,15,0,0
3,0.1,578,16,1,0
3,0.1,579,16,0,0
3,0.1,580,16,0,0
3,0.1,581,16,0,0
3,0.1,582,16,0,0
3,0.1,583,16,0,0
3,0.1,584,16,0,0
3,0.1,585,16,0,0
3,0.1,586,16,0,0
3,0.1,587,16,0,0
3,0.1,588,16,0,0
3,0.1,589,16,0,0
3,0.1,590,16,0,0
3,0.1,591,16,0,0
3,0.1,592,16,0,0
3,0.1,593,16,0,0
3,0.1,594,15,0,1
3,0.1,595,16,1,0
3,0.1,596,16,0,0
3,0.1,597,16,0,0
3,0.1,598,15,0,1
3,0.1,599,16,1,0
3,0.1,600,16,0,0
3,0.1,601,16,0,0
3,0.1,602,17,1,0
3,0.1,603,15,0,2
3,0.1,604,16,1,0
3,0.1,605,16,0,0
3,0.1,606,16,0,0
3,0.1,607,16,0,0
3,0.1,608,16,0,0
3,0.1,609,16,0,0
3,0.1,610,16,0,0
3,0.1,611,16,0,0
3,0.1,612,16,0,0
3,0.1,613,16,0,0
3,0.1,614,16,0,0
3,0.1,615,16,0,0
3,0.1,616,15,0,1
3,0.1,617,16,1,0
3,0.1,618,16,0,0
3,0.1,619,16,0,0
3,0.1,620,16,0,0
3,0.1,621,16,0,0
3,0.1,622,16,0,0
3,0.1,623,16,0,0
3,0.1,624,16,0,0
3,0.1,625,16,0,0
3,0.1,626,16,0,0
3,0.1,627,16,0,0
3,0.1,628,16,0,0
3,0.1,629,16,0,0
3,0.1,630,16,0,0
3,0.1,631,16,0,0
3,0.1,632,16,0,0
3,0.1,633,16,0,0
3,0.1,634,15,0,1
3,0.1,635,16,1,0
3,0.1,636,16,0,0
3,0.1,637,16,0,0
3,0.1,638,16,0,0
3,0.1,639,16,0,0
3,0.1,640,16,0,0
3,0.1,641,16,0,0
3,0.1,642,15,0,1
3,0.1,643,16,1,0
3,0.1,644,16,0,0
3,0.1,645,15,0,1
3,0.1,646,16,1,0
3,0.1,647,16,0,0
3,0.1,648,15,0,1
3,0.1,649,16,1,0
3,0.1,650,16,0,0
3,0.1,651,16,0,0
3,0.1,652,16,0,0
3,0.1,653,16,0,0
3,0.1,654,16,0,0
3,0.1,655,16,0,0
3,0.1,656,16,0,0
3,0.1,657,16,0,0
3,0.1,658,16,0,0
3,0.1,659,16,0,0
3,0.1,660,16,0,0
3,0.1,661,16,0,0
3,0.1,662,16,0,0
3,0.1,663,16,0,0
3,0.1,664,16,0,0
3,0.1,665,16,0,0
3,0.1,666,16,0,0
3,0.1,667,16,0,0
3,0.1,668,16,0,0
3,0.1,669,17,1,0
3,0.1,670,16,0,1
3,0.1,671,16,0,0
3,0.1,672,16,0,0
3,0.1,673,16,0,0
3,0.1,674,16,0,0
3,0.1,675,16,0,0
3,0.1,676,17,1,0
3,0.1,677,16,0,1
3,0.1,678,17,1,0
3,0.1,679,16,0,1
3,0.1,680,16,0,0
3,0.1,681,16,0,0
3,0.1,682,16,0,0
3,0.1,683,16,0,0
3,0.1,684,16,0,0
3,0.1,685,16,0,0
3,0.1,686,16,0,0
3,0.1,687,16,0,0
3,0.1,688,16,0,0
3,0.1,689,16,0,0
3,0.1,690,16,0,0
3,0.1,691,16,0,0
3,0.1,692,16,0,0
3,0.1,693,16,0,0
3,0.1,694,16,0,0
3,0.1,695,16,0,0
3,0.1,696,16,0,0
3,0.1,697,16,0,0
3,0.1,698,16,0,0
3,0.1,699,16,0,0
3,0.1,700,16,0,0
3,0.1,701,16,0,0
3,0.1,702,16,0,0
3,0.1,703,16,0,0
3,0.1,704,16,0,0
3,0.1,705,17,1,0
3,0.1,706,16,0,1
3,0.1,707,17,1,0
3,0.1,708,16,0,1
3,0.1,709,17,1,0
3,0.1,710,17,1,1
3,0.1,711,16,0,1
3,0.1,712,16,0,0
3,0.1,713,16,0,0
3,0.1,714,16,0,0
3,0.1,715,16,0,0
3,0.1,716,16,0,0
3,0.1,717,16,0,0
3,0.1,718,16,0,0
3,0.1,719,16,0,0
3,0.1,720,16,0,0
3,0.1,721,16,0,0
3,0.1,722,17,1,0
3,0.1,723,17,1,1
3,0.1,724,16,0,1
3,0.1,725,16,0,0
3,0.1,726,16,0,0
3,0.1,727,16,0,0
3,0.1,728,16,0,0
3,0.1,729,16,0,0
3,0.1,730,16,0,0
3,0.1,731,16,0,0
3,0.1,732,16,0,0
3,0.1,733,16,0,0
3,0.1,734,17,1,0
3,0.1,735,16,0,1
3,0.1,736,17,1,0
3,0.1,737,16,0,1
3,0.1,738,17,1,0
3,0.1,739,16,0,1
3,0.1,740,17,1,0
3,0.1,741,16,0,1
3,0.1,742,16,0,0
3,0.1,743,16,0,0
3,0.1,744,16,0,0
3,0.1,745,16,0,0
3,0.1,746,16,0,0
3,0.1,747,16,0,0
3,0.1,748,16,0,0
3,0.1,749,16,0,0
3,0.1,750,16,0,0
3,0.1,751,16,0,0
3,0.1,752,16,0,0
3,0.1,753,16,0,0
3,0.1,754,16,0,0
3,0.1,755,16,0,0
3,0.1,756,16,0,0
3,0.1,757,16,0,0
3,0.1,758,17,1,0
3,0.1,759,17,0,0
3,0.1,760,18,1,0
3,0.1,761,18,1,1
3,0.1,762,16,0,2
3,0.1,763,17,1,0
3,0.1,764,18,1,0
3,0.1,765,16,0,2
3,0.1,766,16,0,0
3,0.1,767,16,0,0
3,0.1,768,16,0,0
3,0.1,769,17,1,0
3,0.1,770,18,1,0
3,0.1,771,17,0,1
3,0.1,772,16,0,1
3,0.1,773,16,0,0
3,0.1,774,17,1,0
3,0.1,775,16,0,1
3,0.1,776,17,1,0
3,0.1,777,16,0,1
3,0.1,778,17,1,0
3,0.1,779,18,1,0
3,0.1,780,16,0,2
3,0.1,781,18,2,0
3,0.1,782,17,0,1
3,0.1,783,18,1,0
3,0.1,784,16,0,2
3,0.1,785,18,2,0
3,0.1,786,18,0,0
3,0.1,787,18,0,0
3,0.1,788,17,0,1
3,0.1,789,17,0,0
3,0.1,790,16,0,1
3,0.1,791,16,0,0
3,0.1,792,17,1,0
3,0.1,793,16,0,1
3,0.1,794,16,0,0
3,0.1,795,17,1,0
3,0.1,796,16,0,1
3,0.1,797,16,0,0
3,0.1,798,17,1,0
3,0.1,799,17,1,1
3,0.1,800,16,0,1
3,0.1,801,16,0,0
3,0.1,802,16,0,0
3,0.1,803,17,1,0
3,0.1,804,17,0,0
3,0.1,805,17,0,0
3,0.1,806,17,0,0
3,0.1,807,18,1,0
3,0.1,808,16,0,2
3,0.1,809,16,0,0
3,0.1,810,16,0,0
3,0.1,811,17,1,0
3,0.1,812,16,0,1
3,0.1,813,16,0,0
3,0.1,814,16,0,0
3,0.1,815,17,1,0
3,0.1,816,17,0,0
3,0.1,817,17,1,1
3,0.1,818,17,0,0
3,0.1,819,16,0,1
3,0.1,820,18,2,0
3,0.1,821,17,0,1
3,0.1,822,16,0,1
3,0.1,823,16,0,0
3,0.1,824,16,0,0
3,0.1,825,17,1,0
3,0.1,826,16,0,1
3,0.1,827,17,1,0
3,0.1,828,17,0,0
3,0.1,829,16,0,1
3,0.1,830,16,0,0
3,0.1,831,16,0,0
3,0.1,832,17,1,0
3,0.1,833,16,0,1
3,0.1,834,16,0,0
3,0.1,835,16,0,0
3,0.1,836,16,0,0
3,0.1,837,17,1,0
3,0.1,838,17,0,0
3,0.1,839,17,0,0
3,0.1,840,17,0,0
3,0.1,841,17,0,0
3,0.1,842,17,0,0
3,0.1,843,16,0,1
3,0.1,844,16,0,0
3,0.1,845,16,0,0
3,0.1,846,17,1,0
3,0.1,847,17,0,0
3,0.1,848,16,0,1
3,0.1,849,17,1,0
3,0.1,850,16,0,1
3,0.1,851,17,1,0
3,0.1,852,17,0,0
3,0.1,853,17,0,0
3,0.1,854,17,0,0
3,0.1,855,17,0,0
3,0.1,856,17,0,0
3,0.1,857,17,0,0
3,0.1,858,17,0,0
3,0.1,859,17,0,0
3,0.1,860,17,0,0
3,0.1,861,17,0,0
3,0.1,862,18,1,0
3,0.1,863,17,0,1
3,0.1,864,17,0,0
3,0.1,865,17,0,0
3,0.1,866,17,0,0
3,0.1,867,17,0,0
3,0.1,868,17,0,0
3,0.1,869,17,0,0
3,0.1,870,17,0,0
3,0.1,871,17,0,0
3,0.1,872,17,0,0
3,0.1,873,17,0,0
3,0.1,874,17,0,0
3,0.1,875,17,0,0
3,0.1,876,16,0,1
3,0.1,877,17,1,0
3,0.1,878,16,0,1
3,0.1,879,17,1,0
3,0.1,880,17,0,0
3,0.1,881,17,0,0
3,0.1,882,17,0,0
3,0.1,883,17,0,0
3,0.1,884,16,0,1
3,0.1,885,17,1,0
3,0.1,886,17,0,0
3,0.1,887,17,1,1
3,0.1,888,16,0,1
3,0.1,889,17,1,0
3,0.1,890,16,0,1
3,0.1,891,17,1,0
3,0.1,892,17,0,0
3,0.1,893,16,0,1
3,0.1,894,17,1,0
3,0.1,895,17,0,0
3,0.1,896,17,0,0
3,0.1,897,17,0,0
3,0.1,898,17,0,0
3,0.1,899,17,0,0
3,0.1,900,17,0,0
3,0.1,901,16,0,1
3,0.1,902,17,1,0
3,0.1,903,17,0,0
3,0.1,904,17,0,0
3,0.1,905,17,0,0
3,0.1,906,17,0,0
3,0.1,907,17,0,0
3,0.1,908,17,0,0
3,0.1,909,17,0,0
3,0.1,910,17,0,0
3,0.1,911,17,0,0
3,0.1,912,17,0,0
3,0.1,913,17,0,0
3,0.1,914,17,0,0
3,0.1,915,17,0,0
3,0.1,916,17,0,0
3,0.1,917,17,0,0
3,0.1,918,17,0,0
3,0.1,919,17,0,0
3,0.1,920,17,0,0
3,0.1,921,17,0,0
3,0.1,922,17,0,0
3,0.1,923,18,1,0
3,0.1,924,17,0,1
3,0.1,925,17,0,0
3,0.1,926,17,0,0
3,0.1,927,17,0,0
3,0.1,928,17,0,0
3,0.1,929,17,0,0
3,0.1,930,18,1,0
3,0.1,931,17,0,1
3,0.1,932,17,0,0
3,0.1,933,17,0,0
3,0.1,934,17,0,0
3,0.1,935,17,0,0
3,0.1,936,17,0,0
3,0.1,937,17,0,0
3,0.1,938,17,0,0
3,0.1,939,17,0,0
3,0.1,940,17,0,0
3,0.1,941,17,0,0
3,0.1,942,17,0,0
3,0.1,943,17,0,0
3,0.1,944,17,0,0
3,0.1,945,17,0,0
3,0.1,946,17,0,0
3,0.1,947,17,0,0
3,0.1,948,17,0,0
3,0.1,949,17,0,0
3,0.1,950,17,0,0
3,0.1,951,17,0,0
3,0.1,952,17,0,0
3,0.1,953,17,0,0
3,0.1,954,17,0,0
3,0.1,955,17,0,0
3,0.1,956,17,0,0
3,0.1,957,17,0,0
3,0.1,958,17,0,0
3,0.1,959,17,0,0
3,0.1,960,17,0,0
3,0.1,961,18,1,0
3,0.1,962,17,0,1
3,0.1,963,17,0,0
3,0.1,964,17,0,0
3,0.1,965,17,0,0
3,0.1,966,17,0,0
3,0.1,967,17,0,0
3,0.1,968,17,0,0
3,0.1,969,17,0,0
3,0.1,970,17,0,0
3,0.1,971,16,0,1
3,0.1,972,18,2,0
3,0.1,973,17,0,1
3,0.1,974,17,0,0
3,0.1,975,17,0,0
3,0.1,976,17,0,0
3,0.1,977,17,0,0
3,0.1,978,16,0,1
3,0.1,979,17,1,0
3,0.1,980,17,0,0
3,0.1,981,17,0,0
3,0.1,982,17,0,0
3,0.1,983,18,1,0
3,0.1,984,17,0,1
3,0.1,985,17,0,0
3,0.1,986,17,0,0
3,0.1,987,17,0,0
3,0.1,988,17,0,0
3,0.1,989,18,1,0
3,0.1,990,17,0,1
3,0.1,991,17,0,0
3,0.1,992,16,0,1
3,0.1,993,16,0,0
3,0.1,994,17,1,0
3,0.1,995,17,0,0
3,0.1,996,17,0,0
3,0.1,997,16,0,1
3,0.1,998,17,1,0
3,0.1,999,16,0,1
3,0.1,1000,16,0,0
3,0.1,1001,16,0,0
3,0.1,1002,16,0,0
3,0.1,1003,16,0,0
3,0.1,1004,16,0,0
3,0.1,1005,16,0,0
3,0.1,1006,16,0,0
3,0.1,1007,16,0,0
3,0.1,1008,16,0,0
3,0.1,1009,16,0,0
3,0.1,1010,16,0,0
3,0.1,1011,16,0,0
3,0.1,1012,16,0,0
3,0.1,1013,16,0,0
3,0.1,1014,16,0,0
3,0.1,1015,16,0,0
3,0.1,1016,16,0,0
3,0.1,1017,17,1,0
3,0.1,1018,16,0,1
3,0.1,1019,16,0,0
3,0.1,1020,17,1,0
3,0.1,1021,16,0,1
3,0.1,1022,16,0,0
3,0.1,1023,16,0,0
3,0.1,1024,17,1,0
3,0.1,1025,16,0,1
3,0.1,1026,16,0,0
3,0.1,1027,17,1,0
3,0.1,1028,16,0,1
3,0.1,1029,17,1,0
3,0.1,1030,17,0,0
3,0.1,1031,16,0,1
3,0.1,1032,16,0,0
3,0.1,1033,16,0,0
3,0.1,1034,16,0,0
3,0.1,1035,16,0,0
3,0.1,1036,16,0,0
3,0.1,1037,16,0,0
3,0.1,1038,16,0,0
3,0.1,1039,16,0,0
3,0.1,1040,18,2,0
3,0.1,1041,16,0,2
3,0.1,1042,16,0,0
3,0.1,1043,16,0,0
3,0.1,1044,16,0,0
3,0.1,1045,16,0,0
3,0.1,1046,16,0,0
3,0.1,1047,16,0,0
3,0.1,1048,16,0,0
3,0.1,1049,16,0,0
3,0.1,1050,17,1,0
3,0.1,1051,16,0,1
3,0.1,1052,16,0,0
3,0.1,1053,17,1,0
3,0.1,1054,16,0,1
3,0.1,1055,16,0,0
3,0.1,1056,16,0,0
3,0.1,1057,16,0,0
3,0.1,1058,16,0,0
3,0.1,1059,17,1,0
3,0.1,1060,16,0,1
3,0.1,1061,17,1,0
3,0.1,1062,17,0,0
3,0.1,1063,16,0,1
3,0.1,1064,16,0,0
3,0.1,1065,16,0,0
3,0.1,1066,17,1,0
3,0.1,1067,16,0,1
3,0.1,1068,16,0,0
3,0.1,1069,16,0,0
3,0.1,1070,16,0,0
3,0.1,1071,17,1,0
3,0.1,1072,16,0,1
3,0.1,1073,16,0,0
3,0.1,1074,16,0,0
3,0.1,1075,16,0,0
3,0.1,1076,16,0,0
3,0.1,1077,16,0,0
3,0.1,1078,16,0,0
3,0.1,1079,17,1,0
3,0.1,1080,18,1,0
3,0.1,1081,17,0,1
3,0.1,1082,16,0,1
3,0.1,1083,16,0,0
3,0.1,1084,16,0,0
3,0.1,1085,16,0,0
3,0.1,1086,17,1,0
3,0.1,1087,17,0,0
3,0.1,1088,16,0,1
3,0.1,1089,16,0,0
3,0.1,1090,16,0,0
3,0.1,1091,16,0,0
3,0.1,1092,16,0,0
3,0.1,1093,16,0,0
3,0.1,1094,16,0,0
3,0.1,1095,16,0,0
3,0.1,1096,16,0,0
3,0.1,1097,16,0,0
3,0.1,1098,16,0,0
3,0.1,1099,16,0,0
3,0.1,1100,16,0,0
3,0.1,1101,16,0,0
3,0.1,1102,16,0,0
3,0.1,1103,16,0,0
3,0.1,1104,16,0,0
3,0.1,1105,16,0,0
3,0.1,1106,16,0,0
3,0.1,1107,16,0,0
3,0.1,1108,16,0,0
3,0.1,1109,16,0,0
3,0.1,1110,16,0,0
3,0.1,1111,16,0,0
3,0.1,1112,16,0,0
3,0.1,1113,16,0,0
3,0.1,1114,16,0,0
3,0.1,1115,16,0,0
3,0.1,1116,16,0,0
3,0.1,1117,16,0,0
3,0.1,1118,16,0,0
3,0.1,1119,16,0,0
3,0.1,1120,16,0,0
3,0.1,1121,17,1,0
3,0.1,1122,16,0,1
3,0.1,1123,16,0,0
3,0.1,1124,17,1,0
3,0.1,1125,16,0,1
3,0.1,1126,16,0,0
3,0.1,1127,16,0,0
3,0.1,1128,17,1,0
3,0.1,1129,16,0,1
3,0.1,1130,18,2,0
3,0.1,1131,17,0,1
3,0.1,1132,17,0,0
3,0.1,1133,18,1,0
3,0.1,1134,17,0,1
3,0.1,1135,16,0,1
3,0.1,1136,18,2,0
3,0.1,1137,17,0,1
3,0.1,1138,17,0,0
3,0.1,1139,17,0,0
3,0.1,1140,17,0,0
3,0.1,1141,17,1,1
3,0.1,1142,16,0,1
3,0.1,1143,16,0,0
3,0.1,1144,16,0,0
3,0.1,1145,18,2,0
3,0.1,1146,17,0,1
3,0.1,1147,18,1,0
3,0.1,1148,16,0,2
3,0.1,1149,17,1,0
3,0.1,1150,17,0,0
3,0.1,1151,16,0,1
3,0.1,1152,16,0,0
3,0.1,1153,16,0,0
3,0.1,1154,17,1,0
3,0.1,1155,17,0,0
3,0.1,1156,16,0,1
3,0.1,1157,16,0,0
3,0.1,1158,17,1,0
3,0.1,1159,17,0,0
3,0.1,1160,16,0,1
3,0.1,1161,17,1,0
3,0.1,1162,17,0,0
3,0.1,1163,17,0,0
3,0.1,1164,18,1,0
3,0.1,1165,16,0,2
3,0.1,1166,16,0,0
3,0.1,1167,16,0,0
3,0.1,1168,16,0,0
3,0.1,1169,16,0,0
3,0.1,1170,16,0,0
3,0.1,1171,16,0,0
3,0.1,1172,16,0,0
3,0.1,1173,16,0,0
3,0.1,1174,16,0,0
3,0.1,1175,16,0,0
3,0.1,1176,16,0,0
3,0.1,1177,16,0,0
3,0.1,1178,16,0,0
3,0.1,1179,16,0,0
3,0.1,1180,16,0,0
3,0.1,1181,16,0,0
3,0.1,1182,16,0,0
3,0.1,1183,16,0,0
3,0.1,1184,16,0,0
3,0.1,1185,16,0,0
3,0.1,1186,16,0,0
3,0.1,1187,16,0,0
3,0.1,1188,16,0,0
3,0.1,1189,16,0,0
3,0.1,1190,16,0,0
3,0.1,1191,17,1,0
3,0.1,1192,16,0,1
3,0.1,1193,16,0,0
3,0.1,1194,16,0,0
3,0.1,1195,16,0,0
3,0.1,1196,16,0,0
3,0.1,1197,16,0,0
3,0.1,1198,16,0,0
3,0.1,1199,16,0,0
3,0.1,1200,16,0,0
3,0.1,1201,16,0,0
3,0.1,1202,16,0,0
3,0.1,1203,17,1,0
3,0.1,1204,16,0,1
3,0.1,1205,16,0,0
3,0.1,1206,16,0,0
3,0.1,1207,16,0,0
3,0.1,1208,16,0,0
3,0.1,1209,16,0,0
3,0.1,1210,16,0,0
3,0.1,1211,16,0,0
3,0.1,1212,16,0,0
3,0.1,1213,16,0,0
3,0.1,1214,16,0,0
3,0.1,1215,16,0,0
3,0.1,1216,16,0,0
3,0.1,1217,16,0,0
3,0.1,1218,16,0,0
3,0.1,1219,16,0,0
3,0.1,1220,16,0,0
3,0.1,1221,16,0,0
3,0.1,1222,16,0,0
3,0.1,1223,16,0,0
3,0.1,1224,16,0,0
3,0.1,1225,16,0,0
3,0.1,1226,17,1,0
3,0.1,1227,17,0,0
3,0.1,1228,16,0,1
3,0.1,1229,16,0,0
3,0.1,1230,16,0,0
3,0.1,1231,16,0,0
3,0.1,1232,16,0,0
3,0.1,1233,17,1,0
3,0.1,1234,16,0,1
3,0.1,1235,16,0,0
3,0.1,1236,17,1,0
3,0.1,1237,16,0,1
3,0.1,1238,16,0,0
3,0.1,1239,16,0,0
3,0.1,1240,16,0,0
3,0.1,1241,16,0,0
3,0.1,1242,16,0,0
3,0.1,1243,17,1,0
3,0.1,1244,16,0,1
3,0.1,1245,17,1,0
3,0.1,1246,17,0,0
3,0.1,1247,17,1,1
3,0.1,1248,17,1,1
3,0.1,1249,17,0,0
3,0.1,1250,17,0,0
3,0.1,1251,17,0,0
3,0.1,1252,16,0,1
3,0.1,1253,16,0,0
3,0.1,1254,17,1,0
3,0.1,1255,18,1,0
3,0.1,1256,17,0,1
3,0.1,1257,17,0,0
3,0.1,1258,17,0,0
3,0.1,1259,17,0,0
3,0.1,1260,16,0,1
3,0.1,1261,18,2,0
3,0.1,1262,17,0,1
3,0.1,1263,17,0,0
3,0.1,1264,17,0,0
3,0.1,1265,17,0,0
3,0.1,1266,17,0,0
3,0.1,1267,17,0,0
3,0.1,1268,16,0,1
3,0.1,1269,16,0,0
3,0.1,1270,16,0,0
3,0.1,1271,17,1,0
3,0.1,1272,17,0,0
3,0.1,1273,17,0,0
3,0.1,1274,17,0,0
3,0.1,1275,17,0,0
3,0.1,1276,17,0,0
3,0.1,1277,17,0,0
3,0.1,1278,17,0,0
3,0.1,1279,17,0,0
3,0.1,1280,17,0,0
3,0.1,1281,17,0,0
3,0.1,1282,17,0,0
3,0.1,1283,17,0,0
3,0.1,1284,17,0,0
3,0.1,1285,17,0,0
3,0.1,1286,17,0,0
3,0.1,1287,17,0,0
3,0.1,1288,17,0,0
3,0.1,1289,17,0,0
3,0.1,1290,18,1,0
3,0.1,1291,17,0,1
3,0.1,1292,17,0,0
3,0.1,1293,17,0,0
3,0.1,1294,17,0,0
3,0.1,1295,17,0,0
3,0.1,1296,17,0,0
3,0.1,1297,17,0,0
3,0.1,1298,17,0,0
3,0.1,1299,17,0,0
3,0.1,1300,18,1,0
3,0.1,1301,17,0,1
3,0.1,1302,17,0,0
3,0.1,1303,17,0,0
3,0.1,1304,17,0,0
3,0.1,1305,17,0,0
3,0.1,1306,17,0,0
3,0.1,1307,17,0,0
3,0.1,1308,17,0,0
3,0.1,1309,17,0,0
3,0.1,1310,17,0,0
3,0.1,1311,17,0,0
3,0.1,1312,17,0,0
3,0.1,1313,17,0,0
3,0.1,1314,17,0,0
3,0.1,1315,17,0,0
3,0.1,1316,17,0,0
3,0.1,1317,17,0,0
3,0.1,1318,17,0,0
3,0.1,1319,17,0,0
3,0.1,1320,17,0,0
3,0.1,1321,17,0,0
3,0.1,1322,17,0,0
3,0.1,1323,17,0,0
3,0.1,1324,17,0,0
3,0.1,1325,17,0,0
3,0.1,1326,17,0,0
3,0.1,1327,17,0,0
3,0.1,1328,17,0,0
3,0.1,1329,17,0,0
3,0.1,1330,17,0,0
3,0.1,1331,17,0,0
3,0.1,1332,17,0,0
3,0.1,1333,17,0,0
3,0.1,1334,17,0,0
3,0.1,1335,17,0,0
3,0.1,1336,17,0,0
3,0.1,1337,17,0,0
3,0.1,1338,17,0,0
3,0.1,1339,17,0,0
3,0.1,1340,17,0,0
3,0.1,1341,17,0,0
3,0.1,1342,17,0,0
3,0.1,1343,17,0,0
3,0.1,1344,17,0,0
3,0.1,1345,18,1,0
3,0.1,1346,18,0,0
3,0.1,1347,17,0,1
3,0.1,1348,17,0,0
3,0.1,1349,17,0,0
3,0.1,1350,17,0,0
3,0.1,1351,17,0,0
3,0.1,1352,17,0,0
3,0.1,1353,17,0,0
3,0.1,1354,17,0,0
3,0.1,1355,17,0,0
3,0.1,1356,17,0,0
3,0.1,1357,17,0,0
3,0.1,1358,17,0,0
3,0.1,1359,18,1,0
3,0.1,1360,17,0,1
3,0.1,1361,17,0,0
3,0.1,1362,18,1,0
3,0.1,1363,17,0,1
3,0.1,1364,17,0,0
3,0.1,1365,17,0,0
3,0.1,1366,17,0,0
3,0.1,1367,17,0,0
3,0.1,1368,18,1,0
3,0.1,1369,17,0,1
3,0.1,1370,17,0,0
3,0.1,1371,17,0,0
3,0.1,1372,18,1,0
3,0.1,1373,17,0,1
3,0.1,1374,17,0,0
3,0.1,1375,17,0,0
3,0.1,1376,17,0,0
3,0.1,1377,18,1,0
3,0.1,1378,17,0,1
3,0.1,1379,17,0,0
3,0.1,1380,17,0,0
3,0.1,1381,17,0,0
3,0.1,1382,17,0,0
3,0.1,1383,17,0,0
3,0.1,1384,17,0,0
3,0.1,1385,17,0,0
3,0.1,1386,18,1,0
3,0.1,1387,17,0,1
3,0.1,1388,17,0,0
3,0.1,1389,17,0,0
3,0.1,1390,17,0,0
3,0.1,1391,17,0,0
3,0.1,1392,17,0,0
3,0.1,1393,17,0,0
3,0.1,1394,17,0,0
3,0.1,1395,17,0,0
3,0.1,1396,17,0,0
3,0.1,1397,17,0,0
3,0.1,1398,18,1,0
3,0.1,1399,17,0,1
3,0.1,1400,17,0,0
3,0.1,1401,17,0,0
3,0.1,1402,17,0,0
3,0.1,1403,17,0,0
3,0.1,1404,17,0,0
3,0.1,1405,17,0,0
3,0.1,1406,17,0,0
3,0.1,1407,17,0,0
3,0.1,1408,17,0,0
3,0.1,1409,17,0,0
3,0.1,1410,17,0,0
3,0.1,1411,17,0,0
3,0.1,1412,17,0,0
3,0.1,1413,17,0,0
3,0.1,1414,17,0,0
3,0.1,1415,17,0,0
3,0.1,1416,17,0,0
3,0.1,1417,17,0,0
3,0.1,1418,17,0,0
3,0.1,1419,17,0,0
3,0.1,1420,18,1,0
3,0.1,1421,18,0,0
3,0.1,1422,17,0,1
3,0.1,1423,17,0,0
3,0.1,1424,17,0,0
3,0.1,1425,17,0,0
3,0.1,1426,17,0,0
3,0.1,1427,17,0,0
3,0.1,1428,17,0,0
3,0.1,1429,17,0,0
3,0.1,1430,17,0,0
3,0.1,1431,18,1,0
3,0.1,1432,17,0,1
3,0.1,1433,17,0,0
3,0.1,1434,18,1,0
3,0.1,1435,17,0,1
3,0.1,1436,17,0,0
3,0.1,1437,18,1,0
3,0.1,1438,19,1,0
3,0.1,1439,18,0,1
3,0.1,1440,18,0,0
3,0.1,1441,18,0,0
3,0.1,1442,18,1,1
3,0.1,1443,18,1,1
3,0.1,1444,18,0,0
3,0.1,1445,18,0,0
3,0.1,1446,17,0,1
3,0.1,1447,17,0,0
3,0.1,1448,17,0,0
3,0.1,1449,17,0,0
3,0.1,1450,17,0,0
3,0.1,1451,17,0,0
3,0.1,1452,18,1,0
3,0.1,1453,18,0,0
3,0.1,1454,18,0,0
3,0.1,1455,19,1,0
3,0.1,1456,18,0,1
3,0.1,1457,19,1,0
3,0.1,1458,17,0,2
3,0.1,1459,18,1,0
3,0.1,1460,17,0,1
3,0.1,1461,17,0,0
3,0.1,1462,17,0,0
3,0.1,1463,17,0,0
3,0.1,1464,17,0,0
3,0.1,1465,17,0,0
3,0.1,1466,17,0,0
3,0.1,1467,18,1,0
3,0.1,1468,17,0,1
3,0.1,1469,17,0,0
3,0.1,1470,17,0,0
3,0.1,1471,17,0,0
3,0.1,1472,18,1,0
3,0.1,1473,17,0,1
3,0.1,1474,17,0,0
3,0.1,1475,17,0,0
3,0.1,1476,18,1,0
3,0.1,1477,17,0,1
3,0.1,1478,18,1,0
3,0.1,1479,17,0,1
3,0.1,1480,17,0,0
3,0.1,1481,18,1,0
3,0.1,1482,18,0,0
3,0.1,1483,17,0,1
3,0.1,1484,17,0,0
3,0.1,1485,18,1,0
3,0.1,1486,17,0,1
3,0.1,1487,19,2,0
3,0.1,1488,17,0,2
3,0.1,1489,17,0,0
3,0.1,1490,17,0,0
3,0.1,1491,17,0,0
3,0.1,1492,17,0,0
3,0.1,1493,17,0,0
3,0.1,1494,18,1,0
3,0.1,1495,17,0,1
3,0.1,1496,17,0,0
3,0.1,1497,17,0,0
3,0.1,1498,17,0,0
3,0.1,1499,18,1,0
3,0.1,1500,17,0,1
3,0.2,0,11,0,0
3,0.2,1,65,58,4
3,0.2,2,74,15,6
3,0.2,3,60,9,23
3,0.2,4,57,14,17
3,0.2,5,66,18,9
3,0.2,6,64,11,13
3,0.2,7,74,15,5
3,0.2,8,71,3,6
3,0.2,9,72,3,2
3,0.2,10,69,3,6
3,0.2,11,67,5,7
3,0.2,12,72,9,4
3,0.2,13,65,1,8
3,0.2,14,63,2,4
3,0.2,15,66,5,2
3,0.2,16,62,1,5
3,0.2,17,65,4,1
3,0.2,18,68,5,2
3,0.2,19,67,2,3
3,0.2,20,64,1,4
3,0.2,21,66,3,1
3,0.2,22,60,0,6
3,0.2,23,63,3,0
3,0.2,24,59,0,4
3,0.2,25,63,4,0
3,0.2,26,61,2,4
3,0.2,27,62,2,1
3,0.2,28,60,2,4
3,0.2,29,58,1,3
3,0.2,30,55,1,4
3,0.2,31,58,4,1
3,0.2,32,59,1,0
3,0.2,33,58,1,2
3,0.2,34,56,0,2
3,0.2,35,57,2,1
3,0.2,36,58,2,1
3,0.2,37,59,2,1
3,0.2,38,57,1,3
3,0.2,39,58,1,0
3,0.2,40,57,1,2
3,0.2,41,56,1,2
3,0.2,42,58,3,1
3,0.2,43,57,0,1
3,0.2,44,58,2,1
3,0.2,45,54,1,5
3,0.2,46,53,2,3
3,0.2,47,58,5,0
3,0.2,48,55,0,3
3,0.2,49,55,2,2
3,0.2,50,50,0,5
3,0.2,51,53,4,1
3,0.2,52,48,0,5
3,0.2,53,50,3,1
3,0.2,54,49,1,2
3,0.2,55,47,3,5
3,0.2,56,51,4,0
3,0.2,57,45,2,8
3,0.2,58,45,4,4
3,0.2,59,41,3,7
3,0.2,60,43,6,4
3,0.2,61,44,2,1
3,0.2,62,47,3,0
3,0.2,63,44,0,3
3,0.2,64,46,3,1
3,0.2,65,44,1,3
3,0.2,66,44,2,2
3,0.2,67,46,3,1
3,0.2,68,44,1,3
3,0.2,69,45,1,0
3,0.2,70,44,1,2
3,0.2,71,40,1,5
3,0.2,72,37,2,5
3,0.2,73,44,7,0
3,0.2,74,40,1,5
3,0.2,75,42,3,1
3,0.2,76,42,3,3
3,0.2,77,41,0,1
3,0.2,78,41,1,1
3,0.2,79,43,4,2
3,0.2,80,41,2,4
3,0.2,81,42,3,2
3,0.2,82,41,1,2
3,0.2,83,44,4,1
3,0.2,84,43,1,2
3,0.2,85,41,0,2
3,0.2,86,40,0,1
3,0.2,87,41,1,0
3,0.2,88,41,0,0
3,0.2,89,40,1,2
3,0.2,90,41,2,1
3,0.2,91,41,1,1
3,0.2,92,40,0,1
3,0.2,93,40,0,0
3,0.2,94,40,0,0
3,0.2,95,41,1,0
3,0.2,96,38,0,3
3,0.2,97,40,2,0
3,0.2,98,38,0,2
3,0.2,99,38,1,1
3,0.2,100,38,0,0
3,0.2,101,38,0,0
3,0.2,102,38,0,0
3,0.2,103,38,0,0
3,0.2,104,38,0,0
3,0.2,105,39,1,0
3,0.2,106,39,1,1
3,0.2,107,38,0,1
3,0.2,108,38,0,0
3,0.2,109,37,0,1
3,0.2,110,38,1,0
3,0.2,111,40,3,1
3,0.2,112,38,0,2
3,0.2,113,38,0,0
3,0.2,114,37,0,1
3,0.2,115,38,1,0
3,0.2,116,36,1,3
3,0.2,117,37,2,1
3,0.2,118,37,0,0
3,0.2,119,36,0,1
3,0.2,120,36,1,1
3,0.2,121,36,0,0
3,0.2,122,35,0,1
3,0.2,123,35,1,1
3,0.2,124,35,1,1
3,0.2,125,36,2,1
3,0.2,126,36,0,0
3,0.2,127,34,0,2
3,0.2,128,36,2,0
3,0.2,129,36,1,1
3,0.2,130,36,1,1
3,0.2,131,33,0,3
3,0.2,132,34,1,0
3,0.2,133,35,1,0
3,0.2,134,34,0,1
3,0.2,135,35,1,0
3,0.2,136,35,1,1
3,0.2,137,35,2,2
3,0.2,138,34,1,2
3,0.2,139,36,2,0
3,0.2,140,35,1,2
3,0.2,141,36,2,1
3,0.2,142,34,0,2
3,0.2,143,35,1,0
3,0.2,144,32,1,4
3,0.2,145,27,0,5
3,0.2,146,29,2,0
3,0.2,147,31,3,1
3,0.2,148,31,1,1
3,0.2,149,32,2,1
3,0.2,150,30,0,2
3,0.2,151,32,2,0
3,0.2,152,32,0,0
3,0.2,153,32,0,0
3,0.2,154,31,0,1
3,0.2,155,31,0,0
3,0.2,156,31,0,0
3,0.2,157,31,0,0
3,0.2,158,31,1,1
3,0.2,159,28,1,4
3,0.2,160,30,2,0
3,0.2,161,27,0,3
3,0.2,162,29,3,1
3,0.2,163,30,1,0
3,0.2,164,27,1,4
3,0.2,165,29,3,1
3,0.2,166,28,1,2
3,0.2,167,26,0,2
3,0.2,168,28,2,0
3,0.2,169,27,1,2
3,0.2,170,29,3,1
3,0.2,171,29,1,1
3,0.2,172,29,2,2
3,0.2,173,28,0,1
3,0.2,174,26,0,2
3,0.2,175,30,4,0
3,0.2,176,28,0,2
3,0.2,177,30,2,0
3,0.2,178,29,0,1
3,0.2,179,28,1,2
3,0.2,180,27,0,1
3,0.2,181,26,1,2
3,0.2,182,26,1,1
3,0.2,183,26,1,1
3,0.2,184,28,3,1
3,0.2,185,27,1,2
3,0.2,186,25,0,2
3,0.2,187,28,4,1
3,0.2,188,24,0,4
3,0.2,189,27,3,0
3,0.2,190,26,1,2
3,0.2,191,23,0,3
3,0.2,192,24,1,0
3,0.2,193,25,1,0
3,0.2,194,25,1,1
3,0.2,195,24,0,1
3,0.2,196,25,1,0
3,0.2,197,24,0,1
3,0.2,198,24,0,0
3,0.2,199,24,0,0
3,0.2,200,24,0,0
3,0.2,201,26,2,0
3,0.2,202,26,1,1
3,0.2,203,24,0,2
3,0.2,204,24,0,0
3,0.2,205,24,0,0
3,0.2,206,24,0,0
3,0.2,207,25,1,0
3,0.2,208,24,0,1
3,0.2,209,24,0,0
3,0.2,210,24,0,0
3,0.2,211,25,1,0
3,0.2,212,26,2,1
3,0.2,213,24,0,2
3,0.2,214,24,0,0
3,0.2,215,25,1,0
3,0.2,216,24,0,1
3,0.2,217,26,2,0
3,0.2,218,24,0,2
3,0.2,219,23,0,1
3,0.2,220,24,1,0
3,0.2,221,24,0,0
3,0.2,222,24,0,0
3,0.2,223,24,0,0
3,0.2,224,24,0,0
3,0.2,225,22,0,2
3,0.2,226,23,1,0
3,0.2,227,24,1,0
3,0.2,228,24,1,1
3,0.2,229,24,1,1
3,0.2,230,23,0,1
3,0.2,231,23,0,0
3,0.2,232,23,0,0
3,0.2,233,23,0,0
3,0.2,234,22,0,1
3,0.2,235,23,1,0
3,0.2,236,24,1,0
3,0.2,237,23,0,1
3,0.2,238,20,1,4
3,0.2,239,17,0,3
3,0.2,240,22,6,1
3,0.2,241,23,1,0
3,0.2,242,22,0,1
3,0.2,243,19,0,3
3,0.2,244,22,3,0
3,0.2,245,21,1,2
3,0.2,246,21,2,2
3,0.2,247,20,1,2
3,0.2,248,20,0,0
3,0.2,249,20,0,0
3,0.2,250,20,1,1
3,0.2,251,20,1,1
3,0.2,252,21,1,0
3,0.2,253,21,0,0
3,0.2,254,21,0,0
3,0.2,255,21,0,0
3,0.2,256,21,0,0
3,0.2,257,21,0,0
3,0.2,258,21,1,1
3,0.2,259,20,0,1
3,0.2,260,21,1,0
3,0.2,261,21,1,1
3,0.2,262,20,0,1
3,0.2,263,21,1,0
3,0.2,264,21,1,1
3,0.2,265,21,0,0
3,0.2,266,20,0,1
3,0.2,267,21,1,0
3,0.2,268,20,0,1
3,0.2,269,18,0,2
3,0.2,270,19,1,0
3,0.2,271,20,2,1
3,0.2,272,20,0,0
3,0.2,273,21,1,0
3,0.2,274,20,0,1
3,0.2,275,20,0,0
3,0.2,276,20,0,0
3,0.2,277,20,0,0
3,0.2,278,20,0,0
3,0.2,279,20,0,0
3,0.2,280,20,0,0
3,0.2,281,20,0,0
3,0.2,282,20,0,0
3,0.2,283,20,0,0
3,0.2,284,20,0,0
3,0.2,285,20,0,0
3,0.2,286,20,0,0
3,0.2,287,20,0,0
3,0.2,288,20,0,0
3,0.2,289,20,0,0
3,0.2,290,20,0,0
3,0.2,291,20,0,0
3,0.2,292,20,0,0
3,0.2,293,20,0,0
3,0.2,294,20,0,0
3,0.2,295,20,0,0
3,0.2,296,20,0,0
3,0.2,297,20,0,0
3,0.2,298,20,0,0
3,0.2,299,20,0,0
3,0.2,300,20,0,0
3,0.2,301,20,0,0
3,0.2,302,20,0,0
3,0.2,303,20,0,0
3,0.2,304,20,0,0
3,0.2,305,20,0,0
3,0.2,306,20,0,0
3,0.2,307,20,0,0
3,0.2,308,20,0,0
3,0.2,309,20,0,0
3,0.2,310,20,0,0
3,0.2,311,21,1,0
3,0.2,312,20,0,1
3,0.2,313,20,0,0
3,0.2,314,20,0,0
3,0.2,315,20,0,0
3,0.2,316,20,0,0
3,0.2,317,20,0,0
3,0.2,318,20,0,0
3,0.2,319,20,0,0
3,0.2,320,20,0,0
3,0.2,321,20,0,0
3,0.2,322,20,0,0
3,0.2,323,20,0,0
3,0.2,324,20,0,0
3,0.2,325,20,0,0
3,0.2,326,20,0,0
3,0.2,327,20,0,0
3,0.2,328,20,0,0
3,0.2,329,20,0,0
3,0.2,330,20,0,0
3,0.2,331,20,0,0
3,0.2,332,20,0,0
3,0.2,333,20,0,0
3,0.2,334,20,0,0
3,0.2,335,20,0,0
3,0.2,336,20,0,0
3,0.2,337,20,0,0
3,0.2,338,20,0,0
3,0.2,339,20,0,0
3,0.2,340,20,0,0
3,0.2,341,20,0,0
3,0.2,342,20,0,0
3,0.2,343,20,0,0
3,0.2,344,20,0,0
3,0.2,345,20,0,0
3,0.2,346,20,0,0
3,0.2,347,20,0,0
3,0.2,348,20,0,0
3,0.2,349,20,0,0
3,0.2,350,20,0,0
3,0.2,351,20,0,0
3,0.2,352,20,0,0
3,0.2,353,20,0,0
3,0.2,354,19,0,1
3,0.2,355,20,1,0
3,0.2,356,20,0,0
3,0.2,357,19,0,1
3,0.2,358,20,1,0
3,0.2,359,20,0,0
3,0.2,360,20,0,0
3,0.2,361,20,0,0
3,0.2,362,20,0,0
3,0.2,363,20,0,0
3,0.2,364,20,0,0
3,0.2,365,20,0,0
3,0.2,366,20,0,0
3,0.2,367,19,0,1
3,0.2,368,20,1,0
3,0.2,369,19,0,1
3,0.2,370,20,1,0
3,0.2,371,19,0,1
3,0.2,372,19,0,0
3,0.2,373,19,0,0
3,0.2,374,19,0,0
3,0.2,375,19,0,0
3,0.2,376,19,0,0
3,0.2,377,19,0,0
3,0.2,378,19,0,0
3,0.2,379,19,0,0
3,0.2,380,19,0,0
3,0.2,381,18,0,1
3,0.2,382,19,1,0
3,0.2,383,19,0,0
3,0.2,384,19,0,0
3,0.2,385,18,0,1
3,0.2,386,18,1,1
3,0.2,387,17,0,1
3,0.2,388,18,1,0
3,0.2,389,18,1,1
3,0.2,390,18,1,1
3,0.2,391,17,0,1
3,0.2,392,19,2,0
3,0.2,393,16,0,3
3,0.2,394,16,0,0
3,0.2,395,17,1,0
3,0.2,396,17,0,0
3,0.2,397,17,0,0
3,0.2,398,17,0,0
3,0.2,399,17,0,0
3,0.2,400,17,0,0
3,0.2,401,17,0,0
3,0.2,402,17,0,0
3,0.2,403,17,0,0
3,0.2,404,17,1,1
3,0.2,405,17,1,1
3,0.2,406,17,0,0
3,0.2,407,18,1,0
3,0.2,408,17,0,1
3,0.2,409,16,0,1
3,0.2,410,16,0,0
3,0.2,411,16,0,0
3,0.2,412,16,0,0
3,0.2,413,16,0,0
3,0.2,414,17,1,0
3,0.2,415,17,0,0
3,0.2,416,19,2,0
3,0.2,417,17,0,2
3,0.2,418,16,0,1
3,0.2,419,16,0,0
3,0.2,420,16,0,0
3,0.2,421,17,1,0
3,0.2,422,16,0,1
3,0.2,423,16,0,0
3,0.2,424,16,0,0
3,0.2,425,16,0,0
3,0.2,426,17,1,0
3,0.2,427,16,0,1
3,0.2,428,16,0,0
3,0.2,429,16,0,0
3,0.2,430,16,0,0
3,0.2,431,16,0,0
3,0.2,432,16,0,0
3,0.2,433,16,0,0
3,0.2,434,16,0,0
3,0.2,435,16,0,0
3,0.2,436,16,0,0
3,0.2,437,16,0,0
3,0.2,438,16,0,0
3,0.2,439,16,0,0
3,0.2,440,16,0,0
3,0.2,441,16,0,0
3,0.2,442,17,1,0
3,0.2,443,16,0,1
3,0.2,444,17,1,0
3,0.2,445,17,0,0
3,0.2,446,16,0,1
3,0.2,447,16,0,0
3,0.2,448,16,0,0
3,0.2,449,16,0,0
3,0.2,450,17,1,0
3,0.2,451,16,0,1
3,0.2,452,16,0,0
3,0.2,453,16,0,0
3,0.2,454,16,0,0
3,0.2,455,17,1,0
3,0.2,456,16,0,1
3,0.2,457,16,0,0
3,0.2,458,16,0,0
3,0.2,459,16,0,0
3,0.2,460,16,0,0
3,0.2,461,16,0,0
3,0.2,462,16,0,0
3,0.2,463,16,0,0
3,0.2,464,16,0,0
3,0.2,465,16,0,0
3,0.2,466,16,0,0
3,0.2,467,17,1,0
3,0.2,468,16,0,1
3,0.2,469,16,0,0
3,0.2,470,16,0,0
3,0.2,471,16,0,0
3,0.2,472,16,0,0
3,0.2,473,16,0,0
3,0.2,474,16,0,0
3,0.2,475,16,0,0
3,0.2,476,16,0,0
3,0.2,477,16,0,0
3,0.2,478,17,1,0
3,0.2,479,16,0,1
3,0.2,480,16,0,0
3,0.2,481,16,0,0
3,0.2,482,16,0,0
3,0.2,483,16,0,0
3,0.2,484,16,0,0
3,0.2,485,17,1,0
3,0.2,486,16,0,1
3,0.2,487,16,0,0
3,0.2,488,16,0,0
3,0.2,489,16,0,0
3,0.2,490,16,0,0
3,0.2,491,16,0,0
3,0.2,492,16,0,0
3,0.2,493,16,0,0
3,0.2,494,16,0,0
3,0.2,495,16,0,0
3,0.2,496,17,1,0
3,0.2,497,16,0,1
3,0.2,498,16,0,0
3,0.2,499,16,0,0
3,0.2,500,17,1,0
3,0.2,501,16,0,1
3,0.2,502,16,0,0
3,0.2,503,17,1,0
3,0.2,504,16,0,1
3,0.2,505,18,2,0
3,0.2,506,16,0,2
3,0.2,507,16,0,0
3,0.2,508,16,0,0
3,0.2,509,16,0,0
3,0.2,510,16,0,0
3,0.2,511,16,0,0
3,0.2,512,16,0,0
3,0.2,513,16,0,0
3,0.2,514,17,1,0
3,0.2,515,17,1,1
3,0.2,516,16,0,1
3,0.2,517,16,0,0
3,0.2,518,17,1,0
3,0.2,519,16,0,1
3,0.2,520,17,2,1
3,0.2,521,16,1,2
3,0.2,522,16,0,0
3,0.2,523,16,0,0
3,0.2,524,16,0,0
3,0.2,525,16,0,0
3,0.2,526,16,0,0
3,0.2,527,15,0,1
3,0.2,528,16,1,0
3,0.2,529,16,1,1
3,0.2,530,16,1,1
3,0.2,531,15,0,1
3,0.2,532,15,0,0
3,0.2,533,15,0,0
3,0.2,534,15,0,0
3,0.2,535,15,0,0
3,0.2,536,15,0,0
3,0.2,537,17,2,0
3,0.2,538,15,0,2
3,0.2,539,15,0,0
3,0.2,540,15,0,0
3,0.2,541,15,0,0
3,0.2,542,16,1,0
3,0.2,543,16,0,0
3,0.2,544,16,0,0
3,0.2,545,16,0,0
3,0.2,546,17,1,0
3,0.2,547,15,0,2
3,0.2,548,16,1,0
3,0.2,549,16,1,1
3,0.2,550,17,1,0
3,0.2,551,17,0,0
3,0.2,552,17,0,0
3,0.2,553,17,0,0
3,0.2,554,17,0,0
3,0.2,555,17,0,0
3,0.2,556,17,0,0
3,0.2,557,17,0,0
3,0.2,558,17,0,0
3,0.2,559,18,1,0
3,0.2,560,17,0,1
3,0.2,561,17,0,0
3,0.2,562,17,0,0
3,0.2,563,16,0,1
3,0.2,564,16,0,0
3,0.2,565,17,1,0
3,0.2,566,16,0,1
3,0.2,567,16,0,0
3,0.2,568,16,0,0
3,0.2,569,16,0,0
3,0.2,570,16,0,0
3,0.2,571,16,0,0
3,0.2,572,16,0,0
3,0.2,573,15,0,1
3,0.2,574,16,1,0
3,0.2,575,16,0,0
3,0.2,576,16,0,0
3,0.2,577,16,0,0
3,0.2,578,16,0,0
3,0.2,579,16,0,0
3,0.2,580,16,0,0
3,0.2,581,16,0,0
3,0.2,582,16,0,0
3,0.2,583,16,0,0
3,0.2,584,16,0,0
3,0.2,585,16,0,0
3,0.2,586,16,0,0
3,0.2,587,16,0,0
3,0.2,588,16,0,0
3,0.2,589,16,0,0
3,0.2,590,16,0,0
3,0.2,591,16,0,0
3,0.2,592,16,0,0
3,0.2,593,16,0,0
3,0.2,594,16,0,0
3,0.2,595,16,0,0
3,0.2,596,16,0,0
3,0.2,597,16,0,0
3,0.2,598,16,0,0
3,0.2,599,16,0,0
3,0.2,600,16,0,0
3,0.2,601,16,0,0
3,0.2,602,17,1,0
3,0.2,603,15,0,2
3,0.2,604,16,1,0
3,0.2,605,16,0,0
3,0.2,606,16,0,0
3,0.2,607,16,0,0
3,0.2,608,16,0,0
3,0.2,609,16,0,0
3,0.2,610,16,0,0
3,0.2,611,16,0,0
3,0.2,612,16,0,0
3,0.2,613,16,0,0
3,0.2,614,16,0,0
3,0.2,615,16,0,0
3,0.2,616,15,0,1
3,0.2,617,16,1,0
3,0.2,618,16,0,0
3,0.2,619,16,0,0
3,0.2,620,16,0,0
3,0.2,621,16,0,0
3,0.2,622,16,0,0
3,0.2,623,16,0,0
3,0.2,624,16,0,0
3,0.2,625,16,0,0
3,0.2,626,16,0,0
3,0.2,627,16,0,0
3,0.2,628,16,0,0
3,0.2,629,16,0,0
3,0.2,630,16,0,0
3,0.2,631,16,0,0
3,0.2,632,16,0,0
3,0.2,633,16,0,0
3,0.2,634,15,0,1
3,0.2,635,16,1,0
3,0.2,636,16,0,0
3,0.2,637,16,0,0
3,0.2,638,16,0,0
3,0.2,639,16,0,0
3,0.2,640,16,0,0
3,0.2,641,16,0,0
3,0.2,642,16,0,0
3,0.2,643,16,0,0
3,0.2,644,16,0,0
3,0.2,645,16,0,0
3,0.2,646,16,0,0
3,0.2,647,16,0,0
3,0.2,648,16,0,0
3,0.2,649,17,1,0
3,0.2,650,16,0,1
3,0.2,651,16,0,0
3,0.2,652,16,0,0
3,0.2,653,16,0,0
3,0.2,654,16,0,0
3,0.2,655,16,0,0
3,0.2,656,16,0,0
3,0.2,657,16,0,0
3,0.2,658,16,0,0
3,0.2,659,16,0,0
3,0.2,660,16,0,0
3,0.2,661,16,0,0
3,0.2,662,16,0,0
3,0.2,663,16,0,0
3,0.2,664,16,0,0
3,0.2,665,16,0,0
3,0.2,666,16,0,0
3,0.2,667,16,0,0
3,0.2,668,16,0,0
3,0.2,669,17,1,0
3,0.2,670,16,0,1
3,0.2,671,16,0,0
3,0.2,672,16,0,0
3,0.2,673,16,0,0
3,0.2,674,16,0,0
3,0.2,675,16,0,0
3,0.2,676,17,1,0
3,0.2,677,16,0,1
3,0.2,678,17,1,0
3,0.2,679,17,0,0
3,0.2,680,16,0,1
3,0.2,681,16,0,0
3,0.2,682,16,0,0
3,0.2,683,16,0,0
3,0.2,684,16,0,0
3,0.2,685,16,0,0
3,0.2,686,16,0,0
3,0.2,687,16,0,0
3,0.2,688,16,0,0
3,0.2,689,16,0,0
3,0.2,690,16,0,0
3,0.2,691,16,0,0
3,0.2,692,16,0,0
3,0.2,693,16,0,0
3,0.2,694,16,0,0
3,0.2,695,16,0,0
3,0.2,696,16,0,0
3,0.2,697,16,0,0
3,0.2,698,16,0,0
3,0.2,699,16,0,0
3,0.2,700,16,0,0
3,0.2,701,16,0,0
3,0.2,702,16,0,0
3,0.2,703,16,0,0
3,0.2,704,16,0,0
3,0.2,705,17,1,0
3,0.2,706,16,0,1
3,0.2,707,17,1,0
3,0.2,708,16,0,1
3,0.2,709,17,1,0
3,0.2,710,17,1,1
3,0.2,711,16,0,1
3,0.2,712,17,1,0
3,0.2,713,16,0,1
3,0.2,714,16,0,0
3,0.2,715,16,0,0
3,0.2,716,17,1,0
3,0.2,717,16,0,1
3,0.2,718,17,1,0
3,0.2,719,16,0,1
3,0.2,720,16,0,0
3,0.2,721,16,0,0
3,0.2,722,17,1,0
3,0.2,723,17,1,1
3,0.2,724,17,1,1
3,0.2,725,16,0,1
3,0.2,726,17,1,0
3,0.2,727,16,0,1
3,0.2,728,16,0,0
3,0.2,729,16,0,0
3,0.2,730,16,0,0
3,0.2,731,16,0,0
3,0.2,732,16,0,0
3,0.2,733,16,0,0
3,0.2,734,17,1,0
3,0.2,735,16,0,1
3,0.2,736,18,2,0
3,0.2,737,16,0,2
3,0.2,738,17,1,0
3,0.2,739,17,1,1
3,0.2,740,17,0,0
3,0.2,741,16,0,1
3,0.2,742,16,0,0
3,0.2,743,16,0,0
3,0.2,744,17,1,0
3,0.2,745,16,0,1
3,0.2,746,16,0,0
3,0.2,747,16,0,0
3,0.2,748,16,0,0
3,0.2,749,16,0,0
3,0.2,750,17,1,0
3,0.2,751,16,0,1
3,0.2,752,16,0,0
3,0.2,753,17,1,0
3,0.2,754,17,1,1
3,0.2,755,16,0,1
3,0.2,756,16,0,0
3,0.2,757,16,0,0
3,0.2,758,17,1,0
3,0.2,759,17,0,0
3,0.2,760,19,2,0
3,0.2,761,18,0,1
3,0.2,762,16,0,2
3,0.2,763,18,2,0
3,0.2,764,18,1,1
3,0.2,765,18,0,0
3,0.2,766,16,0,2
3,0.2,767,16,0,0
3,0.2,768,18,2,0
3,0.2,769,17,0,1
3,0.2,770,19,2,0
3,0.2,771,18,0,1
3,0.2,772,17,0,1
3,0.2,773,17,1,1
3,0.2,774,18,1,0
3,0.2,775,17,0,1
3,0.2,776,18,1,0
3,0.2,777,16,0,2
3,0.2,778,17,1,0
3,0.2,779,19,2,0
3,0.2,780,18,0,1
3,0.2,781,19,2,1
3,0.2,782,18,1,2
3,0.2,783,18,0,0
3,0.2,784,18,0,0
3,0.2,785,18,0,0
3,0.2,786,18,0,0
3,0.2,787,18,0,0
3,0.2,788,17,0,1
3,0.2,789,17,0,0
3,0.2,790,17,0,0
3,0.2,791,16,0,1
3,0.2,792,17,1,0
3,0.2,793,16,0,1
3,0.2,794,16,0,0
3,0.2,795,17,1,0
3,0.2,796,17,0,0
3,0.2,797,17,0,0
3,0.2,798,18,1,0
3,0.2,799,17,1,2
3,0.2,800,17,1,1
3,0.2,801,17,0,0
3,0.2,802,17,0,0
3,0.2,803,17,0,0
3,0.2,804,18,1,0
3,0.2,805,17,0,1
3,0.2,806,17,0,0
3,0.2,807,18,1,0
3,0.2,808,16,0,2
3,0.2,809,16,0,0
3,0.2,810,16,0,0
3,0.2,811,17,1,0
3,0.2,812,17,0,0
3,0.2,813,16,0,1
3,0.2,814,17,1,0
3,0.2,815,17,0,0
3,0.2,816,17,0,0
3,0.2,817,17,1,1
3,0.2,818,17,0,0
3,0.2,819,17,1,1
3,0.2,820,18,1,0
3,0.2,821,17,0,1
3,0.2,822,17,1,1
3,0.2,823,16,0,1
3,0.2,824,16,0,0
3,0.2,825,17,1,0
3,0.2,826,18,1,0
3,0.2,827,17,0,1
3,0.2,828,17,0,0
3,0.2,829,16,0,1
3,0.2,830,17,1,0
3,0.2,831,16,0,1
3,0.2,832,17,1,0
3,0.2,833,16,0,1
3,0.2,834,17,1,0
3,0.2,835,16,0,1
3,0.2,836,16,0,0
3,0.2,837,17,1,0
3,0.2,838,18,1,0
3,0.2,839,17,0,1
3,0.2,840,17,0,0
3,0.2,841,18,1,0
3,0.2,842,18,0,0
3,0.2,843,17,0,1
3,0.2,844,16,0,1
3,0.2,845,18,2,0
3,0.2,846,18,0,0
3,0.2,847,17,0,1
3,0.2,848,18,1,0
3,0.2,849,17,0,1
3,0.2,850,17,0,0
3,0.2,851,17,0,0
3,0.2,852,17,0,0
3,0.2,853,17,0,0
3,0.2,854,17,0,0
3,0.2,855,17,0,0
3,0.2,856,17,0,0
3,0.2,857,17,0,0
3,0.2,858,17,0,0
3,0.2,859,17,0,0
3,0.2,860,17,0,0
3,0.2,861,17,0,0
3,0.2,862,18,1,0
3,0.2,863,17,0,1
3,0.2,864,18,1,0
3,0.2,865,17,0,1
3,0.2,866,18,1,0
3,0.2,867,17,0,1
3,0.2,868,17,0,0
3,0.2,869,17,0,0
3,0.2,870,17,0,0
3,0.2,871,17,0,0
3,0.2,872,17,0,0
3,0.2,873,17,0,0
3,0.2,874,18,1,0
3,0.2,875,17,0,1
3,0.2,876,17,0,0
3,0.2,877,17,0,0
3,0.2,878,16,0,1
3,0.2,879,17,1,0
3,0.2,880,17,0,0
3,0.2,881,17,0,0
3,0.2,882,17,0,0
3,0.2,883,17,0,0
3,0.2,884,16,0,1
3,0.2,885,17,1,0
3,0.2,886,17,0,0
3,0.2,887,18,1,0
3,0.2,888,17,0,1
3,0.2,889,17,0,0
3,0.2,890,17,0,0
3,0.2,891,17,0,0
3,0.2,892,17,0,0
3,0.2,893,17,0,0
3,0.2,894,17,0,0
3,0.2,895,17,0,0
3,0.2,896,17,0,0
3,0.2,897,17,0,0
3,0.2,898,17,0,0
3,0.2,899,17,0,0
3,0.2,900,17,0,0
3,0.2,901,17,0,0
3,0.2,902,17,0,0
3,0.2,903,17,0,0
3,0.2,904,17,0,0
3,0.2,905,17,0,0
3,0.2,906,17,0,0
3,0.2,907,18,1,0
3,0.2,908,17,0,1
3,0.2,909,17,0,0
3,0.2,910,17,0,0
3,0.2,911,17,0,0
3,0.2,912,18,1,0
3,0.2,913,17,0,1
3,0.2,914,17,0,0
3,0.2,915,17,0,0
3,0.2,916,17,0,0
3,0.2,917,17,0,0
3,0.2,918,17,0,0
3,0.2,919,17,0,0
3,0.2,920,17,0,0
3,0.2,921,17,0,0
3,0.2,922,17,0,0
3,0.2,923,18,1,0
3,0.2,924,17,0,1
3,0.2,925,17,0,0
3,0.2,926,17,0,0
3,0.2,927,17,0,0
3,0.2,928,17,0,0
3,0.2,929,18,1,0
3,0.2,930,18,1,1
3,0.2,931,17,0,1
3,0.2,932,17,0,0
3,0.2,933,17,0,0
3,0.2,934,17,0,0
3,0.2,935,17,0,0
3,0.2,936,17,0,0
3,0.2,937,17,0,0
3,0.2,938,17,0,0
3,0.2,939,17,0,0
3,0.2,940,17,0,0
3,0.2,941,17,0,0
3,0.2,942,17,0,0
3,0.2,943,17,0,0
3,0.2,944,17,0,0
3,0.2,945,17,0,0
3,0.2,946,17,0,0
3,0.2,947,17,0,0
3,0.2,948,17,0,0
3,0.2,949,17,0,0
3,0.2,950,17,0,0
3,0.2,951,17,0,0
3,0.2,952,17,0,0
3,0.2,953,17,0,0
3,0.2,954,17,0,0
3,0.2,955,17,0,0
3,0.2,956,17,0,0
3,0.2,957,17,0,0
3,0.2,958,17,0,0
3,0.2,959,17,0,0
3,0.2,960,17,0,0
3,0.2,961,18,1,0
3,0.2,962,17,0,1
3,0.2,963,17,0,0
3,0.2,964,17,0,0
3,0.2,965,17,0,0
3,0.2,966,17,0,0
3,0.2,967,17,0,0
3,0.2,968,17,0,0
3,0.2,969,17,0,0
3,0.2,970,17,0,0
3,0.2,971,17,0,0
3,0.2,972,18,1,0
3,0.2,973,17,0,1
3,0.2,974,17,0,0
3,0.2,975,17,0,0
3,0.2,976,17,0,0
3,0.2,977,17,0,0
3,0.2,978,17,0,0
3,0.2,979,17,0,0
3,0.2,980,17,0,0
3,0.2,981,17,0,0
3,0.2,982,18,1,0
3,0.2,983,18,1,1
3,0.2,984,17,0,1
3,0.2,985,17,0,0
3,0.2,986,17,0,0
3,0.2,987,17,0,0
3,0.2,988,17,0,0
3,0.2,989,18,1,0
3,0.2,990,17,0,1
3,0.2,991,17,0,0
3,0.2,992,16,0,1
3,0.2,993,16,0,0
3,0.2,994,17,1,0
3,0.2,995,17,0,0
3,0.2,996,17,0,0
3,0.2,997,17,0,0
3,0.2,998,17,0,0
3,0.2,999,17,0,0
3,0.2,1000,17,1,1
3,0.2,1001,16,0,1
3,0.2,1002,16,0,0
3,0.2,1003,16,0,0
3,0.2,1004,17,1,0
3,0.2,1005,16,0,1
3,0.2,1006,16,0,0
3,0.2,1007,16,0,0
3,0.2,1008,16,0,0
3,0.2,1009,16,0,0
3,0.2,1010,16,0,0
3,0.2,1011,16,0,0
3,0.2,1012,17,1,0
3,0.2,1013,16,0,1
3,0.2,1014,16,0,0
3,0.2,1015,16,0,0
3,0.2,1016,16,0,0
3,0.2,1017,17,1,0
3,0.2,1018,16,0,1
3,0.2,1019,16,0,0
3,0.2,1020,17,1,0
3,0.2,1021,16,0,1
3,0.2,1022,16,0,0
3,0.2,1023,16,0,0
3,0.2,1024,17,1,0
3,0.2,1025,16,0,1
3,0.2,1026,16,0,0
3,0.2,1027,17,1,0
3,0.2,1028,16,0,1
3,0.2,1029,17,1,0
3,0.2,1030,17,0,0
3,0.2,1031,16,0,1
3,0.2,1032,16,0,0
3,0.2,1033,16,0,0
3,0.2,1034,16,0,0
3,0.2,1035,16,0,0
3,0.2,1036,16,0,0
3,0.2,1037,16,0,0
3,0.2,1038,16,0,0
3,0.2,1039,16,0,0
3,0.2,1040,18,2,0
3,0.2,1041,16,0,2
3,0.2,1042,16,0,0
3,0.2,1043,16,0,0
3,0.2,1044,17,1,0
3,0.2,1045,17,0,0
3,0.2,1046,16,0,1
3,0.2,1047,16,0,0
3,0.2,1048,16,0,0
3,0.2,1049,16,0,0
3,0.2,1050,17,1,0
3,0.2,1051,16,0,1
3,0.2,1052,16,0,0
3,0.2,1053,17,1,0
3,0.2,1054,16,0,1
3,0.2,1055,16,0,0
3,0.2,1056,17,1,0
3,0.2,1057,16,0,1
3,0.2,1058,17,1,0
3,0.2,1059,17,0,0
3,0.2,1060,16,0,1
3,0.2,1061,17,1,0
3,0.2,1062,17,0,0
3,0.2,1063,17,0,0
3,0.2,1064,16,0,1
3,0.2,1065,16,0,0
3,0.2,1066,17,1,0
3,0.2,1067,16,0,1
3,0.2,1068,17,1,0
3,0.2,1069,17,1,1
3,0.2,1070,17,1,1
3,0.2,1071,18,1,0
3,0.2,1072,18,0,0
3,0.2,1073,16,0,2
3,0.2,1074,16,0,0
3,0.2,1075,16,0,0
3,0.2,1076,16,0,0
3,0.2,1077,16,0,0
3,0.2,1078,16,0,0
3,0.2,1079,17,1,0
3,0.2,1080,18,1,0
3,0.2,1081,17,0,1
3,0.2,1082,16,0,1
3,0.2,1083,16,0,0
3,0.2,1084,16,0,0
3,0.2,1085,17,1,0
3,0.2,1086,17,0,0
3,0.2,1087,17,0,0
3,0.2,1088,16,0,1
3,0.2,1089,16,0,0
3,0.2,1090,16,0,0
3,0.2,1091,16,0,0
3,0.2,1092,17,1,0
3,0.2,1093,16,0,1
3,0.2,1094,17,1,0
3,0.2,1095,16,0,1
3,0.2,1096,16,0,0
3,0.2,1097,16,0,0
3,0.2,1098,16,0,0
3,0.2,1099,16,0,0
3,0.2,1100,16,0,0
3,0.2,1101,16,0,0
3,0.2,1102,16,0,0
3,0.2,1103,17,1,0
3,0.2,1104,16,0,1
3,0.2,1105,16,0,0
3,0.2,1106,16,0,0
3,0.2,1107,16,0,0
3,0.2,1108,16,0,0
3,0.2,1109,16,0,0
3,0.2,1110,16,0,0
3,0.2,1111,16,0,0
3,0.2,1112,16,0,0
3,0.2,1113,16,0,0
3,0.2,1114,16,0,0
3,0.2,1115,16,0,0
3,0.2,1116,16,0,0
3,0.2,1117,16,0,0
3,0.2,1118,16,0,0
3,0.2,1119,17,1,0
3,0.2,1120,16,0,1
3,0.2,1121,17,1,0
3,0.2,1122,16,0,1
3,0.2,1123,16,0,0
3,0.2,1124,17,1,0
3,0.2,1125,16,0,1
3,0.2,1126,16,0,0
3,0.2,1127,18,2,0
3,0.2,1128,17,0,1
3,0.2,1129,17,0,0
3,0.2,1130,18,1,0
3,0.2,1131,17,0,1
3,0.2,1132,17,0,0
3,0.2,1133,18,1,0
3,0.2,1134,18,1,1
3,0.2,1135,16,0,2
3,0.2,1136,18,2,0
3,0.2,1137,18,1,1
3,0.2,1138,17,0,1
3,0.2,1139,17,0,0
3,0.2,1140,17,0,0
3,0.2,1141,17,1,1
3,0.2,1142,16,0,1
3,0.2,1143,16,0,0
3,0.2,1144,17,1,0
3,0.2,1145,18,1,0
3,0.2,1146,17,0,1
3,0.2,1147,18,1,0
3,0.2,1148,16,0,2
3,0.2,1149,17,1,0
3,0.2,1150,17,0,0
3,0.2,1151,18,1,0
3,0.2,1152,17,0,1
3,0.2,1153,18,1,0
3,0.2,1154,17,0,1
3,0.2,1155,17,0,0
3,0.2,1156,16,0,1
3,0.2,1157,17,1,0
3,0.2,1158,17,0,0
3,0.2,1159,17,0,0
3,0.2,1160,17,0,0
3,0.2,1161,17,0,0
3,0.2,1162,17,0,0
3,0.2,1163,17,0,0
3,0.2,1164,18,1,0
3,0.2,1165,18,0,0
3,0.2,1166,17,0,1
3,0.2,1167,16,0,1
3,0.2,1168,16,0,0
3,0.2,1169,16,0,0
3,0.2,1170,16,0,0
3,0.2,1171,16,0,0
3,0.2,1172,16,0,0
3,0.2,1173,16,0,0
3,0.2,1174,16,0,0
3,0.2,1175,16,0,0
3,0.2,1176,17,1,0
3,0.2,1177,16,0,1
3,0.2,1178,16,0,0
3,0.2,1179,16,0,0
3,0.2,1180,16,0,0
3,0.2,1181,17,1,0
3,0.2,1182,17,0,0
3,0.2,1183,17,0,0
3,0.2,1184,16,0,1
3,0.2,1185,16,0,0
3,0.2,1186,16,0,0
3,0.2,1187,16,0,0
3,0.2,1188,16,0,0
3,0.2,1189,16,0,0
3,0.2,1190,16,0,0
3,0.2,1191,17,1,0
3,0.2,1192,16,0,1
3,0.2,1193,16,0,0
3,0.2,1194,17,1,0
3,0.2,1195,16,0,1
3,0.2,1196,16,0,0
3,0.2,1197,16,0,0
3,0.2,1198,16,0,0
3,0.2,1199,16,0,0
3,0.2,1200,16,0,0
3,0.2,1201,16,0,0
3,0.2,1202,16,0,0
3,0.2,1203,17,1,0
3,0.2,1204,16,0,1
3,0.2,1205,16,0,0
3,0.2,1206,16,0,0
3,0.2,1207,16,0,0
3,0.2,1208,16,0,0
3,0.2,1209,16,0,0
3,0.2,1210,16,0,0
3,0.2,1211,17,1,0
3,0.2,1212,16,0,1
3,0.2,1213,16,0,0
3,0.2,1214,16,0,0
3,0.2,1215,16,0,0
3,0.2,1216,16,0,0
3,0.2,1217,17,1,0
3,0.2,1218,16,0,1
3,0.2,1219,16,0,0
3,0.2,1220,16,0,0
3,0.2,1221,16,0,0
3,0.2,1222,16,0,0
3,0.2,1223,16,0,0
3,0.2,1224,16,0,0
3,0.2,1225,16,0,0
3,0.2,1226,17,1,0
3,0.2,1227,17,0,0
3,0.2,1228,16,0,1
3,0.2,1229,16,0,0
3,0.2,1230,16,0,0
3,0.2,1231,16,0,0
3,0.2,1232,16,0,0
3,0.2,1233,17,1,0
3,0.2,1234,16,0,1
3,0.2,1235,16,0,0
3,0.2,1236,17,1,0
3,0.2,1237,17,1,1
3,0.2,1238,16,0,1
3,0.2,1239,17,1,0
3,0.2,1240,16,0,1
3,0.2,1241,16,0,0
3,0.2,1242,17,1,0
3,0.2,1243,17,1,1
3,0.2,1244,16,0,1
3,0.2,1245,17,1,0
3,0.2,1246,17,0,0
3,0.2,1247,18,1,0
3,0.2,1248,17,0,1
3,0.2,1249,18,1,0
3,0.2,1250,17,0,1
3,0.2,1251,17,0,0
3,0.2,1252,17,0,0
3,0.2,1253,17,0,0
3,0.2,1254,17,0,0
3,0.2,1255,18,1,0
3,0.2,1256,17,0,1
3,0.2,1257,17,0,0
3,0.2,1258,17,0,0
3,0.2,1259,17,0,0
3,0.2,1260,17,0,0
3,0.2,1261,18,1,0
3,0.2,1262,17,0,1
3,0.2,1263,17,0,0
3,0.2,1264,17,0,0
3,0.2,1265,17,0,0
3,0.2,1266,17,0,0
3,0.2,1267,17,0,0
3,0.2,1268,16,0,1
3,0.2,1269,17,1,0
3,0.2,1270,17,0,0
3,0.2,1271,17,0,0
3,0.2,1272,17,0,0
3,0.2,1273,17,0,0
3,0.2,1274,17,0,0
3,0.2,1275,17,0,0
3,0.2,1276,17,0,0
3,0.2,1277,17,0,0
3,0.2,1278,17,0,0
3,0.2,1279,17,0,0
3,0.2,1280,17,0,0
3,0.2,1281,17,0,0
3,0.2,1282,17,0,0
3,0.2,1283,17,0,0
3,0.2,1284,17,0,0
3,0.2,1285,17,0,0
3,0.2,1286,17,0,0
3,0.2,1287,17,0,0
3,0.2,1288,17,0,0
3,0.2,1289,17,0,0
3,0.2,1290,18,1,0
3,0.2,1291,18,0,0
3,0.2,1292,17,0,1
3,0.2,1293,17,0,0
3,0.2,1294,17,0,0
3,0.2,1295,17,0,0
3,0.2,1296,17,0,0
3,0.2,1297,17,0,0
3,0.2,1298,17,0,0
3,0.2,1299,17,0,0
3,0.2,1300,18,1,0
3,0.2,1301,18,1,1
3,0.2,1302,18,0,0
3,0.2,1303,17,0,1
3,0.2,1304,17,0,0
3,0.2,1305,17,0,0
3,0.2,1306,17,0,0
3,0.2,1307,17,0,0
3,0.2,1308,17,0,0
3,0.2,1309,17,0,0
3,0.2,1310,17,0,0
3,0.2,1311,17,0,0
3,0.2,1312,17,0,0
3,0.2,1313,17,0,0
3,0.2,1314,17,0,0
3,0.2,1315,17,0,0
3,0.2,1316,17,0,0
3,0.2,1317,17,0,0
3,0.2,1318,17,0,0
3,0.2,1319,17,0,0
3,0.2,1320,17,0,0
3,0.2,1321,17,0,0
3,0.2,1322,17,0,0
3,0.2,1323,17,0,0
3,0.2,1324,17,0,0
3,0.2,1325,17,0,0
3,0.2,1326,17,0,0
3,0.2,1327,17,0,0
3,0.2,1328,17,0,0
3,0.2,1329,17,0,0
3,0.2,1330,17,0,0
3,0.2,1331,17,0,0
3,0.2,1332,17,0,0
3,0.2,1333,17,0,0
3,0.2,1334,17,0,0
3,0.2,1335,17,0,0
3,0.2,1336,17,0,0
3,0.2,1337,17,0,0
3,0.2,1338,18,1,0
3,0.2,1339,17,0,1
3,0.2,1340,17,0,0
3,0.2,1341,17,0,0
3,0.2,1342,17,0,0
3,0.2,1343,17,0,0
3,0.2,1344,17,0,0
3,0.2,1345,18,1,0
3,0.2,1346,18,0,0
3,0.2,1347,17,0,1
3,0.2,1348,17,0,0
3,0.2,1349,17,0,0
3,0.2,1350,17,0,0
3,0.2,1351,17,0,0
3,0.2,1352,17,0,0
3,0.2,1353,17,0,0
3,0.2,1354,17,0,0
3,0.2,1355,17,0,0
3,0.2,1356,17,0,0
3,0.2,1357,17,0,0
3,0.2,1358,17,0,0
3,0.2,1359,18,1,0
3,0.2,1360,17,0,1
3,0.2,1361,17,0,0
3,0.2,1362,18,1,0
3,0.2,1363,17,0,1
3,0.2,1364,17,0,0
3,0.2,1365,17,0,0
3,0.2,1366,18,1,0
3,0.2,1367,18,0,0
3,0.2,1368,18,0,0
3,0.2,1369,18,0,0
3,0.2,1370,17,0,1
3,0.2,1371,17,0,0
3,0.2,1372,18,1,0
3,0.2,1373,17,0,1
3,0.2,1374,17,0,0
3,0.2,1375,17,0,0
3,0.2,1376,18,1,0
3,0.2,1377,18,1,1
3,0.2,1378,18,1,1
3,0.2,1379,18,0,0
3,0.2,1380,17,0,1
3,0.2,1381,18,1,0
3,0.2,1382,17,0,1
3,0.2,1383,17,0,0
3,0.2,1384,17,0,0
3,0.2,1385,17,0,0
3,0.2,1386,18,1,0
3,0.2,1387,18,0,0
3,0.2,1388,17,0,1
3,0.2,1389,17,0,0
3,0.2,1390,17,0,0
3,0.2,1391,17,0,0
3,0.2,1392,17,0,0
3,0.2,1393,18,1,0
3,0.2,1394,17,0,1
3,0.2,1395,17,0,0
3,0.2,1396,17,0,0
3,0.2,1397,17,0,0
3,0.2,1398,18,1,0
3,0.2,1399,17,0,1
3,0.2,1400,17,0,0
3,0.2,1401,17,0,0
3,0.2,1402,17,0,0
3,0.2,1403,17,0,0
3,0.2,1404,17,0,0
3,0.2,1405,17,0,0
3,0.2,1406,17,0,0
3,0.2,1407,17,0,0
3,0.2,1408,17,0,0
3,0.2,1409,17,0,0
3,0.2,1410,17,0,0
3,0.2,1411,17,0,0
3,0.2,1412,17,0,0
3,0.2,1413,17,0,0
3,0.2,1414,17,0,0
3,0.2,1415,17,0,0
3,0.2,1416,17,0,0
3,0.2,1417,17,0,0
3,0.2,1418,17,0,0
3,0.2,1419,18,1,0
3,0.2,1420,18,0,0
3,0.2,1421,18,0,0
3,0.2,1422,18,1,1
3,0.2,1423,18,1,1
3,0.2,1424,17,0,1
3,0.2,1425,18,1,0
3,0.2,1426,17,0,1
3,0.2,1427,18,1,0
3,0.2,1428,17,0,1
3,0.2,1429,17,0,0
3,0.2,1430,18,1,0
3,0.2,1431,18,0,0
3,0.2,1432,18,0,0
3,0.2,1433,18,0,0
3,0.2,1434,18,0,0
3,0.2,1435,18,0,0
3,0.2,1436,17,0,1
3,0.2,1437,18,1,0
3,0.2,1438,19,1,0
3,0.2,1439,18,0,1
3,0.2,1440,18,0,0
3,0.2,1441,18,0,0
3,0.2,1442,18,1,1
3,0.2,1443,18,1,1
3,0.2,1444,19,1,0
3,0.2,1445,18,0,1
3,0.2,1446,17,0,1
3,0.2,1447,17,0,0
3,0.2,1448,18,1,0
3,0.2,1449,18,0,0
3,0.2,1450,17,0,1
3,0.2,1451,18,1,0
3,0.2,1452,18,0,0
3,0.2,1453,18,0,0
3,0.2,1454,18,0,0
3,0.2,1455,19,1,0
3,0.2,1456,18,0,1
3,0.2,1457,19,1,0
3,0.2,1458,17,0,2
3,0.2,1459,18,1,0
3,0.2,1460,17,0,1
3,0.2,1461,18,1,0
3,0.2,1462,17,0,1
3,0.2,1463,17,0,0
3,0.2,1464,17,0,0
3,0.2,1465,18,1,0
3,0.2,1466,18,0,0
3,0.2,1467,18,0,0
3,0.2,1468,19,1,0
3,0.2,1469,17,0,2
3,0.2,1470,17,0,0
3,0.2,1471,17,0,0
3,0.2,1472,18,1,0
3,0.2,1473,17,0,1
3,0.2,1474,17,0,0
3,0.2,1475,17,0,0
3,0.2,1476,18,1,0
3,0.2,1477,18,0,0
3,0.2,1478,18,0,0
3,0.2,1479,17,0,1
3,0.2,1480,18,1,0
3,0.2,1481,18,0,0
3,0.2,1482,18,0,0
3,0.2,1483,18,0,0
3,0.2,1484,17,0,1
3,0.2,1485,20,3,0
3,0.2,1486,18,0,2
3,0.2,1487,19,2,1
3,0.2,1488,17,0,2
3,0.2,1489,17,0,0
3,0.2,1490,17,0,0
3,0.2,1491,17,0,0
3,0.2,1492,18,1,0
3,0.2,1493,18,0,0
3,0.2,1494,18,0,0
3,0.2,1495,17,0,1
3,0.2,1496,17,0,0
3,0.2,1497,18,1,0
3,0.2,1498,18,1,1
3,0.2,1499,18,1,1
3,0.2,1500,18,0,0
4,0.05,0,3,0,0
4,0.05,1,25,24,2
4,0.05,2,17,10,18
4,0.05,3,24,13,6
4,0.05,4,33,21,12
4,0.05,5,33,19,19
4,0.05,6,26,12,19
4,0.05,7,30,20,16
4,0.05,8,37,19,12
4,0.05,9,33,16,20
4,0.05,10,38,11,6
4,0.05,11,39,10,9
4,0.05,12,30,6,15
4,0.05,13,32,13,11
4,0.05,14,40,16,8
4,0.05,15,25,8,23
4,0.05,16,50,30,5
4,0.05,17,32,5,23
4,0.05,18,43,18,7
4,0.05,19,57,19,5
4,0.05,20,59,6,4
4,0.05,21,54,3,8
4,0.05,22,58,7,3
4,0.05,23,40,2,20
4,0.05,24,52,15,3
4,0.05,25,53,5,4
4,0.05,26,50,2,5
4,0.05,27,51,9,8
4,0.05,28,54,6,3
4,0.05,29,45,1,10
4,0.05,30,45,6,6
4,0.05,31,56,11,0
4,0.05,32,55,2,3
4,0.05,33,38,2,19
4,0.05,34,48,13,3
4,0.05,35,38,3,13
4,0.05,36,39,10,9
4,0.05,37,44,13,8
4,0.05,38,42,5,7
4,0.05,39,42,7,7
4,0.05,40,37,3,8
4,0.05,41,23,0,14
4,0.05,42,37,16,2
4,0.05,43,34,6,9
4,0.05,44,28,2,8
4,0.05,45,33,8,3
4,0.05,46,38,8,3
4,0.05,47,36,5,7
4,0.05,48,27,6,15
4,0.05,49,33,12,6
4,0.05,50,41,11,3
4,0.05,51,39,4,6
4,0.05,52,44,7,2
4,0.05,53,36,1,9
4,0.05,54,31,6,11
4,0.05,55,35,10,6
4,0.05,56,35,6,6
4,0.05,57,37,5,3
4,0.05,58,29,4,12
4,0.05,59,37,14,6
4,0.05,60,31,2,8
4,0.05,61,39,9,1
4,0.05,62,32,0,7
4,0.05,63,35,3,0
4,0.05,64,20,2,17
4,0.05,65,38,18,0
4,0.05,66,27,1,12
4,0.05,67,33,9,3
4,0.05,68,31,4,6
4,0.05,69,34,4,1
4,0.05,70,38,5,1
4,0.05,71,36,1,3
4,0.05,72,16,3,23
4,0.05,73,35,24,5
4,0.05,74,36,3,2
4,0.05,75,27,4,13
4,0.05,76,37,12,2
4,0.05,77,27,0,10
4,0.05,78,41,14,0
4,0.05,79,33,0,8
4,0.05,80,34,2,1
4,0.05,81,38,5,1
4,0.05,82,39,2,1
4,0.05,83,31,0,8
4,0.05,84,27,3,7
4,0.05,85,30,7,4
4,0.05,86,37,7,0
4,0.05,87,35,0,2
4,0.05,88,38,3,0
4,0.05,89,39,1,0
4,0.05,90,31,0,8
4,0.05,91,37,6,0
4,0.05,92,30,0,7
4,0.05,93,31,3,2
4,0.05,94,38,7,0
4,0.05,95,36,1,3
4,0.05,96,17,1,20
4,0.05,97,23,10,4
4,0.05,98,21,5,7
4,0.05,99,25,5,1
4,0.05,100,25,3,3
4,0.05,101,19,3,9
4,0.05,102,27,10,2
4,0.05,103,20,0,7
4,0.05,104,30,10,0
4,0.05,105,29,3,4
4,0.05,106,20,2,11
4,0.05,107,24,6,2
4,0.05,108,15,1,10
4,0.05,109,19,9,5
4,0.05,110,24,8,3
4,0.05,111,16,1,9
4,0.05,112,13,6,9
4,0.05,113,14,4,3
4,0.05,114,22,11,3
4,0.05,115,20,2,4
4,0.05,116,10,1,11
4,0.05,117,19,10,1
4,0.05,118,15,4,8
4,0.05,119,21,8,2
4,0.05,120,14,1,8
4,0.05,121,21,8,1
4,0.05,122,28,9,2
4,0.05,123,24,0,4
4,0.05,124,28,4,0
4,0.05,125,29,2,1
4,0.05,126,28,1,2
4,0.05,127,27,0,1
4,0.05,128,29,2,0
4,0.05,129,27,0,2
4,0.05,130,28,2,1
4,0.05,131,25,0,3
4,0.05,132,28,3,0
4,0.05,133,27,0,1
4,0.05,134,30,3,0
4,0.05,135,27,0,3
4,0.05,136,26,1,2
4,0.05,137,27,3,2
4,0.05,138,28,2,1
4,0.05,139,29,2,1
4,0.05,140,27,0,2
4,0.05,141,29,2,0
4,0.05,142,20,0,9
4,0.05,143,25,6,1
4,0.05,144,26,2,1
4,0.05,145,26,3,3
4,0.05,146,26,4,4
4,0.05,147,25,4,5
4,0.05,148,26,2,1
4,0.05,149,27,2,1
4,0.05,150,26,2,3
4,0.05,151,26,1,1
4,0.05,152,23,1,4
4,0.05,153,28,6,1
4,0.05,154,28,1,1
4,0.05,155,16,1,13
4,0.05,156,28,13,1
4,0.05,157,29,1,0
4,0.05,158,25,0,4
4,0.05,159,28,3,0
4,0.05,160,28,0,0
4,0.05,161,26,0,2
4,0.05,162,26,2,2
4,0.05,163,29,3,0
4,0.05,164,25,0,4
4,0.05,165,29,4,0
4,0.05,166,26,1,4
4,0.05,167,25,0,1
4,0.05,168,24,0,1
4,0.05,169,14,1,11
4,0.05,170,24,10,0
4,0.05,171,26,4,2
4,0.05,172,28,2,0
4,0.05,173,27,0,1
4,0.05,174,22,1,6
4,0.05,175,27,6,1
4,0.05,176,23,1,5
4,0.05,177,25,4,2
4,0.05,178,20,1,6
4,0.05,179,16,0,4
4,0.05,180,21,6,1
4,0.05,181,22,3,2
4,0.05,182,22,3,3
4,0.05,183,23,3,2
4,0.05,184,19,0,4
4,0.05,185,20,2,1
4,0.05,186,23,4,1
4,0.05,187,21,1,3
4,0.05,188,23,3,1
4,0.05,189,22,0,1
4,0.05,190,24,2,0
4,0.05,191,24,0,0
4,0.05,192,25,1,0
4,0.05,193,23,0,2
4,0.05,194,26,3,0
4,0.05,195,24,0,2
4,0.05,196,24,1,1
4,0.05,197,24,1,1
4,0.05,198,26,2,0
4,0.05,199,25,0,1
4,0.05,200,23,0,2
4,0.05,201,25,2,0
4,0.05,202,24,0,1
4,0.05,203,24,0,0
4,0.05,204,25,1,0
4,0.05,205,23,0,2
4,0.05,206,25,2,0
4,0.05,207,24,0,1
4,0.05,208,24,1,1
4,0.05,209,26,2,0
4,0.05,210,25,0,1
4,0.05,211,25,0,0
4,0.05,212,23,0,2
4,0.05,213,19,0,4
4,0.05,214,24,5,0
4,0.05,215,24,1,1
4,0.05,216,24,1,1
4,0.05,217,25,1,0
4,0.05,218,24,0,1
4,0.05,219,24,1,1
4,0.05,220,23,1,2
4,0.05,221,25,2,0
4,0.05,222,22,0,3
4,0.05,223,22,1,1
4,0.05,224,24,2,0
4,0.05,225,21,0,3
4,0.05,226,24,3,0
4,0.05,227,17,0,7
4,0.05,228,23,6,0
4,0.05,229,21,0,2
4,0.05,230,23,2,0
4,0.05,231,24,1,0
4,0.05,232,22,0,2
4,0.05,233,22,1,1
4,0.05,234,23,2,1
4,0.05,235,23,1,1
4,0.05,236,23,0,0
4,0.05,237,24,1,0
4,0.05,238,23,0,1
4,0.05,239,23,0,0
4,0.05,240,22,0,1
4,0.05,241,22,0,0
4,0.05,242,20,0,2
4,0.05,243,21,1,0
4,0.05,244,22,1,0
4,0.05,245,19,0,3
4,0.05,246,21,3,1
4,0.05,247,25,4,0
4,0.05,248,23,0,2
4,0.05,249,23,2,2
4,0.05,250,21,2,4
4,0.05,251,24,3,0
4,0.05,252,24,1,1
4,0.05,253,22,0,2
4,0.05,254,23,1,0
4,0.05,255,22,0,1
4,0.05,256,21,0,1
4,0.05,257,20,0,1
4,0.05,258,24,4,0
4,0.05,259,24,0,0
4,0.05,260,19,0,5
4,0.05,261,23,4,0
4,0.05,262,22,0,1
4,0.05,263,23,1,0
4,0.05,264,19,0,4
4,0.05,265,14,0,5
4,0.05,266,22,8,0
4,0.05,267,22,0,0
4,0.05,268,21,0,1
4,0.05,269,24,3,0
4,0.05,270,22,0,2
4,0.05,271,19,0,3
4,0.05,272,22,3,0
4,0.05,273,22,1,1
4,0.05,274,21,0,1
4,0.05,275,21,0,0
4,0.05,276,21,0,0
4,0.05,277,23,2,0
4,0.05,278,22,0,1
4,0.05,279,22,0,0
4,0.05,280,22,0,0
4,0.05,281,22,0,0
4,0.05,282,21,0,1
4,0.05,283,21,0,0
4,0.05,284,21,0,0
4,0.05,285,21,0,0
4,0.05,286,21,0,0
4,0.05,287,21,0,0
4,0.05,288,21,0,0
4,0.05,289,21,0,0
4,0.05,290,21,0,0
4,0.05,291,21,0,0
4,0.05,292,21,0,0
4,0.05,293,21,0,0
4,0.05,294,21,0,0
4,0.05,295,21,0,0
4,0.05,296,21,0,0
4,0.05,297,21,0,0
4,0.05,298,21,0,0
4,0.05,299,21,0,0
4,0.05,300,21,0,0
4,0.05,301,19,1,3
4,0.05,302,21,3,1
4,0.05,303,21,0,0
4,0.05,304,19,0,2
4,0.05,305,21,2,0
4,0.05,306,15,0,6
4,0.05,307,21,6,0
4,0.05,308,21,0,0
4,0.05,309,21,0,0
4,0.05,310,21,0,0
4,0.05,311,21,0,0
4,0.05,312,20,0,1
4,0.05,313,20,1,1
4,0.05,314,20,1,1
4,0.05,315,21,1,0
4,0.05,316,20,0,1
4,0.05,317,20,0,0
4,0.05,318,20,1,1
4,0.05,319,18,1,3
4,0.05,320,20,2,0
4,0.05,321,15,0,5
4,0.05,322,21,6,0
4,0.05,323,19,0,2
4,0.05,324,17,0,2
4,0.05,325,20,3,0
4,0.05,326,19,1,2
4,0.05,327,17,0,2
4,0.05,328,19,2,0
4,0.05,329,21,3,1
4,0.05,330,18,0,3
4,0.05,331,18,1,1
4,0.05,332,18,3,3
4,0.05,333,18,1,1
4,0.05,334,13,0,5
4,0.05,335,18,5,0
4,0.05,336,19,2,1
4,0.05,337,18,1,2
4,0.05,338,19,1,0
4,0.05,339,19,1,1
4,0.05,340,20,1,0
4,0.05,341,19,0,1
4,0.05,342,20,1,0
4,0.05,343,15,0,5
4,0.05,344,19,4,0
4,0.05,345,18,1,2
4,0.05,346,20,2,0
4,0.05,347,20,0,0
4,0.05,348,19,0,1
4,0.05,349,20,1,0
4,0.05,350,20,1,1
4,0.05,351,20,1,1
4,0.05,352,20,0,0
4,0.05,353,20,0,0
4,0.05,354,21,1,0
4,0.05,355,21,0,0
4,0.05,356,21,0,0
4,0.05,357,20,0,1
4,0.05,358,19,0,1
4,0.05,359,19,1,1
4,0.05,360,21,2,0
4,0.05,361,20,0,1
4,0.05,362,19,0,1
4,0.05,363,20,1,0
4,0.05,364,18,0,2
4,0.05,365,20,2,0
4,0.05,366,20,1,1
4,0.05,367,20,1,1
4,0.05,368,17,0,3
4,0.05,369,20,3,0
4,0.05,370,20,0,0
4,0.05,371,19,0,1
4,0.05,372,20,1,0
4,0.05,373,19,0,1
4,0.05,374,20,1,0
4,0.05,375,13,0,7
4,0.05,376,20,7,0
4,0.05,377,19,0,1
4,0.05,378,20,1,0
4,0.05,379,19,0,1
4,0.05,380,14,0,5
4,0.05,381,16,2,0
4,0.05,382,15,0,1
4,0.05,383,17,4,2
4,0.05,384,18,1,0
4,0.05,385,18,1,1
4,0.05,386,18,0,0
4,0.05,387,13,0,5
4,0.05,388,14,1,0
4,0.05,389,17,3,0
4,0.05,390,16,0,1
4,0.05,391,16,0,0
4,0.05,392,16,0,0
4,0.05,393,16,1,1
4,0.05,394,19,3,0
4,0.05,395,18,1,2
4,0.05,396,19,2,1
4,0.05,397,19,0,0
4,0.05,398,19,0,0
4,0.05,399,19,0,0
4,0.05,400,16,0,3
4,0.05,401,19,3,0
4,0.05,402,17,1,3
4,0.05,403,19,3,1
4,0.05,404,17,0,2
4,0.05,405,17,0,0
4,0.05,406,17,0,0
4,0.05,407,18,1,0
4,0.05,408,17,0,1
4,0.05,409,17,0,0
4,0.05,410,17,0,0
4,0.05,411,17,0,0
4,0.05,412,17,0,0
4,0.05,413,20,3,0
4,0.05,414,19,0,1
4,0.05,415,19,0,0
4,0.05,416,20,1,0
4,0.05,417,19,0,1
4,0.05,418,19,0,0
4,0.05,419,19,0,0
4,0.05,420,19,0,0
4,0.05,421,19,0,0
4,0.05,422,19,0,0
4,0.05,423,19,0,0
4,0.05,424,19,0,0
4,0.05,425,19,0,0
4,0.05,426,19,0,0
4,0.05,427,19,0,0
4,0.05,428,19,0,0
4,0.05,429,19,0,0
4,0.05,430,19,0,0
4,0.05,431,19,0,0
4,0.05,432,19,0,0
4,0.05,433,19,0,0
4,0.05,434,19,0,0
4,0.05,435,20,1,0
4,0.05,436,19,0,1
4,0.05,437,19,0,0
4,0.05,438,20,1,0
4,0.05,439,17,0,3
4,0.05,440,19,2,0
4,0.05,441,19,0,0
4,0.05,442,19,0,0
4,0.05,443,20,1,0
4,0.05,444,20,1,1
4,0.05,445,19,0,1
4,0.05,446,19,0,0
4,0.05,447,19,0,0
4,0.05,448,19,0,0
4,0.05,449,19,0,0
4,0.05,450,19,0,0
4,0.05,451,19,0,0
4,0.05,452,19,0,0
4,0.05,453,19,0,0
4,0.05,454,19,0,0
4,0.05,455,19,0,0
4,0.05,456,19,0,0
4,0.05,457,19,0,0
4,0.05,458,19,0,0
4,0.05,459,19,0,0
4,0.05,460,19,0,0
4,0.05,461,19,0,0
4,0.05,462,19,0,0
4,0.05,463,19,0,0
4,0.05,464,19,0,0
4,0.05,465,20,1,0
4,0.05,466,20,0,0
4,0.05,467,19,0,1
4,0.05,468,19,0,0
4,0.05,469,19,0,0
4,0.05,470,19,0,0
4,0.05,471,18,0,1
4,0.05,472,19,1,0
4,0.05,473,19,0,0
4,0.05,474,19,0,0
4,0.05,475,19,0,0
4,0.05,476,20,1,0
4,0.05,477,19,0,1
4,0.05,478,19,0,0
4,0.05,479,19,0,0
4,0.05,480,20,1,0
4,0.05,481,19,0,1
4,0.05,482,19,0,0
4,0.05,483,19,0,0
4,0.05,484,19,0,0
4,0.05,485,19,0,0
4,0.05,486,19,0,0
4,0.05,487,19,0,0
4,0.05,488,19,0,0
4,0.05,489,19,0,0
4,0.05,490,19,0,0
4,0.05,491,18,0,1
4,0.05,492,17,1,2
4,0.05,493,17,1,1
4,0.05,494,19,2,0
4,0.05,495,17,0,2
4,0.05,496,18,1,0
4,0.05,497,17,0,1
4,0.05,498,18,1,0
4,0.05,499,18,0,0
4,0.05,500,19,1,0
4,0.05,501,19,0,0
4,0.05,502,18,0,1
4,0.05,503,18,0,0
4,0.05,504,19,1,0
4,0.05,505,19,0,0
4,0.05,506,18,0,1
4,0.05,507,18,0,0
4,0.05,508,19,1,0
4,0.05,509,19,0,0
4,0.05,510,18,0,1
4,0.05,511,19,1,0
4,0.05,512,19,0,0
4,0.05,513,19,0,0
4,0.05,514,19,0,0
4,0.05,515,19,0,0
4,0.05,516,19,0,0
4,0.05,517,19,0,0
4,0.05,518,19,0,0
4,0.05,519,19,0,0
4,0.05,520,19,0,0
4,0.05,521,19,0,0
4,0.05,522,19,0,0
4,0.05,523,19,0,0
4,0.05,524,19,0,0
4,0.05,525,19,0,0
4,0.05,526,19,0,0
4,0.05,527,19,0,0
4,0.05,528,19,0,0
4,0.05,529,19,0,0
4,0.05,530,19,0,0
4,0.05,531,19,0,0
4,0.05,532,19,0,0
4,0.05,533,19,0,0
4,0.05,534,19,0,0
4,0.05,535,19,0,0
4,0.05,536,19,0,0
4,0.05,537,19,0,0
4,0.05,538,19,0,0
4,0.05,539,19,0,0
4,0.05,540,19,0,0
4,0.05,541,19,0,0
4,0.05,542,19,0,0
4,0.05,543,19,0,0
4,0.05,544,19,0,0
4,0.05,545,19,0,0
4,0.05,546,19,0,0
4,0.05,547,19,0,0
4,0.05,548,19,0,0
4,0.05,549,20,1,0
4,0.05,550,19,0,1
4,0.05,551,19,0,0
4,0.05,552,19,0,0
4,0.05,553,19,0,0
4,0.05,554,19,0,0
4,0.05,555,19,0,0
4,0.05,556,19,0,0
4,0.05,557,20,1,0
4,0.05,558,19,0,1
4,0.05,559,19,0,0
4,0.05,560,19,0,0
4,0.05,561,19,0,0
4,0.05,562,19,0,0
4,0.05,563,19,0,0
4,0.05,564,20,1,0
4,0.05,565,19,0,1
4,0.05,566,20,1,0
4,0.05,567,19,0,1
4,0.05,568,19,0,0
4,0.05,569,19,0,0
4,0.05,570,19,0,0
4,0.05,571,19,0,0
4,0.05,572,19,0,0
4,0.05,573,19,0,0
4,0.05,574,19,0,0
4,0.05,575,19,0,0
4,0.05,576,19,0,0
4,0.05,577,19,0,0
4,0.05,578,19,0,0
4,0.05,579,19,0,0
4,0.05,580,19,0,0
4,0.05,581,19,0,0
4,0.05,582,19,0,0
4,0.05,583,19,0,0
4,0.05,584,19,0,0
4,0.05,585,19,0,0
4,0.05,586,19,0,0
4,0.05,587,19,0,0
4,0.05,588,19,0,0
4,0.05,589,19,0,0
4,0.05,590,19,0,0
4,0.05,591,19,0,0
4,0.05,592,19,0,0
4,0.05,593,19,0,0
4,0.05,594,19,0,0
4,0.05,595,19,0,0
4,0.05,596,19,0,0
4,0.05,597,19,0,0
4,0.05,598,19,0,0
4,0.05,599,19,0,0
4,0.05,600,19,0,0
4,0.05,601,19,0,0
4,0.05,602,19,0,0
4,0.05,603,17,0,2
4,0.05,604,19,2,0
4,0.05,605,19,0,0
4,0.05,606,18,0,1
4,0.05,607,19,1,0
4,0.05,608,19,0,0
4,0.05,609,19,0,0
4,0.05,610,19,0,0
4,0.05,611,19,0,0
4,0.05,612,19,0,0
4,0.05,613,19,0,0
4,0.05,614,19,0,0
4,0.05,615,19,0,0
4,0.05,616,17,0,2
4,0.05,617,8,0,9
4,0.05,618,17,9,0
4,0.05,619,17,0,0
4,0.05,620,18,1,0
4,0.05,621,17,0,1
4,0.05,622,17,0,0
4,0.05,623,17,0,0
4,0.05,624,17,0,0
4,0.05,625,17,0,0
4,0.05,626,17,0,0
4,0.05,627,7,0,10
4,0.05,628,17,10,0
4,0.05,629,12,0,5
4,0.05,630,17,5,0
4,0.05,631,16,0,1
4,0.05,632,16,0,0
4,0.05,633,18,2,0
4,0.05,634,17,0,1
4,0.05,635,19,2,0
4,0.05,636,17,0,2
4,0.05,637,17,0,0
4,0.05,638,16,0,1
4,0.05,639,18,2,0
4,0.05,640,17,1,2
4,0.05,641,12,0,5
4,0.05,642,16,4,0
4,0.05,643,14,2,4
4,0.05,644,12,0,2
4,0.05,645,14,2,0
4,0.05,646,15,3,2
4,0.05,647,16,3,2
4,0.05,648,14,1,3
4,0.05,649,14,1,1
4,0.05,650,15,1,0
4,0.05,651,17,2,0
4,0.05,652,16,0,1
4,0.05,653,16,1,1
4,0.05,654,16,1,1
4,0.05,655,16,1,1
4,0.05,656,16,1,1
4,0.05,657,16,0,0
4,0.05,658,16,0,0
4,0.05,659,16,0,0
4,0.05,660,17,1,0
4,0.05,661,16,0,1
4,0.05,662,16,0,0
4,0.05,663,16,0,0
4,0.05,664,16,0,0
4,0.05,665,16,0,0
4,0.05,666,16,0,0
4,0.05,667,16,0,0
4,0.05,668,16,0,0
4,0.05,669,16,0,0
4,0.05,670,16,0,0
4,0.05,671,16,0,0
4,0.05,672,16,0,0
4,0.05,673,16,0,0
4,0.05,674,16,0,0
4,0.05,675,16,0,0
4,0.05,676,16,0,0
4,0.05,677,14,0,2
4,0.05,678,16,2,0
4,0.05,679,16,0,0
4,0.05,680,16,0,0
4,0.05,681,16,0,0
4,0.05,682,16,0,0
4,0.05,683,16,0,0
4,0.05,684,16,0,0
4,0.05,685,16,0,0
4,0.05,686,16,0,0
4,0.05,687,16,0,0
4,0.05,688,16,0,0
4,0.05,689,16,0,0
4,0.05,690,16,0,0
4,0.05,691,17,1,0
4,0.05,692,16,0,1
4,0.05,693,16,0,0
4,0.05,694,16,0,0
4,0.05,695,16,0,0
4,0.05,696,16,0,0
4,0.05,697,16,0,0
4,0.05,698,16,0,0
4,0.05,699,16,0,0
4,0.05,700,16,0,0
4,0.05,701,16,0,0
4,0.05,702,16,0,0
4,0.05,703,16,0,0
4,0.05,704,16,0,0
4,0.05,705,16,0,0
4,0.05,706,16,0,0
4,0.05,707,17,1,0
4,0.05,708,16,0,1
4,0.05,709,16,0,0
4,0.05,710,16,0,0
4,0.05,711,16,0,0
4,0.05,712,16,0,0
4,0.05,713,16,0,0
4,0.05,714,16,0,0
4,0.05,715,16,0,0
4,0.05,716,16,0,0
4,0.05,717,16,0,0
4,0.05,718,16,0,0
4,0.05,719,16,0,0
4,0.05,720,16,0,0
4,0.05,721,16,0,0
4,0.05,722,16,0,0
4,0.05,723,16,0,0
4,0.05,724,16,0,0
4,0.05,725,16,0,0
4,0.05,726,16,0,0
4,0.05,727,16,0,0
4,0.05,728,16,0,0
4,0.05,729,16,0,0
4,0.05,730,16,0,0
4,0.05,731,16,0,0
4,0.05,732,16,0,0
4,0.05,733,16,0,0
4,0.05,734,16,0,0
4,0.05,735,16,0,0
4,0.05,736,17,1,0
4,0.05,737,16,0,1
4,0.05,738,16,0,0
4,0.05,739,16,0,0
4,0.05,740,16,0,0
4,0.05,741,16,0,0
4,0.05,742,16,0,0
4,0.05,743,16,0,0
4,0.05,744,16,0,0
4,0.05,745,16,0,0
4,0.05,746,16,0,0
4,0.05,747,16,0,0
4,0.05,748,16,0,0
4,0.05,749,16,0,0
4,0.05,750,16,0,0
4,0.05,751,17,1,0
4,0.05,752,16,0,1
4,0.05,753,16,0,0
4,0.05,754,17,1,0
4,0.05,755,16,0,1
4,0.05,756,16,0,0
4,0.05,757,16,0,0
4,0.05,758,16,0,0
4,0.05,759,16,0,0
4,0.05,760,16,0,0
4,0.05,761,16,0,0
4,0.05,762,16,0,0
4,0.05,763,16,0,0
4,0.05,764,16,0,0
4,0.05,765,16,0,0
4,0.05,766,16,0,0
4,0.05,767,16,0,0
4,0.05,768,16,0,0
4,0.05,769,16,0,0
4,0.05,770,16,0,0
4,0.05,771,16,0,0
4,0.05,772,16,0,0
4,0.05,773,16,0,0
4,0.05,774,16,0,0
4,0.05,775,16,0,0
4,0.05,776,16,0,0
4,0.05,777,16,0,0
4,0.05,778,16,0,0
4,0.05,779,16,0,0
4,0.05,780,16,0,0
4,0.05,781,16,0,0
4,0.05,782,16,0,0
4,0.05,783,14,0,2
4,0.05,784,16,2,0
4,0.05,785,16,0,0
4,0.05,786,16,0,0
4,0.05,787,16,0,0
4,0.05,788,16,0,0
4,0.05,789,16,0,0
4,0.05,790,16,0,0
4,0.05,791,16,0,0
4,0.05,792,16,0,0
4,0.05,793,14,0,2
4,0.05,794,16,2,0
4,0.05,795,16,0,0
4,0.05,796,16,0,0
4,0.05,797,16,0,0
4,0.05,798,16,0,0
4,0.05,799,16,0,0
4,0.05,800,16,0,0
4,0.05,801,16,0,0
4,0.05,802,16,0,0
4,0.05,803,16,0,0
4,0.05,804,16,0,0
4,0.05,805,16,0,0
4,0.05,806,16,0,0
4,0.05,807,16,0,0
4,0.05,808,16,0,0
4,0.05,809,16,0,0
4,0.05,810,16,0,0
4,0.05,811,16,0,0
4,0.05,812,16,0,0
4,0.05,813,16,0,0
4,0.05,814,16,0,0
4,0.05,815,17,1,0
4,0.05,816,16,0,1
4,0.05,817,16,0,0
4,0.05,818,16,0,0
4,0.05,819,16,0,0
4,0.05,820,16,0,0
4,0.05,821,16,0,0
4,0.05,822,16,0,0
4,0.05,823,16,0,0
4,0.05,824,16,0,0
4,0.05,825,16,0,0
4,0.05,826,16,0,0
4,0.05,827,17,1,0
4,0.05,828,16,0,1
4,0.05,829,16,0,0
4,0.05,830,16,0,0
4,0.05,831,16,0,0
4,0.05,832,16,0,0
4,0.05,833,16,0,0
4,0.05,834,16,0,0
4,0.05,835,16,0,0
4,0.05,836,16,0,0
4,0.05,837,16,0,0
4,0.05,838,16,0,0
4,0.05,839,16,0,0
4,0.05,840,16,0,0
4,0.05,841,16,0,0
4,0.05,842,16,0,0
4,0.05,843,16,0,0
4,0.05,844,16,0,0
4,0.05,845,16,0,0
4,0.05,846,16,0,0
4,0.05,847,16,0,0
4,0.05,848,16,0,0
4,0.05,849,16,0,0
4,0.05,850,16,0,0
4,0.05,851,16,0,0
4,0.05,852,16,0,0
4,0.05,853,16,0,0
4,0.05,854,16,0,0
4,0.05,855,16,0,0
4,0.05,856,16,0,0
4,0.05,857,16,0,0
4,0.05,858,16,0,0
4,0.05,859,16,0,0
4,0.05,860,16,0,0
4,0.05,861,16,0,0
4,0.05,862,16,0,0
4,0.05,863,16,0,0
4,0.05,864,16,0,0
4,0.05,865,16,0,0
4,0.05,866,16,0,0
4,0.05,867,16,0,0
4,0.05,868,16,0,0
4,0.05,869,16,0,0
4,0.05,870,16,0,0
4,0.05,871,16,0,0
4,0.05,872,16,0,0
4,0.05,873,16,0,0
4,0.05,874,16,0,0
4,0.05,875,16,0,0
4,0.05,876,16,0,0
4,0.05,877,16,0,0
4,0.05,878,16,0,0
4,0.05,879,16,0,0
4,0.05,880,16,0,0
4,0.05,881,16,0,0
4,0.05,882,16,0,0
4,0.05,883,16,0,0
4,0.05,884,16,0,0
4,0.05,885,16,0,0
4,0.05,886,16,0,0
4,0.05,887,16,0,0
4,0.05,888,16,0,0
4,0.05,889,16,0,0
4,0.05,890,16,0,0
4,0.05,891,16,0,0
4,0.05,892,16,0,0
4,0.05,893,16,0,0
4,0.05,894,16,0,0
4,0.05,895,15,1,2
4,0.05,896,9,0,6
4,0.05,897,15,6,0
4,0.05,898,8,0,7
4,0.05,899,8,0,0
4,0.05,900,16,8,0
4,0.05,901,9,0,7
4,0.05,902,14,5,0
4,0.05,903,16,2,0
4,0.05,904,16,0,0
4,0.05,905,13,0,3
4,0.05,906,16,3,0
4,0.05,907,15,0,1
4,0.05,908,15,0,0
4,0.05,909,14,0,1
4,0.05,910,4,0,10
4,0.05,911,13,9,0
4,0.05,912,6,0,7
4,0.05,913,13,7,0
4,0.05,914,13,0,0
4,0.05,915,14,1,0
4,0.05,916,13,0,1
4,0.05,917,14,1,0
4,0.05,918,14,0,0
4,0.05,919,13,0,1
4,0.05,920,10,1,4
4,0.05,921,14,4,0
4,0.05,922,13,0,1
4,0.05,923,13,0,0
4,0.05,924,13,1,1
4,0.05,925,10,1,4
4,0.05,926,14,5,1
4,0.05,927,14,0,0
4,0.05,928,14,0,0
4,0.05,929,13,0,1
4,0.05,930,14,2,1
4,0.05,931,15,1,0
4,0.05,932,14,0,1
4,0.05,933,15,1,0
4,0.05,934,13,0,2
4,0.05,935,15,2,0
4,0.05,936,14,0,1
4,0.05,937,14,1,1
4,0.05,938,16,2,0
4,0.05,939,14,0,2
4,0.05,940,15,1,0
4,0.05,941,15,0,0
4,0.05,942,14,0,1
4,0.05,943,14,1,1
4,0.05,944,14,0,0
4,0.05,945,12,0,2
4,0.05,946,13,1,0
4,0.05,947,14,1,0
4,0.05,948,14,1,1
4,0.05,949,15,1,0
4,0.05,950,14,0,1
4,0.05,951,14,1,1
4,0.05,952,15,1,0
4,0.05,953,14,0,1
4,0.05,954,15,1,0
4,0.05,955,15,1,1
4,0.05,956,15,1,1
4,0.05,957,16,1,0
4,0.05,958,14,0,2
4,0.05,959,15,1,0
4,0.05,960,16,2,1
4,0.05,961,15,1,2
4,0.05,962,15,1,1
4,0.05,963,14,0,1
4,0.05,964,15,1,0
4,0.05,965,15,0,0
4,0.05,966,12,0,3
4,0.05,967,12,0,0
4,0.05,968,14,2,0
4,0.05,969,14,0,0
4,0.05,970,14,0,0
4,0.05,971,15,1,0
4,0.05,972,15,0,0
4,0.05,973,15,1,1
4,0.05,974,15,0,0
4,0.05,975,12,0,3
4,0.05,976,14,2,0
4,0.05,977,15,1,0
4,0.05,978,14,0,1
4,0.05,979,14,0,0
4,0.05,980,15,1,0
4,0.05,981,15,0,0
4,0.05,982,14,0,1
4,0.05,983,16,2,0
4,0.05,984,15,0,1
4,0.05,985,14,0,1
4,0.05,986,14,0,0
4,0.05,987,15,1,0
4,0.05,988,15,0,0
4,0.05,989,15,0,0
4,0.05,990,15,0,0
4,0.05,991,15,0,0
4,0.05,992,14,0,1
4,0.05,993,14,0,0
4,0.05,994,14,0,0
4,0.05,995,15,1,0
4,0.05,996,14,0,1
4,0.05,997,14,0,0
4,0.05,998,14,0,0
4,0.05,999,15,1,0
4,0.05,1000,15,1,1
4,0.05,1001,15,0,0
4,0.05,1002,15,1,1
4,0.05,1003,14,0,1
4,0.05,1004,15,1,0
4,0.05,1005,15,1,1
4,0.05,1006,16,1,0
4,0.05,1007,15,0,1
4,0.05,1008,16,1,0
4,0.05,1009,15,0,1
4,0.05,1010,16,1,0
4,0.05,1011,15,0,1
4,0.05,1012,15,0,0
4,0.05,1013,16,1,0
4,0.05,1014,15,0,1
4,0.05,1015,15,0,0
4,0.05,1016,15,0,0
4,0.05,1017,15,0,0
4,0.05,1018,16,1,0
4,0.05,1019,15,0,1
4,0.05,1020,15,1,1
4,0.05,1021,15,0,0
4,0.05,1022,16,1,0
4,0.05,1023,16,0,0
4,0.05,1024,16,0,0
4,0.05,1025,15,0,1
4,0.05,1026,15,0,0
4,0.05,1027,16,1,0
4,0.05,1028,16,0,0
4,0.05,1029,16,0,0
4,0.05,1030,16,0,0
4,0.05,1031,16,0,0
4,0.05,1032,17,1,0
4,0.05,1033,17,0,0
4,0.05,1034,17,1,1
4,0.05,1035,16,0,1
4,0.05,1036,16,0,0
4,0.05,1037,16,0,0
4,0.05,1038,17,1,0
4,0.05,1039,17,1,1
4,0.05,1040,17,1,1
4,0.05,1041,16,0,1
4,0.05,1042,16,0,0
4,0.05,1043,16,0,0
4,0.05,1044,16,0,0
4,0.05,1045,16,0,0
4,0.05,1046,16,0,0
4,0.05,1047,17,1,0
4,0.05,1048,16,0,1
4,0.05,1049,18,2,0
4,0.05,1050,17,1,2
4,0.05,1051,16,0,1
4,0.05,1052,17,1,0
4,0.05,1053,16,0,1
4,0.05,1054,18,2,0
4,0.05,1055,18,1,1
4,0.05,1056,16,0,2
4,0.05,1057,17,1,0
4,0.05,1058,18,2,1
4,0.05,1059,16,0,2
4,0.05,1060,18,2,0
4,0.05,1061,17,1,2
4,0.05,1062,18,2,1
4,0.05,1063,19,1,0
4,0.05,1064,18,1,2
4,0.05,1065,17,1,2
4,0.05,1066,18,2,1
4,0.05,1067,16,0,2
4,0.05,1068,17,1,0
4,0.05,1069,18,1,0
4,0.05,1070,17,1,2
4,0.05,1071,17,1,1
4,0.05,1072,17,1,1
4,0.05,1073,19,2,0
4,0.05,1074,18,0,1
4,0.05,1075,18,1,1
4,0.05,1076,17,1,2
4,0.05,1077,18,1,0
4,0.05,1078,19,2,1
4,0.05,1079,17,0,2
4,0.05,1080,18,2,1
4,0.05,1081,17,0,1
4,0.05,1082,18,1,0
4,0.05,1083,18,0,0
4,0.05,1084,18,1,1
4,0.05,1085,17,0,1
4,0.05,1086,18,1,0
4,0.05,1087,19,1,0
4,0.05,1088,17,0,2
4,0.05,1089,16,0,1
4,0.05,1090,19,3,0
4,0.05,1091,18,1,2
4,0.05,1092,16,0,2
4,0.05,1093,18,2,0
4,0.05,1094,19,2,1
4,0.05,1095,18,0,1
4,0.05,1096,18,1,1
4,0.05,1097,17,1,2
4,0.05,1098,16,0,1
4,0.05,1099,17,1,0
4,0.05,1100,18,1,0
4,0.05,1101,18,0,0
4,0.05,1102,18,0,0
4,0.05,1103,18,0,0
4,0.05,1104,19,1,0
4,0.05,1105,17,0,2
4,0.05,1106,18,1,0
4,0.05,1107,18,0,0
4,0.05,1108,19,1,0
4,0.05,1109,20,1,0
4,0.05,1110,22,2,0
4,0.05,1111,22,0,0
4,0.05,1112,18,0,4
4,0.05,1113,18,0,0
4,0.05,1114,18,0,0
4,0.05,1115,19,1,0
4,0.05,1116,20,2,1
4,0.05,1117,19,1,2
4,0.05,1118,19,0,0
4,0.05,1119,19,0,0
4,0.05,1120,19,0,0
4,0.05,1121,18,0,1
4,0.05,1122,20,3,1
4,0.05,1123,16,0,4
4,0.05,1124,18,2,0
4,0.05,1125,18,0,0
4,0.05,1126,19,2,1
4,0.05,1127,18,1,2
4,0.05,1128,18,2,2
4,0.05,1129,18,1,1
4,0.05,1130,17,1,2
4,0.05,1131,18,2,1
4,0.05,1132,19,1,0
4,0.05,1133,20,1,0
4,0.05,1134,19,0,1
4,0.05,1135,17,0,2
4,0.05,1136,19,2,0
4,0.05,1137,19,0,0
4,0.05,1138,19,0,0
4,0.05,1139,19,1,1
4,0.05,1140,19,1,1
4,0.05,1141,19,0,0
4,0.05,1142,19,0,0
4,0.05,1143,19,0,0
4,0.05,1144,20,1,0
4,0.05,1145,19,0,1
4,0.05,1146,19,0,0
4,0.05,1147,20,1,0
4,0.05,1148,20,1,1
4,0.05,1149,19,0,1
4,0.05,1150,19,0,0
4,0.05,1151,19,0,0
4,0.05,1152,19,0,0
4,0.05,1153,19,0,0
4,0.05,1154,19,0,0
4,0.05,1155,19,0,0
4,0.05,1156,20,1,0
4,0.05,1157,19,0,1
4,0.05,1158,19,0,0
4,0.05,1159,19,0,0
4,0.05,1160,19,0,0
4,0.05,1161,19,0,0
4,0.05,1162,19,0,0
4,0.05,1163,20,1,0
4,0.05,1164,19,0,1
4,0.05,1165,19,0,0
4,0.05,1166,19,0,0
4,0.05,1167,19,0,0
4,0.05,1168,20,1,0
4,0.05,1169,19,0,1
4,0.05,1170,19,0,0
4,0.05,1171,19,0,0
4,0.05,1172,19,0,0
4,0.05,1173,19,0,0
4,0.05,1174,20,1,0
4,0.05,1175,19,0,1
4,0.05,1176,20,1,0
4,0.05,1177,18,0,2
4,0.05,1178,19,1,0
4,0.05,1179,19,1,1
4,0.05,1180,19,1,1
4,0.05,1181,19,1,1
4,0.05,1182,18,0,1
4,0.05,1183,18,0,0
4,0.05,1184,17,0,1
4,0.05,1185,19,2,0
4,0.05,1186,17,0,2
4,0.05,1187,18,1,0
4,0.05,1188,18,1,1
4,0.05,1189,18,1,1
4,0.05,1190,16,0,2
4,0.05,1191,16,0,0
4,0.05,1192,17,1,0
4,0.05,1193,17,1,1
4,0.05,1194,16,0,1
4,0.05,1195,17,1,0
4,0.05,1196,17,0,0
4,0.05,1197,16,0,1
4,0.05,1198,16,0,0
4,0.05,1199,17,1,0
4,0.05,1200,18,1,0
4,0.05,1201,17,0,1
4,0.05,1202,16,0,1
4,0.05,1203,17,1,0
4,0.05,1204,17,0,0
4,0.05,1205,17,0,0
4,0.05,1206,17,0,0
4,0.05,1207,17,0,0
4,0.05,1208,18,1,0
4,0.05,1209,17,0,1
4,0.05,1210,17,0,0
4,0.05,1211,16,0,1
4,0.05,1212,16,0,0
4,0.05,1213,17,1,0
4,0.05,1214,17,0,0
4,0.05,1215,17,0,0
4,0.05,1216,17,0,0
4,0.05,1217,16,0,1
4,0.05,1218,17,1,0
4,0.05,1219,17,0,0
4,0.05,1220,17,0,0
4,0.05,1221,17,0,0
4,0.05,1222,15,0,2
4,0.05,1223,17,2,0
4,0.05,1224,17,0,0
4,0.05,1225,17,0,0
4,0.05,1226,17,0,0
4,0.05,1227,17,0,0
4,0.05,1228,17,0,0
4,0.05,1229,17,0,0
4,0.05,1230,17,0,0
4,0.05,1231,17,0,0
4,0.05,1232,17,0,0
4,0.05,1233,16,0,1
4,0.05,1234,17,1,0
4,0.05,1235,17,0,0
4,0.05,1236,17,0,0
4,0.05,1237,17,0,0
4,0.05,1238,17,0,0
4,0.05,1239,17,0,0
4,0.05,1240,17,0,0
4,0.05,1241,17,0,0
4,0.05,1242,17,0,0
4,0.05,1243,17,0,0
4,0.05,1244,17,0,0
4,0.05,1245,17,0,0
4,0.05,1246,17,0,0
4,0.05,1247,18,1,0
4,0.05,1248,17,0,1
4,0.05,1249,17,0,0
4,0.05,1250,17,0,0
4,0.05,1251,17,0,0
4,0.05,1252,17,0,0
4,0.05,1253,17,0,0
4,0.05,1254,17,0,0
4,0.05,1255,17,0,0
4,0.05,1256,17,0,0
4,0.05,1257,17,0,0
4,0.05,1258,18,1,0
4,0.05,1259,18,0,0
4,0.05,1260,17,0,1
4,0.05,1261,18,1,0
4,0.05,1262,17,0,1
4,0.05,1263,18,1,0
4,0.05,1264,17,0,1
4,0.05,1265,17,0,0
4,0.05,1266,18,1,0
4,0.05,1267,18,0,0
4,0.05,1268,18,0,0
4,0.05,1269,18,0,0
4,0.05,1270,18,0,0
4,0.05,1271,17,0,1
4,0.05,1272,17,0,0
4,0.05,1273,16,0,1
4,0.05,1274,18,2,0
4,0.05,1275,18,0,0
4,0.05,1276,17,0,1
4,0.05,1277,17,0,0
4,0.05,1278,18,1,0
4,0.05,1279,18,0,0
4,0.05,1280,17,0,1
4,0.05,1281,17,0,0
4,0.05,1282,18,1,0
4,0.05,1283,18,0,0
4,0.05,1284,18,0,0
4,0.05,1285,18,0,0
4,0.05,1286,18,0,0
4,0.05,1287,17,0,1
4,0.05,1288,17,0,0
4,0.05,1289,18,1,0
4,0.05,1290,18,0,0
4,0.05,1291,18,0,0
4,0.05,1292,17,0,1
4,0.05,1293,17,0,0
4,0.05,1294,17,0,0
4,0.05,1295,17,0,0
4,0.05,1296,18,1,0
4,0.05,1297,17,0,1
4,0.05,1298,17,0,0
4,0.05,1299,17,0,0
4,0.05,1300,17,0,0
4,0.05,1301,17,0,0
4,0.05,1302,17,0,0
4,0.05,1303,17,0,0
4,0.05,1304,17,0,0
4,0.05,1305,18,1,0
4,0.05,1306,17,0,1
4,0.05,1307,17,0,0
4,0.05,1308,17,0,0
4,0.05,1309,17,0,0
4,0.05,1310,17,0,0
4,0.05,1311,17,0,0
4,0.05,1312,18,1,0
4,0.05,1313,17,0,1
4,0.05,1314,17,0,0
4,0.05,1315,17,0,0
4,0.05,1316,18,1,0
4,0.05,1317,18,0,0
4,0.05,1318,18,0,0
4,0.05,1319,18,0,0
4,0.05,1320,18,0,0
4,0.05,1321,18,0,0
4,0.05,1322,18,0,0
4,0.05,1323,18,0,0
4,0.05,1324,18,0,0
4,0.05,1325,18,0,0
4,0.05,1326,18,0,0
4,0.05,1327,18,0,0
4,0.05,1328,18,0,0
4,0.05,1329,18,0,0
4,0.05,1330,18,0,0
4,0.05,1331,18,0,0
4,0.05,1332,18,0,0
4,0.05,1333,18,0,0
4,0.05,1334,18,0,0
4,0.05,1335,18,0,0
4,0.05,1336,17,0,1
4,0.05,1337,16,0,1
4,0.05,1338,16,0,0
4,0.05,1339,16,0,0
4,0.05,1340,16,0,0
4,0.05,1341,16,0,0
4,0.05,1342,16,0,0
4,0.05,1343,16,0,0
4,0.05,1344,16,0,0
4,0.05,1345,16,0,0
4,0.05,1346,16,0,0
4,0.05,1347,16,0,0
4,0.05,1348,16,0,0
4,0.05,1349,16,0,0
4,0.05,1350,16,0,0
4,0.05,1351,16,0,0
4,0.05,1352,16,0,0
4,0.05,1353,16,0,0
4,0.05,1354,16,0,0
4,0.05,1355,16,0,0
4,0.05,1356,16,0,0
4,0.05,1357,16,0,0
4,0.05,1358,16,0,0
4,0.05,1359,17,1,0
4,0.05,1360,16,0,1
4,0.05,1361,17,1,0
4,0.05,1362,16,0,1
4,0.05,1363,17,1,0
4,0.05,1364,17,0,0
4,0.05,1365,17,0,0
4,0.05,1366,16,0,1
4,0.05,1367,17,1,0
4,0.05,1368,17,0,0
4,0.05,1369,17,0,0
4,0.05,1370,16,0,1
4,0.05,1371,16,0,0
4,0.05,1372,17,1,0
4,0.05,1373,17,0,0
4,0.05,1374,16,0,1
4,0.05,1375,16,0,0
4,0.05,1376,16,0,0
4,0.05,1377,16,0,0
4,0.05,1378,16,0,0
4,0.05,1379,16,0,0
4,0.05,1380,16,0,0
4,0.05,1381,16,0,0
4,0.05,1382,16,0,0
4,0.05,1383,16,0,0
4,0.05,1384,16,0,0
4,0.05,1385,16,0,0
4,0.05,1386,16,0,0
4,0.05,1387,16,0,0
4,0.05,1388,16,0,0
4,0.05,1389,16,0,0
4,0.05,1390,16,0,0
4,0.05,1391,16,0,0
4,0.05,1392,16,0,0
4,0.05,1393,16,0,0
4,0.05,1394,16,0,0
4,0.05,1395,16,0,0
4,0.05,1396,16,0,0
4,0.05,1397,16,0,0
4,0.05,1398,16,0,0
4,0.05,1399,16,0,0
4,0.05,1400,16,0,0
4,0.05,1401,16,0,0
4,0.05,1402,16,0,0
4,0.05,1403,16,0,0
4,0.05,1404,16,0,0
4,0.05,1405,16,0,0
4,0.05,1406,16,0,0
4,0.05,1407,16,0,0
4,0.05,1408,16,0,0
4,0.05,1409,14,0,2
4,0.05,1410,15,1,0
4,0.05,1411,16,2,1
4,0.05,1412,13,0,3
4,0.05,1413,16,3,0
4,0.05,1414,16,0,0
4,0.05,1415,16,0,0
4,0.05,1416,16,0,0
4,0.05,1417,16,0,0
4,0.05,1418,14,0,2
4,0.05,1419,16,2,0
4,0.05,1420,16,0,0
4,0.05,1421,16,0,0
4,0.05,1422,16,0,0
4,0.05,1423,16,0,0
4,0.05,1424,16,0,0
4,0.05,1425,16,0,0
4,0.05,1426,16,0,0
4,0.05,1427,16,0,0
4,0.05,1428,16,0,0
4,0.05,1429,16,0,0
4,0.05,1430,16,0,0
4,0.05,1431,16,0,0
4,0.05,1432,16,0,0
4,0.05,1433,16,0,0
4,0.05,1434,16,0,0
4,0.05,1435,16,0,0
4,0.05,1436,16,0,0
4,0.05,1437,16,0,0
4,0.05,1438,16,0,0
4,0.05,1439,16,0,0
4,0.05,1440,17,1,0
4,0.05,1441,16,0,1
4,0.05,1442,16,0,0
4,0.05,1443,16,0,0
4,0.05,1444,16,0,0
4,0.05,1445,17,1,0
4,0.05,1446,16,0,1
4,0.05,1447,16,0,0
4,0.05,1448,16,0,0
4,0.05,1449,16,0,0
4,0.05,1450,16,0,0
4,0.05,1451,16,0,0
4,0.05,1452,16,0,0
4,0.05,1453,16,0,0
4,0.05,1454,16,0,0
4,0.05,1455,16,0,0
4,0.05,1456,16,0,0
4,0.05,1457,16,0,0
4,0.05,1458,16,0,0
4,0.05,1459,16,0,0
4,0.05,1460,16,0,0
4,0.05,1461,16,0,0
4,0.05,1462,16,0,0
4,0.05,1463,16,0,0
4,0.05,1464,16,0,0
4,0.05,1465,16,0,0
4,0.05,1466,16,0,0
4,0.05,1467,16,0,0
4,0.05,1468,16,0,0
4,0.05,1469,16,0,0
4,0.05,1470,16,0,0
4,0.05,1471,16,0,0
4,0.05,1472,16,0,0
4,0.05,1473,16,0,0
4,0.05,1474,16,0,0
4,0.05,1475,16,0,0
4,0.05,1476,16,0,0
4,0.05,1477,16,0,0
4,0.05,1478,16,0,0
4,0.05,1479,16,0,0
4,0.05,1480,16,0,0
4,0.05,1481,16,0,0
4,0.05,1482,16,0,0
4,0.05,1483,16,0,0
4,0.05,1484,16,0,0
4,0.05,1485,16,0,0
4,0.05,1486,16,0,0
4,0.05,1487,17,1,0
4,0.05,1488,16,0,1
4,0.05,1489,16,0,0
4,0.05,1490,16,0,0
4,0.05,1491,16,0,0
4,0.05,1492,16,0,0
4,0.05,1493,16,0,0
4,0.05,1494,16,0,0
4,0.05,1495,16,0,0
4,0.05,1496,17,1,0
4,0.05,1497,17,1,1
4,0.05,1498,16,0,1
4,0.05,1499,16,0,0
4,0.05,1500,16,0,0
4,0.1,0,4,0,0
4,0.1,1,43,41,2
4,0.1,2,45,19,17
4,0.1,3,41,11,15
4,0.1,4,46,19,14
4,0.1,5,50,19,15
4,0.1,6,51,12,11
4,0.1,7,53,14,12
4,0.1,8,61,15,7
4,0.1,9,48,7,20
4,0.1,10,54,10,4
4,0.1,11,52,5,7
4,0.1,12,48,6,10
4,0.1,13,51,10,7
4,0.1,14,55,8,4
4,0.1,15,49,3,9
4,0.1,16,57,12,4
4,0.1,17,52,4,9
4,0.1,18,58,8,2
4,0.1,19,62,8,4
4,0.1,20,65,5,2
4,0.1,21,60,0,5
4,0.1,22,63,4,1
4,0.1,23,55,1,9
4,0.1,24,58,5,2
4,0.1,25,60,3,1
4,0.1,26,61,2,1
4,0.1,27,60,1,2
4,0.1,28,60,1,1
4,0.1,29,51,0,9
4,0.1,30,55,4,0
4,0.1,31,59,4,0
4,0.1,32,58,2,3
4,0.1,33,50,1,9
4,0.1,34,55,5,0
4,0.1,35,49,1,7
4,0.1,36,51,5,3
4,0.1,37,49,2,4
4,0.1,38,53,4,0
4,0.1,39,51,3,5
4,0.1,40,47,1,5
4,0.1,41,39,0,8
4,0.1,42,46,9,2
4,0.1,43,44,2,4
4,0.1,44,39,4,9
4,0.1,45,41,4,2
4,0.1,46,44,7,4
4,0.1,47,47,7,4
4,0.1,48,41,2,8
4,0.1,49,41,4,4
4,0.1,50,47,7,1
4,0.1,51,47,2,2
4,0.1,52,49,4,2
4,0.1,53,43,1,7
4,0.1,54,42,6,7
4,0.1,55,43,6,5
4,0.1,56,41,3,5
4,0.1,57,43,5,3
4,0.1,58,37,2,8
4,0.1,59,43,8,2
4,0.1,60,39,3,7
4,0.1,61,42,5,2
4,0.1,62,37,2,7
4,0.1,63,39,4,2
4,0.1,64,38,5,6
4,0.1,65,39,3,2
4,0.1,66,39,2,2
4,0.1,67,39,2,2
4,0.1,68,37,0,2
4,0.1,69,39,2,0
4,0.1,70,40,2,1
4,0.1,71,38,0,2
4,0.1,72,30,3,11
4,0.1,73,39,11,2
4,0.1,74,39,0,0
4,0.1,75,38,2,3
4,0.1,76,38,3,3
4,0.1,77,32,0,6
4,0.1,78,42,10,0
4,0.1,79,36,0,6
4,0.1,80,38,2,0
4,0.1,81,38,2,2
4,0.1,82,39,2,1
4,0.1,83,38,1,2
4,0.1,84,33,0,5
4,0.1,85,36,4,1
4,0.1,86,38,2,0
4,0.1,87,36,0,2
4,0.1,88,39,3,0
4,0.1,89,39,0,0
4,0.1,90,36,0,3
4,0.1,91,37,1,0
4,0.1,92,37,2,2
4,0.1,93,35,2,4
4,0.1,94,39,4,0
4,0.1,95,37,0,2
4,0.1,96,23,1,15
4,0.1,97,31,9,1
4,0.1,98,27,3,7
4,0.1,99,28,3,2
4,0.1,100,32,5,1
4,0.1,101,25,1,8
4,0.1,102,32,8,1
4,0.1,103,28,1,5
4,0.1,104,33,6,1
4,0.1,105,31,1,3
4,0.1,106,28,2,5
4,0.1,107,29,2,1
4,0.1,108,21,1,9
4,0.1,109,25,8,4
4,0.1,110,26,5,4
4,0.1,111,24,3,5
4,0.1,112,21,3,6
4,0.1,113,21,5,5
4,0.1,114,27,9,3
4,0.1,115,26,2,3
4,0.1,116,16,1,11
4,0.1,117,24,8,0
4,0.1,118,27,5,2
4,0.1,119,27,2,2
4,0.1,120,20,2,9
4,0.1,121,28,8,0
4,0.1,122,32,5,1
4,0.1,123,27,0,5
4,0.1,124,31,5,1
4,0.1,125,30,1,2
4,0.1,126,31,2,1
4,0.1,127,30,0,1
4,0.1,128,30,0,0
4,0.1,129,29,0,1
4,0.1,130,29,1,1
4,0.1,131,28,0,1
4,0.1,132,28,1,1
4,0.1,133,30,3,1
4,0.1,134,31,1,0
4,0.1,135,29,0,2
4,0.1,136,29,1,1
4,0.1,137,28,0,1
4,0.1,138,28,1,1
4,0.1,139,29,2,1
4,0.1,140,29,0,0
4,0.1,141,31,2,0
4,0.1,142,26,0,5
4,0.1,143,30,4,0
4,0.1,144,30,0,0
4,0.1,145,29,1,2
4,0.1,146,30,2,1
4,0.1,147,29,0,1
4,0.1,148,28,0,1
4,0.1,149,28,1,1
4,0.1,150,28,1,1
4,0.1,151,28,1,1
4,0.1,152,27,0,1
4,0.1,153,29,2,0
4,0.1,154,29,1,1
4,0.1,155,27,1,3
4,0.1,156,28,2,1
4,0.1,157,29,1,0
4,0.1,158,29,1,1
4,0.1,159,28,0,1
4,0.1,160,28,0,0
4,0.1,161,28,0,0
4,0.1,162,28,0,0
4,0.1,163,29,1,0
4,0.1,164,28,0,1
4,0.1,165,29,1,0
4,0.1,166,26,1,4
4,0.1,167,26,1,1
4,0.1,168,26,0,0
4,0.1,169,24,2,4
4,0.1,170,27,3,0
4,0.1,171,28,2,1
4,0.1,172,28,1,1
4,0.1,173,29,1,0
4,0.1,174,27,0,2
4,0.1,175,27,1,1
4,0.1,176,26,1,2
4,0.1,177,27,2,1
4,0.1,178,22,0,5
4,0.1,179,20,1,3
4,0.1,180,26,6,0
4,0.1,181,27,1,0
4,0.1,182,24,1,4
4,0.1,183,26,3,1
4,0.1,184,23,0,3
4,0.1,185,26,3,0
4,0.1,186,26,1,1
4,0.1,187,25,0,1
4,0.1,188,24,0,1
4,0.1,189,25,1,0
4,0.1,190,26,1,0
4,0.1,191,25,0,1
4,0.1,192,27,2,0
4,0.1,193,27,0,0
4,0.1,194,26,0,1
4,0.1,195,26,0,0
4,0.1,196,26,0,0
4,0.1,197,26,0,0
4,0.1,198,26,0,0
4,0.1,199,25,0,1
4,0.1,200,24,0,1
4,0.1,201,25,1,0
4,0.1,202,24,0,1
4,0.1,203,24,0,0
4,0.1,204,25,1,0
4,0.1,205,25,0,0
4,0.1,206,25,0,0
4,0.1,207,24,0,1
4,0.1,208,25,1,0
4,0.1,209,26,1,0
4,0.1,210,26,0,0
4,0.1,211,25,0,1
4,0.1,212,25,1,1
4,0.1,213,25,1,1
4,0.1,214,25,1,1
4,0.1,215,25,1,1
4,0.1,216,26,2,1
4,0.1,217,27,1,0
4,0.1,218,25,0,2
4,0.1,219,26,1,0
4,0.1,220,25,0,1
4,0.1,221,25,1,1
4,0.1,222,24,0,1
4,0.1,223,24,0,0
4,0.1,224,24,0,0
4,0.1,225,23,0,1
4,0.1,226,24,1,0
4,0.1,227,21,0,3
4,0.1,228,23,2,0
4,0.1,229,23,0,0
4,0.1,230,24,1,0
4,0.1,231,24,0,0
4,0.1,232,23,0,1
4,0.1,233,24,1,0
4,0.1,234,24,0,0
4,0.1,235,23,0,1
4,0.1,236,24,1,0
4,0.1,237,24,0,0
4,0.1,238,24,0,0
4,0.1,239,23,0,1
4,0.1,240,24,1,0
4,0.1,241,25,1,0
4,0.1,242,22,0,3
4,0.1,243,22,1,1
4,0.1,244,24,2,0
4,0.1,245,22,0,2
4,0.1,246,24,2,0
4,0.1,247,25,1,0
4,0.1,248,24,0,1
4,0.1,249,25,1,0
4,0.1,250,22,0,3
4,0.1,251,24,2,0
4,0.1,252,24,1,1
4,0.1,253,24,0,0
4,0.1,254,23,0,1
4,0.1,255,24,1,0
4,0.1,256,23,0,1
4,0.1,257,22,0,1
4,0.1,258,24,2,0
4,0.1,259,24,0,0
4,0.1,260,22,0,2
4,0.1,261,23,1,0
4,0.1,262,23,0,0
4,0.1,263,23,0,0
4,0.1,264,22,0,1
4,0.1,265,16,0,6
4,0.1,266,22,6,0
4,0.1,267,22,0,0
4,0.1,268,22,0,0
4,0.1,269,24,2,0
4,0.1,270,22,0,2
4,0.1,271,22,1,1
4,0.1,272,22,0,0
4,0.1,273,23,1,0
4,0.1,274,22,0,1
4,0.1,275,21,0,1
4,0.1,276,22,1,0
4,0.1,277,23,1,0
4,0.1,278,23,0,0
4,0.1,279,23,1,1
4,0.1,280,24,2,1
4,0.1,281,22,0,2
4,0.1,282,22,1,1
4,0.1,283,22,1,1
4,0.1,284,21,0,1
4,0.1,285,22,1,0
4,0.1,286,21,0,1
4,0.1,287,21,0,0
4,0.1,288,21,0,0
4,0.1,289,21,0,0
4,0.1,290,22,1,0
4,0.1,291,21,0,1
4,0.1,292,21,0,0
4,0.1,293,21,0,0
4,0.1,294,21,0,0
4,0.1,295,21,0,0
4,0.1,296,21,0,0
4,0.1,297,21,0,0
4,0.1,298,21,0,0
4,0.1,299,21,0,0
4,0.1,300,21,0,0
4,0.1,301,22,1,0
4,0.1,302,21,0,1
4,0.1,303,21,0,0
4,0.1,304,21,0,0
4,0.1,305,21,0,0
4,0.1,306,18,0,3
4,0.1,307,21,3,0
4,0.1,308,21,0,0
4,0.1,309,21,0,0
4,0.1,310,21,0,0
4,0.1,311,21,0,0
4,0.1,312,21,0,0
4,0.1,313,21,0,0
4,0.1,314,21,0,0
4,0.1,315,21,0,0
4,0.1,316,21,0,0
4,0.1,317,21,0,0
4,0.1,318,21,0,0
4,0.1,319,19,0,2
4,0.1,320,20,1,0
4,0.1,321,19,0,1
4,0.1,322,21,2,0
4,0.1,323,21,0,0
4,0.1,324,19,0,2
4,0.1,325,20,1,0
4,0.1,326,20,1,1
4,0.1,327,20,1,1
4,0.1,328,21,1,0
4,0.1,329,21,1,1
4,0.1,330,20,0,1
4,0.1,331,20,0,0
4,0.1,332,20,1,1
4,0.1,333,19,0,1
4,0.1,334,18,1,2
4,0.1,335,18,0,0
4,0.1,336,19,2,1
4,0.1,337,20,1,0
4,0.1,338,20,0,0
4,0.1,339,21,1,0
4,0.1,340,20,0,1
4,0.1,341,20,0,0
4,0.1,342,21,1,0
4,0.1,343,20,0,1
4,0.1,344,21,1,0
4,0.1,345,20,0,1
4,0.1,346,20,0,0
4,0.1,347,21,1,0
4,0.1,348,20,0,1
4,0.1,349,20,0,0
4,0.1,350,21,1,0
4,0.1,351,20,0,1
4,0.1,352,20,0,0
4,0.1,353,21,1,0
4,0.1,354,21,0,0
4,0.1,355,21,0,0
4,0.1,356,21,0,0
4,0.1,357,20,0,1
4,0.1,358,20,0,0
4,0.1,359,20,0,0
4,0.1,360,21,1,0
4,0.1,361,20,0,1
4,0.1,362,19,0,1
4,0.1,363,20,1,0
4,0.1,364,19,0,1
4,0.1,365,20,1,0
4,0.1,366,21,1,0
4,0.1,367,20,0,1
4,0.1,368,20,0,0
4,0.1,369,20,0,0
4,0.1,370,20,0,0
4,0.1,371,20,0,0
4,0.1,372,20,0,0
4,0.1,373,20,0,0
4,0.1,374,20,0,0
4,0.1,375,19,0,1
4,0.1,376,20,1,0
4,0.1,377,20,0,0
4,0.1,378,20,0,0
4,0.1,379,20,0,0
4,0.1,380,18,0,2
4,0.1,381,17,0,1
4,0.1,382,17,0,0
4,0.1,383,19,2,0
4,0.1,384,19,0,0
4,0.1,385,19,0,0
4,0.1,386,19,0,0
4,0.1,387,17,0,2
4,0.1,388,18,1,0
4,0.1,389,19,1,0
4,0.1,390,17,0,2
4,0.1,391,17,0,0
4,0.1,392,17,0,0
4,0.1,393,19,2,0
4,0.1,394,19,0,0
4,0.1,395,20,1,0
4,0.1,396,20,1,1
4,0.1,397,19,0,1
4,0.1,398,19,0,0
4,0.1,399,19,0,0
4,0.1,400,18,0,1
4,0.1,401,20,2,0
4,0.1,402,20,1,1
4,0.1,403,19,0,1
4,0.1,404,20,1,0
4,0.1,405,20,0,0
4,0.1,406,17,0,3
4,0.1,407,19,2,0
4,0.1,408,17,0,2
4,0.1,409,19,2,0
4,0.1,410,19,0,0
4,0.1,411,19,0,0
4,0.1,412,19,0,0
4,0.1,413,20,1,0
4,0.1,414,19,0,1
4,0.1,415,19,0,0
4,0.1,416,20,1,0
4,0.1,417,19,0,1
4,0.1,418,19,0,0
4,0.1,419,19,0,0
4,0.1,420,19,0,0
4,0.1,421,19,0,0
4,0.1,422,19,0,0
4,0.1,423,19,0,0
4,0.1,424,19,0,0
4,0.1,425,19,0,0
4,0.1,426,20,1,0
4,0.1,427,19,0,1
4,0.1,428,20,1,0
4,0.1,429,20,1,1
4,0.1,430,19,0,1
4,0.1,431,19,0,0
4,0.1,432,19,0,0
4,0.1,433,19,0,0
4,0.1,434,19,0,0
4,0.1,435,20,1,0
4,0.1,436,19,0,1
4,0.1,437,20,1,0
4,0.1,438,20,0,0
4,0.1,439,19,0,1
4,0.1,440,19,0,0
4,0.1,441,20,1,0
4,0.1,442,20,1,1
4,0.1,443,20,1,1
4,0.1,444,20,1,1
4,0.1,445,19,0,1
4,0.1,446,19,0,0
4,0.1,447,19,0,0
4,0.1,448,19,0,0
4,0.1,449,20,1,0
4,0.1,450,19,0,1
4,0.1,451,19,0,0
4,0.1,452,19,0,0
4,0.1,453,19,0,0
4,0.1,454,19,0,0
4,0.1,455,19,0,0
4,0.1,456,19,0,0
4,0.1,457,19,0,0
4,0.1,458,19,0,0
4,0.1,459,19,0,0
4,0.1,460,19,0,0
4,0.1,461,19,0,0
4,0.1,462,19,0,0
4,0.1,463,19,0,0
4,0.1,464,19,0,0
4,0.1,465,20,1,0
4,0.1,466,20,0,0
4,0.1,467,19,0,1
4,0.1,468,20,1,0
4,0.1,469,20,1,1
4,0.1,470,19,0,1
4,0.1,471,20,1,0
4,0.1,472,19,0,1
4,0.1,473,19,0,0
4,0.1,474,19,0,0
4,0.1,475,19,0,0
4,0.1,476,20,1,0
4,0.1,477,19,0,1
4,0.1,478,19,0,0
4,0.1,479,19,0,0
4,0.1,480,20,1,0
4,0.1,481,19,0,1
4,0.1,482,19,0,0
4,0.1,483,19,0,0
4,0.1,484,19,0,0
4,0.1,485,19,0,0
4,0.1,486,19,0,0
4,0.1,487,19,0,0
4,0.1,488,19,0,0
4,0.1,489,19,0,0
4,0.1,490,19,0,0
4,0.1,491,19,0,0
4,0.1,492,19,0,0
4,0.1,493,19,0,0
4,0.1,494,19,0,0
4,0.1,495,18,0,1
4,0.1,496,19,1,0
4,0.1,497,20,1,0
4,0.1,498,19,0,1
4,0.1,499,19,0,0
4,0.1,500,19,0,0
4,0.1,501,19,0,0
4,0.1,502,19,0,0
4,0.1,503,18,0,1
4,0.1,504,19,1,0
4,0.1,505,19,0,0
4,0.1,506,19,0,0
4,0.1,507,19,0,0
4,0.1,508,19,0,0
4,0.1,509,19,0,0
4,0.1,510,19,0,0
4,0.1,511,19,0,0
4,0.1,512,19,0,0
4,0.1,513,19,0,0
4,0.1,514,19,0,0
4,0.1,515,19,0,0
4,0.1,516,19,0,0
4,0.1,517,19,0,0
4,0.1,518,19,0,0
4,0.1,519,19,0,0
4,0.1,520,19,0,0
4,0.1,521,19,0,0
4,0.1,522,19,0,0
4,0.1,523,19,0,0
4,0.1,524,19,0,0
4,0.1,525,19,0,0
4,0.1,526,19,0,0
4,0.1,527,19,0,0
4,0.1,528,19,0,0
4,0.1,529,19,0,0
4,0.1,530,19,0,0
4,0.1,531,19,0,0
4,0.1,532,19,0,0
4,0.1,533,19,0,0
4,0.1,534,19,0,0
4,0.1,535,19,0,0
4,0.1,536,19,0,0
4,0.1,537,19,0,0
4,0.1,538,19,0,0
4,0.1,539,19,0,0
4,0.1,540,19,0,0
4,0.1,541,19,0,0
4,0.1,542,19,0,0
4,0.1,543,19,0,0
4,0.1,544,19,0,0
4,0.1,545,19,0,0
4,0.1,546,19,0,0
4,0.1,547,19,0,0
4,0.1,548,19,0,0
4,0.1,549,20,1,0
4,0.1,550,19,0,1
4,0.1,551,19,0,0
4,0.1,552,19,0,0
4,0.1,553,19,0,0
4,0.1,554,19,0,0
4,0.1,555,19,0,0
4,0.1,556,19,0,0
4,0.1,557,20,1,0
4,0.1,558,19,0,1
4,0.1,559,19,0,0
4,0.1,560,19,0,0
4,0.1,561,19,0,0
4,0.1,562,19,0,0
4,0.1,563,19,0,0
4,0.1,564,20,1,0
4,0.1,565,19,0,1
4,0.1,566,20,1,0
4,0.1,567,19,0,1
4,0.1,568,19,0,0
4,0.1,569,19,0,0
4,0.1,570,19,0,0
4,0.1,571,19,0,0
4,0.1,572,19,0,0
4,0.1,573,19,0,0
4,0.1,574,19,0,0
4,0.1,575,19,0,0
4,0.1,576,20,1,0
4,0.1,577,19,0,1
4,0.1,578,19,0,0
4,0.1,579,19,0,0
4,0.1,580,19,0,0
4,0.1,581,19,0,0
4,0.1,582,19,0,0
4,0.1,583,19,0,0
4,0.1,584,19,0,0
4,0.1,585,19,0,0
4,0.1,586,19,0,0
4,0.1,587,19,0,0
4,0.1,588,19,0,0
4,0.1,589,19,0,0
4,0.1,590,19,0,0
4,0.1,591,19,0,0
4,0.1,592,19,0,0
4,0.1,593,19,0,0
4,0.1,594,19,0,0
4,0.1,595,19,0,0
4,0.1,596,19,0,0
4,0.1,597,19,0,0
4,0.1,598,19,0,0
4,0.1,599,19,0,0
4,0.1,600,19,0,0
4,0.1,601,19,0,0
4,0.1,602,19,0,0
4,0.1,603,17,0,2
4,0.1,604,19,2,0
4,0.1,605,19,0,0
4,0.1,606,19,0,0
4,0.1,607,19,0,0
4,0.1,608,19,0,0
4,0.1,609,19,0,0
4,0.1,610,19,0,0
4,0.1,611,19,0,0
4,0.1,612,20,1,0
4,0.1,613,19,0,1
4,0.1,614,19,0,0
4,0.1,615,19,0,0
4,0.1,616,17,0,2
4,0.1,617,17,0,0
4,0.1,618,17,0,0
4,0.1,619,17,0,0
4,0.1,620,19,2,0
4,0.1,621,17,0,2
4,0.1,622,17,0,0
4,0.1,623,18,1,0
4,0.1,624,18,0,0
4,0.1,625,17,0,1
4,0.1,626,18,1,0
4,0.1,627,12,0,6
4,0.1,628,17,5,0
4,0.1,629,16,0,1
4,0.1,630,17,1,0
4,0.1,631,17,0,0
4,0.1,632,18,1,0
4,0.1,633,19,1,0
4,0.1,634,17,0,2
4,0.1,635,21,4,0
4,0.1,636,17,0,4
4,0.1,637,18,1,0
4,0.1,638,18,0,0
4,0.1,639,18,1,1
4,0.1,640,17,1,2
4,0.1,641,16,0,1
4,0.1,642,18,2,0
4,0.1,643,16,0,2
4,0.1,644,12,0,4
4,0.1,645,14,2,0
4,0.1,646,18,4,0
4,0.1,647,17,1,2
4,0.1,648,17,1,1
4,0.1,649,16,1,2
4,0.1,650,16,1,1
4,0.1,651,17,1,0
4,0.1,652,16,0,1
4,0.1,653,17,1,0
4,0.1,654,16,0,1
4,0.1,655,17,1,0
4,0.1,656,16,0,1
4,0.1,657,16,0,0
4,0.1,658,16,0,0
4,0.1,659,16,0,0
4,0.1,660,17,1,0
4,0.1,661,16,0,1
4,0.1,662,16,0,0
4,0.1,663,17,1,0
4,0.1,664,16,0,1
4,0.1,665,17,1,0
4,0.1,666,16,0,1
4,0.1,667,16,0,0
4,0.1,668,16,0,0
4,0.1,669,16,0,0
4,0.1,670,16,0,0
4,0.1,671,16,0,0
4,0.1,672,16,0,0
4,0.1,673,16,0,0
4,0.1,674,16,0,0
4,0.1,675,16,0,0
4,0.1,676,16,0,0
4,0.1,677,17,1,0
4,0.1,678,16,0,1
4,0.1,679,16,0,0
4,0.1,680,16,0,0
4,0.1,681,16,0,0
4,0.1,682,16,0,0
4,0.1,683,16,0,0
4,0.1,684,17,1,0
4,0.1,685,16,0,1
4,0.1,686,16,0,0
4,0.1,687,16,0,0
4,0.1,688,16,0,0
4,0.1,689,16,0,0
4,0.1,690,16,0,0
4,0.1,691,17,1,0
4,0.1,692,16,0,1
4,0.1,693,16,0,0
4,0.1,694,16,0,0
4,0.1,695,16,0,0
4,0.1,696,16,0,0
4,0.1,697,16,0,0
4,0.1,698,16,0,0
4,0.1,699,16,0,0
4,0.1,700,16,0,0
4,0.1,701,16,0,0
4,0.1,702,16,0,0
4,0.1,703,16,0,0
4,0.1,704,16,0,0
4,0.1,705,16,0,0
4,0.1,706,16,0,0
4,0.1,707,17,1,0
4,0.1,708,16,0,1
4,0.1,709,17,1,0
4,0.1,710,16,0,1
4,0.1,711,16,0,0
4,0.1,712,16,0,0
4,0.1,713,16,0,0
4,0.1,714,16,0,0
4,0.1,715,16,0,0
4,0.1,716,16,0,0
4,0.1,717,16,0,0
4,0.1,718,16,0,0
4,0.1,719,16,0,0
4,0.1,720,16,0,0
4,0.1,721,17,1,0
4,0.1,722,16,0,1
4,0.1,723,16,0,0
4,0.1,724,16,0,0
4,0.1,725,16,0,0
4,0.1,726,16,0,0
4,0.1,727,16,0,0
4,0.1,728,16,0,0
4,0.1,729,16,0,0
4,0.1,730,16,0,0
4,0.1,731,16,0,0
4,0.1,732,16,0,0
4,0.1,733,17,1,0
4,0.1,734,16,0,1
4,0.1,735,16,0,0
4,0.1,736,17,1,0
4,0.1,737,16,0,1
4,0.1,738,16,0,0
4,0.1,739,16,0,0
4,0.1,740,16,0,0
4,0.1,741,16,0,0
4,0.1,742,16,0,0
4,0.1,743,16,0,0
4,0.1,744,16,0,0
4,0.1,745,16,0,0
4,0.1,746,16,0,0
4,0.1,747,16,0,0
4,0.1,748,16,0,0
4,0.1,749,16,0,0
4,0.1,750,16,0,0
4,0.1,751,17,1,0
4,0.1,752,16,0,1
4,0.1,753,16,0,0
4,0.1,754,17,1,0
4,0.1,755,16,0,1
4,0.1,756,16,0,0
4,0.1,757,16,0,0
4,0.1,758,16,0,0
4,0.1,759,16,0,0
4,0.1,760,16,0,0
4,0.1,761,16,0,0
4,0.1,762,17,1,0
4,0.1,763,16,0,1
4,0.1,764,16,0,0
4,0.1,765,16,0,0
4,0.1,766,16,0,0
4,0.1,767,16,0,0
4,0.1,768,16,0,0
4,0.1,769,16,0,0
4,0.1,770,16,0,0
4,0.1,771,16,0,0
4,0.1,772,16,0,0
4,0.1,773,16,0,0
4,0.1,774,16,0,0
4,0.1,775,16,0,0
4,0.1,776,16,0,0
4,0.1,777,16,0,0
4,0.1,778,16,0,0
4,0.1,779,16,0,0
4,0.1,780,17,1,0
4,0.1,781,16,0,1
4,0.1,782,16,0,0
4,0.1,783,16,0,0
4,0.1,784,16,0,0
4,0.1,785,16,0,0
4,0.1,786,16,0,0
4,0.1,787,16,0,0
4,0.1,788,16,0,0
4,0.1,789,16,0,0
4,0.1,790,16,0,0
4,0.1,791,16,0,0
4,0.1,792,16,0,0
4,0.1,793,16,0,0
4,0.1,794,16,0,0
4,0.1,795,16,0,0
4,0.1,796,16,0,0
4,0.1,797,16,0,0
4,0.1,798,16,0,0
4,0.1,799,16,0,0
4,0.1,800,17,1,0
4,0.1,801,16,0,1
4,0.1,802,16,0,0
4,0.1,803,16,0,0
4,0.1,804,16,0,0
4,0.1,805,16,0,0
4,0.1,806,16,0,0
4,0.1,807,16,0,0
4,0.1,808,16,0,0
4,0.1,809,16,0,0
4,0.1,810,16,0,0
4,0.1,811,16,0,0
4,0.1,812,16,0,0
4,0.1,813,16,0,0
4,0.1,814,16,0,0
4,0.1,815,17,1,0
4,0.1,816,16,0,1
4,0.1,817,16,0,0
4,0.1,818,16,0,0
4,0.1,819,17,1,0
4,0.1,820,16,0,1
4,0.1,821,16,0,0
4,0.1,822,16,0,0
4,0.1,823,16,0,0
4,0.1,824,16,0,0
4,0.1,825,16,0,0
4,0.1,826,16,0,0
4,0.1,827,17,1,0
4,0.1,828,16,0,1
4,0.1,829,16,0,0
4,0.1,830,17,1,0
4,0.1,831,16,0,1
4,0.1,832,16,0,0
4,0.1,833,16,0,0
4,0.1,834,16,0,0
4,0.1,835,16,0,0
4,0.1,836,16,0,0
4,0.1,837,16,0,0
4,0.1,838,16,0,0
4,0.1,839,16,0,0
4,0.1,840,16,0,0
4,0.1,841,16,0,0
4,0.1,842,16,0,0
4,0.1,843,16,0,0
4,0.1,844,16,0,0
4,0.1,845,17,1,0
4,0.1,846,16,0,1
4,0.1,847,16,0,0
4,0.1,848,16,0,0
4,0.1,849,16,0,0
4,0.1,850,16,0,0
4,0.1,851,16,0,0
4,0.1,852,16,0,0
4,0.1,853,16,0,0
4,0.1,854,16,0,0
4,0.1,855,16,0,0
4,0.1,856,16,0,0
4,0.1,857,16,0,0
4,0.1,858,16,0,0
4,0.1,859,16,0,0
4,0.1,860,16,0,0
4,0.1,861,16,0,0
4,0.1,862,16,0,0
4,0.1,863,16,0,0
4,0.1,864,16,0,0
4,0.1,865,16,0,0
4,0.1,866,16,0,0
4,0.1,867,16,0,0
4,0.1,868,16,0,0
4,0.1,869,16,0,0
4,0.1,870,16,0,0
4,0.1,871,16,0,0
4,0.1,872,16,0,0
4,0.1,873,16,0,0
4,0.1,874,16,0,0
4,0.1,875,16,0,0
4,0.1,876,16,0,0
4,0.1,877,16,0,0
4,0.1,878,16,0,0
4,0.1,879,16,0,0
4,0.1,880,16,0,0
4,0.1,881,16,0,0
4,0.1,882,16,0,0
4,0.1,883,16,0,0
4,0.1,884,16,0,0
4,0.1,885,16,0,0
4,0.1,886,16,0,0
4,0.1,887,16,0,0
4,0.1,888,16,0,0
4,0.1,889,16,0,0
4,0.1,890,16,0,0
4,0.1,891,16,0,0
4,0.1,892,16,0,0
4,0.1,893,16,0,0
4,0.1,894,17,1,0
4,0.1,895,16,1,2
4,0.1,896,14,0,2
4,0.1,897,16,2,0
4,0.1,898,15,0,1
4,0.1,899,14,0,1
4,0.1,900,16,2,0
4,0.1,901,15,0,1
4,0.1,902,15,0,0
4,0.1,903,16,1,0
4,0.1,904,16,0,0
4,0.1,905,16,0,0
4,0.1,906,16,0,0
4,0.1,907,16,0,0
4,0.1,908,16,0,0
4,0.1,909,15,0,1
4,0.1,910,6,0,9
4,0.1,911,15,9,0
4,0.1,912,8,0,7
4,0.1,913,13,5,0
4,0.1,914,14,1,0
4,0.1,915,16,2,0
4,0.1,916,14,0,2
4,0.1,917,14,0,0
4,0.1,918,14,0,0
4,0.1,919,15,1,0
4,0.1,920,14,0,1
4,0.1,921,15,1,0
4,0.1,922,14,0,1
4,0.1,923,14,0,0
4,0.1,924,14,0,0
4,0.1,925,15,1,0
4,0.1,926,15,1,1
4,0.1,927,14,0,1
4,0.1,928,15,1,0
4,0.1,929,14,0,1
4,0.1,930,15,1,0
4,0.1,931,15,0,0
4,0.1,932,15,1,1
4,0.1,933,15,0,0
4,0.1,934,13,0,2
4,0.1,935,16,3,0
4,0.1,936,16,0,0
4,0.1,937,15,0,1
4,0.1,938,16,1,0
4,0.1,939,15,0,1
4,0.1,940,16,1,0
4,0.1,941,15,0,1
4,0.1,942,15,0,0
4,0.1,943,15,0,0
4,0.1,944,15,0,0
4,0.1,945,13,0,2
4,0.1,946,15,2,0
4,0.1,947,14,0,1
4,0.1,948,15,1,0
4,0.1,949,16,1,0
4,0.1,950,15,0,1
4,0.1,951,15,1,1
4,0.1,952,15,0,0
4,0.1,953,15,1,1
4,0.1,954,16,1,0
4,0.1,955,16,1,1
4,0.1,956,16,1,1
4,0.1,957,16,0,0
4,0.1,958,15,0,1
4,0.1,959,15,0,0
4,0.1,960,18,3,0
4,0.1,961,15,0,3
4,0.1,962,16,1,0
4,0.1,963,16,0,0
4,0.1,964,15,0,1
4,0.1,965,15,0,0
4,0.1,966,13,0,2
4,0.1,967,14,1,0
4,0.1,968,14,0,0
4,0.1,969,14,0,0
4,0.1,970,14,0,0
4,0.1,971,16,2,0
4,0.1,972,15,0,1
4,0.1,973,15,1,1
4,0.1,974,15,0,0
4,0.1,975,14,0,1
4,0.1,976,15,1,0
4,0.1,977,16,1,0
4,0.1,978,15,1,2
4,0.1,979,15,0,0
4,0.1,980,15,1,1
4,0.1,981,16,1,0
4,0.1,982,15,0,1
4,0.1,983,16,1,0
4,0.1,984,16,0,0
4,0.1,985,15,0,1
4,0.1,986,17,2,0
4,0.1,987,15,0,2
4,0.1,988,15,0,0
4,0.1,989,15,0,0
4,0.1,990,16,1,0
4,0.1,991,15,0,1
4,0.1,992,14,0,1
4,0.1,993,15,1,0
4,0.1,994,15,0,0
4,0.1,995,16,1,0
4,0.1,996,15,0,1
4,0.1,997,16,1,0
4,0.1,998,15,0,1
4,0.1,999,15,0,0
4,0.1,1000,16,1,0
4,0.1,1001,16,0,0
4,0.1,1002,15,0,1
4,0.1,1003,16,1,0
4,0.1,1004,15,0,1
4,0.1,1005,16,1,0
4,0.1,1006,16,0,0
4,0.1,1007,16,0,0
4,0.1,1008,16,0,0
4,0.1,1009,16,0,0
4,0.1,1010,16,0,0
4,0.1,1011,16,0,0
4,0.1,1012,16,0,0
4,0.1,1013,16,0,0
4,0.1,1014,16,0,0
4,0.1,1015,16,0,0
4,0.1,1016,16,0,0
4,0.1,1017,16,0,0
4,0.1,1018,16,0,0
4,0.1,1019,16,0,0
4,0.1,1020,16,0,0
4,0.1,1021,16,0,0
4,0.1,1022,16,0,0
4,0.1,1023,16,0,0
4,0.1,1024,16,0,0
4,0.1,1025,17,1,0
4,0.1,1026,16,0,1
4,0.1,1027,16,0,0
4,0.1,1028,16,0,0
4,0.1,1029,16,0,0
4,0.1,1030,16,0,0
4,0.1,1031,16,0,0
4,0.1,1032,17,1,0
4,0.1,1033,17,0,0
4,0.1,1034,17,1,1
4,0.1,1035,16,0,1
4,0.1,1036,17,1,0
4,0.1,1037,17,1,1
4,0.1,1038,17,1,1
4,0.1,1039,18,1,0
4,0.1,1040,18,2,2
4,0.1,1041,17,0,1
4,0.1,1042,17,1,1
4,0.1,1043,17,1,1
4,0.1,1044,17,1,1
4,0.1,1045,17,0,0
4,0.1,1046,17,1,1
4,0.1,1047,19,3,1
4,0.1,1048,18,0,1
4,0.1,1049,18,1,1
4,0.1,1050,17,1,2
4,0.1,1051,16,0,1
4,0.1,1052,17,1,0
4,0.1,1053,16,0,1
4,0.1,1054,18,2,0
4,0.1,1055,18,1,1
4,0.1,1056,17,0,1
4,0.1,1057,20,3,0
4,0.1,1058,18,0,2
4,0.1,1059,18,1,1
4,0.1,1060,20,3,1
4,0.1,1061,20,2,2
4,0.1,1062,20,2,2
4,0.1,1063,19,0,1
4,0.1,1064,19,2,2
4,0.1,1065,18,1,2
4,0.1,1066,20,3,1
4,0.1,1067,19,0,1
4,0.1,1068,18,0,1
4,0.1,1069,19,1,0
4,0.1,1070,17,1,3
4,0.1,1071,17,1,1
4,0.1,1072,18,2,1
4,0.1,1073,19,1,0
4,0.1,1074,18,0,1
4,0.1,1075,19,2,1
4,0.1,1076,19,1,1
4,0.1,1077,20,1,0
4,0.1,1078,21,1,0
4,0.1,1079,20,0,1
4,0.1,1080,19,0,1
4,0.1,1081,18,0,1
4,0.1,1082,18,1,1
4,0.1,1083,18,0,0
4,0.1,1084,18,1,1
4,0.1,1085,19,1,0
4,0.1,1086,19,1,1
4,0.1,1087,19,1,1
4,0.1,1088,19,1,1
4,0.1,1089,18,1,2
4,0.1,1090,20,2,0
4,0.1,1091,20,1,1
4,0.1,1092,19,0,1
4,0.1,1093,19,1,1
4,0.1,1094,19,1,1
4,0.1,1095,18,0,1
4,0.1,1096,18,1,1
4,0.1,1097,17,1,2
4,0.1,1098,17,0,0
4,0.1,1099,18,1,0
4,0.1,1100,21,3,0
4,0.1,1101,19,0,2
4,0.1,1102,19,1,1
4,0.1,1103,19,0,0
4,0.1,1104,19,0,0
4,0.1,1105,19,0,0
4,0.1,1106,18,0,1
4,0.1,1107,19,1,0
4,0.1,1108,20,1,0
4,0.1,1109,21,1,0
4,0.1,1110,23,2,0
4,0.1,1111,22,0,1
4,0.1,1112,19,0,3
4,0.1,1113,18,0,1
4,0.1,1114,19,1,0
4,0.1,1115,19,0,0
4,0.1,1116,21,2,0
4,0.1,1117,20,0,1
4,0.1,1118,19,0,1
4,0.1,1119,21,2,0
4,0.1,1120,20,0,1
4,0.1,1121,18,0,2
4,0.1,1122,21,3,0
4,0.1,1123,19,0,2
4,0.1,1124,20,1,0
4,0.1,1125,18,0,2
4,0.1,1126,20,2,0
4,0.1,1127,19,0,1
4,0.1,1128,20,1,0
4,0.1,1129,19,1,2
4,0.1,1130,20,1,0
4,0.1,1131,19,0,1
4,0.1,1132,20,1,0
4,0.1,1133,20,0,0
4,0.1,1134,19,0,1
4,0.1,1135,19,0,0
4,0.1,1136,20,1,0
4,0.1,1137,19,0,1
4,0.1,1138,19,0,0
4,0.1,1139,20,1,0
4,0.1,1140,19,0,1
4,0.1,1141,19,0,0
4,0.1,1142,19,0,0
4,0.1,1143,20,1,0
4,0.1,1144,20,0,0
4,0.1,1145,20,1,1
4,0.1,1146,20,1,1
4,0.1,1147,20,1,1
4,0.1,1148,20,1,1
4,0.1,1149,20,0,0
4,0.1,1150,19,0,1
4,0.1,1151,19,0,0
4,0.1,1152,19,0,0
4,0.1,1153,20,1,0
4,0.1,1154,20,0,0
4,0.1,1155,20,0,0
4,0.1,1156,20,0,0
4,0.1,1157,20,0,0
4,0.1,1158,19,0,1
4,0.1,1159,19,0,0
4,0.1,1160,19,0,0
4,0.1,1161,19,0,0
4,0.1,1162,20,1,0
4,0.1,1163,20,0,0
4,0.1,1164,20,0,0
4,0.1,1165,20,0,0
4,0.1,1166,20,0,0
4,0.1,1167,19,0,1
4,0.1,1168,20,1,0
4,0.1,1169,19,0,1
4,0.1,1170,19,0,0
4,0.1,1171,20,1,0
4,0.1,1172,19,0,1
4,0.1,1173,19,0,0
4,0.1,1174,20,1,0
4,0.1,1175,19,0,1
4,0.1,1176,20,1,0
4,0.1,1177,18,0,2
4,0.1,1178,19,1,0
4,0.1,1179,19,1,1
4,0.1,1180,19,1,1
4,0.1,1181,19,1,1
4,0.1,1182,19,0,0
4,0.1,1183,18,0,1
4,0.1,1184,18,0,0
4,0.1,1185,19,1,0
4,0.1,1186,17,0,2
4,0.1,1187,19,2,0
4,0.1,1188,19,0,0
4,0.1,1189,18,0,1
4,0.1,1190,16,0,2
4,0.1,1191,16,0,0
4,0.1,1192,19,3,0
4,0.1,1193,18,1,2
4,0.1,1194,19,2,1
4,0.1,1195,17,0,2
4,0.1,1196,17,0,0
4,0.1,1197,17,0,0
4,0.1,1198,17,0,0
4,0.1,1199,17,0,0
4,0.1,1200,18,1,0
4,0.1,1201,17,0,1
4,0.1,1202,17,0,0
4,0.1,1203,17,0,0
4,0.1,1204,18,1,0
4,0.1,1205,19,1,0
4,0.1,1206,17,0,2
4,0.1,1207,17,0,0
4,0.1,1208,18,1,0
4,0.1,1209,17,0,1
4,0.1,1210,17,0,0
4,0.1,1211,17,0,0
4,0.1,1212,17,0,0
4,0.1,1213,17,0,0
4,0.1,1214,17,0,0
4,0.1,1215,17,0,0
4,0.1,1216,17,0,0
4,0.1,1217,17,0,0
4,0.1,1218,17,0,0
4,0.1,1219,17,0,0
4,0.1,1220,17,0,0
4,0.1,1221,17,0,0
4,0.1,1222,16,0,1
4,0.1,1223,18,2,0
4,0.1,1224,17,0,1
4,0.1,1225,17,0,0
4,0.1,1226,17,0,0
4,0.1,1227,17,0,0
4,0.1,1228,17,0,0
4,0.1,1229,17,0,0
4,0.1,1230,17,0,0
4,0.1,1231,17,0,0
4,0.1,1232,17,0,0
4,0.1,1233,17,0,0
4,0.1,1234,17,0,0
4,0.1,1235,17,0,0
4,0.1,1236,17,0,0
4,0.1,1237,17,0,0
4,0.1,1238,17,0,0
4,0.1,1239,17,0,0
4,0.1,1240,17,0,0
4,0.1,1241,17,0,0
4,0.1,1242,17,0,0
4,0.1,1243,17,0,0
4,0.1,1244,17,0,0
4,0.1,1245,17,0,0
4,0.1,1246,18,1,0
4,0.1,1247,18,0,0
4,0.1,1248,18,0,0
4,0.1,1249,18,0,0
4,0.1,1250,17,0,1
4,0.1,1251,17,0,0
4,0.1,1252,18,1,0
4,0.1,1253,17,0,1
4,0.1,1254,18,1,0
4,0.1,1255,17,0,1
4,0.1,1256,17,0,0
4,0.1,1257,18,1,0
4,0.1,1258,18,0,0
4,0.1,1259,18,0,0
4,0.1,1260,18,0,0
4,0.1,1261,18,0,0
4,0.1,1262,17,0,1
4,0.1,1263,18,1,0
4,0.1,1264,18,0,0
4,0.1,1265,18,0,0
4,0.1,1266,18,0,0
4,0.1,1267,18,0,0
4,0.1,1268,18,0,0
4,0.1,1269,18,0,0
4,0.1,1270,18,0,0
4,0.1,1271,18,0,0
4,0.1,1272,19,1,0
4,0.1,1273,17,0,2
4,0.1,1274,18,1,0
4,0.1,1275,18,0,0
4,0.1,1276,18,0,0
4,0.1,1277,18,0,0
4,0.1,1278,18,0,0
4,0.1,1279,18,0,0
4,0.1,1280,18,0,0
4,0.1,1281,18,0,0
4,0.1,1282,18,0,0
4,0.1,1283,18,0,0
4,0.1,1284,18,0,0
4,0.1,1285,18,0,0
4,0.1,1286,18,0,0
4,0.1,1287,18,0,0
4,0.1,1288,18,0,0
4,0.1,1289,18,0,0
4,0.1,1290,18,0,0
4,0.1,1291,18,0,0
4,0.1,1292,18,0,0
4,0.1,1293,17,0,1
4,0.1,1294,17,0,0
4,0.1,1295,17,0,0
4,0.1,1296,18,1,0
4,0.1,1297,18,0,0
4,0.1,1298,17,0,1
4,0.1,1299,17,0,0
4,0.1,1300,17,0,0
4,0.1,1301,17,0,0
4,0.1,1302,17,0,0
4,0.1,1303,17,0,0
4,0.1,1304,17,0,0
4,0.1,1305,18,1,0
4,0.1,1306,17,0,1
4,0.1,1307,17,0,0
4,0.1,1308,17,0,0
4,0.1,1309,17,0,0
4,0.1,1310,17,0,0
4,0.1,1311,17,0,0
4,0.1,1312,18,1,0
4,0.1,1313,18,1,1
4,0.1,1314,18,0,0
4,0.1,1315,18,0,0
4,0.1,1316,18,0,0
4,0.1,1317,18,0,0
4,0.1,1318,18,0,0
4,0.1,1319,18,0,0
4,0.1,1320,18,0,0
4,0.1,1321,18,0,0
4,0.1,1322,18,0,0
4,0.1,1323,18,0,0
4,0.1,1324,18,0,0
4,0.1,1325,18,0,0
4,0.1,1326,18,0,0
4,0.1,1327,18,0,0
4,0.1,1328,18,0,0
4,0.1,1329,18,0,0
4,0.1,1330,18,0,0
4,0.1,1331,18,0,0
4,0.1,1332,18,0,0
4,0.1,1333,18,0,0
4,0.1,1334,18,0,0
4,0.1,1335,18,0,0
4,0.1,1336,17,0,1
4,0.1,1337,16,0,1
4,0.1,1338,16,0,0
4,0.1,1339,17,1,0
4,0.1,1340,16,0,1
4,0.1,1341,16,0,0
4,0.1,1342,16,0,0
4,0.1,1343,17,1,0
4,0.1,1344,16,0,1
4,0.1,1345,16,0,0
4,0.1,1346,17,1,0
4,0.1,1347,16,0,1
4,0.1,1348,16,0,0
4,0.1,1349,16,0,0
4,0.1,1350,16,0,0
4,0.1,1351,16,0,0
4,0.1,1352,16,0,0
4,0.1,1353,16,0,0
4,0.1,1354,16,0,0
4,0.1,1355,16,0,0
4,0.1,1356,16,0,0
4,0.1,1357,16,0,0
4,0.1,1358,16,0,0
4,0.1,1359,17,1,0
4,0.1,1360,17,0,0
4,0.1,1361,17,0,0
4,0.1,1362,17,0,0
4,0.1,1363,17,0,0
4,0.1,1364,17,0,0
4,0.1,1365,17,0,0
4,0.1,1366,17,0,0
4,0.1,1367,17,0,0
4,0.1,1368,17,0,0
4,0.1,1369,17,0,0
4,0.1,1370,17,0,0
4,0.1,1371,17,0,0
4,0.1,1372,17,0,0
4,0.1,1373,17,0,0
4,0.1,1374,16,0,1
4,0.1,1375,16,0,0
4,0.1,1376,16,0,0
4,0.1,1377,16,0,0
4,0.1,1378,16,0,0
4,0.1,1379,16,0,0
4,0.1,1380,16,0,0
4,0.1,1381,16,0,0
4,0.1,1382,16,0,0
4,0.1,1383,16,0,0
4,0.1,1384,16,0,0
4,0.1,1385,16,0,0
4,0.1,1386,16,0,0
4,0.1,1387,16,0,0
4,0.1,1388,16,0,0
4,0.1,1389,16,0,0
4,0.1,1390,16,0,0
4,0.1,1391,17,1,0
4,0.1,1392,16,0,1
4,0.1,1393,16,0,0
4,0.1,1394,16,0,0
4,0.1,1395,16,0,0
4,0.1,1396,16,0,0
4,0.1,1397,16,0,0
4,0.1,1398,16,0,0
4,0.1,1399,16,0,0
4,0.1,1400,16,0,0
4,0.1,1401,16,0,0
4,0.1,1402,16,0,0
4,0.1,1403,16,0,0
4,0.1,1404,16,0,0
4,0.1,1405,16,0,0
4,0.1,1406,16,0,0
4,0.1,1407,16,0,0
4,0.1,1408,16,0,0
4,0.1,1409,16,0,0
4,0.1,1410,17,1,0
4,0.1,1411,16,0,1
4,0.1,1412,16,0,0
4,0.1,1413,16,0,0
4,0.1,1414,16,0,0
4,0.1,1415,16,0,0
4,0.1,1416,16,0,0
4,0.1,1417,16,0,0
4,0.1,1418,16,0,0
4,0.1,1419,16,0,0
4,0.1,1420,16,0,0
4,0.1,1421,16,0,0
4,0.1,1422,16,0,0
4,0.1,1423,16,0,0
4,0.1,1424,16,0,0
4,0.1,1425,16,0,0
4,0.1,1426,17,1,0
4,0.1,1427,17,1,1
4,0.1,1428,16,0,1
4,0.1,1429,16,0,0
4,0.1,1430,16,0,0
4,0.1,1431,16,0,0
4,0.1,1432,16,0,0
4,0.1,1433,16,0,0
4,0.1,1434,16,0,0
4,0.1,1435,16,0,0
4,0.1,1436,16,0,0
4,0.1,1437,16,0,0
4,0.1,1438,16,0,0
4,0.1,1439,17,1,0
4,0.1,1440,17,1,1
4,0.1,1441,16,0,1
4,0.1,1442,16,0,0
4,0.1,1443,16,0,0
4,0.1,1444,16,0,0
4,0.1,1445,17,1,0
4,0.1,1446,16,0,1
4,0.1,1447,16,0,0
4,0.1,1448,16,0,0
4,0.1,1449,17,1,0
4,0.1,1450,16,0,1
4,0.1,1451,16,0,0
4,0.1,1452,16,0,0
4,0.1,1453,16,0,0
4,0.1,1454,16,0,0
4,0.1,1455,16,0,0
4,0.1,1456,16,0,0
4,0.1,1457,16,0,0
4,0.1,1458,16,0,0
4,0.1,1459,16,0,0
4,0.1,1460,16,0,0
4,0.1,1461,16,0,0
4,0.1,1462,16,0,0
4,0.1,1463,16,0,0
4,0.1,1464,16,0,0
4,0.1,1465,17,1,0
4,0.1,1466,16,0,1
4,0.1,1467,16,0,0
4,0.1,1468,16,0,0
4,0.1,1469,16,0,0
4,0.1,1470,16,0,0
4,0.1,1471,16,0,0
4,0.1,1472,16,0,0
4,0.1,1473,16,0,0
4,0.1,1474,16,0,0
4,0.1,1475,16,0,0
4,0.1,1476,16,0,0
4,0.1,1477,16,0,0
4,0.1,1478,16,0,0
4,0.1,1479,16,0,0
4,0.1,1480,16,0,0
4,0.1,1481,16,0,0
4,0.1,1482,16,0,0
4,0.1,1483,16,0,0
4,0.1,1484,16,0,0
4,0.1,1485,16,0,0
4,0.1,1486,16,0,0
4,0.1,1487,17,1,0
4,0.1,1488,16,0,1
4,0.1,1489,16,0,0
4,0.1,1490,16,0,0
4,0.1,1491,16,0,0
4,0.1,1492,16,0,0
4,0.1,1493,16,0,0
4,0.1,1494,16,0,0
4,0.1,1495,17,1,0
4,0.1,1496,17,0,0
4,0.1,1497,18,1,0
4,0.1,1498,16,0,2
4,0.1,1499,16,0,0
4,0.1,1500,16,0,0
4,0.2,0,12,0,0
4,0.2,1,69,61,4
4,0.2,2,69,15,15
4,0.2,3,64,10,15
4,0.2,4,72,15,7
4,0.2,5,65,8,15
4,0.2,6,70,9,4
4,0.2,7,72,9,7
4,0.2,8,76,7,3
4,0.2,9,68,4,12
4,0.2,10,67,5,6
4,0.2,11,65,7,9
4,0.2,12,61,3,7
4,0.2,13,64,10,7
4,0.2,14,61,3,6
4,0.2,15,62,4,3
4,0.2,16,65,8,5
4,0.2,17,63,3,5
4,0.2,18,64,3,2
4,0.2,19,66,3,1
4,0.2,20,68,5,3
4,0.2,21,62,0,6
4,0.2,22,66,4,0
4,0.2,23,62,0,4
4,0.2,24,61,0,1
4,0.2,25,62,1,0
4,0.2,26,62,1,1
4,0.2,27,61,0,1
4,0.2,28,61,0,0
4,0.2,29,58,0,3
4,0.2,30,58,2,2
4,0.2,31,61,3,0
4,0.2,32,59,0,2
4,0.2,33,56,0,3
4,0.2,34,59,3,0
4,0.2,35,55,0,4
4,0.2,36,56,2,1
4,0.2,37,52,1,5
4,0.2,38,56,5,1
4,0.2,39,56,4,4
4,0.2,40,53,0,3
4,0.2,41,50,1,4
4,0.2,42,53,4,1
4,0.2,43,52,0,1
4,0.2,44,44,0,8
4,0.2,45,50,6,0
4,0.2,46,50,3,3
4,0.2,47,51,5,4
4,0.2,48,45,2,8
4,0.2,49,46,4,3
4,0.2,50,52,7,1
4,0.2,51,51,1,2
4,0.2,52,49,0,2
4,0.2,53,48,2,3
4,0.2,54,47,3,4
4,0.2,55,46,3,4
4,0.2,56,48,3,1
4,0.2,57,47,1,2
4,0.2,58,45,1,3
4,0.2,59,47,3,1
4,0.2,60,48,3,2
4,0.2,61,45,1,4
4,0.2,62,42,1,4
4,0.2,63,43,2,1
4,0.2,64,43,1,1
4,0.2,65,41,2,4
4,0.2,66,41,2,2
4,0.2,67,39,0,2
4,0.2,68,39,1,1
4,0.2,69,42,3,0
4,0.2,70,42,1,1
4,0.2,71,39,0,3
4,0.2,72,40,3,2
4,0.2,73,40,2,2
4,0.2,74,40,0,0
4,0.2,75,42,2,0
4,0.2,76,40,0,2
4,0.2,77,37,1,4
4,0.2,78,42,6,1
4,0.2,79,40,0,2
4,0.2,80,39,0,1
4,0.2,81,41,2,0
4,0.2,82,39,0,2
4,0.2,83,40,1,0
4,0.2,84,40,1,1
4,0.2,85,39,0,1
4,0.2,86,38,0,1
4,0.2,87,40,2,0
4,0.2,88,40,1,1
4,0.2,89,40,1,1
4,0.2,90,39,0,1
4,0.2,91,38,0,1
4,0.2,92,39,1,0
4,0.2,93,39,1,1
4,0.2,94,39,0,0
4,0.2,95,37,0,2
4,0.2,96,33,2,6
4,0.2,97,37,4,0
4,0.2,98,33,0,4
4,0.2,99,35,2,0
4,0.2,100,36,2,1
4,0.2,101,29,0,7
4,0.2,102,35,6,0
4,0.2,103,33,1,3
4,0.2,104,34,2,1
4,0.2,105,34,1,1
4,0.2,106,34,1,1
4,0.2,107,33,0,1
4,0.2,108,27,0,6
4,0.2,109,33,8,2
4,0.2,110,30,2,5
4,0.2,111,27,2,5
4,0.2,112,25,3,5
4,0.2,113,30,5,0
4,0.2,114,28,1,3
4,0.2,115,32,4,0
4,0.2,116,24,0,8
4,0.2,117,28,5,1
4,0.2,118,30,2,0
4,0.2,119,29,1,2
4,0.2,120,26,0,3
4,0.2,121,30,4,0
4,0.2,122,33,3,0
4,0.2,123,31,0,2
4,0.2,124,32,3,2
4,0.2,125,32,2,2
4,0.2,126,33,2,1
4,0.2,127,31,0,2
4,0.2,128,31,1,1
4,0.2,129,30,0,1
4,0.2,130,31,1,0
4,0.2,131,30,1,2
4,0.2,132,32,2,0
4,0.2,133,32,1,1
4,0.2,134,31,0,1
4,0.2,135,31,1,1
4,0.2,136,30,1,2
4,0.2,137,29,1,2
4,0.2,138,30,1,0
4,0.2,139,29,0,1
4,0.2,140,31,2,0
4,0.2,141,31,0,0
4,0.2,142,29,0,2
4,0.2,143,30,1,0
4,0.2,144,30,0,0
4,0.2,145,30,1,1
4,0.2,146,31,2,1
4,0.2,147,31,0,0
4,0.2,148,28,0,3
4,0.2,149,29,1,0
4,0.2,150,31,2,0
4,0.2,151,29,0,2
4,0.2,152,29,0,0
4,0.2,153,30,2,1
4,0.2,154,29,1,2
4,0.2,155,30,1,0
4,0.2,156,29,0,1
4,0.2,157,29,0,0
4,0.2,158,30,1,0
4,0.2,159,29,0,1
4,0.2,160,29,1,1
4,0.2,161,29,1,1
4,0.2,162,29,0,0
4,0.2,163,29,0,0
4,0.2,164,29,0,0
4,0.2,165,30,1,0
4,0.2,166,28,1,3
4,0.2,167,28,1,1
4,0.2,168,28,0,0
4,0.2,169,28,2,2
4,0.2,170,28,1,1
4,0.2,171,28,1,1
4,0.2,172,28,1,1
4,0.2,173,29,1,0
4,0.2,174,28,0,1
4,0.2,175,28,0,0
4,0.2,176,28,0,0
4,0.2,177,28,0,0
4,0.2,178,26,0,2
4,0.2,179,24,1,3
4,0.2,180,27,3,0
4,0.2,181,28,1,0
4,0.2,182,26,0,2
4,0.2,183,26,1,1
4,0.2,184,26,1,1
4,0.2,185,27,2,1
4,0.2,186,27,1,1
4,0.2,187,26,0,1
4,0.2,188,25,0,1
4,0.2,189,26,1,0
4,0.2,190,27,1,0
4,0.2,191,25,0,2
4,0.2,192,27,2,0
4,0.2,193,27,0,0
4,0.2,194,26,0,1
4,0.2,195,26,0,0
4,0.2,196,26,0,0
4,0.2,197,26,0,0
4,0.2,198,26,0,0
4,0.2,199,27,1,0
4,0.2,200,24,0,3
4,0.2,201,26,2,0
4,0.2,202,24,0,2
4,0.2,203,25,1,0
4,0.2,204,25,0,0
4,0.2,205,27,2,0
4,0.2,206,25,0,2
4,0.2,207,26,1,0
4,0.2,208,26,0,0
4,0.2,209,26,0,0
4,0.2,210,26,0,0
4,0.2,211,26,0,0
4,0.2,212,25,0,1
4,0.2,213,26,1,0
4,0.2,214,26,1,1
4,0.2,215,27,2,1
4,0.2,216,26,0,1
4,0.2,217,27,1,0
4,0.2,218,25,0,2
4,0.2,219,26,1,0
4,0.2,220,27,1,0
4,0.2,221,25,0,2
4,0.2,222,24,0,1
4,0.2,223,24,0,0
4,0.2,224,24,0,0
4,0.2,225,24,0,0
4,0.2,226,25,1,0
4,0.2,227,23,0,2
4,0.2,228,25,2,0
4,0.2,229,24,0,1
4,0.2,230,24,0,0
4,0.2,231,24,0,0
4,0.2,232,23,0,1
4,0.2,233,24,1,0
4,0.2,234,24,0,0
4,0.2,235,25,1,0
4,0.2,236,25,0,0
4,0.2,237,25,1,1
4,0.2,238,24,0,1
4,0.2,239,24,0,0
4,0.2,240,25,1,0
4,0.2,241,25,0,0
4,0.2,242,25,0,0
4,0.2,243,25,1,1
4,0.2,244,24,0,1
4,0.2,245,25,1,0
4,0.2,246,25,1,1
4,0.2,247,25,0,0
4,0.2,248,25,1,1
4,0.2,249,25,1,1
4,0.2,250,23,0,2
4,0.2,251,25,2,0
4,0.2,252,24,0,1
4,0.2,253,24,0,0
4,0.2,254,24,0,0
4,0.2,255,24,0,0
4,0.2,256,24,1,1
4,0.2,257,24,1,1
4,0.2,258,24,0,0
4,0.2,259,24,0,0
4,0.2,260,23,0,1
4,0.2,261,23,0,0
4,0.2,262,24,1,0
4,0.2,263,23,0,1
4,0.2,264,22,0,1
4,0.2,265,22,0,0
4,0.2,266,22,0,0
4,0.2,267,23,1,0
4,0.2,268,23,0,0
4,0.2,269,24,1,0
4,0.2,270,23,0,1
4,0.2,271,22,0,1
4,0.2,272,22,0,0
4,0.2,273,23,1,0
4,0.2,274,23,0,0
4,0.2,275,24,2,1
4,0.2,276,24,1,1
4,0.2,277,23,0,1
4,0.2,278,23,0,0
4,0.2,279,24,2,1
4,0.2,280,24,1,1
4,0.2,281,23,0,1
4,0.2,282,23,1,1
4,0.2,283,22,1,2
4,0.2,284,21,0,1
4,0.2,285,22,1,0
4,0.2,286,22,0,0
4,0.2,287,21,0,1
4,0.2,288,21,0,0
4,0.2,289,21,0,0
4,0.2,290,22,1,0
4,0.2,291,21,0,1
4,0.2,292,22,1,0
4,0.2,293,22,1,1
4,0.2,294,22,1,1
4,0.2,295,22,1,1
4,0.2,296,21,0,1
4,0.2,297,21,0,0
4,0.2,298,21,0,0
4,0.2,299,21,0,0
4,0.2,300,21,0,0
4,0.2,301,22,1,0
4,0.2,302,21,0,1
4,0.2,303,21,0,0
4,0.2,304,21,0,0
4,0.2,305,21,0,0
4,0.2,306,21,0,0
4,0.2,307,21,0,0
4,0.2,308,21,0,0
4,0.2,309,21,0,0
4,0.2,310,21,0,0
4,0.2,311,21,0,0
4,0.2,312,21,0,0
4,0.2,313,21,0,0
4,0.2,314,21,0,0
4,0.2,315,21,0,0
4,0.2,316,21,0,0
4,0.2,317,21,0,0
4,0.2,318,21,0,0
4,0.2,319,20,0,1
4,0.2,320,21,1,0
4,0.2,321,21,0,0
4,0.2,322,21,0,0
4,0.2,323,21,0,0
4,0.2,324,21,0,0
4,0.2,325,21,0,0
4,0.2,326,21,1,1
4,0.2,327,21,1,1
4,0.2,328,21,1,1
4,0.2,329,21,1,1
4,0.2,330,20,0,1
4,0.2,331,21,1,0
4,0.2,332,21,0,0
4,0.2,333,20,0,1
4,0.2,334,20,1,1
4,0.2,335,20,0,0
4,0.2,336,21,1,0
4,0.2,337,21,0,0
4,0.2,338,20,0,1
4,0.2,339,21,1,0
4,0.2,340,21,0,0
4,0.2,341,21,0,0
4,0.2,342,21,0,0
4,0.2,343,20,0,1
4,0.2,344,21,1,0
4,0.2,345,21,1,1
4,0.2,346,20,0,1
4,0.2,347,21,1,0
4,0.2,348,20,0,1
4,0.2,349,20,0,0
4,0.2,350,21,1,0
4,0.2,351,20,0,1
4,0.2,352,20,0,0
4,0.2,353,21,1,0
4,0.2,354,21,0,0
4,0.2,355,21,0,0
4,0.2,356,21,0,0
4,0.2,357,20,0,1
4,0.2,358,21,1,0
4,0.2,359,20,0,1
4,0.2,360,21,1,0
4,0.2,361,20,0,1
4,0.2,362,20,0,0
4,0.2,363,20,0,0
4,0.2,364,21,1,0
4,0.2,365,20,0,1
4,0.2,366,21,1,0
4,0.2,367,20,0,1
4,0.2,368,20,0,0
4,0.2,369,21,1,0
4,0.2,370,20,0,1
4,0.2,371,20,0,0
4,0.2,372,20,0,0
4,0.2,373,20,0,0
4,0.2,374,20,0,0
4,0.2,375,20,0,0
4,0.2,376,20,0,0
4,0.2,377,20,0,0
4,0.2,378,20,0,0
4,0.2,379,20,0,0
4,0.2,380,19,0,1
4,0.2,381,19,0,0
4,0.2,382,19,0,0
4,0.2,383,19,0,0
4,0.2,384,20,1,0
4,0.2,385,19,0,1
4,0.2,386,19,0,0
4,0.2,387,19,0,0
4,0.2,388,19,0,0
4,0.2,389,20,1,0
4,0.2,390,19,0,1
4,0.2,391,21,2,0
4,0.2,392,19,0,2
4,0.2,393,19,0,0
4,0.2,394,20,1,0
4,0.2,395,22,2,0
4,0.2,396,20,0,2
4,0.2,397,19,0,1
4,0.2,398,20,1,0
4,0.2,399,20,0,0
4,0.2,400,20,0,0
4,0.2,401,21,1,0
4,0.2,402,21,1,1
4,0.2,403,20,0,1
4,0.2,404,21,1,0
4,0.2,405,20,0,1
4,0.2,406,19,0,1
4,0.2,407,19,0,0
4,0.2,408,19,0,0
4,0.2,409,19,0,0
4,0.2,410,19,0,0
4,0.2,411,19,0,0
4,0.2,412,20,1,0
4,0.2,413,20,0,0
4,0.2,414,19,0,1
4,0.2,415,19,0,0
4,0.2,416,20,1,0
4,0.2,417,19,0,1
4,0.2,418,19,0,0
4,0.2,419,19,0,0
4,0.2,420,19,0,0
4,0.2,421,19,0,0
4,0.2,422,19,0,0
4,0.2,423,20,1,0
4,0.2,424,19,0,1
4,0.2,425,19,0,0
4,0.2,426,20,1,0
4,0.2,427,19,0,1
4,0.2,428,20,1,0
4,0.2,429,20,1,1
4,0.2,430,19,0,1
4,0.2,431,20,1,0
4,0.2,432,19,0,1
4,0.2,433,19,0,0
4,0.2,434,20,1,0
4,0.2,435,20,0,0
4,0.2,436,19,0,1
4,0.2,437,20,1,0
4,0.2,438,20,0,0
4,0.2,439,19,0,1
4,0.2,440,20,1,0
4,0.2,441,20,1,1
4,0.2,442,20,1,1
4,0.2,443,20,1,1
4,0.2,444,20,1,1
4,0.2,445,19,0,1
4,0.2,446,19,0,0
4,0.2,447,19,0,0
4,0.2,448,19,0,0
4,0.2,449,20,1,0
4,0.2,450,19,0,1
4,0.2,451,19,0,0
4,0.2,452,19,0,0
4,0.2,453,19,0,0
4,0.2,454,19,0,0
4,0.2,455,20,1,0
4,0.2,456,19,0,1
4,0.2,457,19,0,0
4,0.2,458,19,0,0
4,0.2,459,19,0,0
4,0.2,460,19,0,0
4,0.2,461,19,0,0
4,0.2,462,19,0,0
4,0.2,463,20,1,0
4,0.2,464,19,0,1
4,0.2,465,20,1,0
4,0.2,466,20,0,0
4,0.2,467,19,0,1
4,0.2,468,20,1,0
4,0.2,469,20,1,1
4,0.2,470,20,0,0
4,0.2,471,20,1,1
4,0.2,472,19,0,1
4,0.2,473,19,0,0
4,0.2,474,21,2,0
4,0.2,475,19,0,2
4,0.2,476,21,2,0
4,0.2,477,20,1,2
4,0.2,478,19,0,1
4,0.2,479,19,0,0
4,0.2,480,20,1,0
4,0.2,481,19,0,1
4,0.2,482,19,0,0
4,0.2,483,19,0,0
4,0.2,484,20,1,0
4,0.2,485,19,0,1
4,0.2,486,19,0,0
4,0.2,487,20,1,0
4,0.2,488,19,0,1
4,0.2,489,19,0,0
4,0.2,490,20,1,0
4,0.2,491,19,0,1
4,0.2,492,20,1,0
4,0.2,493,19,0,1
4,0.2,494,19,0,0
4,0.2,495,20,1,0
4,0.2,496,19,0,1
4,0.2,497,20,1,0
4,0.2,498,20,1,1
4,0.2,499,19,0,1
4,0.2,500,19,0,0
4,0.2,501,19,0,0
4,0.2,502,19,0,0
4,0.2,503,20,1,0
4,0.2,504,19,0,1
4,0.2,505,19,0,0
4,0.2,506,19,0,0
4,0.2,507,19,0,0
4,0.2,508,19,0,0
4,0.2,509,19,0,0
4,0.2,510,19,0,0
4,0.2,511,19,0,0
4,0.2,512,19,0,0
4,0.2,513,19,0,0
4,0.2,514,19,0,0
4,0.2,515,19,0,0
4,0.2,516,19,0,0
4,0.2,517,19,0,0
4,0.2,518,19,0,0
4,0.2,519,19,0,0
4,0.2,520,19,0,0
4,0.2,521,19,0,0
4,0.2,522,19,0,0
4,0.2,523,19,0,0
4,0.2,524,19,0,0
4,0.2,525,19,0,0
4,0.2,526,19,0,0
4,0.2,527,19,0,0
4,0.2,528,19,0,0
4,0.2,529,19,0,0
4,0.2,530,19,0,0
4,0.2,531,19,0,0
4,0.2,532,20,1,0
4,0.2,533,19,0,1
4,0.2,534,19,0,0
4,0.2,535,19,0,0
4,0.2,536,19,0,0
4,0.2,537,20,1,0
4,0.2,538,19,0,1
4,0.2,539,19,0,0
4,0.2,540,19,0,0
4,0.2,541,19,0,0
4,0.2,542,19,0,0
4,0.2,543,19,0,0
4,0.2,544,19,0,0
4,0.2,545,19,0,0
4,0.2,546,20,1,0
4,0.2,547,20,0,0
4,0.2,548,20,0,0
4,0.2,549,20,0,0
4,0.2,550,19,0,1
4,0.2,551,19,0,0
4,0.2,552,19,0,0
4,0.2,553,19,0,0
4,0.2,554,19,0,0
4,0.2,555,19,0,0
4,0.2,556,19,0,0
4,0.2,557,20,1,0
4,0.2,558,20,1,1
4,0.2,559,19,0,1
4,0.2,560,19,0,0
4,0.2,561,19,0,0
4,0.2,562,20,1,0
4,0.2,563,19,0,1
4,0.2,564,20,1,0
4,0.2,565,19,0,1
4,0.2,566,20,1,0
4,0.2,567,19,0,1
4,0.2,568,19,0,0
4,0.2,569,20,1,0
4,0.2,570,19,0,1
4,0.2,571,19,0,0
4,0.2,572,19,0,0
4,0.2,573,19,0,0
4,0.2,574,19,0,0
4,0.2,575,19,0,0
4,0.2,576,20,1,0
4,0.2,577,19,0,1
4,0.2,578,19,0,0
4,0.2,579,19,0,0
4,0.2,580,19,0,0
4,0.2,581,19,0,0
4,0.2,582,19,0,0
4,0.2,583,19,0,0
4,0.2,584,19,0,0
4,0.2,585,19,0,0
4,0.2,586,19,0,0
4,0.2,587,19,0,0
4,0.2,588,19,0,0
4,0.2,589,19,0,0
4,0.2,590,19,0,0
4,0.2,591,19,0,0
4,0.2,592,19,0,0
4,0.2,593,19,0,0
4,0.2,594,19,0,0
4,0.2,595,19,0,0
4,0.2,596,19,0,0
4,0.2,597,19,0,0
4,0.2,598,19,0,0
4,0.2,599,19,0,0
4,0.2,600,19,0,0
4,0.2,601,19,0,0
4,0.2,602,19,0,0
4,0.2,603,19,0,0
4,0.2,604,19,0,0
4,0.2,605,19,0,0
4,0.2,606,19,0,0
4,0.2,607,19,0,0
4,0.2,608,19,0,0
4,0.2,609,19,0,0
4,0.2,610,19,0,0
4,0.2,611,19,0,0
4,0.2,612,20,1,0
4,0.2,613,19,0,1
4,0.2,614,20,1,0
4,0.2,615,19,0,1
4,0.2,616,19,0,0
4,0.2,617,17,0,2
4,0.2,618,19,2,0
4,0.2,619,18,0,1
4,0.2,620,19,1,0
4,0.2,621,17,0,2
4,0.2,622,19,2,0
4,0.2,623,18,0,1
4,0.2,624,18,0,0
4,0.2,625,18,0,0
4,0.2,626,18,0,0
4,0.2,627,15,0,3
4,0.2,628,18,3,0
4,0.2,629,17,0,1
4,0.2,630,17,0,0
4,0.2,631,18,1,0
4,0.2,632,18,0,0
4,0.2,633,19,1,0
4,0.2,634,18,0,1
4,0.2,635,21,3,0
4,0.2,636,17,0,4
4,0.2,637,18,1,0
4,0.2,638,18,0,0
4,0.2,639,20,2,0
4,0.2,640,19,0,1
4,0.2,641,18,0,1
4,0.2,642,19,1,0
4,0.2,643,17,0,2
4,0.2,644,15,0,2
4,0.2,645,16,1,0
4,0.2,646,18,2,0
4,0.2,647,19,2,1
4,0.2,648,18,0,1
4,0.2,649,18,1,1
4,0.2,650,17,0,1
4,0.2,651,18,1,0
4,0.2,652,17,0,1
4,0.2,653,17,0,0
4,0.2,654,17,0,0
4,0.2,655,17,0,0
4,0.2,656,16,0,1
4,0.2,657,16,0,0
4,0.2,658,17,1,0
4,0.2,659,17,0,0
4,0.2,660,17,1,1
4,0.2,661,16,0,1
4,0.2,662,16,0,0
4,0.2,663,17,1,0
4,0.2,664,16,0,1
4,0.2,665,17,1,0
4,0.2,666,16,0,1
4,0.2,667,16,0,0
4,0.2,668,16,0,0
4,0.2,669,16,0,0
4,0.2,670,16,0,0
4,0.2,671,16,0,0
4,0.2,672,16,0,0
4,0.2,673,16,0,0
4,0.2,674,16,0,0
4,0.2,675,16,0,0
4,0.2,676,16,0,0
4,0.2,677,17,1,0
4,0.2,678,16,0,1
4,0.2,679,16,0,0
4,0.2,680,16,0,0
4,0.2,681,16,0,0
4,0.2,682,16,0,0
4,0.2,683,16,0,0
4,0.2,684,17,1,0
4,0.2,685,16,0,1
4,0.2,686,16,0,0
4,0.2,687,16,0,0
4,0.2,688,16,0,0
4,0.2,689,16,0,0
4,0.2,690,16,0,0
4,0.2,691,17,1,0
4,0.2,692,16,0,1
4,0.2,693,16,0,0
4,0.2,694,16,0,0
4,0.2,695,16,0,0
4,0.2,696,16,0,0
4,0.2,697,16,0,0
4,0.2,698,17,1,0
4,0.2,699,16,0,1
4,0.2,700,16,0,0
4,0.2,701,16,0,0
4,0.2,702,16,0,0
4,0.2,703,16,0,0
4,0.2,704,16,0,0
4,0.2,705,16,0,0
4,0.2,706,16,0,0
4,0.2,707,17,1,0
4,0.2,708,16,0,1
4,0.2,709,18,2,0
4,0.2,710,16,0,2
4,0.2,711,16,0,0
4,0.2,712,16,0,0
4,0.2,713,16,0,0
4,0.2,714,16,0,0
4,0.2,715,16,0,0
4,0.2,716,16,0,0
4,0.2,717,16,0,0
4,0.2,718,17,1,0
4,0.2,719,16,0,1
4,0.2,720,16,0,0
4,0.2,721,17,1,0
4,0.2,722,16,0,1
4,0.2,723,16,0,0
4,0.2,724,16,0,0
4,0.2,725,17,1,0
4,0.2,726,16,0,1
4,0.2,727,16,0,0
4,0.2,728,17,1,0
4,0.2,729,16,0,1
4,0.2,730,16,0,0
4,0.2,731,16,0,0
4,0.2,732,16,0,0
4,0.2,733,17,1,0
4,0.2,734,16,0,1
4,0.2,735,16,0,0
4,0.2,736,17,1,0
4,0.2,737,16,0,1
4,0.2,738,16,0,0
4,0.2,739,16,0,0
4,0.2,740,16,0,0
4,0.2,741,17,1,0
4,0.2,742,16,0,1
4,0.2,743,16,0,0
4,0.2,744,16,0,0
4,0.2,745,16,0,0
4,0.2,746,16,0,0
4,0.2,747,16,0,0
4,0.2,748,16,0,0
4,0.2,749,16,0,0
4,0.2,750,16,0,0
4,0.2,751,17,1,0
4,0.2,752,16,0,1
4,0.2,753,16,0,0
4,0.2,754,17,1,0
4,0.2,755,16,0,1
4,0.2,756,16,0,0
4,0.2,757,16,0,0
4,0.2,758,16,0,0
4,0.2,759,16,0,0
4,0.2,760,16,0,0
4,0.2,761,16,0,0
4,0.2,762,17,1,0
4,0.2,763,16,0,1
4,0.2,764,16,0,0
4,0.2,765,16,0,0
4,0.2,766,16,0,0
4,0.2,767,16,0,0
4,0.2,768,16,0,0
4,0.2,769,16,0,0
4,0.2,770,16,0,0
4,0.2,771,16,0,0
4,0.2,772,16,0,0
4,0.2,773,16,0,0
4,0.2,774,16,0,0
4,0.2,775,16,0,0
4,0.2,776,16,0,0
4,0.2,777,16,0,0
4,0.2,778,16,0,0
4,0.2,779,16,0,0
4,0.2,780,17,1,0
4,0.2,781,16,0,1
4,0.2,782,16,0,0
4,0.2,783,17,1,0
4,0.2,784,16,0,1
4,0.2,785,16,0,0
4,0.2,786,16,0,0
4,0.2,787,16,0,0
4,0.2,788,16,0,0
4,0.2,789,17,1,0
4,0.2,790,16,0,1
4,0.2,791,16,0,0
4,0.2,792,16,0,0
4,0.2,793,16,0,0
4,0.2,794,16,0,0
4,0.2,795,16,0,0
4,0.2,796,16,0,0
4,0.2,797,16,0,0
4,0.2,798,16,0,0
4,0.2,799,16,0,0
4,0.2,800,17,1,0
4,0.2,801,16,0,1
4,0.2,802,16,0,0
4,0.2,803,16,0,0
4,0.2,804,17,1,0
4,0.2,805,16,0,1
4,0.2,806,17,1,0
4,0.2,807,16,0,1
4,0.2,808,16,0,0
4,0.2,809,16,0,0
4,0.2,810,16,0,0
4,0.2,811,16,0,0
4,0.2,812,16,0,0
4,0.2,813,17,1,0
4,0.2,814,16,0,1
4,0.2,815,17,1,0
4,0.2,816,16,0,1
4,0.2,817,16,0,0
4,0.2,818,16,0,0
4,0.2,819,17,1,0
4,0.2,820,17,1,1
4,0.2,821,16,0,1
4,0.2,822,16,0,0
4,0.2,823,16,0,0
4,0.2,824,16,0,0
4,0.2,825,16,0,0
4,0.2,826,16,0,0
4,0.2,827,17,1,0
4,0.2,828,16,0,1
4,0.2,829,16,0,0
4,0.2,830,17,1,0
4,0.2,831,16,0,1
4,0.2,832,16,0,0
4,0.2,833,16,0,0
4,0.2,834,16,0,0
4,0.2,835,16,0,0
4,0.2,836,16,0,0
4,0.2,837,16,0,0
4,0.2,838,16,0,0
4,0.2,839,16,0,0
4,0.2,840,16,0,0
4,0.2,841,16,0,0
4,0.2,842,16,0,0
4,0.2,843,16,0,0
4,0.2,844,16,0,0
4,0.2,845,17,1,0
4,0.2,846,16,0,1
4,0.2,847,16,0,0
4,0.2,848,16,0,0
4,0.2,849,16,0,0
4,0.2,850,16,0,0
4,0.2,851,16,0,0
4,0.2,852,16,0,0
4,0.2,853,16,0,0
4,0.2,854,16,0,0
4,0.2,855,16,0,0
4,0.2,856,16,0,0
4,0.2,857,16,0,0
4,0.2,858,16,0,0
4,0.2,859,16,0,0
4,0.2,860,16,0,0
4,0.2,861,16,0,0
4,0.2,862,16,0,0
4,0.2,863,16,0,0
4,0.2,864,16,0,0
4,0.2,865,16,0,0
4,0.2,866,16,0,0
4,0.2,867,16,0,0
4,0.2,868,16,0,0
4,0.2,869,16,0,0
4,0.2,870,16,0,0
4,0.2,871,16,0,0
4,0.2,872,16,0,0
4,0.2,873,16,0,0
4,0.2,874,16,0,0
4,0.2,875,16,0,0
4,0.2,876,16,0,0
4,0.2,877,16,0,0
4,0.2,878,16,0,0
4,0.2,879,16,0,0
4,0.2,880,16,0,0
4,0.2,881,17,1,0
4,0.2,882,16,0,1
4,0.2,883,16,0,0
4,0.2,884,16,0,0
4,0.2,885,16,0,0
4,0.2,886,16,0,0
4,0.2,887,16,0,0
4,0.2,888,16,0,0
4,0.2,889,16,0,0
4,0.2,890,16,0,0
4,0.2,891,16,0,0
4,0.2,892,16,0,0
4,0.2,893,16,0,0
4,0.2,894,17,1,0
4,0.2,895,17,1,1
4,0.2,896,15,0,2
4,0.2,897,16,1,0
4,0.2,898,16,0,0
4,0.2,899,15,0,1
4,0.2,900,16,1,0
4,0.2,901,15,0,1
4,0.2,902,16,1,0
4,0.2,903,16,0,0
4,0.2,904,16,0,0
4,0.2,905,16,0,0
4,0.2,906,16,0,0
4,0.2,907,16,0,0
4,0.2,908,16,0,0
4,0.2,909,16,0,0
4,0.2,910,9,0,7
4,0.2,911,16,7,0
4,0.2,912,12,0,4
4,0.2,913,15,3,0
4,0.2,914,16,1,0
4,0.2,915,16,0,0
4,0.2,916,15,0,1
4,0.2,917,15,0,0
4,0.2,918,14,0,1
4,0.2,919,16,2,0
4,0.2,920,15,0,1
4,0.2,921,16,1,0
4,0.2,922,16,0,0
4,0.2,923,15,0,1
4,0.2,924,16,1,0
4,0.2,925,15,0,1
4,0.2,926,16,1,0
4,0.2,927,15,0,1
4,0.2,928,15,0,0
4,0.2,929,16,1,0
4,0.2,930,16,0,0
4,0.2,931,16,0,0
4,0.2,932,16,0,0
4,0.2,933,16,0,0
4,0.2,934,15,0,1
4,0.2,935,16,1,0
4,0.2,936,16,0,0
4,0.2,937,16,0,0
4,0.2,938,16,0,0
4,0.2,939,15,0,1
4,0.2,940,16,1,0
4,0.2,941,16,0,0
4,0.2,942,15,0,1
4,0.2,943,15,0,0
4,0.2,944,15,0,0
4,0.2,945,14,0,1
4,0.2,946,15,1,0
4,0.2,947,17,2,0
4,0.2,948,15,0,2
4,0.2,949,16,1,0
4,0.2,950,16,0,0
4,0.2,951,15,0,1
4,0.2,952,16,1,0
4,0.2,953,16,0,0
4,0.2,954,16,0,0
4,0.2,955,17,1,0
4,0.2,956,16,0,1
4,0.2,957,16,0,0
4,0.2,958,16,0,0
4,0.2,959,16,0,0
4,0.2,960,18,2,0
4,0.2,961,16,0,2
4,0.2,962,16,0,0
4,0.2,963,16,0,0
4,0.2,964,16,0,0
4,0.2,965,16,0,0
4,0.2,966,14,0,2
4,0.2,967,14,0,0
4,0.2,968,15,1,0
4,0.2,969,16,1,0
4,0.2,970,16,0,0
4,0.2,971,16,0,0
4,0.2,972,15,0,1
4,0.2,973,15,1,1
4,0.2,974,16,1,0
4,0.2,975,16,1,1
4,0.2,976,16,1,1
4,0.2,977,16,1,1
4,0.2,978,16,1,1
4,0.2,979,16,0,0
4,0.2,980,15,0,1
4,0.2,981,16,1,0
4,0.2,982,16,0,0
4,0.2,983,16,0,0
4,0.2,984,16,0,0
4,0.2,985,16,0,0
4,0.2,986,17,1,0
4,0.2,987,15,0,2
4,0.2,988,16,1,0
4,0.2,989,15,0,1
4,0.2,990,16,1,0
4,0.2,991,16,1,1
4,0.2,992,14,0,2
4,0.2,993,15,1,0
4,0.2,994,16,1,0
4,0.2,995,17,1,0
4,0.2,996,16,0,1
4,0.2,997,16,0,0
4,0.2,998,16,0,0
4,0.2,999,16,0,0
4,0.2,1000,16,0,0
4,0.2,1001,16,0,0
4,0.2,1002,16,0,0
4,0.2,1003,16,0,0
4,0.2,1004,16,0,0
4,0.2,1005,16,0,0
4,0.2,1006,16,0,0
4,0.2,1007,16,0,0
4,0.2,1008,16,0,0
4,0.2,1009,16,0,0
4,0.2,1010,16,0,0
4,0.2,1011,16,0,0
4,0.2,1012,16,0,0
4,0.2,1013,16,0,0
4,0.2,1014,16,0,0
4,0.2,1015,17,1,0
4,0.2,1016,18,2,1
4,0.2,1017,17,0,1
4,0.2,1018,16,0,1
4,0.2,1019,16,0,0
4,0.2,1020,16,0,0
4,0.2,1021,16,0,0
4,0.2,1022,16,0,0
4,0.2,1023,16,0,0
4,0.2,1024,17,1,0
4,0.2,1025,17,0,0
4,0.2,1026,16,0,1
4,0.2,1027,17,1,0
4,0.2,1028,17,1,1
4,0.2,1029,16,0,1
4,0.2,1030,16,0,0
4,0.2,1031,17,1,0
4,0.2,1032,17,1,1
4,0.2,1033,17,0,0
4,0.2,1034,18,1,0
4,0.2,1035,19,1,0
4,0.2,1036,20,1,0
4,0.2,1037,18,0,2
4,0.2,1038,18,1,1
4,0.2,1039,18,0,0
4,0.2,1040,20,2,0
4,0.2,1041,18,0,2
4,0.2,1042,20,3,1
4,0.2,1043,18,1,3
4,0.2,1044,18,0,0
4,0.2,1045,18,0,0
4,0.2,1046,18,1,1
4,0.2,1047,20,2,0
4,0.2,1048,20,0,0
4,0.2,1049,18,0,2
4,0.2,1050,18,1,1
4,0.2,1051,18,1,1
4,0.2,1052,19,2,1
4,0.2,1053,19,1,1
4,0.2,1054,19,0,0
4,0.2,1055,20,1,0
4,0.2,1056,19,0,1
4,0.2,1057,20,1,0
4,0.2,1058,19,0,1
4,0.2,1059,21,2,0
4,0.2,1060,22,2,1
4,0.2,1061,21,0,1
4,0.2,1062,22,1,0
4,0.2,1063,20,0,2
4,0.2,1064,20,2,2
4,0.2,1065,21,1,0
4,0.2,1066,20,0,1
4,0.2,1067,20,0,0
4,0.2,1068,19,0,1
4,0.2,1069,20,1,0
4,0.2,1070,20,1,1
4,0.2,1071,19,1,2
4,0.2,1072,20,1,0
4,0.2,1073,21,1,0
4,0.2,1074,20,0,1
4,0.2,1075,21,1,0
4,0.2,1076,19,0,2
4,0.2,1077,20,1,0
4,0.2,1078,21,1,0
4,0.2,1079,20,0,1
4,0.2,1080,19,0,1
4,0.2,1081,19,0,0
4,0.2,1082,19,1,1
4,0.2,1083,19,1,1
4,0.2,1084,19,1,1
4,0.2,1085,20,2,1
4,0.2,1086,20,0,0
4,0.2,1087,21,1,0
4,0.2,1088,21,0,0
4,0.2,1089,20,0,1
4,0.2,1090,20,1,1
4,0.2,1091,20,1,1
4,0.2,1092,19,0,1
4,0.2,1093,20,1,0
4,0.2,1094,21,1,0
4,0.2,1095,21,0,0
4,0.2,1096,20,0,1
4,0.2,1097,20,1,1
4,0.2,1098,20,1,1
4,0.2,1099,21,1,0
4,0.2,1100,21,0,0
4,0.2,1101,20,0,1
4,0.2,1102,19,0,1
4,0.2,1103,19,0,0
4,0.2,1104,19,0,0
4,0.2,1105,20,1,0
4,0.2,1106,19,0,1
4,0.2,1107,20,1,0
4,0.2,1108,21,1,0
4,0.2,1109,21,0,0
4,0.2,1110,23,2,0
4,0.2,1111,22,0,1
4,0.2,1112,19,0,3
4,0.2,1113,19,0,0
4,0.2,1114,21,2,0
4,0.2,1115,21,0,0
4,0.2,1116,21,1,1
4,0.2,1117,21,0,0
4,0.2,1118,19,0,2
4,0.2,1119,21,2,0
4,0.2,1120,21,0,0
4,0.2,1121,20,1,2
4,0.2,1122,21,2,1
4,0.2,1123,21,0,0
4,0.2,1124,21,0,0
4,0.2,1125,19,0,2
4,0.2,1126,20,1,0
4,0.2,1127,20,0,0
4,0.2,1128,20,0,0
4,0.2,1129,20,1,1
4,0.2,1130,20,0,0
4,0.2,1131,19,0,1
4,0.2,1132,20,1,0
4,0.2,1133,20,0,0
4,0.2,1134,19,0,1
4,0.2,1135,19,0,0
4,0.2,1136,20,1,0
4,0.2,1137,20,0,0
4,0.2,1138,19,0,1
4,0.2,1139,20,1,0
4,0.2,1140,19,0,1
4,0.2,1141,19,0,0
4,0.2,1142,20,1,0
4,0.2,1143,20,0,0
4,0.2,1144,21,1,0
4,0.2,1145,21,0,0
4,0.2,1146,20,0,1
4,0.2,1147,21,1,0
4,0.2,1148,20,0,1
4,0.2,1149,21,1,0
4,0.2,1150,20,0,1
4,0.2,1151,19,0,1
4,0.2,1152,19,0,0
4,0.2,1153,20,1,0
4,0.2,1154,20,0,0
4,0.2,1155,20,0,0
4,0.2,1156,20,0,0
4,0.2,1157,20,0,0
4,0.2,1158,20,0,0
4,0.2,1159,19,0,1
4,0.2,1160,20,1,0
4,0.2,1161,20,0,0
4,0.2,1162,20,0,0
4,0.2,1163,20,0,0
4,0.2,1164,20,0,0
4,0.2,1165,20,0,0
4,0.2,1166,20,0,0
4,0.2,1167,20,0,0
4,0.2,1168,21,1,0
4,0.2,1169,20,0,1
4,0.2,1170,19,0,1
4,0.2,1171,20,1,0
4,0.2,1172,19,0,1
4,0.2,1173,19,0,0
4,0.2,1174,20,1,0
4,0.2,1175,20,1,1
4,0.2,1176,20,0,0
4,0.2,1177,20,0,0
4,0.2,1178,20,0,0
4,0.2,1179,19,0,1
4,0.2,1180,20,1,0
4,0.2,1181,19,0,1
4,0.2,1182,19,0,0
4,0.2,1183,20,1,0
4,0.2,1184,19,0,1
4,0.2,1185,19,0,0
4,0.2,1186,18,0,1
4,0.2,1187,19,1,0
4,0.2,1188,19,0,0
4,0.2,1189,19,0,0
4,0.2,1190,17,0,2
4,0.2,1191,17,0,0
4,0.2,1192,19,2,0
4,0.2,1193,18,1,2
4,0.2,1194,19,2,1
4,0.2,1195,18,0,1
4,0.2,1196,18,0,0
4,0.2,1197,17,0,1
4,0.2,1198,17,0,0
4,0.2,1199,18,1,0
4,0.2,1200,18,0,0
4,0.2,1201,17,0,1
4,0.2,1202,17,0,0
4,0.2,1203,17,0,0
4,0.2,1204,19,2,0
4,0.2,1205,19,0,0
4,0.2,1206,18,0,1
4,0.2,1207,18,0,0
4,0.2,1208,19,1,0
4,0.2,1209,19,0,0
4,0.2,1210,17,0,2
4,0.2,1211,18,1,0
4,0.2,1212,17,0,1
4,0.2,1213,17,0,0
4,0.2,1214,17,0,0
4,0.2,1215,17,0,0
4,0.2,1216,18,1,0
4,0.2,1217,17,0,1
4,0.2,1218,17,0,0
4,0.2,1219,17,0,0
4,0.2,1220,18,1,0
4,0.2,1221,17,0,1
4,0.2,1222,17,0,0
4,0.2,1223,18,1,0
4,0.2,1224,17,0,1
4,0.2,1225,17,0,0
4,0.2,1226,17,0,0
4,0.2,1227,17,0,0
4,0.2,1228,18,1,0
4,0.2,1229,17,0,1
4,0.2,1230,17,0,0
4,0.2,1231,17,0,0
4,0.2,1232,17,0,0
4,0.2,1233,17,0,0
4,0.2,1234,17,0,0
4,0.2,1235,18,1,0
4,0.2,1236,17,0,1
4,0.2,1237,17,0,0
4,0.2,1238,18,1,0
4,0.2,1239,18,0,0
4,0.2,1240,18,0,0
4,0.2,1241,18,0,0
4,0.2,1242,18,0,0
4,0.2,1243,18,0,0
4,0.2,1244,18,0,0
4,0.2,1245,18,0,0
4,0.2,1246,18,0,0
4,0.2,1247,18,0,0
4,0.2,1248,18,0,0
4,0.2,1249,18,0,0
4,0.2,1250,18,0,0
4,0.2,1251,18,0,0
4,0.2,1252,18,0,0
4,0.2,1253,18,0,0
4,0.2,1254,18,0,0
4,0.2,1255,18,0,0
4,0.2,1256,19,1,0
4,0.2,1257,18,0,1
4,0.2,1258,18,0,0
4,0.2,1259,18,0,0
4,0.2,1260,18,0,0
4,0.2,1261,18,0,0
4,0.2,1262,18,0,0
4,0.2,1263,18,0,0
4,0.2,1264,18,0,0
4,0.2,1265,18,0,0
4,0.2,1266,18,0,0
4,0.2,1267,18,0,0
4,0.2,1268,18,0,0
4,0.2,1269,18,0,0
4,0.2,1270,18,0,0
4,0.2,1271,19,1,0
4,0.2,1272,19,0,0
4,0.2,1273,18,0,1
4,0.2,1274,18,1,1
4,0.2,1275,18,0,0
4,0.2,1276,18,0,0
4,0.2,1277,18,0,0
4,0.2,1278,18,0,0
4,0.2,1279,18,0,0
4,0.2,1280,18,0,0
4,0.2,1281,18,0,0
4,0.2,1282,18,0,0
4,0.2,1283,18,0,0
4,0.2,1284,18,0,0
4,0.2,1285,18,0,0
4,0.2,1286,18,0,0
4,0.2,1287,18,0,0
4,0.2,1288,18,0,0
4,0.2,1289,18,0,0
4,0.2,1290,18,0,0
4,0.2,1291,18,0,0
4,0.2,1292,18,0,0
4,0.2,1293,17,0,1
4,0.2,1294,17,0,0
4,0.2,1295,18,1,0
4,0.2,1296,18,0,0
4,0.2,1297,18,0,0
4,0.2,1298,17,0,1
4,0.2,1299,18,1,0
4,0.2,1300,17,0,1
4,0.2,1301,17,0,0
4,0.2,1302,17,0,0
4,0.2,1303,17,0,0
4,0.2,1304,17,0,0
4,0.2,1305,18,1,0
4,0.2,1306,17,0,1
4,0.2,1307,17,0,0
4,0.2,1308,17,0,0
4,0.2,1309,17,0,0
4,0.2,1310,17,0,0
4,0.2,1311,18,1,0
4,0.2,1312,19,1,0
4,0.2,1313,18,0,1
4,0.2,1314,18,0,0
4,0.2,1315,18,0,0
4,0.2,1316,18,0,0
4,0.2,1317,18,0,0
4,0.2,1318,18,0,0
4,0.2,1319,18,0,0
4,0.2,1320,18,0,0
4,0.2,1321,18,0,0
4,0.2,1322,18,0,0
4,0.2,1323,18,0,0
4,0.2,1324,18,0,0
4,0.2,1325,18,0,0
4,0.2,1326,18,0,0
4,0.2,1327,18,0,0
4,0.2,1328,18,0,0
4,0.2,1329,18,0,0
4,0.2,1330,18,0,0
4,0.2,1331,18,0,0
4,0.2,1332,18,0,0
4,0.2,1333,18,0,0
4,0.2,1334,18,0,0
4,0.2,1335,18,0,0
4,0.2,1336,18,0,0
4,0.2,1337,17,0,1
4,0.2,1338,17,0,0
4,0.2,1339,18,1,0
4,0.2,1340,16,0,2
4,0.2,1341,17,1,0
4,0.2,1342,16,0,1
4,0.2,1343,17,1,0
4,0.2,1344,16,0,1
4,0.2,1345,17,1,0
4,0.2,1346,17,0,0
4,0.2,1347,16,0,1
4,0.2,1348,16,0,0
4,0.2,1349,16,0,0
4,0.2,1350,16,0,0
4,0.2,1351,16,0,0
4,0.2,1352,16,0,0
4,0.2,1353,16,0,0
4,0.2,1354,16,0,0
4,0.2,1355,16,0,0
4,0.2,1356,17,1,0
4,0.2,1357,16,0,1
4,0.2,1358,17,1,0
4,0.2,1359,17,0,0
4,0.2,1360,17,0,0
4,0.2,1361,17,0,0
4,0.2,1362,17,0,0
4,0.2,1363,17,0,0
4,0.2,1364,17,0,0
4,0.2,1365,17,0,0
4,0.2,1366,17,0,0
4,0.2,1367,17,0,0
4,0.2,1368,17,0,0
4,0.2,1369,17,0,0
4,0.2,1370,17,0,0
4,0.2,1371,17,0,0
4,0.2,1372,17,0,0
4,0.2,1373,17,0,0
4,0.2,1374,16,0,1
4,0.2,1375,17,1,0
4,0.2,1376,16,0,1
4,0.2,1377,17,1,0
4,0.2,1378,16,0,1
4,0.2,1379,16,0,0
4,0.2,1380,16,0,0
4,0.2,1381,16,0,0
4,0.2,1382,17,1,0
4,0.2,1383,16,0,1
4,0.2,1384,16,0,0
4,0.2,1385,16,0,0
4,0.2,1386,16,0,0
4,0.2,1387,16,0,0
4,0.2,1388,16,0,0
4,0.2,1389,16,0,0
4,0.2,1390,16,0,0
4,0.2,1391,18,2,0
4,0.2,1392,16,0,2
4,0.2,1393,16,0,0
4,0.2,1394,16,0,0
4,0.2,1395,16,0,0
4,0.2,1396,16,0,0
4,0.2,1397,16,0,0
4,0.2,1398,16,0,0
4,0.2,1399,16,0,0
4,0.2,1400,16,0,0
4,0.2,1401,16,0,0
4,0.2,1402,16,0,0
4,0.2,1403,16,0,0
4,0.2,1404,16,0,0
4,0.2,1405,16,0,0
4,0.2,1406,16,0,0
4,0.2,1407,16,0,0
4,0.2,1408,16,0,0
4,0.2,1409,16,0,0
4,0.2,1410,17,1,0
4,0.2,1411,16,0,1
4,0.2,1412,16,0,0
4,0.2,1413,16,0,0
4,0.2,1414,16,0,0
4,0.2,1415,16,0,0
4,0.2,1416,16,0,0
4,0.2,1417,16,0,0
4,0.2,1418,17,1,0
4,0.2,1419,16,0,1
4,0.2,1420,18,2,0
4,0.2,1421,16,0,2
4,0.2,1422,16,0,0
4,0.2,1423,16,0,0
4,0.2,1424,16,0,0
4,0.2,1425,16,0,0
4,0.2,1426,17,1,0
4,0.2,1427,17,1,1
4,0.2,1428,16,0,1
4,0.2,1429,17,1,0
4,0.2,1430,16,0,1
4,0.2,1431,16,0,0
4,0.2,1432,16,0,0
4,0.2,1433,16,0,0
4,0.2,1434,16,0,0
4,0.2,1435,16,0,0
4,0.2,1436,16,0,0
4,0.2,1437,16,0,0
4,0.2,1438,16,0,0
4,0.2,1439,17,1,0
4,0.2,1440,17,1,1
4,0.2,1441,16,0,1
4,0.2,1442,16,0,0
4,0.2,1443,17,1,0
4,0.2,1444,16,0,1
4,0.2,1445,17,1,0
4,0.2,1446,16,0,1
4,0.2,1447,16,0,0
4,0.2,1448,16,0,0
4,0.2,1449,17,1,0
4,0.2,1450,17,1,1
4,0.2,1451,16,0,1
4,0.2,1452,16,0,0
4,0.2,1453,16,0,0
4,0.2,1454,16,0,0
4,0.2,1455,16,0,0
4,0.2,1456,16,0,0
4,0.2,1457,16,0,0
4,0.2,1458,16,0,0
4,0.2,1459,16,0,0
4,0.2,1460,16,0,0
4,0.2,1461,17,1,0
4,0.2,1462,16,0,1
4,0.2,1463,16,0,0
4,0.2,1464,16,0,0
4,0.2,1465,17,1,0
4,0.2,1466,17,1,1
4,0.2,1467,17,1,1
4,0.2,1468,18,2,1
4,0.2,1469,16,0,2
4,0.2,1470,17,1,0
4,0.2,1471,17,1,1
4,0.2,1472,16,0,1
4,0.2,1473,16,0,0
4,0.2,1474,16,0,0
4,0.2,1475,16,0,0
4,0.2,1476,16,0,0
4,0.2,1477,16,0,0
4,0.2,1478,18,2,0
4,0.2,1479,16,0,2
4,0.2,1480,16,0,0
4,0.2,1481,16,0,0
4,0.2,1482,17,1,0
4,0.2,1483,16,0,1
4,0.2,1484,16,0,0
4,0.2,1485,16,0,0
4,0.2,1486,16,0,0
4,0.2,1487,17,1,0
4,0.2,1488,16,0,1
4,0.2,1489,16,0,0
4,0.2,1490,16,0,0
4,0.2,1491,16,0,0
4,0.2,1492,16,0,0
4,0.2,1493,16,0,0
4,0.2,1494,16,0,0
4,0.2,1495,17,1,0
4,0.2,1496,18,1,0
4,0.2,1497,18,0,0
4,0.2,1498,16,0,2
4,0.2,1499,16,0,0
4,0.2,1500,16,0,0
5,0.05,0,4,0,0
5,0.05,1,31,28,1
5,0.05,2,17,10,24
5,0.05,3,30,23,10
5,0.05,4,29,20,21
5,0.05,5,31,18,16
5,0.05,6,32,15,14
5,0.05,7,31,15,16
5,0.05,8,38,20,13
5,0.05,9,29,13,22
5,0.05,10,33,18,14
5,0.05,11,32,14,15
5,0.05,12,30,13,15
5,0.05,13,41,20,9
5,0.05,14,32,6,15
5,0.05,15,32,18,18
5,0.05,16,39,24,17
5,0.05,17,15,5,29
5,0.05,18,30,18,3
5,0.05,19,29,14,15
5,0.05,20,25,16,20
5,0.05,21,30,18,13
5,0.05,22,45,23,8
5,0.05,23,46,12,11
5,0.05,24,53,14,7
5,0.05,25,43,7,17
5,0.05,26,45,9,7
5,0.05,27,59,18,4
5,0.05,28,41,4,22
5,0.05,29,28,8,21
5,0.05,30,39,21,10
5,0.05,31,38,15,16
5,0.05,32,39,15,14
5,0.05,33,36,10,13
5,0.05,34,42,12,6
5,0.05,35,61,22,3
5,0.05,36,22,3,42
5,0.05,37,29,23,16
5,0.05,38,41,22,10
5,0.05,39,22,7,26
5,0.05,40,44,27,5
5,0.05,41,36,13,21
5,0.05,42,33,12,15
5,0.05,43,44,15,4
5,0.05,44,41,10,13
5,0.05,45,42,11,10
5,0.05,46,20,5,27
5,0.05,47,56,37,1
5,0.05,48,19,1,38
5,0.05,49,23,13,9
5,0.05,50,35,19,7
5,0.05,51,28,10,17
5,0.05,52,31,8,5
5,0.05,53,50,22,3
5,0.05,54,45,7,12
5,0.05,55,36,9,18
5,0.05,56,43,12,5
5,0.05,57,26,5,22
5,0.05,58,35,19,10
5,0.05,59,41,11,5
5,0.05,60,23,3,21
5,0.05,61,23,11,11
5,0.05,62,25,13,11
5,0.05,63,44,20,1
5,0.05,64,22,1,23
5,0.05,65,30,11,3
5,0.05,66,28,7,9
5,0.05,67,45,18,1
5,0.05,68,35,0,10
5,0.05,69,40,10,5
5,0.05,70,32,6,14
5,0.05,71,30,10,12
5,0.05,72,34,13,9
5,0.05,73,41,10,3
5,0.05,74,18,5,28
5,0.05,75,35,20,3
5,0.05,76,37,7,5
5,0.05,77,38,4,3
5,0.05,78,39,6,5
5,0.05,79,35,3,7
5,0.05,80,22,5,18
5,0.05,81,22,12,12
5,0.05,82,40,23,5
5,0.05,83,41,6,5
5,0.05,84,43,7,5
5,0.05,85,40,5,8
5,0.05,86,38,4,6
5,0.05,87,34,5,9
5,0.05,88,40,8,2
5,0.05,89,35,3,8
5,0.05,90,44,11,2
5,0.05,91,28,0,16
5,0.05,92,24,9,13
5,0.05,93,28,14,10
5,0.05,94,39,15,4
5,0.05,95,34,5,10
5,0.05,96,33,7,8
5,0.05,97,41,12,4
5,0.05,98,30,2,13
5,0.05,99,33,8,5
5,0.05,100,39,11,5
5,0.05,101,31,6,14
5,0.05,102,37,11,5
5,0.05,103,25,4,16
5,0.05,104,31,11,5
5,0.05,105,39,10,2
5,0.05,106,38,2,3
5,0.05,107,41,4,1
5,0.05,108,34,1,8
5,0.05,109,39,8,3
5,0.05,110,40,3,2
5,0.05,111,41,4,3
5,0.05,112,39,4,6
5,0.05,113,39,3,3
5,0.05,114,29,2,12
5,0.05,115,31,8,6
5,0.05,116,38,11,4
5,0.05,117,38,3,3
5,0.05,118,35,0,3
5,0.05,119,35,3,3
5,0.05,120,39,5,1
5,0.05,121,40,3,2
5,0.05,122,41,2,1
5,0.05,123,36,0,5
5,0.05,124,38,4,2
5,0.05,125,42,4,0
5,0.05,126,42,2,2
5,0.05,127,41,1,2
5,0.05,128,40,1,2
5,0.05,129,40,2,2
5,0.05,130,38,1,3
5,0.05,131,38,2,2
5,0.05,132,38,3,3
5,0.05,133,37,3,4
5,0.05,134,37,3,3
5,0.05,135,38,4,3
5,0.05,136,40,4,2
5,0.05,137,31,0,9
5,0.05,138,30,1,2
5,0.05,139,18,3,15
5,0.05,140,37,20,1
5,0.05,141,39,4,2
5,0.05,142,38,1,2
5,0.05,143,34,1,5
5,0.05,144,31,0,3
5,0.05,145,24,0,7
5,0.05,146,31,7,0
5,0.05,147,30,5,6
5,0.05,148,34,4,0
5,0.05,149,21,0,13
5,0.05,150,37,16,0
5,0.05,151,37,1,1
5,0.05,152,30,0,7
5,0.05,153,27,0,3
5,0.05,154,35,11,3
5,0.05,155,26,0,9
5,0.05,156,32,8,2
5,0.05,157,35,6,3
5,0.05,158,11,1,25
5,0.05,159,14,5,2
5,0.05,160,29,17,2
5,0.05,161,15,0,14
5,0.05,162,28,13,0
5,0.05,163,31,5,2
5,0.05,164,35,6,2
5,0.05,165,29,1,7
5,0.05,166,18,2,13
5,0.05,167,28,11,1
5,0.05,168,22,3,9
5,0.05,169,32,12,2
5,0.05,170,33,5,4
5,0.05,171,26,1,8
5,0.05,172,30,6,2
5,0.05,173,35,7,2
5,0.05,174,34,1,2
5,0.05,175,33,1,2
5,0.05,176,19,0,14
5,0.05,177,32,15,2
5,0.05,178,30,3,5
5,0.05,179,32,4,2
5,0.05,180,17,0,15
5,0.05,181,33,16,0
5,0.05,182,26,1,8
5,0.05,183,31,5,0
5,0.05,184,34,5,2
5,0.05,185,34,1,1
5,0.05,186,33,1,2
5,0.05,187,33,1,1
5,0.05,188,34,1,0
5,0.05,189,30,0,4
5,0.05,190,32,4,2
5,0.05,191,32,3,3
5,0.05,192,34,2,0
5,0.05,193,35,1,0
5,0.05,194,32,1,4
5,0.05,195,34,3,1
5,0.05,196,34,0,0
5,0.05,197,34,0,0
5,0.05,198,32,0,2
5,0.05,199,31,1,2
5,0.05,200,32,2,1
5,0.05,201,33,1,0
5,0.05,202,34,1,0
5,0.05,203,32,0,2
5,0.05,204,29,1,4
5,0.05,205,33,5,1
5,0.05,206,24,0,9
5,0.05,207,30,7,1
5,0.05,208,29,1,2
5,0.05,209,25,2,6
5,0.05,210,29,6,2
5,0.05,211,30,4,3
5,0.05,212,30,3,3
5,0.05,213,29,2,3
5,0.05,214,29,2,2
5,0.05,215,25,2,6
5,0.05,216,30,8,3
5,0.05,217,22,0,8
5,0.05,218,28,6,0
5,0.05,219,28,2,2
5,0.05,220,30,3,1
5,0.05,221,28,0,2
5,0.05,222,32,4,0
5,0.05,223,30,0,2
5,0.05,224,25,2,7
5,0.05,225,27,5,3
5,0.05,226,16,1,12
5,0.05,227,27,14,3
5,0.05,228,13,1,15
5,0.05,229,23,11,1
5,0.05,230,24,4,3
5,0.05,231,23,2,3
5,0.05,232,27,4,0
5,0.05,233,26,1,2
5,0.05,234,24,3,5
5,0.05,235,22,3,5
5,0.05,236,28,8,2
5,0.05,237,21,0,7
5,0.05,238,29,8,0
5,0.05,239,28,2,3
5,0.05,240,29,1,0
5,0.05,241,27,0,2
5,0.05,242,24,1,4
5,0.05,243,24,2,2
5,0.05,244,24,1,1
5,0.05,245,20,2,6
5,0.05,246,29,9,0
5,0.05,247,29,2,2
5,0.05,248,23,0,6
5,0.05,249,26,4,1
5,0.05,250,27,2,1
5,0.05,251,29,2,0
5,0.05,252,24,0,5
5,0.05,253,28,4,0
5,0.05,254,28,1,1
5,0.05,255,29,1,0
5,0.05,256,26,0,3
5,0.05,257,29,3,0
5,0.05,258,28,0,1
5,0.05,259,24,1,5
5,0.05,260,27,5,2
5,0.05,261,21,1,7
5,0.05,262,26,6,1
5,0.05,263,26,2,2
5,0.05,264,28,2,0
5,0.05,265,27,0,1
5,0.05,266,24,0,3
5,0.05,267,27,3,0
5,0.05,268,26,2,3
5,0.05,269,23,1,4
5,0.05,270,24,1,0
5,0.05,271,28,4,0
5,0.05,272,24,0,4
5,0.05,273,27,3,0
5,0.05,274,26,0,1
5,0.05,275,24,0,2
5,0.05,276,27,4,1
5,0.05,277,26,1,2
5,0.05,278,26,1,1
5,0.05,279,27,1,0
5,0.05,280,27,0,0
5,0.05,281,27,1,1
5,0.05,282,26,0,1
5,0.05,283,26,1,1
5,0.05,284,28,2,0
5,0.05,285,26,0,2
5,0.05,286,26,1,1
5,0.05,287,27,1,0
5,0.05,288,26,0,1
5,0.05,289,25,0,1
5,0.05,290,26,2,1
5,0.05,291,21,0,5
5,0.05,292,25,5,1
5,0.05,293,25,0,0
5,0.05,294,25,0,0
5,0.05,295,27,2,0
5,0.05,296,25,0,2
5,0.05,297,26,1,0
5,0.05,298,25,0,1
5,0.05,299,26,2,1
5,0.05,300,25,1,2
5,0.05,301,25,0,0
5,0.05,302,25,1,1
5,0.05,303,25,0,0
5,0.05,304,24,0,1
5,0.05,305,24,1,1
5,0.05,306,20,1,5
5,0.05,307,22,3,1
5,0.05,308,24,2,0
5,0.05,309,23,0,1
5,0.05,310,24,2,1
5,0.05,311,22,2,4
5,0.05,312,23,1,0
5,0.05,313,23,1,1
5,0.05,314,17,0,6
5,0.05,315,20,3,0
5,0.05,316,22,2,0
5,0.05,317,23,1,0
5,0.05,318,24,2,1
5,0.05,319,24,0,0
5,0.05,320,24,0,0
5,0.05,321,24,1,1
5,0.05,322,23,0,1
5,0.05,323,18,1,6
5,0.05,324,21,4,1
5,0.05,325,24,3,0
5,0.05,326,24,1,1
5,0.05,327,22,0,2
5,0.05,328,25,3,0
5,0.05,329,25,1,1
5,0.05,330,24,0,1
5,0.05,331,25,1,0
5,0.05,332,24,0,1
5,0.05,333,23,0,1
5,0.05,334,24,1,0
5,0.05,335,24,0,0
5,0.05,336,22,0,2
5,0.05,337,24,2,0
5,0.05,338,25,1,0
5,0.05,339,24,0,1
5,0.05,340,22,0,2
5,0.05,341,25,3,0
5,0.05,342,24,0,1
5,0.05,343,24,0,0
5,0.05,344,24,0,0
5,0.05,345,24,0,0
5,0.05,346,25,1,0
5,0.05,347,24,0,1
5,0.05,348,25,1,0
5,0.05,349,24,0,1
5,0.05,350,24,0,0
5,0.05,351,24,0,0
5,0.05,352,24,0,0
5,0.05,353,23,0,1
5,0.05,354,23,0,0
5,0.05,355,22,0,1
5,0.05,356,22,0,0
5,0.05,357,19,0,3
5,0.05,358,23,4,0
5,0.05,359,23,0,0
5,0.05,360,25,2,0
5,0.05,361,22,0,3
5,0.05,362,21,1,2
5,0.05,363,23,3,1
5,0.05,364,24,1,0
5,0.05,365,17,0,7
5,0.05,366,24,7,0
5,0.05,367,24,1,1
5,0.05,368,21,1,4
5,0.05,369,19,2,4
5,0.05,370,24,5,0
5,0.05,371,24,1,1
5,0.05,372,19,0,5
5,0.05,373,19,3,3
5,0.05,374,19,3,3
5,0.05,375,21,2,0
5,0.05,376,22,2,1
5,0.05,377,22,1,1
5,0.05,378,23,1,0
5,0.05,379,22,0,1
5,0.05,380,22,1,1
5,0.05,381,22,1,1
5,0.05,382,23,1,0
5,0.05,383,23,0,0
5,0.05,384,23,0,0
5,0.05,385,23,0,0
5,0.05,386,23,0,0
5,0.05,387,23,0,0
5,0.05,388,24,1,0
5,0.05,389,23,0,1
5,0.05,390,23,0,0
5,0.05,391,23,0,0
5,0.05,392,23,0,0
5,0.05,393,19,0,4
5,0.05,394,23,4,0
5,0.05,395,23,0,0
5,0.05,396,23,0,0
5,0.05,397,23,0,0
5,0.05,398,23,0,0
5,0.05,399,23,0,0
5,0.05,400,23,0,0
5,0.05,401,21,0,2
5,0.05,402,23,2,0
5,0.05,403,21,0,2
5,0.05,404,21,0,0
5,0.05,405,17,0,4
5,0.05,406,20,3,0
5,0.05,407,18,2,4
5,0.05,408,22,4,0
5,0.05,409,20,1,3
5,0.05,410,17,0,3
5,0.05,411,19,2,0
5,0.05,412,18,1,2
5,0.05,413,22,4,0
5,0.05,414,19,0,3
5,0.05,415,17,0,2
5,0.05,416,16,2,3
5,0.05,417,21,6,1
5,0.05,418,18,0,3
5,0.05,419,15,1,4
5,0.05,420,19,5,1
5,0.05,421,19,2,2
5,0.05,422,21,3,1
5,0.05,423,19,0,2
5,0.05,424,18,1,2
5,0.05,425,19,2,1
5,0.05,426,19,1,1
5,0.05,427,17,0,2
5,0.05,428,14,1,4
5,0.05,429,17,4,1
5,0.05,430,17,2,2
5,0.05,431,19,4,2
5,0.05,432,18,2,3
5,0.05,433,18,2,2
5,0.05,434,16,0,2
5,0.05,435,17,1,0
5,0.05,436,14,2,5
5,0.05,437,15,2,1
5,0.05,438,18,5,2
5,0.05,439,7,0,11
5,0.05,440,14,7,0
5,0.05,441,16,2,0
5,0.05,442,18,4,2
5,0.05,443,17,0,1
5,0.05,444,13,1,5
5,0.05,445,17,5,1
5,0.05,446,15,2,4
5,0.05,447,18,5,2
5,0.05,448,18,2,2
5,0.05,449,19,1,0
5,0.05,450,17,0,2
5,0.05,451,17,1,1
5,0.05,452,18,1,0
5,0.05,453,18,1,1
5,0.05,454,19,1,0
5,0.05,455,19,0,0
5,0.05,456,17,0,2
5,0.05,457,17,1,1
5,0.05,458,15,0,2
5,0.05,459,18,3,0
5,0.05,460,19,1,0
5,0.05,461,21,2,0
5,0.05,462,21,1,1
5,0.05,463,19,0,2
5,0.05,464,17,1,3
5,0.05,465,21,4,0
5,0.05,466,17,0,4
5,0.05,467,16,0,1
5,0.05,468,19,4,1
5,0.05,469,20,2,1
5,0.05,470,20,0,0
5,0.05,471,20,0,0
5,0.05,472,20,0,0
5,0.05,473,21,2,1
5,0.05,474,19,1,3
5,0.05,475,18,0,1
5,0.05,476,20,2,0
5,0.05,477,17,0,3
5,0.05,478,19,2,0
5,0.05,479,17,0,2
5,0.05,480,17,1,1
5,0.05,481,19,3,1
5,0.05,482,18,1,2
5,0.05,483,19,1,0
5,0.05,484,15,0,4
5,0.05,485,17,2,0
5,0.05,486,18,1,0
5,0.05,487,18,1,1
5,0.05,488,18,1,1
5,0.05,489,19,1,0
5,0.05,490,19,0,0
5,0.05,491,18,0,1
5,0.05,492,18,0,0
5,0.05,493,18,1,1
5,0.05,494,19,1,0
5,0.05,495,16,0,3
5,0.05,496,17,2,1
5,0.05,497,18,1,0
5,0.05,498,17,0,1
5,0.05,499,17,1,1
5,0.05,500,17,1,1
5,0.05,501,18,2,1
5,0.05,502,18,1,1
5,0.05,503,17,0,1
5,0.05,504,17,1,1
5,0.05,505,18,1,0
5,0.05,506,19,1,0
5,0.05,507,17,0,2
5,0.05,508,18,1,0
5,0.05,509,19,1,0
5,0.05,510,18,0,1
5,0.05,511,18,0,0
5,0.05,512,18,0,0
5,0.05,513,18,0,0
5,0.05,514,18,0,0
5,0.05,515,18,0,0
5,0.05,516,18,0,0
5,0.05,517,18,0,0
5,0.05,518,18,0,0
5,0.05,519,18,0,0
5,0.05,520,18,0,0
5,0.05,521,19,1,0
5,0.05,522,18,0,1
5,0.05,523,18,0,0
5,0.05,524,18,0,0
5,0.05,525,15,0,3
5,0.05,526,17,2,0
5,0.05,527,17,2,2
5,0.05,528,18,2,1
5,0.05,529,18,0,0
5,0.05,530,18,0,0
5,0.05,531,15,0,3
5,0.05,532,19,4,0
5,0.05,533,17,1,3
5,0.05,534,18,2,1
5,0.05,535,18,0,0
5,0.05,536,18,0,0
5,0.05,537,18,0,0
5,0.05,538,19,1,0
5,0.05,539,18,0,1
5,0.05,540,18,0,0
5,0.05,541,18,0,0
5,0.05,542,18,0,0
5,0.05,543,18,0,0
5,0.05,544,19,1,0
5,0.05,545,18,0,1
5,0.05,546,18,0,0
5,0.05,547,18,0,0
5,0.05,548,18,0,0
5,0.05,549,18,0,0
5,0.05,550,18,0,0
5,0.05,551,18,0,0
5,0.05,552,18,0,0
5,0.05,553,18,0,0
5,0.05,554,18,0,0
5,0.05,555,18,0,0
5,0.05,556,16,0,2
5,0.05,557,18,2,0
5,0.05,558,17,0,1
5,0.05,559,18,1,0
5,0.05,560,17,0,1
5,0.05,561,15,0,2
5,0.05,562,16,1,0
5,0.05,563,17,1,0
5,0.05,564,12,0,5
5,0.05,565,15,3,0
5,0.05,566,16,1,0
5,0.05,567,17,1,0
5,0.05,568,18,1,0
5,0.05,569,17,0,1
5,0.05,570,17,0,0
5,0.05,571,16,0,1
5,0.05,572,17,1,0
5,0.05,573,17,0,0
5,0.05,574,16,0,1
5,0.05,575,17,1,0
5,0.05,576,17,0,0
5,0.05,577,17,1,1
5,0.05,578,18,2,1
5,0.05,579,16,0,2
5,0.05,580,17,1,0
5,0.05,581,17,0,0
5,0.05,582,17,0,0
5,0.05,583,17,0,0
5,0.05,584,17,0,0
5,0.05,585,17,0,0
5,0.05,586,17,0,0
5,0.05,587,17,0,0
5,0.05,588,17,0,0
5,0.05,589,17,0,0
5,0.05,590,17,0,0
5,0.05,591,17,0,0
5,0.05,592,17,0,0
5,0.05,593,17,0,0
5,0.05,594,17,0,0
5,0.05,595,17,0,0
5,0.05,596,17,0,0
5,0.05,597,17,0,0
5,0.05,598,17,0,0
5,0.05,599,18,1,0
5,0.05,600,17,0,1
5,0.05,601,17,0,0
5,0.05,602,17,0,0
5,0.05,603,17,0,0
5,0.05,604,17,0,0
5,0.05,605,18,1,0
5,0.05,606,17,0,1
5,0.05,607,17,0,0
5,0.05,608,17,0,0
5,0.05,609,17,0,0
5,0.05,610,17,0,0
5,0.05,611,17,0,0
5,0.05,612,17,0,0
5,0.05,613,17,0,0
5,0.05,614,17,0,0
5,0.05,615,17,0,0
5,0.05,616,18,1,0
5,0.05,617,17,0,1
5,0.05,618,17,0,0
5,0.05,619,17,0,0
5,0.05,620,17,0,0
5,0.05,621,17,0,0
5,0.05,622,17,0,0
5,0.05,623,18,1,0
5,0.05,624,17,0,1
5,0.05,625,17,0,0
5,0.05,626,17,0,0
5,0.05,627,18,1,0
5,0.05,628,17,0,1
5,0.05,629,17,0,0
5,0.05,630,17,0,0
5,0.05,631,17,0,0
5,0.05,632,17,0,0
5,0.05,633,17,0,0
5,0.05,634,18,1,0
5,0.05,635,17,0,1
5,0.05,636,17,0,0
5,0.05,637,17,0,0
5,0.05,638,17,0,0
5,0.05,639,18,1,0
5,0.05,640,17,0,1
5,0.05,641,17,0,0
5,0.05,642,17,0,0
5,0.05,643,17,0,0
5,0.05,644,18,1,0
5,0.05,645,17,0,1
5,0.05,646,17,0,0
5,0.05,647,17,0,0
5,0.05,648,17,0,0
5,0.05,649,17,0,0
5,0.05,650,17,0,0
5,0.05,651,17,0,0
5,0.05,652,17,0,0
5,0.05,653,17,0,0
5,0.05,654,17,0,0
5,0.05,655,17,0,0
5,0.05,656,17,0,0
5,0.05,657,17,0,0
5,0.05,658,17,0,0
5,0.05,659,17,0,0
5,0.05,660,17,0,0
5,0.05,661,17,0,0
5,0.05,662,17,0,0
5,0.05,663,17,0,0
5,0.05,664,17,0,0
5,0.05,665,17,0,0
5,0.05,666,17,0,0
5,0.05,667,17,0,0
5,0.05,668,17,0,0
5,0.05,669,17,0,0
5,0.05,670,17,0,0
5,0.05,671,17,0,0
5,0.05,672,17,0,0
5,0.05,673,17,0,0
5,0.05,674,17,0,0
5,0.05,675,17,0,0
5,0.05,676,17,0,0
5,0.05,677,17,0,0
5,0.05,678,18,1,0
5,0.05,679,17,0,1
5,0.05,680,17,0,0
5,0.05,681,17,0,0
5,0.05,682,17,0,0
5,0.05,683,17,0,0
5,0.05,684,17,0,0
5,0.05,685,17,0,0
5,0.05,686,17,0,0
5,0.05,687,17,0,0
5,0.05,688,17,0,0
5,0.05,689,17,0,0
5,0.05,690,17,0,0
5,0.05,691,17,0,0
5,0.05,692,18,1,0
5,0.05,693,17,0,1
5,0.05,694,17,0,0
5,0.05,695,17,0,0
5,0.05,696,17,0,0
5,0.05,697,17,0,0
5,0.05,698,17,0,0
5,0.05,699,17,0,0
5,0.05,700,17,0,0
5,0.05,701,17,0,0
5,0.05,702,17,0,0
5,0.05,703,17,0,0
5,0.05,704,17,0,0
5,0.05,705,17,0,0
5,0.05,706,17,0,0
5,0.05,707,17,0,0
5,0.05,708,17,0,0
5,0.05,709,17,0,0
5,0.05,710,17,0,0
5,0.05,711,17,0,0
5,0.05,712,17,0,0
5,0.05,713,17,0,0
5,0.05,714,17,0,0
5,0.05,715,17,0,0
5,0.05,716,17,0,0
5,0.05,717,17,0,0
5,0.05,718,17,0,0
5,0.05,719,17,0,0
5,0.05,720,17,0,0
5,0.05,721,17,0,0
5,0.05,722,17,0,0
5,0.05,723,17,0,0
5,0.05,724,17,0,0
5,0.05,725,17,0,0
5,0.05,726,17,0,0
5,0.05,727,17,0,0
5,0.05,728,17,0,0
5,0.05,729,17,0,0
5,0.05,730,17,0,0
5,0.05,731,17,0,0
5,0.05,732,17,0,0
5,0.05,733,17,0,0
5,0.05,734,17,0,0
5,0.05,735,17,0,0
5,0.05,736,18,1,0
5,0.05,737,17,0,1
5,0.05,738,17,0,0
5,0.05,739,17,0,0
5,0.05,740,17,0,0
5,0.05,741,17,0,0
5,0.05,742,17,0,0
5,0.05,743,17,0,0
5,0.05,744,17,0,0
5,0.05,745,17,0,0
5,0.05,746,17,0,0
5,0.05,747,17,0,0
5,0.05,748,17,0,0
5,0.05,749,17,0,0
5,0.05,750,17,0,0
5,0.05,751,17,0,0
5,0.05,752,17,0,0
5,0.05,753,17,0,0
5,0.05,754,18,1,0
5,0.05,755,17,0,1
5,0.05,756,17,0,0
5,0.05,757,17,0,0
5,0.05,758,17,0,0
5,0.05,759,17,0,0
5,0.05,760,17,0,0
5,0.05,761,17,0,0
5,0.05,762,17,0,0
5,0.05,763,17,0,0
5,0.05,764,17,0,0
5,0.05,765,17,0,0
5,0.05,766,17,0,0
5,0.05,767,17,0,0
5,0.05,768,17,0,0
5,0.05,769,17,0,0
5,0.05,770,17,0,0
5,0.05,771,17,0,0
5,0.05,772,17,0,0
5,0.05,773,17,0,0
5,0.05,774,17,0,0
5,0.05,775,17,0,0
5,0.05,776,17,0,0
5,0.05,777,17,0,0
5,0.05,778,17,0,0
5,0.05,779,17,0,0
5,0.05,780,17,0,0
5,0.05,781,17,0,0
5,0.05,782,17,0,0
5,0.05,783,17,0,0
5,0.05,784,17,0,0
5,0.05,785,17,0,0
5,0.05,786,17,0,0
5,0.05,787,18,1,0
5,0.05,788,17,0,1
5,0.05,789,17,0,0
5,0.05,790,17,0,0
5,0.05,791,17,0,0
5,0.05,792,17,0,0
5,0.05,793,17,0,0
5,0.05,794,17,0,0
5,0.05,795,17,0,0
5,0.05,796,17,0,0
5,0.05,797,17,0,0
5,0.05,798,17,0,0
5,0.05,799,17,0,0
5,0.05,800,17,0,0
5,0.05,801,17,0,0
5,0.05,802,17,0,0
5,0.05,803,17,0,0
5,0.05,804,17,0,0
5,0.05,805,17,0,0
5,0.05,806,17,0,0
5,0.05,807,17,0,0
5,0.05,808,17,0,0
5,0.05,809,17,0,0
5,0.05,810,17,0,0
5,0.05,811,17,0,0
5,0.05,812,17,0,0
5,0.05,813,17,0,0
5,0.05,814,17,0,0
5,0.05,815,17,0,0
5,0.05,816,17,0,0
5,0.05,817,17,0,0
5,0.05,818,17,0,0
5,0.05,819,17,0,0
5,0.05,820,17,0,0
5,0.05,821,17,0,0
5,0.05,822,17,0,0
5,0.05,823,17,0,0
5,0.05,824,17,0,0
5,0.05,825,17,0,0
5,0.05,826,17,0,0
5,0.05,827,17,0,0
5,0.05,828,17,0,0
5,0.05,829,17,0,0
5,0.05,830,17,0,0
5,0.05,831,17,0,0
5,0.05,832,17,0,0
5,0.05,833,17,0,0
5,0.05,834,17,0,0
5,0.05,835,17,0,0
5,0.05,836,17,0,0
5,0.05,837,17,0,0
5,0.05,838,17,0,0
5,0.05,839,17,0,0
5,0.05,840,17,0,0
5,0.05,841,17,0,0
5,0.05,842,17,0,0
5,0.05,843,17,0,0
5,0.05,844,17,0,0
5,0.05,845,17,0,0
5,0.05,846,17,0,0
5,0.05,847,17,0,0
5,0.05,848,17,0,0
5,0.05,849,17,0,0
5,0.05,850,17,0,0
5,0.05,851,17,0,0
5,0.05,852,17,0,0
5,0.05,853,17,0,0
5,0.05,854,17,0,0
5,0.05,855,17,0,0
5,0.05,856,17,0,0
5,0.05,857,17,0,0
5,0.05,858,17,0,0
5,0.05,859,17,0,0
5,0.05,860,17,0,0
5,0.05,861,17,0,0
5,0.05,862,17,0,0
5,0.05,863,17,0,0
5,0.05,864,17,0,0
5,0.05,865,17,0,0
5,0.05,866,17,0,0
5,0.05,867,17,0,0
5,0.05,868,17,0,0
5,0.05,869,17,0,0
5,0.05,870,17,0,0
5,0.05,871,17,0,0
5,0.05,872,17,0,0
5,0.05,873,17,0,0
5,0.05,874,17,0,0
5,0.05,875,17,0,0
5,0.05,876,17,0,0
5,0.05,877,17,0,0
5,0.05,878,17,0,0
5,0.05,879,17,0,0
5,0.05,880,17,0,0
5,0.05,881,17,0,0
5,0.05,882,17,0,0
5,0.05,883,17,0,0
5,0.05,884,17,0,0
5,0.05,885,17,0,0
5,0.05,886,17,0,0
5,0.05,887,17,0,0
5,0.05,888,17,0,0
5,0.05,889,17,0,0
5,0.05,890,17,0,0
5,0.05,891,17,0,0
5,0.05,892,17,0,0
5,0.05,893,17,0,0
5,0.05,894,17,0,0
5,0.05,895,17,0,0
5,0.05,896,17,0,0
5,0.05,897,17,0,0
5,0.05,898,17,0,0
5,0.05,899,17,0,0
5,0.05,900,17,0,0
5,0.05,901,17,0,0
5,0.05,902,17,0,0
5,0.05,903,18,1,0
5,0.05,904,17,0,1
5,0.05,905,17,0,0
5,0.05,906,17,0,0
5,0.05,907,17,0,0
5,0.05,908,17,0,0
5,0.05,909,17,0,0
5,0.05,910,17,0,0
5,0.05,911,17,0,0
5,0.05,912,17,0,0
5,0.05,913,17,0,0
5,0.05,914,17,0,0
5,0.05,915,17,0,0
5,0.05,916,17,0,0
5,0.05,917,17,0,0
5,0.05,918,17,0,0
5,0.05,919,17,0,0
5,0.05,920,17,0,0
5,0.05,921,17,0,0
5,0.05,922,17,0,0
5,0.05,923,17,0,0
5,0.05,924,17,0,0
5,0.05,925,17,0,0
5,0.05,926,17,0,0
5,0.05,927,17,0,0
5,0.05,928,17,0,0
5,0.05,929,17,0,0
5,0.05,930,18,1,0
5,0.05,931,17,0,1
5,0.05,932,17,0,0
5,0.05,933,17,0,0
5,0.05,934,17,0,0
5,0.05,935,17,0,0
5,0.05,936,17,0,0
5,0.05,937,17,0,0
5,0.05,938,17,0,0
5,0.05,939,17,0,0
5,0.05,940,18,1,0
5,0.05,941,18,0,0
5,0.05,942,17,0,1
5,0.05,943,17,0,0
5,0.05,944,17,0,0
5,0.05,945,17,0,0
5,0.05,946,17,0,0
5,0.05,947,17,0,0
5,0.05,948,17,0,0
5,0.05,949,17,0,0
5,0.05,950,17,0,0
5,0.05,951,17,0,0
5,0.05,952,18,1,0
5,0.05,953,17,0,1
5,0.05,954,17,0,0
5,0.05,955,17,0,0
5,0.05,956,17,0,0
5,0.05,957,17,0,0
5,0.05,958,17,0,0
5,0.05,959,17,0,0
5,0.05,960,17,0,0
5,0.05,961,18,1,0
5,0.05,962,17,0,1
5,0.05,963,17,0,0
5,0.05,964,17,0,0
5,0.05,965,17,0,0
5,0.05,966,17,0,0
5,0.05,967,17,0,0
5,0.05,968,18,1,0
5,0.05,969,19,2,1
5,0.05,970,17,0,2
5,0.05,971,17,0,0
5,0.05,972,17,0,0
5,0.05,973,17,0,0
5,0.05,974,17,0,0
5,0.05,975,17,0,0
5,0.05,976,17,0,0
5,0.05,977,17,0,0
5,0.05,978,17,0,0
5,0.05,979,17,0,0
5,0.05,980,17,0,0
5,0.05,981,17,0,0
5,0.05,982,17,0,0
5,0.05,983,17,0,0
5,0.05,984,17,0,0
5,0.05,985,17,0,0
5,0.05,986,17,0,0
5,0.05,987,17,0,0
5,0.05,988,17,0,0
5,0.05,989,17,0,0
5,0.05,990,17,0,0
5,0.05,991,17,0,0
5,0.05,992,17,0,0
5,0.05,993,17,0,0
5,0.05,994,17,0,0
5,0.05,995,17,0,0
5,0.05,996,18,1,0
5,0.05,997,17,0,1
5,0.05,998,17,0,0
5,0.05,999,17,0,0
5,0.05,1000,17,0,0
5,0.05,1001,17,0,0
5,0.05,1002,17,0,0
5,0.05,1003,17,0,0
5,0.05,1004,17,0,0
5,0.05,1005,17,0,0
5,0.05,1006,17,0,0
5,0.05,1007,17,0,0
5,0.05,1008,17,0,0
5,0.05,1009,17,0,0
5,0.05,1010,17,0,0
5,0.05,1011,17,0,0
5,0.05,1012,18,1,0
5,0.05,1013,17,0,1
5,0.05,1014,17,0,0
5,0.05,1015,17,0,0
5,0.05,1016,18,1,0
5,0.05,1017,17,0,1
5,0.05,1018,17,0,0
5,0.05,1019,17,0,0
5,0.05,1020,17,0,0
5,0.05,1021,17,0,0
5,0.05,1022,17,0,0
5,0.05,1023,17,0,0
5,0.05,1024,17,0,0
5,0.05,1025,17,0,0
5,0.05,1026,17,0,0
5,0.05,1027,17,0,0
5,0.05,1028,17,0,0
5,0.05,1029,17,0,0
5,0.05,1030,17,0,0
5,0.05,1031,17,0,0
5,0.05,1032,17,0,0
5,0.05,1033,17,0,0
5,0.05,1034,17,0,0
5,0.05,1035,17,0,0
5,0.05,1036,17,0,0
5,0.05,1037,17,0,0
5,0.05,1038,17,0,0
5,0.05,1039,18,1,0
5,0.05,1040,17,0,1
5,0.05,1041,17,0,0
5,0.05,1042,17,0,0
5,0.05,1043,17,0,0
5,0.05,1044,17,0,0
5,0.05,1045,17,0,0
5,0.05,1046,17,0,0
5,0.05,1047,17,0,0
5,0.05,1048,17,0,0
5,0.05,1049,17,0,0
5,0.05,1050,17,0,0
5,0.05,1051,17,0,0
5,0.05,1052,17,0,0
5,0.05,1053,17,0,0
5,0.05,1054,17,0,0
5,0.05,1055,17,0,0
5,0.05,1056,17,0,0
5,0.05,1057,17,0,0
5,0.05,1058,17,0,0
5,0.05,1059,18,1,0
5,0.05,1060,17,0,1
5,0.05,1061,17,0,0
5,0.05,1062,17,0,0
5,0.05,1063,17,0,0
5,0.05,1064,17,0,0
5,0.05,1065,17,0,0
5,0.05,1066,17,0,0
5,0.05,1067,18,1,0
5,0.05,1068,17,0,1
5,0.05,1069,19,2,0
5,0.05,1070,17,0,2
5,0.05,1071,17,0,0
5,0.05,1072,17,0,0
5,0.05,1073,17,0,0
5,0.05,1074,17,0,0
5,0.05,1075,17,0,0
5,0.05,1076,18,1,0
5,0.05,1077,17,0,1
5,0.05,1078,17,0,0
5,0.05,1079,17,0,0
5,0.05,1080,17,0,0
5,0.05,1081,17,0,0
5,0.05,1082,17,0,0
5,0.05,1083,17,0,0
5,0.05,1084,17,0,0
5,0.05,1085,17,0,0
5,0.05,1086,18,1,0
5,0.05,1087,17,0,1
5,0.05,1088,18,1,0
5,0.05,1089,17,0,1
5,0.05,1090,17,0,0
5,0.05,1091,17,0,0
5,0.05,1092,18,1,0
5,0.05,1093,17,0,1
5,0.05,1094,17,0,0
5,0.05,1095,18,1,0
5,0.05,1096,18,0,0
5,0.05,1097,18,1,1
5,0.05,1098,17,0,1
5,0.05,1099,17,0,0
5,0.05,1100,17,0,0
5,0.05,1101,17,0,0
5,0.05,1102,17,0,0
5,0.05,1103,17,0,0
5,0.05,1104,17,0,0
5,0.05,1105,17,0,0
5,0.05,1106,17,0,0
5,0.05,1107,17,0,0
5,0.05,1108,17,0,0
5,0.05,1109,17,0,0
5,0.05,1110,17,0,0
5,0.05,1111,17,0,0
5,0.05,1112,17,0,0
5,0.05,1113,17,0,0
5,0.05,1114,17,0,0
5,0.05,1115,17,0,0
5,0.05,1116,17,0,0
5,0.05,1117,17,0,0
5,0.05,1118,17,0,0
5,0.05,1119,17,0,0
5,0.05,1120,17,0,0
5,0.05,1121,17,0,0
5,0.05,1122,17,0,0
5,0.05,1123,17,0,0
5,0.05,1124,17,0,0
5,0.05,1125,17,0,0
5,0.05,1126,17,0,0
5,0.05,1127,17,0,0
5,0.05,1128,17,0,0
5,0.05,1129,17,0,0
5,0.05,1130,17,0,0
5,0.05,1131,17,0,0
5,0.05,1132,17,0,0
5,0.05,1133,17,0,0
5,0.05,1134,17,0,0
5,0.05,1135,17,0,0
5,0.05,1136,17,0,0
5,0.05,1137,17,0,0
5,0.05,1138,17,0,0
5,0.05,1139,17,0,0
5,0.05,1140,17,0,0
5,0.05,1141,17,0,0
5,0.05,1142,17,0,0
5,0.05,1143,17,0,0
5,0.05,1144,17,0,0
5,0.05,1145,17,0,0
5,0.05,1146,17,0,0
5,0.05,1147,17,0,0
5,0.05,1148,17,0,0
5,0.05,1149,17,0,0
5,0.05,1150,17,0,0
5,0.05,1151,17,0,0
5,0.05,1152,18,1,0
5,0.05,1153,17,0,1
5,0.05,1154,17,0,0
5,0.05,1155,17,0,0
5,0.05,1156,17,0,0
5,0.05,1157,17,0,0
5,0.05,1158,17,0,0
5,0.05,1159,17,0,0
5,0.05,1160,17,0,0
5,0.05,1161,17,0,0
5,0.05,1162,17,0,0
5,0.05,1163,17,0,0
5,0.05,1164,17,0,0
5,0.05,1165,17,0,0
5,0.05,1166,17,0,0
5,0.05,1167,17,0,0
5,0.05,1168,17,0,0
5,0.05,1169,17,0,0
5,0.05,1170,17,0,0
5,0.05,1171,17,0,0
5,0.05,1172,17,0,0
5,0.05,1173,17,0,0
5,0.05,1174,17,0,0
5,0.05,1175,17,0,0
5,0.05,1176,17,0,0
5,0.05,1177,17,0,0
5,0.05,1178,17,0,0
5,0.05,1179,17,0,0
5,0.05,1180,17,0,0
5,0.05,1181,18,1,0
5,0.05,1182,17,0,1
5,0.05,1183,17,0,0
5,0.05,1184,17,0,0
5,0.05,1185,17,0,0
5,0.05,1186,17,0,0
5,0.05,1187,17,0,0
5,0.05,1188,17,0,0
5,0.05,1189,17,0,0
5,0.05,1190,17,0,0
5,0.05,1191,17,0,0
5,0.05,1192,18,1,0
5,0.05,1193,17,0,1
5,0.05,1194,17,0,0
5,0.05,1195,17,0,0
5,0.05,1196,17,0,0
5,0.05,1197,17,0,0
5,0.05,1198,17,0,0
5,0.05,1199,17,0,0
5,0.05,1200,17,0,0
5,0.05,1201,17,0,0
5,0.05,1202,17,0,0
5,0.05,1203,17,0,0
5,0.05,1204,17,0,0
5,0.05,1205,17,0,0
5,0.05,1206,17,0,0
5,0.05,1207,17,0,0
5,0.05,1208,17,0,0
5,0.05,1209,17,0,0
5,0.05,1210,17,0,0
5,0.05,1211,17,0,0
5,0.05,1212,17,0,0
5,0.05,1213,17,0,0
5,0.05,1214,18,1,0
5,0.05,1215,17,0,1
5,0.05,1216,17,0,0
5,0.05,1217,17,0,0
5,0.05,1218,17,0,0
5,0.05,1219,17,0,0
5,0.05,1220,17,0,0
5,0.05,1221,17,0,0
5,0.05,1222,17,0,0
5,0.05,1223,17,0,0
5,0.05,1224,17,0,0
5,0.05,1225,17,0,0
5,0.05,1226,17,0,0
5,0.05,1227,17,0,0
5,0.05,1228,17,0,0
5,0.05,1229,17,0,0
5,0.05,1230,17,0,0
5,0.05,1231,17,0,0
5,0.05,1232,17,0,0
5,0.05,1233,17,0,0
5,0.05,1234,17,0,0
5,0.05,1235,17,0,0
5,0.05,1236,17,0,0
5,0.05,1237,17,0,0
5,0.05,1238,17,0,0
5,0.05,1239,17,0,0
5,0.05,1240,17,0,0
5,0.05,1241,17,0,0
5,0.05,1242,17,0,0
5,0.05,1243,17,0,0
5,0.05,1244,17,0,0
5,0.05,1245,17,0,0
5,0.05,1246,17,0,0
5,0.05,1247,17,0,0
5,0.05,1248,17,0,0
5,0.05,1249,17,0,0
5,0.05,1250,17,0,0
5,0.05,1251,17,0,0
5,0.05,1252,17,0,0
5,0.05,1253,17,0,0
5,0.05,1254,17,0,0
5,0.05,1255,17,0,0
5,0.05,1256,17,0,0
5,0.05,1257,17,0,0
5,0.05,1258,17,0,0
5,0.05,1259,17,0,0
5,0.05,1260,17,0,0
5,0.05,1261,17,0,0
5,0.05,1262,17,0,0
5,0.05,1263,17,0,0
5,0.05,1264,17,0,0
5,0.05,1265,17,0,0
5,0.05,1266,17,0,0
5,0.05,1267,17,0,0
5,0.05,1268,17,0,0
5,0.05,1269,17,0,0
5,0.05,1270,17,0,0
5,0.05,1271,17,0,0
5,0.05,1272,17,0,0
5,0.05,1273,17,0,0
5,0.05,1274,17,0,0
5,0.05,1275,17,0,0
5,0.05,1276,17,0,0
5,0.05,1277,17,0,0
5,0.05,1278,17,0,0
5,0.05,1279,17,0,0
5,0.05,1280,17,0,0
5,0.05,1281,17,0,0
5,0.05,1282,17,0,0
5,0.05,1283,17,0,0
5,0.05,1284,17,0,0
5,0.05,1285,17,0,0
5,0.05,1286,17,0,0
5,0.05,1287,17,0,0
5,0.05,1288,17,0,0
5,0.05,1289,17,0,0
5,0.05,1290,17,0,0
5,0.05,1291,17,0,0
5,0.05,1292,17,0,0
5,0.05,1293,17,0,0
5,0.05,1294,17,0,0
5,0.05,1295,17,0,0
5,0.05,1296,17,0,0
5,0.05,1297,17,0,0
5,0.05,1298,17,0,0
5,0.05,1299,17,0,0
5,0.05,1300,17,0,0
5,0.05,1301,17,0,0
5,0.05,1302,17,0,0
5,0.05,1303,17,0,0
5,0.05,1304,17,0,0
5,0.05,1305,17,0,0
5,0.05,1306,17,0,0
5,0.05,1307,17,0,0
5,0.05,1308,17,0,0
5,0.05,1309,17,0,0
5,0.05,1310,17,0,0
5,0.05,1311,17,0,0
5,0.05,1312,17,0,0
5,0.05,1313,17,0,0
5,0.05,1314,17,0,0
5,0.05,1315,17,0,0
5,0.05,1316,17,0,0
5,0.05,1317,17,0,0
5,0.05,1318,17,0,0
5,0.05,1319,17,0,0
5,0.05,1320,17,0,0
5,0.05,1321,17,0,0
5,0.05,1322,17,0,0
5,0.05,1323,17,0,0
5,0.05,1324,17,0,0
5,0.05,1325,17,0,0
5,0.05,1326,17,0,0
5,0.05,1327,17,0,0
5,0.05,1328,17,0,0
5,0.05,1329,17,0,0
5,0.05,1330,17,0,0
5,0.05,1331,17,0,0
5,0.05,1332,18,1,0
5,0.05,1333,17,0,1
5,0.05,1334,17,0,0
5,0.05,1335,17,0,0
5,0.05,1336,17,0,0
5,0.05,1337,17,0,0
5,0.05,1338,17,0,0
5,0.05,1339,17,0,0
5,0.05,1340,17,0,0
5,0.05,1341,17,0,0
5,0.05,1342,17,0,0
5,0.05,1343,17,0,0
5,0.05,1344,17,0,0
5,0.05,1345,17,0,0
5,0.05,1346,17,0,0
5,0.05,1347,17,0,0
5,0.05,1348,17,0,0
5,0.05,1349,17,0,0
5,0.05,1350,17,0,0
5,0.05,1351,17,0,0
5,0.05,1352,18,1,0
5,0.05,1353,17,0,1
5,0.05,1354,17,0,0
5,0.05,1355,17,0,0
5,0.05,1356,17,0,0
5,0.05,1357,17,0,0
5,0.05,1358,17,0,0
5,0.05,1359,17,0,0
5,0.05,1360,18,1,0
5,0.05,1361,17,0,1
5,0.05,1362,17,0,0
5,0.05,1363,17,0,0
5,0.05,1364,17,0,0
5,0.05,1365,17,0,0
5,0.05,1366,17,0,0
5,0.05,1367,17,0,0
5,0.05,1368,17,0,0
5,0.05,1369,17,0,0
5,0.05,1370,17,0,0
5,0.05,1371,17,0,0
5,0.05,1372,17,0,0
5,0.05,1373,17,0,0
5,0.05,1374,17,0,0
5,0.05,1375,17,0,0
5,0.05,1376,17,0,0
5,0.05,1377,18,1,0
5,0.05,1378,17,0,1
5,0.05,1379,18,1,0
5,0.05,1380,17,0,1
5,0.05,1381,17,0,0
5,0.05,1382,17,0,0
5,0.05,1383,17,0,0
5,0.05,1384,17,0,0
5,0.05,1385,17,0,0
5,0.05,1386,17,0,0
5,0.05,1387,17,0,0
5,0.05,1388,17,0,0
5,0.05,1389,17,0,0
5,0.05,1390,17,0,0
5,0.05,1391,17,0,0
5,0.05,1392,17,0,0
5,0.05,1393,17,0,0
5,0.05,1394,18,1,0
5,0.05,1395,17,0,1
5,0.05,1396,17,0,0
5,0.05,1397,17,0,0
5,0.05,1398,17,0,0
5,0.05,1399,17,0,0
5,0.05,1400,17,0,0
5,0.05,1401,17,0,0
5,0.05,1402,18,1,0
5,0.05,1403,17,0,1
5,0.05,1404,17,0,0
5,0.05,1405,17,0,0
5,0.05,1406,17,0,0
5,0.05,1407,17,0,0
5,0.05,1408,18,1,0
5,0.05,1409,18,1,1
5,0.05,1410,17,0,1
5,0.05,1411,17,0,0
5,0.05,1412,17,0,0
5,0.05,1413,17,0,0
5,0.05,1414,17,0,0
5,0.05,1415,17,0,0
5,0.05,1416,17,0,0
5,0.05,1417,17,0,0
5,0.05,1418,17,0,0
5,0.05,1419,17,0,0
5,0.05,1420,17,0,0
5,0.05,1421,17,0,0
5,0.05,1422,17,0,0
5,0.05,1423,17,0,0
5,0.05,1424,17,0,0
5,0.05,1425,17,0,0
5,0.05,1426,17,0,0
5,0.05,1427,17,0,0
5,0.05,1428,17,0,0
5,0.05,1429,17,0,0
5,0.05,1430,17,0,0
5,0.05,1431,17,0,0
5,0.05,1432,18,1,0
5,0.05,1433,19,1,0
5,0.05,1434,18,0,1
5,0.05,1435,17,0,1
5,0.05,1436,17,0,0
5,0.05,1437,17,0,0
5,0.05,1438,18,1,0
5,0.05,1439,17,0,1
5,0.05,1440,17,0,0
5,0.05,1441,18,1,0
5,0.05,1442,17,0,1
5,0.05,1443,18,1,0
5,0.05,1444,17,0,1
5,0.05,1445,17,0,0
5,0.05,1446,17,0,0
5,0.05,1447,18,1,0
5,0.05,1448,17,0,1
5,0.05,1449,18,1,0
5,0.05,1450,17,0,1
5,0.05,1451,18,1,0
5,0.05,1452,17,0,1
5,0.05,1453,18,1,0
5,0.05,1454,17,0,1
5,0.05,1455,17,0,0
5,0.05,1456,17,0,0
5,0.05,1457,18,1,0
5,0.05,1458,17,0,1
5,0.05,1459,17,0,0
5,0.05,1460,17,0,0
5,0.05,1461,17,0,0
5,0.05,1462,17,0,0
5,0.05,1463,17,0,0
5,0.05,1464,17,0,0
5,0.05,1465,17,0,0
5,0.05,1466,17,0,0
5,0.05,1467,17,0,0
5,0.05,1468,17,0,0
5,0.05,1469,18,1,0
5,0.05,1470,17,0,1
5,0.05,1471,19,2,0
5,0.05,1472,17,0,2
5,0.05,1473,18,1,0
5,0.05,1474,17,0,1
5,0.05,1475,17,0,0
5,0.05,1476,17,0,0
5,0.05,1477,18,1,0
5,0.05,1478,17,0,1
5,0.05,1479,18,1,0
5,0.05,1480,18,1,1
5,0.05,1481,17,0,1
5,0.05,1482,18,1,0
5,0.05,1483,17,0,1
5,0.05,1484,18,1,0
5,0.05,1485,17,0,1
5,0.05,1486,18,1,0
5,0.05,1487,17,0,1
5,0.05,1488,18,1,0
5,0.05,1489,18,0,0
5,0.05,1490,17,0,1
5,0.05,1491,18,1,0
5,0.05,1492,18,0,0
5,0.05,1493,18,0,0
5,0.05,1494,18,0,0
5,0.05,1495,18,0,0
5,0.05,1496,19,1,0
5,0.05,1497,18,0,1
5,0.05,1498,18,0,0
5,0.05,1499,18,0,0
5,0.05,1500,18,0,0
5,0.1,0,6,0,0
5,0.1,1,49,44,1
5,0.1,2,44,17,22
5,0.1,3,56,23,11
5,0.1,4,49,13,20
5,0.1,5,54,18,13
5,0.1,6,52,15,17
5,0.1,7,50,15,17
5,0.1,8,59,19,10
5,0.1,9,50,10,19
5,0.1,10,59,18,9
5,0.1,11,48,7,18
5,0.1,12,59,17,6
5,0.1,13,56,11,14
5,0.1,14,51,7,12
5,0.1,15,55,11,7
5,0.1,16,60,15,10
5,0.1,17,24,3,39
5,0.1,18,42,23,5
5,0.1,19,49,18,11
5,0.1,20,49,13,13
5,0.1,21,53,13,9
5,0.1,22,56,10,7
5,0.1,23,60,12,8
5,0.1,24,63,6,3
5,0.1,25,58,3,8
5,0.1,26,60,6,4
5,0.1,27,64,6,2
5,0.1,28,60,2,6
5,0.1,29,50,4,14
5,0.1,30,54,11,7
5,0.1,31,57,9,6
5,0.1,32,55,8,10
5,0.1,33,51,6,10
5,0.1,34,56,9,4
5,0.1,35,66,14,4
5,0.1,36,44,3,25
5,0.1,37,49,15,10
5,0.1,38,57,12,4
5,0.1,39,45,4,16
5,0.1,40,59,16,2
5,0.1,41,57,5,7
5,0.1,42,58,7,6
5,0.1,43,54,2,6
5,0.1,44,54,7,7
5,0.1,45,55,6,5
5,0.1,46,43,2,14
5,0.1,47,62,19,0
5,0.1,48,40,0,22
5,0.1,49,44,12,8
5,0.1,50,51,12,5
5,0.1,51,43,4,12
5,0.1,52,43,4,4
5,0.1,53,54,13,2
5,0.1,54,59,6,1
5,0.1,55,51,0,8
5,0.1,56,53,7,5
5,0.1,57,42,4,15
5,0.1,58,49,13,6
5,0.1,59,51,5,3
5,0.1,60,46,7,12
5,0.1,61,41,7,12
5,0.1,62,36,8,13
5,0.1,63,49,14,1
5,0.1,64,32,2,19
5,0.1,65,42,14,4
5,0.1,66,44,7,5
5,0.1,67,49,7,2
5,0.1,68,43,1,7
5,0.1,69,49,7,1
5,0.1,70,47,5,7
5,0.1,71,47,8,8
5,0.1,72,44,4,7
5,0.1,73,47,6,3
5,0.1,74,39,5,13
5,0.1,75,44,11,6
5,0.1,76,42,3,5
5,0.1,77,46,8,4
5,0.1,78,44,5,7
5,0.1,79,45,3,2
5,0.1,80,38,3,10
5,0.1,81,33,7,12
5,0.1,82,45,15,3
5,0.1,83,46,5,4
5,0.1,84,46,5,5
5,0.1,85,47,4,3
5,0.1,86,43,1,5
5,0.1,87,42,4,5
5,0.1,88,43,3,2
5,0.1,89,45,5,3
5,0.1,90,46,2,1
5,0.1,91,40,0,6
5,0.1,92,37,1,4
5,0.1,93,40,7,4
5,0.1,94,46,7,1
5,0.1,95,42,0,4
5,0.1,96,43,3,2
5,0.1,97,47,5,1
5,0.1,98,43,2,6
5,0.1,99,46,4,1
5,0.1,100,47,4,3
5,0.1,101,40,0,7
5,0.1,102,43,5,2
5,0.1,103,39,2,6
5,0.1,104,42,5,2
5,0.1,105,43,3,2
5,0.1,106,41,2,4
5,0.1,107,41,2,2
5,0.1,108,41,1,1
5,0.1,109,43,2,0
5,0.1,110,44,2,1
5,0.1,111,44,1,1
5,0.1,112,41,1,4
5,0.1,113,43,3,1
5,0.1,114,40,4,7
5,0.1,115,43,4,1
5,0.1,116,42,3,4
5,0.1,117,41,1,2
5,0.1,118,40,0,1
5,0.1,119,40,2,2
5,0.1,120,41,3,2
5,0.1,121,41,2,2
5,0.1,122,42,2,1
5,0.1,123,39,1,4
5,0.1,124,43,5,1
5,0.1,125,43,1,1
5,0.1,126,43,2,2
5,0.1,127,42,1,2
5,0.1,128,42,1,1
5,0.1,129,44,2,0
5,0.1,130,39,0,5
5,0.1,131,41,2,0
5,0.1,132,41,0,0
5,0.1,133,41,1,1
5,0.1,134,41,1,1
5,0.1,135,42,1,0
5,0.1,136,41,0,1
5,0.1,137,39,1,3
5,0.1,138,36,1,4
5,0.1,139,34,3,5
5,0.1,140,40,7,1
5,0.1,141,42,2,0
5,0.1,142,40,0,2
5,0.1,143,39,0,1
5,0.1,144,37,0,2
5,0.1,145,31,0,6
5,0.1,146,37,6,0
5,0.1,147,39,3,1
5,0.1,148,37,0,2
5,0.1,149,34,0,3
5,0.1,150,38,4,0
5,0.1,151,38,1,1
5,0.1,152,36,0,2
5,0.1,153,34,0,2
5,0.1,154,40,6,0
5,0.1,155,36,1,5
5,0.1,156,37,3,2
5,0.1,157,37,1,1
5,0.1,158,17,0,20
5,0.1,159,19,3,1
5,0.1,160,34,15,0
5,0.1,161,24,0,10
5,0.1,162,33,9,0
5,0.1,163,36,3,0
5,0.1,164,38,2,0
5,0.1,165,32,0,6
5,0.1,166,26,1,7
5,0.1,167,34,8,0
5,0.1,168,29,1,6
5,0.1,169,37,8,0
5,0.1,170,37,1,1
5,0.1,171,35,1,3
5,0.1,172,33,2,4
5,0.1,173,36,5,2
5,0.1,174,35,1,2
5,0.1,175,36,1,0
5,0.1,176,27,0,9
5,0.1,177,36,9,0
5,0.1,178,35,0,1
5,0.1,179,36,2,1
5,0.1,180,28,0,8
5,0.1,181,35,7,0
5,0.1,182,30,0,5
5,0.1,183,35,5,0
5,0.1,184,35,1,1
5,0.1,185,35,2,2
5,0.1,186,36,2,1
5,0.1,187,35,0,1
5,0.1,188,36,1,0
5,0.1,189,34,0,2
5,0.1,190,35,1,0
5,0.1,191,35,1,1
5,0.1,192,35,0,0
5,0.1,193,35,0,0
5,0.1,194,35,1,1
5,0.1,195,35,1,1
5,0.1,196,35,1,1
5,0.1,197,34,0,1
5,0.1,198,33,0,1
5,0.1,199,33,0,0
5,0.1,200,33,0,0
5,0.1,201,34,1,0
5,0.1,202,34,0,0
5,0.1,203,33,0,1
5,0.1,204,33,2,2
5,0.1,205,34,2,1
5,0.1,206,34,0,0
5,0.1,207,33,0,1
5,0.1,208,32,1,2
5,0.1,209,33,2,1
5,0.1,210,31,1,3
5,0.1,211,33,2,0
5,0.1,212,33,0,0
5,0.1,213,33,1,1
5,0.1,214,32,1,2
5,0.1,215,33,1,0
5,0.1,216,31,0,2
5,0.1,217,29,1,3
5,0.1,218,31,2,0
5,0.1,219,31,1,1
5,0.1,220,31,3,3
5,0.1,221,30,2,3
5,0.1,222,33,3,0
5,0.1,223,31,0,2
5,0.1,224,29,2,4
5,0.1,225,31,3,1
5,0.1,226,27,0,4
5,0.1,227,28,4,3
5,0.1,228,24,1,5
5,0.1,229,27,3,0
5,0.1,230,30,3,0
5,0.1,231,26,0,4
5,0.1,232,30,4,0
5,0.1,233,30,0,0
5,0.1,234,28,0,2
5,0.1,235,29,1,0
5,0.1,236,28,1,2
5,0.1,237,29,2,1
5,0.1,238,32,4,1
5,0.1,239,30,1,3
5,0.1,240,30,1,1
5,0.1,241,29,0,1
5,0.1,242,29,2,2
5,0.1,243,28,1,2
5,0.1,244,28,2,2
5,0.1,245,26,2,4
5,0.1,246,30,5,1
5,0.1,247,29,2,3
5,0.1,248,26,0,3
5,0.1,249,29,3,0
5,0.1,250,29,1,1
5,0.1,251,29,0,0
5,0.1,252,27,0,2
5,0.1,253,30,3,0
5,0.1,254,29,0,1
5,0.1,255,29,0,0
5,0.1,256,29,0,0
5,0.1,257,29,0,0
5,0.1,258,29,0,0
5,0.1,259,29,0,0
5,0.1,260,29,1,1
5,0.1,261,27,1,3
5,0.1,262,27,3,3
5,0.1,263,29,2,0
5,0.1,264,29,1,1
5,0.1,265,29,0,0
5,0.1,266,26,0,3
5,0.1,267,28,2,0
5,0.1,268,27,1,2
5,0.1,269,26,1,2
5,0.1,270,26,0,0
5,0.1,271,29,3,0
5,0.1,272,26,0,3
5,0.1,273,28,2,0
5,0.1,274,26,0,2
5,0.1,275,26,0,0
5,0.1,276,27,2,1
5,0.1,277,29,2,0
5,0.1,278,26,0,3
5,0.1,279,28,2,0
5,0.1,280,28,0,0
5,0.1,281,28,0,0
5,0.1,282,28,0,0
5,0.1,283,27,0,1
5,0.1,284,28,1,0
5,0.1,285,27,0,1
5,0.1,286,26,0,1
5,0.1,287,27,1,0
5,0.1,288,27,1,1
5,0.1,289,27,0,0
5,0.1,290,27,0,0
5,0.1,291,26,0,1
5,0.1,292,25,1,2
5,0.1,293,25,0,0
5,0.1,294,25,0,0
5,0.1,295,27,2,0
5,0.1,296,25,0,2
5,0.1,297,26,1,0
5,0.1,298,25,0,1
5,0.1,299,27,2,0
5,0.1,300,26,0,1
5,0.1,301,26,0,0
5,0.1,302,25,0,1
5,0.1,303,26,1,0
5,0.1,304,26,0,0
5,0.1,305,24,0,2
5,0.1,306,26,2,0
5,0.1,307,25,0,1
5,0.1,308,26,1,0
5,0.1,309,25,0,1
5,0.1,310,25,0,0
5,0.1,311,23,1,3
5,0.1,312,25,2,0
5,0.1,313,24,1,2
5,0.1,314,21,1,4
5,0.1,315,23,2,0
5,0.1,316,23,1,1
5,0.1,317,25,2,0
5,0.1,318,24,0,1
5,0.1,319,24,0,0
5,0.1,320,24,0,0
5,0.1,321,26,2,0
5,0.1,322,24,0,2
5,0.1,323,24,0,0
5,0.1,324,24,1,1
5,0.1,325,25,2,1
5,0.1,326,24,0,1
5,0.1,327,24,0,0
5,0.1,328,25,1,0
5,0.1,329,25,1,1
5,0.1,330,24,0,1
5,0.1,331,25,1,0
5,0.1,332,24,0,1
5,0.1,333,24,0,0
5,0.1,334,24,0,0
5,0.1,335,24,0,0
5,0.1,336,23,0,1
5,0.1,337,24,1,0
5,0.1,338,25,1,0
5,0.1,339,24,0,1
5,0.1,340,22,0,2
5,0.1,341,25,3,0
5,0.1,342,24,0,1
5,0.1,343,24,0,0
5,0.1,344,24,0,0
5,0.1,345,24,0,0
5,0.1,346,25,1,0
5,0.1,347,24,0,1
5,0.1,348,25,1,0
5,0.1,349,24,0,1
5,0.1,350,24,0,0
5,0.1,351,24,0,0
5,0.1,352,24,0,0
5,0.1,353,24,0,0
5,0.1,354,24,0,0
5,0.1,355,24,0,0
5,0.1,356,25,1,0
5,0.1,357,24,1,2
5,0.1,358,23,0,1
5,0.1,359,24,1,0
5,0.1,360,26,2,0
5,0.1,361,24,0,2
5,0.1,362,24,1,1
5,0.1,363,24,1,1
5,0.1,364,24,0,0
5,0.1,365,22,0,2
5,0.1,366,24,2,0
5,0.1,367,25,1,0
5,0.1,368,23,0,2
5,0.1,369,23,0,0
5,0.1,370,24,1,0
5,0.1,371,24,1,1
5,0.1,372,24,1,1
5,0.1,373,22,0,2
5,0.1,374,23,1,0
5,0.1,375,23,0,0
5,0.1,376,23,0,0
5,0.1,377,23,0,0
5,0.1,378,23,0,0
5,0.1,379,24,1,0
5,0.1,380,23,0,1
5,0.1,381,23,0,0
5,0.1,382,23,0,0
5,0.1,383,23,0,0
5,0.1,384,24,1,0
5,0.1,385,23,0,1
5,0.1,386,24,1,0
5,0.1,387,23,0,1
5,0.1,388,24,1,0
5,0.1,389,23,0,1
5,0.1,390,23,0,0
5,0.1,391,23,0,0
5,0.1,392,23,0,0
5,0.1,393,24,1,0
5,0.1,394,23,0,1
5,0.1,395,23,0,0
5,0.1,396,23,0,0
5,0.1,397,24,1,0
5,0.1,398,24,0,0
5,0.1,399,23,0,1
5,0.1,400,23,0,0
5,0.1,401,24,1,0
5,0.1,402,23,0,1
5,0.1,403,23,0,0
5,0.1,404,22,0,1
5,0.1,405,22,0,0
5,0.1,406,22,0,0
5,0.1,407,23,2,1
5,0.1,408,23,1,1
5,0.1,409,22,0,1
5,0.1,410,22,0,0
5,0.1,411,21,1,2
5,0.1,412,22,2,1
5,0.1,413,23,1,0
5,0.1,414,21,0,2
5,0.1,415,20,0,1
5,0.1,416,20,2,2
5,0.1,417,22,3,1
5,0.1,418,21,0,1
5,0.1,419,20,1,2
5,0.1,420,22,3,1
5,0.1,421,21,1,2
5,0.1,422,22,1,0
5,0.1,423,20,0,2
5,0.1,424,20,1,1
5,0.1,425,19,1,2
5,0.1,426,19,1,1
5,0.1,427,20,1,0
5,0.1,428,19,1,2
5,0.1,429,21,2,0
5,0.1,430,19,0,2
5,0.1,431,21,3,1
5,0.1,432,19,1,3
5,0.1,433,20,2,1
5,0.1,434,19,1,2
5,0.1,435,20,2,1
5,0.1,436,19,0,1
5,0.1,437,20,1,0
5,0.1,438,20,1,1
5,0.1,439,14,1,7
5,0.1,440,19,6,1
5,0.1,441,21,2,0
5,0.1,442,19,0,2
5,0.1,443,20,1,0
5,0.1,444,20,0,0
5,0.1,445,19,0,1
5,0.1,446,20,1,0
5,0.1,447,21,2,1
5,0.1,448,19,0,2
5,0.1,449,19,0,0
5,0.1,450,19,2,2
5,0.1,451,21,2,0
5,0.1,452,20,0,1
5,0.1,453,20,0,0
5,0.1,454,20,1,1
5,0.1,455,20,1,1
5,0.1,456,21,1,0
5,0.1,457,18,0,3
5,0.1,458,19,1,0
5,0.1,459,19,1,1
5,0.1,460,19,1,1
5,0.1,461,21,2,0
5,0.1,462,22,1,0
5,0.1,463,21,1,2
5,0.1,464,19,0,2
5,0.1,465,22,3,0
5,0.1,466,21,0,1
5,0.1,467,21,1,1
5,0.1,468,20,0,1
5,0.1,469,20,1,1
5,0.1,470,20,0,0
5,0.1,471,20,0,0
5,0.1,472,20,0,0
5,0.1,473,22,2,0
5,0.1,474,19,0,3
5,0.1,475,20,1,0
5,0.1,476,22,2,0
5,0.1,477,21,0,1
5,0.1,478,19,0,2
5,0.1,479,18,0,1
5,0.1,480,19,1,0
5,0.1,481,20,1,0
5,0.1,482,18,0,2
5,0.1,483,20,2,0
5,0.1,484,18,1,3
5,0.1,485,20,2,0
5,0.1,486,20,1,1
5,0.1,487,19,0,1
5,0.1,488,19,0,0
5,0.1,489,19,0,0
5,0.1,490,19,0,0
5,0.1,491,19,0,0
5,0.1,492,19,0,0
5,0.1,493,19,0,0
5,0.1,494,19,0,0
5,0.1,495,18,0,1
5,0.1,496,19,1,0
5,0.1,497,19,1,1
5,0.1,498,18,0,1
5,0.1,499,19,1,0
5,0.1,500,20,2,1
5,0.1,501,19,1,2
5,0.1,502,19,1,1
5,0.1,503,18,0,1
5,0.1,504,18,0,0
5,0.1,505,18,0,0
5,0.1,506,19,1,0
5,0.1,507,19,0,0
5,0.1,508,18,0,1
5,0.1,509,20,2,0
5,0.1,510,19,0,1
5,0.1,511,18,0,1
5,0.1,512,18,0,0
5,0.1,513,19,1,0
5,0.1,514,18,0,1
5,0.1,515,18,0,0
5,0.1,516,18,0,0
5,0.1,517,18,0,0
5,0.1,518,18,0,0
5,0.1,519,18,0,0
5,0.1,520,18,0,0
5,0.1,521,19,1,0
5,0.1,522,18,0,1
5,0.1,523,18,0,0
5,0.1,524,18,0,0
5,0.1,525,17,0,1
5,0.1,526,18,1,0
5,0.1,527,19,1,0
5,0.1,528,18,0,1
5,0.1,529,18,0,0
5,0.1,530,18,0,0
5,0.1,531,18,0,0
5,0.1,532,19,1,0
5,0.1,533,19,1,1
5,0.1,534,18,0,1
5,0.1,535,18,0,0
5,0.1,536,18,0,0
5,0.1,537,18,0,0
5,0.1,538,19,1,0
5,0.1,539,18,0,1
5,0.1,540,18,0,0
5,0.1,541,18,0,0
5,0.1,542,18,0,0
5,0.1,543,18,0,0
5,0.1,544,19,1,0
5,0.1,545,18,0,1
5,0.1,546,18,0,0
5,0.1,547,18,0,0
5,0.1,548,18,0,0
5,0.1,549,18,0,0
5,0.1,550,18,0,0
5,0.1,551,18,0,0
5,0.1,552,18,0,0
5,0.1,553,18,0,0
5,0.1,554,18,0,0
5,0.1,555,19,1,0
5,0.1,556,17,0,2
5,0.1,557,19,2,0
5,0.1,558,18,0,1
5,0.1,559,18,0,0
5,0.1,560,18,0,0
5,0.1,561,16,0,2
5,0.1,562,17,1,0
5,0.1,563,17,0,0
5,0.1,564,15,0,2
5,0.1,565,16,1,0
5,0.1,566,16,0,0
5,0.1,567,17,1,0
5,0.1,568,18,1,0
5,0.1,569,18,0,0
5,0.1,570,17,0,1
5,0.1,571,17,0,0
5,0.1,572,17,0,0
5,0.1,573,17,0,0
5,0.1,574,17,0,0
5,0.1,575,17,0,0
5,0.1,576,17,0,0
5,0.1,577,18,1,0
5,0.1,578,18,1,1
5,0.1,579,17,0,1
5,0.1,580,17,0,0
5,0.1,581,17,0,0
5,0.1,582,17,0,0
5,0.1,583,17,0,0
5,0.1,584,17,0,0
5,0.1,585,17,0,0
5,0.1,586,17,0,0
5,0.1,587,17,0,0
5,0.1,588,17,0,0
5,0.1,589,17,0,0
5,0.1,590,17,0,0
5,0.1,591,17,0,0
5,0.1,592,17,0,0
5,0.1,593,17,0,0
5,0.1,594,17,0,0
5,0.1,595,17,0,0
5,0.1,596,17,0,0
5,0.1,597,17,0,0
5,0.1,598,17,0,0
5,0.1,599,18,1,0
5,0.1,600,17,0,1
5,0.1,601,17,0,0
5,0.1,602,17,0,0
5,0.1,603,17,0,0
5,0.1,604,17,0,0
5,0.1,605,18,1,0
5,0.1,606,17,0,1
5,0.1,607,17,0,0
5,0.1,608,17,0,0
5,0.1,609,17,0,0
5,0.1,610,17,0,0
5,0.1,611,17,0,0
5,0.1,612,17,0,0
5,0.1,613,17,0,0
5,0.1,614,18,1,0
5,0.1,615,17,0,1
5,0.1,616,18,1,0
5,0.1,617,17,0,1
5,0.1,618,17,0,0
5,0.1,619,17,0,0
5,0.1,620,17,0,0
5,0.1,621,17,0,0
5,0.1,622,17,0,0
5,0.1,623,18,1,0
5,0.1,624,17,0,1
5,0.1,625,17,0,0
5,0.1,626,18,1,0
5,0.1,627,18,0,0
5,0.1,628,17,0,1
5,0.1,629,17,0,0
5,0.1,630,17,0,0
5,0.1,631,17,0,0
5,0.1,632,17,0,0
5,0.1,633,17,0,0
5,0.1,634,18,1,0
5,0.1,635,17,0,1
5,0.1,636,17,0,0
5,0.1,637,17,0,0
5,0.1,638,17,0,0
5,0.1,639,18,1,0
5,0.1,640,17,0,1
5,0.1,641,17,0,0
5,0.1,642,17,0,0
5,0.1,643,17,0,0
5,0.1,644,18,1,0
5,0.1,645,17,0,1
5,0.1,646,17,0,0
5,0.1,647,17,0,0
5,0.1,648,17,0,0
5,0.1,649,17,0,0
5,0.1,650,17,0,0
5,0.1,651,18,1,0
5,0.1,652,17,0,1
5,0.1,653,17,0,0
5,0.1,654,17,0,0
5,0.1,655,17,0,0
5,0.1,656,17,0,0
5,0.1,657,18,1,0
5,0.1,658,17,0,1
5,0.1,659,17,0,0
5,0.1,660,17,0,0
5,0.1,661,17,0,0
5,0.1,662,17,0,0
5,0.1,663,17,0,0
5,0.1,664,17,0,0
5,0.1,665,17,0,0
5,0.1,666,17,0,0
5,0.1,667,17,0,0
5,0.1,668,17,0,0
5,0.1,669,17,0,0
5,0.1,670,17,0,0
5,0.1,671,17,0,0
5,0.1,672,17,0,0
5,0.1,673,17,0,0
5,0.1,674,17,0,0
5,0.1,675,17,0,0
5,0.1,676,17,0,0
5,0.1,677,17,0,0
5,0.1,678,18,1,0
5,0.1,679,17,0,1
5,0.1,680,17,0,0
5,0.1,681,17,0,0
5,0.1,682,17,0,0
5,0.1,683,17,0,0
5,0.1,684,17,0,0
5,0.1,685,17,0,0
5,0.1,686,17,0,0
5,0.1,687,17,0,0
5,0.1,688,17,0,0
5,0.1,689,17,0,0
5,0.1,690,17,0,0
5,0.1,691,17,0,0
5,0.1,692,18,1,0
5,0.1,693,17,0,1
5,0.1,694,17,0,0
5,0.1,695,17,0,0
5,0.1,696,17,0,0
5,0.1,697,17,0,0
5,0.1,698,17,0,0
5,0.1,699,17,0,0
5,0.1,700,17,0,0
5,0.1,701,17,0,0
5,0.1,702,17,0,0
5,0.1,703,17,0,0
5,0.1,704,17,0,0
5,0.1,705,17,0,0
5,0.1,706,17,0,0
5,0.1,707,17,0,0
5,0.1,708,17,0,0
5,0.1,709,18,1,0
5,0.1,710,17,0,1
5,0.1,711,17,0,0
5,0.1,712,17,0,0
5,0.1,713,17,0,0
5,0.1,714,17,0,0
5,0.1,715,17,0,0
5,0.1,716,17,0,0
5,0.1,717,17,0,0
5,0.1,718,17,0,0
5,0.1,719,17,0,0
5,0.1,720,17,0,0
5,0.1,721,17,0,0
5,0.1,722,17,0,0
5,0.1,723,17,0,0
5,0.1,724,17,0,0
5,0.1,725,18,1,0
5,0.1,726,17,0,1
5,0.1,727,17,0,0
5,0.1,728,18,1,0
5,0.1,729,17,0,1
5,0.1,730,17,0,0
5,0.1,731,17,0,0
5,0.1,732,17,0,0
5,0.1,733,17,0,0
5,0.1,734,17,0,0
5,0.1,735,17,0,0
5,0.1,736,18,1,0
5,0.1,737,17,0,1
5,0.1,738,17,0,0
5,0.1,739,17,0,0
5,0.1,740,17,0,0
5,0.1,741,17,0,0
5,0.1,742,17,0,0
5,0.1,743,17,0,0
5,0.1,744,17,0,0
5,0.1,745,17,0,0
5,0.1,746,18,1,0
5,0.1,747,17,0,1
5,0.1,748,17,0,0
5,0.1,749,17,0,0
5,0.1,750,17,0,0
5,0.1,751,17,0,0
5,0.1,752,17,0,0
5,0.1,753,17,0,0
5,0.1,754,18,1,0
5,0.1,755,17,0,1
5,0.1,756,17,0,0
5,0.1,757,17,0,0
5,0.1,758,17,0,0
5,0.1,759,17,0,0
5,0.1,760,17,0,0
5,0.1,761,17,0,0
5,0.1,762,17,0,0
5,0.1,763,17,0,0
5,0.1,764,17,0,0
5,0.1,765,17,0,0
5,0.1,766,17,0,0
5,0.1,767,17,0,0
5,0.1,768,17,0,0
5,0.1,769,17,0,0
5,0.1,770,17,0,0
5,0.1,771,17,0,0
5,0.1,772,17,0,0
5,0.1,773,17,0,0
5,0.1,774,17,0,0
5,0.1,775,17,0,0
5,0.1,776,17,0,0
5,0.1,777,17,0,0
5,0.1,778,17,0,0
5,0.1,779,17,0,0
5,0.1,780,17,0,0
5,0.1,781,17,0,0
5,0.1,782,17,0,0
5,0.1,783,17,0,0
5,0.1,784,17,0,0
5,0.1,785,17,0,0
5,0.1,786,17,0,0
5,0.1,787,18,1,0
5,0.1,788,17,0,1
5,0.1,789,18,1,0
5,0.1,790,17,0,1
5,0.1,791,17,0,0
5,0.1,792,17,0,0
5,0.1,793,17,0,0
5,0.1,794,17,0,0
5,0.1,795,17,0,0
5,0.1,796,17,0,0
5,0.1,797,17,0,0
5,0.1,798,17,0,0
5,0.1,799,17,0,0
5,0.1,800,17,0,0
5,0.1,801,17,0,0
5,0.1,802,17,0,0
5,0.1,803,17,0,0
5,0.1,804,17,0,0
5,0.1,805,17,0,0
5,0.1,806,17,0,0
5,0.1,807,17,0,0
5,0.1,808,17,0,0
5,0.1,809,17,0,0
5,0.1,810,17,0,0
5,0.1,811,17,0,0
5,0.1,812,17,0,0
5,0.1,813,17,0,0
5,0.1,814,17,0,0
5,0.1,815,17,0,0
5,0.1,816,17,0,0
5,0.1,817,17,0,0
5,0.1,818,17,0,0
5,0.1,819,17,0,0
5,0.1,820,17,0,0
5,0.1,821,17,0,0
5,0.1,822,17,0,0
5,0.1,823,17,0,0
5,0.1,824,17,0,0
5,0.1,825,17,0,0
5,0.1,826,17,0,0
5,0.1,827,17,0,0
5,0.1,828,17,0,0
5,0.1,829,17,0,0
5,0.1,830,17,0,0
5,0.1,831,17,0,0
5,0.1,832,17,0,0
5,0.1,833,17,0,0
5,0.1,834,17,0,0
5,0.1,835,17,0,0
5,0.1,836,17,0,0
5,0.1,837,17,0,0
5,0.1,838,17,0,0
5,0.1,839,17,0,0
5,0.1,840,17,0,0
5,0.1,841,17,0,0
5,0.1,842,17,0,0
5,0.1,843,17,0,0
5,0.1,844,17,0,0
5,0.1,845,17,0,0
5,0.1,846,17,0,0
5,0.1,847,17,0,0
5,0.1,848,17,0,0
5,0.1,849,17,0,0
5,0.1,850,17,0,0
5,0.1,851,17,0,0
5,0.1,852,17,0,0
5,0.1,853,17,0,0
5,0.1,854,17,0,0
5,0.1,855,17,0,0
5,0.1,856,17,0,0
5,0.1,857,17,0,0
5,0.1,858,17,0,0
5,0.1,859,17,0,0
5,0.1,860,17,0,0
5,0.1,861,17,0,0
5,0.1,862,17,0,0
5,0.1,863,17,0,0
5,0.1,864,17,0,0
5,0.1,865,17,0,0
5,0.1,866,17,0,0
5,0.1,867,17,0,0
5,0.1,868,17,0,0
5,0.1,869,17,0,0
5,0.1,870,17,0,0
5,0.1,871,17,0,0
5,0.1,872,17,0,0
5,0.1,873,17,0,0
5,0.1,874,17,0,0
5,0.1,875,17,0,0
5,0.1,876,17,0,0
5,0.1,877,17,0,0
5,0.1,878,17,0,0
5,0.1,879,17,0,0
5,0.1,880,17,0,0
5,0.1,881,17,0,0
5,0.1,882,17,0,0
5,0.1,883,17,0,0
5,0.1,884,17,0,0
5,0.1,885,18,1,0
5,0.1,886,17,0,1
5,0.1,887,17,0,0
5,0.1,888,17,0,0
5,0.1,889,17,0,0
5,0.1,890,17,0,0
5,0.1,891,17,0,0
5,0.1,892,17,0,0
5,0.1,893,17,0,0
5,0.1,894,17,0,0
5,0.1,895,17,0,0
5,0.1,896,17,0,0
5,0.1,897,17,0,0
5,0.1,898,17,0,0
5,0.1,899,17,0,0
5,0.1,900,17,0,0
5,0.1,901,17,0,0
5,0.1,902,17,0,0
5,0.1,903,18,1,0
5,0.1,904,17,0,1
5,0.1,905,17,0,0
5,0.1,906,17,0,0
5,0.1,907,17,0,0
5,0.1,908,17,0,0
5,0.1,909,17,0,0
5,0.1,910,17,0,0
5,0.1,911,17,0,0
5,0.1,912,17,0,0
5,0.1,913,17,0,0
5,0.1,914,17,0,0
5,0.1,915,17,0,0
5,0.1,916,17,0,0
5,0.1,917,17,0,0
5,0.1,918,17,0,0
5,0.1,919,17,0,0
5,0.1,920,17,0,0
5,0.1,921,17,0,0
5,0.1,922,17,0,0
5,0.1,923,17,0,0
5,0.1,924,17,0,0
5,0.1,925,18,1,0
5,0.1,926,17,0,1
5,0.1,927,17,0,0
5,0.1,928,17,0,0
5,0.1,929,17,0,0
5,0.1,930,18,1,0
5,0.1,931,17,0,1
5,0.1,932,17,0,0
5,0.1,933,18,1,0
5,0.1,934,18,0,0
5,0.1,935,17,0,1
5,0.1,936,17,0,0
5,0.1,937,17,0,0
5,0.1,938,17,0,0
5,0.1,939,17,0,0
5,0.1,940,18,1,0
5,0.1,941,19,1,0
5,0.1,942,17,0,2
5,0.1,943,17,0,0
5,0.1,944,17,0,0
5,0.1,945,17,0,0
5,0.1,946,17,0,0
5,0.1,947,17,0,0
5,0.1,948,17,0,0
5,0.1,949,17,0,0
5,0.1,950,17,0,0
5,0.1,951,18,1,0
5,0.1,952,18,0,0
5,0.1,953,17,0,1
5,0.1,954,17,0,0
5,0.1,955,17,0,0
5,0.1,956,17,0,0
5,0.1,957,17,0,0
5,0.1,958,17,0,0
5,0.1,959,17,0,0
5,0.1,960,17,0,0
5,0.1,961,19,2,0
5,0.1,962,17,0,2
5,0.1,963,17,0,0
5,0.1,964,18,1,0
5,0.1,965,17,0,1
5,0.1,966,17,0,0
5,0.1,967,18,1,0
5,0.1,968,18,1,1
5,0.1,969,19,2,1
5,0.1,970,17,0,2
5,0.1,971,17,0,0
5,0.1,972,17,0,0
5,0.1,973,17,0,0
5,0.1,974,17,0,0
5,0.1,975,17,0,0
5,0.1,976,17,0,0
5,0.1,977,18,1,0
5,0.1,978,17,0,1
5,0.1,979,17,0,0
5,0.1,980,18,1,0
5,0.1,981,17,0,1
5,0.1,982,17,0,0
5,0.1,983,17,0,0
5,0.1,984,17,0,0
5,0.1,985,17,0,0
5,0.1,986,17,0,0
5,0.1,987,17,0,0
5,0.1,988,17,0,0
5,0.1,989,17,0,0
5,0.1,990,17,0,0
5,0.1,991,17,0,0
5,0.1,992,18,1,0
5,0.1,993,17,0,1
5,0.1,994,17,0,0
5,0.1,995,18,1,0
5,0.1,996,18,1,1
5,0.1,997,17,0,1
5,0.1,998,17,0,0
5,0.1,999,17,0,0
5,0.1,1000,17,0,0
5,0.1,1001,18,1,0
5,0.1,1002,17,0,1
5,0.1,1003,17,0,0
5,0.1,1004,17,0,0
5,0.1,1005,18,1,0
5,0.1,1006,17,0,1
5,0.1,1007,17,0,0
5,0.1,1008,17,0,0
5,0.1,1009,17,0,0
5,0.1,1010,17,0,0
5,0.1,1011,17,0,0
5,0.1,1012,18,1,0
5,0.1,1013,17,0,1
5,0.1,1014,17,0,0
5,0.1,1015,17,0,0
5,0.1,1016,18,1,0
5,0.1,1017,17,0,1
5,0.1,1018,18,1,0
5,0.1,1019,17,0,1
5,0.1,1020,17,0,0
5,0.1,1021,18,1,0
5,0.1,1022,18,1,1
5,0.1,1023,18,0,0
5,0.1,1024,17,0,1
5,0.1,1025,17,0,0
5,0.1,1026,17,0,0
5,0.1,1027,18,1,0
5,0.1,1028,17,0,1
5,0.1,1029,17,0,0
5,0.1,1030,17,0,0
5,0.1,1031,17,0,0
5,0.1,1032,17,0,0
5,0.1,1033,17,0,0
5,0.1,1034,17,0,0
5,0.1,1035,17,0,0
5,0.1,1036,17,0,0
5,0.1,1037,17,0,0
5,0.1,1038,17,0,0
5,0.1,1039,18,1,0
5,0.1,1040,17,0,1
5,0.1,1041,17,0,0
5,0.1,1042,17,0,0
5,0.1,1043,18,1,0
5,0.1,1044,17,0,1
5,0.1,1045,18,1,0
5,0.1,1046,18,1,1
5,0.1,1047,17,0,1
5,0.1,1048,17,0,0
5,0.1,1049,17,0,0
5,0.1,1050,17,0,0
5,0.1,1051,17,0,0
5,0.1,1052,18,1,0
5,0.1,1053,17,0,1
5,0.1,1054,18,1,0
5,0.1,1055,17,0,1
5,0.1,1056,17,0,0
5,0.1,1057,17,0,0
5,0.1,1058,18,1,0
5,0.1,1059,18,0,0
5,0.1,1060,18,1,1
5,0.1,1061,17,0,1
5,0.1,1062,18,1,0
5,0.1,1063,17,0,1
5,0.1,1064,17,0,0
5,0.1,1065,17,0,0
5,0.1,1066,18,1,0
5,0.1,1067,19,1,0
5,0.1,1068,17,0,2
5,0.1,1069,19,2,0
5,0.1,1070,18,1,2
5,0.1,1071,17,0,1
5,0.1,1072,18,1,0
5,0.1,1073,17,0,1
5,0.1,1074,17,0,0
5,0.1,1075,17,0,0
5,0.1,1076,18,1,0
5,0.1,1077,17,0,1
5,0.1,1078,17,0,0
5,0.1,1079,18,1,0
5,0.1,1080,17,0,1
5,0.1,1081,17,0,0
5,0.1,1082,17,0,0
5,0.1,1083,17,0,0
5,0.1,1084,17,0,0
5,0.1,1085,17,0,0
5,0.1,1086,18,1,0
5,0.1,1087,17,0,1
5,0.1,1088,18,1,0
5,0.1,1089,17,0,1
5,0.1,1090,17,0,0
5,0.1,1091,17,0,0
5,0.1,1092,18,1,0
5,0.1,1093,17,0,1
5,0.1,1094,18,1,0
5,0.1,1095,18,0,0
5,0.1,1096,18,0,0
5,0.1,1097,19,1,0
5,0.1,1098,17,0,2
5,0.1,1099,17,0,0
5,0.1,1100,18,1,0
5,0.1,1101,18,0,0
5,0.1,1102,17,0,1
5,0.1,1103,18,1,0
5,0.1,1104,18,0,0
5,0.1,1105,18,0,0
5,0.1,1106,17,0,1
5,0.1,1107,17,0,0
5,0.1,1108,17,0,0
5,0.1,1109,17,0,0
5,0.1,1110,17,0,0
5,0.1,1111,18,1,0
5,0.1,1112,18,0,0
5,0.1,1113,17,0,1
5,0.1,1114,17,0,0
5,0.1,1115,18,1,0
5,0.1,1116,18,0,0
5,0.1,1117,17,0,1
5,0.1,1118,17,0,0
5,0.1,1119,17,0,0
5,0.1,1120,17,0,0
5,0.1,1121,17,0,0
5,0.1,1122,18,1,0
5,0.1,1123,17,0,1
5,0.1,1124,17,0,0
5,0.1,1125,17,0,0
5,0.1,1126,17,0,0
5,0.1,1127,17,0,0
5,0.1,1128,17,0,0
5,0.1,1129,17,0,0
5,0.1,1130,17,0,0
5,0.1,1131,17,0,0
5,0.1,1132,17,0,0
5,0.1,1133,17,0,0
5,0.1,1134,17,0,0
5,0.1,1135,17,0,0
5,0.1,1136,17,0,0
5,0.1,1137,17,0,0
5,0.1,1138,17,0,0
5,0.1,1139,17,0,0
5,0.1,1140,17,0,0
5,0.1,1141,17,0,0
5,0.1,1142,17,0,0
5,0.1,1143,17,0,0
5,0.1,1144,17,0,0
5,0.1,1145,17,0,0
5,0.1,1146,17,0,0
5,0.1,1147,17,0,0
5,0.1,1148,17,0,0
5,0.1,1149,17,0,0
5,0.1,1150,17,0,0
5,0.1,1151,17,0,0
5,0.1,1152,18,1,0
5,0.1,1153,17,0,1
5,0.1,1154,17,0,0
5,0.1,1155,17,0,0
5,0.1,1156,17,0,0
5,0.1,1157,18,1,0
5,0.1,1158,17,0,1
5,0.1,1159,17,0,0
5,0.1,1160,17,0,0
5,0.1,1161,17,0,0
5,0.1,1162,17,0,0
5,0.1,1163,17,0,0
5,0.1,1164,17,0,0
5,0.1,1165,17,0,0
5,0.1,1166,17,0,0
5,0.1,1167,17,0,0
5,0.1,1168,17,0,0
5,0.1,1169,17,0,0
5,0.1,1170,17,0,0
5,0.1,1171,17,0,0
5,0.1,1172,17,0,0
5,0.1,1173,17,0,0
5,0.1,1174,17,0,0
5,0.1,1175,17,0,0
5,0.1,1176,17,0,0
5,0.1,1177,17,0,0
5,0.1,1178,17,0,0
5,0.1,1179,17,0,0
5,0.1,1180,17,0,0
5,0.1,1181,18,1,0
5,0.1,1182,17,0,1
5,0.1,1183,17,0,0
5,0.1,1184,17,0,0
5,0.1,1185,17,0,0
5,0.1,1186,17,0,0
5,0.1,1187,17,0,0
5,0.1,1188,17,0,0
5,0.1,1189,18,1,0
5,0.1,1190,17,0,1
5,0.1,1191,17,0,0
5,0.1,1192,18,1,0
5,0.1,1193,17,0,1
5,0.1,1194,17,0,0
5,0.1,1195,17,0,0
5,0.1,1196,17,0,0
5,0.1,1197,17,0,0
5,0.1,1198,17,0,0
5,0.1,1199,17,0,0
5,0.1,1200,17,0,0
5,0.1,1201,17,0,0
5,0.1,1202,17,0,0
5,0.1,1203,17,0,0
5,0.1,1204,17,0,0
5,0.1,1205,17,0,0
5,0.1,1206,17,0,0
5,0.1,1207,17,0,0
5,0.1,1208,17,0,0
5,0.1,1209,17,0,0
5,0.1,1210,17,0,0
5,0.1,1211,17,0,0
5,0.1,1212,17,0,0
5,0.1,1213,17,0,0
5,0.1,1214,18,1,0
5,0.1,1215,17,0,1
5,0.1,1216,17,0,0
5,0.1,1217,17,0,0
5,0.1,1218,17,0,0
5,0.1,1219,18,1,0
5,0.1,1220,17,0,1
5,0.1,1221,17,0,0
5,0.1,1222,17,0,0
5,0.1,1223,17,0,0
5,0.1,1224,17,0,0
5,0.1,1225,17,0,0
5,0.1,1226,17,0,0
5,0.1,1227,17,0,0
5,0.1,1228,17,0,0
5,0.1,1229,17,0,0
5,0.1,1230,17,0,0
5,0.1,1231,17,0,0
5,0.1,1232,17,0,0
5,0.1,1233,17,0,0
5,0.1,1234,17,0,0
5,0.1,1235,17,0,0
5,0.1,1236,17,0,0
5,0.1,1237,17,0,0
5,0.1,1238,17,0,0
5,0.1,1239,17,0,0
5,0.1,1240,17,0,0
5,0.1,1241,17,0,0
5,0.1,1242,17,0,0
5,0.1,1243,17,0,0
5,0.1,1244,17,0,0
5,0.1,1245,17,0,0
5,0.1,1246,17,0,0
5,0.1,1247,17,0,0
5,0.1,1248,17,0,0
5,0.1,1249,17,0,0
5,0.1,1250,17,0,0
5,0.1,1251,17,0,0
5,0.1,1252,17,0,0
5,0.1,1253,17,0,0
5,0.1,1254,17,0,0
5,0.1,1255,17,0,0
5,0.1,1256,17,0,0
5,0.1,1257,17,0,0
5,0.1,1258,17,0,0
5,0.1,1259,17,0,0
5,0.1,1260,17,0,0
5,0.1,1261,17,0,0
5,0.1,1262,17,0,0
5,0.1,1263,17,0,0
5,0.1,1264,17,0,0
5,0.1,1265,17,0,0
5,0.1,1266,17,0,0
5,0.1,1267,17,0,0
5,0.1,1268,17,0,0
5,0.1,1269,18,1,0
5,0.1,1270,17,0,1
5,0.1,1271,17,0,0
5,0.1,1272,17,0,0
5,0.1,1273,17,0,0
5,0.1,1274,17,0,0
5,0.1,1275,17,0,0
5,0.1,1276,18,1,0
5,0.1,1277,17,0,1
5,0.1,1278,17,0,0
5,0.1,1279,17,0,0
5,0.1,1280,17,0,0
5,0.1,1281,17,0,0
5,0.1,1282,17,0,0
5,0.1,1283,17,0,0
5,0.1,1284,17,0,0
5,0.1,1285,17,0,0
5,0.1,1286,17,0,0
5,0.1,1287,17,0,0
5,0.1,1288,17,0,0
5,0.1,1289,17,0,0
5,0.1,1290,17,0,0
5,0.1,1291,17,0,0
5,0.1,1292,17,0,0
5,0.1,1293,17,0,0
5,0.1,1294,17,0,0
5,0.1,1295,18,1,0
5,0.1,1296,17,0,1
5,0.1,1297,17,0,0
5,0.1,1298,17,0,0
5,0.1,1299,17,0,0
5,0.1,1300,17,0,0
5,0.1,1301,17,0,0
5,0.1,1302,17,0,0
5,0.1,1303,17,0,0
5,0.1,1304,17,0,0
5,0.1,1305,17,0,0
5,0.1,1306,17,0,0
5,0.1,1307,17,0,0
5,0.1,1308,17,0,0
5,0.1,1309,17,0,0
5,0.1,1310,17,0,0
5,0.1,1311,17,0,0
5,0.1,1312,17,0,0
5,0.1,1313,17,0,0
5,0.1,1314,17,0,0
5,0.1,1315,17,0,0
5,0.1,1316,17,0,0
5,0.1,1317,17,0,0
5,0.1,1318,17,0,0
5,0.1,1319,17,0,0
5,0.1,1320,17,0,0
5,0.1,1321,17,0,0
5,0.1,1322,17,0,0
5,0.1,1323,18,1,0
5,0.1,1324,17,0,1
5,0.1,1325,17,0,0
5,0.1,1326,18,1,0
5,0.1,1327,17,0,1
5,0.1,1328,17,0,0
5,0.1,1329,17,0,0
5,0.1,1330,17,0,0
5,0.1,1331,17,0,0
5,0.1,1332,18,1,0
5,0.1,1333,17,0,1
5,0.1,1334,18,1,0
5,0.1,1335,17,0,1
5,0.1,1336,17,0,0
5,0.1,1337,17,0,0
5,0.1,1338,17,0,0
5,0.1,1339,17,0,0
5,0.1,1340,17,0,0
5,0.1,1341,17,0,0
5,0.1,1342,17,0,0
5,0.1,1343,17,0,0
5,0.1,1344,18,1,0
5,0.1,1345,17,0,1
5,0.1,1346,17,0,0
5,0.1,1347,17,0,0
5,0.1,1348,17,0,0
5,0.1,1349,17,0,0
5,0.1,1350,17,0,0
5,0.1,1351,17,0,0
5,0.1,1352,18,1,0
5,0.1,1353,17,0,1
5,0.1,1354,17,0,0
5,0.1,1355,17,0,0
5,0.1,1356,17,0,0
5,0.1,1357,17,0,0
5,0.1,1358,17,0,0
5,0.1,1359,17,0,0
5,0.1,1360,18,1,0
5,0.1,1361,17,0,1
5,0.1,1362,17,0,0
5,0.1,1363,17,0,0
5,0.1,1364,17,0,0
5,0.1,1365,17,0,0
5,0.1,1366,17,0,0
5,0.1,1367,17,0,0
5,0.1,1368,17,0,0
5,0.1,1369,17,0,0
5,0.1,1370,17,0,0
5,0.1,1371,17,0,0
5,0.1,1372,17,0,0
5,0.1,1373,17,0,0
5,0.1,1374,18,1,0
5,0.1,1375,17,0,1
5,0.1,1376,17,0,0
5,0.1,1377,18,1,0
5,0.1,1378,17,0,1
5,0.1,1379,18,1,0
5,0.1,1380,17,0,1
5,0.1,1381,17,0,0
5,0.1,1382,17,0,0
5,0.1,1383,17,0,0
5,0.1,1384,17,0,0
5,0.1,1385,17,0,0
5,0.1,1386,17,0,0
5,0.1,1387,17,0,0
5,0.1,1388,17,0,0
5,0.1,1389,17,0,0
5,0.1,1390,17,0,0
5,0.1,1391,17,0,0
5,0.1,1392,17,0,0
5,0.1,1393,17,0,0
5,0.1,1394,18,1,0
5,0.1,1395,17,0,1
5,0.1,1396,17,0,0
5,0.1,1397,17,0,0
5,0.1,1398,17,0,0
5,0.1,1399,17,0,0
5,0.1,1400,17,0,0
5,0.1,1401,17,0,0
5,0.1,1402,18,1,0
5,0.1,1403,17,0,1
5,0.1,1404,18,1,0
5,0.1,1405,17,0,1
5,0.1,1406,18,1,0
5,0.1,1407,17,0,1
5,0.1,1408,18,1,0
5,0.1,1409,18,1,1
5,0.1,1410,17,0,1
5,0.1,1411,17,0,0
5,0.1,1412,17,0,0
5,0.1,1413,17,0,0
5,0.1,1414,17,0,0
5,0.1,1415,17,0,0
5,0.1,1416,17,0,0
5,0.1,1417,17,0,0
5,0.1,1418,17,0,0
5,0.1,1419,17,0,0
5,0.1,1420,18,1,0
5,0.1,1421,17,0,1
5,0.1,1422,17,0,0
5,0.1,1423,17,0,0
5,0.1,1424,17,0,0
5,0.1,1425,17,0,0
5,0.1,1426,17,0,0
5,0.1,1427,17,0,0
5,0.1,1428,17,0,0
5,0.1,1429,17,0,0
5,0.1,1430,17,0,0
5,0.1,1431,17,0,0
5,0.1,1432,18,1,0
5,0.1,1433,19,1,0
5,0.1,1434,19,0,0
5,0.1,1435,17,0,2
5,0.1,1436,17,0,0
5,0.1,1437,17,0,0
5,0.1,1438,18,1,0
5,0.1,1439,17,0,1
5,0.1,1440,17,0,0
5,0.1,1441,18,1,0
5,0.1,1442,17,0,1
5,0.1,1443,19,2,0
5,0.1,1444,18,0,1
5,0.1,1445,17,0,1
5,0.1,1446,18,1,0
5,0.1,1447,18,1,1
5,0.1,1448,17,0,1
5,0.1,1449,18,1,0
5,0.1,1450,17,0,1
5,0.1,1451,19,2,0
5,0.1,1452,17,0,2
5,0.1,1453,18,1,0
5,0.1,1454,18,0,0
5,0.1,1455,17,0,1
5,0.1,1456,17,0,0
5,0.1,1457,18,1,0
5,0.1,1458,17,0,1
5,0.1,1459,17,0,0
5,0.1,1460,17,0,0
5,0.1,1461,17,0,0
5,0.1,1462,18,1,0
5,0.1,1463,17,0,1
5,0.1,1464,17,0,0
5,0.1,1465,18,1,0
5,0.1,1466,17,0,1
5,0.1,1467,17,0,0
5,0.1,1468,17,0,0
5,0.1,1469,19,2,0
5,0.1,1470,17,0,2
5,0.1,1471,19,2,0
5,0.1,1472,17,0,2
5,0.1,1473,18,1,0
5,0.1,1474,17,0,1
5,0.1,1475,18,1,0
5,0.1,1476,17,0,1
5,0.1,1477,18,1,0
5,0.1,1478,17,0,1
5,0.1,1479,19,2,0
5,0.1,1480,18,0,1
5,0.1,1481,18,0,0
5,0.1,1482,18,0,0
5,0.1,1483,18,0,0
5,0.1,1484,18,0,0
5,0.1,1485,18,0,0
5,0.1,1486,18,0,0
5,0.1,1487,18,0,0
5,0.1,1488,18,0,0
5,0.1,1489,18,0,0
5,0.1,1490,18,0,0
5,0.1,1491,18,0,0
5,0.1,1492,18,0,0
5,0.1,1493,19,1,0
5,0.1,1494,18,0,1
5,0.1,1495,18,0,0
5,0.1,1496,20,2,0
5,0.1,1497,18,0,2
5,0.1,1498,18,0,0
5,0.1,1499,18,0,0
5,0.1,1500,18,0,0
5,0.2,0,12,0,0
5,0.2,1,70,63,5
5,0.2,2,67,16,19
5,0.2,3,70,15,12
5,0.2,4,64,12,18
5,0.2,5,71,12,5
5,0.2,6,70,8,9
5,0.2,7,65,10,15
5,0.2,8,71,13,7
5,0.2,9,70,7,8
5,0.2,10,69,6,7
5,0.2,11,68,6,7
5,0.2,12,72,9,5
5,0.2,13,68,6,10
5,0.2,14,64,6,10
5,0.2,15,69,7,2
5,0.2,16,68,6,7
5,0.2,17,48,2,22
5,0.2,18,61,16,3
5,0.2,19,68,9,2
5,0.2,20,64,5,9
5,0.2,21,70,10,4
5,0.2,22,67,3,6
5,0.2,23,65,4,6
5,0.2,24,70,6,1
5,0.2,25,67,3,6
5,0.2,26,66,2,3
5,0.2,27,69,3,0
5,0.2,28,65,0,4
5,0.2,29,63,2,4
5,0.2,30,67,5,1
5,0.2,31,65,1,3
5,0.2,32,65,4,4
5,0.2,33,64,2,3
5,0.2,34,67,6,3
5,0.2,35,70,6,3
5,0.2,36,62,0,8
5,0.2,37,66,6,2
5,0.2,38,65,3,4
5,0.2,39,61,2,6
5,0.2,40,63,3,1
5,0.2,41,63,4,4
5,0.2,42,62,3,4
5,0.2,43,62,1,1
5,0.2,44,62,4,4
5,0.2,45,62,4,4
5,0.2,46,63,2,1
5,0.2,47,62,0,1
5,0.2,48,58,1,5
5,0.2,49,56,5,7
5,0.2,50,61,7,2
5,0.2,51,54,1,8
5,0.2,52,57,5,2
5,0.2,53,59,3,1
5,0.2,54,61,2,0
5,0.2,55,56,0,5
5,0.2,56,58,3,1
5,0.2,57,56,3,5
5,0.2,58,56,2,2
5,0.2,59,57,3,2
5,0.2,60,50,2,9
5,0.2,61,54,6,2
5,0.2,62,51,2,5
5,0.2,63,53,4,2
5,0.2,64,48,2,7
5,0.2,65,49,4,3
5,0.2,66,51,4,2
5,0.2,67,53,2,0
5,0.2,68,47,1,7
5,0.2,69,53,6,0
5,0.2,70,53,3,3
5,0.2,71,55,6,4
5,0.2,72,51,2,6
5,0.2,73,54,4,1
5,0.2,74,52,1,3
5,0.2,75,52,4,4
5,0.2,76,53,3,2
5,0.2,77,51,3,5
5,0.2,78,49,2,4
5,0.2,79,50,3,2
5,0.2,80,47,3,6
5,0.2,81,45,2,4
5,0.2,82,49,6,2
5,0.2,83,50,3,2
5,0.2,84,52,4,2
5,0.2,85,52,3,3
5,0.2,86,47,1,6
5,0.2,87,48,2,1
5,0.2,88,47,2,3
5,0.2,89,52,6,1
5,0.2,90,50,1,3
5,0.2,91,46,1,5
5,0.2,92,45,1,2
5,0.2,93,43,2,4
5,0.2,94,48,6,1
5,0.2,95,46,1,3
5,0.2,96,48,2,0
5,0.2,97,49,1,0
5,0.2,98,49,1,1
5,0.2,99,48,1,2
5,0.2,100,48,2,2
5,0.2,101,45,0,3
5,0.2,102,49,4,0
5,0.2,103,46,1,4
5,0.2,104,44,2,4
5,0.2,105,45,1,0
5,0.2,106,45,2,2
5,0.2,107,45,1,1
5,0.2,108,45,1,1
5,0.2,109,45,2,2
5,0.2,110,45,0,0
5,0.2,111,45,1,1
5,0.2,112,45,2,2
5,0.2,113,46,2,1
5,0.2,114,46,3,3
5,0.2,115,45,1,2
5,0.2,116,45,3,3
5,0.2,117,43,0,2
5,0.2,118,44,3,2
5,0.2,119,44,3,3
5,0.2,120,44,0,0
5,0.2,121,43,0,1
5,0.2,122,45,3,1
5,0.2,123,43,2,4
5,0.2,124,45,4,2
5,0.2,125,43,1,3
5,0.2,126,46,3,0
5,0.2,127,43,0,3
5,0.2,128,43,1,1
5,0.2,129,44,2,1
5,0.2,130,43,1,2
5,0.2,131,41,0,2
5,0.2,132,43,2,0
5,0.2,133,43,1,1
5,0.2,134,41,0,2
5,0.2,135,42,1,0
5,0.2,136,43,2,1
5,0.2,137,41,1,3
5,0.2,138,41,0,0
5,0.2,139,40,1,2
5,0.2,140,41,2,1
5,0.2,141,42,1,0
5,0.2,142,40,0,2
5,0.2,143,40,1,1
5,0.2,144,39,0,1
5,0.2,145,38,1,2
5,0.2,146,38,2,2
5,0.2,147,41,3,0
5,0.2,148,39,0,2
5,0.2,149,38,0,1
5,0.2,150,39,2,1
5,0.2,151,39,1,1
5,0.2,152,38,0,1
5,0.2,153,39,1,0
5,0.2,154,41,2,0
5,0.2,155,40,1,2
5,0.2,156,39,0,1
5,0.2,157,39,0,0
5,0.2,158,28,0,11
5,0.2,159,35,7,0
5,0.2,160,36,1,0
5,0.2,161,34,0,2
5,0.2,162,38,4,0
5,0.2,163,37,0,1
5,0.2,164,39,2,0
5,0.2,165,36,0,3
5,0.2,166,36,1,1
5,0.2,167,39,4,1
5,0.2,168,37,1,3
5,0.2,169,38,1,0
5,0.2,170,37,0,1
5,0.2,171,38,1,0
5,0.2,172,37,0,1
5,0.2,173,39,2,0
5,0.2,174,37,0,2
5,0.2,175,36,0,1
5,0.2,176,36,2,2
5,0.2,177,37,2,1
5,0.2,178,37,0,0
5,0.2,179,38,1,0
5,0.2,180,32,1,7
5,0.2,181,37,6,1
5,0.2,182,35,0,2
5,0.2,183,35,0,0
5,0.2,184,37,2,0
5,0.2,185,36,0,1
5,0.2,186,37,1,0
5,0.2,187,36,0,1
5,0.2,188,36,1,1
5,0.2,189,35,0,1
5,0.2,190,35,1,1
5,0.2,191,35,1,1
5,0.2,192,35,0,0
5,0.2,193,36,1,0
5,0.2,194,36,2,2
5,0.2,195,36,2,2
5,0.2,196,35,0,1
5,0.2,197,35,1,1
5,0.2,198,34,0,1
5,0.2,199,34,0,0
5,0.2,200,34,0,0
5,0.2,201,34,0,0
5,0.2,202,35,1,0
5,0.2,203,34,0,1
5,0.2,204,35,1,0
5,0.2,205,34,0,1
5,0.2,206,34,0,0
5,0.2,207,34,0,0
5,0.2,208,34,0,0
5,0.2,209,34,0,0
5,0.2,210,34,0,0
5,0.2,211,34,0,0
5,0.2,212,34,0,0
5,0.2,213,34,0,0
5,0.2,214,34,0,0
5,0.2,215,33,0,1
5,0.2,216,32,0,1
5,0.2,217,32,1,1
5,0.2,218,33,1,0
5,0.2,219,35,2,0
5,0.2,220,34,0,1
5,0.2,221,35,1,0
5,0.2,222,34,1,2
5,0.2,223,33,0,1
5,0.2,224,34,2,1
5,0.2,225,32,0,2
5,0.2,226,31,0,1
5,0.2,227,31,1,1
5,0.2,228,29,1,3
5,0.2,229,28,1,2
5,0.2,230,30,2,0
5,0.2,231,32,2,0
5,0.2,232,34,3,1
5,0.2,233,30,0,4
5,0.2,234,29,1,2
5,0.2,235,31,3,1
5,0.2,236,33,2,0
5,0.2,237,31,0,2
5,0.2,238,33,2,0
5,0.2,239,31,0,2
5,0.2,240,31,2,2
5,0.2,241,31,1,1
5,0.2,242,32,1,0
5,0.2,243,31,0,1
5,0.2,244,31,2,2
5,0.2,245,31,2,2
5,0.2,246,32,2,1
5,0.2,247,30,0,2
5,0.2,248,29,0,1
5,0.2,249,30,1,0
5,0.2,250,30,1,1
5,0.2,251,29,0,1
5,0.2,252,29,0,0
5,0.2,253,31,2,0
5,0.2,254,31,1,1
5,0.2,255,29,0,2
5,0.2,256,29,0,0
5,0.2,257,29,0,0
5,0.2,258,29,0,0
5,0.2,259,29,0,0
5,0.2,260,30,1,0
5,0.2,261,31,1,0
5,0.2,262,29,0,2
5,0.2,263,30,1,0
5,0.2,264,29,0,1
5,0.2,265,30,1,0
5,0.2,266,29,0,1
5,0.2,267,29,0,0
5,0.2,268,30,1,0
5,0.2,269,27,0,3
5,0.2,270,27,0,0
5,0.2,271,29,2,0
5,0.2,272,27,0,2
5,0.2,273,28,1,0
5,0.2,274,26,0,2
5,0.2,275,28,2,0
5,0.2,276,29,1,0
5,0.2,277,29,1,1
5,0.2,278,29,1,1
5,0.2,279,28,0,1
5,0.2,280,28,0,0
5,0.2,281,28,0,0
5,0.2,282,28,0,0
5,0.2,283,28,0,0
5,0.2,284,28,0,0
5,0.2,285,28,0,0
5,0.2,286,28,0,0
5,0.2,287,28,0,0
5,0.2,288,27,0,1
5,0.2,289,27,0,0
5,0.2,290,27,0,0
5,0.2,291,28,1,0
5,0.2,292,27,1,2
5,0.2,293,25,0,2
5,0.2,294,27,2,0
5,0.2,295,27,0,0
5,0.2,296,26,0,1
5,0.2,297,27,1,0
5,0.2,298,26,0,1
5,0.2,299,28,2,0
5,0.2,300,27,0,1
5,0.2,301,27,0,0
5,0.2,302,26,0,1
5,0.2,303,27,1,0
5,0.2,304,26,0,1
5,0.2,305,26,0,0
5,0.2,306,26,0,0
5,0.2,307,26,0,0
5,0.2,308,26,0,0
5,0.2,309,26,0,0
5,0.2,310,26,0,0
5,0.2,311,25,0,1
5,0.2,312,25,0,0
5,0.2,313,25,1,1
5,0.2,314,22,1,4
5,0.2,315,23,1,0
5,0.2,316,24,1,0
5,0.2,317,25,1,0
5,0.2,318,25,0,0
5,0.2,319,25,1,1
5,0.2,320,24,0,1
5,0.2,321,26,2,0
5,0.2,322,24,0,2
5,0.2,323,24,0,0
5,0.2,324,26,2,0
5,0.2,325,25,0,1
5,0.2,326,24,0,1
5,0.2,327,25,1,0
5,0.2,328,25,1,1
5,0.2,329,25,1,1
5,0.2,330,24,0,1
5,0.2,331,25,1,0
5,0.2,332,24,0,1
5,0.2,333,24,0,0
5,0.2,334,24,0,0
5,0.2,335,25,1,0
5,0.2,336,24,0,1
5,0.2,337,24,0,0
5,0.2,338,26,2,0
5,0.2,339,24,0,2
5,0.2,340,24,0,0
5,0.2,341,25,1,0
5,0.2,342,24,0,1
5,0.2,343,24,0,0
5,0.2,344,24,0,0
5,0.2,345,24,0,0
5,0.2,346,25,1,0
5,0.2,347,24,0,1
5,0.2,348,25,1,0
5,0.2,349,26,1,0
5,0.2,350,24,0,2
5,0.2,351,24,0,0
5,0.2,352,24,0,0
5,0.2,353,25,1,0
5,0.2,354,24,0,1
5,0.2,355,24,0,0
5,0.2,356,25,1,0
5,0.2,357,25,1,1
5,0.2,358,25,1,1
5,0.2,359,24,0,1
5,0.2,360,26,2,0
5,0.2,361,24,0,2
5,0.2,362,25,1,0
5,0.2,363,25,0,0
5,0.2,364,24,0,1
5,0.2,365,25,1,0
5,0.2,366,24,0,1
5,0.2,367,25,1,0
5,0.2,368,24,0,1
5,0.2,369,24,1,1
5,0.2,370,24,1,1
5,0.2,371,25,1,0
5,0.2,372,24,0,1
5,0.2,373,23,0,1
5,0.2,374,23,0,0
5,0.2,375,23,0,0
5,0.2,376,23,0,0
5,0.2,377,24,1,0
5,0.2,378,24,1,1
5,0.2,379,24,0,0
5,0.2,380,24,0,0
5,0.2,381,23,0,1
5,0.2,382,23,0,0
5,0.2,383,23,0,0
5,0.2,384,24,1,0
5,0.2,385,24,1,1
5,0.2,386,24,0,0
5,0.2,387,23,0,1
5,0.2,388,24,1,0
5,0.2,389,24,0,0
5,0.2,390,25,1,0
5,0.2,391,23,0,2
5,0.2,392,24,1,0
5,0.2,393,26,2,0
5,0.2,394,23,0,3
5,0.2,395,23,0,0
5,0.2,396,24,1,0
5,0.2,397,24,0,0
5,0.2,398,24,0,0
5,0.2,399,24,0,0
5,0.2,400,23,0,1
5,0.2,401,24,1,0
5,0.2,402,24,0,0
5,0.2,403,23,0,1
5,0.2,404,23,0,0
5,0.2,405,23,0,0
5,0.2,406,23,0,0
5,0.2,407,24,1,0
5,0.2,408,23,0,1
5,0.2,409,23,0,0
5,0.2,410,23,0,0
5,0.2,411,23,0,0
5,0.2,412,23,0,0
5,0.2,413,23,0,0
5,0.2,414,22,0,1
5,0.2,415,21,0,1
5,0.2,416,22,1,0
5,0.2,417,22,1,1
5,0.2,418,22,0,0
5,0.2,419,23,1,0
5,0.2,420,23,1,1
5,0.2,421,23,0,0
5,0.2,422,23,0,0
5,0.2,423,21,0,2
5,0.2,424,22,1,0
5,0.2,425,21,0,1
5,0.2,426,22,1,0
5,0.2,427,22,0,0
5,0.2,428,22,1,1
5,0.2,429,22,1,1
5,0.2,430,20,0,2
5,0.2,431,22,3,1
5,0.2,432,20,1,3
5,0.2,433,20,1,1
5,0.2,434,22,3,1
5,0.2,435,23,1,0
5,0.2,436,19,0,4
5,0.2,437,21,2,0
5,0.2,438,22,1,0
5,0.2,439,19,0,3
5,0.2,440,21,2,0
5,0.2,441,22,1,0
5,0.2,442,23,1,0
5,0.2,443,21,0,2
5,0.2,444,21,0,0
5,0.2,445,21,1,1
5,0.2,446,20,0,1
5,0.2,447,22,2,0
5,0.2,448,21,0,1
5,0.2,449,21,0,0
5,0.2,450,22,1,0
5,0.2,451,21,0,1
5,0.2,452,22,1,0
5,0.2,453,22,0,0
5,0.2,454,21,0,1
5,0.2,455,22,1,0
5,0.2,456,23,1,0
5,0.2,457,23,0,0
5,0.2,458,21,0,2
5,0.2,459,21,1,1
5,0.2,460,22,1,0
5,0.2,461,21,1,2
5,0.2,462,23,2,0
5,0.2,463,21,0,2
5,0.2,464,21,1,1
5,0.2,465,22,1,0
5,0.2,466,22,0,0
5,0.2,467,21,0,1
5,0.2,468,22,1,0
5,0.2,469,21,0,1
5,0.2,470,21,0,0
5,0.2,471,20,0,1
5,0.2,472,22,2,0
5,0.2,473,22,0,0
5,0.2,474,22,1,1
5,0.2,475,21,1,2
5,0.2,476,22,1,0
5,0.2,477,21,0,1
5,0.2,478,20,0,1
5,0.2,479,20,0,0
5,0.2,480,20,0,0
5,0.2,481,21,1,0
5,0.2,482,20,0,1
5,0.2,483,21,1,0
5,0.2,484,21,1,1
5,0.2,485,21,1,1
5,0.2,486,20,0,1
5,0.2,487,20,0,0
5,0.2,488,20,0,0
5,0.2,489,20,0,0
5,0.2,490,20,0,0
5,0.2,491,22,2,0
5,0.2,492,20,0,2
5,0.2,493,20,0,0
5,0.2,494,20,0,0
5,0.2,495,19,1,2
5,0.2,496,20,1,0
5,0.2,497,19,0,1
5,0.2,498,18,0,1
5,0.2,499,19,1,0
5,0.2,500,21,2,0
5,0.2,501,20,0,1
5,0.2,502,20,2,2
5,0.2,503,18,0,2
5,0.2,504,18,0,0
5,0.2,505,18,0,0
5,0.2,506,20,2,0
5,0.2,507,19,0,1
5,0.2,508,18,0,1
5,0.2,509,20,2,0
5,0.2,510,19,0,1
5,0.2,511,18,0,1
5,0.2,512,19,1,0
5,0.2,513,20,1,0
5,0.2,514,18,0,2
5,0.2,515,18,0,0
5,0.2,516,18,0,0
5,0.2,517,18,0,0
5,0.2,518,18,0,0
5,0.2,519,18,0,0
5,0.2,520,18,0,0
5,0.2,521,19,1,0
5,0.2,522,19,0,0
5,0.2,523,18,0,1
5,0.2,524,18,0,0
5,0.2,525,18,0,0
5,0.2,526,18,0,0
5,0.2,527,19,1,0
5,0.2,528,18,0,1
5,0.2,529,18,0,0
5,0.2,530,18,0,0
5,0.2,531,18,0,0
5,0.2,532,19,1,0
5,0.2,533,19,1,1
5,0.2,534,18,0,1
5,0.2,535,18,0,0
5,0.2,536,18,0,0
5,0.2,537,18,0,0
5,0.2,538,19,1,0
5,0.2,539,18,0,1
5,0.2,540,18,0,0
5,0.2,541,18,0,0
5,0.2,542,18,0,0
5,0.2,543,18,0,0
5,0.2,544,19,1,0
5,0.2,545,18,0,1
5,0.2,546,18,0,0
5,0.2,547,18,0,0
5,0.2,548,18,0,0
5,0.2,549,18,0,0
5,0.2,550,19,1,0
5,0.2,551,18,0,1
5,0.2,552,18,0,0
5,0.2,553,19,1,0
5,0.2,554,18,0,1
5,0.2,555,19,1,0
5,0.2,556,18,0,1
5,0.2,557,20,2,0
5,0.2,558,18,0,2
5,0.2,559,18,0,0
5,0.2,560,18,0,0
5,0.2,561,17,1,2
5,0.2,562,18,2,1
5,0.2,563,18,0,0
5,0.2,564,16,0,2
5,0.2,565,16,0,0
5,0.2,566,17,1,0
5,0.2,567,18,1,0
5,0.2,568,18,0,0
5,0.2,569,19,1,0
5,0.2,570,18,0,1
5,0.2,571,17,0,1
5,0.2,572,18,1,0
5,0.2,573,17,0,1
5,0.2,574,17,0,0
5,0.2,575,17,0,0
5,0.2,576,18,1,0
5,0.2,577,18,1,1
5,0.2,578,18,1,1
5,0.2,579,17,0,1
5,0.2,580,17,0,0
5,0.2,581,17,0,0
5,0.2,582,17,0,0
5,0.2,583,17,0,0
5,0.2,584,17,0,0
5,0.2,585,17,0,0
5,0.2,586,18,1,0
5,0.2,587,17,0,1
5,0.2,588,17,0,0
5,0.2,589,17,0,0
5,0.2,590,17,0,0
5,0.2,591,17,0,0
5,0.2,592,17,0,0
5,0.2,593,17,0,0
5,0.2,594,17,0,0
5,0.2,595,17,0,0
5,0.2,596,17,0,0
5,0.2,597,17,0,0
5,0.2,598,17,0,0
5,0.2,599,18,1,0
5,0.2,600,17,0,1
5,0.2,601,17,0,0
5,0.2,602,17,0,0
5,0.2,603,18,1,0
5,0.2,604,17,0,1
5,0.2,605,18,1,0
5,0.2,606,17,0,1
5,0.2,607,17,0,0
5,0.2,608,18,1,0
5,0.2,609,18,0,0
5,0.2,610,17,0,1
5,0.2,611,17,0,0
5,0.2,612,17,0,0
5,0.2,613,17,0,0
5,0.2,614,19,2,0
5,0.2,615,17,0,2
5,0.2,616,19,2,0
5,0.2,617,17,0,2
5,0.2,618,17,0,0
5,0.2,619,17,0,0
5,0.2,620,17,0,0
5,0.2,621,17,0,0
5,0.2,622,19,2,0
5,0.2,623,18,0,1
5,0.2,624,18,0,0
5,0.2,625,18,0,0
5,0.2,626,18,0,0
5,0.2,627,18,0,0
5,0.2,628,17,0,1
5,0.2,629,17,0,0
5,0.2,630,18,1,0
5,0.2,631,17,0,1
5,0.2,632,18,1,0
5,0.2,633,17,0,1
5,0.2,634,18,1,0
5,0.2,635,17,0,1
5,0.2,636,18,1,0
5,0.2,637,18,1,1
5,0.2,638,18,1,1
5,0.2,639,18,1,1
5,0.2,640,17,0,1
5,0.2,641,17,0,0
5,0.2,642,17,0,0
5,0.2,643,17,0,0
5,0.2,644,18,1,0
5,0.2,645,17,0,1
5,0.2,646,17,0,0
5,0.2,647,17,0,0
5,0.2,648,17,0,0
5,0.2,649,17,0,0
5,0.2,650,17,0,0
5,0.2,651,18,1,0
5,0.2,652,17,0,1
5,0.2,653,17,0,0
5,0.2,654,17,0,0
5,0.2,655,18,1,0
5,0.2,656,18,0,0
5,0.2,657,18,0,0
5,0.2,658,18,0,0
5,0.2,659,17,0,1
5,0.2,660,17,0,0
5,0.2,661,17,0,0
5,0.2,662,17,0,0
5,0.2,663,17,0,0
5,0.2,664,17,0,0
5,0.2,665,17,0,0
5,0.2,666,17,0,0
5,0.2,667,17,0,0
5,0.2,668,17,0,0
5,0.2,669,18,1,0
5,0.2,670,17,0,1
5,0.2,671,17,0,0
5,0.2,672,17,0,0
5,0.2,673,17,0,0
5,0.2,674,17,0,0
5,0.2,675,17,0,0
5,0.2,676,17,0,0
5,0.2,677,17,0,0
5,0.2,678,18,1,0
5,0.2,679,17,0,1
5,0.2,680,17,0,0
5,0.2,681,17,0,0
5,0.2,682,17,0,0
5,0.2,683,17,0,0
5,0.2,684,17,0,0
5,0.2,685,17,0,0
5,0.2,686,17,0,0
5,0.2,687,17,0,0
5,0.2,688,17,0,0
5,0.2,689,18,1,0
5,0.2,690,17,0,1
5,0.2,691,17,0,0
5,0.2,692,18,1,0
5,0.2,693,18,0,0
5,0.2,694,17,0,1
5,0.2,695,18,1,0
5,0.2,696,17,0,1
5,0.2,697,18,1,0
5,0.2,698,19,1,0
5,0.2,699,17,0,2
5,0.2,700,17,0,0
5,0.2,701,17,0,0
5,0.2,702,17,0,0
5,0.2,703,17,0,0
5,0.2,704,17,0,0
5,0.2,705,17,0,0
5,0.2,706,17,0,0
5,0.2,707,17,0,0
5,0.2,708,17,0,0
5,0.2,709,18,1,0
5,0.2,710,17,0,1
5,0.2,711,17,0,0
5,0.2,712,17,0,0
5,0.2,713,18,1,0
5,0.2,714,17,0,1
5,0.2,715,17,0,0
5,0.2,716,17,0,0
5,0.2,717,17,0,0
5,0.2,718,17,0,0
5,0.2,719,17,0,0
5,0.2,720,17,0,0
5,0.2,721,17,0,0
5,0.2,722,17,0,0
5,0.2,723,17,0,0
5,0.2,724,17,0,0
5,0.2,725,18,1,0
5,0.2,726,17,0,1
5,0.2,727,17,0,0
5,0.2,728,18,1,0
5,0.2,729,17,0,1
5,0.2,730,17,0,0
5,0.2,731,17,0,0
5,0.2,732,17,0,0
5,0.2,733,17,0,0
5,0.2,734,17,0,0
5,0.2,735,17,0,0
5,0.2,736,18,1,0
5,0.2,737,17,0,1
5,0.2,738,17,0,0
5,0.2,739,17,0,0
5,0.2,740,18,1,0
5,0.2,741,17,0,1
5,0.2,742,17,0,0
5,0.2,743,17,0,0
5,0.2,744,17,0,0
5,0.2,745,17,0,0
5,0.2,746,18,1,0
5,0.2,747,17,0,1
5,0.2,748,17,0,0
5,0.2,749,17,0,0
5,0.2,750,17,0,0
5,0.2,751,17,0,0
5,0.2,752,17,0,0
5,0.2,753,17,0,0
5,0.2,754,18,1,0
5,0.2,755,17,0,1
5,0.2,756,17,0,0
5,0.2,757,17,0,0
5,0.2,758,17,0,0
5,0.2,759,17,0,0
5,0.2,760,17,0,0
5,0.2,761,17,0,0
5,0.2,762,17,0,0
5,0.2,763,17,0,0
5,0.2,764,17,0,0
5,0.2,765,18,1,0
5,0.2,766,17,0,1
5,0.2,767,17,0,0
5,0.2,768,17,0,0
5,0.2,769,17,0,0
5,0.2,770,17,0,0
5,0.2,771,17,0,0
5,0.2,772,17,0,0
5,0.2,773,17,0,0
5,0.2,774,17,0,0
5,0.2,775,17,0,0
5,0.2,776,17,0,0
5,0.2,777,17,0,0
5,0.2,778,17,0,0
5,0.2,779,17,0,0
5,0.2,780,17,0,0
5,0.2,781,17,0,0
5,0.2,782,17,0,0
5,0.2,783,17,0,0
5,0.2,784,17,0,0
5,0.2,785,17,0,0
5,0.2,786,17,0,0
5,0.2,787,18,1,0
5,0.2,788,17,0,1
5,0.2,789,18,1,0
5,0.2,790,17,0,1
5,0.2,791,17,0,0
5,0.2,792,17,0,0
5,0.2,793,17,0,0
5,0.2,794,17,0,0
5,0.2,795,17,0,0
5,0.2,796,17,0,0
5,0.2,797,17,0,0
5,0.2,798,17,0,0
5,0.2,799,17,0,0
5,0.2,800,17,0,0
5,0.2,801,17,0,0
5,0.2,802,17,0,0
5,0.2,803,17,0,0
5,0.2,804,17,0,0
5,0.2,805,17,0,0
5,0.2,806,17,0,0
5,0.2,807,17,0,0
5,0.2,808,17,0,0
5,0.2,809,17,0,0
5,0.2,810,17,0,0
5,0.2,811,17,0,0
5,0.2,812,17,0,0
5,0.2,813,17,0,0
5,0.2,814,17,0,0
5,0.2,815,17,0,0
5,0.2,816,17,0,0
5,0.2,817,17,0,0
5,0.2,818,17,0,0
5,0.2,819,17,0,0
5,0.2,820,17,0,0
5,0.2,821,17,0,0
5,0.2,822,17,0,0
5,0.2,823,17,0,0
5,0.2,824,17,0,0
5,0.2,825,17,0,0
5,0.2,826,17,0,0
5,0.2,827,17,0,0
5,0.2,828,17,0,0
5,0.2,829,17,0,0
5,0.2,830,17,0,0
5,0.2,831,17,0,0
5,0.2,832,17,0,0
5,0.2,833,17,0,0
5,0.2,834,17,0,0
5,0.2,835,17,0,0
5,0.2,836,17,0,0
5,0.2,837,17,0,0
5,0.2,838,17,0,0
5,0.2,839,17,0,0
5,0.2,840,17,0,0
5,0.2,841,17,0,0
5,0.2,842,17,0,0
5,0.2,843,17,0,0
5,0.2,844,17,0,0
5,0.2,845,17,0,0
5,0.2,846,17,0,0
5,0.2,847,17,0,0
5,0.2,848,17,0,0
5,0.2,849,17,0,0
5,0.2,850,17,0,0
5,0.2,851,17,0,0
5,0.2,852,17,0,0
5,0.2,853,17,0,0
5,0.2,854,17,0,0
5,0.2,855,17,0,0
5,0.2,856,17,0,0
5,0.2,857,17,0,0
5,0.2,858,17,0,0
5,0.2,859,17,0,0
5,0.2,860,17,0,0
5,0.2,861,17,0,0
5,0.2,862,17,0,0
5,0.2,863,17,0,0
5,0.2,864,17,0,0
5,0.2,865,17,0,0
5,0.2,866,17,0,0
5,0.2,867,17,0,0
5,0.2,868,17,0,0
5,0.2,869,17,0,0
5,0.2,870,17,0,0
5,0.2,871,17,0,0
5,0.2,872,17,0,0
5,0.2,873,17,0,0
5,0.2,874,17,0,0
5,0.2,875,17,0,0
5,0.2,876,17,0,0
5,0.2,877,17,0,0
5,0.2,878,17,0,0
5,0.2,879,17,0,0
5,0.2,880,17,0,0
5,0.2,881,17,0,0
5,0.2,882,17,0,0
5,0.2,883,17,0,0
5,0.2,884,17,0,0
5,0.2,885,18,1,0
5,0.2,886,17,0,1
5,0.2,887,17,0,0
5,0.2,888,17,0,0
5,0.2,889,17,0,0
5,0.2,890,17,0,0
5,0.2,891,17,0,0
5,0.2,892,17,0,0
5,0.2,893,17,0,0
5,0.2,894,17,0,0
5,0.2,895,17,0,0
5,0.2,896,17,0,0
5,0.2,897,17,0,0
5,0.2,898,17,0,0
5,0.2,899,17,0,0
5,0.2,900,17,0,0
5,0.2,901,17,0,0
5,0.2,902,17,0,0
5,0.2,903,18,1,0
5,0.2,904,17,0,1
5,0.2,905,17,0,0
5,0.2,906,17,0,0
5,0.2,907,17,0,0
5,0.2,908,17,0,0
5,0.2,909,17,0,0
5,0.2,910,17,0,0
5,0.2,911,17,0,0
5,0.2,912,17,0,0
5,0.2,913,17,0,0
5,0.2,914,18,1,0
5,0.2,915,17,0,1
5,0.2,916,17,0,0
5,0.2,917,17,0,0
5,0.2,918,17,0,0
5,0.2,919,17,0,0
5,0.2,920,17,0,0
5,0.2,921,17,0,0
5,0.2,922,17,0,0
5,0.2,923,17,0,0
5,0.2,924,17,0,0
5,0.2,925,18,1,0
5,0.2,926,17,0,1
5,0.2,927,18,1,0
5,0.2,928,17,0,1
5,0.2,929,17,0,0
5,0.2,930,18,1,0
5,0.2,931,17,0,1
5,0.2,932,17,0,0
5,0.2,933,18,1,0
5,0.2,934,18,0,0
5,0.2,935,17,0,1
5,0.2,936,17,0,0
5,0.2,937,17,0,0
5,0.2,938,17,0,0
5,0.2,939,18,1,0
5,0.2,940,18,1,1
5,0.2,941,19,1,0
5,0.2,942,17,0,2
5,0.2,943,18,1,0
5,0.2,944,17,0,1
5,0.2,945,17,0,0
5,0.2,946,17,0,0
5,0.2,947,17,0,0
5,0.2,948,17,0,0
5,0.2,949,17,0,0
5,0.2,950,17,0,0
5,0.2,951,18,1,0
5,0.2,952,19,1,0
5,0.2,953,18,0,1
5,0.2,954,17,0,1
5,0.2,955,17,0,0
5,0.2,956,17,0,0
5,0.2,957,17,0,0
5,0.2,958,17,0,0
5,0.2,959,18,1,0
5,0.2,960,18,0,0
5,0.2,961,19,1,0
5,0.2,962,17,0,2
5,0.2,963,17,0,0
5,0.2,964,18,1,0
5,0.2,965,17,0,1
5,0.2,966,17,0,0
5,0.2,967,18,1,0
5,0.2,968,18,1,1
5,0.2,969,19,2,1
5,0.2,970,18,1,2
5,0.2,971,17,0,1
5,0.2,972,17,0,0
5,0.2,973,17,0,0
5,0.2,974,17,0,0
5,0.2,975,17,0,0
5,0.2,976,17,0,0
5,0.2,977,18,1,0
5,0.2,978,18,1,1
5,0.2,979,17,0,1
5,0.2,980,18,1,0
5,0.2,981,17,0,1
5,0.2,982,17,0,0
5,0.2,983,17,0,0
5,0.2,984,18,1,0
5,0.2,985,18,0,0
5,0.2,986,18,1,1
5,0.2,987,17,0,1
5,0.2,988,17,0,0
5,0.2,989,17,0,0
5,0.2,990,17,0,0
5,0.2,991,17,0,0
5,0.2,992,18,1,0
5,0.2,993,18,1,1
5,0.2,994,17,0,1
5,0.2,995,18,1,0
5,0.2,996,19,2,1
5,0.2,997,17,0,2
5,0.2,998,17,0,0
5,0.2,999,17,0,0
5,0.2,1000,17,0,0
5,0.2,1001,18,1,0
5,0.2,1002,17,0,1
5,0.2,1003,18,1,0
5,0.2,1004,17,0,1
5,0.2,1005,18,1,0
5,0.2,1006,17,0,1
5,0.2,1007,17,0,0
5,0.2,1008,17,0,0
5,0.2,1009,17,0,0
5,0.2,1010,18,1,0
5,0.2,1011,17,0,1
5,0.2,1012,19,2,0
5,0.2,1013,18,0,1
5,0.2,1014,20,2,0
5,0.2,1015,19,0,1
5,0.2,1016,18,0,1
5,0.2,1017,18,1,1
5,0.2,1018,18,1,1
5,0.2,1019,19,1,0
5,0.2,1020,17,0,2
5,0.2,1021,19,2,0
5,0.2,1022,18,0,1
5,0.2,1023,18,0,0
5,0.2,1024,17,0,1
5,0.2,1025,17,0,0
5,0.2,1026,17,0,0
5,0.2,1027,18,1,0
5,0.2,1028,17,0,1
5,0.2,1029,17,0,0
5,0.2,1030,17,0,0
5,0.2,1031,17,0,0
5,0.2,1032,17,0,0
5,0.2,1033,18,1,0
5,0.2,1034,17,0,1
5,0.2,1035,17,0,0
5,0.2,1036,18,1,0
5,0.2,1037,18,0,0
5,0.2,1038,18,0,0
5,0.2,1039,18,1,1
5,0.2,1040,17,0,1
5,0.2,1041,19,2,0
5,0.2,1042,18,0,1
5,0.2,1043,18,1,1
5,0.2,1044,19,1,0
5,0.2,1045,18,0,1
5,0.2,1046,18,1,1
5,0.2,1047,17,0,1
5,0.2,1048,18,1,0
5,0.2,1049,18,0,0
5,0.2,1050,18,1,1
5,0.2,1051,19,1,0
5,0.2,1052,18,1,2
5,0.2,1053,17,0,1
5,0.2,1054,18,1,0
5,0.2,1055,17,0,1
5,0.2,1056,17,0,0
5,0.2,1057,17,0,0
5,0.2,1058,18,1,0
5,0.2,1059,18,0,0
5,0.2,1060,19,1,0
5,0.2,1061,17,0,2
5,0.2,1062,18,1,0
5,0.2,1063,18,1,1
5,0.2,1064,17,0,1
5,0.2,1065,18,1,0
5,0.2,1066,20,2,0
5,0.2,1067,19,0,1
5,0.2,1068,17,0,2
5,0.2,1069,19,2,0
5,0.2,1070,18,1,2
5,0.2,1071,19,1,0
5,0.2,1072,18,0,1
5,0.2,1073,18,1,1
5,0.2,1074,17,0,1
5,0.2,1075,18,1,0
5,0.2,1076,18,1,1
5,0.2,1077,17,0,1
5,0.2,1078,17,0,0
5,0.2,1079,18,1,0
5,0.2,1080,17,0,1
5,0.2,1081,17,0,0
5,0.2,1082,17,0,0
5,0.2,1083,18,1,0
5,0.2,1084,17,0,1
5,0.2,1085,18,1,0
5,0.2,1086,19,1,0
5,0.2,1087,17,0,2
5,0.2,1088,18,1,0
5,0.2,1089,17,0,1
5,0.2,1090,17,0,0
5,0.2,1091,18,1,0
5,0.2,1092,18,0,0
5,0.2,1093,18,0,0
5,0.2,1094,18,0,0
5,0.2,1095,19,1,0
5,0.2,1096,18,0,1
5,0.2,1097,19,1,0
5,0.2,1098,18,0,1
5,0.2,1099,17,0,1
5,0.2,1100,18,1,0
5,0.2,1101,18,0,0
5,0.2,1102,18,0,0
5,0.2,1103,18,0,0
5,0.2,1104,18,0,0
5,0.2,1105,18,0,0
5,0.2,1106,17,0,1
5,0.2,1107,18,1,0
5,0.2,1108,18,0,0
5,0.2,1109,17,0,1
5,0.2,1110,18,1,0
5,0.2,1111,18,1,1
5,0.2,1112,18,0,0
5,0.2,1113,17,0,1
5,0.2,1114,18,1,0
5,0.2,1115,18,0,0
5,0.2,1116,18,0,0
5,0.2,1117,17,0,1
5,0.2,1118,17,0,0
5,0.2,1119,18,1,0
5,0.2,1120,17,0,1
5,0.2,1121,17,0,0
5,0.2,1122,18,1,0
5,0.2,1123,17,0,1
5,0.2,1124,17,0,0
5,0.2,1125,17,0,0
5,0.2,1126,17,0,0
5,0.2,1127,17,0,0
5,0.2,1128,17,0,0
5,0.2,1129,17,0,0
5,0.2,1130,17,0,0
5,0.2,1131,17,0,0
5,0.2,1132,17,0,0
5,0.2,1133,17,0,0
5,0.2,1134,17,0,0
5,0.2,1135,17,0,0
5,0.2,1136,17,0,0
5,0.2,1137,17,0,0
5,0.2,1138,17,0,0
5,0.2,1139,17,0,0
5,0.2,1140,17,0,0
5,0.2,1141,17,0,0
5,0.2,1142,17,0,0
5,0.2,1143,17,0,0
5,0.2,1144,17,0,0
5,0.2,1145,17,0,0
5,0.2,1146,17,0,0
5,0.2,1147,17,0,0
5,0.2,1148,17,0,0
5,0.2,1149,17,0,0
5,0.2,1150,17,0,0
5,0.2,1151,17,0,0
5,0.2,1152,18,1,0
5,0.2,1153,17,0,1
5,0.2,1154,17,0,0
5,0.2,1155,17,0,0
5,0.2,1156,17,0,0
5,0.2,1157,18,1,0
5,0.2,1158,17,0,1
5,0.2,1159,17,0,0
5,0.2,1160,17,0,0
5,0.2,1161,17,0,0
5,0.2,1162,17,0,0
5,0.2,1163,17,0,0
5,0.2,1164,17,0,0
5,0.2,1165,17,0,0
5,0.2,1166,17,0,0
5,0.2,1167,17,0,0
5,0.2,1168,17,0,0
5,0.2,1169,17,0,0
5,0.2,1170,17,0,0
5,0.2,1171,17,0,0
5,0.2,1172,17,0,0
5,0.2,1173,17,0,0
5,0.2,1174,17,0,0
5,0.2,1175,17,0,0
5,0.2,1176,17,0,0
5,0.2,1177,17,0,0
5,0.2,1178,17,0,0
5,0.2,1179,17,0,0
5,0.2,1180,17,0,0
5,0.2,1181,18,1,0
5,0.2,1182,17,0,1
5,0.2,1183,17,0,0
5,0.2,1184,17,0,0
5,0.2,1185,18,1,0
5,0.2,1186,17,0,1
5,0.2,1187,17,0,0
5,0.2,1188,17,0,0
5,0.2,1189,18,1,0
5,0.2,1190,17,0,1
5,0.2,1191,17,0,0
5,0.2,1192,18,1,0
5,0.2,1193,17,0,1
5,0.2,1194,17,0,0
5,0.2,1195,17,0,0
5,0.2,1196,17,0,0
5,0.2,1197,17,0,0
5,0.2,1198,17,0,0
5,0.2,1199,17,0,0
5,0.2,1200,17,0,0
5,0.2,1201,17,0,0
5,0.2,1202,17,0,0
5,0.2,1203,17,0,0
5,0.2,1204,17,0,0
5,0.2,1205,17,0,0
5,0.2,1206,17,0,0
5,0.2,1207,17,0,0
5,0.2,1208,17,0,0
5,0.2,1209,17,0,0
5,0.2,1210,17,0,0
5,0.2,1211,17,0,0
5,0.2,1212,17,0,0
5,0.2,1213,17,0,0
5,0.2,1214,18,1,0
5,0.2,1215,17,0,1
5,0.2,1216,17,0,0
5,0.2,1217,17,0,0
5,0.2,1218,17,0,0
5,0.2,1219,19,2,0
5,0.2,1220,17,0,2
5,0.2,1221,17,0,0
5,0.2,1222,17,0,0
5,0.2,1223,17,0,0
5,0.2,1224,17,0,0
5,0.2,1225,17,0,0
5,0.2,1226,17,0,0
5,0.2,1227,17,0,0
5,0.2,1228,17,0,0
5,0.2,1229,17,0,0
5,0.2,1230,17,0,0
5,0.2,1231,18,1,0
5,0.2,1232,17,0,1
5,0.2,1233,17,0,0
5,0.2,1234,17,0,0
5,0.2,1235,17,0,0
5,0.2,1236,18,1,0
5,0.2,1237,17,0,1
5,0.2,1238,17,0,0
5,0.2,1239,17,0,0
5,0.2,1240,17,0,0
5,0.2,1241,17,0,0
5,0.2,1242,17,0,0
5,0.2,1243,17,0,0
5,0.2,1244,17,0,0
5,0.2,1245,17,0,0
5,0.2,1246,17,0,0
5,0.2,1247,17,0,0
5,0.2,1248,17,0,0
5,0.2,1249,17,0,0
5,0.2,1250,17,0,0
5,0.2,1251,17,0,0
5,0.2,1252,17,0,0
5,0.2,1253,17,0,0
5,0.2,1254,17,0,0
5,0.2,1255,17,0,0
5,0.2,1256,17,0,0
5,0.2,1257,17,0,0
5,0.2,1258,17,0,0
5,0.2,1259,17,0,0
5,0.2,1260,17,0,0
5,0.2,1261,17,0,0
5,0.2,1262,17,0,0
5,0.2,1263,17,0,0
5,0.2,1264,17,0,0
5,0.2,1265,17,0,0
5,0.2,1266,17,0,0
5,0.2,1267,17,0,0
5,0.2,1268,17,0,0
5,0.2,1269,19,2,0
5,0.2,1270,17,0,2
5,0.2,1271,17,0,0
5,0.2,1272,17,0,0
5,0.2,1273,17,0,0
5,0.2,1274,17,0,0
5,0.2,1275,17,0,0
5,0.2,1276,18,1,0
5,0.2,1277,17,0,1
5,0.2,1278,17,0,0
5,0.2,1279,17,0,0
5,0.2,1280,17,0,0
5,0.2,1281,17,0,0
5,0.2,1282,17,0,0
5,0.2,1283,17,0,0
5,0.2,1284,17,0,0
5,0.2,1285,17,0,0
5,0.2,1286,17,0,0
5,0.2,1287,17,0,0
5,0.2,1288,17,0,0
5,0.2,1289,17,0,0
5,0.2,1290,17,0,0
5,0.2,1291,17,0,0
5,0.2,1292,17,0,0
5,0.2,1293,17,0,0
5,0.2,1294,17,0,0
5,0.2,1295,18,1,0
5,0.2,1296,18,1,1
5,0.2,1297,17,0,1
5,0.2,1298,17,0,0
5,0.2,1299,17,0,0
5,0.2,1300,17,0,0
5,0.2,1301,17,0,0
5,0.2,1302,17,0,0
5,0.2,1303,17,0,0
5,0.2,1304,17,0,0
5,0.2,1305,17,0,0
5,0.2,1306,17,0,0
5,0.2,1307,17,0,0
5,0.2,1308,17,0,0
5,0.2,1309,17,0,0
5,0.2,1310,17,0,0
5,0.2,1311,17,0,0
5,0.2,1312,17,0,0
5,0.2,1313,17,0,0
5,0.2,1314,17,0,0
5,0.2,1315,17,0,0
5,0.2,1316,17,0,0
5,0.2,1317,17,0,0
5,0.2,1318,17,0,0
5,0.2,1319,17,0,0
5,0.2,1320,17,0,0
5,0.2,1321,17,0,0
5,0.2,1322,17,0,0
5,0.2,1323,18,1,0
5,0.2,1324,17,0,1
5,0.2,1325,17,0,0
5,0.2,1326,18,1,0
5,0.2,1327,17,0,1
5,0.2,1328,17,0,0
5,0.2,1329,17,0,0
5,0.2,1330,17,0,0
5,0.2,1331,17,0,0
5,0.2,1332,18,1,0
5,0.2,1333,18,0,0
5,0.2,1334,18,0,0
5,0.2,1335,17,0,1
5,0.2,1336,17,0,0
5,0.2,1337,17,0,0
5,0.2,1338,18,1,0
5,0.2,1339,17,0,1
5,0.2,1340,18,1,0
5,0.2,1341,17,0,1
5,0.2,1342,18,1,0
5,0.2,1343,18,0,0
5,0.2,1344,19,1,0
5,0.2,1345,17,0,2
5,0.2,1346,17,0,0
5,0.2,1347,18,1,0
5,0.2,1348,17,0,1
5,0.2,1349,17,0,0
5,0.2,1350,17,0,0
5,0.2,1351,17,0,0
5,0.2,1352,18,1,0
5,0.2,1353,17,0,1
5,0.2,1354,17,0,0
5,0.2,1355,17,0,0
5,0.2,1356,17,0,0
5,0.2,1357,18,1,0
5,0.2,1358,17,0,1
5,0.2,1359,17,0,0
5,0.2,1360,18,1,0
5,0.2,1361,17,0,1
5,0.2,1362,17,0,0
5,0.2,1363,17,0,0
5,0.2,1364,17,0,0
5,0.2,1365,17,0,0
5,0.2,1366,17,0,0
5,0.2,1367,17,0,0
5,0.2,1368,17,0,0
5,0.2,1369,17,0,0
5,0.2,1370,19,2,0
5,0.2,1371,19,1,1
5,0.2,1372,17,0,2
5,0.2,1373,18,1,0
5,0.2,1374,18,0,0
5,0.2,1375,18,0,0
5,0.2,1376,17,0,1
5,0.2,1377,18,1,0
5,0.2,1378,18,0,0
5,0.2,1379,18,0,0
5,0.2,1380,18,0,0
5,0.2,1381,17,0,1
5,0.2,1382,17,0,0
5,0.2,1383,17,0,0
5,0.2,1384,17,0,0
5,0.2,1385,17,0,0
5,0.2,1386,17,0,0
5,0.2,1387,18,1,0
5,0.2,1388,18,1,1
5,0.2,1389,17,0,1
5,0.2,1390,17,0,0
5,0.2,1391,18,1,0
5,0.2,1392,17,0,1
5,0.2,1393,17,0,0
5,0.2,1394,18,1,0
5,0.2,1395,17,0,1
5,0.2,1396,18,1,0
5,0.2,1397,17,0,1
5,0.2,1398,18,1,0
5,0.2,1399,17,0,1
5,0.2,1400,17,0,0
5,0.2,1401,17,0,0
5,0.2,1402,18,1,0
5,0.2,1403,18,0,0
5,0.2,1404,18,0,0
5,0.2,1405,17,0,1
5,0.2,1406,18,1,0
5,0.2,1407,17,0,1
5,0.2,1408,18,1,0
5,0.2,1409,19,1,0
5,0.2,1410,17,0,2
5,0.2,1411,17,0,0
5,0.2,1412,17,0,0
5,0.2,1413,17,0,0
5,0.2,1414,17,0,0
5,0.2,1415,17,0,0
5,0.2,1416,19,2,0
5,0.2,1417,17,0,2
5,0.2,1418,18,1,0
5,0.2,1419,17,0,1
5,0.2,1420,18,1,0
5,0.2,1421,17,0,1
5,0.2,1422,18,1,0
5,0.2,1423,17,0,1
5,0.2,1424,17,0,0
5,0.2,1425,17,0,0
5,0.2,1426,17,0,0
5,0.2,1427,17,0,0
5,0.2,1428,17,0,0
5,0.2,1429,17,0,0
5,0.2,1430,18,1,0
5,0.2,1431,17,0,1
5,0.2,1432,19,2,0
5,0.2,1433,19,1,1
5,0.2,1434,19,0,0
5,0.2,1435,19,0,0
5,0.2,1436,19,1,1
5,0.2,1437,17,0,2
5,0.2,1438,18,1,0
5,0.2,1439,17,0,1
5,0.2,1440,18,1,0
5,0.2,1441,20,3,1
5,0.2,1442,17,0,3
5,0.2,1443,20,3,0
5,0.2,1444,18,0,2
5,0.2,1445,17,0,1
5,0.2,1446,18,1,0
5,0.2,1447,18,1,1
5,0.2,1448,18,0,0
5,0.2,1449,18,0,0
5,0.2,1450,18,0,0
5,0.2,1451,19,1,0
5,0.2,1452,18,0,1
5,0.2,1453,18,0,0
5,0.2,1454,18,0,0
5,0.2,1455,17,0,1
5,0.2,1456,18,1,0
5,0.2,1457,19,2,1
5,0.2,1458,18,1,2
5,0.2,1459,17,0,1
5,0.2,1460,18,1,0
5,0.2,1461,18,1,1
5,0.2,1462,20,2,0
5,0.2,1463,18,0,2
5,0.2,1464,18,0,0
5,0.2,1465,18,1,1
5,0.2,1466,19,1,0
5,0.2,1467,17,0,2
5,0.2,1468,18,1,0
5,0.2,1469,20,2,0
5,0.2,1470,19,1,2
5,0.2,1471,20,1,0
5,0.2,1472,18,0,2
5,0.2,1473,18,1,1
5,0.2,1474,18,1,1
5,0.2,1475,18,1,1
5,0.2,1476,18,1,1
5,0.2,1477,18,1,1
5,0.2,1478,18,1,1
5,0.2,1479,19,1,0
5,0.2,1480,18,0,1
5,0.2,1481,18,0,0
5,0.2,1482,18,0,0
5,0.2,1483,19,1,0
5,0.2,1484,18,0,1
5,0.2,1485,18,0,0
5,0.2,1486,18,0,0
5,0.2,1487,21,3,0
5,0.2,1488,18,0,3
5,0.2,1489,19,1,0
5,0.2,1490,18,0,1
5,0.2,1491,18,0,0
5,0.2,1492,18,0,0
5,0.2,1493,20,2,0
5,0.2,1494,18,0,2
5,0.2,1495,18,0,0
5,0.2,1496,20,2,0
5,0.2,1497,18,0,2
5,0.2,1498,18,0,0
5,0.2,1499,19,1,0
5,0.2,1500,18,0,1
6,0.05,0,8,0,0
6,0.05,1,23,21,6
6,0.05,2,32,22,13
6,0.05,3,26,13,19
6,0.05,4,30,12,8
6,0.05,5,38,19,11
6,0.05,6,26,7,19
6,0.05,7,32,19,13
6,0.05,8,25,12,19
6,0.05,9,32,21,14
6,0.05,10,28,16,20
6,0.05,11,34,19,13
6,0.05,12,47,20,7
6,0.05,13,50,6,3
6,0.05,14,29,2,23
6,0.05,15,37,11,3
6,0.05,16,27,8,18
6,0.05,17,39,22,10
6,0.05,18,46,18,11
6,0.05,19,43,9,12
6,0.05,20,45,7,5
6,0.05,21,36,3,12
6,0.05,22,29,4,11
6,0.05,23,44,17,2
6,0.05,24,36,6,14
6,0.05,25,45,16,7
6,0.05,26,46,13,12
6,0.05,27,47,12,11
6,0.05,28,40,1,8
6,0.05,29,46,10,4
6,0.05,30,22,2,26
6,0.05,31,27,18,13
6,0.05,32,51,26,2
6,0.05,33,22,0,29
6,0.05,34,38,23,7
6,0.05,35,18,7,27
6,0.05,36,43,28,3
6,0.05,37,35,6,14
6,0.05,38,41,9,3
6,0.05,39,52,13,2
6,0.05,40,43,2,11
6,0.05,41,47,10,6
6,0.05,42,49,7,5
6,0.05,43,44,5,10
6,0.05,44,32,4,16
6,0.05,45,25,9,16
6,0.05,46,22,4,7
6,0.05,47,20,3,5
6,0.05,48,41,23,2
6,0.05,49,23,4,22
6,0.05,50,30,14,7
6,0.05,51,20,4,14
6,0.05,52,29,14,5
6,0.05,53,31,12,10
6,0.05,54,29,9,11
6,0.05,55,19,5,15
6,0.05,56,32,21,8
6,0.05,57,21,8,19
6,0.05,58,23,9,7
6,0.05,59,37,16,2
6,0.05,60,33,9,13
6,0.05,61,27,7,13
6,0.05,62,38,16,5
6,0.05,63,43,8,3
6,0.05,64,42,2,3
6,0.05,65,41,4,5
6,0.05,66,36,4,9
6,0.05,67,42,7,1
6,0.05,68,33,1,10
6,0.05,69,25,2,10
6,0.05,70,28,8,5
6,0.05,71,30,12,10
6,0.05,72,29,9,10
6,0.05,73,36,10,3
6,0.05,74,35,3,4
6,0.05,75,30,5,10
6,0.05,76,32,7,5
6,0.05,77,27,8,13
6,0.05,78,24,3,6
6,0.05,79,36,12,0
6,0.05,80,22,2,16
6,0.05,81,24,7,5
6,0.05,82,24,8,8
6,0.05,83,26,10,8
6,0.05,84,33,7,0
6,0.05,85,30,3,6
6,0.05,86,36,7,1
6,0.05,87,35,7,8
6,0.05,88,25,2,12
6,0.05,89,33,11,3
6,0.05,90,26,4,11
6,0.05,91,26,6,6
6,0.05,92,20,9,15
6,0.05,93,30,13,3
6,0.05,94,30,5,5
6,0.05,95,23,2,9
6,0.05,96,24,5,4
6,0.05,97,31,9,2
6,0.05,98,23,2,10
6,0.05,99,33,11,1
6,0.05,100,28,2,7
6,0.05,101,23,2,7
6,0.05,102,25,6,4
6,0.05,103,18,1,8
6,0.05,104,26,13,5
6,0.05,105,24,2,4
6,0.05,106,27,7,4
6,0.05,107,33,7,1
6,0.05,108,29,1,5
6,0.05,109,30,3,2
6,0.05,110,27,2,5
6,0.05,111,30,3,0
6,0.05,112,30,1,1
6,0.05,113,23,0,7
6,0.05,114,28,7,2
6,0.05,115,33,5,0
6,0.05,116,31,1,3
6,0.05,117,34,4,1
6,0.05,118,32,1,3
6,0.05,119,26,1,7
6,0.05,120,29,5,2
6,0.05,121,30,3,2
6,0.05,122,23,2,9
6,0.05,123,27,6,2
6,0.05,124,31,5,1
6,0.05,125,29,0,2
6,0.05,126,26,1,4
6,0.05,127,27,3,2
6,0.05,128,28,2,1
6,0.05,129,29,1,0
6,0.05,130,29,0,0
6,0.05,131,29,1,1
6,0.05,132,26,2,5
6,0.05,133,26,5,5
6,0.05,134,27,4,3
6,0.05,135,27,2,2
6,0.05,136,27,2,2
6,0.05,137,26,1,2
6,0.05,138,28,2,0
6,0.05,139,27,1,2
6,0.05,140,30,3,0
6,0.05,141,29,1,2
6,0.05,142,28,0,1
6,0.05,143,30,3,1
6,0.05,144,31,3,2
6,0.05,145,31,1,1
6,0.05,146,31,2,2
6,0.05,147,29,1,3
6,0.05,148,31,4,2
6,0.05,149,30,0,1
6,0.05,150,27,0,3
6,0.05,151,28,2,1
6,0.05,152,30,3,1
6,0.05,153,28,2,4
6,0.05,154,30,2,0
6,0.05,155,25,0,5
6,0.05,156,29,4,0
6,0.05,157,31,2,0
6,0.05,158,28,0,3
6,0.05,159,27,0,1
6,0.05,160,29,2,0
6,0.05,161,27,0,2
6,0.05,162,30,3,0
6,0.05,163,29,0,1
6,0.05,164,29,2,2
6,0.05,165,28,1,2
6,0.05,166,28,2,2
6,0.05,167,27,0,1
6,0.05,168,29,3,1
6,0.05,169,28,0,1
6,0.05,170,24,1,5
6,0.05,171,26,3,1
6,0.05,172,21,2,7
6,0.05,173,27,7,1
6,0.05,174,28,1,0
6,0.05,175,29,1,0
6,0.05,176,27,1,3
6,0.05,177,19,2,10
6,0.05,178,24,6,1
6,0.05,179,25,2,1
6,0.05,180,30,5,0
6,0.05,181,28,0,2
6,0.05,182,27,0,1
6,0.05,183,29,2,0
6,0.05,184,26,0,3
6,0.05,185,30,4,0
6,0.05,186,29,1,2
6,0.05,187,24,0,5
6,0.05,188,26,3,1
6,0.05,189,29,3,0
6,0.05,190,28,0,1
6,0.05,191,30,2,0
6,0.05,192,28,0,2
6,0.05,193,30,2,0
6,0.05,194,30,0,0
6,0.05,195,29,0,1
6,0.05,196,27,1,3
6,0.05,197,26,0,1
6,0.05,198,25,0,1
6,0.05,199,27,2,0
6,0.05,200,22,1,6
6,0.05,201,21,3,4
6,0.05,202,19,0,2
6,0.05,203,28,9,0
6,0.05,204,29,1,0
6,0.05,205,26,0,3
6,0.05,206,27,2,1
6,0.05,207,26,1,2
6,0.05,208,28,3,1
6,0.05,209,28,0,0
6,0.05,210,25,0,3
6,0.05,211,26,1,0
6,0.05,212,25,0,1
6,0.05,213,29,4,0
6,0.05,214,27,0,2
6,0.05,215,29,2,0
6,0.05,216,28,0,1
6,0.05,217,29,1,0
6,0.05,218,27,0,2
6,0.05,219,27,0,0
6,0.05,220,30,3,0
6,0.05,221,29,0,1
6,0.05,222,29,0,0
6,0.05,223,29,0,0
6,0.05,224,29,0,0
6,0.05,225,29,0,0
6,0.05,226,28,0,1
6,0.05,227,29,1,0
6,0.05,228,29,0,0
6,0.05,229,29,1,1
6,0.05,230,27,0,2
6,0.05,231,27,1,1
6,0.05,232,27,2,2
6,0.05,233,27,1,1
6,0.05,234,29,2,0
6,0.05,235,26,0,3
6,0.05,236,26,0,0
6,0.05,237,26,0,0
6,0.05,238,22,0,4
6,0.05,239,27,5,0
6,0.05,240,26,0,1
6,0.05,241,27,1,0
6,0.05,242,27,0,0
6,0.05,243,28,1,0
6,0.05,244,27,0,1
6,0.05,245,20,0,7
6,0.05,246,20,4,4
6,0.05,247,25,6,1
6,0.05,248,27,2,0
6,0.05,249,26,0,1
6,0.05,250,26,0,0
6,0.05,251,27,1,0
6,0.05,252,27,0,0
6,0.05,253,27,0,0
6,0.05,254,27,0,0
6,0.05,255,27,0,0
6,0.05,256,27,0,0
6,0.05,257,26,0,1
6,0.05,258,27,1,0
6,0.05,259,27,0,0
6,0.05,260,26,0,1
6,0.05,261,23,1,4
6,0.05,262,24,1,0
6,0.05,263,18,0,6
6,0.05,264,23,6,1
6,0.05,265,23,0,0
6,0.05,266,26,4,1
6,0.05,267,23,0,3
6,0.05,268,23,2,2
6,0.05,269,21,0,2
6,0.05,270,24,5,2
6,0.05,271,24,1,1
6,0.05,272,19,1,6
6,0.05,273,23,4,0
6,0.05,274,21,0,2
6,0.05,275,23,2,0
6,0.05,276,20,0,3
6,0.05,277,14,0,6
6,0.05,278,22,8,0
6,0.05,279,22,1,1
6,0.05,280,25,3,0
6,0.05,281,20,0,5
6,0.05,282,21,2,1
6,0.05,283,22,2,1
6,0.05,284,21,1,2
6,0.05,285,20,1,2
6,0.05,286,21,3,2
6,0.05,287,20,0,1
6,0.05,288,17,0,3
6,0.05,289,19,3,1
6,0.05,290,21,2,0
6,0.05,291,20,0,1
6,0.05,292,21,2,1
6,0.05,293,22,1,0
6,0.05,294,21,0,1
6,0.05,295,21,0,0
6,0.05,296,20,1,2
6,0.05,297,23,3,0
6,0.05,298,20,0,3
6,0.05,299,22,2,0
6,0.05,300,20,0,2
6,0.05,301,20,0,0
6,0.05,302,20,0,0
6,0.05,303,20,0,0
6,0.05,304,20,0,0
6,0.05,305,19,0,1
6,0.05,306,19,1,1
6,0.05,307,21,2,0
6,0.05,308,22,1,0
6,0.05,309,22,1,1
6,0.05,310,21,1,2
6,0.05,311,20,1,2
6,0.05,312,23,3,0
6,0.05,313,21,0,2
6,0.05,314,21,1,1
6,0.05,315,23,2,0
6,0.05,316,23,1,1
6,0.05,317,23,1,1
6,0.05,318,22,0,1
6,0.05,319,23,1,0
6,0.05,320,22,0,1
6,0.05,321,21,1,2
6,0.05,322,21,1,1
6,0.05,323,22,1,0
6,0.05,324,23,1,0
6,0.05,325,22,0,1
6,0.05,326,22,1,1
6,0.05,327,23,1,0
6,0.05,328,20,0,3
6,0.05,329,20,0,0
6,0.05,330,20,0,0
6,0.05,331,19,0,1
6,0.05,332,21,2,0
6,0.05,333,21,0,0
6,0.05,334,22,1,0
6,0.05,335,21,0,1
6,0.05,336,21,0,0
6,0.05,337,21,0,0
6,0.05,338,20,0,1
6,0.05,339,20,1,1
6,0.05,340,20,0,0
6,0.05,341,18,0,2
6,0.05,342,18,0,0
6,0.05,343,20,2,0
6,0.05,344,20,0,0
6,0.05,345,21,1,0
6,0.05,346,20,0,1
6,0.05,347,20,0,0
6,0.05,348,20,0,0
6,0.05,349,21,1,0
6,0.05,350,20,0,1
6,0.05,351,21,1,0
6,0.05,352,20,0,1
6,0.05,353,20,0,0
6,0.05,354,20,0,0
6,0.05,355,20,0,0
6,0.05,356,20,0,0
6,0.05,357,20,0,0
6,0.05,358,21,1,0
6,0.05,359,20,0,1
6,0.05,360,20,0,0
6,0.05,361,21,1,0
6,0.05,362,20,0,1
6,0.05,363,21,1,0
6,0.05,364,21,0,0
6,0.05,365,20,0,1
6,0.05,366,20,0,0
6,0.05,367,20,0,0
6,0.05,368,20,0,0
6,0.05,369,20,0,0
6,0.05,370,21,1,0
6,0.05,371,20,0,1
6,0.05,372,20,0,0
6,0.05,373,19,0,1
6,0.05,374,20,1,0
6,0.05,375,19,0,1
6,0.05,376,20,1,0
6,0.05,377,20,0,0
6,0.05,378,19,0,1
6,0.05,379,20,1,0
6,0.05,380,18,0,2
6,0.05,381,17,0,1
6,0.05,382,20,3,0
6,0.05,383,19,0,1
6,0.05,384,20,1,0
6,0.05,385,19,0,1
6,0.05,386,19,1,1
6,0.05,387,19,0,0
6,0.05,388,19,1,1
6,0.05,389,20,1,0
6,0.05,390,18,0,2
6,0.05,391,18,0,0
6,0.05,392,17,0,1
6,0.05,393,18,1,0
6,0.05,394,20,2,0
6,0.05,395,19,0,1
6,0.05,396,19,1,1
6,0.05,397,17,0,2
6,0.05,398,18,1,0
6,0.05,399,19,1,0
6,0.05,400,17,0,2
6,0.05,401,18,1,0
6,0.05,402,18,1,1
6,0.05,403,18,1,1
6,0.05,404,18,0,0
6,0.05,405,18,0,0
6,0.05,406,17,0,1
6,0.05,407,18,1,0
6,0.05,408,18,0,0
6,0.05,409,18,0,0
6,0.05,410,18,0,0
6,0.05,411,17,0,1
6,0.05,412,19,2,0
6,0.05,413,19,0,0
6,0.05,414,19,0,0
6,0.05,415,19,0,0
6,0.05,416,19,0,0
6,0.05,417,19,0,0
6,0.05,418,19,0,0
6,0.05,419,19,0,0
6,0.05,420,19,0,0
6,0.05,421,20,1,0
6,0.05,422,19,0,1
6,0.05,423,18,0,1
6,0.05,424,18,1,1
6,0.05,425,19,1,0
6,0.05,426,19,0,0
6,0.05,427,18,0,1
6,0.05,428,18,0,0
6,0.05,429,18,0,0
6,0.05,430,19,1,0
6,0.05,431,19,0,0
6,0.05,432,19,0,0
6,0.05,433,19,0,0
6,0.05,434,19,0,0
6,0.05,435,19,0,0
6,0.05,436,19,0,0
6,0.05,437,19,0,0
6,0.05,438,19,0,0
6,0.05,439,19,0,0
6,0.05,440,19,0,0
6,0.05,441,19,0,0
6,0.05,442,19,0,0
6,0.05,443,19,0,0
6,0.05,444,19,0,0
6,0.05,445,19,0,0
6,0.05,446,19,0,0
6,0.05,447,19,0,0
6,0.05,448,19,0,0
6,0.05,449,19,0,0
6,0.05,450,19,0,0
6,0.05,451,19,0,0
6,0.05,452,20,1,0
6,0.05,453,19,0,1
6,0.05,454,19,0,0
6,0.05,455,19,0,0
6,0.05,456,19,0,0
6,0.05,457,19,0,0
6,0.05,458,19,0,0
6,0.05,459,19,0,0
6,0.05,460,19,0,0
6,0.05,461,19,0,0
6,0.05,462,19,0,0
6,0.05,463,19,0,0
6,0.05,464,19,0,0
6,0.05,465,19,0,0
6,0.05,466,19,0,0
6,0.05,467,19,0,0
6,0.05,468,19,0,0
6,0.05,469,19,0,0
6,0.05,470,19,0,0
6,0.05,471,19,0,0
6,0.05,472,19,0,0
6,0.05,473,19,0,0
6,0.05,474,19,0,0
6,0.05,475,19,0,0
6,0.05,476,18,0,1
6,0.05,477,19,1,0
6,0.05,478,19,0,0
6,0.05,479,20,1,0
6,0.05,480,19,0,1
6,0.05,481,20,1,0
6,0.05,482,19,0,1
6,0.05,483,20,1,0
6,0.05,484,19,0,1
6,0.05,485,19,0,0
6,0.05,486,19,0,0
6,0.05,487,19,0,0
6,0.05,488,19,0,0
6,0.05,489,19,0,0
6,0.05,490,20,1,0
6,0.05,491,20,0,0
6,0.05,492,19,0,1
6,0.05,493,20,1,0
6,0.05,494,19,0,1
6,0.05,495,19,0,0
6,0.05,496,19,0,0
6,0.05,497,19,0,0
6,0.05,498,19,0,0
6,0.05,499,19,0,0
6,0.05,500,20,1,0
6,0.05,501,19,0,1
6,0.05,502,19,0,0
6,0.05,503,19,0,0
6,0.05,504,19,0,0
6,0.05,505,19,0,0
6,0.05,506,19,0,0
6,0.05,507,19,0,0
6,0.05,508,19,0,0
6,0.05,509,19,0,0
6,0.05,510,20,1,0
6,0.05,511,19,0,1
6,0.05,512,19,0,0
6,0.05,513,19,0,0
6,0.05,514,19,0,0
6,0.05,515,19,0,0
6,0.05,516,19,0,0
6,0.05,517,19,0,0
6,0.05,518,19,0,0
6,0.05,519,19,0,0
6,0.05,520,17,0,2
6,0.05,521,19,2,0
6,0.05,522,19,0,0
6,0.05,523,19,0,0
6,0.05,524,19,0,0
6,0.05,525,19,0,0
6,0.05,526,19,0,0
6,0.05,527,19,0,0
6,0.05,528,19,0,0
6,0.05,529,19,0,0
6,0.05,530,20,1,0
6,0.05,531,19,0,1
6,0.05,532,20,1,0
6,0.05,533,19,0,1
6,0.05,534,19,0,0
6,0.05,535,20,1,0
6,0.05,536,19,0,1
6,0.05,537,19,0,0
6,0.05,538,19,0,0
6,0.05,539,19,0,0
6,0.05,540,19,0,0
6,0.05,541,19,0,0
6,0.05,542,19,0,0
6,0.05,543,19,0,0
6,0.05,544,19,0,0
6,0.05,545,19,0,0
6,0.05,546,19,0,0
6,0.05,547,19,0,0
6,0.05,548,19,0,0
6,0.05,549,20,1,0
6,0.05,550,20,0,0
6,0.05,551,19,0,1
6,0.05,552,19,0,0
6,0.05,553,19,0,0
6,0.05,554,19,0,0
6,0.05,555,19,0,0
6,0.05,556,19,0,0
6,0.05,557,19,0,0
6,0.05,558,19,0,0
6,0.05,559,19,0,0
6,0.05,560,19,0,0
6,0.05,561,19,0,0
6,0.05,562,19,0,0
6,0.05,563,19,0,0
6,0.05,564,19,0,0
6,0.05,565,19,0,0
6,0.05,566,19,0,0
6,0.05,567,19,0,0
6,0.05,568,19,0,0
6,0.05,569,19,0,0
6,0.05,570,19,0,0
6,0.05,571,19,0,0
6,0.05,572,19,0,0
6,0.05,573,19,0,0
6,0.05,574,20,1,0
6,0.05,575,20,0,0
6,0.05,576,19,0,1
6,0.05,577,19,0,0
6,0.05,578,19,0,0
6,0.05,579,19,0,0
6,0.05,580,19,0,0
6,0.05,581,19,0,0
6,0.05,582,20,1,0
6,0.05,583,20,0,0
6,0.05,584,19,0,1
6,0.05,585,19,0,0
6,0.05,586,19,0,0
6,0.05,587,19,0,0
6,0.05,588,19,0,0
6,0.05,589,18,0,1
6,0.05,590,19,1,0
6,0.05,591,18,0,1
6,0.05,592,18,0,0
6,0.05,593,18,0,0
6,0.05,594,19,1,0
6,0.05,595,18,0,1
6,0.05,596,19,1,0
6,0.05,597,19,0,0
6,0.05,598,19,0,0
6,0.05,599,19,0,0
6,0.05,600,19,1,1
6,0.05,601,19,0,0
6,0.05,602,18,0,1
6,0.05,603,19,1,0
6,0.05,604,18,0,1
6,0.05,605,19,1,0
6,0.05,606,19,0,0
6,0.05,607,18,0,1
6,0.05,608,18,0,0
6,0.05,609,19,1,0
6,0.05,610,18,0,1
6,0.05,611,18,0,0
6,0.05,612,18,0,0
6,0.05,613,18,0,0
6,0.05,614,19,1,0
6,0.05,615,19,0,0
6,0.05,616,19,0,0
6,0.05,617,19,0,0
6,0.05,618,18,0,1
6,0.05,619,19,1,0
6,0.05,620,20,1,0
6,0.05,621,19,0,1
6,0.05,622,18,0,1
6,0.05,623,19,1,0
6,0.05,624,19,0,0
6,0.05,625,19,0,0
6,0.05,626,20,1,0
6,0.05,627,20,0,0
6,0.05,628,19,0,1
6,0.05,629,18,0,1
6,0.05,630,19,1,0
6,0.05,631,19,0,0
6,0.05,632,19,0,0
6,0.05,633,19,0,0
6,0.05,634,20,1,0
6,0.05,635,19,0,1
6,0.05,636,19,0,0
6,0.05,637,18,0,1
6,0.05,638,17,0,1
6,0.05,639,20,3,0
6,0.05,640,20,0,0
6,0.05,641,18,0,2
6,0.05,642,19,1,0
6,0.05,643,20,1,0
6,0.05,644,19,0,1
6,0.05,645,19,0,0
6,0.05,646,20,1,0
6,0.05,647,19,0,1
6,0.05,648,18,0,1
6,0.05,649,19,1,0
6,0.05,650,20,1,0
6,0.05,651,20,0,0
6,0.05,652,19,0,1
6,0.05,653,19,0,0
6,0.05,654,19,0,0
6,0.05,655,20,1,0
6,0.05,656,19,0,1
6,0.05,657,19,0,0
6,0.05,658,19,0,0
6,0.05,659,19,0,0
6,0.05,660,19,0,0
6,0.05,661,19,0,0
6,0.05,662,19,0,0
6,0.05,663,18,0,1
6,0.05,664,18,0,0
6,0.05,665,18,0,0
6,0.05,666,18,0,0
6,0.05,667,18,0,0
6,0.05,668,18,0,0
6,0.05,669,18,0,0
6,0.05,670,19,1,0
6,0.05,671,19,1,1
6,0.05,672,18,0,1
6,0.05,673,20,2,0
6,0.05,674,18,0,2
6,0.05,675,18,0,0
6,0.05,676,18,0,0
6,0.05,677,18,0,0
6,0.05,678,18,0,0
6,0.05,679,19,1,0
6,0.05,680,19,0,0
6,0.05,681,18,0,1
6,0.05,682,18,0,0
6,0.05,683,18,0,0
6,0.05,684,18,0,0
6,0.05,685,18,0,0
6,0.05,686,19,1,0
6,0.05,687,18,0,1
6,0.05,688,18,0,0
6,0.05,689,18,0,0
6,0.05,690,18,0,0
6,0.05,691,18,0,0
6,0.05,692,18,0,0
6,0.05,693,18,0,0
6,0.05,694,18,0,0
6,0.05,695,18,0,0
6,0.05,696,18,0,0
6,0.05,697,18,0,0
6,0.05,698,18,0,0
6,0.05,699,18,0,0
6,0.05,700,18,0,0
6,0.05,701,18,0,0
6,0.05,702,19,1,0
6,0.05,703,18,0,1
6,0.05,704,19,1,0
6,0.05,705,19,0,0
6,0.05,706,18,0,1
6,0.05,707,18,0,0
6,0.05,708,18,0,0
6,0.05,709,18,0,0
6,0.05,710,18,0,0
6,0.05,711,18,0,0
6,0.05,712,19,1,0
6,0.05,713,18,0,1
6,0.05,714,20,2,0
6,0.05,715,20,0,0
6,0.05,716,18,0,2
6,0.05,717,19,1,0
6,0.05,718,18,0,1
6,0.05,719,18,0,0
6,0.05,720,18,0,0
6,0.05,721,19,1,0
6,0.05,722,19,1,1
6,0.05,723,18,0,1
6,0.05,724,18,0,0
6,0.05,725,19,1,0
6,0.05,726,19,1,1
6,0.05,727,19,1,1
6,0.05,728,18,0,1
6,0.05,729,19,1,0
6,0.05,730,18,0,1
6,0.05,731,19,1,0
6,0.05,732,19,1,1
6,0.05,733,18,0,1
6,0.05,734,19,1,0
6,0.05,735,19,0,0
6,0.05,736,19,1,1
6,0.05,737,19,1,1
6,0.05,738,20,1,0
6,0.05,739,19,0,1
6,0.05,740,19,0,0
6,0.05,741,21,2,0
6,0.05,742,20,0,1
6,0.05,743,20,0,0
6,0.05,744,20,0,0
6,0.05,745,20,0,0
6,0.05,746,19,0,1
6,0.05,747,20,1,0
6,0.05,748,20,0,0
6,0.05,749,20,0,0
6,0.05,750,20,0,0
6,0.05,751,20,0,0
6,0.05,752,20,0,0
6,0.05,753,18,0,2
6,0.05,754,20,2,0
6,0.05,755,20,0,0
6,0.05,756,20,0,0
6,0.05,757,19,0,1
6,0.05,758,20,1,0
6,0.05,759,20,0,0
6,0.05,760,20,0,0
6,0.05,761,20,0,0
6,0.05,762,20,0,0
6,0.05,763,20,0,0
6,0.05,764,20,0,0
6,0.05,765,20,0,0
6,0.05,766,19,0,1
6,0.05,767,18,0,1
6,0.05,768,20,2,0
6,0.05,769,20,0,0
6,0.05,770,20,0,0
6,0.05,771,20,0,0
6,0.05,772,20,0,0
6,0.05,773,20,0,0
6,0.05,774,20,0,0
6,0.05,775,20,0,0
6,0.05,776,20,0,0
6,0.05,777,20,0,0
6,0.05,778,20,0,0
6,0.05,779,20,0,0
6,0.05,780,20,0,0
6,0.05,781,19,0,1
6,0.05,782,20,1,0
6,0.05,783,20,0,0
6,0.05,784,20,0,0
6,0.05,785,20,0,0
6,0.05,786,20,0,0
6,0.05,787,20,0,0
6,0.05,788,20,0,0
6,0.05,789,20,0,0
6,0.05,790,20,0,0
6,0.05,791,20,0,0
6,0.05,792,20,0,0
6,0.05,793,20,0,0
6,0.05,794,20,0,0
6,0.05,795,21,1,0
6,0.05,796,20,0,1
6,0.05,797,20,0,0
6,0.05,798,20,0,0
6,0.05,799,20,0,0
6,0.05,800,20,0,0
6,0.05,801,21,1,0
6,0.05,802,20,0,1
6,0.05,803,20,0,0
6,0.05,804,20,0,0
6,0.05,805,20,0,0
6,0.05,806,20,0,0
6,0.05,807,20,0,0
6,0.05,808,20,0,0
6,0.05,809,20,0,0
6,0.05,810,20,0,0
6,0.05,811,20,0,0
6,0.05,812,20,0,0
6,0.05,813,20,0,0
6,0.05,814,20,0,0
6,0.05,815,20,0,0
6,0.05,816,20,0,0
6,0.05,817,20,0,0
6,0.05,818,20,0,0
6,0.05,819,20,0,0
6,0.05,820,20,0,0
6,0.05,821,19,0,1
6,0.05,822,19,0,0
6,0.05,823,20,1,0
6,0.05,824,19,0,1
6,0.05,825,19,0,0
6,0.05,826,19,0,0
6,0.05,827,19,0,0
6,0.05,828,19,0,0
6,0.05,829,19,0,0
6,0.05,830,19,0,0
6,0.05,831,19,0,0
6,0.05,832,19,0,0
6,0.05,833,19,0,0
6,0.05,834,20,1,0
6,0.05,835,19,0,1
6,0.05,836,19,0,0
6,0.05,837,19,0,0
6,0.05,838,19,0,0
6,0.05,839,19,0,0
6,0.05,840,20,1,0
6,0.05,841,19,0,1
6,0.05,842,19,0,0
6,0.05,843,19,0,0
6,0.05,844,19,0,0
6,0.05,845,20,1,0
6,0.05,846,19,0,1
6,0.05,847,19,0,0
6,0.05,848,19,0,0
6,0.05,849,19,0,0
6,0.05,850,19,0,0
6,0.05,851,19,0,0
6,0.05,852,19,0,0
6,0.05,853,19,0,0
6,0.05,854,19,0,0
6,0.05,855,19,0,0
6,0.05,856,19,0,0
6,0.05,857,19,0,0
6,0.05,858,19,0,0
6,0.05,859,19,0,0
6,0.05,860,19,0,0
6,0.05,861,19,0,0
6,0.05,862,19,0,0
6,0.05,863,19,0,0
6,0.05,864,19,0,0
6,0.05,865,19,0,0
6,0.05,866,19,0,0
6,0.05,867,19,0,0
6,0.05,868,19,0,0
6,0.05,869,19,0,0
6,0.05,870,19,0,0
6,0.05,871,19,0,0
6,0.05,872,19,0,0
6,0.05,873,19,0,0
6,0.05,874,19,0,0
6,0.05,875,19,0,0
6,0.05,876,19,0,0
6,0.05,877,19,0,0
6,0.05,878,19,0,0
6,0.05,879,19,0,0
6,0.05,880,19,0,0
6,0.05,881,19,0,0
6,0.05,882,19,0,0
6,0.05,883,19,0,0
6,0.05,884,19,0,0
6,0.05,885,19,0,0
6,0.05,886,19,0,0
6,0.05,887,19,0,0
6,0.05,888,19,0,0
6,0.05,889,19,0,0
6,0.05,890,19,0,0
6,0.05,891,19,0,0
6,0.05,892,19,0,0
6,0.05,893,19,0,0
6,0.05,894,19,0,0
6,0.05,895,19,0,0
6,0.05,896,19,0,0
6,0.05,897,19,0,0
6,0.05,898,19,0,0
6,0.05,899,19,0,0
6,0.05,900,19,0,0
6,0.05,901,19,0,0
6,0.05,902,19,0,0
6,0.05,903,19,0,0
6,0.05,904,19,0,0
6,0.05,905,19,0,0
6,0.05,906,19,0,0
6,0.05,907,19,0,0
6,0.05,908,19,0,0
6,0.05,909,19,0,0
6,0.05,910,19,0,0
6,0.05,911,19,0,0
6,0.05,912,19,0,0
6,0.05,913,19,0,0
6,0.05,914,19,0,0
6,0.05,915,19,0,0
6,0.05,916,19,0,0
6,0.05,917,19,0,0
6,0.05,918,19,0,0
6,0.05,919,19,0,0
6,0.05,920,19,0,0
6,0.05,921,19,0,0
6,0.05,922,19,0,0
6,0.05,923,19,0,0
6,0.05,924,19,0,0
6,0.05,925,19,0,0
6,0.05,926,19,0,0
6,0.05,927,19,0,0
6,0.05,928,19,0,0
6,0.05,929,19,0,0
6,0.05,930,19,0,0
6,0.05,931,19,0,0
6,0.05,932,19,0,0
6,0.05,933,19,0,0
6,0.05,934,19,0,0
6,0.05,935,19,0,0
6,0.05,936,19,0,0
6,0.05,937,19,0,0
6,0.05,938,19,0,0
6,0.05,939,19,0,0
6,0.05,940,19,0,0
6,0.05,941,20,1,0
6,0.05,942,19,0,1
6,0.05,943,19,0,0
6,0.05,944,19,0,0
6,0.05,945,19,0,0
6,0.05,946,19,0,0
6,0.05,947,19,0,0
6,0.05,948,20,1,0
6,0.05,949,19,0,1
6,0.05,950,19,0,0
6,0.05,951,19,0,0
6,0.05,952,19,0,0
6,0.05,953,19,0,0
6,0.05,954,20,1,0
6,0.05,955,19,0,1
6,0.05,956,19,0,0
6,0.05,957,19,0,0
6,0.05,958,19,0,0
6,0.05,959,19,0,0
6,0.05,960,19,0,0
6,0.05,961,19,0,0
6,0.05,962,19,0,0
6,0.05,963,19,0,0
6,0.05,964,19,0,0
6,0.05,965,19,0,0
6,0.05,966,20,1,0
6,0.05,967,19,0,1
6,0.05,968,19,0,0
6,0.05,969,19,0,0
6,0.05,970,19,0,0
6,0.05,971,19,0,0
6,0.05,972,19,0,0
6,0.05,973,19,0,0
6,0.05,974,19,0,0
6,0.05,975,19,0,0
6,0.05,976,19,0,0
6,0.05,977,19,0,0
6,0.05,978,19,0,0
6,0.05,979,19,0,0
6,0.05,980,19,0,0
6,0.05,981,19,0,0
6,0.05,982,19,0,0
6,0.05,983,19,0,0
6,0.05,984,20,1,0
6,0.05,985,19,0,1
6,0.05,986,19,0,0
6,0.05,987,19,0,0
6,0.05,988,19,0,0
6,0.05,989,19,0,0
6,0.05,990,19,0,0
6,0.05,991,19,0,0
6,0.05,992,20,1,0
6,0.05,993,19,0,1
6,0.05,994,19,0,0
6,0.05,995,19,0,0
6,0.05,996,19,0,0
6,0.05,997,19,0,0
6,0.05,998,19,0,0
6,0.05,999,19,0,0
6,0.05,1000,19,0,0
6,0.05,1001,19,0,0
6,0.05,1002,19,0,0
6,0.05,1003,19,0,0
6,0.05,1004,19,0,0
6,0.05,1005,19,0,0
6,0.05,1006,19,0,0
6,0.05,1007,19,0,0
6,0.05,1008,19,0,0
6,0.05,1009,19,0,0
6,0.05,1010,19,0,0
6,0.05,1011,19,0,0
6,0.05,1012,19,0,0
6,0.05,1013,19,0,0
6,0.05,1014,19,0,0
6,0.05,1015,19,0,0
6,0.05,1016,19,0,0
6,0.05,1017,19,0,0
6,0.05,1018,19,0,0
6,0.05,1019,20,1,0
6,0.05,1020,19,0,1
6,0.05,1021,19,0,0
6,0.05,1022,19,0,0
6,0.05,1023,19,0,0
6,0.05,1024,19,0,0
6,0.05,1025,19,0,0
6,0.05,1026,20,1,0
6,0.05,1027,19,0,1
6,0.05,1028,19,0,0
6,0.05,1029,19,0,0
6,0.05,1030,19,0,0
6,0.05,1031,19,0,0
6,0.05,1032,19,0,0
6,0.05,1033,19,0,0
6,0.05,1034,19,0,0
6,0.05,1035,19,0,0
6,0.05,1036,19,0,0
6,0.05,1037,19,0,0
6,0.05,1038,19,0,0
6,0.05,1039,19,0,0
6,0.05,1040,19,0,0
6,0.05,1041,19,0,0
6,0.05,1042,19,0,0
6,0.05,1043,19,0,0
6,0.05,1044,19,0,0
6,0.05,1045,19,0,0
6,0.05,1046,20,1,0
6,0.05,1047,20,1,1
6,0.05,1048,20,1,1
6,0.05,1049,19,0,1
6,0.05,1050,20,1,0
6,0.05,1051,19,0,1
6,0.05,1052,19,0,0
6,0.05,1053,20,1,0
6,0.05,1054,19,0,1
6,0.05,1055,19,0,0
6,0.05,1056,20,1,0
6,0.05,1057,19,0,1
6,0.05,1058,19,0,0
6,0.05,1059,19,0,0
6,0.05,1060,19,0,0
6,0.05,1061,19,0,0
6,0.05,1062,20,1,0
6,0.05,1063,19,0,1
6,0.05,1064,19,0,0
6,0.05,1065,19,0,0
6,0.05,1066,19,0,0
6,0.05,1067,19,0,0
6,0.05,1068,19,0,0
6,0.05,1069,19,0,0
6,0.05,1070,19,0,0
6,0.05,1071,19,0,0
6,0.05,1072,19,0,0
6,0.05,1073,19,0,0
6,0.05,1074,19,0,0
6,0.05,1075,20,1,0
6,0.05,1076,19,0,1
6,0.05,1077,19,0,0
6,0.05,1078,19,0,0
6,0.05,1079,20,1,0
6,0.05,1080,19,0,1
6,0.05,1081,19,0,0
6,0.05,1082,19,0,0
6,0.05,1083,19,0,0
6,0.05,1084,19,0,0
6,0.05,1085,19,0,0
6,0.05,1086,19,0,0
6,0.05,1087,19,0,0
6,0.05,1088,19,0,0
6,0.05,1089,19,0,0
6,0.05,1090,19,0,0
6,0.05,1091,19,0,0
6,0.05,1092,19,0,0
6,0.05,1093,19,0,0
6,0.05,1094,19,0,0
6,0.05,1095,19,0,0
6,0.05,1096,19,0,0
6,0.05,1097,19,0,0
6,0.05,1098,19,0,0
6,0.05,1099,19,0,0
6,0.05,1100,19,0,0
6,0.05,1101,19,0,0
6,0.05,1102,19,0,0
6,0.05,1103,19,0,0
6,0.05,1104,19,0,0
6,0.05,1105,19,0,0
6,0.05,1106,19,0,0
6,0.05,1107,19,0,0
6,0.05,1108,19,0,0
6,0.05,1109,19,0,0
6,0.05,1110,19,0,0
6,0.05,1111,19,0,0
6,0.05,1112,19,0,0
6,0.05,1113,19,0,0
6,0.05,1114,19,0,0
6,0.05,1115,19,0,0
6,0.05,1116,19,0,0
6,0.05,1117,19,0,0
6,0.05,1118,19,0,0
6,0.05,1119,19,0,0
6,0.05,1120,19,0,0
6,0.05,1121,19,0,0
6,0.05,1122,19,0,0
6,0.05,1123,19,0,0
6,0.05,1124,19,0,0
6,0.05,1125,19,0,0
6,0.05,1126,19,0,0
6,0.05,1127,19,0,0
6,0.05,1128,19,0,0
6,0.05,1129,19,0,0
6,0.05,1130,19,0,0
6,0.05,1131,19,0,0
6,0.05,1132,19,0,0
6,0.05,1133,19,0,0
6,0.05,1134,19,0,0
6,0.05,1135,19,0,0
6,0.05,1136,19,0,0
6,0.05,1137,19,0,0
6,0.05,1138,19,0,0
6,0.05,1139,19,0,0
6,0.05,1140,19,0,0
6,0.05,1141,19,0,0
6,0.05,1142,19,0,0
6,0.05,1143,19,0,0
6,0.05,1144,19,0,0
6,0.05,1145,19,0,0
6,0.05,1146,19,0,0
6,0.05,1147,19,0,0
6,0.05,1148,19,0,0
6,0.05,1149,19,0,0
6,0.05,1150,19,0,0
6,0.05,1151,19,0,0
6,0.05,1152,19,0,0
6,0.05,1153,19,0,0
6,0.05,1154,19,0,0
6,0.05,1155,19,0,0
6,0.05,1156,20,1,0
6,0.05,1157,19,0,1
6,0.05,1158,19,0,0
6,0.05,1159,19,0,0
6,0.05,1160,19,0,0
6,0.05,1161,19,0,0
6,0.05,1162,19,0,0
6,0.05,1163,20,1,0
6,0.05,1164,19,0,1
6,0.05,1165,19,0,0
6,0.05,1166,19,0,0
6,0.05,1167,19,0,0
6,0.05,1168,19,0,0
6,0.05,1169,19,0,0
6,0.05,1170,19,0,0
6,0.05,1171,19,0,0
6,0.05,1172,20,1,0
6,0.05,1173,19,0,1
6,0.05,1174,19,0,0
6,0.05,1175,19,0,0
6,0.05,1176,19,0,0
6,0.05,1177,19,0,0
6,0.05,1178,19,0,0
6,0.05,1179,19,0,0
6,0.05,1180,19,0,0
6,0.05,1181,19,0,0
6,0.05,1182,19,0,0
6,0.05,1183,19,0,0
6,0.05,1184,19,0,0
6,0.05,1185,19,0,0
6,0.05,1186,19,0,0
6,0.05,1187,19,0,0
6,0.05,1188,19,0,0
6,0.05,1189,19,0,0
6,0.05,1190,19,0,0
6,0.05,1191,19,0,0
6,0.05,1192,19,0,0
6,0.05,1193,19,0,0
6,0.05,1194,19,0,0
6,0.05,1195,19,0,0
6,0.05,1196,19,0,0
6,0.05,1197,19,0,0
6,0.05,1198,19,0,0
6,0.05,1199,19,0,0
6,0.05,1200,19,0,0
6,0.05,1201,19,0,0
6,0.05,1202,19,0,0
6,0.05,1203,19,0,0
6,0.05,1204,19,0,0
6,0.05,1205,19,0,0
6,0.05,1206,19,0,0
6,0.05,1207,19,0,0
6,0.05,1208,19,0,0
6,0.05,1209,19,0,0
6,0.05,1210,19,0,0
6,0.05,1211,19,0,0
6,0.05,1212,19,0,0
6,0.05,1213,19,0,0
6,0.05,1214,19,0,0
6,0.05,1215,19,0,0
6,0.05,1216,19,0,0
6,0.05,1217,19,0,0
6,0.05,1218,19,0,0
6,0.05,1219,20,1,0
6,0.05,1220,20,0,0
6,0.05,1221,20,0,0
6,0.05,1222,19,0,1
6,0.05,1223,19,0,0
6,0.05,1224,20,1,0
6,0.05,1225,20,0,0
6,0.05,1226,19,0,1
6,0.05,1227,20,1,0
6,0.05,1228,20,0,0
6,0.05,1229,19,0,1
6,0.05,1230,19,0,0
6,0.05,1231,19,0,0
6,0.05,1232,19,0,0
6,0.05,1233,19,0,0
6,0.05,1234,19,0,0
6,0.05,1235,19,0,0
6,0.05,1236,19,0,0
6,0.05,1237,19,0,0
6,0.05,1238,19,0,0
6,0.05,1239,20,1,0
6,0.05,1240,19,0,1
6,0.05,1241,19,0,0
6,0.05,1242,19,0,0
6,0.05,1243,19,0,0
6,0.05,1244,19,0,0
6,0.05,1245,19,0,0
6,0.05,1246,19,0,0
6,0.05,1247,19,0,0
6,0.05,1248,19,0,0
6,0.05,1249,19,0,0
6,0.05,1250,20,1,0
6,0.05,1251,19,0,1
6,0.05,1252,20,1,0
6,0.05,1253,19,0,1
6,0.05,1254,20,1,0
6,0.05,1255,19,0,1
6,0.05,1256,19,0,0
6,0.05,1257,20,1,0
6,0.05,1258,20,1,1
6,0.05,1259,19,0,1
6,0.05,1260,20,1,0
6,0.05,1261,19,0,1
6,0.05,1262,19,0,0
6,0.05,1263,19,0,0
6,0.05,1264,19,0,0
6,0.05,1265,19,0,0
6,0.05,1266,19,0,0
6,0.05,1267,19,0,0
6,0.05,1268,20,1,0
6,0.05,1269,19,0,1
6,0.05,1270,19,0,0
6,0.05,1271,20,1,0
6,0.05,1272,20,1,1
6,0.05,1273,19,0,1
6,0.05,1274,19,0,0
6,0.05,1275,19,0,0
6,0.05,1276,20,1,0
6,0.05,1277,19,0,1
6,0.05,1278,19,0,0
6,0.05,1279,19,0,0
6,0.05,1280,20,1,0
6,0.05,1281,20,0,0
6,0.05,1282,20,0,0
6,0.05,1283,20,0,0
6,0.05,1284,20,0,0
6,0.05,1285,20,0,0
6,0.05,1286,20,0,0
6,0.05,1287,19,0,1
6,0.05,1288,19,0,0
6,0.05,1289,20,1,0
6,0.05,1290,19,0,1
6,0.05,1291,19,0,0
6,0.05,1292,20,1,0
6,0.05,1293,19,0,1
6,0.05,1294,19,0,0
6,0.05,1295,19,0,0
6,0.05,1296,19,0,0
6,0.05,1297,19,0,0
6,0.05,1298,19,0,0
6,0.05,1299,20,1,0
6,0.05,1300,19,0,1
6,0.05,1301,19,0,0
6,0.05,1302,20,1,0
6,0.05,1303,19,0,1
6,0.05,1304,19,0,0
6,0.05,1305,19,0,0
6,0.05,1306,19,0,0
6,0.05,1307,19,0,0
6,0.05,1308,20,1,0
6,0.05,1309,19,0,1
6,0.05,1310,19,0,0
6,0.05,1311,19,0,0
6,0.05,1312,19,0,0
6,0.05,1313,19,0,0
6,0.05,1314,19,0,0
6,0.05,1315,19,0,0
6,0.05,1316,19,0,0
6,0.05,1317,20,1,0
6,0.05,1318,19,0,1
6,0.05,1319,19,0,0
6,0.05,1320,19,0,0
6,0.05,1321,19,0,0
6,0.05,1322,20,1,0
6,0.05,1323,19,0,1
6,0.05,1324,19,0,0
6,0.05,1325,19,0,0
6,0.05,1326,19,0,0
6,0.05,1327,20,1,0
6,0.05,1328,19,0,1
6,0.05,1329,19,0,0
6,0.05,1330,19,0,0
6,0.05,1331,19,0,0
6,0.05,1332,19,0,0
6,0.05,1333,19,0,0
6,0.05,1334,19,0,0
6,0.05,1335,19,0,0
6,0.05,1336,19,0,0
6,0.05,1337,19,0,0
6,0.05,1338,19,0,0
6,0.05,1339,19,0,0
6,0.05,1340,19,0,0
6,0.05,1341,19,0,0
6,0.05,1342,19,0,0
6,0.05,1343,19,0,0
6,0.05,1344,19,0,0
6,0.05,1345,19,0,0
6,0.05,1346,20,1,0
6,0.05,1347,19,0,1
6,0.05,1348,20,1,0
6,0.05,1349,19,0,1
6,0.05,1350,19,0,0
6,0.05,1351,19,0,0
6,0.05,1352,19,0,0
6,0.05,1353,19,0,0
6,0.05,1354,19,0,0
6,0.05,1355,19,0,0
6,0.05,1356,19,0,0
6,0.05,1357,20,1,0
6,0.05,1358,19,0,1
6,0.05,1359,19,0,0
6,0.05,1360,19,0,0
6,0.05,1361,19,0,0
6,0.05,1362,20,1,0
6,0.05,1363,19,0,1
6,0.05,1364,19,0,0
6,0.05,1365,19,0,0
6,0.05,1366,19,0,0
6,0.05,1367,20,1,0
6,0.05,1368,19,0,1
6,0.05,1369,19,0,0
6,0.05,1370,19,0,0
6,0.05,1371,19,0,0
6,0.05,1372,19,0,0
6,0.05,1373,19,0,0
6,0.05,1374,19,0,0
6,0.05,1375,19,0,0
6,0.05,1376,20,1,0
6,0.05,1377,20,0,0
6,0.05,1378,19,0,1
6,0.05,1379,19,0,0
6,0.05,1380,19,0,0
6,0.05,1381,19,0,0
6,0.05,1382,19,0,0
6,0.05,1383,19,0,0
6,0.05,1384,19,0,0
6,0.05,1385,19,0,0
6,0.05,1386,19,0,0
6,0.05,1387,19,0,0
6,0.05,1388,19,0,0
6,0.05,1389,19,0,0
6,0.05,1390,19,0,0
6,0.05,1391,19,0,0
6,0.05,1392,20,1,0
6,0.05,1393,19,0,1
6,0.05,1394,19,0,0
6,0.05,1395,19,0,0
6,0.05,1396,19,0,0
6,0.05,1397,19,0,0
6,0.05,1398,19,0,0
6,0.05,1399,19,0,0
6,0.05,1400,19,0,0
6,0.05,1401,19,0,0
6,0.05,1402,20,1,0
6,0.05,1403,19,0,1
6,0.05,1404,19,0,0
6,0.05,1405,20,1,0
6,0.05,1406,19,0,1
6,0.05,1407,19,0,0
6,0.05,1408,19,0,0
6,0.05,1409,19,0,0
6,0.05,1410,19,0,0
6,0.05,1411,19,0,0
6,0.05,1412,19,0,0
6,0.05,1413,19,0,0
6,0.05,1414,19,0,0
6,0.05,1415,19,0,0
6,0.05,1416,19,0,0
6,0.05,1417,19,0,0
6,0.05,1418,19,0,0
6,0.05,1419,19,0,0
6,0.05,1420,19,0,0
6,0.05,1421,19,0,0
6,0.05,1422,19,0,0
6,0.05,1423,19,0,0
6,0.05,1424,19,0,0
6,0.05,1425,19,0,0
6,0.05,1426,19,0,0
6,0.05,1427,19,0,0
6,0.05,1428,19,0,0
6,0.05,1429,19,0,0
6,0.05,1430,19,0,0
6,0.05,1431,19,0,0
6,0.05,1432,19,0,0
6,0.05,1433,19,0,0
6,0.05,1434,19,0,0
6,0.05,1435,19,0,0
6,0.05,1436,19,0,0
6,0.05,1437,19,0,0
6,0.05,1438,20,1,0
6,0.05,1439,19,0,1
6,0.05,1440,19,0,0
6,0.05,1441,19,0,0
6,0.05,1442,19,0,0
6,0.05,1443,19,0,0
6,0.05,1444,19,0,0
6,0.05,1445,19,0,0
6,0.05,1446,19,0,0
6,0.05,1447,19,0,0
6,0.05,1448,19,0,0
6,0.05,1449,19,0,0
6,0.05,1450,19,0,0
6,0.05,1451,19,0,0
6,0.05,1452,19,0,0
6,0.05,1453,19,0,0
6,0.05,1454,19,0,0
6,0.05,1455,19,0,0
6,0.05,1456,19,0,0
6,0.05,1457,19,0,0
6,0.05,1458,19,0,0
6,0.05,1459,19,0,0
6,0.05,1460,19,0,0
6,0.05,1461,19,0,0
6,0.05,1462,19,0,0
6,0.05,1463,19,0,0
6,0.05,1464,19,0,0
6,0.05,1465,19,0,0
6,0.05,1466,19,0,0
6,0.05,1467,19,0,0
6,0.05,1468,19,0,0
6,0.05,1469,19,0,0
6,0.05,1470,19,0,0
6,0.05,1471,19,0,0
6,0.05,1472,19,0,0
6,0.05,1473,19,0,0
6,0.05,1474,19,0,0
6,0.05,1475,19,0,0
6,0.05,1476,19,0,0
6,0.05,1477,19,0,0
6,0.05,1478,19,0,0
6,0.05,1479,19,0,0
6,0.05,1480,19,0,0
6,0.05,1481,19,0,0
6,0.05,1482,20,1,0
6,0.05,1483,19,0,1
6,0.05,1484,19,0,0
6,0.05,1485,19,0,0
6,0.05,1486,19,0,0
6,0.05,1487,19,0,0
6,0.05,1488,19,0,0
6,0.05,1489,19,0,0
6,0.05,1490,19,0,0
6,0.05,1491,19,0,0
6,0.05,1492,19,0,0
6,0.05,1493,19,0,0
6,0.05,1494,19,0,0
6,0.05,1495,19,0,0
6,0.05,1496,19,0,0
6,0.05,1497,19,0,0
6,0.05,1498,19,0,0
6,0.05,1499,19,0,0
6,0.05,1500,19,0,0
6,0.1,0,12,0,0
6,0.1,1,42,38,8
6,0.1,2,53,26,15
6,0.1,3,43,11,21
6,0.1,4,49,16,10
6,0.1,5,60,24,13
6,0.1,6,43,4,21
6,0.1,7,51,15,7
6,0.1,8,45,9,15
6,0.1,9,57,17,5
6,0.1,10,55,10,12
6,0.1,11,50,11,16
6,0.1,12,60,17,7
6,0.1,13,58,2,4
6,0.1,14,49,3,12
6,0.1,15,52,7,4
6,0.1,16,46,6,12
6,0.1,17,56,11,1
6,0.1,18,59,8,5
6,0.1,19,53,1,7
6,0.1,20,53,5,5
6,0.1,21,51,2,4
6,0.1,22,47,3,7
6,0.1,23,51,8,4
6,0.1,24,48,3,6
6,0.1,25,52,7,3
6,0.1,26,54,8,6
6,0.1,27,52,6,8
6,0.1,28,48,4,8
6,0.1,29,53,10,5
6,0.1,30,45,3,11
6,0.1,31,43,9,11
6,0.1,32,54,12,1
6,0.1,33,42,1,13
6,0.1,34,52,11,1
6,0.1,35,39,5,18
6,0.1,36,51,17,5
6,0.1,37,44,4,11
6,0.1,38,50,10,4
6,0.1,39,57,8,1
6,0.1,40,52,2,7
6,0.1,41,53,5,4
6,0.1,42,54,3,2
6,0.1,43,52,3,5
6,0.1,44,48,3,7
6,0.1,45,49,6,5
6,0.1,46,37,0,12
6,0.1,47,32,4,9
6,0.1,48,45,18,5
6,0.1,49,46,7,6
6,0.1,50,44,3,5
6,0.1,51,35,2,11
6,0.1,52,38,9,6
6,0.1,53,40,10,8
6,0.1,54,43,10,7
6,0.1,55,32,5,16
6,0.1,56,44,19,7
6,0.1,57,34,9,19
6,0.1,58,43,14,5
6,0.1,59,48,9,4
6,0.1,60,44,5,9
6,0.1,61,38,3,9
6,0.1,62,46,9,1
6,0.1,63,46,2,2
6,0.1,64,47,3,2
6,0.1,65,49,3,1
6,0.1,66,45,0,4
6,0.1,67,45,3,3
6,0.1,68,43,1,3
6,0.1,69,39,2,6
6,0.1,70,39,3,3
6,0.1,71,40,8,7
6,0.1,72,42,8,6
6,0.1,73,42,2,2
6,0.1,74,43,2,1
6,0.1,75,40,2,5
6,0.1,76,40,2,2
6,0.1,77,39,5,6
6,0.1,78,38,1,2
6,0.1,79,39,4,3
6,0.1,80,34,3,8
6,0.1,81,36,6,4
6,0.1,82,34,6,8
6,0.1,83,35,9,8
6,0.1,84,40,8,3
6,0.1,85,39,3,4
6,0.1,86,40,5,4
6,0.1,87,42,4,2
6,0.1,88,34,1,9
6,0.1,89,38,8,4
6,0.1,90,38,3,3
6,0.1,91,35,3,6
6,0.1,92,31,4,8
6,0.1,93,36,7,2
6,0.1,94,35,4,5
6,0.1,95,29,3,9
6,0.1,96,34,6,1
6,0.1,97,36,4,2
6,0.1,98,31,1,6
6,0.1,99,36,6,1
6,0.1,100,37,3,2
6,0.1,101,32,1,6
6,0.1,102,29,3,6
6,0.1,103,26,3,6
6,0.1,104,34,11,3
6,0.1,105,32,3,5
6,0.1,106,33,4,3
6,0.1,107,36,3,0
6,0.1,108,30,0,6
6,0.1,109,33,5,2
6,0.1,110,29,2,6
6,0.1,111,33,5,1
6,0.1,112,32,2,3
6,0.1,113,31,2,3
6,0.1,114,34,3,0
6,0.1,115,35,1,0
6,0.1,116,34,2,3
6,0.1,117,36,3,1
6,0.1,118,35,0,1
6,0.1,119,31,0,4
6,0.1,120,35,4,0
6,0.1,121,34,1,2
6,0.1,122,30,0,4
6,0.1,123,32,4,2
6,0.1,124,32,3,3
6,0.1,125,30,0,2
6,0.1,126,31,2,1
6,0.1,127,29,0,2
6,0.1,128,30,2,1
6,0.1,129,29,0,1
6,0.1,130,30,1,0
6,0.1,131,31,1,0
6,0.1,132,31,1,1
6,0.1,133,32,3,2
6,0.1,134,30,0,2
6,0.1,135,30,2,2
6,0.1,136,29,2,3
6,0.1,137,30,2,1
6,0.1,138,29,0,1
6,0.1,139,30,1,0
6,0.1,140,31,1,0
6,0.1,141,31,0,0
6,0.1,142,31,1,1
6,0.1,143,31,1,1
6,0.1,144,32,2,1
6,0.1,145,31,0,1
6,0.1,146,32,2,1
6,0.1,147,31,1,2
6,0.1,148,31,2,2
6,0.1,149,31,1,1
6,0.1,150,30,0,1
6,0.1,151,30,0,0
6,0.1,152,31,2,1
6,0.1,153,30,1,2
6,0.1,154,30,0,0
6,0.1,155,27,0,3
6,0.1,156,31,4,0
6,0.1,157,33,2,0
6,0.1,158,31,1,3
6,0.1,159,31,0,0
6,0.1,160,30,0,1
6,0.1,161,30,0,0
6,0.1,162,31,1,0
6,0.1,163,31,0,0
6,0.1,164,30,1,2
6,0.1,165,30,1,1
6,0.1,166,30,0,0
6,0.1,167,31,1,0
6,0.1,168,30,0,1
6,0.1,169,30,1,1
6,0.1,170,27,0,3
6,0.1,171,29,3,1
6,0.1,172,27,0,2
6,0.1,173,28,2,1
6,0.1,174,28,1,1
6,0.1,175,30,2,0
6,0.1,176,30,1,1
6,0.1,177,28,0,2
6,0.1,178,26,1,3
6,0.1,179,28,3,1
6,0.1,180,31,3,0
6,0.1,181,29,0,2
6,0.1,182,29,1,1
6,0.1,183,29,1,1
6,0.1,184,30,1,0
6,0.1,185,31,1,0
6,0.1,186,30,0,1
6,0.1,187,28,0,2
6,0.1,188,29,1,0
6,0.1,189,30,1,0
6,0.1,190,29,0,1
6,0.1,191,30,1,0
6,0.1,192,30,0,0
6,0.1,193,30,0,0
6,0.1,194,30,0,0
6,0.1,195,30,0,0
6,0.1,196,28,0,2
6,0.1,197,29,1,0
6,0.1,198,28,0,1
6,0.1,199,29,1,0
6,0.1,200,26,0,3
6,0.1,201,25,1,2
6,0.1,202,26,2,1
6,0.1,203,28,2,0
6,0.1,204,29,1,0
6,0.1,205,29,1,1
6,0.1,206,29,1,1
6,0.1,207,29,0,0
6,0.1,208,28,0,1
6,0.1,209,29,1,0
6,0.1,210,28,0,1
6,0.1,211,27,1,2
6,0.1,212,28,1,0
6,0.1,213,29,1,0
6,0.1,214,29,0,0
6,0.1,215,29,0,0
6,0.1,216,29,0,0
6,0.1,217,29,0,0
6,0.1,218,29,0,0
6,0.1,219,28,0,1
6,0.1,220,30,2,0
6,0.1,221,29,0,1
6,0.1,222,29,0,0
6,0.1,223,29,0,0
6,0.1,224,29,0,0
6,0.1,225,29,0,0
6,0.1,226,29,0,0
6,0.1,227,29,0,0
6,0.1,228,29,0,0
6,0.1,229,29,1,1
6,0.1,230,29,1,1
6,0.1,231,29,0,0
6,0.1,232,29,0,0
6,0.1,233,27,0,2
6,0.1,234,29,2,0
6,0.1,235,27,0,2
6,0.1,236,27,0,0
6,0.1,237,26,0,1
6,0.1,238,26,0,0
6,0.1,239,27,1,0
6,0.1,240,27,0,0
6,0.1,241,27,0,0
6,0.1,242,27,0,0
6,0.1,243,28,1,0
6,0.1,244,28,0,0
6,0.1,245,27,1,2
6,0.1,246,27,1,1
6,0.1,247,27,0,0
6,0.1,248,27,0,0
6,0.1,249,27,0,0
6,0.1,250,27,0,0
6,0.1,251,27,0,0
6,0.1,252,27,0,0
6,0.1,253,27,0,0
6,0.1,254,27,0,0
6,0.1,255,27,0,0
6,0.1,256,27,0,0
6,0.1,257,27,0,0
6,0.1,258,27,0,0
6,0.1,259,27,0,0
6,0.1,260,27,0,0
6,0.1,261,27,0,0
6,0.1,262,26,0,1
6,0.1,263,23,0,3
6,0.1,264,24,3,2
6,0.1,265,24,0,0
6,0.1,266,26,3,1
6,0.1,267,25,0,1
6,0.1,268,26,2,1
6,0.1,269,25,0,1
6,0.1,270,25,1,1
6,0.1,271,25,0,0
6,0.1,272,24,0,1
6,0.1,273,23,2,3
6,0.1,274,22,0,1
6,0.1,275,25,3,0
6,0.1,276,22,1,4
6,0.1,277,21,0,1
6,0.1,278,23,2,0
6,0.1,279,23,0,0
6,0.1,280,26,3,0
6,0.1,281,25,0,1
6,0.1,282,23,0,2
6,0.1,283,23,0,0
6,0.1,284,23,1,1
6,0.1,285,22,0,1
6,0.1,286,23,2,1
6,0.1,287,23,0,0
6,0.1,288,20,0,3
6,0.1,289,19,0,1
6,0.1,290,22,3,0
6,0.1,291,22,1,1
6,0.1,292,23,1,0
6,0.1,293,23,1,1
6,0.1,294,23,1,1
6,0.1,295,22,1,2
6,0.1,296,21,1,2
6,0.1,297,23,2,0
6,0.1,298,22,0,1
6,0.1,299,22,0,0
6,0.1,300,23,1,0
6,0.1,301,20,0,3
6,0.1,302,20,0,0
6,0.1,303,21,1,0
6,0.1,304,22,2,1
6,0.1,305,21,0,1
6,0.1,306,23,3,1
6,0.1,307,22,0,1
6,0.1,308,24,2,0
6,0.1,309,23,0,1
6,0.1,310,23,0,0
6,0.1,311,23,0,0
6,0.1,312,23,0,0
6,0.1,313,22,0,1
6,0.1,314,23,1,0
6,0.1,315,23,0,0
6,0.1,316,23,1,1
6,0.1,317,23,1,1
6,0.1,318,22,0,1
6,0.1,319,23,1,0
6,0.1,320,23,0,0
6,0.1,321,23,0,0
6,0.1,322,23,0,0
6,0.1,323,23,0,0
6,0.1,324,23,0,0
6,0.1,325,23,0,0
6,0.1,326,23,0,0
6,0.1,327,23,0,0
6,0.1,328,22,0,1
6,0.1,329,21,0,1
6,0.1,330,20,0,1
6,0.1,331,21,1,0
6,0.1,332,21,0,0
6,0.1,333,21,0,0
6,0.1,334,22,1,0
6,0.1,335,21,0,1
6,0.1,336,21,0,0
6,0.1,337,22,1,0
6,0.1,338,22,1,1
6,0.1,339,21,0,1
6,0.1,340,20,0,1
6,0.1,341,20,0,0
6,0.1,342,21,1,0
6,0.1,343,21,1,1
6,0.1,344,20,0,1
6,0.1,345,21,1,0
6,0.1,346,21,0,0
6,0.1,347,20,0,1
6,0.1,348,20,0,0
6,0.1,349,21,1,0
6,0.1,350,20,0,1
6,0.1,351,21,1,0
6,0.1,352,20,0,1
6,0.1,353,20,0,0
6,0.1,354,20,0,0
6,0.1,355,20,0,0
6,0.1,356,20,0,0
6,0.1,357,20,0,0
6,0.1,358,21,1,0
6,0.1,359,20,0,1
6,0.1,360,20,0,0
6,0.1,361,21,1,0
6,0.1,362,20,0,1
6,0.1,363,21,1,0
6,0.1,364,22,1,0
6,0.1,365,20,0,2
6,0.1,366,21,1,0
6,0.1,367,20,0,1
6,0.1,368,20,0,0
6,0.1,369,20,0,0
6,0.1,370,21,1,0
6,0.1,371,20,0,1
6,0.1,372,20,0,0
6,0.1,373,20,0,0
6,0.1,374,20,0,0
6,0.1,375,20,0,0
6,0.1,376,20,0,0
6,0.1,377,20,0,0
6,0.1,378,20,0,0
6,0.1,379,20,0,0
6,0.1,380,19,0,1
6,0.1,381,19,0,0
6,0.1,382,20,1,0
6,0.1,383,20,0,0
6,0.1,384,20,0,0
6,0.1,385,20,0,0
6,0.1,386,20,0,0
6,0.1,387,20,0,0
6,0.1,388,20,0,0
6,0.1,389,20,0,0
6,0.1,390,19,0,1
6,0.1,391,19,0,0
6,0.1,392,17,0,2
6,0.1,393,18,1,0
6,0.1,394,20,2,0
6,0.1,395,19,0,1
6,0.1,396,20,1,0
6,0.1,397,18,0,2
6,0.1,398,19,1,0
6,0.1,399,19,0,0
6,0.1,400,17,0,2
6,0.1,401,18,1,0
6,0.1,402,19,1,0
6,0.1,403,18,0,1
6,0.1,404,18,0,0
6,0.1,405,18,0,0
6,0.1,406,18,0,0
6,0.1,407,18,0,0
6,0.1,408,18,0,0
6,0.1,409,19,1,0
6,0.1,410,18,0,1
6,0.1,411,18,0,0
6,0.1,412,19,1,0
6,0.1,413,19,0,0
6,0.1,414,19,0,0
6,0.1,415,19,0,0
6,0.1,416,19,0,0
6,0.1,417,19,0,0
6,0.1,418,19,0,0
6,0.1,419,19,0,0
6,0.1,420,19,0,0
6,0.1,421,20,1,0
6,0.1,422,19,0,1
6,0.1,423,19,0,0
6,0.1,424,19,0,0
6,0.1,425,19,0,0
6,0.1,426,19,0,0
6,0.1,427,19,0,0
6,0.1,428,19,0,0
6,0.1,429,19,0,0
6,0.1,430,19,0,0
6,0.1,431,19,0,0
6,0.1,432,19,0,0
6,0.1,433,19,0,0
6,0.1,434,19,0,0
6,0.1,435,19,0,0
6,0.1,436,19,0,0
6,0.1,437,19,0,0
6,0.1,438,19,0,0
6,0.1,439,19,0,0
6,0.1,440,19,0,0
6,0.1,441,19,0,0
6,0.1,442,19,0,0
6,0.1,443,19,0,0
6,0.1,444,19,0,0
6,0.1,445,19,0,0
6,0.1,446,19,0,0
6,0.1,447,19,0,0
6,0.1,448,19,0,0
6,0.1,449,19,0,0
6,0.1,450,19,0,0
6,0.1,451,20,1,0
6,0.1,452,20,1,1
6,0.1,453,19,0,1
6,0.1,454,19,0,0
6,0.1,455,19,0,0
6,0.1,456,19,0,0
6,0.1,457,19,0,0
6,0.1,458,19,0,0
6,0.1,459,19,0,0
6,0.1,460,19,0,0
6,0.1,461,19,0,0
6,0.1,462,19,0,0
6,0.1,463,19,0,0
6,0.1,464,19,0,0
6,0.1,465,19,0,0
6,0.1,466,19,0,0
6,0.1,467,19,0,0
6,0.1,468,20,1,0
6,0.1,469,19,0,1
6,0.1,470,20,1,0
6,0.1,471,19,0,1
6,0.1,472,19,0,0
6,0.1,473,19,0,0
6,0.1,474,19,0,0
6,0.1,475,19,0,0
6,0.1,476,19,0,0
6,0.1,477,19,0,0
6,0.1,478,19,0,0
6,0.1,479,20,1,0
6,0.1,480,19,0,1
6,0.1,481,20,1,0
6,0.1,482,19,0,1
6,0.1,483,20,1,0
6,0.1,484,19,0,1
6,0.1,485,20,1,0
6,0.1,486,19,0,1
6,0.1,487,19,0,0
6,0.1,488,19,0,0
6,0.1,489,19,0,0
6,0.1,490,20,1,0
6,0.1,491,20,0,0
6,0.1,492,19,0,1
6,0.1,493,20,1,0
6,0.1,494,19,0,1
6,0.1,495,19,0,0
6,0.1,496,19,0,0
6,0.1,497,19,0,0
6,0.1,498,20,1,0
6,0.1,499,19,0,1
6,0.1,500,20,1,0
6,0.1,501,19,0,1
6,0.1,502,19,0,0
6,0.1,503,19,0,0
6,0.1,504,19,0,0
6,0.1,505,19,0,0
6,0.1,506,19,0,0
6,0.1,507,19,0,0
6,0.1,508,19,0,0
6,0.1,509,19,0,0
6,0.1,510,20,1,0
6,0.1,511,19,0,1
6,0.1,512,19,0,0
6,0.1,513,19,0,0
6,0.1,514,19,0,0
6,0.1,515,20,1,0
6,0.1,516,19,0,1
6,0.1,517,19,0,0
6,0.1,518,19,0,0
6,0.1,519,19,0,0
6,0.1,520,20,1,0
6,0.1,521,19,0,1
6,0.1,522,20,1,0
6,0.1,523,19,0,1
6,0.1,524,19,0,0
6,0.1,525,19,0,0
6,0.1,526,20,1,0
6,0.1,527,19,0,1
6,0.1,528,20,1,0
6,0.1,529,19,0,1
6,0.1,530,20,1,0
6,0.1,531,19,0,1
6,0.1,532,20,1,0
6,0.1,533,19,0,1
6,0.1,534,19,0,0
6,0.1,535,20,1,0
6,0.1,536,20,0,0
6,0.1,537,19,0,1
6,0.1,538,19,0,0
6,0.1,539,19,0,0
6,0.1,540,20,1,0
6,0.1,541,19,0,1
6,0.1,542,19,0,0
6,0.1,543,20,1,0
6,0.1,544,19,0,1
6,0.1,545,19,0,0
6,0.1,546,19,0,0
6,0.1,547,19,0,0
6,0.1,548,19,0,0
6,0.1,549,20,1,0
6,0.1,550,20,0,0
6,0.1,551,19,0,1
6,0.1,552,19,0,0
6,0.1,553,19,0,0
6,0.1,554,19,0,0
6,0.1,555,19,0,0
6,0.1,556,19,0,0
6,0.1,557,19,0,0
6,0.1,558,19,0,0
6,0.1,559,19,0,0
6,0.1,560,19,0,0
6,0.1,561,19,0,0
6,0.1,562,19,0,0
6,0.1,563,19,0,0
6,0.1,564,19,0,0
6,0.1,565,19,0,0
6,0.1,566,19,0,0
6,0.1,567,20,1,0
6,0.1,568,19,0,1
6,0.1,569,19,0,0
6,0.1,570,19,0,0
6,0.1,571,20,1,0
6,0.1,572,20,0,0
6,0.1,573,19,0,1
6,0.1,574,20,1,0
6,0.1,575,20,0,0
6,0.1,576,19,0,1
6,0.1,577,19,0,0
6,0.1,578,19,0,0
6,0.1,579,19,0,0
6,0.1,580,19,0,0
6,0.1,581,19,0,0
6,0.1,582,20,1,0
6,0.1,583,20,0,0
6,0.1,584,19,0,1
6,0.1,585,19,0,0
6,0.1,586,19,0,0
6,0.1,587,19,0,0
6,0.1,588,19,0,0
6,0.1,589,19,0,0
6,0.1,590,19,0,0
6,0.1,591,18,0,1
6,0.1,592,19,1,0
6,0.1,593,18,0,1
6,0.1,594,19,1,0
6,0.1,595,18,0,1
6,0.1,596,19,1,0
6,0.1,597,19,0,0
6,0.1,598,19,0,0
6,0.1,599,19,0,0
6,0.1,600,20,1,0
6,0.1,601,20,0,0
6,0.1,602,20,0,0
6,0.1,603,20,1,1
6,0.1,604,19,0,1
6,0.1,605,19,0,0
6,0.1,606,20,1,0
6,0.1,607,20,0,0
6,0.1,608,20,0,0
6,0.1,609,20,1,1
6,0.1,610,18,0,2
6,0.1,611,19,1,0
6,0.1,612,20,1,0
6,0.1,613,20,0,0
6,0.1,614,19,0,1
6,0.1,615,20,1,0
6,0.1,616,19,0,1
6,0.1,617,19,0,0
6,0.1,618,19,0,0
6,0.1,619,19,0,0
6,0.1,620,20,1,0
6,0.1,621,19,0,1
6,0.1,622,19,0,0
6,0.1,623,19,0,0
6,0.1,624,20,1,0
6,0.1,625,20,0,0
6,0.1,626,20,0,0
6,0.1,627,20,0,0
6,0.1,628,19,0,1
6,0.1,629,19,0,0
6,0.1,630,19,0,0
6,0.1,631,19,0,0
6,0.1,632,19,0,0
6,0.1,633,19,0,0
6,0.1,634,20,1,0
6,0.1,635,20,0,0
6,0.1,636,19,0,1
6,0.1,637,19,0,0
6,0.1,638,20,1,0
6,0.1,639,20,0,0
6,0.1,640,20,0,0
6,0.1,641,19,0,1
6,0.1,642,20,1,0
6,0.1,643,20,0,0
6,0.1,644,19,0,1
6,0.1,645,20,1,0
6,0.1,646,20,0,0
6,0.1,647,19,0,1
6,0.1,648,19,0,0
6,0.1,649,19,0,0
6,0.1,650,20,1,0
6,0.1,651,20,0,0
6,0.1,652,20,0,0
6,0.1,653,19,0,1
6,0.1,654,19,0,0
6,0.1,655,20,1,0
6,0.1,656,20,0,0
6,0.1,657,19,0,1
6,0.1,658,19,0,0
6,0.1,659,19,0,0
6,0.1,660,19,0,0
6,0.1,661,19,0,0
6,0.1,662,19,0,0
6,0.1,663,19,0,0
6,0.1,664,18,0,1
6,0.1,665,18,0,0
6,0.1,666,19,1,0
6,0.1,667,18,0,1
6,0.1,668,20,2,0
6,0.1,669,18,0,2
6,0.1,670,19,1,0
6,0.1,671,19,1,1
6,0.1,672,18,0,1
6,0.1,673,20,2,0
6,0.1,674,18,0,2
6,0.1,675,18,0,0
6,0.1,676,18,0,0
6,0.1,677,18,0,0
6,0.1,678,18,0,0
6,0.1,679,19,1,0
6,0.1,680,19,0,0
6,0.1,681,19,0,0
6,0.1,682,19,0,0
6,0.1,683,18,0,1
6,0.1,684,18,0,0
6,0.1,685,19,1,0
6,0.1,686,19,0,0
6,0.1,687,18,0,1
6,0.1,688,18,0,0
6,0.1,689,19,1,0
6,0.1,690,19,0,0
6,0.1,691,19,0,0
6,0.1,692,19,0,0
6,0.1,693,18,0,1
6,0.1,694,18,0,0
6,0.1,695,18,0,0
6,0.1,696,19,1,0
6,0.1,697,18,0,1
6,0.1,698,18,0,0
6,0.1,699,18,0,0
6,0.1,700,18,0,0
6,0.1,701,19,1,0
6,0.1,702,19,1,1
6,0.1,703,19,0,0
6,0.1,704,19,0,0
6,0.1,705,19,0,0
6,0.1,706,19,0,0
6,0.1,707,18,0,1
6,0.1,708,18,0,0
6,0.1,709,18,0,0
6,0.1,710,19,1,0
6,0.1,711,18,0,1
6,0.1,712,19,1,0
6,0.1,713,18,0,1
6,0.1,714,20,2,0
6,0.1,715,20,0,0
6,0.1,716,19,0,1
6,0.1,717,20,1,0
6,0.1,718,18,0,2
6,0.1,719,18,0,0
6,0.1,720,18,0,0
6,0.1,721,19,1,0
6,0.1,722,20,1,0
6,0.1,723,18,0,2
6,0.1,724,20,2,0
6,0.1,725,19,0,1
6,0.1,726,19,1,1
6,0.1,727,20,1,0
6,0.1,728,19,0,1
6,0.1,729,20,1,0
6,0.1,730,18,0,2
6,0.1,731,19,1,0
6,0.1,732,19,1,1
6,0.1,733,19,0,0
6,0.1,734,19,1,1
6,0.1,735,19,0,0
6,0.1,736,19,1,1
6,0.1,737,19,1,1
6,0.1,738,20,1,0
6,0.1,739,19,0,1
6,0.1,740,19,0,0
6,0.1,741,21,2,0
6,0.1,742,20,0,1
6,0.1,743,20,0,0
6,0.1,744,20,0,0
6,0.1,745,20,0,0
6,0.1,746,20,0,0
6,0.1,747,20,0,0
6,0.1,748,20,0,0
6,0.1,749,20,0,0
6,0.1,750,20,0,0
6,0.1,751,20,0,0
6,0.1,752,20,0,0
6,0.1,753,20,0,0
6,0.1,754,20,0,0
6,0.1,755,20,0,0
6,0.1,756,20,0,0
6,0.1,757,20,0,0
6,0.1,758,20,0,0
6,0.1,759,20,0,0
6,0.1,760,20,0,0
6,0.1,761,20,0,0
6,0.1,762,20,0,0
6,0.1,763,20,0,0
6,0.1,764,20,0,0
6,0.1,765,20,0,0
6,0.1,766,20,0,0
6,0.1,767,19,0,1
6,0.1,768,20,1,0
6,0.1,769,20,0,0
6,0.1,770,20,0,0
6,0.1,771,20,0,0
6,0.1,772,20,0,0
6,0.1,773,20,0,0
6,0.1,774,20,0,0
6,0.1,775,20,0,0
6,0.1,776,20,0,0
6,0.1,777,20,0,0
6,0.1,778,20,0,0
6,0.1,779,20,0,0
6,0.1,780,20,0,0
6,0.1,781,20,0,0
6,0.1,782,20,0,0
6,0.1,783,20,0,0
6,0.1,784,20,0,0
6,0.1,785,20,0,0
6,0.1,786,21,1,0
6,0.1,787,20,0,1
6,0.1,788,20,0,0
6,0.1,789,20,0,0
6,0.1,790,20,0,0
6,0.1,791,20,0,0
6,0.1,792,20,0,0
6,0.1,793,20,0,0
6,0.1,794,21,1,0
6,0.1,795,21,1,1
6,0.1,796,20,0,1
6,0.1,797,20,0,0
6,0.1,798,20,0,0
6,0.1,799,20,0,0
6,0.1,800,20,0,0
6,0.1,801,21,1,0
6,0.1,802,20,0,1
6,0.1,803,20,0,0
6,0.1,804,20,0,0
6,0.1,805,20,0,0
6,0.1,806,20,0,0
6,0.1,807,20,0,0
6,0.1,808,20,0,0
6,0.1,809,20,0,0
6,0.1,810,20,0,0
6,0.1,811,20,0,0
6,0.1,812,20,0,0
6,0.1,813,20,0,0
6,0.1,814,20,0,0
6,0.1,815,20,0,0
6,0.1,816,20,0,0
6,0.1,817,20,0,0
6,0.1,818,20,0,0
6,0.1,819,20,0,0
6,0.1,820,20,0,0
6,0.1,821,20,0,0
6,0.1,822,20,1,1
6,0.1,823,21,1,0
6,0.1,824,20,0,1
6,0.1,825,20,1,1
6,0.1,826,20,1,1
6,0.1,827,20,1,1
6,0.1,828,19,0,1
6,0.1,829,20,1,0
6,0.1,830,20,0,0
6,0.1,831,19,0,1
6,0.1,832,19,0,0
6,0.1,833,20,1,0
6,0.1,834,20,0,0
6,0.1,835,19,0,1
6,0.1,836,19,0,0
6,0.1,837,19,0,0
6,0.1,838,19,0,0
6,0.1,839,19,0,0
6,0.1,840,20,1,0
6,0.1,841,19,0,1
6,0.1,842,20,1,0
6,0.1,843,19,0,1
6,0.1,844,20,1,0
6,0.1,845,20,0,0
6,0.1,846,19,0,1
6,0.1,847,19,0,0
6,0.1,848,19,0,0
6,0.1,849,19,0,0
6,0.1,850,20,1,0
6,0.1,851,19,0,1
6,0.1,852,19,0,0
6,0.1,853,19,0,0
6,0.1,854,19,0,0
6,0.1,855,19,0,0
6,0.1,856,19,0,0
6,0.1,857,19,0,0
6,0.1,858,19,0,0
6,0.1,859,19,0,0
6,0.1,860,19,0,0
6,0.1,861,19,0,0
6,0.1,862,19,0,0
6,0.1,863,19,0,0
6,0.1,864,19,0,0
6,0.1,865,19,0,0
6,0.1,866,19,0,0
6,0.1,867,20,1,0
6,0.1,868,19,0,1
6,0.1,869,19,0,0
6,0.1,870,19,0,0
6,0.1,871,19,0,0
6,0.1,872,19,0,0
6,0.1,873,19,0,0
6,0.1,874,19,0,0
6,0.1,875,19,0,0
6,0.1,876,19,0,0
6,0.1,877,19,0,0
6,0.1,878,19,0,0
6,0.1,879,20,1,0
6,0.1,880,19,0,1
6,0.1,881,19,0,0
6,0.1,882,19,0,0
6,0.1,883,19,0,0
6,0.1,884,19,0,0
6,0.1,885,19,0,0
6,0.1,886,19,0,0
6,0.1,887,19,0,0
6,0.1,888,20,1,0
6,0.1,889,19,0,1
6,0.1,890,19,0,0
6,0.1,891,19,0,0
6,0.1,892,19,0,0
6,0.1,893,19,0,0
6,0.1,894,19,0,0
6,0.1,895,19,0,0
6,0.1,896,19,0,0
6,0.1,897,19,0,0
6,0.1,898,19,0,0
6,0.1,899,19,0,0
6,0.1,900,19,0,0
6,0.1,901,19,0,0
6,0.1,902,19,0,0
6,0.1,903,19,0,0
6,0.1,904,19,0,0
6,0.1,905,19,0,0
6,0.1,906,19,0,0
6,0.1,907,19,0,0
6,0.1,908,19,0,0
6,0.1,909,19,0,0
6,0.1,910,19,0,0
6,0.1,911,19,0,0
6,0.1,912,19,0,0
6,0.1,913,19,0,0
6,0.1,914,19,0,0
6,0.1,915,19,0,0
6,0.1,916,19,0,0
6,0.1,917,19,0,0
6,0.1,918,19,0,0
6,0.1,919,19,0,0
6,0.1,920,19,0,0
6,0.1,921,19,0,0
6,0.1,922,19,0,0
6,0.1,923,19,0,0
6,0.1,924,19,0,0
6,0.1,925,19,0,0
6,0.1,926,19,0,0
6,0.1,927,19,0,0
6,0.1,928,19,0,0
6,0.1,929,19,0,0
6,0.1,930,19,0,0
6,0.1,931,19,0,0
6,0.1,932,19,0,0
6,0.1,933,19,0,0
6,0.1,934,19,0,0
6,0.1,935,19,0,0
6,0.1,936,19,0,0
6,0.1,937,19,0,0
6,0.1,938,19,0,0
6,0.1,939,19,0,0
6,0.1,940,19,0,0
6,0.1,941,20,1,0
6,0.1,942,19,0,1
6,0.1,943,20,1,0
6,0.1,944,19,0,1
6,0.1,945,19,0,0
6,0.1,946,20,1,0
6,0.1,947,19,0,1
6,0.1,948,20,1,0
6,0.1,949,19,0,1
6,0.1,950,19,0,0
6,0.1,951,19,0,0
6,0.1,952,19,0,0
6,0.1,953,19,0,0
6,0.1,954,20,1,0
6,0.1,955,19,0,1
6,0.1,956,19,0,0
6,0.1,957,19,0,0
6,0.1,958,19,0,0
6,0.1,959,19,0,0
6,0.1,960,19,0,0
6,0.1,961,19,0,0
6,0.1,962,19,0,0
6,0.1,963,19,0,0
6,0.1,964,19,0,0
6,0.1,965,19,0,0
6,0.1,966,20,1,0
6,0.1,967,19,0,1
6,0.1,968,19,0,0
6,0.1,969,19,0,0
6,0.1,970,19,0,0
6,0.1,971,19,0,0
6,0.1,972,19,0,0
6,0.1,973,19,0,0
6,0.1,974,19,0,0
6,0.1,975,19,0,0
6,0.1,976,19,0,0
6,0.1,977,19,0,0
6,0.1,978,19,0,0
6,0.1,979,19,0,0
6,0.1,980,20,1,0
6,0.1,981,19,0,1
6,0.1,982,19,0,0
6,0.1,983,19,0,0
6,0.1,984,20,1,0
6,0.1,985,20,1,1
6,0.1,986,19,0,1
6,0.1,987,19,0,0
6,0.1,988,19,0,0
6,0.1,989,19,0,0
6,0.1,990,19,0,0
6,0.1,991,19,0,0
6,0.1,992,21,2,0
6,0.1,993,19,0,2
6,0.1,994,19,0,0
6,0.1,995,19,0,0
6,0.1,996,19,0,0
6,0.1,997,19,0,0
6,0.1,998,19,0,0
6,0.1,999,19,0,0
6,0.1,1000,19,0,0
6,0.1,1001,19,0,0
6,0.1,1002,19,0,0
6,0.1,1003,19,0,0
6,0.1,1004,19,0,0
6,0.1,1005,19,0,0
6,0.1,1006,19,0,0
6,0.1,1007,19,0,0
6,0.1,1008,19,0,0
6,0.1,1009,19,0,0
6,0.1,1010,19,0,0
6,0.1,1011,19,0,0
6,0.1,1012,19,0,0
6,0.1,1013,19,0,0
6,0.1,1014,19,0,0
6,0.1,1015,19,0,0
6,0.1,1016,19,0,0
6,0.1,1017,19,0,0
6,0.1,1018,19,0,0
6,0.1,1019,20,1,0
6,0.1,1020,19,0,1
6,0.1,1021,19,0,0
6,0.1,1022,19,0,0
6,0.1,1023,19,0,0
6,0.1,1024,19,0,0
6,0.1,1025,19,0,0
6,0.1,1026,20,1,0
6,0.1,1027,19,0,1
6,0.1,1028,19,0,0
6,0.1,1029,19,0,0
6,0.1,1030,19,0,0
6,0.1,1031,19,0,0
6,0.1,1032,19,0,0
6,0.1,1033,19,0,0
6,0.1,1034,19,0,0
6,0.1,1035,19,0,0
6,0.1,1036,19,0,0
6,0.1,1037,19,0,0
6,0.1,1038,19,0,0
6,0.1,1039,19,0,0
6,0.1,1040,19,0,0
6,0.1,1041,19,0,0
6,0.1,1042,19,0,0
6,0.1,1043,19,0,0
6,0.1,1044,19,0,0
6,0.1,1045,19,0,0
6,0.1,1046,20,1,0
6,0.1,1047,20,1,1
6,0.1,1048,20,1,1
6,0.1,1049,19,0,1
6,0.1,1050,20,1,0
6,0.1,1051,19,0,1
6,0.1,1052,19,0,0
6,0.1,1053,20,1,0
6,0.1,1054,19,0,1
6,0.1,1055,19,0,0
6,0.1,1056,20,1,0
6,0.1,1057,19,0,1
6,0.1,1058,20,1,0
6,0.1,1059,19,0,1
6,0.1,1060,19,0,0
6,0.1,1061,19,0,0
6,0.1,1062,20,1,0
6,0.1,1063,19,0,1
6,0.1,1064,19,0,0
6,0.1,1065,19,0,0
6,0.1,1066,19,0,0
6,0.1,1067,19,0,0
6,0.1,1068,19,0,0
6,0.1,1069,19,0,0
6,0.1,1070,19,0,0
6,0.1,1071,19,0,0
6,0.1,1072,19,0,0
6,0.1,1073,19,0,0
6,0.1,1074,19,0,0
6,0.1,1075,20,1,0
6,0.1,1076,19,0,1
6,0.1,1077,19,0,0
6,0.1,1078,19,0,0
6,0.1,1079,20,1,0
6,0.1,1080,19,0,1
6,0.1,1081,19,0,0
6,0.1,1082,19,0,0
6,0.1,1083,19,0,0
6,0.1,1084,19,0,0
6,0.1,1085,19,0,0
6,0.1,1086,19,0,0
6,0.1,1087,19,0,0
6,0.1,1088,19,0,0
6,0.1,1089,19,0,0
6,0.1,1090,19,0,0
6,0.1,1091,19,0,0
6,0.1,1092,19,0,0
6,0.1,1093,19,0,0
6,0.1,1094,19,0,0
6,0.1,1095,19,0,0
6,0.1,1096,19,0,0
6,0.1,1097,19,0,0
6,0.1,1098,19,0,0
6,0.1,1099,19,0,0
6,0.1,1100,19,0,0
6,0.1,1101,19,0,0
6,0.1,1102,19,0,0
6,0.1,1103,19,0,0
6,0.1,1104,19,0,0
6,0.1,1105,19,0,0
6,0.1,1106,19,0,0
6,0.1,1107,19,0,0
6,0.1,1108,19,0,0
6,0.1,1109,19,0,0
6,0.1,1110,19,0,0
6,0.1,1111,19,0,0
6,0.1,1112,19,0,0
6,0.1,1113,19,0,0
6,0.1,1114,19,0,0
6,0.1,1115,19,0,0
6,0.1,1116,19,0,0
6,0.1,1117,19,0,0
6,0.1,1118,19,0,0
6,0.1,1119,19,0,0
6,0.1,1120,19,0,0
6,0.1,1121,19,0,0
6,0.1,1122,19,0,0
6,0.1,1123,19,0,0
6,0.1,1124,19,0,0
6,0.1,1125,19,0,0
6,0.1,1126,19,0,0
6,0.1,1127,19,0,0
6,0.1,1128,19,0,0
6,0.1,1129,19,0,0
6,0.1,1130,19,0,0
6,0.1,1131,19,0,0
6,0.1,1132,19,0,0
6,0.1,1133,19,0,0
6,0.1,1134,19,0,0
6,0.1,1135,19,0,0
6,0.1,1136,19,0,0
6,0.1,1137,19,0,0
6,0.1,1138,19,0,0
6,0.1,1139,19,0,0
6,0.1,1140,19,0,0
6,0.1,1141,19,0,0
6,0.1,1142,19,0,0
6,0.1,1143,19,0,0
6,0.1,1144,19,0,0
6,0.1,1145,19,0,0
6,0.1,1146,19,0,0
6,0.1,1147,19,0,0
6,0.1,1148,19,0,0
6,0.1,1149,19,0,0
6,0.1,1150,19,0,0
6,0.1,1151,19,0,0
6,0.1,1152,19,0,0
6,0.1,1153,19,0,0
6,0.1,1154,19,0,0
6,0.1,1155,20,1,0
6,0.1,1156,21,1,0
6,0.1,1157,19,0,2
6,0.1,1158,19,0,0
6,0.1,1159,20,1,0
6,0.1,1160,19,0,1
6,0.1,1161,19,0,0
6,0.1,1162,19,0,0
6,0.1,1163,20,1,0
6,0.1,1164,19,0,1
6,0.1,1165,20,1,0
6,0.1,1166,20,0,0
6,0.1,1167,19,0,1
6,0.1,1168,19,0,0
6,0.1,1169,19,0,0
6,0.1,1170,19,0,0
6,0.1,1171,19,0,0
6,0.1,1172,20,1,0
6,0.1,1173,19,0,1
6,0.1,1174,19,0,0
6,0.1,1175,19,0,0
6,0.1,1176,19,0,0
6,0.1,1177,19,0,0
6,0.1,1178,19,0,0
6,0.1,1179,20,1,0
6,0.1,1180,19,0,1
6,0.1,1181,19,0,0
6,0.1,1182,19,0,0
6,0.1,1183,19,0,0
6,0.1,1184,19,0,0
6,0.1,1185,19,0,0
6,0.1,1186,20,1,0
6,0.1,1187,19,0,1
6,0.1,1188,19,0,0
6,0.1,1189,19,0,0
6,0.1,1190,20,1,0
6,0.1,1191,19,0,1
6,0.1,1192,19,0,0
6,0.1,1193,20,1,0
6,0.1,1194,20,0,0
6,0.1,1195,19,0,1
6,0.1,1196,19,0,0
6,0.1,1197,19,0,0
6,0.1,1198,19,0,0
6,0.1,1199,20,1,0
6,0.1,1200,19,0,1
6,0.1,1201,19,0,0
6,0.1,1202,19,0,0
6,0.1,1203,19,0,0
6,0.1,1204,19,0,0
6,0.1,1205,19,0,0
6,0.1,1206,19,0,0
6,0.1,1207,19,0,0
6,0.1,1208,19,0,0
6,0.1,1209,19,0,0
6,0.1,1210,19,0,0
6,0.1,1211,19,0,0
6,0.1,1212,19,0,0
6,0.1,1213,19,0,0
6,0.1,1214,19,0,0
6,0.1,1215,19,0,0
6,0.1,1216,19,0,0
6,0.1,1217,19,0,0
6,0.1,1218,19,0,0
6,0.1,1219,20,1,0
6,0.1,1220,20,0,0
6,0.1,1221,20,0,0
6,0.1,1222,19,0,1
6,0.1,1223,19,0,0
6,0.1,1224,20,1,0
6,0.1,1225,20,0,0
6,0.1,1226,19,0,1
6,0.1,1227,20,1,0
6,0.1,1228,21,1,0
6,0.1,1229,20,0,1
6,0.1,1230,20,1,1
6,0.1,1231,19,0,1
6,0.1,1232,19,0,0
6,0.1,1233,19,0,0
6,0.1,1234,19,0,0
6,0.1,1235,20,1,0
6,0.1,1236,19,0,1
6,0.1,1237,19,0,0
6,0.1,1238,19,0,0
6,0.1,1239,20,1,0
6,0.1,1240,20,0,0
6,0.1,1241,19,0,1
6,0.1,1242,19,0,0
6,0.1,1243,20,1,0
6,0.1,1244,19,0,1
6,0.1,1245,19,0,0
6,0.1,1246,20,1,0
6,0.1,1247,19,0,1
6,0.1,1248,19,0,0
6,0.1,1249,19,0,0
6,0.1,1250,20,1,0
6,0.1,1251,19,0,1
6,0.1,1252,20,1,0
6,0.1,1253,19,0,1
6,0.1,1254,20,1,0
6,0.1,1255,20,0,0
6,0.1,1256,20,0,0
6,0.1,1257,21,1,0
6,0.1,1258,20,0,1
6,0.1,1259,20,0,0
6,0.1,1260,20,0,0
6,0.1,1261,19,0,1
6,0.1,1262,19,0,0
6,0.1,1263,20,1,0
6,0.1,1264,19,0,1
6,0.1,1265,19,0,0
6,0.1,1266,19,0,0
6,0.1,1267,19,0,0
6,0.1,1268,20,1,0
6,0.1,1269,19,0,1
6,0.1,1270,20,1,0
6,0.1,1271,20,0,0
6,0.1,1272,20,1,1
6,0.1,1273,20,1,1
6,0.1,1274,19,0,1
6,0.1,1275,19,0,0
6,0.1,1276,20,1,0
6,0.1,1277,19,0,1
6,0.1,1278,19,0,0
6,0.1,1279,20,1,0
6,0.1,1280,20,0,0
6,0.1,1281,20,0,0
6,0.1,1282,20,0,0
6,0.1,1283,20,0,0
6,0.1,1284,20,0,0
6,0.1,1285,20,0,0
6,0.1,1286,20,0,0
6,0.1,1287,20,0,0
6,0.1,1288,20,0,0
6,0.1,1289,20,0,0
6,0.1,1290,20,1,1
6,0.1,1291,20,1,1
6,0.1,1292,20,0,0
6,0.1,1293,19,0,1
6,0.1,1294,20,1,0
6,0.1,1295,19,0,1
6,0.1,1296,19,0,0
6,0.1,1297,19,0,0
6,0.1,1298,19,0,0
6,0.1,1299,20,1,0
6,0.1,1300,20,0,0
6,0.1,1301,20,0,0
6,0.1,1302,20,0,0
6,0.1,1303,19,0,1
6,0.1,1304,19,0,0
6,0.1,1305,20,1,0
6,0.1,1306,20,0,0
6,0.1,1307,19,0,1
6,0.1,1308,20,1,0
6,0.1,1309,19,0,1
6,0.1,1310,19,0,0
6,0.1,1311,19,0,0
6,0.1,1312,19,0,0
6,0.1,1313,19,0,0
6,0.1,1314,19,0,0
6,0.1,1315,19,0,0
6,0.1,1316,19,0,0
6,0.1,1317,20,1,0
6,0.1,1318,19,0,1
6,0.1,1319,19,0,0
6,0.1,1320,19,0,0
6,0.1,1321,20,1,0
6,0.1,1322,20,0,0
6,0.1,1323,19,0,1
6,0.1,1324,19,0,0
6,0.1,1325,19,0,0
6,0.1,1326,19,0,0
6,0.1,1327,20,1,0
6,0.1,1328,19,0,1
6,0.1,1329,19,0,0
6,0.1,1330,19,0,0
6,0.1,1331,19,0,0
6,0.1,1332,19,0,0
6,0.1,1333,19,0,0
6,0.1,1334,19,0,0
6,0.1,1335,19,0,0
6,0.1,1336,19,0,0
6,0.1,1337,19,0,0
6,0.1,1338,19,0,0
6,0.1,1339,19,0,0
6,0.1,1340,19,0,0
6,0.1,1341,19,0,0
6,0.1,1342,19,0,0
6,0.1,1343,19,0,0
6,0.1,1344,19,0,0
6,0.1,1345,19,0,0
6,0.1,1346,20,1,0
6,0.1,1347,19,0,1
6,0.1,1348,20,1,0
6,0.1,1349,20,1,1
6,0.1,1350,19,0,1
6,0.1,1351,19,0,0
6,0.1,1352,19,0,0
6,0.1,1353,19,0,0
6,0.1,1354,19,0,0
6,0.1,1355,19,0,0
6,0.1,1356,19,0,0
6,0.1,1357,20,1,0
6,0.1,1358,19,0,1
6,0.1,1359,19,0,0
6,0.1,1360,19,0,0
6,0.1,1361,20,1,0
6,0.1,1362,20,0,0
6,0.1,1363,19,0,1
6,0.1,1364,19,0,0
6,0.1,1365,20,1,0
6,0.1,1366,19,0,1
6,0.1,1367,20,1,0
6,0.1,1368,19,0,1
6,0.1,1369,20,1,0
6,0.1,1370,19,0,1
6,0.1,1371,19,0,0
6,0.1,1372,19,0,0
6,0.1,1373,19,0,0
6,0.1,1374,19,0,0
6,0.1,1375,20,1,0
6,0.1,1376,21,1,0
6,0.1,1377,20,0,1
6,0.1,1378,19,0,1
6,0.1,1379,20,1,0
6,0.1,1380,20,0,0
6,0.1,1381,19,0,1
6,0.1,1382,19,0,0
6,0.1,1383,19,0,0
6,0.1,1384,19,0,0
6,0.1,1385,19,0,0
6,0.1,1386,19,0,0
6,0.1,1387,19,0,0
6,0.1,1388,19,0,0
6,0.1,1389,20,1,0
6,0.1,1390,19,0,1
6,0.1,1391,19,0,0
6,0.1,1392,20,1,0
6,0.1,1393,19,0,1
6,0.1,1394,19,0,0
6,0.1,1395,19,0,0
6,0.1,1396,19,0,0
6,0.1,1397,19,0,0
6,0.1,1398,19,0,0
6,0.1,1399,19,0,0
6,0.1,1400,19,0,0
6,0.1,1401,20,1,0
6,0.1,1402,20,1,1
6,0.1,1403,19,0,1
6,0.1,1404,19,0,0
6,0.1,1405,20,1,0
6,0.1,1406,19,0,1
6,0.1,1407,19,0,0
6,0.1,1408,19,0,0
6,0.1,1409,19,0,0
6,0.1,1410,19,0,0
6,0.1,1411,19,0,0
6,0.1,1412,19,0,0
6,0.1,1413,19,0,0
6,0.1,1414,19,0,0
6,0.1,1415,19,0,0
6,0.1,1416,19,0,0
6,0.1,1417,19,0,0
6,0.1,1418,19,0,0
6,0.1,1419,19,0,0
6,0.1,1420,19,0,0
6,0.1,1421,20,1,0
6,0.1,1422,20,1,1
6,0.1,1423,19,0,1
6,0.1,1424,19,0,0
6,0.1,1425,19,0,0
6,0.1,1426,19,0,0
6,0.1,1427,19,0,0
6,0.1,1428,19,0,0
6,0.1,1429,19,0,0
6,0.1,1430,19,0,0
6,0.1,1431,19,0,0
6,0.1,1432,19,0,0
6,0.1,1433,19,0,0
6,0.1,1434,19,0,0
6,0.1,1435,19,0,0
6,0.1,1436,19,0,0
6,0.1,1437,19,0,0
6,0.1,1438,20,1,0
6,0.1,1439,20,0,0
6,0.1,1440,19,0,1
6,0.1,1441,19,0,0
6,0.1,1442,19,0,0
6,0.1,1443,19,0,0
6,0.1,1444,19,0,0
6,0.1,1445,19,0,0
6,0.1,1446,19,0,0
6,0.1,1447,19,0,0
6,0.1,1448,19,0,0
6,0.1,1449,19,0,0
6,0.1,1450,19,0,0
6,0.1,1451,19,0,0
6,0.1,1452,19,0,0
6,0.1,1453,19,0,0
6,0.1,1454,19,0,0
6,0.1,1455,19,0,0
6,0.1,1456,19,0,0
6,0.1,1457,19,0,0
6,0.1,1458,19,0,0
6,0.1,1459,19,0,0
6,0.1,1460,19,0,0
6,0.1,1461,19,0,0
6,0.1,1462,20,1,0
6,0.1,1463,19,0,1
6,0.1,1464,21,2,0
6,0.1,1465,19,0,2
6,0.1,1466,19,0,0
6,0.1,1467,19,0,0
6,0.1,1468,19,0,0
6,0.1,1469,19,0,0
6,0.1,1470,19,0,0
6,0.1,1471,19,0,0
6,0.1,1472,19,0,0
6,0.1,1473,19,0,0
6,0.1,1474,19,0,0
6,0.1,1475,19,0,0
6,0.1,1476,19,0,0
6,0.1,1477,19,0,0
6,0.1,1478,19,0,0
6,0.1,1479,19,0,0
6,0.1,1480,19,0,0
6,0.1,1481,19,0,0
6,0.1,1482,20,1,0
6,0.1,1483,19,0,1
6,0.1,1484,19,0,0
6,0.1,1485,19,0,0
6,0.1,1486,19,0,0
6,0.1,1487,19,0,0
6,0.1,1488,20,1,0
6,0.1,1489,20,1,1
6,0.1,1490,19,0,1
6,0.1,1491,19,0,0
6,0.1,1492,19,0,0
6,0.1,1493,19,0,0
6,0.1,1494,19,0,0
6,0.1,1495,19,0,0
6,0.1,1496,19,0,0
6,0.1,1497,19,0,0
6,0.1,1498,19,0,0
6,0.1,1499,19,0,0
6,0.1,1500,20,1,0
6,0.2,0,21,0,0
6,0.2,1,60,51,12
6,0.2,2,72,18,6
6,0.2,3,70,9,11
6,0.2,4,72,10,8
6,0.2,5,69,7,10
6,0.2,6,61,2,10
6,0.2,7,64,6,3
6,0.2,8,63,8,9
6,0.2,9,67,8,4
6,0.2,10,69,6,4
6,0.2,11,65,4,8
6,0.2,12,66,7,6
6,0.2,13,64,4,6
6,0.2,14,58,0,6
6,0.2,15,60,5,3
6,0.2,16,57,3,6
6,0.2,17,59,5,3
6,0.2,18,62,6,3
6,0.2,19,57,2,7
6,0.2,20,57,3,3
6,0.2,21,55,0,2
6,0.2,22,54,1,2
6,0.2,23,58,5,1
6,0.2,24,54,1,5
6,0.2,25,58,5,1
6,0.2,26,58,2,2
6,0.2,27,60,3,1
6,0.2,28,58,2,4
6,0.2,29,60,5,3
6,0.2,30,58,2,4
6,0.2,31,54,1,5
6,0.2,32,57,4,1
6,0.2,33,54,1,4
6,0.2,34,57,4,1
6,0.2,35,52,1,6
6,0.2,36,55,6,3
6,0.2,37,55,2,2
6,0.2,38,56,3,2
6,0.2,39,58,2,0
6,0.2,40,57,1,2
6,0.2,41,57,1,1
6,0.2,42,57,1,1
6,0.2,43,55,0,2
6,0.2,44,55,1,1
6,0.2,45,55,1,1
6,0.2,46,51,0,4
6,0.2,47,52,3,2
6,0.2,48,54,4,2
6,0.2,49,51,1,4
6,0.2,50,51,2,2
6,0.2,51,48,1,4
6,0.2,52,46,2,4
6,0.2,53,49,8,5
6,0.2,54,51,5,3
6,0.2,55,49,4,6
6,0.2,56,53,7,3
6,0.2,57,47,1,7
6,0.2,58,51,8,4
6,0.2,59,51,3,3
6,0.2,60,51,3,3
6,0.2,61,47,0,4
6,0.2,62,50,4,1
6,0.2,63,49,1,2
6,0.2,64,49,1,1
6,0.2,65,50,2,1
6,0.2,66,49,0,1
6,0.2,67,47,0,2
6,0.2,68,48,1,0
6,0.2,69,45,0,3
6,0.2,70,45,2,2
6,0.2,71,46,3,2
6,0.2,72,47,4,3
6,0.2,73,47,2,2
6,0.2,74,46,0,1
6,0.2,75,45,2,3
6,0.2,76,48,4,1
6,0.2,77,45,2,5
6,0.2,78,44,2,3
6,0.2,79,45,2,1
6,0.2,80,44,1,2
6,0.2,81,43,1,2
6,0.2,82,41,2,4
6,0.2,83,44,4,1
6,0.2,84,46,3,1
6,0.2,85,46,1,1
6,0.2,86,43,0,3
6,0.2,87,44,1,0
6,0.2,88,40,0,4
6,0.2,89,41,3,2
6,0.2,90,42,2,1
6,0.2,91,39,0,3
6,0.2,92,38,2,3
6,0.2,93,39,2,1
6,0.2,94,43,4,0
6,0.2,95,38,0,5
6,0.2,96,39,3,2
6,0.2,97,38,2,3
6,0.2,98,38,1,1
6,0.2,99,41,3,0
6,0.2,100,38,0,3
6,0.2,101,38,1,1
6,0.2,102,38,3,3
6,0.2,103,37,3,4
6,0.2,104,39,5,3
6,0.2,105,38,1,2
6,0.2,106,38,1,1
6,0.2,107,36,0,2
6,0.2,108,34,0,2
6,0.2,109,36,2,0
6,0.2,110,33,1,4
6,0.2,111,36,4,1
6,0.2,112,36,1,1
6,0.2,113,34,1,3
6,0.2,114,36,2,0
6,0.2,115,35,0,1
6,0.2,116,37,2,0
6,0.2,117,36,0,1
6,0.2,118,36,1,1
6,0.2,119,35,0,1
6,0.2,120,36,1,0
6,0.2,121,37,3,2
6,0.2,122,33,1,5
6,0.2,123,36,4,1
6,0.2,124,33,0,3
6,0.2,125,31,0,2
6,0.2,126,33,3,1
6,0.2,127,33,1,1
6,0.2,128,34,1,0
6,0.2,129,31,0,3
6,0.2,130,32,1,0
6,0.2,131,32,1,1
6,0.2,132,33,2,1
6,0.2,133,33,2,2
6,0.2,134,31,0,2
6,0.2,135,33,2,0
6,0.2,136,31,0,2
6,0.2,137,32,1,0
6,0.2,138,31,0,1
6,0.2,139,30,0,1
6,0.2,140,32,2,0
6,0.2,141,32,0,0
6,0.2,142,32,1,1
6,0.2,143,31,1,2
6,0.2,144,32,2,1
6,0.2,145,32,1,1
6,0.2,146,32,1,1
6,0.2,147,32,1,1
6,0.2,148,32,2,2
6,0.2,149,31,1,2
6,0.2,150,30,0,1
6,0.2,151,31,1,0
6,0.2,152,32,1,0
6,0.2,153,32,0,0
6,0.2,154,31,1,2
6,0.2,155,31,1,1
6,0.2,156,31,1,1
6,0.2,157,33,2,0
6,0.2,158,32,2,3
6,0.2,159,31,0,1
6,0.2,160,31,0,0
6,0.2,161,31,1,1
6,0.2,162,32,2,1
6,0.2,163,31,0,1
6,0.2,164,32,2,1
6,0.2,165,31,1,2
6,0.2,166,30,0,1
6,0.2,167,31,1,0
6,0.2,168,30,0,1
6,0.2,169,30,1,1
6,0.2,170,29,0,1
6,0.2,171,30,1,0
6,0.2,172,30,0,0
6,0.2,173,30,1,1
6,0.2,174,31,1,0
6,0.2,175,30,0,1
6,0.2,176,31,1,0
6,0.2,177,31,0,0
6,0.2,178,30,0,1
6,0.2,179,30,0,0
6,0.2,180,31,1,0
6,0.2,181,31,0,0
6,0.2,182,32,1,0
6,0.2,183,31,0,1
6,0.2,184,30,0,1
6,0.2,185,31,1,0
6,0.2,186,30,0,1
6,0.2,187,30,0,0
6,0.2,188,30,0,0
6,0.2,189,31,1,0
6,0.2,190,29,0,2
6,0.2,191,30,1,0
6,0.2,192,30,0,0
6,0.2,193,30,0,0
6,0.2,194,30,0,0
6,0.2,195,30,0,0
6,0.2,196,30,1,1
6,0.2,197,29,0,1
6,0.2,198,30,1,0
6,0.2,199,30,0,0
6,0.2,200,30,0,0
6,0.2,201,27,0,3
6,0.2,202,29,2,0
6,0.2,203,29,1,1
6,0.2,204,31,2,0
6,0.2,205,31,2,2
6,0.2,206,29,0,2
6,0.2,207,29,0,0
6,0.2,208,29,0,0
6,0.2,209,30,1,0
6,0.2,210,29,0,1
6,0.2,211,31,2,0
6,0.2,212,29,0,2
6,0.2,213,29,0,0
6,0.2,214,29,0,0
6,0.2,215,29,0,0
6,0.2,216,30,1,0
6,0.2,217,30,0,0
6,0.2,218,29,0,1
6,0.2,219,31,2,0
6,0.2,220,30,0,1
6,0.2,221,30,0,0
6,0.2,222,29,0,1
6,0.2,223,29,0,0
6,0.2,224,29,0,0
6,0.2,225,29,0,0
6,0.2,226,29,0,0
6,0.2,227,29,0,0
6,0.2,228,29,0,0
6,0.2,229,30,1,0
6,0.2,230,29,0,1
6,0.2,231,29,0,0
6,0.2,232,29,0,0
6,0.2,233,29,0,0
6,0.2,234,29,0,0
6,0.2,235,28,0,1
6,0.2,236,27,0,1
6,0.2,237,27,0,0
6,0.2,238,27,0,0
6,0.2,239,27,0,0
6,0.2,240,27,0,0
6,0.2,241,27,0,0
6,0.2,242,27,0,0
6,0.2,243,28,1,0
6,0.2,244,28,0,0
6,0.2,245,28,1,1
6,0.2,246,27,0,1
6,0.2,247,28,1,0
6,0.2,248,27,0,1
6,0.2,249,27,0,0
6,0.2,250,28,1,0
6,0.2,251,28,0,0
6,0.2,252,27,0,1
6,0.2,253,27,0,0
6,0.2,254,27,0,0
6,0.2,255,27,0,0
6,0.2,256,27,0,0
6,0.2,257,27,0,0
6,0.2,258,27,0,0
6,0.2,259,28,1,0
6,0.2,260,27,0,1
6,0.2,261,27,0,0
6,0.2,262,27,0,0
6,0.2,263,24,0,3
6,0.2,264,27,3,0
6,0.2,265,27,0,0
6,0.2,266,27,0,0
6,0.2,267,25,0,2
6,0.2,268,27,2,0
6,0.2,269,26,0,1
6,0.2,270,25,0,1
6,0.2,271,25,0,0
6,0.2,272,26,1,0
6,0.2,273,26,1,1
6,0.2,274,26,0,0
6,0.2,275,26,1,1
6,0.2,276,22,0,4
6,0.2,277,23,1,0
6,0.2,278,24,1,0
6,0.2,279,24,0,0
6,0.2,280,26,3,1
6,0.2,281,26,0,0
6,0.2,282,24,1,3
6,0.2,283,23,0,1
6,0.2,284,24,1,0
6,0.2,285,23,0,1
6,0.2,286,24,2,1
6,0.2,287,24,1,1
6,0.2,288,21,0,3
6,0.2,289,21,1,1
6,0.2,290,24,3,0
6,0.2,291,23,0,1
6,0.2,292,23,0,0
6,0.2,293,25,2,0
6,0.2,294,25,1,1
6,0.2,295,25,0,0
6,0.2,296,23,0,2
6,0.2,297,24,1,0
6,0.2,298,23,0,1
6,0.2,299,24,1,0
6,0.2,300,24,0,0
6,0.2,301,24,0,0
6,0.2,302,23,0,1
6,0.2,303,24,1,0
6,0.2,304,24,0,0
6,0.2,305,22,0,2
6,0.2,306,23,2,1
6,0.2,307,24,1,0
6,0.2,308,24,0,0
6,0.2,309,24,0,0
6,0.2,310,24,0,0
6,0.2,311,23,0,1
6,0.2,312,24,1,0
6,0.2,313,24,0,0
6,0.2,314,23,0,1
6,0.2,315,23,0,0
6,0.2,316,24,1,0
6,0.2,317,23,0,1
6,0.2,318,23,0,0
6,0.2,319,23,0,0
6,0.2,320,23,0,0
6,0.2,321,23,0,0
6,0.2,322,23,0,0
6,0.2,323,23,0,0
6,0.2,324,23,0,0
6,0.2,325,23,0,0
6,0.2,326,23,0,0
6,0.2,327,23,0,0
6,0.2,328,22,0,1
6,0.2,329,21,0,1
6,0.2,330,21,0,0
6,0.2,331,22,1,0
6,0.2,332,21,0,1
6,0.2,333,22,1,0
6,0.2,334,22,1,1
6,0.2,335,22,0,0
6,0.2,336,21,0,1
6,0.2,337,22,1,0
6,0.2,338,23,1,0
6,0.2,339,23,1,1
6,0.2,340,21,0,2
6,0.2,341,21,1,1
6,0.2,342,22,1,0
6,0.2,343,22,1,1
6,0.2,344,20,0,2
6,0.2,345,21,1,0
6,0.2,346,22,1,0
6,0.2,347,21,0,1
6,0.2,348,20,0,1
6,0.2,349,21,1,0
6,0.2,350,20,0,1
6,0.2,351,21,1,0
6,0.2,352,20,0,1
6,0.2,353,20,0,0
6,0.2,354,20,0,0
6,0.2,355,20,0,0
6,0.2,356,20,0,0
6,0.2,357,20,0,0
6,0.2,358,21,1,0
6,0.2,359,20,0,1
6,0.2,360,20,0,0
6,0.2,361,21,1,0
6,0.2,362,20,0,1
6,0.2,363,21,1,0
6,0.2,364,23,2,0
6,0.2,365,20,0,3
6,0.2,366,21,1,0
6,0.2,367,20,0,1
6,0.2,368,20,0,0
6,0.2,369,20,0,0
6,0.2,370,21,1,0
6,0.2,371,20,0,1
6,0.2,372,20,0,0
6,0.2,373,20,0,0
6,0.2,374,20,0,0
6,0.2,375,20,0,0
6,0.2,376,20,0,0
6,0.2,377,20,0,0
6,0.2,378,20,0,0
6,0.2,379,20,0,0
6,0.2,380,20,0,0
6,0.2,381,20,0,0
6,0.2,382,20,0,0
6,0.2,383,20,0,0
6,0.2,384,20,0,0
6,0.2,385,20,0,0
6,0.2,386,20,0,0
6,0.2,387,20,0,0
6,0.2,388,20,0,0
6,0.2,389,20,0,0
6,0.2,390,20,0,0
6,0.2,391,20,0,0
6,0.2,392,19,0,1
6,0.2,393,19,0,0
6,0.2,394,20,1,0
6,0.2,395,20,0,0
6,0.2,396,20,0,0
6,0.2,397,19,0,1
6,0.2,398,19,0,0
6,0.2,399,19,0,0
6,0.2,400,19,0,0
6,0.2,401,19,0,0
6,0.2,402,19,0,0
6,0.2,403,20,1,0
6,0.2,404,19,0,1
6,0.2,405,18,0,1
6,0.2,406,18,0,0
6,0.2,407,19,1,0
6,0.2,408,19,0,0
6,0.2,409,19,0,0
6,0.2,410,19,0,0
6,0.2,411,19,0,0
6,0.2,412,19,0,0
6,0.2,413,19,0,0
6,0.2,414,19,0,0
6,0.2,415,19,0,0
6,0.2,416,19,0,0
6,0.2,417,20,1,0
6,0.2,418,19,0,1
6,0.2,419,19,0,0
6,0.2,420,19,0,0
6,0.2,421,20,1,0
6,0.2,422,19,0,1
6,0.2,423,19,0,0
6,0.2,424,19,0,0
6,0.2,425,20,1,0
6,0.2,426,19,0,1
6,0.2,427,19,0,0
6,0.2,428,19,0,0
6,0.2,429,19,0,0
6,0.2,430,19,0,0
6,0.2,431,19,0,0
6,0.2,432,20,1,0
6,0.2,433,19,0,1
6,0.2,434,19,0,0
6,0.2,435,19,0,0
6,0.2,436,19,0,0
6,0.2,437,19,0,0
6,0.2,438,19,0,0
6,0.2,439,19,0,0
6,0.2,440,19,0,0
6,0.2,441,19,0,0
6,0.2,442,19,0,0
6,0.2,443,19,0,0
6,0.2,444,19,0,0
6,0.2,445,19,0,0
6,0.2,446,19,0,0
6,0.2,447,19,0,0
6,0.2,448,19,0,0
6,0.2,449,19,0,0
6,0.2,450,19,0,0
6,0.2,451,20,1,0
6,0.2,452,20,1,1
6,0.2,453,19,0,1
6,0.2,454,19,0,0
6,0.2,455,19,0,0
6,0.2,456,19,0,0
6,0.2,457,19,0,0
6,0.2,458,19,0,0
6,0.2,459,19,0,0
6,0.2,460,19,0,0
6,0.2,461,19,0,0
6,0.2,462,19,0,0
6,0.2,463,19,0,0
6,0.2,464,19,0,0
6,0.2,465,19,0,0
6,0.2,466,19,0,0
6,0.2,467,19,0,0
6,0.2,468,20,1,0
6,0.2,469,19,0,1
6,0.2,470,21,2,0
6,0.2,471,19,0,2
6,0.2,472,19,0,0
6,0.2,473,19,0,0
6,0.2,474,19,0,0
6,0.2,475,19,0,0
6,0.2,476,19,0,0
6,0.2,477,19,0,0
6,0.2,478,19,0,0
6,0.2,479,21,2,0
6,0.2,480,19,0,2
6,0.2,481,21,2,0
6,0.2,482,19,0,2
6,0.2,483,20,1,0
6,0.2,484,20,0,0
6,0.2,485,20,0,0
6,0.2,486,19,0,1
6,0.2,487,19,0,0
6,0.2,488,20,1,0
6,0.2,489,20,0,0
6,0.2,490,20,0,0
6,0.2,491,20,0,0
6,0.2,492,20,0,0
6,0.2,493,20,0,0
6,0.2,494,19,0,1
6,0.2,495,19,0,0
6,0.2,496,19,0,0
6,0.2,497,19,0,0
6,0.2,498,20,1,0
6,0.2,499,20,0,0
6,0.2,500,20,0,0
6,0.2,501,19,0,1
6,0.2,502,19,0,0
6,0.2,503,19,0,0
6,0.2,504,19,0,0
6,0.2,505,20,1,0
6,0.2,506,19,0,1
6,0.2,507,20,1,0
6,0.2,508,19,0,1
6,0.2,509,20,1,0
6,0.2,510,20,0,0
6,0.2,511,19,0,1
6,0.2,512,19,0,0
6,0.2,513,19,0,0
6,0.2,514,19,0,0
6,0.2,515,21,2,0
6,0.2,516,21,1,1
6,0.2,517,20,1,2
6,0.2,518,20,1,1
6,0.2,519,20,0,0
6,0.2,520,20,0,0
6,0.2,521,19,0,1
6,0.2,522,20,1,0
6,0.2,523,20,0,0
6,0.2,524,20,0,0
6,0.2,525,20,0,0
6,0.2,526,20,0,0
6,0.2,527,20,0,0
6,0.2,528,21,1,0
6,0.2,529,19,0,2
6,0.2,530,20,1,0
6,0.2,531,20,1,1
6,0.2,532,20,0,0
6,0.2,533,20,0,0
6,0.2,534,20,0,0
6,0.2,535,20,0,0
6,0.2,536,20,0,0
6,0.2,537,19,0,1
6,0.2,538,20,1,0
6,0.2,539,20,0,0
6,0.2,540,20,0,0
6,0.2,541,19,0,1
6,0.2,542,19,0,0
6,0.2,543,20,1,0
6,0.2,544,20,0,0
6,0.2,545,19,0,1
6,0.2,546,19,0,0
6,0.2,547,19,0,0
6,0.2,548,20,1,0
6,0.2,549,20,0,0
6,0.2,550,20,0,0
6,0.2,551,20,0,0
6,0.2,552,20,0,0
6,0.2,553,19,0,1
6,0.2,554,20,1,0
6,0.2,555,19,0,1
6,0.2,556,19,0,0
6,0.2,557,19,0,0
6,0.2,558,19,0,0
6,0.2,559,19,0,0
6,0.2,560,19,0,0
6,0.2,561,19,0,0
6,0.2,562,19,0,0
6,0.2,563,20,1,0
6,0.2,564,20,0,0
6,0.2,565,20,0,0
6,0.2,566,19,0,1
6,0.2,567,20,1,0
6,0.2,568,20,0,0
6,0.2,569,19,0,1
6,0.2,570,19,0,0
6,0.2,571,20,1,0
6,0.2,572,20,0,0
6,0.2,573,20,0,0
6,0.2,574,20,0,0
6,0.2,575,20,0,0
6,0.2,576,19,0,1
6,0.2,577,20,1,0
6,0.2,578,19,0,1
6,0.2,579,19,0,0
6,0.2,580,20,1,0
6,0.2,581,21,1,0
6,0.2,582,21,0,0
6,0.2,583,20,0,1
6,0.2,584,20,0,0
6,0.2,585,20,0,0
6,0.2,586,20,0,0
6,0.2,587,21,1,0
6,0.2,588,19,0,2
6,0.2,589,20,1,0
6,0.2,590,19,0,1
6,0.2,591,20,1,0
6,0.2,592,19,0,1
6,0.2,593,19,0,0
6,0.2,594,20,1,0
6,0.2,595,19,0,1
6,0.2,596,20,1,0
6,0.2,597,19,0,1
6,0.2,598,19,0,0
6,0.2,599,20,1,0
6,0.2,600,20,0,0
6,0.2,601,20,0,0
6,0.2,602,20,0,0
6,0.2,603,20,1,1
6,0.2,604,19,0,1
6,0.2,605,20,1,0
6,0.2,606,20,0,0
6,0.2,607,20,0,0
6,0.2,608,21,1,0
6,0.2,609,21,0,0
6,0.2,610,20,0,1
6,0.2,611,19,0,1
6,0.2,612,20,1,0
6,0.2,613,20,0,0
6,0.2,614,20,0,0
6,0.2,615,20,0,0
6,0.2,616,19,0,1
6,0.2,617,19,0,0
6,0.2,618,19,0,0
6,0.2,619,19,0,0
6,0.2,620,20,1,0
6,0.2,621,20,1,1
6,0.2,622,19,0,1
6,0.2,623,20,1,0
6,0.2,624,20,0,0
6,0.2,625,20,0,0
6,0.2,626,20,0,0
6,0.2,627,20,0,0
6,0.2,628,20,0,0
6,0.2,629,20,0,0
6,0.2,630,20,0,0
6,0.2,631,20,0,0
6,0.2,632,19,0,1
6,0.2,633,20,1,0
6,0.2,634,20,0,0
6,0.2,635,20,0,0
6,0.2,636,20,0,0
6,0.2,637,20,0,0
6,0.2,638,20,0,0
6,0.2,639,20,0,0
6,0.2,640,20,0,0
6,0.2,641,20,0,0
6,0.2,642,20,0,0
6,0.2,643,20,0,0
6,0.2,644,20,0,0
6,0.2,645,20,0,0
6,0.2,646,20,0,0
6,0.2,647,20,0,0
6,0.2,648,20,0,0
6,0.2,649,20,0,0
6,0.2,650,20,0,0
6,0.2,651,20,0,0
6,0.2,652,20,0,0
6,0.2,653,19,0,1
6,0.2,654,20,1,0
6,0.2,655,20,0,0
6,0.2,656,20,0,0
6,0.2,657,20,0,0
6,0.2,658,20,0,0
6,0.2,659,20,0,0
6,0.2,660,19,0,1
6,0.2,661,20,1,0
6,0.2,662,20,0,0
6,0.2,663,20,0,0
6,0.2,664,20,0,0
6,0.2,665,18,0,2
6,0.2,666,20,2,0
6,0.2,667,18,0,2
6,0.2,668,20,2,0
6,0.2,669,18,0,2
6,0.2,670,20,2,0
6,0.2,671,19,0,1
6,0.2,672,19,0,0
6,0.2,673,20,1,0
6,0.2,674,19,0,1
6,0.2,675,20,1,0
6,0.2,676,18,0,2
6,0.2,677,18,0,0
6,0.2,678,18,0,0
6,0.2,679,19,1,0
6,0.2,680,19,0,0
6,0.2,681,19,0,0
6,0.2,682,19,0,0
6,0.2,683,19,0,0
6,0.2,684,18,0,1
6,0.2,685,19,1,0
6,0.2,686,20,1,0
6,0.2,687,19,0,1
6,0.2,688,18,0,1
6,0.2,689,19,1,0
6,0.2,690,19,0,0
6,0.2,691,19,0,0
6,0.2,692,19,0,0
6,0.2,693,19,0,0
6,0.2,694,18,0,1
6,0.2,695,18,0,0
6,0.2,696,19,1,0
6,0.2,697,19,0,0
6,0.2,698,19,0,0
6,0.2,699,19,0,0
6,0.2,700,18,0,1
6,0.2,701,20,2,0
6,0.2,702,19,0,1
6,0.2,703,19,0,0
6,0.2,704,19,0,0
6,0.2,705,19,0,0
6,0.2,706,19,0,0
6,0.2,707,19,0,0
6,0.2,708,19,0,0
6,0.2,709,19,0,0
6,0.2,710,19,0,0
6,0.2,711,19,0,0
6,0.2,712,19,0,0
6,0.2,713,20,1,0
6,0.2,714,20,1,1
6,0.2,715,20,0,0
6,0.2,716,19,0,1
6,0.2,717,20,1,0
6,0.2,718,19,0,1
6,0.2,719,19,0,0
6,0.2,720,19,0,0
6,0.2,721,20,1,0
6,0.2,722,20,0,0
6,0.2,723,19,0,1
6,0.2,724,20,1,0
6,0.2,725,20,0,0
6,0.2,726,20,0,0
6,0.2,727,20,0,0
6,0.2,728,19,0,1
6,0.2,729,20,1,0
6,0.2,730,19,0,1
6,0.2,731,20,1,0
6,0.2,732,20,0,0
6,0.2,733,19,0,1
6,0.2,734,20,1,0
6,0.2,735,20,0,0
6,0.2,736,19,0,1
6,0.2,737,20,1,0
6,0.2,738,20,0,0
6,0.2,739,20,0,0
6,0.2,740,19,0,1
6,0.2,741,21,2,0
6,0.2,742,20,0,1
6,0.2,743,20,0,0
6,0.2,744,20,0,0
6,0.2,745,20,0,0
6,0.2,746,20,0,0
6,0.2,747,20,0,0
6,0.2,748,20,0,0
6,0.2,749,20,0,0
6,0.2,750,20,0,0
6,0.2,751,20,0,0
6,0.2,752,20,0,0
6,0.2,753,20,0,0
6,0.2,754,20,0,0
6,0.2,755,20,0,0
6,0.2,756,20,0,0
6,0.2,757,20,0,0
6,0.2,758,20,0,0
6,0.2,759,20,0,0
6,0.2,760,20,0,0
6,0.2,761,20,0,0
6,0.2,762,20,0,0
6,0.2,763,20,0,0
6,0.2,764,20,0,0
6,0.2,765,20,0,0
6,0.2,766,20,0,0
6,0.2,767,20,0,0
6,0.2,768,21,1,0
6,0.2,769,20,0,1
6,0.2,770,20,0,0
6,0.2,771,20,0,0
6,0.2,772,20,0,0
6,0.2,773,20,0,0
6,0.2,774,20,0,0
6,0.2,775,20,0,0
6,0.2,776,20,0,0
6,0.2,777,20,0,0
6,0.2,778,20,0,0
6,0.2,779,20,0,0
6,0.2,780,20,0,0
6,0.2,781,20,0,0
6,0.2,782,20,0,0
6,0.2,783,20,0,0
6,0.2,784,20,0,0
6,0.2,785,20,0,0
6,0.2,786,21,1,0
6,0.2,787,21,1,1
6,0.2,788,20,0,1
6,0.2,789,20,0,0
6,0.2,790,20,0,0
6,0.2,791,20,0,0
6,0.2,792,20,0,0
6,0.2,793,20,0,0
6,0.2,794,21,1,0
6,0.2,795,21,1,1
6,0.2,796,20,0,1
6,0.2,797,20,0,0
6,0.2,798,20,0,0
6,0.2,799,20,0,0
6,0.2,800,20,0,0
6,0.2,801,21,1,0
6,0.2,802,20,0,1
6,0.2,803,20,0,0
6,0.2,804,20,0,0
6,0.2,805,20,0,0
6,0.2,806,20,0,0
6,0.2,807,20,0,0
6,0.2,808,20,0,0
6,0.2,809,20,0,0
6,0.2,810,20,0,0
6,0.2,811,20,0,0
6,0.2,812,20,0,0
6,0.2,813,20,0,0
6,0.2,814,20,0,0
6,0.2,815,20,0,0
6,0.2,816,20,0,0
6,0.2,817,20,0,0
6,0.2,818,20,0,0
6,0.2,819,20,0,0
6,0.2,820,21,1,0
6,0.2,821,21,0,0
6,0.2,822,21,0,0
6,0.2,823,21,0,0
6,0.2,824,20,0,1
6,0.2,825,21,1,0
6,0.2,826,20,1,2
6,0.2,827,20,1,1
6,0.2,828,20,0,0
6,0.2,829,20,0,0
6,0.2,830,20,0,0
6,0.2,831,20,0,0
6,0.2,832,19,0,1
6,0.2,833,20,1,0
6,0.2,834,20,0,0
6,0.2,835,20,0,0
6,0.2,836,20,0,0
6,0.2,837,20,0,0
6,0.2,838,20,0,0
6,0.2,839,20,0,0
6,0.2,840,20,0,0
6,0.2,841,20,0,0
6,0.2,842,20,0,0
6,0.2,843,20,0,0
6,0.2,844,20,0,0
6,0.2,845,20,0,0
6,0.2,846,20,0,0
6,0.2,847,20,0,0
6,0.2,848,19,0,1
6,0.2,849,20,1,0
6,0.2,850,21,1,0
6,0.2,851,19,0,2
6,0.2,852,19,0,0
6,0.2,853,20,1,0
6,0.2,854,19,0,1
6,0.2,855,19,0,0
6,0.2,856,19,0,0
6,0.2,857,19,0,0
6,0.2,858,19,0,0
6,0.2,859,19,0,0
6,0.2,860,19,0,0
6,0.2,861,20,1,0
6,0.2,862,19,0,1
6,0.2,863,19,0,0
6,0.2,864,19,0,0
6,0.2,865,19,0,0
6,0.2,866,19,0,0
6,0.2,867,20,1,0
6,0.2,868,19,0,1
6,0.2,869,19,0,0
6,0.2,870,19,0,0
6,0.2,871,20,1,0
6,0.2,872,20,1,1
6,0.2,873,19,0,1
6,0.2,874,19,0,0
6,0.2,875,19,0,0
6,0.2,876,19,0,0
6,0.2,877,19,0,0
6,0.2,878,19,0,0
6,0.2,879,20,1,0
6,0.2,880,19,0,1
6,0.2,881,19,0,0
6,0.2,882,19,0,0
6,0.2,883,19,0,0
6,0.2,884,20,1,0
6,0.2,885,19,0,1
6,0.2,886,19,0,0
6,0.2,887,19,0,0
6,0.2,888,20,1,0
6,0.2,889,19,0,1
6,0.2,890,19,0,0
6,0.2,891,19,0,0
6,0.2,892,19,0,0
6,0.2,893,19,0,0
6,0.2,894,19,0,0
6,0.2,895,19,0,0
6,0.2,896,20,1,0
6,0.2,897,19,0,1
6,0.2,898,19,0,0
6,0.2,899,19,0,0
6,0.2,900,19,0,0
6,0.2,901,20,1,0
6,0.2,902,20,0,0
6,0.2,903,19,0,1
6,0.2,904,20,1,0
6,0.2,905,19,0,1
6,0.2,906,19,0,0
6,0.2,907,19,0,0
6,0.2,908,19,0,0
6,0.2,909,20,1,0
6,0.2,910,19,0,1
6,0.2,911,19,0,0
6,0.2,912,19,0,0
6,0.2,913,19,0,0
6,0.2,914,19,0,0
6,0.2,915,19,0,0
6,0.2,916,19,0,0
6,0.2,917,19,0,0
6,0.2,918,19,0,0
6,0.2,919,19,0,0
6,0.2,920,19,0,0
6,0.2,921,19,0,0
6,0.2,922,19,0,0
6,0.2,923,19,0,0
6,0.2,924,19,0,0
6,0.2,925,19,0,0
6,0.2,926,19,0,0
6,0.2,927,19,0,0
6,0.2,928,19,0,0
6,0.2,929,19,0,0
6,0.2,930,19,0,0
6,0.2,931,19,0,0
6,0.2,932,19,0,0
6,0.2,933,19,0,0
6,0.2,934,19,0,0
6,0.2,935,19,0,0
6,0.2,936,19,0,0
6,0.2,937,19,0,0
6,0.2,938,19,0,0
6,0.2,939,19,0,0
6,0.2,940,19,0,0
6,0.2,941,20,1,0
6,0.2,942,19,0,1
6,0.2,943,20,1,0
6,0.2,944,19,0,1
6,0.2,945,19,0,0
6,0.2,946,20,1,0
6,0.2,947,19,0,1
6,0.2,948,20,1,0
6,0.2,949,19,0,1
6,0.2,950,19,0,0
6,0.2,951,19,0,0
6,0.2,952,19,0,0
6,0.2,953,19,0,0
6,0.2,954,20,1,0
6,0.2,955,19,0,1
6,0.2,956,19,0,0
6,0.2,957,19,0,0
6,0.2,958,19,0,0
6,0.2,959,19,0,0
6,0.2,960,19,0,0
6,0.2,961,19,0,0
6,0.2,962,19,0,0
6,0.2,963,19,0,0
6,0.2,964,19,0,0
6,0.2,965,19,0,0
6,0.2,966,20,1,0
6,0.2,967,19,0,1
6,0.2,968,20,1,0
6,0.2,969,19,0,1
6,0.2,970,19,0,0
6,0.2,971,19,0,0
6,0.2,972,19,0,0
6,0.2,973,20,1,0
6,0.2,974,19,0,1
6,0.2,975,19,0,0
6,0.2,976,19,0,0
6,0.2,977,19,0,0
6,0.2,978,19,0,0
6,0.2,979,19,0,0
6,0.2,980,20,1,0
6,0.2,981,19,0,1
6,0.2,982,19,0,0
6,0.2,983,20,1,0
6,0.2,984,20,0,0
6,0.2,985,20,1,1
6,0.2,986,20,0,0
6,0.2,987,19,0,1
6,0.2,988,19,0,0
6,0.2,989,20,1,0
6,0.2,990,19,0,1
6,0.2,991,20,1,0
6,0.2,992,21,1,0
6,0.2,993,19,0,2
6,0.2,994,19,0,0
6,0.2,995,19,0,0
6,0.2,996,19,0,0
6,0.2,997,19,0,0
6,0.2,998,19,0,0
6,0.2,999,20,1,0
6,0.2,1000,20,0,0
6,0.2,1001,19,0,1
6,0.2,1002,20,1,0
6,0.2,1003,19,0,1
6,0.2,1004,19,0,0
6,0.2,1005,19,0,0
6,0.2,1006,19,0,0
6,0.2,1007,19,0,0
6,0.2,1008,19,0,0
6,0.2,1009,19,0,0
6,0.2,1010,19,0,0
6,0.2,1011,19,0,0
6,0.2,1012,19,0,0
6,0.2,1013,19,0,0
6,0.2,1014,19,0,0
6,0.2,1015,19,0,0
6,0.2,1016,19,0,0
6,0.2,1017,19,0,0
6,0.2,1018,20,1,0
6,0.2,1019,20,0,0
6,0.2,1020,19,0,1
6,0.2,1021,20,1,0
6,0.2,1022,19,0,1
6,0.2,1023,21,2,0
6,0.2,1024,20,0,1
6,0.2,1025,19,0,1
6,0.2,1026,20,1,0
6,0.2,1027,19,0,1
6,0.2,1028,19,0,0
6,0.2,1029,19,0,0
6,0.2,1030,19,0,0
6,0.2,1031,19,0,0
6,0.2,1032,19,0,0
6,0.2,1033,19,0,0
6,0.2,1034,19,0,0
6,0.2,1035,19,0,0
6,0.2,1036,19,0,0
6,0.2,1037,19,0,0
6,0.2,1038,19,0,0
6,0.2,1039,19,0,0
6,0.2,1040,19,0,0
6,0.2,1041,19,0,0
6,0.2,1042,19,0,0
6,0.2,1043,20,1,0
6,0.2,1044,20,0,0
6,0.2,1045,19,0,1
6,0.2,1046,20,1,0
6,0.2,1047,20,1,1
6,0.2,1048,21,2,1
6,0.2,1049,20,1,2
6,0.2,1050,21,2,1
6,0.2,1051,19,0,2
6,0.2,1052,20,1,0
6,0.2,1053,20,1,1
6,0.2,1054,19,0,1
6,0.2,1055,19,0,0
6,0.2,1056,20,1,0
6,0.2,1057,19,0,1
6,0.2,1058,20,1,0
6,0.2,1059,20,0,0
6,0.2,1060,19,0,1
6,0.2,1061,19,0,0
6,0.2,1062,20,1,0
6,0.2,1063,19,0,1
6,0.2,1064,19,0,0
6,0.2,1065,19,0,0
6,0.2,1066,19,0,0
6,0.2,1067,19,0,0
6,0.2,1068,19,0,0
6,0.2,1069,19,0,0
6,0.2,1070,19,0,0
6,0.2,1071,19,0,0
6,0.2,1072,19,0,0
6,0.2,1073,19,0,0
6,0.2,1074,19,0,0
6,0.2,1075,20,1,0
6,0.2,1076,19,0,1
6,0.2,1077,20,1,0
6,0.2,1078,19,0,1
6,0.2,1079,20,1,0
6,0.2,1080,19,0,1
6,0.2,1081,19,0,0
6,0.2,1082,19,0,0
6,0.2,1083,19,0,0
6,0.2,1084,19,0,0
6,0.2,1085,19,0,0
6,0.2,1086,19,0,0
6,0.2,1087,19,0,0
6,0.2,1088,19,0,0
6,0.2,1089,19,0,0
6,0.2,1090,19,0,0
6,0.2,1091,19,0,0
6,0.2,1092,19,0,0
6,0.2,1093,19,0,0
6,0.2,1094,19,0,0
6,0.2,1095,19,0,0
6,0.2,1096,19,0,0
6,0.2,1097,19,0,0
6,0.2,1098,19,0,0
6,0.2,1099,19,0,0
6,0.2,1100,20,1,0
6,0.2,1101,19,0,1
6,0.2,1102,19,0,0
6,0.2,1103,19,0,0
6,0.2,1104,19,0,0
6,0.2,1105,19,0,0
6,0.2,1106,19,0,0
6,0.2,1107,19,0,0
6,0.2,1108,19,0,0
6,0.2,1109,19,0,0
6,0.2,1110,19,0,0
6,0.2,1111,19,0,0
6,0.2,1112,19,0,0
6,0.2,1113,19,0,0
6,0.2,1114,19,0,0
6,0.2,1115,19,0,0
6,0.2,1116,19,0,0
6,0.2,1117,19,0,0
6,0.2,1118,19,0,0
6,0.2,1119,20,1,0
6,0.2,1120,20,0,0
6,0.2,1121,19,0,1
6,0.2,1122,19,0,0
6,0.2,1123,19,0,0
6,0.2,1124,19,0,0
6,0.2,1125,19,0,0
6,0.2,1126,19,0,0
6,0.2,1127,19,0,0
6,0.2,1128,19,0,0
6,0.2,1129,19,0,0
6,0.2,1130,19,0,0
6,0.2,1131,19,0,0
6,0.2,1132,19,0,0
6,0.2,1133,19,0,0
6,0.2,1134,19,0,0
6,0.2,1135,19,0,0
6,0.2,1136,19,0,0
6,0.2,1137,19,0,0
6,0.2,1138,19,0,0
6,0.2,1139,19,0,0
6,0.2,1140,19,0,0
6,0.2,1141,19,0,0
6,0.2,1142,19,0,0
6,0.2,1143,19,0,0
6,0.2,1144,19,0,0
6,0.2,1145,19,0,0
6,0.2,1146,19,0,0
6,0.2,1147,19,0,0
6,0.2,1148,19,0,0
6,0.2,1149,20,1,0
6,0.2,1150,19,0,1
6,0.2,1151,19,0,0
6,0.2,1152,20,1,0
6,0.2,1153,19,0,1
6,0.2,1154,20,1,0
6,0.2,1155,20,1,1
6,0.2,1156,21,1,0
6,0.2,1157,19,0,2
6,0.2,1158,20,1,0
6,0.2,1159,21,1,0
6,0.2,1160,19,0,2
6,0.2,1161,20,1,0
6,0.2,1162,20,0,0
6,0.2,1163,20,1,1
6,0.2,1164,20,0,0
6,0.2,1165,20,1,1
6,0.2,1166,20,0,0
6,0.2,1167,19,0,1
6,0.2,1168,19,0,0
6,0.2,1169,20,1,0
6,0.2,1170,20,0,0
6,0.2,1171,19,0,1
6,0.2,1172,20,1,0
6,0.2,1173,19,0,1
6,0.2,1174,20,1,0
6,0.2,1175,19,0,1
6,0.2,1176,20,1,0
6,0.2,1177,19,0,1
6,0.2,1178,20,1,0
6,0.2,1179,20,0,0
6,0.2,1180,19,0,1
6,0.2,1181,19,0,0
6,0.2,1182,20,1,0
6,0.2,1183,19,0,1
6,0.2,1184,19,0,0
6,0.2,1185,19,0,0
6,0.2,1186,20,1,0
6,0.2,1187,19,0,1
6,0.2,1188,19,0,0
6,0.2,1189,19,0,0
6,0.2,1190,20,1,0
6,0.2,1191,19,0,1
6,0.2,1192,19,0,0
6,0.2,1193,20,1,0
6,0.2,1194,20,0,0
6,0.2,1195,19,0,1
6,0.2,1196,19,0,0
6,0.2,1197,19,0,0
6,0.2,1198,19,0,0
6,0.2,1199,21,2,0
6,0.2,1200,19,0,2
6,0.2,1201,19,0,0
6,0.2,1202,19,0,0
6,0.2,1203,20,1,0
6,0.2,1204,19,0,1
6,0.2,1205,20,1,0
6,0.2,1206,20,0,0
6,0.2,1207,20,0,0
6,0.2,1208,19,0,1
6,0.2,1209,20,1,0
6,0.2,1210,19,0,1
6,0.2,1211,20,1,0
6,0.2,1212,19,0,1
6,0.2,1213,19,0,0
6,0.2,1214,20,1,0
6,0.2,1215,19,0,1
6,0.2,1216,19,0,0
6,0.2,1217,19,0,0
6,0.2,1218,20,1,0
6,0.2,1219,20,0,0
6,0.2,1220,20,0,0
6,0.2,1221,20,0,0
6,0.2,1222,20,0,0
6,0.2,1223,20,0,0
6,0.2,1224,20,0,0
6,0.2,1225,20,0,0
6,0.2,1226,19,0,1
6,0.2,1227,21,2,0
6,0.2,1228,21,0,0
6,0.2,1229,20,0,1
6,0.2,1230,21,1,0
6,0.2,1231,19,0,2
6,0.2,1232,20,1,0
6,0.2,1233,20,0,0
6,0.2,1234,19,0,1
6,0.2,1235,20,1,0
6,0.2,1236,20,0,0
6,0.2,1237,20,0,0
6,0.2,1238,19,0,1
6,0.2,1239,20,1,0
6,0.2,1240,20,0,0
6,0.2,1241,20,0,0
6,0.2,1242,20,0,0
6,0.2,1243,20,0,0
6,0.2,1244,19,0,1
6,0.2,1245,20,1,0
6,0.2,1246,20,1,1
6,0.2,1247,20,1,1
6,0.2,1248,19,0,1
6,0.2,1249,19,0,0
6,0.2,1250,20,1,0
6,0.2,1251,19,0,1
6,0.2,1252,20,1,0
6,0.2,1253,20,0,0
6,0.2,1254,20,0,0
6,0.2,1255,20,0,0
6,0.2,1256,20,0,0
6,0.2,1257,21,1,0
6,0.2,1258,20,0,1
6,0.2,1259,20,0,0
6,0.2,1260,20,0,0
6,0.2,1261,20,1,1
6,0.2,1262,20,1,1
6,0.2,1263,20,0,0
6,0.2,1264,19,0,1
6,0.2,1265,20,1,0
6,0.2,1266,19,0,1
6,0.2,1267,19,0,0
6,0.2,1268,20,1,0
6,0.2,1269,19,0,1
6,0.2,1270,21,2,0
6,0.2,1271,20,0,1
6,0.2,1272,21,1,0
6,0.2,1273,20,0,1
6,0.2,1274,19,0,1
6,0.2,1275,20,1,0
6,0.2,1276,20,0,0
6,0.2,1277,20,0,0
6,0.2,1278,20,0,0
6,0.2,1279,20,0,0
6,0.2,1280,20,0,0
6,0.2,1281,20,0,0
6,0.2,1282,20,0,0
6,0.2,1283,20,0,0
6,0.2,1284,20,0,0
6,0.2,1285,20,0,0
6,0.2,1286,20,0,0
6,0.2,1287,20,0,0
6,0.2,1288,20,0,0
6,0.2,1289,20,0,0
6,0.2,1290,21,1,0
6,0.2,1291,20,0,1
6,0.2,1292,20,0,0
6,0.2,1293,20,0,0
6,0.2,1294,20,0,0
6,0.2,1295,19,0,1
6,0.2,1296,19,0,0
6,0.2,1297,19,0,0
6,0.2,1298,20,1,0
6,0.2,1299,20,0,0
6,0.2,1300,20,0,0
6,0.2,1301,20,0,0
6,0.2,1302,20,0,0
6,0.2,1303,19,0,1
6,0.2,1304,20,1,0
6,0.2,1305,20,0,0
6,0.2,1306,20,0,0
6,0.2,1307,19,0,1
6,0.2,1308,21,2,0
6,0.2,1309,20,0,1
6,0.2,1310,19,0,1
6,0.2,1311,20,1,0
6,0.2,1312,19,0,1
6,0.2,1313,20,1,0
6,0.2,1314,20,0,0
6,0.2,1315,20,0,0
6,0.2,1316,20,0,0
6,0.2,1317,20,0,0
6,0.2,1318,20,0,0
6,0.2,1319,20,0,0
6,0.2,1320,20,0,0
6,0.2,1321,20,0,0
6,0.2,1322,20,0,0
6,0.2,1323,20,0,0
6,0.2,1324,20,0,0
6,0.2,1325,20,0,0
6,0.2,1326,20,0,0
6,0.2,1327,20,0,0
6,0.2,1328,20,0,0
6,0.2,1329,20,1,1
6,0.2,1330,19,0,1
6,0.2,1331,19,0,0
6,0.2,1332,19,0,0
6,0.2,1333,20,1,0
6,0.2,1334,19,0,1
6,0.2,1335,19,0,0
6,0.2,1336,19,0,0
6,0.2,1337,19,0,0
6,0.2,1338,19,0,0
6,0.2,1339,19,0,0
6,0.2,1340,19,0,0
6,0.2,1341,19,0,0
6,0.2,1342,19,0,0
6,0.2,1343,19,0,0
6,0.2,1344,19,0,0
6,0.2,1345,19,0,0
6,0.2,1346,20,1,0
6,0.2,1347,19,0,1
6,0.2,1348,21,2,0
6,0.2,1349,21,0,0
6,0.2,1350,19,0,2
6,0.2,1351,20,1,0
6,0.2,1352,19,0,1
6,0.2,1353,20,1,0
6,0.2,1354,20,0,0
6,0.2,1355,21,1,0
6,0.2,1356,20,0,1
6,0.2,1357,20,0,0
6,0.2,1358,20,0,0
6,0.2,1359,19,0,1
6,0.2,1360,19,0,0
6,0.2,1361,20,1,0
6,0.2,1362,20,0,0
6,0.2,1363,20,1,1
6,0.2,1364,20,1,1
6,0.2,1365,20,0,0
6,0.2,1366,20,0,0
6,0.2,1367,20,0,0
6,0.2,1368,21,1,0
6,0.2,1369,20,0,1
6,0.2,1370,20,0,0
6,0.2,1371,19,0,1
6,0.2,1372,20,1,0
6,0.2,1373,20,0,0
6,0.2,1374,21,1,0
6,0.2,1375,21,0,0
6,0.2,1376,22,1,0
6,0.2,1377,20,0,2
6,0.2,1378,20,0,0
6,0.2,1379,20,0,0
6,0.2,1380,20,0,0
6,0.2,1381,19,0,1
6,0.2,1382,20,1,0
6,0.2,1383,20,0,0
6,0.2,1384,19,0,1
6,0.2,1385,19,0,0
6,0.2,1386,19,0,0
6,0.2,1387,19,0,0
6,0.2,1388,19,0,0
6,0.2,1389,20,1,0
6,0.2,1390,20,1,1
6,0.2,1391,20,1,1
6,0.2,1392,20,1,1
6,0.2,1393,19,0,1
6,0.2,1394,19,0,0
6,0.2,1395,19,0,0
6,0.2,1396,19,0,0
6,0.2,1397,20,1,0
6,0.2,1398,19,0,1
6,0.2,1399,19,0,0
6,0.2,1400,19,0,0
6,0.2,1401,20,1,0
6,0.2,1402,21,2,1
6,0.2,1403,19,0,2
6,0.2,1404,19,0,0
6,0.2,1405,20,1,0
6,0.2,1406,19,0,1
6,0.2,1407,19,0,0
6,0.2,1408,20,1,0
6,0.2,1409,19,0,1
6,0.2,1410,19,0,0
6,0.2,1411,20,1,0
6,0.2,1412,19,0,1
6,0.2,1413,19,0,0
6,0.2,1414,19,0,0
6,0.2,1415,19,0,0
6,0.2,1416,19,0,0
6,0.2,1417,19,0,0
6,0.2,1418,19,0,0
6,0.2,1419,19,0,0
6,0.2,1420,19,0,0
6,0.2,1421,20,1,0
6,0.2,1422,20,1,1
6,0.2,1423,19,0,1
6,0.2,1424,19,0,0
6,0.2,1425,19,0,0
6,0.2,1426,19,0,0
6,0.2,1427,19,0,0
6,0.2,1428,20,1,0
6,0.2,1429,19,0,1
6,0.2,1430,19,0,0
6,0.2,1431,19,0,0
6,0.2,1432,20,1,0
6,0.2,1433,19,0,1
6,0.2,1434,19,0,0
6,0.2,1435,19,0,0
6,0.2,1436,19,0,0
6,0.2,1437,19,0,0
6,0.2,1438,20,1,0
6,0.2,1439,20,0,0
6,0.2,1440,20,1,1
6,0.2,1441,19,0,1
6,0.2,1442,19,0,0
6,0.2,1443,19,0,0
6,0.2,1444,19,0,0
6,0.2,1445,19,0,0
6,0.2,1446,19,0,0
6,0.2,1447,19,0,0
6,0.2,1448,20,1,0
6,0.2,1449,19,0,1
6,0.2,1450,19,0,0
6,0.2,1451,20,1,0
6,0.2,1452,22,2,0
6,0.2,1453,19,0,3
6,0.2,1454,19,0,0
6,0.2,1455,19,0,0
6,0.2,1456,19,0,0
6,0.2,1457,19,0,0
6,0.2,1458,19,0,0
6,0.2,1459,19,0,0
6,0.2,1460,19,0,0
6,0.2,1461,19,0,0
6,0.2,1462,20,1,0
6,0.2,1463,19,0,1
6,0.2,1464,21,2,0
6,0.2,1465,19,0,2
6,0.2,1466,19,0,0
6,0.2,1467,19,0,0
6,0.2,1468,19,0,0
6,0.2,1469,19,0,0
6,0.2,1470,19,0,0
6,0.2,1471,19,0,0
6,0.2,1472,19,0,0
6,0.2,1473,20,1,0
6,0.2,1474,19,0,1
6,0.2,1475,19,0,0
6,0.2,1476,19,0,0
6,0.2,1477,19,0,0
6,0.2,1478,19,0,0
6,0.2,1479,20,1,0
6,0.2,1480,20,0,0
6,0.2,1481,19,0,1
6,0.2,1482,21,2,0
6,0.2,1483,20,0,1
6,0.2,1484,19,0,1
6,0.2,1485,19,0,0
6,0.2,1486,19,0,0
6,0.2,1487,19,0,0
6,0.2,1488,20,1,0
6,0.2,1489,20,1,1
6,0.2,1490,19,0,1
6,0.2,1491,19,0,0
6,0.2,1492,19,0,0
6,0.2,1493,19,0,0
6,0.2,1494,20,1,0
6,0.2,1495,19,0,1
6,0.2,1496,19,0,0
6,0.2,1497,19,0,0
6,0.2,1498,19,0,0
6,0.2,1499,19,0,0
6,0.2,1500,20,1,0
7,0.05,0,6,0,0
7,0.05,1,38,36,4
7,0.05,2,42,19,15
7,0.05,3,37,11,16
7,0.05,4,15,6,28
7,0.05,5,16,14,13
7,0.05,6,11,9,14
7,0.05,7,39,34,6
7,0.05,8,24,5,20
7,0.05,9,25,16,15
7,0.05,10,25,14,14
7,0.05,11,39,22,8
7,0.05,12,51,20,8
7,0.05,13,32,9,28
7,0.05,14,27,12,17
7,0.05,15,51,32,8
7,0.05,16,48,11,14
7,0.05,17,14,6,40
7,0.05,18,32,24,6
7,0.05,19,31,17,18
7,0.05,20,38,16,9
7,0.05,21,52,21,7
7,0.05,22,50,8,10
7,0.05,23,57,11,4
7,0.05,24,58,5,4
7,0.05,25,56,3,5
7,0.05,26,53,5,8
7,0.05,27,57,9,5
7,0.05,28,36,3,24
7,0.05,29,49,19,6
7,0.05,30,44,6,11
7,0.05,31,57,17,4
7,0.05,32,57,6,6
7,0.05,33,45,1,13
7,0.05,34,38,8,15
7,0.05,35,59,24,3
7,0.05,36,57,1,3
7,0.05,37,41,2,18
7,0.05,38,42,10,9
7,0.05,39,39,5,8
7,0.05,40,50,14,3
7,0.05,41,30,0,20
7,0.05,42,45,18,3
7,0.05,43,37,2,10
7,0.05,44,46,13,4
7,0.05,45,36,6,16
7,0.05,46,39,8,5
7,0.05,47,41,6,4
7,0.05,48,37,3,7
7,0.05,49,26,8,19
7,0.05,50,18,11,19
7,0.05,51,25,17,10
7,0.05,52,27,10,8
7,0.05,53,39,16,4
7,0.05,54,45,7,1
7,0.05,55,31,2,16
7,0.05,56,39,12,4
7,0.05,57,41,5,3
7,0.05,58,40,4,5
7,0.05,59,41,5,4
7,0.05,60,33,5,13
7,0.05,61,32,8,9
7,0.05,62,39,9,2
7,0.05,63,41,8,6
7,0.05,64,40,4,5
7,0.05,65,41,4,3
7,0.05,66,46,8,3
7,0.05,67,42,2,6
7,0.05,68,42,2,2
7,0.05,69,37,2,7
7,0.05,70,39,7,5
7,0.05,71,38,6,7
7,0.05,72,30,6,14
7,0.05,73,38,12,4
7,0.05,74,19,2,21
7,0.05,75,25,16,10
7,0.05,76,33,11,3
7,0.05,77,24,4,13
7,0.05,78,32,13,5
7,0.05,79,25,8,15
7,0.05,80,39,17,3
7,0.05,81,31,3,11
7,0.05,82,21,2,12
7,0.05,83,39,19,1
7,0.05,84,33,1,7
7,0.05,85,22,6,17
7,0.05,86,19,7,10
7,0.05,87,20,12,11
7,0.05,88,22,6,4
7,0.05,89,20,5,7
7,0.05,90,25,6,1
7,0.05,91,34,12,3
7,0.05,92,39,8,3
7,0.05,93,30,0,9
7,0.05,94,39,10,1
7,0.05,95,42,6,3
7,0.05,96,26,0,16
7,0.05,97,33,10,3
7,0.05,98,32,5,6
7,0.05,99,30,8,10
7,0.05,100,31,6,5
7,0.05,101,25,1,7
7,0.05,102,39,15,1
7,0.05,103,28,0,11
7,0.05,104,31,6,3
7,0.05,105,34,6,3
7,0.05,106,31,6,9
7,0.05,107,26,5,10
7,0.05,108,30,10,6
7,0.05,109,21,2,11
7,0.05,110,38,17,0
7,0.05,111,34,2,6
7,0.05,112,37,7,4
7,0.05,113,39,3,1
7,0.05,114,36,1,4
7,0.05,115,39,3,0
7,0.05,116,34,0,5
7,0.05,117,36,3,1
7,0.05,118,39,3,0
7,0.05,119,38,1,2
7,0.05,120,40,3,1
7,0.05,121,37,0,3
7,0.05,122,37,0,0
7,0.05,123,36,1,2
7,0.05,124,34,2,4
7,0.05,125,39,6,1
7,0.05,126,35,1,5
7,0.05,127,36,1,0
7,0.05,128,37,1,0
7,0.05,129,36,0,1
7,0.05,130,38,2,0
7,0.05,131,29,0,9
7,0.05,132,30,1,0
7,0.05,133,29,1,2
7,0.05,134,31,2,0
7,0.05,135,33,3,1
7,0.05,136,33,0,0
7,0.05,137,27,0,6
7,0.05,138,31,4,0
7,0.05,139,29,3,5
7,0.05,140,31,6,4
7,0.05,141,28,1,4
7,0.05,142,23,3,8
7,0.05,143,14,1,10
7,0.05,144,21,9,2
7,0.05,145,25,6,2
7,0.05,146,30,5,0
7,0.05,147,32,2,0
7,0.05,148,25,0,7
7,0.05,149,25,2,2
7,0.05,150,31,6,0
7,0.05,151,31,2,2
7,0.05,152,23,2,10
7,0.05,153,31,10,2
7,0.05,154,28,2,5
7,0.05,155,31,3,0
7,0.05,156,25,0,6
7,0.05,157,25,3,3
7,0.05,158,28,4,1
7,0.05,159,21,2,9
7,0.05,160,20,5,6
7,0.05,161,26,10,4
7,0.05,162,23,3,6
7,0.05,163,27,5,1
7,0.05,164,26,1,2
7,0.05,165,22,1,5
7,0.05,166,23,3,2
7,0.05,167,19,3,7
7,0.05,168,24,7,2
7,0.05,169,24,3,3
7,0.05,170,26,5,3
7,0.05,171,28,3,1
7,0.05,172,29,1,0
7,0.05,173,26,2,5
7,0.05,174,20,1,7
7,0.05,175,27,7,0
7,0.05,176,23,0,4
7,0.05,177,25,4,2
7,0.05,178,9,1,17
7,0.05,179,20,14,3
7,0.05,180,21,4,3
7,0.05,181,22,2,1
7,0.05,182,19,1,4
7,0.05,183,25,7,1
7,0.05,184,20,4,9
7,0.05,185,26,7,1
7,0.05,186,28,2,0
7,0.05,187,21,0,7
7,0.05,188,26,7,2
7,0.05,189,21,1,6
7,0.05,190,22,5,4
7,0.05,191,25,4,1
7,0.05,192,27,3,1
7,0.05,193,27,2,2
7,0.05,194,30,3,0
7,0.05,195,29,0,1
7,0.05,196,21,0,8
7,0.05,197,25,4,0
7,0.05,198,22,0,3
7,0.05,199,24,3,1
7,0.05,200,22,0,2
7,0.05,201,25,3,0
7,0.05,202,25,1,1
7,0.05,203,25,0,0
7,0.05,204,23,0,2
7,0.05,205,23,0,0
7,0.05,206,24,1,0
7,0.05,207,25,1,0
7,0.05,208,25,0,0
7,0.05,209,26,1,0
7,0.05,210,25,0,1
7,0.05,211,24,0,1
7,0.05,212,26,2,0
7,0.05,213,26,0,0
7,0.05,214,26,1,1
7,0.05,215,15,0,11
7,0.05,216,23,8,0
7,0.05,217,26,3,0
7,0.05,218,15,0,11
7,0.05,219,18,3,0
7,0.05,220,12,0,6
7,0.05,221,14,2,0
7,0.05,222,13,1,2
7,0.05,223,17,5,1
7,0.05,224,22,5,0
7,0.05,225,19,0,3
7,0.05,226,20,1,0
7,0.05,227,22,2,0
7,0.05,228,23,1,0
7,0.05,229,19,0,4
7,0.05,230,21,3,1
7,0.05,231,22,2,1
7,0.05,232,20,0,2
7,0.05,233,21,1,0
7,0.05,234,22,2,1
7,0.05,235,20,0,2
7,0.05,236,20,1,1
7,0.05,237,19,0,1
7,0.05,238,22,3,0
7,0.05,239,19,0,3
7,0.05,240,19,0,0
7,0.05,241,18,0,1
7,0.05,242,21,3,0
7,0.05,243,19,0,2
7,0.05,244,22,3,0
7,0.05,245,22,0,0
7,0.05,246,22,0,0
7,0.05,247,21,0,1
7,0.05,248,22,1,0
7,0.05,249,21,0,1
7,0.05,250,20,0,1
7,0.05,251,20,0,0
7,0.05,252,20,0,0
7,0.05,253,20,0,0
7,0.05,254,20,0,0
7,0.05,255,19,0,1
7,0.05,256,20,1,0
7,0.05,257,20,0,0
7,0.05,258,20,0,0
7,0.05,259,20,0,0
7,0.05,260,19,0,1
7,0.05,261,19,0,0
7,0.05,262,20,1,0
7,0.05,263,19,1,2
7,0.05,264,18,1,2
7,0.05,265,14,1,5
7,0.05,266,16,3,1
7,0.05,267,16,0,0
7,0.05,268,12,0,4
7,0.05,269,14,2,0
7,0.05,270,18,4,0
7,0.05,271,12,0,6
7,0.05,272,18,7,1
7,0.05,273,18,2,2
7,0.05,274,20,3,1
7,0.05,275,19,0,1
7,0.05,276,19,0,0
7,0.05,277,19,0,0
7,0.05,278,19,0,0
7,0.05,279,15,0,4
7,0.05,280,19,4,0
7,0.05,281,20,1,0
7,0.05,282,18,0,2
7,0.05,283,19,2,1
7,0.05,284,19,0,0
7,0.05,285,20,1,0
7,0.05,286,15,0,5
7,0.05,287,17,3,1
7,0.05,288,18,1,0
7,0.05,289,19,1,0
7,0.05,290,20,1,0
7,0.05,291,19,0,1
7,0.05,292,18,0,1
7,0.05,293,16,0,2
7,0.05,294,19,3,0
7,0.05,295,17,0,2
7,0.05,296,18,2,1
7,0.05,297,18,1,1
7,0.05,298,19,1,0
7,0.05,299,19,0,0
7,0.05,300,13,0,6
7,0.05,301,16,3,0
7,0.05,302,16,2,2
7,0.05,303,15,2,3
7,0.05,304,13,0,2
7,0.05,305,15,4,2
7,0.05,306,15,2,2
7,0.05,307,11,1,5
7,0.05,308,11,1,1
7,0.05,309,11,1,1
7,0.05,310,13,3,1
7,0.05,311,13,1,1
7,0.05,312,14,1,0
7,0.05,313,14,0,0
7,0.05,314,14,0,0
7,0.05,315,14,0,0
7,0.05,316,14,0,0
7,0.05,317,14,0,0
7,0.05,318,14,0,0
7,0.05,319,14,0,0
7,0.05,320,14,0,0
7,0.05,321,14,0,0
7,0.05,322,14,0,0
7,0.05,323,14,0,0
7,0.05,324,14,0,0
7,0.05,325,14,0,0
7,0.05,326,14,0,0
7,0.05,327,14,0,0
7,0.05,328,14,0,0
7,0.05,329,14,0,0
7,0.05,330,14,0,0
7,0.05,331,14,0,0
7,0.05,332,14,0,0
7,0.05,333,15,1,0
7,0.05,334,14,0,1
7,0.05,335,14,0,0
7,0.05,336,14,0,0
7,0.05,337,14,0,0
7,0.05,338,14,0,0
7,0.05,339,14,0,0
7,0.05,340,14,0,0
7,0.05,341,14,0,0
7,0.05,342,14,0,0
7,0.05,343,14,0,0
7,0.05,344,14,0,0
7,0.05,345,14,0,0
7,0.05,346,14,0,0
7,0.05,347,14,0,0
7,0.05,348,14,0,0
7,0.05,349,14,0,0
7,0.05,350,14,0,0
7,0.05,351,14,0,0
7,0.05,352,14,0,0
7,0.05,353,14,0,0
7,0.05,354,14,0,0
7,0.05,355,14,0,0
7,0.05,356,14,0,0
7,0.05,357,14,0,0
7,0.05,358,14,0,0
7,0.05,359,14,0,0
7,0.05,360,14,0,0
7,0.05,361,14,0,0
7,0.05,362,14,0,0
7,0.05,363,15,1,0
7,0.05,364,14,0,1
7,0.05,365,15,1,0
7,0.05,366,14,0,1
7,0.05,367,14,0,0
7,0.05,368,14,0,0
7,0.05,369,14,0,0
7,0.05,370,14,0,0
7,0.05,371,14,0,0
7,0.05,372,14,0,0
7,0.05,373,14,0,0
7,0.05,374,14,0,0
7,0.05,375,14,0,0
7,0.05,376,14,0,0
7,0.05,377,14,0,0
7,0.05,378,14,0,0
7,0.05,379,14,0,0
7,0.05,380,14,0,0
7,0.05,381,14,0,0
7,0.05,382,14,0,0
7,0.05,383,14,0,0
7,0.05,384,14,0,0
7,0.05,385,14,0,0
7,0.05,386,14,0,0
7,0.05,387,14,0,0
7,0.05,388,14,0,0
7,0.05,389,14,0,0
7,0.05,390,14,0,0
7,0.05,391,14,0,0
7,0.05,392,14,0,0
7,0.05,393,14,0,0
7,0.05,394,15,1,0
7,0.05,395,14,0,1
7,0.05,396,14,0,0
7,0.05,397,14,0,0
7,0.05,398,14,0,0
7,0.05,399,14,0,0
7,0.05,400,14,0,0
7,0.05,401,14,0,0
7,0.05,402,14,0,0
7,0.05,403,14,0,0
7,0.05,404,12,0,2
7,0.05,405,14,2,0
7,0.05,406,14,0,0
7,0.05,407,14,0,0
7,0.05,408,15,1,0
7,0.05,409,15,0,0
7,0.05,410,14,0,1
7,0.05,411,14,0,0
7,0.05,412,14,0,0
7,0.05,413,14,0,0
7,0.05,414,14,0,0
7,0.05,415,14,0,0
7,0.05,416,14,0,0
7,0.05,417,13,0,1
7,0.05,418,14,1,0
7,0.05,419,9,0,5
7,0.05,420,8,0,1
7,0.05,421,13,5,0
7,0.05,422,13,0,0
7,0.05,423,15,2,0
7,0.05,424,14,1,2
7,0.05,425,14,0,0
7,0.05,426,14,0,0
7,0.05,427,14,0,0
7,0.05,428,14,1,1
7,0.05,429,14,1,1
7,0.05,430,14,0,0
7,0.05,431,15,1,0
7,0.05,432,14,0,1
7,0.05,433,14,0,0
7,0.05,434,15,1,0
7,0.05,435,14,0,1
7,0.05,436,14,0,0
7,0.05,437,14,0,0
7,0.05,438,14,0,0
7,0.05,439,15,1,0
7,0.05,440,14,0,1
7,0.05,441,14,0,0
7,0.05,442,14,0,0
7,0.05,443,14,0,0
7,0.05,444,14,0,0
7,0.05,445,14,0,0
7,0.05,446,15,1,0
7,0.05,447,14,0,1
7,0.05,448,14,0,0
7,0.05,449,14,0,0
7,0.05,450,14,0,0
7,0.05,451,14,0,0
7,0.05,452,14,0,0
7,0.05,453,14,0,0
7,0.05,454,14,0,0
7,0.05,455,14,0,0
7,0.05,456,14,0,0
7,0.05,457,14,0,0
7,0.05,458,14,0,0
7,0.05,459,15,1,0
7,0.05,460,15,0,0
7,0.05,461,14,0,1
7,0.05,462,14,0,0
7,0.05,463,15,1,0
7,0.05,464,14,0,1
7,0.05,465,13,0,1
7,0.05,466,14,1,0
7,0.05,467,13,0,1
7,0.05,468,13,0,0
7,0.05,469,6,0,7
7,0.05,470,13,7,0
7,0.05,471,9,0,4
7,0.05,472,14,5,0
7,0.05,473,14,0,0
7,0.05,474,14,0,0
7,0.05,475,14,0,0
7,0.05,476,14,0,0
7,0.05,477,14,0,0
7,0.05,478,6,0,8
7,0.05,479,13,7,0
7,0.05,480,13,0,0
7,0.05,481,13,0,0
7,0.05,482,14,1,0
7,0.05,483,14,0,0
7,0.05,484,14,0,0
7,0.05,485,13,0,1
7,0.05,486,13,0,0
7,0.05,487,14,1,0
7,0.05,488,14,0,0
7,0.05,489,14,0,0
7,0.05,490,13,0,1
7,0.05,491,13,0,0
7,0.05,492,13,0,0
7,0.05,493,13,0,0
7,0.05,494,14,1,0
7,0.05,495,13,0,1
7,0.05,496,13,0,0
7,0.05,497,13,0,0
7,0.05,498,13,0,0
7,0.05,499,13,0,0
7,0.05,500,13,0,0
7,0.05,501,13,0,0
7,0.05,502,13,0,0
7,0.05,503,14,1,0
7,0.05,504,13,0,1
7,0.05,505,13,0,0
7,0.05,506,13,0,0
7,0.05,507,14,1,0
7,0.05,508,13,0,1
7,0.05,509,12,0,1
7,0.05,510,13,1,0
7,0.05,511,13,0,0
7,0.05,512,13,0,0
7,0.05,513,13,0,0
7,0.05,514,13,0,0
7,0.05,515,13,0,0
7,0.05,516,13,0,0
7,0.05,517,13,0,0
7,0.05,518,13,0,0
7,0.05,519,13,0,0
7,0.05,520,13,0,0
7,0.05,521,13,0,0
7,0.05,522,13,0,0
7,0.05,523,13,0,0
7,0.05,524,14,1,0
7,0.05,525,13,0,1
7,0.05,526,13,0,0
7,0.05,527,13,0,0
7,0.05,528,14,1,0
7,0.05,529,13,0,1
7,0.05,530,14,1,0
7,0.05,531,13,0,1
7,0.05,532,13,0,0
7,0.05,533,13,0,0
7,0.05,534,13,0,0
7,0.05,535,13,0,0
7,0.05,536,13,0,0
7,0.05,537,14,1,0
7,0.05,538,13,0,1
7,0.05,539,13,0,0
7,0.05,540,14,1,0
7,0.05,541,13,0,1
7,0.05,542,13,0,0
7,0.05,543,13,0,0
7,0.05,544,13,0,0
7,0.05,545,13,0,0
7,0.05,546,13,0,0
7,0.05,547,14,1,0
7,0.05,548,13,0,1
7,0.05,549,13,0,0
7,0.05,550,13,0,0
7,0.05,551,13,0,0
7,0.05,552,13,0,0
7,0.05,553,13,0,0
7,0.05,554,13,0,0
7,0.05,555,13,0,0
7,0.05,556,13,0,0
7,0.05,557,14,1,0
7,0.05,558,13,0,1
7,0.05,559,14,1,0
7,0.05,560,13,0,1
7,0.05,561,13,0,0
7,0.05,562,13,0,0
7,0.05,563,15,2,0
7,0.05,564,13,0,2
7,0.05,565,13,0,0
7,0.05,566,13,0,0
7,0.05,567,13,0,0
7,0.05,568,13,0,0
7,0.05,569,13,0,0
7,0.05,570,14,1,0
7,0.05,571,13,0,1
7,0.05,572,14,1,0
7,0.05,573,13,0,1
7,0.05,574,14,1,0
7,0.05,575,14,0,0
7,0.05,576,14,0,0
7,0.05,577,15,2,1
7,0.05,578,13,0,2
7,0.05,579,13,0,0
7,0.05,580,14,1,0
7,0.05,581,14,0,0
7,0.05,582,14,0,0
7,0.05,583,14,0,0
7,0.05,584,14,0,0
7,0.05,585,14,0,0
7,0.05,586,14,0,0
7,0.05,587,14,0,0
7,0.05,588,14,0,0
7,0.05,589,14,0,0
7,0.05,590,15,1,0
7,0.05,591,15,0,0
7,0.05,592,15,0,0
7,0.05,593,15,0,0
7,0.05,594,15,0,0
7,0.05,595,14,0,1
7,0.05,596,15,1,0
7,0.05,597,14,0,1
7,0.05,598,14,0,0
7,0.05,599,15,1,0
7,0.05,600,15,0,0
7,0.05,601,15,0,0
7,0.05,602,14,0,1
7,0.05,603,15,1,0
7,0.05,604,15,0,0
7,0.05,605,15,0,0
7,0.05,606,14,0,1
7,0.05,607,15,1,0
7,0.05,608,15,0,0
7,0.05,609,15,0,0
7,0.05,610,14,0,1
7,0.05,611,14,0,0
7,0.05,612,15,1,0
7,0.05,613,15,0,0
7,0.05,614,15,0,0
7,0.05,615,15,0,0
7,0.05,616,15,0,0
7,0.05,617,15,0,0
7,0.05,618,15,0,0
7,0.05,619,15,0,0
7,0.05,620,15,0,0
7,0.05,621,15,0,0
7,0.05,622,15,0,0
7,0.05,623,15,0,0
7,0.05,624,15,0,0
7,0.05,625,15,0,0
7,0.05,626,15,0,0
7,0.05,627,15,0,0
7,0.05,628,14,0,1
7,0.05,629,14,0,0
7,0.05,630,14,0,0
7,0.05,631,14,0,0
7,0.05,632,15,1,0
7,0.05,633,14,0,1
7,0.05,634,14,0,0
7,0.05,635,14,0,0
7,0.05,636,14,0,0
7,0.05,637,15,1,0
7,0.05,638,15,0,0
7,0.05,639,14,0,1
7,0.05,640,14,0,0
7,0.05,641,14,0,0
7,0.05,642,15,1,0
7,0.05,643,14,0,1
7,0.05,644,15,1,0
7,0.05,645,15,0,0
7,0.05,646,15,0,0
7,0.05,647,15,0,0
7,0.05,648,15,0,0
7,0.05,649,15,0,0
7,0.05,650,14,0,1
7,0.05,651,14,0,0
7,0.05,652,14,0,0
7,0.05,653,14,0,0
7,0.05,654,15,1,0
7,0.05,655,14,0,1
7,0.05,656,15,1,0
7,0.05,657,14,0,1
7,0.05,658,14,0,0
7,0.05,659,15,1,0
7,0.05,660,14,0,1
7,0.05,661,15,1,0
7,0.05,662,14,0,1
7,0.05,663,14,0,0
7,0.05,664,14,0,0
7,0.05,665,15,1,0
7,0.05,666,15,0,0
7,0.05,667,14,0,1
7,0.05,668,14,0,0
7,0.05,669,14,0,0
7,0.05,670,14,0,0
7,0.05,671,14,0,0
7,0.05,672,14,0,0
7,0.05,673,14,0,0
7,0.05,674,14,0,0
7,0.05,675,14,0,0
7,0.05,676,15,1,0
7,0.05,677,14,0,1
7,0.05,678,14,0,0
7,0.05,679,14,0,0
7,0.05,680,15,1,0
7,0.05,681,15,0,0
7,0.05,682,15,0,0
7,0.05,683,15,0,0
7,0.05,684,14,0,1
7,0.05,685,15,1,0
7,0.05,686,14,0,1
7,0.05,687,14,0,0
7,0.05,688,14,0,0
7,0.05,689,15,1,0
7,0.05,690,15,0,0
7,0.05,691,15,0,0
7,0.05,692,15,0,0
7,0.05,693,15,0,0
7,0.05,694,15,0,0
7,0.05,695,15,0,0
7,0.05,696,15,0,0
7,0.05,697,15,0,0
7,0.05,698,14,0,1
7,0.05,699,15,1,0
7,0.05,700,15,0,0
7,0.05,701,15,0,0
7,0.05,702,15,0,0
7,0.05,703,15,0,0
7,0.05,704,14,0,1
7,0.05,705,15,1,0
7,0.05,706,15,0,0
7,0.05,707,15,0,0
7,0.05,708,15,0,0
7,0.05,709,15,0,0
7,0.05,710,15,0,0
7,0.05,711,16,1,0
7,0.05,712,15,0,1
7,0.05,713,15,0,0
7,0.05,714,15,0,0
7,0.05,715,15,0,0
7,0.05,716,15,0,0
7,0.05,717,15,0,0
7,0.05,718,14,0,1
7,0.05,719,15,1,0
7,0.05,720,15,0,0
7,0.05,721,15,0,0
7,0.05,722,15,0,0
7,0.05,723,14,0,1
7,0.05,724,16,2,0
7,0.05,725,15,0,1
7,0.05,726,15,0,0
7,0.05,727,15,0,0
7,0.05,728,15,0,0
7,0.05,729,15,0,0
7,0.05,730,15,0,0
7,0.05,731,16,1,0
7,0.05,732,15,0,1
7,0.05,733,16,1,0
7,0.05,734,15,0,1
7,0.05,735,15,0,0
7,0.05,736,14,0,1
7,0.05,737,15,1,0
7,0.05,738,15,0,0
7,0.05,739,15,0,0
7,0.05,740,15,1,1
7,0.05,741,15,1,1
7,0.05,742,15,0,0
7,0.05,743,15,0,0
7,0.05,744,15,0,0
7,0.05,745,15,0,0
7,0.05,746,15,0,0
7,0.05,747,15,0,0
7,0.05,748,15,0,0
7,0.05,749,15,0,0
7,0.05,750,15,0,0
7,0.05,751,15,0,0
7,0.05,752,15,0,0
7,0.05,753,17,2,0
7,0.05,754,15,0,2
7,0.05,755,15,0,0
7,0.05,756,16,1,0
7,0.05,757,15,0,1
7,0.05,758,15,0,0
7,0.05,759,15,0,0
7,0.05,760,15,0,0
7,0.05,761,16,1,0
7,0.05,762,16,0,0
7,0.05,763,15,0,1
7,0.05,764,16,1,0
7,0.05,765,16,0,0
7,0.05,766,16,0,0
7,0.05,767,16,0,0
7,0.05,768,16,0,0
7,0.05,769,15,0,1
7,0.05,770,16,1,0
7,0.05,771,16,0,0
7,0.05,772,16,0,0
7,0.05,773,17,1,0
7,0.05,774,16,0,1
7,0.05,775,17,1,0
7,0.05,776,16,0,1
7,0.05,777,17,1,0
7,0.05,778,15,0,2
7,0.05,779,16,1,0
7,0.05,780,15,0,1
7,0.05,781,16,1,0
7,0.05,782,16,1,1
7,0.05,783,17,2,1
7,0.05,784,16,0,1
7,0.05,785,16,0,0
7,0.05,786,16,0,0
7,0.05,787,17,1,0
7,0.05,788,16,0,1
7,0.05,789,15,0,1
7,0.05,790,16,1,0
7,0.05,791,16,0,0
7,0.05,792,16,0,0
7,0.05,793,16,0,0
7,0.05,794,15,0,1
7,0.05,795,15,0,0
7,0.05,796,16,1,0
7,0.05,797,15,0,1
7,0.05,798,15,0,0
7,0.05,799,16,1,0
7,0.05,800,16,0,0
7,0.05,801,15,0,1
7,0.05,802,15,0,0
7,0.05,803,17,2,0
7,0.05,804,17,0,0
7,0.05,805,16,0,1
7,0.05,806,16,0,0
7,0.05,807,18,2,0
7,0.05,808,16,0,2
7,0.05,809,16,0,0
7,0.05,810,17,1,0
7,0.05,811,17,0,0
7,0.05,812,16,0,1
7,0.05,813,17,1,0
7,0.05,814,17,0,0
7,0.05,815,16,0,1
7,0.05,816,16,0,0
7,0.05,817,16,0,0
7,0.05,818,16,0,0
7,0.05,819,16,0,0
7,0.05,820,16,0,0
7,0.05,821,16,0,0
7,0.05,822,16,0,0
7,0.05,823,16,0,0
7,0.05,824,16,0,0
7,0.05,825,16,0,0
7,0.05,826,17,1,0
7,0.05,827,16,0,1
7,0.05,828,16,0,0
7,0.05,829,16,0,0
7,0.05,830,16,0,0
7,0.05,831,16,0,0
7,0.05,832,16,0,0
7,0.05,833,15,0,1
7,0.05,834,16,1,0
7,0.05,835,16,0,0
7,0.05,836,16,0,0
7,0.05,837,16,0,0
7,0.05,838,16,0,0
7,0.05,839,16,0,0
7,0.05,840,17,1,0
7,0.05,841,16,0,1
7,0.05,842,16,1,1
7,0.05,843,15,0,1
7,0.05,844,17,2,0
7,0.05,845,16,0,1
7,0.05,846,16,0,0
7,0.05,847,16,0,0
7,0.05,848,16,0,0
7,0.05,849,16,0,0
7,0.05,850,16,0,0
7,0.05,851,17,1,0
7,0.05,852,17,0,0
7,0.05,853,17,1,1
7,0.05,854,17,1,1
7,0.05,855,16,0,1
7,0.05,856,17,1,0
7,0.05,857,16,0,1
7,0.05,858,16,0,0
7,0.05,859,17,1,0
7,0.05,860,16,0,1
7,0.05,861,16,0,0
7,0.05,862,16,0,0
7,0.05,863,16,0,0
7,0.05,864,16,0,0
7,0.05,865,15,0,1
7,0.05,866,16,1,0
7,0.05,867,17,1,0
7,0.05,868,17,0,0
7,0.05,869,17,0,0
7,0.05,870,17,0,0
7,0.05,871,16,0,1
7,0.05,872,17,1,0
7,0.05,873,16,0,1
7,0.05,874,16,0,0
7,0.05,875,16,0,0
7,0.05,876,16,0,0
7,0.05,877,17,1,0
7,0.05,878,16,0,1
7,0.05,879,16,0,0
7,0.05,880,16,0,0
7,0.05,881,16,0,0
7,0.05,882,16,0,0
7,0.05,883,16,0,0
7,0.05,884,17,1,0
7,0.05,885,16,0,1
7,0.05,886,16,0,0
7,0.05,887,16,0,0
7,0.05,888,16,0,0
7,0.05,889,16,0,0
7,0.05,890,16,0,0
7,0.05,891,15,0,1
7,0.05,892,16,1,0
7,0.05,893,17,1,0
7,0.05,894,16,0,1
7,0.05,895,16,0,0
7,0.05,896,16,0,0
7,0.05,897,16,0,0
7,0.05,898,16,0,0
7,0.05,899,16,0,0
7,0.05,900,17,1,0
7,0.05,901,16,0,1
7,0.05,902,16,0,0
7,0.05,903,16,0,0
7,0.05,904,16,0,0
7,0.05,905,16,0,0
7,0.05,906,16,0,0
7,0.05,907,17,1,0
7,0.05,908,16,0,1
7,0.05,909,16,0,0
7,0.05,910,16,0,0
7,0.05,911,16,0,0
7,0.05,912,16,0,0
7,0.05,913,16,0,0
7,0.05,914,16,0,0
7,0.05,915,16,0,0
7,0.05,916,16,0,0
7,0.05,917,16,0,0
7,0.05,918,16,0,0
7,0.05,919,16,0,0
7,0.05,920,16,0,0
7,0.05,921,16,0,0
7,0.05,922,16,0,0
7,0.05,923,16,0,0
7,0.05,924,16,0,0
7,0.05,925,16,0,0
7,0.05,926,16,0,0
7,0.05,927,16,0,0
7,0.05,928,16,0,0
7,0.05,929,16,0,0
7,0.05,930,16,0,0
7,0.05,931,16,0,0
7,0.05,932,16,0,0
7,0.05,933,16,0,0
7,0.05,934,16,0,0
7,0.05,935,16,0,0
7,0.05,936,16,0,0
7,0.05,937,16,0,0
7,0.05,938,17,1,0
7,0.05,939,16,0,1
7,0.05,940,16,0,0
7,0.05,941,16,0,0
7,0.05,942,16,0,0
7,0.05,943,17,1,0
7,0.05,944,17,0,0
7,0.05,945,17,1,1
7,0.05,946,16,0,1
7,0.05,947,16,0,0
7,0.05,948,17,1,0
7,0.05,949,17,1,1
7,0.05,950,19,2,0
7,0.05,951,18,0,1
7,0.05,952,17,0,1
7,0.05,953,17,0,0
7,0.05,954,18,1,0
7,0.05,955,18,1,1
7,0.05,956,16,0,2
7,0.05,957,17,1,0
7,0.05,958,18,1,0
7,0.05,959,18,2,2
7,0.05,960,17,0,1
7,0.05,961,16,0,1
7,0.05,962,17,1,0
7,0.05,963,18,2,1
7,0.05,964,18,1,1
7,0.05,965,18,1,1
7,0.05,966,17,1,2
7,0.05,967,17,1,1
7,0.05,968,16,0,1
7,0.05,969,18,2,0
7,0.05,970,18,1,1
7,0.05,971,16,0,2
7,0.05,972,16,0,0
7,0.05,973,18,2,0
7,0.05,974,17,0,1
7,0.05,975,18,1,0
7,0.05,976,18,0,0
7,0.05,977,17,0,1
7,0.05,978,17,0,0
7,0.05,979,18,2,1
7,0.05,980,18,1,1
7,0.05,981,18,1,1
7,0.05,982,18,0,0
7,0.05,983,18,0,0
7,0.05,984,18,1,1
7,0.05,985,18,1,1
7,0.05,986,18,1,1
7,0.05,987,18,0,0
7,0.05,988,19,1,0
7,0.05,989,17,0,2
7,0.05,990,20,3,0
7,0.05,991,18,0,2
7,0.05,992,19,1,0
7,0.05,993,19,0,0
7,0.05,994,18,0,1
7,0.05,995,19,1,0
7,0.05,996,20,1,0
7,0.05,997,18,0,2
7,0.05,998,19,1,0
7,0.05,999,19,1,1
7,0.05,1000,18,0,1
7,0.05,1001,19,1,0
7,0.05,1002,19,0,0
7,0.05,1003,20,1,0
7,0.05,1004,19,1,2
7,0.05,1005,19,1,1
7,0.05,1006,19,0,0
7,0.05,1007,18,0,1
7,0.05,1008,19,1,0
7,0.05,1009,19,1,1
7,0.05,1010,18,0,1
7,0.05,1011,19,1,0
7,0.05,1012,19,1,1
7,0.05,1013,19,1,1
7,0.05,1014,18,0,1
7,0.05,1015,17,0,1
7,0.05,1016,19,2,0
7,0.05,1017,17,0,2
7,0.05,1018,17,0,0
7,0.05,1019,18,1,0
7,0.05,1020,20,2,0
7,0.05,1021,19,0,1
7,0.05,1022,18,0,1
7,0.05,1023,19,1,0
7,0.05,1024,19,0,0
7,0.05,1025,19,0,0
7,0.05,1026,19,0,0
7,0.05,1027,18,0,1
7,0.05,1028,18,0,0
7,0.05,1029,18,0,0
7,0.05,1030,18,0,0
7,0.05,1031,18,0,0
7,0.05,1032,18,0,0
7,0.05,1033,18,0,0
7,0.05,1034,18,0,0
7,0.05,1035,18,0,0
7,0.05,1036,18,0,0
7,0.05,1037,18,0,0
7,0.05,1038,18,0,0
7,0.05,1039,19,1,0
7,0.05,1040,18,0,1
7,0.05,1041,18,0,0
7,0.05,1042,18,0,0
7,0.05,1043,18,0,0
7,0.05,1044,18,0,0
7,0.05,1045,17,0,1
7,0.05,1046,18,1,0
7,0.05,1047,18,0,0
7,0.05,1048,18,0,0
7,0.05,1049,18,0,0
7,0.05,1050,18,0,0
7,0.05,1051,18,0,0
7,0.05,1052,18,0,0
7,0.05,1053,18,0,0
7,0.05,1054,18,0,0
7,0.05,1055,18,0,0
7,0.05,1056,18,0,0
7,0.05,1057,18,0,0
7,0.05,1058,18,0,0
7,0.05,1059,18,0,0
7,0.05,1060,18,0,0
7,0.05,1061,19,1,0
7,0.05,1062,18,0,1
7,0.05,1063,18,0,0
7,0.05,1064,18,0,0
7,0.05,1065,18,0,0
7,0.05,1066,18,0,0
7,0.05,1067,18,0,0
7,0.05,1068,18,0,0
7,0.05,1069,18,0,0
7,0.05,1070,18,0,0
7,0.05,1071,18,0,0
7,0.05,1072,18,0,0
7,0.05,1073,18,0,0
7,0.05,1074,18,0,0
7,0.05,1075,18,0,0
7,0.05,1076,18,0,0
7,0.05,1077,18,0,0
7,0.05,1078,18,0,0
7,0.05,1079,18,0,0
7,0.05,1080,18,0,0
7,0.05,1081,18,0,0
7,0.05,1082,18,0,0
7,0.05,1083,18,0,0
7,0.05,1084,18,0,0
7,0.05,1085,18,0,0
7,0.05,1086,18,0,0
7,0.05,1087,18,0,0
7,0.05,1088,18,0,0
7,0.05,1089,18,0,0
7,0.05,1090,18,0,0
7,0.05,1091,18,0,0
7,0.05,1092,18,0,0
7,0.05,1093,18,0,0
7,0.05,1094,18,0,0
7,0.05,1095,18,0,0
7,0.05,1096,18,0,0
7,0.05,1097,18,0,0
7,0.05,1098,18,0,0
7,0.05,1099,18,0,0
7,0.05,1100,18,0,0
7,0.05,1101,18,0,0
7,0.05,1102,18,0,0
7,0.05,1103,18,0,0
7,0.05,1104,18,0,0
7,0.05,1105,18,0,0
7,0.05,1106,18,0,0
7,0.05,1107,18,0,0
7,0.05,1108,19,1,0
7,0.05,1109,18,0,1
7,0.05,1110,19,1,0
7,0.05,1111,18,0,1
7,0.05,1112,20,2,0
7,0.05,1113,19,0,1
7,0.05,1114,19,0,0
7,0.05,1115,19,0,0
7,0.05,1116,20,1,0
7,0.05,1117,19,0,1
7,0.05,1118,19,0,0
7,0.05,1119,20,1,0
7,0.05,1120,19,0,1
7,0.05,1121,19,0,0
7,0.05,1122,19,0,0
7,0.05,1123,20,1,0
7,0.05,1124,19,0,1
7,0.05,1125,19,0,0
7,0.05,1126,19,0,0
7,0.05,1127,19,0,0
7,0.05,1128,19,0,0
7,0.05,1129,19,0,0
7,0.05,1130,19,0,0
7,0.05,1131,20,1,0
7,0.05,1132,19,0,1
7,0.05,1133,19,0,0
7,0.05,1134,19,0,0
7,0.05,1135,19,0,0
7,0.05,1136,19,0,0
7,0.05,1137,19,0,0
7,0.05,1138,19,0,0
7,0.05,1139,19,0,0
7,0.05,1140,18,0,1
7,0.05,1141,19,1,0
7,0.05,1142,19,0,0
7,0.05,1143,19,0,0
7,0.05,1144,19,0,0
7,0.05,1145,19,0,0
7,0.05,1146,18,0,1
7,0.05,1147,19,1,0
7,0.05,1148,19,0,0
7,0.05,1149,19,0,0
7,0.05,1150,18,0,1
7,0.05,1151,18,0,0
7,0.05,1152,19,1,0
7,0.05,1153,19,0,0
7,0.05,1154,19,0,0
7,0.05,1155,20,1,0
7,0.05,1156,18,0,2
7,0.05,1157,19,1,0
7,0.05,1158,18,0,1
7,0.05,1159,18,0,0
7,0.05,1160,19,1,0
7,0.05,1161,18,0,1
7,0.05,1162,18,0,0
7,0.05,1163,18,0,0
7,0.05,1164,18,0,0
7,0.05,1165,18,0,0
7,0.05,1166,18,0,0
7,0.05,1167,18,0,0
7,0.05,1168,18,0,0
7,0.05,1169,18,0,0
7,0.05,1170,18,0,0
7,0.05,1171,18,0,0
7,0.05,1172,18,0,0
7,0.05,1173,18,0,0
7,0.05,1174,18,0,0
7,0.05,1175,18,0,0
7,0.05,1176,18,0,0
7,0.05,1177,18,0,0
7,0.05,1178,18,0,0
7,0.05,1179,18,0,0
7,0.05,1180,18,0,0
7,0.05,1181,18,0,0
7,0.05,1182,18,0,0
7,0.05,1183,18,0,0
7,0.05,1184,18,0,0
7,0.05,1185,18,0,0
7,0.05,1186,18,0,0
7,0.05,1187,14,0,4
7,0.05,1188,18,4,0
7,0.05,1189,18,0,0
7,0.05,1190,18,0,0
7,0.05,1191,16,0,2
7,0.05,1192,14,0,2
7,0.05,1193,18,4,0
7,0.05,1194,18,0,0
7,0.05,1195,17,0,1
7,0.05,1196,19,2,0
7,0.05,1197,18,0,1
7,0.05,1198,18,0,0
7,0.05,1199,19,1,0
7,0.05,1200,17,0,2
7,0.05,1201,18,1,0
7,0.05,1202,18,0,0
7,0.05,1203,18,0,0
7,0.05,1204,18,0,0
7,0.05,1205,18,0,0
7,0.05,1206,18,0,0
7,0.05,1207,18,0,0
7,0.05,1208,18,0,0
7,0.05,1209,18,0,0
7,0.05,1210,18,0,0
7,0.05,1211,18,0,0
7,0.05,1212,18,0,0
7,0.05,1213,19,1,0
7,0.05,1214,18,0,1
7,0.05,1215,18,0,0
7,0.05,1216,18,0,0
7,0.05,1217,18,0,0
7,0.05,1218,18,0,0
7,0.05,1219,19,1,0
7,0.05,1220,18,0,1
7,0.05,1221,18,0,0
7,0.05,1222,19,1,0
7,0.05,1223,18,0,1
7,0.05,1224,14,0,4
7,0.05,1225,18,4,0
7,0.05,1226,18,0,0
7,0.05,1227,18,0,0
7,0.05,1228,18,0,0
7,0.05,1229,18,0,0
7,0.05,1230,18,0,0
7,0.05,1231,18,0,0
7,0.05,1232,18,0,0
7,0.05,1233,18,0,0
7,0.05,1234,18,0,0
7,0.05,1235,18,0,0
7,0.05,1236,18,0,0
7,0.05,1237,18,0,0
7,0.05,1238,18,0,0
7,0.05,1239,18,0,0
7,0.05,1240,18,0,0
7,0.05,1241,18,0,0
7,0.05,1242,19,1,0
7,0.05,1243,18,0,1
7,0.05,1244,18,0,0
7,0.05,1245,18,0,0
7,0.05,1246,18,0,0
7,0.05,1247,18,0,0
7,0.05,1248,18,0,0
7,0.05,1249,18,0,0
7,0.05,1250,18,0,0
7,0.05,1251,18,0,0
7,0.05,1252,18,0,0
7,0.05,1253,17,0,1
7,0.05,1254,18,1,0
7,0.05,1255,17,0,1
7,0.05,1256,17,0,0
7,0.05,1257,18,1,0
7,0.05,1258,15,0,3
7,0.05,1259,18,3,0
7,0.05,1260,17,0,1
7,0.05,1261,17,0,0
7,0.05,1262,15,0,2
7,0.05,1263,18,3,0
7,0.05,1264,18,0,0
7,0.05,1265,14,0,4
7,0.05,1266,14,0,0
7,0.05,1267,14,0,0
7,0.05,1268,17,3,0
7,0.05,1269,19,2,0
7,0.05,1270,17,0,2
7,0.05,1271,17,0,0
7,0.05,1272,18,1,0
7,0.05,1273,18,0,0
7,0.05,1274,16,0,2
7,0.05,1275,16,0,0
7,0.05,1276,17,1,0
7,0.05,1277,18,1,0
7,0.05,1278,14,0,4
7,0.05,1279,18,4,0
7,0.05,1280,14,0,4
7,0.05,1281,18,4,0
7,0.05,1282,18,0,0
7,0.05,1283,18,1,1
7,0.05,1284,18,1,1
7,0.05,1285,18,0,0
7,0.05,1286,17,0,1
7,0.05,1287,17,0,0
7,0.05,1288,18,1,0
7,0.05,1289,18,0,0
7,0.05,1290,17,0,1
7,0.05,1291,18,1,0
7,0.05,1292,18,0,0
7,0.05,1293,18,0,0
7,0.05,1294,18,0,0
7,0.05,1295,15,0,3
7,0.05,1296,17,2,0
7,0.05,1297,17,0,0
7,0.05,1298,14,0,3
7,0.05,1299,18,4,0
7,0.05,1300,17,0,1
7,0.05,1301,17,0,0
7,0.05,1302,17,0,0
7,0.05,1303,17,0,0
7,0.05,1304,14,0,3
7,0.05,1305,17,3,0
7,0.05,1306,14,0,3
7,0.05,1307,14,0,0
7,0.05,1308,16,2,0
7,0.05,1309,17,1,0
7,0.05,1310,16,0,1
7,0.05,1311,17,1,0
7,0.05,1312,17,0,0
7,0.05,1313,14,0,3
7,0.05,1314,14,0,0
7,0.05,1315,17,3,0
7,0.05,1316,16,0,1
7,0.05,1317,16,0,0
7,0.05,1318,16,0,0
7,0.05,1319,17,1,0
7,0.05,1320,17,0,0
7,0.05,1321,17,0,0
7,0.05,1322,16,0,1
7,0.05,1323,17,1,0
7,0.05,1324,17,0,0
7,0.05,1325,17,0,0
7,0.05,1326,17,0,0
7,0.05,1327,17,0,0
7,0.05,1328,17,0,0
7,0.05,1329,17,0,0
7,0.05,1330,18,1,0
7,0.05,1331,17,0,1
7,0.05,1332,17,0,0
7,0.05,1333,17,0,0
7,0.05,1334,17,0,0
7,0.05,1335,17,0,0
7,0.05,1336,17,0,0
7,0.05,1337,17,0,0
7,0.05,1338,17,0,0
7,0.05,1339,17,0,0
7,0.05,1340,17,0,0
7,0.05,1341,18,1,0
7,0.05,1342,17,0,1
7,0.05,1343,18,1,0
7,0.05,1344,17,0,1
7,0.05,1345,17,0,0
7,0.05,1346,17,0,0
7,0.05,1347,18,1,0
7,0.05,1348,17,0,1
7,0.05,1349,18,1,0
7,0.05,1350,17,0,1
7,0.05,1351,18,1,0
7,0.05,1352,18,1,1
7,0.05,1353,18,1,1
7,0.05,1354,17,0,1
7,0.05,1355,17,0,0
7,0.05,1356,17,0,0
7,0.05,1357,17,0,0
7,0.05,1358,17,0,0
7,0.05,1359,18,1,0
7,0.05,1360,17,0,1
7,0.05,1361,18,1,0
7,0.05,1362,17,0,1
7,0.05,1363,17,0,0
7,0.05,1364,17,0,0
7,0.05,1365,17,0,0
7,0.05,1366,17,0,0
7,0.05,1367,18,1,0
7,0.05,1368,18,0,0
7,0.05,1369,17,0,1
7,0.05,1370,18,1,0
7,0.05,1371,18,0,0
7,0.05,1372,19,2,1
7,0.05,1373,17,0,2
7,0.05,1374,18,1,0
7,0.05,1375,18,0,0
7,0.05,1376,18,1,1
7,0.05,1377,18,1,1
7,0.05,1378,17,0,1
7,0.05,1379,18,1,0
7,0.05,1380,18,0,0
7,0.05,1381,18,0,0
7,0.05,1382,18,0,0
7,0.05,1383,19,1,0
7,0.05,1384,18,0,1
7,0.05,1385,18,0,0
7,0.05,1386,18,0,0
7,0.05,1387,18,0,0
7,0.05,1388,18,1,1
7,0.05,1389,18,1,1
7,0.05,1390,18,0,0
7,0.05,1391,18,0,0
7,0.05,1392,18,0,0
7,0.05,1393,18,0,0
7,0.05,1394,18,0,0
7,0.05,1395,18,0,0
7,0.05,1396,18,0,0
7,0.05,1397,18,0,0
7,0.05,1398,18,0,0
7,0.05,1399,18,0,0
7,0.05,1400,18,0,0
7,0.05,1401,18,0,0
7,0.05,1402,18,0,0
7,0.05,1403,18,0,0
7,0.05,1404,18,0,0
7,0.05,1405,19,1,0
7,0.05,1406,18,0,1
7,0.05,1407,18,0,0
7,0.05,1408,18,0,0
7,0.05,1409,18,0,0
7,0.05,1410,18,0,0
7,0.05,1411,18,0,0
7,0.05,1412,18,0,0
7,0.05,1413,18,0,0
7,0.05,1414,18,0,0
7,0.05,1415,18,0,0
7,0.05,1416,18,0,0
7,0.05,1417,18,0,0
7,0.05,1418,18,0,0
7,0.05,1419,18,0,0
7,0.05,1420,18,0,0
7,0.05,1421,18,0,0
7,0.05,1422,19,1,0
7,0.05,1423,18,0,1
7,0.05,1424,18,0,0
7,0.05,1425,18,0,0
7,0.05,1426,18,0,0
7,0.05,1427,18,0,0
7,0.05,1428,18,0,0
7,0.05,1429,18,0,0
7,0.05,1430,18,0,0
7,0.05,1431,18,0,0
7,0.05,1432,18,0,0
7,0.05,1433,18,0,0
7,0.05,1434,18,0,0
7,0.05,1435,18,0,0
7,0.05,1436,18,0,0
7,0.05,1437,18,0,0
7,0.05,1438,18,0,0
7,0.05,1439,19,1,0
7,0.05,1440,18,0,1
7,0.05,1441,18,0,0
7,0.05,1442,18,0,0
7,0.05,1443,18,0,0
7,0.05,1444,19,1,0
7,0.05,1445,18,0,1
7,0.05,1446,18,0,0
7,0.05,1447,19,1,0
7,0.05,1448,18,0,1
7,0.05,1449,18,0,0
7,0.05,1450,18,0,0
7,0.05,1451,18,0,0
7,0.05,1452,18,0,0
7,0.05,1453,18,0,0
7,0.05,1454,18,0,0
7,0.05,1455,18,0,0
7,0.05,1456,18,0,0
7,0.05,1457,18,0,0
7,0.05,1458,18,0,0
7,0.05,1459,18,0,0
7,0.05,1460,19,1,0
7,0.05,1461,18,0,1
7,0.05,1462,18,0,0
7,0.05,1463,18,0,0
7,0.05,1464,18,0,0
7,0.05,1465,18,0,0
7,0.05,1466,18,0,0
7,0.05,1467,18,0,0
7,0.05,1468,18,0,0
7,0.05,1469,18,0,0
7,0.05,1470,18,0,0
7,0.05,1471,18,0,0
7,0.05,1472,18,0,0
7,0.05,1473,19,1,0
7,0.05,1474,18,0,1
7,0.05,1475,18,0,0
7,0.05,1476,18,0,0
7,0.05,1477,18,0,0
7,0.05,1478,18,0,0
7,0.05,1479,18,0,0
7,0.05,1480,18,0,0
7,0.05,1481,18,0,0
7,0.05,1482,18,0,0
7,0.05,1483,18,0,0
7,0.05,1484,18,0,0
7,0.05,1485,18,0,0
7,0.05,1486,18,0,0
7,0.05,1487,18,0,0
7,0.05,1488,18,0,0
7,0.05,1489,18,0,0
7,0.05,1490,18,0,0
7,0.05,1491,18,0,0
7,0.05,1492,18,0,0
7,0.05,1493,18,0,0
7,0.05,1494,18,0,0
7,0.05,1495,18,0,0
7,0.05,1496,19,1,0
7,0.05,1497,18,0,1
7,0.05,1498,18,0,0
7,0.05,1499,18,0,0
7,0.05,1500,18,0,0
7,0.1,0,7,0,0
7,0.1,1,61,57,3
7,0.1,2,61,14,14
7,0.1,3,62,19,18
7,0.1,4,37,9,34
7,0.1,5,32,16,21
7,0.1,6,36,20,16
7,0.1,7,52,23,7
7,0.1,8,42,7,17
7,0.1,9,43,15,14
7,0.1,10,44,12,11
7,0.1,11,60,24,8
7,0.1,12,65,14,9
7,0.1,13,50,4,19
7,0.1,14,59,14,5
7,0.1,15,63,11,7
7,0.1,16,63,8,8
7,0.1,17,29,3,37
7,0.1,18,53,31,7
7,0.1,19,53,11,11
7,0.1,20,59,13,7
7,0.1,21,60,6,5
7,0.1,22,58,3,5
7,0.1,23,64,7,1
7,0.1,24,62,3,5
7,0.1,25,65,5,2
7,0.1,26,63,3,5
7,0.1,27,61,2,4
7,0.1,28,54,0,7
7,0.1,29,58,5,1
7,0.1,30,56,2,4
7,0.1,31,63,9,2
7,0.1,32,65,5,3
7,0.1,33,59,1,7
7,0.1,34,57,4,6
7,0.1,35,62,6,1
7,0.1,36,61,1,2
7,0.1,37,57,1,5
7,0.1,38,55,2,4
7,0.1,39,53,3,5
7,0.1,40,58,7,2
7,0.1,41,53,0,5
7,0.1,42,52,3,4
7,0.1,43,41,2,13
7,0.1,44,50,12,3
7,0.1,45,48,6,8
7,0.1,46,46,3,5
7,0.1,47,46,2,2
7,0.1,48,44,2,4
7,0.1,49,44,5,5
7,0.1,50,36,5,13
7,0.1,51,38,10,8
7,0.1,52,43,7,2
7,0.1,53,47,8,4
7,0.1,54,49,3,1
7,0.1,55,49,3,3
7,0.1,56,48,4,5
7,0.1,57,48,4,4
7,0.1,58,44,2,6
7,0.1,59,43,3,4
7,0.1,60,39,6,10
7,0.1,61,40,6,5
7,0.1,62,45,7,2
7,0.1,63,45,5,5
7,0.1,64,48,5,2
7,0.1,65,44,0,4
7,0.1,66,50,6,0
7,0.1,67,49,1,2
7,0.1,68,46,1,4
7,0.1,69,43,2,5
7,0.1,70,44,4,3
7,0.1,71,46,3,1
7,0.1,72,46,2,2
7,0.1,73,48,4,2
7,0.1,74,41,0,7
7,0.1,75,41,6,6
7,0.1,76,42,7,6
7,0.1,77,36,2,8
7,0.1,78,43,7,0
7,0.1,79,37,1,7
7,0.1,80,45,9,1
7,0.1,81,40,0,5
7,0.1,82,36,3,7
7,0.1,83,41,5,0
7,0.1,84,41,1,1
7,0.1,85,34,1,8
7,0.1,86,32,6,8
7,0.1,87,34,11,9
7,0.1,88,37,5,2
7,0.1,89,30,1,8
7,0.1,90,39,10,1
7,0.1,91,41,5,3
7,0.1,92,44,4,1
7,0.1,93,39,2,7
7,0.1,94,42,5,2
7,0.1,95,45,3,0
7,0.1,96,34,1,12
7,0.1,97,39,8,3
7,0.1,98,41,4,2
7,0.1,99,39,2,4
7,0.1,100,38,3,4
7,0.1,101,35,3,6
7,0.1,102,42,10,3
7,0.1,103,37,0,5
7,0.1,104,35,2,4
7,0.1,105,38,6,3
7,0.1,106,41,4,1
7,0.1,107,38,4,7
7,0.1,108,42,6,2
7,0.1,109,32,1,11
7,0.1,110,41,9,0
7,0.1,111,40,1,2
7,0.1,112,41,2,1
7,0.1,113,42,1,0
7,0.1,114,39,0,3
7,0.1,115,42,3,0
7,0.1,116,37,0,5
7,0.1,117,39,2,0
7,0.1,118,40,1,0
7,0.1,119,41,2,1
7,0.1,120,40,1,2
7,0.1,121,42,3,1
7,0.1,122,38,0,4
7,0.1,123,40,2,0
7,0.1,124,37,0,3
7,0.1,125,40,3,0
7,0.1,126,37,0,3
7,0.1,127,39,2,0
7,0.1,128,38,1,2
7,0.1,129,37,0,1
7,0.1,130,39,2,0
7,0.1,131,32,0,7
7,0.1,132,33,1,0
7,0.1,133,33,1,1
7,0.1,134,34,1,0
7,0.1,135,34,1,1
7,0.1,136,34,0,0
7,0.1,137,33,2,3
7,0.1,138,36,4,1
7,0.1,139,32,1,5
7,0.1,140,34,4,2
7,0.1,141,33,1,2
7,0.1,142,32,2,3
7,0.1,143,26,1,7
7,0.1,144,27,4,3
7,0.1,145,29,3,1
7,0.1,146,32,3,0
7,0.1,147,34,2,0
7,0.1,148,31,0,3
7,0.1,149,30,1,2
7,0.1,150,32,2,0
7,0.1,151,33,2,1
7,0.1,152,32,1,2
7,0.1,153,31,1,2
7,0.1,154,31,2,2
7,0.1,155,34,3,0
7,0.1,156,29,0,5
7,0.1,157,28,0,1
7,0.1,158,32,4,0
7,0.1,159,28,1,5
7,0.1,160,25,2,5
7,0.1,161,29,6,2
7,0.1,162,27,1,3
7,0.1,163,29,3,1
7,0.1,164,30,3,2
7,0.1,165,28,1,3
7,0.1,166,27,1,2
7,0.1,167,24,1,4
7,0.1,168,27,5,2
7,0.1,169,29,3,1
7,0.1,170,29,2,2
7,0.1,171,29,1,1
7,0.1,172,30,1,0
7,0.1,173,30,1,1
7,0.1,174,26,1,5
7,0.1,175,28,2,0
7,0.1,176,27,0,1
7,0.1,177,30,3,0
7,0.1,178,20,0,10
7,0.1,179,27,9,2
7,0.1,180,25,2,4
7,0.1,181,26,1,0
7,0.1,182,23,1,4
7,0.1,183,27,4,0
7,0.1,184,27,2,2
7,0.1,185,28,1,0
7,0.1,186,29,1,0
7,0.1,187,28,0,1
7,0.1,188,27,1,2
7,0.1,189,27,3,3
7,0.1,190,28,4,3
7,0.1,191,27,2,3
7,0.1,192,29,2,0
7,0.1,193,28,1,2
7,0.1,194,30,2,0
7,0.1,195,29,0,1
7,0.1,196,26,0,3
7,0.1,197,29,3,0
7,0.1,198,24,0,5
7,0.1,199,25,1,0
7,0.1,200,25,0,0
7,0.1,201,26,1,0
7,0.1,202,25,0,1
7,0.1,203,25,0,0
7,0.1,204,24,0,1
7,0.1,205,25,1,0
7,0.1,206,25,0,0
7,0.1,207,25,0,0
7,0.1,208,25,0,0
7,0.1,209,26,1,0
7,0.1,210,25,0,1
7,0.1,211,25,0,0
7,0.1,212,26,1,0
7,0.1,213,26,0,0
7,0.1,214,26,1,1
7,0.1,215,20,1,7
7,0.1,216,25,6,1
7,0.1,217,26,1,0
7,0.1,218,18,0,8
7,0.1,219,19,3,2
7,0.1,220,17,2,4
7,0.1,221,18,2,1
7,0.1,222,17,0,1
7,0.1,223,18,3,2
7,0.1,224,22,4,0
7,0.1,225,21,0,1
7,0.1,226,22,1,0
7,0.1,227,23,1,0
7,0.1,228,23,0,0
7,0.1,229,21,0,2
7,0.1,230,23,2,0
7,0.1,231,22,1,2
7,0.1,232,20,0,2
7,0.1,233,21,1,0
7,0.1,234,23,2,0
7,0.1,235,22,0,1
7,0.1,236,22,0,0
7,0.1,237,21,0,1
7,0.1,238,22,1,0
7,0.1,239,20,0,2
7,0.1,240,21,1,0
7,0.1,241,20,0,1
7,0.1,242,21,1,0
7,0.1,243,21,1,1
7,0.1,244,23,2,0
7,0.1,245,22,0,1
7,0.1,246,22,0,0
7,0.1,247,21,0,1
7,0.1,248,22,1,0
7,0.1,249,21,0,1
7,0.1,250,21,0,0
7,0.1,251,20,0,1
7,0.1,252,20,0,0
7,0.1,253,20,0,0
7,0.1,254,20,0,0
7,0.1,255,21,1,0
7,0.1,256,20,0,1
7,0.1,257,22,2,0
7,0.1,258,20,0,2
7,0.1,259,20,0,0
7,0.1,260,20,0,0
7,0.1,261,19,0,1
7,0.1,262,20,1,0
7,0.1,263,21,1,0
7,0.1,264,19,0,2
7,0.1,265,19,1,1
7,0.1,266,18,1,2
7,0.1,267,19,2,1
7,0.1,268,17,0,2
7,0.1,269,19,2,0
7,0.1,270,20,1,0
7,0.1,271,18,0,2
7,0.1,272,19,1,0
7,0.1,273,20,1,0
7,0.1,274,20,1,1
7,0.1,275,20,0,0
7,0.1,276,21,1,0
7,0.1,277,20,0,1
7,0.1,278,20,0,0
7,0.1,279,17,0,3
7,0.1,280,19,2,0
7,0.1,281,20,1,0
7,0.1,282,20,0,0
7,0.1,283,19,0,1
7,0.1,284,20,1,0
7,0.1,285,20,0,0
7,0.1,286,17,0,3
7,0.1,287,19,3,1
7,0.1,288,20,1,0
7,0.1,289,19,0,1
7,0.1,290,20,1,0
7,0.1,291,19,0,1
7,0.1,292,20,1,0
7,0.1,293,19,0,1
7,0.1,294,19,0,0
7,0.1,295,19,0,0
7,0.1,296,19,1,1
7,0.1,297,18,0,1
7,0.1,298,19,1,0
7,0.1,299,19,0,0
7,0.1,300,17,0,2
7,0.1,301,17,0,0
7,0.1,302,18,1,0
7,0.1,303,16,0,2
7,0.1,304,15,0,1
7,0.1,305,15,2,2
7,0.1,306,16,2,1
7,0.1,307,13,0,3
7,0.1,308,13,0,0
7,0.1,309,14,1,0
7,0.1,310,14,0,0
7,0.1,311,15,1,0
7,0.1,312,14,0,1
7,0.1,313,14,0,0
7,0.1,314,14,0,0
7,0.1,315,14,0,0
7,0.1,316,14,0,0
7,0.1,317,14,0,0
7,0.1,318,14,0,0
7,0.1,319,14,0,0
7,0.1,320,14,0,0
7,0.1,321,14,0,0
7,0.1,322,14,0,0
7,0.1,323,14,0,0
7,0.1,324,14,0,0
7,0.1,325,15,1,0
7,0.1,326,15,0,0
7,0.1,327,14,0,1
7,0.1,328,14,0,0
7,0.1,329,14,0,0
7,0.1,330,14,0,0
7,0.1,331,14,0,0
7,0.1,332,14,0,0
7,0.1,333,15,1,0
7,0.1,334,14,0,1
7,0.1,335,14,0,0
7,0.1,336,14,0,0
7,0.1,337,14,0,0
7,0.1,338,14,0,0
7,0.1,339,14,0,0
7,0.1,340,14,0,0
7,0.1,341,14,0,0
7,0.1,342,14,0,0
7,0.1,343,14,0,0
7,0.1,344,14,0,0
7,0.1,345,14,0,0
7,0.1,346,14,0,0
7,0.1,347,14,0,0
7,0.1,348,14,0,0
7,0.1,349,14,0,0
7,0.1,350,14,0,0
7,0.1,351,14,0,0
7,0.1,352,14,0,0
7,0.1,353,14,0,0
7,0.1,354,14,0,0
7,0.1,355,14,0,0
7,0.1,356,14,0,0
7,0.1,357,14,0,0
7,0.1,358,14,0,0
7,0.1,359,14,0,0
7,0.1,360,14,0,0
7,0.1,361,14,0,0
7,0.1,362,14,0,0
7,0.1,363,15,1,0
7,0.1,364,14,0,1
7,0.1,365,16,2,0
7,0.1,366,15,0,1
7,0.1,367,14,0,1
7,0.1,368,14,0,0
7,0.1,369,14,0,0
7,0.1,370,14,0,0
7,0.1,371,14,0,0
7,0.1,372,14,0,0
7,0.1,373,14,0,0
7,0.1,374,14,0,0
7,0.1,375,14,0,0
7,0.1,376,14,0,0
7,0.1,377,14,0,0
7,0.1,378,14,0,0
7,0.1,379,14,0,0
7,0.1,380,15,1,0
7,0.1,381,15,0,0
7,0.1,382,14,0,1
7,0.1,383,14,0,0
7,0.1,384,14,0,0
7,0.1,385,14,0,0
7,0.1,386,14,0,0
7,0.1,387,14,0,0
7,0.1,388,14,0,0
7,0.1,389,14,0,0
7,0.1,390,14,0,0
7,0.1,391,14,0,0
7,0.1,392,15,1,0
7,0.1,393,14,0,1
7,0.1,394,15,1,0
7,0.1,395,14,0,1
7,0.1,396,14,0,0
7,0.1,397,14,0,0
7,0.1,398,14,0,0
7,0.1,399,14,0,0
7,0.1,400,14,0,0
7,0.1,401,14,0,0
7,0.1,402,14,0,0
7,0.1,403,14,0,0
7,0.1,404,15,1,0
7,0.1,405,14,0,1
7,0.1,406,14,0,0
7,0.1,407,14,0,0
7,0.1,408,15,1,0
7,0.1,409,15,0,0
7,0.1,410,15,1,1
7,0.1,411,14,0,1
7,0.1,412,14,0,0
7,0.1,413,14,0,0
7,0.1,414,14,0,0
7,0.1,415,14,0,0
7,0.1,416,14,0,0
7,0.1,417,14,0,0
7,0.1,418,14,0,0
7,0.1,419,13,0,1
7,0.1,420,11,0,2
7,0.1,421,14,3,0
7,0.1,422,14,0,0
7,0.1,423,15,2,1
7,0.1,424,14,1,2
7,0.1,425,15,1,0
7,0.1,426,14,0,1
7,0.1,427,14,0,0
7,0.1,428,16,2,0
7,0.1,429,14,0,2
7,0.1,430,14,0,0
7,0.1,431,15,1,0
7,0.1,432,14,0,1
7,0.1,433,14,0,0
7,0.1,434,15,1,0
7,0.1,435,14,0,1
7,0.1,436,15,1,0
7,0.1,437,14,0,1
7,0.1,438,14,0,0
7,0.1,439,15,1,0
7,0.1,440,14,0,1
7,0.1,441,15,1,0
7,0.1,442,15,0,0
7,0.1,443,15,0,0
7,0.1,444,14,0,1
7,0.1,445,14,0,0
7,0.1,446,15,1,0
7,0.1,447,14,0,1
7,0.1,448,14,0,0
7,0.1,449,14,0,0
7,0.1,450,14,0,0
7,0.1,451,14,0,0
7,0.1,452,14,0,0
7,0.1,453,14,0,0
7,0.1,454,14,0,0
7,0.1,455,14,0,0
7,0.1,456,14,0,0
7,0.1,457,14,0,0
7,0.1,458,14,0,0
7,0.1,459,15,1,0
7,0.1,460,15,0,0
7,0.1,461,14,0,1
7,0.1,462,14,0,0
7,0.1,463,15,1,0
7,0.1,464,14,0,1
7,0.1,465,14,0,0
7,0.1,466,14,0,0
7,0.1,467,14,0,0
7,0.1,468,14,0,0
7,0.1,469,11,0,3
7,0.1,470,14,3,0
7,0.1,471,14,0,0
7,0.1,472,14,0,0
7,0.1,473,14,0,0
7,0.1,474,14,0,0
7,0.1,475,14,0,0
7,0.1,476,14,0,0
7,0.1,477,15,1,0
7,0.1,478,10,0,5
7,0.1,479,14,4,0
7,0.1,480,14,1,1
7,0.1,481,14,0,0
7,0.1,482,14,0,0
7,0.1,483,14,0,0
7,0.1,484,14,0,0
7,0.1,485,14,0,0
7,0.1,486,13,0,1
7,0.1,487,14,1,0
7,0.1,488,14,0,0
7,0.1,489,14,0,0
7,0.1,490,14,0,0
7,0.1,491,14,0,0
7,0.1,492,13,0,1
7,0.1,493,13,0,0
7,0.1,494,14,1,0
7,0.1,495,13,0,1
7,0.1,496,14,1,0
7,0.1,497,13,0,1
7,0.1,498,13,0,0
7,0.1,499,14,1,0
7,0.1,500,13,0,1
7,0.1,501,13,0,0
7,0.1,502,13,0,0
7,0.1,503,15,2,0
7,0.1,504,13,0,2
7,0.1,505,13,0,0
7,0.1,506,13,0,0
7,0.1,507,14,1,0
7,0.1,508,13,0,1
7,0.1,509,14,1,0
7,0.1,510,13,0,1
7,0.1,511,13,0,0
7,0.1,512,13,0,0
7,0.1,513,13,0,0
7,0.1,514,13,0,0
7,0.1,515,13,0,0
7,0.1,516,13,0,0
7,0.1,517,13,0,0
7,0.1,518,13,0,0
7,0.1,519,13,0,0
7,0.1,520,13,0,0
7,0.1,521,13,0,0
7,0.1,522,13,0,0
7,0.1,523,13,0,0
7,0.1,524,14,1,0
7,0.1,525,13,0,1
7,0.1,526,13,0,0
7,0.1,527,13,0,0
7,0.1,528,15,2,0
7,0.1,529,13,0,2
7,0.1,530,14,1,0
7,0.1,531,13,0,1
7,0.1,532,13,0,0
7,0.1,533,14,1,0
7,0.1,534,13,0,1
7,0.1,535,14,1,0
7,0.1,536,13,0,1
7,0.1,537,14,1,0
7,0.1,538,13,0,1
7,0.1,539,13,0,0
7,0.1,540,14,1,0
7,0.1,541,13,0,1
7,0.1,542,13,0,0
7,0.1,543,13,0,0
7,0.1,544,13,0,0
7,0.1,545,13,0,0
7,0.1,546,13,0,0
7,0.1,547,14,1,0
7,0.1,548,14,0,0
7,0.1,549,13,0,1
7,0.1,550,13,0,0
7,0.1,551,13,0,0
7,0.1,552,13,0,0
7,0.1,553,14,1,0
7,0.1,554,13,0,1
7,0.1,555,13,0,0
7,0.1,556,13,0,0
7,0.1,557,14,1,0
7,0.1,558,13,0,1
7,0.1,559,14,1,0
7,0.1,560,14,0,0
7,0.1,561,13,0,1
7,0.1,562,14,1,0
7,0.1,563,15,1,0
7,0.1,564,14,0,1
7,0.1,565,14,0,0
7,0.1,566,13,0,1
7,0.1,567,14,1,0
7,0.1,568,14,0,0
7,0.1,569,13,0,1
7,0.1,570,14,1,0
7,0.1,571,14,0,0
7,0.1,572,14,0,0
7,0.1,573,14,0,0
7,0.1,574,14,0,0
7,0.1,575,14,0,0
7,0.1,576,14,0,0
7,0.1,577,16,2,0
7,0.1,578,15,0,1
7,0.1,579,14,0,1
7,0.1,580,14,0,0
7,0.1,581,14,0,0
7,0.1,582,14,0,0
7,0.1,583,14,0,0
7,0.1,584,15,1,0
7,0.1,585,14,0,1
7,0.1,586,15,1,0
7,0.1,587,14,0,1
7,0.1,588,15,1,0
7,0.1,589,15,0,0
7,0.1,590,15,0,0
7,0.1,591,15,0,0
7,0.1,592,15,0,0
7,0.1,593,15,0,0
7,0.1,594,15,0,0
7,0.1,595,15,0,0
7,0.1,596,15,0,0
7,0.1,597,15,0,0
7,0.1,598,14,0,1
7,0.1,599,15,1,0
7,0.1,600,15,0,0
7,0.1,601,15,0,0
7,0.1,602,15,0,0
7,0.1,603,15,0,0
7,0.1,604,15,0,0
7,0.1,605,15,0,0
7,0.1,606,14,0,1
7,0.1,607,15,1,0
7,0.1,608,15,0,0
7,0.1,609,15,0,0
7,0.1,610,15,0,0
7,0.1,611,15,0,0
7,0.1,612,15,0,0
7,0.1,613,15,0,0
7,0.1,614,15,0,0
7,0.1,615,15,0,0
7,0.1,616,15,0,0
7,0.1,617,15,0,0
7,0.1,618,15,0,0
7,0.1,619,15,0,0
7,0.1,620,15,0,0
7,0.1,621,15,0,0
7,0.1,622,15,0,0
7,0.1,623,15,0,0
7,0.1,624,15,0,0
7,0.1,625,15,0,0
7,0.1,626,15,0,0
7,0.1,627,15,0,0
7,0.1,628,15,0,0
7,0.1,629,15,0,0
7,0.1,630,15,0,0
7,0.1,631,14,0,1
7,0.1,632,15,1,0
7,0.1,633,14,0,1
7,0.1,634,14,0,0
7,0.1,635,15,1,0
7,0.1,636,15,0,0
7,0.1,637,15,0,0
7,0.1,638,15,0,0
7,0.1,639,14,0,1
7,0.1,640,14,0,0
7,0.1,641,15,1,0
7,0.1,642,15,0,0
7,0.1,643,15,0,0
7,0.1,644,15,0,0
7,0.1,645,15,0,0
7,0.1,646,15,0,0
7,0.1,647,15,0,0
7,0.1,648,15,0,0
7,0.1,649,15,0,0
7,0.1,650,14,0,1
7,0.1,651,15,1,0
7,0.1,652,14,0,1
7,0.1,653,15,1,0
7,0.1,654,15,0,0
7,0.1,655,15,0,0
7,0.1,656,15,0,0
7,0.1,657,14,0,1
7,0.1,658,15,1,0
7,0.1,659,15,0,0
7,0.1,660,14,0,1
7,0.1,661,15,1,0
7,0.1,662,15,0,0
7,0.1,663,15,0,0
7,0.1,664,15,0,0
7,0.1,665,15,0,0
7,0.1,666,15,0,0
7,0.1,667,14,0,1
7,0.1,668,15,1,0
7,0.1,669,14,0,1
7,0.1,670,14,0,0
7,0.1,671,15,1,0
7,0.1,672,14,0,1
7,0.1,673,14,0,0
7,0.1,674,15,1,0
7,0.1,675,15,0,0
7,0.1,676,15,0,0
7,0.1,677,15,0,0
7,0.1,678,14,0,1
7,0.1,679,14,0,0
7,0.1,680,15,1,0
7,0.1,681,15,0,0
7,0.1,682,15,0,0
7,0.1,683,15,0,0
7,0.1,684,16,1,0
7,0.1,685,15,0,1
7,0.1,686,14,0,1
7,0.1,687,15,1,0
7,0.1,688,15,0,0
7,0.1,689,16,1,0
7,0.1,690,15,0,1
7,0.1,691,15,0,0
7,0.1,692,15,0,0
7,0.1,693,15,0,0
7,0.1,694,15,0,0
7,0.1,695,15,0,0
7,0.1,696,15,0,0
7,0.1,697,15,0,0
7,0.1,698,15,0,0
7,0.1,699,15,0,0
7,0.1,700,15,0,0
7,0.1,701,15,0,0
7,0.1,702,15,0,0
7,0.1,703,15,0,0
7,0.1,704,15,0,0
7,0.1,705,15,0,0
7,0.1,706,15,0,0
7,0.1,707,15,0,0
7,0.1,708,15,0,0
7,0.1,709,15,0,0
7,0.1,710,15,0,0
7,0.1,711,16,1,0
7,0.1,712,15,0,1
7,0.1,713,15,0,0
7,0.1,714,15,0,0
7,0.1,715,15,0,0
7,0.1,716,15,0,0
7,0.1,717,15,0,0
7,0.1,718,15,0,0
7,0.1,719,15,0,0
7,0.1,720,15,0,0
7,0.1,721,15,0,0
7,0.1,722,15,0,0
7,0.1,723,15,0,0
7,0.1,724,16,1,0
7,0.1,725,15,0,1
7,0.1,726,16,1,0
7,0.1,727,16,0,0
7,0.1,728,15,0,1
7,0.1,729,15,0,0
7,0.1,730,15,0,0
7,0.1,731,16,1,0
7,0.1,732,15,0,1
7,0.1,733,16,1,0
7,0.1,734,15,0,1
7,0.1,735,15,0,0
7,0.1,736,15,0,0
7,0.1,737,15,0,0
7,0.1,738,15,0,0
7,0.1,739,15,0,0
7,0.1,740,16,1,0
7,0.1,741,15,0,1
7,0.1,742,15,0,0
7,0.1,743,15,0,0
7,0.1,744,15,0,0
7,0.1,745,15,0,0
7,0.1,746,15,0,0
7,0.1,747,15,0,0
7,0.1,748,15,0,0
7,0.1,749,17,2,0
7,0.1,750,16,0,1
7,0.1,751,16,0,0
7,0.1,752,16,1,1
7,0.1,753,17,2,1
7,0.1,754,15,0,2
7,0.1,755,16,1,0
7,0.1,756,16,0,0
7,0.1,757,15,0,1
7,0.1,758,15,0,0
7,0.1,759,16,1,0
7,0.1,760,15,0,1
7,0.1,761,16,1,0
7,0.1,762,16,0,0
7,0.1,763,15,0,1
7,0.1,764,16,1,0
7,0.1,765,16,0,0
7,0.1,766,16,0,0
7,0.1,767,16,0,0
7,0.1,768,16,0,0
7,0.1,769,16,0,0
7,0.1,770,16,0,0
7,0.1,771,16,0,0
7,0.1,772,16,0,0
7,0.1,773,17,1,0
7,0.1,774,16,0,1
7,0.1,775,17,1,0
7,0.1,776,16,0,1
7,0.1,777,17,1,0
7,0.1,778,16,0,1
7,0.1,779,16,0,0
7,0.1,780,16,0,0
7,0.1,781,16,0,0
7,0.1,782,17,1,0
7,0.1,783,17,1,1
7,0.1,784,16,0,1
7,0.1,785,16,0,0
7,0.1,786,16,0,0
7,0.1,787,17,1,0
7,0.1,788,17,1,1
7,0.1,789,17,0,0
7,0.1,790,16,0,1
7,0.1,791,16,0,0
7,0.1,792,16,0,0
7,0.1,793,16,0,0
7,0.1,794,16,0,0
7,0.1,795,15,0,1
7,0.1,796,16,1,0
7,0.1,797,15,0,1
7,0.1,798,16,1,0
7,0.1,799,16,0,0
7,0.1,800,16,0,0
7,0.1,801,16,0,0
7,0.1,802,16,0,0
7,0.1,803,17,1,0
7,0.1,804,17,0,0
7,0.1,805,17,0,0
7,0.1,806,16,0,1
7,0.1,807,18,2,0
7,0.1,808,17,0,1
7,0.1,809,17,0,0
7,0.1,810,17,0,0
7,0.1,811,17,0,0
7,0.1,812,16,0,1
7,0.1,813,17,1,0
7,0.1,814,17,0,0
7,0.1,815,17,1,1
7,0.1,816,16,0,1
7,0.1,817,16,0,0
7,0.1,818,17,1,0
7,0.1,819,16,0,1
7,0.1,820,16,0,0
7,0.1,821,16,0,0
7,0.1,822,16,0,0
7,0.1,823,16,0,0
7,0.1,824,16,0,0
7,0.1,825,16,0,0
7,0.1,826,17,1,0
7,0.1,827,16,0,1
7,0.1,828,17,1,0
7,0.1,829,16,0,1
7,0.1,830,16,0,0
7,0.1,831,16,0,0
7,0.1,832,16,0,0
7,0.1,833,16,0,0
7,0.1,834,16,0,0
7,0.1,835,16,0,0
7,0.1,836,16,0,0
7,0.1,837,16,0,0
7,0.1,838,16,0,0
7,0.1,839,16,0,0
7,0.1,840,17,1,0
7,0.1,841,17,0,0
7,0.1,842,17,0,0
7,0.1,843,17,0,0
7,0.1,844,17,0,0
7,0.1,845,16,0,1
7,0.1,846,17,1,0
7,0.1,847,18,1,0
7,0.1,848,16,0,2
7,0.1,849,16,0,0
7,0.1,850,16,0,0
7,0.1,851,17,1,0
7,0.1,852,17,0,0
7,0.1,853,17,1,1
7,0.1,854,17,1,1
7,0.1,855,17,0,0
7,0.1,856,17,0,0
7,0.1,857,17,0,0
7,0.1,858,16,0,1
7,0.1,859,17,1,0
7,0.1,860,17,0,0
7,0.1,861,17,0,0
7,0.1,862,17,0,0
7,0.1,863,17,0,0
7,0.1,864,16,0,1
7,0.1,865,16,0,0
7,0.1,866,16,0,0
7,0.1,867,18,2,0
7,0.1,868,17,0,1
7,0.1,869,17,0,0
7,0.1,870,17,0,0
7,0.1,871,16,0,1
7,0.1,872,17,1,0
7,0.1,873,17,0,0
7,0.1,874,17,0,0
7,0.1,875,17,0,0
7,0.1,876,17,0,0
7,0.1,877,17,0,0
7,0.1,878,16,0,1
7,0.1,879,16,0,0
7,0.1,880,17,1,0
7,0.1,881,16,0,1
7,0.1,882,16,0,0
7,0.1,883,16,0,0
7,0.1,884,17,1,0
7,0.1,885,16,0,1
7,0.1,886,16,0,0
7,0.1,887,16,0,0
7,0.1,888,16,0,0
7,0.1,889,16,0,0
7,0.1,890,16,0,0
7,0.1,891,16,0,0
7,0.1,892,16,0,0
7,0.1,893,17,1,0
7,0.1,894,16,0,1
7,0.1,895,17,1,0
7,0.1,896,16,0,1
7,0.1,897,16,0,0
7,0.1,898,16,0,0
7,0.1,899,16,0,0
7,0.1,900,17,1,0
7,0.1,901,16,0,1
7,0.1,902,16,0,0
7,0.1,903,17,1,0
7,0.1,904,17,0,0
7,0.1,905,16,0,1
7,0.1,906,17,1,0
7,0.1,907,17,1,1
7,0.1,908,16,0,1
7,0.1,909,16,0,0
7,0.1,910,16,0,0
7,0.1,911,16,0,0
7,0.1,912,16,0,0
7,0.1,913,16,0,0
7,0.1,914,16,0,0
7,0.1,915,16,0,0
7,0.1,916,16,0,0
7,0.1,917,16,0,0
7,0.1,918,16,0,0
7,0.1,919,16,0,0
7,0.1,920,16,0,0
7,0.1,921,16,0,0
7,0.1,922,17,1,0
7,0.1,923,16,0,1
7,0.1,924,16,0,0
7,0.1,925,17,1,0
7,0.1,926,16,0,1
7,0.1,927,16,0,0
7,0.1,928,17,1,0
7,0.1,929,16,0,1
7,0.1,930,17,1,0
7,0.1,931,16,0,1
7,0.1,932,16,0,0
7,0.1,933,17,1,0
7,0.1,934,16,0,1
7,0.1,935,17,1,0
7,0.1,936,16,0,1
7,0.1,937,16,0,0
7,0.1,938,17,1,0
7,0.1,939,16,0,1
7,0.1,940,17,1,0
7,0.1,941,17,1,1
7,0.1,942,16,0,1
7,0.1,943,17,1,0
7,0.1,944,17,0,0
7,0.1,945,18,1,0
7,0.1,946,17,0,1
7,0.1,947,17,1,1
7,0.1,948,18,1,0
7,0.1,949,18,0,0
7,0.1,950,19,1,0
7,0.1,951,19,1,1
7,0.1,952,18,0,1
7,0.1,953,18,1,1
7,0.1,954,20,3,1
7,0.1,955,18,0,2
7,0.1,956,17,0,1
7,0.1,957,19,2,0
7,0.1,958,18,1,2
7,0.1,959,19,2,1
7,0.1,960,19,1,1
7,0.1,961,18,1,2
7,0.1,962,18,0,0
7,0.1,963,19,1,0
7,0.1,964,19,0,0
7,0.1,965,19,0,0
7,0.1,966,19,1,1
7,0.1,967,18,1,2
7,0.1,968,18,1,1
7,0.1,969,20,2,0
7,0.1,970,18,1,3
7,0.1,971,17,0,1
7,0.1,972,18,1,0
7,0.1,973,18,0,0
7,0.1,974,17,0,1
7,0.1,975,18,1,0
7,0.1,976,18,0,0
7,0.1,977,19,1,0
7,0.1,978,18,0,1
7,0.1,979,19,1,0
7,0.1,980,18,0,1
7,0.1,981,19,1,0
7,0.1,982,19,0,0
7,0.1,983,19,0,0
7,0.1,984,18,0,1
7,0.1,985,19,1,0
7,0.1,986,19,0,0
7,0.1,987,20,1,0
7,0.1,988,20,0,0
7,0.1,989,18,0,2
7,0.1,990,20,2,0
7,0.1,991,20,0,0
7,0.1,992,19,0,1
7,0.1,993,20,1,0
7,0.1,994,20,0,0
7,0.1,995,19,0,1
7,0.1,996,20,1,0
7,0.1,997,19,0,1
7,0.1,998,19,1,1
7,0.1,999,20,1,0
7,0.1,1000,20,0,0
7,0.1,1001,19,0,1
7,0.1,1002,20,1,0
7,0.1,1003,20,0,0
7,0.1,1004,19,1,2
7,0.1,1005,19,1,1
7,0.1,1006,19,0,0
7,0.1,1007,19,0,0
7,0.1,1008,19,0,0
7,0.1,1009,20,1,0
7,0.1,1010,18,0,2
7,0.1,1011,20,2,0
7,0.1,1012,20,0,0
7,0.1,1013,20,0,0
7,0.1,1014,20,0,0
7,0.1,1015,18,0,2
7,0.1,1016,19,1,0
7,0.1,1017,17,0,2
7,0.1,1018,19,2,0
7,0.1,1019,18,0,1
7,0.1,1020,20,2,0
7,0.1,1021,20,0,0
7,0.1,1022,19,0,1
7,0.1,1023,19,0,0
7,0.1,1024,19,0,0
7,0.1,1025,19,0,0
7,0.1,1026,19,0,0
7,0.1,1027,19,0,0
7,0.1,1028,19,0,0
7,0.1,1029,19,0,0
7,0.1,1030,18,0,1
7,0.1,1031,18,0,0
7,0.1,1032,18,0,0
7,0.1,1033,18,0,0
7,0.1,1034,18,0,0
7,0.1,1035,18,0,0
7,0.1,1036,19,1,0
7,0.1,1037,18,0,1
7,0.1,1038,18,0,0
7,0.1,1039,19,1,0
7,0.1,1040,18,0,1
7,0.1,1041,18,0,0
7,0.1,1042,18,0,0
7,0.1,1043,18,0,0
7,0.1,1044,18,0,0
7,0.1,1045,18,0,0
7,0.1,1046,18,0,0
7,0.1,1047,18,0,0
7,0.1,1048,18,0,0
7,0.1,1049,18,0,0
7,0.1,1050,18,0,0
7,0.1,1051,18,0,0
7,0.1,1052,18,0,0
7,0.1,1053,18,0,0
7,0.1,1054,18,0,0
7,0.1,1055,18,0,0
7,0.1,1056,18,0,0
7,0.1,1057,18,0,0
7,0.1,1058,18,0,0
7,0.1,1059,18,0,0
7,0.1,1060,18,0,0
7,0.1,1061,19,1,0
7,0.1,1062,18,0,1
7,0.1,1063,18,0,0
7,0.1,1064,18,0,0
7,0.1,1065,18,0,0
7,0.1,1066,18,0,0
7,0.1,1067,18,0,0
7,0.1,1068,18,0,0
7,0.1,1069,18,0,0
7,0.1,1070,18,0,0
7,0.1,1071,18,0,0
7,0.1,1072,18,0,0
7,0.1,1073,18,0,0
7,0.1,1074,18,0,0
7,0.1,1075,18,0,0
7,0.1,1076,18,0,0
7,0.1,1077,18,0,0
7,0.1,1078,18,0,0
7,0.1,1079,18,0,0
7,0.1,1080,18,0,0
7,0.1,1081,18,0,0
7,0.1,1082,18,0,0
7,0.1,1083,18,0,0
7,0.1,1084,18,0,0
7,0.1,1085,18,0,0
7,0.1,1086,18,0,0
7,0.1,1087,18,0,0
7,0.1,1088,18,0,0
7,0.1,1089,18,0,0
7,0.1,1090,18,0,0
7,0.1,1091,18,0,0
7,0.1,1092,18,0,0
7,0.1,1093,18,0,0
7,0.1,1094,18,0,0
7,0.1,1095,18,0,0
7,0.1,1096,18,0,0
7,0.1,1097,18,0,0
7,0.1,1098,18,0,0
7,0.1,1099,18,0,0
7,0.1,1100,18,0,0
7,0.1,1101,18,0,0
7,0.1,1102,18,0,0
7,0.1,1103,18,0,0
7,0.1,1104,18,0,0
7,0.1,1105,18,0,0
7,0.1,1106,18,0,0
7,0.1,1107,19,1,0
7,0.1,1108,19,1,1
7,0.1,1109,19,1,1
7,0.1,1110,19,1,1
7,0.1,1111,19,0,0
7,0.1,1112,20,1,0
7,0.1,1113,19,0,1
7,0.1,1114,20,1,0
7,0.1,1115,19,0,1
7,0.1,1116,20,1,0
7,0.1,1117,19,0,1
7,0.1,1118,20,1,0
7,0.1,1119,20,1,1
7,0.1,1120,20,0,0
7,0.1,1121,19,0,1
7,0.1,1122,19,0,0
7,0.1,1123,20,1,0
7,0.1,1124,20,1,1
7,0.1,1125,20,0,0
7,0.1,1126,19,0,1
7,0.1,1127,19,0,0
7,0.1,1128,19,0,0
7,0.1,1129,19,0,0
7,0.1,1130,20,1,0
7,0.1,1131,20,0,0
7,0.1,1132,19,0,1
7,0.1,1133,20,1,0
7,0.1,1134,19,0,1
7,0.1,1135,19,0,0
7,0.1,1136,19,0,0
7,0.1,1137,19,0,0
7,0.1,1138,19,0,0
7,0.1,1139,19,0,0
7,0.1,1140,19,0,0
7,0.1,1141,19,0,0
7,0.1,1142,19,0,0
7,0.1,1143,19,0,0
7,0.1,1144,19,0,0
7,0.1,1145,20,1,0
7,0.1,1146,18,0,2
7,0.1,1147,19,1,0
7,0.1,1148,19,0,0
7,0.1,1149,19,0,0
7,0.1,1150,18,0,1
7,0.1,1151,19,1,0
7,0.1,1152,19,0,0
7,0.1,1153,19,0,0
7,0.1,1154,19,0,0
7,0.1,1155,20,1,0
7,0.1,1156,18,0,2
7,0.1,1157,19,1,0
7,0.1,1158,18,0,1
7,0.1,1159,18,0,0
7,0.1,1160,19,1,0
7,0.1,1161,19,0,0
7,0.1,1162,18,0,1
7,0.1,1163,18,0,0
7,0.1,1164,18,0,0
7,0.1,1165,18,0,0
7,0.1,1166,18,0,0
7,0.1,1167,18,0,0
7,0.1,1168,18,0,0
7,0.1,1169,18,0,0
7,0.1,1170,18,0,0
7,0.1,1171,18,0,0
7,0.1,1172,18,0,0
7,0.1,1173,19,1,0
7,0.1,1174,19,1,1
7,0.1,1175,18,0,1
7,0.1,1176,18,0,0
7,0.1,1177,18,0,0
7,0.1,1178,18,0,0
7,0.1,1179,18,0,0
7,0.1,1180,18,0,0
7,0.1,1181,18,0,0
7,0.1,1182,18,0,0
7,0.1,1183,18,0,0
7,0.1,1184,18,0,0
7,0.1,1185,18,0,0
7,0.1,1186,18,0,0
7,0.1,1187,17,0,1
7,0.1,1188,18,1,0
7,0.1,1189,18,0,0
7,0.1,1190,18,0,0
7,0.1,1191,18,0,0
7,0.1,1192,18,1,1
7,0.1,1193,18,1,1
7,0.1,1194,18,0,0
7,0.1,1195,18,0,0
7,0.1,1196,19,1,0
7,0.1,1197,18,0,1
7,0.1,1198,18,0,0
7,0.1,1199,19,1,0
7,0.1,1200,18,0,1
7,0.1,1201,19,1,0
7,0.1,1202,18,0,1
7,0.1,1203,18,0,0
7,0.1,1204,18,0,0
7,0.1,1205,18,0,0
7,0.1,1206,18,0,0
7,0.1,1207,18,0,0
7,0.1,1208,18,0,0
7,0.1,1209,18,0,0
7,0.1,1210,18,0,0
7,0.1,1211,18,0,0
7,0.1,1212,18,0,0
7,0.1,1213,19,1,0
7,0.1,1214,18,0,1
7,0.1,1215,19,1,0
7,0.1,1216,18,0,1
7,0.1,1217,19,1,0
7,0.1,1218,18,0,1
7,0.1,1219,19,1,0
7,0.1,1220,19,0,0
7,0.1,1221,18,0,1
7,0.1,1222,19,1,0
7,0.1,1223,18,0,1
7,0.1,1224,18,1,1
7,0.1,1225,18,1,1
7,0.1,1226,19,1,0
7,0.1,1227,18,0,1
7,0.1,1228,18,0,0
7,0.1,1229,18,0,0
7,0.1,1230,18,0,0
7,0.1,1231,18,0,0
7,0.1,1232,18,0,0
7,0.1,1233,18,0,0
7,0.1,1234,18,0,0
7,0.1,1235,18,0,0
7,0.1,1236,18,0,0
7,0.1,1237,18,0,0
7,0.1,1238,18,0,0
7,0.1,1239,18,0,0
7,0.1,1240,18,0,0
7,0.1,1241,18,0,0
7,0.1,1242,19,1,0
7,0.1,1243,18,0,1
7,0.1,1244,18,0,0
7,0.1,1245,18,0,0
7,0.1,1246,18,0,0
7,0.1,1247,18,0,0
7,0.1,1248,18,0,0
7,0.1,1249,18,0,0
7,0.1,1250,18,0,0
7,0.1,1251,18,0,0
7,0.1,1252,18,0,0
7,0.1,1253,18,0,0
7,0.1,1254,18,0,0
7,0.1,1255,19,1,0
7,0.1,1256,18,0,1
7,0.1,1257,18,0,0
7,0.1,1258,17,0,1
7,0.1,1259,18,1,0
7,0.1,1260,18,0,0
7,0.1,1261,17,0,1
7,0.1,1262,18,1,0
7,0.1,1263,18,0,0
7,0.1,1264,18,0,0
7,0.1,1265,14,0,4
7,0.1,1266,17,3,0
7,0.1,1267,17,0,0
7,0.1,1268,17,0,0
7,0.1,1269,19,2,0
7,0.1,1270,17,0,2
7,0.1,1271,17,0,0
7,0.1,1272,18,1,0
7,0.1,1273,18,0,0
7,0.1,1274,18,0,0
7,0.1,1275,17,0,1
7,0.1,1276,19,2,0
7,0.1,1277,18,0,1
7,0.1,1278,16,0,2
7,0.1,1279,18,2,0
7,0.1,1280,14,0,4
7,0.1,1281,18,4,0
7,0.1,1282,18,0,0
7,0.1,1283,19,1,0
7,0.1,1284,18,0,1
7,0.1,1285,18,0,0
7,0.1,1286,18,0,0
7,0.1,1287,18,0,0
7,0.1,1288,18,0,0
7,0.1,1289,18,0,0
7,0.1,1290,18,0,0
7,0.1,1291,18,0,0
7,0.1,1292,18,0,0
7,0.1,1293,18,0,0
7,0.1,1294,18,0,0
7,0.1,1295,18,0,0
7,0.1,1296,17,0,1
7,0.1,1297,18,1,0
7,0.1,1298,17,0,1
7,0.1,1299,18,1,0
7,0.1,1300,17,0,1
7,0.1,1301,17,0,0
7,0.1,1302,17,0,0
7,0.1,1303,18,1,0
7,0.1,1304,17,0,1
7,0.1,1305,17,0,0
7,0.1,1306,17,0,0
7,0.1,1307,17,0,0
7,0.1,1308,17,0,0
7,0.1,1309,18,1,0
7,0.1,1310,17,0,1
7,0.1,1311,17,0,0
7,0.1,1312,17,0,0
7,0.1,1313,16,0,1
7,0.1,1314,16,0,0
7,0.1,1315,17,1,0
7,0.1,1316,17,0,0
7,0.1,1317,17,0,0
7,0.1,1318,17,0,0
7,0.1,1319,17,0,0
7,0.1,1320,17,0,0
7,0.1,1321,18,1,0
7,0.1,1322,17,0,1
7,0.1,1323,17,0,0
7,0.1,1324,17,0,0
7,0.1,1325,17,0,0
7,0.1,1326,17,0,0
7,0.1,1327,17,0,0
7,0.1,1328,18,1,0
7,0.1,1329,18,0,0
7,0.1,1330,18,0,0
7,0.1,1331,17,0,1
7,0.1,1332,17,0,0
7,0.1,1333,18,1,0
7,0.1,1334,18,0,0
7,0.1,1335,18,0,0
7,0.1,1336,18,0,0
7,0.1,1337,18,0,0
7,0.1,1338,18,0,0
7,0.1,1339,18,0,0
7,0.1,1340,18,1,1
7,0.1,1341,18,1,1
7,0.1,1342,18,0,0
7,0.1,1343,18,0,0
7,0.1,1344,18,0,0
7,0.1,1345,18,0,0
7,0.1,1346,18,0,0
7,0.1,1347,19,1,0
7,0.1,1348,18,0,1
7,0.1,1349,18,0,0
7,0.1,1350,18,0,0
7,0.1,1351,18,0,0
7,0.1,1352,18,1,1
7,0.1,1353,18,1,1
7,0.1,1354,18,0,0
7,0.1,1355,18,0,0
7,0.1,1356,18,0,0
7,0.1,1357,18,0,0
7,0.1,1358,17,0,1
7,0.1,1359,18,1,0
7,0.1,1360,18,0,0
7,0.1,1361,18,0,0
7,0.1,1362,18,0,0
7,0.1,1363,18,0,0
7,0.1,1364,18,0,0
7,0.1,1365,18,0,0
7,0.1,1366,17,0,1
7,0.1,1367,18,1,0
7,0.1,1368,18,0,0
7,0.1,1369,18,0,0
7,0.1,1370,18,0,0
7,0.1,1371,18,0,0
7,0.1,1372,19,2,1
7,0.1,1373,18,1,2
7,0.1,1374,18,0,0
7,0.1,1375,18,0,0
7,0.1,1376,19,1,0
7,0.1,1377,18,0,1
7,0.1,1378,18,0,0
7,0.1,1379,18,0,0
7,0.1,1380,18,0,0
7,0.1,1381,18,0,0
7,0.1,1382,18,0,0
7,0.1,1383,19,1,0
7,0.1,1384,18,0,1
7,0.1,1385,18,0,0
7,0.1,1386,18,0,0
7,0.1,1387,18,0,0
7,0.1,1388,19,1,0
7,0.1,1389,18,0,1
7,0.1,1390,18,0,0
7,0.1,1391,18,0,0
7,0.1,1392,18,0,0
7,0.1,1393,18,0,0
7,0.1,1394,18,0,0
7,0.1,1395,18,0,0
7,0.1,1396,18,0,0
7,0.1,1397,18,0,0
7,0.1,1398,18,0,0
7,0.1,1399,18,0,0
7,0.1,1400,18,0,0
7,0.1,1401,18,0,0
7,0.1,1402,18,0,0
7,0.1,1403,18,0,0
7,0.1,1404,18,0,0
7,0.1,1405,19,1,0
7,0.1,1406,18,0,1
7,0.1,1407,18,0,0
7,0.1,1408,18,0,0
7,0.1,1409,18,0,0
7,0.1,1410,18,0,0
7,0.1,1411,18,0,0
7,0.1,1412,18,0,0
7,0.1,1413,18,0,0
7,0.1,1414,18,0,0
7,0.1,1415,18,0,0
7,0.1,1416,18,0,0
7,0.1,1417,18,0,0
7,0.1,1418,18,0,0
7,0.1,1419,18,0,0
7,0.1,1420,19,1,0
7,0.1,1421,18,0,1
7,0.1,1422,19,1,0
7,0.1,1423,19,1,1
7,0.1,1424,18,0,1
7,0.1,1425,18,0,0
7,0.1,1426,18,0,0
7,0.1,1427,18,0,0
7,0.1,1428,19,1,0
7,0.1,1429,18,0,1
7,0.1,1430,18,0,0
7,0.1,1431,19,1,0
7,0.1,1432,19,0,0
7,0.1,1433,18,0,1
7,0.1,1434,18,0,0
7,0.1,1435,18,0,0
7,0.1,1436,18,0,0
7,0.1,1437,18,0,0
7,0.1,1438,18,0,0
7,0.1,1439,19,1,0
7,0.1,1440,19,1,1
7,0.1,1441,19,1,1
7,0.1,1442,20,1,0
7,0.1,1443,19,0,1
7,0.1,1444,19,1,1
7,0.1,1445,18,0,1
7,0.1,1446,18,0,0
7,0.1,1447,20,2,0
7,0.1,1448,18,0,2
7,0.1,1449,18,0,0
7,0.1,1450,18,0,0
7,0.1,1451,18,0,0
7,0.1,1452,18,0,0
7,0.1,1453,18,0,0
7,0.1,1454,18,0,0
7,0.1,1455,18,0,0
7,0.1,1456,18,0,0
7,0.1,1457,18,0,0
7,0.1,1458,18,0,0
7,0.1,1459,18,0,0
7,0.1,1460,19,1,0
7,0.1,1461,19,0,0
7,0.1,1462,18,0,1
7,0.1,1463,18,0,0
7,0.1,1464,18,0,0
7,0.1,1465,18,0,0
7,0.1,1466,19,1,0
7,0.1,1467,19,0,0
7,0.1,1468,18,0,1
7,0.1,1469,18,0,0
7,0.1,1470,18,0,0
7,0.1,1471,18,0,0
7,0.1,1472,18,0,0
7,0.1,1473,20,2,0
7,0.1,1474,19,1,2
7,0.1,1475,18,0,1
7,0.1,1476,18,0,0
7,0.1,1477,19,1,0
7,0.1,1478,18,0,1
7,0.1,1479,18,0,0
7,0.1,1480,18,0,0
7,0.1,1481,19,1,0
7,0.1,1482,18,0,1
7,0.1,1483,18,0,0
7,0.1,1484,18,0,0
7,0.1,1485,18,0,0
7,0.1,1486,18,0,0
7,0.1,1487,18,0,0
7,0.1,1488,18,0,0
7,0.1,1489,18,0,0
7,0.1,1490,18,0,0
7,0.1,1491,18,0,0
7,0.1,1492,18,0,0
7,0.1,1493,18,0,0
7,0.1,1494,18,0,0
7,0.1,1495,18,0,0
7,0.1,1496,19,1,0
7,0.1,1497,18,0,1
7,0.1,1498,18,0,0
7,0.1,1499,18,0,0
7,0.1,1500,18,0,0
7,0.2,0,17,0,0
7,0.2,1,80,68,5
7,0.2,2,76,7,11
7,0.2,3,77,11,10
7,0.2,4,61,8,24
7,0.2,5,58,13,16
7,0.2,6,62,14,10
7,0.2,7,65,10,7
7,0.2,8,56,6,15
7,0.2,9,66,13,3
7,0.2,10,65,6,7
7,0.2,11,70,13,8
7,0.2,12,72,10,8
7,0.2,13,66,5,11
7,0.2,14,68,10,8
7,0.2,15,73,10,5
7,0.2,16,71,2,4
7,0.2,17,52,3,22
7,0.2,18,63,15,4
7,0.2,19,61,5,7
7,0.2,20,65,7,3
7,0.2,21,67,5,3
7,0.2,22,61,1,7
7,0.2,23,68,8,1
7,0.2,24,64,1,5
7,0.2,25,69,6,1
7,0.2,26,65,2,6
7,0.2,27,66,1,0
7,0.2,28,63,0,3
7,0.2,29,62,0,1
7,0.2,30,61,2,3
7,0.2,31,67,6,0
7,0.2,32,66,2,3
7,0.2,33,67,2,1
7,0.2,34,62,0,5
7,0.2,35,63,1,0
7,0.2,36,64,1,0
7,0.2,37,60,0,4
7,0.2,38,63,4,1
7,0.2,39,56,2,9
7,0.2,40,62,6,0
7,0.2,41,62,0,0
7,0.2,42,60,0,2
7,0.2,43,53,0,7
7,0.2,44,56,7,4
7,0.2,45,54,3,5
7,0.2,46,54,4,4
7,0.2,47,50,2,6
7,0.2,48,47,1,4
7,0.2,49,48,3,2
7,0.2,50,49,5,4
7,0.2,51,48,3,4
7,0.2,52,48,4,4
7,0.2,53,53,6,1
7,0.2,54,52,3,4
7,0.2,55,57,7,2
7,0.2,56,53,1,5
7,0.2,57,53,3,3
7,0.2,58,51,1,3
7,0.2,59,54,4,1
7,0.2,60,49,2,7
7,0.2,61,48,3,4
7,0.2,62,50,3,1
7,0.2,63,49,2,3
7,0.2,64,49,1,1
7,0.2,65,49,1,1
7,0.2,66,50,2,1
7,0.2,67,51,2,1
7,0.2,68,49,0,2
7,0.2,69,48,2,3
7,0.2,70,46,2,4
7,0.2,71,46,2,2
7,0.2,72,50,4,0
7,0.2,73,49,1,2
7,0.2,74,49,0,0
7,0.2,75,44,1,6
7,0.2,76,46,4,2
7,0.2,77,45,1,2
7,0.2,78,45,2,2
7,0.2,79,45,1,1
7,0.2,80,47,2,0
7,0.2,81,45,0,2
7,0.2,82,44,1,2
7,0.2,83,44,1,1
7,0.2,84,44,1,1
7,0.2,85,43,2,3
7,0.2,86,45,4,2
7,0.2,87,44,4,5
7,0.2,88,46,3,1
7,0.2,89,41,0,5
7,0.2,90,43,3,1
7,0.2,91,44,1,0
7,0.2,92,45,1,0
7,0.2,93,44,1,2
7,0.2,94,43,0,1
7,0.2,95,45,2,0
7,0.2,96,43,2,4
7,0.2,97,43,4,4
7,0.2,98,43,1,1
7,0.2,99,44,1,0
7,0.2,100,43,1,2
7,0.2,101,43,2,2
7,0.2,102,45,2,0
7,0.2,103,41,0,4
7,0.2,104,44,3,0
7,0.2,105,42,0,2
7,0.2,106,44,2,0
7,0.2,107,44,2,2
7,0.2,108,45,2,1
7,0.2,109,37,0,8
7,0.2,110,46,9,0
7,0.2,111,46,1,1
7,0.2,112,43,1,4
7,0.2,113,43,2,2
7,0.2,114,39,0,4
7,0.2,115,43,4,0
7,0.2,116,41,0,2
7,0.2,117,41,1,1
7,0.2,118,41,1,1
7,0.2,119,42,2,1
7,0.2,120,42,1,1
7,0.2,121,43,2,1
7,0.2,122,40,0,3
7,0.2,123,40,0,0
7,0.2,124,37,0,3
7,0.2,125,40,3,0
7,0.2,126,39,0,1
7,0.2,127,41,2,0
7,0.2,128,39,0,2
7,0.2,129,38,0,1
7,0.2,130,39,1,0
7,0.2,131,35,0,4
7,0.2,132,35,0,0
7,0.2,133,35,0,0
7,0.2,134,36,1,0
7,0.2,135,35,0,1
7,0.2,136,36,1,0
7,0.2,137,36,1,1
7,0.2,138,38,2,0
7,0.2,139,34,1,5
7,0.2,140,36,3,1
7,0.2,141,35,1,2
7,0.2,142,36,3,2
7,0.2,143,33,0,3
7,0.2,144,35,2,0
7,0.2,145,32,0,3
7,0.2,146,34,2,0
7,0.2,147,35,1,0
7,0.2,148,35,1,1
7,0.2,149,34,0,1
7,0.2,150,33,0,1
7,0.2,151,33,2,2
7,0.2,152,33,2,2
7,0.2,153,33,1,1
7,0.2,154,34,2,1
7,0.2,155,34,0,0
7,0.2,156,31,0,3
7,0.2,157,32,1,0
7,0.2,158,34,2,0
7,0.2,159,33,0,1
7,0.2,160,32,0,1
7,0.2,161,32,0,0
7,0.2,162,31,1,2
7,0.2,163,32,2,1
7,0.2,164,31,2,3
7,0.2,165,32,2,1
7,0.2,166,30,2,4
7,0.2,167,29,1,2
7,0.2,168,31,3,1
7,0.2,169,32,2,1
7,0.2,170,31,3,4
7,0.2,171,31,1,1
7,0.2,172,31,0,0
7,0.2,173,31,0,0
7,0.2,174,28,0,3
7,0.2,175,30,2,0
7,0.2,176,29,0,1
7,0.2,177,30,1,0
7,0.2,178,29,1,2
7,0.2,179,29,1,1
7,0.2,180,28,0,1
7,0.2,181,29,1,0
7,0.2,182,28,1,2
7,0.2,183,30,3,1
7,0.2,184,28,1,3
7,0.2,185,29,2,1
7,0.2,186,30,1,0
7,0.2,187,29,0,1
7,0.2,188,28,0,1
7,0.2,189,30,2,0
7,0.2,190,30,1,1
7,0.2,191,28,0,2
7,0.2,192,30,2,0
7,0.2,193,30,0,0
7,0.2,194,30,0,0
7,0.2,195,30,0,0
7,0.2,196,28,0,2
7,0.2,197,29,1,0
7,0.2,198,26,0,3
7,0.2,199,26,0,0
7,0.2,200,26,0,0
7,0.2,201,26,0,0
7,0.2,202,26,0,0
7,0.2,203,27,1,0
7,0.2,204,24,0,3
7,0.2,205,26,2,0
7,0.2,206,25,0,1
7,0.2,207,26,1,0
7,0.2,208,26,0,0
7,0.2,209,26,0,0
7,0.2,210,25,0,1
7,0.2,211,26,1,0
7,0.2,212,26,0,0
7,0.2,213,26,0,0
7,0.2,214,26,1,1
7,0.2,215,24,1,3
7,0.2,216,25,2,1
7,0.2,217,26,1,0
7,0.2,218,24,0,2
7,0.2,219,22,0,2
7,0.2,220,20,2,4
7,0.2,221,23,4,1
7,0.2,222,19,0,4
7,0.2,223,20,2,1
7,0.2,224,22,3,1
7,0.2,225,23,1,0
7,0.2,226,24,1,0
7,0.2,227,24,0,0
7,0.2,228,24,0,0
7,0.2,229,24,0,0
7,0.2,230,24,0,0
7,0.2,231,24,0,0
7,0.2,232,22,0,2
7,0.2,233,22,0,0
7,0.2,234,23,1,0
7,0.2,235,22,0,1
7,0.2,236,22,0,0
7,0.2,237,21,0,1
7,0.2,238,23,2,0
7,0.2,239,21,0,2
7,0.2,240,21,0,0
7,0.2,241,22,1,0
7,0.2,242,22,0,0
7,0.2,243,21,0,1
7,0.2,244,23,2,0
7,0.2,245,22,0,1
7,0.2,246,22,0,0
7,0.2,247,22,0,0
7,0.2,248,22,0,0
7,0.2,249,22,0,0
7,0.2,250,22,0,0
7,0.2,251,21,0,1
7,0.2,252,21,0,0
7,0.2,253,20,0,1
7,0.2,254,22,2,0
7,0.2,255,21,0,1
7,0.2,256,20,0,1
7,0.2,257,23,3,0
7,0.2,258,21,0,2
7,0.2,259,21,0,0
7,0.2,260,21,0,0
7,0.2,261,20,0,1
7,0.2,262,20,0,0
7,0.2,263,22,2,0
7,0.2,264,21,0,1
7,0.2,265,22,1,0
7,0.2,266,20,0,2
7,0.2,267,21,1,0
7,0.2,268,20,0,1
7,0.2,269,20,0,0
7,0.2,270,20,0,0
7,0.2,271,20,1,1
7,0.2,272,21,1,0
7,0.2,273,21,0,0
7,0.2,274,20,0,1
7,0.2,275,20,0,0
7,0.2,276,21,1,0
7,0.2,277,20,0,1
7,0.2,278,20,0,0
7,0.2,279,19,0,1
7,0.2,280,20,1,0
7,0.2,281,20,0,0
7,0.2,282,20,0,0
7,0.2,283,20,0,0
7,0.2,284,20,0,0
7,0.2,285,20,0,0
7,0.2,286,19,0,1
7,0.2,287,20,1,0
7,0.2,288,20,0,0
7,0.2,289,20,0,0
7,0.2,290,20,0,0
7,0.2,291,20,0,0
7,0.2,292,20,0,0
7,0.2,293,20,0,0
7,0.2,294,19,0,1
7,0.2,295,19,0,0
7,0.2,296,21,2,0
7,0.2,297,19,0,2
7,0.2,298,20,1,0
7,0.2,299,20,0,0
7,0.2,300,18,0,2
7,0.2,301,17,0,1
7,0.2,302,18,1,0
7,0.2,303,17,0,1
7,0.2,304,16,0,1
7,0.2,305,17,1,0
7,0.2,306,17,0,0
7,0.2,307,15,1,3
7,0.2,308,14,0,1
7,0.2,309,14,0,0
7,0.2,310,14,0,0
7,0.2,311,15,1,0
7,0.2,312,15,0,0
7,0.2,313,14,0,1
7,0.2,314,14,0,0
7,0.2,315,14,0,0
7,0.2,316,15,1,0
7,0.2,317,15,1,1
7,0.2,318,14,0,1
7,0.2,319,14,0,0
7,0.2,320,15,1,0
7,0.2,321,14,0,1
7,0.2,322,14,0,0
7,0.2,323,14,0,0
7,0.2,324,14,0,0
7,0.2,325,15,1,0
7,0.2,326,16,1,0
7,0.2,327,14,0,2
7,0.2,328,14,0,0
7,0.2,329,14,0,0
7,0.2,330,14,0,0
7,0.2,331,14,0,0
7,0.2,332,14,0,0
7,0.2,333,15,1,0
7,0.2,334,14,0,1
7,0.2,335,14,0,0
7,0.2,336,15,1,0
7,0.2,337,14,0,1
7,0.2,338,14,0,0
7,0.2,339,14,0,0
7,0.2,340,14,0,0
7,0.2,341,14,0,0
7,0.2,342,14,0,0
7,0.2,343,14,0,0
7,0.2,344,14,0,0
7,0.2,345,15,1,0
7,0.2,346,14,0,1
7,0.2,347,14,0,0
7,0.2,348,14,0,0
7,0.2,349,14,0,0
7,0.2,350,14,0,0
7,0.2,351,14,0,0
7,0.2,352,14,0,0
7,0.2,353,14,0,0
7,0.2,354,14,0,0
7,0.2,355,14,0,0
7,0.2,356,14,0,0
7,0.2,357,14,0,0
7,0.2,358,15,1,0
7,0.2,359,14,0,1
7,0.2,360,14,0,0
7,0.2,361,14,0,0
7,0.2,362,14,0,0
7,0.2,363,15,1,0
7,0.2,364,14,0,1
7,0.2,365,16,2,0
7,0.2,366,15,0,1
7,0.2,367,14,0,1
7,0.2,368,14,0,0
7,0.2,369,14,0,0
7,0.2,370,14,0,0
7,0.2,371,14,0,0
7,0.2,372,14,0,0
7,0.2,373,14,0,0
7,0.2,374,14,0,0
7,0.2,375,14,0,0
7,0.2,376,14,0,0
7,0.2,377,14,0,0
7,0.2,378,14,0,0
7,0.2,379,15,1,0
7,0.2,380,15,0,0
7,0.2,381,15,0,0
7,0.2,382,15,0,0
7,0.2,383,14,0,1
7,0.2,384,14,0,0
7,0.2,385,14,0,0
7,0.2,386,14,0,0
7,0.2,387,14,0,0
7,0.2,388,14,0,0
7,0.2,389,14,0,0
7,0.2,390,15,1,0
7,0.2,391,14,0,1
7,0.2,392,15,1,0
7,0.2,393,14,0,1
7,0.2,394,15,1,0
7,0.2,395,14,0,1
7,0.2,396,14,0,0
7,0.2,397,14,0,0
7,0.2,398,14,0,0
7,0.2,399,14,0,0
7,0.2,400,14,0,0
7,0.2,401,14,0,0
7,0.2,402,14,0,0
7,0.2,403,15,1,0
7,0.2,404,15,0,0
7,0.2,405,14,0,1
7,0.2,406,15,1,0
7,0.2,407,15,1,1
7,0.2,408,16,1,0
7,0.2,409,16,1,1
7,0.2,410,15,0,1
7,0.2,411,14,0,1
7,0.2,412,14,0,0
7,0.2,413,14,0,0
7,0.2,414,14,0,0
7,0.2,415,14,0,0
7,0.2,416,14,0,0
7,0.2,417,14,0,0
7,0.2,418,14,0,0
7,0.2,419,14,0,0
7,0.2,420,15,1,0
7,0.2,421,14,0,1
7,0.2,422,15,1,0
7,0.2,423,16,1,0
7,0.2,424,14,0,2
7,0.2,425,15,1,0
7,0.2,426,15,0,0
7,0.2,427,14,0,1
7,0.2,428,16,2,0
7,0.2,429,14,0,2
7,0.2,430,14,0,0
7,0.2,431,16,2,0
7,0.2,432,14,0,2
7,0.2,433,14,0,0
7,0.2,434,15,1,0
7,0.2,435,14,0,1
7,0.2,436,15,1,0
7,0.2,437,14,0,1
7,0.2,438,14,0,0
7,0.2,439,15,1,0
7,0.2,440,14,0,1
7,0.2,441,15,1,0
7,0.2,442,15,0,0
7,0.2,443,16,1,0
7,0.2,444,14,0,2
7,0.2,445,15,1,0
7,0.2,446,15,0,0
7,0.2,447,14,0,1
7,0.2,448,14,0,0
7,0.2,449,14,0,0
7,0.2,450,14,0,0
7,0.2,451,14,0,0
7,0.2,452,14,0,0
7,0.2,453,14,0,0
7,0.2,454,15,1,0
7,0.2,455,14,0,1
7,0.2,456,14,0,0
7,0.2,457,14,0,0
7,0.2,458,14,0,0
7,0.2,459,15,1,0
7,0.2,460,15,0,0
7,0.2,461,15,0,0
7,0.2,462,14,0,1
7,0.2,463,15,1,0
7,0.2,464,15,0,0
7,0.2,465,14,0,1
7,0.2,466,14,0,0
7,0.2,467,14,0,0
7,0.2,468,14,0,0
7,0.2,469,14,0,0
7,0.2,470,14,0,0
7,0.2,471,14,0,0
7,0.2,472,14,0,0
7,0.2,473,14,0,0
7,0.2,474,14,0,0
7,0.2,475,14,0,0
7,0.2,476,14,0,0
7,0.2,477,15,1,0
7,0.2,478,14,0,1
7,0.2,479,15,1,0
7,0.2,480,14,0,1
7,0.2,481,15,1,0
7,0.2,482,15,0,0
7,0.2,483,15,0,0
7,0.2,484,14,0,1
7,0.2,485,15,1,0
7,0.2,486,14,0,1
7,0.2,487,15,1,0
7,0.2,488,14,0,1
7,0.2,489,14,0,0
7,0.2,490,14,0,0
7,0.2,491,14,0,0
7,0.2,492,14,0,0
7,0.2,493,13,0,1
7,0.2,494,14,1,0
7,0.2,495,14,0,0
7,0.2,496,14,0,0
7,0.2,497,13,0,1
7,0.2,498,13,0,0
7,0.2,499,15,2,0
7,0.2,500,14,0,1
7,0.2,501,13,0,1
7,0.2,502,14,1,0
7,0.2,503,15,1,0
7,0.2,504,14,0,1
7,0.2,505,13,0,1
7,0.2,506,13,0,0
7,0.2,507,14,1,0
7,0.2,508,14,0,0
7,0.2,509,14,0,0
7,0.2,510,13,0,1
7,0.2,511,13,0,0
7,0.2,512,13,0,0
7,0.2,513,13,0,0
7,0.2,514,13,0,0
7,0.2,515,13,0,0
7,0.2,516,13,0,0
7,0.2,517,13,0,0
7,0.2,518,13,0,0
7,0.2,519,14,1,0
7,0.2,520,13,0,1
7,0.2,521,13,0,0
7,0.2,522,13,0,0
7,0.2,523,13,0,0
7,0.2,524,14,1,0
7,0.2,525,13,0,1
7,0.2,526,13,0,0
7,0.2,527,13,0,0
7,0.2,528,15,2,0
7,0.2,529,15,0,0
7,0.2,530,15,0,0
7,0.2,531,14,0,1
7,0.2,532,14,1,1
7,0.2,533,14,1,1
7,0.2,534,13,0,1
7,0.2,535,15,2,0
7,0.2,536,13,0,2
7,0.2,537,14,1,0
7,0.2,538,14,1,1
7,0.2,539,14,0,0
7,0.2,540,14,0,0
7,0.2,541,14,0,0
7,0.2,542,13,0,1
7,0.2,543,13,0,0
7,0.2,544,13,0,0
7,0.2,545,13,0,0
7,0.2,546,15,2,0
7,0.2,547,14,0,1
7,0.2,548,14,0,0
7,0.2,549,15,1,0
7,0.2,550,14,0,1
7,0.2,551,13,0,1
7,0.2,552,13,0,0
7,0.2,553,14,1,0
7,0.2,554,14,0,0
7,0.2,555,14,1,1
7,0.2,556,13,0,1
7,0.2,557,14,1,0
7,0.2,558,14,0,0
7,0.2,559,14,0,0
7,0.2,560,14,0,0
7,0.2,561,15,1,0
7,0.2,562,15,1,1
7,0.2,563,15,0,0
7,0.2,564,14,0,1
7,0.2,565,14,0,0
7,0.2,566,14,1,1
7,0.2,567,15,1,0
7,0.2,568,14,0,1
7,0.2,569,14,0,0
7,0.2,570,14,0,0
7,0.2,571,14,0,0
7,0.2,572,14,0,0
7,0.2,573,15,1,0
7,0.2,574,15,1,1
7,0.2,575,15,0,0
7,0.2,576,14,0,1
7,0.2,577,16,2,0
7,0.2,578,15,0,1
7,0.2,579,14,0,1
7,0.2,580,15,1,0
7,0.2,581,14,0,1
7,0.2,582,14,0,0
7,0.2,583,15,1,0
7,0.2,584,15,0,0
7,0.2,585,15,0,0
7,0.2,586,15,0,0
7,0.2,587,14,0,1
7,0.2,588,15,1,0
7,0.2,589,15,0,0
7,0.2,590,15,0,0
7,0.2,591,15,0,0
7,0.2,592,15,0,0
7,0.2,593,15,0,0
7,0.2,594,16,1,0
7,0.2,595,15,0,1
7,0.2,596,15,0,0
7,0.2,597,15,0,0
7,0.2,598,15,0,0
7,0.2,599,15,0,0
7,0.2,600,15,0,0
7,0.2,601,15,0,0
7,0.2,602,15,0,0
7,0.2,603,15,0,0
7,0.2,604,15,0,0
7,0.2,605,15,0,0
7,0.2,606,15,0,0
7,0.2,607,15,0,0
7,0.2,608,15,0,0
7,0.2,609,15,0,0
7,0.2,610,15,0,0
7,0.2,611,15,0,0
7,0.2,612,15,0,0
7,0.2,613,15,0,0
7,0.2,614,15,0,0
7,0.2,615,15,0,0
7,0.2,616,16,1,0
7,0.2,617,15,0,1
7,0.2,618,15,0,0
7,0.2,619,15,0,0
7,0.2,620,15,0,0
7,0.2,621,15,0,0
7,0.2,622,15,0,0
7,0.2,623,15,0,0
7,0.2,624,15,0,0
7,0.2,625,15,0,0
7,0.2,626,15,0,0
7,0.2,627,15,0,0
7,0.2,628,15,0,0
7,0.2,629,15,0,0
7,0.2,630,15,0,0
7,0.2,631,15,0,0
7,0.2,632,15,0,0
7,0.2,633,15,0,0
7,0.2,634,15,0,0
7,0.2,635,15,0,0
7,0.2,636,15,0,0
7,0.2,637,15,0,0
7,0.2,638,15,0,0
7,0.2,639,15,0,0
7,0.2,640,15,0,0
7,0.2,641,15,0,0
7,0.2,642,15,0,0
7,0.2,643,15,0,0
7,0.2,644,15,0,0
7,0.2,645,15,0,0
7,0.2,646,15,0,0
7,0.2,647,15,0,0
7,0.2,648,15,0,0
7,0.2,649,15,0,0
7,0.2,650,15,0,0
7,0.2,651,16,1,0
7,0.2,652,15,0,1
7,0.2,653,15,0,0
7,0.2,654,15,0,0
7,0.2,655,15,0,0
7,0.2,656,15,0,0
7,0.2,657,14,0,1
7,0.2,658,15,1,0
7,0.2,659,15,0,0
7,0.2,660,15,0,0
7,0.2,661,15,0,0
7,0.2,662,15,0,0
7,0.2,663,15,0,0
7,0.2,664,15,0,0
7,0.2,665,15,0,0
7,0.2,666,15,0,0
7,0.2,667,16,1,0
7,0.2,668,15,0,1
7,0.2,669,15,0,0
7,0.2,670,14,0,1
7,0.2,671,15,1,0
7,0.2,672,14,0,1
7,0.2,673,14,0,0
7,0.2,674,15,1,0
7,0.2,675,15,0,0
7,0.2,676,15,0,0
7,0.2,677,15,0,0
7,0.2,678,15,0,0
7,0.2,679,15,0,0
7,0.2,680,15,0,0
7,0.2,681,15,0,0
7,0.2,682,15,0,0
7,0.2,683,15,0,0
7,0.2,684,16,1,0
7,0.2,685,15,0,1
7,0.2,686,15,0,0
7,0.2,687,15,0,0
7,0.2,688,15,0,0
7,0.2,689,16,1,0
7,0.2,690,15,0,1
7,0.2,691,15,0,0
7,0.2,692,16,1,0
7,0.2,693,15,0,1
7,0.2,694,15,0,0
7,0.2,695,15,0,0
7,0.2,696,15,0,0
7,0.2,697,15,0,0
7,0.2,698,15,0,0
7,0.2,699,16,1,0
7,0.2,700,15,0,1
7,0.2,701,15,0,0
7,0.2,702,15,0,0
7,0.2,703,15,0,0
7,0.2,704,15,0,0
7,0.2,705,15,0,0
7,0.2,706,15,0,0
7,0.2,707,15,0,0
7,0.2,708,15,0,0
7,0.2,709,15,0,0
7,0.2,710,15,0,0
7,0.2,711,16,1,0
7,0.2,712,15,0,1
7,0.2,713,15,0,0
7,0.2,714,17,2,0
7,0.2,715,15,0,2
7,0.2,716,15,0,0
7,0.2,717,16,1,0
7,0.2,718,15,0,1
7,0.2,719,15,0,0
7,0.2,720,15,0,0
7,0.2,721,15,0,0
7,0.2,722,15,0,0
7,0.2,723,15,0,0
7,0.2,724,16,1,0
7,0.2,725,16,1,1
7,0.2,726,17,1,0
7,0.2,727,16,0,1
7,0.2,728,15,0,1
7,0.2,729,15,0,0
7,0.2,730,17,2,0
7,0.2,731,16,1,2
7,0.2,732,15,0,1
7,0.2,733,16,1,0
7,0.2,734,15,0,1
7,0.2,735,15,0,0
7,0.2,736,15,0,0
7,0.2,737,15,0,0
7,0.2,738,16,1,0
7,0.2,739,16,0,0
7,0.2,740,16,0,0
7,0.2,741,15,0,1
7,0.2,742,15,0,0
7,0.2,743,16,1,0
7,0.2,744,16,0,0
7,0.2,745,15,0,1
7,0.2,746,15,0,0
7,0.2,747,15,0,0
7,0.2,748,16,1,0
7,0.2,749,17,1,0
7,0.2,750,17,1,1
7,0.2,751,17,1,1
7,0.2,752,17,1,1
7,0.2,753,17,1,1
7,0.2,754,15,0,2
7,0.2,755,16,1,0
7,0.2,756,16,0,0
7,0.2,757,16,0,0
7,0.2,758,16,0,0
7,0.2,759,16,0,0
7,0.2,760,17,1,0
7,0.2,761,16,0,1
7,0.2,762,17,1,0
7,0.2,763,16,0,1
7,0.2,764,16,0,0
7,0.2,765,16,0,0
7,0.2,766,17,1,0
7,0.2,767,16,0,1
7,0.2,768,16,0,0
7,0.2,769,16,0,0
7,0.2,770,17,1,0
7,0.2,771,17,0,0
7,0.2,772,17,0,0
7,0.2,773,17,0,0
7,0.2,774,17,0,0
7,0.2,775,17,0,0
7,0.2,776,17,0,0
7,0.2,777,17,0,0
7,0.2,778,16,0,1
7,0.2,779,17,1,0
7,0.2,780,18,1,0
7,0.2,781,16,0,2
7,0.2,782,18,2,0
7,0.2,783,17,0,1
7,0.2,784,16,0,1
7,0.2,785,16,0,0
7,0.2,786,16,0,0
7,0.2,787,17,1,0
7,0.2,788,17,1,1
7,0.2,789,17,0,0
7,0.2,790,16,0,1
7,0.2,791,16,0,0
7,0.2,792,16,0,0
7,0.2,793,16,0,0
7,0.2,794,17,1,0
7,0.2,795,18,1,0
7,0.2,796,17,0,1
7,0.2,797,16,0,1
7,0.2,798,16,0,0
7,0.2,799,16,0,0
7,0.2,800,16,0,0
7,0.2,801,17,1,0
7,0.2,802,17,0,0
7,0.2,803,17,0,0
7,0.2,804,17,0,0
7,0.2,805,17,0,0
7,0.2,806,17,0,0
7,0.2,807,18,1,0
7,0.2,808,17,0,1
7,0.2,809,17,0,0
7,0.2,810,17,0,0
7,0.2,811,17,0,0
7,0.2,812,17,0,0
7,0.2,813,17,0,0
7,0.2,814,17,0,0
7,0.2,815,17,1,1
7,0.2,816,17,1,1
7,0.2,817,17,0,0
7,0.2,818,17,0,0
7,0.2,819,16,0,1
7,0.2,820,16,0,0
7,0.2,821,17,1,0
7,0.2,822,17,0,0
7,0.2,823,18,1,0
7,0.2,824,17,0,1
7,0.2,825,17,0,0
7,0.2,826,17,0,0
7,0.2,827,17,0,0
7,0.2,828,17,0,0
7,0.2,829,16,0,1
7,0.2,830,16,0,0
7,0.2,831,16,0,0
7,0.2,832,16,0,0
7,0.2,833,16,0,0
7,0.2,834,16,0,0
7,0.2,835,16,0,0
7,0.2,836,16,0,0
7,0.2,837,17,1,0
7,0.2,838,17,0,0
7,0.2,839,17,0,0
7,0.2,840,17,0,0
7,0.2,841,17,0,0
7,0.2,842,17,0,0
7,0.2,843,17,0,0
7,0.2,844,17,0,0
7,0.2,845,16,0,1
7,0.2,846,17,1,0
7,0.2,847,18,1,0
7,0.2,848,16,0,2
7,0.2,849,16,0,0
7,0.2,850,16,0,0
7,0.2,851,17,1,0
7,0.2,852,17,0,0
7,0.2,853,18,1,0
7,0.2,854,19,1,0
7,0.2,855,17,0,2
7,0.2,856,17,0,0
7,0.2,857,17,0,0
7,0.2,858,17,0,0
7,0.2,859,17,0,0
7,0.2,860,17,0,0
7,0.2,861,17,0,0
7,0.2,862,17,0,0
7,0.2,863,17,0,0
7,0.2,864,17,0,0
7,0.2,865,17,0,0
7,0.2,866,17,0,0
7,0.2,867,18,1,0
7,0.2,868,17,0,1
7,0.2,869,17,0,0
7,0.2,870,17,0,0
7,0.2,871,17,0,0
7,0.2,872,17,0,0
7,0.2,873,17,0,0
7,0.2,874,17,0,0
7,0.2,875,17,0,0
7,0.2,876,17,0,0
7,0.2,877,17,0,0
7,0.2,878,17,0,0
7,0.2,879,17,0,0
7,0.2,880,17,0,0
7,0.2,881,17,0,0
7,0.2,882,16,0,1
7,0.2,883,16,0,0
7,0.2,884,17,1,0
7,0.2,885,16,0,1
7,0.2,886,17,1,0
7,0.2,887,17,0,0
7,0.2,888,17,0,0
7,0.2,889,17,0,0
7,0.2,890,16,0,1
7,0.2,891,16,0,0
7,0.2,892,17,1,0
7,0.2,893,17,0,0
7,0.2,894,16,0,1
7,0.2,895,17,1,0
7,0.2,896,16,0,1
7,0.2,897,16,0,0
7,0.2,898,17,1,0
7,0.2,899,16,0,1
7,0.2,900,17,1,0
7,0.2,901,17,0,0
7,0.2,902,16,0,1
7,0.2,903,17,1,0
7,0.2,904,17,0,0
7,0.2,905,16,0,1
7,0.2,906,18,2,0
7,0.2,907,17,0,1
7,0.2,908,16,0,1
7,0.2,909,16,0,0
7,0.2,910,16,0,0
7,0.2,911,16,0,0
7,0.2,912,17,1,0
7,0.2,913,17,0,0
7,0.2,914,16,0,1
7,0.2,915,17,1,0
7,0.2,916,16,0,1
7,0.2,917,16,0,0
7,0.2,918,16,0,0
7,0.2,919,17,1,0
7,0.2,920,17,0,0
7,0.2,921,17,0,0
7,0.2,922,17,0,0
7,0.2,923,17,1,1
7,0.2,924,17,0,0
7,0.2,925,17,0,0
7,0.2,926,17,0,0
7,0.2,927,18,2,1
7,0.2,928,17,0,1
7,0.2,929,16,0,1
7,0.2,930,18,2,0
7,0.2,931,16,0,2
7,0.2,932,17,1,0
7,0.2,933,18,1,0
7,0.2,934,17,0,1
7,0.2,935,17,1,1
7,0.2,936,17,0,0
7,0.2,937,18,1,0
7,0.2,938,18,1,1
7,0.2,939,17,0,1
7,0.2,940,19,3,1
7,0.2,941,18,0,1
7,0.2,942,20,2,0
7,0.2,943,18,0,2
7,0.2,944,18,0,0
7,0.2,945,18,0,0
7,0.2,946,17,0,1
7,0.2,947,17,1,1
7,0.2,948,18,1,0
7,0.2,949,19,1,0
7,0.2,950,19,1,1
7,0.2,951,19,1,1
7,0.2,952,18,0,1
7,0.2,953,20,2,0
7,0.2,954,21,2,1
7,0.2,955,19,0,2
7,0.2,956,18,0,1
7,0.2,957,20,2,0
7,0.2,958,19,1,2
7,0.2,959,19,1,1
7,0.2,960,20,1,0
7,0.2,961,20,0,0
7,0.2,962,19,0,1
7,0.2,963,19,1,1
7,0.2,964,19,0,0
7,0.2,965,19,0,0
7,0.2,966,20,2,1
7,0.2,967,19,1,2
7,0.2,968,20,1,0
7,0.2,969,21,1,0
7,0.2,970,18,0,3
7,0.2,971,19,1,0
7,0.2,972,19,0,0
7,0.2,973,18,0,1
7,0.2,974,18,1,1
7,0.2,975,18,1,1
7,0.2,976,19,1,0
7,0.2,977,21,2,0
7,0.2,978,19,0,2
7,0.2,979,20,1,0
7,0.2,980,19,0,1
7,0.2,981,19,0,0
7,0.2,982,19,0,0
7,0.2,983,20,1,0
7,0.2,984,20,0,0
7,0.2,985,19,0,1
7,0.2,986,19,0,0
7,0.2,987,20,1,0
7,0.2,988,20,0,0
7,0.2,989,20,0,0
7,0.2,990,20,0,0
7,0.2,991,20,0,0
7,0.2,992,21,1,0
7,0.2,993,20,0,1
7,0.2,994,20,0,0
7,0.2,995,20,0,0
7,0.2,996,20,0,0
7,0.2,997,20,0,0
7,0.2,998,20,0,0
7,0.2,999,20,0,0
7,0.2,1000,20,0,0
7,0.2,1001,20,0,0
7,0.2,1002,21,1,0
7,0.2,1003,21,1,1
7,0.2,1004,20,1,2
7,0.2,1005,20,1,1
7,0.2,1006,21,1,0
7,0.2,1007,20,0,1
7,0.2,1008,19,0,1
7,0.2,1009,20,1,0
7,0.2,1010,21,1,0
7,0.2,1011,20,0,1
7,0.2,1012,20,0,0
7,0.2,1013,20,0,0
7,0.2,1014,20,0,0
7,0.2,1015,18,0,2
7,0.2,1016,19,1,0
7,0.2,1017,19,1,1
7,0.2,1018,20,1,0
7,0.2,1019,19,0,1
7,0.2,1020,20,1,0
7,0.2,1021,20,0,0
7,0.2,1022,19,0,1
7,0.2,1023,20,1,0
7,0.2,1024,19,0,1
7,0.2,1025,19,0,0
7,0.2,1026,19,0,0
7,0.2,1027,19,0,0
7,0.2,1028,19,0,0
7,0.2,1029,19,0,0
7,0.2,1030,18,0,1
7,0.2,1031,19,1,0
7,0.2,1032,18,0,1
7,0.2,1033,18,0,0
7,0.2,1034,18,0,0
7,0.2,1035,18,0,0
7,0.2,1036,19,1,0
7,0.2,1037,18,0,1
7,0.2,1038,19,1,0
7,0.2,1039,19,1,1
7,0.2,1040,18,0,1
7,0.2,1041,18,0,0
7,0.2,1042,18,0,0
7,0.2,1043,19,1,0
7,0.2,1044,18,0,1
7,0.2,1045,18,0,0
7,0.2,1046,18,0,0
7,0.2,1047,18,0,0
7,0.2,1048,18,0,0
7,0.2,1049,18,0,0
7,0.2,1050,18,0,0
7,0.2,1051,18,0,0
7,0.2,1052,18,0,0
7,0.2,1053,18,0,0
7,0.2,1054,18,0,0
7,0.2,1055,18,0,0
7,0.2,1056,18,0,0
7,0.2,1057,18,0,0
7,0.2,1058,18,0,0
7,0.2,1059,18,0,0
7,0.2,1060,19,1,0
7,0.2,1061,19,1,1
7,0.2,1062,18,0,1
7,0.2,1063,18,0,0
7,0.2,1064,19,1,0
7,0.2,1065,18,0,1
7,0.2,1066,18,0,0
7,0.2,1067,18,0,0
7,0.2,1068,18,0,0
7,0.2,1069,18,0,0
7,0.2,1070,18,0,0
7,0.2,1071,18,0,0
7,0.2,1072,18,0,0
7,0.2,1073,18,0,0
7,0.2,1074,19,1,0
7,0.2,1075,18,0,1
7,0.2,1076,19,1,0
7,0.2,1077,18,0,1
7,0.2,1078,18,0,0
7,0.2,1079,18,0,0
7,0.2,1080,18,0,0
7,0.2,1081,18,0,0
7,0.2,1082,18,0,0
7,0.2,1083,18,0,0
7,0.2,1084,18,0,0
7,0.2,1085,19,1,0
7,0.2,1086,18,0,1
7,0.2,1087,18,0,0
7,0.2,1088,18,0,0
7,0.2,1089,18,0,0
7,0.2,1090,18,0,0
7,0.2,1091,18,0,0
7,0.2,1092,18,0,0
7,0.2,1093,18,0,0
7,0.2,1094,18,0,0
7,0.2,1095,18,0,0
7,0.2,1096,18,0,0
7,0.2,1097,19,1,0
7,0.2,1098,18,0,1
7,0.2,1099,19,1,0
7,0.2,1100,18,0,1
7,0.2,1101,18,0,0
7,0.2,1102,18,0,0
7,0.2,1103,18,0,0
7,0.2,1104,19,1,0
7,0.2,1105,18,0,1
7,0.2,1106,19,1,0
7,0.2,1107,19,0,0
7,0.2,1108,20,1,0
7,0.2,1109,20,1,1
7,0.2,1110,20,0,0
7,0.2,1111,19,0,1
7,0.2,1112,20,1,0
7,0.2,1113,21,1,0
7,0.2,1114,20,0,1
7,0.2,1115,19,0,1
7,0.2,1116,21,2,0
7,0.2,1117,19,0,2
7,0.2,1118,20,1,0
7,0.2,1119,20,1,1
7,0.2,1120,20,0,0
7,0.2,1121,19,0,1
7,0.2,1122,19,0,0
7,0.2,1123,20,1,0
7,0.2,1124,20,1,1
7,0.2,1125,21,1,0
7,0.2,1126,19,0,2
7,0.2,1127,19,0,0
7,0.2,1128,19,0,0
7,0.2,1129,19,0,0
7,0.2,1130,20,1,0
7,0.2,1131,20,0,0
7,0.2,1132,19,0,1
7,0.2,1133,20,1,0
7,0.2,1134,20,0,0
7,0.2,1135,19,0,1
7,0.2,1136,19,0,0
7,0.2,1137,19,0,0
7,0.2,1138,19,0,0
7,0.2,1139,19,0,0
7,0.2,1140,20,1,0
7,0.2,1141,19,0,1
7,0.2,1142,19,0,0
7,0.2,1143,20,1,0
7,0.2,1144,19,0,1
7,0.2,1145,20,1,0
7,0.2,1146,19,0,1
7,0.2,1147,20,1,0
7,0.2,1148,19,0,1
7,0.2,1149,20,1,0
7,0.2,1150,19,0,1
7,0.2,1151,19,0,0
7,0.2,1152,19,0,0
7,0.2,1153,19,0,0
7,0.2,1154,19,0,0
7,0.2,1155,20,1,0
7,0.2,1156,18,0,2
7,0.2,1157,19,1,0
7,0.2,1158,18,0,1
7,0.2,1159,19,1,0
7,0.2,1160,19,0,0
7,0.2,1161,19,0,0
7,0.2,1162,20,1,0
7,0.2,1163,18,0,2
7,0.2,1164,18,0,0
7,0.2,1165,18,0,0
7,0.2,1166,18,0,0
7,0.2,1167,18,0,0
7,0.2,1168,18,0,0
7,0.2,1169,20,2,0
7,0.2,1170,18,0,2
7,0.2,1171,18,0,0
7,0.2,1172,18,0,0
7,0.2,1173,19,1,0
7,0.2,1174,19,1,1
7,0.2,1175,18,0,1
7,0.2,1176,18,0,0
7,0.2,1177,19,1,0
7,0.2,1178,18,0,1
7,0.2,1179,19,1,0
7,0.2,1180,18,0,1
7,0.2,1181,18,0,0
7,0.2,1182,18,0,0
7,0.2,1183,18,0,0
7,0.2,1184,18,0,0
7,0.2,1185,18,0,0
7,0.2,1186,18,0,0
7,0.2,1187,18,0,0
7,0.2,1188,18,0,0
7,0.2,1189,18,0,0
7,0.2,1190,18,0,0
7,0.2,1191,18,0,0
7,0.2,1192,19,1,0
7,0.2,1193,18,0,1
7,0.2,1194,18,0,0
7,0.2,1195,18,0,0
7,0.2,1196,19,1,0
7,0.2,1197,18,0,1
7,0.2,1198,18,0,0
7,0.2,1199,19,1,0
7,0.2,1200,19,0,0
7,0.2,1201,19,0,0
7,0.2,1202,19,0,0
7,0.2,1203,18,0,1
7,0.2,1204,18,0,0
7,0.2,1205,19,1,0
7,0.2,1206,18,0,1
7,0.2,1207,18,0,0
7,0.2,1208,18,0,0
7,0.2,1209,18,0,0
7,0.2,1210,18,0,0
7,0.2,1211,18,0,0
7,0.2,1212,18,0,0
7,0.2,1213,19,1,0
7,0.2,1214,18,0,1
7,0.2,1215,19,1,0
7,0.2,1216,18,0,1
7,0.2,1217,19,1,0
7,0.2,1218,18,0,1
7,0.2,1219,19,1,0
7,0.2,1220,19,0,0
7,0.2,1221,18,0,1
7,0.2,1222,19,1,0
7,0.2,1223,18,0,1
7,0.2,1224,20,2,0
7,0.2,1225,18,0,2
7,0.2,1226,19,1,0
7,0.2,1227,18,0,1
7,0.2,1228,18,0,0
7,0.2,1229,18,0,0
7,0.2,1230,18,0,0
7,0.2,1231,18,0,0
7,0.2,1232,18,0,0
7,0.2,1233,18,0,0
7,0.2,1234,18,0,0
7,0.2,1235,18,0,0
7,0.2,1236,18,0,0
7,0.2,1237,18,0,0
7,0.2,1238,18,0,0
7,0.2,1239,18,0,0
7,0.2,1240,18,0,0
7,0.2,1241,18,0,0
7,0.2,1242,19,1,0
7,0.2,1243,18,0,1
7,0.2,1244,18,0,0
7,0.2,1245,18,0,0
7,0.2,1246,18,0,0
7,0.2,1247,18,0,0
7,0.2,1248,18,0,0
7,0.2,1249,18,0,0
7,0.2,1250,18,0,0
7,0.2,1251,18,0,0
7,0.2,1252,19,1,0
7,0.2,1253,18,0,1
7,0.2,1254,18,0,0
7,0.2,1255,20,2,0
7,0.2,1256,18,0,2
7,0.2,1257,18,0,0
7,0.2,1258,18,0,0
7,0.2,1259,18,0,0
7,0.2,1260,18,0,0
7,0.2,1261,19,1,0
7,0.2,1262,18,0,1
7,0.2,1263,18,0,0
7,0.2,1264,18,0,0
7,0.2,1265,15,0,3
7,0.2,1266,17,2,0
7,0.2,1267,17,0,0
7,0.2,1268,19,2,0
7,0.2,1269,19,0,0
7,0.2,1270,18,0,1
7,0.2,1271,18,0,0
7,0.2,1272,18,0,0
7,0.2,1273,18,0,0
7,0.2,1274,18,0,0
7,0.2,1275,18,0,0
7,0.2,1276,19,1,0
7,0.2,1277,18,0,1
7,0.2,1278,17,0,1
7,0.2,1279,18,1,0
7,0.2,1280,17,0,1
7,0.2,1281,18,1,0
7,0.2,1282,18,0,0
7,0.2,1283,19,1,0
7,0.2,1284,18,0,1
7,0.2,1285,18,0,0
7,0.2,1286,18,0,0
7,0.2,1287,18,0,0
7,0.2,1288,18,0,0
7,0.2,1289,18,0,0
7,0.2,1290,18,0,0
7,0.2,1291,18,0,0
7,0.2,1292,18,0,0
7,0.2,1293,18,0,0
7,0.2,1294,18,0,0
7,0.2,1295,18,0,0
7,0.2,1296,18,0,0
7,0.2,1297,18,0,0
7,0.2,1298,18,0,0
7,0.2,1299,18,0,0
7,0.2,1300,18,0,0
7,0.2,1301,18,0,0
7,0.2,1302,18,0,0
7,0.2,1303,19,1,0
7,0.2,1304,18,1,2
7,0.2,1305,18,1,1
7,0.2,1306,17,0,1
7,0.2,1307,17,0,0
7,0.2,1308,17,0,0
7,0.2,1309,18,1,0
7,0.2,1310,18,0,0
7,0.2,1311,18,0,0
7,0.2,1312,18,0,0
7,0.2,1313,17,0,1
7,0.2,1314,17,0,0
7,0.2,1315,18,1,0
7,0.2,1316,18,0,0
7,0.2,1317,17,0,1
7,0.2,1318,17,0,0
7,0.2,1319,19,2,0
7,0.2,1320,18,0,1
7,0.2,1321,18,1,1
7,0.2,1322,17,0,1
7,0.2,1323,18,1,0
7,0.2,1324,18,0,0
7,0.2,1325,18,0,0
7,0.2,1326,18,0,0
7,0.2,1327,19,1,0
7,0.2,1328,19,1,1
7,0.2,1329,18,0,1
7,0.2,1330,18,0,0
7,0.2,1331,18,0,0
7,0.2,1332,18,0,0
7,0.2,1333,18,0,0
7,0.2,1334,18,0,0
7,0.2,1335,18,0,0
7,0.2,1336,18,0,0
7,0.2,1337,18,0,0
7,0.2,1338,18,0,0
7,0.2,1339,18,0,0
7,0.2,1340,19,1,0
7,0.2,1341,18,0,1
7,0.2,1342,18,0,0
7,0.2,1343,18,0,0
7,0.2,1344,18,0,0
7,0.2,1345,18,0,0
7,0.2,1346,18,0,0
7,0.2,1347,19,1,0
7,0.2,1348,19,0,0
7,0.2,1349,18,0,1
7,0.2,1350,18,0,0
7,0.2,1351,18,0,0
7,0.2,1352,19,1,0
7,0.2,1353,18,0,1
7,0.2,1354,18,0,0
7,0.2,1355,18,0,0
7,0.2,1356,18,0,0
7,0.2,1357,18,0,0
7,0.2,1358,17,0,1
7,0.2,1359,18,1,0
7,0.2,1360,18,0,0
7,0.2,1361,19,1,0
7,0.2,1362,18,0,1
7,0.2,1363,18,0,0
7,0.2,1364,18,0,0
7,0.2,1365,18,0,0
7,0.2,1366,18,0,0
7,0.2,1367,18,0,0
7,0.2,1368,18,0,0
7,0.2,1369,18,0,0
7,0.2,1370,18,0,0
7,0.2,1371,18,0,0
7,0.2,1372,21,3,0
7,0.2,1373,18,0,3
7,0.2,1374,18,0,0
7,0.2,1375,18,0,0
7,0.2,1376,19,1,0
7,0.2,1377,18,0,1
7,0.2,1378,19,1,0
7,0.2,1379,19,1,1
7,0.2,1380,18,0,1
7,0.2,1381,18,0,0
7,0.2,1382,20,2,0
7,0.2,1383,20,0,0
7,0.2,1384,18,0,2
7,0.2,1385,18,0,0
7,0.2,1386,18,0,0
7,0.2,1387,18,0,0
7,0.2,1388,19,1,0
7,0.2,1389,18,0,1
7,0.2,1390,18,0,0
7,0.2,1391,18,0,0
7,0.2,1392,18,0,0
7,0.2,1393,18,0,0
7,0.2,1394,18,0,0
7,0.2,1395,18,0,0
7,0.2,1396,18,0,0
7,0.2,1397,18,0,0
7,0.2,1398,19,1,0
7,0.2,1399,19,1,1
7,0.2,1400,21,2,0
7,0.2,1401,18,0,3
7,0.2,1402,18,0,0
7,0.2,1403,18,0,0
7,0.2,1404,18,0,0
7,0.2,1405,19,1,0
7,0.2,1406,18,0,1
7,0.2,1407,18,0,0
7,0.2,1408,18,0,0
7,0.2,1409,18,0,0
7,0.2,1410,18,0,0
7,0.2,1411,18,0,0
7,0.2,1412,19,1,0
7,0.2,1413,18,0,1
7,0.2,1414,18,0,0
7,0.2,1415,18,0,0
7,0.2,1416,18,0,0
7,0.2,1417,18,0,0
7,0.2,1418,19,1,0
7,0.2,1419,18,0,1
7,0.2,1420,19,1,0
7,0.2,1421,19,0,0
7,0.2,1422,19,1,1
7,0.2,1423,19,1,1
7,0.2,1424,19,1,1
7,0.2,1425,18,0,1
7,0.2,1426,19,1,0
7,0.2,1427,18,0,1
7,0.2,1428,19,1,0
7,0.2,1429,19,0,0
7,0.2,1430,19,0,0
7,0.2,1431,19,1,1
7,0.2,1432,20,1,0
7,0.2,1433,18,0,2
7,0.2,1434,18,0,0
7,0.2,1435,18,0,0
7,0.2,1436,18,0,0
7,0.2,1437,19,1,0
7,0.2,1438,18,0,1
7,0.2,1439,20,2,0
7,0.2,1440,20,2,2
7,0.2,1441,21,2,1
7,0.2,1442,20,1,2
7,0.2,1443,19,0,1
7,0.2,1444,19,1,1
7,0.2,1445,18,0,1
7,0.2,1446,18,0,0
7,0.2,1447,20,2,0
7,0.2,1448,18,0,2
7,0.2,1449,19,1,0
7,0.2,1450,18,0,1
7,0.2,1451,19,1,0
7,0.2,1452,18,0,1
7,0.2,1453,18,0,0
7,0.2,1454,19,1,0
7,0.2,1455,18,0,1
7,0.2,1456,19,1,0
7,0.2,1457,19,0,0
7,0.2,1458,18,0,1
7,0.2,1459,18,0,0
7,0.2,1460,19,1,0
7,0.2,1461,19,0,0
7,0.2,1462,19,1,1
7,0.2,1463,20,1,0
7,0.2,1464,18,0,2
7,0.2,1465,18,0,0
7,0.2,1466,19,1,0
7,0.2,1467,19,0,0
7,0.2,1468,18,0,1
7,0.2,1469,18,0,0
7,0.2,1470,18,0,0
7,0.2,1471,19,1,0
7,0.2,1472,19,0,0
7,0.2,1473,21,2,0
7,0.2,1474,20,0,1
7,0.2,1475,18,0,2
7,0.2,1476,18,0,0
7,0.2,1477,19,1,0
7,0.2,1478,19,0,0
7,0.2,1479,19,0,0
7,0.2,1480,19,0,0
7,0.2,1481,19,0,0
7,0.2,1482,18,0,1
7,0.2,1483,18,0,0
7,0.2,1484,18,0,0
7,0.2,1485,19,1,0
7,0.2,1486,18,0,1
7,0.2,1487,18,0,0
7,0.2,1488,18,0,0
7,0.2,1489,18,0,0
7,0.2,1490,18,0,0
7,0.2,1491,19,1,0
7,0.2,1492,19,0,0
7,0.2,1493,18,0,1
7,0.2,1494,19,1,0
7,0.2,1495,19,0,0
7,0.2,1496,19,0,0
7,0.2,1497,18,0,1
7,0.2,1498,18,0,0
7,0.2,1499,18,0,0
7,0.2,1500,18,0,0
8,0.05,0,4,0,0
8,0.05,1,27,25,2
8,0.05,2,25,15,17
8,0.05,3,35,24,14
8,0.05,4,29,20,26
8,0.05,5,13,8,24
8,0.05,6,38,31,6
8,0.05,7,27,12,23
8,0.05,8,44,28,11
8,0.05,9,43,19,20
8,0.05,10,39,15,19
8,0.05,11,40,16,15
8,0.05,12,50,17,7
8,0.05,13,17,5,38
8,0.05,14,22,17,12
8,0.05,15,43,26,5
8,0.05,16,54,19,8
8,0.05,17,39,4,19
8,0.05,18,45,19,13
8,0.05,19,34,7,18
8,0.05,20,41,19,12
8,0.05,21,46,10,5
8,0.05,22,37,8,17
8,0.05,23,41,14,10
8,0.05,24,41,11,11
8,0.05,25,52,16,5
8,0.05,26,52,7,7
8,0.05,27,55,7,4
8,0.05,28,49,2,8
8,0.05,29,55,8,2
8,0.05,30,35,2,22
8,0.05,31,44,19,10
8,0.05,32,54,13,3
8,0.05,33,39,2,17
8,0.05,34,37,9,11
8,0.05,35,38,11,10
8,0.05,36,35,16,19
8,0.05,37,38,17,14
8,0.05,38,41,11,8
8,0.05,39,47,10,4
8,0.05,40,36,7,18
8,0.05,41,45,16,7
8,0.05,42,53,12,4
8,0.05,43,43,4,14
8,0.05,44,48,12,7
8,0.05,45,40,5,13
8,0.05,46,37,9,12
8,0.05,47,30,8,15
8,0.05,48,42,15,3
8,0.05,49,31,5,16
8,0.05,50,37,16,10
8,0.05,51,31,8,14
8,0.05,52,45,15,1
8,0.05,53,45,6,6
8,0.05,54,36,7,16
8,0.05,55,31,11,16
8,0.05,56,19,9,21
8,0.05,57,15,8,12
8,0.05,58,31,23,7
8,0.05,59,33,11,9
8,0.05,60,20,7,20
8,0.05,61,21,10,9
8,0.05,62,19,10,12
8,0.05,63,27,15,7
8,0.05,64,19,6,14
8,0.05,65,31,15,3
8,0.05,66,34,7,4
8,0.05,67,39,6,1
8,0.05,68,46,9,2
8,0.05,69,43,4,7
8,0.05,70,36,6,13
8,0.05,71,38,9,7
8,0.05,72,36,6,8
8,0.05,73,37,8,7
8,0.05,74,42,9,4
8,0.05,75,33,2,11
8,0.05,76,40,13,6
8,0.05,77,43,5,2
8,0.05,78,39,2,6
8,0.05,79,32,5,12
8,0.05,80,40,13,5
8,0.05,81,39,4,5
8,0.05,82,40,2,1
8,0.05,83,42,3,1
8,0.05,84,45,4,1
8,0.05,85,43,1,3
8,0.05,86,39,0,4
8,0.05,87,39,2,2
8,0.05,88,35,2,6
8,0.05,89,35,4,4
8,0.05,90,32,6,9
8,0.05,91,31,7,8
8,0.05,92,24,5,12
8,0.05,93,31,13,6
8,0.05,94,29,6,8
8,0.05,95,38,10,1
8,0.05,96,39,4,3
8,0.05,97,34,3,8
8,0.05,98,35,4,3
8,0.05,99,39,5,1
8,0.05,100,35,1,5
8,0.05,101,39,6,2
8,0.05,102,32,1,8
8,0.05,103,38,7,1
8,0.05,104,37,1,2
8,0.05,105,37,2,2
8,0.05,106,37,3,3
8,0.05,107,22,0,15
8,0.05,108,34,13,1
8,0.05,109,36,2,0
8,0.05,110,36,1,1
8,0.05,111,34,1,3
8,0.05,112,35,3,2
8,0.05,113,33,1,3
8,0.05,114,31,0,2
8,0.05,115,35,4,0
8,0.05,116,34,0,1
8,0.05,117,28,1,7
8,0.05,118,37,9,0
8,0.05,119,35,0,2
8,0.05,120,31,0,4
8,0.05,121,30,1,2
8,0.05,122,27,1,4
8,0.05,123,32,8,3
8,0.05,124,29,3,6
8,0.05,125,32,6,3
8,0.05,126,17,1,16
8,0.05,127,30,15,2
8,0.05,128,32,4,2
8,0.05,129,26,1,7
8,0.05,130,25,2,3
8,0.05,131,25,1,1
8,0.05,132,29,7,3
8,0.05,133,31,4,2
8,0.05,134,33,3,1
8,0.05,135,31,1,3
8,0.05,136,24,0,7
8,0.05,137,16,2,10
8,0.05,138,25,11,2
8,0.05,139,26,3,2
8,0.05,140,26,1,1
8,0.05,141,28,2,0
8,0.05,142,23,1,6
8,0.05,143,28,6,1
8,0.05,144,25,0,3
8,0.05,145,28,3,0
8,0.05,146,30,3,1
8,0.05,147,29,2,3
8,0.05,148,28,0,1
8,0.05,149,28,0,0
8,0.05,150,28,1,1
8,0.05,151,29,2,1
8,0.05,152,21,0,8
8,0.05,153,30,9,0
8,0.05,154,25,1,6
8,0.05,155,28,4,1
8,0.05,156,28,1,1
8,0.05,157,28,0,0
8,0.05,158,26,0,2
8,0.05,159,27,2,1
8,0.05,160,28,2,1
8,0.05,161,28,1,1
8,0.05,162,24,0,4
8,0.05,163,27,3,0
8,0.05,164,28,1,0
8,0.05,165,28,0,0
8,0.05,166,27,0,1
8,0.05,167,27,1,1
8,0.05,168,28,1,0
8,0.05,169,27,0,1
8,0.05,170,27,0,0
8,0.05,171,27,0,0
8,0.05,172,27,0,0
8,0.05,173,26,0,1
8,0.05,174,27,1,0
8,0.05,175,26,0,1
8,0.05,176,25,2,3
8,0.05,177,25,2,2
8,0.05,178,27,2,0
8,0.05,179,25,0,2
8,0.05,180,26,1,0
8,0.05,181,23,0,3
8,0.05,182,25,2,0
8,0.05,183,22,0,3
8,0.05,184,22,0,0
8,0.05,185,25,3,0
8,0.05,186,26,1,0
8,0.05,187,26,0,0
8,0.05,188,26,0,0
8,0.05,189,27,1,0
8,0.05,190,27,1,1
8,0.05,191,26,0,1
8,0.05,192,26,0,0
8,0.05,193,25,0,1
8,0.05,194,24,0,1
8,0.05,195,25,1,0
8,0.05,196,24,0,1
8,0.05,197,26,2,0
8,0.05,198,26,0,0
8,0.05,199,21,0,5
8,0.05,200,24,3,0
8,0.05,201,25,2,1
8,0.05,202,23,0,2
8,0.05,203,25,2,0
8,0.05,204,24,0,1
8,0.05,205,23,0,1
8,0.05,206,25,2,0
8,0.05,207,23,0,2
8,0.05,208,24,1,0
8,0.05,209,25,1,0
8,0.05,210,24,0,1
8,0.05,211,24,0,0
8,0.05,212,25,1,0
8,0.05,213,25,0,0
8,0.05,214,19,0,6
8,0.05,215,24,5,0
8,0.05,216,24,0,0
8,0.05,217,27,3,0
8,0.05,218,24,0,3
8,0.05,219,24,0,0
8,0.05,220,25,1,0
8,0.05,221,24,0,1
8,0.05,222,24,0,0
8,0.05,223,22,0,2
8,0.05,224,23,1,0
8,0.05,225,25,2,0
8,0.05,226,24,0,1
8,0.05,227,24,0,0
8,0.05,228,24,0,0
8,0.05,229,25,1,0
8,0.05,230,23,0,2
8,0.05,231,23,0,0
8,0.05,232,18,0,5
8,0.05,233,20,4,2
8,0.05,234,24,4,0
8,0.05,235,24,0,0
8,0.05,236,20,0,4
8,0.05,237,21,3,2
8,0.05,238,23,2,0
8,0.05,239,24,1,0
8,0.05,240,24,0,0
8,0.05,241,24,0,0
8,0.05,242,12,0,12
8,0.05,243,23,12,1
8,0.05,244,24,1,0
8,0.05,245,19,0,5
8,0.05,246,23,4,0
8,0.05,247,24,1,0
8,0.05,248,20,0,4
8,0.05,249,24,4,0
8,0.05,250,24,0,0
8,0.05,251,24,0,0
8,0.05,252,24,0,0
8,0.05,253,24,0,0
8,0.05,254,24,0,0
8,0.05,255,23,0,1
8,0.05,256,23,0,0
8,0.05,257,24,1,0
8,0.05,258,24,0,0
8,0.05,259,23,0,1
8,0.05,260,23,0,0
8,0.05,261,24,1,0
8,0.05,262,23,0,1
8,0.05,263,23,0,0
8,0.05,264,24,1,0
8,0.05,265,25,1,0
8,0.05,266,23,0,2
8,0.05,267,23,0,0
8,0.05,268,23,0,0
8,0.05,269,24,1,0
8,0.05,270,24,0,0
8,0.05,271,24,0,0
8,0.05,272,25,1,0
8,0.05,273,24,0,1
8,0.05,274,24,0,0
8,0.05,275,23,0,1
8,0.05,276,23,0,0
8,0.05,277,23,0,0
8,0.05,278,23,0,0
8,0.05,279,21,0,2
8,0.05,280,23,2,0
8,0.05,281,23,0,0
8,0.05,282,19,0,4
8,0.05,283,19,2,2
8,0.05,284,23,4,0
8,0.05,285,23,1,1
8,0.05,286,23,1,1
8,0.05,287,22,0,1
8,0.05,288,24,2,0
8,0.05,289,22,0,2
8,0.05,290,24,2,0
8,0.05,291,23,0,1
8,0.05,292,21,0,2
8,0.05,293,21,1,1
8,0.05,294,19,0,2
8,0.05,295,20,2,1
8,0.05,296,22,2,0
8,0.05,297,22,1,1
8,0.05,298,22,1,1
8,0.05,299,22,1,1
8,0.05,300,21,0,1
8,0.05,301,23,2,0
8,0.05,302,21,0,2
8,0.05,303,20,1,2
8,0.05,304,19,1,2
8,0.05,305,19,3,3
8,0.05,306,18,2,3
8,0.05,307,18,2,2
8,0.05,308,20,5,3
8,0.05,309,20,2,2
8,0.05,310,17,0,3
8,0.05,311,20,3,0
8,0.05,312,20,1,1
8,0.05,313,20,1,1
8,0.05,314,18,1,3
8,0.05,315,19,4,3
8,0.05,316,18,2,3
8,0.05,317,19,2,1
8,0.05,318,20,1,0
8,0.05,319,19,1,2
8,0.05,320,18,0,1
8,0.05,321,11,1,8
8,0.05,322,16,5,0
8,0.05,323,17,3,2
8,0.05,324,19,2,0
8,0.05,325,19,1,1
8,0.05,326,18,0,1
8,0.05,327,19,1,0
8,0.05,328,20,1,0
8,0.05,329,22,2,0
8,0.05,330,20,0,2
8,0.05,331,19,0,1
8,0.05,332,20,1,0
8,0.05,333,18,0,2
8,0.05,334,19,2,1
8,0.05,335,20,1,0
8,0.05,336,21,2,1
8,0.05,337,20,1,2
8,0.05,338,20,0,0
8,0.05,339,19,0,1
8,0.05,340,15,0,4
8,0.05,341,17,4,2
8,0.05,342,19,2,0
8,0.05,343,19,0,0
8,0.05,344,19,0,0
8,0.05,345,19,0,0
8,0.05,346,18,0,1
8,0.05,347,8,0,10
8,0.05,348,20,12,0
8,0.05,349,20,0,0
8,0.05,350,17,0,3
8,0.05,351,20,3,0
8,0.05,352,19,1,2
8,0.05,353,19,1,1
8,0.05,354,18,0,1
8,0.05,355,20,2,0
8,0.05,356,19,0,1
8,0.05,357,20,1,0
8,0.05,358,19,0,1
8,0.05,359,13,1,7
8,0.05,360,18,6,1
8,0.05,361,18,0,0
8,0.05,362,17,1,2
8,0.05,363,14,2,5
8,0.05,364,19,5,0
8,0.05,365,17,0,2
8,0.05,366,15,0,2
8,0.05,367,17,2,0
8,0.05,368,12,1,6
8,0.05,369,15,3,0
8,0.05,370,15,2,2
8,0.05,371,19,5,1
8,0.05,372,18,1,2
8,0.05,373,20,2,0
8,0.05,374,16,0,4
8,0.05,375,19,3,0
8,0.05,376,19,0,0
8,0.05,377,20,1,0
8,0.05,378,19,0,1
8,0.05,379,15,0,4
8,0.05,380,20,5,0
8,0.05,381,18,1,3
8,0.05,382,18,1,1
8,0.05,383,18,0,0
8,0.05,384,20,2,0
8,0.05,385,18,0,2
8,0.05,386,17,0,1
8,0.05,387,18,1,0
8,0.05,388,19,1,0
8,0.05,389,17,0,2
8,0.05,390,18,1,0
8,0.05,391,17,0,1
8,0.05,392,16,1,2
8,0.05,393,13,0,3
8,0.05,394,19,6,0
8,0.05,395,18,0,1
8,0.05,396,17,0,1
8,0.05,397,18,1,0
8,0.05,398,18,0,0
8,0.05,399,19,1,0
8,0.05,400,19,0,0
8,0.05,401,18,1,2
8,0.05,402,18,1,1
8,0.05,403,18,0,0
8,0.05,404,18,0,0
8,0.05,405,18,0,0
8,0.05,406,18,0,0
8,0.05,407,18,0,0
8,0.05,408,17,0,1
8,0.05,409,18,1,0
8,0.05,410,18,0,0
8,0.05,411,18,0,0
8,0.05,412,17,1,2
8,0.05,413,18,2,1
8,0.05,414,18,0,0
8,0.05,415,18,0,0
8,0.05,416,18,0,0
8,0.05,417,18,0,0
8,0.05,418,18,0,0
8,0.05,419,18,0,0
8,0.05,420,18,0,0
8,0.05,421,18,0,0
8,0.05,422,18,0,0
8,0.05,423,18,0,0
8,0.05,424,18,0,0
8,0.05,425,18,0,0
8,0.05,426,18,0,0
8,0.05,427,18,0,0
8,0.05,428,18,0,0
8,0.05,429,7,0,11
8,0.05,430,17,10,0
8,0.05,431,18,1,0
8,0.05,432,14,0,4
8,0.05,433,15,1,0
8,0.05,434,16,1,0
8,0.05,435,16,0,0
8,0.05,436,17,1,0
8,0.05,437,14,0,3
8,0.05,438,15,1,0
8,0.05,439,14,0,1
8,0.05,440,15,1,0
8,0.05,441,15,0,0
8,0.05,442,15,0,0
8,0.05,443,16,1,0
8,0.05,444,16,1,1
8,0.05,445,15,0,1
8,0.05,446,17,2,0
8,0.05,447,16,0,1
8,0.05,448,17,1,0
8,0.05,449,17,0,0
8,0.05,450,17,0,0
8,0.05,451,17,0,0
8,0.05,452,17,0,0
8,0.05,453,17,0,0
8,0.05,454,16,0,1
8,0.05,455,17,1,0
8,0.05,456,16,0,1
8,0.05,457,17,1,0
8,0.05,458,16,0,1
8,0.05,459,17,1,0
8,0.05,460,17,0,0
8,0.05,461,17,0,0
8,0.05,462,17,0,0
8,0.05,463,17,0,0
8,0.05,464,18,1,0
8,0.05,465,17,0,1
8,0.05,466,16,0,1
8,0.05,467,17,1,0
8,0.05,468,17,0,0
8,0.05,469,17,0,0
8,0.05,470,18,1,0
8,0.05,471,17,0,1
8,0.05,472,16,0,1
8,0.05,473,16,0,0
8,0.05,474,17,1,0
8,0.05,475,17,0,0
8,0.05,476,17,0,0
8,0.05,477,17,0,0
8,0.05,478,17,0,0
8,0.05,479,17,0,0
8,0.05,480,17,0,0
8,0.05,481,16,0,1
8,0.05,482,17,1,0
8,0.05,483,17,0,0
8,0.05,484,17,0,0
8,0.05,485,17,0,0
8,0.05,486,17,0,0
8,0.05,487,17,0,0
8,0.05,488,17,0,0
8,0.05,489,17,0,0
8,0.05,490,17,0,0
8,0.05,491,17,0,0
8,0.05,492,17,0,0
8,0.05,493,17,0,0
8,0.05,494,17,0,0
8,0.05,495,17,0,0
8,0.05,496,17,0,0
8,0.05,497,17,0,0
8,0.05,498,17,0,0
8,0.05,499,17,0,0
8,0.05,500,17,0,0
8,0.05,501,17,0,0
8,0.05,502,17,0,0
8,0.05,503,17,0,0
8,0.05,504,18,1,0
8,0.05,505,17,0,1
8,0.05,506,17,0,0
8,0.05,507,17,0,0
8,0.05,508,17,0,0
8,0.05,509,17,0,0
8,0.05,510,17,0,0
8,0.05,511,17,0,0
8,0.05,512,17,0,0
8,0.05,513,18,1,0
8,0.05,514,17,0,1
8,0.05,515,17,0,0
8,0.05,516,17,0,0
8,0.05,517,18,1,0
8,0.05,518,17,0,1
8,0.05,519,17,0,0
8,0.05,520,17,0,0
8,0.05,521,17,0,0
8,0.05,522,17,0,0
8,0.05,523,17,0,0
8,0.05,524,17,0,0
8,0.05,525,17,0,0
8,0.05,526,17,0,0
8,0.05,527,17,0,0
8,0.05,528,17,0,0
8,0.05,529,17,0,0
8,0.05,530,17,0,0
8,0.05,531,17,0,0
8,0.05,532,17,0,0
8,0.05,533,17,0,0
8,0.05,534,17,0,0
8,0.05,535,17,0,0
8,0.05,536,17,0,0
8,0.05,537,17,0,0
8,0.05,538,17,0,0
8,0.05,539,17,0,0
8,0.05,540,17,0,0
8,0.05,541,17,0,0
8,0.05,542,17,0,0
8,0.05,543,17,0,0
8,0.05,544,16,0,1
8,0.05,545,17,1,0
8,0.05,546,15,0,2
8,0.05,547,17,2,0
8,0.05,548,17,0,0
8,0.05,549,17,0,0
8,0.05,550,17,0,0
8,0.05,551,17,0,0
8,0.05,552,17,0,0
8,0.05,553,17,0,0
8,0.05,554,17,0,0
8,0.05,555,17,0,0
8,0.05,556,17,0,0
8,0.05,557,17,0,0
8,0.05,558,17,0,0
8,0.05,559,17,0,0
8,0.05,560,17,0,0
8,0.05,561,17,0,0
8,0.05,562,17,0,0
8,0.05,563,17,0,0
8,0.05,564,17,0,0
8,0.05,565,17,0,0
8,0.05,566,17,0,0
8,0.05,567,18,1,0
8,0.05,568,17,0,1
8,0.05,569,17,0,0
8,0.05,570,17,0,0
8,0.05,571,17,0,0
8,0.05,572,17,0,0
8,0.05,573,17,0,0
8,0.05,574,17,0,0
8,0.05,575,17,0,0
8,0.05,576,18,1,0
8,0.05,577,17,0,1
8,0.05,578,17,0,0
8,0.05,579,17,0,0
8,0.05,580,17,0,0
8,0.05,581,17,0,0
8,0.05,582,17,0,0
8,0.05,583,17,0,0
8,0.05,584,17,0,0
8,0.05,585,17,0,0
8,0.05,586,17,0,0
8,0.05,587,17,0,0
8,0.05,588,17,0,0
8,0.05,589,17,0,0
8,0.05,590,17,0,0
8,0.05,591,17,0,0
8,0.05,592,17,0,0
8,0.05,593,17,0,0
8,0.05,594,17,0,0
8,0.05,595,17,0,0
8,0.05,596,17,0,0
8,0.05,597,17,0,0
8,0.05,598,17,0,0
8,0.05,599,17,0,0
8,0.05,600,17,0,0
8,0.05,601,17,0,0
8,0.05,602,17,0,0
8,0.05,603,17,0,0
8,0.05,604,17,0,0
8,0.05,605,17,0,0
8,0.05,606,17,0,0
8,0.05,607,17,0,0
8,0.05,608,18,1,0
8,0.05,609,16,0,2
8,0.05,610,17,1,0
8,0.05,611,17,0,0
8,0.05,612,17,0,0
8,0.05,613,15,0,2
8,0.05,614,17,2,0
8,0.05,615,16,0,1
8,0.05,616,16,0,0
8,0.05,617,17,1,0
8,0.05,618,17,0,0
8,0.05,619,16,0,1
8,0.05,620,17,1,0
8,0.05,621,18,1,0
8,0.05,622,17,0,1
8,0.05,623,17,0,0
8,0.05,624,16,0,1
8,0.05,625,18,2,0
8,0.05,626,15,0,3
8,0.05,627,17,2,0
8,0.05,628,18,1,0
8,0.05,629,18,0,0
8,0.05,630,18,0,0
8,0.05,631,18,0,0
8,0.05,632,17,0,1
8,0.05,633,18,1,0
8,0.05,634,18,1,1
8,0.05,635,17,0,1
8,0.05,636,18,1,0
8,0.05,637,18,2,2
8,0.05,638,17,0,1
8,0.05,639,17,1,1
8,0.05,640,17,0,0
8,0.05,641,17,0,0
8,0.05,642,17,0,0
8,0.05,643,16,0,1
8,0.05,644,17,1,0
8,0.05,645,14,0,3
8,0.05,646,17,3,0
8,0.05,647,18,1,0
8,0.05,648,17,0,1
8,0.05,649,17,0,0
8,0.05,650,17,0,0
8,0.05,651,17,0,0
8,0.05,652,17,0,0
8,0.05,653,17,0,0
8,0.05,654,17,0,0
8,0.05,655,17,0,0
8,0.05,656,17,0,0
8,0.05,657,18,1,0
8,0.05,658,18,0,0
8,0.05,659,17,0,1
8,0.05,660,17,0,0
8,0.05,661,18,1,0
8,0.05,662,17,0,1
8,0.05,663,17,0,0
8,0.05,664,18,1,0
8,0.05,665,17,0,1
8,0.05,666,18,1,0
8,0.05,667,19,1,0
8,0.05,668,17,0,2
8,0.05,669,17,0,0
8,0.05,670,18,1,0
8,0.05,671,17,0,1
8,0.05,672,16,0,1
8,0.05,673,17,1,0
8,0.05,674,17,0,0
8,0.05,675,18,1,0
8,0.05,676,17,0,1
8,0.05,677,17,0,0
8,0.05,678,17,1,1
8,0.05,679,18,1,0
8,0.05,680,17,0,1
8,0.05,681,18,1,0
8,0.05,682,17,0,1
8,0.05,683,18,1,0
8,0.05,684,16,0,2
8,0.05,685,14,0,2
8,0.05,686,15,1,0
8,0.05,687,17,2,0
8,0.05,688,17,0,0
8,0.05,689,12,0,5
8,0.05,690,12,0,0
8,0.05,691,16,4,0
8,0.05,692,16,1,1
8,0.05,693,16,1,1
8,0.05,694,14,0,2
8,0.05,695,15,1,0
8,0.05,696,16,2,1
8,0.05,697,16,0,0
8,0.05,698,16,0,0
8,0.05,699,17,1,0
8,0.05,700,16,0,1
8,0.05,701,17,1,0
8,0.05,702,17,0,0
8,0.05,703,17,0,0
8,0.05,704,17,0,0
8,0.05,705,17,0,0
8,0.05,706,16,0,1
8,0.05,707,16,0,0
8,0.05,708,16,0,0
8,0.05,709,18,2,0
8,0.05,710,16,0,2
8,0.05,711,16,0,0
8,0.05,712,16,0,0
8,0.05,713,17,1,0
8,0.05,714,16,0,1
8,0.05,715,16,0,0
8,0.05,716,16,0,0
8,0.05,717,17,1,0
8,0.05,718,16,0,1
8,0.05,719,17,1,0
8,0.05,720,16,0,1
8,0.05,721,17,1,0
8,0.05,722,16,0,1
8,0.05,723,16,0,0
8,0.05,724,16,0,0
8,0.05,725,16,0,0
8,0.05,726,16,0,0
8,0.05,727,16,0,0
8,0.05,728,16,0,0
8,0.05,729,16,0,0
8,0.05,730,16,0,0
8,0.05,731,16,0,0
8,0.05,732,16,0,0
8,0.05,733,16,0,0
8,0.05,734,16,0,0
8,0.05,735,17,1,0
8,0.05,736,16,0,1
8,0.05,737,16,0,0
8,0.05,738,16,0,0
8,0.05,739,16,0,0
8,0.05,740,16,0,0
8,0.05,741,16,0,0
8,0.05,742,16,0,0
8,0.05,743,16,0,0
8,0.05,744,16,0,0
8,0.05,745,16,0,0
8,0.05,746,16,0,0
8,0.05,747,16,0,0
8,0.05,748,16,0,0
8,0.05,749,18,2,0
8,0.05,750,16,0,2
8,0.05,751,18,2,0
8,0.05,752,17,1,2
8,0.05,753,16,0,1
8,0.05,754,18,2,0
8,0.05,755,16,0,2
8,0.05,756,16,0,0
8,0.05,757,18,2,0
8,0.05,758,16,0,2
8,0.05,759,16,0,0
8,0.05,760,16,0,0
8,0.05,761,17,1,0
8,0.05,762,16,0,1
8,0.05,763,17,1,0
8,0.05,764,16,0,1
8,0.05,765,17,1,0
8,0.05,766,16,0,1
8,0.05,767,17,1,0
8,0.05,768,17,0,0
8,0.05,769,17,0,0
8,0.05,770,18,1,0
8,0.05,771,18,0,0
8,0.05,772,18,0,0
8,0.05,773,17,0,1
8,0.05,774,17,1,1
8,0.05,775,17,0,0
8,0.05,776,16,0,1
8,0.05,777,17,1,0
8,0.05,778,17,0,0
8,0.05,779,17,0,0
8,0.05,780,18,1,0
8,0.05,781,16,0,2
8,0.05,782,16,0,0
8,0.05,783,17,1,0
8,0.05,784,17,0,0
8,0.05,785,17,1,1
8,0.05,786,17,0,0
8,0.05,787,17,0,0
8,0.05,788,17,0,0
8,0.05,789,17,0,0
8,0.05,790,17,0,0
8,0.05,791,17,1,1
8,0.05,792,17,1,1
8,0.05,793,17,1,1
8,0.05,794,18,1,0
8,0.05,795,18,0,0
8,0.05,796,18,0,0
8,0.05,797,16,0,2
8,0.05,798,16,0,0
8,0.05,799,17,1,0
8,0.05,800,18,1,0
8,0.05,801,18,1,1
8,0.05,802,17,0,1
8,0.05,803,17,0,0
8,0.05,804,17,0,0
8,0.05,805,17,1,1
8,0.05,806,16,0,1
8,0.05,807,16,0,0
8,0.05,808,16,0,0
8,0.05,809,16,0,0
8,0.05,810,16,0,0
8,0.05,811,17,1,0
8,0.05,812,16,0,1
8,0.05,813,16,0,0
8,0.05,814,17,1,0
8,0.05,815,17,0,0
8,0.05,816,17,0,0
8,0.05,817,16,0,1
8,0.05,818,17,1,0
8,0.05,819,16,0,1
8,0.05,820,18,2,0
8,0.05,821,17,0,1
8,0.05,822,17,0,0
8,0.05,823,17,0,0
8,0.05,824,18,1,0
8,0.05,825,18,0,0
8,0.05,826,18,0,0
8,0.05,827,17,0,1
8,0.05,828,17,0,0
8,0.05,829,18,1,0
8,0.05,830,18,1,1
8,0.05,831,17,0,1
8,0.05,832,18,1,0
8,0.05,833,17,0,1
8,0.05,834,18,1,0
8,0.05,835,18,0,0
8,0.05,836,18,0,0
8,0.05,837,17,0,1
8,0.05,838,18,1,0
8,0.05,839,16,0,2
8,0.05,840,16,0,0
8,0.05,841,16,0,0
8,0.05,842,16,0,0
8,0.05,843,18,2,0
8,0.05,844,16,0,2
8,0.05,845,16,0,0
8,0.05,846,18,2,0
8,0.05,847,17,0,1
8,0.05,848,17,1,1
8,0.05,849,16,0,1
8,0.05,850,17,1,0
8,0.05,851,17,0,0
8,0.05,852,16,0,1
8,0.05,853,17,1,0
8,0.05,854,17,0,0
8,0.05,855,17,0,0
8,0.05,856,17,0,0
8,0.05,857,17,0,0
8,0.05,858,17,0,0
8,0.05,859,17,0,0
8,0.05,860,16,0,1
8,0.05,861,17,1,0
8,0.05,862,17,0,0
8,0.05,863,16,0,1
8,0.05,864,17,1,0
8,0.05,865,17,0,0
8,0.05,866,17,0,0
8,0.05,867,17,0,0
8,0.05,868,17,0,0
8,0.05,869,17,0,0
8,0.05,870,17,0,0
8,0.05,871,17,0,0
8,0.05,872,16,0,1
8,0.05,873,17,1,0
8,0.05,874,16,0,1
8,0.05,875,17,1,0
8,0.05,876,17,0,0
8,0.05,877,17,0,0
8,0.05,878,17,0,0
8,0.05,879,17,0,0
8,0.05,880,17,0,0
8,0.05,881,17,0,0
8,0.05,882,17,0,0
8,0.05,883,17,0,0
8,0.05,884,18,1,0
8,0.05,885,17,0,1
8,0.05,886,17,0,0
8,0.05,887,17,0,0
8,0.05,888,17,0,0
8,0.05,889,17,0,0
8,0.05,890,17,0,0
8,0.05,891,17,0,0
8,0.05,892,17,0,0
8,0.05,893,17,0,0
8,0.05,894,17,0,0
8,0.05,895,17,0,0
8,0.05,896,17,0,0
8,0.05,897,17,0,0
8,0.05,898,17,0,0
8,0.05,899,17,0,0
8,0.05,900,17,0,0
8,0.05,901,17,0,0
8,0.05,902,17,0,0
8,0.05,903,17,0,0
8,0.05,904,17,0,0
8,0.05,905,17,0,0
8,0.05,906,17,0,0
8,0.05,907,17,0,0
8,0.05,908,17,0,0
8,0.05,909,17,0,0
8,0.05,910,17,0,0
8,0.05,911,17,0,0
8,0.05,912,17,0,0
8,0.05,913,17,0,0
8,0.05,914,17,0,0
8,0.05,915,17,0,0
8,0.05,916,17,0,0
8,0.05,917,17,0,0
8,0.05,918,17,0,0
8,0.05,919,17,0,0
8,0.05,920,17,0,0
8,0.05,921,17,0,0
8,0.05,922,17,0,0
8,0.05,923,17,0,0
8,0.05,924,17,0,0
8,0.05,925,17,0,0
8,0.05,926,17,0,0
8,0.05,927,17,0,0
8,0.05,928,17,0,0
8,0.05,929,17,0,0
8,0.05,930,17,0,0
8,0.05,931,18,1,0
8,0.05,932,17,0,1
8,0.05,933,17,0,0
8,0.05,934,17,0,0
8,0.05,935,18,1,0
8,0.05,936,17,0,1
8,0.05,937,17,0,0
8,0.05,938,17,0,0
8,0.05,939,17,0,0
8,0.05,940,17,0,0
8,0.05,941,17,0,0
8,0.05,942,17,0,0
8,0.05,943,17,0,0
8,0.05,944,17,0,0
8,0.05,945,17,0,0
8,0.05,946,17,0,0
8,0.05,947,17,0,0
8,0.05,948,17,0,0
8,0.05,949,17,0,0
8,0.05,950,17,0,0
8,0.05,951,17,0,0
8,0.05,952,17,0,0
8,0.05,953,17,0,0
8,0.05,954,17,0,0
8,0.05,955,17,0,0
8,0.05,956,17,0,0
8,0.05,957,17,0,0
8,0.05,958,17,0,0
8,0.05,959,17,0,0
8,0.05,960,17,0,0
8,0.05,961,17,0,0
8,0.05,962,17,0,0
8,0.05,963,17,0,0
8,0.05,964,17,0,0
8,0.05,965,17,0,0
8,0.05,966,17,0,0
8,0.05,967,17,0,0
8,0.05,968,17,0,0
8,0.05,969,17,0,0
8,0.05,970,17,0,0
8,0.05,971,17,0,0
8,0.05,972,17,0,0
8,0.05,973,17,0,0
8,0.05,974,17,0,0
8,0.05,975,17,0,0
8,0.05,976,17,0,0
8,0.05,977,17,0,0
8,0.05,978,17,0,0
8,0.05,979,17,0,0
8,0.05,980,17,0,0
8,0.05,981,17,0,0
8,0.05,982,17,0,0
8,0.05,983,17,0,0
8,0.05,984,17,0,0
8,0.05,985,17,0,0
8,0.05,986,17,0,0
8,0.05,987,17,0,0
8,0.05,988,17,0,0
8,0.05,989,17,0,0
8,0.05,990,17,0,0
8,0.05,991,18,1,0
8,0.05,992,17,0,1
8,0.05,993,17,0,0
8,0.05,994,17,0,0
8,0.05,995,17,0,0
8,0.05,996,17,0,0
8,0.05,997,17,0,0
8,0.05,998,17,0,0
8,0.05,999,18,1,0
8,0.05,1000,17,0,1
8,0.05,1001,17,0,0
8,0.05,1002,17,0,0
8,0.05,1003,17,0,0
8,0.05,1004,17,0,0
8,0.05,1005,17,0,0
8,0.05,1006,17,0,0
8,0.05,1007,17,0,0
8,0.05,1008,17,0,0
8,0.05,1009,17,0,0
8,0.05,1010,17,0,0
8,0.05,1011,17,0,0
8,0.05,1012,17,0,0
8,0.05,1013,17,0,0
8,0.05,1014,17,0,0
8,0.05,1015,17,0,0
8,0.05,1016,17,0,0
8,0.05,1017,17,0,0
8,0.05,1018,17,0,0
8,0.05,1019,18,1,0
8,0.05,1020,17,0,1
8,0.05,1021,17,0,0
8,0.05,1022,17,0,0
8,0.05,1023,17,0,0
8,0.05,1024,17,0,0
8,0.05,1025,17,0,0
8,0.05,1026,17,0,0
8,0.05,1027,18,1,0
8,0.05,1028,17,0,1
8,0.05,1029,17,0,0
8,0.05,1030,17,0,0
8,0.05,1031,17,0,0
8,0.05,1032,18,1,0
8,0.05,1033,17,0,1
8,0.05,1034,17,0,0
8,0.05,1035,17,0,0
8,0.05,1036,17,0,0
8,0.05,1037,17,0,0
8,0.05,1038,17,0,0
8,0.05,1039,17,0,0
8,0.05,1040,17,0,0
8,0.05,1041,17,0,0
8,0.05,1042,17,0,0
8,0.05,1043,17,0,0
8,0.05,1044,17,0,0
8,0.05,1045,17,0,0
8,0.05,1046,17,0,0
8,0.05,1047,17,0,0
8,0.05,1048,17,0,0
8,0.05,1049,17,0,0
8,0.05,1050,17,0,0
8,0.05,1051,17,0,0
8,0.05,1052,17,0,0
8,0.05,1053,17,0,0
8,0.05,1054,17,0,0
8,0.05,1055,17,0,0
8,0.05,1056,17,0,0
8,0.05,1057,17,0,0
8,0.05,1058,17,0,0
8,0.05,1059,17,0,0
8,0.05,1060,17,0,0
8,0.05,1061,17,0,0
8,0.05,1062,17,0,0
8,0.05,1063,17,0,0
8,0.05,1064,17,0,0
8,0.05,1065,17,0,0
8,0.05,1066,17,0,0
8,0.05,1067,17,0,0
8,0.05,1068,17,0,0
8,0.05,1069,17,0,0
8,0.05,1070,17,0,0
8,0.05,1071,17,0,0
8,0.05,1072,17,0,0
8,0.05,1073,17,0,0
8,0.05,1074,17,0,0
8,0.05,1075,17,0,0
8,0.05,1076,17,0,0
8,0.05,1077,17,0,0
8,0.05,1078,17,0,0
8,0.05,1079,17,0,0
8,0.05,1080,17,0,0
8,0.05,1081,17,0,0
8,0.05,1082,17,0,0
8,0.05,1083,18,1,0
8,0.05,1084,17,0,1
8,0.05,1085,17,0,0
8,0.05,1086,17,0,0
8,0.05,1087,17,0,0
8,0.05,1088,18,1,0
8,0.05,1089,17,0,1
8,0.05,1090,17,0,0
8,0.05,1091,17,0,0
8,0.05,1092,17,0,0
8,0.05,1093,17,0,0
8,0.05,1094,17,0,0
8,0.05,1095,17,0,0
8,0.05,1096,17,0,0
8,0.05,1097,17,0,0
8,0.05,1098,18,1,0
8,0.05,1099,17,0,1
8,0.05,1100,17,0,0
8,0.05,1101,17,0,0
8,0.05,1102,17,0,0
8,0.05,1103,18,1,0
8,0.05,1104,17,0,1
8,0.05,1105,17,0,0
8,0.05,1106,17,0,0
8,0.05,1107,17,0,0
8,0.05,1108,17,0,0
8,0.05,1109,17,0,0
8,0.05,1110,17,0,0
8,0.05,1111,17,0,0
8,0.05,1112,17,0,0
8,0.05,1113,17,0,0
8,0.05,1114,17,0,0
8,0.05,1115,17,0,0
8,0.05,1116,18,1,0
8,0.05,1117,17,0,1
8,0.05,1118,17,0,0
8,0.05,1119,17,0,0
8,0.05,1120,17,0,0
8,0.05,1121,17,0,0
8,0.05,1122,17,0,0
8,0.05,1123,17,0,0
8,0.05,1124,17,0,0
8,0.05,1125,18,1,0
8,0.05,1126,17,0,1
8,0.05,1127,17,0,0
8,0.05,1128,17,0,0
8,0.05,1129,17,0,0
8,0.05,1130,17,0,0
8,0.05,1131,17,0,0
8,0.05,1132,18,1,0
8,0.05,1133,17,0,1
8,0.05,1134,17,0,0
8,0.05,1135,17,0,0
8,0.05,1136,17,0,0
8,0.05,1137,17,0,0
8,0.05,1138,17,0,0
8,0.05,1139,17,0,0
8,0.05,1140,17,0,0
8,0.05,1141,17,0,0
8,0.05,1142,17,0,0
8,0.05,1143,17,0,0
8,0.05,1144,17,0,0
8,0.05,1145,17,0,0
8,0.05,1146,17,0,0
8,0.05,1147,17,0,0
8,0.05,1148,18,1,0
8,0.05,1149,19,1,0
8,0.05,1150,19,0,0
8,0.05,1151,17,0,2
8,0.05,1152,18,1,0
8,0.05,1153,18,0,0
8,0.05,1154,18,0,0
8,0.05,1155,17,0,1
8,0.05,1156,17,0,0
8,0.05,1157,17,0,0
8,0.05,1158,18,1,0
8,0.05,1159,17,0,1
8,0.05,1160,18,1,0
8,0.05,1161,17,0,1
8,0.05,1162,18,1,0
8,0.05,1163,17,0,1
8,0.05,1164,18,1,0
8,0.05,1165,18,0,0
8,0.05,1166,17,0,1
8,0.05,1167,18,1,0
8,0.05,1168,18,0,0
8,0.05,1169,17,0,1
8,0.05,1170,17,0,0
8,0.05,1171,18,1,0
8,0.05,1172,18,0,0
8,0.05,1173,17,0,1
8,0.05,1174,18,1,0
8,0.05,1175,17,0,1
8,0.05,1176,17,0,0
8,0.05,1177,18,1,0
8,0.05,1178,17,0,1
8,0.05,1179,18,1,0
8,0.05,1180,18,1,1
8,0.05,1181,18,0,0
8,0.05,1182,18,0,0
8,0.05,1183,19,1,0
8,0.05,1184,18,0,1
8,0.05,1185,18,0,0
8,0.05,1186,18,0,0
8,0.05,1187,18,0,0
8,0.05,1188,18,0,0
8,0.05,1189,18,0,0
8,0.05,1190,20,2,0
8,0.05,1191,18,0,2
8,0.05,1192,18,0,0
8,0.05,1193,19,1,0
8,0.05,1194,19,0,0
8,0.05,1195,19,0,0
8,0.05,1196,19,0,0
8,0.05,1197,18,0,1
8,0.05,1198,17,0,1
8,0.05,1199,19,2,0
8,0.05,1200,19,0,0
8,0.05,1201,18,0,1
8,0.05,1202,18,0,0
8,0.05,1203,19,1,0
8,0.05,1204,18,0,1
8,0.05,1205,19,1,0
8,0.05,1206,19,0,0
8,0.05,1207,18,0,1
8,0.05,1208,18,0,0
8,0.05,1209,19,1,0
8,0.05,1210,19,0,0
8,0.05,1211,19,0,0
8,0.05,1212,18,0,1
8,0.05,1213,19,1,0
8,0.05,1214,19,0,0
8,0.05,1215,19,0,0
8,0.05,1216,19,0,0
8,0.05,1217,19,0,0
8,0.05,1218,18,0,1
8,0.05,1219,19,1,0
8,0.05,1220,19,0,0
8,0.05,1221,19,0,0
8,0.05,1222,19,0,0
8,0.05,1223,19,0,0
8,0.05,1224,19,0,0
8,0.05,1225,19,0,0
8,0.05,1226,18,0,1
8,0.05,1227,19,1,0
8,0.05,1228,19,0,0
8,0.05,1229,19,0,0
8,0.05,1230,19,0,0
8,0.05,1231,19,0,0
8,0.05,1232,19,0,0
8,0.05,1233,19,0,0
8,0.05,1234,19,0,0
8,0.05,1235,19,0,0
8,0.05,1236,19,0,0
8,0.05,1237,19,0,0
8,0.05,1238,19,0,0
8,0.05,1239,19,0,0
8,0.05,1240,19,0,0
8,0.05,1241,19,0,0
8,0.05,1242,19,0,0
8,0.05,1243,17,0,2
8,0.05,1244,17,0,0
8,0.05,1245,17,0,0
8,0.05,1246,17,0,0
8,0.05,1247,19,2,0
8,0.05,1248,17,0,2
8,0.05,1249,19,2,0
8,0.05,1250,19,0,0
8,0.05,1251,17,0,2
8,0.05,1252,17,0,0
8,0.05,1253,17,0,0
8,0.05,1254,18,1,0
8,0.05,1255,17,0,1
8,0.05,1256,17,0,0
8,0.05,1257,17,0,0
8,0.05,1258,17,0,0
8,0.05,1259,17,0,0
8,0.05,1260,17,0,0
8,0.05,1261,17,0,0
8,0.05,1262,17,0,0
8,0.05,1263,17,0,0
8,0.05,1264,18,1,0
8,0.05,1265,18,0,0
8,0.05,1266,17,0,1
8,0.05,1267,17,0,0
8,0.05,1268,18,1,0
8,0.05,1269,17,0,1
8,0.05,1270,17,0,0
8,0.05,1271,17,0,0
8,0.05,1272,18,1,0
8,0.05,1273,18,0,0
8,0.05,1274,18,0,0
8,0.05,1275,18,0,0
8,0.05,1276,17,0,1
8,0.05,1277,17,0,0
8,0.05,1278,17,0,0
8,0.05,1279,17,0,0
8,0.05,1280,18,1,0
8,0.05,1281,17,0,1
8,0.05,1282,17,0,0
8,0.05,1283,18,1,0
8,0.05,1284,18,0,0
8,0.05,1285,17,0,1
8,0.05,1286,17,0,0
8,0.05,1287,17,0,0
8,0.05,1288,17,0,0
8,0.05,1289,17,0,0
8,0.05,1290,17,0,0
8,0.05,1291,18,1,0
8,0.05,1292,17,0,1
8,0.05,1293,18,1,0
8,0.05,1294,17,0,1
8,0.05,1295,17,0,0
8,0.05,1296,17,0,0
8,0.05,1297,17,0,0
8,0.05,1298,18,1,0
8,0.05,1299,18,0,0
8,0.05,1300,17,0,1
8,0.05,1301,18,1,0
8,0.05,1302,18,0,0
8,0.05,1303,17,0,1
8,0.05,1304,17,0,0
8,0.05,1305,18,1,0
8,0.05,1306,17,0,1
8,0.05,1307,18,1,0
8,0.05,1308,17,0,1
8,0.05,1309,17,0,0
8,0.05,1310,17,0,0
8,0.05,1311,18,1,0
8,0.05,1312,17,0,1
8,0.05,1313,18,1,0
8,0.05,1314,19,1,0
8,0.05,1315,17,0,2
8,0.05,1316,17,0,0
8,0.05,1317,17,0,0
8,0.05,1318,19,2,0
8,0.05,1319,18,0,1
8,0.05,1320,17,0,1
8,0.05,1321,18,1,0
8,0.05,1322,18,0,0
8,0.05,1323,17,0,1
8,0.05,1324,18,1,0
8,0.05,1325,18,1,1
8,0.05,1326,18,1,1
8,0.05,1327,17,0,1
8,0.05,1328,17,0,0
8,0.05,1329,18,1,0
8,0.05,1330,17,0,1
8,0.05,1331,18,1,0
8,0.05,1332,17,0,1
8,0.05,1333,18,1,0
8,0.05,1334,18,0,0
8,0.05,1335,18,0,0
8,0.05,1336,18,0,0
8,0.05,1337,17,0,1
8,0.05,1338,18,1,0
8,0.05,1339,18,0,0
8,0.05,1340,18,0,0
8,0.05,1341,18,0,0
8,0.05,1342,18,0,0
8,0.05,1343,18,0,0
8,0.05,1344,17,0,1
8,0.05,1345,18,1,0
8,0.05,1346,18,0,0
8,0.05,1347,18,0,0
8,0.05,1348,18,0,0
8,0.05,1349,18,0,0
8,0.05,1350,18,0,0
8,0.05,1351,17,0,1
8,0.05,1352,18,1,0
8,0.05,1353,18,0,0
8,0.05,1354,18,0,0
8,0.05,1355,18,0,0
8,0.05,1356,18,0,0
8,0.05,1357,17,0,1
8,0.05,1358,18,1,0
8,0.05,1359,18,0,0
8,0.05,1360,18,0,0
8,0.05,1361,18,0,0
8,0.05,1362,18,0,0
8,0.05,1363,18,0,0
8,0.05,1364,18,0,0
8,0.05,1365,17,0,1
8,0.05,1366,14,0,3
8,0.05,1367,16,2,0
8,0.05,1368,17,1,0
8,0.05,1369,17,0,0
8,0.05,1370,18,1,0
8,0.05,1371,18,0,0
8,0.05,1372,16,0,2
8,0.05,1373,18,2,0
8,0.05,1374,17,0,1
8,0.05,1375,18,1,0
8,0.05,1376,17,0,1
8,0.05,1377,18,1,0
8,0.05,1378,18,0,0
8,0.05,1379,18,0,0
8,0.05,1380,18,0,0
8,0.05,1381,17,0,1
8,0.05,1382,18,1,0
8,0.05,1383,18,0,0
8,0.05,1384,18,0,0
8,0.05,1385,18,0,0
8,0.05,1386,18,0,0
8,0.05,1387,18,0,0
8,0.05,1388,18,0,0
8,0.05,1389,18,0,0
8,0.05,1390,18,0,0
8,0.05,1391,18,0,0
8,0.05,1392,18,0,0
8,0.05,1393,18,0,0
8,0.05,1394,18,0,0
8,0.05,1395,18,0,0
8,0.05,1396,18,0,0
8,0.05,1397,18,0,0
8,0.05,1398,16,0,2
8,0.05,1399,16,0,0
8,0.05,1400,17,1,0
8,0.05,1401,18,1,0
8,0.05,1402,17,0,1
8,0.05,1403,18,1,0
8,0.05,1404,18,0,0
8,0.05,1405,18,0,0
8,0.05,1406,18,0,0
8,0.05,1407,18,0,0
8,0.05,1408,17,0,1
8,0.05,1409,17,0,0
8,0.05,1410,17,0,0
8,0.05,1411,17,0,0
8,0.05,1412,17,0,0
8,0.05,1413,16,0,1
8,0.05,1414,17,1,0
8,0.05,1415,18,1,0
8,0.05,1416,18,0,0
8,0.05,1417,17,0,1
8,0.05,1418,18,1,0
8,0.05,1419,18,0,0
8,0.05,1420,18,0,0
8,0.05,1421,18,0,0
8,0.05,1422,18,0,0
8,0.05,1423,18,0,0
8,0.05,1424,18,0,0
8,0.05,1425,18,0,0
8,0.05,1426,19,1,0
8,0.05,1427,18,0,1
8,0.05,1428,17,0,1
8,0.05,1429,18,1,0
8,0.05,1430,17,0,1
8,0.05,1431,18,1,0
8,0.05,1432,18,0,0
8,0.05,1433,18,0,0
8,0.05,1434,17,0,1
8,0.05,1435,18,1,0
8,0.05,1436,18,0,0
8,0.05,1437,18,0,0
8,0.05,1438,18,0,0
8,0.05,1439,18,0,0
8,0.05,1440,18,0,0
8,0.05,1441,18,0,0
8,0.05,1442,18,0,0
8,0.05,1443,17,0,1
8,0.05,1444,18,1,0
8,0.05,1445,18,0,0
8,0.05,1446,18,0,0
8,0.05,1447,18,0,0
8,0.05,1448,18,0,0
8,0.05,1449,18,0,0
8,0.05,1450,17,0,1
8,0.05,1451,18,1,0
8,0.05,1452,16,0,2
8,0.05,1453,17,1,0
8,0.05,1454,17,0,0
8,0.05,1455,16,0,1
8,0.05,1456,17,1,0
8,0.05,1457,17,0,0
8,0.05,1458,17,0,0
8,0.05,1459,17,0,0
8,0.05,1460,16,0,1
8,0.05,1461,17,1,0
8,0.05,1462,17,0,0
8,0.05,1463,17,0,0
8,0.05,1464,17,0,0
8,0.05,1465,17,0,0
8,0.05,1466,17,0,0
8,0.05,1467,18,1,0
8,0.05,1468,18,1,1
8,0.05,1469,17,0,1
8,0.05,1470,17,0,0
8,0.05,1471,17,0,0
8,0.05,1472,17,0,0
8,0.05,1473,17,0,0
8,0.05,1474,17,0,0
8,0.05,1475,17,0,0
8,0.05,1476,17,0,0
8,0.05,1477,17,0,0
8,0.05,1478,17,0,0
8,0.05,1479,17,0,0
8,0.05,1480,17,0,0
8,0.05,1481,17,0,0
8,0.05,1482,17,0,0
8,0.05,1483,18,1,0
8,0.05,1484,18,0,0
8,0.05,1485,18,0,0
8,0.05,1486,18,0,0
8,0.05,1487,17,0,1
8,0.05,1488,17,0,0
8,0.05,1489,17,0,0
8,0.05,1490,17,0,0
8,0.05,1491,17,0,0
8,0.05,1492,17,0,0
8,0.05,1493,17,0,0
8,0.05,1494,17,0,0
8,0.05,1495,17,0,0
8,0.05,1496,17,0,0
8,0.05,1497,17,0,0
8,0.05,1498,17,0,0
8,0.05,1499,17,0,0
8,0.05,1500,18,1,0
8,0.1,0,10,0,0
8,0.1,1,51,45,4
8,0.1,2,43,18,26
8,0.1,3,54,23,12
8,0.1,4,43,18,29
8,0.1,5,30,12,25
8,0.1,6,51,28,7
8,0.1,7,51,16,16
8,0.1,8,61,24,14
8,0.1,9,64,15,12
8,0.1,10,65,11,10
8,0.1,11,58,11,18
8,0.1,12,64,11,5
8,0.1,13,38,5,31
8,0.1,14,47,21,12
8,0.1,15,59,17,5
8,0.1,16,64,12,7
8,0.1,17,52,3,15
8,0.1,18,63,17,6
8,0.1,19,57,7,13
8,0.1,20,56,11,12
8,0.1,21,62,11,5
8,0.1,22,54,4,12
8,0.1,23,58,9,5
8,0.1,24,57,1,2
8,0.1,25,61,8,4
8,0.1,26,57,3,7
8,0.1,27,60,5,2
8,0.1,28,59,3,4
8,0.1,29,61,5,3
8,0.1,30,53,0,8
8,0.1,31,57,8,4
8,0.1,32,61,5,1
8,0.1,33,52,1,10
8,0.1,34,52,6,6
8,0.1,35,52,7,7
8,0.1,36,51,9,10
8,0.1,37,53,7,5
8,0.1,38,54,6,5
8,0.1,39,57,5,2
8,0.1,40,57,5,5
8,0.1,41,55,3,5
8,0.1,42,60,6,1
8,0.1,43,54,0,6
8,0.1,44,58,5,1
8,0.1,45,48,1,11
8,0.1,46,52,8,4
8,0.1,47,48,1,5
8,0.1,48,51,7,4
8,0.1,49,48,3,6
8,0.1,50,55,10,3
8,0.1,51,45,2,12
8,0.1,52,55,12,2
8,0.1,53,50,0,5
8,0.1,54,54,6,2
8,0.1,55,50,1,5
8,0.1,56,36,1,15
8,0.1,57,37,11,10
8,0.1,58,42,10,5
8,0.1,59,45,4,1
8,0.1,60,38,4,11
8,0.1,61,36,8,10
8,0.1,62,37,11,10
8,0.1,63,43,10,4
8,0.1,64,36,4,11
8,0.1,65,42,9,3
8,0.1,66,44,2,0
8,0.1,67,50,8,2
8,0.1,68,48,6,8
8,0.1,69,51,5,2
8,0.1,70,47,2,6
8,0.1,71,48,5,4
8,0.1,72,45,2,5
8,0.1,73,45,5,5
8,0.1,74,47,6,4
8,0.1,75,43,2,6
8,0.1,76,49,9,3
8,0.1,77,47,1,3
8,0.1,78,46,2,3
8,0.1,79,47,5,4
8,0.1,80,47,5,5
8,0.1,81,43,3,7
8,0.1,82,44,2,1
8,0.1,83,44,2,2
8,0.1,84,46,3,1
8,0.1,85,45,1,2
8,0.1,86,43,1,3
8,0.1,87,45,3,1
8,0.1,88,41,1,5
8,0.1,89,42,4,3
8,0.1,90,40,3,5
8,0.1,91,42,4,2
8,0.1,92,36,1,7
8,0.1,93,42,8,2
8,0.1,94,37,1,6
8,0.1,95,44,8,1
8,0.1,96,43,1,2
8,0.1,97,41,3,5
8,0.1,98,40,2,3
8,0.1,99,41,2,1
8,0.1,100,40,0,1
8,0.1,101,41,1,0
8,0.1,102,42,3,2
8,0.1,103,41,3,4
8,0.1,104,39,0,2
8,0.1,105,39,1,1
8,0.1,106,39,1,1
8,0.1,107,38,2,3
8,0.1,108,37,1,2
8,0.1,109,38,1,0
8,0.1,110,36,0,2
8,0.1,111,38,2,0
8,0.1,112,37,0,1
8,0.1,113,36,0,1
8,0.1,114,35,0,1
8,0.1,115,35,0,0
8,0.1,116,36,1,0
8,0.1,117,35,1,2
8,0.1,118,37,3,1
8,0.1,119,35,0,2
8,0.1,120,33,0,2
8,0.1,121,35,2,0
8,0.1,122,34,1,2
8,0.1,123,35,2,1
8,0.1,124,34,2,3
8,0.1,125,35,4,3
8,0.1,126,30,0,5
8,0.1,127,35,5,0
8,0.1,128,33,1,3
8,0.1,129,33,2,2
8,0.1,130,32,1,2
8,0.1,131,33,1,0
8,0.1,132,33,2,2
8,0.1,133,34,1,0
8,0.1,134,34,0,0
8,0.1,135,35,2,1
8,0.1,136,28,0,7
8,0.1,137,25,2,5
8,0.1,138,28,5,2
8,0.1,139,28,1,1
8,0.1,140,27,0,1
8,0.1,141,29,2,0
8,0.1,142,28,1,2
8,0.1,143,28,2,2
8,0.1,144,28,1,1
8,0.1,145,28,1,1
8,0.1,146,32,4,0
8,0.1,147,30,0,2
8,0.1,148,29,1,2
8,0.1,149,28,0,1
8,0.1,150,29,1,0
8,0.1,151,30,2,1
8,0.1,152,25,0,5
8,0.1,153,31,6,0
8,0.1,154,29,1,3
8,0.1,155,29,1,1
8,0.1,156,29,0,0
8,0.1,157,28,0,1
8,0.1,158,28,1,1
8,0.1,159,30,2,0
8,0.1,160,29,1,2
8,0.1,161,28,0,1
8,0.1,162,26,0,2
8,0.1,163,28,2,0
8,0.1,164,28,0,0
8,0.1,165,29,1,0
8,0.1,166,28,0,1
8,0.1,167,28,0,0
8,0.1,168,28,0,0
8,0.1,169,29,1,0
8,0.1,170,28,0,1
8,0.1,171,28,0,0
8,0.1,172,29,1,0
8,0.1,173,28,0,1
8,0.1,174,28,0,0
8,0.1,175,28,0,0
8,0.1,176,27,0,1
8,0.1,177,28,1,0
8,0.1,178,27,0,1
8,0.1,179,28,1,0
8,0.1,180,27,0,1
8,0.1,181,26,0,1
8,0.1,182,28,2,0
8,0.1,183,24,0,4
8,0.1,184,23,0,1
8,0.1,185,28,5,0
8,0.1,186,29,3,2
8,0.1,187,26,0,3
8,0.1,188,28,2,0
8,0.1,189,28,1,1
8,0.1,190,28,0,0
8,0.1,191,27,0,1
8,0.1,192,27,1,1
8,0.1,193,26,0,1
8,0.1,194,25,0,1
8,0.1,195,26,1,0
8,0.1,196,24,0,2
8,0.1,197,26,2,0
8,0.1,198,26,0,0
8,0.1,199,24,0,2
8,0.1,200,26,2,0
8,0.1,201,25,0,1
8,0.1,202,24,0,1
8,0.1,203,26,2,0
8,0.1,204,25,0,1
8,0.1,205,24,0,1
8,0.1,206,26,2,0
8,0.1,207,24,0,2
8,0.1,208,25,1,0
8,0.1,209,26,1,0
8,0.1,210,24,0,2
8,0.1,211,25,1,0
8,0.1,212,26,1,0
8,0.1,213,25,0,1
8,0.1,214,23,0,2
8,0.1,215,24,1,0
8,0.1,216,25,1,0
8,0.1,217,27,2,0
8,0.1,218,24,0,3
8,0.1,219,24,0,0
8,0.1,220,25,1,0
8,0.1,221,24,0,1
8,0.1,222,24,0,0
8,0.1,223,24,0,0
8,0.1,224,26,2,0
8,0.1,225,25,1,2
8,0.1,226,24,0,1
8,0.1,227,24,0,0
8,0.1,228,24,0,0
8,0.1,229,25,1,0
8,0.1,230,24,0,1
8,0.1,231,24,0,0
8,0.1,232,24,0,0
8,0.1,233,25,1,0
8,0.1,234,24,0,1
8,0.1,235,24,0,0
8,0.1,236,23,0,1
8,0.1,237,24,1,0
8,0.1,238,24,0,0
8,0.1,239,24,0,0
8,0.1,240,24,0,0
8,0.1,241,24,0,0
8,0.1,242,22,0,2
8,0.1,243,24,2,0
8,0.1,244,25,1,0
8,0.1,245,23,0,2
8,0.1,246,24,1,0
8,0.1,247,25,1,0
8,0.1,248,23,0,2
8,0.1,249,24,1,0
8,0.1,250,24,0,0
8,0.1,251,25,1,0
8,0.1,252,24,0,1
8,0.1,253,24,0,0
8,0.1,254,24,0,0
8,0.1,255,24,0,0
8,0.1,256,24,0,0
8,0.1,257,24,0,0
8,0.1,258,24,0,0
8,0.1,259,24,0,0
8,0.1,260,24,0,0
8,0.1,261,24,0,0
8,0.1,262,24,0,0
8,0.1,263,24,0,0
8,0.1,264,24,0,0
8,0.1,265,25,1,0
8,0.1,266,23,0,2
8,0.1,267,24,1,0
8,0.1,268,24,0,0
8,0.1,269,24,0,0
8,0.1,270,24,0,0
8,0.1,271,24,0,0
8,0.1,272,25,1,0
8,0.1,273,24,0,1
8,0.1,274,24,0,0
8,0.1,275,23,0,1
8,0.1,276,23,0,0
8,0.1,277,23,0,0
8,0.1,278,23,0,0
8,0.1,279,23,0,0
8,0.1,280,23,0,0
8,0.1,281,24,1,0
8,0.1,282,23,0,1
8,0.1,283,23,0,0
8,0.1,284,24,1,0
8,0.1,285,24,0,0
8,0.1,286,23,0,1
8,0.1,287,23,0,0
8,0.1,288,24,1,0
8,0.1,289,24,0,0
8,0.1,290,24,0,0
8,0.1,291,23,0,1
8,0.1,292,22,0,1
8,0.1,293,22,1,1
8,0.1,294,23,1,0
8,0.1,295,23,0,0
8,0.1,296,23,0,0
8,0.1,297,23,0,0
8,0.1,298,23,0,0
8,0.1,299,23,1,1
8,0.1,300,22,0,1
8,0.1,301,23,1,0
8,0.1,302,22,0,1
8,0.1,303,22,1,1
8,0.1,304,21,0,1
8,0.1,305,22,1,0
8,0.1,306,22,1,1
8,0.1,307,21,1,2
8,0.1,308,23,2,0
8,0.1,309,23,0,0
8,0.1,310,21,0,2
8,0.1,311,22,1,0
8,0.1,312,21,0,1
8,0.1,313,20,0,1
8,0.1,314,21,1,0
8,0.1,315,21,1,1
8,0.1,316,20,0,1
8,0.1,317,20,1,1
8,0.1,318,21,1,0
8,0.1,319,22,1,0
8,0.1,320,21,0,1
8,0.1,321,15,1,7
8,0.1,322,21,6,0
8,0.1,323,20,2,3
8,0.1,324,20,0,0
8,0.1,325,21,2,1
8,0.1,326,20,0,1
8,0.1,327,21,1,0
8,0.1,328,21,0,0
8,0.1,329,22,1,0
8,0.1,330,23,1,0
8,0.1,331,19,0,4
8,0.1,332,20,1,0
8,0.1,333,20,0,0
8,0.1,334,21,1,0
8,0.1,335,21,0,0
8,0.1,336,22,1,0
8,0.1,337,20,0,2
8,0.1,338,20,0,0
8,0.1,339,20,0,0
8,0.1,340,21,1,0
8,0.1,341,20,0,1
8,0.1,342,21,2,1
8,0.1,343,19,0,2
8,0.1,344,19,0,0
8,0.1,345,20,1,0
8,0.1,346,19,0,1
8,0.1,347,18,0,1
8,0.1,348,20,2,0
8,0.1,349,20,0,0
8,0.1,350,18,0,2
8,0.1,351,20,2,0
8,0.1,352,20,1,1
8,0.1,353,19,0,1
8,0.1,354,20,1,0
8,0.1,355,21,1,0
8,0.1,356,20,0,1
8,0.1,357,20,0,0
8,0.1,358,19,0,1
8,0.1,359,18,2,3
8,0.1,360,20,3,1
8,0.1,361,20,0,0
8,0.1,362,20,0,0
8,0.1,363,18,0,2
8,0.1,364,19,1,0
8,0.1,365,17,0,2
8,0.1,366,17,0,0
8,0.1,367,18,1,0
8,0.1,368,18,2,2
8,0.1,369,18,1,1
8,0.1,370,18,2,2
8,0.1,371,21,3,0
8,0.1,372,19,0,2
8,0.1,373,20,1,0
8,0.1,374,19,0,1
8,0.1,375,20,1,0
8,0.1,376,20,0,0
8,0.1,377,21,1,0
8,0.1,378,20,0,1
8,0.1,379,19,1,2
8,0.1,380,20,2,1
8,0.1,381,19,1,2
8,0.1,382,18,0,1
8,0.1,383,20,2,0
8,0.1,384,20,0,0
8,0.1,385,19,0,1
8,0.1,386,19,0,0
8,0.1,387,20,1,0
8,0.1,388,20,0,0
8,0.1,389,19,0,1
8,0.1,390,20,1,0
8,0.1,391,19,0,1
8,0.1,392,19,1,1
8,0.1,393,17,0,2
8,0.1,394,19,2,0
8,0.1,395,18,0,1
8,0.1,396,18,0,0
8,0.1,397,18,0,0
8,0.1,398,19,1,0
8,0.1,399,19,0,0
8,0.1,400,19,0,0
8,0.1,401,19,1,1
8,0.1,402,18,0,1
8,0.1,403,18,0,0
8,0.1,404,18,0,0
8,0.1,405,18,0,0
8,0.1,406,18,0,0
8,0.1,407,18,0,0
8,0.1,408,18,0,0
8,0.1,409,19,1,0
8,0.1,410,18,0,1
8,0.1,411,18,0,0
8,0.1,412,19,1,0
8,0.1,413,18,0,1
8,0.1,414,18,0,0
8,0.1,415,18,0,0
8,0.1,416,18,0,0
8,0.1,417,18,0,0
8,0.1,418,18,0,0
8,0.1,419,18,0,0
8,0.1,420,18,0,0
8,0.1,421,18,0,0
8,0.1,422,18,0,0
8,0.1,423,18,0,0
8,0.1,424,18,0,0
8,0.1,425,18,0,0
8,0.1,426,18,0,0
8,0.1,427,18,0,0
8,0.1,428,18,0,0
8,0.1,429,15,0,3
8,0.1,430,18,3,0
8,0.1,431,18,0,0
8,0.1,432,16,0,2
8,0.1,433,17,1,0
8,0.1,434,17,0,0
8,0.1,435,17,0,0
8,0.1,436,17,0,0
8,0.1,437,15,0,2
8,0.1,438,15,0,0
8,0.1,439,16,1,0
8,0.1,440,16,0,0
8,0.1,441,17,1,0
8,0.1,442,16,0,1
8,0.1,443,17,1,0
8,0.1,444,16,0,1
8,0.1,445,16,1,1
8,0.1,446,18,2,0
8,0.1,447,17,0,1
8,0.1,448,17,0,0
8,0.1,449,17,0,0
8,0.1,450,18,1,0
8,0.1,451,17,0,1
8,0.1,452,17,0,0
8,0.1,453,17,0,0
8,0.1,454,17,0,0
8,0.1,455,17,0,0
8,0.1,456,17,0,0
8,0.1,457,17,0,0
8,0.1,458,17,0,0
8,0.1,459,17,0,0
8,0.1,460,18,1,0
8,0.1,461,17,0,1
8,0.1,462,17,0,0
8,0.1,463,17,0,0
8,0.1,464,18,1,0
8,0.1,465,17,0,1
8,0.1,466,17,0,0
8,0.1,467,17,0,0
8,0.1,468,17,0,0
8,0.1,469,17,0,0
8,0.1,470,18,1,0
8,0.1,471,17,0,1
8,0.1,472,16,0,1
8,0.1,473,17,1,0
8,0.1,474,17,0,0
8,0.1,475,17,0,0
8,0.1,476,17,0,0
8,0.1,477,18,1,0
8,0.1,478,17,0,1
8,0.1,479,17,0,0
8,0.1,480,17,0,0
8,0.1,481,17,0,0
8,0.1,482,17,0,0
8,0.1,483,17,0,0
8,0.1,484,17,0,0
8,0.1,485,17,0,0
8,0.1,486,17,0,0
8,0.1,487,17,0,0
8,0.1,488,17,0,0
8,0.1,489,17,0,0
8,0.1,490,17,0,0
8,0.1,491,17,0,0
8,0.1,492,17,0,0
8,0.1,493,17,0,0
8,0.1,494,17,0,0
8,0.1,495,17,0,0
8,0.1,496,17,0,0
8,0.1,497,17,0,0
8,0.1,498,17,0,0
8,0.1,499,17,0,0
8,0.1,500,17,0,0
8,0.1,501,17,0,0
8,0.1,502,17,0,0
8,0.1,503,17,0,0
8,0.1,504,18,1,0
8,0.1,505,17,0,1
8,0.1,506,17,0,0
8,0.1,507,17,0,0
8,0.1,508,17,0,0
8,0.1,509,17,0,0
8,0.1,510,17,0,0
8,0.1,511,17,0,0
8,0.1,512,17,0,0
8,0.1,513,18,1,0
8,0.1,514,17,0,1
8,0.1,515,17,0,0
8,0.1,516,17,0,0
8,0.1,517,18,1,0
8,0.1,518,17,0,1
8,0.1,519,17,0,0
8,0.1,520,17,0,0
8,0.1,521,18,1,0
8,0.1,522,17,0,1
8,0.1,523,18,1,0
8,0.1,524,17,0,1
8,0.1,525,17,0,0
8,0.1,526,17,0,0
8,0.1,527,17,0,0
8,0.1,528,17,0,0
8,0.1,529,17,0,0
8,0.1,530,17,0,0
8,0.1,531,17,0,0
8,0.1,532,17,0,0
8,0.1,533,17,0,0
8,0.1,534,17,0,0
8,0.1,535,17,0,0
8,0.1,536,17,0,0
8,0.1,537,17,0,0
8,0.1,538,17,0,0
8,0.1,539,17,0,0
8,0.1,540,17,0,0
8,0.1,541,17,0,0
8,0.1,542,17,0,0
8,0.1,543,17,0,0
8,0.1,544,17,0,0
8,0.1,545,17,0,0
8,0.1,546,17,0,0
8,0.1,547,17,0,0
8,0.1,548,17,0,0
8,0.1,549,17,0,0
8,0.1,550,17,0,0
8,0.1,551,18,1,0
8,0.1,552,17,0,1
8,0.1,553,17,0,0
8,0.1,554,17,0,0
8,0.1,555,17,0,0
8,0.1,556,17,0,0
8,0.1,557,17,0,0
8,0.1,558,17,0,0
8,0.1,559,17,0,0
8,0.1,560,17,0,0
8,0.1,561,17,0,0
8,0.1,562,17,0,0
8,0.1,563,17,0,0
8,0.1,564,17,0,0
8,0.1,565,17,0,0
8,0.1,566,17,0,0
8,0.1,567,19,2,0
8,0.1,568,17,0,2
8,0.1,569,17,0,0
8,0.1,570,17,0,0
8,0.1,571,17,0,0
8,0.1,572,17,0,0
8,0.1,573,17,0,0
8,0.1,574,17,0,0
8,0.1,575,17,0,0
8,0.1,576,18,1,0
8,0.1,577,17,0,1
8,0.1,578,17,0,0
8,0.1,579,17,0,0
8,0.1,580,17,0,0
8,0.1,581,17,0,0
8,0.1,582,17,0,0
8,0.1,583,17,0,0
8,0.1,584,17,0,0
8,0.1,585,17,0,0
8,0.1,586,17,0,0
8,0.1,587,17,0,0
8,0.1,588,17,0,0
8,0.1,589,17,0,0
8,0.1,590,17,0,0
8,0.1,591,17,0,0
8,0.1,592,17,0,0
8,0.1,593,17,0,0
8,0.1,594,17,0,0
8,0.1,595,17,0,0
8,0.1,596,17,0,0
8,0.1,597,17,0,0
8,0.1,598,17,0,0
8,0.1,599,17,0,0
8,0.1,600,17,0,0
8,0.1,601,17,0,0
8,0.1,602,17,0,0
8,0.1,603,17,0,0
8,0.1,604,17,0,0
8,0.1,605,17,0,0
8,0.1,606,18,1,0
8,0.1,607,17,0,1
8,0.1,608,18,1,0
8,0.1,609,18,0,0
8,0.1,610,17,0,1
8,0.1,611,17,0,0
8,0.1,612,18,1,0
8,0.1,613,16,0,2
8,0.1,614,17,1,0
8,0.1,615,17,0,0
8,0.1,616,17,0,0
8,0.1,617,17,0,0
8,0.1,618,17,0,0
8,0.1,619,17,0,0
8,0.1,620,17,0,0
8,0.1,621,18,1,0
8,0.1,622,18,0,0
8,0.1,623,17,0,1
8,0.1,624,17,0,0
8,0.1,625,18,1,0
8,0.1,626,17,1,2
8,0.1,627,17,1,1
8,0.1,628,19,2,0
8,0.1,629,18,0,1
8,0.1,630,18,0,0
8,0.1,631,18,0,0
8,0.1,632,18,0,0
8,0.1,633,18,0,0
8,0.1,634,19,1,0
8,0.1,635,17,0,2
8,0.1,636,18,1,0
8,0.1,637,19,2,1
8,0.1,638,18,0,1
8,0.1,639,17,0,1
8,0.1,640,18,1,0
8,0.1,641,17,0,1
8,0.1,642,18,1,0
8,0.1,643,17,0,1
8,0.1,644,17,0,0
8,0.1,645,17,0,0
8,0.1,646,17,0,0
8,0.1,647,18,1,0
8,0.1,648,17,0,1
8,0.1,649,17,0,0
8,0.1,650,17,0,0
8,0.1,651,17,0,0
8,0.1,652,18,1,0
8,0.1,653,18,0,0
8,0.1,654,17,0,1
8,0.1,655,19,2,0
8,0.1,656,17,0,2
8,0.1,657,18,1,0
8,0.1,658,18,0,0
8,0.1,659,17,0,1
8,0.1,660,18,1,0
8,0.1,661,18,0,0
8,0.1,662,18,1,1
8,0.1,663,18,1,1
8,0.1,664,18,0,0
8,0.1,665,17,0,1
8,0.1,666,18,1,0
8,0.1,667,19,1,0
8,0.1,668,18,0,1
8,0.1,669,18,1,1
8,0.1,670,18,1,1
8,0.1,671,17,0,1
8,0.1,672,17,0,0
8,0.1,673,18,1,0
8,0.1,674,18,1,1
8,0.1,675,18,0,0
8,0.1,676,17,0,1
8,0.1,677,18,1,0
8,0.1,678,18,0,0
8,0.1,679,18,0,0
8,0.1,680,18,0,0
8,0.1,681,18,0,0
8,0.1,682,17,0,1
8,0.1,683,18,1,0
8,0.1,684,17,0,1
8,0.1,685,16,0,1
8,0.1,686,17,1,0
8,0.1,687,17,0,0
8,0.1,688,17,0,0
8,0.1,689,16,0,1
8,0.1,690,13,0,3
8,0.1,691,16,3,0
8,0.1,692,18,2,0
8,0.1,693,16,0,2
8,0.1,694,17,1,0
8,0.1,695,15,0,2
8,0.1,696,16,2,1
8,0.1,697,17,1,0
8,0.1,698,17,0,0
8,0.1,699,17,0,0
8,0.1,700,16,0,1
8,0.1,701,17,1,0
8,0.1,702,17,0,0
8,0.1,703,17,0,0
8,0.1,704,17,0,0
8,0.1,705,17,0,0
8,0.1,706,16,0,1
8,0.1,707,16,0,0
8,0.1,708,17,1,0
8,0.1,709,18,1,0
8,0.1,710,16,0,2
8,0.1,711,16,0,0
8,0.1,712,16,0,0
8,0.1,713,17,1,0
8,0.1,714,16,0,1
8,0.1,715,16,0,0
8,0.1,716,17,1,0
8,0.1,717,17,1,1
8,0.1,718,16,0,1
8,0.1,719,18,2,0
8,0.1,720,16,0,2
8,0.1,721,17,1,0
8,0.1,722,16,0,1
8,0.1,723,16,0,0
8,0.1,724,16,0,0
8,0.1,725,16,0,0
8,0.1,726,16,0,0
8,0.1,727,17,1,0
8,0.1,728,17,1,1
8,0.1,729,16,0,1
8,0.1,730,16,0,0
8,0.1,731,16,0,0
8,0.1,732,16,0,0
8,0.1,733,16,0,0
8,0.1,734,16,0,0
8,0.1,735,18,2,0
8,0.1,736,16,0,2
8,0.1,737,17,1,0
8,0.1,738,16,0,1
8,0.1,739,16,0,0
8,0.1,740,17,1,0
8,0.1,741,16,0,1
8,0.1,742,16,0,0
8,0.1,743,16,0,0
8,0.1,744,16,0,0
8,0.1,745,16,0,0
8,0.1,746,16,0,0
8,0.1,747,18,2,0
8,0.1,748,18,1,1
8,0.1,749,19,1,0
8,0.1,750,17,0,2
8,0.1,751,18,1,0
8,0.1,752,17,1,2
8,0.1,753,17,1,1
8,0.1,754,18,1,0
8,0.1,755,18,0,0
8,0.1,756,17,1,2
8,0.1,757,19,2,0
8,0.1,758,17,0,2
8,0.1,759,16,0,1
8,0.1,760,16,0,0
8,0.1,761,17,1,0
8,0.1,762,16,0,1
8,0.1,763,19,3,0
8,0.1,764,18,0,1
8,0.1,765,18,0,0
8,0.1,766,17,0,1
8,0.1,767,18,1,0
8,0.1,768,17,0,1
8,0.1,769,18,1,0
8,0.1,770,18,0,0
8,0.1,771,18,0,0
8,0.1,772,18,0,0
8,0.1,773,18,0,0
8,0.1,774,18,0,0
8,0.1,775,18,0,0
8,0.1,776,18,0,0
8,0.1,777,18,0,0
8,0.1,778,18,0,0
8,0.1,779,18,0,0
8,0.1,780,18,0,0
8,0.1,781,17,0,1
8,0.1,782,18,1,0
8,0.1,783,18,0,0
8,0.1,784,18,0,0
8,0.1,785,18,1,1
8,0.1,786,18,1,1
8,0.1,787,17,0,1
8,0.1,788,18,1,0
8,0.1,789,18,0,0
8,0.1,790,17,0,1
8,0.1,791,18,1,0
8,0.1,792,18,0,0
8,0.1,793,18,0,0
8,0.1,794,18,0,0
8,0.1,795,18,0,0
8,0.1,796,18,0,0
8,0.1,797,17,0,1
8,0.1,798,18,1,0
8,0.1,799,17,0,1
8,0.1,800,19,2,0
8,0.1,801,18,0,1
8,0.1,802,17,0,1
8,0.1,803,17,0,0
8,0.1,804,17,0,0
8,0.1,805,17,1,1
8,0.1,806,17,1,1
8,0.1,807,17,0,0
8,0.1,808,17,0,0
8,0.1,809,18,1,0
8,0.1,810,17,0,1
8,0.1,811,18,1,0
8,0.1,812,17,0,1
8,0.1,813,18,1,0
8,0.1,814,17,0,1
8,0.1,815,17,0,0
8,0.1,816,17,0,0
8,0.1,817,17,0,0
8,0.1,818,17,0,0
8,0.1,819,18,1,0
8,0.1,820,18,0,0
8,0.1,821,17,0,1
8,0.1,822,17,0,0
8,0.1,823,18,1,0
8,0.1,824,18,0,0
8,0.1,825,18,0,0
8,0.1,826,18,0,0
8,0.1,827,18,0,0
8,0.1,828,17,0,1
8,0.1,829,18,1,0
8,0.1,830,19,1,0
8,0.1,831,18,0,1
8,0.1,832,18,0,0
8,0.1,833,18,0,0
8,0.1,834,18,0,0
8,0.1,835,18,0,0
8,0.1,836,18,0,0
8,0.1,837,17,0,1
8,0.1,838,18,1,0
8,0.1,839,17,0,1
8,0.1,840,16,0,1
8,0.1,841,17,1,0
8,0.1,842,18,1,0
8,0.1,843,18,0,0
8,0.1,844,17,0,1
8,0.1,845,18,1,0
8,0.1,846,18,0,0
8,0.1,847,17,0,1
8,0.1,848,17,1,1
8,0.1,849,18,1,0
8,0.1,850,17,0,1
8,0.1,851,17,0,0
8,0.1,852,18,2,1
8,0.1,853,18,1,1
8,0.1,854,17,0,1
8,0.1,855,17,0,0
8,0.1,856,17,0,0
8,0.1,857,17,0,0
8,0.1,858,17,0,0
8,0.1,859,17,0,0
8,0.1,860,17,0,0
8,0.1,861,17,0,0
8,0.1,862,17,0,0
8,0.1,863,16,0,1
8,0.1,864,17,1,0
8,0.1,865,17,0,0
8,0.1,866,17,0,0
8,0.1,867,17,0,0
8,0.1,868,17,0,0
8,0.1,869,17,0,0
8,0.1,870,17,0,0
8,0.1,871,17,0,0
8,0.1,872,17,0,0
8,0.1,873,17,0,0
8,0.1,874,17,0,0
8,0.1,875,17,0,0
8,0.1,876,17,0,0
8,0.1,877,17,0,0
8,0.1,878,17,0,0
8,0.1,879,17,0,0
8,0.1,880,17,0,0
8,0.1,881,18,1,0
8,0.1,882,17,0,1
8,0.1,883,17,0,0
8,0.1,884,18,1,0
8,0.1,885,17,0,1
8,0.1,886,17,0,0
8,0.1,887,17,0,0
8,0.1,888,17,0,0
8,0.1,889,17,0,0
8,0.1,890,17,0,0
8,0.1,891,17,0,0
8,0.1,892,17,0,0
8,0.1,893,18,1,0
8,0.1,894,17,0,1
8,0.1,895,17,0,0
8,0.1,896,17,0,0
8,0.1,897,17,0,0
8,0.1,898,17,0,0
8,0.1,899,17,0,0
8,0.1,900,17,0,0
8,0.1,901,17,0,0
8,0.1,902,17,0,0
8,0.1,903,17,0,0
8,0.1,904,17,0,0
8,0.1,905,17,0,0
8,0.1,906,17,0,0
8,0.1,907,17,0,0
8,0.1,908,17,0,0
8,0.1,909,18,1,0
8,0.1,910,17,0,1
8,0.1,911,17,0,0
8,0.1,912,17,0,0
8,0.1,913,17,0,0
8,0.1,914,17,0,0
8,0.1,915,17,0,0
8,0.1,916,17,0,0
8,0.1,917,17,0,0
8,0.1,918,18,1,0
8,0.1,919,17,0,1
8,0.1,920,17,0,0
8,0.1,921,17,0,0
8,0.1,922,17,0,0
8,0.1,923,17,0,0
8,0.1,924,17,0,0
8,0.1,925,18,1,0
8,0.1,926,17,0,1
8,0.1,927,18,1,0
8,0.1,928,17,0,1
8,0.1,929,17,0,0
8,0.1,930,17,0,0
8,0.1,931,18,1,0
8,0.1,932,17,0,1
8,0.1,933,17,0,0
8,0.1,934,17,0,0
8,0.1,935,18,1,0
8,0.1,936,17,0,1
8,0.1,937,17,0,0
8,0.1,938,17,0,0
8,0.1,939,17,0,0
8,0.1,940,18,1,0
8,0.1,941,17,0,1
8,0.1,942,18,1,0
8,0.1,943,17,0,1
8,0.1,944,17,0,0
8,0.1,945,17,0,0
8,0.1,946,17,0,0
8,0.1,947,17,0,0
8,0.1,948,17,0,0
8,0.1,949,17,0,0
8,0.1,950,17,0,0
8,0.1,951,17,0,0
8,0.1,952,17,0,0
8,0.1,953,17,0,0
8,0.1,954,17,0,0
8,0.1,955,17,0,0
8,0.1,956,17,0,0
8,0.1,957,17,0,0
8,0.1,958,17,0,0
8,0.1,959,17,0,0
8,0.1,960,17,0,0
8,0.1,961,17,0,0
8,0.1,962,17,0,0
8,0.1,963,17,0,0
8,0.1,964,17,0,0
8,0.1,965,17,0,0
8,0.1,966,17,0,0
8,0.1,967,17,0,0
8,0.1,968,17,0,0
8,0.1,969,17,0,0
8,0.1,970,17,0,0
8,0.1,971,17,0,0
8,0.1,972,17,0,0
8,0.1,973,17,0,0
8,0.1,974,17,0,0
8,0.1,975,17,0,0
8,0.1,976,17,0,0
8,0.1,977,17,0,0
8,0.1,978,17,0,0
8,0.1,979,17,0,0
8,0.1,980,17,0,0
8,0.1,981,17,0,0
8,0.1,982,17,0,0
8,0.1,983,17,0,0
8,0.1,984,17,0,0
8,0.1,985,17,0,0
8,0.1,986,17,0,0
8,0.1,987,17,0,0
8,0.1,988,17,0,0
8,0.1,989,17,0,0
8,0.1,990,17,0,0
8,0.1,991,18,1,0
8,0.1,992,17,0,1
8,0.1,993,17,0,0
8,0.1,994,17,0,0
8,0.1,995,17,0,0
8,0.1,996,17,0,0
8,0.1,997,17,0,0
8,0.1,998,17,0,0
8,0.1,999,18,1,0
8,0.1,1000,17,0,1
8,0.1,1001,17,0,0
8,0.1,1002,17,0,0
8,0.1,1003,17,0,0
8,0.1,1004,17,0,0
8,0.1,1005,17,0,0
8,0.1,1006,17,0,0
8,0.1,1007,17,0,0
8,0.1,1008,17,0,0
8,0.1,1009,17,0,0
8,0.1,1010,17,0,0
8,0.1,1011,17,0,0
8,0.1,1012,17,0,0
8,0.1,1013,17,0,0
8,0.1,1014,17,0,0
8,0.1,1015,17,0,0
8,0.1,1016,17,0,0
8,0.1,1017,17,0,0
8,0.1,1018,17,0,0
8,0.1,1019,18,1,0
8,0.1,1020,17,0,1
8,0.1,1021,17,0,0
8,0.1,1022,17,0,0
8,0.1,1023,17,0,0
8,0.1,1024,17,0,0
8,0.1,1025,17,0,0
8,0.1,1026,17,0,0
8,0.1,1027,18,1,0
8,0.1,1028,17,0,1
8,0.1,1029,17,0,0
8,0.1,1030,17,0,0
8,0.1,1031,17,0,0
8,0.1,1032,18,1,0
8,0.1,1033,17,0,1
8,0.1,1034,17,0,0
8,0.1,1035,17,0,0
8,0.1,1036,17,0,0
8,0.1,1037,18,1,0
8,0.1,1038,17,0,1
8,0.1,1039,17,0,0
8,0.1,1040,17,0,0
8,0.1,1041,17,0,0
8,0.1,1042,17,0,0
8,0.1,1043,17,0,0
8,0.1,1044,17,0,0
8,0.1,1045,17,0,0
8,0.1,1046,17,0,0
8,0.1,1047,17,0,0
8,0.1,1048,17,0,0
8,0.1,1049,17,0,0
8,0.1,1050,17,0,0
8,0.1,1051,17,0,0
8,0.1,1052,17,0,0
8,0.1,1053,17,0,0
8,0.1,1054,17,0,0
8,0.1,1055,17,0,0
8,0.1,1056,17,0,0
8,0.1,1057,17,0,0
8,0.1,1058,17,0,0
8,0.1,1059,17,0,0
8,0.1,1060,17,0,0
8,0.1,1061,17,0,0
8,0.1,1062,17,0,0
8,0.1,1063,18,1,0
8,0.1,1064,17,0,1
8,0.1,1065,17,0,0
8,0.1,1066,17,0,0
8,0.1,1067,18,1,0
8,0.1,1068,17,0,1
8,0.1,1069,17,0,0
8,0.1,1070,17,0,0
8,0.1,1071,17,0,0
8,0.1,1072,17,0,0
8,0.1,1073,17,0,0
8,0.1,1074,17,0,0
8,0.1,1075,17,0,0
8,0.1,1076,17,0,0
8,0.1,1077,17,0,0
8,0.1,1078,17,0,0
8,0.1,1079,17,0,0
8,0.1,1080,17,0,0
8,0.1,1081,17,0,0
8,0.1,1082,18,1,0
8,0.1,1083,18,0,0
8,0.1,1084,17,0,1
8,0.1,1085,17,0,0
8,0.1,1086,17,0,0
8,0.1,1087,17,0,0
8,0.1,1088,18,1,0
8,0.1,1089,17,0,1
8,0.1,1090,17,0,0
8,0.1,1091,17,0,0
8,0.1,1092,19,2,0
8,0.1,1093,17,0,2
8,0.1,1094,17,0,0
8,0.1,1095,17,0,0
8,0.1,1096,17,0,0
8,0.1,1097,17,0,0
8,0.1,1098,18,1,0
8,0.1,1099,18,1,1
8,0.1,1100,17,0,1
8,0.1,1101,17,0,0
8,0.1,1102,17,0,0
8,0.1,1103,19,2,0
8,0.1,1104,17,0,2
8,0.1,1105,17,0,0
8,0.1,1106,17,0,0
8,0.1,1107,17,0,0
8,0.1,1108,17,0,0
8,0.1,1109,17,0,0
8,0.1,1110,17,0,0
8,0.1,1111,17,0,0
8,0.1,1112,17,0,0
8,0.1,1113,18,1,0
8,0.1,1114,18,1,1
8,0.1,1115,18,1,1
8,0.1,1116,18,0,0
8,0.1,1117,17,0,1
8,0.1,1118,17,0,0
8,0.1,1119,17,0,0
8,0.1,1120,17,0,0
8,0.1,1121,17,0,0
8,0.1,1122,17,0,0
8,0.1,1123,17,0,0
8,0.1,1124,17,0,0
8,0.1,1125,19,2,0
8,0.1,1126,18,0,1
8,0.1,1127,17,0,1
8,0.1,1128,17,0,0
8,0.1,1129,17,0,0
8,0.1,1130,17,0,0
8,0.1,1131,18,1,0
8,0.1,1132,18,1,1
8,0.1,1133,17,0,1
8,0.1,1134,17,0,0
8,0.1,1135,17,0,0
8,0.1,1136,17,0,0
8,0.1,1137,17,0,0
8,0.1,1138,17,0,0
8,0.1,1139,18,1,0
8,0.1,1140,17,0,1
8,0.1,1141,17,0,0
8,0.1,1142,17,0,0
8,0.1,1143,17,0,0
8,0.1,1144,18,1,0
8,0.1,1145,17,0,1
8,0.1,1146,17,0,0
8,0.1,1147,18,1,0
8,0.1,1148,18,0,0
8,0.1,1149,19,1,0
8,0.1,1150,19,0,0
8,0.1,1151,17,0,2
8,0.1,1152,18,1,0
8,0.1,1153,18,0,0
8,0.1,1154,18,0,0
8,0.1,1155,17,0,1
8,0.1,1156,17,0,0
8,0.1,1157,18,1,0
8,0.1,1158,18,1,1
8,0.1,1159,18,1,1
8,0.1,1160,18,0,0
8,0.1,1161,18,1,1
8,0.1,1162,18,1,1
8,0.1,1163,17,0,1
8,0.1,1164,18,1,0
8,0.1,1165,18,0,0
8,0.1,1166,18,1,1
8,0.1,1167,18,1,1
8,0.1,1168,18,0,0
8,0.1,1169,18,0,0
8,0.1,1170,17,0,1
8,0.1,1171,18,1,0
8,0.1,1172,18,0,0
8,0.1,1173,17,0,1
8,0.1,1174,18,1,0
8,0.1,1175,18,0,0
8,0.1,1176,19,1,0
8,0.1,1177,19,0,0
8,0.1,1178,19,0,0
8,0.1,1179,19,0,0
8,0.1,1180,19,0,0
8,0.1,1181,18,0,1
8,0.1,1182,18,0,0
8,0.1,1183,20,2,0
8,0.1,1184,19,0,1
8,0.1,1185,18,0,1
8,0.1,1186,19,1,0
8,0.1,1187,19,0,0
8,0.1,1188,18,0,1
8,0.1,1189,18,0,0
8,0.1,1190,20,2,0
8,0.1,1191,19,0,1
8,0.1,1192,19,0,0
8,0.1,1193,19,0,0
8,0.1,1194,19,0,0
8,0.1,1195,19,0,0
8,0.1,1196,19,0,0
8,0.1,1197,19,0,0
8,0.1,1198,19,0,0
8,0.1,1199,19,0,0
8,0.1,1200,19,0,0
8,0.1,1201,19,0,0
8,0.1,1202,19,0,0
8,0.1,1203,19,0,0
8,0.1,1204,19,0,0
8,0.1,1205,19,0,0
8,0.1,1206,19,0,0
8,0.1,1207,19,0,0
8,0.1,1208,19,0,0
8,0.1,1209,19,0,0
8,0.1,1210,19,0,0
8,0.1,1211,19,0,0
8,0.1,1212,19,0,0
8,0.1,1213,19,0,0
8,0.1,1214,19,0,0
8,0.1,1215,19,0,0
8,0.1,1216,19,0,0
8,0.1,1217,19,0,0
8,0.1,1218,19,0,0
8,0.1,1219,19,0,0
8,0.1,1220,19,0,0
8,0.1,1221,19,0,0
8,0.1,1222,19,0,0
8,0.1,1223,19,0,0
8,0.1,1224,19,0,0
8,0.1,1225,19,0,0
8,0.1,1226,19,0,0
8,0.1,1227,19,0,0
8,0.1,1228,19,0,0
8,0.1,1229,19,0,0
8,0.1,1230,19,0,0
8,0.1,1231,19,0,0
8,0.1,1232,19,0,0
8,0.1,1233,19,0,0
8,0.1,1234,19,0,0
8,0.1,1235,19,0,0
8,0.1,1236,19,0,0
8,0.1,1237,19,0,0
8,0.1,1238,19,0,0
8,0.1,1239,19,0,0
8,0.1,1240,19,0,0
8,0.1,1241,19,0,0
8,0.1,1242,19,0,0
8,0.1,1243,18,1,2
8,0.1,1244,17,0,1
8,0.1,1245,17,0,0
8,0.1,1246,17,0,0
8,0.1,1247,19,2,0
8,0.1,1248,19,0,0
8,0.1,1249,19,0,0
8,0.1,1250,19,0,0
8,0.1,1251,18,0,1
8,0.1,1252,18,0,0
8,0.1,1253,17,0,1
8,0.1,1254,18,1,0
8,0.1,1255,17,0,1
8,0.1,1256,17,0,0
8,0.1,1257,18,1,0
8,0.1,1258,18,0,0
8,0.1,1259,18,0,0
8,0.1,1260,17,0,1
8,0.1,1261,17,0,0
8,0.1,1262,17,0,0
8,0.1,1263,17,0,0
8,0.1,1264,18,1,0
8,0.1,1265,18,0,0
8,0.1,1266,17,0,1
8,0.1,1267,18,1,0
8,0.1,1268,18,0,0
8,0.1,1269,18,0,0
8,0.1,1270,18,0,0
8,0.1,1271,19,1,0
8,0.1,1272,18,0,1
8,0.1,1273,18,0,0
8,0.1,1274,18,0,0
8,0.1,1275,18,0,0
8,0.1,1276,18,0,0
8,0.1,1277,17,0,1
8,0.1,1278,18,1,0
8,0.1,1279,18,0,0
8,0.1,1280,19,1,0
8,0.1,1281,18,0,1
8,0.1,1282,18,0,0
8,0.1,1283,18,0,0
8,0.1,1284,18,0,0
8,0.1,1285,18,0,0
8,0.1,1286,17,0,1
8,0.1,1287,17,0,0
8,0.1,1288,18,1,0
8,0.1,1289,18,0,0
8,0.1,1290,18,0,0
8,0.1,1291,18,0,0
8,0.1,1292,18,0,0
8,0.1,1293,18,0,0
8,0.1,1294,17,0,1
8,0.1,1295,18,1,0
8,0.1,1296,18,0,0
8,0.1,1297,17,0,1
8,0.1,1298,18,1,0
8,0.1,1299,18,0,0
8,0.1,1300,17,0,1
8,0.1,1301,18,1,0
8,0.1,1302,18,0,0
8,0.1,1303,18,0,0
8,0.1,1304,18,0,0
8,0.1,1305,18,0,0
8,0.1,1306,17,0,1
8,0.1,1307,18,1,0
8,0.1,1308,17,0,1
8,0.1,1309,19,2,0
8,0.1,1310,17,0,2
8,0.1,1311,18,1,0
8,0.1,1312,17,0,1
8,0.1,1313,18,1,0
8,0.1,1314,19,1,0
8,0.1,1315,18,0,1
8,0.1,1316,18,1,1
8,0.1,1317,18,0,0
8,0.1,1318,19,1,0
8,0.1,1319,18,0,1
8,0.1,1320,18,0,0
8,0.1,1321,18,0,0
8,0.1,1322,18,0,0
8,0.1,1323,18,0,0
8,0.1,1324,18,1,1
8,0.1,1325,18,1,1
8,0.1,1326,19,2,1
8,0.1,1327,18,1,2
8,0.1,1328,18,0,0
8,0.1,1329,18,0,0
8,0.1,1330,18,0,0
8,0.1,1331,18,0,0
8,0.1,1332,18,0,0
8,0.1,1333,18,0,0
8,0.1,1334,18,0,0
8,0.1,1335,18,0,0
8,0.1,1336,18,0,0
8,0.1,1337,17,0,1
8,0.1,1338,18,1,0
8,0.1,1339,19,1,0
8,0.1,1340,18,0,1
8,0.1,1341,18,0,0
8,0.1,1342,18,0,0
8,0.1,1343,18,0,0
8,0.1,1344,17,0,1
8,0.1,1345,18,1,0
8,0.1,1346,18,0,0
8,0.1,1347,18,0,0
8,0.1,1348,18,0,0
8,0.1,1349,18,0,0
8,0.1,1350,18,0,0
8,0.1,1351,18,0,0
8,0.1,1352,18,0,0
8,0.1,1353,18,0,0
8,0.1,1354,18,0,0
8,0.1,1355,18,0,0
8,0.1,1356,18,0,0
8,0.1,1357,18,0,0
8,0.1,1358,18,0,0
8,0.1,1359,18,0,0
8,0.1,1360,18,0,0
8,0.1,1361,18,0,0
8,0.1,1362,18,0,0
8,0.1,1363,18,0,0
8,0.1,1364,18,0,0
8,0.1,1365,18,0,0
8,0.1,1366,16,0,2
8,0.1,1367,17,1,0
8,0.1,1368,18,1,0
8,0.1,1369,18,0,0
8,0.1,1370,18,0,0
8,0.1,1371,18,0,0
8,0.1,1372,17,0,1
8,0.1,1373,18,1,0
8,0.1,1374,18,0,0
8,0.1,1375,18,0,0
8,0.1,1376,18,0,0
8,0.1,1377,18,0,0
8,0.1,1378,18,0,0
8,0.1,1379,18,0,0
8,0.1,1380,18,0,0
8,0.1,1381,18,0,0
8,0.1,1382,18,0,0
8,0.1,1383,18,0,0
8,0.1,1384,18,0,0
8,0.1,1385,18,0,0
8,0.1,1386,19,1,0
8,0.1,1387,18,0,1
8,0.1,1388,18,0,0
8,0.1,1389,18,0,0
8,0.1,1390,18,0,0
8,0.1,1391,18,0,0
8,0.1,1392,18,0,0
8,0.1,1393,18,0,0
8,0.1,1394,18,0,0
8,0.1,1395,18,0,0
8,0.1,1396,18,0,0
8,0.1,1397,18,0,0
8,0.1,1398,17,0,1
8,0.1,1399,17,0,0
8,0.1,1400,18,1,0
8,0.1,1401,18,0,0
8,0.1,1402,18,0,0
8,0.1,1403,18,0,0
8,0.1,1404,18,0,0
8,0.1,1405,18,0,0
8,0.1,1406,18,0,0
8,0.1,1407,18,0,0
8,0.1,1408,18,0,0
8,0.1,1409,17,0,1
8,0.1,1410,18,1,0
8,0.1,1411,18,0,0
8,0.1,1412,18,0,0
8,0.1,1413,17,0,1
8,0.1,1414,18,1,0
8,0.1,1415,18,0,0
8,0.1,1416,18,0,0
8,0.1,1417,18,0,0
8,0.1,1418,18,0,0
8,0.1,1419,18,0,0
8,0.1,1420,18,0,0
8,0.1,1421,18,0,0
8,0.1,1422,18,0,0
8,0.1,1423,18,0,0
8,0.1,1424,18,0,0
8,0.1,1425,18,0,0
8,0.1,1426,19,1,0
8,0.1,1427,18,0,1
8,0.1,1428,18,0,0
8,0.1,1429,18,0,0
8,0.1,1430,17,0,1
8,0.1,1431,18,1,0
8,0.1,1432,18,0,0
8,0.1,1433,18,0,0
8,0.1,1434,18,0,0
8,0.1,1435,18,0,0
8,0.1,1436,18,0,0
8,0.1,1437,18,0,0
8,0.1,1438,18,0,0
8,0.1,1439,18,0,0
8,0.1,1440,18,0,0
8,0.1,1441,19,1,0
8,0.1,1442,18,0,1
8,0.1,1443,18,0,0
8,0.1,1444,18,0,0
8,0.1,1445,18,0,0
8,0.1,1446,18,0,0
8,0.1,1447,18,0,0
8,0.1,1448,18,0,0
8,0.1,1449,18,0,0
8,0.1,1450,17,0,1
8,0.1,1451,18,1,0
8,0.1,1452,17,0,1
8,0.1,1453,17,0,0
8,0.1,1454,17,0,0
8,0.1,1455,17,0,0
8,0.1,1456,17,0,0
8,0.1,1457,17,0,0
8,0.1,1458,17,0,0
8,0.1,1459,17,0,0
8,0.1,1460,17,0,0
8,0.1,1461,17,0,0
8,0.1,1462,17,0,0
8,0.1,1463,17,0,0
8,0.1,1464,17,0,0
8,0.1,1465,17,0,0
8,0.1,1466,17,0,0
8,0.1,1467,18,1,0
8,0.1,1468,18,1,1
8,0.1,1469,18,1,1
8,0.1,1470,17,0,1
8,0.1,1471,17,0,0
8,0.1,1472,17,0,0
8,0.1,1473,17,0,0
8,0.1,1474,17,0,0
8,0.1,1475,17,0,0
8,0.1,1476,17,0,0
8,0.1,1477,17,0,0
8,0.1,1478,17,0,0
8,0.1,1479,17,0,0
8,0.1,1480,18,1,0
8,0.1,1481,18,0,0
8,0.1,1482,17,0,1
8,0.1,1483,18,1,0
8,0.1,1484,18,0,0
8,0.1,1485,18,0,0
8,0.1,1486,18,0,0
8,0.1,1487,17,0,1
8,0.1,1488,18,1,0
8,0.1,1489,17,0,1
8,0.1,1490,18,1,0
8,0.1,1491,18,0,0
8,0.1,1492,17,0,1
8,0.1,1493,17,0,0
8,0.1,1494,18,1,0
8,0.1,1495,17,0,1
8,0.1,1496,17,0,0
8,0.1,1497,17,0,0
8,0.1,1498,18,1,0
8,0.1,1499,17,0,1
8,0.1,1500,18,1,0
8,0.2,0,14,0,0
8,0.2,1,71,60,3
8,0.2,2,68,16,19
8,0.2,3,77,18,9
8,0.2,4,71,9,15
8,0.2,5,61,9,19
8,0.2,6,73,17,5
8,0.2,7,77,11,7
8,0.2,8,69,5,13
8,0.2,9,76,10,3
8,0.2,10,78,5,3
8,0.2,11,74,4,8
8,0.2,12,73,4,5
8,0.2,13,63,4,14
8,0.2,14,61,6,8
8,0.2,15,68,9,2
8,0.2,16,73,6,1
8,0.2,17,67,1,7
8,0.2,18,73,6,0
8,0.2,19,64,2,11
8,0.2,20,66,6,4
8,0.2,21,70,6,2
8,0.2,22,67,3,6
8,0.2,23,64,3,6
8,0.2,24,63,2,3
8,0.2,25,67,5,1
8,0.2,26,64,3,6
8,0.2,27,66,3,1
8,0.2,28,63,1,4
8,0.2,29,64,3,2
8,0.2,30,60,0,4
8,0.2,31,62,4,2
8,0.2,32,63,4,3
8,0.2,33,61,1,3
8,0.2,34,60,1,2
8,0.2,35,60,1,1
8,0.2,36,59,2,3
8,0.2,37,59,1,1
8,0.2,38,61,2,0
8,0.2,39,60,0,1
8,0.2,40,62,5,3
8,0.2,41,58,1,5
8,0.2,42,61,3,0
8,0.2,43,58,0,3
8,0.2,44,61,3,0
8,0.2,45,60,1,2
8,0.2,46,57,0,3
8,0.2,47,58,3,2
8,0.2,48,58,1,1
8,0.2,49,56,2,4
8,0.2,50,58,3,1
8,0.2,51,51,1,8
8,0.2,52,58,8,1
8,0.2,53,56,0,2
8,0.2,54,57,1,0
8,0.2,55,56,0,1
8,0.2,56,52,0,4
8,0.2,57,48,1,5
8,0.2,58,50,5,3
8,0.2,59,50,2,2
8,0.2,60,51,2,1
8,0.2,61,47,1,5
8,0.2,62,49,4,2
8,0.2,63,47,3,5
8,0.2,64,48,3,2
8,0.2,65,52,6,2
8,0.2,66,52,3,3
8,0.2,67,55,4,1
8,0.2,68,54,3,4
8,0.2,69,55,3,2
8,0.2,70,52,0,3
8,0.2,71,52,1,1
8,0.2,72,49,0,3
8,0.2,73,50,5,4
8,0.2,74,48,4,6
8,0.2,75,50,5,3
8,0.2,76,49,2,3
8,0.2,77,50,3,2
8,0.2,78,49,2,3
8,0.2,79,49,2,2
8,0.2,80,52,5,2
8,0.2,81,47,0,5
8,0.2,82,49,4,2
8,0.2,83,45,0,4
8,0.2,84,49,4,0
8,0.2,85,48,1,2
8,0.2,86,45,0,3
8,0.2,87,50,5,0
8,0.2,88,47,0,3
8,0.2,89,45,0,2
8,0.2,90,45,2,2
8,0.2,91,45,3,3
8,0.2,92,45,3,3
8,0.2,93,46,2,1
8,0.2,94,40,1,7
8,0.2,95,45,6,1
8,0.2,96,43,1,3
8,0.2,97,43,3,3
8,0.2,98,41,1,3
8,0.2,99,43,3,1
8,0.2,100,40,0,3
8,0.2,101,43,3,0
8,0.2,102,46,4,1
8,0.2,103,42,2,6
8,0.2,104,40,0,2
8,0.2,105,40,0,0
8,0.2,106,42,2,0
8,0.2,107,40,1,3
8,0.2,108,37,0,3
8,0.2,109,38,1,0
8,0.2,110,39,1,0
8,0.2,111,40,1,0
8,0.2,112,38,0,2
8,0.2,113,36,0,2
8,0.2,114,36,0,0
8,0.2,115,36,0,0
8,0.2,116,38,2,0
8,0.2,117,37,0,1
8,0.2,118,37,1,1
8,0.2,119,37,1,1
8,0.2,120,38,1,0
8,0.2,121,38,1,1
8,0.2,122,36,0,2
8,0.2,123,36,2,2
8,0.2,124,38,2,0
8,0.2,125,36,0,2
8,0.2,126,36,2,2
8,0.2,127,36,2,2
8,0.2,128,35,0,1
8,0.2,129,36,1,0
8,0.2,130,34,1,3
8,0.2,131,38,4,0
8,0.2,132,35,0,3
8,0.2,133,34,0,1
8,0.2,134,36,2,0
8,0.2,135,35,0,1
8,0.2,136,33,0,2
8,0.2,137,28,1,6
8,0.2,138,29,2,1
8,0.2,139,29,1,1
8,0.2,140,28,0,1
8,0.2,141,31,3,0
8,0.2,142,31,0,0
8,0.2,143,30,2,3
8,0.2,144,31,3,2
8,0.2,145,30,1,2
8,0.2,146,32,3,1
8,0.2,147,31,1,2
8,0.2,148,29,0,2
8,0.2,149,33,4,0
8,0.2,150,30,1,4
8,0.2,151,31,1,0
8,0.2,152,30,1,2
8,0.2,153,31,2,1
8,0.2,154,31,2,2
8,0.2,155,29,0,2
8,0.2,156,31,2,0
8,0.2,157,30,0,1
8,0.2,158,29,0,1
8,0.2,159,30,1,0
8,0.2,160,29,1,2
8,0.2,161,28,0,1
8,0.2,162,28,0,0
8,0.2,163,28,0,0
8,0.2,164,28,0,0
8,0.2,165,30,2,0
8,0.2,166,29,1,2
8,0.2,167,28,0,1
8,0.2,168,29,1,0
8,0.2,169,29,1,1
8,0.2,170,29,1,1
8,0.2,171,29,1,1
8,0.2,172,29,0,0
8,0.2,173,28,0,1
8,0.2,174,28,0,0
8,0.2,175,28,0,0
8,0.2,176,29,1,0
8,0.2,177,28,0,1
8,0.2,178,29,1,0
8,0.2,179,28,0,1
8,0.2,180,29,1,0
8,0.2,181,28,0,1
8,0.2,182,28,0,0
8,0.2,183,27,0,1
8,0.2,184,26,0,1
8,0.2,185,30,4,0
8,0.2,186,29,1,2
8,0.2,187,28,0,1
8,0.2,188,29,1,0
8,0.2,189,29,1,1
8,0.2,190,28,0,1
8,0.2,191,28,0,0
8,0.2,192,29,1,0
8,0.2,193,27,0,2
8,0.2,194,26,0,1
8,0.2,195,26,0,0
8,0.2,196,26,0,0
8,0.2,197,26,0,0
8,0.2,198,26,0,0
8,0.2,199,26,0,0
8,0.2,200,26,0,0
8,0.2,201,26,0,0
8,0.2,202,26,0,0
8,0.2,203,26,0,0
8,0.2,204,26,0,0
8,0.2,205,26,0,0
8,0.2,206,27,1,0
8,0.2,207,25,0,2
8,0.2,208,26,1,0
8,0.2,209,28,2,0
8,0.2,210,26,0,2
8,0.2,211,26,0,0
8,0.2,212,26,0,0
8,0.2,213,26,0,0
8,0.2,214,24,0,2
8,0.2,215,25,1,0
8,0.2,216,25,0,0
8,0.2,217,27,2,0
8,0.2,218,25,0,2
8,0.2,219,24,0,1
8,0.2,220,25,1,0
8,0.2,221,25,0,0
8,0.2,222,24,0,1
8,0.2,223,24,0,0
8,0.2,224,26,2,0
8,0.2,225,25,1,2
8,0.2,226,25,0,0
8,0.2,227,24,0,1
8,0.2,228,25,1,0
8,0.2,229,25,0,0
8,0.2,230,25,0,0
8,0.2,231,24,0,1
8,0.2,232,25,1,0
8,0.2,233,25,0,0
8,0.2,234,24,0,1
8,0.2,235,25,1,0
8,0.2,236,24,0,1
8,0.2,237,25,1,0
8,0.2,238,25,0,0
8,0.2,239,24,0,1
8,0.2,240,24,0,0
8,0.2,241,24,0,0
8,0.2,242,25,1,0
8,0.2,243,24,0,1
8,0.2,244,25,1,0
8,0.2,245,24,0,1
8,0.2,246,24,0,0
8,0.2,247,25,1,0
8,0.2,248,24,0,1
8,0.2,249,24,0,0
8,0.2,250,24,0,0
8,0.2,251,25,1,0
8,0.2,252,24,0,1
8,0.2,253,24,0,0
8,0.2,254,24,0,0
8,0.2,255,24,0,0
8,0.2,256,24,0,0
8,0.2,257,24,0,0
8,0.2,258,24,0,0
8,0.2,259,24,0,0
8,0.2,260,24,0,0
8,0.2,261,24,0,0
8,0.2,262,24,0,0
8,0.2,263,24,0,0
8,0.2,264,24,0,0
8,0.2,265,25,1,0
8,0.2,266,24,0,1
8,0.2,267,24,0,0
8,0.2,268,24,0,0
8,0.2,269,24,0,0
8,0.2,270,24,0,0
8,0.2,271,24,0,0
8,0.2,272,25,1,0
8,0.2,273,24,0,1
8,0.2,274,24,0,0
8,0.2,275,23,0,1
8,0.2,276,24,1,0
8,0.2,277,24,0,0
8,0.2,278,24,0,0
8,0.2,279,23,0,1
8,0.2,280,24,1,0
8,0.2,281,25,1,0
8,0.2,282,23,0,2
8,0.2,283,23,0,0
8,0.2,284,24,1,0
8,0.2,285,24,0,0
8,0.2,286,24,0,0
8,0.2,287,24,0,0
8,0.2,288,24,0,0
8,0.2,289,24,0,0
8,0.2,290,24,0,0
8,0.2,291,24,0,0
8,0.2,292,24,0,0
8,0.2,293,23,0,1
8,0.2,294,23,0,0
8,0.2,295,24,1,0
8,0.2,296,23,0,1
8,0.2,297,23,0,0
8,0.2,298,23,0,0
8,0.2,299,24,1,0
8,0.2,300,23,0,1
8,0.2,301,23,0,0
8,0.2,302,23,0,0
8,0.2,303,22,0,1
8,0.2,304,22,0,0
8,0.2,305,23,1,0
8,0.2,306,23,0,0
8,0.2,307,23,1,1
8,0.2,308,23,1,1
8,0.2,309,24,1,0
8,0.2,310,21,0,3
8,0.2,311,22,1,0
8,0.2,312,23,1,0
8,0.2,313,22,0,1
8,0.2,314,23,1,0
8,0.2,315,22,0,1
8,0.2,316,23,1,0
8,0.2,317,21,0,2
8,0.2,318,21,1,1
8,0.2,319,23,2,0
8,0.2,320,22,0,1
8,0.2,321,20,0,2
8,0.2,322,21,1,0
8,0.2,323,21,2,2
8,0.2,324,21,0,0
8,0.2,325,23,2,0
8,0.2,326,23,0,0
8,0.2,327,23,0,0
8,0.2,328,22,0,1
8,0.2,329,23,1,0
8,0.2,330,23,0,0
8,0.2,331,20,0,3
8,0.2,332,21,1,0
8,0.2,333,20,0,1
8,0.2,334,22,2,0
8,0.2,335,22,0,0
8,0.2,336,22,0,0
8,0.2,337,20,0,2
8,0.2,338,20,0,0
8,0.2,339,21,1,0
8,0.2,340,22,1,0
8,0.2,341,20,0,2
8,0.2,342,22,2,0
8,0.2,343,20,0,2
8,0.2,344,21,1,0
8,0.2,345,20,0,1
8,0.2,346,19,0,1
8,0.2,347,20,1,0
8,0.2,348,21,1,0
8,0.2,349,21,0,0
8,0.2,350,19,0,2
8,0.2,351,21,2,0
8,0.2,352,20,0,1
8,0.2,353,20,0,0
8,0.2,354,20,0,0
8,0.2,355,21,1,0
8,0.2,356,20,0,1
8,0.2,357,20,0,0
8,0.2,358,20,0,0
8,0.2,359,20,1,1
8,0.2,360,20,1,1
8,0.2,361,20,0,0
8,0.2,362,20,0,0
8,0.2,363,19,0,1
8,0.2,364,21,2,0
8,0.2,365,20,0,1
8,0.2,366,20,0,0
8,0.2,367,20,0,0
8,0.2,368,20,0,0
8,0.2,369,20,0,0
8,0.2,370,20,0,0
8,0.2,371,21,1,0
8,0.2,372,20,0,1
8,0.2,373,20,0,0
8,0.2,374,20,0,0
8,0.2,375,20,0,0
8,0.2,376,20,0,0
8,0.2,377,21,1,0
8,0.2,378,20,0,1
8,0.2,379,20,1,1
8,0.2,380,20,1,1
8,0.2,381,20,1,1
8,0.2,382,19,0,1
8,0.2,383,20,1,0
8,0.2,384,20,0,0
8,0.2,385,20,0,0
8,0.2,386,20,1,1
8,0.2,387,20,1,1
8,0.2,388,20,0,0
8,0.2,389,19,0,1
8,0.2,390,20,1,0
8,0.2,391,20,1,1
8,0.2,392,20,1,1
8,0.2,393,19,0,1
8,0.2,394,19,1,1
8,0.2,395,19,0,0
8,0.2,396,19,0,0
8,0.2,397,19,0,0
8,0.2,398,20,1,0
8,0.2,399,19,0,1
8,0.2,400,19,0,0
8,0.2,401,19,1,1
8,0.2,402,18,0,1
8,0.2,403,18,0,0
8,0.2,404,18,0,0
8,0.2,405,18,0,0
8,0.2,406,18,0,0
8,0.2,407,19,1,0
8,0.2,408,18,0,1
8,0.2,409,19,1,0
8,0.2,410,18,0,1
8,0.2,411,19,1,0
8,0.2,412,19,0,0
8,0.2,413,19,0,0
8,0.2,414,18,0,1
8,0.2,415,18,0,0
8,0.2,416,18,0,0
8,0.2,417,19,1,0
8,0.2,418,18,0,1
8,0.2,419,19,1,0
8,0.2,420,18,0,1
8,0.2,421,18,0,0
8,0.2,422,19,1,0
8,0.2,423,18,0,1
8,0.2,424,18,0,0
8,0.2,425,19,1,0
8,0.2,426,18,0,1
8,0.2,427,18,0,0
8,0.2,428,18,0,0
8,0.2,429,17,0,1
8,0.2,430,18,1,0
8,0.2,431,18,0,0
8,0.2,432,18,0,0
8,0.2,433,18,0,0
8,0.2,434,18,0,0
8,0.2,435,17,0,1
8,0.2,436,18,1,0
8,0.2,437,16,0,2
8,0.2,438,15,0,1
8,0.2,439,16,1,0
8,0.2,440,16,0,0
8,0.2,441,17,1,0
8,0.2,442,17,0,0
8,0.2,443,17,0,0
8,0.2,444,18,1,0
8,0.2,445,17,0,1
8,0.2,446,18,1,0
8,0.2,447,17,0,1
8,0.2,448,17,0,0
8,0.2,449,17,0,0
8,0.2,450,18,1,0
8,0.2,451,18,0,0
8,0.2,452,18,0,0
8,0.2,453,17,0,1
8,0.2,454,17,0,0
8,0.2,455,17,0,0
8,0.2,456,17,0,0
8,0.2,457,17,0,0
8,0.2,458,18,1,0
8,0.2,459,18,0,0
8,0.2,460,18,1,1
8,0.2,461,18,1,1
8,0.2,462,17,0,1
8,0.2,463,18,1,0
8,0.2,464,18,0,0
8,0.2,465,17,0,1
8,0.2,466,17,0,0
8,0.2,467,17,0,0
8,0.2,468,17,0,0
8,0.2,469,17,0,0
8,0.2,470,18,1,0
8,0.2,471,17,0,1
8,0.2,472,17,0,0
8,0.2,473,17,0,0
8,0.2,474,18,1,0
8,0.2,475,18,0,0
8,0.2,476,18,0,0
8,0.2,477,18,1,1
8,0.2,478,17,0,1
8,0.2,479,18,1,0
8,0.2,480,17,0,1
8,0.2,481,17,0,0
8,0.2,482,17,0,0
8,0.2,483,17,0,0
8,0.2,484,17,0,0
8,0.2,485,17,0,0
8,0.2,486,17,0,0
8,0.2,487,17,0,0
8,0.2,488,17,0,0
8,0.2,489,17,0,0
8,0.2,490,17,0,0
8,0.2,491,17,0,0
8,0.2,492,17,0,0
8,0.2,493,17,0,0
8,0.2,494,17,0,0
8,0.2,495,17,0,0
8,0.2,496,17,0,0
8,0.2,497,17,0,0
8,0.2,498,17,0,0
8,0.2,499,17,0,0
8,0.2,500,17,0,0
8,0.2,501,17,0,0
8,0.2,502,17,0,0
8,0.2,503,17,0,0
8,0.2,504,18,1,0
8,0.2,505,17,0,1
8,0.2,506,18,1,0
8,0.2,507,17,0,1
8,0.2,508,17,0,0
8,0.2,509,17,0,0
8,0.2,510,17,0,0
8,0.2,511,18,1,0
8,0.2,512,18,0,0
8,0.2,513,18,0,0
8,0.2,514,17,0,1
8,0.2,515,17,0,0
8,0.2,516,17,0,0
8,0.2,517,18,1,0
8,0.2,518,18,1,1
8,0.2,519,17,0,1
8,0.2,520,17,0,0
8,0.2,521,18,1,0
8,0.2,522,19,1,0
8,0.2,523,18,0,1
8,0.2,524,17,0,1
8,0.2,525,17,0,0
8,0.2,526,17,0,0
8,0.2,527,17,0,0
8,0.2,528,17,0,0
8,0.2,529,17,0,0
8,0.2,530,17,0,0
8,0.2,531,17,0,0
8,0.2,532,17,0,0
8,0.2,533,17,0,0
8,0.2,534,17,0,0
8,0.2,535,17,0,0
8,0.2,536,17,0,0
8,0.2,537,17,0,0
8,0.2,538,17,0,0
8,0.2,539,17,0,0
8,0.2,540,17,0,0
8,0.2,541,17,0,0
8,0.2,542,17,0,0
8,0.2,543,17,0,0
8,0.2,544,17,0,0
8,0.2,545,17,0,0
8,0.2,546,17,0,0
8,0.2,547,17,0,0
8,0.2,548,17,0,0
8,0.2,549,17,0,0
8,0.2,550,17,0,0
8,0.2,551,18,1,0
8,0.2,552,17,0,1
8,0.2,553,17,0,0
8,0.2,554,17,0,0
8,0.2,555,17,0,0
8,0.2,556,17,0,0
8,0.2,557,17,0,0
8,0.2,558,17,0,0
8,0.2,559,17,0,0
8,0.2,560,17,0,0
8,0.2,561,17,0,0
8,0.2,562,17,0,0
8,0.2,563,17,0,0
8,0.2,564,18,1,0
8,0.2,565,17,0,1
8,0.2,566,17,0,0
8,0.2,567,19,2,0
8,0.2,568,17,0,2
8,0.2,569,18,1,0
8,0.2,570,17,0,1
8,0.2,571,17,0,0
8,0.2,572,17,0,0
8,0.2,573,18,1,0
8,0.2,574,18,1,1
8,0.2,575,17,0,1
8,0.2,576,18,1,0
8,0.2,577,17,0,1
8,0.2,578,17,0,0
8,0.2,579,17,0,0
8,0.2,580,17,0,0
8,0.2,581,17,0,0
8,0.2,582,17,0,0
8,0.2,583,17,0,0
8,0.2,584,17,0,0
8,0.2,585,17,0,0
8,0.2,586,18,1,0
8,0.2,587,17,0,1
8,0.2,588,17,0,0
8,0.2,589,18,1,0
8,0.2,590,17,0,1
8,0.2,591,17,0,0
8,0.2,592,17,0,0
8,0.2,593,17,0,0
8,0.2,594,17,0,0
8,0.2,595,17,0,0
8,0.2,596,18,1,0
8,0.2,597,17,0,1
8,0.2,598,17,0,0
8,0.2,599,18,1,0
8,0.2,600,17,0,1
8,0.2,601,18,1,0
8,0.2,602,18,0,0
8,0.2,603,18,0,0
8,0.2,604,17,0,1
8,0.2,605,18,1,0
8,0.2,606,18,0,0
8,0.2,607,18,0,0
8,0.2,608,19,1,0
8,0.2,609,18,0,1
8,0.2,610,18,0,0
8,0.2,611,18,0,0
8,0.2,612,18,0,0
8,0.2,613,18,0,0
8,0.2,614,17,0,1
8,0.2,615,17,0,0
8,0.2,616,17,0,0
8,0.2,617,18,1,0
8,0.2,618,18,0,0
8,0.2,619,17,0,1
8,0.2,620,18,1,0
8,0.2,621,18,0,0
8,0.2,622,18,0,0
8,0.2,623,17,0,1
8,0.2,624,18,1,0
8,0.2,625,18,0,0
8,0.2,626,18,1,1
8,0.2,627,19,1,0
8,0.2,628,19,1,1
8,0.2,629,18,0,1
8,0.2,630,19,1,0
8,0.2,631,18,0,1
8,0.2,632,18,0,0
8,0.2,633,18,0,0
8,0.2,634,19,1,0
8,0.2,635,18,0,1
8,0.2,636,19,1,0
8,0.2,637,19,1,1
8,0.2,638,18,0,1
8,0.2,639,18,0,0
8,0.2,640,18,0,0
8,0.2,641,18,0,0
8,0.2,642,18,0,0
8,0.2,643,17,0,1
8,0.2,644,17,0,0
8,0.2,645,17,0,0
8,0.2,646,17,0,0
8,0.2,647,18,1,0
8,0.2,648,18,0,0
8,0.2,649,17,0,1
8,0.2,650,18,1,0
8,0.2,651,18,0,0
8,0.2,652,18,0,0
8,0.2,653,18,0,0
8,0.2,654,18,0,0
8,0.2,655,19,1,0
8,0.2,656,17,0,2
8,0.2,657,18,1,0
8,0.2,658,18,0,0
8,0.2,659,18,0,0
8,0.2,660,18,0,0
8,0.2,661,18,0,0
8,0.2,662,19,1,0
8,0.2,663,19,0,0
8,0.2,664,19,1,1
8,0.2,665,19,1,1
8,0.2,666,18,0,1
8,0.2,667,19,1,0
8,0.2,668,18,0,1
8,0.2,669,19,1,0
8,0.2,670,18,0,1
8,0.2,671,18,0,0
8,0.2,672,18,0,0
8,0.2,673,20,2,0
8,0.2,674,18,0,2
8,0.2,675,18,0,0
8,0.2,676,18,0,0
8,0.2,677,19,1,0
8,0.2,678,18,0,1
8,0.2,679,19,1,0
8,0.2,680,18,0,1
8,0.2,681,18,0,0
8,0.2,682,18,0,0
8,0.2,683,18,0,0
8,0.2,684,18,0,0
8,0.2,685,18,0,0
8,0.2,686,18,1,1
8,0.2,687,19,1,0
8,0.2,688,18,0,1
8,0.2,689,16,0,2
8,0.2,690,16,0,0
8,0.2,691,17,1,0
8,0.2,692,18,1,0
8,0.2,693,17,1,2
8,0.2,694,17,1,1
8,0.2,695,17,0,0
8,0.2,696,17,0,0
8,0.2,697,17,0,0
8,0.2,698,18,1,0
8,0.2,699,17,0,1
8,0.2,700,17,0,0
8,0.2,701,17,0,0
8,0.2,702,17,0,0
8,0.2,703,17,0,0
8,0.2,704,17,0,0
8,0.2,705,17,0,0
8,0.2,706,17,0,0
8,0.2,707,17,1,1
8,0.2,708,17,1,1
8,0.2,709,18,1,0
8,0.2,710,18,1,1
8,0.2,711,17,0,1
8,0.2,712,17,0,0
8,0.2,713,17,0,0
8,0.2,714,16,0,1
8,0.2,715,16,0,0
8,0.2,716,18,2,0
8,0.2,717,18,1,1
8,0.2,718,17,0,1
8,0.2,719,18,1,0
8,0.2,720,17,0,1
8,0.2,721,17,0,0
8,0.2,722,17,0,0
8,0.2,723,16,0,1
8,0.2,724,16,0,0
8,0.2,725,16,0,0
8,0.2,726,16,0,0
8,0.2,727,17,1,0
8,0.2,728,17,1,1
8,0.2,729,16,0,1
8,0.2,730,16,0,0
8,0.2,731,16,0,0
8,0.2,732,16,0,0
8,0.2,733,16,0,0
8,0.2,734,16,0,0
8,0.2,735,18,2,0
8,0.2,736,16,0,2
8,0.2,737,17,1,0
8,0.2,738,16,0,1
8,0.2,739,16,0,0
8,0.2,740,17,1,0
8,0.2,741,16,0,1
8,0.2,742,16,0,0
8,0.2,743,16,0,0
8,0.2,744,17,1,0
8,0.2,745,19,2,0
8,0.2,746,18,0,1
8,0.2,747,18,0,0
8,0.2,748,19,1,0
8,0.2,749,19,0,0
8,0.2,750,19,0,0
8,0.2,751,19,0,0
8,0.2,752,18,0,1
8,0.2,753,19,1,0
8,0.2,754,19,0,0
8,0.2,755,18,0,1
8,0.2,756,17,1,2
8,0.2,757,19,2,0
8,0.2,758,17,0,2
8,0.2,759,18,2,1
8,0.2,760,18,1,1
8,0.2,761,18,1,1
8,0.2,762,16,0,2
8,0.2,763,19,3,0
8,0.2,764,18,0,1
8,0.2,765,18,0,0
8,0.2,766,17,0,1
8,0.2,767,18,1,0
8,0.2,768,18,0,0
8,0.2,769,18,0,0
8,0.2,770,18,0,0
8,0.2,771,18,0,0
8,0.2,772,18,0,0
8,0.2,773,18,0,0
8,0.2,774,18,0,0
8,0.2,775,18,0,0
8,0.2,776,18,0,0
8,0.2,777,18,0,0
8,0.2,778,18,0,0
8,0.2,779,18,0,0
8,0.2,780,18,0,0
8,0.2,781,18,0,0
8,0.2,782,18,0,0
8,0.2,783,18,0,0
8,0.2,784,18,0,0
8,0.2,785,19,1,0
8,0.2,786,18,0,1
8,0.2,787,18,0,0
8,0.2,788,18,0,0
8,0.2,789,18,0,0
8,0.2,790,18,0,0
8,0.2,791,18,0,0
8,0.2,792,18,0,0
8,0.2,793,18,0,0
8,0.2,794,18,0,0
8,0.2,795,18,0,0
8,0.2,796,18,0,0
8,0.2,797,18,0,0
8,0.2,798,18,0,0
8,0.2,799,18,0,0
8,0.2,800,19,1,0
8,0.2,801,18,0,1
8,0.2,802,18,0,0
8,0.2,803,18,0,0
8,0.2,804,18,0,0
8,0.2,805,17,1,2
8,0.2,806,17,1,1
8,0.2,807,17,0,0
8,0.2,808,18,1,0
8,0.2,809,18,0,0
8,0.2,810,18,0,0
8,0.2,811,19,1,0
8,0.2,812,18,0,1
8,0.2,813,18,0,0
8,0.2,814,17,0,1
8,0.2,815,17,0,0
8,0.2,816,18,1,0
8,0.2,817,17,0,1
8,0.2,818,18,1,0
8,0.2,819,18,0,0
8,0.2,820,18,0,0
8,0.2,821,17,0,1
8,0.2,822,18,1,0
8,0.2,823,18,0,0
8,0.2,824,18,0,0
8,0.2,825,18,0,0
8,0.2,826,18,0,0
8,0.2,827,18,0,0
8,0.2,828,18,0,0
8,0.2,829,18,0,0
8,0.2,830,19,1,0
8,0.2,831,18,0,1
8,0.2,832,18,0,0
8,0.2,833,18,0,0
8,0.2,834,18,0,0
8,0.2,835,18,0,0
8,0.2,836,18,0,0
8,0.2,837,18,0,0
8,0.2,838,18,0,0
8,0.2,839,18,0,0
8,0.2,840,17,0,1
8,0.2,841,18,1,0
8,0.2,842,18,0,0
8,0.2,843,18,0,0
8,0.2,844,18,0,0
8,0.2,845,18,0,0
8,0.2,846,18,0,0
8,0.2,847,18,0,0
8,0.2,848,17,0,1
8,0.2,849,18,1,0
8,0.2,850,18,0,0
8,0.2,851,18,0,0
8,0.2,852,19,1,0
8,0.2,853,18,1,2
8,0.2,854,17,0,1
8,0.2,855,18,1,0
8,0.2,856,17,0,1
8,0.2,857,17,0,0
8,0.2,858,18,1,0
8,0.2,859,18,1,1
8,0.2,860,17,0,1
8,0.2,861,17,0,0
8,0.2,862,17,0,0
8,0.2,863,17,0,0
8,0.2,864,17,0,0
8,0.2,865,17,0,0
8,0.2,866,20,3,0
8,0.2,867,17,0,3
8,0.2,868,17,0,0
8,0.2,869,18,1,0
8,0.2,870,17,0,1
8,0.2,871,18,1,0
8,0.2,872,18,0,0
8,0.2,873,17,0,1
8,0.2,874,19,2,0
8,0.2,875,18,0,1
8,0.2,876,17,0,1
8,0.2,877,17,0,0
8,0.2,878,17,0,0
8,0.2,879,17,0,0
8,0.2,880,18,1,0
8,0.2,881,18,0,0
8,0.2,882,17,0,1
8,0.2,883,18,1,0
8,0.2,884,18,1,1
8,0.2,885,17,0,1
8,0.2,886,17,0,0
8,0.2,887,18,1,0
8,0.2,888,17,0,1
8,0.2,889,18,1,0
8,0.2,890,18,0,0
8,0.2,891,17,0,1
8,0.2,892,18,1,0
8,0.2,893,18,1,1
8,0.2,894,18,1,1
8,0.2,895,17,0,1
8,0.2,896,17,0,0
8,0.2,897,17,0,0
8,0.2,898,17,0,0
8,0.2,899,17,0,0
8,0.2,900,17,0,0
8,0.2,901,17,0,0
8,0.2,902,17,0,0
8,0.2,903,17,0,0
8,0.2,904,17,0,0
8,0.2,905,17,0,0
8,0.2,906,17,0,0
8,0.2,907,17,0,0
8,0.2,908,17,0,0
8,0.2,909,18,1,0
8,0.2,910,17,0,1
8,0.2,911,17,0,0
8,0.2,912,18,1,0
8,0.2,913,17,0,1
8,0.2,914,17,0,0
8,0.2,915,17,0,0
8,0.2,916,17,0,0
8,0.2,917,17,0,0
8,0.2,918,18,1,0
8,0.2,919,17,0,1
8,0.2,920,17,0,0
8,0.2,921,17,0,0
8,0.2,922,17,0,0
8,0.2,923,17,0,0
8,0.2,924,17,0,0
8,0.2,925,18,1,0
8,0.2,926,17,0,1
8,0.2,927,18,1,0
8,0.2,928,17,0,1
8,0.2,929,17,0,0
8,0.2,930,17,0,0
8,0.2,931,19,2,0
8,0.2,932,17,0,2
8,0.2,933,17,0,0
8,0.2,934,17,0,0
8,0.2,935,18,1,0
8,0.2,936,17,0,1
8,0.2,937,17,0,0
8,0.2,938,17,0,0
8,0.2,939,17,0,0
8,0.2,940,18,1,0
8,0.2,941,17,0,1
8,0.2,942,18,1,0
8,0.2,943,17,0,1
8,0.2,944,17,0,0
8,0.2,945,18,1,0
8,0.2,946,17,0,1
8,0.2,947,17,0,0
8,0.2,948,17,0,0
8,0.2,949,17,0,0
8,0.2,950,17,0,0
8,0.2,951,17,0,0
8,0.2,952,17,0,0
8,0.2,953,17,0,0
8,0.2,954,17,0,0
8,0.2,955,17,0,0
8,0.2,956,17,0,0
8,0.2,957,17,0,0
8,0.2,958,17,0,0
8,0.2,959,17,0,0
8,0.2,960,17,0,0
8,0.2,961,17,0,0
8,0.2,962,17,0,0
8,0.2,963,17,0,0
8,0.2,964,17,0,0
8,0.2,965,17,0,0
8,0.2,966,18,1,0
8,0.2,967,17,0,1
8,0.2,968,17,0,0
8,0.2,969,17,0,0
8,0.2,970,17,0,0
8,0.2,971,17,0,0
8,0.2,972,17,0,0
8,0.2,973,17,0,0
8,0.2,974,17,0,0
8,0.2,975,17,0,0
8,0.2,976,17,0,0
8,0.2,977,17,0,0
8,0.2,978,17,0,0
8,0.2,979,17,0,0
8,0.2,980,17,0,0
8,0.2,981,17,0,0
8,0.2,982,17,0,0
8,0.2,983,17,0,0
8,0.2,984,18,1,0
8,0.2,985,17,0,1
8,0.2,986,17,0,0
8,0.2,987,17,0,0
8,0.2,988,17,0,0
8,0.2,989,17,0,0
8,0.2,990,17,0,0
8,0.2,991,18,1,0
8,0.2,992,17,0,1
8,0.2,993,17,0,0
8,0.2,994,17,0,0
8,0.2,995,17,0,0
8,0.2,996,17,0,0
8,0.2,997,17,0,0
8,0.2,998,17,0,0
8,0.2,999,18,1,0
8,0.2,1000,17,0,1
8,0.2,1001,17,0,0
8,0.2,1002,17,0,0
8,0.2,1003,17,0,0
8,0.2,1004,17,0,0
8,0.2,1005,17,0,0
8,0.2,1006,17,0,0
8,0.2,1007,18,1,0
8,0.2,1008,17,0,1
8,0.2,1009,17,0,0
8,0.2,1010,17,0,0
8,0.2,1011,17,0,0
8,0.2,1012,17,0,0
8,0.2,1013,17,0,0
8,0.2,1014,17,0,0
8,0.2,1015,17,0,0
8,0.2,1016,17,0,0
8,0.2,1017,18,1,0
8,0.2,1018,17,0,1
8,0.2,1019,18,1,0
8,0.2,1020,17,0,1
8,0.2,1021,17,0,0
8,0.2,1022,17,0,0
8,0.2,1023,17,0,0
8,0.2,1024,17,0,0
8,0.2,1025,17,0,0
8,0.2,1026,17,0,0
8,0.2,1027,18,1,0
8,0.2,1028,18,0,0
8,0.2,1029,17,0,1
8,0.2,1030,17,0,0
8,0.2,1031,17,0,0
8,0.2,1032,18,1,0
8,0.2,1033,17,0,1
8,0.2,1034,18,1,0
8,0.2,1035,17,0,1
8,0.2,1036,17,0,0
8,0.2,1037,18,1,0
8,0.2,1038,17,0,1
8,0.2,1039,17,0,0
8,0.2,1040,17,0,0
8,0.2,1041,17,0,0
8,0.2,1042,17,0,0
8,0.2,1043,17,0,0
8,0.2,1044,17,0,0
8,0.2,1045,17,0,0
8,0.2,1046,17,0,0
8,0.2,1047,17,0,0
8,0.2,1048,17,0,0
8,0.2,1049,17,0,0
8,0.2,1050,17,0,0
8,0.2,1051,17,0,0
8,0.2,1052,17,0,0
8,0.2,1053,17,0,0
8,0.2,1054,17,0,0
8,0.2,1055,17,0,0
8,0.2,1056,17,0,0
8,0.2,1057,17,0,0
8,0.2,1058,17,0,0
8,0.2,1059,17,0,0
8,0.2,1060,17,0,0
8,0.2,1061,17,0,0
8,0.2,1062,17,0,0
8,0.2,1063,18,1,0
8,0.2,1064,17,0,1
8,0.2,1065,17,0,0
8,0.2,1066,17,0,0
8,0.2,1067,18,1,0
8,0.2,1068,17,0,1
8,0.2,1069,17,0,0
8,0.2,1070,17,0,0
8,0.2,1071,17,0,0
8,0.2,1072,17,0,0
8,0.2,1073,17,0,0
8,0.2,1074,17,0,0
8,0.2,1075,17,0,0
8,0.2,1076,17,0,0
8,0.2,1077,17,0,0
8,0.2,1078,17,0,0
8,0.2,1079,18,1,0
8,0.2,1080,17,0,1
8,0.2,1081,17,0,0
8,0.2,1082,18,1,0
8,0.2,1083,18,0,0
8,0.2,1084,17,0,1
8,0.2,1085,18,1,0
8,0.2,1086,17,0,1
8,0.2,1087,17,0,0
8,0.2,1088,19,2,0
8,0.2,1089,17,0,2
8,0.2,1090,17,0,0
8,0.2,1091,17,0,0
8,0.2,1092,19,2,0
8,0.2,1093,18,1,2
8,0.2,1094,17,0,1
8,0.2,1095,17,0,0
8,0.2,1096,17,0,0
8,0.2,1097,17,0,0
8,0.2,1098,18,1,0
8,0.2,1099,18,1,1
8,0.2,1100,18,1,1
8,0.2,1101,17,0,1
8,0.2,1102,17,0,0
8,0.2,1103,19,2,0
8,0.2,1104,17,0,2
8,0.2,1105,17,0,0
8,0.2,1106,17,0,0
8,0.2,1107,17,0,0
8,0.2,1108,17,0,0
8,0.2,1109,17,0,0
8,0.2,1110,18,1,0
8,0.2,1111,17,0,1
8,0.2,1112,18,1,0
8,0.2,1113,18,0,0
8,0.2,1114,19,1,0
8,0.2,1115,18,0,1
8,0.2,1116,18,0,0
8,0.2,1117,17,0,1
8,0.2,1118,18,1,0
8,0.2,1119,17,0,1
8,0.2,1120,17,0,0
8,0.2,1121,17,0,0
8,0.2,1122,17,0,0
8,0.2,1123,17,0,0
8,0.2,1124,17,0,0
8,0.2,1125,19,2,0
8,0.2,1126,19,0,0
8,0.2,1127,18,0,1
8,0.2,1128,18,0,0
8,0.2,1129,18,1,1
8,0.2,1130,17,0,1
8,0.2,1131,18,1,0
8,0.2,1132,19,1,0
8,0.2,1133,17,0,2
8,0.2,1134,18,1,0
8,0.2,1135,17,0,1
8,0.2,1136,18,1,0
8,0.2,1137,19,1,0
8,0.2,1138,19,0,0
8,0.2,1139,19,0,0
8,0.2,1140,17,0,2
8,0.2,1141,18,1,0
8,0.2,1142,18,0,0
8,0.2,1143,18,0,0
8,0.2,1144,18,0,0
8,0.2,1145,18,0,0
8,0.2,1146,18,0,0
8,0.2,1147,18,0,0
8,0.2,1148,18,0,0
8,0.2,1149,19,1,0
8,0.2,1150,19,0,0
8,0.2,1151,19,0,0
8,0.2,1152,18,0,1
8,0.2,1153,18,0,0
8,0.2,1154,19,1,0
8,0.2,1155,18,0,1
8,0.2,1156,17,0,1
8,0.2,1157,18,1,0
8,0.2,1158,19,2,1
8,0.2,1159,19,1,1
8,0.2,1160,18,0,1
8,0.2,1161,19,1,0
8,0.2,1162,19,0,0
8,0.2,1163,18,0,1
8,0.2,1164,19,1,0
8,0.2,1165,18,0,1
8,0.2,1166,19,1,0
8,0.2,1167,19,0,0
8,0.2,1168,19,1,1
8,0.2,1169,19,1,1
8,0.2,1170,19,0,0
8,0.2,1171,18,0,1
8,0.2,1172,19,1,0
8,0.2,1173,19,0,0
8,0.2,1174,19,0,0
8,0.2,1175,19,0,0
8,0.2,1176,19,0,0
8,0.2,1177,19,0,0
8,0.2,1178,19,0,0
8,0.2,1179,19,0,0
8,0.2,1180,19,0,0
8,0.2,1181,20,1,0
8,0.2,1182,19,0,1
8,0.2,1183,20,1,0
8,0.2,1184,19,0,1
8,0.2,1185,18,0,1
8,0.2,1186,21,3,0
8,0.2,1187,19,0,2
8,0.2,1188,19,0,0
8,0.2,1189,19,0,0
8,0.2,1190,20,1,0
8,0.2,1191,19,0,1
8,0.2,1192,19,0,0
8,0.2,1193,19,0,0
8,0.2,1194,19,0,0
8,0.2,1195,19,0,0
8,0.2,1196,19,0,0
8,0.2,1197,19,0,0
8,0.2,1198,19,0,0
8,0.2,1199,19,0,0
8,0.2,1200,19,0,0
8,0.2,1201,19,0,0
8,0.2,1202,19,0,0
8,0.2,1203,20,1,0
8,0.2,1204,20,0,0
8,0.2,1205,19,0,1
8,0.2,1206,19,0,0
8,0.2,1207,19,0,0
8,0.2,1208,19,0,0
8,0.2,1209,19,0,0
8,0.2,1210,19,0,0
8,0.2,1211,19,0,0
8,0.2,1212,19,0,0
8,0.2,1213,19,0,0
8,0.2,1214,19,0,0
8,0.2,1215,19,0,0
8,0.2,1216,19,0,0
8,0.2,1217,19,0,0
8,0.2,1218,19,0,0
8,0.2,1219,19,0,0
8,0.2,1220,19,0,0
8,0.2,1221,19,0,0
8,0.2,1222,19,0,0
8,0.2,1223,19,0,0
8,0.2,1224,19,0,0
8,0.2,1225,19,0,0
8,0.2,1226,19,0,0
8,0.2,1227,19,0,0
8,0.2,1228,19,0,0
8,0.2,1229,19,0,0
8,0.2,1230,19,0,0
8,0.2,1231,19,0,0
8,0.2,1232,19,0,0
8,0.2,1233,19,0,0
8,0.2,1234,19,0,0
8,0.2,1235,19,0,0
8,0.2,1236,19,0,0
8,0.2,1237,19,0,0
8,0.2,1238,19,0,0
8,0.2,1239,19,0,0
8,0.2,1240,19,0,0
8,0.2,1241,19,0,0
8,0.2,1242,19,0,0
8,0.2,1243,20,1,0
8,0.2,1244,18,0,2
8,0.2,1245,19,1,0
8,0.2,1246,19,0,0
8,0.2,1247,19,0,0
8,0.2,1248,19,0,0
8,0.2,1249,20,1,0
8,0.2,1250,19,0,1
8,0.2,1251,19,0,0
8,0.2,1252,19,0,0
8,0.2,1253,18,0,1
8,0.2,1254,18,0,0
8,0.2,1255,17,0,1
8,0.2,1256,17,0,0
8,0.2,1257,18,1,0
8,0.2,1258,18,0,0
8,0.2,1259,18,0,0
8,0.2,1260,18,0,0
8,0.2,1261,17,0,1
8,0.2,1262,18,1,0
8,0.2,1263,18,0,0
8,0.2,1264,18,0,0
8,0.2,1265,18,0,0
8,0.2,1266,18,0,0
8,0.2,1267,18,0,0
8,0.2,1268,18,0,0
8,0.2,1269,18,0,0
8,0.2,1270,18,0,0
8,0.2,1271,19,1,0
8,0.2,1272,18,0,1
8,0.2,1273,18,0,0
8,0.2,1274,18,0,0
8,0.2,1275,18,0,0
8,0.2,1276,18,0,0
8,0.2,1277,18,0,0
8,0.2,1278,18,0,0
8,0.2,1279,19,1,0
8,0.2,1280,19,0,0
8,0.2,1281,18,0,1
8,0.2,1282,18,0,0
8,0.2,1283,18,0,0
8,0.2,1284,18,0,0
8,0.2,1285,18,0,0
8,0.2,1286,17,0,1
8,0.2,1287,18,1,0
8,0.2,1288,18,0,0
8,0.2,1289,18,0,0
8,0.2,1290,18,0,0
8,0.2,1291,19,1,0
8,0.2,1292,18,0,1
8,0.2,1293,18,0,0
8,0.2,1294,18,0,0
8,0.2,1295,18,0,0
8,0.2,1296,18,0,0
8,0.2,1297,17,0,1
8,0.2,1298,18,1,0
8,0.2,1299,18,0,0
8,0.2,1300,18,0,0
8,0.2,1301,18,0,0
8,0.2,1302,18,0,0
8,0.2,1303,18,0,0
8,0.2,1304,18,0,0
8,0.2,1305,18,0,0
8,0.2,1306,18,0,0
8,0.2,1307,18,0,0
8,0.2,1308,17,0,1
8,0.2,1309,19,2,0
8,0.2,1310,18,0,1
8,0.2,1311,18,0,0
8,0.2,1312,19,1,0
8,0.2,1313,19,1,1
8,0.2,1314,19,0,0
8,0.2,1315,19,0,0
8,0.2,1316,18,0,1
8,0.2,1317,18,0,0
8,0.2,1318,20,2,0
8,0.2,1319,18,0,2
8,0.2,1320,18,0,0
8,0.2,1321,19,1,0
8,0.2,1322,18,0,1
8,0.2,1323,18,0,0
8,0.2,1324,18,1,1
8,0.2,1325,18,1,1
8,0.2,1326,20,2,0
8,0.2,1327,18,0,2
8,0.2,1328,18,0,0
8,0.2,1329,18,0,0
8,0.2,1330,18,0,0
8,0.2,1331,18,0,0
8,0.2,1332,18,0,0
8,0.2,1333,18,0,0
8,0.2,1334,18,0,0
8,0.2,1335,18,0,0
8,0.2,1336,18,0,0
8,0.2,1337,18,0,0
8,0.2,1338,18,0,0
8,0.2,1339,19,1,0
8,0.2,1340,18,0,1
8,0.2,1341,18,0,0
8,0.2,1342,18,0,0
8,0.2,1343,18,0,0
8,0.2,1344,18,0,0
8,0.2,1345,18,0,0
8,0.2,1346,18,0,0
8,0.2,1347,18,0,0
8,0.2,1348,18,0,0
8,0.2,1349,18,0,0
8,0.2,1350,18,0,0
8,0.2,1351,18,0,0
8,0.2,1352,18,0,0
8,0.2,1353,18,0,0
8,0.2,1354,18,0,0
8,0.2,1355,18,0,0
8,0.2,1356,18,0,0
8,0.2,1357,19,1,0
8,0.2,1358,18,0,1
8,0.2,1359,18,0,0
8,0.2,1360,18,0,0
8,0.2,1361,18,0,0
8,0.2,1362,18,0,0
8,0.2,1363,18,0,0
8,0.2,1364,18,0,0
8,0.2,1365,18,0,0
8,0.2,1366,17,0,1
8,0.2,1367,18,1,0
8,0.2,1368,18,0,0
8,0.2,1369,18,0,0
8,0.2,1370,18,0,0
8,0.2,1371,18,0,0
8,0.2,1372,18,0,0
8,0.2,1373,18,0,0
8,0.2,1374,18,0,0
8,0.2,1375,18,0,0
8,0.2,1376,18,0,0
8,0.2,1377,18,0,0
8,0.2,1378,18,0,0
8,0.2,1379,18,0,0
8,0.2,1380,18,0,0
8,0.2,1381,18,0,0
8,0.2,1382,18,0,0
8,0.2,1383,18,0,0
8,0.2,1384,18,0,0
8,0.2,1385,18,0,0
8,0.2,1386,19,1,0
8,0.2,1387,18,0,1
8,0.2,1388,18,0,0
8,0.2,1389,18,0,0
8,0.2,1390,18,0,0
8,0.2,1391,18,0,0
8,0.2,1392,18,0,0
8,0.2,1393,18,0,0
8,0.2,1394,18,0,0
8,0.2,1395,18,0,0
8,0.2,1396,18,0,0
8,0.2,1397,18,0,0
8,0.2,1398,18,0,0
8,0.2,1399,18,0,0
8,0.2,1400,18,0,0
8,0.2,1401,18,0,0
8,0.2,1402,18,0,0
8,0.2,1403,18,0,0
8,0.2,1404,18,0,0
8,0.2,1405,18,0,0
8,0.2,1406,18,0,0
8,0.2,1407,18,0,0
8,0.2,1408,18,0,0
8,0.2,1409,18,0,0
8,0.2,1410,18,0,0
8,0.2,1411,18,0,0
8,0.2,1412,18,0,0
8,0.2,1413,17,0,1
8,0.2,1414,18,1,0
8,0.2,1415,18,0,0
8,0.2,1416,18,0,0
8,0.2,1417,18,0,0
8,0.2,1418,18,0,0
8,0.2,1419,18,0,0
8,0.2,1420,18,0,0
8,0.2,1421,18,0,0
8,0.2,1422,18,0,0
8,0.2,1423,18,0,0
8,0.2,1424,18,0,0
8,0.2,1425,18,0,0
8,0.2,1426,19,1,0
8,0.2,1427,18,0,1
8,0.2,1428,18,0,0
8,0.2,1429,18,0,0
8,0.2,1430,18,0,0
8,0.2,1431,18,0,0
8,0.2,1432,18,0,0
8,0.2,1433,18,0,0
8,0.2,1434,18,0,0
8,0.2,1435,18,0,0
8,0.2,1436,18,0,0
8,0.2,1437,18,0,0
8,0.2,1438,18,0,0
8,0.2,1439,19,1,0
8,0.2,1440,18,0,1
8,0.2,1441,19,1,0
8,0.2,1442,18,0,1
8,0.2,1443,18,0,0
8,0.2,1444,18,0,0
8,0.2,1445,18,0,0
8,0.2,1446,18,0,0
8,0.2,1447,18,0,0
8,0.2,1448,19,1,0
8,0.2,1449,18,0,1
8,0.2,1450,18,0,0
8,0.2,1451,18,0,0
8,0.2,1452,18,0,0
8,0.2,1453,17,0,1
8,0.2,1454,17,0,0
8,0.2,1455,17,0,0
8,0.2,1456,17,0,0
8,0.2,1457,17,0,0
8,0.2,1458,17,0,0
8,0.2,1459,18,1,0
8,0.2,1460,17,0,1
8,0.2,1461,17,0,0
8,0.2,1462,17,0,0
8,0.2,1463,17,0,0
8,0.2,1464,18,1,0
8,0.2,1465,18,0,0
8,0.2,1466,17,0,1
8,0.2,1467,18,1,0
8,0.2,1468,18,1,1
8,0.2,1469,18,1,1
8,0.2,1470,17,0,1
8,0.2,1471,18,1,0
8,0.2,1472,17,0,1
8,0.2,1473,17,0,0
8,0.2,1474,17,0,0
8,0.2,1475,17,0,0
8,0.2,1476,17,0,0
8,0.2,1477,17,0,0
8,0.2,1478,18,1,0
8,0.2,1479,17,0,1
8,0.2,1480,18,1,0
8,0.2,1481,18,0,0
8,0.2,1482,18,0,0
8,0.2,1483,18,0,0
8,0.2,1484,18,0,0
8,0.2,1485,18,0,0
8,0.2,1486,18,0,0
8,0.2,1487,18,0,0
8,0.2,1488,18,0,0
8,0.2,1489,18,0,0
8,0.2,1490,18,0,0
8,0.2,1491,18,0,0
8,0.2,1492,17,0,1
8,0.2,1493,18,1,0
8,0.2,1494,18,0,0
8,0.2,1495,18,0,0
8,0.2,1496,18,0,0
8,0.2,1497,18,0,0
8,0.2,1498,18,0,0
8,0.2,1499,18,0,0
8,0.2,1500,19,1,0
9,0.05,0,6,0,0
9,0.05,1,46,43,3
9,0.05,2,47,30,29
9,0.05,3,35,19,31
9,0.05,4,63,34,6
9,0.05,5,43,13,33
9,0.05,6,52,21,12
9,0.05,7,49,17,20
9,0.05,8,23,6,32
9,0.05,9,64,41,0
9,0.05,10,64,7,7
9,0.05,11,62,5,7
9,0.05,12,55,5,12
9,0.05,13,53,14,16
9,0.05,14,45,14,22
9,0.05,15,45,11,11
9,0.05,16,43,13,15
9,0.05,17,50,16,9
9,0.05,18,45,8,13
9,0.05,19,23,7,29
9,0.05,20,42,26,7
9,0.05,21,54,17,5
9,0.05,22,42,8,20
9,0.05,23,52,17,7
9,0.05,24,40,7,19
9,0.05,25,35,18,23
9,0.05,26,20,13,28
9,0.05,27,22,15,13
9,0.05,28,21,15,16
9,0.05,29,28,14,7
9,0.05,30,43,20,5
9,0.05,31,37,12,18
9,0.05,32,51,21,7
9,0.05,33,55,11,7
9,0.05,34,53,4,6
9,0.05,35,52,4,5
9,0.05,36,49,4,7
9,0.05,37,30,4,23
9,0.05,38,42,18,6
9,0.05,39,52,14,4
9,0.05,40,52,6,6
9,0.05,41,60,9,1
9,0.05,42,51,0,9
9,0.05,43,47,6,10
9,0.05,44,31,6,22
9,0.05,45,47,21,5
9,0.05,46,46,8,9
9,0.05,47,30,1,17
9,0.05,48,48,21,3
9,0.05,49,45,6,9
9,0.05,50,44,8,9
9,0.05,51,48,6,2
9,0.05,52,28,5,25
9,0.05,53,16,8,20
9,0.05,54,20,10,6
9,0.05,55,38,26,8
9,0.05,56,35,14,17
9,0.05,57,36,9,8
9,0.05,58,39,11,8
9,0.05,59,41,10,8
9,0.05,60,46,10,5
9,0.05,61,38,6,14
9,0.05,62,35,6,9
9,0.05,63,39,9,5
9,0.05,64,35,2,6
9,0.05,65,41,9,3
9,0.05,66,32,5,14
9,0.05,67,36,11,7
9,0.05,68,38,6,4
9,0.05,69,45,9,2
9,0.05,70,46,4,3
9,0.05,71,39,0,7
9,0.05,72,46,8,1
9,0.05,73,41,2,7
9,0.05,74,37,4,8
9,0.05,75,41,7,3
9,0.05,76,41,5,5
9,0.05,77,45,7,3
9,0.05,78,43,2,4
9,0.05,79,45,3,1
9,0.05,80,39,3,9
9,0.05,81,40,8,7
9,0.05,82,31,4,13
9,0.05,83,35,7,3
9,0.05,84,37,6,4
9,0.05,85,34,4,7
9,0.05,86,36,6,4
9,0.05,87,43,11,4
9,0.05,88,32,4,15
9,0.05,89,31,7,8
9,0.05,90,41,12,2
9,0.05,91,30,1,12
9,0.05,92,34,10,6
9,0.05,93,35,3,2
9,0.05,94,39,4,0
9,0.05,95,27,1,13
9,0.05,96,38,13,2
9,0.05,97,38,3,3
9,0.05,98,33,4,9
9,0.05,99,39,6,0
9,0.05,100,39,0,0
9,0.05,101,36,0,3
9,0.05,102,36,4,4
9,0.05,103,34,2,4
9,0.05,104,37,5,2
9,0.05,105,39,2,0
9,0.05,106,38,0,1
9,0.05,107,35,1,4
9,0.05,108,37,2,0
9,0.05,109,37,1,1
9,0.05,110,37,1,1
9,0.05,111,31,0,6
9,0.05,112,26,4,9
9,0.05,113,37,11,0
9,0.05,114,30,1,8
9,0.05,115,37,8,1
9,0.05,116,30,2,9
9,0.05,117,31,4,3
9,0.05,118,25,3,9
9,0.05,119,34,12,3
9,0.05,120,16,3,21
9,0.05,121,31,17,2
9,0.05,122,34,6,3
9,0.05,123,27,0,7
9,0.05,124,25,6,8
9,0.05,125,22,3,6
9,0.05,126,23,6,5
9,0.05,127,32,10,1
9,0.05,128,34,4,2
9,0.05,129,19,2,17
9,0.05,130,27,9,1
9,0.05,131,26,4,5
9,0.05,132,26,4,4
9,0.05,133,26,4,4
9,0.05,134,27,4,3
9,0.05,135,15,1,13
9,0.05,136,29,14,0
9,0.05,137,30,2,1
9,0.05,138,30,2,2
9,0.05,139,27,2,5
9,0.05,140,29,4,2
9,0.05,141,23,2,8
9,0.05,142,22,3,4
9,0.05,143,28,6,0
9,0.05,144,19,0,9
9,0.05,145,28,10,1
9,0.05,146,27,1,2
9,0.05,147,29,3,1
9,0.05,148,27,2,4
9,0.05,149,29,5,3
9,0.05,150,25,3,7
9,0.05,151,23,5,7
9,0.05,152,19,3,7
9,0.05,153,17,4,6
9,0.05,154,22,9,4
9,0.05,155,23,5,4
9,0.05,156,24,6,5
9,0.05,157,28,4,0
9,0.05,158,24,0,4
9,0.05,159,27,5,2
9,0.05,160,29,4,2
9,0.05,161,29,2,2
9,0.05,162,28,3,4
9,0.05,163,26,2,4
9,0.05,164,32,6,0
9,0.05,165,26,0,6
9,0.05,166,26,2,2
9,0.05,167,28,3,1
9,0.05,168,29,2,1
9,0.05,169,30,3,2
9,0.05,170,28,1,3
9,0.05,171,29,4,3
9,0.05,172,29,3,3
9,0.05,173,27,3,5
9,0.05,174,24,3,6
9,0.05,175,28,7,3
9,0.05,176,18,2,12
9,0.05,177,29,13,2
9,0.05,178,28,3,4
9,0.05,179,24,2,6
9,0.05,180,26,3,1
9,0.05,181,23,1,4
9,0.05,182,23,3,3
9,0.05,183,25,6,4
9,0.05,184,24,3,4
9,0.05,185,25,3,2
9,0.05,186,25,3,3
9,0.05,187,24,1,2
9,0.05,188,22,3,5
9,0.05,189,25,6,3
9,0.05,190,23,1,3
9,0.05,191,25,3,1
9,0.05,192,24,1,2
9,0.05,193,22,4,6
9,0.05,194,19,4,7
9,0.05,195,24,7,2
9,0.05,196,26,3,1
9,0.05,197,23,1,4
9,0.05,198,21,2,4
9,0.05,199,23,2,0
9,0.05,200,24,2,1
9,0.05,201,24,1,1
9,0.05,202,28,4,0
9,0.05,203,25,0,3
9,0.05,204,22,2,5
9,0.05,205,23,3,2
9,0.05,206,27,5,1
9,0.05,207,27,3,3
9,0.05,208,26,3,4
9,0.05,209,26,2,2
9,0.05,210,24,2,4
9,0.05,211,27,3,0
9,0.05,212,27,1,1
9,0.05,213,26,0,1
9,0.05,214,25,0,1
9,0.05,215,25,0,0
9,0.05,216,22,0,3
9,0.05,217,27,5,0
9,0.05,218,26,1,2
9,0.05,219,26,1,1
9,0.05,220,25,0,1
9,0.05,221,23,0,2
9,0.05,222,24,1,0
9,0.05,223,19,0,5
9,0.05,224,24,5,0
9,0.05,225,22,3,5
9,0.05,226,19,1,4
9,0.05,227,21,4,2
9,0.05,228,20,3,4
9,0.05,229,25,6,1
9,0.05,230,25,0,0
9,0.05,231,22,0,3
9,0.05,232,26,4,0
9,0.05,233,25,0,1
9,0.05,234,25,0,0
9,0.05,235,24,2,3
9,0.05,236,25,3,2
9,0.05,237,24,0,1
9,0.05,238,25,1,0
9,0.05,239,25,0,0
9,0.05,240,22,0,3
9,0.05,241,22,1,1
9,0.05,242,23,2,1
9,0.05,243,25,2,0
9,0.05,244,22,0,3
9,0.05,245,25,4,1
9,0.05,246,25,1,1
9,0.05,247,22,0,3
9,0.05,248,24,2,0
9,0.05,249,24,0,0
9,0.05,250,25,1,0
9,0.05,251,24,0,1
9,0.05,252,25,1,0
9,0.05,253,23,0,2
9,0.05,254,25,2,0
9,0.05,255,25,0,0
9,0.05,256,25,0,0
9,0.05,257,25,0,0
9,0.05,258,25,0,0
9,0.05,259,25,0,0
9,0.05,260,25,0,0
9,0.05,261,25,0,0
9,0.05,262,25,0,0
9,0.05,263,25,0,0
9,0.05,264,25,0,0
9,0.05,265,25,0,0
9,0.05,266,24,0,1
9,0.05,267,25,1,0
9,0.05,268,25,0,0
9,0.05,269,24,0,1
9,0.05,270,25,1,0
9,0.05,271,24,1,2
9,0.05,272,18,1,7
9,0.05,273,25,7,0
9,0.05,274,25,0,0
9,0.05,275,25,0,0
9,0.05,276,24,0,1
9,0.05,277,25,1,0
9,0.05,278,24,0,1
9,0.05,279,25,1,0
9,0.05,280,20,0,5
9,0.05,281,24,4,0
9,0.05,282,18,0,6
9,0.05,283,22,5,1
9,0.05,284,23,2,1
9,0.05,285,22,0,1
9,0.05,286,17,0,5
9,0.05,287,23,6,0
9,0.05,288,21,1,3
9,0.05,289,19,2,4
9,0.05,290,21,2,0
9,0.05,291,22,2,1
9,0.05,292,17,0,5
9,0.05,293,16,4,5
9,0.05,294,16,2,2
9,0.05,295,15,1,2
9,0.05,296,13,1,3
9,0.05,297,13,1,1
9,0.05,298,16,3,0
9,0.05,299,14,0,2
9,0.05,300,14,0,0
9,0.05,301,17,3,0
9,0.05,302,16,1,2
9,0.05,303,16,0,0
9,0.05,304,16,1,1
9,0.05,305,19,3,0
9,0.05,306,19,1,1
9,0.05,307,19,0,0
9,0.05,308,18,0,1
9,0.05,309,20,2,0
9,0.05,310,19,1,2
9,0.05,311,18,1,2
9,0.05,312,19,1,0
9,0.05,313,21,3,1
9,0.05,314,19,0,2
9,0.05,315,19,1,1
9,0.05,316,17,0,2
9,0.05,317,19,2,0
9,0.05,318,18,0,1
9,0.05,319,18,1,1
9,0.05,320,19,1,0
9,0.05,321,18,0,1
9,0.05,322,20,2,0
9,0.05,323,19,0,1
9,0.05,324,19,0,0
9,0.05,325,20,1,0
9,0.05,326,20,0,0
9,0.05,327,18,0,2
9,0.05,328,21,3,0
9,0.05,329,20,0,1
9,0.05,330,19,0,1
9,0.05,331,20,1,0
9,0.05,332,21,2,1
9,0.05,333,19,0,2
9,0.05,334,19,0,0
9,0.05,335,19,0,0
9,0.05,336,19,0,0
9,0.05,337,20,1,0
9,0.05,338,20,0,0
9,0.05,339,20,0,0
9,0.05,340,20,0,0
9,0.05,341,20,0,0
9,0.05,342,19,0,1
9,0.05,343,19,0,0
9,0.05,344,19,0,0
9,0.05,345,19,0,0
9,0.05,346,19,0,0
9,0.05,347,19,0,0
9,0.05,348,19,0,0
9,0.05,349,19,0,0
9,0.05,350,20,1,0
9,0.05,351,19,0,1
9,0.05,352,19,0,0
9,0.05,353,19,0,0
9,0.05,354,19,0,0
9,0.05,355,17,0,2
9,0.05,356,20,3,0
9,0.05,357,19,0,1
9,0.05,358,18,0,1
9,0.05,359,19,1,0
9,0.05,360,19,0,0
9,0.05,361,19,0,0
9,0.05,362,19,0,0
9,0.05,363,19,0,0
9,0.05,364,19,0,0
9,0.05,365,19,0,0
9,0.05,366,19,0,0
9,0.05,367,19,0,0
9,0.05,368,19,0,0
9,0.05,369,19,0,0
9,0.05,370,20,1,0
9,0.05,371,19,0,1
9,0.05,372,19,0,0
9,0.05,373,19,0,0
9,0.05,374,19,0,0
9,0.05,375,19,1,1
9,0.05,376,19,1,1
9,0.05,377,19,0,0
9,0.05,378,19,0,0
9,0.05,379,19,0,0
9,0.05,380,19,0,0
9,0.05,381,18,0,1
9,0.05,382,19,1,0
9,0.05,383,20,1,0
9,0.05,384,20,0,0
9,0.05,385,19,0,1
9,0.05,386,19,0,0
9,0.05,387,19,0,0
9,0.05,388,19,0,0
9,0.05,389,19,0,0
9,0.05,390,19,0,0
9,0.05,391,19,0,0
9,0.05,392,19,0,0
9,0.05,393,18,0,1
9,0.05,394,17,0,1
9,0.05,395,17,0,0
9,0.05,396,19,2,0
9,0.05,397,17,0,2
9,0.05,398,19,2,0
9,0.05,399,18,0,1
9,0.05,400,16,0,2
9,0.05,401,18,2,0
9,0.05,402,19,1,0
9,0.05,403,19,0,0
9,0.05,404,19,0,0
9,0.05,405,19,0,0
9,0.05,406,16,0,3
9,0.05,407,19,3,0
9,0.05,408,18,0,1
9,0.05,409,19,1,0
9,0.05,410,19,0,0
9,0.05,411,19,0,0
9,0.05,412,19,0,0
9,0.05,413,17,0,2
9,0.05,414,19,2,0
9,0.05,415,14,0,5
9,0.05,416,15,1,0
9,0.05,417,14,3,4
9,0.05,418,14,3,3
9,0.05,419,16,4,2
9,0.05,420,19,3,0
9,0.05,421,18,0,1
9,0.05,422,18,0,0
9,0.05,423,18,0,0
9,0.05,424,18,1,1
9,0.05,425,19,2,1
9,0.05,426,14,0,5
9,0.05,427,17,3,0
9,0.05,428,17,0,0
9,0.05,429,18,1,0
9,0.05,430,17,0,1
9,0.05,431,18,1,0
9,0.05,432,15,0,3
9,0.05,433,12,2,5
9,0.05,434,14,2,0
9,0.05,435,15,2,1
9,0.05,436,17,3,1
9,0.05,437,15,0,2
9,0.05,438,17,2,0
9,0.05,439,17,0,0
9,0.05,440,15,1,3
9,0.05,441,17,3,1
9,0.05,442,17,0,0
9,0.05,443,17,0,0
9,0.05,444,17,0,0
9,0.05,445,18,1,0
9,0.05,446,17,1,2
9,0.05,447,16,0,1
9,0.05,448,17,1,0
9,0.05,449,17,0,0
9,0.05,450,16,0,1
9,0.05,451,15,2,3
9,0.05,452,18,3,0
9,0.05,453,16,0,2
9,0.05,454,16,1,1
9,0.05,455,17,1,0
9,0.05,456,15,0,2
9,0.05,457,17,2,0
9,0.05,458,17,0,0
9,0.05,459,15,0,2
9,0.05,460,16,1,0
9,0.05,461,16,0,0
9,0.05,462,16,0,0
9,0.05,463,17,1,0
9,0.05,464,17,0,0
9,0.05,465,17,0,0
9,0.05,466,17,0,0
9,0.05,467,17,0,0
9,0.05,468,17,0,0
9,0.05,469,18,1,0
9,0.05,470,16,0,2
9,0.05,471,16,1,1
9,0.05,472,17,1,0
9,0.05,473,17,0,0
9,0.05,474,17,0,0
9,0.05,475,17,0,0
9,0.05,476,16,1,2
9,0.05,477,17,2,1
9,0.05,478,18,1,0
9,0.05,479,17,0,1
9,0.05,480,17,0,0
9,0.05,481,14,0,3
9,0.05,482,17,3,0
9,0.05,483,17,0,0
9,0.05,484,17,0,0
9,0.05,485,17,0,0
9,0.05,486,17,0,0
9,0.05,487,18,1,0
9,0.05,488,18,1,1
9,0.05,489,15,0,3
9,0.05,490,16,3,2
9,0.05,491,16,1,1
9,0.05,492,13,0,3
9,0.05,493,15,2,0
9,0.05,494,16,2,1
9,0.05,495,17,1,0
9,0.05,496,17,0,0
9,0.05,497,17,0,0
9,0.05,498,17,0,0
9,0.05,499,17,0,0
9,0.05,500,14,1,4
9,0.05,501,14,1,1
9,0.05,502,17,3,0
9,0.05,503,17,0,0
9,0.05,504,17,0,0
9,0.05,505,17,1,1
9,0.05,506,17,0,0
9,0.05,507,14,0,3
9,0.05,508,16,3,1
9,0.05,509,14,1,3
9,0.05,510,13,0,1
9,0.05,511,13,0,0
9,0.05,512,17,4,0
9,0.05,513,17,0,0
9,0.05,514,17,0,0
9,0.05,515,13,0,4
9,0.05,516,15,2,0
9,0.05,517,14,0,1
9,0.05,518,16,2,0
9,0.05,519,16,0,0
9,0.05,520,14,0,2
9,0.05,521,17,3,0
9,0.05,522,17,0,0
9,0.05,523,16,0,1
9,0.05,524,14,0,2
9,0.05,525,18,4,0
9,0.05,526,16,0,2
9,0.05,527,16,1,1
9,0.05,528,17,1,0
9,0.05,529,15,0,2
9,0.05,530,17,2,0
9,0.05,531,16,0,1
9,0.05,532,16,0,0
9,0.05,533,17,1,0
9,0.05,534,17,0,0
9,0.05,535,17,0,0
9,0.05,536,17,0,0
9,0.05,537,15,0,2
9,0.05,538,17,2,0
9,0.05,539,17,0,0
9,0.05,540,16,0,1
9,0.05,541,17,1,0
9,0.05,542,17,0,0
9,0.05,543,15,0,2
9,0.05,544,15,1,1
9,0.05,545,17,2,0
9,0.05,546,13,0,4
9,0.05,547,16,3,0
9,0.05,548,17,1,0
9,0.05,549,17,0,0
9,0.05,550,17,0,0
9,0.05,551,17,0,0
9,0.05,552,17,0,0
9,0.05,553,17,0,0
9,0.05,554,17,0,0
9,0.05,555,17,0,0
9,0.05,556,17,0,0
9,0.05,557,16,0,1
9,0.05,558,17,1,0
9,0.05,559,17,0,0
9,0.05,560,17,0,0
9,0.05,561,17,0,0
9,0.05,562,17,0,0
9,0.05,563,17,0,0
9,0.05,564,17,0,0
9,0.05,565,17,0,0
9,0.05,566,17,0,0
9,0.05,567,17,0,0
9,0.05,568,17,0,0
9,0.05,569,17,0,0
9,0.05,570,17,0,0
9,0.05,571,17,0,0
9,0.05,572,18,1,0
9,0.05,573,17,0,1
9,0.05,574,17,0,0
9,0.05,575,17,0,0
9,0.05,576,17,0,0
9,0.05,577,17,0,0
9,0.05,578,17,0,0
9,0.05,579,17,0,0
9,0.05,580,17,0,0
9,0.05,581,16,0,1
9,0.05,582,17,1,0
9,0.05,583,14,0,3
9,0.05,584,17,3,0
9,0.05,585,17,0,0
9,0.05,586,17,0,0
9,0.05,587,18,1,0
9,0.05,588,17,0,1
9,0.05,589,17,0,0
9,0.05,590,17,0,0
9,0.05,591,17,0,0
9,0.05,592,16,0,1
9,0.05,593,17,1,0
9,0.05,594,17,0,0
9,0.05,595,16,0,1
9,0.05,596,17,1,0
9,0.05,597,17,0,0
9,0.05,598,17,0,0
9,0.05,599,17,0,0
9,0.05,600,17,0,0
9,0.05,601,17,0,0
9,0.05,602,15,0,2
9,0.05,603,17,2,0
9,0.05,604,17,0,0
9,0.05,605,17,0,0
9,0.05,606,17,0,0
9,0.05,607,17,0,0
9,0.05,608,16,1,2
9,0.05,609,16,1,1
9,0.05,610,17,1,0
9,0.05,611,17,0,0
9,0.05,612,16,0,1
9,0.05,613,17,1,0
9,0.05,614,16,0,1
9,0.05,615,16,0,0
9,0.05,616,17,1,0
9,0.05,617,17,1,1
9,0.05,618,16,1,2
9,0.05,619,16,1,1
9,0.05,620,16,0,0
9,0.05,621,15,0,1
9,0.05,622,15,0,0
9,0.05,623,16,1,0
9,0.05,624,15,0,1
9,0.05,625,14,0,1
9,0.05,626,16,2,0
9,0.05,627,16,0,0
9,0.05,628,16,0,0
9,0.05,629,16,0,0
9,0.05,630,16,0,0
9,0.05,631,16,0,0
9,0.05,632,16,0,0
9,0.05,633,16,0,0
9,0.05,634,16,0,0
9,0.05,635,16,0,0
9,0.05,636,16,0,0
9,0.05,637,15,0,1
9,0.05,638,15,0,0
9,0.05,639,16,1,0
9,0.05,640,16,0,0
9,0.05,641,16,0,0
9,0.05,642,17,1,0
9,0.05,643,16,0,1
9,0.05,644,16,0,0
9,0.05,645,16,0,0
9,0.05,646,16,0,0
9,0.05,647,16,0,0
9,0.05,648,17,1,0
9,0.05,649,18,1,0
9,0.05,650,17,0,1
9,0.05,651,16,0,1
9,0.05,652,16,0,0
9,0.05,653,17,1,0
9,0.05,654,16,0,1
9,0.05,655,17,1,0
9,0.05,656,16,0,1
9,0.05,657,16,0,0
9,0.05,658,16,0,0
9,0.05,659,16,0,0
9,0.05,660,16,0,0
9,0.05,661,16,0,0
9,0.05,662,16,0,0
9,0.05,663,17,1,0
9,0.05,664,17,0,0
9,0.05,665,16,0,1
9,0.05,666,16,0,0
9,0.05,667,16,0,0
9,0.05,668,16,0,0
9,0.05,669,16,0,0
9,0.05,670,16,0,0
9,0.05,671,16,0,0
9,0.05,672,16,0,0
9,0.05,673,16,0,0
9,0.05,674,16,0,0
9,0.05,675,16,0,0
9,0.05,676,16,0,0
9,0.05,677,16,0,0
9,0.05,678,16,0,0
9,0.05,679,16,0,0
9,0.05,680,16,0,0
9,0.05,681,16,0,0
9,0.05,682,16,0,0
9,0.05,683,16,0,0
9,0.05,684,16,0,0
9,0.05,685,16,0,0
9,0.05,686,16,0,0
9,0.05,687,16,0,0
9,0.05,688,16,0,0
9,0.05,689,16,0,0
9,0.05,690,16,0,0
9,0.05,691,16,0,0
9,0.05,692,16,0,0
9,0.05,693,16,0,0
9,0.05,694,16,0,0
9,0.05,695,16,0,0
9,0.05,696,16,0,0
9,0.05,697,16,0,0
9,0.05,698,17,1,0
9,0.05,699,15,0,2
9,0.05,700,16,1,0
9,0.05,701,16,0,0
9,0.05,702,16,0,0
9,0.05,703,16,0,0
9,0.05,704,16,0,0
9,0.05,705,15,0,1
9,0.05,706,16,1,0
9,0.05,707,16,0,0
9,0.05,708,16,0,0
9,0.05,709,17,1,0
9,0.05,710,16,0,1
9,0.05,711,16,0,0
9,0.05,712,16,0,0
9,0.05,713,16,0,0
9,0.05,714,16,0,0
9,0.05,715,16,0,0
9,0.05,716,16,0,0
9,0.05,717,16,0,0
9,0.05,718,16,0,0
9,0.05,719,16,0,0
9,0.05,720,16,0,0
9,0.05,721,16,0,0
9,0.05,722,16,0,0
9,0.05,723,16,0,0
9,0.05,724,16,0,0
9,0.05,725,16,0,0
9,0.05,726,16,0,0
9,0.05,727,16,0,0
9,0.05,728,16,0,0
9,0.05,729,16,0,0
9,0.05,730,17,1,0
9,0.05,731,16,0,1
9,0.05,732,16,0,0
9,0.05,733,16,0,0
9,0.05,734,16,0,0
9,0.05,735,16,0,0
9,0.05,736,16,0,0
9,0.05,737,16,0,0
9,0.05,738,16,0,0
9,0.05,739,16,0,0
9,0.05,740,16,0,0
9,0.05,741,16,0,0
9,0.05,742,15,0,1
9,0.05,743,16,1,0
9,0.05,744,16,0,0
9,0.05,745,16,0,0
9,0.05,746,16,0,0
9,0.05,747,16,0,0
9,0.05,748,16,0,0
9,0.05,749,16,0,0
9,0.05,750,15,0,1
9,0.05,751,16,1,0
9,0.05,752,16,0,0
9,0.05,753,16,0,0
9,0.05,754,17,1,0
9,0.05,755,16,0,1
9,0.05,756,16,0,0
9,0.05,757,15,0,1
9,0.05,758,16,1,0
9,0.05,759,16,0,0
9,0.05,760,16,0,0
9,0.05,761,16,0,0
9,0.05,762,16,0,0
9,0.05,763,17,1,0
9,0.05,764,17,0,0
9,0.05,765,16,0,1
9,0.05,766,16,0,0
9,0.05,767,16,0,0
9,0.05,768,16,0,0
9,0.05,769,16,0,0
9,0.05,770,16,0,0
9,0.05,771,16,0,0
9,0.05,772,16,0,0
9,0.05,773,15,0,1
9,0.05,774,16,1,0
9,0.05,775,16,1,1
9,0.05,776,16,0,0
9,0.05,777,16,0,0
9,0.05,778,15,0,1
9,0.05,779,16,1,0
9,0.05,780,15,0,1
9,0.05,781,16,1,0
9,0.05,782,16,0,0
9,0.05,783,16,0,0
9,0.05,784,16,0,0
9,0.05,785,16,0,0
9,0.05,786,16,0,0
9,0.05,787,16,0,0
9,0.05,788,16,0,0
9,0.05,789,17,1,0
9,0.05,790,15,0,2
9,0.05,791,16,1,0
9,0.05,792,16,0,0
9,0.05,793,16,0,0
9,0.05,794,15,0,1
9,0.05,795,15,0,0
9,0.05,796,15,0,0
9,0.05,797,15,0,0
9,0.05,798,15,0,0
9,0.05,799,15,0,0
9,0.05,800,15,0,0
9,0.05,801,15,0,0
9,0.05,802,15,0,0
9,0.05,803,16,1,0
9,0.05,804,15,0,1
9,0.05,805,15,0,0
9,0.05,806,15,0,0
9,0.05,807,15,0,0
9,0.05,808,15,0,0
9,0.05,809,16,1,0
9,0.05,810,15,0,1
9,0.05,811,15,0,0
9,0.05,812,15,0,0
9,0.05,813,15,0,0
9,0.05,814,15,0,0
9,0.05,815,15,0,0
9,0.05,816,15,0,0
9,0.05,817,15,0,0
9,0.05,818,15,0,0
9,0.05,819,15,0,0
9,0.05,820,15,0,0
9,0.05,821,15,0,0
9,0.05,822,15,0,0
9,0.05,823,15,0,0
9,0.05,824,15,0,0
9,0.05,825,15,0,0
9,0.05,826,16,1,0
9,0.05,827,15,0,1
9,0.05,828,15,0,0
9,0.05,829,15,0,0
9,0.05,830,16,1,0
9,0.05,831,15,0,1
9,0.05,832,15,0,0
9,0.05,833,15,0,0
9,0.05,834,15,0,0
9,0.05,835,15,0,0
9,0.05,836,15,0,0
9,0.05,837,15,0,0
9,0.05,838,15,0,0
9,0.05,839,15,0,0
9,0.05,840,15,0,0
9,0.05,841,15,0,0
9,0.05,842,15,0,0
9,0.05,843,15,0,0
9,0.05,844,15,0,0
9,0.05,845,15,0,0
9,0.05,846,15,0,0
9,0.05,847,15,0,0
9,0.05,848,15,0,0
9,0.05,849,15,0,0
9,0.05,850,15,0,0
9,0.05,851,15,0,0
9,0.05,852,15,0,0
9,0.05,853,15,0,0
9,0.05,854,15,0,0
9,0.05,855,15,0,0
9,0.05,856,16,1,0
9,0.05,857,15,0,1
9,0.05,858,15,0,0
9,0.05,859,15,0,0
9,0.05,860,15,0,0
9,0.05,861,15,0,0
9,0.05,862,15,0,0
9,0.05,863,15,0,0
9,0.05,864,15,0,0
9,0.05,865,15,0,0
9,0.05,866,15,0,0
9,0.05,867,15,0,0
9,0.05,868,15,0,0
9,0.05,869,15,0,0
9,0.05,870,15,0,0
9,0.05,871,15,0,0
9,0.05,872,16,1,0
9,0.05,873,15,0,1
9,0.05,874,15,0,0
9,0.05,875,15,0,0
9,0.05,876,15,0,0
9,0.05,877,15,0,0
9,0.05,878,15,0,0
9,0.05,879,15,0,0
9,0.05,880,16,1,0
9,0.05,881,15,0,1
9,0.05,882,15,0,0
9,0.05,883,15,0,0
9,0.05,884,15,0,0
9,0.05,885,15,0,0
9,0.05,886,15,0,0
9,0.05,887,15,0,0
9,0.05,888,17,2,0
9,0.05,889,16,0,1
9,0.05,890,15,0,1
9,0.05,891,15,0,0
9,0.05,892,15,0,0
9,0.05,893,15,0,0
9,0.05,894,16,1,0
9,0.05,895,15,0,1
9,0.05,896,16,1,0
9,0.05,897,15,0,1
9,0.05,898,15,0,0
9,0.05,899,17,2,0
9,0.05,900,16,0,1
9,0.05,901,17,1,0
9,0.05,902,17,1,1
9,0.05,903,17,1,1
9,0.05,904,16,0,1
9,0.05,905,16,0,0
9,0.05,906,17,1,0
9,0.05,907,17,2,2
9,0.05,908,17,1,1
9,0.05,909,16,0,1
9,0.05,910,16,0,0
9,0.05,911,16,0,0
9,0.05,912,16,1,1
9,0.05,913,17,2,1
9,0.05,914,18,1,0
9,0.05,915,19,1,0
9,0.05,916,18,0,1
9,0.05,917,17,0,1
9,0.05,918,18,1,0
9,0.05,919,17,0,1
9,0.05,920,16,0,1
9,0.05,921,16,0,0
9,0.05,922,17,1,0
9,0.05,923,16,0,1
9,0.05,924,17,1,0
9,0.05,925,17,0,0
9,0.05,926,16,0,1
9,0.05,927,16,1,1
9,0.05,928,16,0,0
9,0.05,929,16,0,0
9,0.05,930,15,0,1
9,0.05,931,16,1,0
9,0.05,932,16,1,1
9,0.05,933,15,0,1
9,0.05,934,15,0,0
9,0.05,935,16,1,0
9,0.05,936,15,0,1
9,0.05,937,16,1,0
9,0.05,938,16,0,0
9,0.05,939,16,0,0
9,0.05,940,17,1,0
9,0.05,941,16,0,1
9,0.05,942,15,0,1
9,0.05,943,15,0,0
9,0.05,944,16,1,0
9,0.05,945,15,0,1
9,0.05,946,15,0,0
9,0.05,947,16,1,0
9,0.05,948,16,0,0
9,0.05,949,15,0,1
9,0.05,950,15,0,0
9,0.05,951,15,0,0
9,0.05,952,15,0,0
9,0.05,953,15,0,0
9,0.05,954,15,0,0
9,0.05,955,16,1,0
9,0.05,956,16,0,0
9,0.05,957,16,0,0
9,0.05,958,16,0,0
9,0.05,959,16,0,0
9,0.05,960,16,0,0
9,0.05,961,16,0,0
9,0.05,962,16,0,0
9,0.05,963,16,0,0
9,0.05,964,16,0,0
9,0.05,965,16,0,0
9,0.05,966,16,0,0
9,0.05,967,16,0,0
9,0.05,968,16,0,0
9,0.05,969,16,0,0
9,0.05,970,16,0,0
9,0.05,971,16,0,0
9,0.05,972,16,0,0
9,0.05,973,16,0,0
9,0.05,974,15,0,1
9,0.05,975,16,1,0
9,0.05,976,16,0,0
9,0.05,977,16,0,0
9,0.05,978,15,0,1
9,0.05,979,16,1,0
9,0.05,980,16,0,0
9,0.05,981,15,0,1
9,0.05,982,15,0,0
9,0.05,983,16,1,0
9,0.05,984,16,0,0
9,0.05,985,15,0,1
9,0.05,986,16,1,0
9,0.05,987,16,0,0
9,0.05,988,16,0,0
9,0.05,989,16,0,0
9,0.05,990,16,0,0
9,0.05,991,15,0,1
9,0.05,992,15,0,0
9,0.05,993,15,0,0
9,0.05,994,15,0,0
9,0.05,995,15,0,0
9,0.05,996,15,0,0
9,0.05,997,15,0,0
9,0.05,998,15,0,0
9,0.05,999,15,0,0
9,0.05,1000,15,0,0
9,0.05,1001,15,0,0
9,0.05,1002,15,0,0
9,0.05,1003,16,1,0
9,0.05,1004,16,0,0
9,0.05,1005,15,0,1
9,0.05,1006,15,0,0
9,0.05,1007,15,0,0
9,0.05,1008,15,0,0
9,0.05,1009,16,1,0
9,0.05,1010,16,0,0
9,0.05,1011,16,0,0
9,0.05,1012,16,0,0
9,0.05,1013,16,0,0
9,0.05,1014,16,0,0
9,0.05,1015,16,0,0
9,0.05,1016,16,0,0
9,0.05,1017,16,0,0
9,0.05,1018,15,0,1
9,0.05,1019,15,0,0
9,0.05,1020,16,1,0
9,0.05,1021,15,0,1
9,0.05,1022,15,0,0
9,0.05,1023,15,0,0
9,0.05,1024,16,1,0
9,0.05,1025,15,0,1
9,0.05,1026,16,1,0
9,0.05,1027,15,0,1
9,0.05,1028,16,1,0
9,0.05,1029,16,0,0
9,0.05,1030,16,0,0
9,0.05,1031,16,0,0
9,0.05,1032,15,0,1
9,0.05,1033,16,1,0
9,0.05,1034,17,1,0
9,0.05,1035,16,0,1
9,0.05,1036,15,0,1
9,0.05,1037,16,1,0
9,0.05,1038,16,0,0
9,0.05,1039,16,0,0
9,0.05,1040,16,0,0
9,0.05,1041,16,0,0
9,0.05,1042,16,0,0
9,0.05,1043,16,0,0
9,0.05,1044,16,0,0
9,0.05,1045,16,0,0
9,0.05,1046,16,0,0
9,0.05,1047,16,0,0
9,0.05,1048,16,0,0
9,0.05,1049,16,0,0
9,0.05,1050,16,0,0
9,0.05,1051,16,0,0
9,0.05,1052,15,0,1
9,0.05,1053,16,1,0
9,0.05,1054,15,0,1
9,0.05,1055,15,0,0
9,0.05,1056,16,1,0
9,0.05,1057,16,0,0
9,0.05,1058,16,0,0
9,0.05,1059,15,0,1
9,0.05,1060,15,0,0
9,0.05,1061,15,0,0
9,0.05,1062,16,1,0
9,0.05,1063,15,0,1
9,0.05,1064,17,2,0
9,0.05,1065,16,0,1
9,0.05,1066,15,0,1
9,0.05,1067,16,1,0
9,0.05,1068,15,0,1
9,0.05,1069,15,0,0
9,0.05,1070,16,1,0
9,0.05,1071,16,0,0
9,0.05,1072,16,0,0
9,0.05,1073,16,0,0
9,0.05,1074,16,0,0
9,0.05,1075,16,0,0
9,0.05,1076,16,0,0
9,0.05,1077,16,0,0
9,0.05,1078,16,0,0
9,0.05,1079,17,1,0
9,0.05,1080,16,0,1
9,0.05,1081,16,0,0
9,0.05,1082,16,0,0
9,0.05,1083,16,0,0
9,0.05,1084,16,0,0
9,0.05,1085,16,0,0
9,0.05,1086,16,0,0
9,0.05,1087,16,0,0
9,0.05,1088,16,0,0
9,0.05,1089,16,0,0
9,0.05,1090,16,0,0
9,0.05,1091,16,0,0
9,0.05,1092,16,0,0
9,0.05,1093,16,0,0
9,0.05,1094,16,0,0
9,0.05,1095,16,0,0
9,0.05,1096,16,0,0
9,0.05,1097,16,0,0
9,0.05,1098,17,1,0
9,0.05,1099,16,0,1
9,0.05,1100,16,0,0
9,0.05,1101,16,0,0
9,0.05,1102,16,0,0
9,0.05,1103,15,0,1
9,0.05,1104,16,1,0
9,0.05,1105,16,0,0
9,0.05,1106,15,0,1
9,0.05,1107,16,1,0
9,0.05,1108,16,0,0
9,0.05,1109,16,0,0
9,0.05,1110,16,0,0
9,0.05,1111,16,0,0
9,0.05,1112,16,0,0
9,0.05,1113,16,0,0
9,0.05,1114,16,0,0
9,0.05,1115,16,0,0
9,0.05,1116,16,0,0
9,0.05,1117,16,0,0
9,0.05,1118,16,0,0
9,0.05,1119,16,0,0
9,0.05,1120,16,0,0
9,0.05,1121,16,0,0
9,0.05,1122,17,1,0
9,0.05,1123,16,0,1
9,0.05,1124,16,0,0
9,0.05,1125,16,0,0
9,0.05,1126,16,0,0
9,0.05,1127,16,0,0
9,0.05,1128,16,0,0
9,0.05,1129,16,0,0
9,0.05,1130,16,0,0
9,0.05,1131,16,0,0
9,0.05,1132,17,1,0
9,0.05,1133,16,0,1
9,0.05,1134,17,1,0
9,0.05,1135,17,0,0
9,0.05,1136,16,0,1
9,0.05,1137,16,0,0
9,0.05,1138,17,1,0
9,0.05,1139,16,0,1
9,0.05,1140,17,1,0
9,0.05,1141,17,1,1
9,0.05,1142,17,0,0
9,0.05,1143,16,0,1
9,0.05,1144,17,1,0
9,0.05,1145,17,1,1
9,0.05,1146,17,1,1
9,0.05,1147,17,0,0
9,0.05,1148,17,0,0
9,0.05,1149,17,0,0
9,0.05,1150,18,1,0
9,0.05,1151,17,0,1
9,0.05,1152,17,0,0
9,0.05,1153,17,0,0
9,0.05,1154,17,0,0
9,0.05,1155,17,0,0
9,0.05,1156,17,0,0
9,0.05,1157,17,0,0
9,0.05,1158,16,0,1
9,0.05,1159,17,1,0
9,0.05,1160,18,1,0
9,0.05,1161,17,0,1
9,0.05,1162,17,0,0
9,0.05,1163,17,0,0
9,0.05,1164,17,0,0
9,0.05,1165,17,0,0
9,0.05,1166,18,1,0
9,0.05,1167,17,0,1
9,0.05,1168,17,0,0
9,0.05,1169,18,1,0
9,0.05,1170,18,0,0
9,0.05,1171,17,0,1
9,0.05,1172,18,1,0
9,0.05,1173,17,0,1
9,0.05,1174,18,1,0
9,0.05,1175,18,0,0
9,0.05,1176,18,0,0
9,0.05,1177,17,0,1
9,0.05,1178,17,0,0
9,0.05,1179,18,1,0
9,0.05,1180,18,0,0
9,0.05,1181,18,0,0
9,0.05,1182,18,0,0
9,0.05,1183,17,0,1
9,0.05,1184,18,1,0
9,0.05,1185,18,0,0
9,0.05,1186,17,0,1
9,0.05,1187,17,0,0
9,0.05,1188,18,1,0
9,0.05,1189,17,0,1
9,0.05,1190,18,1,0
9,0.05,1191,18,0,0
9,0.05,1192,17,0,1
9,0.05,1193,17,0,0
9,0.05,1194,18,1,0
9,0.05,1195,17,0,1
9,0.05,1196,17,0,0
9,0.05,1197,18,1,0
9,0.05,1198,18,0,0
9,0.05,1199,18,0,0
9,0.05,1200,18,0,0
9,0.05,1201,18,0,0
9,0.05,1202,18,0,0
9,0.05,1203,17,0,1
9,0.05,1204,18,1,0
9,0.05,1205,18,0,0
9,0.05,1206,17,0,1
9,0.05,1207,17,0,0
9,0.05,1208,18,1,0
9,0.05,1209,18,0,0
9,0.05,1210,17,0,1
9,0.05,1211,18,1,0
9,0.05,1212,17,0,1
9,0.05,1213,17,0,0
9,0.05,1214,18,1,0
9,0.05,1215,18,0,0
9,0.05,1216,17,0,1
9,0.05,1217,18,1,0
9,0.05,1218,17,0,1
9,0.05,1219,17,0,0
9,0.05,1220,18,1,0
9,0.05,1221,18,0,0
9,0.05,1222,17,0,1
9,0.05,1223,17,0,0
9,0.05,1224,17,0,0
9,0.05,1225,17,0,0
9,0.05,1226,16,0,1
9,0.05,1227,17,1,0
9,0.05,1228,17,0,0
9,0.05,1229,17,0,0
9,0.05,1230,17,0,0
9,0.05,1231,17,0,0
9,0.05,1232,17,0,0
9,0.05,1233,17,0,0
9,0.05,1234,17,0,0
9,0.05,1235,18,1,0
9,0.05,1236,17,0,1
9,0.05,1237,18,1,0
9,0.05,1238,17,0,1
9,0.05,1239,17,0,0
9,0.05,1240,17,0,0
9,0.05,1241,17,0,0
9,0.05,1242,17,0,0
9,0.05,1243,17,0,0
9,0.05,1244,17,0,0
9,0.05,1245,17,0,0
9,0.05,1246,17,0,0
9,0.05,1247,17,0,0
9,0.05,1248,18,1,0
9,0.05,1249,17,0,1
9,0.05,1250,17,0,0
9,0.05,1251,17,0,0
9,0.05,1252,17,0,0
9,0.05,1253,17,0,0
9,0.05,1254,17,0,0
9,0.05,1255,17,0,0
9,0.05,1256,18,1,0
9,0.05,1257,17,0,1
9,0.05,1258,18,1,0
9,0.05,1259,17,0,1
9,0.05,1260,18,1,0
9,0.05,1261,17,0,1
9,0.05,1262,17,0,0
9,0.05,1263,17,0,0
9,0.05,1264,17,0,0
9,0.05,1265,19,2,0
9,0.05,1266,17,0,2
9,0.05,1267,17,0,0
9,0.05,1268,17,0,0
9,0.05,1269,18,1,0
9,0.05,1270,17,0,1
9,0.05,1271,18,1,0
9,0.05,1272,17,0,1
9,0.05,1273,17,0,0
9,0.05,1274,17,0,0
9,0.05,1275,18,1,0
9,0.05,1276,17,0,1
9,0.05,1277,17,0,0
9,0.05,1278,17,0,0
9,0.05,1279,19,2,0
9,0.05,1280,17,0,2
9,0.05,1281,17,0,0
9,0.05,1282,17,0,0
9,0.05,1283,17,0,0
9,0.05,1284,17,0,0
9,0.05,1285,17,0,0
9,0.05,1286,17,0,0
9,0.05,1287,17,0,0
9,0.05,1288,17,0,0
9,0.05,1289,17,0,0
9,0.05,1290,16,0,1
9,0.05,1291,17,1,0
9,0.05,1292,17,0,0
9,0.05,1293,17,0,0
9,0.05,1294,17,0,0
9,0.05,1295,17,0,0
9,0.05,1296,17,0,0
9,0.05,1297,17,0,0
9,0.05,1298,17,0,0
9,0.05,1299,17,0,0
9,0.05,1300,17,0,0
9,0.05,1301,17,0,0
9,0.05,1302,17,0,0
9,0.05,1303,17,0,0
9,0.05,1304,19,2,0
9,0.05,1305,17,0,2
9,0.05,1306,17,0,0
9,0.05,1307,17,0,0
9,0.05,1308,17,0,0
9,0.05,1309,18,1,0
9,0.05,1310,18,1,1
9,0.05,1311,17,0,1
9,0.05,1312,17,0,0
9,0.05,1313,17,0,0
9,0.05,1314,17,0,0
9,0.05,1315,17,0,0
9,0.05,1316,17,0,0
9,0.05,1317,18,1,0
9,0.05,1318,17,0,1
9,0.05,1319,18,1,0
9,0.05,1320,17,0,1
9,0.05,1321,18,1,0
9,0.05,1322,17,0,1
9,0.05,1323,18,1,0
9,0.05,1324,18,1,1
9,0.05,1325,17,0,1
9,0.05,1326,17,0,0
9,0.05,1327,17,0,0
9,0.05,1328,17,0,0
9,0.05,1329,17,0,0
9,0.05,1330,17,0,0
9,0.05,1331,18,1,0
9,0.05,1332,18,1,1
9,0.05,1333,17,0,1
9,0.05,1334,17,0,0
9,0.05,1335,17,0,0
9,0.05,1336,17,0,0
9,0.05,1337,17,0,0
9,0.05,1338,17,0,0
9,0.05,1339,17,0,0
9,0.05,1340,17,0,0
9,0.05,1341,18,1,0
9,0.05,1342,18,1,1
9,0.05,1343,18,0,0
9,0.05,1344,17,0,1
9,0.05,1345,17,0,0
9,0.05,1346,17,0,0
9,0.05,1347,19,2,0
9,0.05,1348,17,0,2
9,0.05,1349,18,1,0
9,0.05,1350,17,0,1
9,0.05,1351,17,0,0
9,0.05,1352,17,0,0
9,0.05,1353,17,0,0
9,0.05,1354,17,0,0
9,0.05,1355,17,0,0
9,0.05,1356,17,0,0
9,0.05,1357,18,1,0
9,0.05,1358,18,1,1
9,0.05,1359,18,1,1
9,0.05,1360,17,0,1
9,0.05,1361,18,1,0
9,0.05,1362,17,0,1
9,0.05,1363,18,1,0
9,0.05,1364,17,0,1
9,0.05,1365,18,1,0
9,0.05,1366,18,1,1
9,0.05,1367,18,0,0
9,0.05,1368,19,1,0
9,0.05,1369,17,0,2
9,0.05,1370,19,2,0
9,0.05,1371,18,0,1
9,0.05,1372,18,0,0
9,0.05,1373,17,0,1
9,0.05,1374,17,0,0
9,0.05,1375,19,2,0
9,0.05,1376,18,0,1
9,0.05,1377,18,0,0
9,0.05,1378,19,1,0
9,0.05,1379,17,0,2
9,0.05,1380,18,1,0
9,0.05,1381,18,1,1
9,0.05,1382,18,0,0
9,0.05,1383,18,0,0
9,0.05,1384,18,1,1
9,0.05,1385,17,0,1
9,0.05,1386,18,1,0
9,0.05,1387,18,1,1
9,0.05,1388,18,0,0
9,0.05,1389,18,1,1
9,0.05,1390,17,0,1
9,0.05,1391,19,2,0
9,0.05,1392,17,0,2
9,0.05,1393,17,0,0
9,0.05,1394,17,0,0
9,0.05,1395,17,0,0
9,0.05,1396,17,0,0
9,0.05,1397,17,0,0
9,0.05,1398,18,1,0
9,0.05,1399,17,0,1
9,0.05,1400,19,2,0
9,0.05,1401,17,0,2
9,0.05,1402,19,2,0
9,0.05,1403,18,1,2
9,0.05,1404,18,1,1
9,0.05,1405,18,1,1
9,0.05,1406,17,0,1
9,0.05,1407,18,1,0
9,0.05,1408,17,0,1
9,0.05,1409,19,2,0
9,0.05,1410,19,0,0
9,0.05,1411,18,0,1
9,0.05,1412,18,0,0
9,0.05,1413,17,0,1
9,0.05,1414,18,1,0
9,0.05,1415,19,1,0
9,0.05,1416,19,0,0
9,0.05,1417,20,1,0
9,0.05,1418,20,0,0
9,0.05,1419,17,0,3
9,0.05,1420,18,1,0
9,0.05,1421,19,1,0
9,0.05,1422,17,0,2
9,0.05,1423,18,1,0
9,0.05,1424,18,0,0
9,0.05,1425,17,0,1
9,0.05,1426,19,2,0
9,0.05,1427,18,1,2
9,0.05,1428,19,2,1
9,0.05,1429,19,1,1
9,0.05,1430,19,1,1
9,0.05,1431,18,0,1
9,0.05,1432,17,0,1
9,0.05,1433,18,1,0
9,0.05,1434,18,1,1
9,0.05,1435,18,0,0
9,0.05,1436,18,0,0
9,0.05,1437,17,0,1
9,0.05,1438,19,2,0
9,0.05,1439,17,0,2
9,0.05,1440,17,0,0
9,0.05,1441,18,1,0
9,0.05,1442,17,0,1
9,0.05,1443,17,0,0
9,0.05,1444,18,1,0
9,0.05,1445,17,0,1
9,0.05,1446,18,1,0
9,0.05,1447,18,0,0
9,0.05,1448,17,0,1
9,0.05,1449,18,1,0
9,0.05,1450,18,0,0
9,0.05,1451,17,0,1
9,0.05,1452,17,0,0
9,0.05,1453,17,0,0
9,0.05,1454,17,0,0
9,0.05,1455,17,0,0
9,0.05,1456,17,0,0
9,0.05,1457,17,0,0
9,0.05,1458,18,1,0
9,0.05,1459,19,1,0
9,0.05,1460,18,0,1
9,0.05,1461,18,1,1
9,0.05,1462,18,1,1
9,0.05,1463,17,0,1
9,0.05,1464,18,1,0
9,0.05,1465,18,0,0
9,0.05,1466,18,0,0
9,0.05,1467,18,1,1
9,0.05,1468,17,0,1
9,0.05,1469,17,0,0
9,0.05,1470,18,1,0
9,0.05,1471,18,1,1
9,0.05,1472,17,0,1
9,0.05,1473,17,0,0
9,0.05,1474,18,1,0
9,0.05,1475,18,0,0
9,0.05,1476,17,0,1
9,0.05,1477,18,1,0
9,0.05,1478,17,0,1
9,0.05,1479,18,1,0
9,0.05,1480,18,0,0
9,0.05,1481,19,1,0
9,0.05,1482,18,0,1
9,0.05,1483,18,0,0
9,0.05,1484,18,1,1
9,0.05,1485,17,0,1
9,0.05,1486,19,2,0
9,0.05,1487,19,0,0
9,0.05,1488,19,0,0
9,0.05,1489,18,0,1
9,0.05,1490,19,1,0
9,0.05,1491,19,1,1
9,0.05,1492,18,0,1
9,0.05,1493,18,0,0
9,0.05,1494,18,0,0
9,0.05,1495,17,0,1
9,0.05,1496,17,0,0
9,0.05,1497,18,1,0
9,0.05,1498,18,0,0
9,0.05,1499,18,1,1
9,0.05,1500,19,1,0
9,0.1,0,10,0,0
9,0.1,1,63,58,5
9,0.1,2,65,27,25
9,0.1,3,63,23,25
9,0.1,4,77,17,3
9,0.1,5,72,6,11
9,0.1,6,71,11,12
9,0.1,7,66,6,11
9,0.1,8,42,5,29
9,0.1,9,81,39,0
9,0.1,10,71,0,10
9,0.1,11,73,3,1
9,0.1,12,69,0,4
9,0.1,13,67,6,8
9,0.1,14,61,5,11
9,0.1,15,62,6,5
9,0.1,16,58,7,11
9,0.1,17,62,11,7
9,0.1,18,63,6,5
9,0.1,19,41,1,23
9,0.1,20,64,25,2
9,0.1,21,67,6,3
9,0.1,22,59,4,12
9,0.1,23,67,10,2
9,0.1,24,61,2,8
9,0.1,25,54,8,15
9,0.1,26,34,10,30
9,0.1,27,37,17,14
9,0.1,28,39,18,16
9,0.1,29,49,18,8
9,0.1,30,58,15,6
9,0.1,31,59,9,8
9,0.1,32,64,12,7
9,0.1,33,59,0,5
9,0.1,34,60,5,4
9,0.1,35,61,4,3
9,0.1,36,60,4,5
9,0.1,37,48,3,15
9,0.1,38,52,11,7
9,0.1,39,60,10,2
9,0.1,40,58,3,5
9,0.1,41,64,6,0
9,0.1,42,57,0,7
9,0.1,43,54,3,6
9,0.1,44,44,5,15
9,0.1,45,56,13,1
9,0.1,46,53,5,8
9,0.1,47,43,1,11
9,0.1,48,54,13,2
9,0.1,49,55,2,1
9,0.1,50,50,2,7
9,0.1,51,55,6,1
9,0.1,52,42,1,14
9,0.1,53,37,9,14
9,0.1,54,41,13,9
9,0.1,55,52,12,1
9,0.1,56,48,4,8
9,0.1,57,47,7,8
9,0.1,58,50,8,5
9,0.1,59,54,4,0
9,0.1,60,52,1,3
9,0.1,61,45,4,11
9,0.1,62,52,10,3
9,0.1,63,49,3,6
9,0.1,64,43,0,6
9,0.1,65,49,8,2
9,0.1,66,50,3,2
9,0.1,67,49,3,4
9,0.1,68,47,2,4
9,0.1,69,49,4,2
9,0.1,70,51,3,1
9,0.1,71,49,0,2
9,0.1,72,49,3,3
9,0.1,73,47,2,4
9,0.1,74,48,2,1
9,0.1,75,47,0,1
9,0.1,76,48,2,1
9,0.1,77,50,2,0
9,0.1,78,49,0,1
9,0.1,79,51,2,0
9,0.1,80,49,0,2
9,0.1,81,45,1,5
9,0.1,82,40,3,8
9,0.1,83,40,4,4
9,0.1,84,43,4,1
9,0.1,85,47,5,1
9,0.1,86,46,1,2
9,0.1,87,49,4,1
9,0.1,88,42,0,7
9,0.1,89,44,5,3
9,0.1,90,45,2,1
9,0.1,91,40,0,5
9,0.1,92,40,3,3
9,0.1,93,39,1,2
9,0.1,94,40,1,0
9,0.1,95,37,1,4
9,0.1,96,41,4,0
9,0.1,97,43,3,1
9,0.1,98,40,1,4
9,0.1,99,41,1,0
9,0.1,100,39,0,2
9,0.1,101,39,0,0
9,0.1,102,40,1,0
9,0.1,103,39,1,2
9,0.1,104,39,1,1
9,0.1,105,40,1,0
9,0.1,106,39,0,1
9,0.1,107,38,0,1
9,0.1,108,38,1,1
9,0.1,109,39,1,0
9,0.1,110,38,0,1
9,0.1,111,39,1,0
9,0.1,112,38,0,1
9,0.1,113,38,1,1
9,0.1,114,36,1,3
9,0.1,115,39,3,0
9,0.1,116,38,1,2
9,0.1,117,39,1,0
9,0.1,118,35,0,4
9,0.1,119,37,4,2
9,0.1,120,27,1,11
9,0.1,121,36,9,0
9,0.1,122,36,2,2
9,0.1,123,32,1,5
9,0.1,124,30,3,5
9,0.1,125,33,4,1
9,0.1,126,33,3,3
9,0.1,127,34,2,1
9,0.1,128,37,5,2
9,0.1,129,26,0,11
9,0.1,130,30,5,1
9,0.1,131,32,4,2
9,0.1,132,29,1,4
9,0.1,133,31,3,1
9,0.1,134,33,4,2
9,0.1,135,29,0,4
9,0.1,136,33,4,0
9,0.1,137,34,3,2
9,0.1,138,32,1,3
9,0.1,139,31,2,3
9,0.1,140,29,1,3
9,0.1,141,30,2,1
9,0.1,142,28,0,2
9,0.1,143,33,5,0
9,0.1,144,27,0,6
9,0.1,145,30,4,1
9,0.1,146,34,5,1
9,0.1,147,32,1,3
9,0.1,148,30,0,2
9,0.1,149,32,3,1
9,0.1,150,30,0,2
9,0.1,151,30,2,2
9,0.1,152,28,1,3
9,0.1,153,27,0,1
9,0.1,154,28,1,0
9,0.1,155,29,2,1
9,0.1,156,32,4,1
9,0.1,157,31,0,1
9,0.1,158,28,1,4
9,0.1,159,29,3,2
9,0.1,160,32,5,2
9,0.1,161,29,1,4
9,0.1,162,31,3,1
9,0.1,163,29,1,3
9,0.1,164,33,4,0
9,0.1,165,29,0,4
9,0.1,166,32,4,1
9,0.1,167,31,1,2
9,0.1,168,33,2,0
9,0.1,169,32,1,2
9,0.1,170,32,1,1
9,0.1,171,33,1,0
9,0.1,172,31,0,2
9,0.1,173,31,2,2
9,0.1,174,31,1,1
9,0.1,175,31,0,0
9,0.1,176,29,2,4
9,0.1,177,31,4,2
9,0.1,178,32,2,1
9,0.1,179,28,1,5
9,0.1,180,28,1,1
9,0.1,181,30,2,0
9,0.1,182,28,0,2
9,0.1,183,28,2,2
9,0.1,184,27,1,2
9,0.1,185,28,1,0
9,0.1,186,28,0,0
9,0.1,187,27,0,1
9,0.1,188,28,3,2
9,0.1,189,27,1,2
9,0.1,190,26,0,1
9,0.1,191,27,1,0
9,0.1,192,26,0,1
9,0.1,193,26,2,2
9,0.1,194,26,3,3
9,0.1,195,28,3,1
9,0.1,196,30,2,0
9,0.1,197,28,1,3
9,0.1,198,26,1,3
9,0.1,199,26,0,0
9,0.1,200,27,2,1
9,0.1,201,27,1,1
9,0.1,202,28,2,1
9,0.1,203,29,2,1
9,0.1,204,29,1,1
9,0.1,205,26,1,4
9,0.1,206,29,3,0
9,0.1,207,29,1,1
9,0.1,208,27,1,3
9,0.1,209,27,2,2
9,0.1,210,27,1,1
9,0.1,211,28,1,0
9,0.1,212,28,1,1
9,0.1,213,26,0,2
9,0.1,214,26,0,0
9,0.1,215,26,0,0
9,0.1,216,25,0,1
9,0.1,217,28,3,0
9,0.1,218,28,1,1
9,0.1,219,27,1,2
9,0.1,220,25,0,2
9,0.1,221,26,1,0
9,0.1,222,26,0,0
9,0.1,223,24,0,2
9,0.1,224,26,3,1
9,0.1,225,26,1,1
9,0.1,226,24,0,2
9,0.1,227,25,1,0
9,0.1,228,26,2,1
9,0.1,229,26,1,1
9,0.1,230,26,1,1
9,0.1,231,25,0,1
9,0.1,232,27,2,0
9,0.1,233,27,2,2
9,0.1,234,26,0,1
9,0.1,235,27,1,0
9,0.1,236,26,0,1
9,0.1,237,25,0,1
9,0.1,238,26,1,0
9,0.1,239,25,0,1
9,0.1,240,25,0,0
9,0.1,241,26,1,0
9,0.1,242,25,0,1
9,0.1,243,26,1,0
9,0.1,244,25,0,1
9,0.1,245,26,1,0
9,0.1,246,25,0,1
9,0.1,247,25,0,0
9,0.1,248,25,0,0
9,0.1,249,25,0,0
9,0.1,250,25,0,0
9,0.1,251,25,0,0
9,0.1,252,25,0,0
9,0.1,253,25,0,0
9,0.1,254,25,0,0
9,0.1,255,25,0,0
9,0.1,256,25,0,0
9,0.1,257,25,0,0
9,0.1,258,26,1,0
9,0.1,259,25,0,1
9,0.1,260,26,1,0
9,0.1,261,25,0,1
9,0.1,262,26,1,0
9,0.1,263,26,0,0
9,0.1,264,25,0,1
9,0.1,265,25,0,0
9,0.1,266,26,1,0
9,0.1,267,25,0,1
9,0.1,268,25,0,0
9,0.1,269,25,0,0
9,0.1,270,25,0,0
9,0.1,271,26,1,0
9,0.1,272,23,0,3
9,0.1,273,25,2,0
9,0.1,274,25,0,0
9,0.1,275,25,0,0
9,0.1,276,24,0,1
9,0.1,277,25,1,0
9,0.1,278,25,0,0
9,0.1,279,25,0,0
9,0.1,280,25,0,0
9,0.1,281,25,0,0
9,0.1,282,24,0,1
9,0.1,283,25,1,0
9,0.1,284,25,0,0
9,0.1,285,25,0,0
9,0.1,286,25,0,0
9,0.1,287,24,0,1
9,0.1,288,24,0,0
9,0.1,289,24,0,0
9,0.1,290,24,0,0
9,0.1,291,23,0,1
9,0.1,292,22,1,2
9,0.1,293,19,0,3
9,0.1,294,21,2,0
9,0.1,295,20,0,1
9,0.1,296,17,1,4
9,0.1,297,16,1,2
9,0.1,298,16,0,0
9,0.1,299,18,2,0
9,0.1,300,17,1,2
9,0.1,301,20,4,1
9,0.1,302,19,3,4
9,0.1,303,19,1,1
9,0.1,304,18,0,1
9,0.1,305,21,3,0
9,0.1,306,20,0,1
9,0.1,307,19,0,1
9,0.1,308,21,2,0
9,0.1,309,22,1,0
9,0.1,310,20,0,2
9,0.1,311,21,1,0
9,0.1,312,20,0,1
9,0.1,313,21,2,1
9,0.1,314,20,1,2
9,0.1,315,20,1,1
9,0.1,316,19,0,1
9,0.1,317,21,2,0
9,0.1,318,19,0,2
9,0.1,319,18,0,1
9,0.1,320,19,1,0
9,0.1,321,19,0,0
9,0.1,322,20,1,0
9,0.1,323,20,1,1
9,0.1,324,19,0,1
9,0.1,325,21,2,0
9,0.1,326,21,0,0
9,0.1,327,20,1,2
9,0.1,328,21,2,1
9,0.1,329,20,0,1
9,0.1,330,19,0,1
9,0.1,331,20,1,0
9,0.1,332,21,2,1
9,0.1,333,20,1,2
9,0.1,334,20,0,0
9,0.1,335,19,0,1
9,0.1,336,19,0,0
9,0.1,337,20,1,0
9,0.1,338,20,0,0
9,0.1,339,20,0,0
9,0.1,340,20,0,0
9,0.1,341,20,0,0
9,0.1,342,19,0,1
9,0.1,343,19,0,0
9,0.1,344,19,0,0
9,0.1,345,19,0,0
9,0.1,346,20,1,0
9,0.1,347,19,0,1
9,0.1,348,19,0,0
9,0.1,349,19,0,0
9,0.1,350,20,1,0
9,0.1,351,20,1,1
9,0.1,352,19,0,1
9,0.1,353,19,0,0
9,0.1,354,19,0,0
9,0.1,355,19,0,0
9,0.1,356,20,1,0
9,0.1,357,19,0,1
9,0.1,358,19,0,0
9,0.1,359,20,1,0
9,0.1,360,19,0,1
9,0.1,361,19,0,0
9,0.1,362,19,0,0
9,0.1,363,19,0,0
9,0.1,364,19,0,0
9,0.1,365,19,0,0
9,0.1,366,19,0,0
9,0.1,367,19,0,0
9,0.1,368,19,0,0
9,0.1,369,20,1,0
9,0.1,370,20,0,0
9,0.1,371,20,1,1
9,0.1,372,19,0,1
9,0.1,373,19,0,0
9,0.1,374,19,0,0
9,0.1,375,20,1,0
9,0.1,376,19,0,1
9,0.1,377,20,1,0
9,0.1,378,19,0,1
9,0.1,379,19,0,0
9,0.1,380,19,0,0
9,0.1,381,19,0,0
9,0.1,382,20,1,0
9,0.1,383,20,1,1
9,0.1,384,20,0,0
9,0.1,385,19,0,1
9,0.1,386,20,1,0
9,0.1,387,19,0,1
9,0.1,388,19,0,0
9,0.1,389,19,0,0
9,0.1,390,19,0,0
9,0.1,391,19,0,0
9,0.1,392,19,0,0
9,0.1,393,19,0,0
9,0.1,394,19,0,0
9,0.1,395,19,0,0
9,0.1,396,19,0,0
9,0.1,397,20,1,0
9,0.1,398,19,0,1
9,0.1,399,20,1,0
9,0.1,400,18,0,2
9,0.1,401,19,1,0
9,0.1,402,19,0,0
9,0.1,403,19,0,0
9,0.1,404,19,0,0
9,0.1,405,19,0,0
9,0.1,406,19,0,0
9,0.1,407,19,0,0
9,0.1,408,18,0,1
9,0.1,409,19,1,0
9,0.1,410,20,1,0
9,0.1,411,21,2,1
9,0.1,412,20,1,2
9,0.1,413,19,0,1
9,0.1,414,19,0,0
9,0.1,415,18,0,1
9,0.1,416,17,0,1
9,0.1,417,19,2,0
9,0.1,418,18,0,1
9,0.1,419,18,1,1
9,0.1,420,19,1,0
9,0.1,421,19,0,0
9,0.1,422,18,0,1
9,0.1,423,18,0,0
9,0.1,424,19,1,0
9,0.1,425,19,1,1
9,0.1,426,16,0,3
9,0.1,427,18,2,0
9,0.1,428,18,0,0
9,0.1,429,19,1,0
9,0.1,430,18,0,1
9,0.1,431,18,0,0
9,0.1,432,16,0,2
9,0.1,433,16,2,2
9,0.1,434,17,1,0
9,0.1,435,17,1,1
9,0.1,436,17,1,1
9,0.1,437,17,0,0
9,0.1,438,17,0,0
9,0.1,439,17,0,0
9,0.1,440,18,1,0
9,0.1,441,17,0,1
9,0.1,442,18,1,0
9,0.1,443,17,0,1
9,0.1,444,18,1,0
9,0.1,445,18,1,1
9,0.1,446,19,2,1
9,0.1,447,17,0,2
9,0.1,448,18,1,0
9,0.1,449,17,0,1
9,0.1,450,18,1,0
9,0.1,451,18,0,0
9,0.1,452,18,0,0
9,0.1,453,17,0,1
9,0.1,454,17,0,0
9,0.1,455,17,0,0
9,0.1,456,17,0,0
9,0.1,457,17,0,0
9,0.1,458,17,0,0
9,0.1,459,17,0,0
9,0.1,460,17,0,0
9,0.1,461,17,0,0
9,0.1,462,18,1,0
9,0.1,463,17,0,1
9,0.1,464,17,0,0
9,0.1,465,17,0,0
9,0.1,466,17,0,0
9,0.1,467,17,0,0
9,0.1,468,18,1,0
9,0.1,469,18,0,0
9,0.1,470,18,0,0
9,0.1,471,17,0,1
9,0.1,472,17,0,0
9,0.1,473,17,0,0
9,0.1,474,17,0,0
9,0.1,475,18,1,0
9,0.1,476,18,0,0
9,0.1,477,18,0,0
9,0.1,478,18,0,0
9,0.1,479,17,0,1
9,0.1,480,17,0,0
9,0.1,481,16,0,1
9,0.1,482,17,1,0
9,0.1,483,17,0,0
9,0.1,484,18,1,0
9,0.1,485,17,0,1
9,0.1,486,17,0,0
9,0.1,487,18,1,0
9,0.1,488,18,1,1
9,0.1,489,18,0,0
9,0.1,490,17,0,1
9,0.1,491,17,0,0
9,0.1,492,18,2,1
9,0.1,493,18,1,1
9,0.1,494,17,0,1
9,0.1,495,17,0,0
9,0.1,496,17,0,0
9,0.1,497,17,0,0
9,0.1,498,17,0,0
9,0.1,499,17,0,0
9,0.1,500,14,1,4
9,0.1,501,18,5,1
9,0.1,502,18,0,0
9,0.1,503,18,0,0
9,0.1,504,18,0,0
9,0.1,505,17,0,1
9,0.1,506,17,0,0
9,0.1,507,17,0,0
9,0.1,508,17,0,0
9,0.1,509,17,0,0
9,0.1,510,15,0,2
9,0.1,511,16,1,0
9,0.1,512,17,1,0
9,0.1,513,17,0,0
9,0.1,514,17,0,0
9,0.1,515,16,0,1
9,0.1,516,17,1,0
9,0.1,517,16,0,1
9,0.1,518,17,1,0
9,0.1,519,17,0,0
9,0.1,520,18,1,0
9,0.1,521,17,0,1
9,0.1,522,17,0,0
9,0.1,523,17,0,0
9,0.1,524,17,0,0
9,0.1,525,18,1,0
9,0.1,526,17,0,1
9,0.1,527,17,0,0
9,0.1,528,17,0,0
9,0.1,529,17,0,0
9,0.1,530,17,0,0
9,0.1,531,17,0,0
9,0.1,532,17,0,0
9,0.1,533,17,0,0
9,0.1,534,17,0,0
9,0.1,535,17,0,0
9,0.1,536,17,0,0
9,0.1,537,16,0,1
9,0.1,538,17,1,0
9,0.1,539,17,0,0
9,0.1,540,17,0,0
9,0.1,541,17,0,0
9,0.1,542,17,0,0
9,0.1,543,17,0,0
9,0.1,544,17,0,0
9,0.1,545,17,0,0
9,0.1,546,17,0,0
9,0.1,547,17,0,0
9,0.1,548,17,0,0
9,0.1,549,17,0,0
9,0.1,550,17,0,0
9,0.1,551,17,0,0
9,0.1,552,17,0,0
9,0.1,553,17,0,0
9,0.1,554,17,0,0
9,0.1,555,17,0,0
9,0.1,556,17,0,0
9,0.1,557,17,0,0
9,0.1,558,18,1,0
9,0.1,559,17,0,1
9,0.1,560,17,0,0
9,0.1,561,17,0,0
9,0.1,562,18,1,0
9,0.1,563,18,1,1
9,0.1,564,17,0,1
9,0.1,565,17,0,0
9,0.1,566,17,0,0
9,0.1,567,17,0,0
9,0.1,568,17,0,0
9,0.1,569,17,0,0
9,0.1,570,17,0,0
9,0.1,571,17,0,0
9,0.1,572,18,1,0
9,0.1,573,17,0,1
9,0.1,574,17,0,0
9,0.1,575,17,0,0
9,0.1,576,17,0,0
9,0.1,577,17,0,0
9,0.1,578,17,0,0
9,0.1,579,17,0,0
9,0.1,580,17,0,0
9,0.1,581,17,0,0
9,0.1,582,17,0,0
9,0.1,583,15,0,2
9,0.1,584,17,2,0
9,0.1,585,17,0,0
9,0.1,586,17,0,0
9,0.1,587,18,1,0
9,0.1,588,17,0,1
9,0.1,589,17,0,0
9,0.1,590,17,0,0
9,0.1,591,17,0,0
9,0.1,592,17,0,0
9,0.1,593,18,1,0
9,0.1,594,17,0,1
9,0.1,595,17,0,0
9,0.1,596,17,0,0
9,0.1,597,17,0,0
9,0.1,598,17,0,0
9,0.1,599,17,0,0
9,0.1,600,17,0,0
9,0.1,601,17,0,0
9,0.1,602,17,0,0
9,0.1,603,17,0,0
9,0.1,604,17,0,0
9,0.1,605,18,1,0
9,0.1,606,17,0,1
9,0.1,607,18,1,0
9,0.1,608,17,1,2
9,0.1,609,17,1,1
9,0.1,610,17,0,0
9,0.1,611,17,0,0
9,0.1,612,17,0,0
9,0.1,613,17,0,0
9,0.1,614,17,0,0
9,0.1,615,17,0,0
9,0.1,616,17,0,0
9,0.1,617,17,1,1
9,0.1,618,17,1,1
9,0.1,619,17,0,0
9,0.1,620,16,0,1
9,0.1,621,16,0,0
9,0.1,622,16,0,0
9,0.1,623,16,0,0
9,0.1,624,16,0,0
9,0.1,625,16,0,0
9,0.1,626,17,1,0
9,0.1,627,17,0,0
9,0.1,628,16,0,1
9,0.1,629,17,1,0
9,0.1,630,17,0,0
9,0.1,631,17,0,0
9,0.1,632,16,0,1
9,0.1,633,16,0,0
9,0.1,634,17,1,0
9,0.1,635,16,0,1
9,0.1,636,16,0,0
9,0.1,637,16,0,0
9,0.1,638,16,0,0
9,0.1,639,16,0,0
9,0.1,640,17,1,0
9,0.1,641,17,0,0
9,0.1,642,17,0,0
9,0.1,643,16,0,1
9,0.1,644,17,1,0
9,0.1,645,17,0,0
9,0.1,646,16,0,1
9,0.1,647,17,1,0
9,0.1,648,18,1,0
9,0.1,649,18,1,1
9,0.1,650,18,0,0
9,0.1,651,17,0,1
9,0.1,652,17,0,0
9,0.1,653,18,1,0
9,0.1,654,17,0,1
9,0.1,655,17,0,0
9,0.1,656,16,0,1
9,0.1,657,16,0,0
9,0.1,658,16,0,0
9,0.1,659,16,0,0
9,0.1,660,16,0,0
9,0.1,661,16,0,0
9,0.1,662,16,0,0
9,0.1,663,18,2,0
9,0.1,664,17,0,1
9,0.1,665,16,0,1
9,0.1,666,16,0,0
9,0.1,667,17,1,0
9,0.1,668,16,0,1
9,0.1,669,16,0,0
9,0.1,670,16,0,0
9,0.1,671,16,0,0
9,0.1,672,17,1,0
9,0.1,673,17,0,0
9,0.1,674,17,0,0
9,0.1,675,16,0,1
9,0.1,676,16,0,0
9,0.1,677,16,0,0
9,0.1,678,16,0,0
9,0.1,679,16,0,0
9,0.1,680,16,0,0
9,0.1,681,16,0,0
9,0.1,682,16,0,0
9,0.1,683,16,0,0
9,0.1,684,16,0,0
9,0.1,685,16,0,0
9,0.1,686,16,0,0
9,0.1,687,16,0,0
9,0.1,688,17,1,0
9,0.1,689,16,0,1
9,0.1,690,16,0,0
9,0.1,691,16,0,0
9,0.1,692,16,0,0
9,0.1,693,16,0,0
9,0.1,694,16,0,0
9,0.1,695,17,1,0
9,0.1,696,17,1,1
9,0.1,697,16,0,1
9,0.1,698,17,1,0
9,0.1,699,16,0,1
9,0.1,700,16,0,0
9,0.1,701,16,0,0
9,0.1,702,16,0,0
9,0.1,703,16,0,0
9,0.1,704,16,0,0
9,0.1,705,16,0,0
9,0.1,706,16,0,0
9,0.1,707,16,0,0
9,0.1,708,16,0,0
9,0.1,709,17,1,0
9,0.1,710,16,0,1
9,0.1,711,16,0,0
9,0.1,712,16,0,0
9,0.1,713,16,0,0
9,0.1,714,16,0,0
9,0.1,715,16,0,0
9,0.1,716,16,0,0
9,0.1,717,16,0,0
9,0.1,718,16,0,0
9,0.1,719,16,0,0
9,0.1,720,16,0,0
9,0.1,721,16,0,0
9,0.1,722,16,0,0
9,0.1,723,16,0,0
9,0.1,724,16,0,0
9,0.1,725,16,0,0
9,0.1,726,16,0,0
9,0.1,727,16,0,0
9,0.1,728,16,0,0
9,0.1,729,17,1,0
9,0.1,730,17,1,1
9,0.1,731,17,0,0
9,0.1,732,16,0,1
9,0.1,733,16,0,0
9,0.1,734,17,1,0
9,0.1,735,16,0,1
9,0.1,736,16,0,0
9,0.1,737,16,0,0
9,0.1,738,17,1,0
9,0.1,739,16,0,1
9,0.1,740,16,0,0
9,0.1,741,16,0,0
9,0.1,742,16,0,0
9,0.1,743,17,1,0
9,0.1,744,16,0,1
9,0.1,745,16,0,0
9,0.1,746,16,0,0
9,0.1,747,16,0,0
9,0.1,748,16,0,0
9,0.1,749,17,1,0
9,0.1,750,16,0,1
9,0.1,751,16,0,0
9,0.1,752,16,0,0
9,0.1,753,16,0,0
9,0.1,754,17,1,0
9,0.1,755,16,0,1
9,0.1,756,16,0,0
9,0.1,757,16,0,0
9,0.1,758,16,0,0
9,0.1,759,16,0,0
9,0.1,760,16,0,0
9,0.1,761,16,0,0
9,0.1,762,16,0,0
9,0.1,763,17,1,0
9,0.1,764,17,0,0
9,0.1,765,16,0,1
9,0.1,766,17,1,0
9,0.1,767,16,0,1
9,0.1,768,16,0,0
9,0.1,769,16,0,0
9,0.1,770,16,0,0
9,0.1,771,16,0,0
9,0.1,772,16,0,0
9,0.1,773,15,0,1
9,0.1,774,17,2,0
9,0.1,775,17,1,1
9,0.1,776,16,0,1
9,0.1,777,16,0,0
9,0.1,778,16,0,0
9,0.1,779,16,0,0
9,0.1,780,16,0,0
9,0.1,781,16,0,0
9,0.1,782,16,0,0
9,0.1,783,16,0,0
9,0.1,784,16,0,0
9,0.1,785,16,0,0
9,0.1,786,16,0,0
9,0.1,787,16,0,0
9,0.1,788,16,0,0
9,0.1,789,17,1,0
9,0.1,790,16,0,1
9,0.1,791,16,0,0
9,0.1,792,16,0,0
9,0.1,793,16,0,0
9,0.1,794,16,0,0
9,0.1,795,15,0,1
9,0.1,796,16,1,0
9,0.1,797,15,0,1
9,0.1,798,16,1,0
9,0.1,799,15,0,1
9,0.1,800,15,0,0
9,0.1,801,15,0,0
9,0.1,802,15,0,0
9,0.1,803,16,1,0
9,0.1,804,16,1,1
9,0.1,805,15,0,1
9,0.1,806,15,0,0
9,0.1,807,15,0,0
9,0.1,808,15,0,0
9,0.1,809,16,1,0
9,0.1,810,15,0,1
9,0.1,811,15,0,0
9,0.1,812,15,0,0
9,0.1,813,15,0,0
9,0.1,814,15,0,0
9,0.1,815,15,0,0
9,0.1,816,15,0,0
9,0.1,817,15,0,0
9,0.1,818,15,0,0
9,0.1,819,15,0,0
9,0.1,820,15,0,0
9,0.1,821,15,0,0
9,0.1,822,15,0,0
9,0.1,823,15,0,0
9,0.1,824,15,0,0
9,0.1,825,15,0,0
9,0.1,826,16,1,0
9,0.1,827,15,0,1
9,0.1,828,15,0,0
9,0.1,829,15,0,0
9,0.1,830,16,1,0
9,0.1,831,15,0,1
9,0.1,832,15,0,0
9,0.1,833,15,0,0
9,0.1,834,15,0,0
9,0.1,835,15,0,0
9,0.1,836,15,0,0
9,0.1,837,15,0,0
9,0.1,838,15,0,0
9,0.1,839,15,0,0
9,0.1,840,15,0,0
9,0.1,841,15,0,0
9,0.1,842,15,0,0
9,0.1,843,15,0,0
9,0.1,844,15,0,0
9,0.1,845,15,0,0
9,0.1,846,15,0,0
9,0.1,847,15,0,0
9,0.1,848,15,0,0
9,0.1,849,15,0,0
9,0.1,850,15,0,0
9,0.1,851,16,1,0
9,0.1,852,15,0,1
9,0.1,853,15,0,0
9,0.1,854,15,0,0
9,0.1,855,15,0,0
9,0.1,856,16,1,0
9,0.1,857,16,0,0
9,0.1,858,15,0,1
9,0.1,859,15,0,0
9,0.1,860,15,0,0
9,0.1,861,15,0,0
9,0.1,862,15,0,0
9,0.1,863,15,0,0
9,0.1,864,15,0,0
9,0.1,865,15,0,0
9,0.1,866,15,0,0
9,0.1,867,15,0,0
9,0.1,868,15,0,0
9,0.1,869,15,0,0
9,0.1,870,16,1,0
9,0.1,871,15,0,1
9,0.1,872,16,1,0
9,0.1,873,15,0,1
9,0.1,874,15,0,0
9,0.1,875,15,0,0
9,0.1,876,15,0,0
9,0.1,877,15,0,0
9,0.1,878,15,0,0
9,0.1,879,15,0,0
9,0.1,880,17,2,0
9,0.1,881,15,0,2
9,0.1,882,15,0,0
9,0.1,883,15,0,0
9,0.1,884,15,0,0
9,0.1,885,15,0,0
9,0.1,886,16,1,0
9,0.1,887,15,0,1
9,0.1,888,17,2,0
9,0.1,889,16,0,1
9,0.1,890,15,0,1
9,0.1,891,16,1,0
9,0.1,892,16,1,1
9,0.1,893,15,0,1
9,0.1,894,16,1,0
9,0.1,895,15,0,1
9,0.1,896,16,1,0
9,0.1,897,15,0,1
9,0.1,898,16,1,0
9,0.1,899,17,1,0
9,0.1,900,18,1,0
9,0.1,901,18,1,1
9,0.1,902,17,0,1
9,0.1,903,17,1,1
9,0.1,904,17,0,0
9,0.1,905,18,1,0
9,0.1,906,18,0,0
9,0.1,907,19,2,1
9,0.1,908,18,1,2
9,0.1,909,17,0,1
9,0.1,910,18,1,0
9,0.1,911,17,0,1
9,0.1,912,17,1,1
9,0.1,913,19,3,1
9,0.1,914,19,1,1
9,0.1,915,20,1,0
9,0.1,916,18,0,2
9,0.1,917,18,1,1
9,0.1,918,18,0,0
9,0.1,919,17,0,1
9,0.1,920,16,0,1
9,0.1,921,16,0,0
9,0.1,922,18,2,0
9,0.1,923,16,0,2
9,0.1,924,17,1,0
9,0.1,925,17,0,0
9,0.1,926,17,0,0
9,0.1,927,16,0,1
9,0.1,928,16,0,0
9,0.1,929,16,0,0
9,0.1,930,15,0,1
9,0.1,931,16,1,0
9,0.1,932,17,1,0
9,0.1,933,17,0,0
9,0.1,934,15,0,2
9,0.1,935,16,1,0
9,0.1,936,15,0,1
9,0.1,937,16,1,0
9,0.1,938,16,0,0
9,0.1,939,16,0,0
9,0.1,940,17,1,0
9,0.1,941,16,0,1
9,0.1,942,16,0,0
9,0.1,943,16,0,0
9,0.1,944,16,0,0
9,0.1,945,16,0,0
9,0.1,946,15,0,1
9,0.1,947,16,1,0
9,0.1,948,16,0,0
9,0.1,949,15,0,1
9,0.1,950,16,1,0
9,0.1,951,16,0,0
9,0.1,952,15,0,1
9,0.1,953,16,1,0
9,0.1,954,15,0,1
9,0.1,955,16,1,0
9,0.1,956,16,0,0
9,0.1,957,16,0,0
9,0.1,958,16,0,0
9,0.1,959,16,0,0
9,0.1,960,16,0,0
9,0.1,961,16,0,0
9,0.1,962,16,0,0
9,0.1,963,16,0,0
9,0.1,964,16,0,0
9,0.1,965,16,0,0
9,0.1,966,16,0,0
9,0.1,967,17,1,0
9,0.1,968,16,0,1
9,0.1,969,16,0,0
9,0.1,970,16,0,0
9,0.1,971,16,0,0
9,0.1,972,16,0,0
9,0.1,973,16,0,0
9,0.1,974,16,0,0
9,0.1,975,16,0,0
9,0.1,976,16,0,0
9,0.1,977,16,0,0
9,0.1,978,17,1,0
9,0.1,979,16,0,1
9,0.1,980,16,0,0
9,0.1,981,16,0,0
9,0.1,982,16,0,0
9,0.1,983,16,0,0
9,0.1,984,16,0,0
9,0.1,985,16,0,0
9,0.1,986,16,0,0
9,0.1,987,17,1,0
9,0.1,988,16,0,1
9,0.1,989,16,0,0
9,0.1,990,16,0,0
9,0.1,991,16,0,0
9,0.1,992,16,0,0
9,0.1,993,16,0,0
9,0.1,994,15,0,1
9,0.1,995,15,0,0
9,0.1,996,15,0,0
9,0.1,997,15,0,0
9,0.1,998,15,0,0
9,0.1,999,16,1,0
9,0.1,1000,15,0,1
9,0.1,1001,16,1,0
9,0.1,1002,16,0,0
9,0.1,1003,16,0,0
9,0.1,1004,16,0,0
9,0.1,1005,15,0,1
9,0.1,1006,15,0,0
9,0.1,1007,15,0,0
9,0.1,1008,16,1,0
9,0.1,1009,16,0,0
9,0.1,1010,16,0,0
9,0.1,1011,16,0,0
9,0.1,1012,16,0,0
9,0.1,1013,16,0,0
9,0.1,1014,16,0,0
9,0.1,1015,16,0,0
9,0.1,1016,16,0,0
9,0.1,1017,16,0,0
9,0.1,1018,15,0,1
9,0.1,1019,15,0,0
9,0.1,1020,16,1,0
9,0.1,1021,16,0,0
9,0.1,1022,16,1,1
9,0.1,1023,15,0,1
9,0.1,1024,16,1,0
9,0.1,1025,16,0,0
9,0.1,1026,16,0,0
9,0.1,1027,16,0,0
9,0.1,1028,16,0,0
9,0.1,1029,16,0,0
9,0.1,1030,17,1,0
9,0.1,1031,16,0,1
9,0.1,1032,16,0,0
9,0.1,1033,16,0,0
9,0.1,1034,17,1,0
9,0.1,1035,16,0,1
9,0.1,1036,16,0,0
9,0.1,1037,16,0,0
9,0.1,1038,16,0,0
9,0.1,1039,16,0,0
9,0.1,1040,16,0,0
9,0.1,1041,16,0,0
9,0.1,1042,16,0,0
9,0.1,1043,16,0,0
9,0.1,1044,16,0,0
9,0.1,1045,16,0,0
9,0.1,1046,16,0,0
9,0.1,1047,16,0,0
9,0.1,1048,16,0,0
9,0.1,1049,16,0,0
9,0.1,1050,16,0,0
9,0.1,1051,16,0,0
9,0.1,1052,17,1,0
9,0.1,1053,16,0,1
9,0.1,1054,16,0,0
9,0.1,1055,16,0,0
9,0.1,1056,16,0,0
9,0.1,1057,16,0,0
9,0.1,1058,16,0,0
9,0.1,1059,16,0,0
9,0.1,1060,15,0,1
9,0.1,1061,16,1,0
9,0.1,1062,16,1,1
9,0.1,1063,16,1,1
9,0.1,1064,17,1,0
9,0.1,1065,16,0,1
9,0.1,1066,16,0,0
9,0.1,1067,16,0,0
9,0.1,1068,16,0,0
9,0.1,1069,16,0,0
9,0.1,1070,16,0,0
9,0.1,1071,16,0,0
9,0.1,1072,16,0,0
9,0.1,1073,16,0,0
9,0.1,1074,16,0,0
9,0.1,1075,16,0,0
9,0.1,1076,16,0,0
9,0.1,1077,16,0,0
9,0.1,1078,16,0,0
9,0.1,1079,17,1,0
9,0.1,1080,16,0,1
9,0.1,1081,16,0,0
9,0.1,1082,16,0,0
9,0.1,1083,16,0,0
9,0.1,1084,16,0,0
9,0.1,1085,16,0,0
9,0.1,1086,16,0,0
9,0.1,1087,16,0,0
9,0.1,1088,16,0,0
9,0.1,1089,16,0,0
9,0.1,1090,16,0,0
9,0.1,1091,16,0,0
9,0.1,1092,16,0,0
9,0.1,1093,16,0,0
9,0.1,1094,16,0,0
9,0.1,1095,16,0,0
9,0.1,1096,16,0,0
9,0.1,1097,16,0,0
9,0.1,1098,17,1,0
9,0.1,1099,16,0,1
9,0.1,1100,16,0,0
9,0.1,1101,16,0,0
9,0.1,1102,16,0,0
9,0.1,1103,17,1,0
9,0.1,1104,16,0,1
9,0.1,1105,16,0,0
9,0.1,1106,16,0,0
9,0.1,1107,16,0,0
9,0.1,1108,16,0,0
9,0.1,1109,16,0,0
9,0.1,1110,16,0,0
9,0.1,1111,16,0,0
9,0.1,1112,16,0,0
9,0.1,1113,16,0,0
9,0.1,1114,17,1,0
9,0.1,1115,16,0,1
9,0.1,1116,16,0,0
9,0.1,1117,17,1,0
9,0.1,1118,16,0,1
9,0.1,1119,16,0,0
9,0.1,1120,16,0,0
9,0.1,1121,16,0,0
9,0.1,1122,17,1,0
9,0.1,1123,16,0,1
9,0.1,1124,16,0,0
9,0.1,1125,16,0,0
9,0.1,1126,16,0,0
9,0.1,1127,16,0,0
9,0.1,1128,16,0,0
9,0.1,1129,16,0,0
9,0.1,1130,17,1,0
9,0.1,1131,17,0,0
9,0.1,1132,17,0,0
9,0.1,1133,16,0,1
9,0.1,1134,17,1,0
9,0.1,1135,17,0,0
9,0.1,1136,17,0,0
9,0.1,1137,17,0,0
9,0.1,1138,17,0,0
9,0.1,1139,16,0,1
9,0.1,1140,18,2,0
9,0.1,1141,18,0,0
9,0.1,1142,18,0,0
9,0.1,1143,17,0,1
9,0.1,1144,17,0,0
9,0.1,1145,18,1,0
9,0.1,1146,18,1,1
9,0.1,1147,17,0,1
9,0.1,1148,17,0,0
9,0.1,1149,17,0,0
9,0.1,1150,19,2,0
9,0.1,1151,17,0,2
9,0.1,1152,18,1,0
9,0.1,1153,17,0,1
9,0.1,1154,18,1,0
9,0.1,1155,17,0,1
9,0.1,1156,17,0,0
9,0.1,1157,17,0,0
9,0.1,1158,18,1,0
9,0.1,1159,17,0,1
9,0.1,1160,19,2,0
9,0.1,1161,17,0,2
9,0.1,1162,17,0,0
9,0.1,1163,18,1,0
9,0.1,1164,17,0,1
9,0.1,1165,18,1,0
9,0.1,1166,18,0,0
9,0.1,1167,17,0,1
9,0.1,1168,17,0,0
9,0.1,1169,18,1,0
9,0.1,1170,18,0,0
9,0.1,1171,18,0,0
9,0.1,1172,18,0,0
9,0.1,1173,17,0,1
9,0.1,1174,18,1,0
9,0.1,1175,18,0,0
9,0.1,1176,18,0,0
9,0.1,1177,18,0,0
9,0.1,1178,17,0,1
9,0.1,1179,18,1,0
9,0.1,1180,18,0,0
9,0.1,1181,18,0,0
9,0.1,1182,18,0,0
9,0.1,1183,18,0,0
9,0.1,1184,18,0,0
9,0.1,1185,18,0,0
9,0.1,1186,18,0,0
9,0.1,1187,18,0,0
9,0.1,1188,18,0,0
9,0.1,1189,18,0,0
9,0.1,1190,18,0,0
9,0.1,1191,18,0,0
9,0.1,1192,18,0,0
9,0.1,1193,17,0,1
9,0.1,1194,19,2,0
9,0.1,1195,18,0,1
9,0.1,1196,18,0,0
9,0.1,1197,18,0,0
9,0.1,1198,18,0,0
9,0.1,1199,18,0,0
9,0.1,1200,18,0,0
9,0.1,1201,18,0,0
9,0.1,1202,18,0,0
9,0.1,1203,18,0,0
9,0.1,1204,18,0,0
9,0.1,1205,18,0,0
9,0.1,1206,17,0,1
9,0.1,1207,18,1,0
9,0.1,1208,18,0,0
9,0.1,1209,18,0,0
9,0.1,1210,18,0,0
9,0.1,1211,18,0,0
9,0.1,1212,17,0,1
9,0.1,1213,17,0,0
9,0.1,1214,18,1,0
9,0.1,1215,18,0,0
9,0.1,1216,18,1,1
9,0.1,1217,18,1,1
9,0.1,1218,18,0,0
9,0.1,1219,17,0,1
9,0.1,1220,18,1,0
9,0.1,1221,18,0,0
9,0.1,1222,17,0,1
9,0.1,1223,17,0,0
9,0.1,1224,17,0,0
9,0.1,1225,17,0,0
9,0.1,1226,17,0,0
9,0.1,1227,17,0,0
9,0.1,1228,17,0,0
9,0.1,1229,17,0,0
9,0.1,1230,18,1,0
9,0.1,1231,17,0,1
9,0.1,1232,17,0,0
9,0.1,1233,17,0,0
9,0.1,1234,19,2,0
9,0.1,1235,18,0,1
9,0.1,1236,18,0,0
9,0.1,1237,18,0,0
9,0.1,1238,17,0,1
9,0.1,1239,17,0,0
9,0.1,1240,17,0,0
9,0.1,1241,17,0,0
9,0.1,1242,17,0,0
9,0.1,1243,17,0,0
9,0.1,1244,18,1,0
9,0.1,1245,17,0,1
9,0.1,1246,17,0,0
9,0.1,1247,17,0,0
9,0.1,1248,18,1,0
9,0.1,1249,17,0,1
9,0.1,1250,18,1,0
9,0.1,1251,17,0,1
9,0.1,1252,17,0,0
9,0.1,1253,17,0,0
9,0.1,1254,17,0,0
9,0.1,1255,17,0,0
9,0.1,1256,18,1,0
9,0.1,1257,17,0,1
9,0.1,1258,18,1,0
9,0.1,1259,17,0,1
9,0.1,1260,18,1,0
9,0.1,1261,17,0,1
9,0.1,1262,17,0,0
9,0.1,1263,17,0,0
9,0.1,1264,17,0,0
9,0.1,1265,19,2,0
9,0.1,1266,17,0,2
9,0.1,1267,17,0,0
9,0.1,1268,17,0,0
9,0.1,1269,19,2,0
9,0.1,1270,17,0,2
9,0.1,1271,18,1,0
9,0.1,1272,18,0,0
9,0.1,1273,17,0,1
9,0.1,1274,17,0,0
9,0.1,1275,18,1,0
9,0.1,1276,17,0,1
9,0.1,1277,18,1,0
9,0.1,1278,17,0,1
9,0.1,1279,19,2,0
9,0.1,1280,17,0,2
9,0.1,1281,18,1,0
9,0.1,1282,18,0,0
9,0.1,1283,17,0,1
9,0.1,1284,17,0,0
9,0.1,1285,17,0,0
9,0.1,1286,17,0,0
9,0.1,1287,17,0,0
9,0.1,1288,17,0,0
9,0.1,1289,17,0,0
9,0.1,1290,18,1,0
9,0.1,1291,17,0,1
9,0.1,1292,17,0,0
9,0.1,1293,17,0,0
9,0.1,1294,18,1,0
9,0.1,1295,18,1,1
9,0.1,1296,17,0,1
9,0.1,1297,17,0,0
9,0.1,1298,18,1,0
9,0.1,1299,17,0,1
9,0.1,1300,17,0,0
9,0.1,1301,17,0,0
9,0.1,1302,18,1,0
9,0.1,1303,17,0,1
9,0.1,1304,20,3,0
9,0.1,1305,17,0,3
9,0.1,1306,18,1,0
9,0.1,1307,17,0,1
9,0.1,1308,18,1,0
9,0.1,1309,18,0,0
9,0.1,1310,18,1,1
9,0.1,1311,17,0,1
9,0.1,1312,17,0,0
9,0.1,1313,17,0,0
9,0.1,1314,17,0,0
9,0.1,1315,17,0,0
9,0.1,1316,17,0,0
9,0.1,1317,18,1,0
9,0.1,1318,17,0,1
9,0.1,1319,19,2,0
9,0.1,1320,17,0,2
9,0.1,1321,18,1,0
9,0.1,1322,17,0,1
9,0.1,1323,18,1,0
9,0.1,1324,18,1,1
9,0.1,1325,18,0,0
9,0.1,1326,17,0,1
9,0.1,1327,17,0,0
9,0.1,1328,17,0,0
9,0.1,1329,17,0,0
9,0.1,1330,17,0,0
9,0.1,1331,19,2,0
9,0.1,1332,18,0,1
9,0.1,1333,17,0,1
9,0.1,1334,18,1,0
9,0.1,1335,17,0,1
9,0.1,1336,18,1,0
9,0.1,1337,17,0,1
9,0.1,1338,18,1,0
9,0.1,1339,17,0,1
9,0.1,1340,18,1,0
9,0.1,1341,19,1,0
9,0.1,1342,18,0,1
9,0.1,1343,18,0,0
9,0.1,1344,18,1,1
9,0.1,1345,19,2,1
9,0.1,1346,18,0,1
9,0.1,1347,19,1,0
9,0.1,1348,17,0,2
9,0.1,1349,19,2,0
9,0.1,1350,18,0,1
9,0.1,1351,18,1,1
9,0.1,1352,17,0,1
9,0.1,1353,18,1,0
9,0.1,1354,18,1,1
9,0.1,1355,18,0,0
9,0.1,1356,18,0,0
9,0.1,1357,18,0,0
9,0.1,1358,18,1,1
9,0.1,1359,18,1,1
9,0.1,1360,18,1,1
9,0.1,1361,18,0,0
9,0.1,1362,17,0,1
9,0.1,1363,19,2,0
9,0.1,1364,17,0,2
9,0.1,1365,19,2,0
9,0.1,1366,18,0,1
9,0.1,1367,19,1,0
9,0.1,1368,19,1,1
9,0.1,1369,18,0,1
9,0.1,1370,19,1,0
9,0.1,1371,19,0,0
9,0.1,1372,19,0,0
9,0.1,1373,19,0,0
9,0.1,1374,18,0,1
9,0.1,1375,19,1,0
9,0.1,1376,19,1,1
9,0.1,1377,18,0,1
9,0.1,1378,20,2,0
9,0.1,1379,18,1,3
9,0.1,1380,19,2,1
9,0.1,1381,19,1,1
9,0.1,1382,19,1,1
9,0.1,1383,18,0,1
9,0.1,1384,19,1,0
9,0.1,1385,18,0,1
9,0.1,1386,18,0,0
9,0.1,1387,18,1,1
9,0.1,1388,18,0,0
9,0.1,1389,19,2,1
9,0.1,1390,17,0,2
9,0.1,1391,19,2,0
9,0.1,1392,18,1,2
9,0.1,1393,17,0,1
9,0.1,1394,17,0,0
9,0.1,1395,17,0,0
9,0.1,1396,17,0,0
9,0.1,1397,17,0,0
9,0.1,1398,18,1,0
9,0.1,1399,19,1,0
9,0.1,1400,19,1,1
9,0.1,1401,17,0,2
9,0.1,1402,19,2,0
9,0.1,1403,18,1,2
9,0.1,1404,20,2,0
9,0.1,1405,18,1,3
9,0.1,1406,18,1,1
9,0.1,1407,18,0,0
9,0.1,1408,19,1,0
9,0.1,1409,20,1,0
9,0.1,1410,19,0,1
9,0.1,1411,19,0,0
9,0.1,1412,19,1,1
9,0.1,1413,20,1,0
9,0.1,1414,18,0,2
9,0.1,1415,19,1,0
9,0.1,1416,20,1,0
9,0.1,1417,21,1,0
9,0.1,1418,20,0,1
9,0.1,1419,20,0,0
9,0.1,1420,19,0,1
9,0.1,1421,20,1,0
9,0.1,1422,17,0,3
9,0.1,1423,19,2,0
9,0.1,1424,19,0,0
9,0.1,1425,18,0,1
9,0.1,1426,19,1,0
9,0.1,1427,19,1,1
9,0.1,1428,19,1,1
9,0.1,1429,19,1,1
9,0.1,1430,19,1,1
9,0.1,1431,18,0,1
9,0.1,1432,18,0,0
9,0.1,1433,20,2,0
9,0.1,1434,18,0,2
9,0.1,1435,18,0,0
9,0.1,1436,18,0,0
9,0.1,1437,18,0,0
9,0.1,1438,20,2,0
9,0.1,1439,19,1,2
9,0.1,1440,17,0,2
9,0.1,1441,19,2,0
9,0.1,1442,19,1,1
9,0.1,1443,18,0,1
9,0.1,1444,19,1,0
9,0.1,1445,18,1,2
9,0.1,1446,18,0,0
9,0.1,1447,18,0,0
9,0.1,1448,17,0,1
9,0.1,1449,18,1,0
9,0.1,1450,18,0,0
9,0.1,1451,17,0,1
9,0.1,1452,17,0,0
9,0.1,1453,17,0,0
9,0.1,1454,17,0,0
9,0.1,1455,18,1,0
9,0.1,1456,17,0,1
9,0.1,1457,17,0,0
9,0.1,1458,19,2,0
9,0.1,1459,19,1,1
9,0.1,1460,18,0,1
9,0.1,1461,20,2,0
9,0.1,1462,18,0,2
9,0.1,1463,17,0,1
9,0.1,1464,19,2,0
9,0.1,1465,19,0,0
9,0.1,1466,19,0,0
9,0.1,1467,18,0,1
9,0.1,1468,17,0,1
9,0.1,1469,18,1,0
9,0.1,1470,18,1,1
9,0.1,1471,18,1,1
9,0.1,1472,17,0,1
9,0.1,1473,18,1,0
9,0.1,1474,18,1,1
9,0.1,1475,18,0,0
9,0.1,1476,17,0,1
9,0.1,1477,18,1,0
9,0.1,1478,19,1,0
9,0.1,1479,19,0,0
9,0.1,1480,18,0,1
9,0.1,1481,19,1,0
9,0.1,1482,18,0,1
9,0.1,1483,18,0,0
9,0.1,1484,19,1,0
9,0.1,1485,19,0,0
9,0.1,1486,19,0,0
9,0.1,1487,19,0,0
9,0.1,1488,19,0,0
9,0.1,1489,19,0,0
9,0.1,1490,19,0,0
9,0.1,1491,20,1,0
9,0.1,1492,19,0,1
9,0.1,1493,19,0,0
9,0.1,1494,19,0,0
9,0.1,1495,19,0,0
9,0.1,1496,19,0,0
9,0.1,1497,18,0,1
9,0.1,1498,18,0,0
9,0.1,1499,19,1,0
9,0.1,1500,19,0,0
9,0.2,0,23,0,0
9,0.2,1,83,66,6
9,0.2,2,90,14,7
9,0.2,3,82,2,10
9,0.2,4,87,7,2
9,0.2,5,84,2,5
9,0.2,6,78,4,10
9,0.2,7,83,10,5
9,0.2,8,66,2,19
9,0.2,9,84,19,1
9,0.2,10,75,0,9
9,0.2,11,78,4,1
9,0.2,12,73,0,5
9,0.2,13,74,3,2
9,0.2,14,69,2,7
9,0.2,15,71,3,1
9,0.2,16,72,5,4
9,0.2,17,70,2,4
9,0.2,18,72,4,2
9,0.2,19,60,0,12
9,0.2,20,71,12,1
9,0.2,21,72,5,4
9,0.2,22,69,3,6
9,0.2,23,71,2,0
9,0.2,24,69,2,4
9,0.2,25,68,2,3
9,0.2,26,62,4,10
9,0.2,27,58,4,8
9,0.2,28,60,12,10
9,0.2,29,60,7,7
9,0.2,30,61,5,4
9,0.2,31,66,8,3
9,0.2,32,68,5,3
9,0.2,33,64,2,6
9,0.2,34,63,3,4
9,0.2,35,64,3,2
9,0.2,36,66,3,1
9,0.2,37,61,1,6
9,0.2,38,60,4,5
9,0.2,39,63,5,2
9,0.2,40,61,0,2
9,0.2,41,65,4,0
9,0.2,42,59,0,6
9,0.2,43,60,4,3
9,0.2,44,56,1,5
9,0.2,45,59,5,2
9,0.2,46,60,4,3
9,0.2,47,57,0,3
9,0.2,48,57,2,2
9,0.2,49,57,2,2
9,0.2,50,57,2,2
9,0.2,51,60,4,1
9,0.2,52,56,1,5
9,0.2,53,50,1,7
9,0.2,54,57,7,0
9,0.2,55,57,2,2
9,0.2,56,57,1,1
9,0.2,57,56,0,1
9,0.2,58,56,0,0
9,0.2,59,55,1,2
9,0.2,60,56,2,1
9,0.2,61,48,1,9
9,0.2,62,56,8,0
9,0.2,63,54,1,3
9,0.2,64,52,0,2
9,0.2,65,54,2,0
9,0.2,66,52,0,2
9,0.2,67,53,1,0
9,0.2,68,54,3,2
9,0.2,69,52,3,5
9,0.2,70,51,2,3
9,0.2,71,51,0,0
9,0.2,72,51,2,2
9,0.2,73,49,1,3
9,0.2,74,53,4,0
9,0.2,75,50,0,3
9,0.2,76,50,0,0
9,0.2,77,50,0,0
9,0.2,78,51,1,0
9,0.2,79,51,0,0
9,0.2,80,49,0,2
9,0.2,81,50,1,0
9,0.2,82,49,1,2
9,0.2,83,48,1,2
9,0.2,84,47,2,3
9,0.2,85,49,3,1
9,0.2,86,49,1,1
9,0.2,87,51,3,1
9,0.2,88,47,0,4
9,0.2,89,45,1,3
9,0.2,90,47,3,1
9,0.2,91,45,1,3
9,0.2,92,44,2,3
9,0.2,93,43,1,2
9,0.2,94,40,0,3
9,0.2,95,43,3,0
9,0.2,96,43,1,1
9,0.2,97,44,2,1
9,0.2,98,42,1,3
9,0.2,99,42,1,1
9,0.2,100,41,1,2
9,0.2,101,40,0,1
9,0.2,102,41,1,0
9,0.2,103,41,0,0
9,0.2,104,41,0,0
9,0.2,105,40,0,1
9,0.2,106,40,0,0
9,0.2,107,39,0,1
9,0.2,108,40,1,0
9,0.2,109,40,0,0
9,0.2,110,39,0,1
9,0.2,111,40,1,0
9,0.2,112,39,0,1
9,0.2,113,39,0,0
9,0.2,114,39,0,0
9,0.2,115,40,1,0
9,0.2,116,39,0,1
9,0.2,117,40,1,0
9,0.2,118,39,0,1
9,0.2,119,39,1,1
9,0.2,120,37,0,2
9,0.2,121,38,1,0
9,0.2,122,39,1,0
9,0.2,123,36,0,3
9,0.2,124,38,3,1
9,0.2,125,37,0,1
9,0.2,126,36,0,1
9,0.2,127,36,1,1
9,0.2,128,39,3,0
9,0.2,129,30,0,9
9,0.2,130,36,6,0
9,0.2,131,36,1,1
9,0.2,132,33,1,4
9,0.2,133,35,2,0
9,0.2,134,37,3,1
9,0.2,135,37,1,1
9,0.2,136,37,2,2
9,0.2,137,36,1,2
9,0.2,138,35,0,1
9,0.2,139,34,1,2
9,0.2,140,32,0,2
9,0.2,141,32,1,1
9,0.2,142,31,1,2
9,0.2,143,35,4,0
9,0.2,144,32,0,3
9,0.2,145,33,1,0
9,0.2,146,35,2,0
9,0.2,147,34,1,2
9,0.2,148,34,1,1
9,0.2,149,33,0,1
9,0.2,150,34,1,0
9,0.2,151,32,0,2
9,0.2,152,31,1,2
9,0.2,153,30,0,1
9,0.2,154,31,1,0
9,0.2,155,33,2,0
9,0.2,156,32,0,1
9,0.2,157,34,2,0
9,0.2,158,33,0,1
9,0.2,159,34,1,0
9,0.2,160,33,0,1
9,0.2,161,33,0,0
9,0.2,162,33,0,0
9,0.2,163,32,0,1
9,0.2,164,33,1,0
9,0.2,165,32,0,1
9,0.2,166,33,1,0
9,0.2,167,33,0,0
9,0.2,168,33,0,0
9,0.2,169,33,1,1
9,0.2,170,33,1,1
9,0.2,171,33,0,0
9,0.2,172,32,0,1
9,0.2,173,34,2,0
9,0.2,174,32,0,2
9,0.2,175,34,2,0
9,0.2,176,31,0,3
9,0.2,177,33,2,0
9,0.2,178,33,1,1
9,0.2,179,30,0,3
9,0.2,180,31,1,0
9,0.2,181,30,0,1
9,0.2,182,31,1,0
9,0.2,183,31,1,1
9,0.2,184,29,0,2
9,0.2,185,28,0,1
9,0.2,186,29,1,0
9,0.2,187,28,0,1
9,0.2,188,31,4,1
9,0.2,189,28,1,4
9,0.2,190,28,0,0
9,0.2,191,27,0,1
9,0.2,192,28,1,0
9,0.2,193,29,1,0
9,0.2,194,30,2,1
9,0.2,195,29,1,2
9,0.2,196,30,1,0
9,0.2,197,29,1,2
9,0.2,198,28,2,3
9,0.2,199,27,1,2
9,0.2,200,29,2,0
9,0.2,201,30,1,0
9,0.2,202,32,3,1
9,0.2,203,31,0,1
9,0.2,204,30,0,1
9,0.2,205,30,1,1
9,0.2,206,29,1,2
9,0.2,207,30,2,1
9,0.2,208,28,0,2
9,0.2,209,29,1,0
9,0.2,210,27,0,2
9,0.2,211,29,2,0
9,0.2,212,29,1,1
9,0.2,213,27,0,2
9,0.2,214,27,1,1
9,0.2,215,27,1,1
9,0.2,216,26,0,1
9,0.2,217,28,2,0
9,0.2,218,28,1,1
9,0.2,219,27,1,2
9,0.2,220,26,0,1
9,0.2,221,26,0,0
9,0.2,222,27,1,0
9,0.2,223,27,0,0
9,0.2,224,28,1,0
9,0.2,225,26,0,2
9,0.2,226,26,1,1
9,0.2,227,25,0,1
9,0.2,228,27,2,0
9,0.2,229,28,2,1
9,0.2,230,28,0,0
9,0.2,231,27,0,1
9,0.2,232,29,2,0
9,0.2,233,27,0,2
9,0.2,234,28,1,0
9,0.2,235,28,0,0
9,0.2,236,26,0,2
9,0.2,237,26,0,0
9,0.2,238,26,0,0
9,0.2,239,26,0,0
9,0.2,240,26,0,0
9,0.2,241,26,1,1
9,0.2,242,26,1,1
9,0.2,243,26,1,1
9,0.2,244,25,0,1
9,0.2,245,26,1,0
9,0.2,246,25,0,1
9,0.2,247,25,0,0
9,0.2,248,25,0,0
9,0.2,249,25,0,0
9,0.2,250,25,0,0
9,0.2,251,25,0,0
9,0.2,252,25,0,0
9,0.2,253,25,0,0
9,0.2,254,25,0,0
9,0.2,255,25,0,0
9,0.2,256,25,0,0
9,0.2,257,25,0,0
9,0.2,258,26,1,0
9,0.2,259,25,0,1
9,0.2,260,26,1,0
9,0.2,261,26,1,1
9,0.2,262,26,1,1
9,0.2,263,26,0,0
9,0.2,264,25,0,1
9,0.2,265,25,0,0
9,0.2,266,26,1,0
9,0.2,267,25,0,1
9,0.2,268,25,0,0
9,0.2,269,25,0,0
9,0.2,270,25,0,0
9,0.2,271,26,1,0
9,0.2,272,25,0,1
9,0.2,273,25,0,0
9,0.2,274,25,0,0
9,0.2,275,26,1,0
9,0.2,276,25,0,1
9,0.2,277,25,0,0
9,0.2,278,25,0,0
9,0.2,279,25,0,0
9,0.2,280,25,0,0
9,0.2,281,25,0,0
9,0.2,282,25,0,0
9,0.2,283,25,0,0
9,0.2,284,25,0,0
9,0.2,285,25,0,0
9,0.2,286,25,0,0
9,0.2,287,25,0,0
9,0.2,288,25,0,0
9,0.2,289,24,0,1
9,0.2,290,24,0,0
9,0.2,291,24,0,0
9,0.2,292,23,0,1
9,0.2,293,22,0,1
9,0.2,294,24,2,0
9,0.2,295,22,0,2
9,0.2,296,22,0,0
9,0.2,297,19,0,3
9,0.2,298,18,1,2
9,0.2,299,21,3,0
9,0.2,300,19,0,2
9,0.2,301,22,3,0
9,0.2,302,20,1,3
9,0.2,303,20,1,1
9,0.2,304,18,0,2
9,0.2,305,22,4,0
9,0.2,306,20,0,2
9,0.2,307,20,0,0
9,0.2,308,21,2,1
9,0.2,309,22,1,0
9,0.2,310,21,0,1
9,0.2,311,22,1,0
9,0.2,312,21,0,1
9,0.2,313,22,1,0
9,0.2,314,20,1,3
9,0.2,315,22,3,1
9,0.2,316,19,0,3
9,0.2,317,22,3,0
9,0.2,318,19,0,3
9,0.2,319,19,0,0
9,0.2,320,19,0,0
9,0.2,321,19,0,0
9,0.2,322,23,4,0
9,0.2,323,22,1,2
9,0.2,324,19,0,3
9,0.2,325,22,3,0
9,0.2,326,21,0,1
9,0.2,327,20,1,2
9,0.2,328,22,2,0
9,0.2,329,21,0,1
9,0.2,330,20,1,2
9,0.2,331,22,3,1
9,0.2,332,22,0,0
9,0.2,333,20,0,2
9,0.2,334,20,0,0
9,0.2,335,19,0,1
9,0.2,336,20,1,0
9,0.2,337,21,1,0
9,0.2,338,21,0,0
9,0.2,339,20,0,1
9,0.2,340,21,1,0
9,0.2,341,20,0,1
9,0.2,342,19,0,1
9,0.2,343,19,0,0
9,0.2,344,20,1,0
9,0.2,345,20,0,0
9,0.2,346,20,0,0
9,0.2,347,19,0,1
9,0.2,348,19,0,0
9,0.2,349,19,0,0
9,0.2,350,20,1,0
9,0.2,351,20,1,1
9,0.2,352,19,0,1
9,0.2,353,20,1,0
9,0.2,354,19,0,1
9,0.2,355,21,2,0
9,0.2,356,20,0,1
9,0.2,357,19,0,1
9,0.2,358,19,0,0
9,0.2,359,20,1,0
9,0.2,360,19,0,1
9,0.2,361,19,0,0
9,0.2,362,20,1,0
9,0.2,363,20,1,1
9,0.2,364,19,0,1
9,0.2,365,19,0,0
9,0.2,366,21,2,0
9,0.2,367,20,0,1
9,0.2,368,19,0,1
9,0.2,369,20,1,0
9,0.2,370,21,1,0
9,0.2,371,20,1,2
9,0.2,372,19,0,1
9,0.2,373,19,0,0
9,0.2,374,19,0,0
9,0.2,375,20,1,0
9,0.2,376,19,0,1
9,0.2,377,20,1,0
9,0.2,378,20,0,0
9,0.2,379,20,0,0
9,0.2,380,19,0,1
9,0.2,381,19,0,0
9,0.2,382,20,1,0
9,0.2,383,20,1,1
9,0.2,384,20,0,0
9,0.2,385,19,0,1
9,0.2,386,22,3,0
9,0.2,387,19,0,3
9,0.2,388,19,0,0
9,0.2,389,20,1,0
9,0.2,390,19,0,1
9,0.2,391,19,0,0
9,0.2,392,20,1,0
9,0.2,393,19,0,1
9,0.2,394,19,0,0
9,0.2,395,20,1,0
9,0.2,396,19,0,1
9,0.2,397,21,2,0
9,0.2,398,20,1,2
9,0.2,399,20,1,1
9,0.2,400,19,0,1
9,0.2,401,19,0,0
9,0.2,402,19,0,0
9,0.2,403,19,0,0
9,0.2,404,19,0,0
9,0.2,405,19,0,0
9,0.2,406,19,0,0
9,0.2,407,19,0,0
9,0.2,408,19,0,0
9,0.2,409,19,0,0
9,0.2,410,20,1,0
9,0.2,411,21,2,1
9,0.2,412,20,1,2
9,0.2,413,19,0,1
9,0.2,414,19,0,0
9,0.2,415,18,0,1
9,0.2,416,18,0,0
9,0.2,417,19,1,0
9,0.2,418,19,0,0
9,0.2,419,19,0,0
9,0.2,420,19,0,0
9,0.2,421,19,0,0
9,0.2,422,20,1,0
9,0.2,423,20,1,1
9,0.2,424,20,0,0
9,0.2,425,20,1,1
9,0.2,426,18,0,2
9,0.2,427,19,1,0
9,0.2,428,18,0,1
9,0.2,429,19,1,0
9,0.2,430,18,0,1
9,0.2,431,18,0,0
9,0.2,432,18,0,0
9,0.2,433,18,0,0
9,0.2,434,19,1,0
9,0.2,435,18,0,1
9,0.2,436,17,0,1
9,0.2,437,18,1,0
9,0.2,438,18,0,0
9,0.2,439,18,0,0
9,0.2,440,18,0,0
9,0.2,441,18,0,0
9,0.2,442,18,0,0
9,0.2,443,18,0,0
9,0.2,444,18,0,0
9,0.2,445,18,1,1
9,0.2,446,19,2,1
9,0.2,447,17,0,2
9,0.2,448,18,1,0
9,0.2,449,18,0,0
9,0.2,450,18,0,0
9,0.2,451,18,0,0
9,0.2,452,18,0,0
9,0.2,453,18,0,0
9,0.2,454,18,0,0
9,0.2,455,17,0,1
9,0.2,456,17,0,0
9,0.2,457,18,1,0
9,0.2,458,19,1,0
9,0.2,459,17,0,2
9,0.2,460,17,0,0
9,0.2,461,17,0,0
9,0.2,462,18,1,0
9,0.2,463,19,2,1
9,0.2,464,17,0,2
9,0.2,465,17,0,0
9,0.2,466,17,0,0
9,0.2,467,19,2,0
9,0.2,468,18,0,1
9,0.2,469,18,0,0
9,0.2,470,18,0,0
9,0.2,471,18,0,0
9,0.2,472,17,0,1
9,0.2,473,17,0,0
9,0.2,474,18,1,0
9,0.2,475,18,0,0
9,0.2,476,18,0,0
9,0.2,477,18,0,0
9,0.2,478,18,0,0
9,0.2,479,17,0,1
9,0.2,480,18,1,0
9,0.2,481,17,0,1
9,0.2,482,18,1,0
9,0.2,483,18,0,0
9,0.2,484,18,0,0
9,0.2,485,17,0,1
9,0.2,486,18,1,0
9,0.2,487,18,1,1
9,0.2,488,18,1,1
9,0.2,489,18,0,0
9,0.2,490,18,1,1
9,0.2,491,17,0,1
9,0.2,492,19,2,0
9,0.2,493,18,0,1
9,0.2,494,17,0,1
9,0.2,495,17,0,0
9,0.2,496,17,0,0
9,0.2,497,17,0,0
9,0.2,498,18,1,0
9,0.2,499,17,0,1
9,0.2,500,16,2,3
9,0.2,501,18,3,1
9,0.2,502,18,0,0
9,0.2,503,18,0,0
9,0.2,504,18,0,0
9,0.2,505,17,0,1
9,0.2,506,18,1,0
9,0.2,507,17,0,1
9,0.2,508,18,1,0
9,0.2,509,17,0,1
9,0.2,510,17,0,0
9,0.2,511,17,0,0
9,0.2,512,17,0,0
9,0.2,513,18,1,0
9,0.2,514,17,0,1
9,0.2,515,17,0,0
9,0.2,516,17,0,0
9,0.2,517,17,0,0
9,0.2,518,17,0,0
9,0.2,519,17,0,0
9,0.2,520,18,1,0
9,0.2,521,17,0,1
9,0.2,522,17,0,0
9,0.2,523,17,0,0
9,0.2,524,17,0,0
9,0.2,525,18,1,0
9,0.2,526,18,0,0
9,0.2,527,17,0,1
9,0.2,528,17,0,0
9,0.2,529,17,0,0
9,0.2,530,17,0,0
9,0.2,531,17,0,0
9,0.2,532,17,0,0
9,0.2,533,17,0,0
9,0.2,534,17,0,0
9,0.2,535,17,0,0
9,0.2,536,17,0,0
9,0.2,537,17,0,0
9,0.2,538,17,0,0
9,0.2,539,17,0,0
9,0.2,540,17,0,0
9,0.2,541,17,0,0
9,0.2,542,17,0,0
9,0.2,543,17,0,0
9,0.2,544,17,0,0
9,0.2,545,17,0,0
9,0.2,546,17,0,0
9,0.2,547,17,0,0
9,0.2,548,17,0,0
9,0.2,549,17,0,0
9,0.2,550,17,0,0
9,0.2,551,17,0,0
9,0.2,552,18,1,0
9,0.2,553,17,0,1
9,0.2,554,18,1,0
9,0.2,555,18,1,1
9,0.2,556,18,0,0
9,0.2,557,17,0,1
9,0.2,558,19,2,0
9,0.2,559,18,0,1
9,0.2,560,18,0,0
9,0.2,561,17,0,1
9,0.2,562,19,2,0
9,0.2,563,18,0,1
9,0.2,564,17,0,1
9,0.2,565,17,0,0
9,0.2,566,17,0,0
9,0.2,567,17,0,0
9,0.2,568,17,0,0
9,0.2,569,17,0,0
9,0.2,570,17,0,0
9,0.2,571,17,0,0
9,0.2,572,18,1,0
9,0.2,573,18,1,1
9,0.2,574,17,0,1
9,0.2,575,18,1,0
9,0.2,576,17,0,1
9,0.2,577,17,0,0
9,0.2,578,17,0,0
9,0.2,579,17,0,0
9,0.2,580,17,0,0
9,0.2,581,17,0,0
9,0.2,582,17,0,0
9,0.2,583,16,0,1
9,0.2,584,17,1,0
9,0.2,585,17,0,0
9,0.2,586,18,1,0
9,0.2,587,18,0,0
9,0.2,588,18,0,0
9,0.2,589,17,0,1
9,0.2,590,17,0,0
9,0.2,591,17,0,0
9,0.2,592,18,1,0
9,0.2,593,18,0,0
9,0.2,594,18,0,0
9,0.2,595,17,0,1
9,0.2,596,17,0,0
9,0.2,597,17,0,0
9,0.2,598,17,0,0
9,0.2,599,18,1,0
9,0.2,600,17,0,1
9,0.2,601,17,0,0
9,0.2,602,17,0,0
9,0.2,603,17,0,0
9,0.2,604,18,1,0
9,0.2,605,18,1,1
9,0.2,606,17,0,1
9,0.2,607,18,1,0
9,0.2,608,18,1,1
9,0.2,609,18,1,1
9,0.2,610,17,0,1
9,0.2,611,18,1,0
9,0.2,612,17,0,1
9,0.2,613,17,0,0
9,0.2,614,17,0,0
9,0.2,615,17,0,0
9,0.2,616,17,0,0
9,0.2,617,18,1,0
9,0.2,618,17,0,1
9,0.2,619,17,0,0
9,0.2,620,17,0,0
9,0.2,621,18,1,0
9,0.2,622,16,0,2
9,0.2,623,17,1,0
9,0.2,624,17,0,0
9,0.2,625,16,0,1
9,0.2,626,17,1,0
9,0.2,627,17,0,0
9,0.2,628,16,0,1
9,0.2,629,17,1,0
9,0.2,630,17,0,0
9,0.2,631,17,0,0
9,0.2,632,17,0,0
9,0.2,633,16,0,1
9,0.2,634,17,1,0
9,0.2,635,17,0,0
9,0.2,636,17,0,0
9,0.2,637,17,0,0
9,0.2,638,16,0,1
9,0.2,639,17,1,0
9,0.2,640,17,0,0
9,0.2,641,17,0,0
9,0.2,642,17,0,0
9,0.2,643,17,0,0
9,0.2,644,17,0,0
9,0.2,645,18,1,0
9,0.2,646,17,0,1
9,0.2,647,17,0,0
9,0.2,648,18,1,0
9,0.2,649,18,1,1
9,0.2,650,18,0,0
9,0.2,651,17,0,1
9,0.2,652,17,0,0
9,0.2,653,18,1,0
9,0.2,654,17,0,1
9,0.2,655,17,0,0
9,0.2,656,17,0,0
9,0.2,657,16,0,1
9,0.2,658,16,0,0
9,0.2,659,16,0,0
9,0.2,660,17,1,0
9,0.2,661,17,0,0
9,0.2,662,16,0,1
9,0.2,663,18,2,0
9,0.2,664,17,0,1
9,0.2,665,16,0,1
9,0.2,666,16,0,0
9,0.2,667,17,1,0
9,0.2,668,17,0,0
9,0.2,669,16,0,1
9,0.2,670,16,0,0
9,0.2,671,17,1,0
9,0.2,672,17,0,0
9,0.2,673,17,0,0
9,0.2,674,17,0,0
9,0.2,675,17,0,0
9,0.2,676,16,0,1
9,0.2,677,16,0,0
9,0.2,678,16,0,0
9,0.2,679,17,1,0
9,0.2,680,16,0,1
9,0.2,681,16,0,0
9,0.2,682,16,0,0
9,0.2,683,16,0,0
9,0.2,684,16,0,0
9,0.2,685,16,0,0
9,0.2,686,16,0,0
9,0.2,687,16,0,0
9,0.2,688,17,1,0
9,0.2,689,16,0,1
9,0.2,690,17,1,0
9,0.2,691,16,0,1
9,0.2,692,16,0,0
9,0.2,693,16,0,0
9,0.2,694,16,0,0
9,0.2,695,17,1,0
9,0.2,696,17,1,1
9,0.2,697,17,1,1
9,0.2,698,18,1,0
9,0.2,699,16,0,2
9,0.2,700,16,0,0
9,0.2,701,16,0,0
9,0.2,702,16,0,0
9,0.2,703,16,0,0
9,0.2,704,16,0,0
9,0.2,705,16,0,0
9,0.2,706,16,0,0
9,0.2,707,16,0,0
9,0.2,708,16,0,0
9,0.2,709,17,1,0
9,0.2,710,16,0,1
9,0.2,711,17,1,0
9,0.2,712,16,0,1
9,0.2,713,16,0,0
9,0.2,714,16,0,0
9,0.2,715,17,1,0
9,0.2,716,16,0,1
9,0.2,717,16,0,0
9,0.2,718,16,0,0
9,0.2,719,16,0,0
9,0.2,720,16,0,0
9,0.2,721,16,0,0
9,0.2,722,17,1,0
9,0.2,723,16,0,1
9,0.2,724,16,0,0
9,0.2,725,16,0,0
9,0.2,726,16,0,0
9,0.2,727,16,0,0
9,0.2,728,16,0,0
9,0.2,729,17,1,0
9,0.2,730,18,1,0
9,0.2,731,17,0,1
9,0.2,732,16,0,1
9,0.2,733,16,0,0
9,0.2,734,17,1,0
9,0.2,735,16,0,1
9,0.2,736,16,0,0
9,0.2,737,16,0,0
9,0.2,738,17,1,0
9,0.2,739,16,0,1
9,0.2,740,16,0,0
9,0.2,741,16,0,0
9,0.2,742,16,0,0
9,0.2,743,17,1,0
9,0.2,744,16,0,1
9,0.2,745,16,0,0
9,0.2,746,16,0,0
9,0.2,747,16,0,0
9,0.2,748,16,0,0
9,0.2,749,17,1,0
9,0.2,750,16,0,1
9,0.2,751,16,0,0
9,0.2,752,16,0,0
9,0.2,753,16,0,0
9,0.2,754,17,1,0
9,0.2,755,16,0,1
9,0.2,756,16,0,0
9,0.2,757,16,0,0
9,0.2,758,16,0,0
9,0.2,759,16,0,0
9,0.2,760,16,0,0
9,0.2,761,16,0,0
9,0.2,762,16,0,0
9,0.2,763,17,1,0
9,0.2,764,17,0,0
9,0.2,765,16,0,1
9,0.2,766,17,1,0
9,0.2,767,16,0,1
9,0.2,768,16,0,0
9,0.2,769,16,0,0
9,0.2,770,16,0,0
9,0.2,771,16,0,0
9,0.2,772,16,0,0
9,0.2,773,16,0,0
9,0.2,774,17,1,0
9,0.2,775,17,1,1
9,0.2,776,16,0,1
9,0.2,777,16,0,0
9,0.2,778,16,0,0
9,0.2,779,16,0,0
9,0.2,780,17,1,0
9,0.2,781,16,0,1
9,0.2,782,16,0,0
9,0.2,783,16,0,0
9,0.2,784,16,0,0
9,0.2,785,16,0,0
9,0.2,786,16,0,0
9,0.2,787,16,0,0
9,0.2,788,16,0,0
9,0.2,789,17,1,0
9,0.2,790,16,0,1
9,0.2,791,16,0,0
9,0.2,792,16,0,0
9,0.2,793,16,0,0
9,0.2,794,16,0,0
9,0.2,795,15,0,1
9,0.2,796,16,1,0
9,0.2,797,16,0,0
9,0.2,798,17,1,0
9,0.2,799,16,0,1
9,0.2,800,16,0,0
9,0.2,801,16,0,0
9,0.2,802,16,0,0
9,0.2,803,17,1,0
9,0.2,804,16,0,1
9,0.2,805,16,0,0
9,0.2,806,17,1,0
9,0.2,807,15,0,2
9,0.2,808,15,0,0
9,0.2,809,16,1,0
9,0.2,810,15,0,1
9,0.2,811,15,0,0
9,0.2,812,15,0,0
9,0.2,813,15,0,0
9,0.2,814,16,1,0
9,0.2,815,15,0,1
9,0.2,816,15,0,0
9,0.2,817,16,1,0
9,0.2,818,15,0,1
9,0.2,819,15,0,0
9,0.2,820,16,1,0
9,0.2,821,15,0,1
9,0.2,822,15,0,0
9,0.2,823,15,0,0
9,0.2,824,15,0,0
9,0.2,825,15,0,0
9,0.2,826,16,1,0
9,0.2,827,16,0,0
9,0.2,828,16,0,0
9,0.2,829,15,0,1
9,0.2,830,16,1,0
9,0.2,831,16,1,1
9,0.2,832,15,0,1
9,0.2,833,15,0,0
9,0.2,834,15,0,0
9,0.2,835,15,0,0
9,0.2,836,15,0,0
9,0.2,837,15,0,0
9,0.2,838,15,0,0
9,0.2,839,15,0,0
9,0.2,840,15,0,0
9,0.2,841,15,0,0
9,0.2,842,16,1,0
9,0.2,843,15,0,1
9,0.2,844,15,0,0
9,0.2,845,15,0,0
9,0.2,846,16,1,0
9,0.2,847,15,0,1
9,0.2,848,15,0,0
9,0.2,849,16,1,0
9,0.2,850,15,0,1
9,0.2,851,16,1,0
9,0.2,852,16,0,0
9,0.2,853,15,0,1
9,0.2,854,16,1,0
9,0.2,855,15,0,1
9,0.2,856,16,1,0
9,0.2,857,16,0,0
9,0.2,858,15,0,1
9,0.2,859,15,0,0
9,0.2,860,15,0,0
9,0.2,861,16,1,0
9,0.2,862,15,0,1
9,0.2,863,15,0,0
9,0.2,864,15,0,0
9,0.2,865,15,0,0
9,0.2,866,16,1,0
9,0.2,867,15,0,1
9,0.2,868,15,0,0
9,0.2,869,15,0,0
9,0.2,870,16,1,0
9,0.2,871,15,0,1
9,0.2,872,16,1,0
9,0.2,873,16,0,0
9,0.2,874,15,0,1
9,0.2,875,15,0,0
9,0.2,876,16,1,0
9,0.2,877,16,0,0
9,0.2,878,16,0,0
9,0.2,879,16,0,0
9,0.2,880,17,1,0
9,0.2,881,15,0,2
9,0.2,882,16,1,0
9,0.2,883,15,0,1
9,0.2,884,16,1,0
9,0.2,885,15,0,1
9,0.2,886,16,1,0
9,0.2,887,15,0,1
9,0.2,888,17,2,0
9,0.2,889,16,0,1
9,0.2,890,15,0,1
9,0.2,891,17,2,0
9,0.2,892,16,1,2
9,0.2,893,15,0,1
9,0.2,894,16,1,0
9,0.2,895,18,2,0
9,0.2,896,18,2,2
9,0.2,897,17,0,1
9,0.2,898,17,0,0
9,0.2,899,17,1,1
9,0.2,900,18,1,0
9,0.2,901,20,2,0
9,0.2,902,19,0,1
9,0.2,903,19,0,0
9,0.2,904,20,1,0
9,0.2,905,18,0,2
9,0.2,906,19,1,0
9,0.2,907,20,1,0
9,0.2,908,19,0,1
9,0.2,909,18,0,1
9,0.2,910,18,0,0
9,0.2,911,18,0,0
9,0.2,912,19,1,0
9,0.2,913,20,1,0
9,0.2,914,20,1,1
9,0.2,915,20,1,1
9,0.2,916,18,0,2
9,0.2,917,19,1,0
9,0.2,918,20,1,0
9,0.2,919,19,0,1
9,0.2,920,18,0,1
9,0.2,921,17,0,1
9,0.2,922,18,1,0
9,0.2,923,17,0,1
9,0.2,924,17,0,0
9,0.2,925,17,0,0
9,0.2,926,17,0,0
9,0.2,927,16,0,1
9,0.2,928,18,2,0
9,0.2,929,17,0,1
9,0.2,930,16,0,1
9,0.2,931,17,1,0
9,0.2,932,17,0,0
9,0.2,933,17,0,0
9,0.2,934,16,0,1
9,0.2,935,17,1,0
9,0.2,936,17,1,1
9,0.2,937,16,0,1
9,0.2,938,16,0,0
9,0.2,939,16,0,0
9,0.2,940,17,1,0
9,0.2,941,17,1,1
9,0.2,942,16,0,1
9,0.2,943,16,0,0
9,0.2,944,16,0,0
9,0.2,945,16,0,0
9,0.2,946,17,1,0
9,0.2,947,16,0,1
9,0.2,948,16,0,0
9,0.2,949,16,0,0
9,0.2,950,16,0,0
9,0.2,951,16,0,0
9,0.2,952,15,0,1
9,0.2,953,16,1,0
9,0.2,954,16,0,0
9,0.2,955,16,0,0
9,0.2,956,16,0,0
9,0.2,957,16,0,0
9,0.2,958,16,0,0
9,0.2,959,16,0,0
9,0.2,960,16,0,0
9,0.2,961,16,0,0
9,0.2,962,16,0,0
9,0.2,963,16,0,0
9,0.2,964,16,0,0
9,0.2,965,16,0,0
9,0.2,966,16,0,0
9,0.2,967,17,1,0
9,0.2,968,16,0,1
9,0.2,969,16,0,0
9,0.2,970,16,0,0
9,0.2,971,16,0,0
9,0.2,972,16,0,0
9,0.2,973,16,0,0
9,0.2,974,16,0,0
9,0.2,975,17,1,0
9,0.2,976,17,0,0
9,0.2,977,16,0,1
9,0.2,978,17,1,0
9,0.2,979,16,0,1
9,0.2,980,16,0,0
9,0.2,981,16,0,0
9,0.2,982,16,0,0
9,0.2,983,17,1,0
9,0.2,984,16,0,1
9,0.2,985,16,0,0
9,0.2,986,16,0,0
9,0.2,987,17,1,0
9,0.2,988,16,0,1
9,0.2,989,16,0,0
9,0.2,990,16,0,0
9,0.2,991,16,0,0
9,0.2,992,16,0,0
9,0.2,993,16,0,0
9,0.2,994,15,0,1
9,0.2,995,16,1,0
9,0.2,996,15,0,1
9,0.2,997,16,1,0
9,0.2,998,16,0,0
9,0.2,999,16,0,0
9,0.2,1000,15,0,1
9,0.2,1001,16,1,0
9,0.2,1002,16,0,0
9,0.2,1003,16,0,0
9,0.2,1004,16,0,0
9,0.2,1005,16,0,0
9,0.2,1006,15,0,1
9,0.2,1007,15,0,0
9,0.2,1008,16,1,0
9,0.2,1009,16,0,0
9,0.2,1010,16,0,0
9,0.2,1011,16,0,0
9,0.2,1012,16,0,0
9,0.2,1013,16,0,0
9,0.2,1014,16,0,0
9,0.2,1015,16,0,0
9,0.2,1016,16,0,0
9,0.2,1017,16,0,0
9,0.2,1018,16,0,0
9,0.2,1019,16,0,0
9,0.2,1020,16,0,0
9,0.2,1021,16,0,0
9,0.2,1022,17,1,0
9,0.2,1023,15,0,2
9,0.2,1024,16,1,0
9,0.2,1025,16,0,0
9,0.2,1026,16,0,0
9,0.2,1027,16,0,0
9,0.2,1028,16,0,0
9,0.2,1029,17,1,0
9,0.2,1030,17,0,0
9,0.2,1031,16,0,1
9,0.2,1032,17,1,0
9,0.2,1033,16,0,1
9,0.2,1034,17,1,0
9,0.2,1035,16,0,1
9,0.2,1036,17,1,0
9,0.2,1037,16,0,1
9,0.2,1038,16,0,0
9,0.2,1039,16,0,0
9,0.2,1040,16,0,0
9,0.2,1041,16,0,0
9,0.2,1042,16,0,0
9,0.2,1043,16,0,0
9,0.2,1044,16,0,0
9,0.2,1045,17,1,0
9,0.2,1046,16,0,1
9,0.2,1047,16,0,0
9,0.2,1048,16,0,0
9,0.2,1049,16,0,0
9,0.2,1050,16,0,0
9,0.2,1051,17,1,0
9,0.2,1052,17,1,1
9,0.2,1053,16,0,1
9,0.2,1054,16,0,0
9,0.2,1055,16,0,0
9,0.2,1056,16,0,0
9,0.2,1057,16,0,0
9,0.2,1058,16,0,0
9,0.2,1059,16,0,0
9,0.2,1060,16,0,0
9,0.2,1061,16,0,0
9,0.2,1062,17,1,0
9,0.2,1063,16,0,1
9,0.2,1064,18,2,0
9,0.2,1065,16,0,2
9,0.2,1066,16,0,0
9,0.2,1067,17,1,0
9,0.2,1068,16,0,1
9,0.2,1069,16,0,0
9,0.2,1070,16,0,0
9,0.2,1071,16,0,0
9,0.2,1072,16,0,0
9,0.2,1073,16,0,0
9,0.2,1074,16,0,0
9,0.2,1075,16,0,0
9,0.2,1076,16,0,0
9,0.2,1077,16,0,0
9,0.2,1078,16,0,0
9,0.2,1079,17,1,0
9,0.2,1080,16,0,1
9,0.2,1081,16,0,0
9,0.2,1082,16,0,0
9,0.2,1083,16,0,0
9,0.2,1084,16,0,0
9,0.2,1085,16,0,0
9,0.2,1086,16,0,0
9,0.2,1087,16,0,0
9,0.2,1088,16,0,0
9,0.2,1089,16,0,0
9,0.2,1090,16,0,0
9,0.2,1091,16,0,0
9,0.2,1092,16,0,0
9,0.2,1093,16,0,0
9,0.2,1094,17,1,0
9,0.2,1095,16,0,1
9,0.2,1096,16,0,0
9,0.2,1097,16,0,0
9,0.2,1098,17,1,0
9,0.2,1099,17,0,0
9,0.2,1100,16,0,1
9,0.2,1101,16,0,0
9,0.2,1102,16,0,0
9,0.2,1103,17,1,0
9,0.2,1104,16,0,1
9,0.2,1105,17,1,0
9,0.2,1106,16,0,1
9,0.2,1107,16,0,0
9,0.2,1108,16,0,0
9,0.2,1109,16,0,0
9,0.2,1110,16,0,0
9,0.2,1111,17,1,0
9,0.2,1112,16,0,1
9,0.2,1113,16,0,0
9,0.2,1114,17,1,0
9,0.2,1115,16,0,1
9,0.2,1116,17,1,0
9,0.2,1117,17,0,0
9,0.2,1118,16,0,1
9,0.2,1119,17,1,0
9,0.2,1120,18,1,0
9,0.2,1121,17,0,1
9,0.2,1122,17,0,0
9,0.2,1123,17,0,0
9,0.2,1124,16,0,1
9,0.2,1125,17,1,0
9,0.2,1126,16,0,1
9,0.2,1127,17,1,0
9,0.2,1128,17,0,0
9,0.2,1129,17,0,0
9,0.2,1130,17,0,0
9,0.2,1131,17,0,0
9,0.2,1132,17,0,0
9,0.2,1133,18,1,0
9,0.2,1134,18,1,1
9,0.2,1135,17,0,1
9,0.2,1136,18,1,0
9,0.2,1137,17,0,1
9,0.2,1138,18,1,0
9,0.2,1139,18,0,0
9,0.2,1140,18,0,0
9,0.2,1141,18,0,0
9,0.2,1142,18,0,0
9,0.2,1143,18,0,0
9,0.2,1144,18,0,0
9,0.2,1145,18,0,0
9,0.2,1146,18,1,1
9,0.2,1147,18,1,1
9,0.2,1148,18,0,0
9,0.2,1149,18,1,1
9,0.2,1150,19,2,1
9,0.2,1151,17,0,2
9,0.2,1152,18,1,0
9,0.2,1153,18,0,0
9,0.2,1154,18,0,0
9,0.2,1155,18,1,1
9,0.2,1156,18,0,0
9,0.2,1157,18,0,0
9,0.2,1158,18,0,0
9,0.2,1159,18,0,0
9,0.2,1160,19,1,0
9,0.2,1161,18,0,1
9,0.2,1162,18,0,0
9,0.2,1163,18,0,0
9,0.2,1164,18,0,0
9,0.2,1165,18,0,0
9,0.2,1166,18,0,0
9,0.2,1167,18,1,1
9,0.2,1168,17,0,1
9,0.2,1169,18,1,0
9,0.2,1170,18,0,0
9,0.2,1171,18,0,0
9,0.2,1172,18,0,0
9,0.2,1173,17,0,1
9,0.2,1174,18,1,0
9,0.2,1175,18,0,0
9,0.2,1176,18,0,0
9,0.2,1177,18,0,0
9,0.2,1178,18,0,0
9,0.2,1179,18,0,0
9,0.2,1180,18,0,0
9,0.2,1181,18,0,0
9,0.2,1182,18,0,0
9,0.2,1183,18,0,0
9,0.2,1184,18,0,0
9,0.2,1185,18,0,0
9,0.2,1186,18,0,0
9,0.2,1187,18,0,0
9,0.2,1188,18,0,0
9,0.2,1189,18,0,0
9,0.2,1190,18,0,0
9,0.2,1191,19,1,0
9,0.2,1192,18,0,1
9,0.2,1193,18,0,0
9,0.2,1194,19,1,0
9,0.2,1195,18,0,1
9,0.2,1196,18,0,0
9,0.2,1197,18,0,0
9,0.2,1198,18,0,0
9,0.2,1199,18,0,0
9,0.2,1200,18,0,0
9,0.2,1201,20,2,0
9,0.2,1202,19,0,1
9,0.2,1203,19,0,0
9,0.2,1204,18,0,1
9,0.2,1205,18,0,0
9,0.2,1206,18,0,0
9,0.2,1207,18,0,0
9,0.2,1208,18,0,0
9,0.2,1209,18,0,0
9,0.2,1210,19,1,0
9,0.2,1211,18,0,1
9,0.2,1212,18,0,0
9,0.2,1213,18,0,0
9,0.2,1214,18,0,0
9,0.2,1215,18,0,0
9,0.2,1216,19,1,0
9,0.2,1217,18,0,1
9,0.2,1218,18,0,0
9,0.2,1219,18,0,0
9,0.2,1220,18,0,0
9,0.2,1221,18,0,0
9,0.2,1222,18,1,1
9,0.2,1223,18,0,0
9,0.2,1224,17,0,1
9,0.2,1225,17,0,0
9,0.2,1226,17,0,0
9,0.2,1227,17,0,0
9,0.2,1228,18,1,0
9,0.2,1229,17,0,1
9,0.2,1230,18,1,0
9,0.2,1231,17,0,1
9,0.2,1232,17,0,0
9,0.2,1233,18,1,0
9,0.2,1234,19,1,0
9,0.2,1235,19,0,0
9,0.2,1236,18,0,1
9,0.2,1237,18,0,0
9,0.2,1238,17,0,1
9,0.2,1239,17,0,0
9,0.2,1240,17,0,0
9,0.2,1241,18,1,0
9,0.2,1242,17,0,1
9,0.2,1243,17,0,0
9,0.2,1244,19,2,0
9,0.2,1245,17,0,2
9,0.2,1246,17,0,0
9,0.2,1247,17,0,0
9,0.2,1248,19,2,0
9,0.2,1249,18,1,2
9,0.2,1250,18,1,1
9,0.2,1251,17,0,1
9,0.2,1252,17,0,0
9,0.2,1253,17,0,0
9,0.2,1254,18,1,0
9,0.2,1255,17,0,1
9,0.2,1256,19,2,0
9,0.2,1257,18,1,2
9,0.2,1258,18,1,1
9,0.2,1259,17,0,1
9,0.2,1260,18,1,0
9,0.2,1261,17,0,1
9,0.2,1262,18,1,0
9,0.2,1263,18,1,1
9,0.2,1264,19,1,0
9,0.2,1265,19,0,0
9,0.2,1266,17,0,2
9,0.2,1267,18,1,0
9,0.2,1268,17,0,1
9,0.2,1269,19,2,0
9,0.2,1270,17,0,2
9,0.2,1271,18,1,0
9,0.2,1272,18,0,0
9,0.2,1273,17,0,1
9,0.2,1274,18,1,0
9,0.2,1275,18,1,1
9,0.2,1276,17,0,1
9,0.2,1277,18,1,0
9,0.2,1278,17,0,1
9,0.2,1279,20,3,0
9,0.2,1280,17,0,3
9,0.2,1281,18,1,0
9,0.2,1282,18,0,0
9,0.2,1283,17,0,1
9,0.2,1284,18,1,0
9,0.2,1285,18,0,0
9,0.2,1286,17,0,1
9,0.2,1287,18,1,0
9,0.2,1288,17,0,1
9,0.2,1289,18,1,0
9,0.2,1290,18,0,0
9,0.2,1291,17,0,1
9,0.2,1292,18,1,0
9,0.2,1293,18,0,0
9,0.2,1294,18,0,0
9,0.2,1295,18,1,1
9,0.2,1296,17,0,1
9,0.2,1297,17,0,0
9,0.2,1298,18,1,0
9,0.2,1299,18,1,1
9,0.2,1300,17,0,1
9,0.2,1301,19,2,0
9,0.2,1302,18,0,1
9,0.2,1303,18,1,1
9,0.2,1304,20,2,0
9,0.2,1305,19,0,1
9,0.2,1306,18,1,2
9,0.2,1307,17,0,1
9,0.2,1308,18,1,0
9,0.2,1309,18,0,0
9,0.2,1310,19,1,0
9,0.2,1311,19,1,1
9,0.2,1312,18,0,1
9,0.2,1313,17,0,1
9,0.2,1314,17,0,0
9,0.2,1315,18,1,0
9,0.2,1316,18,0,0
9,0.2,1317,18,0,0
9,0.2,1318,17,0,1
9,0.2,1319,19,2,0
9,0.2,1320,17,0,2
9,0.2,1321,18,1,0
9,0.2,1322,17,0,1
9,0.2,1323,18,1,0
9,0.2,1324,18,1,1
9,0.2,1325,18,0,0
9,0.2,1326,18,1,1
9,0.2,1327,17,0,1
9,0.2,1328,17,0,0
9,0.2,1329,18,1,0
9,0.2,1330,18,1,1
9,0.2,1331,19,2,1
9,0.2,1332,18,0,1
9,0.2,1333,18,0,0
9,0.2,1334,18,0,0
9,0.2,1335,18,1,1
9,0.2,1336,19,1,0
9,0.2,1337,19,1,1
9,0.2,1338,18,0,1
9,0.2,1339,18,0,0
9,0.2,1340,19,1,0
9,0.2,1341,19,1,1
9,0.2,1342,18,0,1
9,0.2,1343,18,0,0
9,0.2,1344,20,3,1
9,0.2,1345,20,2,2
9,0.2,1346,19,0,1
9,0.2,1347,19,0,0
9,0.2,1348,18,0,1
9,0.2,1349,19,1,0
9,0.2,1350,18,0,1
9,0.2,1351,20,2,0
9,0.2,1352,18,0,2
9,0.2,1353,19,1,0
9,0.2,1354,19,1,1
9,0.2,1355,18,0,1
9,0.2,1356,20,2,0
9,0.2,1357,18,0,2
9,0.2,1358,19,1,0
9,0.2,1359,20,1,0
9,0.2,1360,20,0,0
9,0.2,1361,19,0,1
9,0.2,1362,19,1,1
9,0.2,1363,19,1,1
9,0.2,1364,18,0,1
9,0.2,1365,19,1,0
9,0.2,1366,19,0,0
9,0.2,1367,20,2,1
9,0.2,1368,20,2,2
9,0.2,1369,19,0,1
9,0.2,1370,20,1,0
9,0.2,1371,19,0,1
9,0.2,1372,19,0,0
9,0.2,1373,19,0,0
9,0.2,1374,18,0,1
9,0.2,1375,19,1,0
9,0.2,1376,20,1,0
9,0.2,1377,21,2,1
9,0.2,1378,21,1,1
9,0.2,1379,20,0,1
9,0.2,1380,20,1,1
9,0.2,1381,20,0,0
9,0.2,1382,19,0,1
9,0.2,1383,20,1,0
9,0.2,1384,19,0,1
9,0.2,1385,18,0,1
9,0.2,1386,18,0,0
9,0.2,1387,20,2,0
9,0.2,1388,19,0,1
9,0.2,1389,20,1,0
9,0.2,1390,17,0,3
9,0.2,1391,20,3,0
9,0.2,1392,19,1,2
9,0.2,1393,17,0,2
9,0.2,1394,19,2,0
9,0.2,1395,18,1,2
9,0.2,1396,17,0,1
9,0.2,1397,18,1,0
9,0.2,1398,19,1,0
9,0.2,1399,21,2,0
9,0.2,1400,20,1,2
9,0.2,1401,19,1,2
9,0.2,1402,19,1,1
9,0.2,1403,19,1,1
9,0.2,1404,20,1,0
9,0.2,1405,20,1,1
9,0.2,1406,19,1,2
9,0.2,1407,19,0,0
9,0.2,1408,19,1,1
9,0.2,1409,21,2,0
9,0.2,1410,19,0,2
9,0.2,1411,20,1,0
9,0.2,1412,21,2,1
9,0.2,1413,20,1,2
9,0.2,1414,22,2,0
9,0.2,1415,20,0,2
9,0.2,1416,21,1,0
9,0.2,1417,21,0,0
9,0.2,1418,20,0,1
9,0.2,1419,20,0,0
9,0.2,1420,19,0,1
9,0.2,1421,21,2,0
9,0.2,1422,20,1,2
9,0.2,1423,20,1,1
9,0.2,1424,19,0,1
9,0.2,1425,19,1,1
9,0.2,1426,19,1,1
9,0.2,1427,19,1,1
9,0.2,1428,19,1,1
9,0.2,1429,20,2,1
9,0.2,1430,19,0,1
9,0.2,1431,20,2,1
9,0.2,1432,20,1,1
9,0.2,1433,20,1,1
9,0.2,1434,18,0,2
9,0.2,1435,18,0,0
9,0.2,1436,18,0,0
9,0.2,1437,19,1,0
9,0.2,1438,21,2,0
9,0.2,1439,22,1,0
9,0.2,1440,19,0,3
9,0.2,1441,22,3,0
9,0.2,1442,20,0,2
9,0.2,1443,20,1,1
9,0.2,1444,20,1,1
9,0.2,1445,18,0,2
9,0.2,1446,18,0,0
9,0.2,1447,18,0,0
9,0.2,1448,18,0,0
9,0.2,1449,18,1,1
9,0.2,1450,18,0,0
9,0.2,1451,18,0,0
9,0.2,1452,19,2,1
9,0.2,1453,19,1,1
9,0.2,1454,18,0,1
9,0.2,1455,18,0,0
9,0.2,1456,18,1,1
9,0.2,1457,19,1,0
9,0.2,1458,20,2,1
9,0.2,1459,19,1,2
9,0.2,1460,19,0,0
9,0.2,1461,20,1,0
9,0.2,1462,18,0,2
9,0.2,1463,19,1,0
9,0.2,1464,19,1,1
9,0.2,1465,19,0,0
9,0.2,1466,19,0,0
9,0.2,1467,18,0,1
9,0.2,1468,19,1,0
9,0.2,1469,19,0,0
9,0.2,1470,19,0,0
9,0.2,1471,19,1,1
9,0.2,1472,19,1,1
9,0.2,1473,20,1,0
9,0.2,1474,19,0,1
9,0.2,1475,18,0,1
9,0.2,1476,18,0,0
9,0.2,1477,19,1,0
9,0.2,1478,20,1,0
9,0.2,1479,19,0,1
9,0.2,1480,19,0,0
9,0.2,1481,19,0,0
9,0.2,1482,19,0,0
9,0.2,1483,19,0,0
9,0.2,1484,19,0,0
9,0.2,1485,19,0,0
9,0.2,1486,19,0,0
9,0.2,1487,19,0,0
9,0.2,1488,19,0,0
9,0.2,1489,19,0,0
9,0.2,1490,19,0,0
9,0.2,1491,21,2,0
9,0.2,1492,19,0,2
9,0.2,1493,19,0,0
9,0.2,1494,19,0,0
9,0.2,1495,19,0,0
9,0.2,1496,19,0,0
9,0.2,1497,20,1,0
9,0.2,1498,18,0,2
9,0.2,1499,19,1,0
9,0.2,1500,19,0,0
