seed,env,act,window,step,layer,group,n,n_active,occupancy,active_fraction,p_old,C,S,cert_mass,cert_force_mass,C_expected,F,F_switch,F_residual,zmean,f_support,f_suppress,f_cert,f_new_support,f_amplify,f_support_neutral,f_suppress_neutral
0,RL,LR,t2,-1,1,P,48292,48292,0.4538721804511278,1.0,0.10019041369572858,0.0027151262866631936,0.004799876016171934,0.14880270964578113,0.14833813079296387,0.010405322741526076,1.0958499048764003e-05,1.622187696098247e-06,9.336311352665741e-06,0.1414339720104365,0.5004348546343079,0.49687318810569037,0.0750434854634308,0.499565145365692,0.5031268118943096,0.0,0.0
0,RL,LR,t2,-1,1,B,58108,58108,0.5461278195488721,1.0,0.1002071647515784,-0.0052886959959508205,-0.010048245965408391,0.146769533887793,0.15034855495992375,-0.0012217917517200712,-6.077847955418753e-06,-2.355917256215039e-06,-3.7219306992037105e-06,-0.15264758952963084,0.49867488125559306,0.4999655813313141,0.07580711778068425,0.501325118744407,0.5000344186686859,0.0,0.0
0,RL,LR,t2,-1,1,V,0,0,0.0,nan,nan,nan,nan,nan,nan,nan,0.0,0.0,0.0,nan,nan,nan,nan,nan,nan,nan,nan
0,RL,LR,t2,-1,1,ALL,106400,106400,1.0,1.0,0.10019956191333498,0.001814462866988526,0.0031429165011827116,0.14857581967801126,0.14854803965454325,0.009095108773078205,4.88065109334525e-06,-7.337295601167919e-07,5.61438065346203e-06,-0.01917214996296793,0.4994736842105263,0.49856203007518796,0.07546052631578948,0.5005263157894737,0.501437969924812,0.0,0.0
0,RL,LR,t2,-1,2,P,52282,52282,0.4913721804511278,1.0,0.10017675864038741,-0.008330212175898393,-0.0015441939082397958,0.14161193583747012,0.14844374045523512,-0.0026555167602284337,-1.3824515164704919e-05,0.00010049391507980313,-0.00011431843024450795,0.06991963003330234,0.499732221414636,0.5054894609999617,0.09058567002027466,0.500267778585364,0.4945105390000383,0.0,0.0
0,RL,LR,t2,-1,2,B,54118,54118,0.5086278195488722,1.0,0.10022159156550693,0.009837081832005115,0.0022511481776418423,0.15656338482816315,0.15798301339685428,0.01052399218822745,6.694828228280377e-06,2.341268091380274e-05,-1.6717852685522365e-05,-0.0696305074273539,0.5030673712997524,0.48773051480099044,0.08730921320078347,0.4969326287002476,0.5122694851990096,0.0,0.0
0,RL,LR,t2,-1,2,V,0,0,0.0,nan,nan,nan,nan,nan,nan,nan,0.0,0.0,0.0,nan,nan,nan,nan,nan,nan,nan,nan
0,RL,LR,t2,-1,2,ALL,106400,106400,1.0,1.0,0.10019956191333496,-0.006713537220041256,-0.0012166819403658957,0.14290214324715889,0.14929058178855548,-0.001520840502324846,-7.12968693642454e-06,0.00012390659599360586,-0.0001310362829300303,-0.0010594521010566247,0.5014285714285714,0.49645676691729324,0.08891917293233083,0.49857142857142855,0.5035432330827068,0.0,0.0
0,RL,ELU1,t2,-1,1,P,48292,48292,0.4538721804511278,1.0,0.10035876195260085,0.009598168770307107,0.008344495525303655,0.15817757238017371,0.15547856695347084,0.017412285128072396,-6.023729634266351e-05,-0.00011903902592118588,5.880172957852246e-05,0.1414339720104365,0.5020293216267705,0.5097738755901599,0.0772177586349706,0.4979706783732295,0.49022612440984015,0.0,0.0
0,RL,ELU1,t2,-1,1,B,58108,58108,0.5461278195488721,1.0,0.10037123170086155,-0.0031037273933686113,-0.00542834628969656,0.16015426519703943,0.1598803485824213,0.001777849819265042,-1.4253602749136929e-05,5.668894542060369e-05,-7.094254816974061e-05,-0.15264758952963084,0.5001376746747436,0.49304742892544917,0.07682246850691815,0.49986232532525643,0.5069525710745508,0.0,0.0
0,RL,ELU1,t2,-1,1,V,0,0,0.0,nan,nan,nan,nan,nan,nan,nan,0.0,0.0,0.0,nan,nan,nan,nan,nan,nan,nan,nan
0,RL,ELU1,t2,-1,1,ALL,106400,106400,1.0,1.0,0.1003655720290288,0.0028167249535946764,0.0009736942834506393,0.1592354375662421,0.15771471453110536,0.009047609264366645,-7.449089909180044e-05,-6.235008050058219e-05,-1.2140818591218143e-05,-0.01917214996296793,0.5009962406015037,0.5006390977443609,0.07700187969924813,0.4990037593984962,0.4993609022556391,0.0,0.0
0,RL,ELU1,t2,-1,2,P,54210,54210,0.5094924812030075,1.0,0.100346234140679,-0.008374146578989076,-0.00466083072359224,0.14336083616899595,0.14798141244622767,-0.001041662045162126,5.490790110690223e-05,0.00015520925831810756,-0.00010030135721120535,0.09394164667024854,0.4985795978601734,0.5095369857959786,0.08922707987456188,0.5014204021398266,0.4904630142040214,0.0,0.0
0,RL,ELU1,t2,-1,2,B,52190,52190,0.4905075187969925,1.0,0.10038565838517823,0.009153671227941399,0.005371285228023323,0.1555247487641929,0.15697066428625966,0.009847014800460014,2.3288497947765498e-05,0.00015735046573289312,-0.00013406196778512763,-0.08406004435294137,0.5019735581529029,0.49128185476144853,0.08744970300823912,0.49802644184709716,0.5087181452385514,0.0,0.0
0,RL,ELU1,t2,-1,2,V,0,0,0.0,nan,nan,nan,nan,nan,nan,nan,0.0,0.0,0.0,nan,nan,nan,nan,nan,nan,nan,nan
0,RL,ELU1,t2,-1,2,ALL,106400,106400,1.0,1.0,0.10036557202902877,-0.0007937200165932045,-0.0003900461458617356,0.14853915055122385,0.1520905796742869,0.003601914781006701,7.819639905466774e-05,0.00031255972405100065,-0.00023436332499633298,0.0066304788647947675,0.5002443609022557,0.5005827067669173,0.08835526315789474,0.49975563909774434,0.4994172932330827,0.0,0.0
0,RL,R,t2,-1,1,P,48292,48292,0.4538721804511278,1.0,0.10017443045445874,0.000548275241543068,0.004723245175191932,0.14963259582880367,0.15135831483147563,0.007440996847229995,1.2203471253087656e-05,1.814719403953794e-05,-5.943722786450259e-06,0.1414339720104365,0.5009111239956928,0.4987989729147685,0.0767207819100472,0.4990888760043071,0.5012010270852315,0.0,0.0
0,RL,R,t2,-1,1,B,58108,0,0.5461278195488721,0.0,0.10019206368571458,nan,nan,nan,nan,nan,0.0,0.0,0.0,-0.15264758952963084,nan,nan,nan,nan,nan,nan,nan
0,RL,R,t2,-1,1,V,0,0,0.0,nan,nan,nan,nan,nan,nan,nan,0.0,0.0,0.0,nan,nan,nan,nan,nan,nan,nan,nan
0,RL,R,t2,-1,1,ALL,106400,48292,1.0,0.4538721804511278,0.10018406045259609,0.000548275241543068,0.004723245175191932,0.14963259582880367,0.15135831483147563,0.007440996847229995,1.2203471253087656e-05,1.814719403953794e-05,-5.943722786450259e-06,-0.01917214996296793,0.5009111239956928,0.4987989729147685,0.0767207819100472,0.4990888760043071,0.5012010270852315,0.0,0.0
0,RL,R,t2,-1,2,P,52058,52058,0.4892669172932331,1.0,0.10016481809605851,-0.008033544951661623,-0.0005755886370405201,0.14158816344538772,0.14851083506933105,-0.002655829257099798,5.615819987891723e-06,0.00011325838596711488,-0.00010764256597922315,0.0688289059339984,0.499731069192055,0.5044565676745169,0.09070651965115832,0.500268930807945,0.4955434323254831,0.0,0.0
0,RL,R,t2,-1,2,B,54342,0,0.5107330827067669,0.0,0.10020249405085603,nan,nan,nan,nan,nan,0.0,0.0,0.0,-0.0699616087580295,nan,nan,nan,nan,nan,nan,nan
0,RL,R,t2,-1,2,V,0,0,0.0,nan,nan,nan,nan,nan,nan,nan,0.0,0.0,0.0,nan,nan,nan,nan,nan,nan,nan,nan
0,RL,R,t2,-1,2,ALL,106400,52058,1.0,0.4892669172932331,0.10018406045259616,-0.008033544951661623,-0.0005755886370405201,0.14158816344538772,0.14851083506933105,-0.002655829257099798,5.615819987891723e-06,0.00011325838596711488,-0.00010764256597922315,-0.002056001485119828,0.499731069192055,0.5044565676745169,0.09070651965115832,0.500268930807945,0.4955434323254831,0.0,0.0
0,RL,GELU,t2,-1,1,P,48292,48292,0.4538721804511278,1.0,0.10022154034975782,0.008510870757562973,0.0039569099897023416,0.1582706055887007,0.1544795391777417,0.01633979280181151,-7.458115886338901e-06,-3.509479171141716e-05,2.763667582507824e-05,0.1414339720104365,0.5007247577238466,0.5059015986084652,0.07597531682266213,0.4992752422761534,0.4940984013915348,0.0,0.0
0,RL,GELU,t2,-1,1,B,58088,58088,0.5459398496240602,1.0,0.10023155184197013,-0.0030775257161110925,-0.008986951677543957,0.16071611623521942,0.16082106227272297,0.0015332654512935561,-8.189392723866867e-06,1.4546741886766395e-05,-2.273613461063326e-05,-0.1524200544089532,0.499707340586696,0.4930278198595235,0.07850158380388376,0.5002926594133039,0.5069721801404765,0.0,0.0
0,RL,GELU,t2,-1,1,V,20,20,0.00018796992481203009,1.0,0.10084304145621528,-0.040664083042059054,-0.15083289449522,0.11833000093644495,0.09621326418412911,0.052713983986589344,1.5642982988884646e-08,-1.0620957400579044e-08,2.626394038946369e-08,-0.8135005940257342,0.45,0.4,0.05,0.55,0.6,0.0,0.0
0,RL,GELU,t2,-1,1,ALL,106400,106400,1.0,1.0,0.10022712284582698,0.0030556097087342544,-0.0021951713866891725,0.1594031088792768,0.15719097541915428,0.00940821115484033,-1.5631865627216885e-05,-2.055867078205135e-05,4.926805154834445e-06,-0.019172149962967927,0.5001597744360903,0.4988533834586466,0.07734962406015038,0.4998402255639098,0.5011466165413534,0.0,0.0
0,RL,GELU,t2,-1,2,P,53512,53512,0.5029323308270677,1.0,0.10023612949423016,-0.0103494913971723,-0.007680841699140023,0.13897275986982557,0.14400468330872027,-0.0051524262411842036,8.51406812322324e-05,0.00010958420146561932,-2.444352023338692e-05,0.0648608077102355,0.49801913589475255,0.5080355808043056,0.08820451487516819,0.5019808641052474,0.49196441919569445,0.0,0.0
0,RL,GELU,t2,-1,2,B,52888,52888,0.4970676691729323,1.0,0.10021800993232395,0.0076273789496992365,0.0016813920567036672,0.1479089560991059,0.15562054792857544,0.007623581719533919,-2.096213158343479e-05,6.375943649843142e-05,-8.472156808186625e-05,-0.05825089171492657,0.5013991831795492,0.48842837694751173,0.08652246256239601,0.49860081682045077,0.5115716230524883,0.0,0.0
0,RL,GELU,t2,-1,2,V,0,0,0.0,nan,nan,nan,nan,nan,nan,nan,0.0,0.0,0.0,nan,nan,nan,nan,nan,nan,nan,nan
0,RL,GELU,t2,-1,2,ALL,106400,106400,1.0,1.0,0.10022712284582701,-0.002836889315704053,-0.0038453170170792443,0.14263374528153347,0.14904251422219408,8.57655773554645e-05,6.417854964879761e-05,0.00017334363796405074,-0.00010916508831525316,0.0036659622290515625,0.49969924812030075,0.4982894736842105,0.08736842105263158,0.5003007518796992,0.5017105263157895,0.0,0.0
0,RL,SILU,t2,-1,1,P,48292,48292,0.4538721804511278,1.0,0.10021966129867377,0.009201919555449887,0.003826790919875423,0.1579682329792246,0.1550414206398852,0.01705811565973014,-7.766305271828025e-06,-3.486705218292606e-05,2.710074691109802e-05,0.1414339720104365,0.5015116375383086,0.5066470636958502,0.0767207819100472,0.49848836246169137,0.4933529363041498,0.0,0.0
0,RL,SILU,t2,-1,1,B,58108,58108,0.5461278195488721,1.0,0.10022987614872299,-0.003231009753720536,-0.009051941658248255,0.16074881667763133,0.16097644436335573,0.0015972863094540282,-9.175461025230822e-06,1.4879080479069419e-05,-2.405454150430027e-05,-0.15264758952963084,0.5004646520272595,0.49364975562745234,0.07806154057961039,0.4995353479727404,0.5063502443725477,0.0,0.0
0,RL,SILU,t2,-1,1,V,0,0,0.0,nan,nan,nan,nan,nan,nan,nan,0.0,0.0,0.0,nan,nan,nan,nan,nan,nan,nan,nan
0,RL,SILU,t2,-1,1,ALL,106400,106400,1.0,1.0,0.10022523991245816,0.0029338569541395923,-0.002686588276813909,0.15937450459065786,0.1578381000247065,0.009237996021208795,-1.6941766297058847e-05,-1.998797170385664e-05,3.046205406797748e-06,-0.01917214996296793,0.5009398496240601,0.49954887218045113,0.077453007518797,0.49906015037593987,0.5004511278195489,0.0,0.0
0,RL,SILU,t2,-1,2,P,53776,53776,0.5054135338345864,1.0,0.1002320478722598,-0.010458771987555217,-0.008253212497060061,0.13912332294094223,0.14406147373539444,-0.005043968728753645,8.093772039238422e-05,9.885550447581873e-05,-1.79177840834345e-05,0.06519624282588313,0.4980102648021422,0.5086469800654567,0.08806902707527521,0.5019897351978578,0.4913530199345433,0.0,0.0
0,RL,SILU,t2,-1,2,B,52624,52624,0.4945864661654135,1.0,0.1002182829185714,0.007129776811348501,0.0015500081261663854,0.14710314774115263,0.15576887922820964,0.006913414938214841,-1.8925438253175828e-05,7.312407786103825e-05,-9.20495161142141e-05,-0.058135029755772935,0.5013871997567649,0.48899741562785043,0.08684250532076619,0.498612800243235,0.5110025843721496,0.0,0.0
0,RL,SILU,t2,-1,2,V,0,0,0.0,nan,nan,nan,nan,nan,nan,nan,0.0,0.0,0.0,nan,nan,nan,nan,nan,nan,nan,nan
0,RL,SILU,t2,-1,2,ALL,106400,106400,1.0,1.0,0.10022523991245812,-0.002945311737669732,-0.004144983549420013,0.14246742265075074,0.14932396499849251,-2.6924703054563296e-05,6.201228213920839e-05,0.000171979582336857,-0.0001099673001976486,0.0041982645520384975,0.49968045112781956,0.49892857142857144,0.08746240601503759,0.5003195488721804,0.5010714285714286,0.0,0.0
1,RL,LR,t2,-1,1,P,53504,53504,0.4944916820702403,1.0,0.1000217948554145,0.0030085750532304347,0.0027576958587737254,0.15715506689222564,0.1524019529602491,0.01145549017006411,8.815313558500832e-06,-3.207528264940037e-05,4.0890596207901215e-05,0.1534502199443592,0.500635466507177,0.49286034688995217,0.07683537679425838,0.49936453349282295,0.5071396531100478,0.0,0.0
1,RL,LR,t2,-1,1,B,54696,54696,0.5055083179297597,1.0,0.10001720461680749,0.00431778770168115,0.00827552971193398,0.15621788554063545,0.15225086681259473,-0.0025525434433837572,-9.734889402675588e-07,-3.939567143457472e-06,2.9660782031899163e-06,-0.14835147527431852,0.49892131051630834,0.4995429281848764,0.07581907269270148,0.5010786894836917,0.5004570718151236,0.0,0.0
1,RL,LR,t2,-1,1,V,0,0,0.0,nan,nan,nan,nan,nan,nan,nan,0.0,0.0,0.0,nan,nan,nan,nan,nan,nan,nan,nan
1,RL,LR,t2,-1,1,ALL,108200,108200,1.0,1.0,0.10001947445161737,0.0031235268905976774,0.0032399077679794263,0.15707316518571388,0.15238822773913208,0.010227602347430972,7.841824618233274e-06,-3.6014849792857845e-05,4.385667441109113e-05,0.000886952646015422,0.4997689463955638,0.4962384473197782,0.07632162661737524,0.5002310536044362,0.5037615526802218,0.0,0.0
1,RL,LR,t2,-1,2,P,54280,54280,0.5016635859519408,1.0,0.10000279464168776,-0.00014567509733978923,0.005729968383414543,0.14137640829552145,0.14510801643344104,0.00322914925534449,1.1847434644153936e-05,0.00014523335390073856,-0.00013338591925658445,0.08216523127819976,0.49871039056742816,0.4985630066322771,0.08091378039793662,0.5012896094325718,0.501436993367723,0.0,0.0
1,RL,LR,t2,-1,2,B,53920,53920,0.4983364140480592,1.0,0.10003626562526316,-0.0011773085227897735,0.0005580704083152128,0.17304834007706643,0.16474627002061956,0.001643738079328616,-5.190182920642366e-07,2.983257242927579e-06,-3.502275534991811e-06,-0.07258779904183313,0.49998145400593474,0.4837351632047478,0.09591988130563799,0.5000185459940653,0.5162648367952523,0.0,0.0
1,RL,LR,t2,-1,2,V,0,0,0.0,nan,nan,nan,nan,nan,nan,nan,0.0,0.0,0.0,nan,nan,nan,nan,nan,nan,nan,nan
1,RL,LR,t2,-1,2,ALL,108200,108200,1.0,1.0,0.10001947445161741,-0.00023274642101424081,0.005291395337396347,0.14406216421367565,0.146936916087112,0.003094630561395629,1.1328416352089699e-05,0.00014821661114366614,-0.00013688819479157626,0.005046161085443998,0.4993438077634011,0.49117375231053606,0.08839186691312384,0.5006561922365989,0.5088262476894639,0.0,0.0
1,RL,ELU1,t2,-1,1,P,53504,53504,0.4944916820702403,1.0,0.10003163940663536,0.003581726555987516,0.009307515793269536,0.14196144822849302,0.14224607903497288,0.010015355118076339,-7.683848106971416e-05,-3.195199051371086e-05,-4.488649055600328e-05,0.1534502199443592,0.5008784389952153,0.49863561602870815,0.0767793062200957,0.49912156100478466,0.5013643839712919,0.0,0.0
1,RL,ELU1,t2,-1,1,B,54696,54696,0.5055083179297597,1.0,0.10002116626387186,0.0024066808178905136,0.011761728706545838,0.16145671489437888,0.15628590177061244,-0.0016337408325536964,1.675206925446494e-05,-3.6223184916651946e-05,5.2975254171116886e-05,-0.14835147527431852,0.50325435132368,0.4931622056457511,0.07801301740529472,0.49674564867632004,0.5068377943542489,0.0,0.0
1,RL,ELU1,t2,-1,1,V,0,0,0.0,nan,nan,nan,nan,nan,nan,nan,0.0,0.0,0.0,nan,nan,nan,nan,nan,nan,nan,nan
1,RL,ELU1,t2,-1,1,ALL,108200,108200,1.0,1.0,0.10002634514585354,0.003050333904495733,0.01041373213452176,0.15074877977833917,0.14864845125079929,0.004764700778010186,-6.0086411815249226e-05,-6.81751754303628e-05,8.08876361511361e-06,0.000886952646015422,0.5020794824399261,0.4958687615526802,0.07740295748613678,0.49792051756007394,0.5041312384473198,0.0,0.0
1,RL,ELU1,t2,-1,2,P,53361,53361,0.4931700554528651,1.0,0.09998738097370426,-0.00010188660341792959,0.011776220806025643,0.14208405466056925,0.14652302449059462,0.0007321579851106334,-0.00014062510237296426,1.6770437202640448e-05,-0.0001573955395756047,0.09558084031612211,0.49965330484811005,0.5013024493543974,0.08073311969415865,0.50034669515189,0.4986975506456026,0.0,0.0
1,RL,ELU1,t2,-1,2,B,54839,54839,0.5068299445471349,1.0,0.10006425917036275,0.0011399072157584065,0.012052028985253163,0.17561356464927957,0.1667158657247699,0.0025616758266917804,0.0002468508462594022,0.00015483467901553677,9.201616724386553e-05,-0.09464246749275489,0.5009208774777074,0.48613213224165286,0.09794124619340251,0.49907912252229253,0.5138678677583471,0.0,0.0
1,RL,ELU1,t2,-1,2,V,0,0,0.0,nan,nan,nan,nan,nan,nan,nan,0.0,0.0,0.0,nan,nan,nan,nan,nan,nan,nan,nan
1,RL,ELU1,t2,-1,2,ALL,108200,108200,1.0,1.0,0.10002634514585355,0.0005215442298061838,0.0119159356194664,0.1590689361312827,0.15658579327036917,0.001657455257631233,0.00010622574388643796,0.00017160511621817722,-6.537937233173916e-05,-0.0008300282322235941,0.5002957486136784,0.4936136783733826,0.0894547134935305,0.49970425138632163,0.5063863216266173,0.0,0.0
1,RL,R,t2,-1,1,P,53504,53504,0.4944916820702403,1.0,0.10002024638123529,0.0028670632535744613,0.003402280727819872,0.16116915265749382,0.15644651244485178,0.010261911547648113,1.7385877142686233e-05,-1.3475414192979396e-05,3.086129133566563e-05,0.1534502199443592,0.49983178827751196,0.4920940490430622,0.07741477272727272,0.500168211722488,0.5079059509569378,0.0,0.0
1,RL,R,t2,-1,1,B,54696,0,0.5055083179297597,0.0,0.10001649881545945,nan,nan,nan,nan,nan,0.0,0.0,0.0,-0.14835147527431852,nan,nan,nan,nan,nan,nan,nan
1,RL,R,t2,-1,1,V,0,0,0.0,nan,nan,nan,nan,nan,nan,nan,0.0,0.0,0.0,nan,nan,nan,nan,nan,nan,nan,nan
1,RL,R,t2,-1,1,ALL,108200,53504,1.0,0.4944916820702403,0.10001835195556362,0.0028670632535744613,0.003402280727819872,0.16116915265749382,0.15644651244485178,0.010261911547648113,1.7385877142686233e-05,-1.3475414192979396e-05,3.086129133566563e-05,0.000886952646015422,0.49983178827751196,0.4920940490430622,0.07741477272727272,0.500168211722488,0.5079059509569378,0.0,0.0
1,RL,R,t2,-1,2,P,54447,54447,0.5032070240295748,1.0,0.10000782804095386,-0.000565405649287675,0.004755061383784471,0.14158955322621053,0.1451774884744668,0.003316471191155636,-1.4581188476751562e-05,0.00010826192064272006,-0.00012284310911947155,0.08195057573928524,0.4993479897882344,0.50011938215145,0.08114313001634617,0.5006520102117655,0.49988061784855,0.0,0.0
1,RL,R,t2,-1,2,B,53753,0,0.49679297597042515,0.0,0.1000290117434593,nan,nan,nan,nan,nan,0.0,0.0,0.0,-0.07134833033293722,nan,nan,nan,nan,nan,nan,nan
1,RL,R,t2,-1,2,V,0,0,0.0,nan,nan,nan,nan,nan,nan,nan,0.0,0.0,0.0,nan,nan,nan,nan,nan,nan,nan,nan
1,RL,R,t2,-1,2,ALL,108200,54447,1.0,0.5032070240295748,0.10001835195556359,-0.000565405649287675,0.004755061383784471,0.14158955322621053,0.1451774884744668,0.003316471191155636,-1.4581188476751562e-05,0.00010826192064272006,-0.00012284310911947155,0.005792755978655168,0.4993479897882344,0.50011938215145,0.08114313001634617,0.5006520102117655,0.49988061784855,0.0,0.0
1,RL,GELU,t2,-1,1,P,53504,53504,0.4944916820702403,1.0,0.09996691071614201,0.003973135645022662,-0.0005741249145077904,0.14277851503979527,0.14368973278623792,0.010388179180370619,-3.2648334711358376e-08,-1.5249882766944171e-05,1.5217234432232844e-05,0.1534502199443592,0.5020559210526315,0.4930846291866029,0.07791940789473684,0.4979440789473684,0.5069153708133971,0.0,0.0
1,RL,GELU,t2,-1,1,B,54694,54694,0.5054898336414048,1.0,0.09996352636540827,0.0020998578285119406,0.004123681584515737,0.16017476697611274,0.15441632294230775,-0.0016858445356485363,-1.0793376368189386e-05,-1.13972927279548e-05,6.039163597654177e-07,-0.14832914543775555,0.5019014882802502,0.4943869528650309,0.07763191574944235,0.4980985117197499,0.5056130471349691,0.0,0.0
1,RL,GELU,t2,-1,1,V,2,2,1.8484288354898337e-05,1.0,0.10258831249081325,-0.69071151246543,-1.0,0.0,0.0,-0.6301696172235846,2.458848585880788e-10,1.7296420234761634e-09,-1.4837571648880849e-09,-0.7590055157618196,0.5,0.0,0.0,0.5,1.0,0.0,0.0
1,RL,GELU,t2,-1,1,ALL,108200,108200,1.0,1.0,0.09996524841599894,0.003200454481797476,0.0012257518452181723,0.14948351690909234,0.14770475484797624,0.005671621358329668,-1.0825778818042156e-05,-2.6645445852875496e-05,1.5819667034833376e-05,0.0008869526460154264,0.5019778188539741,0.49373382624768947,0.07777264325323476,0.49802218114602587,0.5062661737523105,0.0,0.0
1,RL,GELU,t2,-1,2,P,51788,51788,0.4786321626617375,1.0,0.09997008357255976,-0.0024532859639714018,0.0015510667070345132,0.13983175025921987,0.1458879306132332,-0.0015762661871005065,1.014515506155006e-05,4.564865754093066e-05,-3.550350247938057e-05,0.06798320306370212,0.49944002471615045,0.49173553719008267,0.08057851239669421,0.5005599752838495,0.5082644628099173,0.0,0.0
1,RL,GELU,t2,-1,2,B,56412,56412,0.5213678373382625,1.0,0.09996080958936679,0.00015164558837228533,0.002674941243765381,0.17368549085358714,0.16368516882488782,0.0021991003118055825,4.0836125995237416e-05,4.6235933363731275e-05,-5.399807368493917e-06,-0.06595800011945557,0.500709068992413,0.4838509536977948,0.09604339502233568,0.49929093100758704,0.5161490463022052,0.0,0.0
1,RL,GELU,t2,-1,2,V,0,0,0.0,nan,nan,nan,nan,nan,nan,nan,0.0,0.0,0.0,nan,nan,nan,nan,nan,nan,nan,nan
1,RL,GELU,t2,-1,2,ALL,108200,108200,1.0,1.0,0.09996524841599894,-0.0011792162562023968,0.0021062644583625437,0.15655561047470948,0.15447431946017312,0.00028447141736607546,5.0981281056787475e-05,9.188459090466194e-05,-4.090330984787449e-05,-0.0018494323703856087,0.500101663585952,0.48762476894639556,0.08864140480591497,0.4998983364140481,0.5123752310536044,0.0,0.0
1,RL,SILU,t2,-1,1,P,53504,53504,0.4944916820702403,1.0,0.09996280378733201,0.00337950527783094,-0.0012660279673878858,0.1411470160777022,0.14225878178783374,0.009801133607338844,6.236781789367397e-07,-1.1446803907952141e-05,1.2070482086888867e-05,0.1534502199443592,0.5018129485645934,0.49536483253588515,0.07709703947368421,0.4981870514354067,0.5046351674641149,0.0,0.0
1,RL,SILU,t2,-1,1,B,54696,54696,0.5055083179297597,1.0,0.09995947376605448,0.002462415245921638,0.0048991049245919495,0.1613344510700576,0.15585870854294456,-0.001789053858992433,-9.703965726983518e-06,-1.011343279098023e-05,4.094670639967093e-07,-0.14835147527431852,0.5020111159865438,0.49244917361415824,0.07823241187655404,0.4979888840134562,0.5075508263858417,0.0,0.0
1,RL,SILU,t2,-1,1,V,0,0,0.0,nan,nan,nan,nan,nan,nan,nan,0.0,0.0,0.0,nan,nan,nan,nan,nan,nan,nan,nan
1,RL,SILU,t2,-1,1,ALL,108200,108200,1.0,1.0,0.09996112043387734,0.0029930739097527707,0.0013207930659736072,0.14961743875355027,0.14792916287724142,0.004937381689442999,-9.08028754804678e-06,-2.1560236698932373e-05,1.2479949150885575e-05,0.000886952646015422,0.501913123844732,0.4938909426987061,0.07767097966728281,0.49808687615526803,0.5061090573012939,0.0,0.0
1,RL,SILU,t2,-1,2,P,51436,51436,0.4753789279112754,1.0,0.09996405002187919,-0.002862863666902056,0.0014179440159839182,0.14034786516179387,0.14613474558575132,-0.0023930818800962264,1.5754621014898528e-05,5.162240044740938e-05,-3.586777943251084e-05,0.06701386856936782,0.49910568473442724,0.49101796407185627,0.08027451590325842,0.5008943152655727,0.5089820359281437,0.0,0.0
1,RL,SILU,t2,-1,2,B,56764,56764,0.5246210720887245,1.0,0.09995846582376423,0.0006526226329046817,0.0033158941562158053,0.17360427978431955,0.16413445487710535,0.0022842910792039563,3.829493306703013e-05,3.825079285141242e-05,4.414021561767289e-08,-0.06561983224031656,0.5004051863857374,0.4835106757804242,0.09613487421605242,0.49959481361426256,0.5164893242195758,0.0,0.0
1,RL,SILU,t2,-1,2,V,0,0,0.0,nan,nan,nan,nan,nan,nan,nan,0.0,0.0,0.0,nan,nan,nan,nan,nan,nan,nan,nan
1,RL,SILU,t2,-1,2,ALL,108200,108200,1.0,1.0,0.09996112043387738,-0.0010713725193875984,0.0023951942489707063,0.15747151780642954,0.15526035409490618,9.416376951770189e-06,5.404955408192866e-05,8.98731932988218e-05,-3.582363921689316e-05,-0.0025685657445039404,0.4997874306839187,0.48707948243992605,0.08859519408502772,0.5002125693160814,0.512920517560074,0.0,0.0
2,RL,LR,t2,-1,1,P,56899,56899,0.5273308619091751,1.0,0.09972556666516683,-0.010612920707630617,0.007446170644438382,0.15725423199539207,0.1553011220873329,-0.011490543237136285,-8.73851394572201e-05,7.989564308207816e-05,-0.00016728078253929818,0.15134197056873733,0.49865551239916345,0.49195943689695776,0.07571310567848293,0.5013444876008366,0.5080405631030422,0.0,0.0
2,RL,LR,t2,-1,1,B,50996,50996,0.47262279888785913,1.0,0.09977345837588719,-0.014709098228267742,-0.012236446917870882,0.1397285704711847,0.14107828577085468,-0.015096656655311428,-1.0804791949403244e-05,-1.1445970132647734e-05,6.411781832444853e-07,-0.1535215745681103,0.4967056239705075,0.5056671111459722,0.07388814809004628,0.5032943760294926,0.49433288885402776,0.0,0.0
2,RL,LR,t2,-1,1,V,5,5,4.633920296570899e-05,1.0,0.09688246999129128,-0.1992470065273384,-0.03531496746855561,0.0,0.0,-0.3125387023735774,-5.467156750815169e-09,-3.669866508708955e-08,3.123150833627436e-08,-1.0298340211839077,0.6,0.6,0.0,0.4,0.4,0.0,0.0
2,RL,LR,t2,-1,1,ALL,107900,107900,1.0,1.0,0.0997480696326972,-0.01098471582577768,0.005721497210561785,0.1557095444113939,0.15410348098087628,-0.011823573868230625,-9.819539856337415e-05,6.841297428434334e-05,-0.0001666083728477174,0.007201773833265184,0.4977386468952734,0.4984430027803522,0.07484708063021316,0.5022613531047266,0.5015569972196479,0.0,0.0
2,RL,LR,t2,-1,2,P,57283,57283,0.5308897126969416,1.0,0.099733053740887,-0.004121947610269281,0.013833124475514576,0.1620862273274392,0.15935721044828766,-0.008040761961411156,-0.00023064572776187293,0.00011260755644367613,-0.00034325328420554914,0.08296941345916017,0.4988216399280764,0.4870031248363389,0.09023619572997224,0.5011783600719236,0.5129968751636611,0.0,0.0
2,RL,LR,t2,-1,2,B,50617,50617,0.46911028730305837,1.0,0.09976506304065422,-0.0059303562641569284,-0.0011590343431952524,0.15370275313096318,0.1527293138307782,-0.006395844078865804,1.968154735052013e-06,-7.838514939862654e-06,9.806669674914664e-06,-0.08175686751170423,0.49957524151964755,0.5116265286366241,0.09020684750182745,0.5004247584803525,0.48837347136337594,0.0,0.0
2,RL,LR,t2,-1,2,V,0,0,0.0,nan,nan,nan,nan,nan,nan,nan,0.0,0.0,0.0,nan,nan,nan,nan,nan,nan,nan,nan
2,RL,LR,t2,-1,2,ALL,107900,107900,1.0,1.0,0.09974806963269718,-0.004267683710348754,0.012651584389562128,0.16142552122483822,0.15882741601132444,-0.007911389728955076,-0.00022867757302682092,0.00010476904150381346,-0.0003334466145306345,0.005694620466553653,0.49917516218721036,0.49855421686746987,0.0902224281742354,0.5008248378127896,0.5014457831325301,0.0,0.0
2,RL,ELU1,t2,-1,1,P,56899,56899,0.5273308619091751,1.0,0.09946674257926919,-0.012323830742389866,0.008091326573935041,0.16007399183006854,0.15936882207265324,-0.014778931434891375,-0.00012210359527967316,0.00010558713145164679,-0.00022769072673132004,0.15134197056873733,0.49881368741102655,0.48874321165574086,0.07857783089333732,0.5011863125889734,0.5112567883442591,0.0,0.0
2,RL,ELU1,t2,-1,1,B,50996,50996,0.47262279888785913,1.0,0.09952527325971168,-0.014214548649524853,-0.00712298527424529,0.13862165250965897,0.1413263832031907,-0.009402126234255707,-7.79200813483323e-05,-8.372094432445367e-05,5.800862976121399e-06,-0.1535215745681103,0.4974703898344968,0.5067064083457526,0.07316260098831281,0.5025296101655031,0.4932935916542474,0.0,0.0
2,RL,ELU1,t2,-1,1,V,5,5,4.633920296570899e-05,1.0,0.09331813347098411,-0.14885320075643307,-0.013927988624899296,0.0,0.0,-0.2226076402344461,-2.0048178738644867e-08,-1.6664098045852183e-07,1.465928017198769e-07,-1.0298340211839077,0.4,0.6,0.0,0.6,0.4,0.0,0.0
2,RL,ELU1,t2,-1,1,ALL,107900,107900,1.0,1.0,0.0994941205916353,-0.013243176037352016,0.0010563683574147872,0.15011633758726017,0.15134660910111544,-0.012357881092246644,-0.0002000437248067441,2.16995461467346e-05,-0.00022174327095347875,0.007201773833265184,0.4981742354031511,0.4972381835032437,0.07601482854494902,0.5018257645968489,0.5027618164967562,0.0,0.0
2,RL,ELU1,t2,-1,2,P,55497,55497,0.5143373493975903,1.0,0.09950483819273453,-0.008135301406076231,0.008867799303428302,0.16776766547725605,0.16382348418777035,-0.01136309755760101,-9.170073558101933e-05,0.0001813672963787471,-0.0002730680319597664,0.09391726651812067,0.4977566354938105,0.484746923257113,0.09250950501828928,0.5022433645061896,0.515253076742887,0.0,0.0
2,RL,ELU1,t2,-1,2,B,52403,52403,0.48566265060240965,1.0,0.09948277019741739,-0.010739479078652305,-0.0006793587422701883,0.15330269066708946,0.15450311936596275,-0.007897195079756477,6.717504227818683e-05,-0.00011572359091486297,0.0001828986331930497,-0.09631656810807034,0.49850199416063967,0.5104669579985879,0.09150239490105529,0.5014980058393603,0.4895330420014121,0.0,0.0
2,RL,ELU1,t2,-1,2,V,0,0,0.0,nan,nan,nan,nan,nan,nan,nan,0.0,0.0,0.0,nan,nan,nan,nan,nan,nan,nan,nan
2,RL,ELU1,t2,-1,2,ALL,107900,107900,1.0,1.0,0.09949412059163533,-0.009384783848055672,0.00432731435938766,0.16088834075809735,0.15951536952082193,-0.009718842314034339,-2.452569330283251e-05,6.564370546388412e-05,-9.01693987667167e-05,0.0015277981593042871,0.4981186283595922,0.4972381835032437,0.09202038924930492,0.5018813716404078,0.5027618164967562,0.0,0.0
2,RL,R,t2,-1,1,P,56899,56899,0.5273308619091751,1.0,0.09975906575139484,-0.011007874988340965,0.005809535106845309,0.1575435607698431,0.15600137657195537,-0.01052745551299583,-8.110590740040185e-05,6.992097143139616e-05,-0.00015102687883179788,0.15134197056873733,0.4981634123622559,0.49069403680205276,0.07625793071934481,0.5018365876377441,0.5093059631979472,0.0,0.0
2,RL,R,t2,-1,1,B,50996,0,0.47262279888785913,0.0,0.09980631686850704,nan,nan,nan,nan,nan,0.0,0.0,0.0,-0.1535215745681103,nan,nan,nan,nan,nan,nan,nan
2,RL,R,t2,-1,1,V,5,0,4.633920296570899e-05,0.0,0.0972028115726926,nan,nan,nan,nan,nan,0.0,0.0,0.0,-1.0298340211839077,nan,nan,nan,nan,nan,nan,nan
2,RL,R,t2,-1,1,ALL,107900,56899,1.0,0.5273308619091751,0.09978127925183378,-0.011007874988340965,0.005809535106845309,0.1575435607698431,0.15600137657195537,-0.01052745551299583,-8.110590740040185e-05,6.992097143139616e-05,-0.00015102687883179788,0.007201773833265184,0.4981634123622559,0.49069403680205276,0.07625793071934481,0.5018365876377441,0.5093059631979472,0.0,0.0
2,RL,R,t2,-1,2,P,57383,57383,0.5318164967562558,1.0,0.0997615300858661,-0.003062490012378599,0.014775770529134678,0.16083543300181027,0.158727329367331,-0.0069691519197735115,-0.00023171558684537306,0.00012243049677197697,-0.00035414608361735,0.08363696163161131,0.4989282540125124,0.4871129080041127,0.08981754178066675,0.5010717459874876,0.5128870919958873,0.0,0.0
2,RL,R,t2,-1,2,B,50517,0,0.4681835032437442,0.0,0.09980371261863555,nan,nan,nan,nan,nan,0.0,0.0,0.0,-0.08167412612470473,nan,nan,nan,nan,nan,nan,nan
2,RL,R,t2,-1,2,V,0,0,0.0,nan,nan,nan,nan,nan,nan,nan,0.0,0.0,0.0,nan,nan,nan,nan,nan,nan,nan,nan
2,RL,R,t2,-1,2,ALL,107900,57383,1.0,0.5318164967562558,0.0997812792518338,-0.003062490012378599,0.014775770529134678,0.16083543300181027,0.158727329367331,-0.0069691519197735115,-0.00023171558684537306,0.00012243049677197697,-0.00035414608361735,0.006241037440825235,0.4989282540125124,0.4871129080041127,0.08981754178066675,0.5010717459874876,0.5128870919958873,0.0,0.0
2,RL,GELU,t2,-1,1,P,56899,56899,0.5273308619091751,1.0,0.09978381634600338,-0.013440703333070595,0.004066500925967355,0.1606536836785818,0.16006304269792132,-0.016350817849916998,-2.957480653894398e-05,4.143411303819482e-05,-7.100891957713878e-05,0.15134197056873733,0.4989191374189353,0.48724933654370023,0.07899963092497232,0.5010808625810647,0.5127506634562997,0.0,0.0
2,RL,GELU,t2,-1,1,B,50890,50890,0.4716404077849861,1.0,0.09981231724463052,-0.014834292103088958,-0.013734770057646978,0.13851920329736622,0.14187059348194664,-0.01042659239272967,-2.7936972739326698e-05,-1.573954875563638e-05,-1.2197423983690294e-05,-0.15212384597617215,0.4980153271762625,0.5042051483592062,0.07372764786795048,0.5019846728237375,0.49579485164079384,0.0,0.0
2,RL,GELU,t2,-1,1,V,111,111,0.0010287303058387396,1.0,0.09988760370736126,0.06269042413346865,-0.0020052254010709055,0.15490406603690524,0.1709954199489505,0.08509843027936216,2.6519171251287945e-09,-4.136359653813654e-08,4.401551366326534e-08,-0.8338095950799183,0.5585585585585585,0.5855855855855856,0.09009009009009009,0.44144144144144143,0.4144144144144144,0.0,0.0
2,RL,GELU,t2,-1,1,ALL,107900,107900,1.0,1.0,0.09979736529065811,-0.013750310590747501,-0.0028993678597180475,0.1519970433839332,0.15346774285604653,-0.013739720603594236,-5.750912736114555e-05,2.565320068602031e-05,-8.316232804716581e-05,0.007201773833265193,0.49855421686746987,0.4953475440222428,0.07652455977757183,0.5014457831325301,0.5046524559777572,0.0,0.0
2,RL,GELU,t2,-1,2,P,58050,58050,0.5379981464318814,1.0,0.09980772167624445,-0.005193200656065359,0.007275150886866719,0.16671771057187262,0.16198616372494337,-0.009191020142058425,-5.7627174323674937e-05,8.750357162063581e-05,-0.00014513074594431078,0.06801161355110602,0.4981739879414298,0.4866322136089578,0.09164513350559862,0.5018260120585702,0.5133677863910422,0.0,0.0
2,RL,GELU,t2,-1,2,B,49850,49850,0.4620018535681186,1.0,0.09978530534716192,-0.006544305537555382,-0.0035165094798701897,0.14920714986167125,0.14925678760052835,-0.005046030462719803,6.608407452600577e-06,-4.967913406768948e-05,5.6287541520290074e-05,-0.06908359447839184,0.4987963891675025,0.5080641925777332,0.08882647943831494,0.5012036108324975,0.4919358074222668,0.0,0.0
2,RL,GELU,t2,-1,2,V,0,0,0.0,nan,nan,nan,nan,nan,nan,nan,0.0,0.0,0.0,nan,nan,nan,nan,nan,nan,nan,nan
2,RL,GELU,t2,-1,2,ALL,107900,107900,1.0,1.0,0.09979736529065812,-0.005776448009967807,0.00267645165187022,0.1592558558242411,0.15679446220780935,-0.007428505502478186,-5.101876687107436e-05,3.7824437552946324e-05,-8.884320442402071e-05,0.004673373326171186,0.49846153846153846,0.49653382761816495,0.09034291010194624,0.5015384615384615,0.503466172381835,0.0,0.0
2,RL,SILU,t2,-1,1,P,56899,56899,0.5273308619091751,1.0,0.0997863721846446,-0.01308648165469635,0.0035064126168008864,0.1607790926291071,0.16025282396053442,-0.01575087999716991,-2.611691522475859e-05,3.618830502367149e-05,-6.23052202484301e-05,0.15134197056873733,0.4990245874268441,0.48818081161356086,0.07945658095924357,0.5009754125731559,0.5118191883864391,0.0,0.0
2,RL,SILU,t2,-1,1,B,51001,51001,0.47266913809082484,1.0,0.09981420498824345,-0.015064808609598601,-0.013834362651255396,0.13765785615633122,0.14093331509455512,-0.010445886810352214,-3.085406580070758e-05,-2.1904434510773474e-05,-8.949631289934102e-06,-0.1536074858685373,0.4978137683574832,0.5042646222623086,0.0730573910315484,0.5021862316425169,0.49573537773769144,0.0,0.0
2,RL,SILU,t2,-1,1,V,0,0,0.0,nan,nan,nan,nan,nan,nan,nan,0.0,0.0,0.0,nan,nan,nan,nan,nan,nan,nan,nan
2,RL,SILU,t2,-1,1,ALL,107900,107900,1.0,1.0,0.09979952789193233,-0.013938461624770878,-0.003951361419670506,0.1508353067030289,0.1524140412768796,-0.01347308578000208,-5.6970981025466176e-05,1.4283870512898013e-05,-7.12548515383642e-05,0.007201773833265194,0.4984522706209453,0.49578313253012046,0.0764318813716404,0.5015477293790547,0.5042168674698795,0.0,0.0
2,RL,SILU,t2,-1,2,P,58210,58210,0.5394810009267841,1.0,0.09980585423337306,-0.005160189758816117,0.0068713175907666214,0.1671134815102966,0.1616501877444464,-0.009187152515853492,-5.010749005985544e-05,7.096911945910625e-05,-0.0001210766095189617,0.06712265909732142,0.4988146366603676,0.48625665693179865,0.09154784401305617,0.5011853633396324,0.5137433430682014,0.0,0.0
2,RL,SILU,t2,-1,2,B,49690,49690,0.4605189990732159,1.0,0.09979211681655972,-0.006886935811231146,-0.004020470720970886,0.14892321145454285,0.14965196520944352,-0.005040824689452628,5.634253998772696e-06,-4.053033383111585e-05,4.616458782988853e-05,-0.06868839915130871,0.4995371302072852,0.5075669148722077,0.08919299657878849,0.5004628697927148,0.4924330851277923,0.0,0.0
2,RL,SILU,t2,-1,2,V,0,0,0.0,nan,nan,nan,nan,nan,nan,nan,0.0,0.0,0.0,nan,nan,nan,nan,nan,nan,nan,nan
2,RL,SILU,t2,-1,2,ALL,107900,107900,1.0,1.0,0.09979952789193233,-0.005933892043455895,0.002051560750685597,0.1590640523426676,0.15652676966191306,-0.007356278871927762,-4.447323606108275e-05,3.0438785627990413e-05,-7.491202168907318e-05,0.004579086489588045,0.499147358665431,0.4960704355885079,0.09046339202965709,0.5008526413345691,0.5039295644114922,0.0,0.0
0,RL,LR,t2,0,1,P,44122,44122,0.41468045112781954,1.0,0.9966657045818874,0.3546202410626378,0.35468201095474283,0.6773037246919719,0.5837821525422033,0.46273532482775065,-0.07765825499242421,-0.0776998269827533,4.157199032910197e-05,0.9093469009098983,0.5573183445900004,0.5572050224377861,0.5552785458501428,0.44268165540999954,0.44279497756221387,0.0,0.0
0,RL,LR,t2,0,1,B,30472,30472,0.28639097744360903,1.0,0.9966482009104148,0.044971173642362174,0.04523667362185499,0.522556346185798,0.5462610554273409,0.053987197289684666,0.0029495344454723827,0.002954049162417976,-4.51471694559517e-06,-0.47419651935957774,0.5263520609083749,0.5261551588343397,0.5237266999212392,0.4736479390916251,0.4738448411656603,0.0,0.0
0,RL,LR,t2,0,1,V,31806,31806,0.29892857142857143,1.0,0.9974835782433032,-0.1016447625112111,-0.10157279272865127,0.44918811891113547,0.4538960695565883,-0.13017606143163665,-0.0032343614781407785,-0.003242382628106675,8.021149965894212e-06,-2.022773015371233,0.46903100044016854,0.46903100044016854,0.4676790542664906,0.5309689995598315,0.5309689995598315,0.0,0.0
0,RL,LR,t2,0,1,ALL,106400,106400,1.0,1.0,0.9969051774935217,0.2818615386214943,0.28192713977274314,0.6409272067444073,0.572928504788013,0.36966767743057033,-0.0779430820250926,-0.07798816044844199,4.5078423349401004e-05,-0.3633818693879319,0.5220582706766917,0.5219548872180451,0.5200563909774436,0.47794172932330825,0.4780451127819549,0.0,0.0
0,RL,LR,t2,0,2,P,83538,83538,0.7851315789473684,1.0,0.9967264286943464,0.47493344925003145,0.4749903032222963,0.7374591132694064,0.5866473353047833,0.6075060379159148,-0.03918570658886855,-0.039230564419474256,4.485783060568723e-05,1.3277065188055126,0.5582968230027053,0.5581412052000287,0.5561421149656444,0.44170317699729467,0.44185879479997126,0.0,0.0
0,RL,LR,t2,0,2,B,17740,17740,0.16672932330827067,1.0,0.9972545341716159,0.5787758140277345,0.5789845630038237,0.7894623900375892,0.7853590060098982,0.7186169065163119,0.0030263623518776007,0.0030301434570279874,-3.7811051503863965e-06,-0.3955765629173443,0.7056933483652762,0.705749718151071,0.7045659526493799,0.2943066516347238,0.294250281848929,0.0,0.0
0,RL,LR,t2,0,2,V,5122,5122,0.048139097744360905,1.0,0.9986105132444251,0.5827610128509847,0.5829654983044054,0.7914767651505465,0.7916553988964853,0.7189624163832323,0.0009133140835603862,0.0009135940461879059,-2.799626275191668e-07,-1.6023572226641218,0.7190550566185084,0.7190550566185084,0.7174931667317455,0.2809449433814916,0.2809449433814916,0.0,0.0
0,RL,LR,t2,0,2,ALL,106400,106400,1.0,1.0,0.9969051774935218,0.4765181566267789,0.47657797959572684,0.7382532378095684,0.5925502744880318,0.6092038476367571,-0.03524603015343056,-0.03528682691625836,4.079676282778167e-05,0.8993340718734548,0.5906109022556391,0.5904981203007519,0.588656015037594,0.4093890977443609,0.4095018796992481,0.0,0.0
0,RL,ELU1,t2,0,1,P,32361,32361,0.30414473684210525,1.0,0.9911276573064095,0.3638967268535105,0.36407336894521575,0.681729677500636,0.6282455167495509,0.4880359656856844,-0.08412655172876204,-0.08454446954245715,0.00041791781369509033,0.6460443663472434,0.5870337752232626,0.5870028738296097,0.5824294675689874,0.41296622477673745,0.4129971261703903,0.0,0.0
0,RL,ELU1,t2,0,1,B,36601,36601,0.34399436090225566,1.0,0.990957018648445,0.18748433971078474,0.18719842092626884,0.5931318672538564,0.5706838412002229,0.2506015315475068,0.033117220138667296,0.0334269529455757,-0.00030973280690842247,-0.4859676887258563,0.5534821452965766,0.5527717821917434,0.5477719188000327,0.4465178547034234,0.4472282178082566,0.0,0.0
0,RL,ELU1,t2,0,1,V,37438,37438,0.3518609022556391,1.0,0.9943075167544966,0.07838019125254622,0.07888961661093324,0.539250013252342,0.573796017132358,0.10395459660327869,0.010013341563161372,0.01002243844884291,-9.096885681537624e-06,-2.0203005470700064,0.5324803675410011,0.5323201025695817,0.5294086222554624,0.46751963245899886,0.46767989743041827,0.0,0.0
0,RL,ELU1,t2,0,1,ALL,106400,106400,1.0,1.0,0.9921878267847678,0.19211734198835034,0.1923506063818028,0.5958906794955767,0.6010100170407178,0.2561762150583145,-0.04099599002693339,-0.04109507814803853,9.908812110513022e-05,-0.6815439240310041,0.556296992481203,0.5559868421052632,0.5518515037593985,0.443703007518797,0.44401315789473683,0.0,0.0
0,RL,ELU1,t2,0,2,P,59980,59980,0.5637218045112782,1.0,0.9924055897026902,0.5888036192924837,0.589033324378372,0.7942479612850077,0.6814378374190883,0.7391465645795524,-0.05942707339910168,-0.05962002991572119,0.00019295651661949356,1.125632939794963,0.6230576858952984,0.622757585861954,0.6182394131377126,0.3769423141047016,0.377242414138046,0.0,0.0
0,RL,ELU1,t2,0,2,B,29074,29074,0.27325187969924813,1.0,0.9903359747970092,0.43788668081687165,0.43844830208896907,0.7187383780130874,0.6884242880390612,0.5732188611433593,0.019791235128697196,0.0198784531756723,-8.721804697511177e-05,-0.46272741420624414,0.634587604044851,0.6344500240764944,0.6288780353580519,0.3654123959551489,0.3655499759235055,0.0,0.0
0,RL,ELU1,t2,0,2,V,17346,17346,0.16302631578947369,1.0,0.9945387621517164,0.561544976022592,0.5625922743721605,0.7810211683504676,0.7732680817102675,0.7177774343305037,0.005709356370546895,0.005716663514480677,-7.307143933781344e-06,-1.741154527948596,0.6987778162112303,0.699066067104808,0.6952035051308659,0.30122218378876975,0.300933932895192,0.0,0.0
0,RL,ELU1,t2,0,2,ALL,106400,106400,1.0,1.0,0.9921878267847676,0.5682437407817552,0.5686665499560072,0.7840400687968395,0.6872911019928146,0.7187944598207712,-0.033926481899857586,-0.034024913225568214,9.843132571060045e-05,0.22424868840670287,0.6385526315789474,0.6383928571428571,0.6336936090225563,0.36144736842105263,0.36160714285714285,0.0,0.0
0,RL,R,t2,0,1,P,39781,39781,0.3738815789473684,1.0,0.9985490092396786,0.2658124087313046,0.2658140193198651,0.6328939381577268,0.54507072604887,0.35120206796838616,-0.0514033922184785,-0.05140873941260597,5.347194127463634e-06,1.0967098585083648,0.5301525854050929,0.5301023101480606,0.5290716673788994,0.46984741459490714,0.46989768985193936,0.0,0.0
0,RL,R,t2,0,1,B,41014,0,0.3854699248120301,0.0,0.9981579581523251,nan,nan,nan,nan,nan,0.0,0.0,0.0,-0.5315717856418267,nan,nan,nan,nan,nan,nan,nan
0,RL,R,t2,0,1,V,25605,0,0.2406484962406015,0.0,0.9986759663319963,nan,nan,nan,nan,nan,0.0,0.0,0.0,-2.149705472055554,nan,nan,nan,nan,nan,nan,nan
0,RL,R,t2,0,1,ALL,106400,39781,1.0,0.3738815789473684,0.9984288228397921,0.2658124087313046,0.2658140193198651,0.6328939381577268,0.54507072604887,0.35120206796838616,-0.0514033922184785,-0.05140873941260597,5.347194127463634e-06,-0.31218871190766057,0.5301525854050929,0.5301023101480606,0.5290716673788994,0.46984741459490714,0.46989768985193936,0.0,0.0
0,RL,R,t2,0,2,P,94414,94414,0.8873496240601504,1.0,0.9984177667938253,0.3343652902139993,0.3343563871525775,0.6671692313044467,0.5253017875924846,0.4342676342927178,-0.014686664881185366,-0.014695565341798942,8.900460613577802e-06,1.7375060076963993,0.5167771728769038,0.5166606647319254,0.5158451077170758,0.48322282712309617,0.48333933526807465,0.0,0.0
0,RL,R,t2,0,2,B,7874,0,0.07400375939849624,0.0,0.9981458978294625,nan,nan,nan,nan,nan,0.0,0.0,0.0,-0.41853858259884086,nan,nan,nan,nan,nan,nan,nan
0,RL,R,t2,0,2,V,4112,0,0.03864661654135338,0.0,0.9992244446917505,nan,nan,nan,nan,nan,0.0,0.0,0.0,-1.5616746120228662,nan,nan,nan,nan,nan,nan,nan
0,RL,R,t2,0,2,ALL,106400,94414,1.0,0.8873496240601504,0.9984288228397921,0.3343652902139993,0.3343563871525775,0.6671692313044467,0.5253017875924846,0.4342676342927178,-0.014686664881185366,-0.014695565341798942,8.900460613577802e-06,1.450448434272806,0.5167771728769038,0.5166606647319254,0.5158451077170758,0.48322282712309617,0.48333933526807465,0.0,0.0
0,RL,GELU,t2,0,1,P,54673,54673,0.513843984962406,1.0,0.9986877666182309,0.3170585713304494,0.31710753592481694,0.6585470983959704,0.5839725315852722,0.4242540687410082,-0.08911436923933899,-0.08914537232344927,3.100308411020548e-05,1.0289563691121686,0.5483511056645877,0.5483145245367914,0.5476743548003585,0.4516488943354124,0.45168547546320853,0.0,0.0
0,RL,GELU,t2,0,1,B,20707,20707,0.19461466165413535,1.0,0.9987154274219742,0.16554466560498982,0.16557358169532227,0.5827754124878037,0.5883955232116406,0.22843056471270198,0.009467703188440143,0.00947772603392429,-1.0022845484144627e-05,-0.35805462839873237,0.5482687014053219,0.5483652871009803,0.5473994301443956,0.45173129859467814,0.45163471289901963,0.0,0.0
0,RL,GELU,t2,0,1,V,31020,31003,0.29154135338345866,0.9994519664732431,0.9990564741281164,0.03530062241625112,0.035370754570158765,0.5176678641100747,0.48796878602739546,0.04753552099619018,0.0006786470639878053,0.0006813340663772773,-2.687002389471958e-06,-1.8649142707903796,0.48230816372609103,0.4823726736122311,0.4817598296939006,0.517691836273909,0.5176273263877689,0.0,0.0
0,RL,GELU,t2,0,1,ALL,106400,106383,1.0,0.9998402255639097,0.998800643302627,0.29399332293301617,0.29404456811329044,0.6470147784412704,0.5799327775415187,0.39410948307848787,-0.07896801898691105,-0.0789863122231477,1.82932362365889e-05,-0.08465926975282452,0.5290882941823412,0.5291070941785811,0.5284114943177012,0.47091170581765884,0.47089290582141885,0.0,0.0
0,RL,GELU,t2,0,2,P,96417,96417,0.9061748120300752,1.0,0.9987337535133679,0.4032401031803354,0.40329292146974655,0.7016374191544588,0.5503728031154237,0.5233707654385417,-0.024507708206641474,-0.024514398859425003,6.690652783539946e-06,1.8288991526419938,0.5245962848875199,0.5245547984276632,0.5238495286100999,0.47540371511248014,0.47544520157233683,0.0,0.0
0,RL,GELU,t2,0,2,B,7064,7064,0.06639097744360903,1.0,0.9993587282187811,0.6850020865813908,0.6851035512555095,0.842547662143616,0.835621616491955,0.8517076388169719,0.003541996173570826,0.003542710235262178,-7.140616913535224e-07,-0.3057361185503252,0.7475934314835787,0.7474518686296716,0.7471687429218573,0.2524065685164213,0.25254813137032844,0.0,0.0
0,RL,GELU,t2,0,2,V,2919,2918,0.02743421052631579,0.999657416923604,0.9996594994051626,0.7100678256683738,0.7101162739805504,0.8550581369902756,0.8499454231006073,0.8796334758122002,-0.00044264675404751544,-0.0004426574011019526,1.064705443722311e-08,-1.3441619198149233,0.753598355037697,0.753598355037697,0.753598355037697,0.24640164496230293,0.24640164496230293,0.0,0.0
0,RL,GELU,t2,0,2,ALL,106400,106399,1.0,0.9999906015037594,0.9988006433026272,0.4052556728001479,0.4053093541138667,0.7026456793605176,0.5571751247484759,0.5258114958217562,-0.021408358787118165,-0.021414346025264777,5.987238146623648e-06,1.600128205027292,0.5456818203178602,0.5456348273949944,0.5449769264748728,0.4543181796821399,0.4543651726050057,0.0,0.0
0,RL,SILU,t2,0,1,P,55931,55931,0.5256672932330827,1.0,0.9968640860217858,0.33916638617670386,0.33937129770361824,0.6696034749694842,0.6050057425729208,0.44915044011791705,-0.11161938520603744,-0.11165246326633468,3.3078060297217784e-05,1.1003489278182628,0.5601544760508483,0.5601723552234003,0.5584380754858665,0.4398455239491516,0.43982764477659975,0.0,0.0
0,RL,SILU,t2,0,1,B,29475,29475,0.2770206766917293,1.0,0.9968666227322619,0.12078188740443892,0.12076276663722046,0.5603401966439274,0.5557507250182121,0.1554336977362693,0.009100515212156953,0.009122004016625275,-2.1488804468327577e-05,-0.5824338491033708,0.5311620016963529,0.5309584393553859,0.529431721798134,0.46883799830364714,0.46904156064461405,0.0,0.0
0,RL,SILU,t2,0,1,V,20994,20994,0.19731203007518797,1.0,0.9977847124667302,-0.02049793848795229,-0.020391139765420514,0.48969288748200096,0.46872417054785553,-0.021541693638892516,0.0012273746063269418,0.0012314170409508701,-4.042434623929006e-06,-2.4057257849310334,0.47894636562827475,0.47880346765742593,0.4771839573211394,0.5210536343717252,0.521196532342574,0.0,0.0
0,RL,SILU,t2,0,1,ALL,106400,106400,1.0,1.0,0.9970464394158314,0.2873242332418841,0.2875060746913092,0.6436723163705794,0.5944045071954449,0.38164175782709464,-0.10129149538755354,-0.10129904220875853,7.546821204961204e-06,-0.057607414937600694,0.5360996240601503,0.5360244360902255,0.5343703007518797,0.4639003759398496,0.46397556390977446,0.0,0.0
0,RL,SILU,t2,0,2,P,94847,94847,0.8914191729323309,1.0,0.9968437528785487,0.40723991982988583,0.407474729927326,0.7036458988648439,0.5680688208241399,0.5276183534745013,-0.03219104592115133,-0.03222367972356576,3.263380241442379e-05,1.9812257848874915,0.5280715257203707,0.5280609824243255,0.5260788427678261,0.4719284742796293,0.4719390175756745,0.0,0.0
0,RL,SILU,t2,0,2,B,9636,9636,0.0905639097744361,1.0,0.9985762199479443,0.6450887189338245,0.6452898445177009,0.8226267135681627,0.8075513938372595,0.8173189983613113,0.004661036438270346,0.0046626522257481465,-1.6157874778039391e-06,-0.47218714349780894,0.7272727272727273,0.727376504773765,0.7262349522623496,0.2727272727272727,0.27262349522623497,0.0,0.0
0,RL,SILU,t2,0,2,V,1917,1917,0.018016917293233084,1.0,0.9993851169297904,0.6883765153112054,0.6885216273273337,0.8442332548353094,0.847094607968527,0.8623378516627168,-0.00023474453597440383,-0.00023475446100477935,9.925030375485645e-09,-1.9558548795968533,0.7532603025560772,0.7532603025560772,0.7522170057381325,0.2467396974439228,0.2467396974439228,0.0,0.0
0,RL,SILU,t2,0,2,ALL,106400,106400,1.0,1.0,0.9970464394158318,0.41031932451627146,0.41055613252937123,0.7051874837339456,0.5758929544287987,0.5314743820902584,-0.027764754018855385,-0.0277957819588224,3.102793996699534e-05,1.6881010610929685,0.5501691729323308,0.5501691729323308,0.54828007518797,0.4498308270676692,0.4498308270676692,0.0,0.0
1,RL,LR,t2,0,1,P,53471,53471,0.49418669131238446,1.0,0.9984415887380231,0.3112009425366848,0.31122025118816116,0.6556037656072137,0.5627101738457709,0.4085029836258635,-0.07354382463439979,-0.07354618638680827,2.3617524084487887e-06,0.936569952596378,0.5424435675412841,0.5425557778983,0.5415645864113258,0.45755643245871597,0.4574442221017,0.0,0.0
1,RL,LR,t2,0,1,B,30874,30874,0.28534195933456563,1.0,0.9981216454517555,0.04024419169262515,0.04044614875078511,0.5202095033912001,0.554548194635516,0.05072248988881771,0.003886321065094267,0.003887377350194748,-1.0562851004796835e-06,-0.45969340561118754,0.5366651551467254,0.5366651551467254,0.5359525814601283,0.4633348448532746,0.4633348448532746,0.0,0.0
1,RL,LR,t2,0,1,V,23855,23855,0.2204713493530499,1.0,0.9987569369852412,-0.12126548488975221,-0.12126408495819369,0.4393603943550201,0.447475065635812,-0.14789012596470633,-0.00302537053069825,-0.003027803533209723,2.4330025114728135e-06,-1.8341282239327528,0.4629637392580172,0.4630894990568015,0.46220918046531123,0.5370362607419829,0.5369105009431985,0.0,0.0
1,RL,LR,t2,0,1,ALL,108200,108200,1.0,1.0,0.9984198207474239,0.2668782831332645,0.26690236726616867,0.6334445281585146,0.5571621390776067,0.3516522969007244,-0.07268287410000376,-0.07268661256982324,3.7384698194419184e-06,-0.07270213541104152,0.523271719038817,0.523354898336414,0.522467652495379,0.47672828096118297,0.476645101663586,0.0,0.0
1,RL,LR,t2,0,2,P,94391,94391,0.8723752310536045,1.0,0.998372853544177,0.40912200317919284,0.40915924431851175,0.7045702249090402,0.5514230442995277,0.5266375467699541,-0.02605005525242169,-0.0260582926968875,8.237444465816036e-06,1.6066435232528957,0.533387717049295,0.5332499920543272,0.5322011632464959,0.46661228295070506,0.4667500079456728,0.0,0.0
1,RL,LR,t2,0,2,B,11325,11325,0.10466728280961184,1.0,0.9985647340635896,0.6308544006286021,0.6310512206524921,0.8155081535082527,0.811878477939861,0.7697151299622588,0.0021366839163915585,0.002137497572884541,-8.136564929821308e-07,-0.36931818941873723,0.7277704194260486,0.7279470198675496,0.7270640176600441,0.2722295805739514,0.27205298013245033,0.0,0.0
1,RL,LR,t2,0,2,V,2484,2484,0.022957486136783733,1.0,0.9995438698521197,0.6169560159521291,0.617021005531645,0.8085105027658227,0.8134463172323648,0.7734843684045467,0.00047070425472809697,0.00047073071211405483,-2.6457385958183155e-08,-1.5999779549391127,0.7214170692431562,0.7214170692431562,0.7214170692431562,0.2785829307568438,0.2785829307568438,0.0,0.0
1,RL,LR,t2,0,2,ALL,108200,108200,1.0,1.0,0.9984198207474235,0.4104313956937649,0.41046961886641303,0.705225414964098,0.5556537162799656,0.5281719140422517,-0.023442667081302035,-0.023450064411888905,7.397330586875721e-06,1.3262090117202228,0.5580499075785582,0.5579482439926062,0.5569408502772644,0.4419500924214418,0.4420517560073937,0.0,0.0
1,RL,ELU1,t2,0,1,P,36164,36164,0.3342329020332717,1.0,0.9946092450885802,0.35322798199532657,0.3532987600591177,0.676507815751723,0.6195771333242613,0.46180714120540545,-0.08834723570655267,-0.08853814993009711,0.00019091422354443907,0.6622961655573385,0.5813239685875456,0.5814069240128305,0.57789514434244,0.41867603141245435,0.41859307598716955,0.0,0.0
1,RL,ELU1,t2,0,1,B,38258,38258,0.3535859519408503,1.0,0.9936913636130453,0.1781388997235256,0.17825293643827833,0.5888774370345835,0.5729773056040957,0.2439666849494918,0.037044877715807396,0.037248655944913264,-0.00020377822910587864,-0.4789159442926684,0.5527732761775315,0.5525380312614355,0.5495321240002091,0.44722672382246853,0.4474619687385645,0.0,0.0
1,RL,ELU1,t2,0,1,V,33778,33778,0.312181146025878,1.0,0.9966873100557865,0.08680749870752094,0.08700313942793267,0.5433885170766798,0.5773206949753684,0.1132319504856429,0.010227025444808519,0.010234517029937615,-7.491585129093615e-06,-1.9562481269309857,0.5360293682278406,0.5358813428859021,0.5338978033039257,0.4639706317721594,0.46411865711409794,0.0,0.0
1,RL,ELU1,t2,0,1,ALL,108200,108200,1.0,1.0,0.9949334277962629,0.2019668607418407,0.2021127251253871,0.6009052200540714,0.598384430248539,0.26646673220539324,-0.04107533254593676,-0.041054976955246236,-2.0355590690533176e-05,-0.5586805628189293,0.5570887245841035,0.5569870609981515,0.5541312384473198,0.4429112754158965,0.4430129390018484,0.0,0.0
1,RL,ELU1,t2,0,2,P,61828,61828,0.5714232902033272,1.0,0.9951149072580667,0.5914278229687502,0.5915899172481783,0.7956517748450913,0.6784410530908371,0.7404063881151515,-0.06084001143091066,-0.06096044782638875,0.0001204363954780886,1.160159823915232,0.6227760885035906,0.6227922624053827,0.6202044381186518,0.3772239114964094,0.37720773759461734,0.0,0.0
1,RL,ELU1,t2,0,2,B,29457,29457,0.2722458410351202,1.0,0.99347829923609,0.4552695580859379,0.455533876980789,0.7273906153366176,0.6979884905857623,0.6007634447455364,0.020873518760934007,0.020954835277541207,-8.131651660720449e-05,-0.4598579453566397,0.6451098210951557,0.6450079777302509,0.6409342431340598,0.35489017890484437,0.35499202226974913,0.0,0.0
1,RL,ELU1,t2,0,2,V,16915,16915,0.1563308687615527,1.0,0.9968041466749297,0.5787225469603214,0.5794947420825292,0.7895913077060955,0.7807522211691043,0.7382899246072503,0.005770986044176609,0.005774781929676332,-3.7958854997226834e-06,-1.7445294390271027,0.7047590895654744,0.7046999704404375,0.7025125628140704,0.29524091043452555,0.2953000295595625,0.0,0.0
1,RL,ELU1,t2,0,2,ALL,108200,108200,1.0,1.0,0.9949334277962633,0.5757159895370335,0.5759971785337284,0.7878298006175433,0.6873587677912025,0.7262037232920634,-0.034195506625800044,-0.03423083061917121,3.532399337116143e-05,0.26502412786984275,0.6416728280961183,0.6416451016635859,0.6387153419593345,0.3583271719038817,0.35835489833641404,0.0,0.0
1,RL,R,t2,0,1,P,38257,38257,0.35357670979667283,1.0,0.9979799275068381,0.3068908220467231,0.30693119088987686,0.6534496932342819,0.561526946558158,0.40306025256396033,-0.0616883140523525,-0.06168369327481723,-4.620777535281793e-06,1.0353503347461226,0.5404501137046815,0.5405285307264031,0.5393261363933398,0.4595498862953185,0.459471469273597,0.0,0.0
1,RL,R,t2,0,1,B,42996,0,0.39737523105360445,0.0,0.9976388328677184,nan,nan,nan,nan,nan,0.0,0.0,0.0,-0.5417689126198438,nan,nan,nan,nan,nan,nan,nan
1,RL,R,t2,0,1,V,26947,0,0.24904805914972272,0.0,0.9984472530018017,nan,nan,nan,nan,nan,0.0,0.0,0.0,-2.1266820775258024,nan,nan,nan,nan,nan,nan,nan
1,RL,R,t2,0,1,ALL,108200,38257,1.0,0.35357670979667283,0.9979607714533186,0.3068908220467231,0.30693119088987686,0.6534496932342819,0.561526946558158,0.40306025256396033,-0.0616883140523525,-0.06168369327481723,-4.620777535281793e-06,-0.3788558258198539,0.5404501137046815,0.5405285307264031,0.5393261363933398,0.4595498862953185,0.459471469273597,0.0,0.0
1,RL,R,t2,0,2,P,90425,90425,0.835720887245841,1.0,0.9978923024855644,0.3890025850747772,0.38904459728876417,0.6945132730810644,0.5419491817132877,0.4990179067644446,-0.02246617398255941,-0.022475088187068663,8.914204509249812e-06,1.5764641381814126,0.5272878075753387,0.5270002764722146,0.5261598009400056,0.47271219242466134,0.47299972352778547,0.0,0.0
1,RL,R,t2,0,2,B,11347,0,0.1048706099815157,0.0,0.9979228399790341,nan,nan,nan,nan,nan,0.0,0.0,0.0,-0.4355668568288309,nan,nan,nan,nan,nan,nan,nan
1,RL,R,t2,0,2,V,6428,0,0.05940850277264325,0.0,0.998990907552868,nan,nan,nan,nan,nan,0.0,0.0,0.0,-1.5264037253104643,nan,nan,nan,nan,nan,nan,nan
1,RL,R,t2,0,2,ALL,108200,90425,1.0,0.835720887245841,0.9979607714533187,0.3890025850747772,0.38904459728876417,0.6945132730810644,0.5419491817132877,0.4990179067644446,-0.02246617398255941,-0.022475088187068663,8.914204509249812e-06,1.1811244863615695,0.5272878075753387,0.5270002764722146,0.5261598009400056,0.47271219242466134,0.47299972352778547,0.0,0.0
1,RL,GELU,t2,0,1,P,32696,32696,0.302181146025878,1.0,0.7187566776731347,0.4154629928382777,0.46188204719735876,0.6203115368616328,0.561533179951889,0.5313649816036058,-0.07388568022732084,-0.07284940284966027,-0.0010362773776605575,0.8309747790807586,0.6113286028872034,0.6181795938341081,0.4555297284071446,0.3886713971127967,0.38182040616589186,0.0,0.0
1,RL,GELU,t2,0,1,B,22708,22708,0.20987060998151572,1.0,0.7105933971773003,-0.012178953618428773,-0.01930454886601984,0.40295417382624527,0.37816512954683174,0.0014280793369163226,-0.002201041702999157,-0.0025551290490034985,0.0003540873460043419,-0.3748258459036489,0.4722564734895191,0.4713316892725031,0.3268451646996653,0.5277435265104808,0.5286683107274969,0.0,0.0
1,RL,GELU,t2,0,1,V,52796,52753,0.4879482439926063,0.9991855443594212,0.698690376746746,0.043065557877528346,0.027338965268632612,0.42317085705169466,0.4203535196716633,0.07239829062736991,-0.0006769893946168722,-0.0012785046786211501,0.0006015152840042775,-2.058577153057852,0.48763103520178946,0.48220954258525583,0.33387674634617936,0.5123689647982105,0.5177904574147442,0.0,0.0
1,RL,GELU,t2,0,1,ALL,108200,108157,1.0,0.9996025878003697,0.707252128715565,0.3330417482159244,0.3690262866044188,0.5782607748852358,0.5245667382661864,0.43236136865230723,-0.07676371132493688,-0.07668303657728491,-8.067474765193808e-05,-0.8320391248132896,0.5217970172989266,0.5210296143569071,0.3691762900228372,0.4782029827010734,0.4789703856430929,0.0,0.0
1,RL,GELU,t2,0,2,P,68954,68954,0.6372828096118299,1.0,0.70426384923717,0.5436573994540466,0.596611905667008,0.6874947216941524,0.576339320355081,0.6862433609991818,-0.0551156724114103,-0.05324349688889032,-0.0018721755225200136,0.9271378412236121,0.6001247208283783,0.6058966847463526,0.437088493778461,0.39987527917162163,0.39410331525364733,0.0,0.0
1,RL,GELU,t2,0,2,B,26286,26286,0.24293900184842884,1.0,0.6879186191487733,0.45371357929290745,0.5119123518346955,0.6184242135863998,0.5661688270332885,0.5944220355854706,0.0059985817390888225,0.0057517021563358245,0.00024687958275299785,-0.3343161398335904,0.6464277562200411,0.6609602069542723,0.47443506048847295,0.35357224377995894,0.3390397930457278,0.0,0.0
1,RL,GELU,t2,0,2,V,12960,12960,0.11977818853974122,1.0,0.7623643552299103,0.6227636230120764,0.6705202015039113,0.7149115445781266,0.7374073814574138,0.7929717803265927,-0.0018557992284486493,-0.0018155759200590936,-4.0223308389556185e-05,-1.2868167011498106,0.7331018518518518,0.7479938271604938,0.5875771604938271,0.26689814814814816,0.25200617283950616,0.0,0.0
1,RL,GELU,t2,0,2,ALL,108200,108200,1.0,1.0,0.7072521287155648,0.5417197804156932,0.5948919964550378,0.6851633728875586,0.578103644365541,0.6852220035488756,-0.05097288990077012,-0.04930737065261359,-0.001665519248156572,0.35549800559302824,0.6273012939001849,0.6362939001848429,0.4641866913123845,0.37269870609981515,0.3637060998151571,0.0,0.0
1,RL,SILU,t2,0,1,P,55953,55953,0.5171256931608134,1.0,0.9977201510171754,0.33967252153888217,0.3397800667091509,0.6698656998839889,0.6026640554949018,0.44471248682084824,-0.10757378152293409,-0.1076217492008834,4.796767794932359e-05,1.1390319278627143,0.5588976462388076,0.5587725412399692,0.557503619108895,0.44110235376119244,0.4412274587600307,0.0,0.0
1,RL,SILU,t2,0,1,B,30786,30786,0.2845286506469501,1.0,0.9978256755970509,0.12207058225687921,0.12209779769504238,0.5610150091718888,0.5614646546210381,0.1733432849400939,0.010666610749317608,0.01068603327989764,-1.942253058003464e-05,-0.5870726014268701,0.5339764828168648,0.5340089651140129,0.5327421555252387,0.46602351718313517,0.46599103488598714,0.0,0.0
1,RL,SILU,t2,0,1,V,21461,21461,0.1983456561922366,1.0,0.9984806317357574,0.01989876184166373,0.020036761588910476,0.5099815308867363,0.49056446145126087,0.030827456060863994,0.0003796261220900403,0.0003838297226517222,-4.203600561681795e-06,-2.3672767830623638,0.4906574716928382,0.49070406784399606,0.4896323563673641,0.5093425283071619,0.5092959321560039,0.0,0.0
1,RL,SILU,t2,0,1,ALL,108200,108200,1.0,1.0,0.9979010138306462,0.2890802856056854,0.2891873796442444,0.6445672705647938,0.5934044428919923,0.3810608919731749,-0.09652754465152645,-0.09655188619833403,2.4341546807607148e-05,-0.04755536681262998,0.538271719038817,0.5382255083179298,0.536996303142329,0.461728280961183,0.46177449168207024,0.0,0.0
1,RL,SILU,t2,0,2,P,97906,97906,0.9048613678373383,1.0,0.9977906672725491,0.38616256471890653,0.3862896523474351,0.6931160113615054,0.5603486681644485,0.5018912762196808,-0.029266746762738573,-0.029282266061703147,1.5519298964573074e-05,2.0981572899821392,0.5245439503196944,0.5245848058341674,0.5234306375503034,0.4754560496803056,0.47541519416583256,0.0,0.0
1,RL,SILU,t2,0,2,B,8419,8419,0.07780961182994454,1.0,0.998784684188442,0.6680723660874136,0.6682458697858399,0.8340964738231553,0.8281771972933784,0.8135011748994265,0.004240891605308222,0.004241804574180939,-9.129688727186501e-07,-0.4636868236453852,0.7456942629766006,0.7454567050718612,0.7447440313576434,0.2543057370233995,0.2545432949281387,0.0,0.0
1,RL,SILU,t2,0,2,V,1875,1875,0.01732902033271719,1.0,0.999695130830536,0.6821079960149152,0.682200738000441,0.8411003690002206,0.8308684696292206,0.8222621992457543,-0.00021282184081361437,-0.00021281942288892418,-2.417924690161238e-09,-2.027021763172099,0.7413333333333333,0.7413333333333333,0.7413333333333333,0.25866666666666666,0.25866666666666666,0.0,0.0
1,RL,SILU,t2,0,2,ALL,108200,108200,1.0,1.0,0.9979010138306463,0.3889725678517505,0.38910149511465,0.6945220231927148,0.5676432764011116,0.505031760729872,-0.025238676998243968,-0.02525328091041113,1.4603912167164263e-05,1.8273358822437444,0.5455083179297597,0.5455268022181146,0.5444269870609981,0.4544916820702403,0.4544731977818854,0.0,0.0
2,RL,LR,t2,0,1,P,42565,42565,0.39448563484708066,1.0,0.9961512580943604,0.3433789456088853,0.34349843281684017,0.671690290894735,0.5792619158222554,0.4522072865652095,-0.07434697284613566,-0.07439848109843168,5.1508252296010596e-05,0.9233835833742894,0.5533184541289792,0.5531539997650652,0.5509691060730647,0.44668154587102077,0.4468460002349348,0.0,0.0
2,RL,LR,t2,0,1,B,29532,29532,0.2736978683966636,1.0,0.995610861215521,0.04144795229090686,0.041823577035748113,0.5208394553081557,0.5451092273485011,0.05625640292706285,0.0029505320858679443,0.0029540614636436543,-3.5293777757100546e-06,-0.47342281162713035,0.5321684951916565,0.5321684951916565,0.5296288771502099,0.4678315048083435,0.4678315048083435,0.0,0.0
2,RL,LR,t2,0,1,V,35803,35803,0.3318164967562558,1.0,0.9969988360044666,-0.07217784974861845,-0.07212256242108561,0.4639049934374276,0.467513622199956,-0.10077456501018789,-0.0025585706452169676,-0.0025652651293666595,6.6944841496909705e-06,-2.161142521596868,0.48736139429656733,0.48719381057453287,0.48543418149317097,0.5126386057034327,0.5128061894254672,0.0,0.0
2,RL,LR,t2,0,1,ALL,107900,107900,1.0,1.0,0.9962845929533933,0.2696562902690461,0.26975892256440903,0.634824092769787,0.5690470402511719,0.355008907599629,-0.07395501140548469,-0.07400968476415469,5.467335866999152e-05,-0.4824159958051756,0.5256441149212233,0.5255236329935125,0.5233827618164968,0.47435588507877663,0.4744763670064875,0.0,0.0
2,RL,LR,t2,0,2,P,88707,88707,0.8221223354958295,1.0,0.9960987624393345,0.44043822955616874,0.4405861608435478,0.7202441486277513,0.5741513229990157,0.5563627761151507,-0.035426967617884476,-0.03545743600151608,3.046838363158522e-05,1.370493484825266,0.548592557520827,0.548592557520827,0.546180121072745,0.451407442479173,0.451407442479173,0.0,0.0
2,RL,LR,t2,0,2,B,15766,15766,0.14611677479147359,1.0,0.9969128907558681,0.6127122241297159,0.6131233495859322,0.806521507285976,0.8001347027858267,0.7499144662112756,0.0028720353183522627,0.0028746523256030637,-2.617007250798819e-06,-0.38475818972864967,0.7189521755676773,0.718888747938602,0.71692249143727,0.28104782443232273,0.2811112520613979,0.0,0.0
2,RL,LR,t2,0,2,V,3427,3427,0.031760889712696944,1.0,0.9982042673790804,0.6676526613480773,0.6679756466448068,0.8339851083608568,0.8313294253330953,0.8051777671865644,0.0006966252349100592,0.0006967924301203642,-1.6719521030549162e-07,-1.4865914439665995,0.7475926466297053,0.7478844470382259,0.7467172454041435,0.25240735337029474,0.2521155529617741,0.0,0.0
2,RL,LR,t2,0,2,ALL,107900,107900,1.0,1.0,0.9962845929533936,0.4424695493400206,0.4426212324502669,0.721261950998414,0.5796784575735352,0.5587002563360868,-0.03185830706462216,-0.03188599124579265,2.7684181170480908e-05,1.0232782118689476,0.5798053753475441,0.5798053753475441,0.5774976830398517,0.420194624652456,0.420194624652456,0.0,0.0
2,RL,ELU1,t2,0,1,P,34612,34612,0.32077849860982394,1.0,0.9460245704908442,0.33499507003165857,0.3370725576756283,0.656024572152732,0.6022228954567215,0.445521641516063,-0.08169881423797244,-0.08279788207617297,0.0010990678382004893,0.6642168592260196,0.5764763665780654,0.5761585577256443,0.5449555067606611,0.4235236334219346,0.4238414422743557,0.0,0.0
2,RL,ELU1,t2,0,1,B,36927,36927,0.34223354958294716,1.0,0.9420823380412091,0.17843047369077158,0.17608310057412493,0.5737193167796976,0.556928366401568,0.24560941517630921,0.03448429125273455,0.03608780139897001,-0.0016035101462354845,-0.4827574419936361,0.5504373493649634,0.5494895334037425,0.5179949630351776,0.4495626506350367,0.4505104665962575,0.0,0.0
2,RL,ELU1,t2,0,1,V,36361,36361,0.3369879518072289,1.0,0.9495403396553608,0.08904475091281179,0.09544671076750842,0.5339317863046522,0.5691495643833767,0.10802730021569296,0.011283849326504728,0.011265670246885096,1.817907961962404e-05,-2.0036544712489914,0.5340612194384092,0.5358488490415555,0.5082643491653145,0.4659387805615907,0.4641511509584445,0.0,0.0
2,RL,ELU1,t2,0,1,ALL,107900,107900,1.0,1.0,0.9458601781361019,0.1911679873703111,0.19454268681263112,0.5838171937578968,0.5822613816369264,0.24967956841710012,-0.035930673658733175,-0.03544441043031787,-0.00048626322841537127,-0.6273567225028044,0.553271547729379,0.5534476367006488,0.5233642261353104,0.44672845227062097,0.4465523632993513,0.0,0.0
2,RL,ELU1,t2,0,2,P,66659,66659,0.6177849860982391,1.0,0.9441337748920074,0.5416024322596311,0.5484615237995123,0.759357328728326,0.6417669142570117,0.6721138020193193,-0.05583469876515942,-0.056116022690826384,0.0002813239256669329,1.1865202750023955,0.6029343374488066,0.6011491321501973,0.5697505213099506,0.3970656625511934,0.3988508678498027,0.0,0.0
2,RL,ELU1,t2,0,2,B,27305,27305,0.2530583873957368,1.0,0.9439606605883919,0.46309170748937567,0.4704094132441234,0.7204351405707965,0.6830432480754173,0.5813669314518782,0.01973599862868301,0.01992560693368416,-0.0001896083050011377,-0.4482834764334784,0.6461453946163707,0.6477201977659769,0.6157480314960629,0.3538546053836294,0.35227980223402305,0.0,0.0
2,RL,ELU1,t2,0,2,V,13936,13936,0.1291566265060241,1.0,0.9578397017073051,0.5928157632602106,0.6070739437440328,0.7897615915824127,0.7783468459834346,0.7233256175460968,0.005204732199852065,0.005163065230979575,4.1666968872491124e-05,-1.6610369931555975,0.7132606199770379,0.7176377726750861,0.690800803673938,0.2867393800229621,0.2823622273249139,0.0,0.0
2,RL,ELU1,t2,0,2,ALL,107900,107900,1.0,1.0,0.9458601781361018,0.5401748026386258,0.5479866150896961,0.7592567773849739,0.6555834682603304,0.6697375142200425,-0.030893967936624345,-0.031027350526162647,0.00013338258953828633,0.4050385834175362,0.6281186283595922,0.6279796107506951,0.5970250231696015,0.3718813716404078,0.3720203892493049,0.0,0.0
2,RL,R,t2,0,1,P,38723,38723,0.35887859128822985,1.0,0.9970132693250022,0.2890559287535747,0.28906461949859885,0.6444382049482743,0.553249072865324,0.37542117066265446,-0.05339425994601714,-0.053405742211169976,1.1482265152844582e-05,1.0854597474372978,0.5360380135836583,0.5360121891382382,0.5339204090592155,0.46396198641634173,0.4639878108617617,0.0,0.0
2,RL,R,t2,0,1,B,44365,0,0.41116774791473587,0.0,0.9960339449813435,nan,nan,nan,nan,nan,0.0,0.0,0.0,-0.5357586112101356,nan,nan,nan,nan,nan,nan,nan
2,RL,R,t2,0,1,V,24812,0,0.2299536607970343,0.0,0.9973851796703734,nan,nan,nan,nan,nan,0.0,0.0,0.0,-2.1703857842552803,nan,nan,nan,nan,nan,nan,nan
2,RL,R,t2,0,1,ALL,107900,38723,1.0,0.35887859128822985,0.9966961248855484,0.2890559287535747,0.28906461949859885,0.6444382049482743,0.553249072865324,0.37542117066265446,-0.05339425994601714,-0.053405742211169976,1.1482265152844582e-05,-0.32982655296816665,0.5360380135836583,0.5360121891382382,0.5339204090592155,0.46396198641634173,0.4639878108617617,0.0,0.0
2,RL,R,t2,0,2,P,91136,91136,0.8446339202965709,1.0,0.9966342949619847,0.3755425016074977,0.3755747250305195,0.6877062594607263,0.542554120875598,0.48505023772054773,-0.022768381219374342,-0.0227801689079914,1.1787688617060291e-05,1.6102420534572601,0.5278594627808989,0.527661955758427,0.5254454880617978,0.4721405372191011,0.47233804424157305,0.0,0.0
2,RL,R,t2,0,2,B,11439,0,0.10601482854494902,0.0,0.9963349635129791,nan,nan,nan,nan,nan,0.0,0.0,0.0,-0.41214836188147164,nan,nan,nan,nan,nan,nan,nan
2,RL,R,t2,0,2,V,5325,0,0.049351251158480075,0.0,0.9985301637315032,nan,nan,nan,nan,nan,0.0,0.0,0.0,-1.5627568469117639,nan,nan,nan,nan,nan,nan,nan
2,RL,R,t2,0,2,ALL,107900,91136,1.0,0.8446339202965709,0.9966961248855483,0.3755425016074977,0.3755747250305195,0.6877062594607263,0.542554120875598,0.48505023772054773,-0.022768381219374342,-0.0227801689079914,1.1787688617060291e-05,1.2392472146664835,0.5278594627808989,0.527661955758427,0.5254454880617978,0.4721405372191011,0.47233804424157305,0.0,0.0
2,RL,GELU,t2,0,1,P,52993,52993,0.4911306765523633,1.0,0.9969395835259488,0.33794752433813,0.3381730113369008,0.6689343936628109,0.5875742030143537,0.4404313670273348,-0.08825687077456999,-0.08836532167666412,0.00010845090209414063,1.0567700068332226,0.5541297907270771,0.5541486611439247,0.5525069348781915,0.4458702092729228,0.4458513388560753,0.0,0.0
2,RL,GELU,t2,0,1,B,22304,22304,0.20670991658943466,1.0,0.9964953190672766,0.1572277666392579,0.15751976715904367,0.578539058463316,0.5856203863961524,0.21691054242512228,0.009501944866801868,0.009499459377182459,2.4854896194072914e-06,-0.3629433962144985,0.5527708034433285,0.5530846484935438,0.5502600430416069,0.4472291965566714,0.4469153515064562,0.0,0.0
2,RL,GELU,t2,0,1,V,32603,32585,0.30215940685820203,0.9994479035671564,0.997589012288807,0.025513792800361302,0.02537739071003727,0.5124493583959125,0.48936818637705665,0.03449717973437345,0.0005922881622645986,0.0005897791782969279,2.508983967670831e-06,-1.8052949220792844,0.48350468006751574,0.48332054626361826,0.4820009206690195,0.5164953199324843,0.5166794537363818,0.0,0.0
2,RL,GELU,t2,0,1,ALL,107900,107882,1.0,0.9998331788693234,0.9970439806665349,0.3103693300926015,0.3105874566654133,0.6551330151145426,0.582633443125306,0.4054704603943033,-0.07816263774550354,-0.07827608312118474,0.00011344537568121875,-0.10149867360153952,0.5325170093250032,0.5325355480988487,0.5307465564227583,0.46748299067499677,0.46746445190115127,0.0,0.0
2,RL,GELU,t2,0,2,P,95996,95996,0.8896756255792401,1.0,0.996866755292518,0.4225710468938327,0.4227849236604399,0.7112695161938636,0.560327470962875,0.5359457822651071,-0.028744679090499638,-0.028757657227287077,1.2978136787439404e-05,1.801628221607712,0.5305533563898496,0.5303970998791616,0.5288762031751323,0.4694466436101504,0.4696029001208384,0.0,0.0
2,RL,GELU,t2,0,2,B,8180,8180,0.07581093605189991,1.0,0.998150041258153,0.7012386851656672,0.7015312943797932,0.8506752072984105,0.8370496351898639,0.8342855596666673,0.004003662060435853,0.004005092447955761,-1.4303875199073195e-06,-0.31745597722679153,0.756479217603912,0.756479217603912,0.7555012224938875,0.24352078239608801,0.24352078239608801,0.0,0.0
2,RL,GELU,t2,0,2,V,3724,3724,0.034513438368860054,1.0,0.9991829042338701,0.6921908564731885,0.6925322304003325,0.846266115200166,0.8482388033444301,0.8272081365051248,-0.0005758899850049575,-0.0005757391556697453,-1.508293352119812e-07,-1.3433414175322969,0.7653061224489796,0.7653061224489796,0.7653061224489796,0.23469387755102042,0.23469387755102042,0.0,0.0
2,RL,GELU,t2,0,2,ALL,107900,107900,1.0,1.0,0.9970439806665355,0.4249779134405564,0.4251944894627969,0.712474860834477,0.5680248002198772,0.5386181760605737,-0.025316907015068744,-0.025328303935001063,1.1396919932320105e-05,1.5324347491088832,0.5557831325301205,0.5556441149212233,0.5542168674698795,0.44421686746987954,0.44435588507877666,0.0,0.0
2,RL,SILU,t2,0,1,P,55249,55249,0.5120389249304912,1.0,0.9956438284620917,0.34695098110635175,0.34716916157506106,0.6733649002926271,0.6019611318332672,0.4481132089197558,-0.10796819217997917,-0.10813398284843985,0.00016579066846071012,1.1455850061004675,0.5593404405509602,0.5592861409256276,0.5563177614074463,0.4406595594490398,0.4407138590743724,0.0,0.0
2,RL,SILU,t2,0,1,B,31677,31677,0.29357738646895276,1.0,0.9951483694496195,0.11951830620070693,0.11957605044072506,0.5592858429665613,0.5597980230731399,0.1563292817751038,0.010513515321519245,0.010551501744605223,-3.7986423085977424e-05,-0.5836248236723004,0.5352779619282129,0.5352148246361713,0.5320263913880734,0.4647220380717871,0.46478517536382863,0.0,0.0
2,RL,SILU,t2,0,1,V,20974,20974,0.19438368860055608,1.0,0.9974743524777452,-0.017570217600814876,-0.017557122393568735,0.4911152980441557,0.47029281260129174,-0.03160606130156128,0.0011181690128759935,0.0011196121578864874,-1.4431450104942914e-06,-2.3092009873314923,0.47959378277867837,0.47926003623533897,0.4780204062172213,0.5204062172213216,0.520739963764661,0.0,0.0
2,RL,SILU,t2,0,1,ALL,107900,107900,1.0,1.0,0.9958541969103423,0.2938223100339284,0.29402813936016564,0.6467757676187165,0.5922344012602552,0.3787607985171994,-0.09633650784558392,-0.09646286894594813,0.00012636110036423842,-0.033625941109485136,0.5367747914735866,0.536663577386469,0.5339666357738647,0.46322520852641336,0.46333642261353103,0.0,0.0
2,RL,SILU,t2,0,2,P,96772,96772,0.896867469879518,1.0,0.9956772286023282,0.40566388635098904,0.4059013513692152,0.702798917628414,0.5660576660536241,0.5102850272710238,-0.031736461646005375,-0.03175712093748488,2.065929147951513e-05,2.068195867795565,0.52605092382094,0.5261025916587443,0.5237672053899889,0.47394907617906007,0.4738974083412557,0.0,0.0
2,RL,SILU,t2,0,2,B,9388,9388,0.0870064874884152,1.0,0.9970045199511071,0.6728480075738358,0.6732719523292344,0.8365728878106776,0.8206443913972323,0.7935167229340176,0.0047760319890637025,0.004778095954245401,-2.06396518169754e-06,-0.48153168784008243,0.742117596932254,0.7422241158926289,0.7405198125266298,0.25788240306774607,0.2577758841073711,0.0,0.0
2,RL,SILU,t2,0,2,V,1740,1740,0.01612604263206673,1.0,0.9994900270232654,0.6308439078408129,0.6309833193526413,0.8154658232034102,0.8117160303733261,0.8086010142786649,-0.00018170894255933713,-0.00018169916198203844,-9.780577298587754e-09,-1.9441906130956097,0.735632183908046,0.7362068965517241,0.7350574712643678,0.26436781609195403,0.2637931034482759,0.0,0.0
2,RL,SILU,t2,0,2,ALL,107900,107900,1.0,1.0,0.9958541969103427,0.40863519371154555,0.40887586460157177,0.7042872860021686,0.5740210523324202,0.5136360113983447,-0.027142138599501008,-0.027160724145221516,1.8585545720519e-05,1.781649113680105,0.5482298424467099,0.5482947173308619,0.5460333642261354,0.4517701575532901,0.45170528266913806,0.0,0.0
0,RL,LR,t2,25,1,P,8639,8639,0.08119360902255639,1.0,0.25759486878548643,0.4397160077682479,0.5022978053854624,0.4481046980751923,0.3784062831732366,0.5870979935750879,-0.008545849618381816,-0.011495742487466765,0.0029498928690849485,0.6849819576774455,0.5941659914341938,0.5867577265887255,0.195277231161014,0.4058340085658062,0.41324227341127445,0.0,0.0
0,RL,LR,t2,25,1,B,16228,16228,0.1525187969924812,1.0,0.23989982635948337,-0.07380505282333463,-0.06511143836193337,0.21452162323615748,0.21339033481774017,-0.09729588655221821,-0.0002760948921000473,-0.0005574148432602776,0.00028131995116023,-0.5506637998813589,0.4659230958836579,0.47972639881685974,0.11498644318461917,0.5340769041163421,0.5202736011831403,0.0,0.0
0,RL,LR,t2,25,1,V,81533,81533,0.7662875939849624,1.0,0.22042085125465183,-0.019273533625576517,-0.01723799637408755,0.22092136353486644,0.2251575668325341,-0.028264372122108323,-0.00028686878476785494,-0.0002192471291348589,-6.762165563299608e-05,-2.932604850045082,0.49703800914966945,0.493591551886966,0.1195344216452234,0.5029619908503306,0.506408448113034,0.0,0.0
0,RL,LR,t2,25,1,ALL,106400,106400,1.0,1.0,0.22641005374948345,0.0954268820731429,0.11751756061353733,0.28031479062968506,0.30580041440749406,0.13386385870522757,-0.009108813295249717,-0.012272404459861903,0.0031635911646121823,-2.2755891376957225,0.5001785714285715,0.4990413533834586,0.1249906015037594,0.4998214285714286,0.5009586466165413,0.0,0.0
0,RL,LR,t2,25,2,P,20189,20189,0.18974624060150375,1.0,0.2659558802962457,0.4165184249585227,0.49787817885680147,0.454056597212422,0.3700107622856105,0.5724888111947986,-0.01348254080830617,-0.0157059784211498,0.002223437612843632,0.3467872227861403,0.6102828272821834,0.5971568676011689,0.20446777948387737,0.38971717271781664,0.40284313239883107,0.0,0.0
0,RL,LR,t2,25,2,B,65427,65427,0.6149154135338346,1.0,0.20723334035729699,0.07099004780402562,0.06904836532855692,0.2030417977971575,0.1863294874844256,0.10412231235077994,0.0001288052005563228,0.0001989263464807776,-7.012114592445468e-05,-0.48801903438161187,0.5040121050942271,0.5339844406743394,0.11499839515796231,0.49598789490577283,0.46601555932566063,0.0,0.0
0,RL,LR,t2,25,2,V,20784,20784,0.19533834586466164,1.0,0.24836367841066498,0.27323251515435626,0.3314592772764773,0.3202133913025859,0.30650650612616026,0.3865463202690881,0.0011983628776241443,0.001403610014735226,-0.00020524713711108118,-1.4287113030449836,0.5903579676674365,0.6237971516551193,0.18937644341801385,0.4096420323325635,0.37620284834488066,0.0,0.0
0,RL,LR,t2,25,2,ALL,106400,106400,1.0,1.0,0.22641005374948342,0.3021746857491791,0.3635898883541172,0.3672203572794637,0.32513018827184403,0.42621703393584015,-0.012155372730125702,-0.014103442059933797,0.0019480693298080966,-0.5133709571817976,0.5410432330827067,0.5635150375939849,0.14650375939849625,0.45895676691729326,0.43648496240601503,0.0,0.0
0,RL,ELU1,t2,25,1,P,14751,14751,0.13863721804511278,1.0,0.4382243874467646,0.29709491270887417,0.38782063308904396,0.46374607125243733,0.42001119706901946,0.4425861942579414,-0.017800684844525117,-0.019026707423171522,0.0012260225786464162,0.6876555391270689,0.5729103111653447,0.5649108535014575,0.2805233543488577,0.42708968883465526,0.43508914649854247,0.0,0.0
0,RL,ELU1,t2,25,1,B,25162,25162,0.23648496240601505,1.0,0.41335294066773376,-0.057097049254462025,-0.015518755594840778,0.2782335420516765,0.26766660584141244,-0.07980641796644992,-0.003335891648230168,-0.006907889055483755,0.0035719974072535867,-0.540631307114651,0.47512121452984657,0.4951514188061362,0.2031635005166521,0.5248787854701534,0.5048485811938638,0.0,0.0
0,RL,ELU1,t2,25,1,V,66487,66487,0.6248778195488722,1.0,0.3900382197166957,0.018552007140592783,0.03128644897049816,0.29457954162953603,0.3076875112451567,0.02626940894868988,0.002055141238418529,0.001090820285773389,0.00096432095264514,-2.447744784031311,0.5052566667168018,0.5092424082903425,0.21247762720531832,0.4947433332831982,0.49075759170965755,0.0,0.0
0,RL,ELU1,t2,25,1,ALL,106400,106400,1.0,1.0,0.4022321968666606,0.0483948452410223,0.07757711079335029,0.3173081029327737,0.33678048122187887,0.0727696557086292,-0.019081435254336754,-0.02484377619288189,0.005762340938545142,-1.5620579468782447,0.5075093984962405,0.5136278195488722,0.21970864661654135,0.4924906015037594,0.48637218045112784,0.0,0.0
0,RL,ELU1,t2,25,2,P,21305,21305,0.20023496240601504,1.0,0.4424054702341749,0.4334053719785225,0.6121429804170695,0.5345297387696472,0.4740380426116814,0.6190793205477859,-0.02080963725124725,-0.017009995529053714,-0.0037996417221935353,0.6751611986119804,0.6163341938512087,0.6349683172964093,0.3139169209105844,0.38366580614879137,0.3650316827035907,0.0,0.0
0,RL,ELU1,t2,25,2,B,32609,32609,0.30647556390977443,1.0,0.38272018672487984,-0.047737299412368255,-0.018462768909189717,0.25542840911986264,0.23574734950743184,-0.07692918502089034,-0.0037220699799056555,-0.004806279734764952,0.0010842097548592969,-0.5270305158562544,0.4718329295593241,0.4922260725566561,0.18862890613020944,0.5281670704406759,0.5077739274433438,0.0,0.0
0,RL,ELU1,t2,25,2,V,52486,52486,0.4932894736842105,1.0,0.3980477581519259,0.1971592251807498,0.3069010808446015,0.38107771857950123,0.34281867047971554,0.28686011076627355,0.003741679532380559,0.0027806870913176266,0.0009609924410629317,-2.0187025116681974,0.5631596997294517,0.5893762146096102,0.2624128338985634,0.4368403002705483,0.4106237853903898,0.0,0.0
0,RL,ELU1,t2,25,2,ALL,106400,106400,1.0,1.0,0.4022321968666606,0.2025019062750432,0.3175658504168679,0.39281917927445004,0.35813083354998126,0.29632525067920074,-0.020790027698772348,-0.01903558817250104,-0.0017544395262713071,-1.022135796828434,0.5458176691729323,0.5687312030075188,0.25011278195488723,0.45418233082706766,0.4312687969924812,0.0,0.0
0,RL,R,t2,25,1,P,4398,4398,0.04133458646616541,1.0,0.22370613453052568,0.2950466173300833,0.517721884384078,0.37640150230448477,0.2958268351005581,0.4712321645874569,-0.0077227177481835035,-0.007430688078996922,-0.00029202966918658534,0.6780904461100721,0.5732150977717144,0.5907230559345157,0.16575716234652116,0.4267849022282856,0.4092769440654843,0.0,0.0
0,RL,R,t2,25,1,B,30824,0,0.28969924812030073,0.0,0.19106690724846728,nan,nan,nan,nan,nan,0.0,0.0,0.0,-0.5902888171993108,nan,nan,nan,nan,nan,nan,nan
0,RL,R,t2,25,1,V,71178,0,0.6689661654135338,0.0,0.17956446310775828,nan,nan,nan,nan,nan,0.0,0.0,0.0,-3.1365539911471947,nan,nan,nan,nan,nan,nan,nan
0,RL,R,t2,25,1,ALL,106400,4398,1.0,0.04133458646616541,0.18472129026105288,0.2950466173300833,0.517721884384078,0.37640150230448477,0.2958268351005581,0.4712321645874569,-0.0077227177481835035,-0.007430688078996922,-0.00029202966918658534,-2.2412261344100988,0.5732150977717144,0.5907230559345157,0.16575716234652116,0.4267849022282856,0.4092769440654843,0.0,0.0
0,RL,R,t2,25,2,P,54895,54895,0.5159304511278195,1.0,0.1839239511266698,0.2063542966917945,0.399916841622012,0.34913578437459714,0.2536436727518875,0.32786230815778195,-0.01997855759671099,-0.013590335971560587,-0.006388221625150397,0.23983015849217257,0.5327625466800255,0.5258584570543765,0.12489297750250478,0.4672374533199745,0.47414154294562344,0.0,0.0
0,RL,R,t2,25,2,B,50663,0,0.47615601503759397,0.0,0.1813036520485146,nan,nan,nan,nan,nan,0.0,0.0,0.0,-0.2061265119921812,nan,nan,nan,nan,nan,nan,nan
0,RL,R,t2,25,2,V,842,0,0.007913533834586466,0.0,0.4423433051586548,nan,nan,nan,nan,nan,0.0,0.0,0.0,-1.2768025275033201,nan,nan,nan,nan,nan,nan,nan
0,RL,R,t2,25,2,ALL,106400,54895,1.0,0.5159304511278195,0.18472129026105283,0.2063542966917945,0.399916841622012,0.34913578437459714,0.2536436727518875,0.32786230815778195,-0.01997855759671099,-0.013590335971560587,-0.006388221625150397,0.015483283319644185,0.5327625466800255,0.5258584570543765,0.12489297750250478,0.4672374533199745,0.47414154294562344,0.0,0.0
0,RL,GELU,t2,25,1,P,6163,6163,0.05792293233082707,1.0,0.20331677675168103,0.31322362678864296,0.46625120562311706,0.3633699114755494,0.292517767018197,0.48212596653735185,-0.005042584187524743,-0.006119468236765575,0.0010768840492408293,0.6697934935738359,0.5760181729677105,0.5726107415219861,0.15495700146032776,0.4239818270322895,0.42738925847801396,0.0,0.0
0,RL,GELU,t2,25,1,B,9199,9199,0.08645676691729323,1.0,0.18970515964440499,-0.11439298397749484,0.021436504992475843,0.18161742013463827,0.17645477075002644,-0.16604369329538402,7.576547072101347e-05,-0.0010011429052704528,0.0010769083759914655,-0.4175572723507662,0.4584193934123274,0.48983585172301336,0.09316230025002718,0.5415806065876726,0.5101641482769866,0.0,0.0
0,RL,GELU,t2,25,1,V,91038,89532,0.8556203007518797,0.9834574573255124,0.16736007427976285,-0.03389021312484101,0.009796815957560764,0.20169843413939015,0.20014485334163368,-0.04285314190401982,7.560453264767926e-05,0.00018251658785770487,-0.00010691205521002569,-3.041854528680886,0.4963029978108386,0.4746459366483492,0.09989724344368493,0.5036970021891615,0.5253540633516508,0.0,0.0
0,RL,GELU,t2,25,1,ALL,106400,104894,1.0,0.9858458646616541,0.17137467576100132,0.11928159487906215,0.23475885422694254,0.2781562671255105,0.24476265353704002,0.19401939094449966,-0.00489121418415605,-0.006938094554178324,0.002046880370022269,-2.5999767352397525,0.49766430873071865,0.4817339409308445,0.10254161343832821,0.5023356912692813,0.5182660590691556,0.0,0.0
0,RL,GELU,t2,25,2,P,46290,46290,0.4350563909774436,1.0,0.16893849053390098,0.22597302371117892,0.4273523487035975,0.3519940509181704,0.2734399913947839,0.3644813727431058,-0.01239791479367587,-0.008339787153398654,-0.004058127640277222,0.24537956352520063,0.5361201123352776,0.5336141715273277,0.12674443724346512,0.4638798876647224,0.4663858284726723,0.0,0.0
0,RL,GELU,t2,25,2,B,53542,53542,0.5032142857142857,1.0,0.16329865464575902,0.09879325049628697,0.20221076667304194,0.20936600907632638,0.16573642366615907,0.15827996242617318,0.002385613950723001,0.0010772116482730299,0.0013084023024499704,-0.25158056757019925,0.5208994807814427,0.569702289791192,0.10991371259945464,0.4791005192185574,0.430297710208808,0.0,0.0
0,RL,GELU,t2,25,2,V,6568,6568,0.061729323308270675,1.0,0.25437975138749136,0.25917469626441214,0.4361773857208392,0.34064524694871984,0.37344613454638187,0.4197033185705618,-0.0004155097726529299,-0.0003355544703136538,-7.995530233927593e-05,-1.085925745710764,0.5951583434835567,0.6399208282582217,0.20645554202192448,0.4048416565164434,0.36007917174177834,0.0,0.0
0,RL,GELU,t2,25,2,ALL,106400,106400,1.0,1.0,0.1713746757610014,0.18376752950192887,0.35012393204451664,0.30175209612361487,0.23770823750852857,0.29717067327712043,-0.010427810615605798,-0.00759812997543928,-0.002829680640166527,-0.08687844972829296,0.5321052631578947,0.5583364661654135,0.12319548872180451,0.46789473684210525,0.44166353383458645,0.0,0.0
0,RL,SILU,t2,25,1,P,7038,7038,0.06614661654135338,1.0,0.2449055354173067,0.39485589445898106,0.46420310494525446,0.386420055725476,0.3280627497705211,0.5694917435283624,-0.005551790889002822,-0.008392463703767387,0.00284067281476457,0.6676332782677872,0.6050014208581983,0.5924978687127025,0.18030690537084398,0.39499857914180164,0.4075021312872975,0.0,0.0
0,RL,SILU,t2,25,1,B,20351,20351,0.1912687969924812,1.0,0.22690209246963272,-0.10699226917674035,0.013006339942125023,0.20961417052238102,0.19427769396500152,-0.1509426480865616,-0.00017403456726869956,-0.002293109484332212,0.0021190749170635127,-0.7241734802028382,0.4497567687091543,0.4825315709301754,0.10343472065254779,0.5502432312908456,0.5174684290698246,0.0,0.0
0,RL,SILU,t2,25,1,V,79011,79011,0.7425845864661654,1.0,0.1958161214528674,-0.009640379356473426,-0.014188483777793096,0.2084476701693215,0.20495833910371553,-0.014290918255400128,0.0003979131420561964,-4.678877113084169e-05,0.0004447019131870382,-3.2451015104884244,0.4916150915695283,0.4699725354697447,0.10617508954449381,0.5083849084304717,0.5300274645302553,0.0,0.0
0,RL,SILU,t2,25,1,ALL,106400,106400,1.0,1.0,0.20500899637433276,0.06487101189205761,0.10752346470909348,0.2518584237729597,0.25597073190846087,0.10183935427128915,-0.005327912314215325,-0.010732361959230441,0.005404449645015122,-2.504112471131205,0.491109022556391,0.4804793233082707,0.11055451127819549,0.508890977443609,0.5195206766917293,0.0,0.0
0,RL,SILU,t2,25,2,P,26752,26752,0.25142857142857145,1.0,0.21325865992597137,0.3331764407687535,0.5059380656176148,0.38194013104182156,0.31372400314788046,0.5130041975153388,-0.010231673035543095,-0.00916256505218356,-0.0010691079833595372,0.2978336597769261,0.5749102870813397,0.5911707535885168,0.15501644736842105,0.42508971291866027,0.40882924641148327,0.0,0.0
0,RL,SILU,t2,25,2,B,76183,76183,0.7160056390977444,1.0,0.19721265371296678,0.12017730109887094,0.19248662576637793,0.23035980356750133,0.17756692200749638,0.18181735070827662,0.0010997465414042229,2.3582871240217986e-05,0.0010761636701640046,-0.47275462899179505,0.5197353740335771,0.5622120420566268,0.12412217948886234,0.48026462596642294,0.4377879579433732,0.0,0.0
0,RL,SILU,t2,25,2,V,3465,3465,0.03256578947368421,1.0,0.3127301431672371,0.4445583283037457,0.5808062591302041,0.447584870207504,0.4582417883556098,0.6353400562514889,-0.0001773452120407485,-0.00016526452928592898,-1.2080682754819577e-05,-1.5984207342383145,0.653968253968254,0.6862914862914863,0.26955266955266954,0.346031746031746,0.3137085137085137,0.0,0.0
0,RL,SILU,t2,25,2,ALL,106400,106400,1.0,1.0,0.2050089963743328,0.19659461931829567,0.30275222458325085,0.285324842722378,0.23974513355470192,0.30158357811119546,-0.009309271706179621,-0.009304246710229272,-5.0249959503522896e-06,-0.3156649217882082,0.5379793233082707,0.5735338345864661,0.13662593984962407,0.4620206766917293,0.4264661654135338,0.0,0.0
1,RL,LR,t2,25,1,P,4006,4006,0.03702402957486137,1.0,0.17982730031694705,0.47925743393194264,0.41843706889638027,0.3799834351132354,0.3150877902666171,0.6956218535918152,-0.0022743039720038885,-0.004823226829363706,0.002548922857359818,0.5536233073193505,0.6218172740888667,0.5614078881677483,0.14403394907638542,0.3781827259111333,0.4385921118322516,0.0,0.0
1,RL,LR,t2,25,1,B,12091,12091,0.11174676524953789,1.0,0.1676035748709371,-0.1518266993358754,-0.0686594309511357,0.1685281877486237,0.1632076559696909,-0.2062332587692379,-0.00016355408971413749,-0.0005670903464408121,0.00040353625672667455,-0.5827725084592387,0.44347034984699363,0.48341741791415105,0.08245802663137872,0.5565296501530064,0.516582582085849,0.0,0.0
1,RL,LR,t2,25,1,V,92103,92103,0.8512292051756007,1.0,0.14963700729802726,0.003368391620898983,0.018388593865377806,0.1875661303358624,0.19075489328871972,0.010331209196494261,0.00024315489074898443,8.02167379195097e-05,0.00016293815282947496,-3.151739610780743,0.5046632574400399,0.5006894455120897,0.09622922163230296,0.49533674255996,0.4993105544879103,0.0,0.0
1,RL,LR,t2,25,1,ALL,108200,108200,1.0,1.0,0.15276247940854337,0.05040158277035612,0.060019883822390034,0.20818986243498533,0.23140368363260136,0.08385564170467143,-0.0021947031709690415,-0.005310100437885009,0.0031153972669159674,-2.727478380798504,0.5021626617375231,0.501007393715342,0.09646025878003697,0.4978373382624769,0.498992606284658,0.0,0.0
1,RL,LR,t2,25,2,P,11109,11109,0.10267097966728281,1.0,0.19546795066883763,0.2550817390007986,0.346844500956268,0.2921289843234,0.2775032437392642,0.4277842859271931,-0.005080373146206906,-0.007934422551710712,0.002854049405503808,0.29558137867463763,0.6029345575659375,0.5671977675758394,0.13916644162390854,0.3970654424340625,0.4328022324241606,0.0,0.0
1,RL,LR,t2,25,2,B,73692,73692,0.6810720887245841,1.0,0.14784081117821754,0.037255971714679904,-0.0030699577475904426,0.1583932888075395,0.15244402708372612,0.06830835680181793,-0.0003854835135753331,-3.001682398264734e-05,-0.00035546668959268566,-0.5110668176346904,0.4987787005373718,0.5104624653965152,0.09458285838354231,0.5012212994626283,0.48953753460348476,0.0,0.0
1,RL,LR,t2,25,2,V,23399,23399,0.21625693160813309,1.0,0.14798759565276634,0.15681043239895934,0.1765548848295489,0.20347564206280713,0.19868134357908707,0.2518726720234189,0.000639752428865903,0.0008507795456394002,-0.00021102711677349782,-1.3589486704057432,0.5512201376127185,0.5745972050087611,0.12282576178469165,0.4487798623872815,0.42540279499123895,0.0,0.0
1,RL,LR,t2,25,2,ALL,108200,108200,1.0,1.0,0.15276247940854348,0.14664695791212792,0.17124312532087282,0.21770265781713005,0.22522124730949983,0.24916197193424997,-0.004826104230916335,-0.007113659830053959,0.0022875555991376246,-0.6116077849192518,0.5208133086876156,0.5301571164510166,0.10526802218114603,0.47918669131238445,0.46984288354898335,0.0,0.0
1,RL,ELU1,t2,25,1,P,13311,13311,0.12302218114602588,1.0,0.308007863671302,0.2533742869423631,0.3765983887426015,0.3748361974061197,0.34278129944372915,0.37771151158305005,-0.012250998892123275,-0.011318595351299438,-0.0009324035408238411,0.7574074587785933,0.5581849598076779,0.574637517842386,0.20569453835173918,0.44181504019232215,0.425362482157614,0.0,0.0
1,RL,ELU1,t2,25,1,B,22482,22482,0.20778188539741219,1.0,0.31005207470826374,-0.06806628572861541,-0.034585285499287105,0.2365537805403137,0.23087972736662316,-0.10005631418343519,-0.0023509939383986912,-0.004993727857765818,0.002642733919367129,-0.5404137510724932,0.47393470331821014,0.4890579129970643,0.15487945912285384,0.5260652966817899,0.5109420870029356,0.0,0.0
1,RL,ELU1,t2,25,1,V,72407,72407,0.6691959334565619,1.0,0.28875813780804616,0.002427862031390586,0.015552624788074,0.24741717701600835,0.25269708779691374,0.0077896902218740766,0.0006373316583627534,2.6006981548164546e-05,0.000611324676814589,-2.6228359416072626,0.5001035811454694,0.5094535058765036,0.16114464071153342,0.4998964188545306,0.4905464941234963,0.0,0.0
1,RL,ELU1,t2,25,1,ALL,108200,108200,1.0,1.0,0.2955507754268677,0.026700195254009025,0.058605839267938206,0.26339843325657053,0.27868022141110976,0.044676889416635314,-0.013964661172159212,-0.01628631622751709,0.002321655055357877,-1.7743014167446116,0.50181146025878,0.5132347504621072,0.16532347504621073,0.49818853974121996,0.4867652495378928,0.0,0.0
1,RL,ELU1,t2,25,2,P,16937,16937,0.15653419593345655,1.0,0.3173884347983734,0.2972578187333356,0.6042431105086836,0.44131388810403027,0.3942842449240547,0.4728969224658642,-0.014821501056030972,-0.008348997624995151,-0.0064725034310358165,0.7258191294237132,0.573005845191002,0.6345279565448426,0.22459703607486567,0.42699415480899805,0.3654720434551573,0.0,0.0
1,RL,ELU1,t2,25,2,B,22257,22257,0.20570240295748612,1.0,0.2975077173966875,-0.08595298504183263,-0.1615173829533257,0.1939872089196072,0.18055114214891146,-0.14581788417417368,-0.005070822252068629,-0.0036634625761149207,-0.0014073596759537055,-0.5400083975509422,0.4648874511389675,0.45248685806712496,0.13977625016848633,0.5351125488610324,0.547513141932875,0.0,0.0
1,RL,ELU1,t2,25,2,V,69006,69006,0.6377634011090573,1.0,0.2895597008217975,0.10138953186146532,0.19391141735526748,0.2891610217484568,0.24888407003978247,0.16575257973113441,0.0008100832136162184,0.00042532028998589616,0.00038476292363032205,-2.3351082756972326,0.5311712025041301,0.5511839550184042,0.18465061009187606,0.4688287974958699,0.44881604498159583,0.0,0.0
1,RL,ELU1,t2,25,2,ALL,108200,108200,1.0,1.0,0.2955507754268677,0.10962335868194205,0.21872273256581792,0.30220566954572453,0.28755818119465065,0.17859071844420393,-0.01908224009448338,-0.011587139911124176,-0.0074951001833591996,-1.4867121070425613,0.5240850277264325,0.5439279112754158,0.1816728280961183,0.4759149722735675,0.4560720887245841,0.0,0.0
1,RL,R,t2,25,1,P,4055,4055,0.03747689463955638,1.0,0.2044919998889681,0.3326856285381507,0.4655412914094926,0.3508291431968793,0.3069118842403407,0.5180646732565493,-0.005715021727491058,-0.008477462822956843,0.002762441095465784,0.6347614162106382,0.5945745992601726,0.5810110974106042,0.16078914919852033,0.40542540073982736,0.4189889025893958,0.0,0.0
1,RL,R,t2,25,1,B,32605,0,0.30134011090573015,0.0,0.18185063053109388,nan,nan,nan,nan,nan,0.0,0.0,0.0,-0.599344325335772,nan,nan,nan,nan,nan,nan,nan
1,RL,R,t2,25,1,V,71540,0,0.6611829944547135,0.0,0.16768112028782786,nan,nan,nan,nan,nan,0.0,0.0,0.0,-3.1868256957614345,nan,nan,nan,nan,nan,nan,nan
1,RL,R,t2,25,1,ALL,108200,4055,1.0,0.03747689463955638,0.17333051953241485,0.3326856285381507,0.4655412914094926,0.3508291431968793,0.3069118842403407,0.5180646732565493,-0.005715021727491058,-0.008477462822956843,0.002762441095465784,-2.263892555079591,0.5945745992601726,0.5810110974106042,0.16078914919852033,0.40542540073982736,0.4189889025893958,0.0,0.0
1,RL,R,t2,25,2,P,50654,50654,0.46815157116451017,1.0,0.17604110934309306,0.22108734808469155,0.3291519265640355,0.30987905785834224,0.24695188679006583,0.34476427885893396,-0.015529811486981786,-0.015696209892974,0.00016639840599221495,0.217896370653227,0.540510127531883,0.5134836340664113,0.12058277727326569,0.459489872468117,0.48651636593358866,0.0,0.0
1,RL,R,t2,25,2,B,57082,0,0.5275600739371534,0.0,0.17000321089708523,nan,nan,nan,nan,nan,0.0,0.0,0.0,-0.18981311370524281,nan,nan,nan,nan,nan,nan,nan
1,RL,R,t2,25,2,V,464,0,0.004288354898336414,0.0,0.28675124205782915,nan,nan,nan,nan,nan,0.0,0.0,0.0,-1.267682855226219,nan,nan,nan,nan,nan,nan,nan
1,RL,R,t2,25,2,ALL,108200,50654,1.0,0.46815157116451017,0.17333051953241485,0.22108734808469155,0.3291519265640355,0.30987905785834224,0.24695188679006583,0.34476427885893396,-0.015529811486981786,-0.015696209892974,0.00016639840599221495,-0.003565566009972976,0.540510127531883,0.5134836340664113,0.12058277727326569,0.459489872468117,0.48651636593358866,0.0,0.0
1,RL,GELU,t2,25,1,P,4337,4337,0.04008317929759704,1.0,0.20004122890655807,0.4488778933106602,0.484900264173244,0.39726845410648853,0.30779660741993237,0.6264386238605076,-0.0038834404243382917,-0.007766720665504934,0.003883280241166639,0.5844578750946451,0.6234724463915149,0.566290062255015,0.15978787180078396,0.3765275536084851,0.433709937744985,0.0,0.0
1,RL,GELU,t2,25,1,B,8978,8978,0.08297597042513863,1.0,0.17961676128724488,-0.18781317795252792,0.022982696226876227,0.16146096415879505,0.16813368865139722,-0.2417606479427032,0.0002464520216590286,-0.0016240869823785,0.0018705390040375288,-0.4346290193275617,0.4248162174203609,0.5023390510135888,0.0794163510804188,0.5751837825796391,0.4976609489864112,0.0,0.0
1,RL,GELU,t2,25,1,V,94885,94056,0.8769408502772643,0.9912631079728091,0.16017432761978526,-0.04075840204272097,0.017746519957103774,0.18862858584840853,0.18965359315059963,-0.04337541550202612,-0.00020094030133382452,2.4326118224370114e-05,-0.00022526641955819475,-2.9174450473433247,0.5056243089223441,0.5024559836693034,0.09440120779110317,0.4943756910776559,0.4975440163306966,0.0,0.0
1,RL,GELU,t2,25,1,ALL,108200,107371,1.0,0.9923382624768946,0.16338557457308642,0.11627773791979806,0.19443647638994152,0.2631288462062071,0.23702077202301974,0.18441023521228586,-0.0038379287040130883,-0.009366481529659064,0.005528552825645973,-2.5710635753087687,0.5036276089446872,0.5050246342122174,0.09578936584366356,0.4963723910553129,0.49497536578778256,0.0,0.0
1,RL,GELU,t2,25,2,P,43809,43809,0.40488909426987063,1.0,0.16474551344501545,0.254329552704831,0.4297299867297644,0.33053651789327854,0.25672242025016284,0.39612905451508557,-0.012990214904675949,-0.009393216387784297,-0.0035969985168916494,0.2050601463942106,0.5455043484215573,0.5578305827569677,0.12134492912415257,0.4544956515784428,0.44216941724303227,0.0,0.0
1,RL,GELU,t2,25,2,B,61024,61024,0.5639926062846581,1.0,0.1549215878254348,0.11670536394089112,0.21566109175902987,0.20630503975840855,0.1648811117814393,0.19104310175442454,0.0031348277147242747,0.001636430474343446,0.00149839724038083,-0.22706732719082115,0.5249410068169901,0.5528316727844782,0.10096027792343996,0.47505899318301,0.44716832721552174,0.0,0.0
1,RL,GELU,t2,25,2,V,3367,3367,0.03111829944547135,1.0,0.29909355355982564,0.37320141948308866,0.5151345910880629,0.3762159968917653,0.4282038252709334,0.5590792986475472,-0.0002083128338891792,-0.0002012367144541184,-7.076119435060719e-06,-0.9964675381104399,0.6308286308286308,0.675081675081675,0.23255123255123256,0.36917136917136917,0.3249183249183249,0.0,0.0
1,RL,GELU,t2,25,2,ALL,108200,108200,1.0,1.0,0.1633855745730864,0.19980453273671736,0.342341990594509,0.2796300909260486,0.22068404187479435,0.31605781635904345,-0.010063700023840853,-0.007958022627894969,-0.0021056773959458796,-0.07604605195865571,0.5365619223659889,0.5586598890942699,0.1133086876155268,0.46343807763401107,0.4413401109057301,0.0,0.0
1,RL,SILU,t2,25,1,P,5692,5692,0.05260628465804067,1.0,0.21026101700520966,0.44924254255017476,0.4493279749237087,0.3367975825733094,0.29126606068965477,0.6201112185729201,-0.0036105577893004886,-0.006857700939106358,0.00324714314980587,0.5826790557161038,0.6066408995080815,0.5621925509486999,0.1510892480674631,0.39335910049191847,0.4378074490513001,0.0,0.0
1,RL,SILU,t2,25,1,B,18811,18811,0.1738539741219963,1.0,0.20047154802189845,-0.10777847166128668,0.03389196896767566,0.19025668472139498,0.1789855541586458,-0.1599854928522149,3.2915124863164505e-05,-0.002193403632701158,0.0022263187575643217,-0.7251247102743655,0.45351124342140237,0.5060337036840147,0.09170166392004678,0.5464887565785976,0.4939662963159853,0.0,0.0
1,RL,SILU,t2,25,1,V,83697,83697,0.773539741219963,1.0,0.1726711881474492,0.00015272833311592564,-0.0002804316831107103,0.18662834748925627,0.18402727660642665,0.007709633367480891,0.00014397314502540644,-0.000325634901636952,0.00046960804666235843,-3.3925130854812005,0.4990023537283296,0.5031124174104209,0.09469873472167462,0.5009976462716704,0.4968875825895791,0.0,0.0
1,RL,SILU,t2,25,1,ALL,108200,108200,1.0,1.0,0.17948185243078227,0.05476675292505314,0.0879145665809634,0.2144373489347196,0.22272156880341368,0.08565124394468507,-0.0034336695194119174,-0.00937673947344447,0.00594306995403255,-2.719656926574446,0.49675600739371534,0.5067282809611829,0.0971441774491682,0.5032439926062846,0.493271719038817,0.0,0.0
1,RL,SILU,t2,25,2,P,27124,27124,0.25068391866913126,1.0,0.1846614189265938,0.31000169064246824,0.5005886841948971,0.35149340214550395,0.29152044387913045,0.4578375257852628,-0.0098514517880168,-0.008015011668315877,-0.0018364401197009251,0.2332976681416461,0.5671361156171656,0.5873764931426043,0.13917563781153222,0.4328638843828344,0.4126235068573957,0.0,0.0
1,RL,SILU,t2,25,2,B,79742,79742,0.7369870609981516,1.0,0.17552564399930706,0.1277380516945509,0.20741383160896745,0.20993479667242237,0.16363316329791264,0.20446479521939864,0.0017387639061444368,0.0005622693709538401,0.001176494535190597,-0.4168893376958789,0.5222592861979886,0.5453587820721828,0.10256828271174538,0.4777407138020115,0.4546412179278172,0.0,0.0
1,RL,SILU,t2,25,2,V,1334,1334,0.01232902033271719,1.0,0.31065532402770984,0.5294504689024951,0.6554116831757905,0.4469605769275288,0.46532229140501896,0.6925647933438738,-7.0299259344571e-05,-6.423361007820931e-05,-6.065649266361717e-06,-1.5226940735624195,0.6896551724137931,0.7436281859070465,0.2908545727136432,0.3103448275862069,0.2563718140929535,0.0,0.0
1,RL,SILU,t2,25,2,ALL,108200,108200,1.0,1.0,0.1794818524307822,0.18162490130812387,0.2936659350391008,0.2521614915100306,0.21710276776362572,0.27992434729097226,-0.008182987141216935,-0.007516975907440247,-0.0006660112337766896,-0.26753140027729233,0.5355730129390018,0.5583364140480591,0.11406654343807764,0.46442698706099816,0.44166358595194083,0.0,0.0
2,RL,LR,t2,25,1,P,8679,8679,0.08043558850787766,1.0,0.18056762769564597,0.34603696716065335,0.35288027680183565,0.3287075640281724,0.30467120684970317,0.4616831141829512,-0.0036548231261899454,-0.006890262249782794,0.0032354391235928444,1.2304138046009383,0.5886622882820601,0.5704574259707339,0.126512270998963,0.41133771171793987,0.42954257402926604,0.0,0.0
2,RL,LR,t2,25,1,B,15083,15083,0.13978683966635774,1.0,0.173777023152295,-0.0619318428029954,-0.033362009242428874,0.18677934398221646,0.17900859376056485,-0.08952757104502933,-0.00011760012194598377,-0.0003631355033702162,0.00024553538142423227,-0.5643600871655753,0.46443015315255587,0.4922097725916595,0.0900351388980972,0.5355698468474441,0.5077902274083406,0.0,0.0
2,RL,LR,t2,25,1,V,84138,84138,0.7797775718257646,1.0,0.16128259706277304,-0.007866175752783831,-0.01662435887132702,0.18533472442013205,0.18933297648324238,-0.014087570154800175,-0.00023546740214318163,-3.374718871907417e-05,-0.00020172021342410745,-2.981196948415178,0.502460243885046,0.4970881171408876,0.09554541348736599,0.497539756114954,0.5029118828591124,0.0,0.0
2,RL,LR,t2,25,1,ALL,107900,107900,1.0,1.0,0.1645803561876198,0.07808421428206049,0.07611457209104044,0.2215728058317723,0.24522167369144704,0.1083867185975666,-0.004007890650279111,-0.007287144941872084,0.0032792542915929695,-2.3045915721069794,0.5040778498609824,0.5023076923076923,0.09726598702502318,0.4959221501390176,0.4976923076923077,0.0,0.0
2,RL,LR,t2,25,2,P,8739,8739,0.08099165894346617,1.0,0.2067440938543818,0.42231284434811406,0.4447383924740925,0.37653304186041336,0.31198435969566235,0.5787696992766523,-0.004714146851369809,-0.007515907076885216,0.002801760225515406,0.2969568070385994,0.615859938208033,0.568257237670214,0.15802723423732692,0.384140061791967,0.43174276232978603,0.0,0.0
2,RL,LR,t2,25,2,B,55836,55836,0.5174791473586654,1.0,0.16112804251521054,-0.006452276627104139,-0.002671000409724138,0.1539318544785407,0.1465131152880142,-0.012090790678976214,-0.00027546835148171007,-0.000725740507668364,0.000450272156186654,-0.5559096769501598,0.4816963965900136,0.5176409484920124,0.09175084175084175,0.5183036034099864,0.4823590515079877,0.0,0.0
2,RL,LR,t2,25,2,V,43325,43325,0.4015291936978684,1.0,0.16052483357348965,0.15668245896433391,0.13072211807168824,0.2027962519517924,0.19513088053050767,0.21892329281971146,0.0007836071443756269,0.0015167227924737694,-0.0007331156480981423,-1.6081290514041264,0.5495903058280438,0.5615464512406232,0.12009232544720139,0.45040969417195614,0.4384535487593768,0.0,0.0
2,RL,LR,t2,25,2,ALL,107900,107900,1.0,1.0,0.16458035618761982,0.1713223754039571,0.1656869880303171,0.22810865850330095,0.2362034373388291,0.2397845090132045,-0.004206008058475892,-0.00672492479207981,0.0025189167336039184,-0.9093314025724059,0.5198239110287303,0.5393697868396664,0.10849860982391103,0.4801760889712697,0.46063021316033365,0.0,0.0
2,RL,ELU1,t2,25,1,P,16704,16704,0.15481000926784058,1.0,0.33448406982399176,0.21906208744149375,0.3064581795723527,0.3802296267637997,0.34867797221393776,0.3322114483840861,-0.013686242252572922,-0.013785351162328685,9.910890975575487e-05,0.7611533770643782,0.5525622605363985,0.5496288314176245,0.21306273946360152,0.44743773946360155,0.45037116858237547,0.0,0.0
2,RL,ELU1,t2,25,1,B,24231,24231,0.2245690454124189,1.0,0.33433689510150943,-0.024867730500212352,-0.01285961814277168,0.2556519441983297,0.2503897221744457,-0.028689364490009542,-0.001518504785253538,-0.00345635442871742,0.001937849643463881,-0.532061784388857,0.4869382196360035,0.4953159176261813,0.173744377037679,0.5130617803639965,0.5046840823738187,0.0,0.0
2,RL,ELU1,t2,25,1,V,66965,66965,0.6206209453197405,1.0,0.3213430310410469,0.009021464420923827,0.032550162801487,0.2686155416126734,0.27862371466365654,0.009921661763567343,0.0012678157116587754,0.0010531244290573436,0.00021469128260143103,-2.5663571299099734,0.5008287911595609,0.5063689987306802,0.17495706712461734,0.49917120884043903,0.4936310012693198,0.0,0.0
2,RL,ELU1,t2,25,1,ALL,107900,107900,1.0,1.0,0.3262954150251004,0.03946726153875415,0.07298297701781284,0.2857713797151892,0.2979015715649351,0.05761954341071805,-0.013936931326167688,-0.01618858116198876,0.002251649835821067,-1.5943854336558332,0.5057182576459684,0.5105838739573679,0.18058387395736794,0.4942817423540315,0.48941612604263207,0.0,0.0
2,RL,ELU1,t2,25,2,P,18592,18592,0.1723076923076923,1.0,0.35280859431908856,0.41668205123379587,0.5927515703117564,0.5007576221904214,0.4405656879862109,0.5914844009783862,-0.01598882391527296,-0.01343128875318317,-0.0025575351620897952,0.6473137224321833,0.6062822719449226,0.612736660929432,0.2601118760757315,0.39371772805507743,0.387263339070568,0.0,0.0
2,RL,ELU1,t2,25,2,B,29160,29160,0.2702502316960148,1.0,0.31733904847339983,-0.05891351486005634,-0.01357028629324867,0.22636913361580485,0.20641690233181292,-0.09862937992978832,-0.00266787734177777,-0.003717452242205733,0.0010495749004279635,-0.5318066051569335,0.47613168724279836,0.5061728395061729,0.1576474622770919,0.5238683127572017,0.49382716049382713,0.0,0.0
2,RL,ELU1,t2,25,2,V,60148,60148,0.5574420759962929,1.0,0.3224421633660889,0.14732307109419832,0.29285266051552605,0.3315969067311626,0.29303528805469226,0.21541661658519032,0.003513686020737194,0.0014351573518028846,0.002078528668934308,-2.075684490989689,0.5452384119172707,0.5856387577309303,0.2196748021546851,0.45476158808272926,0.4143612422690696,0.0,0.0
2,RL,ELU1,t2,25,2,ALL,107900,107900,1.0,1.0,0.32629541502510057,0.16038985636108957,0.2980362072569994,0.34435311540330366,0.3201909699995564,0.23135765279317547,-0.015143015236313537,-0.015713583643586018,0.0005705684072724765,-1.1892575963203416,0.5370806302131603,0.5688322520852641,0.20987951807228916,0.4629193697868397,0.4311677479147359,0.0,0.0
2,RL,R,t2,25,1,P,6401,6401,0.05932344763670065,1.0,0.23938431209756508,0.34448928367335635,0.5123404304220985,0.3879378122333567,0.3069095099811604,0.500044935061959,-0.009409100592694232,-0.00979943350586885,0.00039033291317462014,0.7026831557984012,0.5758475238244024,0.5594438369004843,0.16216216216216217,0.42415247617559754,0.4405561630995157,0.0,0.0
2,RL,R,t2,25,1,B,36883,0,0.34182576459684894,0.0,0.22371976157188087,nan,nan,nan,nan,nan,0.0,0.0,0.0,-0.5781649646742635,nan,nan,nan,nan,nan,nan,nan
2,RL,R,t2,25,1,V,64616,0,0.5988507877664504,0.0,0.21374075764257536,nan,nan,nan,nan,nan,0.0,0.0,0.0,-3.096488405314514,nan,nan,nan,nan,nan,nan,nan
2,RL,R,t2,25,1,ALL,107900,6401,1.0,0.05932344763670065,0.21867310235055465,0.34448928367335635,0.5123404304220985,0.3879378122333567,0.3069095099811604,0.500044935061959,-0.009409100592694232,-0.00979943350586885,0.00039033291317462014,-2.0102806145469687,0.5758475238244024,0.5594438369004843,0.16216216216216217,0.42415247617559754,0.4405561630995157,0.0,0.0
2,RL,R,t2,25,2,P,52255,52255,0.48429101019462467,1.0,0.2175015832337614,0.2673936519637924,0.4235621146624807,0.372442751230783,0.29873796364584365,0.40337437901893414,-0.022666991593787923,-0.02037410195177778,-0.002292889642010134,0.3327833045107706,0.5489426849105349,0.5318151373074347,0.14469428762797817,0.4510573150894651,0.4681848626925653,0.0,0.0
2,RL,R,t2,25,2,B,53236,0,0.49338276181649676,0.0,0.21344185195026819,nan,nan,nan,nan,nan,0.0,0.0,0.0,-0.28008742237406337,nan,nan,nan,nan,nan,nan,nan
2,RL,R,t2,25,2,V,2409,0,0.02232622798887859,0.0,0.3596895314737083,nan,nan,nan,nan,nan,0.0,0.0,0.0,-1.3267431539802872,nan,nan,nan,nan,nan,nan,nan
2,RL,R,t2,25,2,ALL,107900,52255,1.0,0.48429101019462467,0.21867310235055462,0.2673936519637924,0.4235621146624807,0.372442751230783,0.29873796364584365,0.40337437901893414,-0.022666991593787923,-0.02037410195177778,-0.002292889642010134,-0.006647513422000296,0.5489426849105349,0.5318151373074347,0.14469428762797817,0.4510573150894651,0.4681848626925653,0.0,0.0
2,RL,GELU,t2,25,1,P,6467,6467,0.05993512511584801,1.0,0.21409374873976494,0.35764289149972955,0.4398558299006248,0.3719447279797183,0.29344356196976934,0.5360512389264452,-0.0054793023910633225,-0.00831867594153545,0.0028393735504721276,0.6426421232018058,0.5882171022112263,0.5603834853873512,0.1560228854182774,0.41178289778877375,0.43961651461264883,0.0,0.0
2,RL,GELU,t2,25,1,B,9377,9377,0.08690454124189063,1.0,0.19943626293731972,-0.11307543215816228,0.043358958119896866,0.1924302755836605,0.18254792945105316,-0.14299806516458627,0.00010315271321842366,-0.0014306522312402688,0.0015338049444586917,-0.4189988175176122,0.44587821264796845,0.49482777007571715,0.09832569051935587,0.5541217873520315,0.5051722299242828,0.0,0.0
2,RL,GELU,t2,25,1,V,92056,90583,0.8531603336422614,0.9839988702528896,0.17922468232085453,-0.01870332226443206,0.030524225802608374,0.1991012226523901,0.2001601504654803,-0.02058247714297834,-0.0002594801457398122,-0.0001203039076974795,-0.0001391762380423327,-2.9952746002690107,0.5029199739465463,0.48855745559321284,0.10301049865868872,0.49708002605345375,0.5114425444067872,0.0,0.0
2,RL,GELU,t2,25,1,ALL,107900,106427,1.0,0.9863484708063022,0.18307104232059213,0.14012107430886467,0.22608259894064134,0.2800312919127137,0.24581318797439372,0.22401011878203064,-0.005635629823584711,-0.009869632080473199,0.004234002256888487,-2.553345541274149,0.5030772266436149,0.4934744002931587,0.105819012092796,0.49692277335638513,0.5065255997068413,0.0,0.0
2,RL,GELU,t2,25,2,P,52018,52018,0.48209453197405006,1.0,0.17919089078163564,0.23691997033144846,0.3887181898067616,0.33276867268666777,0.2652859857003207,0.3766516942224071,-0.013432269245372155,-0.011282689954150996,-0.002149579291221163,0.25584179039934013,0.5426198623553385,0.5438502056980276,0.12639855434657235,0.45738013764466146,0.4561497943019724,0.0,0.0
2,RL,GELU,t2,25,2,B,51593,51593,0.47815569972196476,1.0,0.17722091509340432,0.14973573220750253,0.22809469275775002,0.23584708562553755,0.18017934755214207,0.22755137723820262,0.0027467774381017725,0.002049694096537404,0.000697083341564369,-0.2358691099084053,0.5344135832380361,0.5693214195724227,0.12154749675343554,0.46558641676196383,0.4306785804275774,0.0,0.0
2,RL,GELU,t2,25,2,V,4289,4289,0.03974976830398517,1.0,0.30050245681948035,0.37517691528515734,0.4859093735857268,0.4074432539936909,0.43871437533744007,0.5488919881829065,-0.0002903607839492273,-0.0003033588551835359,1.2998071234308376e-05,-1.084248497505032,0.6400093261832595,0.6584285381207741,0.25110748426206575,0.3599906738167405,0.34157146187922593,0.0,0.0
2,RL,GELU,t2,25,2,ALL,107900,107900,1.0,1.0,0.1830710423205921,0.2163070255956202,0.34389891034751746,0.3065177354395224,0.23965691315315996,0.33920796667925,-0.010975852591219611,-0.009536354712797129,-0.0014394978784224859,-0.032540857648846726,0.5425671918443002,0.560583873957368,0.12903614457831325,0.4574328081556997,0.4394161260426321,0.0,0.0
2,RL,SILU,t2,25,1,P,6401,6401,0.05932344763670065,1.0,0.2047339306768399,0.36184422236673663,0.4124011303730014,0.31317674768316567,0.2921400598691722,0.5257488720536125,-0.004366508755514633,-0.007365625971594092,0.0029991172160794585,0.7100054548396987,0.6164661771598188,0.5772535541321668,0.15606936416184972,0.3835338228401812,0.42274644586783316,0.0,0.0
2,RL,SILU,t2,25,1,B,19483,19483,0.18056533827618165,1.0,0.19655476095598715,-0.1319662051143297,0.014023849967676447,0.18284844930219676,0.1726999418314272,-0.18796987799366768,-0.00025251672185985286,-0.0026475896122201276,0.0023950728903602736,-0.7284625573707214,0.4435661859056613,0.49150541497715955,0.09726428168146589,0.5564338140943387,0.5084945850228404,0.0,0.0
2,RL,SILU,t2,25,1,V,82016,82016,0.7601112140871177,1.0,0.1713706053903401,0.006018706290737081,0.0009724811990200938,0.19432978933167333,0.19097937994063685,0.004463367481264611,0.00016230511161255534,-0.0004315583361094456,0.000593863447722001,-3.2872009479408386,0.4977565353101834,0.48352760436987907,0.10251658213031603,0.5022434646898166,0.5164723956301209,0.0,0.0
2,RL,SILU,t2,25,1,ALL,107900,107900,1.0,1.0,0.17789721843987102,0.05393127215803859,0.09315661320215154,0.21784837662384895,0.2265096202489724,0.07845017948222065,-0.004456720365761931,-0.010444773919923664,0.005988053554161734,-2.5880534201588565,0.4950139017608897,0.4905282669138091,0.1047451343836886,0.5049860982391103,0.5094717330861909,0.0,0.0
2,RL,SILU,t2,25,2,P,26804,26804,0.24841519925857275,1.0,0.18325807122348164,0.29320187277901133,0.46481696788692983,0.34676294134031393,0.2849553125099509,0.42455408780607895,-0.009368845109584493,-0.008152484674766166,-0.0012163604348183266,0.2790927337598801,0.5656245336516937,0.5802492165348455,0.13867333233845694,0.4343754663483062,0.41975078346515443,0.0,0.0
2,RL,SILU,t2,25,2,B,77426,77426,0.7175718257645969,1.0,0.1723643865080471,0.1040035369083018,0.17937740570251814,0.2120757778098055,0.17003299690425744,0.14924420461221702,0.0007651772397860021,-0.00015669867577203947,0.0009218759155580418,-0.4781144352778294,0.5180430346395267,0.553237930410973,0.1159171337793506,0.4819569653604732,0.4467620695890269,0.0,0.0
2,RL,SILU,t2,25,2,V,3670,3670,0.034012974976830396,1.0,0.2554701740642597,0.41908505668755175,0.5336112684986978,0.3885990690643405,0.4205785385697537,0.5471538792502494,-0.00016927124306922395,-0.00017183749316034314,2.566250091119221e-06,-1.5938141782646174,0.6463215258855586,0.6809264305177112,0.23487738419618528,0.3536784741144414,0.3190735694822888,0.0,0.0
2,RL,SILU,t2,25,2,ALL,107900,107900,1.0,1.0,0.17789721843987108,0.17094719871741096,0.27547364588046047,0.2579724382484893,0.22199227953774453,0.2446219414445455,-0.008772939112867716,-0.008481020843698549,-0.0002919182691691655,-0.32796093294117273,0.5342261353104727,0.5642910101946247,0.12561631139944393,0.46577386468952736,0.43570898980537537,0.0,0.0
0,RL,LR,t2,100,1,P,3474,3474,0.032650375939849624,1.0,0.13387996958892717,0.35881629364284406,0.00863998954586579,0.20079052067914757,0.18789049178413916,0.6408004485384616,-3.948353927571046e-06,-0.0017191264008875027,0.0017151780469599326,0.568626788574399,0.5918249856073691,0.4968336211859528,0.10046056419113414,0.408175014392631,0.5031663788140472,0.0,0.0
0,RL,LR,t2,100,1,B,10397,10397,0.09771616541353384,1.0,0.12813301871301044,-0.1329351281279827,-0.009615310778048738,0.14030592460762112,0.13976505302456826,-0.19912229909637905,-8.990632082673556e-06,-0.00023369801659112925,0.00022470738450845566,-0.5757459899552195,0.4534000192363182,0.4971626430701164,0.07136674040588631,0.5465999807636819,0.5028373569298836,0.0,0.0
0,RL,LR,t2,100,1,V,92529,92529,0.8696334586466166,1.0,0.1236791088999594,0.01570666573818161,0.007276304991099801,0.16785621533598782,0.16714432637211707,0.01938101283186995,4.0793326970640336e-05,0.00018549068985459471,-0.00014469736288395439,-3.3991846329498503,0.5028261409936344,0.5015940948243254,0.08371429497779075,0.49717385900636557,0.4984059051756747,0.0,0.0
0,RL,LR,t2,100,1,ALL,106400,106400,1.0,1.0,0.12444738982439328,0.03990647330448641,0.007024362489628996,0.16981143138088076,0.17111547897049909,0.07250551674622523,2.7854340960395732e-05,-0.001767333727624037,0.0017951880685844338,-2.9937385009048274,0.5009022556390977,0.5010056390977443,0.08305451127819549,0.49909774436090226,0.49899436090225563,0.0,0.0
0,RL,LR,t2,100,2,P,2244,2244,0.021090225563909774,1.0,0.16154554958949793,0.31242094186223207,0.007007388166094006,0.21682787324060337,0.1976945275031116,0.6459744652976138,-7.315513867345616e-06,-0.0016945084897061224,0.0016871929758387769,0.1810021197160247,0.6105169340463458,0.4786096256684492,0.1051693404634581,0.3894830659536542,0.5213903743315508,0.0,0.0
0,RL,LR,t2,100,2,B,63420,63420,0.5960526315789474,1.0,0.12333801595518268,-0.015919700882956498,-0.005816262401612707,0.13271439637099025,0.13185789504403833,-0.028141961394371275,-0.0001442268043111161,-0.0007894231239221153,0.000645196319611,-0.6052009776996917,0.4794701986754967,0.5182592242194891,0.07350993377483443,0.5205298013245033,0.4817407757805109,0.0,0.0
0,RL,LR,t2,100,2,V,40736,40736,0.38285714285714284,1.0,0.12413091840531534,0.10812007369084906,0.02401734336693032,0.14880613862998737,0.1462245287622066,0.18924012147662453,0.0001505217850966961,0.0009724077924283373,-0.0008218860073316406,-1.4176490342548222,0.5357914375490966,0.5514041633935586,0.08982227022780832,0.46420856245090336,0.4485958366064415,0.0,0.0
0,RL,LR,t2,100,2,ALL,106400,106400,1.0,1.0,0.12444738982439327,0.06984263416559472,0.012023359844580046,0.1455831690636545,0.1485951990008459,0.13132901190410026,-1.0205330817655948e-06,-0.0015115238211999005,0.0015105032881181364,-0.8996713186886854,0.503796992481203,0.5301127819548872,0.08042293233082706,0.496203007518797,0.4698872180451128,0.0,0.0
0,RL,ELU1,t2,100,1,P,8602,8602,0.08084586466165414,1.0,0.13470621563632035,0.15111860132901217,0.021017973794079804,0.21199085449860358,0.18853079030248096,0.29272838269410584,8.799283445140152e-06,-0.0009137779721730623,0.0009225772556182023,0.9206388122142549,0.5368518949081609,0.4933736340385957,0.08858405022087887,0.4631481050918391,0.5066263659614043,0.0,0.0
0,RL,ELU1,t2,100,1,B,15159,15159,0.1424718045112782,1.0,0.1376662396362581,-0.1378538391246902,-0.004971291941644086,0.13760313735160998,0.1366069531861359,-0.23110048339911674,-3.0988250319137016e-05,-0.0010807367971519867,0.0010497485468328501,-0.5664337688516945,0.4563625568968929,0.5051124744376279,0.07236625107197045,0.543637443103107,0.4948875255623722,0.0,0.0
0,RL,ELU1,t2,100,1,V,82639,82639,0.7766823308270677,1.0,0.12809315841436958,-0.04841156746561755,-0.002166456549616322,0.1552183880655976,0.149604480400669,-0.08637043823490217,-3.995700337791647e-05,-0.0004246786323345934,0.0003847216289566769,-2.93792401522178,0.4840934667650867,0.5032248696136207,0.08011955614177325,0.5159065332349133,0.4967751303863793,0.0,0.0
0,RL,ELU1,t2,100,1,ALL,106400,106400,1.0,1.0,0.1299916908999507,-0.0399263668699662,-0.0005543019326395335,0.15823954894243503,0.15672410175824264,-0.0668101137105661,-6.214597025191333e-05,-0.002419193401659642,0.0023570474314077296,-2.2881046723051552,0.4844078947368421,0.5026973684210526,0.07969924812030076,0.5155921052631579,0.4973026315789474,0.0,0.0
0,RL,ELU1,t2,100,2,P,646,646,0.006071428571428571,1.0,0.14088094833026155,0.23280052519937794,0.04988805480824034,0.18787928468021356,0.13031157398796092,0.5126879445902837,1.4617080682609927e-05,-8.939099058253284e-05,0.00010400807126514279,0.364036570579402,0.5263157894736842,0.6068111455108359,0.08513931888544891,0.47368421052631576,0.3931888544891641,0.0,0.0
0,RL,ELU1,t2,100,2,B,2536,2536,0.023834586466165413,1.0,0.14362602632212726,-0.19024063614234463,0.02607433489919724,0.13699976992961607,0.15241445656124414,-0.3603419134009412,2.0891296885722505e-05,-0.0003850826207028136,0.00040597391758853603,-0.6198359457087023,0.4365141955835962,0.4692429022082019,0.06979495268138801,0.5634858044164038,0.5307570977917981,0.0,0.0
0,RL,ELU1,t2,100,2,V,103218,103218,0.9700939849624061,1.0,0.12958855254297202,0.010993868324468416,0.008360439741647716,0.15026253068593862,0.1328190459443649,0.019569048545913237,-3.385275896926478e-05,-0.0013049350817375277,0.0012710823227682637,-3.3372956307566417,0.4999903117673274,0.522844852641981,0.0866709294890426,0.5000096882326726,0.47715514735801895,0.0,0.0
0,RL,ELU1,t2,100,2,ALL,106400,106400,1.0,1.0,0.12999169089995066,0.009705942861727008,0.008585159176467594,0.15021035293948176,0.13557501034658068,0.017156111716184298,1.655618599067648e-06,-0.0017794086930228742,0.0017810643116219424,-3.2500537288455074,0.4986372180451128,0.522077067669173,0.0862593984962406,0.5013627819548873,0.47792293233082705,0.0,0.0
0,RL,R,t2,100,1,P,955,955,0.008975563909774435,1.0,0.12541196037194247,0.12142312821391546,0.023963123633091363,0.1463344315403416,0.14303723308802835,0.5583638031206127,0.00011667535140727138,-0.000851424598827189,0.0009680999502344607,0.4409981537662522,0.5465968586387434,0.4869109947643979,0.07329842931937172,0.45340314136125653,0.5130890052356021,0.0,0.0
0,RL,R,t2,100,1,B,25227,0,0.23709586466165414,0.0,0.11180326387691085,nan,nan,nan,nan,nan,0.0,0.0,0.0,-0.5996246140145114,nan,nan,nan,nan,nan,nan,nan
0,RL,R,t2,100,1,V,80218,0,0.7539285714285714,0.0,0.10905088445287284,nan,nan,nan,nan,nan,0.0,0.0,0.0,-3.7388242903930706,nan,nan,nan,nan,nan,nan,nan
0,RL,R,t2,100,1,ALL,106400,955,1.0,0.008975563909774435,0.10985031211483635,0.12142312821391546,0.023963123633091363,0.1463344315403416,0.14303723308802835,0.5583638031206127,0.00011667535140727138,-0.000851424598827189,0.0009680999502344607,-2.9570167652974497,0.5465968586387434,0.4869109947643979,0.07329842931937172,0.45340314136125653,0.5130890052356021,0.0,0.0
0,RL,R,t2,100,2,P,32126,32126,0.3019360902255639,1.0,0.1127953169143935,0.025627671763294734,0.011202205563359165,0.18339122451546935,0.17628418278103736,0.17564892340720412,-0.0001959847379515983,-0.001704079582386224,0.0015080948444346255,0.08800238912421998,0.5079063686733487,0.46361202764116294,0.07884579468343397,0.4920936313266513,0.5363879723588371,0.0,0.0
0,RL,R,t2,100,2,B,74227,0,0.6976221804511278,0.0,0.10844988736273803,nan,nan,nan,nan,nan,0.0,0.0,0.0,-0.09788305366791247,nan,nan,nan,nan,nan,nan,nan
0,RL,R,t2,100,2,V,47,0,0.0004417293233082707,0.0,0.30853337346424353,nan,nan,nan,nan,nan,0.0,0.0,0.0,-1.2021214995598146,nan,nan,nan,nan,nan,nan,nan
0,RL,R,t2,100,2,ALL,106400,32126,1.0,0.3019360902255639,0.10985031211483628,0.025627671763294734,0.011202205563359165,0.18339122451546935,0.17628418278103736,0.17564892340720412,-0.0001959847379515983,-0.001704079582386224,0.0015080948444346255,-0.042245304342883074,0.5079063686733487,0.46361202764116294,0.07884579468343397,0.4920936313266513,0.5363879723588371,0.0,0.0
0,RL,GELU,t2,100,1,P,1971,1971,0.018524436090225565,1.0,0.13066496569646502,0.32469074056857183,0.023644016867414106,0.18968797639567378,0.1682262703669053,0.6712935075184224,0.00016443113707843225,-0.0019177443440426332,0.0020821754811210648,0.4568154424177814,0.5819381024860477,0.4865550481988838,0.08574327752409944,0.4180618975139523,0.5134449518011162,0.0,0.0
0,RL,GELU,t2,100,1,B,5367,5367,0.050441729323308274,1.0,0.12125189091643761,-0.20965440354783635,0.026493379418517437,0.13291891510063625,0.14126416528219704,-0.29908031091526327,0.00014983463822190927,-0.0009104933252731227,0.0010603279634950333,-0.4386681906984139,0.4317123160052171,0.5056828768399478,0.0674492267561021,0.5682876839947829,0.49431712316005216,0.0,0.0
0,RL,GELU,t2,100,1,V,99062,95979,0.9310338345864662,0.9688780763562214,0.10638482972422682,-0.08696633935026295,-0.0034366000422038387,0.15597311681898637,0.1623879599941037,-0.09637346334666812,-3.217697318183192e-05,0.0004567633495459079,-0.00048894032272774,-3.486574169122004,0.5072672147032163,0.4850540222340304,0.08253888871523979,0.49273278529678366,0.5149459777659696,0.0,0.0
0,RL,GELU,t2,100,1,ALL,106400,103317,1.0,0.9710244360902256,0.1075845258277971,-0.03229368813498864,0.006478720151203815,0.15780988120865444,0.16038850034836305,0.03286176744213054,0.00028208880211850963,-0.0023714743197698483,0.002653563121888358,-3.25978345191764,0.504766882507235,0.4861542630931986,0.0818161580378834,0.495233117492765,0.5138457369068014,0.0,0.0
0,RL,GELU,t2,100,2,P,42095,42095,0.3956296992481203,1.0,0.10659458820436285,-0.05102976237192379,0.018485864186377456,0.15902942051567898,0.15731563238362112,0.09412193249544594,-0.000523810054014676,0.0031172482405240625,-0.0036410582945387393,0.0976950713224875,0.4786791780496496,0.47604228530704357,0.0737617294215465,0.5213208219503503,0.5239577146929564,0.0,0.0
0,RL,GELU,t2,100,2,B,63897,63897,0.6005357142857143,1.0,0.10759683381254691,-0.03610046630351215,0.015581178802370897,0.12641429116449573,0.1161994647737013,0.03278020799409477,0.00012663173664311496,-0.0020562593183577047,0.0021828910550008187,-0.14209358040386869,0.48617305976806424,0.5353459473840713,0.07022238915755043,0.5138269402319358,0.46465405261592874,0.0,0.0
0,RL,GELU,t2,100,2,V,408,408,0.0038345864661654136,1.0,0.20779281248688444,0.14933489915316792,0.13510506494306712,0.24539168665412942,0.26989792512840377,0.5157079253182698,-4.301928225973887e-06,-9.333681306513996e-06,5.03175308054011e-06,-0.9231299029496913,0.5514705882352942,0.5294117647058824,0.13725490196078433,0.4485294117647059,0.47058823529411764,0.0,0.0
0,RL,GELU,t2,100,2,ALL,106400,106400,1.0,1.0,0.10758452582779711,-0.039754547992604666,0.01803796106104292,0.1401288608347208,0.13638222303206568,0.06229129557005757,-0.0004014802455975349,0.0010516552408598439,-0.0014531354864573804,-0.05022101955027595,0.48345864661654137,0.5118609022556391,0.07187969924812031,0.5165413533834586,0.48813909774436093,0.0,0.0
0,RL,SILU,t2,100,1,P,2354,2354,0.02212406015037594,1.0,0.14689416289943405,0.35258929459502014,0.07406576293340553,0.20672960288027015,0.18959113512611186,0.6747336828018909,-3.432228936530707e-05,-0.0018643852846765,0.0018300629953111934,0.466743894246504,0.6049277824978759,0.516142735768904,0.10110450297366186,0.39507221750212407,0.483857264231096,0.0,0.0
0,RL,SILU,t2,100,1,B,13805,13805,0.12974624060150375,1.0,0.13501385411672567,-0.19135917191911084,0.01533833089516437,0.15435918838219143,0.14919643576296285,-0.2824096396360159,-2.228259646993416e-05,-0.0017710251303629907,0.001748742533893056,-0.7627267062557234,0.4334661354581673,0.48489677653024266,0.07576964867801521,0.5665338645418326,0.5151032234697573,0.0,0.0
0,RL,SILU,t2,100,1,V,90241,90241,0.8481296992481203,1.0,0.10715479672654418,-0.001380838459140993,-0.0014405905425385046,0.16231621445149397,0.16546796074587783,0.0019724163871073196,2.94351456249317e-05,-0.0005277345682245058,0.0005571697138494374,-3.576039026404967,0.5105772320785452,0.4815327844327966,0.08089449363371416,0.4894227679214548,0.5184672155672034,0.0,0.0
0,RL,SILU,t2,100,1,ALL,106400,106400,1.0,1.0,0.1116486008171686,-0.016723007852433202,0.005912368852158424,0.16331992824401115,0.1661507102539081,-0.005937717475344298,-2.716974021030953e-05,-0.004163144983263997,0.004135975243053687,-3.1215795567163025,0.5026597744360902,0.48273496240601504,0.0806766917293233,0.4973402255639098,0.517265037593985,0.0,0.0
0,RL,SILU,t2,100,2,P,12805,12805,0.12034774436090226,1.0,0.10637520756436922,-0.09512422950805417,0.07053671964753007,0.14831554750561435,0.14441772797877633,0.07716208057310026,-0.0006430294046476471,0.0015377876853073852,-0.0021808170899550324,0.13103705852343128,0.4660679422100742,0.5242483404919953,0.06755173760249902,0.5339320577899258,0.4757516595080047,0.0,0.0
0,RL,SILU,t2,100,2,B,92700,92700,0.8712406015037594,1.0,0.11178243331167877,-0.008953844838803883,0.02136727987015083,0.13520141808952313,0.12785017989528025,0.018673947071670173,-0.0003098657489301047,-0.0012646091962037127,0.0009547434472736081,-0.42338921816301295,0.4951024811218986,0.5364617044228694,0.07625674217907227,0.5048975188781014,0.46353829557713055,0.0,0.0
0,RL,SILU,t2,100,2,V,895,895,0.008411654135338346,1.0,0.17323466602499235,0.33729228223097935,0.23443207282000705,0.2740260788570607,0.2992309377403654,0.5062951541094041,-1.0385705914911565e-05,-2.1403106406056653e-05,1.1017400491145084e-05,-1.430001100055391,0.6067039106145251,0.5843575418994413,0.16312849162011173,0.39329608938547483,0.41564245810055866,0.0,0.0
0,RL,SILU,t2,100,2,ALL,106400,106400,1.0,1.0,0.11164860081716858,-0.008140586316806066,0.027805854523522546,0.13830115517711983,0.13127858362117317,0.03144822682994301,-0.0009632808594926634,0.0002517753826976159,-0.0012150562421902795,-0.3651325373483866,0.492546992481203,0.5353947368421053,0.07593984962406015,0.507453007518797,0.46460526315789474,0.0,0.0
1,RL,LR,t2,100,1,P,1616,1616,0.014935304990757856,1.0,0.12688421634645272,0.325455949466933,-0.2092124809053916,0.15064767996466505,0.17147539965868006,0.7437410004430446,0.0002360017844212119,-0.0008717084099821588,0.0011077101944033706,0.4644289306099391,0.6101485148514851,0.4573019801980198,0.0952970297029703,0.38985148514851486,0.5426980198019802,0.0,0.0
1,RL,LR,t2,100,1,B,7171,7171,0.06627541589648799,1.0,0.1229412643937056,-0.16190093027143374,0.003252934033962385,0.13623916442242726,0.1339086640393754,-0.2588683919641957,-5.031516318121256e-06,-0.0001982140076980287,0.00019318249137990752,-0.602895365830465,0.433412355320039,0.4946311532561707,0.06693627109189793,0.5665876446799609,0.5053688467438293,0.0,0.0
1,RL,LR,t2,100,1,V,99413,99413,0.9187892791127542,1.0,0.11617730127079134,0.013281247000666635,0.0022611779609041575,0.16006946238428207,0.15795113002289546,0.026787677520101815,3.492721737129828e-05,9.000611027232547e-05,-5.5078892901027175e-05,-3.5933877245060044,0.5038475853258628,0.5003570961544265,0.08076408518000663,0.4961524146741372,0.4996429038455735,0.0,0.0
1,RL,LR,t2,100,1,ALL,108200,108200,1.0,1.0,0.11678549678203615,0.019792342697813704,-0.003456225342398275,0.15949321426351354,0.15856456207468356,0.04796313901034057,0.00026589748547438895,-0.0009799163074078621,0.001245813792882251,-3.33458687035878,0.5007670979667282,0.4993345656192237,0.08006469500924214,0.4992329020332717,0.5006654343807764,0.0,0.0
1,RL,LR,t2,100,2,P,2225,2225,0.0205637707948244,1.0,0.13728937822514234,0.033306470409620204,-0.05308201103539484,0.16182196927857914,0.16855406047804689,0.27378278661133454,0.00020215172325768163,-0.0008215126842886551,0.0010236644075463364,0.26994594468054633,0.5523595505617978,0.4907865168539326,0.09393258426966292,0.44764044943820225,0.5092134831460674,0.0,0.0
1,RL,LR,t2,100,2,B,65013,65013,0.6008595194085028,1.0,0.11755336392643687,0.0015143094512446791,-0.004764042872492551,0.13830817192219522,0.13837557677111934,-0.004603411247092703,-4.1097887778225936e-05,-0.00045059280099894673,0.00040949491322072055,-0.6134301650319162,0.4891021795640872,0.5090520357466968,0.08173749865411534,0.5108978204359128,0.49094796425330317,0.0,0.0
1,RL,LR,t2,100,2,V,40962,40962,0.37857670979667285,1.0,0.11445303052380085,0.06099852316458306,-0.0023456792997379274,0.13329393246765048,0.1328437559512682,0.13556699124976798,-3.880870352446519e-05,0.000540080361404234,-0.0005788890649286991,-1.4056891573677752,0.5188223231287534,0.527708607978126,0.08393144865973341,0.4811776768712465,0.4722913920218739,0.0,0.0
1,RL,LR,t2,100,2,ALL,108200,108200,1.0,1.0,0.11678549678203617,0.03667052549673816,-0.006337474786357449,0.13693764332172123,0.14187305621402954,0.09135493706750981,0.00012224513195499052,-0.0007320251238833676,0.000854270255838358,-0.8951954238115024,0.5016543438077634,0.5157393715341959,0.082818853974122,0.4983456561922366,0.4842606284658041,0.0,0.0
1,RL,ELU1,t2,100,1,P,8276,8276,0.07648798521256932,1.0,0.12400953157727608,0.06849105430807229,-0.024206579674696218,0.1621977888893008,0.16585277089006983,0.142332322089645,8.844910136321992e-05,-0.0006270153251085985,0.0007154644264718188,1.1626464139478512,0.5300869985500242,0.5228371193813437,0.08385693571773804,0.46991300144997583,0.47716288061865636,0.0,0.0
1,RL,ELU1,t2,100,1,B,14386,14386,0.13295748613678374,1.0,0.12774613490674047,-0.14123392999249634,0.026960816925105054,0.1541522145642695,0.15230376940731974,-0.2537229240770141,9.049686646537233e-05,-0.000985148965596858,0.0010756458320622302,-0.5669631160927743,0.45523425552620606,0.493952453774503,0.07270957875712498,0.544765744473794,0.506047546225497,0.0,0.0
1,RL,ELU1,t2,100,1,V,85538,85538,0.7905545286506469,1.0,0.1182083696958747,-0.030744187461051172,-0.009033853926953982,0.153187964712434,0.1541349570475052,-0.05249877782147343,-4.506459045208619e-06,-0.0003186081187566665,0.00031410165971145794,-3.0650985638478483,0.4891744020201548,0.49860880544319486,0.0774392667586336,0.5108255979798452,0.5013911945568051,0.0,0.0
1,RL,ELU1,t2,100,1,ALL,108200,108200,1.0,1.0,0.11992020616587463,-0.029865737974768918,-0.007631675477097067,0.1541012524154251,0.15705605496243466,-0.04960040461309884,0.00017443950878338362,-0.0019307724094621231,0.002105211918245507,-2.409581059340993,0.48779112754158965,0.4998428835489834,0.07730129390018484,0.5122088724584104,0.5001571164510167,0.0,0.0
1,RL,ELU1,t2,100,2,P,1252,1252,0.011571164510166359,1.0,0.12568155375409415,0.057428198263231346,0.3015973963623526,0.2609190859352705,0.2607724459131912,0.1430237122620283,-0.0003950791683946475,-6.650773495372881e-05,-0.0003285714334409187,0.8452792582553936,0.5071884984025559,0.5846645367412141,0.0950479233226837,0.4928115015974441,0.41533546325878595,0.0,0.0
1,RL,ELU1,t2,100,2,B,2266,2266,0.020942698706099817,1.0,0.1335691392842145,-0.06324827140540094,-0.0752451437103592,0.1258956810682688,0.11864852822412908,-0.24251334823993612,-0.0001197308867469039,-0.00016223856884221624,4.250768209531226e-05,-0.6379230826955585,0.4766107678729038,0.5017652250661959,0.07149161518093557,0.5233892321270962,0.4982347749338041,0.0,0.0
1,RL,ELU1,t2,100,2,V,104682,104682,0.9674861367837339,1.0,0.11955584849572498,0.005685866380896567,0.0053809098519705485,0.1446173060888933,0.13062697150400226,0.013399473474743436,-0.00033576517691493325,-0.0008815160268873549,0.0005457508499724213,-3.681749062112027,0.5008310884392733,0.5072982938805143,0.08175235475057795,0.4991689115607268,0.49270170611948566,0.0,0.0
1,RL,ELU1,t2,100,2,ALL,108200,108200,1.0,1.0,0.11992020616587466,0.005489322443778023,0.006951200387410441,0.14534178771255338,0.14790769365106257,0.012104140187046763,-0.0008505752320564847,-0.0011102623306833,0.00025968709862681487,-3.565620142274155,0.5003974121996303,0.5080776340110905,0.08169131238447319,0.4996025878003697,0.4919223659889094,0.0,0.0
1,RL,R,t2,100,1,P,944,944,0.008724584103512015,1.0,0.13137315427427854,0.08136885294369609,-0.06047040173881155,0.1407553278767316,0.17322283077853587,0.6153886071288752,0.00013463086988693132,-0.0010637165281211162,0.0011983473980080475,0.45249054321412097,0.5540254237288136,0.4735169491525424,0.09533898305084745,0.4459745762711864,0.5264830508474576,0.0,0.0
1,RL,R,t2,100,1,B,27693,0,0.2559426987060998,0.0,0.1138719496085768,nan,nan,nan,nan,nan,0.0,0.0,0.0,-0.6096049395413349,nan,nan,nan,nan,nan,nan,nan
1,RL,R,t2,100,1,V,79563,0,0.7353327171903882,0.0,0.109309991688105,nan,nan,nan,nan,nan,0.0,0.0,0.0,-3.733383058905579,nan,nan,nan,nan,nan,nan,nan
1,RL,R,t2,100,1,ALL,108200,944,1.0,0.008724584103512015,0.11067008342722674,0.08136885294369609,-0.06047040173881155,0.1407553278767316,0.17322283077853587,0.6153886071288752,0.00013463086988693132,-0.0010637165281211162,0.0011983473980080475,-2.897354850588065,0.5540254237288136,0.4735169491525424,0.09533898305084745,0.4459745762711864,0.5264830508474576,0.0,0.0
1,RL,R,t2,100,2,P,33697,33697,0.3114325323475046,1.0,0.11315521188069613,0.014666563121350418,-0.010281915314419666,0.18687364377216534,0.18124070127510508,0.20261444001440468,0.000132891876406529,-0.0014722264249369813,0.0016051183013435105,0.08461684261469932,0.5070481051725673,0.4651749413894412,0.08422114728314094,0.49295189482743274,0.5348250586105588,0.0,0.0
1,RL,R,t2,100,2,B,74469,0,0.6882532347504621,0.0,0.10949369537852442,nan,nan,nan,nan,nan,0.0,0.0,0.0,-0.09556971489609734,nan,nan,nan,nan,nan,nan,nan
1,RL,R,t2,100,2,V,34,0,0.0003142329020332717,0.0,0.22428973349369508,nan,nan,nan,nan,nan,0.0,0.0,0.0,-1.19742203061855,nan,nan,nan,nan,nan,nan,nan
1,RL,R,t2,100,2,ALL,108200,33697,1.0,0.3114325323475046,0.1106700834272268,0.014666563121350418,-0.010281915314419666,0.18687364377216534,0.18124070127510508,0.20261444001440468,0.000132891876406529,-0.0014722264249369813,0.0016051183013435105,-0.0397999972463122,0.5070481051725673,0.4651749413894412,0.08422114728314094,0.49295189482743274,0.5348250586105588,0.0,0.0
1,RL,GELU,t2,100,1,P,1603,1603,0.014815157116451016,1.0,0.111708101466487,0.24546006105181795,-0.02936589753000386,0.16921265645535224,0.17488905976719957,0.6312006189263838,0.00023583714352779953,-0.0016081725552370162,0.001844009698764815,0.43966228118486805,0.6044915782907049,0.4990642545227698,0.08608858390517779,0.39550842170929507,0.5009357454772302,0.0,0.0
1,RL,GELU,t2,100,1,B,5750,5750,0.05314232902033272,1.0,0.10638477794483489,-0.27901714797724014,0.02667171712672874,0.11828534477013673,0.1253277834172872,-0.40762523206057055,0.00015965562350381957,-0.001102689277229997,0.001262344900733817,-0.4534743503075288,0.408,0.516695652173913,0.057565217391304345,0.592,0.48330434782608694,0.0,0.0
1,RL,GELU,t2,100,1,V,100847,98415,0.9320425138632162,0.9758842603151309,0.0942811518502633,-0.11712199609379352,-0.021812268697817702,0.12758330255559683,0.13456668787458487,-0.13091376723108067,0.0001088489000568018,0.0007236518429954203,-0.0006148029429386187,-3.3210089297094108,0.5139663669156125,0.5206625006350658,0.0728039424884418,0.4860336330843875,0.4793374993649342,0.0,0.0
1,RL,GELU,t2,100,1,ALL,108200,105768,1.0,0.9775231053604436,0.09518254972714495,-0.0947818676991235,-0.014397007293416352,0.13109524135929776,0.14166225484142983,-0.06128695939840166,0.0005043416670884209,-0.0019872099894715925,0.0024915516565600137,-3.112906528760942,0.5095775659934952,0.5201195068451706,0.07217683987595493,0.4904224340065048,0.47988049315482945,0.0,0.0
1,RL,GELU,t2,100,2,P,25762,25762,0.23809611829944546,1.0,0.09572569576804013,-0.21288360729547479,-0.024853672578943543,0.12731597339735587,0.1358663507478883,-0.06855936369787859,0.00015798900897308202,0.005349189028636092,-0.005191200019663008,0.08793800107273331,0.44744196879124293,0.49064513624718575,0.0638925549258598,0.5525580312087571,0.5093548637528142,0.0,0.0
1,RL,GELU,t2,100,2,B,82044,82044,0.7582624768946395,1.0,0.09479141516008242,-0.08801100072759423,8.458275183990599e-05,0.11713026678317971,0.11712615563491134,-0.055993131989796295,-0.00026518991831145356,-0.0026093978685495724,0.0023442079502381183,-0.16708437334150486,0.48310662571303203,0.5080932182731217,0.06325873921310517,0.516893374286968,0.49190678172687824,0.0,0.0
1,RL,GELU,t2,100,2,V,394,394,0.0036414048059149723,1.0,0.1411158393579473,-0.0891667465877248,0.031481912651850893,0.1233921900336424,0.07781828718518768,0.30885118710074383,1.3589520214030004e-06,1.0711870663184442e-05,-9.352918641781446e-06,-0.9540849376573964,0.4619289340101523,0.4796954314720812,0.050761421319796954,0.5380710659898477,0.5203045685279187,0.0,0.0
1,RL,GELU,t2,100,2,ALL,108200,108200,1.0,1.0,0.09518254972714495,-0.11194625717994236,-0.004246092814211745,0.11905523316219449,0.12316889092708541,-0.055272248946769076,-0.00010584195731696851,0.0027505030307497036,-0.0028563449880666717,-0.10923032355112464,0.47453789279112757,0.5038354898336415,0.0633641404805915,0.5254621072088724,0.4961645101663586,0.0,0.0
1,RL,SILU,t2,100,1,P,2358,2358,0.02179297597042514,1.0,0.12710006351314457,0.2875093692941183,0.04223133126728495,0.17976167365660478,0.1951364778660951,0.6575450430362056,-9.703021063212543e-05,-0.0016239313542669215,0.0015269011436347968,0.46335060283952484,0.59245122985581,0.5029686174724343,0.09287531806615776,0.40754877014419,0.49703138252756573,0.0,0.0
1,RL,SILU,t2,100,1,B,13699,13699,0.12660813308687616,1.0,0.12145977530874609,-0.1785021672332953,0.01630432344602499,0.1309871923962578,0.12840542461991372,-0.27064319929444564,0.0001193944066568499,-0.0014721397605021948,0.0015915341671590437,-0.7565758088290109,0.44222206000437986,0.5202569530622673,0.06635520840937295,0.5577779399956201,0.4797430469377327,0.0,0.0
1,RL,SILU,t2,100,1,V,92143,92143,0.8515988909426987,1.0,0.09996067310218754,-0.0037733344382353063,6.509471040113985e-05,0.14536412274591504,0.14756266842944946,-0.00022397821773722712,3.853363619574777e-05,-0.00043745300314453295,0.00047598663934028077,-3.761157898890429,0.5134844752178679,0.5178906699369459,0.07484019404621078,0.4865155247821321,0.4821093300630542,0.0,0.0
1,RL,SILU,t2,100,1,ALL,108200,108200,1.0,1.0,0.10327408237868183,-0.021140354048433906,0.005297920567941948,0.1443785939397967,0.15136526442792603,-0.01168194145012704,6.089783222047224e-05,-0.003533524117913649,0.0035944219501341215,-3.288688757496431,0.5061829944547135,0.5178650646950093,0.07415896487985213,0.4938170055452865,0.48213493530499074,0.0,0.0
1,RL,SILU,t2,100,2,P,10277,10277,0.0949815157116451,1.0,0.10103510206129106,-0.1442960653970416,0.045879260120882406,0.14585733817156718,0.14304732295073444,0.014751163162368231,-0.0004057271382852816,0.0017425864586057345,-0.0021483135968910164,0.12125747366594156,0.45295319645811033,0.5082222438454802,0.07278388634815608,0.5470468035418896,0.4917777561545198,0.0,0.0
1,RL,SILU,t2,100,2,B,97665,97665,0.9026340110905731,1.0,0.10338000106514915,-0.020676465778979726,0.0165001300072195,0.12681385717567314,0.12219898674000544,0.005016918909835354,-8.065076972130436e-05,-0.0007993489415774321,0.0007186981718561279,-0.3962559337056268,0.49653407054727894,0.5119848461577843,0.06636973327189884,0.5034659294527211,0.4880151538422157,0.0,0.0
1,RL,SILU,t2,100,2,V,258,258,0.0023844731977818853,1.0,0.15236498240966012,0.2909551303692843,0.1794657668818512,0.21486741018513936,0.20706149712866564,0.6116164892546733,-1.78834894349225e-06,-3.7067503012140086e-06,1.918401357721758e-06,-1.4046451480943074,0.5891472868217055,0.5736434108527132,0.12403100775193798,0.4108527131782946,0.4263565891472868,0.0,0.0
1,RL,SILU,t2,100,2,ALL,108200,108200,1.0,1.0,0.10327408237868183,-0.02487183373414348,0.018574146845142137,0.1280752826009099,0.1254615560637859,0.008472732005768625,-0.0004881662569500782,0.0009395307667270883,-0.0014276970236771671,-0.3495062029270193,0.4926155268022181,0.5117744916820702,0.06711645101663585,0.5073844731977819,0.48822550831792977,0.0,0.0
2,RL,LR,t2,100,1,P,5115,5115,0.0474050046339203,1.0,0.12455416687298182,0.13741597326468138,0.046711741957477515,0.16415979978079517,0.1992319243980452,0.27943724576134354,-0.00012417522513235272,-0.0013805696585196788,0.001256394433387326,2.203558352965414,0.5607038123167155,0.5006842619745846,0.09012707722385142,0.43929618768328443,0.49931573802541546,0.0,0.0
2,RL,LR,t2,100,1,B,10114,10114,0.09373493975903614,1.0,0.12200228113646183,-0.13302098246939945,-0.01629681017102701,0.1484014577055365,0.14184547731298836,-0.20211467658542048,-1.7195343831191367e-05,-0.00022276085091282877,0.00020556550708163737,-0.5871850438087479,0.4372157405576429,0.4969349416650188,0.0691121218113506,0.5627842594423571,0.5030650583349812,0.0,0.0
2,RL,LR,t2,100,1,V,92671,92671,0.8588600556070436,1.0,0.12028233595105219,0.023878144397908786,0.005731935166287467,0.16246670806738187,0.16520706514294423,0.03429958070485202,2.05178653345317e-05,0.00028686682997879445,-0.0002663489646442625,-3.35482918976251,0.5087567847546698,0.5063396315999612,0.08233427933226144,0.49124321524533027,0.49366036840003885,0.0,0.0
2,RL,LR,t2,100,1,ALL,107900,107900,1.0,1.0,0.1206460610740448,0.03584976509672092,0.010710568991100395,0.16243672930771016,0.1732733272263417,0.06472662843440556,-0.00012085270362901237,-0.001316463679453713,0.0011956109758247007,-2.8319088452469434,0.5045134383688601,0.5051899907321594,0.08146431881371641,0.49548656163113997,0.4948100092678406,0.0,0.0
2,RL,LR,t2,100,2,P,843,843,0.007812789620018535,1.0,0.14974640298859962,0.34297661720989764,0.026980612102891138,0.22931574780988073,0.19377581610713845,0.6982216725439835,-1.9421989969367498e-05,-0.0006695632368727113,0.0006501412469033439,0.16146796427733198,0.6014234875444839,0.47568208778173193,0.09608540925266904,0.398576512455516,0.5243179122182681,0.0,0.0
2,RL,LR,t2,100,2,B,32477,32477,0.3009916589434662,1.0,0.12149736526523064,-0.06351092142433075,-0.016903676105607158,0.12654014666755686,0.12499463715139218,-0.11165781783301142,-9.800698248179535e-05,-0.0006621225703965204,0.0005641155879147252,-0.6565239547651057,0.4704868060473566,0.5167349200972996,0.07562274840656465,0.5295131939526434,0.48326507990270035,0.0,0.0
2,RL,LR,t2,100,2,V,74580,74580,0.6911955514365153,1.0,0.11994641781243151,0.05162906101924337,0.0158869758417136,0.14028678352079266,0.13850615688405793,0.0910889354490837,0.0001112817611212961,0.0007468998158678497,-0.0006356180547465538,-1.859447966390996,0.5151515151515151,0.5277822472512738,0.08580048270313757,0.48484848484848486,0.4722177527487262,0.0,0.0
2,RL,LR,t2,100,2,ALL,107900,107900,1.0,1.0,0.12064606107404473,0.039109819200918446,0.011723617186897309,0.13919946086340446,0.1386016459407812,0.0704796174194889,-6.147211329866759e-06,-0.000584785991401382,0.0005786387800715153,-1.481588881542734,0.5023818350324375,0.5240500463392029,0.08281742354031511,0.49761816496756256,0.475949953660797,0.0,0.0
2,RL,ELU1,t2,100,1,P,12353,12353,0.11448563484708063,1.0,0.12025640047693698,0.035829684540468906,-0.02941608477141192,0.16036243347657664,0.15605814094068876,0.10520351202115917,0.00010177411727246442,-0.00042187997952386095,0.0005236540967963254,1.239522738674196,0.5172832510321379,0.4822310369950619,0.08103294746215495,0.48271674896786204,0.517768963004938,0.0,0.0
2,RL,ELU1,t2,100,1,B,14655,14655,0.13582020389249305,1.0,0.12411139074628724,-0.12662757657811943,-0.012389699480354385,0.14148642839501438,0.14042564234880503,-0.1905496412761593,-7.927078538969046e-05,-0.0007671378896692519,0.000687867104279561,-0.5547032538294318,0.46250426475605594,0.4906857727737973,0.0756055953599454,0.537495735243944,0.5093142272262027,0.0,0.0
2,RL,ELU1,t2,100,1,V,80892,80892,0.7496941612604263,1.0,0.1176354838799775,-0.05411054495769799,0.009275076462746345,0.1480757307093778,0.14922014978409365,-0.10495602306915963,5.742712904922209e-06,-0.0002246978475432798,0.000230440560448202,-3.091539891378648,0.48457202195519955,0.5032636107402463,0.07721406319537161,0.5154279780448004,0.4967363892597537,0.0,0.0
2,RL,ELU1,t2,100,1,ALL,107900,107900,1.0,1.0,0.11881510017143265,-0.0477287808851237,0.002184161433089464,0.14920713183196097,0.14878872789731032,-0.08352264449880585,2.824604478769617e-05,-0.0014137157167363925,0.0014419617615240884,-2.2511417672607004,0.4853197405004634,0.499147358665431,0.07743280815569972,0.5146802594995367,0.5008526413345691,0.0,0.0
2,RL,ELU1,t2,100,2,P,66,66,0.0006116774791473586,1.0,0.1542517048274627,0.36709062175041757,-0.02296229195539095,0.04877102483809146,0.13784893576687965,0.8895849849262878,8.352974970469399e-06,-1.726776795622317e-05,2.5620742926692566e-05,0.28133994671169466,0.6060606060606061,0.48484848484848486,0.030303030303030304,0.3939393939393939,0.5151515151515151,0.0,0.0
2,RL,ELU1,t2,100,2,B,980,980,0.009082483781278962,1.0,0.13673638348655298,-0.19594086176997533,0.0524057299538063,0.10890226695004734,0.10076075572781215,-0.525973277918677,1.2095824009158596e-05,-0.0001896057663490704,0.00020170159035822906,-0.6980913133298724,0.4459183673469388,0.613265306122449,0.05204081632653061,0.5540816326530612,0.386734693877551,0.0,0.0
2,RL,ELU1,t2,100,2,V,106854,106854,0.9903058387395737,1.0,0.1186288490853142,0.006484920726304787,0.0006224445694394973,0.14556363585153312,0.13560026776176629,0.01354462878613684,2.553971272578067e-05,-0.0010936927453550434,0.0011192324580808245,-3.610007963562993,0.5002246055365265,0.5329795796133041,0.08636082879442979,0.4997753944634735,0.4670204203866959,0.0,0.0
2,RL,ELU1,t2,100,2,ALL,107900,107900,1.0,1.0,0.11881510017143278,0.005775761535320501,0.0008087297467826915,0.14541996226987647,0.13304737590983123,0.011631489923624307,4.5988511705408664e-05,-0.001300566279660337,0.0013465547913657462,-3.581180277934572,0.49979610750695086,0.5336793327154773,0.08601482854494903,0.5002038924930491,0.4663206672845227,0.0,0.0
2,RL,R,t2,100,1,P,1402,1402,0.012993512511584801,1.0,0.13447641265327612,0.2203092217045101,0.0390508737472938,0.20113716739064652,0.16908926973237487,0.6398902543046324,0.00016295424079113279,-0.001306114470329536,0.0014690687111206689,0.47122292404155774,0.5777460770328102,0.44079885877318115,0.07132667617689016,0.4222539229671897,0.5592011412268189,0.0,0.0
2,RL,R,t2,100,1,B,30860,0,0.2860055607043559,0.0,0.11739070594253742,nan,nan,nan,nan,nan,0.0,0.0,0.0,-0.5913280265269936,nan,nan,nan,nan,nan,nan,nan
2,RL,R,t2,100,1,V,75638,0,0.7010009267840593,0.0,0.11486440987467245,nan,nan,nan,nan,nan,0.0,0.0,0.0,-3.6444178918630703,nan,nan,nan,nan,nan,nan,nan
2,RL,R,t2,100,1,ALL,107900,1402,1.0,0.012993512511584801,0.11584177340154841,0.2203092217045101,0.0390508737472938,0.20113716739064652,0.16908926973237487,0.6398902543046324,0.00016295424079113279,-0.001306114470329536,0.0014690687111206689,-2.7177405826121936,0.5777460770328102,0.44079885877318115,0.07132667617689016,0.4222539229671897,0.5592011412268189,0.0,0.0
2,RL,R,t2,100,2,P,39397,39397,0.3651251158480074,1.0,0.11745564990997363,0.07299545606169108,0.01672004493458458,0.20900035726357513,0.20855527170916574,0.2749871725679402,-0.00042698172227557637,-0.00345133260425935,0.003024350881983775,0.08771181440921329,0.5120694469122015,0.4574713810696246,0.08949920044673453,0.4879305530877986,0.5425286189303754,0.0,0.0
2,RL,R,t2,100,2,B,68454,0,0.6344207599629287,0.0,0.11484567900966536,nan,nan,nan,nan,nan,0.0,0.0,0.0,-0.11709249856675563,nan,nan,nan,nan,nan,nan,nan
2,RL,R,t2,100,2,V,49,0,0.0004541241890639481,0.0,0.20981631828997552,nan,nan,nan,nan,nan,0.0,0.0,0.0,-1.176145493494927,nan,nan,nan,nan,nan,nan,nan
2,RL,R,t2,100,2,ALL,107900,39397,1.0,0.3651251158480074,0.11584177340154841,0.07299545606169108,0.01672004493458458,0.20900035726357513,0.20855527170916574,0.2749871725679402,-0.00042698172227557637,-0.00345133260425935,0.003024350881983775,-0.04279424164773092,0.5120694469122015,0.4574713810696246,0.08949920044673453,0.4879305530877986,0.5425286189303754,0.0,0.0
2,RL,GELU,t2,100,1,P,1864,1864,0.01727525486561631,1.0,0.11803748988691264,0.16355196576984088,0.04818023881171697,0.17011565861743166,0.14940371829563429,0.5671099509972991,0.00017476519948832396,-0.0013539118548233262,0.0015286770543116502,0.5215930280713522,0.5616952789699571,0.47263948497854075,0.07725321888412018,0.4383047210300429,0.5273605150214592,0.0,0.0
2,RL,GELU,t2,100,1,B,4974,4974,0.046098239110287306,1.0,0.10973335113552976,-0.2667815782293099,0.01489690701842677,0.12589538104043413,0.12224590956754493,-0.3359031046264041,-3.472056268045732e-05,-0.001300168161588244,0.0012654475989077865,-0.43407427076834687,0.4028950542822678,0.4774829111379172,0.06192199437072778,0.5971049457177322,0.5225170888620828,0.0,0.0
2,RL,GELU,t2,100,1,V,101062,97910,0.9366265060240964,0.9688112247927015,0.10182817625719455,-0.10846023455713825,0.00640440785836483,0.14191201886131577,0.14787923049275967,-0.12243671981856011,-9.368538011882378e-05,0.0007289977333689512,-0.0008226831134877744,-3.510568469929248,0.5107037074864672,0.4968031865999387,0.0774691042794403,0.48929629251353285,0.5031968134000613,0.0,0.0
2,RL,GELU,t2,100,1,ALL,107900,104748,1.0,0.9707877664504171,0.10247261092309477,-0.07993237501148621,0.01573266036567632,0.14459788569014478,0.14384488355766675,-0.00040809439870326063,4.6359256689042866e-05,-0.0019250822830426191,0.0019714415397316626,-3.2990908871776314,0.5064917707259328,0.4954557604918471,0.07672700194753122,0.4935082292740673,0.5045442395081529,0.0,0.0
2,RL,GELU,t2,100,2,P,47308,47308,0.4384430027803522,1.0,0.10105875053397448,-0.11580154698460213,0.030479421244588925,0.15492960217364665,0.15164819269893656,0.02659007350788137,-0.000792240982307687,0.0048183881867000945,-0.005610629169007781,0.11821547575990417,0.47315464614864294,0.4864082184831318,0.07129872326033652,0.5268453538513571,0.5135917815168681,0.0,0.0
2,RL,GELU,t2,100,2,B,60113,60113,0.5571177015755329,1.0,0.1030218099272201,-0.07701635869707828,0.008962836352977857,0.1211760577264144,0.11550545689510115,-0.004894834743260741,5.6194148524799424e-05,-0.0026593759398990903,0.0027155700884238907,-0.14635470193414277,0.48089431570542146,0.5314657395238966,0.06923627168832033,0.5191056842945786,0.46853426047610336,0.0,0.0
2,RL,GELU,t2,100,2,V,479,479,0.004439295644114921,1.0,0.17318849308074882,0.112316552685211,0.1739408067880066,0.22702147686098606,0.22478193232126242,0.4641865109807368,-6.882122169159894e-06,-8.24267008552928e-06,1.3605479163693848e-06,-0.9678140061548142,0.5386221294363257,0.5219206680584552,0.1127348643006263,0.4613778705636743,0.4780793319415449,0.0,0.0
2,RL,GELU,t2,100,2,ALL,107900,107900,1.0,1.0,0.10247261092309476,-0.09337329604660491,0.02088544999488016,0.1382353952153174,0.135234909533256,0.015783983629378436,-0.0007429289559520475,0.0021507695767154747,-0.0028936985326675204,-0.034002459490877976,0.47775718257645966,0.5116682113067655,0.07033364226135311,0.5222428174235403,0.48833178869323446,0.0,0.0
2,RL,SILU,t2,100,1,P,2252,2252,0.02087117701575533,1.0,0.12675907590778002,0.27664978238170523,0.0705640889038968,0.17749934181673144,0.1764144547307689,0.6199625617447332,-0.0001282237264474205,-0.001677410906752194,0.0015491871803047725,0.5269101338617671,0.6034635879218473,0.5173179396092362,0.09280639431616342,0.39653641207815277,0.4826820603907638,0.0,0.0
2,RL,SILU,t2,100,1,B,12494,12494,0.11579240037071363,1.0,0.12303519408709963,-0.21745502633745759,-0.001576706553144901,0.14463581106124151,0.1289177231215914,-0.30267765889708326,-3.7166521952088722e-06,-0.0016022723278158243,0.001598555675620615,-0.7699130098747653,0.4284456539138787,0.49175604290059227,0.07307507603649752,0.5715543460861213,0.5082439570994077,0.0,0.0
2,RL,SILU,t2,100,1,V,93154,93154,0.863336422613531,1.0,0.1020000319337089,0.004543841507154841,0.006936849290025247,0.15376877173243342,0.1564791066608356,0.0004788787704393053,-5.3926243258069434e-05,-0.000677130586810435,0.0006232043435523653,-3.6797039987864255,0.51364407325504,0.5000966142087296,0.08198252356313201,0.48635592674496,0.49990338579127036,0.0,0.0
2,RL,SILU,t2,100,1,ALL,107900,107900,1.0,1.0,0.10495249424116092,-0.017738808332477863,0.009202561196752453,0.15357768144023887,0.15415929579427923,-0.0107772815085202,-0.00018586662190069882,-0.003956813821378454,0.003770947199477752,-3.254975327403793,0.5056533827618165,0.4994902687673772,0.08117701575532901,0.4943466172381835,0.5005097312326228,0.0,0.0
2,RL,SILU,t2,100,2,P,13284,13284,0.12311399443929565,1.0,0.0987869411810306,-0.13161536800827917,0.07153751429452433,0.12893629339195123,0.12964928710790813,-0.009385104933260429,-0.0007889414836270052,0.0017926350650601325,-0.0025815765486871377,0.1317728331084155,0.4624360132490214,0.5166365552544414,0.06383619391749473,0.5375639867509786,0.4833634447455586,0.0,0.0
2,RL,SILU,t2,100,2,B,93962,93962,0.8708248378127896,1.0,0.10545840377560917,-0.017353269019224588,0.02191006698004195,0.13401616280164655,0.13176672471905862,0.006924997415633611,-3.5012719942230346e-05,-0.0010914237509092727,0.0010564110309670425,-0.40869828267793246,0.4953172559119644,0.5295757859560247,0.07954279389540453,0.5046827440880356,0.4704242140439752,0.0,0.0
2,RL,SILU,t2,100,2,V,654,654,0.0060611677479147355,1.0,0.1575013247838847,0.25339000136481377,0.08691492609433188,0.1825890740854983,0.1963542422797284,0.5336373017324592,-2.5933780365099773e-06,-1.1872642212873236e-05,9.279264176363258e-06,-1.4164439611598822,0.6055045871559633,0.5504587155963303,0.11467889908256881,0.3944954128440367,0.44954128440366975,0.0,0.0
2,RL,SILU,t2,100,2,ALL,107900,107900,1.0,1.0,0.10495249424116088,-0.0213714820646321,0.025894103849326736,0.13432069779043285,0.13136895409489566,0.012841054098391598,-0.0008265475816057455,0.0006893386719379864,-0.001515886253543732,-0.34826684033892735,0.49193697868396663,0.528109360518999,0.07782205746061167,0.5080630213160333,0.4718906394810009,0.0,0.0
0,RL,LR,t2,300,1,P,4434,4434,0.04167293233082707,1.0,0.14145578019209212,0.14036773049576368,-0.10913198256573049,0.13123540774344475,0.15590979477042602,0.5611061307097392,0.00013499843284516905,-0.0015662823158324936,0.001701280748677664,0.6252004030608566,0.5502931889941363,0.4851150202976996,0.08164185836716284,0.4497068110058638,0.5148849797023004,0.0,0.0
0,RL,LR,t2,300,1,B,11071,11071,0.10405075187969925,1.0,0.13682497137995678,-0.09537594824234977,-0.0021286324031518384,0.1602961573249046,0.15556925221195983,-0.1540773920034948,-2.3406887256777552e-05,-0.00028967523565315013,0.0002662683483963726,-0.5647785552363349,0.4521723421551802,0.4935416854845994,0.07722879595339174,0.5478276578448198,0.5064583145154006,0.0,0.0
0,RL,LR,t2,300,1,V,90895,90895,0.8542763157894737,1.0,0.13172970836944248,0.010699480943556132,0.004115705362106196,0.16684878261313577,0.16765475210992306,0.010854328871283295,8.660874581376438e-05,0.00025889029527404947,-0.00017228154946028498,-3.3322880601455136,0.5043621761373013,0.5008526321579845,0.08483414929314044,0.4956378238626987,0.4991473678420155,0.0,0.0
0,RL,LR,t2,300,1,ALL,106400,106400,1.0,1.0,0.13266518824962137,0.022076196171618767,-0.0075791961949187876,0.16306836174889078,0.16262430443885914,0.0743289009817619,0.00019820029140215587,-0.0015970672562115942,0.0017952675476137516,-2.8794064663982715,0.5008458646616541,0.4994360902255639,0.08390977443609023,0.49915413533834585,0.5005639097744361,0.0,0.0
0,RL,LR,t2,300,2,P,6121,6121,0.0575281954887218,1.0,0.15255301088420323,0.0545311845789723,-0.13207681175305366,0.15140966777953885,0.17263177617075537,0.49465509696199245,0.0002512910425224825,-0.0021465297563466957,0.0023978207988691793,0.23137869973259334,0.5518706093775527,0.4698578663617056,0.08626041496487502,0.44812939062244733,0.5301421336382944,0.0,0.0
0,RL,LR,t2,300,2,B,65500,65500,0.6156015037593985,1.0,0.13076675059325268,-0.0009149296176970023,0.0014304066556783451,0.13685328760727203,0.13586811877803998,-0.003314182489634883,-5.698882617061879e-05,-0.0004931965429697772,0.000436207716799158,-0.5642220757048211,0.48732824427480914,0.5274045801526718,0.07723664122137404,0.5126717557251909,0.4725954198473282,0.0,0.0
0,RL,LR,t2,300,2,V,34779,34779,0.32687030075187967,1.0,0.1327403572926034,0.08928227557201139,0.0011743829323405679,0.14872670221966014,0.14742399055830702,0.21103313737046647,1.22740289060344e-05,0.0007090550170086817,-0.0006967809881026473,-1.4142793937336016,0.5298887259553179,0.5397222461830415,0.08993933120561258,0.4701112740446821,0.4602777538169585,0.0,0.0
0,RL,LR,t2,300,2,ALL,106400,106400,1.0,1.0,0.13266518824962134,0.05156447121346392,-0.017034358599633342,0.14471928597112654,0.15221686984528868,0.18017567190044875,0.00020657624525789812,-0.0019306712823077912,0.00213724752756569,-0.7963110899648825,0.504953007518797,0.5281203007518797,0.08190789473684211,0.495046992481203,0.4718796992481203,0.0,0.0
0,RL,ELU1,t2,300,1,P,9061,9061,0.08515977443609023,1.0,0.14699825599787286,0.09146518489395858,-0.021539137828129433,0.18828815599208296,0.1745475177500338,0.33340811291287625,0.00021481547181811752,-0.0008987741428296978,0.0011135896146478158,0.8477732967984964,0.5261008718684472,0.4890188720891734,0.08177905308464849,0.4738991281315528,0.5109811279108266,0.0,0.0
0,RL,ELU1,t2,300,1,B,16241,16241,0.15264097744360902,1.0,0.14680841381752693,-0.12596072130333105,-0.01944972303329745,0.13682510871950307,0.1399534613166662,-0.2004937551524447,-8.896864574334709e-05,-0.0013633948382410174,0.0012744261924976699,-0.5625984991354764,0.4598854750323256,0.5026784065020626,0.07222461671079367,0.5401145249676744,0.4973215934979373,0.0,0.0
0,RL,ELU1,t2,300,1,V,81098,81098,0.7621992481203007,1.0,0.14014589667892374,-0.03081936963327052,0.0007494005502688555,0.16056689614755906,0.15561127336190006,-0.06974616515946032,-1.5469588677951922e-05,-0.0004027126169398994,0.00038724302826194737,-2.894309785460039,0.48937088460874495,0.5033539668055932,0.08218451749734888,0.510629115391255,0.49664603319440676,0.0,0.0
0,RL,ELU1,t2,300,1,ALL,106400,106400,1.0,1.0,0.1417464151811517,-0.028863916136423452,-0.0029168349580540325,0.16077253734583397,0.15572379280278564,-0.045403209344305896,0.00011037723739681849,-0.0026648815980106146,0.002775258835407433,-2.219720144392917,0.4879981203007519,0.5020300751879699,0.0806296992481203,0.5120018796992482,0.49796992481203006,0.0,0.0
0,RL,ELU1,t2,300,2,P,1111,1111,0.010441729323308271,1.0,0.1552110643694699,0.014840973067054833,-0.17379562468789353,0.107779285258293,0.11294304904030529,0.4575228866296645,0.00014914136227937733,-3.4588593078132864e-05,0.0001837299553575102,0.4244556225586932,0.5094509450945095,0.5157515751575158,0.05310531053105311,0.49054905490549056,0.48424842484248426,0.0,0.0
0,RL,ELU1,t2,300,2,B,4735,4735,0.04450187969924812,1.0,0.1534947440370702,-0.14304771710278497,-0.022899340510883374,0.11895644907694446,0.12348625447745877,-0.33176425779456475,-3.9963400056590784e-05,-0.0006611540193724294,0.0006211906193158387,-0.59113524180277,0.4504751847940866,0.5009503695881732,0.06378035902851109,0.5495248152059135,0.4990496304118268,0.0,0.0
0,RL,ELU1,t2,300,2,V,100554,100554,0.9450563909774436,1.0,0.14104442856320515,0.013194980895620023,0.003970222731835888,0.15749024151389168,0.14572673856143278,0.03097354779480543,-4.266315172680917e-05,-0.001308204206526228,0.0012655410547994194,-3.134168420021185,0.5009547109016051,0.5196610776299302,0.09143345863913917,0.4990452890983949,0.4803389223700698,0.0,0.0
0,RL,ELU1,t2,300,2,ALL,106400,106400,1.0,1.0,0.14174641518115166,0.01043524452790062,0.0028847925522404853,0.15664501967472935,0.13799720159195797,0.026201164749179683,6.651481049597737e-05,-0.0020039468189767904,0.002070461629472768,-2.9838404744368763,0.498796992481203,0.5187875939849624,0.08980263157894737,0.501203007518797,0.4812124060150376,0.0,0.0
0,RL,R,t2,300,1,P,1417,1417,0.01331766917293233,1.0,0.12109623411465234,-0.21205800820102894,-0.24238019823981347,0.07284534071248737,0.1261574143722176,0.41131294270333635,0.00021562054589054829,-0.00043170528884912924,0.0006473258347396779,0.5436357801273418,0.5398729710656316,0.48412138320395204,0.06351446718419196,0.4601270289343684,0.515878616796048,0.0,0.0
0,RL,R,t2,300,1,B,25928,0,0.24368421052631578,0.0,0.11272828989199192,nan,nan,nan,nan,nan,0.0,0.0,0.0,-0.5979317247078139,nan,nan,nan,nan,nan,nan,nan
0,RL,R,t2,300,1,V,79055,0,0.7429981203007519,0.0,0.11144973163918452,nan,nan,nan,nan,nan,0.0,0.0,0.0,-3.6938912564678335,nan,nan,nan,nan,nan,nan,nan
0,RL,R,t2,300,1,ALL,106400,1417,1.0,0.01331766917293233,0.11188976502627596,-0.21205800820102894,-0.24238019823981347,0.07284534071248737,0.1261574143722176,0.41131294270333635,0.00021562054589054829,-0.00043170528884912924,0.0006473258347396779,-2.8830208189647397,0.5398729710656316,0.48412138320395204,0.06351446718419196,0.4601270289343684,0.515878616796048,0.0,0.0
0,RL,R,t2,300,2,P,36384,36384,0.3419548872180451,1.0,0.11452025458809512,-0.10335470975634867,-0.09246339250802481,0.14432386647316783,0.16590135735976774,0.16302392813483602,0.0013486363087460724,0.0014056175821090969,-5.698127336302469e-05,0.1140910710263869,0.4955749780123131,0.454320580474934,0.0733014511873351,0.5044250219876869,0.5456794195250659,0.0,0.0
0,RL,R,t2,300,2,B,69949,0,0.6574154135338346,0.0,0.11045803185076106,nan,nan,nan,nan,nan,0.0,0.0,0.0,-0.11169003652395497,nan,nan,nan,nan,nan,nan,nan
0,RL,R,t2,300,2,V,67,0,0.0006296992481203007,0.0,0.17816695423313927,nan,nan,nan,nan,nan,0.0,0.0,0.0,-1.1770032967492525,nan,nan,nan,nan,nan,nan,nan
0,RL,R,t2,300,2,ALL,106400,36384,1.0,0.3419548872180451,0.11188976502627594,-0.10335470975634867,-0.09246339250802481,0.14432386647316783,0.16590135735976774,0.16302392813483602,0.0013486363087460724,0.0014056175821090969,-5.698127336302469e-05,-0.03515391031458896,0.4955749780123131,0.454320580474934,0.0733014511873351,0.5044250219876869,0.5456794195250659,0.0,0.0
0,RL,GELU,t2,300,1,P,4239,4239,0.03984022556390977,1.0,0.133439869811934,-0.05316693804121193,-0.14700439211015745,0.12115359224930783,0.1518680190982175,0.46727209144121556,0.0005396337638319805,-0.0010530173033716098,0.0015926510672035908,0.6103739371465887,0.5251238499646143,0.46355272469922154,0.07596131163010143,0.4748761500353857,0.5364472753007785,0.0,0.0
0,RL,GELU,t2,300,1,B,7009,7009,0.06587406015037595,1.0,0.12827377763389383,-0.2338436573818426,-0.11334625772208683,0.1279857456102077,0.11810021995141042,-0.20327019815802677,-0.0004168113706623099,-0.0014045922835759313,0.0009877809129136223,-0.41837406444665887,0.43130261092880584,0.45883863603937797,0.06791268369239549,0.5686973890711942,0.5411613639606221,0.0,0.0
0,RL,GELU,t2,300,1,V,95152,92209,0.8942857142857142,0.9690705397679502,0.12202855882959862,-0.07235768658602429,-0.024322942360394537,0.15785205534491614,0.16901827544043993,-0.06131759242561559,-8.649431887091623e-05,0.00014469647557779816,-0.0002311907944487144,-3.422114823803033,0.511913153813619,0.494908306130638,0.0899695257512824,0.48808684618638093,0.505091693869362,0.0,0.0
0,RL,GELU,t2,300,1,ALL,106400,103457,1.0,0.9723402255639098,0.12289458595228119,-0.09191066236474638,-0.08059240226732632,0.14050197624189575,0.15287273629587925,0.1249875675280973,3.632807429875439e-05,-0.002312913111369743,0.002349241185668499,-3.0635909625248914,0.5069932435697923,0.491179910494215,0.08790125366094126,0.4930067564302077,0.5088200895057851,0.0,0.0
0,RL,GELU,t2,300,2,P,44141,44141,0.41485902255639096,1.0,0.12247952891855397,-0.16208759710814924,-0.13952632222758093,0.133261365651795,0.15102326011366288,0.22134366776432218,0.0024627289155451553,0.00509953667718131,-0.0026368077616361553,0.16784246430568736,0.4737545592533019,0.44052015133322764,0.0695951609614644,0.5262454407466981,0.5594798486667724,0.0,0.0
0,RL,GELU,t2,300,2,B,60579,60579,0.5693515037593985,1.0,0.12185836098975834,-0.06509518458036047,-0.059292111105356704,0.12763058562999668,0.12665792399099413,0.1262384428636126,-0.0008496859817765741,-0.0018428659797946824,0.0009931799980181103,-0.19372017115430892,0.483187243104046,0.508509549513858,0.0749269548853563,0.5168127568959541,0.49149045048614204,0.0,0.0
0,RL,GELU,t2,300,2,V,1680,1680,0.015789473684210527,1.0,0.17116512436324746,-0.06688241508871362,-0.053987342882363176,0.15650862271234198,0.1741526744387701,0.43647779493173294,6.309383962389471e-06,1.3100172230520666e-05,-6.790788268131194e-06,-0.9475038315076364,0.4726190476190476,0.46130952380952384,0.07916666666666666,0.5273809523809524,0.5386904761904762,0.0,0.0
0,RL,GELU,t2,300,2,ALL,106400,106400,1.0,1.0,0.12289458595228117,-0.11200681636798472,-0.09671434445380662,0.13109281730159525,0.1401311898778928,0.18273558352419564,0.001619352317730971,0.0032697708696171482,-0.0016504185518861764,-0.055624496883198905,0.47910714285714284,0.4795582706766917,0.07278195488721804,0.5208928571428572,0.5204417293233082,0.0,0.0
0,RL,SILU,t2,300,1,P,4240,4240,0.03984962406015038,1.0,0.14724662518665824,0.0828824965147531,-0.0627244336962267,0.1422136585424322,0.1582508554309632,0.5712335045153706,0.0001501247642016632,-0.0018639023333989607,0.002014027097600625,0.5843850956746112,0.5606132075471698,0.5,0.08514150943396226,0.4393867924528302,0.5,0.0,0.0
0,RL,SILU,t2,300,1,B,16564,16564,0.1556766917293233,1.0,0.14245672368141596,-0.1870680912798728,-0.05452214562497255,0.14770701031461264,0.14520394055297758,-0.2219316557071809,-0.0002273702973537689,-0.0018134418165401936,0.0015860715191864257,-0.745728767530195,0.4374547210818643,0.4690292199951702,0.07558560734122192,0.5625452789181357,0.5309707800048298,0.0,0.0
0,RL,SILU,t2,300,1,V,85596,85596,0.8044736842105263,1.0,0.12380790135155834,0.0076167932598846175,0.006563716081372314,0.1733016681285392,0.17850859053531357,-0.014127987174284637,-0.00018690683280799162,-0.0006865369491861748,0.0004996301163781827,-3.4945075814407285,0.512570680872938,0.49557222300107484,0.08964203934763307,0.487429319127062,0.5044277769989252,0.0,0.0
0,RL,SILU,t2,300,1,ALL,106400,106400,1.0,1.0,0.12764511264979692,-0.02387440935947839,-0.014532663558411577,0.1642142734931582,0.16403975738855645,0.026951856887086786,-0.0002641523659600973,-0.004363881099125329,0.004099728733165233,-2.9040444496307365,0.5027913533834586,0.49161654135338345,0.08727443609022556,0.49720864661654135,0.5083834586466165,0.0,0.0
0,RL,SILU,t2,300,2,P,15019,15019,0.14115601503759398,1.0,0.1281432597556175,-0.17407378234187748,-0.13106226461406054,0.12945899854543494,0.14167872600249312,0.29162218747190866,0.0008382856520699123,0.001866935020294669,-0.0010286493682247569,0.1875073400511639,0.4726013715959784,0.46074971702510154,0.06698182302416938,0.5273986284040215,0.5392502829748984,0.0,0.0
0,RL,SILU,t2,300,2,B,89639,89639,0.8424718045112782,1.0,0.12667237292091033,-0.012770321715670193,-0.013872940253875454,0.13937040412831947,0.13566195951811463,0.0717595776854941,-0.0002577211267269766,-0.0012000813546913373,0.000942360227964361,-0.45756873393788505,0.49441649282120503,0.5267684824685683,0.07968629725900557,0.505583507178795,0.4732315175314316,0.0,0.0
0,RL,SILU,t2,300,2,V,1742,1742,0.01637218045112782,1.0,0.1734050122912118,0.17243205637118078,0.0837844755298222,0.20858524972707368,0.24020258341709286,0.538998569238497,-1.1868354169828335e-05,-2.5291919498959306e-05,1.342356532913097e-05,-1.4834614522780296,0.5591274397244547,0.5149253731343284,0.11710677382319173,0.44087256027554533,0.48507462686567165,0.0,0.0
0,RL,SILU,t2,300,2,ALL,106400,106400,1.0,1.0,0.1276451126497969,-0.022729551176955715,-0.021131044169580275,0.14049879925776176,0.1372758432229898,0.10845649300729972,0.0005686961711731073,0.0006415617461043725,-7.286557493126499e-05,-0.3833084666456577,0.49239661654135336,0.5172556390977444,0.07850563909774436,0.5076033834586466,0.48274436090225564,0.0,0.0
1,RL,LR,t2,300,1,P,2630,2630,0.024306839186691312,1.0,0.13579380056183302,0.02438578724624142,-0.2323023633927373,0.11042894241104761,0.14489412988797892,0.6060554316702358,0.000336823813984499,-0.00073822433952317,0.0010750481535076694,0.6105571183973317,0.5562737642585551,0.47756653992395437,0.07604562737642585,0.4437262357414449,0.5224334600760456,0.0,0.0
1,RL,LR,t2,300,1,B,8423,8423,0.07784658040665435,1.0,0.13340656705158968,-0.11759268021086718,-0.0109678847561177,0.14203113424546757,0.14016913922353536,-0.21568354158969302,-3.4740616436628375e-05,-0.0002517858967945906,0.00021704528035796226,-0.5878523816202295,0.44592188056511933,0.48937433218568205,0.0683841861569512,0.5540781194348807,0.510625667814318,0.0,0.0
1,RL,LR,t2,300,1,V,97147,97147,0.8978465804066543,1.0,0.1243354716040209,0.008246257410334601,0.0040850511418605235,0.1596735418857693,0.16045703924809704,0.015304991006096922,9.064352928445343e-05,0.00012967181013226272,-3.902828084780931e-05,-3.5214184872345675,0.5030211946843444,0.5031447188281676,0.08304939936385065,0.49697880531565564,0.49685528117183236,0.0,0.0
1,RL,LR,t2,300,1,ALL,108200,108200,1.0,1.0,0.12532014112448225,0.007186349674148124,-0.010719920840930021,0.15634693044813203,0.15527234175065432,0.05709953423675367,0.00039272672683232407,-0.0008603384261854979,0.0012530651530178224,-3.192615130946199,0.4998706099815157,0.5014510166358596,0.08173752310536045,0.5001293900184843,0.4985489833641405,0.0,0.0
1,RL,LR,t2,300,2,P,5848,5848,0.05404805914972274,1.0,0.14485471298847272,-0.03357346433530784,-0.11951517779293613,0.1616093488114002,0.17995785922625876,0.38754609306130033,0.00034200634017250535,-0.0011976251414659656,0.0015396314816384705,0.25087685520829917,0.5323187414500684,0.46597127222982215,0.09251025991792065,0.4676812585499316,0.5340287277701778,0.0,0.0
1,RL,LR,t2,300,2,B,65934,65934,0.6093715341959335,1.0,0.12569197811953287,0.01318395692229906,-0.0004763697325372584,0.14338947106260885,0.1441411169548221,0.014228197457491452,-1.9411301151313974e-05,-0.00016949351510884918,0.0001500822139575353,-0.5645444480118944,0.4951163284496618,0.5159098492431826,0.0864349197682531,0.5048836715503382,0.48409015075681744,0.0,0.0
1,RL,LR,t2,300,2,V,36418,36418,0.3365804066543438,1.0,0.12151007805972622,0.03543462027574755,-0.016507098689273903,0.13273601158579032,0.1319199481017373,0.1509350354989957,-0.00010855884799326502,0.00027695327447255534,-0.0003855121224658203,-1.4158790315729992,0.5100499752869461,0.5183700367949915,0.08160799604591136,0.489950024713054,0.4816299632050085,0.0,0.0
1,RL,LR,t2,300,2,ALL,108200,108200,1.0,1.0,0.12532014112448223,0.017857237913979532,-0.024488186046529678,0.14044587568824657,0.15409347665875292,0.13953913242609975,0.00021403619102792638,-0.0010901653821022595,0.0013042015731301855,-0.8070150495174084,0.5021534195933457,0.5140388170055453,0.08513863216266174,0.49784658040665436,0.48596118299445473,0.0,0.0
1,RL,ELU1,t2,300,1,P,9273,9273,0.08570240295748614,1.0,0.1384924385825211,0.032836603804285006,-0.01956382322601421,0.15782233560357492,0.16167973715403802,0.19587299605518296,6.682352084954314e-05,-0.0006045392239133347,0.0006713627447628781,1.0209692463237525,0.5187102340127251,0.4971422409144829,0.078183974981128,0.4812897659872749,0.5028577590855171,0.0,0.0
1,RL,ELU1,t2,300,1,B,15605,15605,0.14422365988909427,1.0,0.1434023824804357,-0.11124582674987334,-0.017158509841246495,0.1471108293326738,0.14636421805222644,-0.20642382076245047,-6.441022300223831e-05,-0.0011108941031316272,0.0010464838801293886,-0.5590034640290307,0.46247997436719,0.4929189362383851,0.07548862544056392,0.53752002563281,0.5070810637616149,0.0,0.0
1,RL,ELU1,t2,300,1,V,83322,83322,0.7700739371534195,1.0,0.13142791824741942,-0.022775011833820507,-0.008466173896989086,0.15446226684512124,0.15086233673434052,-0.0477132864421428,-0.00010706980255591673,-0.00037020534709820686,0.0002631355445422902,-3.0292438536368187,0.49147884112239265,0.499339910227791,0.08027891793283887,0.5085211588776074,0.500660089772209,0.0,0.0
1,RL,ELU1,t2,300,1,ALL,108200,108200,1.0,1.0,0.13376036567277633,-0.024406094552943493,-0.010282023915313953,0.15419915203960546,0.15278819632274396,-0.03582587703241986,-0.0001046565047086119,-0.0020856386741431687,0.0019809821694345567,-2.325863748685211,0.48963031423290204,0.4982255083179298,0.07940850277264325,0.510369685767098,0.5017744916820702,0.0,0.0
1,RL,ELU1,t2,300,2,P,1467,1467,0.01355822550831793,1.0,0.1395540779824333,-0.002802227697854935,-0.09569465862636463,0.2016576378913969,0.21426423907729114,0.40530848165596534,0.0001530955336791256,-5.312553742924591e-06,0.0001584080874220502,0.511069315391057,0.49693251533742333,0.4389911383776414,0.10156782549420586,0.5030674846625767,0.5610088616223585,0.0,0.0
1,RL,ELU1,t2,300,2,B,3945,3945,0.03646025878003697,1.0,0.14480122358810874,-0.07987531739962961,-0.017333948747408814,0.17039346686023943,0.1683477757929806,-0.18339214408600438,2.012281309653889e-05,-0.00026034446746049325,0.0002804672805570322,-0.5725153594014547,0.4806083650190114,0.5300380228136882,0.08973384030418251,0.5193916349809886,0.4699619771863118,0.0,0.0
1,RL,ELU1,t2,300,2,V,102788,102788,0.9499815157116451,1.0,0.13325392950868864,0.008711325394362432,0.0029525479015136474,0.15528717067446896,0.1443914612107917,0.020972723587857386,-0.00021013039077318914,-0.0010104571475895586,0.0008003267568163693,-3.4642716335425483,0.5014398567926217,0.510078997548352,0.08692648947347939,0.4985601432073783,0.48992100245164805,0.0,0.0
1,RL,ELU1,t2,300,2,ALL,108200,108200,1.0,1.0,0.1337603656727764,0.007346392539450435,0.0020147349555594855,0.15580404366780407,0.1600506647887476,0.020716111920555558,-3.691204399752465e-05,-0.0012761141687929764,0.0012392021247954518,-3.304938882400476,0.5006192236598891,0.5098428835489833,0.08722735674676525,0.4993807763401109,0.4901571164510166,0.0,0.0
1,RL,R,t2,300,1,P,1648,1648,0.01523105360443623,1.0,0.12475619321107914,-0.20128948592134632,-0.19402723057526,0.08795887205585615,0.16034804499515412,0.4279125045412072,-9.561611795400053e-05,-0.0011244131670900468,0.001028797049136046,0.5873007371636682,0.5473300970873787,0.5036407766990292,0.07949029126213593,0.4526699029126214,0.4963592233009709,0.0,0.0
1,RL,R,t2,300,1,B,28616,0,0.2644731977818854,0.0,0.11572757249972883,nan,nan,nan,nan,nan,0.0,0.0,0.0,-0.6054558175556527,nan,nan,nan,nan,nan,nan,nan
1,RL,R,t2,300,1,V,77936,0,0.7202957486136784,0.0,0.11291636571028178,nan,nan,nan,nan,nan,0.0,0.0,0.0,-3.684327367243656,nan,nan,nan,nan,nan,nan,nan
1,RL,R,t2,300,1,ALL,108200,1648,1.0,0.01523105360443623,0.1138401876068449,-0.20128948592134632,-0.19402723057526,0.08795887205585615,0.16034804499515412,0.4279125045412072,-9.561611795400053e-05,-0.0011244131670900468,0.001028797049136046,-2.8049869663015565,0.5473300970873787,0.5036407766990292,0.07949029126213593,0.4526699029126214,0.4963592233009709,0.0,0.0
1,RL,R,t2,300,2,P,38514,38514,0.35595194085027726,1.0,0.11560848634341149,-0.09934593947328371,-0.07480662093414328,0.15843500047718576,0.18212305036935325,0.18495151813235855,0.0007051211625366943,0.0007127306516417397,-7.609489105045256e-06,0.1219993633161405,0.4993768499766319,0.45484758789011787,0.08420314690761802,0.5006231500233681,0.5451524121098821,0.0,0.0
1,RL,R,t2,300,2,B,69552,0,0.6428096118299446,0.0,0.11279854833653126,nan,nan,nan,nan,nan,0.0,0.0,0.0,-0.12598523449641713,nan,nan,nan,nan,nan,nan,nan
1,RL,R,t2,300,2,V,134,0,0.0012384473197781885,0.0,0.14625688155261873,nan,nan,nan,nan,nan,0.0,0.0,0.0,-1.194886876272983,nan,nan,nan,nan,nan,nan,nan
1,RL,R,t2,300,2,ALL,108200,38514,1.0,0.35595194085027726,0.11384018760684494,-0.09934593947328371,-0.07480662093414328,0.15843500047718576,0.18212305036935325,0.18495151813235855,0.0007051211625366943,0.0007127306516417397,-7.609489105045256e-06,-0.03903841397742651,0.4993768499766319,0.45484758789011787,0.08420314690761802,0.5006231500233681,0.5451524121098821,0.0,0.0
1,RL,GELU,t2,300,1,P,3664,3664,0.03386321626617375,1.0,0.11953353244509841,-0.09476728990261266,-0.18329176234679098,0.10552762994068796,0.14105407970059847,0.48689045849267704,0.0007818353602892809,-0.001110080927526312,0.0018919162878155923,0.56314040144276,0.5373908296943232,0.474617903930131,0.07150655021834061,0.46260917030567683,0.525382096069869,0.0,0.0
1,RL,GELU,t2,300,1,B,8122,8122,0.07506469500924215,1.0,0.11827710782410161,-0.31736964359196823,-0.11884005101680083,0.10520206172750944,0.11012144142343169,-0.3352789718952326,-0.0003457859193065746,-0.0020885521798510876,0.001742766260544513,-0.430982672934329,0.39953213494213247,0.47414429943363706,0.05442009357301157,0.6004678650578675,0.525855700566363,0.0,0.0
1,RL,GELU,t2,300,1,V,96414,94504,0.8910720887245841,0.9801895990208891,0.10739889446562775,-0.0907338827908494,-0.028990943033630447,0.13601111204749394,0.14854007230905275,-0.08583085227968246,-8.868760944630551e-05,0.0001757023716198684,-0.000264389981066174,-3.1797304942464204,0.518739947515449,0.5222636078896131,0.08035638703123678,0.4812600524845509,0.4777363921103869,0.0,0.0
1,RL,GELU,t2,300,1,ALL,108200,106290,1.0,0.9823475046210721,0.10862638210383761,-0.13102932219649852,-0.08319482592178118,0.12299726856418369,0.13889625635625927,0.04556604953109294,0.0003473618315364008,-0.0030229307357575314,0.0033702925672939314,-2.846650930785219,0.5102737792830935,0.5169442092388747,0.07806943268416595,0.4897262207169066,0.4830557907611252,0.0,0.0
1,RL,GELU,t2,300,2,P,34269,34269,0.3167190388170055,1.0,0.1093076067555387,-0.2765283540685425,-0.1790504189748634,0.11471010017849602,0.1339446608087526,0.12285177568670498,0.0027970422854991252,0.00770536304931593,-0.004908320763816803,0.1587662716899739,0.4492981995389419,0.4466135574425866,0.06355598354197671,0.5507018004610581,0.5533864425574134,0.0,0.0
1,RL,GELU,t2,300,2,B,72440,72440,0.6695009242144178,1.0,0.10774510675829813,-0.10161339125049627,-0.06605077747106124,0.11968406505821756,0.11902520728829849,0.045525970445912896,-0.001037611159968846,-0.003029279489593784,0.0019916683296249387,-0.19782339581284644,0.476697956929873,0.4901987852015461,0.06384594146880176,0.523302043070127,0.5098012147984539,0.0,0.0
1,RL,GELU,t2,300,2,V,1491,1491,0.01378003696857671,1.0,0.13578580426462805,-0.14089546048697266,-0.05045087708504118,0.12995851176933892,0.12417134430086144,0.3688460033098789,5.851948829672095e-06,3.72376074900604e-05,-3.1385658660388314e-05,-0.9590191346219836,0.4533869885982562,0.44668008048289737,0.05298457411133468,0.5466130114017438,0.5533199195171026,0.0,0.0
1,RL,GELU,t2,300,2,ALL,108200,108200,1.0,1.0,0.10862638210383763,-0.16899525515759392,-0.10502714240834922,0.11819301101131914,0.12563537440881326,0.08324815414664975,0.0017652830743599508,0.004713321167212206,-0.002948038092852253,-0.09537396449039055,0.4676987060998152,0.47579482439926063,0.06360443622920517,0.5323012939001849,0.5242051756007394,0.0,0.0
1,RL,SILU,t2,300,1,P,4877,4877,0.04507393715341959,1.0,0.13639758997774684,-0.009220628076492,-0.0996835420636251,0.1479662202702366,0.17689728330514445,0.5133775867627594,0.0003469572720305019,-0.0012376460039349687,0.001584603275965471,0.5865287572832562,0.5486979700635637,0.459708837400041,0.08386303055156859,0.4513020299364363,0.540291162599959,0.0,0.0
1,RL,SILU,t2,300,1,B,16345,16345,0.15106284658040667,1.0,0.13576119029589542,-0.16278763055615256,-0.04521332860254202,0.131733003689477,0.1267442749747864,-0.20134687119483455,-0.00029598515949663396,-0.001848583760350931,0.0015525986008542972,-0.7230375576630769,0.44876108901804834,0.507800550627103,0.06870602630773937,0.5512389109819517,0.4921994493728969,0.0,0.0
1,RL,SILU,t2,300,1,V,86978,86978,0.8038632162661737,1.0,0.11935412594152486,0.004111781434305921,0.007483976239205641,0.15979171231917091,0.1631384921081431,-0.010859888774811213,-0.00021673700533496673,-0.0006453368982299218,0.0004285998928949552,-3.725821826539669,0.5169123226563039,0.5262595139000666,0.08550438041803675,0.4830876773436961,0.4737404860999333,0.0,0.0
1,RL,SILU,t2,300,1,ALL,108200,108200,1.0,1.0,0.12260083981376922,-0.032158481643490444,-0.016475396936868874,0.1524932185634842,0.1579411202425242,0.028532013824532965,-0.00016576489280109878,-0.0037315666625158212,0.0035658017697147233,-3.077838068017559,0.5080499075785583,0.52047134935305,0.0828927911275416,0.4919500924214418,0.4795286506469501,0.0,0.0
1,RL,SILU,t2,300,2,P,15343,15343,0.14180221811460259,1.0,0.12676308637958608,-0.22468327306320074,-0.13066525641980517,0.13328870827230074,0.14642889853591223,0.2264226053879907,0.0009470877265736286,0.002763451904756873,-0.001816364178183245,0.19967106843918464,0.45414847161572053,0.44776119402985076,0.0701297008407743,0.5458515283842795,0.5522388059701493,0.0,0.0
1,RL,SILU,t2,300,2,B,92204,92204,0.8521626617375231,1.0,0.12166541670182363,-0.02725434795782598,-0.020074908422190632,0.13177342842386064,0.129182259787702,0.07228135574530703,-0.00028508144157007295,-0.001062247652926357,0.0007771662113562845,-0.4130769344296168,0.49407834801093226,0.5040345321244197,0.06940045984989805,0.5059216519890677,0.4959654678755802,0.0,0.0
1,RL,SILU,t2,300,2,V,653,653,0.006035120147874307,1.0,0.15688629701821258,-0.03900393820360277,-0.007767103975880868,0.1617956596038195,0.1694129101604624,0.48539186598799217,6.596835071062026e-07,5.454189573932076e-06,-4.794506066825873e-06,-1.4747865042140254,0.5007656967840735,0.4777947932618683,0.08116385911179173,0.4992343032159265,0.5222052067381318,0.0,0.0
1,RL,SILU,t2,300,2,ALL,108200,108200,1.0,1.0,0.1226008398137692,-0.050138781084665296,-0.030942934258087397,0.13223215186585804,0.13317458841895702,0.0955768779563166,0.0006626659685106619,0.0017066584414044477,-0.0010439924728937865,-0.33259545329332474,0.488456561922366,0.4958964879852126,0.06957486136783733,0.511543438077634,0.5041035120147874,0.0,0.0
2,RL,LR,t2,300,1,P,5509,5509,0.05105653382761816,1.0,0.12902168381837723,0.06196115960646688,-0.04065416796907153,0.1367321289924136,0.1660819318569295,0.29009847349301127,8.388279160164539e-05,-0.001385540355356189,0.0014694231469578342,1.8214218703061253,0.5500090760573607,0.4922853512434199,0.08440733345434744,0.44999092394263934,0.5077146487565801,0.0,0.0
2,RL,LR,t2,300,1,B,10747,10747,0.0996014828544949,1.0,0.1258751858562601,-0.0983383422779289,0.000738451447261322,0.14723282399361518,0.14028259759245618,-0.16211524588713078,-1.0427602706516199e-05,-0.0002232196681575913,0.0002127920654510752,-0.5816755266055457,0.44719456592537454,0.4992090816041686,0.06894947427188983,0.5528054340746255,0.5007909183958313,0.0,0.0
2,RL,LR,t2,300,1,V,91644,91644,0.8493419833178869,1.0,0.12376414629083009,0.01789862616794492,0.0007129471153376028,0.16169187486944267,0.16524040868063905,0.027561805027947053,3.724645534373506e-05,0.0003026754155048108,-0.0002654289601610759,-3.323711206277807,0.5084348129719348,0.5062524551525468,0.08303871502771594,0.4915651870280651,0.4937475448474532,0.0,0.0
2,RL,LR,t2,300,1,ALL,107900,107900,1.0,1.0,0.12424284060453661,0.02209518006779802,-0.005266346063855237,0.15780398926545103,0.163578497286839,0.06648234370770166,0.00011070164423886426,-0.0013060846080089695,0.0014167862522478335,-2.7879077255703124,0.5044578313253012,0.50483781278962,0.0817052826691381,0.4955421686746988,0.49516218721037997,0.0,0.0
2,RL,LR,t2,300,2,P,2631,2631,0.02438368860055607,1.0,0.14242524991865424,0.04614420651807501,-0.16526895754244514,0.13739704679333434,0.15755542900253486,0.5295028219456145,0.0003465741692580165,-0.0008324392915842969,0.0011790134608423133,0.24625917986017212,0.5454199923983276,0.44811858608893956,0.08399847966552641,0.4545800076016724,0.5518814139110604,0.0,0.0
2,RL,LR,t2,300,2,B,40139,40139,0.3720018535681186,1.0,0.12476570210658128,-0.03051821744627789,0.009303419802540324,0.13671227336697042,0.1360133759584534,-0.07745339250638181,4.6620254001105506e-05,-0.0004834961029480566,0.0005301163569491621,-0.6174236549677092,0.4825481451954458,0.5232317696006378,0.08069458631256383,0.5174518548045541,0.4767682303993622,0.0,0.0
2,RL,LR,t2,300,2,V,65130,65130,0.6036144578313253,1.0,0.12318610704494795,0.04301202684942742,-0.002959079367258027,0.13817447450372888,0.1376350001540037,0.10691512172135477,-4.4390322194383085e-05,0.000581782852896801,-0.0006261731750911843,-1.7345707345548578,0.5145094426531552,0.5267311530784584,0.08639643789344388,0.48549055734684476,0.47326884692154153,0.0,0.0
2,RL,LR,t2,300,2,ALL,107900,107900,1.0,1.0,0.12424284060453666,0.03053881695054193,-0.006831430852614792,0.13789426311685513,0.1407110013272312,0.09397262476151215,0.0003488041010647389,-0.0007341525416355522,0.0010829566427002911,-1.2706900104364658,0.5033734939759036,0.5235125115848007,0.08421686746987952,0.49662650602409636,0.4764874884151993,0.0,0.0
2,RL,ELU1,t2,300,1,P,13226,13226,0.12257645968489342,1.0,0.13085369210780207,0.042178203493155264,-0.0029377778433904924,0.15908730384283323,0.15234043163492633,0.22055054972671737,0.00017183092317726306,-0.0006128637319280972,0.0007846946551053605,1.1748878667072427,0.5204143353999697,0.48797822470890667,0.07954029941025254,0.47958566460003027,0.5120217752910933,0.0,0.0
2,RL,ELU1,t2,300,1,B,15525,15525,0.14388322520852642,1.0,0.1336937103981578,-0.10172058474419371,0.003064832542221137,0.13943789962284767,0.13951263602165875,-0.1648234815674164,-2.8057697575966747e-05,-0.0010134712172936166,0.0009854135197176496,-0.5528841907449216,0.4669243156199678,0.49777777777777776,0.07626409017713366,0.5330756843800322,0.5022222222222222,0.0,0.0
2,RL,ELU1,t2,300,1,V,79149,79149,0.7335403151065801,1.0,0.12919672083541425,-0.03449437645313313,0.0022735028191364303,0.14615225006564916,0.1495353564304768,-0.08989714116996637,1.8285909844809376e-05,-0.00026567342966223723,0.0002839593395070466,-3.0620201560213154,0.49063159357667185,0.5101012015312891,0.0785480549343643,0.5093684064233281,0.4898987984687109,0.0,0.0
2,RL,ELU1,t2,300,1,ALL,107900,107900,1.0,1.0,0.13004686786979974,-0.028452225680679094,0.0015659944482897966,0.14753122607286687,0.14729093300955312,-0.04998295412883803,0.00016205913544610568,-0.0018920083788839508,0.0020540675143300565,-2.18165239541405,0.49087117701575533,0.505616311399444,0.07834105653382761,0.5091288229842447,0.4943836886005561,0.0,0.0
2,RL,ELU1,t2,300,2,P,347,347,0.003215940685820204,1.0,0.15220314355443942,-0.06578019244539586,-0.31538991603974204,0.055348545461437894,0.11232106478030608,0.7672417528397054,5.141021280062849e-05,-5.759344642625412e-05,0.00010900365922688258,0.3493235353012297,0.5417867435158501,0.37175792507204614,0.043227665706051875,0.45821325648414984,0.6282420749279539,0.0,0.0
2,RL,ELU1,t2,300,2,B,3433,3433,0.031816496756255794,1.0,0.14206234993614686,-0.17297674855612757,-0.016642638275483443,0.1314362448331468,0.1304821160355861,-0.4517732140524399,9.784130542662082e-06,-0.0005333742337449206,0.0005431583642875825,-0.674090486184146,0.4360617535683076,0.5569472764346053,0.06874453830468978,0.5639382464316924,0.4430527235653947,0.0,0.0
2,RL,ELU1,t2,300,2,V,104120,104120,0.964967562557924,1.0,0.12957685848066847,0.009064361511216942,0.00788241456342643,0.15306585851789253,0.14334752739330037,0.025943218876806624,2.4845673522757e-05,-0.0010078176387417874,0.0010326633122645444,-3.379498881270832,0.5013542066845947,0.5322032270457164,0.09123127160968114,0.4986457933154053,0.4677967729542835,0.0,0.0
2,RL,ELU1,t2,300,2,ALL,107900,107900,1.0,1.0,0.13004686786979966,0.0063878084890458394,0.00729728556955828,0.1526925471033995,0.14003806479255101,0.019728575981562125,8.604001686604758e-05,-0.001598785318912962,0.0016848253357790095,-3.2814305921245563,0.49940685820203895,0.5324745134383688,0.09036144578313253,0.5005931417979611,0.4675254865616311,0.0,0.0
2,RL,R,t2,300,1,P,2112,2112,0.019573679332715477,1.0,0.13457248339681022,-0.12313047770181687,-0.21795792683149715,0.09741550474367798,0.14616068274008245,0.5248122025602653,0.00026398318901705057,-0.0011115551847257592,0.0013755383737428092,0.5648204516606313,0.5426136363636364,0.4427083333333333,0.06202651515151515,0.45738636363636365,0.5572916666666666,0.0,0.0
2,RL,R,t2,300,1,B,32048,0,0.29701575532900837,0.0,0.12273984322396847,nan,nan,nan,nan,nan,0.0,0.0,0.0,-0.5875929860424779,nan,nan,nan,nan,nan,nan,nan
2,RL,R,t2,300,1,V,73740,0,0.6834105653382762,0.0,0.12042999938180429,nan,nan,nan,nan,nan,0.0,0.0,0.0,-3.568843288016349,nan,nan,nan,nan,nan,nan,nan
2,RL,R,t2,300,1,ALL,107900,2112,1.0,0.019573679332715477,0.12139287984235451,-0.12313047770181687,-0.21795792683149715,0.09741550474367798,0.14616068274008245,0.5248122025602653,0.00026398318901705057,-0.0011115551847257592,0.0013755383737428092,-2.602453969241035,0.5426136363636364,0.4427083333333333,0.06202651515151515,0.45738636363636365,0.5572916666666666,0.0,0.0
2,RL,R,t2,300,2,P,41749,41749,0.3869230769230769,1.0,0.12308264567278303,-0.05862966927670494,-0.08774064919282809,0.16612235579699713,0.19492935376359702,0.2579914652402208,0.0019819365691387675,-8.79675643970634e-05,0.0020699041335358295,0.13114308064050104,0.5020958585834391,0.4474598193968718,0.08316366859086445,0.49790414141656086,0.5525401806031283,0.0,0.0
2,RL,R,t2,300,2,B,65961,0,0.6113160333642261,0.0,0.12023182371785364,nan,nan,nan,nan,nan,0.0,0.0,0.0,-0.14461122961856776,nan,nan,nan,nan,nan,nan,nan
2,RL,R,t2,300,2,V,190,0,0.0017608897126969417,0.0,0.15317387654573342,nan,nan,nan,nan,nan,0.0,0.0,0.0,-1.189934183630421,nan,nan,nan,nan,nan,nan,nan
2,RL,R,t2,300,2,ALL,107900,41749,1.0,0.3869230769230769,0.12139287984235451,-0.05862966927670494,-0.08774064919282809,0.16612235579699713,0.19492935376359702,0.2579914652402208,0.0019819365691387675,-8.79675643970634e-05,0.0020699041335358295,-0.039756221854493526,0.5020958585834391,0.4474598193968718,0.08316366859086445,0.49790414141656086,0.5525401806031283,0.0,0.0
2,RL,GELU,t2,300,1,P,2944,2944,0.027284522706209454,1.0,0.11409505013598756,-0.14733173852191922,-0.23906724827247722,0.07776728627860853,0.11400772748015137,0.4420127244194644,0.0008503730210661361,-0.0005457409415595684,0.001396113962625705,0.5986597354879345,0.53125,0.44870923913043476,0.06182065217391304,0.46875,0.5512907608695652,0.0,0.0
2,RL,GELU,t2,300,1,B,6144,6144,0.056941612604263205,1.0,0.11251541260469293,-0.32758242846807145,-0.13934596651362888,0.1141476481785699,0.1081554130985977,-0.30874241660185237,-0.0003046016445486015,-0.001707759414875377,0.0014031577703267763,-0.43232217925298394,0.3885091145833333,0.4423828125,0.057779947916666664,0.6114908854166666,0.5576171875,0.0,0.0
2,RL,GELU,t2,300,1,V,98812,95901,0.9157738646895274,0.970540015382747,0.10443015203097483,-0.10098441369271749,-0.03564210512456103,0.14229496204312622,0.15168544045234875,-0.08527215774430139,-1.1922544285513367e-05,0.0004359288342541349,-0.0004478513785396482,-3.4473403621551597,0.5162407065619754,0.49995307661025434,0.08128173845945298,0.48375929343802465,0.5000469233897457,0.0,0.0
2,RL,GELU,t2,300,1,ALL,107900,104989,1.0,0.9730213160333643,0.10515424193816743,-0.15241124163209332,-0.10665966895338634,0.12056727061307129,0.13095155797588387,0.04118299041661587,0.0005338488322320213,-0.0018175715221808103,0.0023514203544128327,-3.165267183256066,0.5091866766994637,0.4951471106496871,0.07936069492994505,0.49081332330053623,0.5048528893503129,0.0,0.0
2,RL,GELU,t2,300,2,P,47707,47707,0.4421408711770158,1.0,0.10432264830599726,-0.23904188216980207,-0.16749404913911384,0.11740117745132667,0.1348259882910141,0.08010497933119334,0.003446784472373106,0.008837588186013871,-0.005390803713640768,0.1485311173115382,0.45601274446098056,0.44997589452281633,0.06382711132538202,0.5439872555390194,0.5500241054771836,0.0,0.0
2,RL,GELU,t2,300,2,B,59167,59167,0.5483503243744208,1.0,0.10545075204847337,-0.1336340602256535,-0.08707352349786192,0.10917747734690736,0.11264134512438904,0.03192035835133444,-0.0013284801370669667,-0.003907239962018741,0.0025787598249517735,-0.17161726438841737,0.46618892287930774,0.5067351733229672,0.06562779928000406,0.5338110771206923,0.4932648266770328,0.0,0.0
2,RL,GELU,t2,300,2,V,1026,1026,0.009508804448563484,1.0,0.1267226861033426,-0.1233388124375291,-0.13867638321378145,0.10917967785326367,0.12142176672158872,0.3779779945353948,6.872418244988896e-06,1.3043536604149609e-05,-6.171118359160715e-06,-0.9719931625934941,0.4697855750487329,0.42300194931773877,0.05263157894736842,0.530214424951267,0.5769980506822612,0.0,0.0
2,RL,GELU,t2,300,2,ALL,107900,107900,1.0,1.0,0.10515424193816743,-0.18717643081665072,-0.1279467709524824,0.11326642969470929,0.12519768341460127,0.06371465408081364,0.002125176753551128,0.004943391760599281,-0.0028182150070481544,-0.037677197899062674,0.4617238183503244,0.4808433734939759,0.06470806302131603,0.5382761816496756,0.5191566265060241,0.0,0.0
2,RL,SILU,t2,300,1,P,3524,3524,0.0326598702502317,1.0,0.12801764738300156,0.004836206607985031,-0.1510433450644277,0.11693958476761192,0.14227394723780826,0.5582339421903625,0.0004565423302783773,-0.001020785515344204,0.0014773278456225811,0.6073002029453838,0.5522133938706016,0.4667990919409762,0.07519863791146425,0.4477866061293984,0.5332009080590239,0.0,0.0
2,RL,SILU,t2,300,1,B,14919,14919,0.1382669138090825,1.0,0.12426971962322111,-0.211758152788163,-0.05699705768146722,0.13789100115992597,0.13425880682738917,-0.254256238709693,-0.0002088147559830231,-0.001814744609146865,0.0016059298531638422,-0.7462537901278868,0.433742207922783,0.47845029827736446,0.07379851196460889,0.5662577920772169,0.5215497017226356,0.0,0.0
2,RL,SILU,t2,300,1,V,89457,89457,0.8290732159406858,1.0,0.10955782124064832,0.01635478818045868,0.010561527079507945,0.15958861348962367,0.1654672084359853,1.1791454525655721e-05,-0.00023594266372659045,-0.000923616849392542,0.0006876741856659521,-3.653316482277638,0.5192103468705636,0.5098091820651263,0.08762869311512794,0.4807896531294365,0.49019081793487373,0.0,0.0
2,RL,SILU,t2,300,1,ALL,107900,107900,1.0,1.0,0.1121948855529306,-0.03004070667452963,-0.01804242271722625,0.15127480510992472,0.15220674372417983,0.01088184481705816,1.1784910568763732e-05,-0.003759146973883611,0.003770931884452376,-3.112214707459213,0.5084708063021316,0.5040685820203893,0.08531047265987025,0.4915291936978684,0.49593141797961077,0.0,0.0
2,RL,SILU,t2,300,2,P,13741,13741,0.12734939759036146,1.0,0.11416922455660293,-0.22928923459724126,-0.1725246316473238,0.10202408307484966,0.11505913645170816,0.18162114314817504,0.0010619415693272328,0.0027836582996245435,-0.001721716730297312,0.17220395749489573,0.4479295538898188,0.44501855760133907,0.05690997743977876,0.5520704461101812,0.554981442398661,0.0,0.0
2,RL,SILU,t2,300,2,B,93038,93038,0.8622613531047266,1.0,0.11145261551418552,-0.038348979769937626,-0.02201362604124462,0.13061853825221204,0.1354343720063037,0.03152581519723513,-0.0002239084582672125,-0.0008759690797509282,0.0006520606214837155,-0.42699358917018204,0.492476192523485,0.5203572733721705,0.07911820976375245,0.5075238074765149,0.4796427266278295,0.0,0.0
2,RL,SILU,t2,300,2,V,1121,1121,0.010389249304911955,1.0,0.1495989244604255,0.1405090375682742,0.017782335635126177,0.17213696650560734,0.18197354233546464,0.4936327535213688,-1.1869314780033033e-06,-1.2908626354205953e-05,1.172169487620266e-05,-1.4662822624291192,0.5530776092774309,0.5102586975914363,0.09812667261373774,0.4469223907225691,0.4897413024085638,0.0,0.0
2,RL,SILU,t2,300,2,ALL,107900,107900,1.0,1.0,0.11219488555293058,-0.051303506686425804,-0.033201647331374415,0.12915824162644446,0.13112152828947632,0.05420582663228335,0.0008368461795820171,0.0018947805935194092,-0.0010579344139373939,-0.36148357169102013,0.4874328081556997,0.5106580166821131,0.07648748841519926,0.5125671918443003,0.4893419833178869,0.0,0.0
0,RL,LR,t2,1000,1,P,6799,6799,0.06390037593984962,1.0,0.14112166010256408,-0.2946547849843502,-0.1991751185200637,0.09197847220707152,0.14219685209877264,0.3788212056738922,0.00011156971976613947,0.0019012824726271857,-0.0017897127528610456,0.7006294848939818,0.48933666715693486,0.46374466833357847,0.06589204294749228,0.5106633328430652,0.5362553316664216,0.0,0.0
0,RL,LR,t2,1000,1,B,15016,15016,0.14112781954887219,1.0,0.13847284036070448,-0.06128845182862936,-0.012383256486019647,0.1606201516133997,0.1485738658140884,-0.11214891858704037,-0.00021034625812135164,-0.0007595031527140386,0.0005491568945926872,-0.5484052220600473,0.4579781566329249,0.4828183271177411,0.07785029302077784,0.5420218433670752,0.5171816728822589,0.0,0.0
0,RL,LR,t2,1000,1,V,84585,84585,0.7949718045112782,1.0,0.14186882733696907,0.009037037600078384,0.0013840219442997298,0.1665023208575687,0.16945389035235087,0.006884367998820108,0.00021522957633220662,0.0009740285682285776,-0.0007587989918963708,-3.068466953989421,0.5090973576875333,0.5038600224626115,0.08871549329077259,0.4909026423124668,0.4961399775373884,0.0,0.0
0,RL,LR,t2,1000,1,ALL,106400,106400,1.0,1.0,0.1413418148326241,-0.05156237472287975,-0.02979972830314562,0.15489215303278878,0.15605165253705922,0.07835423954645408,0.00011645303797699445,0.0021158078881417246,-0.001999354850164729,-2.4719694572354762,0.5006203007518797,0.49832706766917295,0.08572368421052631,0.4993796992481203,0.5016729323308271,0.0,0.0
0,RL,LR,t2,1000,2,P,22476,22476,0.2112406015037594,1.0,0.13923029407183102,-0.26211550674453,-0.17834143406154956,0.1285541160156202,0.16793509367776036,0.30929557639207333,0.0012419812350072702,0.004454562957499527,-0.0032125817224922565,0.39405507337648354,0.4772201459334401,0.4290799074568429,0.0713205196654209,0.5227798540665599,0.5709200925431571,0.0,0.0
0,RL,LR,t2,1000,2,B,63895,63895,0.6005169172932331,1.0,0.1411570121814428,0.0025612902542503186,0.011735578139778843,0.1591161587376107,0.15731231864314252,0.07589104431215513,-1.2997804304871155e-05,-0.00024280711905272535,0.0002298093147478543,-0.48167479168541727,0.49377885593551923,0.5263635652241959,0.0893027623444714,0.5062211440644808,0.473636434775804,0.0,0.0
0,RL,LR,t2,1000,2,V,20029,20029,0.18824248120300752,1.0,0.14430084953314878,-0.04575584022511185,-0.03984019379098409,0.1425818801131525,0.1447209219394584,0.25240276478366397,-0.00010226836203071304,-0.00019861802429114962,9.634966226043654e-05,-1.4038356532820557,0.48619501722502373,0.5038194617804184,0.07948474711668081,0.5138049827749763,0.4961805382195816,0.0,0.0
0,RL,LR,t2,1000,2,ALL,106400,106400,1.0,1.0,0.14134181483262406,-0.16315010835852428,-0.10040688679064254,0.13933403619656357,0.16392249801017095,0.2514188654174308,0.0011267150686716859,0.004013137814155652,-0.002886422745483966,-0.47027493689018973,0.4888533834586466,0.5015695488721804,0.08365601503759398,0.5111466165413534,0.49843045112781953,0.0,0.0
0,RL,ELU1,t2,1000,1,P,11824,11824,0.11112781954887219,1.0,0.17098242885491577,-0.1413663076282525,-0.13112901419060366,0.14786091302806537,0.1496243304277646,0.27860097802153133,0.0013698221435880617,0.002174627351417573,-0.0008048052078295113,0.8203114839525235,0.4760656292286874,0.44342016238159676,0.07154939106901217,0.5239343707713126,0.5565798376184032,0.0,0.0
0,RL,ELU1,t2,1000,1,B,19903,19903,0.18705827067669173,1.0,0.17288578757759165,-0.11561742760789862,-0.0651824498585112,0.15355756836180484,0.1504135602375747,-0.18073291000946134,-0.0009773940064833197,-0.002954122858609266,0.0019767288521259463,-0.5564003411934584,0.4582726222177561,0.480580816962267,0.08209817615434858,0.5417273777822439,0.519419183037733,0.0,0.0
0,RL,ELU1,t2,1000,1,V,74673,74673,0.7018139097744361,1.0,0.16654569856838083,0.01172968982820957,0.014856489046633465,0.18063356233056943,0.17396920700390647,-0.02290804442695097,-0.00010554006155602206,-0.00039985843241068745,0.0002943183708546654,-2.737358381179987,0.50135925970565,0.5076801521299532,0.09459911882474255,0.49864074029435,0.49231984787004673,0.0,0.0
0,RL,ELU1,t2,1000,1,ALL,106400,106400,1.0,1.0,0.16822470881704918,-0.020121465858555444,-0.010119446203766487,0.17407800016586747,0.15630553248076384,-0.0018657311607378272,0.00028688807554871996,-0.0011793539396023804,0.0014662420151511004,-1.9340360470147737,0.49048872180451125,0.49546992481203006,0.08969924812030075,0.5095112781954887,0.5045300751879699,0.0,0.0
0,RL,ELU1,t2,1000,2,P,4615,4615,0.04337406015037594,1.0,0.16985037819636506,-0.29394401527559766,-0.23568614411829786,0.10826500626496773,0.1272614079574139,0.4158073103516881,0.0008424601431667196,0.001769832699961913,-0.0009273725567951934,0.5711659671154945,0.4390032502708559,0.3980498374864572,0.05070422535211268,0.5609967497291442,0.6019501625135428,0.0,0.0
0,RL,ELU1,t2,1000,2,B,12947,12947,0.12168233082706767,1.0,0.1717899497705243,-0.0762933133083085,-0.024472871342528405,0.15371570344447266,0.15852807793039256,-0.24541930743847748,1.361185361451784e-05,-0.0008589309632140391,0.0008725428168285569,-0.5801389861873706,0.4798022707963235,0.5300841893875029,0.09222213640225535,0.5201977292036766,0.4699158106124971,0.0,0.0
0,RL,ELU1,t2,1000,2,V,88838,88838,0.8349436090225564,1.0,0.16762066956796445,0.00534009083205896,-0.0007127550957765742,0.1728310147832069,0.16154771566672826,0.06819044820806947,-0.00018796543706956926,-0.0008279487731830031,0.0006399833361134337,-2.731795185992658,0.49836781557441634,0.5170084873590131,0.09937189040725816,0.5016321844255837,0.48299151264098694,0.0,0.0
0,RL,ELU1,t2,1000,2,ALL,106400,106400,1.0,1.0,0.16822470881704915,-0.007239474829789627,-0.0068353859660903495,0.17043328093723667,0.1543159120371632,0.06021419187150448,0.0006681065597116683,8.295296356487072e-05,0.0005851535961467972,-2.326713808732572,0.49353383458646616,0.5134398496240602,0.09639097744360903,0.5064661654135338,0.48656015037593986,0.0,0.0
0,RL,R,t2,1000,1,P,2608,2608,0.024511278195488723,1.0,0.10544543551625159,-0.5113910504054349,-0.2569637568246603,0.06406179457016976,0.12049831017059812,0.2544622499260399,-0.0007200726926635634,0.0024029198861500135,-0.0031229925788135784,0.7182411583362805,0.47162576687116564,0.46549079754601225,0.046012269938650305,0.5283742331288344,0.5345092024539877,0.0,0.0
0,RL,R,t2,1000,1,B,28010,0,0.2632518796992481,0.0,0.11033845209409206,nan,nan,nan,nan,nan,0.0,0.0,0.0,-0.5897197407388872,nan,nan,nan,nan,nan,nan,nan
0,RL,R,t2,1000,1,V,75782,0,0.7122368421052632,0.0,0.11089916970217108,nan,nan,nan,nan,nan,0.0,0.0,0.0,-3.5495112346378077,nan,nan,nan,nan,nan,nan,nan
0,RL,R,t2,1000,1,ALL,106400,2608,1.0,0.024511278195488723,0.11061788174202848,-0.5113910504054349,-0.2569637568246603,0.06406179457016976,0.12049831017059812,0.2544622499260399,-0.0007200726926635634,0.0024029198861500135,-0.0031229925788135784,-2.6657324941774205,0.47162576687116564,0.46549079754601225,0.046012269938650305,0.5283742331288344,0.5345092024539877,0.0,0.0
0,RL,R,t2,1000,2,P,50982,50982,0.4791541353383459,1.0,0.11032569865708414,-0.28084549329692243,-0.10383261334773194,0.12151765662493162,0.16037579374618816,0.12539396496893876,0.00039931226336529293,0.010268025848800837,-0.009868713585435543,0.22734321012859476,0.4767761170609235,0.45633753089325646,0.06947550115727119,0.5232238829390765,0.5436624691067435,0.0,0.0
0,RL,R,t2,1000,2,B,54956,0,0.5165037593984962,0.0,0.11132641759619127,nan,nan,nan,nan,nan,0.0,0.0,0.0,-0.16022676464206684,nan,nan,nan,nan,nan,nan,nan
0,RL,R,t2,1000,2,V,462,0,0.0043421052631578945,0.0,0.05857844805212123,nan,nan,nan,nan,nan,0.0,0.0,0.0,-1.245783498573017,nan,nan,nan,nan,nan,nan,nan
0,RL,R,t2,1000,2,ALL,106400,50982,1.0,0.4791541353383459,0.1106178817420285,-0.28084549329692243,-0.10383261334773194,0.12151765662493162,0.16037579374618816,0.12539396496893876,0.00039931226336529293,0.010268025848800837,-0.009868713585435543,0.02076538989441596,0.4767761170609235,0.45633753089325646,0.06947550115727119,0.5232238829390765,0.5436624691067435,0.0,0.0
0,RL,GELU,t2,1000,1,P,6988,6988,0.0656766917293233,1.0,0.0858862696292328,-0.42929258463119013,-0.14441772403467085,0.0967367050637552,0.1244342267975538,0.21236259171546568,0.0005555831643048267,0.011183407330308872,-0.01062782416600404,0.8176354504653256,0.43918145392100744,0.4397538637664568,0.049370349170005726,0.5608185460789925,0.5602461362335432,0.0,0.0
0,RL,GELU,t2,1000,1,B,8049,8049,0.0756484962406015,1.0,0.09161669151334496,-0.3596759022476026,-0.2648626036339329,0.0971794770323748,0.10183763707702928,-0.18440213666801175,-0.001206948119787924,-0.004808349057408153,0.003601400937620231,-0.4160068308550702,0.38849546527518947,0.4001739346502671,0.05168343893651385,0.6115045347248106,0.5998260653497329,0.0,0.0
0,RL,GELU,t2,1000,1,V,91363,88171,0.8586748120300752,0.9650624432209975,0.08674370335302138,-0.12078831699235873,-0.05907874721024026,0.13736459748399527,0.15771103338638423,-0.0490805570289547,-0.00018186006816525008,0.0005714474652564906,-0.0007533075334217407,-3.4467022856745007,0.5163602545054496,0.5053815880504928,0.08574247768540677,0.48363974549455035,0.49461841194950723,0.0,0.0
0,RL,GELU,t2,1000,1,ALL,106400,103208,1.0,0.97,0.08705602416919253,-0.3238123029087996,-0.12845478658083415,0.11307588950451966,0.13121940611440375,0.08507266388916662,-0.0008332250236483473,0.0069465057381572085,-0.00777973076180555,-2.937367137028009,0.5011627005658477,0.49273312146345244,0.0806235950701496,0.4988372994341524,0.5072668785365475,0.0,0.0
0,RL,GELU,t2,1000,2,P,71182,71182,0.6690037593984962,1.0,0.0860317299868956,-0.3603774756281324,-0.13599599285545347,0.1011749397871754,0.13075099569979554,0.0970090614716866,0.003983004310536056,0.02850022164137756,-0.024517217330841508,0.42756353595106633,0.4540052260402911,0.4383271051670366,0.05865246832064286,0.545994773959709,0.5616728948329633,0.0,0.0
0,RL,GELU,t2,1000,2,B,32094,32094,0.30163533834586465,1.0,0.09140778183716745,-0.307540654224345,-0.1188490241865722,0.10170035315579805,0.10446161834181841,0.12464339099245177,-0.0012112531850231613,-0.006985887122450947,0.005774633937427785,-0.23719691348815516,0.4070854365301926,0.4380257992148065,0.044525456471614634,0.5929145634698074,0.5619742007851934,0.0,0.0
0,RL,GELU,t2,1000,2,V,3124,3124,0.029360902255639098,1.0,0.0656879056955271,-0.33912171841408384,-0.08294073564716814,0.07547783809749498,0.07881076090052633,0.3251011930972351,5.645631829281776e-06,0.0001771629448371189,-0.00017151731300783714,-1.081195486876142,0.39276568501920617,0.4295774647887324,0.01856594110115237,0.6072343149807938,0.5704225352112676,0.0,0.0
0,RL,GELU,t2,1000,2,ALL,106400,106400,1.0,1.0,0.08705602416919249,-0.3543130539178362,-0.13312544673545285,0.10093883398164695,0.1259945691333683,0.10367227179165643,0.002777396757342177,0.021691497463763733,-0.01891410070642156,0.1827497666689745,0.4380545112781955,0.43797932330827066,0.053214285714285714,0.5619454887218045,0.5620206766917293,0.0,0.0
0,RL,SILU,t2,1000,1,P,7951,7951,0.07472744360902256,1.0,0.11179146517748152,-0.36296006111578305,-0.14900761527860998,0.11295465529937893,0.13445690179884465,0.2859137978953841,0.001189904302851167,0.007726289521848414,-0.006536385218997246,0.7632408146992378,0.4562948056848195,0.4451012451263992,0.05948937240598667,0.5437051943151805,0.5548987548736009,0.0,0.0
0,RL,SILU,t2,1000,1,B,17547,17547,0.1649154135338346,1.0,0.12281218472164865,-0.23532609727191448,-0.13847397765981298,0.1345597226689829,0.14219987801255451,-0.12764391263867544,-0.0013039899333505535,-0.0052546846502210245,0.003950694716870471,-0.7112726961883234,0.43015900153872455,0.4377386447825839,0.07038240155012253,0.5698409984612754,0.562261355217416,0.0,0.0
0,RL,SILU,t2,1000,1,V,80902,80902,0.7603571428571428,1.0,0.10546249855027115,-0.004865537349090776,-0.0037468025877500574,0.17459989740053522,0.18279434372831616,0.027949961112847234,-0.00040526497504409,-0.0015137148354939778,0.0011084498604498883,-3.6939542743255216,0.5214951422708957,0.5045734345257225,0.09349583446639144,0.47850485772910434,0.49542656547427755,0.0,0.0
0,RL,SILU,t2,1000,1,ALL,106400,106400,1.0,1.0,0.10879667671664436,-0.14683515899009938,-0.06269906799984853,0.15332445047797363,0.15254517562664402,0.06790645982912737,-0.0005193506055434765,0.000957890036133412,-0.001477240641676887,-2.8689893137577656,0.5015601503759398,0.48910714285714285,0.08714285714285715,0.4984398496240601,0.5108928571428571,0.0,0.0
0,RL,SILU,t2,1000,2,P,54820,54820,0.5152255639097745,1.0,0.10458645374206166,-0.3675417063620059,-0.17425746795992617,0.10571053685680365,0.1349847214946806,0.1704542057744967,0.0037747487551603497,0.020828536185648224,-0.017053787430487865,0.43237507852988943,0.44126231302444363,0.43148485954031374,0.057953301714702664,0.5587376869755564,0.5685151404596862,0.0,0.0
0,RL,SILU,t2,1000,2,B,50139,50139,0.4712312030075188,1.0,0.11424279000851027,-0.21660963910094094,-0.07566103147778726,0.13151340284984206,0.12373998340448623,0.14704277982094313,-0.001451012987297221,-0.006787696985386641,0.005336683998089419,-0.37707905834606864,0.43754362871218017,0.4670815133927681,0.05873671194080456,0.5624563712878199,0.5329184866072318,0.0,0.0
0,RL,SILU,t2,1000,2,V,1441,1441,0.013543233082706767,1.0,0.07947103419461635,-0.24477868489079305,0.00670706787863695,0.1485514051192338,0.12515259607496576,0.4726889529293635,-5.290560615727866e-07,3.892286233621937e-05,-3.945191839779214e-05,-1.6022199617174075,0.41360166551006244,0.4392782789729355,0.027064538514920196,0.5863983344899375,0.5607217210270645,0.0,0.0
0,RL,SILU,t2,1000,2,ALL,106400,106400,1.0,1.0,0.10879667671664435,-0.32136243591220387,-0.13854907763711305,0.11501011786945906,0.1313181703112811,0.16865729608343014,0.002323206711801556,0.014079762062597803,-0.011756555350796236,0.023380036971430616,0.43913533834586466,0.44836466165413535,0.05790413533834587,0.5608646616541353,0.5516353383458646,0.0,0.0
1,RL,LR,t2,1000,1,P,4952,4952,0.04576709796672828,1.0,0.13021555056464112,-0.4107674153360521,-0.21199250500996167,0.08390223885198639,0.13356769782395136,0.3026357139928796,8.648009166903895e-05,0.003079037991024074,-0.0029925578993550356,0.7368929091043805,0.4755654281098546,0.4767770597738288,0.06058158319870759,0.5244345718901454,0.5232229402261712,0.0,0.0
1,RL,LR,t2,1000,1,B,12638,12638,0.11680221811460259,1.0,0.138792794972697,-0.06613313972384509,-0.02878773200763528,0.15685977412347427,0.14790080894508661,-0.1478662744078379,-0.0002162892649747483,-0.0006726084079632236,0.0004563191429884754,-0.5681863525759183,0.4563222028802026,0.4745212850134515,0.0799177084981801,0.5436777971197975,0.5254787149865485,0.0,0.0
1,RL,LR,t2,1000,1,V,90610,90610,0.8374306839186691,1.0,0.1316696328742042,0.007742111726605618,0.007715314699140733,0.16541635256506965,0.17101322822875284,0.011290705911916474,0.00026289035648851313,0.000915240207739954,-0.0006523498512514407,-3.2286099185426327,0.5061582606776294,0.5056174815141816,0.08959276018099548,0.4938417393223706,0.4943825184858183,0.0,0.0
1,RL,LR,t2,1000,1,ALL,108200,108200,1.0,1.0,0.13243508487978456,-0.058994815306635084,-0.017588049062616937,0.1561511777268968,0.15625666325209173,0.05322227353807752,0.0001330811831828038,0.003321669790800805,-0.0031885886076180006,-2.7363769885131006,0.4989371534195933,0.5006654343807764,0.08713493530499075,0.5010628465804067,0.4993345656192237,0.0,0.0
1,RL,LR,t2,1000,2,P,26178,26178,0.24194085027726434,1.0,0.13100142555386587,-0.2895413035795952,-0.10495460795736487,0.14164577617006174,0.18046412021517153,0.23273318472625623,-0.00037581466577364317,0.006806460431185826,-0.00718227509695947,0.3741500401340153,0.46665138666055467,0.44770417908167165,0.07452822981129192,0.5333486133394454,0.5522958209183284,0.0,0.0
1,RL,LR,t2,1000,2,B,65818,65818,0.6082994454713494,1.0,0.13465783270346546,-0.012939723824282942,-0.0071274210193003765,0.15178105395046237,0.15017094851662008,0.08673066275573493,-0.000197892379434222,-0.00027744746032266063,7.955508088843872e-05,-0.45659009996881417,0.4938770549089915,0.5081588623172992,0.08695189765717584,0.5061229450910085,0.49184113768270077,0.0,0.0
1,RL,LR,t2,1000,2,V,16204,16204,0.14975970425138632,1.0,0.12572276184688363,-0.11260599855476136,-0.019491456922090217,0.1332423871977248,0.13413237319969232,0.18616663446019663,-3.623444949798935e-05,-0.00041170946559591193,0.00037547501609792226,-1.3723193443896577,0.4685880029622315,0.4914835843001728,0.0705381387311775,0.5314119970377684,0.5085164156998272,0.0,0.0
1,RL,LR,t2,1000,2,ALL,108200,108200,1.0,1.0,0.1324350848797846,-0.20665046338586096,-0.06568410586245883,0.14272985941552468,0.1716962372583043,0.19798424940380485,-0.0006099414947058545,0.006117303505267254,-0.006727244999973108,-0.3927394649316929,0.48350277264325325,0.4910351201478743,0.08148798521256932,0.5164972273567467,0.5089648798521257,0.0,0.0
1,RL,ELU1,t2,1000,1,P,14829,14829,0.13705175600739372,1.0,0.16179586785078146,-0.18505494472245573,-0.05757933156498442,0.1324438785336039,0.1500984764969329,0.27378451270480186,0.0006489110549650123,0.003188708638994442,-0.002539797584029432,0.8493572386921519,0.4758918335693573,0.4734641580686493,0.07080720210398543,0.5241081664306426,0.5265358419313507,0.0,0.0
1,RL,ELU1,t2,1000,1,B,19455,19455,0.17980591497227358,1.0,0.16942896741012564,-0.0924947974580472,-0.07491948513334268,0.1488619033211584,0.14843082858984366,-0.12489892957282342,-0.001071001276638001,-0.0021964057598592795,0.0011254044832212787,-0.5320645839400729,0.46635826265741454,0.47715240298123873,0.07823181701362118,0.5336417373425855,0.5228475970187613,0.0,0.0
1,RL,ELU1,t2,1000,1,V,73916,73916,0.6831423290203327,1.0,0.15983642245353324,0.017909747797382056,0.006082097262750764,0.17295046758535385,0.16623760607292787,-0.043248434155660265,-0.00016016633280175712,-0.00046067739984689967,0.00030051106704514255,-2.955499635136034,0.501948157367823,0.5101331240868012,0.09330862059635261,0.49805184263217706,0.4898668759131988,0.0,0.0
1,RL,ELU1,t2,1000,1,ALL,108200,108200,1.0,1.0,0.16182976420885947,-0.02336117029943894,-0.010483948768694329,0.16500017904670136,0.15311765780364062,-0.001273155815735813,-0.0005822565544747458,0.000531625479288263,-0.0011138820337630107,-1.99828936246491,0.4919778188539741,0.499177449168207,0.08751386321626617,0.5080221811460259,0.500822550831793,0.0,0.0
1,RL,ELU1,t2,1000,2,P,5682,5682,0.05251386321626617,1.0,0.1553407867297838,-0.34627681047302444,-0.09678890162680263,0.17069927430888485,0.18078005569476974,0.3161767909785559,0.000572292113776628,0.002633279732857463,-0.0020609876190808346,0.6443425731298323,0.4267863428370292,0.405667018655403,0.060542062653995074,0.5732136571629708,0.594332981344597,0.0,0.0
1,RL,ELU1,t2,1000,2,B,12579,12579,0.1162569316081331,1.0,0.1659854568579398,-0.036243696040833,-0.03634622201259607,0.1548901879421929,0.15503995806111492,-0.21551835802978633,-0.0003767439494717613,-0.0005311912223287955,0.00015444727285703413,-0.5655779742336117,0.4856506876540265,0.5313617934652993,0.09452261706017967,0.5143493123459735,0.4686382065347007,0.0,0.0
1,RL,ELU1,t2,1000,2,V,89939,89939,0.8312292051756007,1.0,0.16165849159301224,-0.0030768874280224963,0.0013534539304578814,0.1764293979489673,0.1685569038630812,0.0597369215118119,-0.0004106227836932349,-0.0008204749498199208,0.0004098521661266856,-2.988460093658495,0.49852677926149946,0.5034634585663617,0.09894484039182112,0.5014732207385005,0.49653654143363835,0.0,0.0
1,RL,ELU1,t2,1000,2,ALL,108200,108200,1.0,1.0,0.1618297642088594,-0.017448419722436857,-0.0032178252367954913,0.17516261676978298,0.16653505144308517,0.054720401257440085,-0.00021507461938836825,0.0012816135607087468,-0.0014966881800971149,-2.516010750470539,0.49326247689463953,0.5015711645101664,0.09641404805914973,0.5067375231053605,0.49842883548983363,0.0,0.0
1,RL,R,t2,1000,1,P,2390,2390,0.022088724584103513,1.0,0.11651954407077335,-0.4552948925516673,-0.2620171010084717,0.06952722321853788,0.128722881568976,0.28056744545169543,0.00019013631802395348,0.002152467110053991,-0.001962330792030037,0.751669371190656,0.4560669456066946,0.43347280334728033,0.05146443514644351,0.5439330543933054,0.5665271966527197,0.0,0.0
1,RL,R,t2,1000,1,B,29780,0,0.2752310536044362,0.0,0.11572713375952605,nan,nan,nan,nan,nan,0.0,0.0,0.0,-0.6018710691693804,nan,nan,nan,nan,nan,nan,nan
1,RL,R,t2,1000,1,V,76030,0,0.7026802218114603,0.0,0.11279257912060969,nan,nan,nan,nan,nan,0.0,0.0,0.0,-3.6313245213835663,nan,nan,nan,nan,nan,nan,nan
1,RL,R,t2,1000,1,ALL,108200,2390,1.0,0.022088724584103513,0.1136825835880572,-0.4552948925516673,-0.2620171010084717,0.06952722321853788,0.128722881568976,0.28056744545169543,0.00019013631802395348,0.002152467110053991,-0.001962330792030037,-2.70071011093818,0.4560669456066946,0.43347280334728033,0.05146443514644351,0.5439330543933054,0.5665271966527197,0.0,0.0
1,RL,R,t2,1000,2,P,52220,52220,0.48262476894639555,1.0,0.11470775391476622,-0.24779746890033363,-0.10339945580894208,0.13323773438065814,0.17051189628784394,0.1460450392289099,0.0013360041094138098,0.010144236003521696,-0.008808231894107886,0.21868490260981077,0.47761394101876675,0.45086173879739566,0.07500957487552662,0.5223860589812332,0.5491382612026043,0.0,0.0
1,RL,R,t2,1000,2,B,55551,0,0.5134103512014787,0.0,0.11294763628135217,nan,nan,nan,nan,nan,0.0,0.0,0.0,-0.15816655428951856,nan,nan,nan,nan,nan,nan,nan
1,RL,R,t2,1000,2,V,429,0,0.003964879852125693,0.0,0.08406175229207748,nan,nan,nan,nan,nan,0.0,0.0,0.0,-1.2656583047773167,nan,nan,nan,nan,nan,nan,nan
1,RL,R,t2,1000,2,ALL,108200,52220,1.0,0.48262476894639555,0.11368258358805718,-0.24779746890033363,-0.10339945580894208,0.13323773438065814,0.17051189628784394,0.1460450392289099,0.0013360041094138098,0.010144236003521696,-0.008808231894107886,0.019320221295728315,0.47761394101876675,0.45086173879739566,0.07500957487552662,0.5223860589812332,0.5491382612026043,0.0,0.0
1,RL,GELU,t2,1000,1,P,6278,6278,0.05802218114602588,1.0,0.07700045120975338,-0.45229446433152803,-0.23511202808429907,0.08056320523442743,0.11356392485965011,0.26820810522925825,0.0013849346010908663,0.009788419375696134,-0.008403484774605265,0.7319725050125865,0.45173622172666456,0.43899330997132846,0.04460019114367633,0.5482637782733355,0.5610066900286715,0.0,0.0
1,RL,GELU,t2,1000,1,B,9337,9337,0.08629390018484288,1.0,0.08715523439274157,-0.39512642641235146,-0.2670444650256964,0.08209389938475366,0.09499775483527448,-0.24416402911312132,-0.0013471430042636605,-0.006756541815870219,0.00540939881160656,-0.42384124367053905,0.3658562707507765,0.3993788154653529,0.0433758166434615,0.6341437292492235,0.6006211845346471,0.0,0.0
1,RL,GELU,t2,1000,1,V,92585,90600,0.8556839186691313,0.978560241939839,0.07927519161291015,-0.14345290594849044,-0.07842869586397798,0.13424701632768338,0.15280944229213114,-0.05517643151976731,-0.00013285312303897115,0.0007368079436858181,-0.0008696610667247896,-3.185750044996208,0.5183002207505518,0.5057064017660045,0.08289183222958058,0.4816997792494481,0.4942935982339956,0.0,0.0
1,RL,GELU,t2,1000,1,ALL,108200,106215,1.0,0.9816543438077634,0.07982320583827307,-0.32079177773851464,-0.16168049192089462,0.10795087425803065,0.12584604749064485,0.0690173735626971,-9.506152621176518e-05,0.0037686855035117314,-0.003863747029723494,-2.7200993550984913,0.5009650237725368,0.4924163253777715,0.07715482747257921,0.4990349762274632,0.5075836746222285,0.0,0.0
1,RL,GELU,t2,1000,2,P,71223,71223,0.6582532347504622,1.0,0.07842551016061139,-0.40384117137550546,-0.19865484148872511,0.09064108646803669,0.12041429765834769,0.08780023706074859,0.005589693948073139,0.0326187456827455,-0.02702905173467235,0.36704282789353515,0.4440840739648709,0.44179548741277397,0.05314294539685214,0.5559159260351291,0.558204512587226,0.0,0.0
1,RL,GELU,t2,1000,2,B,34384,34384,0.3177818853974122,1.0,0.08471840084395038,-0.3520184308762401,-0.18065040131987842,0.08930926293523188,0.09189587623978956,0.11461970427258783,-0.001990042558769916,-0.009376006899892366,0.007385964341122455,-0.21880226841623795,0.39591088878548164,0.4174906933457422,0.03577245230339693,0.6040891112145184,0.5825093066542578,0.0,0.0
1,RL,GELU,t2,1000,2,V,2593,2593,0.023964879852125694,1.0,0.053302455423652716,-0.4312478332027174,-0.1723572065799333,0.10777564950445788,0.11091879843861473,0.3300509133642599,8.296185626175658e-06,0.00020964343311377146,-0.000201347247487596,-1.073528065796519,0.34670266101041264,0.37524103355187044,0.015426147319706903,0.6532973389895873,0.6247589664481296,0.0,0.0
1,RL,GELU,t2,1000,2,ALL,108200,108200,1.0,1.0,0.07982320583827307,-0.39807907807889137,-0.19576091613910684,0.09060581185131528,0.11482876550662016,0.09479999501976612,0.003607947574929399,0.023452382215966905,-0.01984443464103749,0.14634876025163546,0.4264417744916821,0.43247689463955635,0.046719038817005544,0.5735582255083179,0.5675231053604436,0.0,0.0
1,RL,SILU,t2,1000,1,P,8279,8279,0.07651571164510167,1.0,0.11457936645592313,-0.3790761430343635,-0.16539919569941283,0.10773912622591308,0.1476251179467172,0.2651263254321815,0.0010987860610560947,0.008070094383089936,-0.006971308322033846,0.7888199355200071,0.4633409832105327,0.4243266094939002,0.0602729798284817,0.5366590167894674,0.5756733905060998,0.0,0.0
1,RL,SILU,t2,1000,1,B,16992,16992,0.15704251386321627,1.0,0.12840188520010226,-0.23326590619853058,-0.14328324560458414,0.12627487501929718,0.12502995696684735,-0.1357332998711175,-0.001378762652677539,-0.005022252136079238,0.003643489483401697,-0.7021432285442871,0.4249058380414313,0.4585687382297552,0.06714924670433145,0.5750941619585688,0.5414312617702448,0.0,0.0
1,RL,SILU,t2,1000,1,V,82929,82929,0.766441774491682,1.0,0.10809426515870847,-0.005178605075174852,0.002008969642529272,0.1633159244911637,0.16923496307588318,0.026134599171407785,-0.0004227572635258937,-0.0013551938566401648,0.0009324365931142706,-3.911539426008034,0.5229774867657876,0.5284399908355341,0.08959471355014531,0.4770225132342124,0.471560009164466,0.0,0.0
1,RL,SILU,t2,1000,1,ALL,108200,108200,1.0,1.0,0.11177963700143492,-0.15403877189384013,-0.06340723387965133,0.14408220766457797,0.14895572552623446,0.06414127124404437,-0.000702733855147338,0.0016926483903705331,-0.002395382245517878,-3.047876437640246,0.5030129390018484,0.5095009242144177,0.08382624768946395,0.4969870609981516,0.4904990757855823,0.0,0.0
1,RL,SILU,t2,1000,2,P,58196,58196,0.5378558225508318,1.0,0.10836263674302232,-0.36835366118421486,-0.1671630288460917,0.11188774198876748,0.1391727667455652,0.15055750368995133,0.0036645952620687205,0.021122583849747682,-0.01745798858767897,0.4218029191568846,0.43929136023094373,0.44262492267509795,0.06063990652278507,0.5607086397690563,0.5573750773249021,0.0,0.0
1,RL,SILU,t2,1000,2,B,49168,49168,0.4544177449168207,1.0,0.11681234032448452,-0.23296029908421598,-0.09560237778833008,0.1279326252734655,0.12749468246855863,0.18003092976853333,-0.0015279713960329269,-0.007236172309755161,0.005708200913722237,-0.33940243776768947,0.4345712658639766,0.44880816791409045,0.05731369996745851,0.5654287341360235,0.5511918320859095,0.0,0.0
1,RL,SILU,t2,1000,2,V,836,836,0.007726432532347505,1.0,0.05365498395224566,-0.44762857904370057,-0.15152401860284734,0.08697673256589192,0.07355629562878406,0.3749961700261421,9.649866534214597e-07,4.255813617294023e-05,-4.159314951951877e-05,-1.6022744746092776,0.35047846889952156,0.3815789473684211,0.013157894736842105,0.6495215311004785,0.618421052631579,0.0,0.0
1,RL,SILU,t2,1000,2,ALL,108200,108200,1.0,1.0,0.11177963700143494,-0.3330139543940829,-0.14446440335826213,0.11688071447757732,0.13540623093671217,0.16048539292517436,0.002137588852689215,0.013928969676165462,-0.011791380823476251,0.06025880002143205,0.43646025878003697,0.4449630314232902,0.05876155268022181,0.5635397412199631,0.5550369685767098,0.0,0.0
2,RL,LR,t2,1000,1,P,7850,7850,0.07275254865616311,1.0,0.142815413253306,-0.231147862113072,-0.16843628557009202,0.11342345483932731,0.14111341929517426,0.28126328220453106,0.00039384922382622566,0.0006168314260700546,-0.00022298220224382866,0.9462098261025981,0.4949044585987261,0.47961783439490446,0.07006369426751592,0.5050955414012739,0.5203821656050955,0.0,0.0
2,RL,LR,t2,1000,1,B,14545,14545,0.13480074142724746,1.0,0.14610119789749573,-0.04800606375990142,-0.002724405232252403,0.17041043580515375,0.1592586559377008,-0.08990842128604534,-0.0001864231104608748,-0.0007072741685968949,0.00052085105813602,-0.5580567789713116,0.45431419731866624,0.4775524235132348,0.0782399449982812,0.5456858026813338,0.5224475764867652,0.0,0.0
2,RL,LR,t2,1000,1,V,85505,85505,0.7924467099165894,1.0,0.14400958522670956,0.006014502806678155,0.010566787848269765,0.1674211996094017,0.17412405752315663,0.014556548905433363,0.00037969607464937306,0.0008794072103802891,-0.0004997111357309162,-3.0799012819133886,0.5085550552599263,0.5036781474767558,0.08744517864452371,0.49144494474007366,0.49632185252324423,0.0,0.0
2,RL,LR,t2,1000,1,ALL,107900,107900,1.0,1.0,0.1442046571109113,-0.0454754606672948,-0.02327041972959471,0.15740814692307808,0.158734948558897,0.07116973653808562,0.0005871221880147239,0.0007889644678534489,-0.00020184227983872485,-2.447044928871516,0.5002502316960148,0.4984059314179796,0.08493975903614458,0.49974976830398515,0.5015940685820204,0.0,0.0
2,RL,LR,t2,1000,2,P,22003,22003,0.20392029657089897,1.0,0.14743715479765065,-0.244986232812578,-0.14016726954111514,0.13962555718761607,0.1708552383595068,0.3065617208202357,0.0007402340437527057,0.004437381604824912,-0.003697147561072205,0.39933036508759906,0.4748443394082625,0.4369404172158342,0.07521701586147343,0.5251556605917375,0.5630595827841658,0.0,0.0
2,RL,LR,t2,1000,2,B,58955,58955,0.5463855421686747,1.0,0.14350506116534822,0.005078715228842433,0.012425537644389879,0.15447846189393935,0.15266927818930373,0.05240447790466248,-9.375425680329997e-06,-7.353304855981231e-05,6.415762287948228e-05,-0.4818738325987953,0.49899075566109746,0.5190060215418539,0.09062844542447629,0.5010092443389026,0.48099397845814607,0.0,0.0
2,RL,LR,t2,1000,2,V,26942,26942,0.24969416126042632,1.0,0.1430956092439876,-0.057297409235955186,-0.018374225797719274,0.1520547226512034,0.1522526291731167,0.19571750475511224,-6.955563794110304e-05,-0.00035302169584933293,0.0002834660579082299,-1.4887357726290964,0.48493059164130353,0.49506346967559944,0.0877811595278747,0.5150694083586964,0.5049365303244006,0.0,0.0
2,RL,LR,t2,1000,2,ALL,107900,107900,1.0,1.0,0.14420465711091127,-0.14790112318860504,-0.07199847210886738,0.14642782383746747,0.16524098944000887,0.23346963815447624,0.0006613029801312727,0.004010826860415768,-0.0033495238802844934,-0.5535859588879763,0.4905560704355885,0.4962928637627433,0.08677479147358666,0.5094439295644115,0.5037071362372567,0.0,0.0
2,RL,ELU1,t2,1000,1,P,17495,17495,0.16214087117701576,1.0,0.1572863328088789,-0.1401104681646897,-0.04574739358354274,0.152488582732757,0.1473417606208113,0.20850357801632227,0.000994981246760373,0.0034174287924354243,-0.002422447545675051,1.082320526631136,0.4768791083166619,0.4695055730208631,0.07756501857673621,0.5231208916833381,0.5304944269791368,0.0,0.0
2,RL,ELU1,t2,1000,1,B,18606,18606,0.1724374420759963,1.0,0.16158593946706923,-0.09928935838701496,-0.0731029324340737,0.1472591427927866,0.15310231890718354,-0.11728499933766254,-0.001041697696429234,-0.0024408665011401063,0.001399168804710873,-0.5351297832018151,0.4690422444372783,0.4747930775018811,0.08126410835214447,0.5309577555627217,0.5252069224981188,0.0,0.0
2,RL,ELU1,t2,1000,1,V,71799,71799,0.665421686746988,1.0,0.15728421476853752,0.02327522031975359,0.009354974700900773,0.17025311556986444,0.16791172595903486,-0.03832634296994917,-0.00010839619586903705,-0.00032748918001259525,0.00021909298414355828,-2.9132856325306027,0.5032103511190964,0.5080572152815499,0.08976448139946239,0.49678964888090366,0.4919427847184501,0.0,0.0
2,RL,ELU1,t2,1000,1,ALL,107900,107900,1.0,1.0,0.15802633659297358,-0.022150342711364554,-0.009299494395023566,0.16455790803713552,0.15346577563291847,0.006887971824641414,-0.00015511264553789815,0.0006490731112827227,-0.0008041857568206196,-1.855351457487544,0.49304911955514363,0.4960704355885079,0.0863206672845227,0.5069508804448564,0.5039295644114922,0.0,0.0
2,RL,ELU1,t2,1000,2,P,6267,6267,0.05808155699721965,1.0,0.1539608042420869,-0.3567869287714583,-0.2194584861371552,0.10294669398956159,0.13792110320581086,0.40188319948179474,0.0006630069420247936,0.0026500976548683476,-0.0019870907128435532,0.6240447298222379,0.42364767831498323,0.39444710387745335,0.05201850965374182,0.5763523216850167,0.6055528961225467,0.0,0.0
2,RL,ELU1,t2,1000,2,B,14748,14748,0.13668211306765524,1.0,0.160679057296372,-0.04903321744595061,-0.04154524779652406,0.16125963325179477,0.1563685303139751,-0.17619604356921198,-0.00031368122669484617,-0.00044209880528129,0.00012841757858644343,-0.5718318328120297,0.4952535937076214,0.5255627881746677,0.09804719283970707,0.5047464062923787,0.4744372118253323,0.0,0.0
2,RL,ELU1,t2,1000,2,V,86885,86885,0.8052363299351251,1.0,0.15786930564757787,-0.006457797052681287,0.007596918464695194,0.1758957705129815,0.17119818970488246,0.06110897994237836,-0.00010152005319117118,-0.0008488325637515079,0.0007473125105603371,-2.937391421527369,0.49495309892386485,0.5177303331990563,0.10237670483973067,0.5050469010761351,0.4822696668009438,0.0,0.0
2,RL,ELU1,t2,1000,2,ALL,107900,107900,1.0,1.0,0.15802633659297363,-0.022605517940461672,-0.002241375375435545,0.17281221207661035,0.15816321784197185,0.059682182003629174,0.0002478056621387762,0.0013591662858355497,-0.0011113606236967724,-2.407207981537732,0.4908526413345691,0.5116404077849861,0.09886005560704356,0.5091473586654309,0.4883595922150139,0.0,0.0
2,RL,R,t2,1000,1,P,3636,3636,0.033697868396663576,1.0,0.11371793190413539,-0.45083802585885646,-0.2923830843111495,0.048262743454768026,0.12259295394504119,0.3035796247606922,0.00010551559389565859,0.002187647726457982,-0.0020821321325623227,0.7391196237410458,0.4766226622662266,0.4504950495049505,0.04262926292629263,0.5233773377337734,0.5495049504950495,0.0,0.0
2,RL,R,t2,1000,1,B,33894,0,0.3141241890639481,0.0,0.11485159473286209,nan,nan,nan,nan,nan,0.0,0.0,0.0,-0.5811823528488923,nan,nan,nan,nan,nan,nan,nan
2,RL,R,t2,1000,1,V,70370,0,0.6521779425393883,0.0,0.11622132205066975,nan,nan,nan,nan,nan,0.0,0.0,0.0,-3.450946080458874,nan,nan,nan,nan,nan,nan,nan
2,RL,R,t2,1000,1,ALL,107900,3636,1.0,0.033697868396663576,0.11570669865602126,-0.45083802585885646,-0.2923830843111495,0.048262743454768026,0.12259295394504119,0.3035796247606922,0.00010551559389565859,0.002187647726457982,-0.0020821321325623227,-2.408287594044753,0.4766226622662266,0.4504950495049505,0.04262926292629263,0.5233773377337734,0.5495049504950495,0.0,0.0
2,RL,R,t2,1000,2,P,58113,58113,0.5385820203892493,1.0,0.11501021512138346,-0.24574488777769574,-0.1207979437202422,0.12621543291025925,0.17091828669295958,0.1668704211830132,0.002275274200415652,0.01170481573572168,-0.009429541535306027,0.2634033047837545,0.4786192418219675,0.44471977010307506,0.0709823963657013,0.5213807581780324,0.5552802298969249,0.0,0.0
2,RL,R,t2,1000,2,B,49076,0,0.45482854494902686,0.0,0.11691932321828222,nan,nan,nan,nan,nan,0.0,0.0,0.0,-0.21300491880411596,nan,nan,nan,nan,nan,nan,nan
2,RL,R,t2,1000,2,V,711,0,0.006589434661723818,0.0,0.08893311867133197,nan,nan,nan,nan,nan,0.0,0.0,0.0,-1.2762041755923794,nan,nan,nan,nan,nan,nan,nan
2,RL,R,t2,1000,2,ALL,107900,58113,1.0,0.5385820203892493,0.11570669865602125,-0.24574488777769574,-0.1207979437202422,0.12621543291025925,0.17091828669295958,0.1668704211830132,0.002275274200415652,0.01170481573572168,-0.009429541535306027,0.036574102750892935,0.4786192418219675,0.44471977010307506,0.0709823963657013,0.5213807581780324,0.5552802298969249,0.0,0.0
2,RL,GELU,t2,1000,1,P,5119,5119,0.04744207599629286,1.0,0.0908667970464756,-0.43992994994872053,-0.23998245069063445,0.06089610116691178,0.09849450802932778,0.2829976627876242,0.0013416341846492603,0.006242920310155409,-0.004901286125506152,0.7596081848333951,0.471771830435632,0.44168782965422937,0.045712053135378,0.528228169564368,0.5583121703457706,0.0,0.0
2,RL,GELU,t2,1000,1,B,7792,7792,0.0722150139017609,1.0,0.09669887261819275,-0.4132558515672547,-0.26834200112881507,0.10384618565113535,0.10413527043834285,-0.2460061667263644,-0.0011979778378293034,-0.005080780139292462,0.0038828023014631603,-0.4234399897718309,0.36024127310061604,0.38295687885010266,0.04684291581108829,0.639758726899384,0.6170431211498973,0.0,0.0
2,RL,GELU,t2,1000,1,V,94989,92374,0.8803429101019462,0.972470496583815,0.09075101765920351,-0.14641309919976406,-0.08707803787402599,0.1341589687044365,0.15597106330299876,-0.05531864706179186,2.8330823317181122e-05,0.0010416355408047154,-0.0010133047174875336,-3.3512165539892695,0.5170719033494273,0.5032043648645723,0.08644207244462727,0.4829280966505727,0.49679563513542774,0.0,0.0
2,RL,GELU,t2,1000,1,ALL,107900,105285,1.0,0.9757645968489342,0.09118603490224235,-0.320242454260933,-0.17193101316408907,0.1028956948097557,0.12189578414768767,0.07961542411240972,0.00017198717013713807,0.0022037757116676626,-0.0020317885415305254,-2.944761069036392,0.5032625730160991,0.49131405233414066,0.08153108230042266,0.49673742698390083,0.5086859476658593,0.0,0.0
2,RL,GELU,t2,1000,2,P,69267,69267,0.641955514365153,1.0,0.09154159242242822,-0.3926020620777474,-0.19691838484928853,0.09766926854354169,0.12883947049483482,0.10002609539457569,0.00581192015498186,0.027400703111100228,-0.021588782956118362,0.33139944276280897,0.44586888417283843,0.4357486248863095,0.05922011924870429,0.5541311158271616,0.5642513751136905,0.0,0.0
2,RL,GELU,t2,1000,2,B,35673,35673,0.3306116774791474,1.0,0.09310227085943322,-0.3192157866006193,-0.1625047467719752,0.09182474790207584,0.09650198776916245,0.09168529106646724,-0.0019847262639643044,-0.00748645106379845,0.005501724799834151,-0.2250754455681102,0.4071706893168503,0.4373055251871163,0.04392677935693662,0.5928293106831497,0.5626944748128837,0.0,0.0
2,RL,GELU,t2,1000,2,V,2960,2960,0.027432808155699723,1.0,0.05977174839832769,-0.3490315249941877,-0.10411757097671634,0.08718766155072341,0.08377778117262576,0.27134040531496184,1.0242239292753065e-05,0.00017954258501369513,-0.000169300345720942,-1.0702790690672437,0.37972972972972974,0.3929054054054054,0.021283783783783785,0.6202702702702703,0.6070945945945946,0.0,0.0
2,RL,GELU,t2,1000,2,ALL,107900,107900,1.0,1.0,0.09118603490224234,-0.3805777936857342,-0.1897838170327428,0.09653467711068213,0.12231371349123277,0.1025717489484805,0.0038374361303103086,0.020093794632315472,-0.016256358502005155,0.10897036874570207,0.4312604263206673,0.4350880444856349,0.05312326227988878,0.5687395736793327,0.5649119555143651,0.0,0.0
2,RL,SILU,t2,1000,1,P,6882,6882,0.06378127896200185,1.0,0.1087074180108054,-0.3778938170733966,-0.20422091647803595,0.09070826781563951,0.11496701195559056,0.2948959589899837,0.0016214158805699745,0.006046311356564291,-0.004424895475994316,0.7884880900202894,0.46657948270851496,0.43243243243243246,0.05187445510026155,0.533420517291485,0.5675675675675675,0.0,0.0
2,RL,SILU,t2,1000,1,B,15942,15942,0.14774791473586654,1.0,0.11853743499799355,-0.24867605453794758,-0.13316456779341831,0.1290819056365329,0.13105959643779522,-0.1633075565477342,-0.0010781542402641129,-0.004890516811175154,0.0038123625709110412,-0.7217015053974166,0.42259440471709947,0.4492535440973529,0.06611466566302848,0.5774055952829005,0.5507464559026471,0.0,0.0
2,RL,SILU,t2,1000,1,V,85076,85076,0.7884708063021316,1.0,0.10492623390844427,-0.0006526533266275539,-0.0025720292442841016,0.15834509560319457,0.16768422937515834,0.027875672767905584,-0.00040601163124757137,-0.0017029821281701022,0.0012969704969225317,-3.7637043786512754,0.5228031407212375,0.5197705580892379,0.08929662889651606,0.47719685927876254,0.48022944191076217,0.0,0.0
2,RL,SILU,t2,1000,1,ALL,107900,107900,1.0,1.0,0.10717842924451512,-0.14048196318658096,-0.06563604642225915,0.14023088763730518,0.13922355275579398,0.05927556038529105,0.0001372500090582903,-0.0005471875827809659,0.0006844375918392575,-3.023910139774438,0.5044114921223355,0.5037812789620019,0.08348470806302132,0.4955885078776645,0.49621872103799813,0.0,0.0
2,RL,SILU,t2,1000,2,P,54144,54144,0.5017979610750695,1.0,0.10413581331194639,-0.36724287987878984,-0.1853296258941983,0.10332206272663573,0.12713934880942004,0.15277436945094164,0.004138775211705205,0.019193495324538058,-0.01505472011283285,0.3901322431621207,0.44032579787234044,0.4295582151300236,0.056220449172576833,0.5596742021276596,0.5704417848699763,0.0,0.0
2,RL,SILU,t2,1000,2,B,52835,52835,0.4896663577386469,1.0,0.11089264254579898,-0.22174432237431527,-0.09602864706782356,0.11997269652188404,0.12661190522633156,0.12187032803143347,-0.0015947162496013365,-0.006552572948536544,0.0049578566989352075,-0.3456620166156269,0.4418661871865241,0.4629506955616542,0.061398694047506384,0.558133812813476,0.5370493044383458,0.0,0.0
2,RL,SILU,t2,1000,2,V,921,921,0.008535681186283596,1.0,0.07297532097053554,-0.3333288160556429,-0.08595314756196606,0.11067801510342451,0.07917751199109803,0.3433210096987265,9.283968008948071e-07,2.7938714743045337e-05,-2.7010317942150527e-05,-1.5768979346663932,0.3789359391965255,0.3713355048859935,0.023887079261672096,0.6210640608034745,0.6286644951140065,0.0,0.0
2,RL,SILU,t2,1000,2,ALL,107900,107900,1.0,1.0,0.10717842924451508,-0.3197094491870251,-0.151276934695658,0.10959835699396872,0.12694014468909035,0.14524381302607217,0.002544987358904764,0.012668861090744558,-0.010123873731839794,0.01304860545000431,0.44055607043558853,0.4454124189063948,0.05848007414272474,0.5594439295644115,0.5545875810936052,0.0,0.0
0,RL,LR,t2,6000,1,P,15571,15571,0.14634398496240603,1.0,0.00039199797217927994,-0.3539474715374832,-0.34726773810385553,0.0334348920647497,0.07282428550405058,0.08573664726995808,1.3828141818612774e-05,0.02286601395804808,-0.022852185816229473,0.9464746546717658,0.4782608695652174,0.48204996467792693,0.04283604135893648,0.5217391304347826,0.515959154839124,0.0,0.001990880482949072
0,RL,LR,t2,6000,1,B,19295,19295,0.181343984962406,1.0,0.0005393273147781138,-0.024479546468956535,0.053454623954415074,0.10603620968585512,0.08980913039593948,-0.026513091284149675,-4.8671928262451125e-06,-0.0044784158286236735,0.004473548635797425,-0.5146205440489946,0.4652500647836227,0.47416429126716764,0.04612593936252915,0.5347499352163773,0.5247991707696295,0.0,0.0010365379632029023
0,RL,LR,t2,6000,1,V,71534,71534,0.6723120300751879,1.0,0.00041212181713059734,-0.01829523423978929,-0.03033215119685542,0.09833213290272996,0.10254850466034895,0.019894032805869696,7.045933204640202e-07,0.0016870949671682605,-0.0016863903738477963,-3.0754382792547394,0.5020549668689015,0.49615567422484413,0.05326138619397769,0.4979450331310985,0.5023205748315487,0.0,0.0015237509436072357
0,RL,LR,t2,6000,1,ALL,106400,106400,1.0,1.0,0.00043224476532018253,-0.15170774857364253,-0.12213992205968076,0.07913319704675219,0.08408036636920689,0.04488949049652927,9.665542312831682e-06,0.020074693096592666,-0.020065027554279843,-2.0224666204674797,0.4918984962406015,0.4901033834586466,0.050441729323308274,0.5081015037593984,0.5083928571428571,0.0,0.0015037593984962407
0,RL,LR,t2,6000,2,P,72203,72203,0.6785996240601504,1.0,0.0004231036854299056,-0.3293200232168826,-0.27771741415073964,0.05291670911621295,0.10379476579362021,0.0912301819091776,2.1951292151306785e-05,0.033917268373777204,-0.03389531708162589,1.1131545679648878,0.4676536985997812,0.45876210129773,0.04443028683018711,0.5323463014002189,0.5394374194978048,0.0,0.0018004792044651885
0,RL,LR,t2,6000,2,B,24690,24690,0.23204887218045112,1.0,0.0004942211147861366,-0.1896558473501468,-0.01949424170348448,0.05354660634065693,0.05554292420966124,0.1255761528839462,-1.91602191443489e-06,-0.002434410587945975,0.0024324945660315397,-0.4157638661479488,0.43098420413122723,0.45759416767922234,0.026204941271769946,0.5690157958687728,0.5410692588092345,0.0,0.0013365735115431349
0,RL,LR,t2,6000,2,V,9507,9507,0.0893515037593985,1.0,0.0003407140324920817,-0.2301775346231889,-0.13628406415137695,0.038055611525483764,0.040319250100828215,0.2618949542157111,-6.465476893964278e-07,-0.0009267964198150546,0.0009261498721256579,-1.6448429913275018,0.422635952456085,0.45703166088145575,0.017881560955085727,0.577364047543915,0.5386557273587883,0.0,0.004312611759755969
0,RL,LR,t2,6000,2,ALL,106400,106400,1.0,1.0,0.00043224476532018237,-0.32576018239742627,-0.27074518464761016,0.05268772893817507,0.10133818825077834,0.09460848452918076,1.938872254747547e-05,0.030556061366016175,-0.03053667264346869,0.5119395403855768,0.45512218045112784,0.4583364661654135,0.03782894736842105,0.5448778195488722,0.5397462406015038,0.0,0.0019172932330827068
0,RL,ELU1,t2,6000,1,P,22066,22066,0.2073872180451128,1.0,0.0011331278517627975,-0.2989024431476421,-0.15411549356007487,0.049301843354961905,0.06326130581721615,0.04606906926390958,9.164461979798493e-05,0.048856737736285856,-0.0487650931164879,1.0666844245804092,0.4389558596936463,0.43804948789993653,0.02909453457808393,0.5610441403063536,0.5560590954409499,0.0,0.005891416659113568
0,RL,ELU1,t2,6000,1,B,18931,18931,0.17792293233082707,1.0,0.0013859310676984065,-0.18972791728884633,-0.13712362163802239,0.07922165331116676,0.0726899205732323,-0.07336000251330033,-0.00010794791688351463,-0.025983831694002348,0.025875883777118813,-0.5212219489328648,0.43859278432201154,0.4361629074005599,0.0376102688711637,0.5614072156779885,0.5598753367492473,0.0,0.003961755850192806
0,RL,ELU1,t2,6000,1,V,65403,65403,0.6146898496240601,1.0,0.0008542770764247314,-0.0014246599671092043,-0.007698995923924882,0.09909366535878951,0.09567716966732173,0.02961529163529756,-1.200261874804413e-05,-0.007627384019049779,0.0076153814003017345,-3.0228864903054475,0.4982798954176414,0.49551243826735775,0.05025763344189105,0.5017201045823586,0.49924315398376223,0.0,0.005244407748880021
0,RL,ELU1,t2,6000,1,ALL,106400,106400,1.0,1.0,0.0010067006000846158,-0.09583909162596081,-0.06126879432002699,0.08388566789595776,0.07128997918213549,0.025543508187973466,-2.8305915833573825e-05,0.015245522023233728,-0.01527382793906735,-1.7296582643599991,0.47535714285714287,0.4730357142857143,0.04361842105263158,0.5246428571428572,0.5218139097744361,0.0,0.005150375939849624
0,RL,ELU1,t2,6000,2,P,56446,56446,0.5305075187969924,1.0,0.0009177665975732304,-0.3934276280667244,-0.29036367777543964,0.04223644905947473,0.07336559473461961,0.10195484375758262,6.790728186494561e-05,0.03439774631898539,-0.03432983903712044,1.4171616619960465,0.435159267264288,0.43455692165963933,0.029886971618892394,0.564840732735712,0.5604117209368246,0.0,0.005031357403536123
0,RL,ELU1,t2,6000,2,B,24259,24259,0.22799812030075187,1.0,0.0012066386363407161,-0.24500554034245253,-0.20194045602379337,0.06423145449057079,0.0578138022148508,0.01334166412737308,-4.661140570143355e-05,-0.010733803235983524,0.01068719183028208,-0.4811382905389652,0.42244115585968095,0.43241683498907624,0.03169957541530978,0.5775588441403191,0.5644090852879343,0.0,0.003174079722989406
0,RL,ELU1,t2,6000,2,V,25695,25695,0.24149436090225565,1.0,0.001013303903615301,-0.22758729600108707,-0.11866227161747141,0.06381964434565905,0.06382660255384014,0.16408997560140945,-7.74748432861219e-06,-0.0030935680621462136,0.003085820577817599,-2.036758756979308,0.4279820976843744,0.4296944930920413,0.02673671920607122,0.5720179023156257,0.5614321852500487,0.0,0.0088733216579101
0,RL,ELU1,t2,6000,2,ALL,106400,106400,1.0,1.0,0.0010067006000846162,-0.3505517541325756,-0.23755241565344054,0.05019891033781937,0.0687597122774406,0.10647905689313028,1.3548391834899867e-05,0.020570375020855645,-0.020556826629020763,0.15025053686335302,0.4305263157894737,0.4328947368421053,0.029539473684210525,0.5694736842105264,0.5615695488721805,0.0,0.005535714285714285
0,RL,R,t2,6000,1,P,5664,5664,0.05323308270676692,1.0,0.007381340605794981,-0.5645390291916553,-0.1196270607568678,0.06253173593932602,0.09955792048649192,0.0762873765023196,-0.00022868743455076716,0.0500190127384438,-0.050247700172994555,1.1134391324238355,0.4092514124293785,0.4240819209039548,0.021362994350282487,0.5907485875706214,0.5674435028248588,0.0,0.00847457627118644
0,RL,R,t2,6000,1,B,28998,0,0.2725375939849624,0.0,0.015657783808447245,nan,nan,nan,nan,nan,0.0,0.0,0.0,-0.5828201908226398,nan,nan,nan,nan,nan,nan,nan
0,RL,R,t2,6000,1,V,71738,0,0.6742293233082707,0.0,0.02050893128235536,nan,nan,nan,nan,nan,0.0,0.0,0.0,-3.8224366268181935,nan,nan,nan,nan,nan,nan,nan
0,RL,R,t2,6000,1,ALL,106400,5664,1.0,0.05323308270676692,0.018487989101524296,-0.5645390291916553,-0.1196270607568678,0.06253173593932602,0.09955792048649192,0.0762873765023196,-0.00022868743455076716,0.0500190127384438,-0.050247700172994555,-2.6767674753957698,0.4092514124293785,0.4240819209039548,0.021362994350282487,0.5907485875706214,0.5674435028248588,0.0,0.00847457627118644
0,RL,R,t2,6000,2,P,68018,68018,0.639266917293233,1.0,0.01756319507723785,-0.39261873837284417,-0.07225084500654208,0.10274261645823339,0.15651331482356295,0.047638014652523396,0.00024282767014437165,0.05432957643796418,-0.054086748767819846,0.8680828845101174,0.4531447557999353,0.4520274045105707,0.04585550883589638,0.5468552442000647,0.5424152430239054,0.0,0.005557352465523832
0,RL,R,t2,6000,2,B,31683,0,0.29777255639097744,0.0,0.02334490328690914,nan,nan,nan,nan,nan,0.0,0.0,0.0,-0.36752609255006075,nan,nan,nan,nan,nan,nan,nan
0,RL,R,t2,6000,2,V,6699,0,0.06296052631578947,0.0,0.004907011016491779,nan,nan,nan,nan,nan,0.0,0.0,0.0,-1.5778946115979862,nan,nan,nan,nan,nan,nan,nan
0,RL,R,t2,6000,2,ALL,106400,68018,1.0,0.639266917293233,0.018487989101524296,-0.39261873837284417,-0.07225084500654208,0.10274261645823339,0.15651331482356295,0.047638014652523396,0.00024282767014437165,0.05432957643796418,-0.054086748767819846,0.3461524101997244,0.4531447557999353,0.4520274045105707,0.04585550883589638,0.5468552442000647,0.5424152430239054,0.0,0.005557352465523832
0,RL,GELU,t2,6000,1,P,9235,9235,0.08679511278195488,1.0,0.00018286008192770666,-0.4243239407395753,-0.27634318487212334,0.019309584647376175,0.03502522328833208,0.11252115740103538,2.836542330125236e-05,0.0593791943173859,-0.05935082889408465,1.2191182901348663,0.4335679480238224,0.4388738494856524,0.02523010286951814,0.5664320519761776,0.5521386031402274,0.0,0.008987547374120195
0,RL,GELU,t2,6000,1,B,8875,8875,0.08341165413533834,1.0,0.00019436615809062096,-0.4581054317007706,-0.6323723338603884,0.019057985822615336,0.03293115390842606,-0.18218303325708995,-2.6690716042206414e-05,-0.025770329368154148,0.02574363865211195,-0.42148502303129015,0.3529014084507042,0.35594366197183097,0.021971830985915493,0.6470985915492957,0.6396619718309859,0.0,0.004394366197183098
0,RL,GELU,t2,6000,1,V,88290,84445,0.8297932330827068,0.9564503341261751,0.00030572014831177285,-0.16920919856280614,-0.3170138275203216,0.04685638694289001,0.07772191612561892,-0.04373826262827829,6.061417023199275e-07,0.0047910266531941605,-0.004790420511491841,-3.4753452733620045,0.5107703238794482,0.505630884007342,0.04944046420747232,0.48922967612055185,0.48802178933033336,0.0,0.00634732666232459
0,RL,GELU,t2,6000,1,ALL,106400,102555,1.0,0.9638627819548872,0.00028576827447465274,-0.36021899262554713,-0.34923906486400635,0.03081316435338476,0.05157772442177564,0.04145093089896663,2.280848961365877e-06,0.03839989160242591,-0.03839761075346454,-2.8131612439392724,0.49015650138949834,0.48666569158012773,0.044883233386963095,0.5098434986105017,0.5069182389937107,0.0,0.006416069426161572
0,RL,GELU,t2,6000,2,P,95378,95378,0.8964097744360903,1.0,0.0002954786635156174,-0.27604821544586755,-0.13888325390306158,0.0705746800682384,0.09376320557805388,0.033823722669727656,3.11186962356445e-05,0.03580278388785927,-0.03577166519162364,1.3556654016234253,0.4832351275975592,0.47783555956300194,0.04384658936022982,0.5167648724024408,0.5158002893749083,0.0,0.00636415106208979
0,RL,GELU,t2,6000,2,B,7390,7390,0.06945488721804512,1.0,0.00020981098684677454,-0.4443184628247309,-0.27264379464889504,0.011900000165685015,0.011336426540730273,0.13376451275039666,-3.585751848674415e-06,-0.004293812581154961,0.004290226829306283,-0.3058337716787304,0.34262516914749663,0.40446549391069014,0.0066305818673883625,0.6573748308525034,0.5797023004059539,0.0,0.015832205683355888
0,RL,GELU,t2,6000,2,V,3632,3631,0.034135338345864664,0.9997246696035242,0.00018531862403987806,-0.4111857336919589,-0.07868610187449794,0.00854325899505886,0.011253562603184034,0.23625703521524896,2.7320359282268182e-08,0.0004814184869863047,-0.0004813911666270225,-1.4556641043635792,0.3830900578353071,0.44725970806940235,0.0019278435692646654,0.616909942164693,0.516111264114569,0.0,0.03662902781602864
0,RL,GELU,t2,6000,2,ALL,106400,106399,1.0,0.9999906015037594,0.0002857682744746528,-0.2775689748271975,-0.1392386750744095,0.07032754740774301,0.09278712278250097,0.035091478307639784,2.756026474625235e-05,0.03199038979369062,-0.031962829528944386,1.1443004800402699,0.4700514102576152,0.4716961625579188,0.039831201421065984,0.5299485897423848,0.5202492504628803,0.0,0.008054586979200933
0,RL,SILU,t2,6000,1,P,13687,13687,0.12863721804511277,1.0,0.00019396178831629008,-0.3226065112110306,-0.2458301774768328,0.04007481206671299,0.05624447312227725,0.10875613416727321,1.8830866522570383e-05,0.04114741287779907,-0.04112858201127652,1.1162154858917142,0.46803536202235696,0.466062687221451,0.03455834003068605,0.531964637977643,0.5318915759479799,0.0,0.002045736830569153
0,RL,SILU,t2,6000,1,B,18706,18706,0.17580827067669172,1.0,0.00020106539538085487,-0.30937770190936104,-0.29543390671758785,0.05571213608047066,0.05089002732441992,-0.08288357484778545,-1.8112366575881417e-05,-0.03249776603692349,0.032479653670347615,-0.6938290969931605,0.39741259488934033,0.40446915428204855,0.03250294023308029,0.6025874051106597,0.5931786592537154,0.0,0.002352186464236074
0,RL,SILU,t2,6000,1,V,74007,74007,0.6955545112781955,1.0,0.0001804894582837733,-0.06760610345785878,-0.05628600008960814,0.09423385999210653,0.10562098902549,0.05156484759595866,-7.551440468332484e-07,0.0010066859744563062,-0.0010074411185031387,-3.706942356303816,0.49977704811707,0.4926425878633102,0.05313010931398381,0.50022295188293,0.5053440890726553,0.0,0.002013323064034483
0,RL,SILU,t2,6000,1,ALL,106400,106400,1.0,1.0,0.00018583992125833216,-0.2232262191773143,-0.1727178182847262,0.06684750731187314,0.06658064954687838,0.05635238758516765,-3.664410014428321e-08,0.009656332815331884,-0.009656369459432046,-2.5567745178188974,0.47769736842105265,0.4737218045112782,0.04711466165413534,0.5223026315789474,0.5242011278195489,0.0,0.0020770676691729325
0,RL,SILU,t2,6000,2,P,92305,92305,0.8675281954887218,1.0,0.00019080605548212707,-0.29506502664312056,-0.20579614405015226,0.05621276954537541,0.08284467245285107,0.07606949735767081,1.7054309926589702e-05,0.04145456595838543,-0.041437511648458845,1.39718138824316,0.47939981582796165,0.47607388548832674,0.044656302475488865,0.5206001841720383,0.521282704078869,0.0,0.00264341043280429
0,RL,SILU,t2,6000,2,B,12266,12266,0.11528195488721804,1.0,0.00016161720301121984,-0.44710930804706095,-0.2905965215704291,0.02073913477859511,0.02242284757170874,0.2116248767899752,-2.5692811415652647e-06,-0.0064251672608040085,0.006422597979662444,-0.4432698582426626,0.3555356269362465,0.39075493233327896,0.006685145931844122,0.6444643730637535,0.6045165498124898,0.0,0.004728517854231208
0,RL,SILU,t2,6000,2,V,1829,1829,0.01718984962406015,1.0,9.765886193175693e-05,-0.41076347771375127,-0.09303774417430145,0.015061814487631853,0.0015100920966394764,0.3577754076813378,5.556416253838495e-09,0.00015937989708494219,-0.00015937434066868835,-1.8990099175998343,0.37561509021323125,0.44231820667031163,0.0016402405686167304,0.6243849097867687,0.5467468562055768,0.0,0.010934937124111536
0,RL,SILU,t2,6000,2,ALL,106400,106400,1.0,1.0,0.0001858399212583322,-0.29785777397855806,-0.20658612570961601,0.05574387637983621,0.08097428165742641,0.07915558314756169,1.4490585201278278e-05,0.03518877859466637,-0.03517428800946509,1.1283495377940818,0.4633364661654135,0.4656578947368421,0.03953947368421053,0.5366635338345864,0.5313157894736842,0.0,0.0030263157894736843
1,RL,LR,t2,6000,1,P,12077,12077,0.1116173752310536,1.0,0.0005259796661201722,-0.3955862584002276,-0.36421135262029125,0.01895458598040656,0.06612141588398551,0.05080252080809754,3.5910596223840647e-06,0.024898027808510127,-0.024894436748887746,0.9390306316821303,0.4736275565123789,0.47801606359195165,0.03485965057547404,0.5263724434876211,0.515194170737766,0.0,0.0067897656702823545
1,RL,LR,t2,6000,1,B,16938,16938,0.15654343807763402,1.0,0.0007619946349558914,-0.04385609384421969,0.06319312213349175,0.10229600264877714,0.09156006090985573,-0.036952988561632025,-4.501524186774866e-06,-0.00446148260460616,0.004456981080419386,-0.5284791946575939,0.4582595347738812,0.46493092454835283,0.045282796079820525,0.5417404652261187,0.5296965403235329,0.0,0.005372535128114299
1,RL,LR,t2,6000,1,V,79185,79185,0.7318391866913124,1.0,0.0006042729234848787,-0.030715989252863788,-0.03202754236331325,0.09768712048003558,0.1037825686301541,0.020973253429533056,-6.370573021935893e-08,-0.00042420603479571947,0.0004241423290655,-3.2099118873226695,0.49540948411946706,0.49730378228199784,0.04936541011555219,0.5045905158805329,0.49884447812085625,0.0,0.003851739597145924
1,RL,LR,t2,6000,1,ALL,108200,108200,1.0,1.0,0.0006202243345727017,-0.153493607985822,-0.10458707168771536,0.07980109099123933,0.08396861291221283,0.029665531501939315,-9.741702946101603e-07,0.02001233916910825,-0.02001331333940286,-2.3270571206832793,0.4871626617375231,0.49008317929759704,0.04710720887245841,0.5128373382624769,0.5054990757855823,0.0,0.004417744916820702
1,RL,LR,t2,6000,2,P,77008,77008,0.7117190388170056,1.0,0.0006419509828906641,-0.3409947604152736,-0.24090070290545937,0.056733937681291854,0.1008164646127995,0.06375390528292513,3.3944548548463454e-05,0.038829851395985486,-0.038795906847437014,1.067894232619687,0.4618740910035321,0.460419696654893,0.044436941616455436,0.538125908996468,0.5348405360482028,0.0,0.004739767296904218
1,RL,LR,t2,6000,2,B,24231,24231,0.2239463955637708,1.0,0.0006315392012881683,-0.24967917928582747,-0.039637011008754844,0.0493532089250259,0.05361275187289384,0.10459937118431123,-2.6502451127433076e-06,-0.0030365246836796048,0.0030338744385668627,-0.40187661706578687,0.40992942924353104,0.44249102389501055,0.021006149147785893,0.590070570756469,0.5526804506623746,0.0,0.004828525442614832
1,RL,LR,t2,6000,2,V,6961,6961,0.06433456561922365,1.0,0.0003404805809378595,-0.29342640922494373,-0.053493828741793294,0.028973442419991512,0.03212731636796885,0.23032249011156264,-2.013130023820952e-07,-0.0008960073319545758,0.0008958060189521937,-1.568159152907642,0.40540152276971697,0.44189053296940095,0.008906766269214193,0.594598477230283,0.5458985777905473,0.0,0.012210889240051717
1,RL,LR,t2,6000,2,ALL,108200,108200,1.0,1.0,0.0006202243345727016,-0.3392821491122626,-0.23668340278124966,0.05642645771581099,0.09902138040942275,0.06632512398953659,3.109299043333805e-05,0.0348973193803513,-0.03486622638991796,0.5691549990209398,0.44660813308687614,0.45521256931608134,0.03690388170055453,0.5533918669131238,0.539547134935305,0.0,0.005240295748613679
1,RL,ELU1,t2,6000,1,P,27609,27609,0.2551663585951941,1.0,0.0006298077048850981,-0.24430854811943417,-0.20084954888348422,0.057603486390940296,0.0713170353396389,0.04031534728602754,9.852002315064644e-05,0.04752267234577325,-0.0474241523226226,1.1961145809518365,0.4548154587272266,0.45992248904342786,0.035785432286573216,0.5451845412727734,0.5395342098591039,0.0,0.0005433010974682169
1,RL,ELU1,t2,6000,1,B,20275,20275,0.1873844731977819,1.0,0.0006905954530024913,-0.1792580818306946,-0.158850936430371,0.071005482579622,0.0702513350845669,-0.07948660269413518,-8.559240971532816e-05,-0.03053021668413105,0.030444624274415716,-0.5079765631348044,0.43551171393341553,0.4400493218249075,0.039852034525277434,0.5644882860665844,0.5593094944512947,0.0,0.0006411837237977805
1,RL,ELU1,t2,6000,1,V,60316,60316,0.5574491682070241,1.0,0.0005241888367078116,0.018819126711256573,0.028327664143354764,0.10568009072208555,0.09411395091049289,0.03496944084720713,-2.7664398589623034e-06,-0.004499163471310488,0.004496397031451523,-2.9811382479951036,0.5058359307646396,0.5038298295642947,0.05414815306054778,0.49416406923536044,0.4956727899728099,0.0,0.0004973804628954175
1,RL,ELU1,t2,6000,1,ALL,108200,108200,1.0,1.0,0.0005823212348305596,-0.09159554137591737,-0.06811002550027573,0.08597423494720438,0.07386479616866798,0.02752495130337624,1.0161173576355981e-05,0.01249329219033171,-0.012483131016755357,-1.451811755250754,0.4796395563770795,0.48067467652495377,0.04678373382624769,0.5203604436229206,0.5187892791127542,0.0,0.0005360443622920518
1,RL,ELU1,t2,6000,2,P,60195,60195,0.5563308687615527,1.0,0.0005805337291831413,-0.33237476619812206,-0.27691050097745723,0.04134590470944476,0.06195454537735044,0.0979521202276858,4.747090985526432e-05,0.027931672232339586,-0.02788420132248432,1.6362115342465722,0.4484425616745577,0.4585264556856882,0.03643159730874657,0.5515574383254424,0.5406429105407425,0.0,0.0008306337735692333
1,RL,ELU1,t2,6000,2,B,20780,20780,0.19205175600739371,1.0,0.0006916004617648606,-0.22362436998470803,-0.15012218417328288,0.06325870610833637,0.060809516592542946,0.009970516795288733,-2.2122320472192328e-05,-0.009557440940556031,0.009535318620083843,-0.47435356418614216,0.4277189605389798,0.4272858517805582,0.03277189605389798,0.5722810394610202,0.5720404234841193,0.0,0.0006737247353224255
1,RL,ELU1,t2,6000,2,V,27225,27225,0.2516173752310536,1.0,0.000502863992103345,-0.16750401154953806,-0.08074115434124743,0.07475720255746433,0.06909913355180736,0.13946741428446977,-2.6438149500795942e-06,-0.002257963735973742,0.0022553199210236627,-2.3009468951649197,0.44712580348943987,0.4509458218549128,0.03044995408631772,0.5528741965105601,0.5479889807162535,0.0,0.0010651974288337924
1,RL,ELU1,t2,6000,2,ALL,108200,108200,1.0,1.0,0.0005823212348305597,-0.2983792619144009,-0.22960814348129271,0.04943084215464904,0.06205490474283877,0.09997420211882711,2.27047744329924e-05,0.016116267555809815,-0.016093562781376816,0.2402163310473145,0.4441312384473198,0.4506192236598891,0.03422365988909427,0.5558687615526802,0.5485212569316081,0.0,0.0008595194085027726
1,RL,R,t2,6000,1,P,5398,5398,0.04988909426987061,1.0,0.008286676511366827,-0.5408207389178424,-0.2222761554070358,0.013407288245662397,0.05537924498687905,0.06814362025248909,-4.102019090785603e-05,0.041519864147859915,-0.04156088433876778,1.1142339804398873,0.4260837347165617,0.4457206372730641,0.02482400889218229,0.5739162652834383,0.5483512412004447,0.0,0.005928121526491293
1,RL,R,t2,6000,1,B,30528,0,0.2821441774491682,0.0,0.017986708493025274,nan,nan,nan,nan,nan,0.0,0.0,0.0,-0.5900239393453159,nan,nan,nan,nan,nan,nan,nan
1,RL,R,t2,6000,1,V,72274,0,0.6679667282809612,0.0,0.023642081700406714,nan,nan,nan,nan,nan,0.0,0.0,0.0,-3.8214978352155264,nan,nan,nan,nan,nan,nan,nan
1,RL,R,t2,6000,1,ALL,108200,5398,1.0,0.04988909426987061,0.02128038382161394,-0.5408207389178424,-0.2222761554070358,0.013407288245662397,0.05537924498687905,0.06814362025248909,-4.102019090785603e-05,0.041519864147859915,-0.04156088433876778,-2.6635171010747345,0.4260837347165617,0.4457206372730641,0.02482400889218229,0.5739162652834383,0.5483512412004447,0.0,0.005928121526491293
1,RL,R,t2,6000,2,P,70213,70213,0.6489186691312384,1.0,0.02100026779893089,-0.38974148328073477,-0.07633963939223702,0.12167589890199194,0.16988774593415043,0.04474131940965338,0.0005028856850661802,0.05245713226442449,-0.051954246579358314,0.8078511503951238,0.45329212538988506,0.4574793841596286,0.05120134448036688,0.5467078746101149,0.5385469927221455,0.0,0.00397362311822597
1,RL,R,t2,6000,2,B,31614,0,0.292181146025878,0.0,0.0251900670371584,nan,nan,nan,nan,nan,0.0,0.0,0.0,-0.35700709295103217,nan,nan,nan,nan,nan,nan,nan
1,RL,R,t2,6000,2,V,6373,0,0.05890018484288355,0.0,0.004972061387034014,nan,nan,nan,nan,nan,0.0,0.0,0.0,-1.522580570386601,nan,nan,nan,nan,nan,nan,nan
1,RL,R,t2,6000,2,ALL,108200,70213,1.0,0.6489186691312384,0.021280383821613937,-0.38974148328073477,-0.07633963939223702,0.12167589890199194,0.16988774593415043,0.04474131940965338,0.0005028856850661802,0.05245713226442449,-0.051954246579358314,0.3302386747787901,0.45329212538988506,0.4574793841596286,0.05120134448036688,0.5467078746101149,0.5385469927221455,0.0,0.00397362311822597
1,RL,GELU,t2,6000,1,P,8926,8926,0.08249537892791127,1.0,0.00016687286303044253,-0.4122644075559764,-0.22660624803932464,0.02365972001774665,0.04657607905219371,0.17487669370864234,1.9385985599215873e-05,0.0438819111022609,-0.04386252511666168,1.2422291938674228,0.45070580327134213,0.44656060945552317,0.028008066323101054,0.5492941967286579,0.5528792292180148,0.0,0.000560161326462021
1,RL,GELU,t2,6000,1,B,10138,10138,0.09369685767097967,1.0,0.00018666714010502107,-0.4743129816408513,-0.6512365387770797,0.02013943408745949,0.029011275865034103,-0.21225468273566053,-2.4976224090780938e-05,-0.035375988355647356,0.03535101213155658,-0.4251325273998064,0.337936476622608,0.3523377391990531,0.01874136910633261,0.6620635233773919,0.6468731505227856,0.0,0.000789110278161373
1,RL,GELU,t2,6000,1,V,89136,86626,0.8238077634011091,0.9718407826243044,0.0002732962368320397,-0.16024956575701385,-0.34225464957737434,0.04499937371943441,0.07132707445490857,-0.032686294216221046,5.662129538174564e-06,0.004173935766178456,-0.0041682736366402805,-3.2338386867245,0.515284094844504,0.5135640569805832,0.04780319996305959,0.48471590515549606,0.48607808279269504,0.0,0.00035786022672176944
1,RL,GELU,t2,6000,1,ALL,108200,105690,1.0,0.9768022181146025,0.0002563999261372932,-0.33606271298149515,-0.35930151866730226,0.03325511871885581,0.054605990558260716,0.058403740937372765,7.189104660950136e-08,0.012679858512792,-0.012679786621745385,-2.6014168295581666,0.49281862049389724,0.4924401551707825,0.04334374112971899,0.5071813795061028,0.5071435329737912,0.0,0.0004163118554262466
1,RL,GELU,t2,6000,2,P,99525,99525,0.9198243992606284,1.0,0.00026968548880103933,-0.2476412695928201,-0.12397773457316615,0.08050950563788761,0.10466943945394942,0.04377524974244442,1.3365930813855274e-05,0.029734841651798277,-0.029721475720984422,1.340076855377523,0.4864004019090681,0.48751569957297164,0.049294147199196184,0.5135995980909319,0.5116704345641798,0.0,0.0008138658628485306
1,RL,GELU,t2,6000,2,B,6109,6109,0.05646025878003697,1.0,0.00011690745044638311,-0.46280773344865395,-0.2202046503465192,0.00725236910347993,0.009752939246591999,0.19286399124814985,-9.378856040913947e-07,-0.0034623039406718454,0.0034613660550677555,-0.3007027946985801,0.34179080045834015,0.40170240628580783,0.003110165329841218,0.6582091995416598,0.5969880504174169,0.0,0.0013095432967752496
1,RL,GELU,t2,6000,2,V,2566,2566,0.023715341959334564,1.0,7.320191751938337e-05,-0.44567149931410505,-0.1158329068047382,0.0066575683558889875,0.006547205025088408,0.2490996177888992,2.2152765295755276e-08,0.0004197824851121077,-0.0004197603323468119,-1.3836373949640997,0.3417770849571317,0.41660171473109897,0.002338269680436477,0.6582229150428682,0.5798908807482464,0.0,0.0035074045206547155
1,RL,GELU,t2,6000,2,ALL,108200,108200,1.0,1.0,0.0002563999261372933,-0.2491450693185247,-0.12407512055781472,0.0804095570765465,0.1042735581567725,0.044968120029071634,1.2450197975059636e-05,0.026692320196238538,-0.026679869998263477,1.1828441968868435,0.4748059149722736,0.4809889094269871,0.04557301293900185,0.5251940850277265,0.5181053604436229,0.0,0.0009057301293900184
1,RL,SILU,t2,6000,1,P,13207,13207,0.12206099815157116,1.0,0.00019197999201806386,-0.3396417303433263,-0.2980849771649511,0.04134228996787251,0.06497221144217259,0.08282352093990715,2.9590000380612005e-05,0.043058581236510476,-0.04302899123612987,1.0915047326379297,0.4641478004088741,0.4586204285606118,0.03672294995078368,0.535852199591126,0.534565003407284,0.0,0.006814568032104187
1,RL,SILU,t2,6000,1,B,17719,17719,0.1637615526802218,1.0,0.00020154076035419792,-0.3369146077048236,-0.2639485358305504,0.043677875728063524,0.04674444657469595,-0.1135451575368562,-1.7652959322971467e-05,-0.03218972366778469,0.03217207070846173,-0.7012138881865781,0.38636491901348835,0.4033523336531407,0.024549918166939442,0.6136350809865116,0.5917941193069586,0.0,0.004853547039900672
1,RL,SILU,t2,6000,1,V,77274,77274,0.714177449168207,1.0,0.0001720808367978199,-0.0770211656574573,-0.04442902650839199,0.07760944934532062,0.08828185780464062,0.057714111410676526,-2.0761714624969476e-06,0.0020379223209772823,-0.00203999849243978,-3.796819828163342,0.4978906229779745,0.4993788337603851,0.04553924994176566,0.5021093770220255,0.49632476641561196,0.0,0.004296399824002899
1,RL,SILU,t2,6000,1,ALL,108200,108200,1.0,1.0,0.00017933415036980904,-0.23636168797191204,-0.17390292536346744,0.0586205929866772,0.06685652356855978,0.04321509264867153,9.86086959514359e-06,0.012906779889703067,-0.012896919020107917,-2.693204817766386,0.4755083179297597,0.47867837338262476,0.04102587800369686,0.5244916820702403,0.5166266173752311,0.0,0.004695009242144177
1,RL,SILU,t2,6000,2,P,91954,91954,0.8498521256931608,1.0,0.0001898813857944408,-0.3314969412716655,-0.21729902296857134,0.05313536433366817,0.0837553657802662,0.06411821417119784,2.131169148592254e-05,0.04816019061572628,-0.048138878924240396,1.2924195278399442,0.4718881179720295,0.4805554951388738,0.04448963612240903,0.5281118820279705,0.5147682536920635,0.0,0.004676251169062793
1,RL,SILU,t2,6000,2,B,14026,14026,0.12963031423290203,1.0,0.00012614362913367533,-0.45358401903641843,-0.2949798083053741,0.009994936524064362,0.010824640410160803,0.17350602285984987,-2.8709431665697508e-06,-0.007631634273271895,0.007628763330105327,-0.4469514641055415,0.3509197205190361,0.3919150149721945,0.004634250677313561,0.6490802794809639,0.5991729644945102,0.0,0.008912020533295309
1,RL,SILU,t2,6000,2,V,2220,2220,0.020517560073937152,1.0,7.851872902810715e-05,-0.4317123054224311,-0.09652571194479442,0.0027400142261184706,0.00539939237149106,0.2733522135610887,7.365439081536201e-09,0.00023663500199671252,-0.00023662763655763082,-1.9058021777496141,0.35135135135135137,0.4009009009009009,0.0018018018018018018,0.6486486486486487,0.5743243243243243,0.0,0.024774774774774775
1,RL,SILU,t2,6000,2,ALL,108200,108200,1.0,1.0,0.00017933415036980904,-0.33440846494543836,-0.2179464105328473,0.0526070516788514,0.08170968276516771,0.06739430141347609,1.8448113758434327e-05,0.0407651913444511,-0.0407467432306927,1.001324613612253,0.4537338262476895,0.46743068391866915,0.03844731977818854,0.5462661737523106,0.5269316081330869,0.0,0.0056377079482439925
2,RL,LR,t2,6000,1,P,15152,15152,0.14042632066728453,1.0,0.000626369653505286,-0.31435432887490605,-0.30520917638098793,0.034269256506670516,0.07224530527127007,0.07354019919423976,1.6824259988684495e-05,0.014601039024623667,-0.014584214764634982,1.0406056157701904,0.4866684266103485,0.4872624076029567,0.03953273495248152,0.5133315733896515,0.5124076029567054,0.0,0.0003299894403379092
2,RL,LR,t2,6000,1,B,17833,17833,0.16527340129749768,1.0,0.000992954156400256,-0.029695975694022193,0.055825389075551096,0.1074148455985578,0.09570618076538427,-0.021325090636391566,-4.565126739680962e-06,-0.00428564670238425,0.004281081575644569,-0.5173104217169245,0.46077496775640664,0.4697470980765996,0.047552290697022374,0.5392250322435933,0.5300846744798968,0.0,0.0001682274435036169
2,RL,LR,t2,6000,1,V,74915,74915,0.6943002780352178,1.0,0.000611247122238845,-0.03067419849765803,-0.02312330611624557,0.09221351701566811,0.09400844254594586,0.021873046603087656,-1.188539738563401e-06,0.0004123258149105448,-0.00041351435464910893,-3.169890945513279,0.49828472268571045,0.49871187345658413,0.052059000200226926,0.5017152773142896,0.5010478542347995,0.0,0.00024027230861643195
2,RL,LR,t2,6000,1,ALL,107900,107900,1.0,1.0,0.0006764567434988038,-0.14270878373712567,-0.11682703953194734,0.0729222805542457,0.08171744668087155,0.041471847177273514,1.1070593510440133e-05,0.010727718137149962,-0.01071664754363952,-2.140225399846666,0.4904541241890639,0.49231696014828547,0.049555143651529195,0.509545875810936,0.5074420759962929,0.0,0.00024096385542168674
2,RL,LR,t2,6000,2,P,70627,70627,0.6545597775718258,1.0,0.0006775631911308236,-0.33467484507634127,-0.26691226853323624,0.0564089828476146,0.10971438906424648,0.09042804043436006,2.7123986923407396e-05,0.03711165728665171,-0.03708453329972831,1.1320783721765826,0.46269840146119756,0.453919888994294,0.045577470372520426,0.5373015985388024,0.5455420731448313,0.0,0.0005380378608747363
2,RL,LR,t2,6000,2,B,25835,25835,0.23943466172381836,1.0,0.0008090601694625412,-0.1750854177583034,-0.011063588213686443,0.07734012454402654,0.07220160169329475,0.10613270291935711,-3.004478782455843e-06,-0.0023789300437824824,0.0023759255650000273,-0.4264570556039856,0.4372750145151926,0.45991871492161795,0.02779175537062125,0.5627249854848074,0.5397716276369267,0.0,0.00030965744145538995
2,RL,LR,t2,6000,2,V,11438,11438,0.10600556070435589,1.0,0.0003701134503811424,-0.25737651742227247,-0.09252436860125693,0.05041332900137991,0.052130208296166,0.21375997416993414,-5.997527535414022e-07,-0.0012523186963907787,0.0012517189436372375,-1.6801014070943538,0.41746808882671793,0.4409861863962231,0.01835985312117503,0.5825319111732821,0.5577898233956986,0.0,0.0012239902080783353
2,RL,LR,t2,6000,2,ALL,107900,107900,1.0,1.0,0.0006764567434988038,-0.330731108807128,-0.25867055842645137,0.05675266249794809,0.10751010219262573,0.09333746609429787,2.3519755387410154e-05,0.03348040854647845,-0.03345688879109104,0.4608042749382884,0.4518164967562558,0.45398517145505096,0.03843373493975904,0.5481835032437442,0.5454587581093605,0.0,0.0005560704355885078
2,RL,ELU1,t2,6000,1,P,22401,22401,0.20760889712696942,1.0,0.014073515971374302,-0.2960525255977587,0.018980836940699974,0.10211562241494161,0.09727607015060262,0.0472333585088244,0.00045855606794733384,0.04737661040310353,-0.046918054335156174,1.2153436506449544,0.42703450738806303,0.44672112852104817,0.033971697692067315,0.572965492611937,0.5518950046872907,0.0,0.0013838667916610866
2,RL,ELU1,t2,6000,1,B,16967,16967,0.15724745134383689,1.0,0.01571143022943849,-0.13443778475240648,-0.07110323417174048,0.11103620147639522,0.11386042316775412,-0.06704382463522492,-0.0006403226311908011,-0.011678768600624802,0.011038445969434006,-0.517113821000482,0.4578299051099193,0.4761006659987034,0.04443920551659103,0.5421700948900807,0.5226616372959274,0.0,0.0012376967053692462
2,RL,ELU1,t2,6000,1,V,68532,68532,0.6351436515291937,1.0,0.014920723416794965,0.004212354397794698,-0.0024648089563527376,0.13794574868020407,0.11335885226804397,0.013490199897157853,-0.0004102932911904223,-0.006216886011775309,0.005806592720584889,-3.194385775711099,0.4982052180003502,0.4978550166345649,0.05372672620089885,0.5017947819996498,0.5010068289266328,0.0,0.0011381544388023113
2,RL,ELU1,t2,6000,1,ALL,107900,107900,1.0,1.0,0.01486917224446183,-0.09257377006661248,-0.0018318786258172373,0.12639496605760306,0.10451034995067232,0.017424442608477583,-0.0005920598544338896,0.02948095579070342,-0.030073015645137282,-1.8578925214443986,0.47708063021316033,0.4838183503243744,0.04816496756255793,0.5229193697868396,0.5149768303985172,0.0,0.0012048192771084338
2,RL,ELU1,t2,6000,2,P,40521,40521,0.3755421686746988,1.0,0.014400968427197342,-0.45711601858704437,0.020025733110758746,0.09622158634072528,0.1275272754588416,0.09003219444033857,-0.0003678098240058523,0.034038552705341917,-0.03440636252934776,1.3676151508687402,0.40662866168159717,0.41911601391870884,0.030231238123442167,0.5933713383184028,0.5786382369635498,0.0,0.002245749117741418
2,RL,ELU1,t2,6000,2,B,23375,23375,0.21663577386468952,1.0,0.01595877452393264,-0.168020086257392,-0.06610506228061297,0.10950970551258529,0.11327917285649984,-0.036985617295051114,-0.0002715962421265215,-0.005585787581177103,0.005314191339050583,-0.5005995674447821,0.4529625668449198,0.47914438502673795,0.046331550802139035,0.5470374331550802,0.5197433155080214,0.0,0.0011122994652406418
2,RL,ELU1,t2,6000,2,V,44004,44004,0.4078220574606117,1.0,0.014721518249296479,-0.2004484999493065,-0.04463133126778429,0.09516700675864215,0.09151290553395632,0.0868951517284466,-8.81218146806141e-05,-0.003834221974313532,0.0037461001596329167,-2.382310035784822,0.4353922370693573,0.4479820016362149,0.03406508499227343,0.5646077629306426,0.5501318061994365,0.0,0.0018861921643486955
2,RL,ELU1,t2,6000,2,ALL,107900,107900,1.0,1.0,0.01486917224446183,-0.34189214636713,-0.014745492408704501,0.09722257873380043,0.12002217929031439,0.07824332018252413,-0.0007275278808129879,0.024618543149851284,-0.02534607103066426,-0.5664091953229367,0.4283966635773865,0.44389249304911954,0.035282669138090826,0.5716033364226135,0.554253938832252,0.0,0.0018535681186283596
2,RL,R,t2,6000,1,P,6741,6741,0.06247451343836886,1.0,0.005199447251105993,-0.4874633623150592,-0.2322219326516889,0.029338936490689957,0.09578176283968243,0.10536383153945358,-0.0001987324200940242,0.03917410840814903,-0.03937284082824305,1.103378510587783,0.4402907580477674,0.44385106067349056,0.0258121940364931,0.5597092419522326,0.5521435988725708,0.0,0.004005340453938585
2,RL,R,t2,6000,1,B,34022,0,0.3153104726598703,0.0,0.010958923142372378,nan,nan,nan,nan,nan,0.0,0.0,0.0,-0.5753776925529998,nan,nan,nan,nan,nan,nan,nan
2,RL,R,t2,6000,1,V,67137,0,0.6222150139017609,0.0,0.013093992666383418,nan,nan,nan,nan,nan,0.0,0.0,0.0,-3.6667021871260146,nan,nan,nan,nan,nan,nan,nan
2,RL,R,t2,6000,1,ALL,107900,6741,1.0,0.06247451343836886,0.01192757500196925,-0.4874633623150592,-0.2322219326516889,0.029338936490689957,0.09578176283968243,0.10536383153945358,-0.0001987324200940242,0.03917410840814903,-0.03937284082824305,-2.3939667289457383,0.4402907580477674,0.44385106067349056,0.0258121940364931,0.5597092419522326,0.5521435988725708,0.0,0.004005340453938585
2,RL,R,t2,6000,2,P,71861,71861,0.6659962928637627,1.0,0.01211618048826059,-0.3665954117886878,-0.09077768109628434,0.10288181060919423,0.15665594214317355,0.07427355534019427,0.00038138202896588746,0.048500071272827544,-0.04811868924386166,0.9474848181527903,0.4583988533418683,0.4543215374125047,0.04741097396362422,0.5416011466581316,0.5426448282100166,0.0,0.0030336343774787435
2,RL,R,t2,6000,2,B,29442,0,0.27286376274328084,0.0,0.013576962326409562,nan,nan,nan,nan,nan,0.0,0.0,0.0,-0.3833400031100105,nan,nan,nan,nan,nan,nan,nan
2,RL,R,t2,6000,2,V,6597,0,0.06113994439295644,0.0,0.0025119860287156045,nan,nan,nan,nan,nan,0.0,0.0,0.0,-1.587836453186527,nan,nan,nan,nan,nan,nan,nan
2,RL,R,t2,6000,2,ALL,107900,71861,1.0,0.6659962928637627,0.011927575001969245,-0.3665954117886878,-0.09077768109628434,0.10288181060919423,0.15665594214317355,0.07427355534019427,0.00038138202896588746,0.048500071272827544,-0.04811868924386166,0.4293415483229028,0.4583988533418683,0.4543215374125047,0.04741097396362422,0.5416011466581316,0.5426448282100166,0.0,0.0030336343774787435
2,RL,GELU,t2,6000,1,P,7473,7473,0.06925857275254865,1.0,0.00019252287780261714,-0.41975968722161594,-0.3774451045282551,0.019316887109513483,0.03753563139323498,0.14745793523204298,2.4028248225692687e-05,0.032535715450971225,-0.03251168720274554,0.8833139509620402,0.46875418172086175,0.45510504482804764,0.029974575137160443,0.5312458182791382,0.5404790579419243,0.0,0.004415897230028101
2,RL,GELU,t2,6000,1,B,10143,10143,0.09400370713623726,1.0,0.00025019320053811883,-0.5005640880539698,-0.6415189749295459,0.020115782276828316,0.02838332621443561,-0.19968125092858363,-2.859064980821164e-05,-0.03509536287141117,0.035066772221602954,-0.427079746344667,0.3372769397614118,0.336783988957902,0.019619441979690427,0.6627230602385882,0.6598639455782312,0.0,0.003352065463866706
2,RL,GELU,t2,6000,1,V,90284,87407,0.8367377201112141,0.9681338886181383,0.0003170587422384559,-0.2178222530245054,-0.2625126422006428,0.059312087309593954,0.08234255920661161,-0.033013220294061105,2.2546176596364726e-06,0.011945794359030227,-0.011943539741370593,-3.2342086906309997,0.4978548628828355,0.5010125047193017,0.046323520999462284,0.5021451371171646,0.49612731245781233,0.0,0.002860182822886039
2,RL,GELU,t2,6000,1,ALL,107900,105023,1.0,0.973336422613531,0.00030214795721162047,-0.3619830844614727,-0.37804374582953076,0.03826611519616301,0.05409076688571953,0.041259193258943276,-2.3077839228824792e-06,0.009386146938590283,-0.009388454722513179,-2.6851544220256143,0.48027574912162097,0.48188492044599757,0.04258114889119526,0.519724250878379,0.5150966931053198,0.0,0.0030183864486826696
2,RL,GELU,t2,6000,2,P,87061,87061,0.8068674698795181,1.0,0.00032343265544315224,-0.39798729907140723,-0.2907868617433888,0.04640310295864754,0.08665756504300047,0.05135678617412325,6.687561303536352e-05,0.07101438731334174,-0.07094751170030636,0.9104982827716792,0.4623080368936722,0.46662684784231745,0.043498236868402616,0.5376919631063277,0.5303293093348342,0.0,0.0030438428228483478
2,RL,GELU,t2,6000,2,B,14613,14613,0.1354309545875811,1.0,0.00024862879600836543,-0.4741719232374868,-0.3649377561074542,0.010181313425901362,0.009680227561964938,0.07914080187205746,-9.614075322088318e-06,-0.00994643238351389,0.009936818308191799,-0.2978507645324225,0.33408608773010334,0.3743926640662424,0.005679874084719086,0.6659139122698967,0.621638267296243,0.0,0.003969068637514542
2,RL,GELU,t2,6000,2,V,6226,6224,0.05770157553290083,0.9996787664632187,0.0001301287458283579,-0.4074179924002202,-0.06232611779557697,0.010425147283604174,0.009621683964715421,0.16315816503152517,5.172807806163858e-08,0.000916330551312746,-0.0009162788232346842,-1.4620323303437683,0.3648778920308483,0.4315552699228792,0.0036953727506426736,0.6351221079691517,0.5552699228791774,0.0,0.013174807197943445
2,RL,GELU,t2,6000,2,ALL,107900,107898,1.0,0.9999814643188137,0.00030214795721162074,-0.399638357163795,-0.29092146181779616,0.04561986782122147,0.08377761654051771,0.05302351745119658,5.731326579133685e-05,0.06198428548114059,-0.061926972215349256,0.60995166344349,0.4393223229346234,0.45211218002187253,0.036080372203377266,0.5606776770653765,0.5441342749633914,0.0,0.00375354501473614
2,RL,SILU,t2,6000,1,P,10969,10969,0.10165894346617238,1.0,0.0003583784483974422,-0.4101747677815012,-0.2878457694988517,0.02314248028421296,0.043882063969653516,0.12679363382558417,3.490502305166843e-05,0.04534357021724356,-0.04530866519419189,1.1368332472907883,0.44890144953961164,0.44963077764609355,0.027167471966450907,0.5510985504603884,0.5459020877017048,0.0,0.004467134652201659
2,RL,SILU,t2,6000,1,B,15838,15838,0.1467840593141798,1.0,0.00042302463959271574,-0.3460780428277388,-0.26943906389899025,0.05201159304928192,0.05706880208023821,-0.11445790008510108,-2.839753421803654e-05,-0.027581352539302807,0.02755295500508475,-0.7098741099415689,0.3872963758050259,0.4112261649198131,0.028728374794797323,0.6127036241949742,0.5849854779643895,0.0,0.0037883571157974493
2,RL,SILU,t2,6000,1,V,81093,81093,0.7515569972196479,1.0,0.0003208918044753254,-0.10857347662601681,-0.06732181170654951,0.08704624435125545,0.0989199352849278,0.023933030914962714,-1.6944763968841415e-07,0.004069143566832928,-0.004069313014472615,-3.9407327702305968,0.4959860900447634,0.494555633655186,0.048820490054628636,0.5040139099552365,0.501646258000074,0.0,0.0037981083447399897
2,RL,SILU,t2,6000,1,ALL,107900,107900,1.0,1.0,0.00033969412921833675,-0.264073753865281,-0.16919771634929973,0.06234407291090715,0.06396587521946447,0.043770724953817786,6.338041193943476e-06,0.02183136124477368,-0.02182502320357975,-2.950314224282036,0.47524559777571823,0.47775718257645966,0.04367006487488415,0.5247544022242817,0.5183781278962002,0.0,0.0038646895273401296
2,RL,SILU,t2,6000,2,P,93456,93456,0.8661353104726599,1.0,0.0003566069703383857,-0.32147887323511914,-0.19010707302485652,0.06193663109548844,0.08869415097951461,0.05499816643879156,3.2428764637088715e-05,0.04553782962231754,-0.045505400857680435,1.3018170305616097,0.4750470809792844,0.4728321349084061,0.04564714946070878,0.5249529190207156,0.5229947782913884,0.0,0.004173086800205444
2,RL,SILU,t2,6000,2,B,12418,12418,0.11508804448563485,1.0,0.00024232236798351362,-0.49194837216824705,-0.283171800393928,0.019390810254525652,0.01755837812712105,0.12649945676716803,-4.312102239553324e-06,-0.0069948856696494185,0.006990573567409863,-0.4449299750360067,0.3373329038492511,0.3810597519729425,0.005717506844902561,0.6626670961507489,0.609276856176518,0.0,0.00966339185053954
2,RL,SILU,t2,6000,2,V,2026,2026,0.018776645041705283,1.0,0.00015635555631544012,-0.4576662701660012,-0.12113825962719574,0.01840924163294055,0.010348766406421224,0.2422593058857375,2.6117813415079628e-08,0.00021201317435941644,-0.00021198705654600135,-1.899994851316477,0.34698914116485685,0.3889437314906219,0.005429417571569595,0.6530108588351431,0.5873642645607108,0.0,0.023692003948667325
2,RL,SILU,t2,6000,2,ALL,107900,107900,1.0,1.0,0.0003396941292183367,-0.32516350057849047,-0.1909124310770225,0.06145637186920798,0.08691753155138747,0.05710739260338279,2.814278021095047e-05,0.038754957127027534,-0.038726814346816574,1.0406680482799027,0.45679332715477294,0.4606950880444856,0.04029657089898054,0.5432066728452271,0.5341334569045413,0.0,0.0051714550509731234
0,RL,LR,t2-10,0,1,P,98250,98250,0.10145600991325898,1.0,0.9723243468510043,0.562631169386508,0.5623384630098119,0.7750948521480632,0.632131413158014,0.6886059792244954,-0.05066860310129787,-0.050689881760793976,2.1278659496132464e-05,1.079165301041487,0.5819541984732824,0.5821679389312977,0.5654045801526718,0.41804580152671755,0.4178320610687023,0.0,0.0
0,RL,LR,t2-10,0,1,B,94377,94377,0.09745662949194547,1.0,0.949739898001893,-0.0028422435404432986,-0.003975119418231765,0.48955672367821346,0.5147322139936056,-0.007916757067731834,0.0007893795721069054,0.0008598384683776556,-7.045889627075056e-05,-0.5098684318868565,0.516926793604374,0.5148288248196065,0.48972737001599964,0.48307320639562606,0.48517117518039354,0.0,0.0
0,RL,LR,t2-10,0,1,V,775773,775773,0.8010873605947956,1.0,0.8658559094562014,0.0020309487563084216,0.0012517129164702065,0.4745300595920475,0.4629764602829068,0.00297844090703048,-0.004395629656914707,-0.0045146721038353006,0.00011904244692059136,-5.12157472485719,0.4930334002343469,0.49235665587742805,0.4220036015690157,0.5069665997656531,0.507643344122572,0.0,0.0
0,RL,LR,t2-10,0,1,ALL,968400,968400,1.0,1.0,0.8848328230879817,0.1397193748211328,0.14274494170351204,0.5505031438887688,0.5569878772329172,0.17879695411200255,-0.05427485318610567,-0.054344715396251624,6.986221014597326e-05,-4.043031031800389,0.5043835192069392,0.5036586121437423,0.44315262288310614,0.4956164807930607,0.49634138785625775,0.0,0.0
0,RL,LR,t2-10,0,2,P,291923,291923,0.3014487814952499,1.0,0.9684160737803142,0.5152339150081633,0.5169141382538336,0.7512425495848585,0.6276747615613428,0.6474147531084664,-0.04629519086037867,-0.04645020435934302,0.00015501349896434327,1.2207147833835432,0.5836230786885583,0.5832257136299641,0.5652586469719755,0.4163769213114417,0.41677428637003594,0.0,0.0
0,RL,LR,t2-10,0,2,B,151097,151097,0.15602746798843453,1.0,0.9221947101709792,0.03279935273543909,0.03905996764024934,0.49747183391129196,0.5114609242462234,0.044365372115913425,0.0006315867885939208,0.0006220142309327974,9.57255766112355e-06,-0.4812912707992643,0.5341998848421875,0.5353051351118818,0.49533081398042317,0.46580011515781256,0.46469486488811823,0.0,0.0
0,RL,LR,t2-10,0,2,V,525380,525380,0.5425237505163155,1.0,0.8276453733479127,0.1523349040541515,0.16083657280715302,0.5320450084138305,0.5116507279001092,0.1963868210865817,0.004045328158302482,0.004081219815127217,-3.589165682473391e-05,-3.652845553831708,0.5368019338383646,0.5364992957478396,0.4460771251284784,0.4631980661616354,0.46350070425216033,0.0,0.0
0,RL,LR,t2-10,0,2,ALL,968400,968400,1.0,1.0,0.8848328230879816,0.3608572694190953,0.3716003335115276,0.6623451654085647,0.6023169839996482,0.4601700351665501,-0.04161827591348227,-0.04174697031328301,0.0001286943998007329,-1.6888671442651642,0.5505101197852127,0.550398595621644,0.48968917802560924,0.44948988021478725,0.44960140437835605,0.0,0.0
0,RL,ELU1,t2-10,0,1,P,267847,267847,0.2765871540685667,1.0,0.848864372509459,0.25532545846559856,0.25587467804787195,0.6141861179017697,0.5920040147618685,0.3284709491206507,-0.04166487897857346,-0.04180242625335551,0.00013754727478203351,3.373551513978162,0.5506389841962016,0.5515163507524818,0.47859412276411534,0.4490287365548242,0.44813643609971365,0.00033227924897422784,0.0003472131478045302
0,RL,ELU1,t2-10,0,1,B,118068,118068,0.12192069392812888,1.0,0.938944581706039,0.15599389533619065,0.1551977921203766,0.575571596525327,0.5672373090486602,0.21016596934149737,0.01052570101975696,0.010634737026158716,-0.00010903600640174891,-0.504268060196313,0.5466172036453569,0.5455584917166378,0.5162194667479757,0.45333197818206455,0.4543737507199241,5.0818172578514075e-05,6.775756343801877e-05
0,RL,ELU1,t2-10,0,1,V,582485,582485,0.6014921520033044,1.0,0.8560405087718816,-0.013286479184714378,-0.013325855399796648,0.48860365347007034,0.5418484786623821,-0.018699304888606622,0.0033230616269653104,0.0033392089625353004,-1.6147335569991417e-05,-5.202862681928352,0.4956762835094466,0.4948230426534589,0.4280882769513378,0.5039099719306076,0.5047426113977184,0.00041374455994574967,0.00043434594882271646
0,RL,ELU1,t2-10,0,1,ALL,968400,968400,1.0,1.0,0.8641634037674506,0.12626962869836753,0.12630176470639493,0.5541397280843094,0.5804277463567366,0.16505170658675095,-0.027816116331851184,-0.02782848026466149,1.23639328102932e-05,-2.2578807706007695,0.5170890128046262,0.5166893845518381,0.4528025609252375,0.4825640231309376,0.4829450640231309,0.0003469640644361834,0.00036555142503097893
0,RL,ELU1,t2-10,0,2,P,245136,245136,0.2531350681536555,1.0,0.991948218290287,0.5271055048141381,0.5264135031388718,0.7604807959439501,0.645437417474691,0.6623273642861104,-0.02644403828314465,-0.026522870107971386,7.883182482672781e-05,2.084703665563618,0.6010541087396384,0.600862378434828,0.5963098035376281,0.3989458912603616,0.39913762156517196,0.0,0.0
0,RL,ELU1,t2-10,0,2,B,94519,94519,0.09760326311441553,1.0,0.9913681196327717,0.2774091323711489,0.27682023113298143,0.6369982459109407,0.6241459187970186,0.3601416704475127,0.005263886202667448,0.005297235871741535,-3.334966907408955e-05,-0.48540476315254966,0.5872046890043272,0.5868238132015785,0.5822004041515463,0.41279531099567285,0.4131761867984215,0.0,0.0
0,RL,ELU1,t2-10,0,2,V,628745,628745,0.6492616687319289,1.0,0.7952198402691423,0.06083295410329916,0.06632209604799832,0.46890977963736574,0.6192210901173432,0.0806110996325161,0.0019986640161917106,0.002030590443545236,-3.1926427353526175e-05,-15.634671824404295,0.5257584553356289,0.5225250300201194,0.42812746025813325,0.4742415446643711,0.47747496997988054,0.0,0.0
0,RL,ELU1,t2-10,0,2,ALL,968400,968400,1.0,1.0,0.864163403767451,0.2724192504477856,0.2843601461063377,0.6079770353096434,0.6398744226227453,0.35050520501931487,-0.019181488064285494,-0.01919504379268461,1.3555728399112082e-05,-9.670658603141153,0.5508157786038826,0.5486307311028501,0.48573833126807103,0.4491842213961173,0.45136926889714996,0.0,0.0
0,RL,R,t2-10,0,1,P,46303,46303,0.04781391986782321,1.0,0.9889182721839024,0.3960721548401175,0.3958508594356579,0.6939566854005617,0.586486572955542,0.5013704923000241,-0.01614452208401348,-0.016147218929704863,2.6968456913875684e-06,1.1068611332868286,0.5456449906053603,0.5455801999870419,0.5386907975725115,0.45435500939463963,0.4544198000129581,0.0,0.0
0,RL,R,t2-10,0,1,B,223249,0,0.2305338703015283,0.0,0.3999782034670874,nan,nan,nan,nan,nan,0.0,0.0,0.0,-0.5854385707950622,nan,nan,nan,nan,nan,nan,nan
0,RL,R,t2-10,0,1,V,698848,0,0.7216522098306485,0.0,0.24285702725430036,nan,nan,nan,nan,nan,0.0,0.0,0.0,-6.448065344445164,nan,nan,nan,nan,nan,nan,nan
0,RL,R,t2-10,0,1,ALL,968400,46303,1.0,0.04781391986782321,0.314750892694515,0.3960721548401175,0.3958508594356579,0.6939566854005617,0.586486572955542,0.5013704923000241,-0.01614452208401348,-0.016147218929704863,2.6968456913875684e-06,-4.73530065496867,0.5456449906053603,0.5455801999870419,0.5386907975725115,0.45435500939463963,0.4544198000129581,0.0,0.0
0,RL,R,t2-10,0,2,P,578107,578107,0.5969712928541925,1.0,0.36637994729689827,0.2758823953966583,0.3082175937305047,0.5818961651681023,0.3350058497375744,0.35624971679204126,-0.012660678409092642,-0.012819567277120523,0.00015888886802787846,0.5473081326192709,0.5135519895105923,0.4631703127621703,0.22016858470836714,0.48644801048940767,0.5368296872378296,0.0,0.0
0,RL,R,t2-10,0,2,B,359022,0,0.3707372986369269,0.0,0.2137241579510741,nan,nan,nan,nan,nan,0.0,0.0,0.0,-0.5295988890784161,nan,nan,nan,nan,nan,nan,nan
0,RL,R,t2-10,0,2,V,31271,0,0.032291408508880626,0.0,0.5201713299059781,nan,nan,nan,nan,nan,0.0,0.0,0.0,-1.283713071768456,nan,nan,nan,nan,nan,nan,nan
0,RL,R,t2-10,0,2,ALL,968400,578107,1.0,0.5969712928541925,0.314750892694515,0.2758823953966583,0.3082175937305047,0.5818961651681023,0.3350058497375744,0.35624971679204126,-0.012660678409092642,-0.012819567277120523,0.00015888886802787846,0.08893227881262533,0.5135519895105923,0.4631703127621703,0.22016858470836714,0.48644801048940767,0.5368296872378296,0.0,0.0
0,RL,GELU,t2-10,0,1,P,66338,66338,0.0685026848409748,1.0,0.9972670848278922,0.4446450233365875,0.4467714614496918,0.7219453898821968,0.6374597418636974,0.5691928674951825,-0.030903474638922106,-0.030495793001713328,-0.00040768163720879036,1.0476874047198894,0.5609756097560976,0.5610660556543761,0.5596641442310591,0.43902439024390244,0.43893394434562394,0.0,0.0
0,RL,GELU,t2-10,0,1,B,36810,36810,0.03801115241635688,1.0,0.9892661193451394,0.6403702644633875,0.6366229710317646,0.8126607751732602,0.7330356477964948,0.7555221014974526,0.016048290011296772,0.016339334685252605,-0.0002910446739558305,-0.3985933243485403,0.6029068187992394,0.6027166530834013,0.5971203477315947,0.39709318120076065,0.3972833469165987,0.0,0.0
0,RL,GELU,t2-10,0,1,V,865252,489528,0.8934861627426683,0.5657635001132618,0.7492750777474798,0.42214674353647275,0.41954193235048964,0.6973764183631309,0.6107512040116693,0.5227109057296565,-0.027705949735481437,-0.02825822991754471,0.0005522801820632932,-7.307318435020542,0.5045717507476589,0.5120054419767612,0.44667312186432645,0.495428249252341,0.4879945580232387,0.0,0.0
0,RL,GELU,t2-10,0,1,ALL,968400,592676,1.0,0.6120156959933911,0.775385532112319,0.46113572508808687,0.46038798270173875,0.7234819116825094,0.6385341147887299,0.575274731773505,-0.04256113436310677,-0.04241468823400543,-0.00014644612910132764,-6.472369499951832,0.51699242081677,0.5231306818565287,0.4686641605194069,0.48300757918322995,0.47686931814347133,0.0,0.0
0,RL,GELU,t2-10,0,2,P,926003,926003,0.9562195373812474,1.0,0.7656866767749909,0.27306662524301795,0.28931714089594707,0.5973317063048239,0.4706637473066331,0.35352996008026366,-0.050981530789492746,-0.05157195204293466,0.0005904212534419408,0.7728328199616492,0.5098298817606423,0.5047283864091153,0.39577733549459343,0.49017011823935774,0.4952716135908847,0.0,0.0
0,RL,GELU,t2-10,0,2,B,28622,28622,0.029555968608013218,1.0,0.9859920054006648,0.5569070251780629,0.55842714700243,0.7742519514821881,0.7957610595562801,0.7149494770790865,0.0034221893831291126,0.003432449895357337,-1.0260512228226603e-05,-0.2873545910177444,0.7143456082733561,0.7144853609111872,0.7058905736845783,0.28565439172664386,0.2855146390888128,0.0,0.0
0,RL,GELU,t2-10,0,2,V,13775,13760,0.014224494010739363,0.9989110707803993,0.9897732388616847,0.5643419630226236,0.5676085513480817,0.7775156977092067,0.7754366264026766,0.730578590140706,-0.0004043376312107593,-0.00040292408960542104,-1.4135416053384123e-06,-1.5341083032325968,0.7088662790697674,0.709375,0.7023255813953488,0.29113372093023254,0.290625,0.0,0.0
0,RL,GELU,t2-10,0,2,ALL,968400,968385,1.0,0.9999845105328377,0.7753855321123188,0.2750650684562043,0.291339068548684,0.5986535649025413,0.47392940607345574,0.35613493029000604,-0.0479636790375744,-0.04854242623718274,0.0005787471996083758,0.7086828839341265,0.5187027886635998,0.5138359226960352,0.4092989874894799,0.4812972113364003,0.4861640773039648,0.0,0.0
0,RL,SILU,t2-10,0,1,P,235147,235147,0.24282011565468814,1.0,0.9056475765474278,0.10579313148674122,0.11011204599107767,0.545102816613324,0.5488023000655803,0.13577719236700345,-0.023285263732770522,-0.02331888168968428,3.361795691375795e-05,2.6987694132858677,0.5165534750602815,0.5162217676602295,0.4678137505475298,0.48344652493971857,0.48377823233977046,0.0,0.0
0,RL,SILU,t2-10,0,1,B,115175,115175,0.11893329202808757,1.0,0.9367308338787353,0.21276044493321114,0.2123395397465271,0.6018394163654205,0.5923037299695677,0.28265412485147434,0.006677066873930108,0.006750373934028657,-7.330706009854934e-05,-0.6512740573483322,0.557065335359236,0.5553548947254179,0.5213544606034296,0.44293466464076403,0.4446451052745822,0.0,0.0
0,RL,SILU,t2-10,0,1,V,618078,617931,0.6382465923172242,0.9997621659402212,0.8750882651658902,0.08385677905038826,0.08400909079931485,0.5371583762253419,0.5187647712443885,0.11060011483064225,-0.001593877407837685,-0.0015960747757062413,2.197367868556469e-06,-5.977302116760528,0.5026904298376356,0.5028506419001474,0.43913964504127484,0.49730957016236443,0.49714935809985256,0.0,0.0
0,RL,SILU,t2-10,0,1,ALL,968400,968253,1.0,0.9998482032218091,0.889840034315969,0.10947975238071457,0.11295366125489278,0.5476045035363667,0.5506153268129075,0.141501712796535,-0.0182020742666781,-0.01816458253136187,-3.749173531623493e-05,-3.237135373866456,0.5125251354759551,0.5123433648023812,0.4558829148993083,0.48747486452404487,0.4876566351976188,0.0,0.0
0,RL,SILU,t2-10,0,2,P,214745,214745,0.22175237505163156,1.0,0.9970366376453373,0.44654389005588485,0.4467093769984437,0.7227589852896131,0.5957908576037223,0.5689003045386958,-0.017061827960912723,-0.016996833707038937,-6.49942538737948e-05,1.7548414043715397,0.538662134159119,0.5386528207874456,0.5367901464527696,0.46133786584088105,0.4613471792125544,0.0,0.0
0,RL,SILU,t2-10,0,2,B,56688,56688,0.058537794299876086,1.0,0.9759329307997016,0.7328678371991474,0.722100505777616,0.8571684978465656,0.8095584307045623,0.838508887973563,0.008281294289078464,0.008546436745532952,-0.0002651424564544889,-0.6384475813541433,0.7122495060683037,0.7089683883714366,0.699424922382162,0.2877504939316963,0.2910316116285634,0.0,0.0
0,RL,SILU,t2-10,0,2,V,696967,695157,0.7197098306484924,0.9974030334291294,0.8498089156290941,0.3995928002172149,0.3922488503846192,0.6827225296823233,0.6129149162477971,0.4889017331383921,-0.007867525434140954,-0.00831861464993732,0.000451089215796365,-8.437524317383236,0.49383664409622574,0.5095280634446607,0.4134087695297609,0.5061633559037743,0.49047193655533927,0.0,0.0
0,RL,SILU,t2-10,0,2,ALL,968400,966590,1.0,0.9981309376290789,0.8898400343159688,0.45622333174232194,0.45351600366330697,0.7224409228454322,0.6211885096083314,0.5693902409121823,-0.016648059105975214,-0.016769011611443306,0.00012095250546808133,-5.720802261486658,0.5166047652055163,0.5276952999720668,0.4575942229900992,0.4833952347944837,0.47230470002793323,0.0,0.0
1,RL,LR,t2-10,0,1,P,111207,111207,0.11422247329498768,1.0,0.978879854179683,0.49055008782657633,0.4907102389640681,0.7425683460183504,0.6091163394957503,0.6098034261157923,-0.046152803753860445,-0.04627088438951382,0.00011808063565339508,1.1625392621067336,0.5608639743901014,0.5612056794985927,0.5486435206416862,0.4391360256098987,0.43879432050140726,0.0,0.0
1,RL,LR,t2-10,0,1,B,93921,93921,0.0964677485620378,1.0,0.9651240188687458,0.007662898411401328,0.0073396788842570075,0.49930425336875467,0.5306481309497376,0.011439109215369921,0.0012893314449426976,0.0013370018345879853,-4.767038964528832e-05,-0.5048654703973724,0.5275710437495342,0.5259633095899745,0.5082143503582798,0.4724289562504658,0.47403669041002544,0.0,0.0
1,RL,LR,t2-10,0,1,V,768472,768472,0.7893097781429745,1.0,0.891746192602873,0.011235397714465085,0.01063823080815579,0.4878050184581479,0.4769882824489293,0.015302821455091683,-0.002779309445556416,-0.0028185224334386265,3.9212987882210385e-05,-5.156672071673988,0.4965763228848937,0.4952789431495227,0.440025140798884,0.5034236771151064,0.5047210568504773,0.0,0.0
1,RL,LR,t2-10,0,1,ALL,973600,973600,1.0,1.0,0.9087774086296697,0.1368081013881448,0.1390681290087909,0.556088234476343,0.553107188671045,0.17658567218452154,-0.047642781754474166,-0.04775240498836446,0.00010962323389031714,-3.986126814284656,0.5069094083812654,0.5057693097781429,0.4590098603122432,0.4930905916187346,0.494230690221857,0.0,0.0
1,RL,LR,t2-10,0,2,P,328805,328805,0.33772082990961383,1.0,0.9818427812636727,0.4895712912032659,0.48956284309516135,0.7422731792464596,0.6203243223953759,0.6222961033817568,-0.046526282489066366,-0.0467443824550153,0.00021809996594893502,1.3008084806938736,0.5723453110506227,0.572071592585271,0.5617676130229163,0.4276546889493773,0.4279284074147291,0.0,0.0
1,RL,LR,t2-10,0,2,B,149531,149531,0.153585661462613,1.0,0.9438913023661566,0.03450554920180452,0.041726114217629486,0.5068333188079893,0.5205516337953653,0.04902017545828939,0.0006627889107328786,0.0006423179230440494,2.047098768882936e-05,-0.47758256527734855,0.5354876246397068,0.5359022543820345,0.5075134921855669,0.46451237536029316,0.4640977456179655,0.0,0.0
1,RL,LR,t2-10,0,2,V,495264,495264,0.5086935086277732,1.0,0.8496677711570609,0.1576087664801884,0.16560394230655942,0.5411656838178693,0.520577162569652,0.20927179548629368,0.003984751862739532,0.004023141142706024,-3.83892799664945e-05,-3.63239586692607,0.5378262906247981,0.5372892033339794,0.457957776054791,0.4621737093752019,0.46271079666602055,0.0,0.0
1,RL,LR,t2-10,0,2,ALL,973600,973600,1.0,1.0,0.9087774086296695,0.3643487574959675,0.37252560805626034,0.6701710219909208,0.6008907472368048,0.47027762928088274,-0.041878741715593956,-0.04207892338926522,0.00020018167367126985,-1.4818159128093786,0.5491248972884142,0.5488229252259655,0.5006275677896467,0.4508751027115859,0.4511770747740345,0.0,0.0
1,RL,ELU1,t2-10,0,1,P,291300,291300,0.2991988496302383,1.0,0.8008859478956272,0.23563935912954337,0.2363196670212201,0.6013563885241039,0.5823456286450183,0.30223325463127787,-0.0367021656060414,-0.03687472287353815,0.000172557267496766,3.689992637802601,0.540429110882252,0.540659114315139,0.448036388602815,0.45859594919327157,0.4585444558874013,0.0009749399244764847,0.0007964297974596636
1,RL,ELU1,t2-10,0,1,B,117105,117105,0.1202804026294166,1.0,0.9243893268079412,0.160991059056034,0.1603661381903162,0.577748131734998,0.5717500694574411,0.21077942315029413,0.010812003442937094,0.01091203942256088,-0.00010003597962378608,-0.500157028472214,0.5520003415738013,0.5510524742752231,0.5148029546133811,0.44782033218052175,0.4488450535843901,0.00017932624567695659,0.00010247214038683233
1,RL,ELU1,t2-10,0,1,V,565195,565195,0.5805207477403451,1.0,0.8070135666764598,-0.007911127283676298,-0.007779753049132471,0.48967113820260466,0.544364200630923,-0.01279957209972369,0.0031403626006648836,0.003156262535918585,-1.5899935253700566e-05,-5.355571469336563,0.499063155194225,0.49878891356080646,0.4101752492502588,0.4998575712807084,0.5002875113898743,0.00107927352506657,0.0009235750493192615
1,RL,ELU1,t2-10,0,1,ALL,973600,973600,1.0,1.0,0.8192981938738105,0.12666961865071802,0.1268399188677926,0.5518185075056729,0.5758195980344264,0.1638563152330588,-0.022749799562439423,-0.022806420915058686,5.6621352619279356e-05,-2.0651378903441038,0.517807107641742,0.5176027115858669,0.43408792111750205,0.481253081347576,0.4816105176663928,0.0009398110106820049,0.0007867707477403451
1,RL,ELU1,t2-10,0,2,P,217835,217835,0.22374178307313064,1.0,0.9910038429971141,0.5440168923921154,0.5433097966258646,0.7671948168376912,0.6502506426032342,0.6804359317531508,-0.02461074058580278,-0.024705483933806824,9.474334800404824e-05,2.042150876819328,0.6048063901576881,0.6047145775472261,0.5996143870360594,0.39519360984231183,0.39528542245277387,0.0,0.0
1,RL,ELU1,t2-10,0,2,B,84525,84525,0.0868169679539852,1.0,0.9917152421082878,0.2770894524840425,0.276974339936195,0.6373513071172859,0.6281795394931434,0.36523065435441787,0.004853100639274865,0.004873980594872704,-2.0879955597840554e-05,-0.4841457078585913,0.5923572907423839,0.5920733510795623,0.587991718426501,0.4076427092576161,0.40792664892043773,0.0,0.0
1,RL,ELU1,t2-10,0,2,V,671240,671240,0.6894412489728842,1.0,0.7418638170804221,0.05398904476748693,0.060277372271546975,0.4512303134559774,0.620086579979519,0.0695226792783385,0.0018399219963711917,0.001869189800230986,-2.9267803859794362e-05,-18.794494191282883,0.5224271497526966,0.5128076395923962,0.4017311244860259,0.4775728502473035,0.48719236040760383,0.0,0.0
1,RL,ELU1,t2-10,0,2,ALL,973600,973600,1.0,1.0,0.8192981938738105,0.2517966851395231,0.26734292270395305,0.5877046068800116,0.6442651721505559,0.32336704828119084,-0.017917717950156724,-0.01796231353870313,4.459558854641332e-05,-12.542817132971992,0.5469299506984387,0.5402526705012325,0.4621764585045193,0.4530700493015612,0.45974732949876745,0.0,0.0
1,RL,R,t2-10,0,1,P,44361,44361,0.045563886606409205,1.0,0.9873892176899113,0.42309259027261314,0.4227994901479671,0.7054530508643992,0.5912583278150484,0.5366781933458493,-0.015632571224920077,-0.015587249458815353,-4.532176610472498e-05,1.0528867037873335,0.5527828498005004,0.5528053921237123,0.5454565947566556,0.44721715019949954,0.44719460787628773,0.0,0.0
1,RL,R,t2-10,0,1,B,238443,0,0.24490858668857848,0.0,0.38927378579077077,nan,nan,nan,nan,nan,0.0,0.0,0.0,-0.5971317446755547,nan,nan,nan,nan,nan,nan,nan
1,RL,R,t2-10,0,1,V,690796,0,0.7095275267050123,0.0,0.24051062760426667,nan,nan,nan,nan,nan,0.0,0.0,0.0,-6.270468831167278,nan,nan,nan,nan,nan,nan,nan
1,RL,R,t2-10,0,1,ALL,973600,44361,1.0,0.045563886606409205,0.3109746938144699,0.42309259027261314,0.4227994901479671,0.7054530508643992,0.5912583278150484,0.5366781933458493,-0.015632571224920077,-0.015587249458815353,-4.532176610472498e-05,-4.547339322333602,0.5527828498005004,0.5528053921237123,0.5454565947566556,0.44721715019949954,0.44719460787628773,0.0,0.0
1,RL,R,t2-10,0,2,P,633198,633198,0.6503677074774035,1.0,0.33612603496259713,0.28432098270200507,0.31872190909373355,0.5760337038526152,0.3147573536159435,0.3695831753245708,-0.012521681029377695,-0.012634388335118334,0.00011270730574064633,0.4607320960418534,0.5126042722813401,0.4622156102830394,0.20453159991029662,0.48739572771865985,0.5377843897169605,0.0,0.0
1,RL,R,t2-10,0,2,B,310385,0,0.31880135579293345,0.0,0.23492033591755554,nan,nan,nan,nan,nan,0.0,0.0,0.0,-0.5702289110556196,nan,nan,nan,nan,nan,nan,nan
1,RL,R,t2-10,0,2,V,30017,0,0.030830936729663107,0.0,0.5668414680931054,nan,nan,nan,nan,nan,0.0,0.0,0.0,-1.3056509321256897,nan,nan,nan,nan,nan,nan,nan
1,RL,R,t2-10,0,2,ALL,973600,633198,1.0,0.6503677074774035,0.3109746938144698,0.28432098270200507,0.31872190909373355,0.5760337038526152,0.3147573536159435,0.3695831753245708,-0.012521681029377695,-0.012634388335118334,0.00011270730574064633,0.07760108582774669,0.5126042722813401,0.4622156102830394,0.20453159991029662,0.48739572771865985,0.5377843897169605,0.0,0.0
1,RL,GELU,t2-10,0,1,P,44238,44238,0.045437551355792936,1.0,0.7910904970623789,0.5494229786210566,0.5688223267946997,0.7465468809411331,0.6512971794688684,0.6812117226344617,-0.028411265184407924,-0.028159698190805486,-0.00025156699360242126,0.9093415741653029,0.6114652561146525,0.6165513811655138,0.4955694199556942,0.3885347438853474,0.38344861883448617,0.0,0.0
1,RL,GELU,t2-10,0,1,B,40456,40456,0.041552999178307314,1.0,0.8317415207162622,0.6144202672320509,0.6144518797142338,0.7975263336203823,0.7063335018639016,0.7369692437376718,0.014872613423071479,0.015098441527382605,-0.00022582810431112755,-0.4081282418420458,0.5589776547360095,0.5582361083646431,0.47449080482499506,0.44102234526399053,0.44176389163535695,0.0,0.0
1,RL,GELU,t2-10,0,1,V,888906,514488,0.9130094494658998,0.578787858333727,0.7297157527613048,0.41425588172570477,0.412056184810296,0.6945744468311692,0.6077571419034576,0.5070897556381703,-0.02723650001555579,-0.027839140699964883,0.000602640684409098,-7.172586864832984,0.5050224689399947,0.5123773537963956,0.43554174247018396,0.4949775310600053,0.48762264620360435,0.0,0.0
1,RL,GELU,t2-10,0,1,ALL,973600,599182,1.0,0.6154293344289236,0.7367439475094321,0.4891887683296549,0.4939346013698689,0.7274972819965059,0.6376939218380049,0.6001042992768799,-0.040775151776892234,-0.04090039736338776,0.0001252455864955492,-6.52428028272932,0.5165241946520422,0.5231649148338902,0.442603415990467,0.4834758053479577,0.4768350851661098,0.0,0.0
1,RL,GELU,t2-10,0,2,P,903649,903649,0.9281522185702548,1.0,0.7291621044063823,0.26640877572035776,0.2858808958916825,0.5856098649951959,0.46552307219327316,0.3475399566847012,-0.05460093744805248,-0.05505569103861761,0.00045475359056513256,0.6506145733798214,0.5147596024562634,0.5132479535748947,0.38138812746984724,0.48524039754373655,0.48675204642510533,0.0,0.0
1,RL,GELU,t2-10,0,2,B,48159,48159,0.04946487263763352,1.0,0.8245036774178804,0.5292988399326244,0.5504496788802515,0.7308949350864604,0.7448518865032144,0.6873050122213673,0.0039913255226861595,0.003967242783834149,2.408273885201013e-05,-0.30419137398186574,0.6749517224194854,0.6829876035631969,0.5777320957661081,0.3250482775805145,0.31701239643680307,0.0,0.0
1,RL,GELU,t2-10,0,2,V,21792,21775,0.02238290879211175,0.9992198972099853,0.8571965955255424,0.5856544193502854,0.6035537189695515,0.7566517865624489,0.7648741410507441,0.7452160285105658,-0.000514557495716144,-0.0005098702159759168,-4.6872797402275365e-06,-1.3989006911048116,0.7216991963260619,0.7307462686567164,0.6343513203214696,0.278300803673938,0.26925373134328356,0.0,0.0
1,RL,GELU,t2-10,0,2,ALL,973600,973583,1.0,0.9999825390304027,0.7367439475094322,0.2692133005819671,0.2888390148526911,0.5872219600135364,0.46911819135093635,0.351157756297408,-0.051124169421082465,-0.05159831847075938,0.00047414904967691513,0.5575111055669203,0.5273120011339557,0.5265087825075007,0.39675816032120526,0.4726879988660443,0.47349121749249934,0.0,0.0
1,RL,SILU,t2-10,0,1,P,237450,237450,0.2438886606409203,1.0,0.9322494740344749,0.09152877317422044,0.09419008468974316,0.5409745960028246,0.5428006095931686,0.1182873413044841,-0.020223572907740423,-0.020281661676547793,5.808876880735706e-05,2.431754663599287,0.5149210360075805,0.5142429985260055,0.4796504527268899,0.48507896399241945,0.48575700147399453,0.0,0.0
1,RL,SILU,t2-10,0,1,B,114715,114715,0.11782559572719803,1.0,0.9567624223964151,0.19147868531158313,0.19094482868385185,0.5932525565996322,0.5841215371473131,0.25411258703016837,0.006096852907168666,0.006157564772392694,-6.0711865224027856e-05,-0.6510903293638252,0.5488209911519853,0.5480800244083163,0.5251972279126531,0.45117900884801465,0.45191997559168373,0.0,0.0
1,RL,SILU,t2-10,0,1,V,621435,620998,0.6382857436318817,0.9992967888837931,0.9096922772822306,0.08386154233948476,0.08440968102959458,0.5395052691974032,0.5212736841389649,0.1105598588576213,-0.0016414184618341711,-0.0016292196098585683,-1.2198851975602305e-05,-6.180383173766805,0.5007181987703664,0.501260873626002,0.4551480036972744,0.4992818012296336,0.498739126373998,0.0,0.0
1,RL,SILU,t2-10,0,1,ALL,973600,973163,1.0,0.9995511503697617,0.9207397896749936,0.09706085843208212,0.09924840555542605,0.5442706259216644,0.5453517371784633,0.12613624647885735,-0.01576813846240593,-0.015753316514013665,-1.4821948392273097e-05,-3.428488188014683,0.5098539504687293,0.5099474599835793,0.4693838545033052,0.4901460495312707,0.4900525400164207,0.0,0.0
1,RL,SILU,t2-10,0,2,P,209302,209302,0.21497740345110927,1.0,0.9975304285702721,0.4463254483602995,0.44675226578538374,0.7232231376198759,0.5928364469963806,0.5735858524737307,-0.015570962385593941,-0.015520766318718784,-5.019606687516156e-05,1.7103768390597227,0.5363350565211991,0.5363207231655693,0.5348348319652941,0.46366494347880094,0.4636792768344306,0.0,0.0
1,RL,SILU,t2-10,0,2,B,61285,61285,0.06294679539852095,1.0,0.9808324900754226,0.749028830038225,0.7425693877107328,0.8692759124331606,0.8300101081779574,0.8603936641651737,0.010590356425605294,0.010807790141191131,-0.00021743371558584636,-0.6583918441014228,0.7294443991188708,0.7268336460797912,0.718936118136575,0.2705556008811292,0.2731663539202089,0.0,0.0
1,RL,SILU,t2-10,0,2,V,703013,702778,0.7220758011503697,0.9996657245314098,0.8926390071203325,0.3673899904773094,0.36427275185277036,0.6745146420001292,0.6038530101060889,0.45221089366388195,-0.0096229394640982,-0.009928871368155899,0.00030593190405769265,-6.958242924416629,0.49140411339000367,0.502649485328226,0.43150753153912047,0.5085958866099963,0.497350514671774,0.0,0.0
1,RL,SILU,t2-10,0,2,ALL,973600,973365,1.0,0.9997586277732128,0.9207397896749935,0.44646690438448183,0.4451443676297621,0.7195794031145027,0.6228135124487845,0.5591286934668773,-0.014603545424086846,-0.01464184754568355,3.830212159668472e-05,-4.698130119165762,0.5160530736157557,0.5240048697045815,0.4718230057583743,0.48394692638424436,0.47599513029541846,0.0,0.0
2,RL,LR,t2-10,0,1,P,121949,121949,0.12480708218196704,1.0,0.9770936706207008,0.41455260796794824,0.41502900969176476,0.704871768273309,0.5911321220372612,0.5224776122920428,-0.04340641170922287,-0.0434687794899004,6.236778067749689e-05,1.2923095245019518,0.5469007535937154,0.5468351523997736,0.5347891331622235,0.4530992464062846,0.45316484760022635,0.0,0.0
2,RL,LR,t2-10,0,1,B,99308,99308,0.10163545184730324,1.0,0.9741242609128842,0.024935480158360595,0.024804644035797584,0.5094677454747096,0.5386506812189615,0.02727005482219899,0.0016617703511601152,0.001701115675578974,-3.934532441885757e-05,-0.5035338273409558,0.5311153180005639,0.5306823216659282,0.5173097837032263,0.4688846819994361,0.4693176783340718,0.0,0.0
2,RL,LR,t2-10,0,1,V,755843,755843,0.7735574659707297,1.0,0.9271864806428243,0.02339614241135517,0.023377627533026805,0.5002141428238597,0.4884749615891916,0.030280321735524706,-0.0008122403151140983,-0.0008717977270880494,5.955741197395088e-05,-5.0532040239039056,0.5004491673535377,0.5006754048129043,0.46216343870354026,0.4995508326464623,0.4993245951870957,0.0,0.0
2,RL,LR,t2-10,0,1,ALL,977100,977100,1.0,1.0,0.9381857939103211,0.13579058950663475,0.1373729343088431,0.559863384193911,0.549672222502952,0.1755529930852534,-0.042556881673176845,-0.04263946154140947,8.257986823259019e-05,-3.798831206797346,0.5093634223723262,0.5094862347763791,0.476832463412138,0.4906365776276737,0.49051376522362095,0.0,0.0
2,RL,LR,t2-10,0,2,P,345846,345846,0.35395148910039914,1.0,0.9855459035031431,0.48838800784564346,0.4884359163231512,0.7424839570381533,0.621060367872993,0.6171237603408445,-0.04899130349039961,-0.04911481590136524,0.00012351241096562846,1.2992600895249646,0.5770747673820139,0.5770342869369604,0.5690075929749079,0.42292523261798604,0.4229657130630396,0.0,0.0
2,RL,LR,t2-10,0,2,B,157087,157087,0.1607686009620305,1.0,0.9593956495432328,0.05231500432167369,0.056167049123290624,0.5178847865679495,0.5286068977914522,0.0684578565759485,0.0007522054373259649,0.0007475071865575171,4.6982507684479344e-06,-0.47805459342833667,0.5378930146988612,0.5377784285141355,0.5172547696499392,0.46210698530113886,0.4622215714858645,0.0,0.0
2,RL,LR,t2-10,0,2,V,474167,474167,0.48527990993757036,1.0,0.8966158469210822,0.16967276909655626,0.17584817290512833,0.5614135161385463,0.5416740615830803,0.22611063424405534,0.004164732616424559,0.004180926648128094,-1.6194031703538596e-05,-3.6474402426950943,0.5430660505686815,0.5428699171388983,0.4883785670449441,0.4569339494313185,0.4571300828611017,0.0,0.0
2,RL,LR,t2-10,0,2,ALL,977100,977100,1.0,1.0,0.938185793910321,0.38184634291130304,0.38721263758417296,0.6841706736066544,0.6065013536959195,0.490269755942451,-0.04407436543664909,-0.04418638206667963,0.00011201663003053782,-1.3870105972306117,0.5542718247876369,0.5541438952000819,0.5215597175314707,0.44572817521236313,0.4458561047999181,0.0,0.0
2,RL,ELU1,t2-10,0,1,P,257473,257473,0.26350731757240814,1.0,0.8711506193100933,0.2659993033924981,0.267273619314986,0.6188611454839348,0.5932458839257513,0.34174143448730004,-0.04268198101123922,-0.043034863566194174,0.0003528825549549734,3.369377664913001,0.5556932183180372,0.5554252290531434,0.4898144659828409,0.44418638070788,0.4444776733871124,0.00012040097408271935,9.709755974412851e-05
2,RL,ELU1,t2-10,0,1,B,113203,113203,0.11585610479991812,1.0,0.9182138165321743,0.1361122270396304,0.13388951443965968,0.5550969210376716,0.5457356110203792,0.18622611168103512,0.007858996592066157,0.008183164649776595,-0.0003241680577104368,-0.5034731612798897,0.5435986678798265,0.5419114334425766,0.49921821859844706,0.45635716367940776,0.45805323180481083,4.416844076570409e-05,3.533475261256327e-05
2,RL,ELU1,t2-10,0,1,V,606424,606424,0.6206365776276738,1.0,0.8632639449838833,-0.03968092944954458,-0.03955956557575193,0.4697177920831912,0.5300056591347256,-0.054349755425327204,0.0027154448247664526,0.0027772349082170193,-6.179008345056637e-05,-5.445619561360055,0.4909106499742754,0.49050169518356795,0.4229186179966492,0.5089260979116922,0.5093680329274567,0.00016325211403242615,0.00013027188897537037
2,RL,ELU1,t2-10,0,1,ALL,977100,977100,1.0,1.0,0.8717084194569908,0.12430492992167629,0.12510493097096764,0.5498025141163994,0.5757093016373164,0.1618606530386288,-0.03210753959440661,-0.032074464008200555,-3.3075586206029754e-05,-2.550225456592398,0.5140855593081568,0.5135656534643332,0.44938593797973597,0.4857762767372838,0.48632381537201924,0.0001381639545594105,0.0001105311636475284
2,RL,ELU1,t2-10,0,2,P,211847,211847,0.21681199467812914,1.0,0.9563291471181262,0.5358139289126957,0.5372965087829784,0.7615267274444179,0.649855618877562,0.6693958538034503,-0.025645023848449928,-0.025733768664179115,8.874481572918376e-05,2.2222650172721976,0.6085901617676909,0.6080378763919244,0.5827601995779973,0.3914098382323092,0.39196212360807564,0.0,0.0
2,RL,ELU1,t2-10,0,2,B,85275,85275,0.08727356463002764,1.0,0.94521307765619,0.2371600559662165,0.23858352601813934,0.6072579326988734,0.5951471796644464,0.3019902706313174,0.004082096932652449,0.004147484215525019,-6.538728287256972e-05,-0.4899925109812096,0.5760070360598065,0.5764526531808853,0.5464555848724714,0.4239929639401935,0.42354734681911466,0.0,0.0
2,RL,ELU1,t2-10,0,2,V,679978,679978,0.6959144406918432,1.0,0.8361267432545769,0.05810348068933506,0.062159481317391165,0.48206042128605037,0.5963995149417768,0.07514151793587556,0.0018852340942602506,0.0019220360688246702,-3.680197456442036e-05,-14.178745538086705,0.5244331434252285,0.5199741756350941,0.4451232245749127,0.47556685657477155,0.48002582436490593,0.0,0.0
2,RL,ELU1,t2-10,0,2,ALL,977100,977100,1.0,1.0,0.8717084194569911,0.2567736240041361,0.26667577295839684,0.602827679876307,0.6358541155886597,0.32733180706186926,-0.019677692821537227,-0.019664248379829427,-1.3444441707806311e-05,-9.428143452826713,0.5471804318902875,0.5439965203152185,0.48380820796233753,0.4528195681097124,0.4560034796847815,0.0,0.0
2,RL,R,t2-10,0,1,P,46310,46310,0.04739535359738,1.0,0.9889957590054811,0.41438212125007357,0.41413514387316214,0.7036253822865712,0.5882406118068697,0.5231896875016001,-0.015831414303449705,-0.01581480660682833,-1.660769662138477e-05,1.0958967597320688,0.549190239689052,0.5491686460807601,0.5424962211185489,0.45080976031094794,0.4508313539192399,0.0,0.0
2,RL,R,t2-10,0,1,B,260146,0,0.2662429638726845,0.0,0.39512492729536786,nan,nan,nan,nan,nan,0.0,0.0,0.0,-0.5811127722864342,nan,nan,nan,nan,nan,nan,nan
2,RL,R,t2-10,0,1,V,670644,0,0.6863616825299356,0.0,0.2487635533033384,nan,nan,nan,nan,nan,0.0,0.0,0.0,-6.487627648167937,nan,nan,nan,nan,nan,nan,nan
2,RL,R,t2-10,0,1,ALL,977100,46310,1.0,0.04739535359738,0.32281480644487637,0.41438212125007357,0.41413514387316214,0.7036253822865712,0.5882406118068697,0.5231896875016001,-0.015831414303449705,-0.01581480660682833,-1.660769662138477e-05,-4.5556358006283615,0.549190239689052,0.5491686460807601,0.5424962211185489,0.45080976031094794,0.4508313539192399,0.0,0.0
2,RL,R,t2-10,0,2,P,670838,670838,0.6865602292498209,1.0,0.3388158941916233,0.2694820243417123,0.30398299190209904,0.5687907479915987,0.3242161432234328,0.3492654021571385,-0.012911417986125988,-0.013239222725021638,0.0003278047388956475,0.49152652916390077,0.512420286268816,0.4577960699900721,0.2056085075681461,0.487579713731184,0.5422039300099278,0.0,0.0
2,RL,R,t2-10,0,2,B,281087,0,0.2876747518166001,0.0,0.2568302576452598,nan,nan,nan,nan,nan,0.0,0.0,0.0,-0.5026565081543661,nan,nan,nan,nan,nan,nan,nan
2,RL,R,t2-10,0,2,V,25175,0,0.025765018933578958,0.0,0.6331727475207666,nan,nan,nan,nan,nan,0.0,0.0,0.0,-1.3694839291703165,nan,nan,nan,nan,nan,nan,nan
2,RL,R,t2-10,0,2,ALL,977100,670838,1.0,0.6865602292498209,0.3228148064448763,0.2694820243417123,0.30398299190209904,0.5687907479915987,0.3242161432234328,0.3492654021571385,-0.012911417986125988,-0.013239222725021638,0.0003278047388956475,0.15757620094852504,0.512420286268816,0.4577960699900721,0.2056085075681461,0.487579713731184,0.5422039300099278,0.0,0.0
2,RL,GELU,t2-10,0,1,P,62463,62463,0.06392692661958858,1.0,0.9968997516500299,0.44560623097998775,0.4464714405753834,0.7227324376341087,0.6292774150213357,0.5609171493952793,-0.025942545519209225,-0.025760585725567126,-0.00018195979364210056,1.0258795128706033,0.5614043513760146,0.5615004082416791,0.5597393657044971,0.4385956486239854,0.43849959175832093,0.0,0.0
2,RL,GELU,t2-10,0,1,B,39400,39400,0.040323405997339065,1.0,0.9922383722165904,0.6510458995176949,0.6474534349697462,0.8197801077793868,0.7407146101879388,0.7677148337481129,0.016420633339850686,0.016621543603202046,-0.00020091026335137196,-0.4045139867211549,0.6124111675126903,0.6123350253807106,0.6084010152284264,0.38758883248730963,0.38766497461928934,0.0,0.0
2,RL,GELU,t2-10,0,1,V,875237,493108,0.8957496673830724,0.5633993992484322,0.7461513784442093,0.4259312536730807,0.42309317503566185,0.7022841894906532,0.6128359809518699,0.5300517518103495,-0.027107604782562474,-0.027621771605826476,0.000514166823264009,-7.33362604778984,0.5064874226335813,0.5158180358055436,0.4515582793221769,0.49351257736641874,0.48418196419445636,0.0,0.0
2,RL,GELU,t2-10,0,1,ALL,977100,594971,1.0,0.6089151570975335,0.7721040170586674,0.4667428672410842,0.46524930935881703,0.7276625450667951,0.6374446340009915,0.5787680280341139,-0.03662951696192101,-0.03676081372819155,0.00013129676627053646,-6.519823150397926,0.5192673256343586,0.5270055179159993,0.47330206010040826,0.4807326743656414,0.47299448208400074,0.0,0.0
2,RL,GELU,t2-10,0,2,P,926903,926903,0.9486265479480094,1.0,0.760017599864964,0.271421658371837,0.2897440965003045,0.5910937660076055,0.46786993159115575,0.34944874673193166,-0.05201899361497096,-0.052700396455341185,0.0006814028403702024,0.7414587265885937,0.5123394788882979,0.5104331305433255,0.3948633244255332,0.4876605211117021,0.48956686945667455,0.0,0.0
2,RL,GELU,t2-10,0,2,B,34628,34628,0.03543956606283901,1.0,0.9944203503649708,0.5995596897422731,0.6027160022063076,0.7999460593295978,0.8065782003191523,0.741508301213473,0.003856302608554965,0.003850190837032213,6.111771522750001e-06,-0.2910739796662366,0.7240672288321589,0.7243271341111239,0.7214104193138501,0.27593277116784104,0.2756728658888761,0.0,0.0
2,RL,GELU,t2-10,0,2,V,15569,15558,0.01593388598915157,0.9992934677885542,0.9972030193301094,0.5891401405194527,0.5914299420633372,0.7948485120856675,0.7967203380476007,0.724121708774157,-0.00043952253301183256,-0.0004388184237837629,-7.041092280695978e-07,-1.4958713265539563,0.7247075459570639,0.7251574752538886,0.7232934824527574,0.2752924540429361,0.2748425247461113,0.0,0.0
2,RL,GELU,t2-10,0,2,ALL,977100,977089,1.0,0.9999887421962952,0.7721040170586669,0.2740301002707585,0.29241263972681475,0.5928817472074736,0.47166027400731464,0.3525691551916319,-0.048602213539427834,-0.049289024042092726,0.0006868105026648829,0.6692168535463578,0.5232245987827107,0.5214325409456048,0.4116656722161441,0.47677540121728934,0.47856745905439524,0.0,0.0
2,RL,SILU,t2-10,0,1,P,71153,71153,0.07282059154641285,1.0,0.9961605450523687,0.45268665506406874,0.4531150664511895,0.7262739653837513,0.6420769228913331,0.5780089796001299,-0.03243616989810367,-0.03239697448022842,-3.919541787524465e-05,1.1240207835437492,0.5682543251865698,0.5682121625230138,0.5656542942672832,0.43174567481343024,0.43178783747698624,0.0,0.0
2,RL,SILU,t2-10,0,1,B,65414,65414,0.06694708832258725,1.0,0.9952685963242727,0.5106370243985874,0.5094895435373901,0.7541129863983996,0.6793025767809235,0.6257008561195079,0.018533153403155356,0.018642979159185023,-0.00010982575602966497,-0.6729758357489445,0.5904240682422723,0.5903170575106247,0.5877640871984591,0.4095759317577277,0.40968294248937537,0.0,0.0
2,RL,SILU,t2-10,0,1,V,840533,839576,0.8602323201309999,0.998861436731217,0.9419089725394776,0.2001091460244201,0.20006373126180862,0.5973410227005713,0.5555796244494159,0.26165254007886984,-0.02345469804271022,-0.023594997222659047,0.00014029917994882757,-7.994341049174903,0.5123943514345336,0.5161938883436401,0.4819504130656427,0.4876056485654664,0.4838061116563599,0.0,0.0
2,RL,SILU,t2-10,0,1,ALL,977100,976143,1.0,0.9990205710776788,0.9494318755885701,0.29133892089105673,0.2914747069887287,0.643799878022545,0.6000416320164343,0.3743107272276446,-0.03735771453765853,-0.03734899254370245,-8.721993956082059e-06,-6.840192462996952,0.5216950795119157,0.5249527989239281,0.49514261742388155,0.4783049204880842,0.47504720107607185,0.0,0.0
2,RL,SILU,t2-10,0,2,P,933152,933152,0.9550220038890594,1.0,0.9473101479442704,0.2701771086548901,0.27217683038717805,0.6307787500723865,0.5303326020848038,0.3524055391769126,-0.05256506718338924,-0.05286416243820175,0.000299095254812501,1.0333193496799944,0.510355226158225,0.5097508230170433,0.48321388155413053,0.48964477384177496,0.49024917698295667,0.0,0.0
2,RL,SILU,t2-10,0,2,B,37339,37339,0.03821410295773207,1.0,0.9942967303863341,0.6039652157069835,0.603979954841773,0.8016858160000686,0.8188173963072101,0.7549261793786147,0.004910489507931516,0.004927097918760933,-1.6608410829418645e-05,-0.4189411995999095,0.7235598168135193,0.7236937250595892,0.7204531455047002,0.2764401831864806,0.2763062749404108,0.0,0.0
2,RL,SILU,t2-10,0,2,V,6609,6609,0.006763893153208474,1.0,0.9955334917846558,0.5647339311253989,0.5646898151681397,0.7810278126620221,0.7841124784610523,0.7471916051134903,-0.0001448204300835865,-0.00014523223618675358,4.118061031670181e-07,-2.07290213035604,0.7138750189136026,0.7135724012709941,0.7113027689514299,0.28612498108639733,0.2864275987290059,0.0,0.0
2,RL,SILU,t2-10,0,2,ALL,977100,977100,1.0,1.0,0.9494318755885702,0.27257627789518984,0.27458721359897115,0.6320195903094837,0.5338655846899371,0.3554329286585991,-0.04779939810554131,-0.04808229675562757,0.0002828986500862494,0.9568123653271947,0.519879234469348,0.5193050864804012,0.4938225360761437,0.4801207655306519,0.4806949135195988,0.0,0.0
0,RL,LR,t2-10,25,1,P,32845,32845,0.033916769929781085,1.0,0.3229509161138954,0.5963074536878858,0.6814968752045473,0.5977146919233142,0.4673022378680396,0.7460803033839642,-0.010252831148866624,-0.011320249600204035,0.0010674184513374048,1.03407353936627,0.6114172629015071,0.5974729791444664,0.2377226366265794,0.38858273709849295,0.40252702085553355,0.0,0.0
0,RL,LR,t2-10,25,1,B,46387,46387,0.04790066088393226,1.0,0.29038031685394816,-0.05026710096429395,-0.05453723459014903,0.24503333727288898,0.2428049345653929,-0.06290341329714907,-0.00014600691966080366,-0.00021837647143928642,7.236955177848287e-05,-0.5560506827694708,0.4752840235410783,0.4865156186000388,0.14346691961109795,0.5247159764589217,0.5134843813999612,0.0,0.0
0,RL,LR,t2-10,25,1,V,889168,889168,0.9181825691862867,1.0,0.32827677206642175,0.008158176594367393,0.02158994307416409,0.2870102394873648,0.2727303777967908,0.010069774158034363,-0.0006660373179244681,-0.0009361384250102955,0.00027010110708582737,-5.9183732577126,0.49918463102585786,0.49782043438360357,0.17190339733323737,0.5008153689741421,0.5021795656163964,0.0,0.0
0,RL,LR,t2-10,25,1,ALL,968400,968400,1.0,1.0,0.3262808709855649,0.05967018320584378,0.08278417380586019,0.3157966843200855,0.32976769631581865,0.08243340169418974,-0.011064875386451898,-0.012474764496653619,0.001409889110201715,-5.425709924034427,0.5018463444857497,0.5006588186699711,0.17277364725320116,0.49815365551425034,0.4993411813300289,0.0,0.0
0,RL,LR,t2-10,25,2,P,55464,55464,0.057273853779429985,1.0,0.3163380135113228,0.4754132042950785,0.6234225011278821,0.5603823428338188,0.456300523843716,0.6503156112269373,-0.009869588821057896,-0.009732432789374721,-0.00013715603168317517,0.5619526751211339,0.6102516947930189,0.5985504110774557,0.2370726958026828,0.3897483052069811,0.40144958892254434,0.0,0.0
0,RL,LR,t2-10,25,2,B,141981,141981,0.14661400247831474,1.0,0.2528269328749575,-0.08146826305655751,-0.08041876596723423,0.19297381152434698,0.18405121751565245,-0.12177219850776451,-0.0005042672164224111,-0.000694353355366064,0.00019008613894365317,-0.5264686082729277,0.4788598474443764,0.512293898479374,0.1265944034765215,0.5211401525556236,0.487706101520626,0.0,0.0
0,RL,LR,t2-10,25,2,V,770955,770955,0.7961121437422553,1.0,0.34052364032208077,0.06775288786402664,0.09595839597040319,0.3106852416082561,0.2837701697626711,0.09418139422232037,0.001847609295096548,0.0017369739175133313,0.00011063537758321582,-4.473784064366005,0.5120298850127439,0.5193895882379646,0.18799151701461175,0.48797011498725607,0.4806104117620354,0.0,0.0
0,RL,LR,t2-10,25,2,ALL,968400,968400,1.0,1.0,0.32628087098556496,0.09198934776076752,0.1295546990133191,0.3261768186883398,0.3298425542877739,0.13000431286171976,-0.00852624674238376,-0.008689812227227454,0.00016356548484369385,-3.6066362966145946,0.512792234613796,0.5228831061544816,0.18180090871540686,0.48720776538620403,0.47711689384551836,0.0,0.0
0,RL,ELU1,t2-10,25,1,P,184626,184626,0.19065055762081784,1.0,0.2156832382069206,0.14378094902283672,0.19611023463232663,0.32077070435278787,0.33718292514921094,0.19748385730978865,-0.006556389811650373,-0.006835522245858739,0.0002791324342083684,4.980909107929375,0.5158374226815291,0.5094082090279809,0.14538580698276515,0.45815865587728705,0.4631904498824651,0.026003921441183797,0.027401341089554016
0,RL,ELU1,t2-10,25,1,B,75865,75865,0.07834056175134242,1.0,0.2947327955078314,-0.04107860859942479,-0.006045885649633059,0.2624174973722098,0.2530412949117627,-0.05785846869627054,-0.0004355138007173145,-0.0010767978892200687,0.0006412840885027546,-0.5277520936419661,0.4804191656231464,0.49619719238120347,0.15477492915046465,0.5138865089303368,0.49767349897844854,0.005694325446516839,0.006129308640347986
0,RL,ELU1,t2-10,25,1,V,707909,707909,0.7310088806278398,1.0,0.22792721142255157,-0.030917979319727482,-0.020778178125125904,0.24032495959187244,0.27593342290453515,-0.04571096647896439,0.0003724784732188512,0.00021872028091667213,0.00015375819230217892,-6.122042425285692,0.47968594833516737,0.4866020915117621,0.12976244121772715,0.4980739049793123,0.4897253743065846,0.022240146685520313,0.02367253418165329
0,RL,ELU1,t2-10,25,1,ALL,968400,968400,1.0,1.0,0.23082647808686454,0.03308822916850423,0.0605265192409513,0.2711589774627812,0.30593791570442624,0.04686488666555612,-0.0066194251391488365,-0.007693599854162136,0.001074174715013302,-3.566998677060252,0.486635687732342,0.4917017761255679,0.13470053696819495,0.49170280875671213,0.4852891367203635,0.021661503510945892,0.023009087154068568
0,RL,ELU1,t2-10,25,2,P,50440,50440,0.05208591491119372,1.0,0.36050256194199415,0.3533067784231302,0.556532704963832,0.43614035855225564,0.40530778901045555,0.5007121214862412,-0.005541747683704372,-0.004774082795641599,-0.0007676648880627724,1.320305241005806,0.6017446471054718,0.6143735130848533,0.25947660586835847,0.3982553528945281,0.3856264869151467,0.0,0.0
0,RL,ELU1,t2-10,25,2,B,56281,56281,0.058117513424204875,1.0,0.34224057355990684,-0.09513718403276485,-0.04261705124968268,0.2249807562600902,0.2109226951759796,-0.15951783241346662,-0.0007726293757298067,-0.0013146464832982157,0.0005420171075684095,-0.5352246831484535,0.461452355146497,0.4872870062720989,0.16289689237931096,0.5385476448535029,0.512712993727901,0.0,0.0
0,RL,ELU1,t2-10,25,2,V,861679,861679,0.8897965716646014,1.0,0.21595857672571833,0.020261780493276198,0.04162648371990858,0.2099609455937496,0.25886312345952334,0.03129813439606804,0.0004744718794824693,-1.1736889487584117e-05,0.00048620876897005345,-19.194055962264123,0.5079594605415706,0.5096944453793117,0.13771485669257344,0.4920405394584294,0.4903055546206882,0.0,0.0
0,RL,ELU1,t2-10,25,2,ALL,968400,968400,1.0,1.0,0.23082647808686446,0.04230919700574148,0.08191280218394803,0.2286064929704908,0.3189760037597249,0.0632386338326198,-0.00583990517995171,-0.006100466168427399,0.0002605609884756904,-17.04114181282913,0.5101414704667493,0.5138444857496902,0.14552044609665427,0.4898585295332507,0.4861555142503098,0.0,0.0
0,RL,R,t2-10,25,1,P,6369,6369,0.006576827757125155,1.0,0.26981974914743834,0.58647945046838,0.7369520513096351,0.5458117706760939,0.4270855389367536,0.7523858637093357,-0.0042076125102798265,-0.004467901216402691,0.0002602887061228646,0.7600672821539478,0.6113989637305699,0.6198775317946302,0.21400533835766997,0.38860103626943004,0.38012246820536977,0.0,0.0
0,RL,R,t2-10,25,1,B,206753,0,0.21349958694754234,0.0,0.14261301013181182,nan,nan,nan,nan,nan,0.0,0.0,0.0,-0.5985570301814599,nan,nan,nan,nan,nan,nan,nan
0,RL,R,t2-10,25,1,V,755278,0,0.7799235852953325,0.0,0.13140155606998521,nan,nan,nan,nan,nan,0.0,0.0,0.0,-6.403750420620494,nan,nan,nan,nan,nan,nan,nan
0,RL,R,t2-10,25,1,ALL,968400,6369,1.0,0.006576827757125155,0.13470554949558944,0.58647945046838,0.7369520513096351,0.5458117706760939,0.4270855389367536,0.7523858637093357,-0.0042076125102798265,-0.004467901216402691,0.0002602887061228646,-5.117228834496566,0.6113989637305699,0.6198775317946302,0.21400533835766997,0.38860103626943004,0.38012246820536977,0.0,0.0
0,RL,R,t2-10,25,2,P,531440,531440,0.5487814952498967,1.0,0.13371638511893752,0.07803139949712344,0.13609341607109596,0.28863671445427325,0.23440317584690015,0.11233420594890639,-0.006559874795693398,-0.005594063617148631,-0.000965811178544767,0.22410082502019624,0.5082323498419389,0.4476215565256661,0.10456871895228059,0.4917676501580611,0.5523784434743338,0.0,0.0
0,RL,R,t2-10,25,2,B,416350,0,0.4299359768690624,0.0,0.13310305983214943,nan,nan,nan,nan,nan,0.0,0.0,0.0,-0.48068664764210994,nan,nan,nan,nan,nan,nan,nan
0,RL,R,t2-10,25,2,V,20610,0,0.021282527881040892,0.0,0.19258415637095033,nan,nan,nan,nan,nan,0.0,0.0,0.0,-1.1001174387716681,nan,nan,nan,nan,nan,nan,nan
0,RL,R,t2-10,25,2,ALL,968400,531440,1.0,0.5487814952498967,0.13470554949558947,0.07803139949712344,0.13609341607109596,0.28863671445427325,0.23440317584690015,0.11233420594890639,-0.006559874795693398,-0.005594063617148631,-0.000965811178544767,-0.10709537764368388,0.5082323498419389,0.4476215565256661,0.10456871895228059,0.4917676501580611,0.5523784434743338,0.0,0.0
0,RL,GELU,t2-10,25,1,P,10656,10656,0.01100371747211896,1.0,0.2087666265704884,-0.12388409990019303,0.7465959226915797,0.3971716513611571,0.3043533433631477,-0.0023310520144855735,-0.0116035559722971,0.00757541666587391,-0.019178972638171015,0.6830328402737897,0.5347222222222222,0.5958145645645646,0.16122372372372373,0.4652777777777778,0.403246996996997,0.0,0.0009384384384384384
0,RL,GELU,t2-10,25,1,B,15946,15946,0.016466336224700538,1.0,0.22576057451692133,0.33068382537289553,0.5799765318385878,0.47417855680524684,0.4474006369075813,0.453405101271036,0.0052247008380337905,0.004995038002936716,0.0002296628350970765,-0.4200082844571436,0.4999372883481751,0.5419540950708641,0.14473849241189013,0.5000627116518249,0.45741878841088673,0.0,0.0006271165182490907
0,RL,GELU,t2-10,25,1,V,941798,493063,0.9725299463031805,0.5235337089269674,0.23171599875490642,0.24796019851489115,0.4168521033476243,0.4080529324490478,0.3719795523695834,0.37525479167283426,-0.015952203969856252,-0.013842126284071696,-0.0021100776857845512,-7.756079246306959,0.49944530414977395,0.5172645280623369,0.1496522756726828,0.500554695850226,0.48239271654940646,0.0,0.0003427553882566731
0,RL,GELU,t2-10,25,1,ALL,968400,519665,1.0,0.536622263527468,0.2313654063293632,0.167302471125296,0.5084971817617642,0.4147469444183781,0.3651139677483483,0.2923533166362693,-0.022331059104119564,-0.0012716716152610722,-0.021059387488858494,-7.5424194301646,0.500183772237884,0.5196328403875574,0.1497387740178769,0.499816227762116,0.4800034637699287,0.0,0.00036369584251392726
0,RL,GELU,t2-10,25,2,P,866649,866649,0.8949287484510533,1.0,0.2357401164845994,0.04343750910353745,0.15455242959080787,0.2828459605678184,0.24611701743985565,0.08358238495992683,-0.024833246965815917,-0.007511764222847723,-0.017321482742968197,0.4689817228273632,0.5018571532419699,0.49450469567264255,0.14629452061907416,0.49814284675803006,0.5052783768284508,0.0,0.00021692749890670849
0,RL,GELU,t2-10,25,2,B,87424,87424,0.09027674514663363,1.0,0.17858993673457849,0.010386610083619918,0.3357550428225827,0.24161719374329196,0.2220606766043681,0.08634434584138226,0.002350592992011876,-1.127899186289668e-05,0.002361871983874772,-0.24424802752895078,0.5113813140556369,0.5864522327964861,0.12677296852122988,0.4886186859443631,0.4129872803806735,0.0,0.00056048682284041
0,RL,GELU,t2-10,25,2,V,14327,14326,0.014794506402313093,0.9999302017170377,0.2887748062406665,0.02033389200981952,0.44251228069170806,0.31884250453857144,0.33674318715470064,0.13374898638447813,-0.00022501496316978123,-7.241884004176093e-06,-0.0002177730791656052,-1.3038803957878753,0.542300711992182,0.636953790311322,0.22008934803853133,0.45769928800781795,0.3577411699008795,0.0,0.005305039787798408
0,RL,GELU,t2-10,25,2,ALL,968400,968399,1.0,0.9999989673688559,0.23136540632936325,0.042989032410427085,0.1576559697240701,0.28251935365277614,0.2458067016627819,0.0837873182909755,-0.02270766893697382,-0.007530285098714795,-0.015177383838259026,0.3783650424591776,0.5033152657117572,0.5049127477413752,0.14562385958680255,0.4966847342882428,0.4947640383767435,0.0,0.000323213881881332
0,RL,SILU,t2-10,25,1,P,175696,175696,0.18142916150351093,1.0,0.20021769536251627,-0.07887617407613562,-0.0504994866573532,0.20367318241406726,0.2221365639558623,-0.09594361484210566,0.00016538348961219515,0.001923202452537981,-0.0017578189629257855,4.057721613680692,0.48795647026682454,0.4952645478553866,0.12069711319551954,0.5120435297331755,0.5047354521446135,0.0,0.0
0,RL,SILU,t2-10,25,1,B,87077,87077,0.08991842213961174,1.0,0.20770218938399207,0.0022548781118947475,0.10704916963122756,0.2528299976043967,0.25445669533531856,0.0426006468248098,0.0006159577505168413,7.028320480085208e-06,0.0006089294300367559,-0.6847172166764997,0.5145101461924504,0.5181735705180472,0.13378963446145364,0.48548985380754967,0.48182642948195276,0.0,0.0
0,RL,SILU,t2-10,25,1,V,705627,705430,0.7286524163568773,0.9997208156717359,0.18474857964736963,0.024938681548090088,0.06253607611014893,0.23970338557901338,0.2351701167593009,0.04609777346062944,-0.0003403593941602867,-0.0002468225178580446,-9.35368763022421e-05,-6.257850204981038,0.5044469330762797,0.4982379541556214,0.11834483931786287,0.4955530669237203,0.5017620458443786,0.0,0.0
0,RL,SILU,t2-10,25,1,ALL,968400,968203,1.0,0.9997965716646015,0.18961908071069497,-0.06410977258482449,-0.030665852778438977,0.20995013831210962,0.22755608221038895,-0.07509251603756058,0.0004409818459687497,0.001683408255160022,-0.0012424264091912716,-3.8851773348094287,0.5023595258432374,0.4994913256827339,0.12016075141266862,0.4976404741567626,0.5005086743172661,0.0,0.0
0,RL,SILU,t2-10,25,2,P,39716,39716,0.041011978521272204,1.0,0.19733515120580966,-0.06306072308401467,0.6108178130033387,0.32583629879973686,0.27579095595634806,0.09996171830517163,-0.0029335096004111374,-6.29905803461514e-05,-0.002870519020064986,0.45681997560133175,0.5587924262262061,0.5838704804109175,0.14412327525430557,0.44120757377379394,0.4161295195890825,0.0,0.0
0,RL,SILU,t2-10,25,2,B,112638,112638,0.11631350681536555,1.0,0.18112185564975875,0.14728459132928576,0.2470016580501114,0.26018795292606123,0.2142961809879133,0.18885770518425,0.0007109808990147691,0.0005920356556114432,0.00011894524340332569,-0.5504648040229982,0.5138052877359328,0.5531614552815214,0.1187609865231982,0.4861947122640672,0.44683854471847867,0.0,0.0
0,RL,SILU,t2-10,25,2,V,816046,807764,0.8426745146633623,0.9898510623175655,0.19041641196485184,0.2535162170819837,0.2926131074602724,0.32294346095232657,0.3188517604399399,0.3393598394827546,-0.0025762438363791038,-0.003348366132001916,0.0007721222956228122,-11.423890798695094,0.500597946925092,0.5513479184514288,0.1252197424000079,0.49940205307490804,0.4486520815485711,0.0,0.0
0,RL,SILU,t2-10,25,2,ALL,968400,960118,1.0,0.9914477488641057,0.18961908071069491,0.16386053435799586,0.34553612642158466,0.3112069567429024,0.27626154108086204,0.2583903877409786,-0.004798772537775472,-0.002819321056736624,-0.0019794514810388478,-9.671913035064536,0.504554648491123,0.5529059969712056,0.1252439804274058,0.49544535150887703,0.4470940030287944,0.0,0.0
1,RL,LR,t2-10,25,1,P,35352,35352,0.03631059983566146,1.0,0.32519561889551574,0.41710716872348585,0.5197146290166405,0.5152919470937264,0.4490014608483429,0.5585447043985555,-0.009169522038119517,-0.009923161113301446,0.0007536390751819291,1.7369221845360132,0.5850871237836615,0.5824847250509165,0.22179791808101382,0.41491287621633854,0.4175152749490835,0.0,0.0
1,RL,LR,t2-10,25,1,B,44024,44024,0.0452177485620378,1.0,0.26789875772145544,-0.06465578241260836,-0.0837545882810915,0.2383676750861727,0.237844586386061,-0.08257931576334622,-0.00019030693422123315,-0.00023914099630022604,4.883406207899284e-05,-0.5663122524169393,0.4711293839723787,0.4804197710339815,0.1369480283481737,0.5288706160276213,0.5195802289660185,0.0,0.0
1,RL,LR,t2-10,25,1,V,894224,894224,0.9184716516023007,1.0,0.3211528109556562,0.011113859225532418,0.023026157384310113,0.29401865403282373,0.2772274630538932,0.015155095168919086,-0.0005785660849904646,-0.0006054203302643412,2.6854245273876473e-05,-5.849563529417799,0.5010713199377337,0.49703541841865123,0.17303829912862997,0.49892868006226626,0.5029645815813487,0.0,0.0
1,RL,LR,t2-10,25,1,ALL,973600,973600,1.0,1.0,0.3188915793479194,0.05378604458071438,0.07784093608188372,0.31840832903815824,0.3267597459507495,0.07615696625145185,-0.009938395057331215,-0.010767722439866012,0.0008293273825347985,-5.33519695466597,0.5027680772391125,0.4993868118323747,0.17317686935086277,0.4972319227608874,0.5006131881676253,0.0,0.0
1,RL,LR,t2-10,25,2,P,49326,49326,0.05066351684470008,1.0,0.30316579015987427,0.4468399889571186,0.6279577936725386,0.5411135776918181,0.4357456319293972,0.6294840487066006,-0.009573261918111734,-0.008922383989119407,-0.000650877928992325,0.5881582070626841,0.6044479584803146,0.5972103961399667,0.22199245833840164,0.39555204151968537,0.40278960386003326,0.0,0.0
1,RL,LR,t2-10,25,2,B,159592,159592,0.16391947411668037,1.0,0.21823731380596917,-0.07797790577429033,-0.09791724414822706,0.1791186429311331,0.17137375607275374,-0.10668562630160815,-0.0006361138665096584,-0.0007336145150945636,9.75006485849053e-05,-0.5353362396880035,0.47849516266479525,0.496002305879994,0.11293172590104768,0.5215048373352048,0.5039976941200061,0.0,0.0
1,RL,LR,t2-10,25,2,V,764682,764682,0.7854170090386196,1.0,0.34091289778337436,0.0668499709946564,0.09698036170401557,0.3137368847203677,0.2865776773626441,0.09595830745835007,0.0019645238881200004,0.0016410614362916008,0.0003234624518283989,-4.431452764540687,0.5115982853002947,0.5183200336872059,0.18590603675776335,0.4884017146997052,0.4816799663127941,0.0,0.0
1,RL,LR,t2-10,25,2,ALL,973600,973600,1.0,1.0,0.3188915793479195,0.08991075889426754,0.13135651199973666,0.3277621355265725,0.32332001189850607,0.13090486353088263,-0.008244851896501393,-0.00801493706792237,-0.00022991482857902086,-3.5384922476758582,0.5108761298274446,0.5186585866885784,0.175772391125719,0.4891238701725555,0.48134141331142155,0.0,0.0
1,RL,ELU1,t2-10,25,1,P,212754,212754,0.21852300739523417,1.0,0.19210150754635813,0.11293344552564773,0.1459060024248409,0.31337838660713824,0.3084228672234978,0.16122019014392874,-0.004185632345896986,-0.004611865876238546,0.00042623353034155917,5.497813506876823,0.47952094907733817,0.4768982016789344,0.1236780507064497,0.447549752296079,0.447733062598118,0.07292929862658282,0.07536873572294762
1,RL,ELU1,t2-10,25,1,B,72980,72980,0.07495891536565324,1.0,0.24752419403808973,-0.03836559547008486,0.001566727650442891,0.23954168899656417,0.2344971950936433,-0.06160671826642887,-0.00017527212873905736,-0.0007894995621630273,0.0006142274334239699,-0.525767245019772,0.4795149355987942,0.49076459303918885,0.1352425322006029,0.500561797752809,0.48862702110167167,0.01992326664839682,0.02060838585913949
1,RL,ELU1,t2-10,25,1,V,687866,687866,0.7065180772391125,1.0,0.20650042922326992,-0.03192184452142985,-0.019561179260526012,0.23568838276952384,0.25216761052851644,-0.047896203624324014,0.00018178342713031886,6.15676231805001e-05,0.00012021580394981873,-6.165559173482414,0.4617629014953494,0.4703459685461994,0.11807096149540754,0.4785496012304722,0.46836593173670454,0.0596874972741784,0.06128809971709606
1,RL,ELU1,t2-10,25,1,ALL,973600,973600,1.0,1.0,0.20642903046991726,0.027137934741430492,0.04940663841675637,0.2678379625361463,0.2821392063701396,0.0405699443297846,-0.004179121047505725,-0.005339797815221073,0.0011606767677153477,-3.1940912131533743,0.46697411668036154,0.4733083401807724,0.12058340180772391,0.47342543138866067,0.4653759244042728,0.059600451930977814,0.06131573541495481
1,RL,ELU1,t2-10,25,2,P,38679,38679,0.03972781429745275,1.0,0.3072703293251688,0.4090278612445063,0.6004910647669203,0.4725147608156144,0.3920871649591561,0.5975342596966974,-0.004235902913653659,-0.0035956904707684406,-0.0006402124428852178,1.1808357800178635,0.5906305747304739,0.6149331678688694,0.2260399700095659,0.4093694252695261,0.3850668321311306,0.0,0.0
1,RL,ELU1,t2-10,25,2,B,41107,41107,0.04222165160230074,1.0,0.28108123438654464,-0.134476866883464,-0.1128338655344024,0.18778931107986294,0.17700721818621107,-0.2131473229213006,-0.0008722688340582478,-0.0011877948547501286,0.00031552602069188126,-0.541551264754018,0.4511883620794512,0.46456807842946457,0.1317780426691318,0.5488116379205488,0.5354319215705354,0.0,0.0
1,RL,ELU1,t2-10,25,2,V,893814,893814,0.9180505341002465,1.0,0.19863191748575812,0.01678885940811752,0.04069484614115292,0.21397408780539023,0.225457763503158,0.025398296319867918,0.000170663928571626,-0.0002894084423501134,0.00046007237092173957,-22.421561057306853,0.506097465468207,0.4958089714414856,0.13145128628551353,0.49390253453179295,0.5041910285585144,0.0,0.0
1,RL,ELU1,t2-10,25,2,ALL,973600,973600,1.0,1.0,0.20642903046991712,0.03255145946551311,0.067118422275734,0.2267757016026483,0.2926954350868349,0.05000268756283093,-0.004937507819140281,-0.005072893767868683,0.00013538594872840307,-20.56007926826274,0.5071374281018899,0.4992224732949877,0.13522288414133113,0.4928625718981101,0.5007775267050123,0.0,0.0
1,RL,R,t2-10,25,1,P,5794,5794,0.005951109285127362,1.0,0.24421160738718875,0.60300791454001,0.7472343081366611,0.5698918263996415,0.43273871031656674,0.7669207767069728,-0.003710811818484467,-0.004295222166843399,0.0005844103483589302,0.7432758214228674,0.6273731446323784,0.6130479806696583,0.20348636520538488,0.3726268553676217,0.38695201933034173,0.0,0.0
1,RL,R,t2-10,25,1,B,222269,0,0.22829601479046838,0.0,0.13931106131100376,nan,nan,nan,nan,nan,0.0,0.0,0.0,-0.6106792789191592,nan,nan,nan,nan,nan,nan,nan
1,RL,R,t2-10,25,1,V,745537,0,0.7657528759244042,0.0,0.12935787560628795,nan,nan,nan,nan,nan,0.0,0.0,0.0,-6.249930661307662,nan,nan,nan,nan,nan,nan,nan
1,RL,R,t2-10,25,1,ALL,973600,5794,1.0,0.005951109285127362,0.1323136553467769,0.60300791454001,0.7472343081366611,0.5698918263996415,0.43273871031656674,0.7669207767069728,-0.003710811818484467,-0.004295222166843399,0.0005844103483589302,-4.9208947082745365,0.6273731446323784,0.6130479806696583,0.20348636520538488,0.3726268553676217,0.38695201933034173,0.0,0.0
1,RL,R,t2-10,25,2,P,589903,589903,0.6058987263763352,1.0,0.12946241477893164,0.0726797230826459,0.12278388549059847,0.2776144669264942,0.2211851633363241,0.10987993193496957,-0.005635669349477907,-0.004983076369466799,-0.00065259298001111,0.20124856395360927,0.5063323970212051,0.44698535182902954,0.10143362552826482,0.4936676029787948,0.5530146481709705,0.0,0.0
1,RL,R,t2-10,25,2,B,367363,0,0.37732436318816764,0.0,0.13408032168975742,nan,nan,nan,nan,nan,0.0,0.0,0.0,-0.5008113719567564,nan,nan,nan,nan,nan,nan,nan
1,RL,R,t2-10,25,2,V,16334,0,0.016776910435497124,0.0,0.19555275886931886,nan,nan,nan,nan,nan,0.0,0.0,0.0,-1.1276830807665736,nan,nan,nan,nan,nan,nan,nan
1,RL,R,t2-10,25,2,ALL,973600,589903,1.0,0.6058987263763352,0.13231365534677683,0.0726797230826459,0.12278388549059847,0.2776144669264942,0.2211851633363241,0.10987993193496957,-0.005635669349477907,-0.004983076369466799,-0.00065259298001111,-0.08595112146206364,0.5063323970212051,0.44698535182902954,0.10143362552826482,0.4936676029787948,0.5530146481709705,0.0,0.0
1,RL,GELU,t2-10,25,1,P,8832,8832,0.009071487263763353,1.0,0.20684939941138367,-0.0836178097123166,0.7809751766686273,0.3734922984189309,0.276656545015768,-0.044762861926925426,-0.011383129011522575,0.007068251249420292,-0.018451380260942857,0.6554346467518403,0.5531023550724637,0.5919384057971014,0.15772192028985507,0.44689764492753625,0.40806159420289856,0.0,0.0
1,RL,GELU,t2-10,25,1,B,16078,16078,0.016513968775677897,1.0,0.21046411304399312,0.3315616757346228,0.609575748322742,0.43536332187900545,0.4154053864442283,0.44940098078049284,0.005799241429845554,0.00505234676820446,0.0007468946616410957,-0.43046268765963275,0.4790396815524319,0.5529294688394079,0.13229257370319691,0.5209603184475681,0.4470705311605921,0.0,0.0
1,RL,GELU,t2-10,25,1,V,948690,499669,0.9744145439605587,0.5266936512454016,0.22078169192328842,0.24021673754138664,0.4239295936668984,0.38114735995679416,0.34470563761336687,0.3546673511132888,-0.016001070479812703,-0.01265050902081772,-0.0033505614589949824,-7.741018971502303,0.5019562950673345,0.5226359850220846,0.14254436436921242,0.4980437049326654,0.47736401497791536,0.0,0.0
1,RL,GELU,t2-10,25,1,ALL,973600,524579,1.0,0.5388034100246508,0.22048492113375837,0.17899984854555495,0.5234625281801953,0.38717390998642215,0.33836340542712084,0.2734248952252504,-0.021584958061489724,-0.0005299110031929683,-0.021055047058296746,-7.544124351239317,0.5021150293854691,0.5247312606871415,0.1424856885235589,0.4978849706145309,0.4752687393128585,0.0,0.0
1,RL,GELU,t2-10,25,2,P,857881,857881,0.8811431799506985,1.0,0.225248028293647,0.0488487484175726,0.16845631036473457,0.26756542262705935,0.23133424873602743,0.08106331571978637,-0.026749976814191886,-0.00902983922719297,-0.017720137586998915,0.4456370104231612,0.5027573754401834,0.5051388246155353,0.1377813472964199,0.49724262455981655,0.4948611753844647,0.0,0.0
1,RL,GELU,t2-10,25,2,B,102909,102909,0.10569946589975349,1.0,0.17183930347607865,0.028852777902812994,0.3542398692565345,0.2384754389403455,0.22263162425102187,0.09963361107832189,0.0029053274009035552,0.0002734825261987234,0.0026318448747048315,-0.23272083214646697,0.5179236024060092,0.578608284989651,0.12126247461349347,0.4820763975939908,0.42139171501034894,0.0,0.0
1,RL,GELU,t2-10,25,2,V,12810,12785,0.01315735414954807,0.998048399687744,0.29229543901836513,0.073950747946625,0.5100276077373123,0.3180741426736306,0.3324082916499977,0.16345244171539905,-0.000254709637044419,-2.530275270030648e-05,-0.0002294068843441125,-1.3307795360999215,0.5536175205318733,0.6719593273367227,0.22463824794681267,0.4463824794681267,0.3280406726632773,0.0,0.0
1,RL,GELU,t2-10,25,2,ALL,973600,973575,1.0,0.9999743221035333,0.22048492113375845,0.048668729133868834,0.1723215650160668,0.2673708363238372,0.23126173122002708,0.08161016687713597,-0.02409935905033275,-0.008781659453694553,-0.015317699596638196,0.35056200715492114,0.505028374804201,0.5150953958349382,0.1371758724289346,0.494971625195799,0.48490460416506176,0.0,0.0
1,RL,SILU,t2-10,25,1,P,184351,184351,0.1893498356614626,1.0,0.189305429966658,-0.08704359801004981,-0.06980025765438663,0.19335558392129745,0.2098425598617229,-0.1119415432537348,0.001189150387434594,0.0019125704468657204,-0.0007234200594311257,3.916976516256988,0.4871088304375892,0.4833442726104008,0.11467255398668844,0.5128911695624109,0.5165418142564998,0.0,0.00011391313309935938
1,RL,SILU,t2-10,25,1,B,82916,82916,0.08516433853738702,1.0,0.19697207859283414,-0.03975251047045578,0.10942116825343089,0.22811640301075445,0.22740032947482497,-0.027169013483663684,0.0005904585149451074,-0.00037863212939601344,0.0009690906443411206,-0.684527225471,0.5054874813063823,0.5201408654541946,0.12343817839741425,0.4945125186936176,0.47973853056104976,0.0,0.00012060398475565633
1,RL,SILU,t2-10,25,1,V,706333,705869,0.7254858258011504,0.9993430860514799,0.17589897529796164,-0.0025527669643273074,0.05177632423935156,0.2217582573203502,0.21774568639247133,0.013472067153131578,-0.00030013404951263344,-1.8979306893365998e-05,-0.00028115474261926744,-6.434397317773797,0.5010008939335769,0.5027646772984788,0.11382423650847395,0.4989991060664231,0.49713757085238197,0.0,9.775184913914621e-05
1,RL,SILU,t2-10,25,1,ALL,973600,973136,1.0,0.9995234182415776,0.18023216218931998,-0.07525121303944146,-0.047277475392111495,0.198309437175911,0.21285248309799298,-0.09417167965511153,0.0014794748528670681,0.001514959010576341,-3.548415770927257e-05,-3.9846825003428314,0.4987514591999474,0.5005662106838099,0.11480409726903537,0.5012485408000527,0.499331028756515,0.0,0.00010276055967511222
1,RL,SILU,t2-10,25,2,P,37931,37931,0.038959531635168444,1.0,0.180697827206558,-0.26057014404602097,0.5864800630482514,0.2921199598812419,0.2539417141168809,-0.1695280639974947,-0.002509432212084971,0.0010914501987591867,-0.0036008824108441596,0.35746426120938046,0.5484959531781393,0.5850359863963512,0.13645830587118715,0.45150404682186074,0.41464764967968154,0.0,0.0003163639239672036
1,RL,SILU,t2-10,25,2,B,108890,108890,0.11184264585045194,1.0,0.1712140066149327,0.18835999974239315,0.2830716996727547,0.26838663150638453,0.21294334714362664,0.2614525227826097,0.0008483928187862297,0.0008409930581632638,7.399760622966028e-06,-0.4939853042700765,0.5197630636422077,0.5415648819910001,0.10489484801175498,0.48023693635779224,0.45839838368996233,0.0,3.673431903756084e-05
1,RL,SILU,t2-10,25,2,V,826779,821548,0.8491978225143796,0.993673037171965,0.1813985244466174,0.24837585561802358,0.323014452807231,0.31376199225617685,0.30142924056913245,0.3342846732196322,-0.003059827574239754,-0.0034558342501715663,0.00039600667593181195,-10.98898279405438,0.5003882913718979,0.5558835271950026,0.11749161339325273,0.49961170862810206,0.444014226801112,0.0,0.00010224600388534815
1,RL,SILU,t2-10,25,2,ALL,973600,968369,1.0,0.9946271569433032,0.1802321621893199,0.1405907328493226,0.3563396951895619,0.30194959217332434,0.263196471644397,0.22631026004749527,-0.004720866967538495,-0.0015233909932491157,-0.003197475974289382,-9.37314224360674,0.5044512990399321,0.5554153427051052,0.11681807244965504,0.4955487009600679,0.4444813908747595,0.0,0.00010326642013529966
2,RL,LR,t2-10,25,1,P,59888,59888,0.06129157711595538,1.0,0.29144074694861605,0.23056236804120409,0.333113647220741,0.3867183866102512,0.36338126076784255,0.32064618330080835,-0.006887937134243729,-0.0075390162008518655,0.0006510790666081356,2.7799043661473353,0.5506111407961528,0.5533495858936682,0.17522709056906224,0.4493888592038472,0.44660032059845045,0.0,5.009350788137857e-05
2,RL,LR,t2-10,25,1,B,48100,48100,0.04922730529116774,1.0,0.25736942009330777,-0.04245341293436783,-0.037033195558049084,0.23571136071338833,0.23651376265223586,-0.05018551461196525,-6.657917431918946e-05,-0.00014179576622255744,7.521659190336797e-05,-0.5578683364736521,0.4781081081081081,0.4975675675675676,0.13376299376299378,0.5218918918918919,0.5024324324324324,0.0,0.0
2,RL,LR,t2-10,25,1,V,869112,869112,0.8894811175928768,1.0,0.301129410070949,0.017196150330643752,0.026491745719862746,0.2814485567371063,0.2653696718547704,0.024309618094000923,-8.644928686502315e-05,3.263327334065811e-05,-0.00011908256020568114,-5.750996654331109,0.502396699159602,0.5019479652795037,0.1633195721610103,0.497603300840398,0.4980324745257228,0.0,1.9560194773515956e-05
2,RL,LR,t2-10,25,1,ALL,977100,977100,1.0,1.0,0.2983813902418682,0.053658051945134226,0.08076983728241188,0.29999353023669856,0.30006439930737067,0.07672187993174556,-0.007040965595427942,-0.007648178693733765,0.0006072130983058224,-4.972480563446496,0.5041561764404872,0.5048828164977996,0.1625944120356156,0.49584382355951284,0.4950967147681916,0.0,2.0468734008801556e-05
2,RL,LR,t2-10,25,2,P,33598,33598,0.034385426261385736,1.0,0.2968717386117533,0.45768067468245793,0.6559179445602974,0.531244233912624,0.4309922241171003,0.6486516270887793,-0.006398386855968274,-0.005748927284489761,-0.0006494595714785138,0.6084564205379136,0.6066134888981487,0.6028335019941663,0.21923924043097803,0.3933865111018513,0.39713673432942437,0.0,2.9763676409310076e-05
2,RL,LR,t2-10,25,2,B,111629,111629,0.11424521543342545,1.0,0.2162732325960406,-0.1035665718573868,-0.12361416653508275,0.1600703791357652,0.1528406705232259,-0.1544744294985156,-0.000512693293807278,-0.0006349073626670234,0.0001222140688597455,-0.560910164761964,0.46484336507538365,0.4936799577170807,0.10653145687948472,0.5351566349246164,0.5063110840373022,0.0,8.958245617178332e-06
2,RL,LR,t2-10,25,2,V,831873,831873,0.8513693583051888,1.0,0.3094604525570469,0.05656437591156138,0.08581862723344075,0.2952380694829768,0.2669166805299879,0.08148273290057229,0.0014917753177959422,0.0012327609286807483,0.00025901438911519434,-5.250570986807591,0.5089118170682304,0.5157181444763804,0.1747622533728105,0.49108818293176965,0.48425540917904536,0.0,2.6446344574231883e-05
2,RL,LR,t2-10,25,2,ALL,977100,977100,1.0,1.0,0.29838139024186816,0.06980208008026322,0.10633306505851094,0.30334777342834257,0.29652047039800816,0.10199399983798675,-0.00541930483197961,-0.0051510737184760355,-0.000268231113503574,-4.513334521004577,0.5072367209088118,0.5161958857844642,0.16849657148705352,0.4927632790911882,0.4837795517347252,0.0,2.4562480810561866e-05
2,RL,ELU1,t2-10,25,1,P,173629,173629,0.17769829086071026,1.0,0.21426747327928158,0.13300315137682783,0.1799184826583674,0.30269824578327115,0.3158781758060763,0.19172346940441792,-0.005276834420966549,-0.006403129182985834,0.0011262947620192861,4.952034803065781,0.5291569956631669,0.5182256420298452,0.14324795973022939,0.46102321616780606,0.4714247043984588,0.009819788169027063,0.010349653571695972
2,RL,ELU1,t2-10,25,1,B,74139,74139,0.07587657353392693,1.0,0.27322137631202037,-0.028385984781019516,0.0033978007014826544,0.25407465052261236,0.24867893791205636,-0.03861525064961375,-0.00016020326656147603,-0.0008696396322509079,0.0007094363656894312,-0.5260263931899914,0.48693669998246536,0.49941326427386395,0.14738531676985123,0.5107972861786644,0.4983611864201028,0.00226601383887023,0.002225549306033262
2,RL,ELU1,t2-10,25,1,V,729332,729332,0.7464251356053628,1.0,0.22121178404168765,-0.038951341327208885,-0.025724501073597264,0.2348177932726504,0.2687274602788234,-0.060480178961589096,0.0003281203634389142,0.0002113171996332032,0.00011680316380571098,-6.474912709840071,0.48423214667668496,0.494320830568246,0.12584118069685685,0.5068555884014413,0.49633637355826976,0.008912264921873714,0.009342795873484229
2,RL,ELU1,t2-10,25,1,ALL,977100,977100,1.0,1.0,0.22392410154037193,0.028275033189504056,0.05585671635674177,0.26210230856411143,0.29203029205277575,0.04200488082322349,-0.005108917324089112,-0.007061451615603539,0.0019525342915144282,-3.9929825569913855,0.49242042779654077,0.4989550711288507,0.13056903080544469,0.49901033671067446,0.4920632483880872,0.008569235492784771,0.008981680483062122
2,RL,ELU1,t2-10,25,2,P,41611,41611,0.04258622454201208,1.0,0.33568801200410314,0.4098856021578443,0.6390185211361447,0.4794574234094342,0.4232910797239175,0.6025536502241636,-0.005069804702809037,-0.004665060141038685,-0.000404744561770351,1.1941373403318454,0.6119055057556896,0.6109201893730023,0.25031842541635624,0.3880944942443104,0.38907981062699765,0.0,0.0
2,RL,ELU1,t2-10,25,2,B,49386,49386,0.05054344488793368,1.0,0.3132962322527836,-0.12905512221494386,-0.03275399022742486,0.20883457723937096,0.1938877338540739,-0.20397081261598926,-0.0005670585216021074,-0.0013660249373469405,0.0007989664157448333,-0.53726543611635,0.4556959462195764,0.4985420969505528,0.14690398088527112,0.5443040537804236,0.5014579030494473,0.0,0.0
2,RL,ELU1,t2-10,25,2,V,886103,886103,0.9068703305700543,1.0,0.21369465854596892,0.019676679041143914,0.043054227826133586,0.21265571135554254,0.250476659544665,0.0287728572936998,0.0005369735398614395,-0.00022698411798451295,0.0007639576578459528,-18.09934747152683,0.5078777523606173,0.5031277402288448,0.1391982647615458,0.4921222476393828,0.4968722597711553,0.0,0.0
2,RL,ELU1,t2-10,25,2,ALL,977100,977100,1.0,1.0,0.22392410154037193,0.037786060868396,0.07633483784198543,0.22801340127118877,0.31648099800765184,0.05652012538728836,-0.005099889684549705,-0.006258069196370139,0.001158179511820435,-16.390062669656977,0.5096704533824583,0.5074864394637192,0.14431992631255758,0.4903295466175417,0.4925135605362808,0.0,0.0
2,RL,R,t2-10,25,1,P,8270,8270,0.008463821512639443,1.0,0.2639784993725777,0.5446588536037146,0.7157483899879666,0.5441173194204136,0.40493915282841175,0.7113990130762741,-0.004153025076801007,-0.00432247817344372,0.00016945309664271325,0.7697322249564758,0.5986698911729141,0.5889963724304715,0.1935912938331318,0.40133010882708586,0.4110036275695284,0.0,0.0
2,RL,R,t2-10,25,1,B,245972,0,0.2517367720806468,0.0,0.14354249372957686,nan,nan,nan,nan,nan,0.0,0.0,0.0,-0.5906976523377545,nan,nan,nan,nan,nan,nan,nan
2,RL,R,t2-10,25,1,V,722858,0,0.7397994064067137,0.0,0.1318933591792693,nan,nan,nan,nan,nan,0.0,0.0,0.0,-6.44290276288327,nan,nan,nan,nan,nan,nan,nan
2,RL,R,t2-10,25,1,ALL,977100,8270,1.0,0.008463821512639443,0.13594381975956496,0.5446588536037146,0.7157483899879666,0.5441173194204136,0.40493915282841175,0.7113990130762741,-0.004153025076801007,-0.00432247817344372,0.00016945309664271325,-4.908641083627783,0.5986698911729141,0.5889963724304715,0.1935912938331318,0.40133010882708586,0.4110036275695284,0.0,0.0
2,RL,R,t2-10,25,2,P,629187,629187,0.6439330672397913,1.0,0.13109009955518164,0.06496068983875378,0.11838448429302818,0.2853067309774728,0.2323744504884445,0.09924251194556509,-0.006717754691127434,-0.004789902347338602,-0.0019278523437888302,0.23571112133597905,0.5060355665326842,0.44203074761557376,0.1015167191947704,0.4939644334673158,0.5579692523844263,0.0,0.0
2,RL,R,t2-10,25,2,B,332481,0,0.3402732575990175,0.0,0.14009075477374405,nan,nan,nan,nan,nan,0.0,0.0,0.0,-0.4503592412585373,nan,nan,nan,nan,nan,nan,nan
2,RL,R,t2-10,25,2,V,15432,0,0.01579367516119128,0.0,0.24449232635534388,nan,nan,nan,nan,nan,0.0,0.0,0.0,-1.1852067599082825,nan,nan,nan,nan,nan,nan,nan
2,RL,R,t2-10,25,2,ALL,977100,629187,1.0,0.6439330672397913,0.13594381975956496,0.06496068983875378,0.11838448429302818,0.2853067309774728,0.2323744504884445,0.09924251194556509,-0.006717754691127434,-0.004789902347338602,-0.0019278523437888302,-0.020181791333296204,0.5060355665326842,0.44203074761557376,0.1015167191947704,0.4939644334673158,0.5579692523844263,0.0,0.0
2,RL,GELU,t2-10,25,1,P,11550,11550,0.011820693890082898,1.0,0.21156230742925264,-0.17168446638198043,0.7299219731126501,0.3484815259320018,0.2584972013384601,-0.10409084242435213,-0.013154075525606136,0.010777906598609124,-0.023931982124215267,0.663526560752868,0.530995670995671,0.5756709956709957,0.1548051948051948,0.469004329004329,0.42432900432900433,0.0,0.0
2,RL,GELU,t2-10,25,1,B,17065,17065,0.017464947293009927,1.0,0.2360089626332277,0.36922041067684724,0.5960555480478301,0.464725722068725,0.4124951706798783,0.4791264577462033,0.00633195552757673,0.006115916532322704,0.00021603899525402304,-0.4205911734609152,0.4965133313800176,0.5551128039847641,0.1556987987108116,0.5034866686199824,0.44488719601523585,0.0,0.0
2,RL,GELU,t2-10,25,1,V,948485,497448,0.9707143588169072,0.5244658587115242,0.23279631970981027,0.2510004935193343,0.41856955299322957,0.3876963161271528,0.34860016504507885,0.37409255465378033,-0.01702745788709519,-0.01380324933662302,-0.0032242085504721654,-7.761881120229791,0.49937480902526493,0.52364870298001,0.15011016226821697,0.500625190974735,0.4763492867596211,0.0,2.010260368922983e-06
2,RL,GELU,t2-10,25,1,ALL,977100,526063,1.0,0.5383921809436086,0.23260142758991226,0.1649545997991795,0.5090331095361593,0.391260458077945,0.33507650039231035,0.2712429184425156,-0.023849577885124592,0.003090573794308811,-0.026940151679433404,-7.534071713150721,0.49997623858739354,0.5258115472861615,0.1503945344949179,0.5000237614126065,0.4741865518008299,0.0,1.9009130085179912e-06
2,RL,GELU,t2-10,25,2,P,883258,883258,0.9039586531573022,1.0,0.23616951486724805,0.04313906981556032,0.16063068157951677,0.26835982557214216,0.2343635893743097,0.07831606228295959,-0.025729010284367825,-0.007213313332021972,-0.01851569695234584,0.5113116573773198,0.5022133963122892,0.5038493848909379,0.14395114451270183,0.4977866036877107,0.49614835076500863,0.0,2.264344053492864e-06
2,RL,GELU,t2-10,25,2,B,80843,80843,0.08273769317367721,1.0,0.18565159853814486,0.008792134617567554,0.3580930154576413,0.2459445036175133,0.22697794358072218,0.07109847121527917,0.0021897202119660897,-5.3854558003672473e-05,0.0022435747699697623,-0.245658136239974,0.5171134173645213,0.5855794564773698,0.1340746879754586,0.4828865826354786,0.4144205435226303,0.0,0.0
2,RL,GELU,t2-10,25,2,V,12999,12985,0.013303653669020572,0.9989229940764675,0.28214550002832073,0.010372371322119782,0.4832110483036474,0.3013418624170009,0.31242438953909263,0.07163622308437699,-0.00023345145432391218,3.3875267425321688e-06,-0.00023683898106644435,-1.3530514997091871,0.5417789757412399,0.6482094724682326,0.22325760492876395,0.4582210242587601,0.3517905275317674,0.0,0.0
2,RL,GELU,t2-10,25,2,ALL,977100,977086,1.0,0.9999856718861938,0.23260142758991217,0.04269099435394724,0.16365196146369212,0.2682491721728996,0.23432750811143074,0.07822414318726434,-0.023772741526725646,-0.007263780363283112,-0.016508961163442522,0.42387888109610966,0.5039720147458873,0.5125301150564024,0.14418792204575645,0.49602798525411274,0.48746783804086846,0.0,2.0469027291354087e-06
2,RL,SILU,t2-10,25,1,P,12770,12770,0.013069286664619793,1.0,0.24632302903039802,-0.04477181280625884,0.6864177343265546,0.3793042982779081,0.326185556740573,0.09681715465738813,-0.01084838914731048,0.0040952049478998115,-0.014943594095210289,0.7470413069819534,0.5595144870790916,0.5924040720438528,0.18292873923257635,0.4404855129209084,0.40602975724353957,0.0,0.0015661707126076742
2,RL,SILU,t2-10,25,1,B,35961,35961,0.03680380718452564,1.0,0.2578952848737486,0.2766337343002868,0.43189323557954734,0.41067330806678326,0.37349857051188845,0.36617420761721386,0.00507573803146194,0.005472393482784732,-0.00039665545132279185,-0.7349075074790119,0.4924501543338617,0.5373599176886071,0.15508467506465337,0.5075498456661384,0.4620839242512722,0.0,0.0005561580601206863
2,RL,SILU,t2-10,25,1,V,928369,926952,0.9501269061508546,0.9984736672594625,0.3365546912489274,0.13837837856690302,0.23261780038276164,0.3470454840513916,0.3293868252519142,0.22138029318252467,-0.01816098347746572,-0.013668869573551883,-0.004492113903913839,-8.740088059185352,0.503096168949417,0.523437028023026,0.1876731481241747,0.496903831050583,0.47595776264574646,0.0,0.0006052093312275069
2,RL,SILU,t2-10,25,1,ALL,977100,975683,1.0,0.9985497901954764,0.33248046216368693,0.13782198967349446,0.28670347635580384,0.35605480806540846,0.33403748709036124,0.22618717314492368,-0.023933634593314258,-0.00410127114286734,-0.019832363450446918,-8.321476924372263,0.503442204076529,0.5248528466725361,0.18640993027448463,0.49655779592347105,0.474531174572069,0.0,0.0006159787553949388
2,RL,SILU,t2-10,25,2,P,849858,849858,0.8697758673626036,1.0,0.3493906054878849,0.10471221561919215,0.224809350526279,0.3534366018631151,0.3011259743648088,0.17606058057758675,-0.03238613630397753,-0.017118921681790487,-0.015267214622187036,0.5981721676027671,0.5041583417465035,0.5042571817880164,0.19596214897076925,0.49584165825349646,0.49518507797773276,0.0,0.0005577402342508983
2,RL,SILU,t2-10,25,2,B,120269,120269,0.12308770852522771,1.0,0.21427648593502596,0.08857680045827054,0.346395490889458,0.28007587915835375,0.3055806835733667,0.18069268145062367,0.0044407721403004,0.001461901585200985,0.0029788705550994146,-0.41828286422472283,0.5274426493942745,0.5861443929857236,0.1546366894212141,0.4725573506057255,0.4129659346963889,0.0,0.0008896723178874024
2,RL,SILU,t2-10,25,2,V,6973,6973,0.007136424112168662,1.0,0.3102595288249186,0.10325901770021452,0.498086646251819,0.3600627368211342,0.3709085201797551,0.2663695946972402,-8.019141986011336e-05,-1.0159648480656157e-05,-7.003177137945718e-05,-1.8057356493032202,0.5838233185142693,0.6553850566470673,0.2513982503943783,0.41617668148573067,0.33486304316649934,0.0,0.009751900186433385
2,RL,SILU,t2-10,25,2,ALL,977100,977100,1.0,1.0,0.3324804621636871,0.10437235030557672,0.2279438632827817,0.35201517636231866,0.30126926600826187,0.17641162784062497,-0.02802555558353724,-0.015667179745070158,-0.012358375838467078,0.45590374120818533,0.507592876880565,0.5154150035820284,0.19127110838194658,0.4924071231194351,0.4839207859993859,0.0,0.0006642104185856104
0,RL,LR,t2-10,100,1,P,13500,13500,0.013940520446096654,1.0,0.186906410386975,0.5109769990904991,0.37124122786684943,0.36707834811833806,0.30768731277156547,0.8096721661495013,-0.0007337087268515764,-0.002357518197453308,0.00162380947060173,0.8576185075907825,0.608,0.5073333333333333,0.13607407407407407,0.392,0.49266666666666664,0.0,0.0
0,RL,LR,t2-10,100,1,B,26605,26605,0.027473151590251963,1.0,0.1631631688834221,-0.16926576753862765,-0.08061657369482578,0.15562573794471427,0.14880549286389327,-0.22869423986897736,-5.60644371319053e-05,-0.0001953174754852936,0.00013925303835338822,-0.5739274956163952,0.4430746100357076,0.48911858673181735,0.0815260289419282,0.5569253899642924,0.5108814132681827,0.0,0.0
0,RL,LR,t2-10,100,1,V,928295,928295,0.9585863279636514,1.0,0.2266010179825137,0.020893103241361323,0.03210089893718663,0.24501259290127642,0.2280692201585819,0.030506788184621426,0.0001880114541867256,0.00028354143641514426,-9.552998222841877e-05,-6.681675611182265,0.5025137483235393,0.4986927646922584,0.12686807534242886,0.4974862516764606,0.5013072353077416,0.0,0.0
0,RL,LR,t2-10,100,1,ALL,968400,968400,1.0,1.0,0.22430481684886944,0.02874095660446007,0.03725901947680352,0.24679909833660676,0.23474013828768506,0.046481222453083657,-0.000601761709796756,-0.0022692942365234573,0.0016675325267266996,-6.408774837516356,0.5023513011152416,0.49855018587360594,0.12575072284180092,0.4976486988847584,0.501449814126394,0.0,0.0
0,RL,LR,t2-10,100,2,P,3775,3775,0.0038981825691862867,1.0,0.19822166705399236,0.260584511766974,0.287280868563679,0.28696742388883223,0.2723005017180553,0.7698134808142573,-0.00016321605838097688,-0.0004629645304964873,0.00029974847211551044,0.306101707954503,0.6005298013245033,0.4842384105960265,0.11788079470198676,0.3994701986754967,0.5157615894039735,0.0,0.0
0,RL,LR,t2-10,100,2,B,84254,84254,0.0870033044196613,1.0,0.13436853139266727,-0.09241946510250156,-0.06137050722260327,0.12435144999850152,0.12323782942516963,-0.1633981766797753,-0.00012571008508245593,-0.00032141706362223726,0.00019570697853978113,-0.6249188605730744,0.469615685902153,0.517874522277874,0.07339710874261163,0.530384314097847,0.48212547772212594,0.0,0.0
0,RL,LR,t2-10,100,2,V,880371,880371,0.9090985130111524,1.0,0.233023817912401,0.030835465589634632,0.03931490568557979,0.24813099024029225,0.22126897093032866,0.04962178093344354,0.00020421031184423527,0.00038852363110225194,-0.00018431331925801653,-5.103399711003493,0.5033275743976119,0.5131825105552091,0.130678997831596,0.49667242560238806,0.48681748944479086,0.0,0.0
0,RL,LR,t2-10,100,2,ALL,968400,968400,1.0,1.0,0.22430481684886927,0.03056671045516407,0.03921208670684886,0.24756913889389398,0.2184005702121905,0.0501319639938853,-8.471583161919756e-05,-0.0003958579630164726,0.00031114213139727504,-4.6926698540965015,0.5007734407269723,0.513477901693515,0.12564539446509707,0.49922655927302767,0.4865220983064849,0.0,0.0
0,RL,ELU1,t2-10,100,1,P,152135,152135,0.15709933911606774,1.0,0.11047494192832329,0.06854278146349246,0.06342362386331481,0.1623944312684334,0.16925813904002682,0.14887337149732616,-0.0001245034457101063,-0.00042781571232615944,0.0003033122666160531,6.2428621250009275,0.4471554869030795,0.43450882439938215,0.0696026555362014,0.4259835014953824,0.43541591349788017,0.12686101160153812,0.1300752621027377
0,RL,ELU1,t2-10,100,1,B,53865,53865,0.05562267657992565,1.0,0.12183013111641572,-0.09155317415577065,-0.0011607880301022966,0.13724970125411423,0.13557774817935397,-0.14065210878376366,-1.6550480477878102e-07,-0.00020867926484165162,0.0002085137600368729,-0.5399153228547312,0.45352269562795877,0.48755221386800335,0.06980413997957857,0.5126891302329899,0.47754571614220737,0.03378817413905133,0.034902069989789286
0,RL,ELU1,t2-10,100,1,V,762400,762400,0.7872779843040066,1.0,0.11379865894972899,-0.03441109790203788,-0.0007506663004735722,0.14654706254647687,0.15065014588507936,-0.07280522601285183,7.471145620879075e-06,-6.45055120958265e-05,7.197665771670555e-05,-6.706240116169682,0.44112932843651625,0.45462618048268627,0.0695291185729276,0.46937696747114377,0.4532161594963274,0.08949370409233998,0.09215766002098635
0,RL,ELU1,t2-10,100,1,ALL,968400,968400,1.0,1.0,0.11372323718104563,-0.009620291693797257,0.015765308922373083,0.15034406345393458,0.1570809715238202,-0.012522297162049712,-0.000117197804894006,-0.0007010004892636375,0.0005838026843696315,-4.328957222270053,0.44276538620404793,0.4532971912432879,0.06955596860801322,0.46496902106567534,0.45177302767451466,0.09226559273027675,0.09492978108219743
0,RL,ELU1,t2-10,100,2,P,5198,5198,0.0053676166873192896,1.0,0.12897397652346765,0.09644385565869816,0.2293602702747633,0.19231427135864382,0.1681823013278767,0.2216037848327635,-0.00012422329294633456,-0.00010683826823759454,-1.7385024708740053e-05,1.9047073855247174,0.515390534821085,0.5661792997306656,0.08714890342439399,0.48460946517891496,0.43382070026933434,0.0,0.0
0,RL,ELU1,t2-10,100,2,B,4949,4949,0.005110491532424618,1.0,0.13888157520517852,-0.15782155251250016,0.047210809375846395,0.12174487398755404,0.13602744754363824,-0.38371920167278695,2.054578359832056e-05,-8.499422819489287e-05,0.0001055400117932134,-0.598992240592799,0.4471610426348757,0.5091937765205092,0.06890280864821176,0.5528389573651242,0.4908062234794908,0.0,0.0
0,RL,ELU1,t2-10,100,2,V,958253,958253,0.9895218917802561,1.0,0.11351057731148784,0.0016202492604025398,0.0020035542137139635,0.15123120073674598,0.12456258796074526,0.004077414054765441,-1.4015350320121558e-05,-0.000362348439995454,0.00034833308967533225,-21.287034351859255,0.49987425032846233,0.5031113912505362,0.08477823706265464,0.5001257496715377,0.4968886087494639,0.0,0.0
0,RL,ELU1,t2-10,100,2,ALL,968400,968400,1.0,1.0,0.11372323718104561,0.0022681104130351016,0.0041139441272638735,0.15155880708617175,0.1395454666287504,0.005464754468140746,-0.00011769285966813557,-0.0005541809364279414,0.00043648807675980556,-21.056823907869603,0.4996881453944651,0.5034809995869476,0.08470983064849236,0.500311854605535,0.49651900041305247,0.0,0.0
0,RL,R,t2-10,100,1,P,1361,1361,0.0014054109871953738,1.0,0.14626277356314846,0.4333376686694889,0.5315978306199675,0.355142644680378,0.26572683822921483,0.7930222345669083,-0.0002918835257317356,-0.0005451592218351974,0.0002532756961034617,0.4994708453041138,0.5701689933872153,0.5113886847905952,0.0940484937545922,0.4298310066127847,0.4886113152094049,0.0,0.0
0,RL,R,t2-10,100,1,B,199040,0,0.20553490293267246,0.0,0.10515594309808156,nan,nan,nan,nan,nan,0.0,0.0,0.0,-0.600236840740716,nan,nan,nan,nan,nan,nan,nan
0,RL,R,t2-10,100,1,V,767999,0,0.7930596860801322,0.0,0.10370987389376642,nan,nan,nan,nan,nan,0.0,0.0,0.0,-6.647599146123066,nan,nan,nan,nan,nan,nan,nan
0,RL,R,t2-10,100,1,ALL,968400,1361,1.0,0.0014054109871953738,0.10406689590004163,0.4333376686694889,0.5315978306199675,0.355142644680378,0.26572683822921483,0.7930222345669083,-0.0002918835257317356,-0.0005451592218351974,0.0002532756961034617,-5.394610550995396,0.5701689933872153,0.5113886847905952,0.0940484937545922,0.4298310066127847,0.4886113152094049,0.0,0.0
0,RL,R,t2-10,100,2,P,509732,509732,0.5263651383725734,1.0,0.10381487594627249,0.0047564318040559245,0.011899826251332978,0.2236663253213725,0.21586244842012067,0.015485269063735584,-0.0005101753260122933,-0.0005351226882133822,2.4947362201089166e-05,0.18823609357404963,0.5015204068020057,0.43451656949141904,0.08960394874169171,0.49847959319799423,0.565483430508581,0.0,0.0
0,RL,R,t2-10,100,2,B,441020,0,0.4554109871953738,0.0,0.10428905748544114,nan,nan,nan,nan,nan,0.0,0.0,0.0,-0.44905730272480987,nan,nan,nan,nan,nan,nan,nan
0,RL,R,t2-10,100,2,V,17648,0,0.01822387443205287,0.0,0.1057942832913474,nan,nan,nan,nan,nan,0.0,0.0,0.0,-1.0190506061357836,nan,nan,nan,nan,nan,nan,nan
0,RL,R,t2-10,100,2,ALL,968400,509732,1.0,0.5263651383725734,0.10406689590004163,0.0047564318040559245,0.011899826251332978,0.2236663253213725,0.21586244842012067,0.015485269063735584,-0.0005101753260122933,-0.0005351226882133822,2.4947362201089166e-05,-0.12399576238650607,0.5015204068020057,0.43451656949141904,0.08960394874169171,0.49847959319799423,0.565483430508581,0.0,0.0
0,RL,GELU,t2-10,100,1,P,2764,2764,0.0028541924824452706,1.0,0.12297280026370003,-0.5217541685494899,0.5514398665407209,0.1497328673409935,0.11594873018524642,-0.12588641729228103,-0.0008215101844728742,0.002909094380485597,-0.0037306045649584713,0.49200616350963855,0.5408827785817656,0.4927641099855282,0.07525325615050651,0.45911722141823447,0.5072358900144718,0.0,0.0
0,RL,GELU,t2-10,100,1,B,7438,7438,0.007680710450227179,1.0,0.12041138500581605,0.05830804260938564,0.6180301912538745,0.31658007756013173,0.35994164025419545,0.07613748538659881,0.0015244110442205591,0.0007693833641822155,0.0007550276800383438,-0.4406405473784921,0.4498521107824684,0.53979564399032,0.07999462221027158,0.5501478892175315,0.46020435600968,0.0,0.0
0,RL,GELU,t2-10,100,1,V,958198,408043,0.9894650970673275,0.42584413659807263,0.12450296973369007,0.021709277167081858,0.28883736467917887,0.252712074938815,0.23325146507242348,0.2397295843768839,-0.002411360735854688,-0.001641075515485676,-0.0007702852203690125,-8.783249770945835,0.5040081560031663,0.5230331117063642,0.0953821043370429,0.49599184399683366,0.4769546346831094,0.0,1.2253610526341587e-05
0,RL,GELU,t2-10,100,1,ALL,968400,418245,1.0,0.4318928128872367,0.1244671760579146,-0.05787556564865533,0.3608104847498756,0.25238540024448497,0.23578100823472342,0.15800271472660396,-0.0017084598761070032,0.0020374022291821366,-0.0037458621052891402,-8.69269923933934,0.5032887422443783,0.5231311790935934,0.09497543305957035,0.4967112577556217,0.476856866190869,0.0,1.1954715537543785e-05
0,RL,GELU,t2-10,100,2,P,891044,891044,0.920119785212722,1.0,0.1258521412531714,-0.006216531747341975,0.02987382417102356,0.18808891840430556,0.18116837001089683,0.013324404974460897,-0.0036283420703423913,0.0020378205264379935,-0.005666162596780387,0.4017551310759641,0.4979271506233138,0.4798146892858265,0.09624889455515104,0.5020728493766862,0.5201830661561045,0.0,2.244558068961802e-06
0,RL,GELU,t2-10,100,2,B,76001,76001,0.07848099958694754,1.0,0.10728343966476626,-0.11246379753726089,0.07610459463195932,0.1314935112959343,0.12427232467754729,-0.0006828332130696854,0.00029961387043557275,-0.0007227936903167465,0.0010224075607523195,-0.14097208330375083,0.4774279285798871,0.5342034973224037,0.0708148576992408,0.5225720714201129,0.46579650267759637,0.0,0.0
0,RL,GELU,t2-10,100,2,V,1355,1355,0.001399215200330442,1.0,0.1775418787687809,-0.37748777083648427,0.18450157574223094,0.19372732807892723,0.17982708608751807,-0.1455280569375858,-5.720252892096681e-06,3.50433184013812e-05,-4.0763571293477866e-05,-1.2901005988828018,0.3948339483394834,0.5217712177121772,0.1121771217712177,0.6051660516605166,0.4782287822878229,0.0,0.0
0,RL,GELU,t2-10,100,2,ALL,968400,968400,1.0,1.0,0.12446717605791456,-0.007003566972980001,0.03019013388759982,0.18779351604431851,0.1804473526659155,0.013165739533330674,-0.0033344484527989154,0.0013500701545226285,-0.004684518607321546,0.3567940865342801,0.4961741016109046,0.48414188351920695,0.09427509293680297,0.5038258983890954,0.5158560512185048,0.0,2.0652622883106154e-06
0,RL,SILU,t2-10,100,1,P,167419,167419,0.17288207352333745,1.0,0.11506033290106482,-0.08102857368179059,-0.03427288406490332,0.14525123458190176,0.1542784591390655,-0.10938437680493306,0.00016997203102720503,0.00047641306032974215,-0.000306441029302537,4.884731141348162,0.4856438038693338,0.4948900662409882,0.085969931728179,0.5143561961306662,0.5051099337590118,0.0,0.0
0,RL,SILU,t2-10,100,1,B,72323,72323,0.07468298223874432,1.0,0.11846609447092976,-0.08889290848608827,0.026323745200215565,0.1646627363366848,0.16139315390316805,-0.0500921451318049,3.726045470620769e-05,-0.00021751913403947562,0.00025477958874568334,-0.690322589476871,0.5101834824329743,0.501859712677848,0.09121579580493065,0.4898165175670257,0.498140287322152,0.0,0.0
0,RL,SILU,t2-10,100,1,V,728658,728405,0.7524349442379182,0.99965278635519,0.11010794292613447,-0.003450719642921065,0.010123437858493511,0.16355536208070046,0.1642179796591192,0.027312080617669127,-2.4477652101563123e-05,-5.239455770915361e-05,2.7916905607590452e-05,-6.522381682395145,0.5045695732456532,0.49858389220282673,0.08769571872790549,0.49543042675434684,0.5014161077971733,0.0,0.0
0,RL,SILU,t2-10,100,1,ALL,968400,968147,1.0,0.9997387443205287,0.11158833405726529,-0.06959805530403242,-0.02396734748194059,0.14923085195791683,0.1573155236604382,-0.08689128393882636,0.00018275483363184962,0.0002064993685811129,-2.374453494926315e-05,-4.114740798860026,0.5017161650038682,0.49818984100554975,0.0876602416781749,0.49828383499613177,0.5018101589944503,0.0,0.0
0,RL,SILU,t2-10,100,2,P,16329,16329,0.01686183395291202,1.0,0.10524950882214999,-0.5439980963226044,0.0901134742691284,0.08918011267507601,0.12753789663746595,-0.18284023091125948,-6.360117413362929e-05,0.0006605721370858636,-0.0007241733112194925,0.2154095607197237,0.47045134423418455,0.5109927123522567,0.0654663482148325,0.5295486557658154,0.48900728764774326,0.0,0.0
0,RL,SILU,t2-10,100,2,B,107358,107358,0.11086121437422553,1.0,0.11018721810684538,-0.008889237961753052,0.04821697719244631,0.1428396645518484,0.1336838049661952,0.006879067749800039,5.62271163627996e-05,-0.00011678438680066437,0.00017301150316346398,-0.46602269873857083,0.4945975148568341,0.5351813558374784,0.07690158162409881,0.5054024851431659,0.46481864416252167,0.0,0.0
0,RL,SILU,t2-10,100,2,V,844713,820907,0.8722769516728625,0.9718176469404401,0.11188894229162351,0.08646096415703046,0.09017500356602873,0.1775029801779028,0.17903190088791496,0.1638806017861433,-0.0002474324169751227,-0.0005384287782754476,0.00029099636130032507,-14.446123287560768,0.5001297345497114,0.5540810347578958,0.0901880480980184,0.4998702654502885,0.44591896524210417,0.0,0.0
0,RL,SILU,t2-10,100,2,ALL,968400,944594,1.0,0.9754171829822388,0.11158833405726536,-0.006506688598784387,0.07584997526422088,0.1603431820308218,0.1468069981375438,0.0792930842072563,-0.00025480647474595235,5.358972009751528e-06,-0.00026016544675570353,-12.649052026827244,0.4989879249709399,0.5511881295032575,0.08825061349108718,0.5010120750290601,0.44881187049674254,0.0,0.0
1,RL,LR,t2-10,100,1,P,19166,19166,0.01968570254724733,1.0,0.21913828470901825,0.18363370696204187,0.24435510349572112,0.31458658803895106,0.29625156600269137,0.335778755088043,-0.0008263430019443478,-0.002193395801061155,0.0013670527991168071,2.7155797483873747,0.5674632161118648,0.5213398726912241,0.13743086716059688,0.4325367838881352,0.47866012730877594,0.0,0.0
1,RL,LR,t2-10,100,1,B,23805,23805,0.02445049301561216,1.0,0.1666785669623673,-0.1756085029513665,-0.05747087429250099,0.15839685289377414,0.15670966546351187,-0.2446612238277164,-3.55454780110619e-05,-0.00017899334063268066,0.00014344786262161872,-0.5831781625241924,0.4406637261079605,0.48754463348036126,0.08409997899600924,0.5593362738920394,0.5124553665196387,0.0,0.0
1,RL,LR,t2-10,100,1,V,930629,930629,0.9558638044371405,1.0,0.22604586410712357,0.020149567055693235,0.026106399918407467,0.2534162119614663,0.2358460566496975,0.031054436619891244,9.086941141767655e-05,0.0003010898199518474,-0.0002102204085341711,-6.574033838167194,0.5020969688243113,0.49347699244274573,0.1316378492396003,0.4979030311756887,0.5065230075572543,0.0,0.0
1,RL,LR,t2-10,100,1,ALL,973600,973600,1.0,1.0,0.22445832386957734,0.027476535129985016,0.035761632556742674,0.2560289357411637,0.24225204714568646,0.0452911274617754,-0.0007710190685377332,-0.002071299321741988,0.0013002802532042547,-6.244681893468564,0.5018816762530813,0.49388044371405093,0.13058956450287593,0.49811832374691867,0.5061195562859491,0.0,0.0
1,RL,LR,t2-10,100,2,P,3786,3786,0.003888660640920296,1.0,0.17346691839798326,0.13501447175135026,0.24438556107204598,0.2988132675733684,0.24027109395534618,0.5881244753707525,-0.00010225656946893023,-0.00028154696417567477,0.00017929039470674456,0.32933081943402814,0.5544109878499736,0.48335974643423135,0.09904912836767037,0.4455890121500264,0.5166402535657686,0.0,0.0
1,RL,LR,t2-10,100,2,B,88898,88898,0.09130854560394412,1.0,0.12964133775780093,-0.07012568152815876,-0.04603264563113008,0.1289870475847305,0.1278150501754576,-0.13097974948759555,-9.306444088093808e-05,-0.00027046168871259525,0.00017739724783165712,-0.6309515379964451,0.47834596953812236,0.5131499021350312,0.07949560170082566,0.5216540304618776,0.48685009786496886,0.0,0.0
1,RL,LR,t2-10,100,2,V,880916,880916,0.9048027937551356,1.0,0.23424596978868897,0.03055721728414975,0.03960064998935539,0.24846940080251023,0.22143690371259447,0.05048220999036706,0.00011880906227806814,0.0003102979800588664,-0.0001914889177807982,-5.168546850420969,0.5028288735815901,0.5104425393567604,0.12862179821912645,0.49717112641840994,0.4895574606432395,0.0,0.0
1,RL,LR,t2-10,100,2,ALL,973600,973600,1.0,1.0,0.22445832386957731,0.030162678610357825,0.039455964162190264,0.24790750200057615,0.21774900937655464,0.05055302966628197,-7.651194807180016e-05,-0.00024171067282940367,0.00016519872475760343,-4.732846241400852,0.500793960558751,0.5105844289235826,0.12402115858668858,0.49920603944124897,0.4894155710764174,0.0,0.0
1,RL,ELU1,t2-10,100,1,P,185680,185680,0.19071487263763354,1.0,0.10659149107375505,0.022937936387609596,-0.007059239329818318,0.1454047777856237,0.16023784225558338,0.08749243232908806,2.3588957054203305e-05,-0.00020928823755501542,0.00023287719460921878,6.844786384917847,0.41173524342955625,0.40613959500215424,0.0644872899612236,0.40613959500215424,0.40752369668246446,0.18212516156828953,0.1863367083153813
1,RL,ELU1,t2-10,100,1,B,53339,53339,0.05478533278553821,1.0,0.11517800465626317,-0.10463612659405766,0.02405946905050842,0.14691548805353993,0.1470946573921503,-0.18168346475574412,2.3320677890481013e-05,-0.0001702824060345238,0.00019360308392500487,-0.5377620172439332,0.44809613978514784,0.47169988188754947,0.06957385777761113,0.4937100433078985,0.46870020060368583,0.05819381690695364,0.05959991750876469
1,RL,ELU1,t2-10,100,1,V,734581,734581,0.7544997945768283,1.0,0.10827703243283922,-0.03604739856022266,0.005419360472903651,0.15067718157008614,0.1510769213804099,-0.07480219357368822,4.334724700224304e-06,-5.885867171115464e-05,6.319339641137892e-05,-6.705627696401973,0.4229690122668569,0.43504936827933205,0.06705455218689294,0.44722229406968056,0.4321130004723781,0.12980869366346257,0.13283763124828984
1,RL,ELU1,t2-10,100,1,ALL,973600,973600,1.0,1.0,0.10833364668702004,-0.021062347957182367,0.002469171884549016,0.14900885843164077,0.15486019917795585,-0.023173291372688608,5.124435964490862e-05,-0.00043842931530069387,0.0004896736749456026,-3.7834536268866947,0.4222031635168447,0.4315437551355793,0.06670295809367296,0.44193405916187345,0.42942789646672147,0.13586277732128185,0.13902834839769926
1,RL,ELU1,t2-10,100,2,P,2857,2857,0.002934470008216927,1.0,0.12896481154973008,0.05566829959400413,0.03193741292856648,0.1714866002786917,0.18382553803381685,0.2966615560681766,-2.235531449459476e-05,-4.090059483198555e-05,1.8545280337390792e-05,1.3392134882261522,0.5113755687784389,0.5470773538676934,0.08050402520126006,0.4886244312215611,0.4529226461323066,0.0,0.0
1,RL,ELU1,t2-10,100,2,B,3649,3649,0.0037479457682826622,1.0,0.13019225121784073,-0.15852614543727583,-0.008169460866110069,0.10685034088870543,0.1093025638359169,-0.3910388936525562,2.6352296983436207e-07,-8.66434007161088e-05,8.690692368594315e-05,-0.6262875448954508,0.45491915593313237,0.510002740476843,0.06330501507262264,0.5450808440668676,0.48999725952315704,0.0,0.0
1,RL,ELU1,t2-10,100,2,V,967094,967094,0.9933175842235004,1.0,0.10819022186384283,0.0010577675974522709,0.0026062516352077575,0.16114316145934396,0.12956484812715566,0.002766409382251303,-7.642471836294854e-07,-0.0002801934111531347,0.0002794291639695053,-25.53747396227246,0.5001582059241397,0.48601583713682434,0.08645281637565738,0.49984179407586027,0.5139841628631756,0.0,0.0
1,RL,ELU1,t2-10,100,2,ALL,973600,973600,1.0,1.0,0.10833364668702003,0.0010523251640857357,0.002679341192135524,0.16111678904411134,0.13851062258524927,0.0033041631062541493,-2.2856038708389886e-05,-0.000407737406701229,0.0003848813679928392,-25.365239353312845,0.500021569433032,0.48628492193919476,0.08634860312243221,0.49997843056696795,0.5137150780608053,0.0,0.0
1,RL,R,t2-10,100,1,P,1261,1261,0.0012951930977814297,1.0,0.1466697433223067,0.42422994916246165,0.5196618456744031,0.22915437993235266,0.25001896492108405,0.8635566759052722,-0.00032949748462039605,-0.0005770415286577875,0.00024754404403739123,0.5315120295528831,0.5820777160983347,0.5130848532910388,0.10864393338620143,0.41792228390166536,0.48691514670896113,0.0,0.0
1,RL,R,t2-10,100,1,B,215186,0,0.22102095316351683,0.0,0.10484186732489874,nan,nan,nan,nan,nan,0.0,0.0,0.0,-0.6124499454802885,nan,nan,nan,nan,nan,nan,nan
1,RL,R,t2-10,100,1,V,757153,0,0.7776838537387017,0.0,0.10343172881538489,nan,nan,nan,nan,nan,0.0,0.0,0.0,-6.514779899263188,nan,nan,nan,nan,nan,nan,nan
1,RL,R,t2-10,100,1,ALL,973600,1261,1.0,0.0012951930977814297,0.10379940055080136,0.42422994916246165,0.5196618456744031,0.22915437993235266,0.25001896492108405,0.8635566759052722,-0.00032949748462039605,-0.0005770415286577875,0.00024754404403739123,-5.20111499832136,0.5820777160983347,0.5130848532910388,0.10864393338620143,0.41792228390166536,0.48691514670896113,0.0,0.0
1,RL,R,t2-10,100,2,P,575630,575630,0.5912387017255546,1.0,0.10332655739661623,0.004238011120316942,0.011248678350783602,0.2066271807512359,0.20148955039401545,0.017379873482952453,-0.000340025713413327,-8.513910808094607e-05,-0.0002548866053323809,0.1701832973745053,0.49986970797213487,0.4328631238816601,0.08798533780379758,0.5001302920278651,0.56713687611834,0.0,0.0
1,RL,R,t2-10,100,2,B,384511,0,0.3949373459326212,0.0,0.10437075318276956,nan,nan,nan,nan,nan,0.0,0.0,0.0,-0.4715984336907632,nan,nan,nan,nan,nan,nan,nan
1,RL,R,t2-10,100,2,V,13459,0,0.013823952341824158,0.0,0.10769949216034413,nan,nan,nan,nan,nan,0.0,0.0,0.0,-1.05224975617861,nan,nan,nan,nan,nan,nan,nan
1,RL,R,t2-10,100,2,ALL,973600,575630,1.0,0.5912387017255546,0.10379940055080134,0.004238011120316942,0.011248678350783602,0.2066271807512359,0.20148955039401545,0.017379873482952453,-0.000340025713413327,-8.513910808094607e-05,-0.0002548866053323809,-0.10017913243384395,0.49986970797213487,0.4328631238816601,0.08798533780379758,0.5001302920278651,0.56713687611834,0.0,0.0
1,RL,GELU,t2-10,100,1,P,2732,2732,0.00280608052588332,1.0,0.10671743544916487,-0.6023248029466245,0.5927512636986201,0.15152420902616637,0.1422828278516073,-0.2524775012780041,-0.0008652128337215606,0.002748738069893968,-0.00361395090361553,0.46619027119269335,0.527818448023426,0.4937774524158126,0.07613469985358712,0.47218155197657397,0.5062225475841874,0.0,0.0
1,RL,GELU,t2-10,100,1,B,8315,8315,0.008540468364831553,1.0,0.10521266731165833,0.00010939852288551685,0.6052302056678883,0.3207567108432322,0.2971955895453818,-0.03194776313752467,0.0010722714891889308,0.00013822926045852171,0.0009340422287304097,-0.4445120022322418,0.42513529765484065,0.5468430547203849,0.06891160553217078,0.5748647023451593,0.45315694527961514,0.0,0.0
1,RL,GELU,t2-10,100,1,V,962553,408910,0.9886534511092852,0.4248181658568411,0.12071966795507706,0.02204981501598503,0.2617969365499858,0.23545700805730563,0.21918458456761836,0.22836547743257454,-0.0020498273518064136,-0.0015152389090255282,-0.0005345884427808862,-8.801311842267046,0.505827688244357,0.5327871658800225,0.0928272725049522,0.494172311755643,0.4672128341199775,0.0,0.0
1,RL,GELU,t2-10,100,1,ALL,973600,419957,1.0,0.43134449465899755,0.12054793951469478,-0.07928698542422435,0.3420189396601028,0.23851268174002518,0.21808579894183316,0.11676571985259077,-0.0018427686963390436,0.0013717284213269614,-0.0032144971176660065,-8.703935500397838,0.5043730667663594,0.5328116926256736,0.09224515843288718,0.4956269332336406,0.46718830737432643,0.0,0.0
1,RL,GELU,t2-10,100,2,P,865770,865770,0.8892460969597371,1.0,0.12362279233036337,-0.007078093149079949,0.028442433622153485,0.17483223089008879,0.1681920471513292,0.009902412135298898,-0.0032258225486174502,0.003017215686387853,-0.0062430382350053045,0.38212567467984376,0.4961964494034212,0.4939256384490107,0.08828326229830094,0.5038035505965788,0.5060743615509893,0.0,0.0
1,RL,GELU,t2-10,100,2,B,106460,106460,0.1093467543138866,1.0,0.09553170499339465,-0.14315584696528247,0.058761716831843225,0.12180271366862602,0.1223714973397604,-0.07702826866799782,0.0002736571708621834,-0.0011509013997953428,0.0014245585706575265,-0.15323085549276036,0.4739996242720271,0.5113657711816645,0.0631598722524892,0.526000375727973,0.4886342288183355,0.0,0.0
1,RL,GELU,t2-10,100,2,V,1370,1370,0.0014071487263763352,1.0,0.12136035186225548,-0.4619558840083151,0.2094103251135438,0.10847270199888259,0.09696756960160302,-0.2619820247111403,-1.1516184767808707e-05,4.400552127542035e-05,-5.552170604322907e-05,-1.2664344138257613,0.345985401459854,0.5124087591240876,0.060583941605839416,0.654014598540146,0.48759124087591244,0.0,0.0
1,RL,GELU,t2-10,100,2,ALL,973600,973600,1.0,1.0,0.12054793951469472,-0.008559143691380626,0.028802135690071777,0.17433625162758562,0.1673168300598104,0.008971193779692722,-0.0029636815625230756,0.0019103198078679305,-0.004874001370391006,0.32126640647582966,0.49355792933442894,0.4958586688578472,0.08549712407559573,0.5064420706655711,0.5041413311421529,0.0,0.0
1,RL,SILU,t2-10,100,1,P,180135,180135,0.1850195152013147,1.0,0.1112411141218762,-0.09684665511244897,-0.03407422354662699,0.14998313694521898,0.16336534210332804,-0.13861842733090554,0.00011374860739384984,0.0003119082024015393,-0.00019815959500768944,4.866651535252887,0.4809004357842729,0.49081522191689564,0.08201626557859383,0.5190995642157271,0.5091847780831044,0.0,0.0
1,RL,SILU,t2-10,100,1,B,71349,71349,0.07328368940016435,1.0,0.11472983408058904,-0.08610563974761969,0.00920077781554335,0.15027600085534312,0.15341090820989983,-0.07266768931880273,1.911019916919064e-05,-0.00017305141468587694,0.00019216161385506768,-0.6900307827382378,0.5070007988899634,0.5108410769597331,0.08665853761089855,0.4929992011100366,0.48915892304026687,0.0,0.0
1,RL,SILU,t2-10,100,1,V,722116,721573,0.741696795398521,0.9992480432506688,0.10746987860636655,-0.005834642920823821,0.0006035044216170636,0.15381495763288563,0.1550683274625867,0.014110809169535719,2.549896715704182e-06,-3.8762508998930636e-05,4.1312405714634814e-05,-6.681702930678806,0.49991338367705,0.5026975787619548,0.08327501167588033,0.5000852304617828,0.4973024212380452,1.3858611671999923e-06,0.0
1,RL,SILU,t2-10,100,1,ALL,973600,973057,1.0,0.9994422760887428,0.10869966709518805,-0.07936423915108541,-0.024727183054714483,0.15075444454307718,0.1600926382951895,-0.10776873633813894,0.00013540870327874465,0.0001000942787167317,3.531442456201306e-05,-4.105940145341894,0.4969133360121761,0.5010950026565761,0.08329008475351393,0.5030856362987985,0.49890499734342386,1.0276890254116665e-06,0.0
1,RL,SILU,t2-10,100,2,P,13479,13479,0.013844494658997534,1.0,0.10046879751732482,-0.35523987676659396,0.02254464599893419,0.12374176701041542,0.13243745066194498,-0.060118592475543346,-1.9817653776454963e-05,0.00040159045097658063,-0.0004214081047530357,0.2522601760124565,0.4619037020550486,0.5019660212181912,0.07137027969433934,0.5380962979449514,0.4980339787818087,0.0,0.0
1,RL,SILU,t2-10,100,2,B,105121,105121,0.107971446179129,1.0,0.1034116200761274,-0.011348441822505329,0.04307701121316529,0.13317909336146888,0.12604726848541345,0.006950597583163584,6.763970861604448e-05,-4.40566390905272e-05,0.00011169634770657166,-0.4182156730118843,0.49668477278564704,0.5149399263705634,0.06664700678265999,0.503315227214353,0.48506007362943654,0.0,0.0
1,RL,SILU,t2-10,100,2,V,855000,833404,0.8781840591618735,0.9747415204678362,0.10947958368200762,0.11428760578562126,0.09341735798218984,0.17713327329637982,0.1774985755317574,0.19743390908733266,-0.0001793354509010435,-0.0004618545360109233,0.0002825190851098797,-14.736292514257494,0.5006323463770272,0.5646349189588723,0.08563913780111447,0.49936765362297275,0.4353650810411277,0.0,0.0
1,RL,SILU,t2-10,100,2,ALL,973600,952004,1.0,0.9778184059161873,0.10869966709518808,0.01947976538440957,0.0684623384657382,0.15594242200271513,0.14027322957222976,0.10016736031711983,-0.000131513396061454,-0.00010432072412486989,-2.7192671936584332e-05,-12.982840113537765,0.49964811072222387,0.5582602594106747,0.08333998596644551,0.5003518892777762,0.44173974058932525,0.0,0.0
2,RL,LR,t2-10,100,1,P,42411,42411,0.04340497390236414,1.0,0.20781111120263127,0.10499066146075844,0.10470291560951882,0.24111912795396748,0.2657054795443271,0.19263269104389272,-0.0009223592236258847,-0.0024006124167878736,0.0014782531931619896,4.10290474391443,0.5416519299238405,0.51481926858598,0.1173044728961826,0.45834807007615946,0.48518073141401996,0.0,0.0
2,RL,LR,t2-10,100,1,B,29228,29228,0.029913007880462594,1.0,0.16855322164538422,-0.13621678986009694,-0.049473119549698345,0.16348350806473388,0.1565149103723731,-0.18892065209065775,-3.487761168701863e-05,-0.00016635639425188677,0.00013147878256486827,-0.5706749833739418,0.44495004789927467,0.4918571233064185,0.0830710277815793,0.5550499521007254,0.5081428766935815,0.0,0.0
2,RL,LR,t2-10,100,1,V,905461,905461,0.9266820182171732,1.0,0.22341764824991167,0.019044445932116075,0.03050536396341577,0.24519851241406843,0.22876240683879154,0.030516313974394138,0.00027192665621822605,0.0003531533321977035,-8.122667597947728e-05,-6.372786886250535,0.5032353685028952,0.5032640831576402,0.1280010955745195,0.4967646314971048,0.49673591684235985,0.0,0.0
2,RL,LR,t2-10,100,1,ALL,977100,977100,1.0,1.0,0.22109908689128988,0.02771791197439071,0.037784066021117155,0.24466725967806602,0.23498200873086472,0.04691460041713222,-0.0006853101790946772,-0.0022138154788420563,0.0015285052997473807,-5.744531145359936,0.5031593490942585,0.5034244191996725,0.12619281547436292,0.4968406509057415,0.4965755808003275,0.0,0.0
2,RL,LR,t2-10,100,2,P,1592,1592,0.0016293112271006038,1.0,0.1873448838350473,0.1392853668193249,0.2600405917106972,0.3063895275589057,0.24037894631778373,0.7294449067604144,-3.3177888910208066e-05,-0.00014627090778878842,0.00011309301887858038,0.3421745220911657,0.574748743718593,0.4641959798994975,0.09987437185929648,0.42525125628140703,0.5358040201005025,0.0,0.0
2,RL,LR,t2-10,100,2,B,41659,41659,0.0426353495036332,1.0,0.13221133141268074,-0.1176396630525611,-0.053496175148705846,0.11874579639262582,0.11783225978278578,-0.2193296809724606,-5.0799132780638514e-05,-0.00018157885677791457,0.00013077972399727603,-0.6619805012421781,0.4618689838930363,0.5149187450490891,0.07477375837154036,0.5381310161069637,0.485081254950911,0.0,0.0
2,RL,LR,t2-10,100,2,V,933849,933849,0.9557353392692662,1.0,0.22512191252664304,0.025894365466982715,0.0349179316368908,0.24178806013117146,0.2174017211880712,0.043704520351490105,0.00024504028438241966,0.0002061942257450333,3.884605863738642e-05,-6.060320763692505,0.5015564614836018,0.5081902962898712,0.12928856806614344,0.4984435385163983,0.4918097037101287,0.0,0.0
2,RL,LR,t2-10,100,2,ALL,977100,977100,1.0,1.0,0.22109908689128988,0.025646699162331157,0.0348707837357899,0.24156001702644592,0.2155296322226662,0.04374793967591021,0.00016106326269157308,-0.00012165553882166968,0.0002827188015132429,-5.819728982412814,0.499983625012793,0.5084054856207143,0.12691638522157406,0.5000163749872071,0.49159451437928564,0.0,0.0
2,RL,ELU1,t2-10,100,1,P,148961,148961,0.15245215433425444,1.0,0.10958703453653795,0.05794375899567753,0.016068086345014453,0.15189181131084672,0.15316714413522683,0.14771054129133976,8.307865685068613e-06,-0.0003366260047315192,0.0003449338704165879,6.117847879879529,0.4779371781875793,0.45723377259819686,0.07522103100811622,0.4468753566369721,0.4637052651365122,0.07518746517544861,0.07906096226529091
2,RL,ELU1,t2-10,100,1,B,53775,53775,0.05503530856616518,1.0,0.11691817367496334,-0.12181765069108079,-0.0209704145373532,0.1330328800181689,0.13451373285279772,-0.14986600348046858,-1.721588694169391e-05,-0.00018221026129509323,0.00016499437435339929,-0.5342816457020771,0.46119944211994424,0.48496513249651324,0.07103672710367272,0.5184565318456532,0.49316596931659695,0.020344026034402603,0.021868898186889817
2,RL,ELU1,t2-10,100,1,V,774364,774364,0.7925125370995804,1.0,0.11008031369113612,-0.0725215163076623,-0.0010132083363442147,0.13612343236907284,0.14373809839431015,-0.13599434073597572,-4.838366407644658e-06,-5.795713146900995e-05,5.3118765061365275e-05,-7.0511146311781046,0.45068210815585436,0.46885314916499216,0.06983279181366903,0.49184492047667505,0.4708573745680326,0.05747297136747059,0.06028947626697522
2,RL,ELU1,t2-10,100,1,ALL,977100,977100,1.0,1.0,0.1103814359554716,-0.03199048519014308,0.003797749768092322,0.14106963726359176,0.14681005804125985,-0.03272830598138277,-1.3746387664269958e-05,-0.0005767933974956224,0.0005630470098313524,-4.684822011790499,0.4554160270187289,0.46796847814962644,0.07072049943710981,0.48645379183297516,0.4709947804728278,0.058130181148295976,0.0610367413775458
2,RL,ELU1,t2-10,100,2,P,723,723,0.0007399447344181762,1.0,0.18367220684638433,0.10183579192682769,0.312518206622432,0.32110353896942073,0.17249687723299198,0.8184165132202904,-2.4884270002743505e-06,-3.285308710017586e-05,3.0364660099901507e-05,1.1871620204670594,0.5435684647302904,0.45643153526970953,0.06639004149377593,0.45643153526970953,0.5435684647302904,0.0,0.0
2,RL,ELU1,t2-10,100,2,B,2688,2688,0.002750997850782929,1.0,0.13838245084765347,-0.28255902293513097,0.02593125129427835,0.09253708049186744,0.09155304247674019,-0.5814987392015485,4.455531176188123e-06,-0.0001114398182705934,0.00011589534944678145,-0.6434144536149758,0.41629464285714285,0.5617559523809523,0.05133928571428571,0.5837053571428571,0.4382440476190476,0.0,0.0
2,RL,ELU1,t2-10,100,2,V,973689,973689,0.9965090574147989,1.0,0.11024971427084305,0.001429999289631262,0.0012741560712396817,0.15253424798715584,0.12614309465838314,0.0034738415271154213,4.5281043887093665e-06,-0.0004165673553615421,0.00042109545975025156,-20.293054776398805,0.5001946206642983,0.4929304942337851,0.0867515192222568,0.4998053793357016,0.5070695057662149,0.0,0.0
2,RL,ELU1,t2-10,100,2,ALL,977100,977100,1.0,1.0,0.11038143595547163,0.0012788887689903219,0.0014963897527403203,0.15259714454430776,0.125103512168726,0.0039692455280693675,6.495208564623139e-06,-0.0005608602607323113,0.0005673554692969345,-20.223104484789165,0.49999590625319823,0.4930928257087299,0.08663903387575478,0.5000040937468018,0.5069071742912701,0.0,0.0
2,RL,R,t2-10,100,1,P,1719,1719,0.0017592876880564937,1.0,0.14341837796094212,0.37777496660021453,0.4250006547774123,0.2361418896921092,0.20703957311143206,0.8496890119020458,-0.0002225768000537428,-0.0005067578979358574,0.0002841810978821146,0.5435973965271821,0.5927865037812682,0.462478184991274,0.07737056428155904,0.4072134962187318,0.537521815008726,0.0,0.0
2,RL,R,t2-10,100,1,B,237400,0,0.24296387268447447,0.0,0.10498442643974983,nan,nan,nan,nan,nan,0.0,0.0,0.0,-0.5928381462721957,nan,nan,nan,nan,nan,nan,nan
2,RL,R,t2-10,100,1,V,737981,0,0.755276839627469,0.0,0.10380710054443036,nan,nan,nan,nan,nan,0.0,0.0,0.0,-6.698955599158955,nan,nan,nan,nan,nan,nan,nan
2,RL,R,t2-10,100,1,ALL,977100,1719,1.0,0.0017592876880564937,0.10416283583603594,0.37777496660021453,0.4250006547774123,0.2361418896921092,0.20703957311143206,0.8496890119020458,-0.0002225768000537428,-0.0005067578979358574,0.0002841810978821146,-5.202647921423922,0.5927865037812682,0.462478184991274,0.07737056428155904,0.4072134962187318,0.537521815008726,0.0,0.0
2,RL,R,t2-10,100,2,P,617330,617330,0.6317981782826733,1.0,0.10336455551150045,0.0026593928691572353,0.008905977908983061,0.22527304178701063,0.21573688044886097,0.016361109171286258,-0.0002765879541002879,-0.0003660419530900065,8.945399898971866e-05,0.19739636301139837,0.500539419759286,0.4292307193883336,0.08812142614160984,0.49946058024071405,0.5707692806116663,0.0,0.0
2,RL,R,t2-10,100,2,B,348310,0,0.3564732371302835,0.0,0.10542884528619668,nan,nan,nan,nan,nan,0.0,0.0,0.0,-0.4100892542588754,nan,nan,nan,nan,nan,nan,nan
2,RL,R,t2-10,100,2,V,11460,0,0.011728584587043291,0.0,0.10868627747303493,nan,nan,nan,nan,nan,0.0,0.0,0.0,-1.064979463163947,nan,nan,nan,nan,nan,nan,nan
2,RL,R,t2-10,100,2,ALL,977100,617330,1.0,0.6317981782826733,0.10416283583603594,0.0026593928691572353,0.008905977908983061,0.22527304178701063,0.21573688044886097,0.016361109171286258,-0.0002765879541002879,-0.0003660419530900065,8.945399898971866e-05,-0.03396188314496077,0.500539419759286,0.4292307193883336,0.08812142614160984,0.49946058024071405,0.5707692806116663,0.0,0.0
2,RL,GELU,t2-10,100,1,P,2499,2499,0.0025575683143997546,1.0,0.11825167656941594,-0.5429553749692466,0.5160578870891853,0.21622524861447745,0.17804444628368238,-0.14476410935838877,-0.0005975809189958531,0.0020003593425054612,-0.0025979402615013154,0.5239076947497463,0.5182072829131653,0.477390956382553,0.0784313725490196,0.48179271708683474,0.522609043617447,0.0,0.0
2,RL,GELU,t2-10,100,1,B,6643,6643,0.006798690001023437,1.0,0.11336102072991744,0.08882107915429546,0.6203054538786134,0.3297459100680996,0.3244353974948838,0.113376665053057,0.0011978247638007103,0.00030305413680013305,0.0008947706270005767,-0.43689504412428987,0.4219479150986,0.511515881378895,0.07586933614330875,0.5780520849013999,0.4884841186211049,0.0,0.0
2,RL,GELU,t2-10,100,1,V,967958,407472,0.9906437416845768,0.42096041357166325,0.12334859843160048,0.03447925752593514,0.28401628109587496,0.24428290909173905,0.22716435091210696,0.23658534949999974,-0.0024296434761264395,-0.0020559403443567584,-0.0003737031317696802,-8.844486002944192,0.5032591196450308,0.5317297875682255,0.09207994659755762,0.49674088035496916,0.46827021243177447,0.0,0.0
2,RL,GELU,t2-10,100,1,ALL,977100,416614,1.0,0.4263780575171426,0.12326766026108991,-0.03552652755959127,0.3456010798892196,0.25359736683854933,0.2335617233222712,0.1696402245079055,-0.0018293996313215825,0.000247473134948836,-0.0020768727662704187,-8.763365091481726,0.5020522594055888,0.5310815287052283,0.09173959588491985,0.49794774059441116,0.46891847129477165,0.0,0.0
2,RL,GELU,t2-10,100,2,P,912315,912315,0.9336966533619896,1.0,0.12442973760546255,-0.003558016889012763,0.026791442876871286,0.17231984519487303,0.16663117850810755,0.012942559699915947,-0.003107734229470251,0.001425303500613562,-0.004533037730083813,0.4429835037685039,0.4984451642250758,0.4913522193540608,0.09064084225294991,0.5015548357749242,0.5086477806459392,0.0,0.0
2,RL,GELU,t2-10,100,2,B,63471,63471,0.06495855081363218,1.0,0.10567894925030881,-0.12741246845287835,0.05054160761985853,0.12733935021109682,0.1206563003975572,-0.032342694441212294,0.00011164401193409785,-0.0005106871762315076,0.0006223311881656053,-0.15010374101823432,0.47653258968662854,0.5313765341652094,0.07036284287312315,0.5234674103133714,0.4686234658347907,0.0,0.0
2,RL,GELU,t2-10,100,2,V,1314,1314,0.0013447958243782622,1.0,0.1660321078515755,-0.3645130616010801,0.19265254227563072,0.169520854218455,0.15388191624957603,-0.11867570660657462,-7.470628178287558e-06,2.8374707066123024e-05,-3.584533524441057e-05,-1.3113836402721635,0.408675799086758,0.541095890410959,0.10121765601217655,0.591324200913242,0.4589041095890411,0.0,0.0
2,RL,GELU,t2-10,100,2,ALL,977100,977100,1.0,1.0,0.12326766026108985,-0.0042259488479667335,0.026950981789739998,0.17213501791113583,0.16619656249262185,0.01269944947187601,-0.003003560845714441,0.0009429910314481774,-0.003946551877162618,0.40209815023137513,0.49690103367106747,0.4940190359226282,0.08933783645481527,0.5030989663289326,0.5059809640773718,0.0,0.0
2,RL,SILU,t2-10,100,1,P,3177,3177,0.003251458397298127,1.0,0.13132944216733644,-0.374845238087552,0.3936216750444763,0.23552663157958273,0.23044037666144565,0.14634286678910158,-0.0004106241157511096,0.0009565706454273214,-0.0013671947611784312,0.538331519705753,0.5687755744412968,0.5004721435316336,0.09348441926345609,0.43122442555870316,0.499213094113944,0.0,0.0003147623544224111
2,RL,SILU,t2-10,100,1,B,17111,17111,0.01751202538123017,1.0,0.1286842031397971,0.05410967152204455,0.4500528298469552,0.3040764784815491,0.30515241515546926,-0.0354842578440096,0.0011157881902510093,0.0004329868175696165,0.0006828013726813929,-0.7746523919559366,0.4400677926480042,0.5233475542048974,0.08450704225352113,0.5599322073519958,0.4766524457951026,0.0,0.0
2,RL,SILU,t2-10,100,1,V,956812,953790,0.9792365162214717,0.9968415947960519,0.18581709527919357,0.07521554749713384,0.148479363755406,0.25930484473373916,0.2560610370105905,0.18669995723030336,-0.003638304144706777,-0.0040820813748263934,0.0004437772301196144,-10.433744063312103,0.5022048878683987,0.5344792878935615,0.11274599230438566,0.49779511213160127,0.4654997431300391,0.0,2.096897639941706e-05
2,RL,SILU,t2-10,100,1,ALL,977100,974078,1.0,0.9969071742912701,0.18463941828468575,0.06242163670090876,0.17254681762727941,0.2619443444987435,0.2583077368002459,0.1717619325818986,-0.0029331400702068775,-0.002692523911829456,-0.0002406161583774238,-10.228918557513493,0.5013304889341511,0.5341728280486778,0.11218711437893064,0.49866951106584895,0.4658056131028521,0.0,2.1558848470040387e-05
2,RL,SILU,t2-10,100,2,P,848255,848255,0.8681352983317981,1.0,0.19647161107994437,0.02922800115458951,0.07860593488645778,0.24680558341225958,0.22046007160607464,0.07900671215025855,-0.0067953834638643336,-0.002365556541395656,-0.0044298269224686765,0.3665103294286634,0.4980601352187727,0.4921880802353066,0.11814253968441094,0.5019398647812273,0.5077765530412435,0.0,3.5366723449905986e-05
2,RL,SILU,t2-10,100,2,B,127926,127926,0.1309241633404974,1.0,0.1065283121904807,-0.045321175983010026,0.06286929116879286,0.14162568422571686,0.15486748961004773,0.00326775018551071,0.0008800904755220948,-0.0005828769385133022,0.001462967414035397,-0.3357528587216391,0.48875130935071837,0.5355361693479043,0.0805700170411019,0.5112486906492816,0.46439347747916765,0.0,7.035317292809905e-05
2,RL,SILU,t2-10,100,2,V,919,919,0.0009405383277044315,1.0,0.1364616801619351,-0.08384025153923752,0.2218735130384402,0.2116089998221774,0.2414195625272136,0.23556548935196586,-1.9489177671498366e-06,4.3927182894618575e-06,-6.341636056611694e-06,-1.582665387390011,0.544069640914037,0.5429815016322089,0.10010881392818281,0.455930359085963,0.45701849836779107,0.0,0.0
2,RL,SILU,t2-10,100,2,ALL,977100,977100,1.0,1.0,0.18463941828468575,0.02728386895554826,0.07828302141496393,0.24424455498910652,0.21877198423789795,0.07721113366142567,-0.005917241906109389,-0.002944040761619497,-0.002973201144489891,0.272733834606156,0.4968846586838604,0.4979111656944018,0.11320642718247877,0.5031153413161396,0.502048920274281,0.0,3.991403131716303e-05
0,RL,LR,t2-10,300,1,P,14508,14508,0.014981412639405204,1.0,0.16504674524200366,0.1932506013479775,0.05724966636068548,0.2092543077032267,0.21758991742415304,0.7181464818466539,-0.00018780562273867506,-0.001364709009498032,0.0011769033867593578,0.8526715463663734,0.5670664460987042,0.48304383788254757,0.09767025089605735,0.43293355390129584,0.5169561621174524,0.0,0.0
0,RL,LR,t2-10,300,1,B,28168,28168,0.02908715406856671,1.0,0.15478860553720514,-0.16918693851272953,-0.07048286557967429,0.13776055821936228,0.13085153332817592,-0.23143643763165683,-6.848779453902685e-05,-0.00022123466187408934,0.00015274686733506243,-0.5648191984681273,0.44039335416074976,0.48132632774779893,0.07632774779892076,0.5596066458392502,0.5186736722522011,0.0,0.0
0,RL,LR,t2-10,300,1,V,925724,925724,0.9559314332920281,1.0,0.20316237681098356,0.015318248367461762,0.022074650169694232,0.22560343301033742,0.2124576787077566,0.02713904196497073,0.00019394238081295976,0.0003393306223009376,-0.00014538824148797782,-6.6827886695717025,0.5028248160358811,0.4985243982007596,0.11621498416374643,0.4971751839641189,0.5014756017992403,0.0,0.0
0,RL,LR,t2-10,300,1,ALL,968400,968400,1.0,1.0,0.20118429546851915,0.017728020103419777,0.022377356096519377,0.22525993769383876,0.2114614648946926,0.04053851526243564,-6.235103646474216e-05,-0.0012466130490711835,0.0011842620126064425,-6.391942510056135,0.5019712928541925,0.49779223461379596,0.11477695167286245,0.4980287071458075,0.502207765386204,0.0,0.0
0,RL,LR,t2-10,300,2,P,7941,7941,0.008200123915737299,1.0,0.15941312290382287,-0.13235048190276882,-0.17418894341368601,0.11828738727090897,0.1665713937611196,0.6098097109913682,5.584327106098697e-05,-0.00019402217946001306,0.00024986545052099995,0.29337398432551776,0.5354489359022793,0.45032111824707216,0.0775720941946858,0.4645510640977207,0.5496788817529279,0.0,0.0
0,RL,LR,t2-10,300,2,B,89675,89675,0.09260119785212723,1.0,0.13644475119370095,-0.0530921095143132,-0.0207075989233973,0.13055375568492933,0.12927846298857062,-0.1381323592584433,-5.129350956594039e-05,-0.00021640047677528676,0.00016510696720934637,-0.5935067484451809,0.4806579314190131,0.5327125731809311,0.07762475606356287,0.5193420685809869,0.4672874268190689,0.0,0.0
0,RL,LR,t2-10,300,2,V,870784,870784,0.8991986782321355,1.0,0.2082322241330106,0.019615346706100226,0.024397948636187185,0.22550180570528947,0.2055355489060391,0.04275276546977517,3.648640276675556e-05,0.0002604201123201492,-0.00022393370955339371,-5.04575111883817,0.5022577355578421,0.5117893760105836,0.11908234418638836,0.49774226444215786,0.48821062398941645,0.0,0.0
0,RL,LR,t2-10,300,2,ALL,968400,968400,1.0,1.0,0.20118429546851907,0.018801741189306317,0.0237540673815027,0.22476632458213172,0.20076302593621553,0.04367661385935444,4.1036164261802136e-05,-0.00015000254391515062,0.00019103870817695255,-4.589686469561824,0.5005297397769517,0.5132228418009087,0.1149029326724494,0.4994702602230483,0.4867771581990913,0.0,0.0
0,RL,ELU1,t2-10,300,1,P,154675,154675,0.1597222222222222,1.0,0.11133035723315166,0.00419987302269382,-0.023054225107159213,0.12515569382648273,0.143269294268325,0.1599523220903399,0.00011027947277289422,-0.00018187110305221914,0.0002921505758251136,6.0809243607012755,0.4525101018264102,0.438280265071925,0.06597058348149346,0.4393082269274285,0.4497688702117343,0.1081816712461613,0.11195086471634072
0,RL,ELU1,t2-10,300,1,B,56677,56677,0.05852643535729037,1.0,0.12650249205891956,-0.10183862544027668,-0.024062389296154327,0.13301141295068136,0.1307532468641129,-0.1339130177897162,-3.3257753334274055e-05,-0.00029257778291937747,0.0002593200295851034,-0.5368989179774378,0.45524639624539054,0.48386470702401324,0.06755826878628014,0.5172115673024331,0.4870053107962666,0.027542036452176368,0.029129982179720168
0,RL,ELU1,t2-10,300,1,V,757048,757048,0.7817513424204874,1.0,0.11625613640478633,-0.027569984308406896,0.004980893028390195,0.14357529025689325,0.14650634596144455,-0.08045958143861973,-2.671255560208438e-06,-7.526439748386444e-05,7.2593141923656e-05,-6.661394718830983,0.4472265959357927,0.46006858217708785,0.06777245300165907,0.4739223932960658,0.4584398875632721,0.07885101076814152,0.08149153025964008
0,RL,ELU1,t2-10,300,1,ALL,968400,968400,1.0,1.0,0.11606906268115634,-0.022591231455369815,-0.002339707013939095,0.13908875385223313,0.14059682753041516,-0.015833933539644227,7.435046387841172e-05,-0.000549713283455461,0.0006240637473338731,-4.267718291598817,0.4485398595621644,0.4579812061131764,0.0674721189591078,0.4709273027674515,0.45872676579925653,0.08053283767038413,0.08329202808756712
0,RL,ELU1,t2-10,300,2,P,5364,5364,0.005539033457249071,1.0,0.1426594012287447,-0.10463830787045555,0.03394132881119948,0.13994386498734476,0.12714677479551292,0.2790958870197135,2.412794839952796e-05,8.248487353535632e-05,-5.835692513582834e-05,1.3576050262559716,0.4843400447427293,0.4966442953020134,0.058351976137211034,0.5156599552572707,0.5033557046979866,0.0,0.0
0,RL,ELU1,t2-10,300,2,B,9808,9808,0.010128046261875258,1.0,0.14402280490837047,-0.1507080840554274,-0.022675780871313864,0.1114516141096581,0.11395793198203502,-0.35894482083812607,-9.618955024105794e-06,-0.00019389426397727118,0.0001842753089531654,-0.5897379530618437,0.4512642740619902,0.5225326264274062,0.062092169657422515,0.5487357259380098,0.4774673735725938,0.0,0.0
0,RL,ELU1,t2-10,300,2,V,953228,953228,0.9843329202808757,1.0,0.11563181064939293,0.0017897529868980233,0.001870305251816641,0.1523301149434189,0.13477247016537383,0.006153190363370746,-5.569635024666719e-05,-0.00041725762829343847,0.0003615612780467712,-20.96035189618117,0.49999475466520077,0.5027926162471098,0.08601614723864595,0.5000052453347992,0.4972073837528902,0.0,0.0
0,RL,ELU1,t2-10,300,2,ALL,968400,968400,1.0,1.0,0.11606906268115635,0.0006980173592634938,0.001966925680524926,0.1521535189319165,0.12890572939644288,0.006781449256704123,-4.118735687124502e-05,-0.0005286670187353534,0.00048747966186410825,-20.630417465691636,0.49941449814126393,0.5029584882280049,0.08562061131763735,0.5005855018587361,0.49704151177199507,0.0,0.0
0,RL,R,t2-10,300,1,P,1723,1723,0.0017792234613795953,1.0,0.12535912192613116,-0.19939044132898576,-0.13576922167755673,0.08629979260812234,0.13651451926422112,0.6087833691715419,8.433034997786298e-07,-0.00011039090214952943,0.00011123420564930803,0.5652755357454409,0.5374347069065584,0.4712710388856645,0.06035983749274521,0.4625652930934417,0.5287289611143354,0.0,0.0
0,RL,R,t2-10,300,1,B,199770,0,0.20628872366790582,0.0,0.10298599542599747,nan,nan,nan,nan,nan,0.0,0.0,0.0,-0.5999088611320336,nan,nan,nan,nan,nan,nan,nan
0,RL,R,t2-10,300,1,V,766907,0,0.7919320528707146,0.0,0.10220169693217768,nan,nan,nan,nan,nan,0.0,0.0,0.0,-6.688452548904516,nan,nan,nan,nan,nan,nan,nan
0,RL,R,t2-10,300,1,ALL,968400,1723,1.0,0.0017792234613795953,0.1024046911012968,-0.19939044132898576,-0.13576922167755673,0.08629979260812234,0.13651451926422112,0.6087833691715419,8.433034997786298e-07,-0.00011039090214952943,0.00011123420564930803,-5.419548639366969,0.5374347069065584,0.4712710388856645,0.06035983749274521,0.4625652930934417,0.5287289611143354,0.0,0.0
0,RL,R,t2-10,300,2,P,512872,512872,0.529607600165221,1.0,0.10212046334605324,-0.00591512815583933,-0.0012964594363298202,0.21843762498272057,0.21398718429475533,0.010688018123120693,0.00018282726325220757,0.0003834823962656285,-0.0002006551330134208,0.18749758593679888,0.500163783556131,0.4309047871593692,0.08809605515606234,0.49983621644386905,0.5690952128406308,0.0,0.0
0,RL,R,t2-10,300,2,B,436960,0,0.4512185047501033,0.0,0.1027876280658834,nan,nan,nan,nan,nan,0.0,0.0,0.0,-0.45310578848113836,nan,nan,nan,nan,nan,nan,nan
0,RL,R,t2-10,300,2,V,18568,0,0.019173895084675752,0.0,0.10124378638573865,nan,nan,nan,nan,nan,0.0,0.0,0.0,-1.0126203427156588,nan,nan,nan,nan,nan,nan,nan
0,RL,R,t2-10,300,2,ALL,968400,512872,1.0,0.529607600165221,0.1024046911012968,-0.00591512815583933,-0.0012964594363298202,0.21843762498272057,0.21398718429475533,0.010688018123120693,0.00018282726325220757,0.0003834823962656285,-0.0002006551330134208,-0.12456544605915393,0.500163783556131,0.4309047871593692,0.08809605515606234,0.49983621644386905,0.5690952128406308,0.0,0.0
0,RL,GELU,t2-10,300,1,P,5412,5412,0.005588599752168525,1.0,0.1222390188602372,-0.6415665632802011,-0.010174661265467016,0.08799024150908495,0.09917135848892619,-0.057770775758508454,-5.596316501444119e-05,0.004216765788376801,-0.004272728953391244,0.5965240706932305,0.48872875092387286,0.4445676274944568,0.06411677753141168,0.5112712490761271,0.5552475979305248,0.0,0.00018477457501847746
0,RL,GELU,t2-10,300,1,B,9477,9477,0.009786245353159851,1.0,0.11685631314475196,-0.35926180490273857,0.08458189425825655,0.1707862056311435,0.18574219212889834,-0.06927587907568081,0.00028858612257775965,-0.00014943019003289573,0.0004380163126106554,-0.4272787768756193,0.4267173156062045,0.455945974464493,0.06183391368576554,0.5732826843937955,0.544054025535507,0.0,0.0
0,RL,GELU,t2-10,300,1,V,953511,403333,0.9846251548946716,0.42299774202919527,0.11323089525084054,-0.18877799538848442,0.024290229135705742,0.1478240670023432,0.16267993469983733,0.18430707145878725,-0.00032081108128385904,0.0007942136986535335,-0.0011150247799373931,-8.814232571007787,0.5049252106819923,0.5263467159890215,0.08888685031971101,0.4950747893180077,0.4736334492838424,0.0,1.983472713613813e-05
0,RL,GELU,t2-10,300,1,ALL,968400,418222,1.0,0.4318690623709211,0.11331671727722908,-0.3002440617726106,0.027286643236789816,0.14303902511299804,0.15476182312667183,0.10543687031431112,-8.81881237205406e-05,0.00486154929699744,-0.004949737420717982,-8.679562831177266,0.5029434128285935,0.5236931581791489,0.08795328796667798,0.49705658717140655,0.47628532214948044,0.0,2.1519671370707423e-05
0,RL,GELU,t2-10,300,2,P,889331,889331,0.918350888062784,1.0,0.11318093033476066,-0.026188855129637274,0.0028126111681644663,0.1748088658642523,0.17302246367175986,0.00820194824138449,-9.799896275979054e-05,0.006114621557602496,-0.006212620520362287,0.3995172754679538,0.49638323638780163,0.47713955771248273,0.08997100067354,0.5036167636121984,0.5227884780807146,0.0,7.196420680264153e-05
0,RL,GELU,t2-10,300,2,B,76641,76641,0.07914188351920694,1.0,0.11428712407523771,-0.1901039778625888,-0.064443740996585,0.1218881874652503,0.11983013146969132,0.06641354971302116,-0.0002189562012768562,-0.0012642372123802788,0.0010452810111034223,-0.18132036398567952,0.4619068122806331,0.4944742370271787,0.06889262927153873,0.5380931877193669,0.5054213802011978,0.0,0.00010438277162354353
0,RL,GELU,t2-10,300,2,V,2428,2428,0.002507228418009087,1.0,0.13242157309525432,-0.4065941188570646,0.0049151825923865215,0.13539352985622147,0.1448850862837311,0.03468417884269942,-2.8616538303369434e-07,3.339419252188112e-05,-3.368035790491481e-05,-1.0414959365841954,0.4098023064250412,0.46087314662273476,0.06013179571663921,0.5901976935749588,0.5267710049423394,0.0,0.012355848434925865
0,RL,GELU,t2-10,300,2,ALL,968400,968400,1.0,1.0,0.11331671727722904,-0.02758512859352052,0.0024080017135928804,0.1744741199106545,0.172384302311613,0.008611261579591549,-0.00031724132941968045,0.0048837785377440985,-0.0052010198671637795,0.34993574138675954,0.493437629078893,0.47847067327550596,0.0882280049566295,0.506562370921107,0.5214239983477902,0.0,0.00010532837670384138
0,RL,SILU,t2-10,300,1,P,172128,172128,0.1777447335811648,1.0,0.11335303707921585,-0.06240930685076881,-0.01213378560117961,0.13919889010452394,0.14325493012588908,-0.08522076000409698,0.00013280437914897303,0.000885717056287508,-0.0007529126771385351,4.815079689640313,0.48796825618144635,0.49597973601041084,0.08269427402862986,0.5120317438185537,0.5040202639895891,0.0,0.0
0,RL,SILU,t2-10,300,1,B,77006,77006,0.07951879388682363,1.0,0.11898021159749149,-0.145381022764082,-0.05963750782713737,0.14537498918480743,0.14249086116133328,-0.045511169982891536,-7.296192981171491e-05,-0.00039813813543543785,0.00032517620562372274,-0.6861813453797975,0.49583149364984547,0.4869230969015401,0.08400644105654105,0.5041685063501545,0.5130769030984599,0.0,0.0
0,RL,SILU,t2-10,300,1,V,719266,719025,0.7427364725320116,0.9996649361988471,0.11144915839854726,-0.02644055206265311,-0.006646964437341573,0.160858399656094,0.1643568215990103,0.020210820108873952,-1.5225939501209062e-05,-2.2126340225914127e-05,6.900400724705042e-06,-6.507507303102701,0.504990786134001,0.49958207294600326,0.08592747122839957,0.4950092138659991,0.5004179270539967,0.0,0.0
0,RL,SILU,t2-10,300,1,ALL,968400,968159,1.0,0.9997511358942586,0.1123864230744911,-0.06123771329101829,-0.013726830200689176,0.1430179986819175,0.1475136553658717,-0.06958132570629019,4.461650983604905e-05,0.00046545258062615603,-0.00042083607079010734,-4.032072275647848,0.5012358507228668,0.49793474005819294,0.08519984837201328,0.4987641492771332,0.5020652599418071,0.0,0.0
0,RL,SILU,t2-10,300,2,P,21468,21468,0.022168525402726146,1.0,0.12010027956895475,-0.5915030055987246,-0.15929430672493997,0.08740067238114523,0.12508702218494852,-0.113174225114738,0.0002088184946799844,0.0011839567965313514,-0.0009751383018513666,0.328758079633826,0.46827836780324206,0.45947456679709336,0.06223215949319918,0.5317216321967579,0.5405254332029067,0.0,0.0
0,RL,SILU,t2-10,300,2,B,106407,106407,0.10987918215613383,1.0,0.12298667117138783,-0.04608197570983955,-0.02840805167919678,0.13626776109153985,0.13590546653206753,0.04418847786895533,-4.725802427963663e-05,-0.00021784237119859207,0.00017058434691895547,-0.4974448453058007,0.4913774469724736,0.5200033832360653,0.07903615363650887,0.5086225530275263,0.4799966167639347,0.0,0.0
0,RL,SILU,t2-10,300,2,V,840525,815188,0.86795229244114,0.969855744921329,0.11084745436984862,0.011083073425171251,-0.019392153617702072,0.14908044553603286,0.15713965134048619,0.16709061316787593,-1.6864378978314658e-06,-0.0002693411432593371,0.0002676547053615056,-14.627369004749644,0.5002809167946535,0.554012080648881,0.08985289282962948,0.49971908320534647,0.44598791935111903,0.0,0.0
0,RL,SILU,t2-10,300,2,ALL,968400,943063,1.0,0.973836224700537,0.11238642307449112,-0.11287527166603423,-0.03573955122020761,0.1388357770537524,0.13965747543782067,0.08139420234246332,0.00015987403250251634,0.0006967732820734223,-0.0005368992495709055,-12.743229210985204,0.4985478170599419,0.5480227726037391,0.08800366465442924,0.5014521829400581,0.4519772273962609,0.0,0.0
1,RL,LR,t2-10,300,1,P,20201,20201,0.020748767460969597,1.0,0.19071138573085983,0.07457963995596197,0.012433052500586551,0.22198282195747734,0.21537960340137943,0.32965930631575513,-0.0001384124516744845,-0.0012266818197854282,0.0010882693681109445,2.450282455336827,0.5425969011435078,0.49076778377308056,0.10271768724320578,0.4574030988564923,0.5092322162269195,0.0,0.0
1,RL,LR,t2-10,300,1,B,26054,26054,0.02676047658175842,1.0,0.15853507987096027,-0.1611083185938518,-0.06924536977441031,0.1490602867821164,0.1399089877984019,-0.23458991013684052,-6.998538764566951e-05,-0.00021848566462032037,0.00014850027697465098,-0.5755933208459959,0.4372841022491748,0.47413065172334384,0.07714746296154142,0.5627158977508252,0.5258693482766562,0.0,0.0
1,RL,LR,t2-10,300,1,V,927345,927345,0.952490755957272,1.0,0.20391270854519855,0.014419805402366578,0.02136978633587941,0.2355307859967477,0.22057032670681306,0.027099186962524217,0.00014973823606383242,0.00032056325603885966,-0.00017082501997502746,-6.580631412326147,0.5020731227321008,0.49340968032393556,0.12113722508882886,0.4979268772678992,0.5065903196760645,0.0,0.0
1,RL,LR,t2-10,300,1,ALL,973600,973600,1.0,1.0,0.20242447039847397,0.01650986393728462,0.02091319763073602,0.23491404268812238,0.21861507035201477,0.03941681913148309,-5.8659603256321594e-05,-0.001124604228366889,0.001065944625110568,-6.232553399306341,0.5011801561216105,0.4928389482333607,0.1195778553820871,0.49881984387838946,0.5071610517666393,0.0,0.0
1,RL,LR,t2-10,300,2,P,8272,8272,0.008496302382908792,1.0,0.15270085552017496,-0.19543647574035672,-0.17845238521708942,0.12873874470930552,0.1628023848641701,0.5018372318235156,8.812275270143339e-05,-7.476889286109246e-05,0.00016289164556252588,0.30041753700146595,0.5176499032882012,0.44499516441005804,0.07773210831721471,0.48235009671179885,0.555004835589942,0.0,0.0
1,RL,LR,t2-10,300,2,B,94488,94488,0.09705012325390304,1.0,0.1334958793245978,-0.039076914798328734,-0.01730141479182265,0.13605121855001207,0.13529044167495824,-0.1083005073014938,-4.539611316806647e-05,-0.00017544865559263154,0.00013005254242456508,-0.5890572070092024,0.48736347472694946,0.5215582931165862,0.08407416814833629,0.5126365252730506,0.47844170688341375,0.0,0.0
1,RL,LR,t2-10,300,2,V,870840,870840,0.8944535743631882,1.0,0.2103756881372798,0.019126976341049245,0.023587570221422105,0.227560470081846,0.20769244152952568,0.043627761390347894,0.00018212477693956567,0.00019352177820410166,-1.139700126453593e-05,-5.0697514875195235,0.5019774011299435,0.5104818336318956,0.11712599329383125,0.4980225988700565,0.48951816636810436,0.0,0.0
1,RL,LR,t2-10,300,2,ALL,973600,973600,1.0,1.0,0.20242447039847392,0.018186124265221013,0.0229312024121147,0.22682349361348722,0.20258712818550714,0.044220816103186227,0.0002248514164729326,-5.669577024962234e-05,0.000281547186722555,-4.5892729754532775,0.5006922760887428,0.5110004108463435,0.11358360723089564,0.4993077239112572,0.48899958915365654,0.0,0.0
1,RL,ELU1,t2-10,300,1,P,189207,189207,0.1943375102711586,1.0,0.11112844570583669,-0.013305298063061383,-0.010749659824417402,0.13151384875738661,0.14744321531046825,0.10443161050680805,3.908679571204074e-05,-0.00012401459942997181,0.00016310139514201264,6.647883078835514,0.425576220752932,0.41947708065769235,0.06517200737816255,0.4225689324390747,0.42523796688283205,0.15185484680799335,0.1552849524594756
1,RL,ELU1,t2-10,300,1,B,56475,56475,0.05800636811832375,1.0,0.1253627910527736,-0.09789501410789778,-0.02739997910387137,0.13875565368238363,0.1381129107594085,-0.15435191240171334,-2.897919472236112e-05,-0.00023799082147474976,0.00020901162675238862,-0.5342703514843337,0.4543957503320053,0.47155378486055777,0.07125276671093404,0.49953076582558653,0.48092076139884904,0.04607348384240815,0.047525453740593186
1,RL,ELU1,t2-10,300,1,V,727918,727918,0.7476561216105176,1.0,0.1146454587345591,-0.024262160778245247,0.003630216362147332,0.14952639056021422,0.14820699106622978,-0.07592672311547186,-1.3930457359219477e-05,-7.798353413667158e-05,6.405307677745208e-05,-6.647549281348441,0.4343662335592745,0.4427476721279045,0.06833736767053432,0.4545663110405293,0.44383295920694366,0.11106745540019618,0.11341936866515184
1,RL,ELU1,t2-10,300,1,ALL,973600,973600,1.0,1.0,0.11458364470266272,-0.023458661074705983,-0.001690174784605496,0.14393802484245952,0.14518109695045958,-0.012154739173857655,-3.82285636953986e-06,-0.0004399889550413931,0.00043616609867185333,-3.7091389504760075,0.43381984387838946,0.43989626129827447,0.06789133114215283,0.4509562448644207,0.44237058340180774,0.11522391125718981,0.11773315529991783
1,RL,ELU1,t2-10,300,2,P,3973,3973,0.004080731306491372,1.0,0.14502838190078426,-0.13896771687573378,0.05708791924426528,0.1449708512428697,0.1590070876583702,0.42188901554448804,3.647356067214991e-07,4.95510218074043e-05,-4.9186286200682816e-05,1.185382523300162,0.48502391140196327,0.4759627485527309,0.07148250692172162,0.5149760885980368,0.5240372514472691,0.0,0.0
1,RL,ELU1,t2-10,300,2,B,7441,7441,0.0076427691043549715,1.0,0.1439499555893866,-0.14999968231071306,0.0019377393659084092,0.1409908508093615,0.14100588031883182,-0.3540405778288828,1.9552155913553798e-05,-0.00013596673636578517,0.0001555188922793389,-0.5889754107655405,0.4641849213815347,0.5208977287998925,0.07888724633785782,0.5358150786184652,0.4791022712001075,0.0,0.0
1,RL,ELU1,t2-10,300,2,V,962186,962186,0.9882764995891536,1.0,0.11423083177439701,0.0015600049547635012,0.0015088043472132615,0.1638927993261767,0.14062305046912357,0.004880704068139741,-5.141267988647909e-05,-0.0003558082779253595,0.0003043955980388804,-25.039262550806235,0.5002463141222175,0.4874712373699056,0.0884257305760009,0.49975368587778246,0.5125287626300944,0.0,0.0
1,RL,ELU1,t2-10,300,2,ALL,973600,973600,1.0,1.0,0.1145836447026627,0.0006967467006906261,0.0016868391610241386,0.1637862161790245,0.1443877275992434,0.005954723847925234,-3.149578836620379e-05,-0.00044222399248374037,0.0004107282041175365,-24.745378921504194,0.49990858668857846,0.48767974527526703,0.08828368940016434,0.5000914133114215,0.512320254724733,0.0,0.0
1,RL,R,t2-10,300,1,P,1867,1867,0.0019176253081347576,1.0,0.12787036160556603,-0.1909045404172659,-0.10774144492959643,0.08302843836161528,0.14474157326113893,0.6732855557954621,-3.752633971394556e-05,-0.00018761895257981317,0.00015009261286586756,0.6170455456422426,0.5484734868773433,0.49758971612212105,0.07337975361542581,0.4515265131226567,0.502410283877879,0.0,0.0
1,RL,R,t2-10,300,1,B,216093,0,0.2219525472473295,0.0,0.10329728185856873,nan,nan,nan,nan,nan,0.0,0.0,0.0,-0.6119212037393673,nan,nan,nan,nan,nan,nan,nan
1,RL,R,t2-10,300,1,V,755640,0,0.7761298274445357,0.0,0.1023693589324284,nan,nan,nan,nan,nan,0.0,0.0,0.0,-6.553258208800402,nan,nan,nan,nan,nan,nan,nan
1,RL,R,t2-10,300,1,ALL,973600,1867,1.0,0.0019176253081347576,0.10262421515764328,-0.1909045404172659,-0.10774144492959643,0.08302843836161528,0.14474157326113893,0.6732855557954621,-3.752633971394556e-05,-0.00018761895257981317,0.00015009261286586756,-5.220813370525754,0.5484734868773433,0.49758971612212105,0.07337975361542581,0.4515265131226567,0.502410283877879,0.0,0.0
1,RL,R,t2-10,300,2,P,580735,580735,0.5964821281840592,1.0,0.10208474810017533,-0.005739208143574418,-0.0005122525088876882,0.20215930667650786,0.20077904072662958,0.013589620345699912,0.00019315248348773483,0.0005664414646643463,-0.00037328898117661174,0.16979834833092644,0.49904345355454727,0.43310115629331797,0.08743058365691753,0.5009565464454527,0.5668988437066821,0.0,0.0
1,RL,R,t2-10,300,2,B,380491,0,0.3908083401807724,0.0,0.10342804258631295,nan,nan,nan,nan,nan,0.0,0.0,0.0,-0.48118609529730777,nan,nan,nan,nan,nan,nan,nan
1,RL,R,t2-10,300,2,V,12374,0,0.012709531635168447,0.0,0.10322533843683263,nan,nan,nan,nan,nan,0.0,0.0,0.0,-1.0508381711220862,nan,nan,nan,nan,nan,nan,nan
1,RL,R,t2-10,300,2,ALL,973600,580735,1.0,0.5964821281840592,0.10262421515764328,-0.005739208143574418,-0.0005122525088876882,0.20215930667650786,0.20077904072662958,0.013589620345699912,0.00019315248348773483,0.0005664414646643463,-0.00037328898117661174,-0.10012552002595733,0.49904345355454727,0.43310115629331797,0.08743058365691753,0.5009565464454527,0.5668988437066821,0.0,0.0
1,RL,GELU,t2-10,300,1,P,4877,4877,0.005009244042728019,1.0,0.11029691450270059,-0.6184576897466062,-0.041030714930487044,0.06739583436586136,0.08355277869889437,0.021397236753061957,3.518672417106235e-05,0.0032492709024300875,-0.0032140841782590255,0.5536676172257633,0.4947713758458068,0.45027680951404553,0.059052696329710885,0.5052286241541931,0.5497231904859545,0.0,0.0
1,RL,GELU,t2-10,300,1,B,10692,10692,0.010981922760887428,1.0,0.11077310783588437,-0.31771602395664217,0.16718759508533437,0.18789225036597487,0.2216035889355029,-0.12216486499933094,0.0003553748162486806,-0.00030956672592959627,0.0006649415421782764,-0.433138894813822,0.4035727646838758,0.48120089786756454,0.055368499812944255,0.5964272353161242,0.5187991021324355,0.0,0.0
1,RL,GELU,t2-10,300,1,V,958031,404066,0.9840088331963845,0.42176714532201987,0.1115964862577389,-0.17087590086142512,0.018524779993634687,0.15372238127456325,0.1625118114150433,0.1785342486836995,-0.00023058524469371532,0.0005862983858863004,-0.000816883630580016,-8.83387325258675,0.5070310295842758,0.5335192765538304,0.08768369523790667,0.4929689704157242,0.4664807234461697,0.0,0.0
1,RL,GELU,t2-10,300,1,ALL,973600,419635,1.0,0.4310137633525062,0.1115809341074351,-0.26747950089812544,0.03187455680879483,0.14912684243382632,0.15798486861902236,0.11720317306395302,0.0001599762957260276,0.0035260025623867915,-0.003366026266660765,-8.69459255355698,0.504252505153288,0.5312187972881194,0.08652757753762198,0.49574749484671204,0.46878120271188056,0.0,0.0
1,RL,GELU,t2-10,300,2,P,873612,873612,0.8973007395234183,1.0,0.11253808354960275,-0.021606589944358455,0.003362531853855688,0.16366292857536624,0.16086111977509115,0.009658514634008313,0.00012524231355722334,0.0061641131703918505,-0.006038870856834626,0.37701157560282567,0.4949313883051057,0.490032188202543,0.08270032920793212,0.5050686116948943,0.509967811797457,0.0,0.0
1,RL,GELU,t2-10,300,2,B,97684,97684,0.10033278553820871,1.0,0.1030590385821912,-0.1951950887350188,-0.06772483125003045,0.11380274556627473,0.11625282936063523,0.01564921105313625,-0.0002900896858438786,-0.0016081207234371624,0.001318031037593284,-0.17649565012648416,0.45985012898734695,0.4817677408787519,0.05945702469186356,0.540149871012653,0.5182322591212482,0.0,0.0
1,RL,GELU,t2-10,300,2,V,2304,2304,0.0023664749383730485,1.0,0.10996444279536219,-0.33173380842597144,0.01659803618389494,0.11922662740587814,0.10373966741121002,0.07631740944210469,-9.221633714648871e-07,2.9560995452110503e-05,-3.0483158823575384e-05,-1.046328746691498,0.4097222222222222,0.4631076388888889,0.044270833333333336,0.5902777777777778,0.5368923611111112,0.0,0.0
1,RL,GELU,t2-10,300,2,ALL,973600,973600,1.0,1.0,0.11158093410743512,-0.02344370914147164,0.0027685990628793056,0.1632240978101801,0.16011315979347665,0.009758313634203238,-0.00016576953565812015,0.004585553442406799,-0.004751322978064917,0.3181083546283926,0.4912099424815119,0.4891392769104355,0.08027732128184059,0.508790057518488,0.5108607230895645,0.0,0.0
1,RL,SILU,t2-10,300,1,P,185329,185329,0.19035435497124076,1.0,0.1104074858957679,-0.06976479170912049,0.0009455840473370716,0.1391336310896403,0.14976014564071433,-0.10158387065533599,0.00011861607198273618,0.0004607257059157554,-0.0003421096339330191,4.7877270870133755,0.48535847061172294,0.4930690825504913,0.08141737126947213,0.5146415293882771,0.5069309174495087,0.0,0.0
1,RL,SILU,t2-10,300,1,B,75204,75204,0.07724322103533278,1.0,0.11651033966694992,-0.13101055511115536,-0.055428944119060485,0.13309421363522475,0.1319772122239235,-0.07062899719120914,-7.361914003454051e-05,-0.00032483097406052995,0.0002512118340259893,-0.68411418582852,0.49420243604063613,0.49675549172916333,0.08028828253816286,0.5057975639593638,0.5032445082708367,0.0,0.0
1,RL,SILU,t2-10,300,1,V,713067,712535,0.7324024239934265,0.9992539270503332,0.10939489853742747,-0.013598391637197458,0.0024339901191639,0.1547006898564869,0.15660452471405073,0.005856451542368891,-2.9061323906495197e-05,-4.4634110295414925e-05,1.557278638891975e-05,-6.682996733040274,0.5013718624348278,0.5047471352284449,0.0845558463794761,0.4986281375651722,0.49525286477155506,0.0,0.0
1,RL,SILU,t2-10,300,1,ALL,973600,973068,1.0,0.9994535743631882,0.11013726854280799,-0.0639568817982275,-0.002046184878014526,0.14152517481030136,0.14880813823460423,-0.08312107306810329,1.5935608041700478e-05,9.12606215598105e-05,-7.532501351811e-05,-4.036121488661437,0.49776788466993055,0.501905313914341,0.08362827674941525,0.5022321153300694,0.498094686085659,0.0,0.0
1,RL,SILU,t2-10,300,2,P,20779,20779,0.021342440427280198,1.0,0.12006102781538405,-0.4625783181968467,0.007428817252955073,0.14164734598994075,0.1486429650237256,-0.06865155788379976,3.94243731162623e-05,0.0008494894417934601,-0.0008100650686771978,0.3545707605051108,0.4574811107368016,0.45266855960344576,0.06983011694499254,0.5425188892631985,0.5473314403965542,0.0,0.0
1,RL,SILU,t2-10,300,2,B,102127,102127,0.10489626129827445,1.0,0.11977551892907078,-0.045995307428115285,-0.03315657961834109,0.12830321527247623,0.12843382686925656,0.0568080743793277,-7.09397017785983e-05,-0.00017192135182108042,0.00010098165004248195,-0.4404775781744816,0.49236734653911307,0.5034320013316753,0.06854210933445612,0.5076326534608869,0.49656799866832474,0.0,0.0
1,RL,SILU,t2-10,300,2,V,850694,828635,0.8737612982744454,0.9740694068607514,0.10873778601310546,0.02459336779855477,-0.03519348030573473,0.14476162788909644,0.1529619655316626,0.19727623450372248,3.9005011966828173e-05,-0.00023753211459427202,0.00027653712656110024,-14.84554559739845,0.5008019212319055,0.5648216645447031,0.08536931218208259,0.4991980787680945,0.43517833545529694,0.0,0.0
1,RL,SILU,t2-10,300,2,ALL,973600,951541,1.0,0.9773428512736236,0.11013726854280795,-0.09017361917293727,-0.02911082982028854,0.1382462598309769,0.1392261344144262,0.10268309188569771,7.489683304492161e-06,0.0004400359753781078,-0.00043254629207361563,-13.01010024057823,0.4989506495253489,0.555783723454901,0.08322394936213993,0.5010493504746512,0.44421627654509893,0.0,0.0
2,RL,LR,t2-10,300,1,P,41780,41780,0.04275918534438645,1.0,0.1859110097422096,0.04966477464725663,0.0497010674848022,0.18941849890478937,0.2026961611460083,0.1846658090259074,-8.811331951799414e-05,-0.0014086208590330497,0.0013205075395150553,3.790233133372608,0.5289612254667305,0.5053135471517473,0.09327429392053614,0.47103877453326953,0.49468645284825274,0.0,0.0
2,RL,LR,t2-10,300,1,B,30970,30970,0.03169583461262921,1.0,0.15667149873179867,-0.15010387024868974,-0.04639411695729509,0.14706859159682448,0.13848244008802094,-0.2070811962348129,-5.6104891977751694e-05,-0.00021586901775331685,0.00015976412577556524,-0.5646308483632823,0.4400064578624475,0.48701969648046495,0.07623506619309009,0.5599935421375525,0.512980303519535,0.0,0.0
2,RL,LR,t2-10,300,1,V,904350,904350,0.9255449800429844,1.0,0.20025526844560837,0.012663327615243247,0.017627599034550696,0.22635500662582236,0.21248212983171255,0.026652463039380545,0.00014662602387351258,0.0003288418831793764,-0.00018221585930586394,-6.3770922870817195,0.5030264831094156,0.5031005694697849,0.11663183501962736,0.4969735168905844,0.49689943053021507,0.0,0.0
2,RL,LR,t2-10,300,1,ALL,977100,977100,1.0,1.0,0.1982604956724381,0.015641050129787552,0.02017131684795221,0.22317434860377297,0.20938264885928493,0.040277189636941706,2.4078123777667367e-06,-0.0012956479936069901,0.0012980558059847564,-5.758114918517916,0.5021379592672193,0.5026854979019547,0.11435267628697166,0.4978620407327807,0.49731450209804523,0.0,0.0
2,RL,LR,t2-10,300,2,P,4234,4234,0.004333230989663289,1.0,0.1546955938216933,-0.245554751207111,-0.2340502697624852,0.10310703932918996,0.13539511932182496,0.582237811891485,8.771745919222174e-05,-5.639249541398184e-05,0.00014410995460620359,0.33512009350479804,0.5203117619272556,0.42536608408124704,0.06589513462446858,0.47968823807274447,0.5746339159187529,0.0,0.0
2,RL,LR,t2-10,300,2,B,54482,54482,0.055758878313376316,1.0,0.134109016443216,-0.06569133740899168,-0.008394670008129598,0.1315595451030726,0.12989581361664995,-0.18573719605918967,-1.384146805702109e-05,-0.00014357094187370567,0.00012972947381668462,-0.628131381575323,0.47689145038728387,0.527073161778202,0.08076061818582284,0.5231085496127161,0.47292683822179804,0.0,0.0
2,RL,LR,t2-10,300,2,V,918384,918384,0.9399078906969603,1.0,0.20226704923369615,0.015514588944272097,0.01966292695408566,0.223205421431803,0.20309050149896885,0.03840883849989092,-6.716270607624263e-05,0.00015649277979317628,-0.00022365548586941896,-5.781434289320674,0.5012598215996794,0.5061521106639488,0.11809439188836042,0.4987401784003206,0.49384788933605117,0.0,0.0
2,RL,LR,t2-10,300,2,ALL,977100,977100,1.0,1.0,0.19826049567243798,0.014856055339112263,0.019310358369711057,0.22279225466667074,0.199587689056828,0.03870350434835134,6.713285058958009e-06,-4.3470657494511244e-05,5.0183942553469265e-05,-5.467587456574113,0.499983625012793,0.5069685804932965,0.1157865111042882,0.5000163749872071,0.4930314195067035,0.0,0.0
2,RL,ELU1,t2-10,300,1,P,152406,152406,0.1559778937672705,1.0,0.11304743679106187,-0.003151690400460915,-0.030519653322645675,0.1172693864879623,0.13018417808999216,0.14072810371072117,0.000101046969432028,-0.0002433059386022199,0.0003443529080342479,5.935640471657837,0.48306497119535974,0.4629935829298059,0.07349448184454681,0.45661588126451713,0.4746860359828353,0.060319147540123096,0.06232038108735877
2,RL,ELU1,t2-10,300,1,B,56329,56329,0.05764916589908914,1.0,0.12428904964219126,-0.11047218677890905,-0.02038370648542611,0.12782518550364003,0.1279563640752225,-0.12916581506570676,-2.5968214646499372e-05,-0.0002560513771615028,0.00023008316251500337,-0.5318642206340248,0.46207104688526335,0.4866054785279341,0.0690940723250901,0.5216673471923876,0.4963695432193009,0.016261605922349057,0.017024978252765006
2,RL,ELU1,t2-10,300,1,V,768365,768365,0.7863729403336404,1.0,0.11457690246787157,-0.04201199921528172,0.0038928148140061486,0.1314532731052942,0.13986423553322685,-0.11112920903810528,-1.0381999195176038e-05,-7.691044587805641e-05,6.652844668288036e-05,-6.986871781998961,0.45885093672928884,0.4758142289146434,0.0701489526462033,0.4935245618944122,0.4745609183135619,0.047624501376299026,0.04962485277179465
2,RL,ELU1,t2-10,300,1,ALL,977100,977100,1.0,1.0,0.11489823681670219,-0.0315874739540458,-0.007177092359267363,0.12711455655904316,0.13155360076086603,-0.018767276508664978,6.46967555903526e-05,-0.0005762677616417791,0.0006409645172321316,-4.599119736706828,0.46281342748950977,0.47443659809640776,0.07060996827346229,0.4893900317265377,0.4758376829393102,0.04779654078395251,0.04972571896428206
2,RL,ELU1,t2-10,300,2,P,1931,1931,0.00197625626854979,1.0,0.15868880779287875,-0.5034355807478667,-0.3825057803969515,0.05194132013845342,0.08117221143260714,0.6765883464663024,6.858897603368778e-05,9.803761028007558e-05,-2.9448634246387818e-05,1.1164038216720857,0.45986535473847745,0.36768513723459345,0.03210771620921802,0.5401346452615226,0.6323148627654065,0.0,0.0
2,RL,ELU1,t2-10,300,2,B,6973,6973,0.007136424112168662,1.0,0.14316328529472444,-0.21755123549683109,-0.012395299343751382,0.1173595779727695,0.11723010172895586,-0.4867344089107328,4.3286882967117114e-06,-0.00020601405205568493,0.00021034274035239666,-0.6382304766064699,0.4292270184999283,0.5389358955973039,0.06754624982073713,0.5707729815000717,0.46106410440269613,0.0,0.0
2,RL,ELU1,t2-10,300,2,V,968196,968196,0.9908873196192816,1.0,0.11460733314059501,0.0016805717932834574,0.0020189490852369875,0.15486407240157138,0.13138223977036118,0.005539373875942731,-4.412773416927345e-05,-0.00046583813155378836,0.00042171039738451516,-19.92049990892551,0.5003986796061954,0.4925820804878351,0.08861428884234183,0.49960132039380456,0.5074179195121649,0.0,0.0
2,RL,ELU1,t2-10,300,2,ALL,977100,977100,1.0,1.0,0.11489823681670218,0.00036535653957314593,0.0016258956828432134,0.15469271317613728,0.12421055689317194,0.006147953607395622,2.8789930161126045e-05,-0.0005738145733293977,0.000602604503490524,-19.741319143542903,0.4998106642104186,0.4926660526046464,0.08835226691229148,0.5001893357895815,0.5073339473953536,0.0,0.0
2,RL,R,t2-10,300,1,P,2397,2397,0.0024531777709548663,1.0,0.13577106258724742,-0.2045883256173489,-0.15375145591750886,0.09165163476959436,0.1555440027047766,0.679020215286939,-1.0008535323616518e-05,-0.00010605902460538366,9.605048928176716e-05,0.5953484204624163,0.5365039632874427,0.44096787651230707,0.0592407175636212,0.46349603671255735,0.5590321234876929,0.0,0.0
2,RL,R,t2-10,300,1,B,238624,0,0.24421655920581312,0.0,0.1042665543625531,nan,nan,nan,nan,nan,0.0,0.0,0.0,-0.592251848771493,nan,nan,nan,nan,nan,nan,nan
2,RL,R,t2-10,300,1,V,736079,0,0.753330263023232,0.0,0.10309727986964637,nan,nan,nan,nan,nan,0.0,0.0,0.0,-6.73571870210899,nan,nan,nan,nan,nan,nan,nan
2,RL,R,t2-10,300,1,ALL,977100,2397,1.0,0.0024531777709548663,0.103462990660527,-0.2045883256173489,-0.15375145591750886,0.09165163476959436,0.1555440027047766,0.679020215286939,-1.0008535323616518e-05,-0.00010605902460538366,9.605048928176716e-05,-5.217397954689473,0.5365039632874427,0.44096787651230707,0.0592407175636212,0.46349603671255735,0.5590321234876929,0.0,0.0
2,RL,R,t2-10,300,2,P,619750,619750,0.6342748950977382,1.0,0.10262961328143143,-0.0051629275580436455,-0.0008936523797977461,0.22160965670295527,0.2145438471360974,0.014382260630128077,0.00020202324675694025,0.0004257521197185319,-0.0002237288729615916,0.19812359965111864,0.4996595401371521,0.42594433239209356,0.0870560709963695,0.5003404598628479,0.5740556676079064,0.0,0.0
2,RL,R,t2-10,300,2,B,344863,0,0.3529454508238665,0.0,0.10500254789096397,nan,nan,nan,nan,nan,0.0,0.0,0.0,-0.41383002154967224,nan,nan,nan,nan,nan,nan,nan
2,RL,R,t2-10,300,2,V,12487,0,0.012779654078395252,0.0,0.10230573155380154,nan,nan,nan,nan,nan,0.0,0.0,0.0,-1.0573495646331894,nan,nan,nan,nan,nan,nan,nan
2,RL,R,t2-10,300,2,ALL,977100,619750,1.0,0.6342748950977382,0.10346299066052703,-0.0051629275580436455,-0.0008936523797977461,0.22160965670295527,0.2145438471360974,0.014382260630128077,0.00020202324675694025,0.0004257521197185319,-0.0002237288729615916,-0.03390715981115389,0.4996595401371521,0.42594433239209356,0.0870560709963695,0.5003404598628479,0.5740556676079064,0.0,0.0
2,RL,GELU,t2-10,300,1,P,3798,3798,0.0038870125882714155,1.0,0.10798335779624117,-0.651366072861055,-0.0016673550030881668,0.11251695931018639,0.12292190477282347,-0.05557584214480865,-4.4162083235742377e-05,0.00345832403363266,-0.0035024861168684034,0.5864246611189777,0.48657187993680884,0.4296998420221169,0.0526592943654555,0.5134281200631912,0.5703001579778831,0.0,0.0
2,RL,GELU,t2-10,300,1,B,8044,8044,0.008232524818339986,1.0,0.10799798734872042,-0.3423549300626975,0.10746893446195341,0.17791341014913412,0.24111680802198518,-0.0747553944399908,0.00028830363316265605,-0.0002227080964669625,0.0005110117296296186,-0.4346838721083346,0.3886126305320736,0.4484087518647439,0.05818000994530084,0.6113873694679264,0.5515912481352561,0.0,0.0
2,RL,GELU,t2-10,300,1,V,965258,403887,0.9878804625933886,0.4184238825267441,0.11274779635043829,-0.17032152346848495,0.020379849263704224,0.15156504047215502,0.16753751310225967,0.2064949502810275,-0.00035747896031656303,0.0004036581049632618,-0.0007611370652798249,-8.859301491226864,0.5046015345876446,0.532844582766962,0.0862889867710523,0.49539846541235544,0.46715541723303794,0.0,0.0
2,RL,GELU,t2-10,300,1,ALL,977100,415729,1.0,0.4254723160372531,0.11269017399731306,-0.27087402158685525,0.02805863697327483,0.1506245215006447,0.16891888106999436,0.1328335273683243,-0.00011333741038964935,0.0036392740421289592,-0.00375261145251861,-8.753229961132915,0.5021925340786907,0.5302685162690118,0.08543786938125558,0.4978074659213093,0.4697314837309882,0.0,0.0
2,RL,GELU,t2-10,300,2,P,911547,911547,0.9329106539760516,1.0,0.11335289153027749,-0.01998791183144216,0.0026667314412187624,0.15982645330610656,0.15907821354844498,0.009398799945009032,-0.00017069138807709487,0.00486193364768583,-0.0050326250357629245,0.4382307086015571,0.49703745391076926,0.48976520135549784,0.08504333841261065,0.5029625460892307,0.5102347986445022,0.0,0.0
2,RL,GELU,t2-10,300,2,B,63909,63909,0.06540681608842493,1.0,0.10365316109777735,-0.19993320440226126,-0.07439969477537528,0.1075645315824542,0.1097399239993344,0.009660611539337187,-0.00016993607695365418,-0.0009062126077848054,0.0007362765308311523,-0.173328997527833,0.4564615312397315,0.5011813672565679,0.06304276392996291,0.5435384687602685,0.4988186327434321,0.0,0.0
2,RL,GELU,t2-10,300,2,V,1644,1644,0.0016825299355234878,1.0,0.0965394917438942,-0.3656396576335948,0.01544890350759595,0.12747404239544066,0.1268466030600464,0.031839240840174365,-1.362065216871757e-06,2.2841439149435712e-05,-2.4203504366307483e-05,-1.1105518301610215,0.4124087591240876,0.44525547445255476,0.04805352798053528,0.5875912408759124,0.5547445255474452,0.0,0.0
2,RL,GELU,t2-10,300,2,ALL,977100,977100,1.0,1.0,0.11269017399731314,-0.02101650178220131,0.00232618789359823,0.1595843014011328,0.1586237565734185,0.009409887559686567,-0.0003419895302476209,0.0039785624790504605,-0.00432055200929808,0.3956246623905767,0.4942411216866237,0.4904370074710879,0.08354211442022311,0.5057588783133763,0.5095629925289121,0.0,0.0
2,RL,SILU,t2-10,300,1,P,4907,4907,0.005022003889059462,1.0,0.11853665628790379,-0.5821911988594867,-0.13328340484665793,0.08475309505452935,0.09987677861564499,0.1283382562959163,0.00014102607973441375,0.002107515255532698,-0.001966489175798285,0.6129614741601691,0.5062156103525576,0.4363154676992052,0.06337884654575097,0.4937843896474424,0.5636845323007947,0.0,0.0
2,RL,SILU,t2-10,300,1,B,19982,19982,0.020450312148193633,1.0,0.12072727400043241,-0.15265815863290905,0.14771349841940767,0.18552120424559346,0.19396924300041293,-0.13301956882858523,0.0003068100190729789,-0.00015609854123359483,0.0004629085603065735,-0.7511633579181642,0.435842258032229,0.49139225302772493,0.07336602942648383,0.564157741967771,0.5086077469722751,0.0,0.0
2,RL,SILU,t2-10,300,1,V,952211,948569,0.9745276839627469,0.9961752174675571,0.14575656963441289,-0.006137627257778085,0.052205887434294815,0.1893892823879682,0.1922906586170402,0.14491154203729956,-0.0009080248492598736,-0.0009906272841631392,8.260243490326522e-05,-10.758637592765167,0.5016345674378986,0.5382918902051406,0.09363261924013962,0.4983654325621014,0.46170810979485943,0.0,0.0
2,RL,SILU,t2-10,300,1,ALL,977100,973458,1.0,0.9962726435369972,0.14510801421516253,-0.03815737360545761,0.05482773440747731,0.18703268388572827,0.18721695500102803,0.12650953268010812,-0.00046018875045248097,0.0009607894301359639,-0.0014209781805884461,-10.496873406108616,0.5003071524400642,0.536815147648897,0.09306410754239011,0.4996928475599358,0.46318485235110296,0.0,0.0
2,RL,SILU,t2-10,300,2,P,839674,839674,0.8593531880053219,1.0,0.15115952647290534,-0.013038382744777862,0.020760513074064766,0.201023072634145,0.19086398537132512,0.05244334747183338,-0.001250668023130167,0.002759341556951008,-0.004010009580081175,0.33875526010787066,0.49619971560391296,0.4880108232480701,0.09803328434606765,0.503800284396087,0.5119879858135419,0.0,1.1909383879934355e-06
2,RL,SILU,t2-10,300,2,B,136017,136017,0.13920478968375807,1.0,0.10795408736191153,-0.0993578347374925,-0.020190626814077975,0.1268443272556474,0.13264623347620563,0.023488560743687246,-1.2735333683192862e-05,-0.001365993986953146,0.0013532586532699535,-0.342069787763502,0.47776380893564774,0.5107229243403398,0.07410838351088467,0.5222361910643523,0.48927707565966017,0.0,0.0
2,RL,SILU,t2-10,300,2,V,1409,1409,0.0014420223109200697,1.0,0.12542608752300463,-0.07920605282277879,0.045644838651363345,0.13274458349981907,0.11565151422202347,0.2935717461885331,-5.831270485213816e-07,2.6986280983817543e-06,-3.2817551469031355e-06,-1.5628901118458498,0.5230660042583393,0.5117104329311568,0.08090844570617459,0.47693399574166073,0.48828956706884313,0.0,0.0
2,RL,SILU,t2-10,300,2,ALL,977100,977100,1.0,1.0,0.14510801421516262,-0.015763883775902772,0.01950070860275096,0.19865789814341078,0.18919610380544197,0.05177249615277496,-0.0012639864838618813,0.0013960461980962438,-0.002660032681958125,0.24123893745368657,0.493672090881179,0.49120663186981883,0.0946781291577116,0.506327909118821,0.5087923446934807,0.0,1.0234367004400778e-06
0,RL,LR,t2-10,1000,1,P,21672,21672,0.02237918215613383,1.0,0.1398643413074981,-0.3292138479654577,-0.2058364059582975,0.0945016665237737,0.14084619836654497,0.49177636636524846,8.396737789453148e-05,0.000857084709895776,-0.0007731173320012445,0.9464654945980606,0.4923403469915098,0.45662606127722405,0.06261535622000738,0.5076596530084903,0.543373938722776,0.0,0.0
0,RL,LR,t2-10,1000,1,B,38256,38256,0.03950433705080545,1.0,0.1405299683356345,-0.08047447648067067,-0.04213395370288965,0.1446538196062378,0.13179832607121456,-0.14674833617567526,-0.00011938790797519461,-0.0003121237924052043,0.0001927358844300097,-0.5461365940384967,0.4483218318695107,0.46986093684650776,0.0740276035131744,0.5516781681304893,0.5301390631534922,0.0,0.0
0,RL,LR,t2-10,1000,1,V,908472,908472,0.9381164807930608,1.0,0.1680932371621189,0.005008362627248069,0.008625464921427888,0.1954923469839072,0.18832481258321251,0.01655002346106343,0.00016414972826813557,0.0005884248375997923,-0.0004242751093316569,-6.415554528851937,0.503745850174799,0.49806708407083544,0.10196131526343134,0.496254149825201,0.5019329159291646,0.0,0.0
0,RL,LR,t2-10,1000,1,ALL,968400,968400,1.0,1.0,0.1663726288977784,-0.007272976071997195,0.0038057076121614463,0.19314749689546526,0.17996028886477772,0.03622656291619689,0.00012872919818747244,0.001133385755090364,-0.0010046565569028917,-6.018931077321132,0.5013011152416357,0.4960254027261462,0.09997728211482858,0.4986988847583643,0.5039745972738537,0.0,0.0
0,RL,LR,t2-10,1000,2,P,36177,36177,0.03735749690210657,1.0,0.13320732269309382,-0.37787122487521796,-0.2075819836540838,0.11438428888592786,0.16530995215180808,0.3426590820284142,0.00025927086037138647,0.0018547890137486907,-0.0015955181533773045,0.4559964625350072,0.46051358598004255,0.41714348895707215,0.06332752854023274,0.5394864140199574,0.5828565110429278,0.0,0.0
0,RL,LR,t2-10,1000,2,B,117177,117177,0.12100061957868649,1.0,0.13846107710073888,0.001640914221153768,0.009953741300230004,0.1549626891520095,0.15146584676293617,-0.07195126286865186,-6.636026097829379e-06,-5.350859864903934e-05,4.687257255120997e-05,-0.5283371312097994,0.4970173327530147,0.5378103211381073,0.09184396255237802,0.5029826672469854,0.4621896788618927,0.0,0.0
0,RL,LR,t2-10,1000,2,V,815046,815046,0.841641883519207,1.0,0.17185748887806,-0.0008142044617420863,0.006693390596315986,0.19546221517608536,0.1865758304226832,0.037096003501139195,6.506398172872606e-05,-0.00010773476232552017,0.00017279874405424616,-4.811885547146945,0.4984761596278002,0.5067787584995203,0.1042223383710858,0.5015238403721999,0.49322124150047975,0.0,0.0
0,RL,LR,t2-10,1000,2,ALL,968400,968400,1.0,1.0,0.16637262889777843,-0.0086195599414928,0.004118604466447919,0.1941399191665839,0.1814451470744292,0.04334030078878502,0.00031769881600228315,0.001693545652774131,-0.0013758468367718484,-4.096778648965892,0.496881453944651,0.5071850475010327,0.10119681949607601,0.503118546055349,0.4928149524989674,0.0,0.0
0,RL,ELU1,t2-10,1000,1,P,173224,173224,0.17887649731515903,1.0,0.11955758081279666,-0.12261950085416105,-0.06718302206849106,0.11054588642353633,0.12605600999658703,0.1468777330919934,0.0004973560390487042,0.001544420052496553,-0.0010470640134478493,5.478013447086816,0.462360873781924,0.4508959497529211,0.06217383272525747,0.47257885743315015,0.4818558629289244,0.06506026878492588,0.06724818731815453
0,RL,ELU1,t2-10,1000,1,B,68234,68234,0.07046055349029327,1.0,0.14259795037183895,-0.1123435243934845,-0.07492813039330329,0.13789454687002958,0.13457227665360935,-0.11838609582343437,-0.000293772868685896,-0.0008388465851747772,0.0005450737164888814,-0.5338707616307695,0.45897939443679103,0.4710701409854325,0.06882199489990327,0.5253978954773281,0.5126036873113111,0.01562271008588094,0.01632617170325644
0,RL,ELU1,t2-10,1000,1,V,726942,726942,0.7506629491945477,1.0,0.12647900662063483,0.01027052382194519,0.007397534806292118,0.15114184379843698,0.15270620959954154,-0.055619597747693726,-5.9099777768553905e-05,-0.00016521503258645407,0.00010611525481790019,-6.422686681323794,0.4667786425877168,0.4715286776661687,0.06948559857595242,0.4789488019676948,0.47231553548976396,0.05427255544458843,0.05615578684406734
0,RL,ELU1,t2-10,1000,1,ALL,968400,968400,1.0,1.0,0.12637667591409074,-0.03395419418404919,-0.015367594714572282,0.1401697727535123,0.13377073137433304,0.007938309808024803,0.00014448339259425422,0.0005403584347353217,-0.00039587504214106756,-3.8790018976516203,0.465438868236266,0.46780565881867,0.06813093762907889,0.48108219743907477,0.4768608013217679,0.05347893432465923,0.055333539859562166
0,RL,ELU1,t2-10,1000,2,P,18577,18577,0.01918318876497315,1.0,0.1422004813073489,-0.4361472116846099,-0.24524973467531389,0.0868042696544579,0.10911497938025777,0.34698285099783016,0.00034924486567505407,0.0013322672792220702,-0.0009830224135470164,1.1717022197994993,0.4210582978952468,0.3964579856812187,0.03961888356569952,0.5789417021047532,0.6035420143187813,0.0,0.0
0,RL,ELU1,t2-10,1000,2,B,28559,28559,0.029490912845931434,1.0,0.15645429092308918,-0.10085829453765505,-0.06736755109784508,0.13892573685636964,0.14142654061324597,-0.2656622340748313,-0.00012281893655755684,-0.0003330565206552134,0.00021023758409765666,-0.5710817215658136,0.4724955355579677,0.5174200777338142,0.08435169298644911,0.5275044644420323,0.4825799222661858,0.0,0.0
0,RL,ELU1,t2-10,1000,2,V,921264,921264,0.9513258983890954,1.0,0.1251251937766876,-0.0007208096092641813,0.001060763606088459,0.15766970634487967,0.15373883136589425,0.013421636255582603,-0.0001237038696230225,-0.0004567757123050143,0.00033307184268199184,-20.3754730059373,0.49897532086350926,0.4996656767224162,0.08958344187985202,0.5010246791364907,0.5003343232775839,0.0,0.0
0,RL,ELU1,t2-10,1000,2,ALL,968400,968400,1.0,1.0,0.1263766759140907,-0.009464082686034244,-0.0019451534772903895,0.15681237008763724,0.1380177096766577,0.017597301062373377,0.00010272205949447472,0.0005424350462618424,-0.0004397129867673679,-19.378079898895916,0.49669971086327963,0.4982094175960347,0.08847067327550599,0.5033002891367203,0.5017905824039653,0.0,0.0
0,RL,R,t2-10,1000,1,P,3009,3009,0.003107187112763321,1.0,0.10612297931183144,-0.5230258408110767,-0.27018053187827124,0.05885818133252024,0.10980492862154119,0.3915201084786747,-6.909616136306195e-05,0.0003964023151974234,-0.00046549847656048536,0.7313067667245734,0.4709205716184779,0.45530076437354605,0.04154204054503157,0.5290794283815221,0.544699235626454,0.0,0.0
0,RL,R,t2-10,1000,1,B,202155,0,0.20875154894671624,0.0,0.10214463431331902,nan,nan,nan,nan,nan,0.0,0.0,0.0,-0.5986840164749873,nan,nan,nan,nan,nan,nan,nan
0,RL,R,t2-10,1000,1,V,763236,0,0.7881412639405204,0.0,0.10162865444168302,nan,nan,nan,nan,nan,0.0,0.0,0.0,-6.6765864800618155,nan,nan,nan,nan,nan,nan,nan
0,RL,R,t2-10,1000,1,ALL,968400,3009,1.0,0.003107187112763321,0.10175033074742947,-0.5230258408110767,-0.27018053187827124,0.05885818133252024,0.10980492862154119,0.3915201084786747,-6.909616136306195e-05,0.0003964023151974234,-0.00046549847656048536,-5.384797216011862,0.4709205716184779,0.45530076437354605,0.04154204054503157,0.5290794283815221,0.544699235626454,0.0,0.0
0,RL,R,t2-10,1000,2,P,526446,526446,0.5436245353159851,1.0,0.10160144783735008,-0.026635173814506606,-0.005407561415397089,0.21460565968419734,0.21266571912895205,0.01689999796425365,5.70144680653099e-05,0.001742087672540675,-0.0016850732044753653,0.19769342532619,0.49773386064287695,0.4305930712741668,0.08699657704683861,0.502266139357123,0.5694069287258332,0.0,0.0
0,RL,R,t2-10,1000,2,B,422809,0,0.4366057414291615,0.0,0.10207824830799285,nan,nan,nan,nan,nan,0.0,0.0,0.0,-0.47127550986711825,nan,nan,nan,nan,nan,nan,nan
0,RL,R,t2-10,1000,2,V,19145,0,0.019769723254853367,0.0,0.09860237131235228,nan,nan,nan,nan,nan,0.0,0.0,0.0,-1.0203594790858905,nan,nan,nan,nan,nan,nan,nan
0,RL,R,t2-10,1000,2,ALL,968400,526446,1.0,0.5436245353159851,0.1017503307474295,-0.026635173814506606,-0.005407561415397089,0.21460565968419734,0.21266571912895205,0.01689999796425365,5.70144680653099e-05,0.001742087672540675,-0.0016850732044753653,-0.11846282144695822,0.49773386064287695,0.4305930712741668,0.08699657704683861,0.502266139357123,0.5694069287258332,0.0,0.0
0,RL,GELU,t2-10,1000,1,P,8793,8793,0.00907992565055762,1.0,0.0771629837375788,-0.6253803133434529,-0.16809436040823011,0.08996312865643567,0.11183034109780071,0.026492233235576573,9.393556199004252e-05,0.0069986010480802595,-0.006904665486090217,0.7843353101858929,0.41942454224951664,0.42135789832821563,0.04162401910610713,0.5805754577504834,0.5783009211873081,0.0,0.000341180484476288
0,RL,GELU,t2-10,1000,1,B,11638,11638,0.01201776125567947,1.0,0.08032274710907258,-0.5792119294390755,-0.42952353587992836,0.06336667528908865,0.0871894260034409,-0.016721313095716638,-0.00031580664951196853,-0.0017333459351197994,0.001417539285607831,-0.4314173862380363,0.3667296786389414,0.37549407114624506,0.04201752878501461,0.6332703213610587,0.6244200034370166,0.0,8.592541673827119e-05
0,RL,GELU,t2-10,1000,1,V,947969,423282,0.9789023130937629,0.44651460121586256,0.10361984670042722,-0.30280153542904864,-0.1432790623525602,0.10421634960328786,0.13063071720882477,0.17961602960265824,0.00011544741417001227,0.002898096306747929,-0.002782648892577917,-8.575589907043415,0.5043918711402801,0.5300390756044434,0.08180598277271417,0.49560812885972,0.46976247513478014,0.0,0.00019844926077650362
0,RL,GELU,t2-10,1000,1,ALL,968400,443713,1.0,0.45819186286658403,0.10309964137093888,-0.4260218698314945,-0.18536304428980516,0.09608815862100273,0.1217253381702876,0.11475018756607189,-0.00010642367335191376,0.008163351419708389,-0.0082697750930603,-8.39272776099609,0.49909738952881705,0.523831846260984,0.07996610421601351,0.5009026104711829,0.4759698273433503,0.0,0.00019832639566566676
0,RL,GELU,t2-10,1000,2,P,915012,915012,0.9448698884758364,1.0,0.10479602173231366,-0.06360264948463552,-0.009436193196386672,0.17094522989562422,0.17156324827184252,0.016829847989787722,0.0016286813263518367,0.014574114806682407,-0.012945433480330566,0.4268893397392625,0.492729057105262,0.4742571682120016,0.08610816033013775,0.507270942894738,0.5256073144395921,0.0,0.0001355173484063597
0,RL,GELU,t2-10,1000,2,B,48488,48488,0.05007021891780256,1.0,0.07672665665919186,-0.4192368281869373,-0.15845958141725572,0.08680682507418691,0.08736696560619665,0.038694391073516125,-0.0003655968484872992,-0.002453118848687151,0.002087522000199853,-0.22293571316936,0.37545372050816694,0.4172991255568388,0.03539019963702359,0.6245462794918331,0.5821440356376836,0.0,0.0005568388054776439
0,RL,GELU,t2-10,1000,2,V,4900,4900,0.005059892606361008,1.0,0.047296558816026436,-0.4890644014436789,-0.07231820595916372,0.05542387925328911,0.0525452090015546,0.06086608037060156,1.0459982515883405e-06,8.81401855031616e-05,-8.70941872515733e-05,-1.1509706342253125,0.35591836734693877,0.43142857142857144,0.013877551020408163,0.6440816326530612,0.5575510204081633,0.0,0.011020408163265306
0,RL,GELU,t2-10,1000,2,ALL,968400,968400,1.0,1.0,0.10309964137093888,-0.06656513052105333,-0.00996516302575083,0.17061966477061605,0.17102567719036138,0.017026553091056357,0.001264130476116126,0.012209136143498419,-0.010945005667382289,0.3863686550657189,0.4861648079306072,0.47118855844692276,0.08320322180916977,0.5138351920693928,0.5285997521685254,0.0,0.00021168938455183808
0,RL,SILU,t2-10,1000,1,P,185953,185953,0.19202085914911193,1.0,0.11566889399963705,-0.07036320233234453,-0.02464720230991413,0.13000159443049802,0.13257631057567892,-0.06924055219568594,0.00033203258396758686,0.00243477804393331,-0.0021027454599657235,4.371667723949291,0.4869402483423231,0.49246314929041207,0.07576107941253973,0.5130597516576769,0.5075368507095879,0.0,0.0
0,RL,SILU,t2-10,1000,1,B,84352,84352,0.08710450227178852,1.0,0.1151495169066695,-0.21236612718147896,-0.11350921138725953,0.12854906397520713,0.13139175543585083,-0.03338267856247416,-0.00026607135131073045,-0.0012653080953392555,0.000999236744028525,-0.6760886570976299,0.47528215098634297,0.46374715477996964,0.07255311077389985,0.524717849013657,0.5362528452200304,0.0,0.0
0,RL,SILU,t2-10,1000,1,V,698095,697872,0.7208746385790995,0.9996805592362071,0.11303454004872185,-0.03183601515303151,-0.0044414476117392455,0.155768022776941,0.16147630739681873,0.036936163853299744,-6.965179573805747e-05,-6.149821533813472e-05,-8.153580399922748e-06,-6.40086788287677,0.5068393630923722,0.5026193915216544,0.0826727537428067,0.49316063690762774,0.4973806084783456,0.0,0.0
0,RL,SILU,t2-10,1000,1,ALL,968400,968177,1.0,0.9997697232548534,0.11372461496420734,-0.07243689546153055,-0.026540159683451983,0.13384453374050398,0.1376320443241469,-0.05302831826540088,-3.6905630812010506e-06,0.0011079717332559194,-0.0011116622963371215,-3.8336622953622626,0.5002680295028699,0.4972820052531717,0.08046359291741076,0.4997319704971302,0.5027179947468283,0.0,0.0
0,RL,SILU,t2-10,1000,2,P,66353,66353,0.06851817430813713,1.0,0.1009557808516353,-0.5457552933370653,-0.19629895654566823,0.08308554735499118,0.1229310916772357,0.010174154742640613,0.0005575234420511062,0.004411351541692084,-0.003853828099640981,0.5384843774872778,0.438322306451856,0.433303693879704,0.05490332012117011,0.561677693548144,0.566696306120296,0.0,0.0
0,RL,SILU,t2-10,1000,2,B,68065,68065,0.07028603882693102,1.0,0.10784015860220887,-0.3366426737136488,-0.2642782088414327,0.0970189880426548,0.11330241946239683,0.1097131711727201,-0.00042319672230021154,-0.00130414390850495,0.0008809471862047381,-0.4661771747871233,0.4333210901344303,0.45383089693675166,0.05722471167266584,0.5666789098655697,0.5461691030632484,0.0,0.0
0,RL,SILU,t2-10,1000,2,V,833982,816768,0.8611957868649318,0.9793592667467643,0.11522078151474548,-0.11510057345879643,-0.10157936161877244,0.13616609269688754,0.1553417338825819,0.1969622972039056,0.00011410191362139017,0.00015574353397634935,-4.164162035495916e-05,-13.352112794212536,0.5001505935590033,0.5534203102961918,0.09269584508697697,0.49984940644099674,0.4465796897038082,0.0,0.0
0,RL,SILU,t2-10,1000,2,ALL,968400,951186,1.0,0.9822242874845105,0.11372461496420733,-0.31364586304973713,-0.15406835681443376,0.11561627300997662,0.130208124128043,0.11403345972990934,0.0002484286333722848,0.0032629511671634836,-0.0030145225337912017,-11.494653064689624,0.49105537718174996,0.5379147716640068,0.08752126292859651,0.50894462281825,0.4620852283359932,0.0,0.0
1,RL,LR,t2-10,1000,1,P,26891,26891,0.027620172555464256,1.0,0.1479021378154691,-0.23384383900876146,-0.1284156135346513,0.13976748126396843,0.1492821288756419,0.3208971854092814,5.93462426530551e-05,0.0009271475214869908,-0.0008678012788339358,1.8312383591164347,0.49373396303596,0.47171916254508944,0.07206872187720799,0.50626603696404,0.5282808374549106,0.0,0.0
1,RL,LR,t2-10,1000,1,B,36972,36972,0.037974527526705014,1.0,0.14123883743733187,-0.0806050038139713,-0.03789860092096547,0.15461620937461382,0.1410952641265889,-0.15608429616354766,-0.00010978097338884981,-0.0003064685327198983,0.00019668755933104873,-0.5529687209539184,0.4495293735800065,0.46692091312344475,0.07900573406902521,0.5504706264199936,0.5330790868765553,0.0,0.0
1,RL,LR,t2-10,1000,1,V,909737,909737,0.9344052999178307,1.0,0.16734881764363524,0.004277437114294183,0.008259926861352065,0.2021001500055439,0.19479034016135022,0.018167435153307543,0.00021864041943498417,0.0005346524221184232,-0.000316012002683439,-6.321254667737506,0.5024034418738602,0.49401090644878687,0.10646703387902218,0.49759655812613973,0.5059890935512131,0.0,0.0
1,RL,LR,t2-10,1000,1,ALL,973600,973600,1.0,1.0,0.16582018282908445,-0.00833573030897667,0.0030036951734464744,0.19963143923453625,0.18644516338827952,0.03481818823737642,0.00016820568869918947,0.0011553314108855154,-0.000987125722186326,-5.877033470110542,0.5001561216105177,0.49236647493837304,0.10447411668036155,0.49984387838948235,0.507633525061627,0.0,0.0
1,RL,LR,t2-10,1000,2,P,39031,39031,0.04008935907970419,1.0,0.12727105573989422,-0.38793070003946506,-0.16720127166889728,0.11714210260786784,0.16665248602305105,0.3012188091560102,8.239529471256249e-05,0.0021104769333551384,-0.0020280816386425756,0.428617461632902,0.4551510337936512,0.4303502344290436,0.06446158181957931,0.5448489662063488,0.5696497655709564,0.0,0.0
1,RL,LR,t2-10,1000,2,B,118613,118613,0.12182929334428924,1.0,0.1342771684175077,0.0006663115833569755,0.01371661801747194,0.15514645095847165,0.15251464120525998,-0.06570524208208352,-1.9109285512643918e-07,-2.8931840019702135e-05,2.874074716457568e-05,-0.5161860042765022,0.49793867451291174,0.5220759950427019,0.0899648436512018,0.5020613254870883,0.4779240049572981,0.0,0.0
1,RL,LR,t2-10,1000,2,V,815956,815956,0.8380813475760066,1.0,0.17224947870756147,-0.001912417006813472,0.005735722845717942,0.19641614892135392,0.18604780723701786,0.03889745509389389,-7.218054061922814e-05,-0.00017529565824059875,0.00010311511762137066,-4.743642046734905,0.4985918358342852,0.5054880410218198,0.10197608694586473,0.5014081641657148,0.4945119589781802,0.0,0.0
1,RL,LR,t2-10,1000,2,ALL,973600,973600,1.0,1.0,0.1658201828290845,-0.01032183653653651,0.0036573919298713152,0.1950802058809818,0.18102787656518857,0.044375471463799575,1.0023661238207915e-05,0.0019062494350948378,-0.0018962257738566292,-4.021261495753781,0.49677074774034513,0.5044967132292523,0.09900883319638455,0.5032292522596549,0.49550328677074773,0.0,0.0
1,RL,ELU1,t2-10,1000,1,P,206154,206154,0.21174404272801972,1.0,0.11860947607618613,-0.10352530529813482,-0.05561512101654465,0.11918968829092817,0.13126482227535208,0.11944467063982353,0.00045121647615369633,0.0014538444218605215,-0.0010026279457068256,6.026809197095845,0.4400787760606149,0.4345246757278539,0.0630693559183911,0.4544272728154681,0.45707577830165796,0.10549395112391707,0.10839954597048808
1,RL,ELU1,t2-10,1000,1,B,66422,66422,0.06822308956450288,1.0,0.1404522217321749,-0.11153596110298268,-0.0835263868029246,0.14273983482679015,0.13928246398246338,-0.10468934848120731,-0.0002857494513986979,-0.0007237472494190023,0.00043799779802030487,-0.5256664388011864,0.4558278883502454,0.46344584625575863,0.07209960555237722,0.5150251422721388,0.5067146427388516,0.02914696937761585,0.02983951100538978
1,RL,ELU1,t2-10,1000,1,V,701024,701024,0.7200328677074774,1.0,0.12381026611811147,0.011102673662162036,0.00896871785981499,0.15785927027460797,0.1555891421461931,-0.056241639988895906,-4.8151950743389744e-05,-0.00016438134238895945,0.00011622939164556961,-6.480007368873148,0.4519816725247638,0.4567104692564021,0.07145119140000913,0.4613807801159447,0.4543952846122244,0.08663754735929155,0.08889424613137353
1,RL,ELU1,t2-10,1000,1,ALL,973600,973600,1.0,1.0,0.1238443954376413,-0.03373786951078353,-0.015339329055197932,0.145050902509858,0.13781997469097143,0.009097231594880552,0.00011731507401160869,0.0005657158300525597,-0.0004484007560409513,-3.4255399329672196,0.44972370583401805,0.45247226787181594,0.06972062448644208,0.4635682004930156,0.4585322514379622,0.08670809367296631,0.08899548069022185
1,RL,ELU1,t2-10,1000,2,P,16578,16578,0.017027526705012324,1.0,0.14183511660450332,-0.47596964852353435,-0.26007433630398546,0.09241678472663419,0.128364382753694,0.4036566543673076,0.00029529362577369634,0.0012378173225316132,-0.0009425236967579168,1.094739264081981,0.41675714802750635,0.39920376402461094,0.046145494028230184,0.5832428519724937,0.6007962359753891,0.0,0.0
1,RL,ELU1,t2-10,1000,2,B,25135,25135,0.025816557107641743,1.0,0.15309525833729076,-0.08283289267596079,-0.05236129985002975,0.14902147756860065,0.14998932866639833,-0.24245554519298232,-0.00011126437711960557,-0.000297008738227213,0.00018574436110760733,-0.5613541096118171,0.474239108812413,0.5145016908693058,0.08792520389894569,0.5257608911875871,0.48549830913069425,0.0,0.0
1,RL,ELU1,t2-10,1000,2,V,931887,931887,0.957155916187346,1.0,0.12273538692643031,-0.0006875785488905967,0.0007784332950021068,0.16933048080597715,0.1579675066244261,0.01082897264722519,-0.0001447627660514048,-0.0004493775131785725,0.00030461474712716773,-24.351398046653888,0.4993362929196351,0.48278707611545174,0.09196072055946697,0.5006637070803649,0.5172129238845482,0.0,0.0
1,RL,ELU1,t2-10,1000,2,ALL,973600,973600,1.0,1.0,0.12384439543764136,-0.008288929330366469,-0.0015824887693413497,0.16860407258583363,0.147179352910036,0.015343483532926921,3.9266482602686e-05,0.0004914310711258277,-0.00045216458852314175,-23.30393623616197,0.4972822514379622,0.4821826211996713,0.09107641741988497,0.5027177485620378,0.5178173788003286,0.0,0.0
1,RL,R,t2-10,1000,1,P,2617,2617,0.002687962202136401,1.0,0.11499598680508505,-0.4945091075171486,-0.25975004978193095,0.06997692272764498,0.12261754098677874,0.44526371477739046,2.977324176995198e-05,0.00031474804486165096,-0.00028497480309169917,0.7819224628007839,0.45662972869698126,0.42491402369124953,0.04852884982804738,0.5433702713030187,0.5750859763087505,0.0,0.0
1,RL,R,t2-10,1000,1,B,217423,0,0.22331861133935907,0.0,0.10235934969981789,nan,nan,nan,nan,nan,0.0,0.0,0.0,-0.6112332361881174,nan,nan,nan,nan,nan,nan,nan
1,RL,R,t2-10,1000,1,V,753560,0,0.7739934264585046,0.0,0.10146621465542825,nan,nan,nan,nan,nan,0.0,0.0,0.0,-6.539552111264111,nan,nan,nan,nan,nan,nan,nan
1,RL,R,t2-10,1000,1,ALL,973600,2617,1.0,0.002687962202136401,0.10170203584942165,-0.4945091075171486,-0.25975004978193095,0.06997692272764498,0.12261754098677874,0.44526371477739046,2.977324176995198e-05,0.00031474804486165096,-0.00028497480309169917,-5.1959683255862394,0.45662972869698126,0.42491402369124953,0.04852884982804738,0.5433702713030187,0.5750859763087505,0.0,0.0
1,RL,R,t2-10,1000,2,P,593339,593339,0.6094278964667215,1.0,0.10147930672965286,-0.022811508944723665,-0.00499229224475955,0.19880460072607467,0.1996036051590415,0.019539945203272117,0.0001699669407416838,0.0018046185528718661,-0.0016346516121301818,0.17728637882075238,0.49693008549918344,0.432993617476687,0.08610086308164473,0.5030699145008166,0.567006382523313,0.0,0.0
1,RL,R,t2-10,1000,2,B,367442,0,0.3774055053410025,0.0,0.10218601896202545,nan,nan,nan,nan,nan,0.0,0.0,0.0,-0.49818954333819665,nan,nan,nan,nan,nan,nan,nan
1,RL,R,t2-10,1000,2,V,12819,0,0.013166598192276089,0.0,0.098138431070045,nan,nan,nan,nan,nan,0.0,0.0,0.0,-1.0632090810805983,nan,nan,nan,nan,nan,nan,nan
1,RL,R,t2-10,1000,2,ALL,973600,593339,1.0,0.6094278964667215,0.10170203584942168,-0.022811508944723665,-0.00499229224475955,0.19880460072607467,0.1996036051590415,0.019539945203272117,0.0001699669407416838,0.0018046185528718661,-0.0016346516121301818,-0.09397505820718924,0.49693008549918344,0.432993617476687,0.08610086308164473,0.5030699145008166,0.567006382523313,0.0,0.0
1,RL,GELU,t2-10,1000,1,P,8253,8253,0.008476787181594083,1.0,0.07060857701942756,-0.6347953537740336,-0.2093322257127298,0.07576322356436328,0.10475265575615275,0.08724380234612013,0.0001698801170340877,0.006437193744598474,-0.0062673136275643885,0.7082800138321711,0.4257845631891433,0.4225130255664607,0.038894947291893855,0.5742154368108566,0.5774869744335394,0.0,0.0
1,RL,GELU,t2-10,1000,1,B,13215,13215,0.013573336072308956,1.0,0.0794539294272299,-0.5844188480101502,-0.3803910320937737,0.06434677646887726,0.08820555905232713,-0.08102744131988342,-0.00030215690302904963,-0.002127937367254879,0.0018257804642258305,-0.4332638564295749,0.35240257283390086,0.3807037457434733,0.03844116534241392,0.6475974271660991,0.6192962542565267,0.0,0.0
1,RL,GELU,t2-10,1000,1,V,952132,425149,0.977949876746097,0.4465231711569404,0.101566624145118,-0.292330173948892,-0.14471744697698033,0.10407070788560278,0.12785434744689667,0.17087344777224714,0.00019294362105007093,0.003014984907759311,-0.002822041286709242,-8.584003795368602,0.5041902956375295,0.529659013663445,0.08164666975577974,0.49580970436247057,0.47034098633655497,0.0,0.0
1,RL,GELU,t2-10,1000,1,ALL,973600,446617,1.0,0.4587274034511093,0.10100405633120549,-0.414391862546052,-0.18895431782398348,0.09402186340360931,0.11829491063242702,0.11991253250903981,6.066683505510903e-05,0.007324241285102906,-0.0072635744500477994,-8.394602350657824,0.49825017856463144,0.523271617515679,0.07957825161155979,0.5017498214353686,0.47672838248432103,0.0,0.0
1,RL,GELU,t2-10,1000,2,P,914783,914783,0.9395881265406738,1.0,0.10299156219614848,-0.06223866724252597,-0.010229520366173608,0.15866692904579222,0.15848088016364972,0.018395040461260868,0.0016947832834030927,0.015062871352584047,-0.013368088069180944,0.3977607783005574,0.4913711776454088,0.48741395500353635,0.07879136363487298,0.5086288223545912,0.5125860449964637,0.0,0.0
1,RL,GELU,t2-10,1000,2,B,54459,54459,0.05593570254724733,1.0,0.07272657125675756,-0.4288913311254359,-0.1978997533832923,0.07541449727574796,0.0787563211535556,0.05175138374278175,-0.000494500208385776,-0.002981938393051659,0.0024874381846658852,-0.20348345579171667,0.3726473126572284,0.405020290493766,0.02892083953065609,0.6273526873427716,0.594979709506234,0.0,0.0
1,RL,GELU,t2-10,1000,2,V,4358,4358,0.004476170912078883,1.0,0.037173625403998115,-0.4798800898745463,-0.11406520456530611,0.08126938153567052,0.07738167636896857,0.11890017123023577,1.0676860631884995e-06,7.447476243402547e-05,-7.3407076370837e-05,-1.1517428629743636,0.3393758604864617,0.4033960532354291,0.011243689765947683,0.6606241395135383,0.596603946764571,0.0,0.0
1,RL,GELU,t2-10,1000,2,ALL,973600,973600,1.0,1.0,0.1010040563312055,-0.06551353413667446,-0.010952925962886113,0.15833840963491863,0.15786625815850608,0.01876159779140104,0.0012013507610805052,0.012155407721966412,-0.010954056960885897,0.35719391653688926,0.4840499178307313,0.48242912900575186,0.07569946589975349,0.5159500821692687,0.5175708709942481,0.0,0.0
1,RL,SILU,t2-10,1000,1,P,196602,196602,0.2019330320460148,1.0,0.11732467150785438,-0.07054663319437596,-0.022153323261653386,0.12994556366909912,0.13698632824229587,-0.08788078570665152,0.0001483366110875696,0.001999352148768703,-0.0018510155376811337,4.305245782052736,0.48843857132684304,0.4900560523290709,0.07785271767326883,0.5115614286731569,0.5099439476709291,0.0,0.0
1,RL,SILU,t2-10,1000,1,B,80781,80781,0.08297144617912901,1.0,0.11819338719172932,-0.19433820870583723,-0.11799861231604848,0.12475071336149905,0.12453456236722271,-0.05638876081874544,-0.0002703661882163163,-0.0010405830694211946,0.0007702168812048788,-0.6753854673367652,0.4724502048749087,0.47311867889726544,0.07226946930590114,0.5275497951250913,0.5268813211027346,0.0,0.0
1,RL,SILU,t2-10,1000,1,V,696217,695762,0.7150955217748562,0.9993464681270351,0.11407930387114729,-0.021771941459522878,0.0022859504717447575,0.15422236004317635,0.15804259446628016,0.022052512792102016,-7.686347538853568e-05,-0.00010062781161462305,2.3764336226087385e-05,-6.5935403259041765,0.5024246797036918,0.5058755723940083,0.08348831928159342,0.49757532029630824,0.4941244276059917,0.0,0.0
1,RL,SILU,t2-10,1000,1,ALL,973600,973145,1.0,0.9995326622843057,0.1150760022409417,-0.07018594427770536,-0.02382154115921368,0.13331127258440092,0.13901402206198815,-0.07041694405241379,-0.00019889305251728236,0.0008581412677328853,-0.0010570343202501676,-3.901677534176075,0.49711091358430654,0.4999604375504164,0.08141849364688715,0.5028890864156934,0.5000395624495836,0.0,0.0
1,RL,SILU,t2-10,1000,2,P,65488,65488,0.06726376335250617,1.0,0.10482448992994856,-0.520923885265616,-0.1719663365430183,0.09575701342837382,0.1321843758995391,0.00023275028917206107,0.00045830172875904155,0.0037994401772799774,-0.0033411384485209374,0.4869652622140378,0.4351789640850232,0.43965306621060346,0.05849926704129001,0.5648210359149768,0.5603469337893965,0.0,0.0
1,RL,SILU,t2-10,1000,2,B,61789,61789,0.06346446179129006,1.0,0.1106155345095461,-0.36756472021615133,-0.29246331701477185,0.0874992993775874,0.11302549195252341,0.14170911676789424,-0.0003996825773026198,-0.001304271010928053,0.0009045884336254339,-0.41859656966268516,0.4286523491236304,0.4406124067390636,0.05389308776643092,0.5713476508763696,0.5593875932609365,0.0,0.0
1,RL,SILU,t2-10,1000,2,V,846323,832140,0.8692717748562038,0.983241622879208,0.11619491178124437,-0.11435257369986014,-0.09411448878452117,0.13570614288163968,0.15416234917287855,0.2284430989667639,9.578950747643127e-05,0.00014911499207753435,-5.3325484601103097e-05,-13.178072155987051,0.5007198307977023,0.5625051073136732,0.08899343860408104,0.4992801692022977,0.4374948926863268,0.0,0.0
1,RL,SILU,t2-10,1000,2,ALL,973600,959417,1.0,0.9854324157764995,0.11507600224094175,-0.29452698120446635,-0.14452717831483497,0.11825193586678778,0.1344171519742118,0.14011160307418863,0.000154408658932853,0.0026442841584294586,-0.0024898754994966067,-11.449137062060851,0.4916047974968132,0.5462692447600991,0.08465140809470752,0.5083952025031868,0.4537307552399009,0.0,0.0
2,RL,LR,t2-10,1000,1,P,49617,49617,0.05077985876573534,1.0,0.14993116479170437,-0.12463677256249561,-0.07672210383013252,0.13517828944470933,0.15410009070793038,0.19765291253106165,8.262605663301172e-05,0.0006006806097813262,-0.0005180545531483148,2.7295819300427784,0.5010379507023802,0.4886430054215289,0.07293871052260315,0.4989620492976198,0.5113569945784711,0.0,0.0
2,RL,LR,t2-10,1000,1,B,44107,44107,0.04514072254631051,1.0,0.14382000615696558,-0.06793632678401335,-0.03101272780584758,0.151146853070534,0.1390379461485456,-0.10244532917800536,-0.00011429188158064999,-0.0003181386417322164,0.0002038467601515663,-0.5447508975219192,0.45108486181331764,0.47164849116920216,0.07409254766817058,0.5489151381866824,0.5283515088307978,0.0,0.0
2,RL,LR,t2-10,1000,1,V,883376,883376,0.9040794186879542,1.0,0.16350089192591807,0.0010762454722985223,0.009586513661133283,0.19515202669863752,0.18785438836564844,0.018023108633443096,0.00028664551019843415,0.00044903747328530543,-0.00016239196308687114,-6.118684049185923,0.5029013692923512,0.5034062505660104,0.10186941913749072,0.4970986307076488,0.4965937494339896,0.0,0.0
2,RL,LR,t2-10,1000,1,ALL,977100,977100,1.0,1.0,0.1619234136945912,-0.011727596443342871,0.0024277847857968157,0.19012701041132757,0.17866727543489108,0.03643462978918101,0.0002549796852507959,0.0007315794413344151,-0.00047659975608361967,-5.417758982548082,0.5004677105721012,0.5012230068570259,0.09914645379183297,0.4995322894278989,0.49877699314297413,0.0,0.0
2,RL,LR,t2-10,1000,2,P,34961,34961,0.03578037048408556,1.0,0.1354692737581025,-0.4003984331695906,-0.20027692265967795,0.10933871387888196,0.15538811557784218,0.3450862948269378,0.0002359934009519407,0.0020490195644277407,-0.0018130261634758,0.47680784383470565,0.45545035897142533,0.4172363490746832,0.06229798918795229,0.5445496410285747,0.5827636509253168,0.0,0.0
2,RL,LR,t2-10,1000,2,B,105677,105677,0.1081537201924061,1.0,0.13914515020630988,0.02293561447432068,0.019483433843875464,0.15392134345922184,0.15030704225683328,-0.07383939183275862,1.1369609375439837e-05,4.45070156367186e-05,-3.3137406261278746e-05,-0.5277828580412203,0.5040548085203024,0.5308061356775836,0.0924420640252846,0.49594519147969757,0.46919386432241644,0.0,0.0
2,RL,LR,t2-10,1000,2,V,836462,836462,0.8560659093235083,1.0,0.1659068603269195,-0.005545755809630636,0.004807204617173364,0.19345749082377578,0.1846431234872998,0.035836118872963896,-1.526497946754237e-05,-0.00025010340467250796,0.0002348384252049655,-5.235689373876524,0.4974451917720112,0.501062809786936,0.10409677905272445,0.5025548082279888,0.4989371902130641,0.0,0.0
2,RL,LR,t2-10,1000,2,ALL,977100,977100,1.0,1.0,0.1619234136945911,-0.013425450162086452,0.0025005852975978024,0.1921930947170403,0.17850797114433797,0.04223474049101963,0.00023209803085983815,0.0018434231753919517,-0.0016113251445321133,-4.522116503031851,0.4966574557363627,0.5012803193122506,0.1013407020775765,0.5033425442636373,0.49871968068774947,0.0,0.0
2,RL,ELU1,t2-10,1000,1,P,172807,172807,0.17685702589294852,1.0,0.12435271492836932,-0.10420705029651113,-0.031627598733659855,0.117751882070353,0.12977418463836848,0.1496833304865894,0.0002783392774000912,0.0014050698002292584,-0.0011267305228291674,5.282903845639401,0.4805534498023807,0.469975174616769,0.07430254561447164,0.4861666483417917,0.49456329894043644,0.0332799018558276,0.035461526442794565
2,RL,ELU1,t2-10,1000,1,B,66723,66723,0.06828676696346331,1.0,0.14307954944089593,-0.118363477692967,-0.0947089566972443,0.13291325018948358,0.1340371463794072,-0.1045023766123052,-0.00036416634192281566,-0.0008083492156819104,0.0004441828737590949,-0.5256390684703833,0.463408419885197,0.4662260389970475,0.07109992056712078,0.5278839380723289,0.5244818128681265,0.008707642042474109,0.009292148134826072
2,RL,ELU1,t2-10,1000,1,V,737570,737570,0.7548562071435881,1.0,0.1273210469538255,0.009311613262820007,-0.0024645277738141462,0.14093764943591147,0.14989020831811958,-0.07518395508646385,-7.01940673887218e-05,-0.00016069031324534682,9.049624585662501e-05,-6.723347390966006,0.47597651748308634,0.4838306872568027,0.07512778448147295,0.49362230025624687,0.48384831270252315,0.030401182260666786,0.032321000040674105
2,RL,ELU1,t2-10,1000,1,ALL,977100,977100,1.0,1.0,0.12787217376696827,-0.03609282942483114,-0.015505237819065352,0.13321306839503386,0.13441992827892277,0.010752918521583811,-0.00015602113191144631,0.00043603027130200106,-0.0005920514032134475,-4.176736041210662,0.47592774536894894,0.4801780779858766,0.07470678538532392,0.49464333230989666,0.4885180636577628,0.029428922321154436,0.03130385835636066
2,RL,ELU1,t2-10,1000,2,P,16829,16829,0.01722341623170607,1.0,0.14682578534753069,-0.5459648359678929,-0.3081168467618231,0.06803213650000381,0.11944060665537705,0.44573747774152844,0.0002741148387494587,0.0013439272198187968,-0.0010698123810693383,1.1512075538855082,0.4108384336561887,0.38623804147602353,0.04123833858220928,0.5891615663438112,0.6137619585239764,0.0,0.0
2,RL,ELU1,t2-10,1000,2,B,27072,27072,0.027706478354313786,1.0,0.15850465116822976,-0.11498074193483686,-0.08137886339368014,0.1409008112674623,0.1370012210504462,-0.26092963198765406,-0.00017075451944218128,-0.0003792406628196912,0.00020848614337751008,-0.568588460037451,0.4756575059101655,0.51100768321513,0.08780289598108747,0.5243424940898345,0.48899231678487,0.0,0.0
2,RL,ELU1,t2-10,1000,2,V,933199,933199,0.9550701054139802,1.0,0.12664172585875552,-0.0006084490415137429,0.00229212628520991,0.16285876578597935,0.15144805001531952,0.011982584981733942,-0.00015639830537217034,-0.0005531799624611415,0.0003967816570889708,-19.176673812890694,0.4989332393198021,0.49066062008210465,0.09401210245617495,0.501066760680198,0.5093393799178954,0.0,0.0
2,RL,ELU1,t2-10,1000,2,ALL,977100,977100,1.0,1.0,0.12787217376696827,-0.009734908819848693,-0.0005211469558660445,0.16202494542356954,0.13858378391805126,0.017602025949421462,-5.303798606489292e-05,0.0004115065945379642,-0.00046454458060285735,-18.310993736957915,0.49677105721011156,0.4894258520110531,0.09293112271006038,0.5032289427898885,0.5105741479889468,0.0,0.0
2,RL,R,t2-10,1000,1,P,3975,3975,0.0040681608842493095,1.0,0.11272887670304411,-0.5091161125919303,-0.2941702603748022,0.045554416005017605,0.12470846436281394,0.42372273326148124,-3.261412138247701e-06,0.000506388933118188,-0.0005096503452564357,0.7665610044099258,0.4691823899371069,0.44427672955974845,0.04025157232704402,0.5308176100628931,0.5557232704402516,0.0,0.0
2,RL,R,t2-10,1000,1,B,240771,0,0.24641387780165797,0.0,0.10220053865933293,nan,nan,nan,nan,nan,0.0,0.0,0.0,-0.591166287923534,nan,nan,nan,nan,nan,nan,nan
2,RL,R,t2-10,1000,1,V,732354,0,0.7495179613140928,0.0,0.10161653114353592,nan,nan,nan,nan,nan,0.0,0.0,0.0,-6.724600017286982,nan,nan,nan,nan,nan,nan,nan
2,RL,R,t2-10,1000,1,ALL,977100,3975,1.0,0.0040681608842493095,0.10180564550970622,-0.5091161125919303,-0.2941702603748022,0.045554416005017605,0.12470846436281394,0.42372273326148124,-3.261412138247701e-06,0.000506388933118188,-0.0005096503452564357,-5.182761579548969,0.4691823899371069,0.44427672955974845,0.04025157232704402,0.5308176100628931,0.5557232704402516,0.0,0.0
2,RL,R,t2-10,1000,2,P,637838,637838,0.6527868181352984,1.0,0.10144657158413407,-0.02522056178612055,-0.005516302797013054,0.21750966455163562,0.2124275646996276,0.020654637330238725,0.0003246423185109893,0.0021794918833433277,-0.0018548495648323389,0.20806655412876673,0.49711055158206313,0.4271993829154111,0.08537747829386146,0.5028894484179368,0.5728006170845888,0.0,0.0
2,RL,R,t2-10,1000,2,B,325971,0,0.3336106846791526,0.0,0.10267779611757855,nan,nan,nan,nan,nan,0.0,0.0,0.0,-0.44035540525586053,nan,nan,nan,nan,nan,nan,nan
2,RL,R,t2-10,1000,2,V,13291,0,0.013602497185549074,0.0,0.09764758281618074,nan,nan,nan,nan,nan,0.0,0.0,0.0,-1.072600073026599,nan,nan,nan,nan,nan,nan,nan
2,RL,R,t2-10,1000,2,ALL,977100,637838,1.0,0.6527868181352984,0.10180564550970624,-0.02522056178612055,-0.005516302797013054,0.21750966455163562,0.2124275646996276,0.020654637330238725,0.0003246423185109893,0.0021794918833433277,-0.0018548495648323389,-0.025674203894043915,0.49711055158206313,0.4271993829154111,0.08537747829386146,0.5028894484179368,0.5728006170845888,0.0,0.0
2,RL,GELU,t2-10,1000,1,P,6421,6421,0.006571487053525739,1.0,0.08073488025382942,-0.6622028163081676,-0.2139918295857053,0.07374167521912434,0.10724295661643946,0.00027198677368472403,0.00013893204168800537,0.0057696014524758095,-0.005630669410787806,0.7355334090117343,0.44463479208845974,0.4289051549602866,0.038000311477962935,0.5553652079115402,0.5710948450397134,0.0,0.0
2,RL,GELU,t2-10,1000,1,B,10568,10568,0.010815679050250743,1.0,0.08460685916730318,-0.6176878905640671,-0.4085147402651067,0.0724754726033413,0.09092555042046277,-0.01235414375978836,-0.0002690173474907232,-0.0017750408332835564,0.0015060234857928324,-0.43615055640013317,0.3416919000757002,0.35967070401211204,0.03964799394398183,0.6583080999242997,0.640329295987888,0.0,0.0
2,RL,GELU,t2-10,1000,1,V,960111,426434,0.9826128338962236,0.44415072840536146,0.1030459399272503,-0.31429826994159776,-0.14128694836456984,0.10394487146891872,0.12919279413704532,0.18583335048979108,0.0001994538280434715,0.0033335642142621837,-0.003134110386218712,-8.583494829250746,0.5021926019032253,0.5325747946927308,0.08027737000332993,0.49780739809677466,0.4674205152497221,0.0,4.690057547006102e-06
2,RL,GELU,t2-10,1000,1,ALL,977100,443423,1.0,0.4538153720192406,0.10269989190797472,-0.4292838481984245,-0.18615788770915445,0.09539954437884095,0.12129869006231876,0.12134134254530352,6.93685222407537e-05,0.007328124833454437,-0.007258756311213686,-8.434135895064513,0.49753395741763506,0.5269528193169953,0.07869686507014746,0.5024660425823649,0.47304267031705616,0.0,4.510365948541235e-06
2,RL,GELU,t2-10,1000,2,P,928977,928977,0.9507491556647222,1.0,0.10395710239181281,-0.05462679200313187,-0.00808372408258349,0.15551200971999626,0.15674368905298858,0.014698840551568516,0.0015023986882928338,0.012319146590548466,-0.010816747902255622,0.45604036306841245,0.49440836533089627,0.4885965960405909,0.08169201175056003,0.5055916346691037,0.5113958687890012,0.0,7.535170407878774e-06
2,RL,GELU,t2-10,1000,2,B,43894,43894,0.04492273052911677,1.0,0.0816013729162367,-0.39054552302413736,-0.1581531241430532,0.08802069671734383,0.08947723485469748,0.02823010691887091,-0.0002834314030041351,-0.0017375162741430277,0.0014540848711388917,-0.22351512288970513,0.38900533102474144,0.4282589875609423,0.03806898437144029,0.6109946689752586,0.571718230282043,0.0,2.2782157014626144e-05
2,RL,GELU,t2-10,1000,2,V,4229,4229,0.004328113806161089,1.0,0.04551823406424826,-0.4558192038568917,-0.10253765737125844,0.07391875404452389,0.06601479863899497,0.06772188200186186,1.3058105358694717e-06,6.276883140142846e-05,-6.1463020865559e-05,-1.1575829918253722,0.3539843934736344,0.4112083234807283,0.01655237644833294,0.6460156065263656,0.5880822889572003,0.0,0.0007093875620714117
2,RL,GELU,t2-10,1000,2,ALL,977100,977100,1.0,1.0,0.10269989190797471,-0.056777564508351454,-0.008560493058072072,0.15528636833267884,0.15637637692136963,0.014818141560079956,0.0012202730958245683,0.010644399147806866,-0.009424126051982288,0.41852892957287313,0.48906560229249824,0.485551120663187,0.07945041449186367,0.5109343977075018,0.5144376215331081,0.0,1.1257803704840856e-05
2,RL,SILU,t2-10,1000,1,P,9414,9414,0.009634633097942892,1.0,0.0969889593790629,-0.5834129247139181,-0.22745438765988696,0.08570443356486945,0.10633304865516162,0.15452886335389188,0.0003366363182524773,0.00443437922015692,-0.004097742901904443,0.7780644871223115,0.44083280220947524,0.4102400679838538,0.04408328022094753,0.5591671977905247,0.5897599320161462,0.0,0.0
2,RL,SILU,t2-10,1000,1,B,22826,22826,0.023360966124245215,1.0,0.10596448199630781,-0.35963567268166796,-0.18658697581184822,0.10347723965304764,0.10875250580578752,-0.11173532025241557,-0.0002172186264274409,-0.0012216298229479107,0.0010044111965204698,-0.7300128744199922,0.4127310961184614,0.4400683431174976,0.05927451152194865,0.5872689038815386,0.5598878471917988,0.0,4.3809690703583636e-05
2,RL,SILU,t2-10,1000,1,V,944860,941719,0.9670044007778119,0.9966756979870034,0.12385132854831385,-0.09585614764932532,-0.028590471096189115,0.14398849068283462,0.15151191721726617,0.1210555002746084,3.882446762520249e-05,0.001898463575838044,-0.0018596391082128414,-10.451357557752011,0.500129019378392,0.535794647872667,0.08462396957054068,0.49987098062160795,0.4642011045757811,0.0,4.247551552002242e-06
2,RL,SILU,t2-10,1000,1,ALL,977100,973959,1.0,0.9967853853239177,0.12317466546085563,-0.1576279614409063,-0.05152917709012602,0.1377657825214227,0.14235776734470137,0.10527355549965285,0.00015824215945023888,0.005111212973047054,-0.004952970813596815,-10.116066192618266,0.49750759528891875,0.5323376035336189,0.083638017616758,0.5024924047110813,0.4676572627800554,0.0,5.133686325605082e-06
2,RL,SILU,t2-10,1000,2,P,892444,892444,0.9133599426875447,1.0,0.12570139245023207,-0.07742016479850608,-0.015809004601778517,0.1797477147954418,0.18026414049458453,0.054650489764710396,0.0012160933136887116,0.011510838503661655,-0.010294745189972945,0.37069944204255517,0.4917664301625648,0.4831429198918924,0.08812653791162246,0.5082335698374352,0.5168514775156761,0.0,5.602592431569936e-06
2,RL,SILU,t2-10,1000,2,B,83224,83224,0.08517449595742503,1.0,0.09731135801419141,-0.31558099973979875,-0.11875617862818882,0.1082210177504245,0.10663520095612111,0.09363304516728528,-0.000559208526353038,-0.0032518581673515855,0.0026926496409985473,-0.29534532683829295,0.4149764491012208,0.4431894645775257,0.05006969143516293,0.5850235508987792,0.5568105354224743,0.0,0.0
2,RL,SILU,t2-10,1000,2,V,1432,1432,0.0014655613550301914,1.0,0.05158636771930909,-0.41058712660386887,-0.06424349176117855,0.09480374346189112,0.061204581310411496,0.15502724820657648,7.658910535953933e-08,1.2201503744412746e-05,-1.2124914639053202e-05,-1.6786301050674217,0.36731843575418993,0.40432960893854747,0.018156424581005588,0.63268156424581,0.5956703910614525,0.0,0.0
2,RL,SILU,t2-10,1000,2,ALL,977100,977100,1.0,1.0,0.12317466546085563,-0.08237011018288204,-0.017377871375091215,0.17864528958896625,0.17895954018015758,0.055479322043354436,0.0006569613764410331,0.008271181840054482,-0.00761422046361345,0.3109659963800833,0.4850434960597687,0.4796243987309385,0.08478251970115648,0.5149565039402313,0.5203704840855593,0.0,5.117183502200389e-06
0,RL,LR,t2-10,6000,1,P,56333,56333,0.05817121024370095,1.0,0.010172352609353322,-0.5300121732801364,-0.24678301909711273,0.05109613020487886,0.09892138231326622,0.14013927828848988,1.3607221060229809e-05,0.029309265201562695,-0.02929565798050248,1.2211112091520742,0.42788418866383826,0.4491860898585199,0.031686578027088914,0.5721158113361617,0.5419736211456873,0.0,0.008840288995792875
0,RL,LR,t2-10,6000,1,B,67495,67495,0.0696974390747625,1.0,0.014489963685683836,-0.02198684501779505,-0.04129923396022223,0.12946575977248387,0.11444140394756751,-0.05747020629302968,-9.00185514735774e-05,-0.0013128591015481076,0.0012228405500745306,-0.5253920891658421,0.46843469886658273,0.4608785835987851,0.05038891769760723,0.5315653011334173,0.5340099266612341,0.0,0.005111489739980739
0,RL,LR,t2-10,6000,1,V,844572,844572,0.8721313506815366,1.0,0.02806132639512988,-0.0027790454400908257,-0.008794520578088754,0.13117089254570657,0.134994208865474,0.0011680828591792644,0.00012945359306917463,0.004312504698889378,-0.004183051105820202,-5.459993462993368,0.5068354148610184,0.49927774067811864,0.06304968670521874,0.49316458513898165,0.4967640414316364,0.0,0.003958217890245
0,RL,LR,t2-10,6000,1,ALL,968400,968400,1.0,1.0,0.0260748139143903,-0.09728313992409365,-0.01930149115537237,0.1276753488792379,0.12689233226813124,0.025579837331493382,5.304226265582704e-05,0.03230891079890397,-0.03225586853624815,-4.72741643983924,0.49956629491945476,0.4936875258157786,0.060342833539859565,0.5004337050805452,0.5019898802147873,0.0,0.0043225939694341185
0,RL,LR,t2-10,6000,2,P,214234,214234,0.2212247005369682,1.0,0.009286073011075998,-0.4277930101732677,-0.15860524498906636,0.07616448802190401,0.11080077065033671,0.1001315472902232,0.00017290744826319124,0.03167048215940694,-0.03149757471114375,1.1666732591601958,0.432835124209976,0.44240876798267315,0.03568994650709038,0.567164875790024,0.5498333597841613,0.0,0.007757872233165604
0,RL,LR,t2-10,6000,2,B,141796,141796,0.146422965716646,1.0,0.017991738427268644,0.0018194416149257629,0.04425587100818596,0.14928459461325946,0.14122381137824733,0.0006334272052344359,7.1275524625159895e-06,-0.0003013990585470666,0.00030852661100958277,-0.4950771531833656,0.4900702417557618,0.493257919828486,0.054860503822392735,0.5099297582442383,0.5022708680075602,0.0,0.004471212163953849
0,RL,LR,t2-10,6000,2,V,612370,612370,0.6323523337463858,1.0,0.0338199139200283,-0.10004772349321353,-0.022687755426835116,0.1331496038997116,0.13920065680503596,0.03518302788711165,-3.207116251284414e-05,-0.0028790154576696114,0.0028469442951567663,-3.8364696876506423,0.4781357675914888,0.48444241226709345,0.055731012296487414,0.5218642324085112,0.511839247513758,0.0,0.003718340219148554
0,RL,LR,t2-10,6000,2,ALL,968400,968400,1.0,1.0,0.026074813914390302,-0.25488026225404686,-0.040084638892994635,0.12569210916143841,0.12695465385177443,0.06625487849026566,0.00014796383821286308,0.02849006764319026,-0.028342103804977398,-2.2403942829786114,0.4698616274266832,0.47643432465923174,0.05116997108632796,0.5301383725733169,0.5188434531185461,0.0,0.004722222222222222
0,RL,ELU1,t2-10,6000,1,P,268959,268959,0.2777354399008674,1.0,0.02968132198930887,-0.19864338262269515,-0.0527826785061026,0.07108813209339379,0.06953958696568592,0.05089568140384074,0.00013137174716001309,0.025812297489978788,-0.02568092574281877,4.254988919556894,0.46258351644674467,0.47009767287950954,0.04488044646210017,0.5354570771009708,0.5260132585263925,0.001959406452284549,0.003889068594097985
0,RL,ELU1,t2-10,6000,1,B,86571,86571,0.08939591078066915,1.0,0.015692678231744386,-0.17707246387317746,-0.19480927149612434,0.061402373430627516,0.05974453182059892,-0.06212503828427328,-8.183498485935825e-05,-0.008676030067495805,0.008594195082636445,-0.5120869629426352,0.4437975765556595,0.4393272573956637,0.0394935948527798,0.5557172725277518,0.5579004516524009,0.000485150916588696,0.0027722909519354057
0,RL,ELU1,t2-10,6000,1,V,612870,612870,0.6328686493184634,1.0,0.027283356649054742,0.017551505383457882,0.0034742234371875286,0.08374734278818252,0.07593376338864588,-0.004267653282446897,-1.8292596308388017e-05,-0.002292656813068289,0.002274364216759901,-5.732862986876935,0.5022663860198737,0.49939791472906164,0.053805864212638894,0.4952290045197187,0.49627979832590924,0.0025046094604075906,0.004322286945029125
0,RL,ELU1,t2-10,6000,1,ALL,968400,968400,1.0,1.0,0.026913197354015952,-0.09731933874965865,-0.03860136132771179,0.07463018735471347,0.06870740198814448,0.021614856661429108,3.1244165992266815e-05,0.014843610609414692,-0.014812366443422424,-2.492166516337331,0.48601817430813715,0.48589012804626186,0.05004750103263114,0.5118091697645601,0.510046468401487,0.0021726559273027675,0.004063403552251136
0,RL,ELU1,t2-10,6000,2,P,184470,184470,0.19048946716232962,1.0,0.0017788844872080576,-0.43704314333891725,-0.4608974286758524,0.0182801625961621,0.04943354564738125,0.09988511485686964,7.181320479534529e-05,0.014556515245903272,-0.014484702041107926,2.418719858321147,0.4328725538027864,0.4392204694530276,0.03010245568385103,0.5671274461972137,0.5567626172277335,0.0,0.0040169133192389005
0,RL,ELU1,t2-10,6000,2,B,65215,65215,0.06734304006608839,1.0,0.001726730317751224,-0.22129845523507424,-0.21647184157875252,0.07039616666328351,0.06927034012179571,-0.03648904311553989,-2.281675519379291e-05,-0.003355384981634246,0.003332568226440454,-0.49577650165946413,0.42822970175573105,0.4306984589434946,0.03427125661274247,0.571770298244269,0.5666487771218278,0.0,0.0026527639346776047
0,RL,ELU1,t2-10,6000,2,V,718715,718715,0.742167492771582,1.0,0.03564970924302628,-0.025930467940785046,0.0007066717415489697,0.14876495262339745,0.07530937887061998,0.020121971113377234,-3.620530626522748e-05,-0.001288943687048728,0.0012527383807835009,-19.636565751116905,0.4891869517124312,0.48446185205540443,0.06241973522188907,0.5108130482875688,0.5138810237715924,0.0,0.001657124173003207
0,RL,ELU1,t2-10,6000,2,ALL,968400,968400,1.0,1.0,0.026913197354015955,-0.18046853479761962,-0.006246581716859698,0.14678439352855632,0.05817501577994077,0.049242312554406045,1.2791143336324897e-05,0.0099121865772203,-0.00989939543388397,-14.146267209939289,0.47435460553490294,0.47222325485336636,0.05436802973977695,0.5256453944650971,0.5256030565881867,0.0,0.002173688558446923
0,RL,R,t2-10,6000,1,P,6367,6367,0.006574762494836844,1.0,0.01102313530518318,-0.59362857000383,-0.1791335597139345,0.05200146437597019,0.08265698041325971,0.11990499065808193,1.989403059366991e-05,0.00682464043831093,-0.006804746407717261,1.1455981247066969,0.3970472750117795,0.41448091722946445,0.020103659494267317,0.6029527249882205,0.5779802104601853,0.0,0.007538872310350243
0,RL,R,t2-10,6000,1,B,203637,0,0.2102819083023544,0.0,0.08517305099970761,nan,nan,nan,nan,nan,0.0,0.0,0.0,-0.5975719480959137,nan,nan,nan,nan,nan,nan,nan
0,RL,R,t2-10,6000,1,V,758396,0,0.7831433292028087,0.0,0.09030733841196673,nan,nan,nan,nan,nan,0.0,0.0,0.0,-6.705677677575731,nan,nan,nan,nan,nan,nan,nan
0,RL,R,t2-10,6000,1,ALL,968400,6367,1.0,0.006574762494836844,0.08870641585212462,-0.59362857000383,-0.1791335597139345,0.05200146437597019,0.08265698041325971,0.11990499065808193,1.989403059366991e-05,0.00682464043831093,-0.006804746407717261,-5.369633274986704,0.3970472750117795,0.41448091722946445,0.020103659494267317,0.6029527249882205,0.5779802104601853,0.0,0.007538872310350243
0,RL,R,t2-10,6000,2,P,539007,539007,0.5565954151177199,1.0,0.08733276735077704,-0.1771927663221596,-0.005272157495251562,0.21192214502139325,0.21311008027418263,0.030367014419616537,0.0001253162731795419,0.007833906970496587,-0.007708590697317043,0.29104207499220686,0.4929026895754601,0.4317699028027465,0.0823959614624671,0.50709731042454,0.5675288076036118,0.0,0.0007012895936416411
0,RL,R,t2-10,6000,2,B,399800,0,0.412845931433292,0.0,0.09204646946958447,nan,nan,nan,nan,nan,0.0,0.0,0.0,-0.533395571429568,nan,nan,nan,nan,nan,nan,nan
0,RL,R,t2-10,6000,2,V,29593,0,0.030558653448988022,0.0,0.06860209123161974,nan,nan,nan,nan,nan,0.0,0.0,0.0,-1.2022942550831408,nan,nan,nan,nan,nan,nan,nan
0,RL,R,t2-10,6000,2,ALL,968400,539007,1.0,0.5565954151177199,0.0887064158521246,-0.1771927663221596,-0.005272157495251562,0.21192214502139325,0.21311008027418263,0.030367014419616537,0.0001253162731795419,0.007833906970496587,-0.007708590697317043,-0.09495800044701798,0.4929026895754601,0.4317699028027465,0.0823959614624671,0.50709731042454,0.5675288076036118,0.0,0.0007012895936416411
0,RL,GELU,t2-10,6000,1,P,11511,11511,0.011886617100371748,1.0,0.0013520215095631082,-0.529007516844582,0.44150522591878116,0.1519077117956732,0.21141746083216714,0.02854496347165403,-0.0004409273336823994,0.01720339062466681,-0.017644317958349216,1.1240252152315309,0.42064112587959346,0.43758144383633046,0.023108331161497696,0.5793588741204065,0.5481713143949266,0.0,0.014247241768742942
0,RL,GELU,t2-10,6000,1,B,16340,16340,0.016873192895497727,1.0,0.004264704905636465,-0.6658709203058203,-0.6517241760334753,0.023457140460221192,0.025317902252564542,0.03034939487240113,-0.0003933807653162585,-0.014446833034561155,0.014053452269244898,-0.45372799922630563,0.31297429620563033,0.3196450428396573,0.015116279069767442,0.6870257037943697,0.6724602203182375,0.0,0.007894736842105263
0,RL,GELU,t2-10,6000,1,V,940549,484480,0.9712401900041305,0.5151034130066589,0.041043709806468244,-0.3983232143938457,-0.3005737635302016,0.04634610218471965,0.06510452659476029,0.031592944855542045,0.0005991746971623709,0.024147382298621994,-0.023548207601459616,-7.89668962157219,0.4975210535006605,0.5226593461030383,0.04726717305151915,0.5024789464993396,0.4729627642007926,0.0,0.004377889696169089
0,RL,GELU,t2-10,6000,1,ALL,968400,512331,1.0,0.5290489467162329,0.03995133066141943,-0.47495292545291334,-0.29275996682638883,0.05167857784022195,0.08336324065481558,0.030593813186854675,-0.00023513340183628693,0.02690393988872765,-0.027139073290563934,-7.663877311167832,0.4899078915779057,0.5142729992914736,0.045698971953678384,0.5100921084220943,0.4810152030620829,0.0,0.004711797646443413
0,RL,GELU,t2-10,6000,2,P,936308,936308,0.9668608013217679,1.0,0.041218681791066775,-0.2110616449877515,-0.014782051540328358,0.1526732742095961,0.15787028810284903,0.012269456383845207,0.0006554553915790492,0.0449050596329543,-0.04424960424137526,0.6296059423308185,0.49391119161643393,0.4843929561639973,0.06760489069835994,0.5060888083835661,0.5132573896623761,0.0,0.002349654173626627
0,RL,GELU,t2-10,6000,2,B,21680,21680,0.022387443205287072,1.0,0.003920519503219954,-0.4996708384972146,-0.04336663164168424,0.03874101288314021,0.040823354441019845,0.020697950886685388,-1.0071763347578379e-05,-0.0027611062450206775,0.002751034481673099,-0.27520573483222494,0.3196033210332103,0.397739852398524,0.005535055350553505,0.6803966789667897,0.5810885608856089,0.0,0.02117158671586716
0,RL,GELU,t2-10,6000,2,V,10412,10393,0.010751755472945063,0.9981751824817519,0.0010075143352489286,-0.5077903053133216,0.0888223922067924,0.057552790606602205,0.038694593329627436,0.0007000844583386172,-8.997472789320541e-07,0.0003156152710322029,-0.0003165150183111352,-1.5977991351529457,0.32627730203021266,0.4299047435774079,0.003944962955835659,0.6737226979697873,0.5132300586933513,0.0,0.056865197729240834
0,RL,GELU,t2-10,6000,2,ALL,968400,968381,1.0,0.9999803800082611,0.039951330661419426,-0.21285241061043303,-0.014777655222834193,0.15262633641387946,0.15780782215981487,0.012276652026350787,0.0006444838809525387,0.04245956865896582,-0.041815084778013295,0.5854010075645486,0.48820970258606894,0.4818681903093927,0.0655320581465353,0.5117902974139311,0.5147756926251135,0.0,0.00335611706549385
0,RL,SILU,t2-10,6000,1,P,200846,200846,0.20739983477901694,1.0,0.021903440722953558,-0.05374480244765187,0.03982317054884606,0.14838954569473436,0.12720991944754764,-0.010576416728683395,6.849296092035343e-05,0.00851955091520965,-0.008451057954289298,3.3300159688812307,0.4983171185883712,0.49780926680142995,0.061016898519263514,0.5016828814116288,0.5016878603507164,0.0,0.0005028728478535794
0,RL,SILU,t2-10,6000,1,B,92811,92811,0.09583952912019826,1.0,0.015263269990561969,-0.2588116243838901,-0.12182846727973412,0.09979539836976534,0.10460153013622941,-0.05998140916248259,-5.509337949279179e-05,-0.0067186750595578945,0.006663581680065103,-0.6747903053116107,0.4300998804021075,0.43208240402538495,0.042257922013554425,0.5699001195978924,0.5671095021064313,0.0,0.0008080938681837282
0,RL,SILU,t2-10,6000,1,V,674743,674435,0.6967606361007848,0.9995435299069424,0.02290020584136568,-0.07141665261473408,-0.038841650871035326,0.11291109241551586,0.12050459415760265,0.019283932726055306,2.015646725268915e-06,0.000860577195487921,-0.0008585615487626523,-6.363466921282358,0.4995811308725081,0.5006916900813273,0.06363548748211466,0.5004188691274919,0.4987597025658514,0.0,0.0005486073528212504
0,RL,SILU,t2-10,6000,1,ALL,968400,968092,1.0,0.9996819496076002,0.02196155658463133,-0.06802684735233229,0.028917480148300173,0.14418353310574533,0.1244855498944222,-0.009072485439851664,1.5415228152830552e-05,0.002661453051139676,-0.002646037822986848,-3.8078400832374824,0.49265772261314006,0.49351611210504787,0.06104275213512765,0.5073422773868599,0.5059198919110993,0.0,0.0005639959838527743
0,RL,SILU,t2-10,6000,2,P,118847,118847,0.12272511358942585,1.0,0.0004813249861714981,-0.4057924338434738,0.0006904454705106606,0.04756487306133102,0.11609807170110957,0.025562734132880183,-0.000130059838949468,0.011723727115070942,-0.0118537869540204,1.573668850709583,0.46755913064696625,0.4695448770267655,0.04143142022937053,0.5324408693530337,0.5277794138682508,0.0,0.0026757091049837184
0,RL,SILU,t2-10,6000,2,B,47463,47463,0.04901177199504337,1.0,0.005159187492991761,-0.6977028644180139,-0.8373673140653095,0.005990228239560904,0.007202372502510773,0.020195877580336224,-0.0003133273055553593,-0.007216132747230057,0.006902805441674697,-0.6808164031458662,0.3114636664349072,0.2872974738217138,0.010745212059920359,0.6885363335650928,0.7108063122853592,0.0,0.001896213892927122
0,RL,SILU,t2-10,6000,2,V,802090,798883,0.8282631144155308,0.9960016955703226,0.026138584011701396,-0.3481947455946859,-0.34938879050983546,0.05392651829743093,0.07038031167260991,0.03813940093920617,0.0005636386382664986,0.007569402110361903,-0.007005763472095408,-8.962086345525195,0.5056823089238349,0.5562116104611063,0.05491041867207088,0.4943176910761651,0.4434917253214801,0.0,0.0002966642174135637
0,RL,SILU,t2-10,6000,2,ALL,968400,965193,1.0,0.9966883519206939,0.021961556584631312,-0.4122820441963784,-0.39494948907079896,0.04755818466092334,0.06710195315324832,0.029772498492594817,0.00012025149376167135,0.012076996478202788,-0.01195674498444111,-7.263204878071598,0.49143746380257625,0.5323163346605291,0.05107890339030639,0.5085625361974238,0.4670154052091136,0.0,0.0006682601303573482
1,RL,LR,t2-10,6000,1,P,61264,61264,0.06292522596548891,1.0,0.008438891129338967,-0.47340237550414993,-0.25122044973451163,0.06207937286685577,0.07458412318595822,0.10584649501491938,0.0001825393990162868,0.026282394909804073,-0.02609985551078779,1.3824514425416259,0.44745690780882735,0.4581156960041786,0.03422891094280491,0.5525430921911726,0.5314866805954558,0.0,0.010397623400365631
1,RL,LR,t2-10,6000,1,B,67047,67047,0.06886503697617091,1.0,0.01067768426342674,-0.03898846072899005,-0.030608426946573727,0.12154125115860236,0.10740506203570968,-0.05373373641524522,-6.276054774877571e-05,-0.001697919532897675,0.0016351589851488998,-0.5259405111234553,0.45945381597983503,0.4563067698778469,0.04839888436469939,0.540546184020165,0.5371157546198935,0.0,0.006577475502259609
1,RL,LR,t2-10,6000,1,V,845289,845289,0.8682097370583401,1.0,0.022861047987645305,-0.00857014816862036,-0.01288339401752803,0.12915747060907098,0.13220455866533126,0.0037617616061449794,6.566479949921913e-05,0.0031501394615694477,-0.00308447466207023,-5.447362070634901,0.5037708996568038,0.4966561732141315,0.05974761294657804,0.4962291003431962,0.4982852018658707,0.0,0.005058624919997776
1,RL,LR,t2-10,6000,1,ALL,973600,973600,1.0,1.0,0.0211145227150642,-0.09777551957440653,-0.022613874539934836,0.12640971310639193,0.12208437857206998,0.022840914974285906,0.00018544365076673022,0.027734614838475845,-0.02754917118770912,-4.678680634345038,0.49717543138866066,0.49145234182415776,0.05736031224322104,0.5028245686113394,0.5030484798685292,0.0,0.005499178307313065
1,RL,LR,t2-10,6000,2,P,241660,241660,0.2482128184059162,1.0,0.00534915020693208,-0.4243323240371587,-0.27684923680187,0.04930867151383637,0.09444826143226466,0.0853467656372552,0.00025482196437772857,0.033832948181871915,-0.033578126217494196,1.1704535396814466,0.43364644541918396,0.4472150955888438,0.03431680873955144,0.566353554580816,0.5431060167177025,0.0,0.009678887693453613
1,RL,LR,t2-10,6000,2,B,146710,146710,0.15068816762530812,1.0,0.012747603828305597,-0.008166188984143943,0.08749799621993998,0.1553428131344932,0.14389842043179665,-0.0016753598889912404,2.1374793369024826e-05,-0.00043382259837288504,0.0004551973917419099,-0.4878732262858864,0.4833617340331266,0.4908390702746916,0.0495603571672006,0.5166382659668735,0.5039942744189216,0.0,0.005166655306386749
1,RL,LR,t2-10,6000,2,V,585230,585230,0.6010990139687756,1.0,0.02972202846526764,-0.10623014248630673,-0.026610747812055534,0.13664526287772322,0.14045847031613246,0.040372521183438086,-3.6091203826270834e-05,-0.0029525873027280852,0.0029164960989018136,-3.7705463571885955,0.47774037557883225,0.48289561369034395,0.052305931001486596,0.5222596244211678,0.5125130290654956,0.0,0.004591357244160416
1,RL,LR,t2-10,6000,2,ALL,973600,973600,1.0,1.0,0.021114522715064196,-0.2713718896936902,-0.04921555395426949,0.12849534033042895,0.12382867506216608,0.06362347790377657,0.00024010555392048257,0.030446538280770947,-0.03020643272685047,-2.049466848034579,0.467642769104355,0.4752362366474938,0.04742707477403451,0.532357230895645,0.5188229252259655,0.0,0.005940838126540674
1,RL,ELU1,t2-10,6000,1,P,289916,289916,0.2977773212818406,1.0,0.03746572731136619,-0.1861049087881048,-0.05177651154568975,0.07063746377011275,0.07012258695972541,0.0446761463051976,0.00015736063946827607,0.021438933865036314,-0.021281573225568035,4.722237805084162,0.46214765656259055,0.4661350184191283,0.05065260282288663,0.5182397660011866,0.5122690710412672,0.019612577436222908,0.021595910539604576
1,RL,ELU1,t2-10,6000,1,B,82807,82807,0.0850523829087921,1.0,0.01850401285040628,-0.17657842533338533,-0.19714698346588794,0.06088365873014979,0.05797621713339066,-0.05768607515584161,-8.334489526097478e-05,-0.007975031095396351,0.007891686200135377,-0.5105752724486474,0.44014394918304006,0.4386464912386634,0.04196505126378205,0.5532986341734395,0.5528397357711304,0.0065574166435204756,0.008513772990206142
1,RL,ELU1,t2-10,6000,1,V,600877,600877,0.6171702958093673,1.0,0.03451104387359632,0.014058790889855984,0.009862960398082307,0.08130927310212009,0.0754416173242731,-0.004812747170232339,-1.6940182607186103e-05,-0.0019354849050932346,0.0019185447224860492,-5.937638839360326,0.48911507679608307,0.48714462360849226,0.05834139100015477,0.48882550006074454,0.4889120402345239,0.022059423143172396,0.023943336156983876
1,RL,ELU1,t2-10,6000,1,ALL,973600,973600,1.0,1.0,0.03402944546111398,-0.09761177492442501,-0.036260451478865675,0.07354854000566806,0.0690240387277727,0.019578025812863192,5.70755616001152e-05,0.011528417864546728,-0.011471342302946606,-2.301784638419464,0.4769196795398521,0.47676355792933445,0.05465899753492194,0.5030679950698439,0.5013044371405094,0.020012325390304026,0.02193200493015612
1,RL,ELU1,t2-10,6000,2,P,155241,155241,0.15945049301561215,1.0,0.001999685931140806,-0.45416125249477113,-0.41679832554047325,0.024072849153101022,0.03692186613286896,0.09847087843649037,8.452109354032039e-05,0.012957733544480023,-0.012873212450939702,2.3895472263763358,0.4285208160215407,0.44172609040137595,0.029689321764224657,0.5714791839784593,0.5549307206214853,0.0,0.0033431889771387713
1,RL,ELU1,t2-10,6000,2,B,55168,55168,0.05666392769104355,1.0,0.0017397679996120085,-0.21794150613425553,-0.13240628241775976,0.06861616585716268,0.06585110441107725,-0.059419290400596646,-1.1880960786272214e-05,-0.0028560669990304586,0.002844186038244187,-0.4969383298342753,0.431681409512761,0.4273854408352668,0.03670606148491879,0.568318590487239,0.5705300174013921,0.0,0.002084541763341067
1,RL,ELU1,t2-10,6000,2,V,763191,763191,0.7838855792933442,1.0,0.042878722805040605,-0.02181017257176399,0.0005057405284469663,0.16032900779916104,0.07486853232404933,0.0169433515876914,-3.12918006689518e-05,-0.0011588249038722825,0.0011275331032033307,-23.896120556589793,0.4905574096130589,0.47559130021187357,0.0684075152877851,0.5094425903869412,0.523340815077746,0.0,0.0010678847103804945
1,RL,ELU1,t2-10,6000,2,ALL,973600,973600,1.0,1.0,0.03402944546111398,-0.16097172126009715,-0.004507316971915121,0.15866215104247938,0.048786723853822635,0.04141480542330363,4.134833208509637e-05,0.008942841641577281,-0.008901493309492184,-18.378968299624823,0.47732949876746095,0.4674599424815119,0.060437551355792936,0.522670501232539,0.5310517666392769,0.0,0.001488290879211175
1,RL,R,t2-10,6000,1,P,6022,6022,0.006185291700903862,1.0,0.012371518955253404,-0.5757212371353212,-0.1986148507086946,0.01757494306111551,0.08316284991066651,0.12368532461801436,-4.624593890174795e-05,0.005738151756331818,-0.005784397695233566,1.1553251073134472,0.4093324476917967,0.436067751577549,0.02391232148787778,0.5906675523082032,0.5586183992029227,0.0,0.005313849219528396
1,RL,R,t2-10,6000,1,B,218899,0,0.22483463434675433,0.0,0.08614700050217167,nan,nan,nan,nan,nan,0.0,0.0,0.0,-0.6094903286861278,nan,nan,nan,nan,nan,nan,nan
1,RL,R,t2-10,6000,1,V,748679,0,0.7689800739523418,0.0,0.09066658203414736,nan,nan,nan,nan,nan,0.0,0.0,0.0,-6.533383861291607,nan,nan,nan,nan,nan,nan,nan
1,RL,R,t2-10,6000,1,ALL,973600,6022,1.0,0.006185291700903862,0.08916614576912164,-0.5757212371353212,-0.1986148507086946,0.01757494306111551,0.08316284991066651,0.12368532461801436,-4.624593890174795e-05,0.005738151756331818,-0.005784397695233566,-5.153930517204973,0.4093324476917967,0.436067751577549,0.02391232148787778,0.5906675523082032,0.5586183992029227,0.0,0.005313849219528396
1,RL,R,t2-10,6000,2,P,604736,604736,0.6211339359079704,1.0,0.08890713807900752,-0.17287161205566207,-0.0060670570555546215,0.19480614099010493,0.19932580987949636,0.03333493447812526,8.388687308340934e-05,0.007684974994047755,-0.007601088120964344,0.25571357123453037,0.49250912795004764,0.4349286300137581,0.08151325537093872,0.5074908720499524,0.5646100116414435,0.0,0.0004613583447983914
1,RL,R,t2-10,6000,2,B,342475,0,0.3517615036976171,0.0,0.09120257374581511,nan,nan,nan,nan,nan,0.0,0.0,0.0,-0.5730452737053197,nan,nan,nan,nan,nan,nan,nan
1,RL,R,t2-10,6000,2,V,26389,0,0.02710456039441249,0.0,0.0686729707026453,nan,nan,nan,nan,nan,0.0,0.0,0.0,-1.2095941190335233,nan,nan,nan,nan,nan,nan,nan
1,RL,R,t2-10,6000,2,ALL,973600,604736,1.0,0.6211339359079704,0.08916614576912164,-0.17287161205566207,-0.0060670570555546215,0.19480614099010493,0.19932580987949636,0.03333493447812526,8.388687308340934e-05,0.007684974994047755,-0.007601088120964344,-0.07552840705147909,0.49250912795004764,0.4349286300137581,0.08151325537093872,0.5074908720499524,0.5646100116414435,0.0,0.0004613583447983914
1,RL,GELU,t2-10,6000,1,P,11526,11526,0.011838537387017255,1.0,0.0006412943788992991,-0.5312915777933784,0.20409249376492433,0.2931200544994356,0.314159408197357,0.07808681845099001,-0.00013985782777358604,0.01537940588494653,-0.01551926371272012,1.1291342573145384,0.4344091618948464,0.44777025854589625,0.024986985944820406,0.5655908381051535,0.5457227138643068,0.0,0.006507027589796981
1,RL,GELU,t2-10,6000,1,B,18118,18118,0.018609285127362367,1.0,0.0025733674618465645,-0.6569429555256147,-0.6700053512145077,0.01528705717280285,0.014180305885519435,-0.015755228796008384,-0.00030756775237735396,-0.015570119068771204,0.015262551316393848,-0.4530951285475233,0.30610442653714537,0.31913014681532176,0.0130257202781764,0.6938955734628546,0.6766199359752733,0.0,0.004249917209405011
1,RL,GELU,t2-10,6000,1,V,943956,486964,0.9695521774856204,0.5158757399709308,0.041393746091577276,-0.3769702002248893,-0.35445350183926716,0.03375325893944067,0.05260511609325796,0.03295397926655058,0.0006198206748888701,0.022015217172644267,-0.02139539649775539,-7.915656767097321,0.4991190313863037,0.5259670119351738,0.046578391831839726,0.5008809686136962,0.47162829285121693,0.0,0.0024046952136092194
1,RL,GELU,t2-10,6000,1,ALL,973600,516608,1.0,0.5306162695152014,0.040188877173691295,-0.4609307711907277,-0.3847562987204513,0.040020228559441574,0.06889676802593926,0.036153644901838526,0.0001723950947379302,0.02182450398881959,-0.021652108894081663,-7.669706733084773,0.490906064172448,0.516968378344896,0.044919939296333006,0.509093935827552,0.480470685703667,0.0,0.0025609359514370666
1,RL,GELU,t2-10,6000,2,P,942110,942110,0.9676561216105176,1.0,0.041468852705555,-0.20667260041055435,-0.015137259129736305,0.1425312780499862,0.14643615602513715,0.01575417279646518,0.0007778549841457674,0.044704462354742756,-0.04392660737059696,0.6072934808252404,0.4939593041152307,0.4932120453025655,0.06426425788920614,0.5060406958847693,0.5055577374191973,0.0,0.0012302172782371486
1,RL,GELU,t2-10,6000,2,B,22516,22516,0.023126540673788002,1.0,0.0023580988070304497,-0.5129691173098893,-0.10480578946868956,0.010670660090706136,0.015295953240599116,0.03514595526508258,-9.857681603011046e-06,-0.003015697009892775,0.0030058393282897636,-0.26549150556836126,0.31599751287973,0.4013146207141588,0.004441286196482501,0.68400248712027,0.587315686622846,0.0,0.011369692662995203
1,RL,GELU,t2-10,6000,2,V,8974,8954,0.009217337715694331,0.9977713394250056,0.0007326767479766836,-0.48664880965537005,0.04570461778114689,0.01851696255580151,0.01003787630277395,0.04756963661196216,-2.1774323418385858e-07,0.0002651636635806669,-0.0002653814068148507,-1.5961757947682746,0.32666964485146305,0.4247263792718338,0.0037971856153674335,0.673330355148537,0.5408755863301318,0.0,0.0343980343980344
1,RL,GELU,t2-10,6000,2,ALL,973600,973580,1.0,0.9999794576828266,0.04018887717369131,-0.20849613775455966,-0.015151128103734087,0.14249746961212004,0.1463841547130541,0.015894633585560352,0.0007677795593085726,0.04195392900843065,-0.04118614944912205,0.5667988628786353,0.488305018591179,0.490456870519115,0.062324616364346025,0.5116949814088211,0.5077733725014894,0.0,0.0017697569793956327
1,RL,SILU,t2-10,6000,1,P,203886,203886,0.20941454396055875,1.0,0.017436310385646955,-0.04271730950438563,0.02992605002291722,0.1455328238444455,0.12537537305254307,-0.01998550571339695,9.625379546181091e-05,0.008438736130143095,-0.008342482334681288,2.973292560396859,0.495909478826403,0.4901415496895324,0.05982264598844452,0.504090521173597,0.5090001275222428,0.0,0.0008583227882247923
1,RL,SILU,t2-10,6000,1,B,91385,91385,0.09386298274445358,1.0,0.01149599687282791,-0.2442434413836746,-0.1605526322184862,0.09444001944685099,0.0922267351918581,-0.0697074256696645,-7.936357328547192e-05,-0.006347608886338682,0.0062682453130532105,-0.6736722979890345,0.4373474859112546,0.4412540351261148,0.04149477485364119,0.5626525140887454,0.5574109536576024,0.0,0.0013350112162827598
1,RL,SILU,t2-10,6000,1,V,678329,677749,0.6967224732949877,0.9991449576827763,0.018657668511168356,-0.061623799470176856,-0.012495253237960198,0.11507788079631023,0.12468433944435667,0.021810545533645677,-1.9433896174863622e-05,0.0005343201933612767,-0.0005537540895361406,-6.543176546513203,0.5045053552273777,0.5061652617709506,0.06321956948663886,0.49549464477262234,0.4929538811565934,0.0,0.0008808570724560273
1,RL,SILU,t2-10,6000,1,ALL,973600,973020,1.0,0.9994042728019721,0.017729682494888776,-0.057678571704156634,0.020461026220382268,0.14136813071135754,0.12256466873981807,-0.016549834434256602,-2.543673998524634e-06,0.0026254474371656886,-0.0026279911111642177,-3.999360332377165,0.4963967852664899,0.4967112700663912,0.060467410741814144,0.5036032147335101,0.5023699410084068,0.0,0.0009187889252019486
1,RL,SILU,t2-10,6000,2,P,110921,110921,0.11392871815940839,1.0,0.00042664276425155616,-0.43504008248078707,0.006134395915175238,0.07381699073827447,0.10365930064768707,0.012129513278433004,-7.874842519869748e-05,0.011491250274514293,-0.011569998699712992,1.367873545650563,0.46051694449202585,0.47508587192686685,0.04103821638824028,0.5394830555079742,0.5199556441070672,0.0,0.004958483966065939
1,RL,SILU,t2-10,6000,2,B,53627,53627,0.05508114215283484,1.0,0.00380883462743713,-0.7054234082108436,-0.8384996129293185,0.0024196310642937645,0.0037253186465460064,0.0401953124633026,-0.00026847372317319757,-0.009214456302674626,0.008945982579501431,-0.6941047261120419,0.2956533089674977,0.27323922650903465,0.008223469520950268,0.7043466910325022,0.723553433904563,0.0,0.003207339586402372
1,RL,SILU,t2-10,6000,2,V,809052,808576,0.8309901396877568,0.9994116570999144,0.021024654608609344,-0.3149972668963562,-0.30276473127381653,0.050445607585913835,0.06585083227497791,0.040808971055946615,0.0004145095207858506,0.008866164401447362,-0.008451654880661508,-7.500653392999372,0.5080586116827608,0.5589641542662657,0.050742292623080575,0.4919413883172392,0.44070316210226373,0.0,0.0003326836314706348
1,RL,SILU,t2-10,6000,2,ALL,973600,973124,1.0,0.9995110928512736,0.01772968249488879,-0.40726251745025127,-0.3551331945184822,0.04557914607777029,0.06211076615771072,0.02930492409248022,6.728737241395554e-05,0.01114295837328703,-0.011075671000873068,-6.115361012225794,0.49093435163452964,0.5336575811510147,0.04729304795688936,0.5090656483654704,0.46532404914481607,0.0,0.001018369704169253
2,RL,LR,t2-10,6000,1,P,84104,84104,0.0860751202538123,1.0,0.00761191163072534,-0.36019433937868117,-0.16434138730377554,0.0794184990678528,0.09690012560240026,0.08278092799715502,5.8846200603972167e-05,0.022420311925462618,-0.022361465724858667,1.540708897068242,0.47486445353372014,0.4781936649862076,0.04249500618282127,0.5251355464662798,0.513435746218967,0.0,0.008370588794825454
2,RL,LR,t2-10,6000,1,B,73707,73707,0.07543444887933681,1.0,0.00743217032779567,-0.033500560107666166,-0.03819062777258072,0.11171802124547321,0.09848283249048555,-0.03242172685972306,-5.3948110498216465e-05,-0.001963531509791016,0.001909583399292799,-0.5158072824981507,0.456768013892846,0.45956286377141925,0.04502964440283826,0.543231986107154,0.5352137517467812,0.0,0.005223384481799558
2,RL,LR,t2-10,6000,1,V,819289,819289,0.8384904308668509,1.0,0.017813350529260853,-0.017366383124516334,-0.011213563345149067,0.12685746728485015,0.12982476653095726,0.006280737228365136,8.069271815791189e-05,0.0018071759792538337,-0.0017264832610959214,-5.420578084467324,0.501771658108433,0.49913644635775656,0.05755356168580318,0.49822834189156695,0.4963706335615393,0.0,0.004492920080704123
2,RL,LR,t2-10,6000,1,ALL,977100,977100,1.0,1.0,0.01615216184209288,-0.09794388400746504,-0.02281224734587354,0.1232408045297262,0.12115495269215819,0.023972989335747926,8.559080826366758e-05,0.022263956394925434,-0.02217836558666179,-4.451395788084344,0.49606079214000615,0.4943485825401699,0.055312659911984446,0.5039392078599939,0.500769624398731,0.0,0.004881793061099171
2,RL,LR,t2-10,6000,2,P,263419,263419,0.26959267219322486,1.0,0.003870653073810152,-0.406882580897431,-0.26858145101082326,0.04241152239064886,0.08232133480578845,0.09147427860939428,0.00014884681394907896,0.03462511203964017,-0.03447626522569109,1.2675030720437952,0.4358455540412802,0.45051040357757033,0.03409397196102028,0.5641544459587198,0.5414112117956563,0.0,0.008078384626773315
2,RL,LR,t2-10,6000,2,B,148749,148749,0.15223518575376113,1.0,0.009450408907619853,-0.009216503949336092,0.051337308347645515,0.15545518095807553,0.14503505541318323,0.004312245693519629,5.247769221544508e-06,-0.0003454507931486134,0.0003506985623701579,-0.4908102345376163,0.4866990702458504,0.49293104491458767,0.04932470134253003,0.5133009297541496,0.5029143053062541,0.0,0.004154649779158179
2,RL,LR,t2-10,6000,2,V,564932,564932,0.578172142053014,1.0,0.023643438324009645,-0.11570836748015846,-0.027199807730216272,0.1320638354771244,0.13958294564209675,0.03781239027893852,-6.0469563271881645e-06,-0.0031408150011424897,0.0031347680448153017,-3.8799182096682325,0.4733330737150666,0.48023478931977653,0.049860868210687304,0.5266669262849334,0.5152655540843853,0.0,0.004499656595838083
2,RL,LR,t2-10,6000,2,ALL,977100,977100,1.0,1.0,0.016152161842092887,-0.281462580396831,-0.05194189889004659,0.12280424725927465,0.11812866189220947,0.06854686138384493,0.0001480476268434353,0.03113884624534907,-0.03099079861850563,-1.9762696692936499,0.46526148807696244,0.4741541295670863,0.0455286050557773,0.5347385119230376,0.5204339371609866,0.0,0.005411933271927132
2,RL,ELU1,t2-10,6000,1,P,253666,253666,0.25961109405383276,1.0,0.027072284921470822,-0.2067927420157193,-0.05248900649977491,0.07862645775875418,0.0822631724030405,0.054696316053362976,0.00025130721655720943,0.02619105247429981,-0.025939745257742605,4.310165580269982,0.4583546868717132,0.46764249051902895,0.04341535720199002,0.5406006323275488,0.5289159761260871,0.0010446808007379782,0.0034415333548839812
2,RL,ELU1,t2-10,6000,1,B,80740,80740,0.08263227919353187,1.0,0.017350241166004553,-0.14737608159043913,-0.10223264823644082,0.09334723741086519,0.09640341290673557,-0.05670898246758675,-0.00015744459980077813,-0.006005638843100293,0.0058481942432995196,-0.5142432354690354,0.4484642060936339,0.44919494674263066,0.04062422591032945,0.5512509289076046,0.5484146643547189,0.00028486499876145653,0.0023903889026504832
2,RL,ELU1,t2-10,6000,1,V,642694,642694,0.6577566267526354,1.0,0.026884948320608903,0.032765882282722446,0.011377996890182637,0.11355388070349309,0.10140858828565175,-0.02079779236470954,-6.587321177712199e-05,-0.001917475510350169,0.0018516022985730473,-6.014047322469833,0.5050008246537232,0.5006550551273234,0.05527358276255885,0.4936595020336272,0.49613968700501326,0.0013396733126495657,0.003205257867663305
2,RL,ELU1,t2-10,6000,1,ALL,977100,977100,1.0,1.0,0.026145708396887155,-0.09840606187626351,-0.025778458406742866,0.094720737583191,0.08769228190655105,0.018152412729469915,2.7989404979309323e-05,0.01826793812084935,-0.018239948715870043,-2.879305768718075,0.48821922014123426,0.4878323610684679,0.050984546105823356,0.5106048510899601,0.5089683758059564,0.0011759287688056493,0.003199263125575683
2,RL,ELU1,t2-10,6000,2,P,144531,144531,0.1479183297513049,1.0,0.0064588651081642166,-0.4630897557615631,-0.20177751108434275,0.05854321962217042,0.10088041014671216,0.09164553461098753,7.015494429639883e-05,0.014504851311436851,-0.014434696367140456,2.7095770848728944,0.4183047235541164,0.42884917422559865,0.02722599303955553,0.5816952764458836,0.5667157910759629,0.0,0.004435034698438397
2,RL,ELU1,t2-10,6000,2,B,58226,58226,0.05959062531982397,1.0,0.008638074423311794,-0.19348158402145108,-0.08310558392940093,0.09629970310420054,0.10116876265002345,-0.07689609764189866,-4.408130230403943e-05,-0.0024646648823919773,0.0024205835800879386,-0.5098928088321485,0.44435475560746057,0.448974684848693,0.04139044413148765,0.5556452443925394,0.5489815546319513,0.0,0.0020437605193556144
2,RL,ELU1,t2-10,6000,2,V,774343,774343,0.7924910449288711,1.0,0.031136724836769505,-0.02649015001481665,0.0001338564091189261,0.15126382281093947,0.08555822135915755,0.018280781745715038,-4.754528785653359e-05,-0.0014171546109253144,0.0013696093230687802,-17.777061047711623,0.48834560395070403,0.48015414357720027,0.06278612966088672,0.511654396049296,0.5182406246327532,0.0,0.0016052317900465299
2,RL,ELU1,t2-10,6000,2,ALL,977100,977100,1.0,1.0,0.02614570839688716,-0.17260284409050244,-0.007070981547369156,0.1478770586662705,0.09896967124835587,0.04136100318521319,-2.1471645864174196e-05,0.01062303181811956,-0.010644503463983736,-13.717750400062897,0.47536383174700647,0.4707071947600041,0.05625115136628799,0.5246361682529935,0.5272428615290145,0.0,0.0020499437109814758
2,RL,R,t2-10,6000,1,P,7453,7453,0.0076276737283798995,1.0,0.008916344249316295,-0.532281352541415,-0.1918359116155823,0.018687955523597706,0.060659935617718645,0.1345053055963546,-4.239523819092988e-05,0.006057538879117052,-0.006099934117307981,1.1385553556190755,0.42278277203810544,0.4344559237890782,0.023748825976117,0.5772172279618946,0.5619213739433785,0.0,0.003622702267543271
2,RL,R,t2-10,6000,1,B,241489,0,0.24714870535257394,0.0,0.08458223481901476,nan,nan,nan,nan,nan,0.0,0.0,0.0,-0.5904322292463148,nan,nan,nan,nan,nan,nan,nan
2,RL,R,t2-10,6000,1,V,728158,0,0.7452236209190461,0.0,0.08952353502177793,nan,nan,nan,nan,nan,0.0,0.0,0.0,-6.750027342868057,nan,nan,nan,nan,nan,nan,nan
2,RL,R,t2-10,6000,1,ALL,977100,7453,1.0,0.0076276737283798995,0.08768745372253299,-0.532281352541415,-0.1918359116155823,0.018687955523597706,0.060659935617718645,0.1345053055963546,-4.239523819092988e-05,0.006057538879117052,-0.006099934117307981,-5.167519850037,0.42278277203810544,0.4344559237890782,0.023748825976117,0.5772172279618946,0.5619213739433785,0.0,0.003622702267543271
2,RL,R,t2-10,6000,2,P,649014,649014,0.6642247466994167,1.0,0.08793444471032826,-0.16227630212026073,-0.004323789528194684,0.2170354141847154,0.21421738664522247,0.0374869645649565,0.0002505330067171051,0.007533236078359469,-0.007282703071642364,0.2930351977466232,0.49343773786081657,0.4285007719402047,0.08190424243544824,0.5065622621391834,0.5711587115224017,0.0,0.00034051653739364636
2,RL,R,t2-10,6000,2,B,306542,0,0.3137263330263023,0.0,0.089172441372779,nan,nan,nan,nan,nan,0.0,0.0,0.0,-0.509255521389635,nan,nan,nan,nan,nan,nan,nan
2,RL,R,t2-10,6000,2,V,21544,0,0.022048920274281035,0.0,0.05911747167488043,nan,nan,nan,nan,nan,0.0,0.0,0.0,-1.2873672511570584,nan,nan,nan,nan,nan,nan,nan
2,RL,R,t2-10,6000,2,ALL,977100,649014,1.0,0.6642247466994167,0.08768745372253303,-0.16227630212026073,-0.004323789528194684,0.2170354141847154,0.21421738664522247,0.0374869645649565,0.0002505330067171051,0.007533236078359469,-0.007282703071642364,0.006489304813814069,0.49343773786081657,0.4285007719402047,0.08190424243544824,0.5065622621391834,0.5711587115224017,0.0,0.00034051653739364636
2,RL,GELU,t2-10,6000,1,P,9413,9413,0.009633609661242453,1.0,0.0006203756256066573,-0.5275748923042204,0.6633517507739861,0.6086456719787283,0.5372085303341245,0.0511145416648701,-0.0002367673228738928,0.012592613958945679,-0.012829381281819565,0.8445798348729222,0.4483161585041963,0.4577711675342611,0.026452778072877936,0.5516838414958036,0.5325613513226389,0.0,0.009667481143099968
2,RL,GELU,t2-10,6000,1,B,17477,17477,0.01788660321359124,1.0,0.0029403834794533676,-0.6956269785294347,-0.7710979800073169,0.0007019088337262474,0.0014513185170044768,-0.01816087513046816,-0.00021915232946382332,-0.015085417635898395,0.014866265306434567,-0.4608335095203114,0.3000514962522172,0.29822051839560565,0.013217371402414602,0.6999485037477828,0.6955427132803113,0.0,0.006236768324083081
2,RL,GELU,t2-10,6000,1,V,950210,489494,0.9724797871251664,0.5151429683964597,0.039784922877060536,-0.40146725440623454,-0.3645291150419595,0.03282440462882854,0.05514192257136087,0.03297494808663834,0.0005676488139988859,0.023121695031599488,-0.022554046217600605,-7.880651785482203,0.4951950381414277,0.526782759339236,0.04632130322332858,0.5048049618585724,0.4700200615329299,0.0,0.003197179127834049
2,RL,GELU,t2-10,6000,1,ALL,977100,516384,1.0,0.5284863371200491,0.03874860325948821,-0.48000653147537775,-0.39584247702252423,0.04639507183570979,0.08817397699847578,0.028262697009650464,0.00011172916166116973,0.02062889135464677,-0.020517162192985605,-7.66388096442869,0.48773587097973603,0.5177890871909276,0.044838724670013014,0.512264129020264,0.47879291380058253,0.0,0.003417999008489806
2,RL,GELU,t2-10,6000,2,P,938505,938505,0.9605004605465152,1.0,0.040274445132378406,-0.2075395850668519,-0.01399555809449377,0.13858279090029293,0.14271384114877256,0.011574098483825809,0.0006751036010413081,0.04557426769442989,-0.044899164093388615,0.6069925311948023,0.4930597066611259,0.49130265688515246,0.06348820730843202,0.506940293338874,0.5070841391361793,0.0,0.001613203978668201
2,RL,GELU,t2-10,6000,2,B,27061,27061,0.027695220550608943,1.0,0.0020579439223929455,-0.5157946468709863,0.21128233775993527,0.259165435938529,0.16057231675265252,0.026308861217192392,5.39025612052617e-06,-0.0030658092860788707,0.0030711995421993958,-0.278272230717867,0.31828092088245075,0.3784782528361849,0.00594952145153542,0.6817190791175493,0.609511843612579,0.0,0.012009903551236096
2,RL,GELU,t2-10,6000,2,V,11534,11522,0.011804318902875857,0.998959597711115,0.0006764431592909075,-0.48983082067236705,0.20085815746358557,0.2623591715065578,0.23872275835721846,0.021467660985954415,-4.937356579452738e-07,0.000291129325591613,-0.0002916230612495582,-1.543000677273754,0.33449053983683386,0.42128102759937514,0.004860267314702308,0.6655094601631661,0.5413990626627322,0.0,0.037319909737892724
2,RL,GELU,t2-10,6000,2,ALL,977100,977088,1.0,0.9999877187595947,0.03874860325948821,-0.20961677424530661,-0.013941397793687933,0.13861237527824316,0.14272087747973225,0.011663411868018472,0.000680000121503889,0.042799587733942636,-0.04211958761243878,0.5570957228961686,0.4863492336411869,0.48735221392546013,0.06120328977533242,0.5136507663588131,0.5103255796816664,0.0,0.002322206392873518
2,RL,SILU,t2-10,6000,1,P,15936,15936,0.01630948725821308,1.0,0.0004061151330629162,-0.5098488196157377,0.06591086252594078,0.03838346008734312,0.10982804622553972,0.052794189511950196,-6.613540214092992e-05,0.016808190487463813,-0.01687432588960474,1.040743487378041,0.43568022088353414,0.4554467871485944,0.02359437751004016,0.5643197791164659,0.5320657630522089,0.0,0.012487449799196786
2,RL,SILU,t2-10,6000,1,B,34530,34530,0.035339269266195884,1.0,0.001052450493890126,-0.5313390192546076,-0.5785165379995618,0.024876190909960516,0.05164591612832895,0.012395717201231119,-0.0001209301983208854,-0.01680325956617114,0.01668232936785025,-0.7606175322964411,0.34986967854039963,0.35624094989863886,0.01954821894005213,0.6501303214596004,0.6331885317115552,0.0,0.010570518389805966
2,RL,SILU,t2-10,6000,1,V,926634,925122,0.9483512434755911,0.9983682878029513,0.011853383995447747,-0.16369885286091038,-0.10881800519863039,0.06419757460383692,0.07190575376452531,0.042529876635606055,0.00018093757200516046,0.018186706910578863,-0.018005769338573698,-8.515314661700167,0.49071473816426375,0.5133193243701911,0.04029738780398694,0.5092852618357363,0.4795140532816212,0.0,0.00716662234818759
2,RL,SILU,t2-10,6000,1,ALL,977100,975588,1.0,0.9984525637089346,0.011284987812457523,-0.24323123030024396,-0.1446221104564597,0.060668197042680595,0.07207126147109377,0.03987803517862553,-6.128028456654834e-06,0.018191637831871537,-0.01819776586032819,-8.085414923145239,0.48483068672431395,0.5068143519600488,0.0392901511703711,0.515169313275686,0.48581163359942925,0.0,0.007374014440522023
2,RL,SILU,t2-10,6000,2,P,942247,942247,0.964330160679562,1.0,0.011636614215285664,-0.2088529559688828,-0.051727784171942404,0.12289921608278237,0.14048193151248367,0.033460614397696486,0.00038702546538328534,0.045415134190564206,-0.04502810872518091,0.8856775636436154,0.49348313128086374,0.48831888029359605,0.055220128055594765,0.5065168687191363,0.5048410873157463,0.0,0.006840032390657651
2,RL,SILU,t2-10,6000,2,B,29933,29933,0.03063453075427285,1.0,0.0020451237268896503,-0.5233739466744286,-0.23933369684415343,0.01839073415533407,0.03621263203989975,0.06050947473832455,-2.0753238395998254e-05,-0.004120457285990038,0.004099704047594038,-0.3808476363671614,0.31737547188721477,0.3815521330972505,0.004576888384057729,0.6826245281127852,0.5879130057127585,0.0,0.03053486118999098
2,RL,SILU,t2-10,6000,2,V,4920,4920,0.005035308566165183,1.0,0.00015855051320805454,-0.48575156426899174,-0.2564046882317751,0.0007464282686708185,0.00023698057713969083,0.0638849943956502,4.0555359769221687e-07,0.00010932391553011203,-0.00010891836193241984,-2.1345077256524596,0.3404471544715447,0.3981707317073171,0.003658536585365854,0.6595528455284553,0.5107723577235772,0.0,0.0910569105691057
2,RL,SILU,t2-10,6000,2,ALL,977100,977100,1.0,1.0,0.01128498781245752,-0.2108206385583244,-0.05193860150127821,0.12277944564365258,0.1402388341529503,0.03363355176165392,0.00036667778058497924,0.04140400082010428,-0.04103732303951929,0.831670593594225,0.48731757240814655,0.4845942073482755,0.0534090676491659,0.5126824275918535,0.5074158223313888,0.0,0.007989970320335688
