arm,seed,eps,group,n,shrink_count,free_growth,median_unit_growth,v_rms,effective_v2_gate2,output_variance
SN_normal_qm05,0,0.05,ALL,100,38,1.753190623535084,1.4593138013750355,0.18900894416493194,0.04791493655623781,0.03878416210696977
SN_normal_qm05,0,0.05,near_FINAL_SELECTED,17,14,1.4900865355600554,0.07654795845086523,0.12307232583146024,0.02281772870393582,0.029391139137747768
SN_normal_qm05,0,0.05,far_FINAL_SELECTED,83,24,1.791402929047489,1.500714624050353,0.19984760886644123,0.053055328525986406,0.040708034281388736
SN_normal_qm05,0,0.1,ALL,100,38,1.753190623535084,1.4593138013750355,0.18900894416493194,0.04791493655623781,0.03878416210696977
SN_normal_qm05,0,0.1,near_FINAL_SELECTED,31,26,1.3194671529906792,0.09508289298910799,0.09818963259354281,0.01469391472818998,0.017702462321579383
SN_normal_qm05,0,0.1,far_FINAL_SELECTED,69,12,1.8634989594589226,1.6373568075050335,0.21781393385845335,0.06284032317463609,0.048255650416348064
SN_normal_qm05,0,0.2,ALL,100,38,1.753190623535084,1.4593138013750355,0.18900894416493194,0.04791493655623781,0.03878416210696977
SN_normal_qm05,0,0.2,near_FINAL_SELECTED,41,34,1.2527910566102156,0.10027372235391972,0.09623104907877204,0.014495607318782508,0.015816470526558307
SN_normal_qm05,0,0.2,far_FINAL_SELECTED,59,4,1.9406051681161511,1.7254592757211842,0.23262543874603728,0.07113853822972369,0.054744761340815025
SN_normal_qm05,1,0.05,ALL,100,45,1.7605402722227126,1.368266391556451,0.17012929446641756,0.03844132984783453,0.024600520127191817
SN_normal_qm05,1,0.05,near_FINAL_SELECTED,26,25,0.6281508828594927,0.06892128788202696,0.06871536898246904,0.008074988578240601,0.005139731422290144
SN_normal_qm05,1,0.05,far_FINAL_SELECTED,74,20,1.9206800688730237,1.6455277046815961,0.1935315755112378,0.04911058488850267,0.031438094537022135
SN_normal_qm05,1,0.1,ALL,100,45,1.7605402722227126,1.368266391556451,0.17012929446641756,0.03844132984783453,0.024600520127191817
SN_normal_qm05,1,0.1,near_FINAL_SELECTED,43,41,0.6840394433258762,0.07988790475027042,0.07710343986199215,0.010012865934550634,0.006434516695731688
SN_normal_qm05,1,0.1,far_FINAL_SELECTED,57,4,2.052191884353073,1.94114035776969,0.2151607006405022,0.059887364028031166,0.03830469815443367
SN_normal_qm05,1,0.2,ALL,100,45,1.7605402722227126,1.368266391556451,0.17012929446641756,0.03844132984783453,0.024600520127191817
SN_normal_qm05,1,0.2,near_FINAL_SELECTED,44,42,0.6763045458807638,0.07451014459448231,0.07622222899385202,0.009785300878071064,0.00628827767993849
SN_normal_qm05,1,0.2,far_FINAL_SELECTED,56,3,2.0622944840028667,1.9585232652166185,0.21707327774778237,0.060956781181220124,0.038988710621462294
SN_normal_qm05,2,0.05,ALL,100,42,1.8127130786021006,1.4291346078652887,0.15971005220382123,0.029654825089512137,0.020755635882794835
SN_normal_qm05,2,0.05,near_FINAL_SELECTED,15,14,0.7153205009200355,0.12242982370926156,0.07066512799458351,0.00911932702105387,0.0049820019013420685
SN_normal_qm05,2,0.05,far_FINAL_SELECTED,85,28,1.9073361353347775,1.6153155091857243,0.17066743280693655,0.03327873651335771,0.023539218350110032
SN_normal_qm05,2,0.1,ALL,100,42,1.8127130786021006,1.4291346078652887,0.15971005220382123,0.029654825089512137,0.020755635882794835
SN_normal_qm05,2,0.1,near_FINAL_SELECTED,27,26,0.5699244113559657,0.14188575434434927,0.05281495743233297,0.005106914038382286,0.002768377112293923
SN_normal_qm05,2,0.1,far_FINAL_SELECTED,73,16,2.0023338962965203,1.7800231110309095,0.18414615044470525,0.03873418945088892,0.02740845761982942
SN_normal_qm05,2,0.2,ALL,100,42,1.8127130786021006,1.4291346078652887,0.15971005220382123,0.029654825089512137,0.020755635882794835
SN_normal_qm05,2,0.2,near_FINAL_SELECTED,45,39,0.8636823671909492,0.18474533676915195,0.0619193939937394,0.006890114921521856,0.0038389151948758876
SN_normal_qm05,2,0.2,far_FINAL_SELECTED,55,3,2.1511619672604056,1.9169543487222773,0.20794228074286264,0.04828049704514054,0.034596589172910336
SN_normal_qm05,3,0.05,ALL,100,40,1.8069967330539265,1.356066023018238,0.17261513056873362,0.041843245601205066,0.04925604055329557
SN_normal_qm05,3,0.05,near_FINAL_SELECTED,18,18,0.1021121169515167,0.08238877990210788,0.010337296779072335,0.0002948645918985325,1.3509112980697087e-06
SN_normal_qm05,3,0.05,far_FINAL_SELECTED,82,22,1.9285041094269737,1.6169540184733142,0.1905599852885943,0.050963621920321146,0.06006804559666089
SN_normal_qm05,3,0.1,ALL,100,40,1.8069967330539265,1.356066023018238,0.17261513056873362,0.041843245601205066,0.04925604055329557
SN_normal_qm05,3,0.1,near_FINAL_SELECTED,30,27,0.8774374673395091,0.08331491597033643,0.0721725618424167,0.009312556229166125,0.004978201354529726
SN_normal_qm05,3,0.1,far_FINAL_SELECTED,70,13,1.9915700349180967,1.7464461659028774,0.20083155591686325,0.0557849696177932,0.06823225735276665
SN_normal_qm05,3,0.2,ALL,100,40,1.8069967330539265,1.356066023018238,0.17261513056873362,0.041843245601205066,0.04925604055329557
SN_normal_qm05,3,0.2,near_FINAL_SELECTED,40,35,0.8836258066945001,0.08372879648228786,0.06680109915546677,0.008050734184913044,0.0040369750820131774
SN_normal_qm05,3,0.2,far_FINAL_SELECTED,60,5,2.0647611705570963,1.9159280574208748,0.21606722935971248,0.06437158654539978,0.0794020842008172
SN_normal_qm05,4,0.05,ALL,100,40,1.8673262572975973,1.5610059772024227,0.19858489772586718,0.051190138548551804,0.04196582230829801
SN_normal_qm05,4,0.05,near_FINAL_SELECTED,31,30,0.6317068323545912,0.06335809753316143,0.03574081250093975,0.002074104191297254,0.0017179202211087424
SN_normal_qm05,4,0.05,far_FINAL_SELECTED,69,10,2.1271857631398206,1.8410626857800554,0.23786479488201848,0.07325676268007193,0.06004821310109318
SN_normal_qm05,4,0.1,ALL,100,40,1.8673262572975973,1.5610059772024227,0.19858489772586718,0.051190138548551804,0.04196582230829801
SN_normal_qm05,4,0.1,near_FINAL_SELECTED,39,37,0.7965566570077015,0.06335809753316143,0.04049798065806453,0.002704399442817623,0.0021028858323014718
SN_normal_qm05,4,0.1,far_FINAL_SELECTED,61,3,2.1774497904524406,1.9579353307292415,0.2521914699816377,0.0821892176489392,0.06745196202245973
SN_normal_qm05,4,0.2,ALL,100,40,1.8673262572975973,1.5610059772024227,0.19858489772586718,0.051190138548551804,0.04196582230829801
SN_normal_qm05,4,0.2,near_FINAL_SELECTED,45,40,0.9281744792001961,0.06811448030622723,0.0677516966599508,0.00846462569428886,0.004984089625935214
SN_normal_qm05,4,0.2,far_FINAL_SELECTED,55,0,2.2289142549253254,2.0137446248046413,0.2606646400843157,0.08614737633840329,0.07222360359386758
SN_normal_qm05,5,0.05,ALL,100,40,1.7062095096610335,1.3110061938556679,0.14624278958393996,0.029233105523894767,0.01713623421867089
SN_normal_qm05,5,0.05,near_FINAL_SELECTED,13,11,1.1021391785371693,0.10595439693715629,0.13565600266162847,0.03006515453880569,0.023102493329079096
SN_normal_qm05,5,0.05,far_FINAL_SELECTED,87,29,1.767657858267014,1.4237657956933314,0.1477595976528985,0.029108776360747157,0.01624472423665587
SN_normal_qm05,5,0.1,ALL,100,40,1.7062095096610335,1.3110061938556679,0.14624278958393996,0.029233105523894767,0.01713623421867089
SN_normal_qm05,5,0.1,near_FINAL_SELECTED,25,21,0.9580912416920441,0.10368025014771434,0.13060323116718262,0.03069354696524553,0.01909487651626344
SN_normal_qm05,5,0.1,far_FINAL_SELECTED,75,19,1.8559139021134834,1.6074632680073977,0.15109666886893042,0.028746291710111185,0.01648335345280671
SN_normal_qm05,5,0.2,ALL,100,40,1.7062095096610335,1.3110061938556679,0.14624278958393996,0.029233105523894767,0.01713623421867089
SN_normal_qm05,5,0.2,near_FINAL_SELECTED,35,30,0.8754707150441072,0.09794222610257342,0.11244365414180768,0.022856193911902637,0.013881746276769464
SN_normal_qm05,5,0.2,far_FINAL_SELECTED,65,10,1.9407803287158185,1.7713796967804492,0.16153924091223484,0.032666827161121306,0.018888650802771655
SN_normal_qm05,6,0.05,ALL,100,38,1.7485506117728988,1.5028071271815528,0.16540697451666275,0.03397335098356682,0.022000749291021804
SN_normal_qm05,6,0.05,near_FINAL_SELECTED,23,19,1.1319331895899751,0.06254738323110677,0.0650664659065514,0.006527785764869306,0.006335330768475811
SN_normal_qm05,6,0.05,far_FINAL_SELECTED,77,19,1.849291782121609,1.6211138698396437,0.18511396585170006,0.04217137695798295,0.02668003014840567
SN_normal_qm05,6,0.1,ALL,100,38,1.7485506117728988,1.5028071271815528,0.16540697451666275,0.03397335098356682,0.022000749291021804
SN_normal_qm05,6,0.1,near_FINAL_SELECTED,38,32,1.000596919921831,0.11098094411633329,0.06606274754901635,0.007350665994929282,0.005398011538992379
SN_normal_qm05,6,0.1,far_FINAL_SELECTED,62,6,1.9922384760430762,1.7641160355631522,0.20360080449148835,0.05029048049273177,0.03217662081645918
SN_normal_qm05,6,0.2,ALL,100,38,1.7485506117728988,1.5028071271815528,0.16540697451666275,0.03397335098356682,0.022000749291021804
SN_normal_qm05,6,0.2,near_FINAL_SELECTED,45,35,1.1780156128474173,0.11630391014655397,0.08190449746691561,0.011742361458642223,0.0068238648837404626
SN_normal_qm05,6,0.2,far_FINAL_SELECTED,55,3,2.0087143673467334,1.7744027762244454,0.21037071694496975,0.05216234241305058,0.03441820016970653
SN_normal_qm05,7,0.05,ALL,100,42,1.8649714077228592,1.4663775342092968,0.18202361692890398,0.04490576337958073,0.0314011542976064
SN_normal_qm05,7,0.05,near_FINAL_SELECTED,18,18,0.15996972133090331,0.05772549799935669,0.0025567249070833973,1.8182991368387077e-05,8.670024516544421e-08
SN_normal_qm05,7,0.05,far_FINAL_SELECTED,82,24,1.985592547146827,1.6979618154715899,0.20100788871873906,0.054759134684310234,0.03829407157507593
SN_normal_qm05,7,0.1,ALL,100,42,1.8649714077228592,1.4663775342092968,0.18202361692890398,0.04490576337958073,0.0314011542976064
SN_normal_qm05,7,0.1,near_FINAL_SELECTED,35,32,0.6984269072263052,0.06001556272445286,0.03383574369084172,0.002432276125836876,0.0008602763367871081
SN_normal_qm05,7,0.1,far_FINAL_SELECTED,65,10,2.0891983179526106,1.8884043743642678,0.22440312961272676,0.06777610267005815,0.04784624243035524
SN_normal_qm05,7,0.2,ALL,100,42,1.8649714077228592,1.4663775342092968,0.18202361692890398,0.04490576337958073,0.0314011542976064
SN_normal_qm05,7,0.2,near_FINAL_SELECTED,44,39,0.8451878530770612,0.06411582284583389,0.042235708347220534,0.003362960919223536,0.0018217246748579287
SN_normal_qm05,7,0.2,far_FINAL_SELECTED,56,3,2.1780824129503555,1.964762921670459,0.24034090703794406,0.0775465367412899,0.054642134715480184
SN_normal_qm05,8,0.05,ALL,100,41,1.816236718668281,1.494919921744267,0.18125310677291984,0.04659678214655241,0.03159876601513313
SN_normal_qm05,8,0.05,near_FINAL_SELECTED,16,15,0.5861272921981685,0.057117325379999584,0.020336739616171693,0.0008283055436986714,0.0003443551524130663
SN_normal_qm05,8,0.05,far_FINAL_SELECTED,84,26,1.9233699915499796,1.6682000339776222,0.19756408073837992,0.055314587213762666,0.03755198713184171
SN_normal_qm05,8,0.1,ALL,100,41,1.816236718668281,1.494919921744267,0.18125310677291984,0.04659678214655241,0.03159876601513313
SN_normal_qm05,8,0.1,near_FINAL_SELECTED,31,28,0.870974555961815,0.0786498849143725,0.0560705098562901,0.005079761501676863,0.004081550896368213
SN_normal_qm05,8,0.1,far_FINAL_SELECTED,69,13,2.012545943621384,1.7118505153922048,0.21494211917689873,0.06524935663917766,0.04396157280762172
SN_normal_qm05,8,0.2,ALL,100,41,1.816236718668281,1.494919921744267,0.18125310677291984,0.04659678214655241,0.03159876601513313
SN_normal_qm05,8,0.2,near_FINAL_SELECTED,47,41,1.1358276638810396,0.09014814052356306,0.11604155693004915,0.022198057221831758,0.01633040002783716
SN_normal_qm05,8,0.2,far_FINAL_SELECTED,53,0,2.090399350403404,1.823037530652558,0.22370734139783788,0.06823338726847451,0.04513863773971634
SN_normal_qm05,9,0.05,ALL,100,41,1.753346082312569,1.3889797109422388,0.15806078297571788,0.03439581666414868,0.027403077660647108
SN_normal_qm05,9,0.05,near_FINAL_SELECTED,15,12,0.9343610285432249,0.09925810216329561,0.04826813942444392,0.004524349473240321,0.0020369031300952124
SN_normal_qm05,9,0.05,far_FINAL_SELECTED,85,29,1.8370560400962759,1.5136460175335718,0.17023768547455106,0.03966725205077957,0.03187946140133274
SN_normal_qm05,9,0.1,ALL,100,41,1.753346082312569,1.3889797109422388,0.15806078297571788,0.03439581666414868,0.027403077660647108
SN_normal_qm05,9,0.1,near_FINAL_SELECTED,28,23,0.8657486199409176,0.10143381416243788,0.05404640307588554,0.005629937793306027,0.00275832887042672
SN_normal_qm05,9,0.1,far_FINAL_SELECTED,72,18,1.9540143302608064,1.5711616779723467,0.18320195020710175,0.04558254733614305,0.03698714663462171
SN_normal_qm05,9,0.2,ALL,100,41,1.753346082312569,1.3889797109422388,0.15806078297571788,0.03439581666414868,0.027403077660647108
SN_normal_qm05,9,0.2,near_FINAL_SELECTED,44,39,0.712596639843621,0.09744236159130379,0.04321114471803584,0.0036052970078198562,0.001755350314319031
SN_normal_qm05,9,0.2,far_FINAL_SELECTED,56,2,2.1316005669284777,1.8203074858066368,0.20771564432555925,0.058588367822692757,0.04755486343276204
SN_normal_q0,0,0.05,ALL,100,28,1.79054268923288,1.3664137324202934,0.20437942945183704,0.05038560752153718,0.03537426581779255
SN_normal_q0,0,0.05,near_FINAL_SELECTED,3,1,1.1880022407750586,1.2032087788987225,0.15989333872044642,0.038893383828296,0.007612191720519089
SN_normal_q0,0,0.05,far_FINAL_SELECTED,97,27,1.8037996032936192,1.4092622038897036,0.20560189434634968,0.05074103712029722,0.03623288666616183
SN_normal_q0,0,0.1,ALL,100,28,1.79054268923288,1.3664137324202934,0.20437942945183704,0.05038560752153718,0.03537426581779255
SN_normal_q0,0,0.1,near_FINAL_SELECTED,7,1,1.6739319174909562,1.3006491641543378,0.15067514518463607,0.03228262846542883,0.007821796215563176
SN_normal_q0,0,0.1,far_FINAL_SELECTED,93,27,1.7994482588858294,1.3760167378971495,0.20786094717876516,0.05174819734296469,0.03744810761580982
SN_normal_q0,0,0.2,ALL,100,28,1.79054268923288,1.3664137324202934,0.20437942945183704,0.05038560752153718,0.03537426581779255
SN_normal_q0,0,0.2,near_FINAL_SELECTED,17,4,1.6841498896139748,1.3006491641543378,0.19569535323946777,0.059371594968534724,0.02790549724331932
SN_normal_q0,0,0.2,far_FINAL_SELECTED,83,24,1.8137944967833075,1.3760167378971495,0.20611295612205832,0.04854510406853768,0.03690401359810635
SN_normal_q0,1,0.05,ALL,100,27,1.826468584051629,1.4455108543963413,0.19486256212895747,0.04470390732556044,0.029464981252599207
SN_normal_q0,1,0.05,near_FINAL_SELECTED,3,1,1.4545661812042427,1.385511527787004,0.24233465044497066,0.08521087308408322,0.014361167376747988
SN_normal_q0,1,0.05,far_FINAL_SELECTED,97,26,1.8313743902133506,1.4461595726976286,0.19320849172196744,0.043451114570142224,0.02993210951680079
SN_normal_q0,1,0.1,ALL,100,27,1.826468584051629,1.4455108543963413,0.19486256212895747,0.04470390732556044,0.029464981252599207
SN_normal_q0,1,0.1,near_FINAL_SELECTED,8,2,2.0591467142931843,1.5503107348429666,0.29866427415868607,0.1349114343024324,0.06742726144052003
SN_normal_q0,1,0.1,far_FINAL_SELECTED,92,25,1.8044010134313178,1.439450992008233,0.1830757452732369,0.03685977454496288,0.026163913410171304
SN_normal_q0,1,0.2,ALL,100,27,1.826468584051629,1.4455108543963413,0.19486256212895747,0.04470390732556044,0.029464981252599207
SN_normal_q0,1,0.2,near_FINAL_SELECTED,14,6,1.8219712115845115,1.4227640838279072,0.2610120190423861,0.10070471317833399,0.05328905234625718
SN_normal_q0,1,0.2,far_FINAL_SELECTED,86,21,1.8272611457727368,1.4455108543963413,0.1818304850346346,0.03558749707045777,0.02558664409781768
SN_normal_q0,2,0.05,ALL,100,31,1.82529430921866,1.3904734773184915,0.18152641186538465,0.03529766255754952,0.021260742568706865
SN_normal_q0,2,0.05,near_FINAL_SELECTED,1,1,0.8288971832511464,0.8288971832511464,0.05727758631110191,0.0033317725928335056,0.00012423916306810034
SN_normal_q0,2,0.05,far_FINAL_SELECTED,99,30,1.8289687501357306,1.3960262847909695,0.18235006567119155,0.03562055033497089,0.021474242603107256
SN_normal_q0,2,0.1,ALL,100,31,1.82529430921866,1.3904734773184915,0.18152641186538465,0.03529766255754952,0.021260742568706865
SN_normal_q0,2,0.1,near_FINAL_SELECTED,5,4,0.9203340882504681,0.8299467209590404,0.04573979836244685,0.002455547886546246,0.00019460671349434583
SN_normal_q0,2,0.1,far_FINAL_SELECTED,95,27,1.8485453590732044,1.4131215954998528,0.18594631864574415,0.03702619490865495,0.022369486561086477
SN_normal_q0,2,0.2,ALL,100,31,1.82529430921866,1.3904734773184915,0.18152641186538465,0.03529766255754952,0.021260742568706865
SN_normal_q0,2,0.2,near_FINAL_SELECTED,11,6,1.4609352448622501,0.8567403794732759,0.09225636231838484,0.013173948019561982,0.0035675602787725437
SN_normal_q0,2,0.2,far_FINAL_SELECTED,89,25,1.8579750990651631,1.4131215954998528,0.1896644055795374,0.038032054242019886,0.023447540379822347
SN_normal_q0,3,0.05,ALL,100,27,1.8389392570581362,1.427745761300326,0.1916218167524376,0.043709341634290196,0.03900661246092833
SN_normal_q0,3,0.05,near_FINAL_SELECTED,5,1,2.017445026715979,1.665742900705908,0.16164647481796401,0.03752746250977214,0.017900154576349997
SN_normal_q0,3,0.05,far_FINAL_SELECTED,95,26,1.8284741519003842,1.4143451150466966,0.19307059389181447,0.044034703693475355,0.040117478665379826
SN_normal_q0,3,0.1,ALL,100,27,1.8389392570581362,1.427745761300326,0.1916218167524376,0.043709341634290196,0.03900661246092833
SN_normal_q0,3,0.1,near_FINAL_SELECTED,9,1,1.984679009874353,1.9624797926486974,0.15834395784147992,0.03589028141242476,0.014700150640399562
SN_normal_q0,3,0.1,far_FINAL_SELECTED,91,26,1.8204218077117218,1.3571556838958192,0.19460404388822983,0.04448265528260655,0.04141054824537623
SN_normal_q0,3,0.2,ALL,100,27,1.8389392570581362,1.427745761300326,0.1916218167524376,0.043709341634290196,0.03900661246092833
SN_normal_q0,3,0.2,near_FINAL_SELECTED,15,3,1.8820215197791645,1.665742900705908,0.14896361769646688,0.0320957136708462,0.014162314175688402
SN_normal_q0,3,0.2,far_FINAL_SELECTED,85,24,1.8304900581795087,1.3571556838958192,0.19819893970726635,0.04575880539254502,0.04339090039361773
SN_normal_q0,4,0.05,ALL,100,18,1.963616899233028,1.542383547014889,0.21730187674949517,0.05177901079587301,0.050234625346577216
SN_normal_q0,4,0.05,near_FINAL_SELECTED,2,1,1.4387794370260796,1.244420794103048,0.0913568373916066,0.01229199884084478,0.0032465670165916184
SN_normal_q0,4,0.05,far_FINAL_SELECTED,98,17,1.9704442793161674,1.542383547014889,0.2191197235975767,0.052584868182710305,0.0511935653124953
SN_normal_q0,4,0.1,ALL,100,18,1.963616899233028,1.542383547014889,0.21730187674949517,0.05177901079587301,0.050234625346577216
SN_normal_q0,4,0.1,near_FINAL_SELECTED,4,3,1.1533007398695965,0.7411464074150411,0.08152687893277422,0.0086782941217036,0.0017320284189713583
SN_normal_q0,4,0.1,far_FINAL_SELECTED,96,15,1.9820052409373603,1.5604905755849376,0.2211575615730785,0.053574873990630066,0.05225556688522746
SN_normal_q0,4,0.2,ALL,100,18,1.963616899233028,1.542383547014889,0.21730187674949517,0.05177901079587301,0.050234625346577216
SN_normal_q0,4,0.2,near_FINAL_SELECTED,9,4,1.3838380316521224,1.0206809768425615,0.18184074360946406,0.04014916343699713,0.011159001687075521
SN_normal_q0,4,0.2,far_FINAL_SELECTED,91,14,2.0047119797129165,1.5647693370460316,0.22049933491607582,0.052929215479717864,0.05409924746674773
SN_normal_q0,5,0.05,ALL,100,31,1.7576917039462294,1.415055894419316,0.15962387564023894,0.029404973697826173,0.015889522728497443
SN_normal_q0,5,0.05,near_FINAL_SELECTED,2,1,0.9694222775254213,0.8784256747694834,0.13900044287280994,0.0246404001629846,0.0028437564333486888
SN_normal_q0,5,0.05,far_FINAL_SELECTED,98,30,1.7659295001943351,1.419108814513343,0.160017088411544,0.029502209892414782,0.016155762856969867
SN_normal_q0,5,0.1,ALL,100,31,1.7576917039462294,1.415055894419316,0.15962387564023894,0.029404973697826173,0.015889522728497443
SN_normal_q0,5,0.1,near_FINAL_SELECTED,5,2,1.6348065293660174,1.0623542530781567,0.2080381680123813,0.0564574998727289,0.01661640772315324
SN_normal_q0,5,0.1,far_FINAL_SELECTED,95,29,1.7630533540818536,1.4208390063342038,0.15666184739217637,0.027981156530726033,0.015851265623515562
SN_normal_q0,5,0.2,ALL,100,31,1.7576917039462294,1.415055894419316,0.15962387564023894,0.029404973697826173,0.015889522728497443
SN_normal_q0,5,0.2,near_FINAL_SELECTED,10,3,1.5193265755057621,1.1701760362942024,0.19718294988708066,0.05264708670432881,0.013096308816281512
SN_normal_q0,5,0.2,far_FINAL_SELECTED,90,28,1.781295538179839,1.4290232968296,0.1548894591557095,0.02682251669710366,0.01619987982985477
SN_normal_q0,6,0.05,ALL,100,35,1.791223765024442,1.4246688524358646,0.19836731810269134,0.04207864030898138,0.028264485782102115
SN_normal_q0,6,0.05,near_FINAL_SELECTED,6,3,2.090746618818769,1.0515419922119733,0.14971948712308622,0.03201749930974189,0.022277525777430557
SN_normal_q0,6,0.05,far_FINAL_SELECTED,94,32,1.7722165056938253,1.4885411098628225,0.20107328345917452,0.04272084079829454,0.028646632165379018
SN_normal_q0,6,0.1,ALL,100,35,1.791223765024442,1.4246688524358646,0.19836731810269134,0.04207864030898138,0.028264485782102115
SN_normal_q0,6,0.1,near_FINAL_SELECTED,10,5,1.8339213476505822,0.9989520908142224,0.17698356149695485,0.04632159640290357,0.028776050094942163
SN_normal_q0,6,0.1,far_FINAL_SELECTED,90,30,1.7868149177112533,1.5304214586034135,0.20060263315885546,0.041607200742990035,0.028207645302897665
SN_normal_q0,6,0.2,ALL,100,35,1.791223765024442,1.4246688524358646,0.19836731810269134,0.04207864030898138,0.028264485782102115
SN_normal_q0,6,0.2,near_FINAL_SELECTED,21,11,1.6959406002507005,0.9905955226574228,0.1630406234908656,0.037156736302037655,0.0198349989112271
SN_normal_q0,6,0.2,far_FINAL_SELECTED,79,24,1.8144455560537087,1.5377892453577358,0.20674487874364825,0.0433869945386753,0.030505235456638514
SN_normal_q0,7,0.05,ALL,100,24,1.912300460047277,1.4372473500367349,0.19068220493145688,0.0447587321582067,0.03579884239462186
SN_normal_q0,7,0.05,near_FINAL_SELECTED,2,0,2.8503996882617373,2.603757287140991,0.34329279323015016,0.1767193845253038,0.158166905430295
SN_normal_q0,7,0.05,far_FINAL_SELECTED,98,24,1.8853589206935288,1.4127833909091259,0.1862703336109035,0.04206565762010266,0.033301534985730574
SN_normal_q0,7,0.1,ALL,100,24,1.912300460047277,1.4372473500367349,0.19068220493145688,0.0447587321582067,0.03579884239462186
SN_normal_q0,7,0.1,near_FINAL_SELECTED,4,1,2.3796329644559857,1.3636998713910464,0.244249630402209,0.08908241718801438,0.07911583145170076
SN_normal_q0,7,0.1,far_FINAL_SELECTED,96,23,1.8938987758032835,1.4372473500367349,0.18811949881064485,0.042911911948631365,0.033993967850576894
SN_normal_q0,7,0.2,ALL,100,24,1.912300460047277,1.4372473500367349,0.19068220493145688,0.0447587321582067,0.03579884239462186
SN_normal_q0,7,0.2,near_FINAL_SELECTED,18,6,2.1638160475654624,1.146808675251493,0.21729310216536588,0.06688890433913114,0.04793823850105068
SN_normal_q0,7,0.2,far_FINAL_SELECTED,82,18,1.8621077325795736,1.4394329930440253,0.1843272893549229,0.039900889484345226,0.0331340969078448
SN_normal_q0,8,0.05,ALL,100,25,1.8577036431178102,1.3887440323025113,0.19818394942329945,0.04925540345820588,0.041676032064549416
SN_normal_q0,8,0.05,near_FINAL_SELECTED,3,2,1.0336490789847228,0.7375461387139186,0.11976221710959438,0.020656392105389384,0.003984768945293845
SN_normal_q0,8,0.05,far_FINAL_SELECTED,97,23,1.8742359303478977,1.4102346452999923,0.20012003652861235,0.05013990896396311,0.04284174123318618
SN_normal_q0,8,0.1,ALL,100,25,1.8577036431178102,1.3887440323025113,0.19818394942329945,0.04925540345820588,0.041676032064549416
SN_normal_q0,8,0.1,near_FINAL_SELECTED,6,3,1.5816853702900575,1.1626927050110014,0.3018142935045724,0.13197742247203262,0.06889242805474272
SN_normal_q0,8,0.1,far_FINAL_SELECTED,94,22,1.8708058327135986,1.3887440323025113,0.18965636826818583,0.04397527458498292,0.039938815299217924
SN_normal_q0,8,0.2,ALL,100,25,1.8577036431178102,1.3887440323025113,0.19818394942329945,0.04925540345820588,0.041676032064549416
SN_normal_q0,8,0.2,near_FINAL_SELECTED,14,6,1.953675822626585,1.3408439589776402,0.2840598974051906,0.12045565945228212,0.12803056634899299
SN_normal_q0,8,0.2,far_FINAL_SELECTED,86,19,1.8440773777249035,1.3887440323025113,0.18037517188851673,0.03766466411033302,0.027618317181035343
SN_normal_q0,9,0.05,ALL,100,25,1.760182344802036,1.2902140212507862,0.18971531523330054,0.0403997783649093,0.03678682051637265
SN_normal_q0,9,0.05,near_FINAL_SELECTED,2,0,2.3841846301741434,2.383580025639646,0.16312818145928248,0.03950651719074311,0.02348362645278866
SN_normal_q0,9,0.05,far_FINAL_SELECTED,98,25,1.742798545498276,1.2784955993985267,0.1902192203703732,0.040418008184790244,0.03705831427277233
SN_normal_q0,9,0.1,ALL,100,25,1.760182344802036,1.2902140212507862,0.18971531523330054,0.0403997783649093,0.03678682051637265
SN_normal_q0,9,0.1,near_FINAL_SELECTED,7,1,1.8198773015830427,1.9966901306830758,0.10393606142987916,0.016417475080563827,0.00791424800455047
SN_normal_q0,9,0.1,far_FINAL_SELECTED,93,24,1.7557007729754428,1.289555339925654,0.19464804602396624,0.04220489796695682,0.03896002489898293
SN_normal_q0,9,0.2,ALL,100,25,1.760182344802036,1.2902140212507862,0.18971531523330054,0.0403997783649093,0.03678682051637265
SN_normal_q0,9,0.2,near_FINAL_SELECTED,12,2,1.84648766651252,1.4872932651642223,0.10683849672994264,0.016672293239797496,0.009831354849248523
SN_normal_q0,9,0.2,far_FINAL_SELECTED,88,23,1.7502797844720763,1.2902140212507862,0.1983516307998618,0.04363534451833364,0.040462565834616854
SN_normal_qp05,0,0.05,ALL,100,23,1.7262608809603033,1.2953609498259375,0.18890205362497228,0.04216416595187858,0.03009028563521462
SN_normal_qp05,0,0.05,near_FINAL_SELECTED,5,1,1.1389469056356112,1.2434317215212913,0.06383720051206487,0.00517272383284639,0.001120315412006882
SN_normal_qp05,0,0.05,far_FINAL_SELECTED,95,22,1.750312639923099,1.2989921001669684,0.1932552891773525,0.04411108395814343,0.031615020910120285
SN_normal_qp05,0,0.1,ALL,100,23,1.7262608809603033,1.2953609498259375,0.18890205362497228,0.04216416595187858,0.03009028563521462
SN_normal_qp05,0,0.1,near_FINAL_SELECTED,8,1,1.533457864638449,1.2658089632403093,0.12672128034203137,0.0207428316735443,0.008130533515866303
SN_normal_qp05,0,0.1,far_FINAL_SELECTED,92,22,1.7409956875537063,1.298954737004478,0.19336641055488527,0.04402689067173373,0.03199982929776664
SN_normal_qp05,0,0.2,ALL,100,23,1.7262608809603033,1.2953609498259375,0.18890205362497228,0.04216416595187858,0.03009028563521462
SN_normal_qp05,0,0.2,near_FINAL_SELECTED,20,6,1.489784920306439,1.2530586618458006,0.1329378799897222,0.019840607836821626,0.006856213522447005
SN_normal_qp05,0,0.2,far_FINAL_SELECTED,80,17,1.7789056556244223,1.3015520081197232,0.20046661154821874,0.04774505548064282,0.03589880366340652
SN_normal_qp05,1,0.05,ALL,100,33,1.8286323704432186,1.3509763398816177,0.2070260044270524,0.0473190112577595,0.03045836915704221
SN_normal_qp05,1,0.05,near_FINAL_SELECTED,4,2,1.2185124308381547,0.9857237678006922,0.1567850417478643,0.03271431257394174,0.007661418168695043
SN_normal_qp05,1,0.05,far_FINAL_SELECTED,96,31,1.8484236888730663,1.3789101912545563,0.20885726918658556,0.04792754036958524,0.03140824211489002
SN_normal_qp05,1,0.1,ALL,100,33,1.8286323704432186,1.3509763398816177,0.2070260044270524,0.0473190112577595,0.03045836915704221
SN_normal_qp05,1,0.1,near_FINAL_SELECTED,5,2,1.6610415660759705,1.123223868004019,0.29745492560639875,0.12965680852868577,0.08899109491045908
SN_normal_qp05,1,0.1,far_FINAL_SELECTED,95,31,1.8372363107565892,1.3672439177663445,0.2011435592873762,0.042985442980342334,0.027377699380546593
SN_normal_qp05,1,0.2,ALL,100,33,1.8286323704432186,1.3509763398816177,0.2070260044270524,0.0473190112577595,0.03045836915704221
SN_normal_qp05,1,0.2,near_FINAL_SELECTED,10,5,1.3921585577643296,0.976626103115438,0.21216170592245098,0.06550608362858865,0.04456647145801196
SN_normal_qp05,1,0.2,far_FINAL_SELECTED,90,28,1.868321162666735,1.3984073619591946,0.206447484748375,0.04529822543877848,0.02889080223471224
SN_normal_qp05,2,0.05,ALL,100,29,1.8597433382348254,1.3884896607034753,0.16899095702763317,0.030828842338473182,0.02158454534627424
SN_normal_qp05,2,0.05,near_FINAL_SELECTED,6,3,1.1948494819218813,0.9977264491581845,0.06558316447713969,0.004920896874561268,0.0008623500304563327
SN_normal_qp05,2,0.05,far_FINAL_SELECTED,94,26,1.8792305486719045,1.3927125160150835,0.1735115253678373,0.03248254098510586,0.02290723866430517
SN_normal_qp05,2,0.1,ALL,100,29,1.8597433382348254,1.3884896607034753,0.16899095702763317,0.030828842338473182,0.02158454534627424
SN_normal_qp05,2,0.1,near_FINAL_SELECTED,9,5,1.207735591973496,0.9901128792878546,0.08824137128689342,0.009889340132710825,0.0021338492046969358
SN_normal_qp05,2,0.1,far_FINAL_SELECTED,91,24,1.9019426598316604,1.3944195139149744,0.17496359116553595,0.03289978211706507,0.023508240569067602
SN_normal_qp05,2,0.2,ALL,100,29,1.8597433382348254,1.3884896607034753,0.16899095702763317,0.030828842338473182,0.02158454534627424
SN_normal_qp05,2,0.2,near_FINAL_SELECTED,18,6,1.6558657112124457,1.2190584420333106,0.16767884264145594,0.037152489543138635,0.024008333512287778
SN_normal_qp05,2,0.2,far_FINAL_SELECTED,82,23,1.897027214718353,1.4546829304390714,0.16927762082719677,0.029440724659400272,0.021052494285442
SN_normal_qp05,3,0.05,ALL,100,25,1.8302440629634615,1.395288769585383,0.1862612302287086,0.041613059823495745,0.035037880535783356
SN_normal_qp05,3,0.05,near_FINAL_SELECTED,8,3,1.2973766362870576,1.0359945565762514,0.07720539155891264,0.006756915214911004,0.0012098060414379819
SN_normal_qp05,3,0.05,far_FINAL_SELECTED,92,22,1.8682622373415616,1.4159735193236955,0.19285157642559683,0.04464402891989443,0.037979452230943817
SN_normal_qp05,3,0.1,ALL,100,25,1.8302440629634615,1.395288769585383,0.1862612302287086,0.041613059823495745,0.035037880535783356
SN_normal_qp05,3,0.1,near_FINAL_SELECTED,16,6,1.3086042191280827,1.059046015306416,0.08084724170631484,0.006762194070434867,0.0010640250419433064
SN_normal_qp05,3,0.1,far_FINAL_SELECTED,84,19,1.9095035153135507,1.4292605559648832,0.2001411455747838,0.04825131996693592,0.0415090911060386
SN_normal_qp05,3,0.2,ALL,100,25,1.8302440629634615,1.395288769585383,0.1862612302287086,0.041613059823495745,0.035037880535783356
SN_normal_qp05,3,0.2,near_FINAL_SELECTED,24,12,1.2868530062074153,0.9841277737482077,0.1068043545123631,0.011684427023181615,0.002201600978160601
SN_normal_qp05,3,0.2,far_FINAL_SELECTED,76,13,1.956843336022373,1.446353569752262,0.2050530260433274,0.05106420702359494,0.045407231975032644
SN_normal_qp05,4,0.05,ALL,100,26,1.8647017382803803,1.54952106756509,0.21274081990863314,0.057524486329746424,0.049958993787176824
SN_normal_qp05,4,0.05,near_FINAL_SELECTED,2,2,0.46819984227509903,0.5179552552045704,0.011532321793547734,0.00011993842142276923,2.1531757360539806e-06
SN_normal_qp05,4,0.05,far_FINAL_SELECTED,98,24,1.8787593764066182,1.5849900956388838,0.21489436552208924,0.05869600771563057,0.050978521146593986
SN_normal_qp05,4,0.1,ALL,100,26,1.8647017382803803,1.54952106756509,0.21274081990863314,0.057524486329746424,0.049958993787176824
SN_normal_qp05,4,0.1,near_FINAL_SELECTED,9,3,1.5694388839437114,1.4813603967412892,0.07952779829241217,0.007969187181001224,0.0026007987793442706
SN_normal_qp05,4,0.1,far_FINAL_SELECTED,91,23,1.8884006694668907,1.5809699809001263,0.22160611550921494,0.06242555987193001,0.05464277131542399
SN_normal_qp05,4,0.2,ALL,100,26,1.8647017382803803,1.54952106756509,0.21274081990863314,0.057524486329746424,0.049958993787176824
SN_normal_qp05,4,0.2,near_FINAL_SELECTED,16,5,1.7802711535954414,1.5443780671653378,0.16834514569921724,0.03967749313269267,0.03121636787225739
SN_normal_qp05,4,0.2,far_FINAL_SELECTED,84,21,1.8784310195022649,1.54952106756509,0.22018456101134945,0.0609239136053757,0.053529017770971
SN_normal_qp05,5,0.05,ALL,100,33,1.7580982203196311,1.379869622672596,0.16138494146451873,0.030193834484830703,0.017021357827573143
SN_normal_qp05,5,0.05,near_FINAL_SELECTED,5,1,1.6513621103158098,1.666647005181055,0.16302270170395802,0.034394825138655195,0.008684064171389335
SN_normal_qp05,5,0.05,far_FINAL_SELECTED,95,32,1.764284805261315,1.3773435713871185,0.1612982829156599,0.02997272971357678,0.01746016275684598
SN_normal_qp05,5,0.1,ALL,100,33,1.7580982203196311,1.379869622672596,0.16138494146451873,0.030193834484830703,0.017021357827573143
SN_normal_qp05,5,0.1,near_FINAL_SELECTED,10,1,1.7174185221064815,1.5427829179043089,0.1711221351789816,0.034046641714479235,0.008615478688760555
SN_normal_qp05,5,0.1,far_FINAL_SELECTED,90,32,1.762369981677141,1.375968818984544,0.16026651697401764,0.029765744792647535,0.017955344398552318
SN_normal_qp05,5,0.2,ALL,100,33,1.7580982203196311,1.379869622672596,0.16138494146451873,0.030193834484830703,0.017021357827573143
SN_normal_qp05,5,0.2,near_FINAL_SELECTED,21,5,1.8107280052976533,1.4767037499441364,0.1781918744616928,0.03969675691592963,0.01632877635605371
SN_normal_qp05,5,0.2,far_FINAL_SELECTED,79,28,1.7436713786233164,1.3773435713871185,0.15661412333224192,0.027667741180361367,0.017205461763040334
SN_normal_qp05,6,0.05,ALL,100,27,1.786032892952059,1.383601770719857,0.1831121861776785,0.03612143542463231,0.020538456103486813
SN_normal_qp05,6,0.05,near_FINAL_SELECTED,4,1,1.7226819518088705,1.2693502688987686,0.127877396166972,0.022451573697238283,0.009557730776308797
SN_normal_qp05,6,0.05,far_FINAL_SELECTED,96,26,1.7882610342960295,1.383601770719857,0.18505620652011545,0.036691012996607056,0.02099598632545256
SN_normal_qp05,6,0.1,ALL,100,27,1.786032892952059,1.383601770719857,0.1831121861776785,0.03612143542463231,0.020538456103486813
SN_normal_qp05,6,0.1,near_FINAL_SELECTED,11,3,1.5724319136059484,1.4073456491524348,0.12603600165443277,0.019737896499849326,0.005670219748840435
SN_normal_qp05,6,0.1,far_FINAL_SELECTED,89,24,1.8070076101234092,1.3754493740664675,0.1889733190201722,0.038146367201852674,0.02237610329338692
SN_normal_qp05,6,0.2,ALL,100,27,1.786032892952059,1.383601770719857,0.1831121861776785,0.03612143542463231,0.020538456103486813
SN_normal_qp05,6,0.2,near_FINAL_SELECTED,20,6,1.6560702942850516,1.4159503199185508,0.1430016266795074,0.028142536728003226,0.014000896361580492
SN_normal_qp05,6,0.2,far_FINAL_SELECTED,80,21,1.8159179009198902,1.35575562927782,0.19183384633639258,0.03811616009878958,0.022172846038963384
SN_normal_qp05,7,0.05,ALL,100,28,1.9025517188528354,1.3174950779217585,0.20457047019802174,0.051921890676771325,0.04509681462571814
SN_normal_qp05,7,0.05,near_FINAL_SELECTED,6,2,2.2881247808108776,1.91478218353805,0.1729501149143874,0.03985302825906183,0.01520159266988851
SN_normal_qp05,7,0.05,far_FINAL_SELECTED,94,26,1.875850697165795,1.3099026883896756,0.20642440464254064,0.052692243597050645,0.04700502028247323
SN_normal_qp05,7,0.1,ALL,100,28,1.9025517188528354,1.3174950779217585,0.20457047019802174,0.051921890676771325,0.04509681462571814
SN_normal_qp05,7,0.1,near_FINAL_SELECTED,10,4,1.9619921257130848,1.480421786354856,0.18233305834968155,0.04140631537719067,0.012729809792687227
SN_normal_qp05,7,0.1,far_FINAL_SELECTED,90,24,1.8958828350522705,1.3099026883896756,0.20689380759844694,0.05309028793228028,0.04869314849605491
SN_normal_qp05,7,0.2,ALL,100,28,1.9025517188528354,1.3174950779217585,0.20457047019802174,0.051921890676771325,0.04509681462571814
SN_normal_qp05,7,0.2,near_FINAL_SELECTED,17,4,1.8541258094231732,1.4937392557800933,0.18378667995098236,0.04251782448671641,0.01395916775966792
SN_normal_qp05,7,0.2,far_FINAL_SELECTED,83,24,1.9123752165151677,1.3094159253752315,0.20857200901327194,0.05384802471569823,0.05147440494768024
SN_normal_qp05,8,0.05,ALL,100,20,1.8995290510692286,1.4640473549702793,0.1945590872408772,0.043826144990167765,0.030730692845767196
SN_normal_qp05,8,0.05,near_FINAL_SELECTED,3,2,0.9095317665522098,0.8078614258478449,0.049103086880171044,0.0023619327006551027,0.00019115675140050591
SN_normal_qp05,8,0.05,far_FINAL_SELECTED,97,18,1.9183972019135167,1.5074189144588932,0.19735598960444786,0.04510854330840012,0.03167521458064451
SN_normal_qp05,8,0.1,ALL,100,20,1.8995290510692286,1.4640473549702793,0.1945590872408772,0.043826144990167765,0.030730692845767196
SN_normal_qp05,8,0.1,near_FINAL_SELECTED,7,5,1.002718850831823,0.9188624590902477,0.08492773168740143,0.007063917211514081,0.0008032178343582138
SN_normal_qp05,8,0.1,far_FINAL_SELECTED,93,15,1.930753092460286,1.5294717155652202,0.2003983883118651,0.04659319439286212,0.03298329849178722
SN_normal_qp05,8,0.2,ALL,100,20,1.8995290510692286,1.4640473549702793,0.1945590872408772,0.043826144990167765,0.030730692845767196
SN_normal_qp05,8,0.2,near_FINAL_SELECTED,16,6,1.7128398661795576,1.399419248971316,0.15790923424206554,0.02827337334463695,0.009047091571028195
SN_normal_qp05,8,0.2,far_FINAL_SELECTED,84,14,1.9299920661310994,1.5012577672000402,0.20078295028930399,0.04678857768455459,0.034860902612384156
SN_normal_qp05,9,0.05,ALL,100,25,1.7707904126224296,1.3211363564812495,0.19641790941528436,0.04362593799501753,0.03317439712918631
SN_normal_qp05,9,0.05,near_FINAL_SELECTED,2,0,1.4220876393334165,1.4186813951236277,0.19201702768485016,0.049496029895275004,0.014447293273202584
SN_normal_qp05,9,0.05,far_FINAL_SELECTED,98,25,1.7791693800886976,1.3211363564812495,0.19650669708858695,0.04350614020113471,0.03355658292216556
SN_normal_qp05,9,0.1,ALL,100,25,1.7707904126224296,1.3211363564812495,0.19641790941528436,0.04362593799501753,0.03317439712918631
SN_normal_qp05,9,0.1,near_FINAL_SELECTED,4,1,1.9251550520527687,1.4186813951236277,0.17475783751828677,0.04299080053087272,0.026162105250789585
SN_normal_qp05,9,0.1,far_FINAL_SELECTED,96,24,1.7627137304166813,1.3211363564812495,0.19726880737362568,0.043652402056023554,0.03346657595745284
SN_normal_qp05,9,0.2,ALL,100,25,1.7707904126224296,1.3211363564812495,0.19641790941528436,0.04362593799501753,0.03317439712918631
SN_normal_qp05,9,0.2,near_FINAL_SELECTED,11,4,1.7259946088560063,1.4787732251762817,0.1522137788145801,0.02933940618002394,0.012764905541758808
SN_normal_qp05,9,0.2,far_FINAL_SELECTED,89,21,1.7757436574509637,1.3168849735800274,0.20120815245942214,0.04539168911821898,0.03569691856134026
SN_peak_qm05,0,0.05,ALL,100,54,1.7338351634682767,0.06953875122175371,0.18118093128999005,0.048266016612458745,0.04452884597311223
SN_peak_qm05,0,0.05,near_FINAL_SELECTED,35,33,0.6229151778438184,0.022650439245076273,0.05509232344140418,0.005657222280648557,0.003379222449814757
SN_peak_qm05,0,0.05,far_FINAL_SELECTED,65,21,2.011667462114582,1.8036097820749728,0.22106115557377326,0.07120921356035652,0.06668633556258008
SN_peak_qm05,0,0.1,ALL,100,54,1.7338351634682767,0.06953875122175371,0.18118093128999005,0.048266016612458745,0.04452884597311223
SN_peak_qm05,0,0.1,near_FINAL_SELECTED,50,46,0.6629925753266945,0.024080392660995938,0.0563692773278639,0.00615498654845881,0.0034493770892916526
SN_peak_qm05,0,0.1,far_FINAL_SELECTED,50,8,2.1836969149878156,2.034398566132766,0.24995112382173953,0.09037704667645867,0.08560831485693282
SN_peak_qm05,0,0.2,ALL,100,54,1.7338351634682767,0.06953875122175371,0.18118093128999005,0.048266016612458745,0.04452884597311223
SN_peak_qm05,0,0.2,near_FINAL_SELECTED,63,54,0.9842058412983277,0.027065298991116198,0.07091853870952537,0.009000976660514021,0.006651033953244872
SN_peak_qm05,0,0.2,far_FINAL_SELECTED,37,0,2.301457934514378,2.21311123820047,0.2831196061332659,0.11512270626036462,0.10902349887180528
SN_peak_qm05,1,0.05,ALL,100,58,1.7661374443109827,0.05620563153380767,0.17614764996270593,0.04463439605396996,0.03052346337756417
SN_peak_qm05,1,0.05,near_FINAL_SELECTED,46,44,0.5858354985015366,0.03027032840329734,0.049052947058201485,0.004214531347578182,0.0028795282927396226
SN_peak_qm05,1,0.05,far_FINAL_SELECTED,54,14,2.1515981157769835,1.8636472152660633,0.23539229055486804,0.07906613265571107,0.054072000672044346
SN_peak_qm05,1,0.1,ALL,100,58,1.7661374443109827,0.05620563153380767,0.17614764996270593,0.04463439605396996,0.03052346337756417
SN_peak_qm05,1,0.1,near_FINAL_SELECTED,62,58,0.6960193655134238,0.027821059606585954,0.0672837401260871,0.008150431480821969,0.005406366991939915
SN_peak_qm05,1,0.1,far_FINAL_SELECTED,38,0,2.3689858060122297,2.139297407907107,0.2725184278774556,0.10416086456805351,0.07150398905937216
SN_peak_qm05,1,0.2,ALL,100,58,1.7661374443109827,0.05620563153380767,0.17614764996270593,0.04463439605396996,0.03052346337756417
SN_peak_qm05,1,0.2,near_FINAL_SELECTED,66,58,0.9721475874588458,0.029206064377865923,0.07013729357431057,0.008852235091680812,0.005983951249959621
SN_peak_qm05,1,0.2,far_FINAL_SELECTED,34,0,2.425559013994796,2.139297407907107,0.2858490769024329,0.11409388498076652,0.07815898691938476
SN_peak_qm05,2,0.05,ALL,100,54,1.7647691454433339,0.10855556573505167,0.14853635775115484,0.032695003312615975,0.02380434566856108
SN_peak_qm05,2,0.05,near_FINAL_SELECTED,32,30,0.6205815259877937,0.059085199424467286,0.060366801237180044,0.00689046396894039,0.004147709271696115
SN_peak_qm05,2,0.05,far_FINAL_SELECTED,68,24,2.029612021684256,1.8240014360772299,0.17530193009517686,0.0448383159449339,0.03305452750237988
SN_peak_qm05,2,0.1,ALL,100,54,1.7647691454433339,0.10855556573505167,0.14853635775115484,0.032695003312615975,0.02380434566856108
SN_peak_qm05,2,0.1,near_FINAL_SELECTED,46,42,0.7325034256774227,0.05177550757240394,0.052646064962260125,0.005271481565354797,0.0031161447325612456
SN_peak_qm05,2,0.1,far_FINAL_SELECTED,54,12,2.1831099519431234,1.9500801222962314,0.19620524883592455,0.05605578109731995,0.04142762794737575
SN_peak_qm05,2,0.2,ALL,100,54,1.7647691454433339,0.10855556573505167,0.14853635775115484,0.032695003312615975,0.02380434566856108
SN_peak_qm05,2,0.2,near_FINAL_SELECTED,59,53,0.8826947245814036,0.04872970874782221,0.056332419551005715,0.005656583068907826,0.004240901851417641
SN_peak_qm05,2,0.2,far_FINAL_SELECTED,41,1,2.313300760325048,2.043851688779623,0.22191394779927007,0.0716039495169765,0.051956618478596756
SN_peak_qm05,3,0.05,ALL,100,57,1.7432576507015323,0.060010487191627514,0.16407930588251501,0.03728300729629002,0.03981209328688686
SN_peak_qm05,3,0.05,near_FINAL_SELECTED,38,37,0.40720712174986745,0.03628756857923815,0.02394945449097111,0.0011399855862698881,0.0006081694606510735
SN_peak_qm05,3,0.05,far_FINAL_SELECTED,62,20,2.060080532008403,1.8910850238234278,0.20753569299749838,0.05943518189275398,0.06384030466425716
SN_peak_qm05,3,0.1,ALL,100,57,1.7432576507015323,0.060010487191627514,0.16407930588251501,0.03728300729629002,0.03981209328688686
SN_peak_qm05,3,0.1,near_FINAL_SELECTED,54,53,0.3451079139307233,0.033925186632274076,0.02015105904134244,0.0008101266446870114,0.00042797178943913133
SN_peak_qm05,3,0.1,far_FINAL_SELECTED,46,4,2.2559281889543352,2.0416515008996416,0.24093451853250128,0.0800989976264327,0.08604562721867332
SN_peak_qm05,3,0.2,ALL,100,57,1.7432576507015323,0.060010487191627514,0.16407930588251501,0.03728300729629002,0.03981209328688686
SN_peak_qm05,3,0.2,near_FINAL_SELECTED,59,57,0.8307952435082057,0.03485576555338129,0.06470517729698033,0.006483962099045197,0.01340104326802008
SN_peak_qm05,3,0.2,far_FINAL_SELECTED,41,0,2.242219569464007,2.110267843976483,0.24421017655808666,0.08160358453134965,0.07781823843598784
SN_peak_qm05,4,0.05,ALL,100,53,1.8363000809768397,0.11928911963633651,0.19865119368188358,0.0557683129758628,0.046257962104825336
SN_peak_qm05,4,0.05,near_FINAL_SELECTED,47,46,0.3821050076925929,0.029447886226690423,0.03885268867707537,0.0028167456574368223,0.0016770080259747725
SN_peak_qm05,4,0.05,far_FINAL_SELECTED,53,7,2.310076973247974,2.1849730359579085,0.27040436870229334,0.10272536323937265,0.08579201572191923
SN_peak_qm05,4,0.1,ALL,100,53,1.8363000809768397,0.11928911963633651,0.19865119368188358,0.0557683129758628,0.046257962104825336
SN_peak_qm05,4,0.1,near_FINAL_SELECTED,55,53,0.4746466530356486,0.029984148035688482,0.03908511276463846,0.0029083733260531573,0.0016695648883546647
SN_peak_qm05,4,0.1,far_FINAL_SELECTED,45,0,2.406105205604967,2.3522809192710987,0.292962232792836,0.12037490588118571,0.10075489203606727
SN_peak_qm05,4,0.2,ALL,100,53,1.8363000809768397,0.11928911963633651,0.19865119368188358,0.0557683129758628,0.046257962104825336
SN_peak_qm05,4,0.2,near_FINAL_SELECTED,58,53,0.8862601860570174,0.033948561169284276,0.04934300825450427,0.004251077342679188,0.003084088024061517
SN_peak_qm05,4,0.2,far_FINAL_SELECTED,42,0,2.3848819088621163,2.2898724895561573,0.3009910294595365,0.12691116218359255,0.1058790263115944
SN_peak_qm05,5,0.05,ALL,100,54,1.690688865950457,0.10192748117714923,0.15151908688671167,0.033747065225024284,0.02376141389280391
SN_peak_qm05,5,0.05,near_FINAL_SELECTED,23,21,0.7184880411125235,0.02728030943962798,0.05811517901924783,0.006224133451018738,0.0038850056345037225
SN_peak_qm05,5,0.05,far_FINAL_SELECTED,77,33,1.8536989045031267,1.7459327009932488,0.16972566735888242,0.04196820068998699,0.029698522853075397
SN_peak_qm05,5,0.1,ALL,100,54,1.690688865950457,0.10192748117714923,0.15151908688671167,0.033747065225024284,0.02376141389280391
SN_peak_qm05,5,0.1,near_FINAL_SELECTED,40,37,0.5923577895908975,0.03440220014369702,0.044486418370662015,0.0037041944649528575,0.002239395930888974
SN_peak_qm05,5,0.1,far_FINAL_SELECTED,60,17,2.044549921663696,1.990817358360947,0.19220829466667602,0.05377564573173857,0.038109425867413865
SN_peak_qm05,5,0.2,ALL,100,54,1.690688865950457,0.10192748117714923,0.15151908688671167,0.033747065225024284,0.02376141389280391
SN_peak_qm05,5,0.2,near_FINAL_SELECTED,61,52,0.8616204259401987,0.04202103212950316,0.07239078010483094,0.009701294715939442,0.006372924439805211
SN_peak_qm05,5,0.2,far_FINAL_SELECTED,39,2,2.2717800881477395,2.0953061448006833,0.22510040161048953,0.0713571165341057,0.050958794832109584
SN_peak_qm05,6,0.05,ALL,100,55,1.712107197045122,0.09137328740357087,0.16883438598665904,0.04102394645686816,0.028351488514090084
SN_peak_qm05,6,0.05,near_FINAL_SELECTED,30,30,0.046899289545518606,0.0348267595065271,0.0034918405974477497,4.307097477125532e-05,2.3490879026431527e-08
SN_peak_qm05,6,0.05,far_FINAL_SELECTED,70,25,1.9499482171829081,1.8311386489967878,0.20178274032895865,0.05858717880633827,0.040502116381180536
SN_peak_qm05,6,0.1,ALL,100,55,1.712107197045122,0.09137328740357087,0.16883438598665904,0.04102394645686816,0.028351488514090084
SN_peak_qm05,6,0.1,near_FINAL_SELECTED,49,49,0.17066455835321753,0.03647162437207683,0.012321804696876099,0.0004953795486515134,3.632064031253796e-05
SN_peak_qm05,6,0.1,far_FINAL_SELECTED,51,6,2.2255944275256505,2.1423386807685505,0.2361067170013447,0.07996315780005674,0.0555562576477195
SN_peak_qm05,6,0.2,ALL,100,55,1.712107197045122,0.09137328740357087,0.16883438598665904,0.04102394645686816,0.028351488514090084
SN_peak_qm05,6,0.2,near_FINAL_SELECTED,59,55,0.7864905012027955,0.03647162437207683,0.05310007594532244,0.005377503546646629,0.003032732015386225
SN_peak_qm05,6,0.2,far_FINAL_SELECTED,41,0,2.3131250613039294,2.335822892567832,0.2558652238253319,0.09232004723011379,0.06478579664637125
SN_peak_qm05,7,0.05,ALL,100,60,1.7881159001165732,0.05250013328128386,0.18582606279595418,0.05348919831191156,0.044776408351190594
SN_peak_qm05,7,0.05,near_FINAL_SELECTED,46,45,0.45275644360053624,0.02226738061851353,0.06802997676831622,0.008098773302376617,0.005725527903149476
SN_peak_qm05,7,0.05,far_FINAL_SELECTED,54,15,2.2015217416215807,2.0240406500114663,0.24495808354303375,0.09215511591262651,0.07804197317729969
SN_peak_qm05,7,0.1,ALL,100,60,1.7881159001165732,0.05250013328128386,0.18582606279595418,0.05348919831191156,0.044776408351190594
SN_peak_qm05,7,0.1,near_FINAL_SELECTED,59,58,0.40377786627656964,0.027306376914604184,0.060139810811200047,0.006343476361197145,0.00446397534215008
SN_peak_qm05,7,0.1,far_FINAL_SELECTED,41,2,2.37832842243628,2.2331912494132813,0.28110155909731455,0.12133304209464695,0.10278698268127331
SN_peak_qm05,7,0.2,ALL,100,60,1.7881159001165732,0.05250013328128386,0.18582606279595418,0.05348919831191156,0.044776408351190594
SN_peak_qm05,7,0.2,near_FINAL_SELECTED,68,60,0.9653955119187996,0.02921407773821627,0.09440118998412161,0.016773741323478388,0.010520707832014347
SN_peak_qm05,7,0.2,far_FINAL_SELECTED,32,0,2.453514262331871,2.3087038245792617,0.2982838834397188,0.13150954441233204,0.11756977195444016
SN_peak_qm05,8,0.05,ALL,100,58,1.78635807534752,0.06134444196835745,0.17518573096174203,0.04500158698461561,0.03383878337830979
SN_peak_qm05,8,0.05,near_FINAL_SELECTED,39,37,0.6096765923830996,0.036660700248732664,0.08350399057263379,0.012012479763529448,0.008944143800341448
SN_peak_qm05,8,0.05,far_FINAL_SELECTED,61,21,2.130248780032405,2.0410976307180078,0.21413418085509214,0.0660929834046543,0.04975502835438791
SN_peak_qm05,8,0.1,ALL,100,58,1.78635807534752,0.06134444196835745,0.17518573096174203,0.04500158698461561,0.03383878337830979
SN_peak_qm05,8,0.1,near_FINAL_SELECTED,56,53,0.6311485782622666,0.032642843741893954,0.07541828718740924,0.009868768472750094,0.0072548899800487015
SN_peak_qm05,8,0.1,far_FINAL_SELECTED,44,5,2.3831592117137403,2.297822765491988,0.2500218455406431,0.08971608327244446,0.06767282952155117
SN_peak_qm05,8,0.2,ALL,100,58,1.78635807534752,0.06134444196835745,0.17518573096174203,0.04500158698461561,0.03383878337830979
SN_peak_qm05,8,0.2,near_FINAL_SELECTED,64,58,0.9658366923690503,0.036702549847986175,0.07453862426156486,0.009552822851468573,0.00749070199059069
SN_peak_qm05,8,0.2,far_FINAL_SELECTED,36,0,2.4372342155048985,2.346352945840171,0.2745410117523607,0.10802161211021034,0.08067981695647707
SN_peak_qm05,9,0.05,ALL,100,59,1.727818754296529,0.049639727166245554,0.16212324573686038,0.03701675038760421,0.0304890488857092
SN_peak_qm05,9,0.05,near_FINAL_SELECTED,28,28,0.03426348219831761,0.029247877062226348,0.002453588055810016,2.119794367711611e-05,4.7368760963025844e-09
SN_peak_qm05,9,0.05,far_FINAL_SELECTED,72,31,1.9641879200173953,1.6988688314224984,0.19105795071215773,0.051403909671353616,0.0423458993880332
SN_peak_qm05,9,0.1,ALL,100,59,1.727818754296529,0.049639727166245554,0.16212324573686038,0.03701675038760421,0.0304890488857092
SN_peak_qm05,9,0.1,near_FINAL_SELECTED,51,51,0.03357756541610524,0.027936360699548867,0.002440205291827224,2.0211450366057622e-05,3.5849219756118865e-09
SN_peak_qm05,9,0.1,far_FINAL_SELECTED,49,8,2.2497046074922205,2.051706323542747,0.23159125658173585,0.07552335213860717,0.06222254501510001
SN_peak_qm05,9,0.2,ALL,100,59,1.727818754296529,0.049639727166245554,0.16212324573686038,0.03701675038760421,0.0304890488857092
SN_peak_qm05,9,0.2,near_FINAL_SELECTED,66,59,0.8944528530536987,0.030630257476288315,0.06339810849652973,0.006345687187907256,0.005306406264328558
SN_peak_qm05,9,0.2,far_FINAL_SELECTED,34,0,2.4234372502439747,2.188764452943607,0.26363519526508095,0.09655469659878062,0.07937300220956578
SN_peak_q0,0,0.05,ALL,100,71,1.6358544344796668,0.04098692566736059,0.18404695128831663,0.050530847712142155,0.052999076662227154
SN_peak_q0,0,0.05,near_FINAL_SELECTED,62,59,0.8797888750557242,0.027730374523030232,0.06149753264718613,0.0051604138357113465,0.00924333908690799
SN_peak_q0,0,0.05,far_FINAL_SELECTED,38,12,2.2546086745160516,2.100660373000467,0.2880445572032358,0.1245562924578977,0.12439001691669527
SN_peak_q0,0,0.1,ALL,100,71,1.6358544344796668,0.04098692566736059,0.18404695128831663,0.050530847712142155,0.052999076662227154
SN_peak_q0,0,0.1,near_FINAL_SELECTED,76,71,0.9063687987034239,0.03101776790924361,0.07958801677656613,0.009902980944889249,0.011718887673695975
SN_peak_q0,0,0.1,far_FINAL_SELECTED,24,0,2.5978214088859493,2.528151086538942,0.3479658055731404,0.17918575914177634,0.18371967512590923
SN_peak_q0,0,0.2,ALL,100,71,1.6358544344796668,0.04098692566736059,0.18404695128831663,0.050530847712142155,0.052999076662227154
SN_peak_q0,0,0.2,near_FINAL_SELECTED,77,71,0.9565605780942283,0.031092320321329765,0.08467103217212958,0.011330059086678938,0.012781039834847562
SN_peak_q0,0,0.2,far_FINAL_SELECTED,23,0,2.5929374498436584,2.5261653627640026,0.35110390409282694,0.1817682705017364,0.18764206951910664
SN_peak_q0,1,0.05,ALL,100,74,1.618486478299993,0.03573898642765941,0.18036463729367763,0.04742189907862157,0.047065761782468775
SN_peak_q0,1,0.05,near_FINAL_SELECTED,65,65,0.035606988726058955,0.024716938143403866,0.0018869588193213837,1.4209855383251681e-05,1.80596635464138e-09
SN_peak_q0,1,0.05,far_FINAL_SELECTED,35,9,2.4744057998881877,2.298743671764067,0.30486103619869215,0.13546475049320705,0.13447360173883036
SN_peak_q0,1,0.1,ALL,100,74,1.618486478299993,0.03573898642765941,0.18036463729367763,0.04742189907862157,0.047065761782468775
SN_peak_q0,1,0.1,near_FINAL_SELECTED,74,74,0.03471021691870498,0.024396552654604935,0.002161526521268223,1.8610848989382265e-05,1.918093018678057e-09
SN_peak_q0,1,0.1,far_FINAL_SELECTED,26,0,2.697310273496415,2.474089964000757,0.35370535847908285,0.1823389501937286,0.18102215524261508
SN_peak_q0,1,0.2,ALL,100,74,1.618486478299993,0.03573898642765941,0.18036463729367763,0.04742189907862157,0.047065761782468775
SN_peak_q0,1,0.2,near_FINAL_SELECTED,75,74,0.3780587571118801,0.02469571175461936,0.04767545926746092,0.003598863948733039,0.0032323715542206797
SN_peak_q0,1,0.2,far_FINAL_SELECTED,25,0,2.6583549280101715,2.459480939526237,0.35115062479686626,0.1788910044682872,0.178565932467213
SN_peak_q0,2,0.05,ALL,100,68,1.7019525864282137,0.054450050236257826,0.15735694808407666,0.03735772184851995,0.03024644174617444
SN_peak_q0,2,0.05,near_FINAL_SELECTED,39,38,0.47313704371797244,0.03267876755003545,0.042555764437635944,0.0030606975188563292,0.0024607643901759816
SN_peak_q0,2,0.05,far_FINAL_SELECTED,61,30,2.0919803934668972,1.917594512152581,0.19858070914207318,0.05928532756748521,0.04801105513771444
SN_peak_q0,2,0.1,ALL,100,68,1.7019525864282137,0.054450050236257826,0.15735694808407666,0.03735772184851995,0.03024644174617444
SN_peak_q0,2,0.1,near_FINAL_SELECTED,61,59,0.5208183404871569,0.03735962687349526,0.05679528021678,0.00561475675870489,0.0042166590023744255
SN_peak_q0,2,0.1,far_FINAL_SELECTED,39,9,2.4516072471569017,2.345756482416954,0.24175389986430537,0.08700697493771785,0.07095969167878471
SN_peak_q0,2,0.2,ALL,100,68,1.7019525864282137,0.054450050236257826,0.15735694808407666,0.03735772184851995,0.03024644174617444
SN_peak_q0,2,0.2,near_FINAL_SELECTED,73,68,0.7973006642094645,0.03923554530164651,0.08400553780030262,0.012143209034773008,0.009554265698945567
SN_peak_q0,2,0.2,far_FINAL_SELECTED,27,0,2.650167750996936,2.46088570147722,0.2694964435422493,0.10553029353013203,0.0861919547627562
SN_peak_q0,3,0.05,ALL,100,71,1.6479339789474357,0.038722270053777944,0.17955319137570536,0.047010106068939496,0.049563342181610966
SN_peak_q0,3,0.05,near_FINAL_SELECTED,44,43,0.5641735576906771,0.030799376732288573,0.00520854446306233,9.856395853969301e-05,6.0701627424315e-06
SN_peak_q0,3,0.05,far_FINAL_SELECTED,56,28,2.0237627547226205,0.8841802844354113,0.2398936215194971,0.0838691748699679,0.0885011987678648
SN_peak_q0,3,0.1,ALL,100,71,1.6479339789474357,0.038722270053777944,0.17955319137570536,0.047010106068939496,0.049563342181610966
SN_peak_q0,3,0.1,near_FINAL_SELECTED,70,66,0.764634533132019,0.03197548221911302,0.05524747350170908,0.004934205551561371,0.004293203069455586
SN_peak_q0,3,0.1,far_FINAL_SELECTED,30,5,2.465870564441364,2.2552931512090315,0.3167688442349049,0.14518720727615514,0.15519366677664015
SN_peak_q0,3,0.2,ALL,100,71,1.6479339789474357,0.038722270053777944,0.17955319137570536,0.047010106068939496,0.049563342181610966
SN_peak_q0,3,0.2,near_FINAL_SELECTED,76,71,0.7684790228447355,0.031673477966788315,0.05553867582528391,0.0051716877148583595,0.0042066747956823105
SN_peak_q0,3,0.2,far_FINAL_SELECTED,24,0,2.655592614323988,2.426732669625933,0.3529346888575664,0.1794984308568631,0.19319278890371838
SN_peak_q0,4,0.05,ALL,100,70,1.73431721327322,0.04096001588211773,0.20688522128187772,0.06365224283056256,0.07134686771798146
SN_peak_q0,4,0.05,near_FINAL_SELECTED,67,66,0.2997961434677611,0.02354385678972916,0.008380474100933294,0.00016443928566602803,6.610063155023012e-05
SN_peak_q0,4,0.05,far_FINAL_SELECTED,33,4,2.7072845116466806,2.5694208014275994,0.3599429210344443,0.19255172275504945,0.21606842513588734
SN_peak_q0,4,0.1,ALL,100,70,1.73431721327322,0.04096001588211773,0.20688522128187772,0.06365224283056256,0.07134686771798146
SN_peak_q0,4,0.1,near_FINAL_SELECTED,72,70,0.5573138631702085,0.024138615011604903,0.05134985770198776,0.004045241783833532,0.004915652117466782
SN_peak_q0,4,0.1,far_FINAL_SELECTED,28,0,2.7845334441913714,2.601087084087556,0.382206905012199,0.2169273883792943,0.24216999354787636
SN_peak_q0,4,0.2,ALL,100,70,1.73431721327322,0.04096001588211773,0.20688522128187772,0.06365224283056256,0.07134686771798146
SN_peak_q0,4,0.2,near_FINAL_SELECTED,73,70,0.6628591369577567,0.024733373233480647,0.055502233769446845,0.0047447813814888145,0.0055222526835456255
SN_peak_q0,4,0.2,far_FINAL_SELECTED,27,0,2.7881996072296844,2.589365205356065,0.38755038515379464,0.22292056452620634,0.24931712318145619
SN_peak_q0,5,0.05,ALL,100,72,1.5330634720390668,0.046841776886609815,0.14404831155218595,0.03072580777343429,0.028205964235606385
SN_peak_q0,5,0.05,near_FINAL_SELECTED,41,41,0.04057366724255858,0.037341617944459414,0.004968235644786828,9.843656524654788e-05,3.032932151205394e-08
SN_peak_q0,5,0.05,far_FINAL_SELECTED,59,31,1.9126760400107319,0.09397809606218209,0.18748919011194976,0.05200923522319186,0.047806697967092485
SN_peak_q0,5,0.1,ALL,100,72,1.5330634720390668,0.046841776886609815,0.14404831155218595,0.03072580777343429,0.028205964235606385
SN_peak_q0,5,0.1,near_FINAL_SELECTED,63,62,0.389194263084178,0.037341617944459414,0.06942765461898343,0.007953033790037322,0.006982619681677565
SN_peak_q0,5,0.1,far_FINAL_SELECTED,37,10,2.243201921682537,2.2789851606430545,0.2188001096195383,0.06950107158300209,0.06434301036797166
SN_peak_q0,5,0.2,ALL,100,72,1.5330634720390668,0.046841776886609815,0.14404831155218595,0.03072580777343429,0.028205964235606385
SN_peak_q0,5,0.2,near_FINAL_SELECTED,76,72,0.7539529974331909,0.040228487391754025,0.07963476688244182,0.010234407617599264,0.010466084249479932
SN_peak_q0,5,0.2,far_FINAL_SELECTED,24,0,2.4815336259211103,2.3365446676311388,0.2576352963958596,0.09561524160024519,0.08438225085834013
SN_peak_q0,6,0.05,ALL,100,68,1.6228535835614064,0.04587847207541318,0.17941762536965697,0.04829265160846616,0.0433399862730698
SN_peak_q0,6,0.05,near_FINAL_SELECTED,56,56,0.037517587615358915,0.029300139543656796,0.0024817997484034775,2.459511597982283e-05,4.219264751028014e-09
SN_peak_q0,6,0.05,far_FINAL_SELECTED,44,12,2.2546378550779838,2.1922532678148112,0.2704677558856958,0.1097247235079942,0.09849996343245802
SN_peak_q0,6,0.1,ALL,100,68,1.6228535835614064,0.04587847207541318,0.17941762536965697,0.04829265160846616,0.0433399862730698
SN_peak_q0,6,0.1,near_FINAL_SELECTED,69,68,0.4158801835223043,0.030655250629518058,0.038314668466433395,0.002312388143072391,0.0022959584067906687
SN_peak_q0,6,0.1,far_FINAL_SELECTED,31,0,2.506884260496866,2.288960024880485,0.3171330989414209,0.15063581867660064,0.13469604829801363
SN_peak_q0,6,0.2,ALL,100,68,1.6228535835614064,0.04587847207541318,0.17941762536965697,0.04829265160846616,0.0433399862730698
SN_peak_q0,6,0.2,near_FINAL_SELECTED,70,68,0.5230223929019623,0.03090458147911257,0.07129486465364189,0.008490123564546823,0.006884594988564437
SN_peak_q0,6,0.2,far_FINAL_SELECTED,30,0,2.520938085968699,2.3277184573384972,0.30893696166639883,0.14116521704427792,0.12840256593691557
SN_peak_q0,7,0.05,ALL,100,70,1.7112151452911277,0.031363280547172856,0.20696417323216565,0.06384095526599905,0.06448018779665321
SN_peak_q0,7,0.05,near_FINAL_SELECTED,51,50,0.40233872998459635,0.020537851299507193,0.03641335070871872,0.002289797572865402,0.0017058740137089567
SN_peak_q0,7,0.05,far_FINAL_SELECTED,49,20,2.2545989825127206,1.9704662792588385,0.29331999530239816,0.12790440510987283,0.1298167184686972
SN_peak_q0,7,0.1,ALL,100,70,1.7112151452911277,0.031363280547172856,0.20696417323216565,0.06384095526599905,0.06448018779665321
SN_peak_q0,7,0.1,near_FINAL_SELECTED,69,68,0.3494046873182023,0.021334996346376596,0.031481302211561084,0.001736124313912432,0.0012608683553272894
SN_peak_q0,7,0.1,far_FINAL_SELECTED,31,2,2.6135461953414962,2.287377594610057,0.368739479033326,0.20207428867548213,0.2051941568757335
SN_peak_q0,7,0.2,ALL,100,70,1.7112151452911277,0.031363280547172856,0.20696417323216565,0.06384095526599905,0.06448018779665321
SN_peak_q0,7,0.2,near_FINAL_SELECTED,73,70,0.7499262669413904,0.02157834265313723,0.058071663425058276,0.005488620078341367,0.005435396602042616
SN_peak_q0,7,0.2,far_FINAL_SELECTED,27,0,2.590526708759331,2.287377594610057,0.38668762775473586,0.22160838003262903,0.22411980843393367
SN_peak_q0,8,0.05,ALL,100,70,1.6895072637668083,0.04149789290705952,0.1837563388858109,0.04962423765062602,0.04576624696242908
SN_peak_q0,8,0.05,near_FINAL_SELECTED,62,61,0.6302409387653983,0.021641221598376177,0.0643654952533652,0.004828683315189686,0.011298077590431674
SN_peak_q0,8,0.05,far_FINAL_SELECTED,38,9,2.369999660511568,2.3478747928900976,0.2865299816846864,0.12271172104002218,0.102003786464109
SN_peak_q0,8,0.1,ALL,100,70,1.6895072637668083,0.04149789290705952,0.1837563388858109,0.04962423765062602,0.04576624696242908
SN_peak_q0,8,0.1,near_FINAL_SELECTED,73,70,0.8582373858726722,0.024151427914992054,0.08491731136747854,0.010108964044531175,0.01488875778758321
SN_peak_q0,8,0.1,far_FINAL_SELECTED,27,0,2.5617469965239916,2.4822812289041902,0.3249068171184062,0.1564618292522899,0.1292498288055308
SN_peak_q0,8,0.2,ALL,100,70,1.6895072637668083,0.04149789290705952,0.1837563388858109,0.04962423765062602,0.04576624696242908
SN_peak_q0,8,0.2,near_FINAL_SELECTED,74,70,0.9109095709490672,0.02441745966519857,0.08439992009539818,0.009990002093323323,0.014699932148689969
SN_peak_q0,8,0.2,far_FINAL_SELECTED,26,0,2.5603470270359296,2.4427931669267466,0.331053770102473,0.1624293696214107,0.13418575835537877
SN_peak_q0,9,0.05,ALL,100,74,1.5880759194831606,0.03994548206896302,0.1902320807191728,0.055569839018125136,0.055822659350370424
SN_peak_q0,9,0.05,near_FINAL_SELECTED,38,37,0.4270463238398277,0.02256797313111889,0.07272654677527914,0.009520430951071718,0.006694933569311349
SN_peak_q0,9,0.05,far_FINAL_SELECTED,62,37,1.9226179727229618,0.0550629175899468,0.23479011665370095,0.08379366976889982,0.08593320095811628
SN_peak_q0,9,0.1,ALL,100,74,1.5880759194831606,0.03994548206896302,0.1902320807191728,0.055569839018125136,0.055822659350370424
SN_peak_q0,9,0.1,near_FINAL_SELECTED,63,60,0.7070148985296387,0.029402054216951256,0.09722009957257687,0.016288911808100028,0.015333257741922962
SN_peak_q0,9,0.1,far_FINAL_SELECTED,37,14,2.2636183407168406,1.9466648607440493,0.28585407090397075,0.12245357994330304,0.12476407289988906
SN_peak_q0,9,0.2,ALL,100,74,1.5880759194831606,0.03994548206896302,0.1902320807191728,0.055569839018125136,0.055822659350370424
SN_peak_q0,9,0.2,near_FINAL_SELECTED,79,74,0.8785140327160941,0.029402054216951256,0.08890772289556675,0.013562375184346843,0.012965218866013565
SN_peak_q0,9,0.2,far_FINAL_SELECTED,21,0,2.618495843785942,2.5580260715918177,0.37760916941973294,0.2135979172499578,0.21704826879152236
SN_peak_qp05,0,0.05,ALL,100,58,1.6608410442827841,0.056211873204585525,0.19110069127724189,0.0545973758040242,0.041741932928488774
SN_peak_qp05,0,0.05,near_FINAL_SELECTED,35,33,0.5794968688584976,0.031632691819827675,0.05335264709911317,0.005436902072066368,0.0031493856614592834
SN_peak_qp05,0,0.05,far_FINAL_SELECTED,65,25,1.9340833297886852,1.7487649860199916,0.2337756895740044,0.08106840012123226,0.06252253530304312
SN_peak_qp05,0,0.1,ALL,100,58,1.6608410442827841,0.056211873204585525,0.19110069127724189,0.0545973758040242,0.041741932928488774
SN_peak_qp05,0,0.1,near_FINAL_SELECTED,52,49,0.6043895337278024,0.03158096607335928,0.05047223034586443,0.0047670829615240416,0.0028474010693456497
SN_peak_qp05,0,0.1,far_FINAL_SELECTED,48,9,2.136613019527445,1.9774996823483608,0.27078128577274235,0.10858019305006605,0.08387767577589383
SN_peak_qp05,0,0.2,ALL,100,58,1.6608410442827841,0.056211873204585525,0.19110069127724189,0.0545973758040242,0.041741932928488774
SN_peak_qp05,0,0.2,near_FINAL_SELECTED,64,57,0.9658484332516318,0.03265455535911348,0.060540230368672183,0.006533906533410185,0.005050547002634829
SN_peak_qp05,0,0.2,far_FINAL_SELECTED,36,1,2.204647412351434,2.041999667540364,0.30810260615517937,0.1400435433962269,0.10697106346334023
SN_peak_qp05,1,0.05,ALL,100,56,1.7672017912649365,0.06565760423026218,0.1672941608670705,0.04035959555590028,0.029471921492493638
SN_peak_qp05,1,0.05,near_FINAL_SELECTED,47,46,0.427960540562553,0.026000014125398044,0.06279868936643355,0.006910913281863753,0.004865313533725316
SN_peak_qp05,1,0.05,far_FINAL_SELECTED,53,10,2.1662092496479035,2.00198991167666,0.22205646412963498,0.07002163455363078,0.05129287572008064
SN_peak_qp05,1,0.1,ALL,100,56,1.7672017912649365,0.06565760423026218,0.1672941608670705,0.04035959555590028,0.029471921492493638
SN_peak_qp05,1,0.1,near_FINAL_SELECTED,58,56,0.5658630612503663,0.025008939937896463,0.06587763485186364,0.00741749889272646,0.0054888679215180395
SN_peak_qp05,1,0.1,far_FINAL_SELECTED,42,0,2.3202111978048268,2.184975968768443,0.24625874822017071,0.08585106237647364,0.0625913764238409
SN_peak_qp05,1,0.2,ALL,100,56,1.7672017912649365,0.06565760423026218,0.1672941608670705,0.04035959555590028,0.029471921492493638
SN_peak_qp05,1,0.2,near_FINAL_SELECTED,60,56,0.7314410036567848,0.025618434702015247,0.06523182882850827,0.007280999726893045,0.005369711696006213
SN_peak_qp05,1,0.2,far_FINAL_SELECTED,40,0,2.3404430227816313,2.184975968768443,0.2521617604080275,0.08997748929941114,0.06562523618722475
SN_peak_qp05,2,0.05,ALL,100,57,1.7401055031726569,0.1192783575059263,0.1491043540638293,0.032311704044497284,0.023536355963371496
SN_peak_qp05,2,0.05,near_FINAL_SELECTED,22,22,0.10292694600007676,0.05305573650985263,0.005298859140147077,9.877742054905087e-05,2.6704753187632593e-07
SN_peak_qp05,2,0.05,far_FINAL_SELECTED,78,35,1.9422945413384294,1.7064195779301126,0.1688039800121332,0.04139740129740577,0.03017474001655703
SN_peak_qp05,2,0.1,ALL,100,57,1.7401055031726569,0.1192783575059263,0.1491043540638293,0.032311704044497284,0.023536355963371496
SN_peak_qp05,2,0.1,near_FINAL_SELECTED,42,41,0.4761945951491029,0.05268415839599219,0.060811555148145166,0.0061600225580132634,0.004719176848849608
SN_peak_qp05,2,0.1,far_FINAL_SELECTED,58,16,2.1334937140893797,1.9447372729776653,0.18882088484075593,0.0512491285691926,0.03716258911526665
SN_peak_qp05,2,0.2,ALL,100,57,1.7401055031726569,0.1192783575059263,0.1491043540638293,0.032311704044497284,0.023536355963371496
SN_peak_qp05,2,0.2,near_FINAL_SELECTED,59,56,0.6260136426760802,0.054427344754738885,0.05896132529942535,0.005827985728613143,0.00439293239792317
SN_peak_qp05,2,0.2,far_FINAL_SELECTED,41,1,2.3527706426316812,2.111252607295339,0.22186026172809228,0.07042242064540373,0.051084209386821525
SN_peak_qp05,3,0.05,ALL,100,56,1.7432433597570556,0.08806122306392263,0.16056322937833248,0.03835118622863971,0.03618058257980208
SN_peak_qp05,3,0.05,near_FINAL_SELECTED,42,39,0.9291702746648339,0.04248074237791166,0.08871553241514037,0.011607310262401648,0.016546141533026266
SN_peak_qp05,3,0.05,far_FINAL_SELECTED,58,17,2.0422495309490567,1.936492533249583,0.1968500367332183,0.05771744123867415,0.050398626096432836
SN_peak_qp05,3,0.1,ALL,100,56,1.7432433597570556,0.08806122306392263,0.16056322937833248,0.03835118622863971,0.03618058257980208
SN_peak_qp05,3,0.1,near_FINAL_SELECTED,59,54,0.9467538853170888,0.039656557769636364,0.0800224357092303,0.009513789247723928,0.013123540946471304
SN_peak_qp05,3,0.1,far_FINAL_SELECTED,41,2,2.2400895301532793,2.1047485176003082,0.23165592862999637,0.07984890383532338,0.06936022785703416
SN_peak_qp05,3,0.2,ALL,100,56,1.7432433597570556,0.08806122306392263,0.16056322937833248,0.03835118622863971,0.03618058257980208
SN_peak_qp05,3,0.2,near_FINAL_SELECTED,66,56,1.1032865450198077,0.04371982485219089,0.0924769328444012,0.013606777815368903,0.014896239948451967
SN_peak_qp05,3,0.2,far_FINAL_SELECTED,34,0,2.304497792083032,2.1951673098200044,0.24336031007611042,0.08638444961910655,0.07749724768771699
SN_peak_qp05,4,0.05,ALL,100,58,1.8003122336427928,0.06845441164601342,0.19619314428532805,0.055857352165328784,0.05401533462255357
SN_peak_qp05,4,0.05,near_FINAL_SELECTED,54,50,0.9352851913550341,0.029790251345753863,0.10003915562329307,0.012939611459897367,0.028322848105966417
SN_peak_qp05,4,0.05,far_FINAL_SELECTED,46,8,2.279298761211499,2.239748317948096,0.2681965544202851,0.1062390477760526,0.08417607966376461
SN_peak_qp05,4,0.1,ALL,100,58,1.8003122336427928,0.06845441164601342,0.19619314428532805,0.055857352165328784,0.05401533462255357
SN_peak_qp05,4,0.1,near_FINAL_SELECTED,63,58,0.9329048867184416,0.02983415836795651,0.10178849742608749,0.01414199168478469,0.026449613559184137
SN_peak_qp05,4,0.1,far_FINAL_SELECTED,37,0,2.439787593229288,2.4333632719238065,0.29392214446869996,0.1268862091997687,0.10095156237910156
SN_peak_qp05,4,0.2,ALL,100,58,1.8003122336427928,0.06845441164601342,0.19619314428532805,0.055857352165328784,0.05401533462255357
SN_peak_qp05,4,0.2,near_FINAL_SELECTED,64,58,0.9692573856006214,0.03008491017564835,0.1011611266935046,0.013986678541782697,0.026071257065182273
SN_peak_qp05,4,0.2,far_FINAL_SELECTED,36,0,2.4533946094283636,2.4360881614889562,0.2978733082204394,0.13029410527385513,0.10369369472454701
SN_peak_qp05,5,0.05,ALL,100,56,1.6699315172463542,0.0862807223382461,0.13144210191928576,0.026418558623442442,0.019085374189558107
SN_peak_qp05,5,0.05,near_FINAL_SELECTED,15,15,0.04113392360505001,0.029888448608540105,0.005243698992294407,9.384854926128493e-05,4.290098190074229e-08
SN_peak_qp05,5,0.05,far_FINAL_SELECTED,85,41,1.78293721069526,1.3331630623845174,0.14255195832971648,0.031064095695356758,0.022453373828718617
SN_peak_qp05,5,0.1,ALL,100,56,1.6699315172463542,0.0862807223382461,0.13144210191928576,0.026418558623442442,0.019085374189558107
SN_peak_qp05,5,0.1,near_FINAL_SELECTED,39,38,0.4106150722292036,0.045773799606435274,0.042020639420280656,0.003350352859232453,0.0020382916457593416
SN_peak_qp05,5,0.1,far_FINAL_SELECTED,61,18,1.9967975609294746,1.9630411695579544,0.1649062815981242,0.04116708362023243,0.029984328602806504
SN_peak_qp05,5,0.2,ALL,100,56,1.6699315172463542,0.0862807223382461,0.13144210191928576,0.026418558623442442,0.019085374189558107
SN_peak_qp05,5,0.2,near_FINAL_SELECTED,58,54,0.7246389289875198,0.04761713494362492,0.06324188981567078,0.007510618026333012,0.004606952904179189
SN_peak_qp05,5,0.2,far_FINAL_SELECTED,42,2,2.1869002496712477,2.0807393869276787,0.18871302799700035,0.05252952420992689,0.039079384536033754
SN_peak_qp05,6,0.05,ALL,100,57,1.6941320239948063,0.06652967094972502,0.1758781593987085,0.04243149767996819,0.028992291547734857
SN_peak_qp05,6,0.05,near_FINAL_SELECTED,28,27,0.6291525524302672,0.02743312570985275,0.007726290419939628,0.00010592158066231426,7.945836651956644e-05
SN_peak_qp05,6,0.05,far_FINAL_SELECTED,72,30,1.9008126953119557,1.8432837988099184,0.2072183905517404,0.05889144394080936,0.04023617111820746
SN_peak_qp05,6,0.1,ALL,100,57,1.6941320239948063,0.06652967094972502,0.1758781593987085,0.04243149767996819,0.028992291547734857
SN_peak_qp05,6,0.1,near_FINAL_SELECTED,51,47,0.7895185575136661,0.031156002650633306,0.037492926023547014,0.002260687899303334,0.0019473211773245625
SN_peak_qp05,6,0.1,far_FINAL_SELECTED,49,10,2.1556826981297172,2.188559657902746,0.24832586395560505,0.08424193234963978,0.05714113825979454
SN_peak_qp05,6,0.2,ALL,100,57,1.6941320239948063,0.06652967094972502,0.1758781593987085,0.04243149767996819,0.028992291547734857
SN_peak_qp05,6,0.2,near_FINAL_SELECTED,62,55,0.8765680280477522,0.03426822419474239,0.04240536636770639,0.0030207748475531574,0.0023454972383192578
SN_peak_qp05,6,0.2,far_FINAL_SELECTED,38,2,2.309412551525989,2.2775312213884646,0.2801232510383612,0.10673320335390853,0.072468640157834
SN_peak_qp05,7,0.05,ALL,100,59,1.81915356987738,0.05504852917692918,0.18134131367685385,0.04782839923862075,0.037278592495484646
SN_peak_qp05,7,0.05,near_FINAL_SELECTED,45,44,0.46385458337362423,0.023078564594952417,0.052236458321257055,0.004724181612156679,0.0034294621649949885
SN_peak_qp05,7,0.05,far_FINAL_SELECTED,55,15,2.215176578517787,1.948116892784656,0.23991203174182715,0.08309548638754588,0.06497333549315802
SN_peak_qp05,7,0.1,ALL,100,59,1.81915356987738,0.05504852917692918,0.18134131367685385,0.04782839923862075,0.037278592495484646
SN_peak_qp05,7,0.1,near_FINAL_SELECTED,58,57,0.4058112320978435,0.023725473547509764,0.0460222690117803,0.0036688990106009127,0.0026607901616110246
SN_peak_qp05,7,0.1,far_FINAL_SELECTED,42,2,2.4163503286320367,2.4022049863865673,0.27453945628456944,0.10881056622017192,0.08508412905178633
SN_peak_qp05,7,0.2,ALL,100,59,1.81915356987738,0.05504852917692918,0.18134131367685385,0.04782839923862075,0.037278592495484646
SN_peak_qp05,7,0.2,near_FINAL_SELECTED,65,59,0.8876857620779941,0.025771059600409495,0.08007675550514863,0.011070456508159356,0.0077346938694141925
SN_peak_qp05,7,0.2,far_FINAL_SELECTED,35,0,2.5140249178316596,2.4910480702932403,0.28643965030848606,0.11609315002376332,0.09214583280104408
SN_peak_qp05,8,0.05,ALL,100,55,1.8192749218290072,0.06125319508288718,0.1797120196006267,0.04608076442326988,0.031713255583487664
SN_peak_qp05,8,0.05,near_FINAL_SELECTED,38,38,0.039975679332712115,0.03454635611308045,0.0029382811676453807,3.0327724117821944e-05,4.1828125078114106e-09
SN_peak_qp05,8,0.05,far_FINAL_SELECTED,62,17,2.1652739168896584,2.082676887860583,0.22822290059378203,0.074305225625976,0.05115040966777243
SN_peak_qp05,8,0.1,ALL,100,55,1.8192749218290072,0.06125319508288718,0.1797120196006267,0.04608076442326988,0.031713255583487664
SN_peak_qp05,8,0.1,near_FINAL_SELECTED,54,52,0.47811794150500164,0.030589408349463252,0.023233531453393356,0.0010538024592517193,0.0005612301657330193
SN_peak_qp05,8,0.1,far_FINAL_SELECTED,46,3,2.405881334296846,2.298504099839235,0.26377246295313217,0.09893850238103037,0.06828302455215617
SN_peak_qp05,8,0.2,ALL,100,55,1.8192749218290072,0.06125319508288718,0.1797120196006267,0.04608076442326988,0.031713255583487664
SN_peak_qp05,8,0.2,near_FINAL_SELECTED,63,55,1.0721452020200206,0.033069876264390084,0.08328878479750901,0.011676975674330844,0.00893458144757322
SN_peak_qp05,8,0.2,far_FINAL_SELECTED,37,0,2.3795827816676836,2.27932507826289,0.27472879174431225,0.10466018850930124,0.07049856559869334
SN_peak_qp05,9,0.05,ALL,100,58,1.7236995752744728,0.0491142554085259,0.17897212290534317,0.0423374103275587,0.031302867923507144
SN_peak_qp05,9,0.05,near_FINAL_SELECTED,26,24,0.8925077355257385,0.02165983857895757,0.07498265953481877,0.008648880690234478,0.010238680001165642
SN_peak_qp05,9,0.05,far_FINAL_SELECTED,74,34,1.9018791159914277,1.6744316298250808,0.20324794130537943,0.05417392074067262,0.03870379881514065
SN_peak_qp05,9,0.1,ALL,100,58,1.7236995752744728,0.0491142554085259,0.17897212290534317,0.0423374103275587,0.031302867923507144
SN_peak_qp05,9,0.1,near_FINAL_SELECTED,41,38,0.8099039419460679,0.024858080055679545,0.060008614241178745,0.005605347623327474,0.006498646297944912
SN_peak_qp05,9,0.1,far_FINAL_SELECTED,59,20,2.0509251819806127,1.9892115139608628,0.22756856640848294,0.06786308102032955,0.04853969990059275
SN_peak_qp05,9,0.2,ALL,100,58,1.7236995752744728,0.0491142554085259,0.17897212290534317,0.0423374103275587,0.031302867923507144
SN_peak_qp05,9,0.2,near_FINAL_SELECTED,66,58,0.9386587978360668,0.02881189701603329,0.05578869746446309,0.005144137095224663,0.0049121299277181465
SN_peak_qp05,9,0.2,far_FINAL_SELECTED,34,0,2.444969011638746,2.2864653012794003,0.2969296351211925,0.11453611719032478,0.08253194756239167
SN_valley_qm05,0,0.05,ALL,100,25,1.8521835056117286,1.498478718352314,0.1862420784244592,0.0431284816054845,0.033940514958495746
SN_valley_qm05,0,0.05,near_FINAL_SELECTED,7,6,0.9484003798888078,0.7459282348493484,0.06738034466044707,0.00871052899860532,0.0022644814035843825
SN_valley_qm05,0,0.05,far_FINAL_SELECTED,93,19,1.8947481307031517,1.5543686676654491,0.19223726384145898,0.045719080188797986,0.03632473253789767
SN_valley_qm05,0,0.1,ALL,100,25,1.8521835056117286,1.498478718352314,0.1862420784244592,0.0431284816054845,0.033940514958495746
SN_valley_qm05,0,0.1,near_FINAL_SELECTED,10,7,1.1871225837558848,0.7606158183482903,0.09895704844665298,0.01697315667157801,0.006295139926266876
SN_valley_qm05,0,0.1,far_FINAL_SELECTED,90,18,1.9096141814561964,1.5491673195018207,0.19352537023500185,0.046034628820362994,0.037012223295410054
SN_valley_qm05,0,0.2,ALL,100,25,1.8521835056117286,1.498478718352314,0.1862420784244592,0.0431284816054845,0.033940514958495746
SN_valley_qm05,0,0.2,near_FINAL_SELECTED,17,10,1.2067240881570604,0.8434535181087581,0.09843420609316265,0.01735250159274263,0.006024873997362319
SN_valley_qm05,0,0.2,far_FINAL_SELECTED,83,15,1.947685035987768,1.5594665782669959,0.19951426551013357,0.04840789919845573,0.03965817636017367
SN_valley_qm05,1,0.05,ALL,100,23,1.849941272335559,1.432740704339274,0.18804492024711686,0.04195338315265702,0.02415494702463033
SN_valley_qm05,1,0.05,near_FINAL_SELECTED,6,5,1.108785496554443,0.6158016773524367,0.12861207370151878,0.026512014596129774,0.01564434864855003
SN_valley_qm05,1,0.05,far_FINAL_SELECTED,94,18,1.8882663451326795,1.459524070481593,0.1912123363014749,0.042939002422222594,0.024698176708209924
SN_valley_qm05,1,0.1,ALL,100,23,1.849941272335559,1.432740704339274,0.18804492024711686,0.04195338315265702,0.02415494702463033
SN_valley_qm05,1,0.1,near_FINAL_SELECTED,11,9,1.1310952562641052,0.5909944729072762,0.11453562267323994,0.021276744637057813,0.010829362542518152
SN_valley_qm05,1,0.1,far_FINAL_SELECTED,89,14,1.9030528752130254,1.4723402062310218,0.1952177322486109,0.044508922744472657,0.02580192937635206
SN_valley_qm05,1,0.2,ALL,100,23,1.849941272335559,1.432740704339274,0.18804492024711686,0.04195338315265702,0.02415494702463033
SN_valley_qm05,1,0.2,near_FINAL_SELECTED,19,15,1.1609441351697818,0.6146847677087696,0.11004987655004145,0.019354115025828983,0.009345078146292022
SN_valley_qm05,1,0.2,far_FINAL_SELECTED,81,8,1.936640037793223,1.512694937771997,0.202026177005423,0.047254446046604344,0.027628866884981295
SN_valley_qm05,2,0.05,ALL,100,24,1.9045322584523365,1.4676948193171995,0.16295486545603352,0.03055533976934264,0.01906016516795884
SN_valley_qm05,2,0.05,near_FINAL_SELECTED,5,4,0.8248334309721705,0.6707128152077688,0.05200898190309527,0.005048330792744883,0.0007085535344584895
SN_valley_qm05,2,0.05,far_FINAL_SELECTED,95,20,1.9303492088665384,1.50060179424426,0.1667618581465456,0.03189781392600567,0.020026039464458863
SN_valley_qm05,2,0.1,ALL,100,24,1.9045322584523365,1.4676948193171995,0.16295486545603352,0.03055533976934264,0.01906016516795884
SN_valley_qm05,2,0.1,near_FINAL_SELECTED,8,5,1.1978205351105482,0.7272572550890601,0.11481712555433518,0.02193528216640158,0.008416287399549449
SN_valley_qm05,2,0.1,far_FINAL_SELECTED,92,19,1.9373473715732883,1.5011181266449865,0.16648426740578348,0.03130490999568534,0.019985719756516182
SN_valley_qm05,2,0.2,ALL,100,24,1.9045322584523365,1.4676948193171995,0.16295486545603352,0.03055533976934264,0.01906016516795884
SN_valley_qm05,2,0.2,near_FINAL_SELECTED,16,9,1.5717272982805843,0.8192505568247858,0.10494086963511237,0.019077424288806964,0.007260522290881843
SN_valley_qm05,2,0.2,far_FINAL_SELECTED,84,15,1.9442127046150637,1.5011181266449865,0.17179817338068737,0.03274160938468276,0.021307716192163987
SN_valley_qm05,3,0.05,ALL,100,22,1.8166834544585335,1.3930720963249985,0.1724447476034,0.03672506055788325,0.03544277412315072
SN_valley_qm05,3,0.05,near_FINAL_SELECTED,2,1,0.9823029669176144,0.9562560145827295,0.05528358120159539,0.005556898009010629,0.000939351988772929
SN_valley_qm05,3,0.05,far_FINAL_SELECTED,98,21,1.8319093262865938,1.4016526143620482,0.17401637704124892,0.03736114550786024,0.036146925595280884
SN_valley_qm05,3,0.1,ALL,100,22,1.8166834544585335,1.3930720963249985,0.1724447476034,0.03672506055788325,0.03544277412315072
SN_valley_qm05,3,0.1,near_FINAL_SELECTED,11,8,1.0943421639021742,0.830503226329019,0.04164057580510928,0.0029829278690508432,0.0008081094126171088
SN_valley_qm05,3,0.1,far_FINAL_SELECTED,89,14,1.882146813089341,1.4706270270944866,0.18220391664757737,0.040895436508188374,0.039723463019958244
SN_valley_qm05,3,0.2,ALL,100,22,1.8166834544585335,1.3930720963249985,0.1724447476034,0.03672506055788325,0.03544277412315072
SN_valley_qm05,3,0.2,near_FINAL_SELECTED,19,9,1.4557804393940932,1.0820088028364399,0.07697812252049063,0.009071949819860531,0.002448604454901676
SN_valley_qm05,3,0.2,far_FINAL_SELECTED,81,13,1.881173893876074,1.4311174154169821,0.1879431258209472,0.04321159270630833,0.043182147255209136
SN_valley_qm05,4,0.05,ALL,100,24,1.9105568394755443,1.5663767085078204,0.2011692707112833,0.04725651831762374,0.035796234605847375
SN_valley_qm05,4,0.05,near_FINAL_SELECTED,1,1,0.20440414700326234,0.20440414700326234,0.005941721145063639,6.642564299679637e-05,1.3531199734399893e-07
SN_valley_qm05,4,0.05,far_FINAL_SELECTED,99,23,1.9144568103784054,1.586030273029717,0.20218184243924878,0.047733185920397755,0.03615781136639132
SN_valley_qm05,4,0.1,ALL,100,24,1.9105568394755443,1.5663767085078204,0.2011692707112833,0.04725651831762374,0.035796234605847375
SN_valley_qm05,4,0.1,near_FINAL_SELECTED,9,8,1.355414663077376,0.39478417405656097,0.09655746107821582,0.014460804067291515,0.012648965432983127
SN_valley_qm05,4,0.1,far_FINAL_SELECTED,91,16,1.9417435496773978,1.6600543156094696,0.208684984170029,0.05050005049622802,0.03808552496360318
SN_valley_qm05,4,0.2,ALL,100,24,1.9105568394755443,1.5663767085078204,0.2011692707112833,0.04725651831762374,0.035796234605847375
SN_valley_qm05,4,0.2,near_FINAL_SELECTED,19,12,1.4655029601326075,0.5356748303087578,0.12509265106165643,0.023938829078942642,0.017142987889523162
SN_valley_qm05,4,0.2,far_FINAL_SELECTED,81,12,1.975938770095673,1.7110752844729418,0.2151540445047792,0.05272609974398102,0.040171687539306146
SN_valley_qm05,5,0.05,ALL,100,26,1.7605516789994928,1.3067316062244216,0.15532909809620973,0.02750105896051743,0.017222156447707134
SN_valley_qm05,5,0.05,near_FINAL_SELECTED,0,0,,,,,
SN_valley_qm05,5,0.05,far_FINAL_SELECTED,100,26,1.7605516789994928,1.3067316062244216,0.15532909809620973,0.02750105896051743,0.017222156447707134
SN_valley_qm05,5,0.1,ALL,100,26,1.7605516789994928,1.3067316062244216,0.15532909809620973,0.02750105896051743,0.017222156447707134
SN_valley_qm05,5,0.1,near_FINAL_SELECTED,1,1,0.3710689543551946,0.3710689543551946,0.014352750033140182,0.00044192254227198836,4.7991337764066834e-06
SN_valley_qm05,5,0.1,far_FINAL_SELECTED,99,25,1.7655666553056666,1.3090748705462054,0.15610495271990457,0.027774383570802745,0.01739606914784785
SN_valley_qm05,5,0.2,ALL,100,26,1.7605516789994928,1.3067316062244216,0.15532909809620973,0.02750105896051743,0.017222156447707134
SN_valley_qm05,5,0.2,near_FINAL_SELECTED,9,5,1.257730484678668,0.8676267509747945,0.1143622628715615,0.020330311323545746,0.007856339315722528
SN_valley_qm05,5,0.2,far_FINAL_SELECTED,91,21,1.7965066489527641,1.3244402289177608,0.15880751798768666,0.02821025378175639,0.018148446054167152
SN_valley_qm05,6,0.05,ALL,100,23,1.7766533479641917,1.4203318321857545,0.18703953847792149,0.044917093958638216,0.026987013250640984
SN_valley_qm05,6,0.05,near_FINAL_SELECTED,3,1,2.0272557801743267,1.006429356240272,0.0805412424332457,0.010489203714715942,0.007272501590378787
SN_valley_qm05,6,0.05,far_FINAL_SELECTED,97,22,1.7704860905828,1.4260990031435616,0.18938092905774973,0.04598187406927498,0.02759674041539136
SN_valley_qm05,6,0.1,ALL,100,23,1.7766533479641917,1.4203318321857545,0.18703953847792149,0.044917093958638216,0.026987013250640984
SN_valley_qm05,6,0.1,near_FINAL_SELECTED,9,5,1.8317214826670687,0.8836848433061373,0.06488621384041776,0.007245082513653427,0.0031595560194040023
SN_valley_qm05,6,0.1,far_FINAL_SELECTED,91,18,1.7726502487713682,1.4562069050716169,0.1950059708492601,0.048642897288361985,0.029343574954829255
SN_valley_qm05,6,0.2,ALL,100,23,1.7766533479641917,1.4203318321857545,0.18703953847792149,0.044917093958638216,0.026987013250640984
SN_valley_qm05,6,0.2,near_FINAL_SELECTED,21,10,1.5741933226790386,1.006429356240272,0.0986345942675099,0.015026187460011557,0.00461782755141658
SN_valley_qm05,6,0.2,far_FINAL_SELECTED,79,13,1.816236690224171,1.4685613876349584,0.20419878774763667,0.05286277796460226,0.032933252487143676
SN_valley_qm05,7,0.05,ALL,100,27,1.8997309564980693,1.4021833932268977,0.1900710401067388,0.04640844258336646,0.041722661549617374
SN_valley_qm05,7,0.05,near_FINAL_SELECTED,9,6,2.4062798708118622,0.4863421844989636,0.131044270657591,0.0264836319537128,0.02250460852609084
SN_valley_qm05,7,0.05,far_FINAL_SELECTED,91,21,1.862248360984549,1.4491647154758036,0.1949400195404192,0.04837902825003551,0.04362334811238374
SN_valley_qm05,7,0.1,ALL,100,27,1.8997309564980693,1.4021833932268977,0.1900710401067388,0.04640844258336646,0.041722661549617374
SN_valley_qm05,7,0.1,near_FINAL_SELECTED,12,9,2.1652364507155637,0.47366622891262616,0.11359538542318454,0.019918418215260716,0.01687990870182252
SN_valley_qm05,7,0.1,far_FINAL_SELECTED,88,18,1.8762374474553327,1.4604159207690708,0.19822660040894338,0.050020718633562715,0.04511030966522577
SN_valley_qm05,7,0.2,ALL,100,27,1.8997309564980693,1.4021833932268977,0.1900710401067388,0.04640844258336646,0.041722661549617374
SN_valley_qm05,7,0.2,near_FINAL_SELECTED,17,13,1.8840745772872536,0.4609902733262887,0.09761761006003172,0.015104685245811855,0.012017137681234831
SN_valley_qm05,7,0.2,far_FINAL_SELECTED,83,14,1.9015462088568587,1.488168697215379,0.20389885474576291,0.052820055532022236,0.04780692547446681
SN_valley_qm05,8,0.05,ALL,100,22,1.9066844131267862,1.5674254269079098,0.18608164274143607,0.040704358293921855,0.03349002228126324
SN_valley_qm05,8,0.05,near_FINAL_SELECTED,2,2,0.673392483583359,0.46720765805748943,0.027209925895800992,0.001393513735977387,0.00010198524934559724
SN_valley_qm05,8,0.05,far_FINAL_SELECTED,98,20,1.9190075615214157,1.5961741108618117,0.1879306487478346,0.041506620427757476,0.034171410792118696
SN_valley_qm05,8,0.1,ALL,100,22,1.9066844131267862,1.5674254269079098,0.18608164274143607,0.040704358293921855,0.03349002228126324
SN_valley_qm05,8,0.1,near_FINAL_SELECTED,3,3,0.6334741732174054,0.5609404699594033,0.0226729658306437,0.0009617154128387945,6.903512951375868e-05
SN_valley_qm05,8,0.1,far_FINAL_SELECTED,97,19,1.9268907078579953,1.5963757578815452,0.1888952032157031,0.041933512197460526,0.034523661059152395
SN_valley_qm05,8,0.2,ALL,100,22,1.9066844131267862,1.5674254269079098,0.18608164274143607,0.040704358293921855,0.03349002228126324
SN_valley_qm05,8,0.2,near_FINAL_SELECTED,9,6,1.3834678700911442,0.6891511758349199,0.05414607700898072,0.004604862055923592,0.00315256594285797
SN_valley_qm05,8,0.2,far_FINAL_SELECTED,91,16,1.9466300981203557,1.6037501878985654,0.19432191478942457,0.044274638141635986,0.03649043005099563
SN_valley_qm05,9,0.05,ALL,100,28,1.830808520637827,1.4051490668044182,0.1774555220218389,0.04123538799119714,0.03728745352290087
SN_valley_qm05,9,0.05,near_FINAL_SELECTED,6,1,1.851128613428105,1.7751287889645369,0.2299342993802721,0.08800322826222069,0.041671137272540966
SN_valley_qm05,9,0.05,far_FINAL_SELECTED,94,27,1.8295151040825444,1.3982588224399097,0.17356792579886643,0.03825020669730201,0.03700764392186
SN_valley_qm05,9,0.1,ALL,100,28,1.830808520637827,1.4051490668044182,0.1774555220218389,0.04123538799119714,0.03728745352290087
SN_valley_qm05,9,0.1,near_FINAL_SELECTED,9,3,1.7508671638817423,1.548840629874108,0.1903963845678903,0.06064303545208237,0.028222820822189878
SN_valley_qm05,9,0.1,far_FINAL_SELECTED,91,25,1.837127363914922,1.4017136835445048,0.17612399416868188,0.039315950330230456,0.03818395565813601
SN_valley_qm05,9,0.2,ALL,100,28,1.830808520637827,1.4051490668044182,0.1774555220218389,0.04123538799119714,0.03728745352290087
SN_valley_qm05,9,0.2,near_FINAL_SELECTED,19,10,1.4394448939608107,0.9229832811030924,0.15017748039015075,0.03871323598510479,0.01743570715756956
SN_valley_qm05,9,0.2,far_FINAL_SELECTED,81,18,1.8998835424729714,1.4144470021896707,0.18326712585306806,0.04182700389386076,0.04194403600365757
SN_valley_q0,0,0.05,ALL,100,33,1.7368395074048193,1.3022256935875531,0.19472771692136437,0.04462855983624864,0.03238276250367226
SN_valley_q0,0,0.05,near_FINAL_SELECTED,9,3,1.4859131437551003,1.1590170498704297,0.12237813554246843,0.004137918739250854,0.0007662973281972899
SN_valley_q0,0,0.05,far_FINAL_SELECTED,91,30,1.7588726503304477,1.334357141084045,0.20046924899726629,0.04863312873595172,0.03550966565289506
SN_valley_q0,0,0.1,ALL,100,33,1.7368395074048193,1.3022256935875531,0.19472771692136437,0.04462855983624864,0.03238276250367226
SN_valley_q0,0,0.1,near_FINAL_SELECTED,15,5,1.4010574635898672,1.1590170498704297,0.1352732866249104,0.006419522257931877,0.001086083514599817
SN_valley_q0,0,0.1,far_FINAL_SELECTED,85,28,1.7858667879799415,1.334357141084045,0.20342379531776464,0.05137133117359866,0.03790570585468505
SN_valley_q0,0,0.2,ALL,100,33,1.7368395074048193,1.3022256935875531,0.19472771692136437,0.04462855983624864,0.03238276250367226
SN_valley_q0,0,0.2,near_FINAL_SELECTED,33,11,1.2937928079509566,1.1258588694369664,0.1294623156668952,0.008361128907326184,0.0017440723054485741
SN_valley_q0,0,0.2,far_FINAL_SELECTED,67,22,1.9097333945504769,1.4192997267746659,0.21986400697989655,0.06249162283109103,0.04747346066100632
SN_valley_q0,1,0.05,ALL,100,32,1.8015849910171342,1.2740652452713865,0.20333002063601419,0.04356753144125884,0.02645029855623808
SN_valley_q0,1,0.05,near_FINAL_SELECTED,11,4,1.7523588338406297,1.3422689764049442,0.14647375531003023,0.012101607487401122,0.005881580418585375
SN_valley_q0,1,0.05,far_FINAL_SELECTED,89,28,1.8073324275695106,1.267523301762844,0.20928743629634886,0.047456578222072714,0.028992499674374925
SN_valley_q0,1,0.1,ALL,100,32,1.8015849910171342,1.2740652452713865,0.20333002063601419,0.04356753144125884,0.02645029855623808
SN_valley_q0,1,0.1,near_FINAL_SELECTED,23,8,1.7329844381672022,1.2240070471724112,0.20226176575956534,0.03182304101255975,0.01855495767355656
SN_valley_q0,1,0.1,far_FINAL_SELECTED,77,24,1.817845562476916,1.2873408953452694,0.20364802286693562,0.04707562598489624,0.028808647131584503
SN_valley_q0,1,0.2,ALL,100,32,1.8015849910171342,1.2740652452713865,0.20333002063601419,0.04356753144125884,0.02645029855623808
SN_valley_q0,1,0.2,near_FINAL_SELECTED,37,12,1.6981643966480422,1.2806071887799289,0.2091611274226429,0.03570327160359818,0.017993862173385618
SN_valley_q0,1,0.2,far_FINAL_SELECTED,63,20,1.8518765065330358,1.2391827442773298,0.19982610582544832,0.04818622372686907,0.03141677706680221
SN_valley_q0,2,0.05,ALL,100,32,1.8255969318898897,1.3781936145757585,0.1730136820937848,0.032235054453025665,0.01905465432135537
SN_valley_q0,2,0.05,near_FINAL_SELECTED,14,4,1.7165809223394568,1.5559222118657925,0.20333912236881987,0.03531065774571297,0.012118374929126222
SN_valley_q0,2,0.05,far_FINAL_SELECTED,86,28,1.842982711283924,1.37094210750947,0.16755832853086114,0.03173437484723936,0.020183816082881046
SN_valley_q0,2,0.1,ALL,100,32,1.8255969318898897,1.3781936145757585,0.1730136820937848,0.032235054453025665,0.01905465432135537
SN_valley_q0,2,0.1,near_FINAL_SELECTED,21,7,1.6357381386263503,1.5160384766713806,0.2026437542633081,0.033643515212388994,0.010491124143152928
SN_valley_q0,2,0.1,far_FINAL_SELECTED,79,25,1.8721912416324167,1.3746523794281569,0.1642404498961247,0.03186065349167592,0.021331035761130705
SN_valley_q0,2,0.2,ALL,100,32,1.8255969318898897,1.3781936145757585,0.1730136820937848,0.032235054453025665,0.01905465432135537
SN_valley_q0,2,0.2,near_FINAL_SELECTED,37,16,1.486931524196448,1.064232959445571,0.1628333234302257,0.020001119904619814,0.006064018149177101
SN_valley_q0,2,0.2,far_FINAL_SELECTED,63,16,1.9786712329895184,1.388702270602603,0.17872253231292126,0.03942006363224815,0.02668407556533308
SN_valley_q0,3,0.05,ALL,100,35,1.8524921650658484,1.3600407133217196,0.18417732005831297,0.035803102643997956,0.03179723236953979
SN_valley_q0,3,0.05,near_FINAL_SELECTED,13,6,1.6812581527760853,1.0019348653326086,0.12099397019639431,0.010236100330816594,0.01597519548335134
SN_valley_q0,3,0.05,far_FINAL_SELECTED,87,29,1.8755762351920295,1.4393402611409714,0.191839686774035,0.03962345931148481,0.03416144477782082
SN_valley_q0,3,0.1,ALL,100,35,1.8524921650658484,1.3600407133217196,0.18417732005831297,0.035803102643997956,0.03179723236953979
SN_valley_q0,3,0.1,near_FINAL_SELECTED,21,8,1.8073393274318084,1.0056567226321476,0.1707119287921762,0.028705771528388237,0.04427771486883613
SN_valley_q0,3,0.1,far_FINAL_SELECTED,79,27,1.8648008777159149,1.4670239548345265,0.18759418586694193,0.03768973496586889,0.02847963575580279
SN_valley_q0,3,0.2,ALL,100,35,1.8524921650658484,1.3600407133217196,0.18417732005831297,0.035803102643997956,0.03179723236953979
SN_valley_q0,3,0.2,near_FINAL_SELECTED,43,17,1.6268730353505854,1.251245146518371,0.17650107653675012,0.024743788447303815,0.023984928512143136
SN_valley_q0,3,0.2,far_FINAL_SELECTED,57,18,2.0058467367895454,1.4876299546002254,0.18976279891582937,0.04414609405553916,0.0376907247531899
SN_valley_q0,4,0.05,ALL,100,26,1.8633356874641762,1.4388852569995296,0.21577679213160197,0.05865662592641227,0.058728268391323925
SN_valley_q0,4,0.05,near_FINAL_SELECTED,11,5,1.5033721924452954,1.3013267667543391,0.1582689948022705,0.019689723624739145,0.006742606011251765
SN_valley_q0,4,0.05,far_FINAL_SELECTED,89,21,1.896079749578203,1.4883605325142586,0.22185182271126208,0.06347275991875387,0.06515346261807442
SN_valley_q0,4,0.1,ALL,100,26,1.8633356874641762,1.4388852569995296,0.21577679213160197,0.05865662592641227,0.058728268391323925
SN_valley_q0,4,0.1,near_FINAL_SELECTED,19,8,1.4867689620383502,1.3013267667543391,0.1360222828847878,0.013368692494939455,0.004275752639473845
SN_valley_q0,4,0.1,far_FINAL_SELECTED,81,18,1.9305058112236395,1.5027406078048873,0.23052337753704005,0.06927972142268364,0.07150108072817765
SN_valley_q0,4,0.2,ALL,100,26,1.8633356874641762,1.4388852569995296,0.21577679213160197,0.05865662592641227,0.058728268391323925
SN_valley_q0,4,0.2,near_FINAL_SELECTED,38,15,1.5667421723257697,1.2510233936068151,0.14536751307550655,0.017603270230211996,0.007719011572294356
SN_valley_q0,4,0.2,far_FINAL_SELECTED,62,11,1.996151402629523,1.5556815121309577,0.24928793028976745,0.08381836006279304,0.0899920064416969
SN_valley_q0,5,0.05,ALL,100,33,1.8335696422374699,1.259830009996277,0.15783255857571438,0.02969403218608646,0.0204248375323516
SN_valley_q0,5,0.05,near_FINAL_SELECTED,9,6,1.3524490221343204,0.9123187308942159,0.05736762478563876,0.000699432634853395,0.00018164490766444644
SN_valley_q0,5,0.05,far_FINAL_SELECTED,91,27,1.8812123329140378,1.374081869886806,0.16446691291195356,0.03256162994390072,0.022426911528199787
SN_valley_q0,5,0.1,ALL,100,33,1.8335696422374699,1.259830009996277,0.15783255857571438,0.02969403218608646,0.0204248375323516
SN_valley_q0,5,0.1,near_FINAL_SELECTED,20,12,1.2424193314289598,0.9156303479637882,0.08260706032565204,0.0012397667103462514,0.00015177775232169671
SN_valley_q0,5,0.1,far_FINAL_SELECTED,80,21,1.9523496997604972,1.423685451400587,0.17156023455126165,0.03680759855502151,0.02549310247735908
SN_valley_q0,5,0.2,ALL,100,33,1.8335696422374699,1.259830009996277,0.15783255857571438,0.02969403218608646,0.0204248375323516
SN_valley_q0,5,0.2,near_FINAL_SELECTED,36,20,1.4317032074751845,0.9768113407889912,0.11743870957075415,0.01263301861053378,0.01111885600025393
SN_valley_q0,5,0.2,far_FINAL_SELECTED,64,13,2.01516995678075,1.5159198835990555,0.17653810833519634,0.03929085232233484,0.025659452144156547
SN_valley_q0,6,0.05,ALL,100,28,1.7822809051155641,1.3064519092956437,0.19140458814630215,0.03772256481610578,0.021629818324798215
SN_valley_q0,6,0.05,near_FINAL_SELECTED,9,3,1.5638508396956787,1.1346860811740516,0.1476645608217657,0.020909623610187483,0.012859105165545916
SN_valley_q0,6,0.05,far_FINAL_SELECTED,91,25,1.8036942240340148,1.3311035227241115,0.19519863744912078,0.03938538317713065,0.022497251494394598
SN_valley_q0,6,0.1,ALL,100,28,1.7822809051155641,1.3064519092956437,0.19140458814630215,0.03772256481610578,0.021629818324798215
SN_valley_q0,6,0.1,near_FINAL_SELECTED,16,5,1.572949957860653,1.2842416490312043,0.18221159567026143,0.030436525700077932,0.014312627756036768
SN_valley_q0,6,0.1,far_FINAL_SELECTED,84,23,1.8227887128155467,1.3089257446420897,0.19310602154547832,0.03911038179058727,0.023023568909324207
SN_valley_q0,6,0.2,ALL,100,28,1.7822809051155641,1.3064519092956437,0.19140458814630215,0.03772256481610578,0.021629818324798215
SN_valley_q0,6,0.2,near_FINAL_SELECTED,35,11,1.4591313284140717,1.233994556820391,0.16259067231051047,0.0180829330045975,0.0072162959328620074
SN_valley_q0,6,0.2,far_FINAL_SELECTED,65,17,1.9405330258245206,1.3571229268735816,0.20525111078354435,0.04829775117614869,0.029390945766610024
SN_valley_q0,7,0.05,ALL,100,29,1.8078115113711852,1.330354160520913,0.19950522407787374,0.046894922412484726,0.035292525874923104
SN_valley_q0,7,0.05,near_FINAL_SELECTED,6,2,1.271415591722925,1.2442009507657907,0.1608171382370755,0.013429193407340662,0.0026187915809503365
SN_valley_q0,7,0.05,far_FINAL_SELECTED,94,27,1.8350783604908152,1.3501118445470157,0.20172291222440383,0.0490310327745152,0.03737808338304903
SN_valley_q0,7,0.1,ALL,100,29,1.8078115113711852,1.330354160520913,0.19950522407787374,0.046894922412484726,0.035292525874923104
SN_valley_q0,7,0.1,near_FINAL_SELECTED,14,6,1.1541879210833177,1.0394593318472158,0.1369150452643388,0.006732351531536868,0.0011865874733626677
SN_valley_q0,7,0.1,far_FINAL_SELECTED,86,23,1.8837581739223475,1.380457106138783,0.20791862307833373,0.053433015346592526,0.04084465538215387
SN_valley_q0,7,0.2,ALL,100,29,1.8078115113711852,1.330354160520913,0.19950522407787374,0.046894922412484726,0.035292525874923104
SN_valley_q0,7,0.2,near_FINAL_SELECTED,33,11,1.4698781860660104,1.2693146353712694,0.12938648591714327,0.00828454957800378,0.002860097021099461
SN_valley_q0,7,0.2,far_FINAL_SELECTED,67,18,1.968200282122127,1.4085366047610344,0.226187908048823,0.06591197171902013,0.05126670725068699
SN_valley_q0,8,0.05,ALL,100,25,1.9034224174249057,1.410393654179003,0.19799607798598176,0.04535350155385176,0.027442710526854826
SN_valley_q0,8,0.05,near_FINAL_SELECTED,7,2,1.5624894857969815,1.3578387854913405,0.18015986022033298,0.032451283677143845,0.012672278138837567
SN_valley_q0,8,0.05,far_FINAL_SELECTED,93,23,1.928552943058333,1.4266165367607204,0.19927399582011807,0.046324636232743764,0.028554463502296987
SN_valley_q0,8,0.1,ALL,100,25,1.9034224174249057,1.410393654179003,0.19799607798598176,0.04535350155385176,0.027442710526854826
SN_valley_q0,8,0.1,near_FINAL_SELECTED,12,3,1.598681516641859,1.4121108991718845,0.16452360623944434,0.025615616607519015,0.009365200303629487
SN_valley_q0,8,0.1,far_FINAL_SELECTED,88,22,1.947926778028168,1.410393654179003,0.20213149651286624,0.04804503131926079,0.029907825557294654
SN_valley_q0,8,0.2,ALL,100,25,1.9034224174249057,1.410393654179003,0.19799607798598176,0.04535350155385176,0.027442710526854826
SN_valley_q0,8,0.2,near_FINAL_SELECTED,30,11,1.652544300268048,1.1480140096351543,0.12487882000585847,0.012885673316839985,0.008180492267339638
SN_valley_q0,8,0.2,far_FINAL_SELECTED,70,14,2.00294608700865,1.527298214576068,0.2220811659603446,0.0592682850839997,0.03569794692378991
SN_valley_q0,9,0.05,ALL,100,29,1.8214492996701512,1.3447090977561458,0.18574352740662572,0.03859858081941437,0.031689415924014655
SN_valley_q0,9,0.05,near_FINAL_SELECTED,5,2,1.3313501319042267,1.1379338709488345,0.16711759401516216,0.013734251873640713,0.0026208540443913254
SN_valley_q0,9,0.05,far_FINAL_SELECTED,95,27,1.8431084551123955,1.3727097857151405,0.18667236556396738,0.0399072297112972,0.033219340233468515
SN_valley_q0,9,0.1,ALL,100,29,1.8214492996701512,1.3447090977561458,0.18574352740662572,0.03859858081941437,0.031689415924014655
SN_valley_q0,9,0.1,near_FINAL_SELECTED,11,3,1.3263972560376018,1.0997148160906935,0.13958372258762652,0.00802555456928356,0.001393768085176446
SN_valley_q0,9,0.1,far_FINAL_SELECTED,89,26,1.871835277307645,1.3746792160480223,0.1906743215985792,0.04237726945707099,0.03543382183668004
SN_valley_q0,9,0.2,ALL,100,29,1.8214492996701512,1.3447090977561458,0.18574352740662572,0.03859858081941437,0.031689415924014655
SN_valley_q0,9,0.2,near_FINAL_SELECTED,29,11,1.344548196122683,1.0997148160906935,0.15743314073110415,0.01899139506981372,0.006596961123389145
SN_valley_q0,9,0.2,far_FINAL_SELECTED,71,18,1.9840397828927145,1.433866491854976,0.19613502022023613,0.04660714964671605,0.041938446758072956
SN_valley_qp05,0,0.05,ALL,100,23,1.7872334292014906,1.4570289026253063,0.19337739717235503,0.04807156477669006,0.03487073864100849
SN_valley_qp05,0,0.05,near_FINAL_SELECTED,6,3,1.00582116211638,0.8399085901781744,0.07423772293346687,0.010451983642043671,0.0025363969683617296
SN_valley_qp05,0,0.05,far_FINAL_SELECTED,94,20,1.8173398230596012,1.4717443095535678,0.1985697352364836,0.050472814636348326,0.03693463279032636
SN_valley_qp05,0,0.1,ALL,100,23,1.7872334292014906,1.4570289026253063,0.19337739717235503,0.04807156477669006,0.03487073864100849
SN_valley_qp05,0,0.1,near_FINAL_SELECTED,13,7,1.3855067843278228,0.7919588943820578,0.26035522258036803,0.10467813499959427,0.09984205394944654
SN_valley_qp05,0,0.1,far_FINAL_SELECTED,87,16,1.8304298205021767,1.4845341690477527,0.18125611614546794,0.039613111754876765,0.025162381181126937
SN_valley_qp05,0,0.2,ALL,100,23,1.7872334292014906,1.4570289026253063,0.19337739717235503,0.04807156477669006,0.03487073864100849
SN_valley_qp05,0,0.2,near_FINAL_SELECTED,22,11,1.3467028448225282,0.9241410718211016,0.22690534730816195,0.07931808259991825,0.06601426836900698
SN_valley_qp05,0,0.2,far_FINAL_SELECTED,78,12,1.8854251520429575,1.5230632146181518,0.18281239394739493,0.03925844436501029,0.02608666615362429
SN_valley_qp05,1,0.05,ALL,100,31,1.8243852805098537,1.3479515935430129,0.18287224636758412,0.042353725301942674,0.027656458966039937
SN_valley_qp05,1,0.05,near_FINAL_SELECTED,2,1,2.0383159795582535,1.3234563858229607,0.00850595119283289,0.0001322439013441422,2.459665686798062e-05
SN_valley_qp05,1,0.05,far_FINAL_SELECTED,98,30,1.8209617194110082,1.3479515935430129,0.18472486840586394,0.04321538818766916,0.02822037452336998
SN_valley_qp05,1,0.1,ALL,100,31,1.8243852805098537,1.3479515935430129,0.18287224636758412,0.042353725301942674,0.027656458966039937
SN_valley_qp05,1,0.1,near_FINAL_SELECTED,9,6,1.3745240264056997,0.4418578734048733,0.18818259298147189,0.06092674432605838,0.02279084779031844
SN_valley_qp05,1,0.1,far_FINAL_SELECTED,91,25,1.8565224721007556,1.414313963439471,0.18233864323845117,0.04051683331054661,0.02813767325814427
SN_valley_qp05,1,0.2,ALL,100,31,1.8243852805098537,1.3479515935430129,0.18287224636758412,0.042353725301942674,0.027656458966039937
SN_valley_qp05,1,0.2,near_FINAL_SELECTED,16,10,1.3981512240850227,0.6627520710437611,0.14813948883061634,0.03790970332230201,0.014741274706047074
SN_valley_qp05,1,0.2,far_FINAL_SELECTED,84,21,1.872160352562895,1.4776480745558345,0.18876481079503263,0.04320020567901709,0.03011649406318144
SN_valley_qp05,2,0.05,ALL,100,25,1.9067410636011801,1.3491269394446843,0.1634838743737103,0.03269163965947463,0.02616301306505452
SN_valley_qp05,2,0.05,near_FINAL_SELECTED,3,2,2.10436846006272,0.7195295156689289,0.04527992865827531,0.0031714038487563375,0.0028560700143655214
SN_valley_qp05,2,0.05,far_FINAL_SELECTED,97,23,1.9009763692549106,1.3492689269195144,0.16580161111866956,0.033604636643311286,0.026883846355282015
SN_valley_qp05,2,0.1,ALL,100,25,1.9067410636011801,1.3491269394446843,0.1634838743737103,0.03269163965947463,0.02616301306505452
SN_valley_qp05,2,0.1,near_FINAL_SELECTED,10,5,2.1128122367141575,0.984527388173027,0.11960538055039245,0.022550958664986902,0.018261218768930144
SN_valley_qp05,2,0.1,far_FINAL_SELECTED,90,20,1.8855786132744163,1.3579683381063317,0.16765186307934754,0.033818381992195494,0.02704099020906834
SN_valley_qp05,2,0.2,ALL,100,25,1.9067410636011801,1.3491269394446843,0.1634838743737103,0.03269163965947463,0.02616301306505452
SN_valley_qp05,2,0.2,near_FINAL_SELECTED,17,9,1.8452513963978265,0.8570931081634621,0.0961685434926965,0.014490238363000335,0.010830913947426683
SN_valley_qp05,2,0.2,far_FINAL_SELECTED,83,16,1.915644480270514,1.3854832511566018,0.1740888538243014,0.036419637515379015,0.029303322522881904
SN_valley_qp05,3,0.05,ALL,100,26,1.7897568534007493,1.437304320777708,0.1776110898500462,0.04021844994480378,0.03851251497151722
SN_valley_qp05,3,0.05,near_FINAL_SELECTED,4,3,1.3476301123492254,0.5176340092241591,0.1504563361293844,0.036417122243408324,0.020364186305082237
SN_valley_qp05,3,0.05,far_FINAL_SELECTED,96,23,1.8033680180549714,1.448648665529875,0.1786529890436522,0.04037683859902859,0.03926869533261868
SN_valley_qp05,3,0.1,ALL,100,26,1.7897568534007493,1.437304320777708,0.1776110898500462,0.04021844994480378,0.03851251497151722
SN_valley_qp05,3,0.1,near_FINAL_SELECTED,11,10,1.008869952511858,0.43901868551426126,0.09189684966988179,0.0135844001093052,0.007408596545906213
SN_valley_qp05,3,0.1,far_FINAL_SELECTED,89,16,1.8327145802314428,1.47749377114916,0.185474629023056,0.04351029880087664,0.04235681949603094
SN_valley_qp05,3,0.2,ALL,100,26,1.7897568534007493,1.437304320777708,0.1776110898500462,0.04021844994480378,0.03851251497151722
SN_valley_qp05,3,0.2,near_FINAL_SELECTED,21,16,1.0866598574689101,0.6157067969866777,0.0784357359466953,0.009819978337686927,0.004822775831234496
SN_valley_qp05,3,0.2,far_FINAL_SELECTED,79,10,1.875700642273079,1.5408189506775951,0.19569332975795253,0.048299056321379145,0.047468015249313905
SN_valley_qp05,4,0.05,ALL,100,19,1.9328625342580945,1.565522977687431,0.20965182843538133,0.054401448321324555,0.04343020233704057
SN_valley_qp05,4,0.05,near_FINAL_SELECTED,8,6,1.0094901410758856,0.47429050304722464,0.02830363897076522,0.0014961585820290019,0.00014672665787972522
SN_valley_qp05,4,0.05,far_FINAL_SELECTED,92,13,1.97505894992995,1.5890316204266592,0.21841773271690923,0.0590019082986546,0.04719398283088063
SN_valley_qp05,4,0.1,ALL,100,19,1.9328625342580945,1.565522977687431,0.20965182843538133,0.054401448321324555,0.04343020233704057
SN_valley_qp05,4,0.1,near_FINAL_SELECTED,12,8,1.3461610217039566,0.537281746865077,0.09000901500426248,0.012697131538517814,0.009554650095634493
SN_valley_qp05,4,0.1,far_FINAL_SELECTED,88,11,1.98947934560548,1.6185861907466754,0.2210041505997889,0.06008840060988911,0.048049595824505034
SN_valley_qp05,4,0.2,ALL,100,19,1.9328625342580945,1.565522977687431,0.20965182843538133,0.054401448321324555,0.04343020233704057
SN_valley_qp05,4,0.2,near_FINAL_SELECTED,18,12,1.304131662017412,0.537281746865077,0.11397732366392019,0.01991577809288709,0.009687145761116258
SN_valley_qp05,4,0.2,far_FINAL_SELECTED,82,7,2.0188823421336908,1.6998628838720278,0.22527906734453787,0.06197147349342058,0.05083721475614591
SN_valley_qp05,5,0.05,ALL,100,28,1.8074973362111666,1.4237320169352283,0.1522751563878358,0.02857502794583082,0.018731066297339262
SN_valley_qp05,5,0.05,near_FINAL_SELECTED,7,4,1.2828795481932258,0.9915109088299352,0.08731128956518892,0.014002246799237826,0.004124741326457627
SN_valley_qp05,5,0.05,far_FINAL_SELECTED,93,24,1.8289864484450276,1.4468556961197885,0.15607447547772718,0.02967190394611201,0.01983046710159917
SN_valley_qp05,5,0.1,ALL,100,28,1.8074973362111666,1.4237320169352283,0.1522751563878358,0.02857502794583082,0.018731066297339262
SN_valley_qp05,5,0.1,near_FINAL_SELECTED,15,8,1.272499404351069,0.9915109088299352,0.0798245232904791,0.011410895667536078,0.003429480488151596
SN_valley_qp05,5,0.1,far_FINAL_SELECTED,85,20,1.8717955108117135,1.5098780527421531,0.16172573033727783,0.03160399246552989,0.02143134614601944
SN_valley_qp05,5,0.2,ALL,100,28,1.8074973362111666,1.4237320169352283,0.1522751563878358,0.02857502794583082,0.018731066297339262
SN_valley_qp05,5,0.2,near_FINAL_SELECTED,24,13,1.3862765778969148,0.9507714914165744,0.0856894338384084,0.012781899721951378,0.005220141582599604
SN_valley_qp05,5,0.2,far_FINAL_SELECTED,76,15,1.9043028481222068,1.5197516699220235,0.16790301193095072,0.03356233159547696,0.02299767410199389
SN_valley_qp05,6,0.05,ALL,100,27,1.7871241395247268,1.5141564285321434,0.18349937045481168,0.039729313620238606,0.02557241634767558
SN_valley_qp05,6,0.05,near_FINAL_SELECTED,7,2,1.8971085901678741,2.047888960795022,0.12370810798762161,0.026397507426072876,0.012261017885104492
SN_valley_qp05,6,0.05,far_FINAL_SELECTED,93,25,1.7797893125775524,1.495553201335744,0.1872286861079247,0.04073278290367043,0.026574349565288456
SN_valley_qp05,6,0.1,ALL,100,27,1.7871241395247268,1.5141564285321434,0.18349937045481168,0.039729313620238606,0.02557241634767558
SN_valley_qp05,6,0.1,near_FINAL_SELECTED,9,3,1.7540890092096355,1.7082139150927005,0.12438975495319872,0.027315822556968093,0.012037922029158588
SN_valley_qp05,6,0.1,far_FINAL_SELECTED,91,24,1.7900598582054055,1.495553201335744,0.18833996020451746,0.04095702152759503,0.026910992708847586
SN_valley_qp05,6,0.2,ALL,100,27,1.7871241395247268,1.5141564285321434,0.18349937045481168,0.039729313620238606,0.02557241634767558
SN_valley_qp05,6,0.2,near_FINAL_SELECTED,15,8,1.5598529882562173,0.9905826108644434,0.09718299158392485,0.016649283072146952,0.007233256664668146
SN_valley_qp05,6,0.2,far_FINAL_SELECTED,85,19,1.8130548701250087,1.5402552134020762,0.19480107162204346,0.0438022601875489,0.028808738644676896
SN_valley_qp05,7,0.05,ALL,100,29,1.939591366023557,1.4261414633707123,0.19122320354951683,0.04921957353447354,0.03888082423515535
SN_valley_qp05,7,0.05,near_FINAL_SELECTED,6,4,1.4260758865035605,0.6482109449684549,0.21766371529136286,0.07930929186152703,0.03887926141235099
SN_valley_qp05,7,0.05,far_FINAL_SELECTED,94,25,1.9656439131168295,1.4659699064159795,0.18941023809775567,0.04729895321572545,0.038880923989802425
SN_valley_qp05,7,0.1,ALL,100,29,1.939591366023557,1.4261414633707123,0.19122320354951683,0.04921957353447354,0.03888082423515535
SN_valley_qp05,7,0.1,near_FINAL_SELECTED,10,6,1.3112638274053015,0.6482109449684549,0.17302372205870897,0.050233697691098346,0.023912948525615377
SN_valley_qp05,7,0.1,far_FINAL_SELECTED,90,23,1.9886061483069024,1.51772919075778,0.1931395371694747,0.049106893072626355,0.04054392153621534
SN_valley_qp05,7,0.2,ALL,100,29,1.939591366023557,1.4261414633707123,0.19122320354951683,0.04921957353447354,0.03888082423515535
SN_valley_qp05,7,0.2,near_FINAL_SELECTED,18,11,1.491060505942701,0.7426953263507619,0.1731945551005163,0.047415535968937224,0.025823471878914664
SN_valley_qp05,7,0.2,far_FINAL_SELECTED,82,18,2.0020183205184665,1.5792949158327065,0.1949576873129395,0.04961558178056689,0.041747072313354526
SN_valley_qp05,8,0.05,ALL,100,21,1.8686742457235643,1.440966387881302,0.19344508712117994,0.051610008883492195,0.03895516550921194
SN_valley_qp05,8,0.05,near_FINAL_SELECTED,6,5,1.650258641861551,0.5224669108515794,0.021214937780440906,0.0007971000630489874,0.0001637752655657315
SN_valley_qp05,8,0.05,far_FINAL_SELECTED,94,16,1.8754901944991405,1.4552318043153045,0.19945136802926133,0.054853386042243886,0.04143121169497661
SN_valley_qp05,8,0.1,ALL,100,21,1.8686742457235643,1.440966387881302,0.19344508712117994,0.051610008883492195,0.03895516550921194
SN_valley_qp05,8,0.1,near_FINAL_SELECTED,11,7,1.8600764261562892,0.8658411062430876,0.17028695103677943,0.047639968220966125,0.028725918187159895
SN_valley_qp05,8,0.1,far_FINAL_SELECTED,89,14,1.8693807128411604,1.451153092319931,0.1961175430190468,0.05210068806650102,0.04021945450407231
SN_valley_qp05,8,0.2,ALL,100,21,1.8686742457235643,1.440966387881302,0.19344508712117994,0.051610008883492195,0.03895516550921194
SN_valley_qp05,8,0.2,near_FINAL_SELECTED,15,7,1.7024214625160732,1.0422639669703002,0.20518169019415106,0.07284761184443736,0.03724406621241248
SN_valley_qp05,8,0.2,far_FINAL_SELECTED,85,14,1.8914043069878135,1.4593105163106783,0.19129918923810113,0.047862196596266574,0.03925712420864716
SN_valley_qp05,9,0.05,ALL,100,25,1.7873439293246673,1.3830959285633238,0.18142719894699694,0.041274892556957266,0.03106240464613803
SN_valley_qp05,9,0.05,near_FINAL_SELECTED,9,4,1.896297358732487,1.187254202607881,0.13652821787029143,0.029591278617850134,0.02347041726313065
SN_valley_qp05,9,0.05,far_FINAL_SELECTED,91,21,1.7777509971041272,1.383841099959833,0.1852774356691916,0.04243041481467116,0.03181326054116074
SN_valley_qp05,9,0.1,ALL,100,25,1.7873439293246673,1.3830959285633238,0.18142719894699694,0.041274892556957266,0.03106240464613803
SN_valley_qp05,9,0.1,near_FINAL_SELECTED,16,7,1.8119410149692268,1.2670580039479782,0.11101610558406236,0.01964626065888774,0.014548494835698249
SN_valley_qp05,9,0.1,far_FINAL_SELECTED,84,18,1.7826789965183172,1.388711358397721,0.19193220655166654,0.04539463196611337,0.03420791127669799
SN_valley_qp05,9,0.2,ALL,100,25,1.7873439293246673,1.3830959285633238,0.18142719894699694,0.041274892556957266,0.03106240464613803
SN_valley_qp05,9,0.2,near_FINAL_SELECTED,19,8,1.7450002671655118,1.275341664007471,0.10718318202995249,0.01809969347464151,0.012350192751235774
SN_valley_qp05,9,0.2,far_FINAL_SELECTED,81,17,1.7965532366738786,1.3961886865689708,0.19478720253816167,0.04671105036638935,0.03545168891778176
LR_a0p1_qm05,0,0.05,ALL,100,0,4.465435634064238,4.219927310775915,0.8861531924686298,0.053898882058887605,0.09495334000376704
LR_a0p1_qm05,0,0.05,near_FINAL_SELECTED,1,0,4.620897926338541,4.620897926338541,0.960430920124054,0.5514387211274795,1.052864727731187
LR_a0p1_qm05,0,0.05,far_FINAL_SELECTED,99,0,4.464127465312147,4.205621319826544,0.8853711228922911,0.04887322711880082,0.08527746740045977
LR_a0p1_qm05,0,0.1,ALL,100,0,4.465435634064238,4.219927310775915,0.8861531924686298,0.053898882058887605,0.09495334000376704
LR_a0p1_qm05,0,0.1,near_FINAL_SELECTED,1,0,4.620897926338541,4.620897926338541,0.960430920124054,0.5514387211274795,1.052864727731187
LR_a0p1_qm05,0,0.1,far_FINAL_SELECTED,99,0,4.464127465312147,4.205621319826544,0.8853711228922911,0.04887322711880082,0.08527746740045977
LR_a0p1_qm05,0,0.2,ALL,100,0,4.465435634064238,4.219927310775915,0.8861531924686298,0.053898882058887605,0.09495334000376704
LR_a0p1_qm05,0,0.2,near_FINAL_SELECTED,3,0,5.0074889649914365,4.993449248572455,0.7186894025052329,0.3088357471112875,0.783182824961139
LR_a0p1_qm05,0,0.2,far_FINAL_SELECTED,97,0,4.44725267836299,4.189122629907547,0.8908307525534771,0.04601423674798864,0.07366789201539473
LR_a0p1_qm05,1,0.05,ALL,100,0,4.585443250453942,4.50908437449188,0.8959524368790828,0.04338633997572095,0.09944310966788478
LR_a0p1_qm05,1,0.05,near_FINAL_SELECTED,0,0,,,,,
LR_a0p1_qm05,1,0.05,far_FINAL_SELECTED,100,0,4.585443250453942,4.50908437449188,0.8959524368790828,0.04338633997572095,0.09944310966788478
LR_a0p1_qm05,1,0.1,ALL,100,0,4.585443250453942,4.50908437449188,0.8959524368790828,0.04338633997572095,0.09944310966788478
LR_a0p1_qm05,1,0.1,near_FINAL_SELECTED,0,0,,,,,
LR_a0p1_qm05,1,0.1,far_FINAL_SELECTED,100,0,4.585443250453942,4.50908437449188,0.8959524368790828,0.04338633997572095,0.09944310966788478
LR_a0p1_qm05,1,0.2,ALL,100,0,4.585443250453942,4.50908437449188,0.8959524368790828,0.04338633997572095,0.09944310966788478
LR_a0p1_qm05,1,0.2,near_FINAL_SELECTED,0,0,,,,,
LR_a0p1_qm05,1,0.2,far_FINAL_SELECTED,100,0,4.585443250453942,4.50908437449188,0.8959524368790828,0.04338633997572095,0.09944310966788478
LR_a0p1_qm05,2,0.05,ALL,100,0,4.3791947078185816,4.4585509646897705,0.8949699092857383,0.04033718073878016,0.06411364809837758
LR_a0p1_qm05,2,0.05,near_FINAL_SELECTED,0,0,,,,,
LR_a0p1_qm05,2,0.05,far_FINAL_SELECTED,100,0,4.3791947078185816,4.4585509646897705,0.8949699092857383,0.04033718073878016,0.06411364809837758
LR_a0p1_qm05,2,0.1,ALL,100,0,4.3791947078185816,4.4585509646897705,0.8949699092857383,0.04033718073878016,0.06411364809837758
LR_a0p1_qm05,2,0.1,near_FINAL_SELECTED,0,0,,,,,
LR_a0p1_qm05,2,0.1,far_FINAL_SELECTED,100,0,4.3791947078185816,4.4585509646897705,0.8949699092857383,0.04033718073878016,0.06411364809837758
LR_a0p1_qm05,2,0.2,ALL,100,0,4.3791947078185816,4.4585509646897705,0.8949699092857383,0.04033718073878016,0.06411364809837758
LR_a0p1_qm05,2,0.2,near_FINAL_SELECTED,1,0,3.986729690526426,3.986729690526426,0.9361194372177124,0.4967636736676774,0.7916608415940453
LR_a0p1_qm05,2,0.2,far_FINAL_SELECTED,99,0,4.382966990963391,4.463377167613332,0.8945446008718878,0.03572681212333676,0.056764686547916283
LR_a0p1_qm05,3,0.05,ALL,100,0,4.615696822185054,4.515866745338551,0.9237134360680597,0.04494951279980258,0.0726826638023738
LR_a0p1_qm05,3,0.05,near_FINAL_SELECTED,0,0,,,,,
LR_a0p1_qm05,3,0.05,far_FINAL_SELECTED,100,0,4.615696822185054,4.515866745338551,0.9237134360680597,0.04494951279980258,0.0726826638023738
LR_a0p1_qm05,3,0.1,ALL,100,0,4.615696822185054,4.515866745338551,0.9237134360680597,0.04494951279980258,0.0726826638023738
LR_a0p1_qm05,3,0.1,near_FINAL_SELECTED,0,0,,,,,
LR_a0p1_qm05,3,0.1,far_FINAL_SELECTED,100,0,4.615696822185054,4.515866745338551,0.9237134360680597,0.04494951279980258,0.0726826638023738
LR_a0p1_qm05,3,0.2,ALL,100,0,4.615696822185054,4.515866745338551,0.9237134360680597,0.04494951279980258,0.0726826638023738
LR_a0p1_qm05,3,0.2,near_FINAL_SELECTED,1,0,10.272149416893066,10.272149416893066,0.7452515959739685,0.33202502740945083,0.9934851564871999
LR_a0p1_qm05,3,0.2,far_FINAL_SELECTED,99,0,4.58723768102807,4.502593429072679,0.9253405120233089,0.042049760126977836,0.06338162852272909
LR_a0p1_qm05,4,0.05,ALL,100,0,4.835004982399913,4.890072854463186,0.9196505368410314,0.047505494127765474,0.10028933785394338
LR_a0p1_qm05,4,0.05,near_FINAL_SELECTED,1,0,3.4476417431445965,3.4476417431445965,0.7215231657028198,0.3434304617566637,0.5559151660322252
LR_a0p1_qm05,4,0.05,far_FINAL_SELECTED,99,0,4.852760599035164,4.909100601524613,0.9214345168343085,0.04451635304060489,0.09568705676123347
LR_a0p1_qm05,4,0.1,ALL,100,0,4.835004982399913,4.890072854463186,0.9196505368410314,0.047505494127765474,0.10028933785394338
LR_a0p1_qm05,4,0.1,near_FINAL_SELECTED,1,0,3.4476417431445965,3.4476417431445965,0.7215231657028198,0.3434304617566637,0.5559151660322252
LR_a0p1_qm05,4,0.1,far_FINAL_SELECTED,99,0,4.852760599035164,4.909100601524613,0.9214345168343085,0.04451635304060489,0.09568705676123347
LR_a0p1_qm05,4,0.2,ALL,100,0,4.835004982399913,4.890072854463186,0.9196505368410314,0.047505494127765474,0.10028933785394338
LR_a0p1_qm05,4,0.2,near_FINAL_SELECTED,1,0,3.4476417431445965,3.4476417431445965,0.7215231657028198,0.3434304617566637,0.5559151660322252
LR_a0p1_qm05,4,0.2,far_FINAL_SELECTED,99,0,4.852760599035164,4.909100601524613,0.9214345168343085,0.04451635304060489,0.09568705676123347
LR_a0p1_qm05,5,0.05,ALL,100,0,4.301482843978031,4.3083748978051855,0.8934103197089226,0.03594060366121441,0.05683173937293875
LR_a0p1_qm05,5,0.05,near_FINAL_SELECTED,0,0,,,,,
LR_a0p1_qm05,5,0.05,far_FINAL_SELECTED,100,0,4.301482843978031,4.3083748978051855,0.8934103197089226,0.03594060366121441,0.05683173937293875
LR_a0p1_qm05,5,0.1,ALL,100,0,4.301482843978031,4.3083748978051855,0.8934103197089226,0.03594060366121441,0.05683173937293875
LR_a0p1_qm05,5,0.1,near_FINAL_SELECTED,0,0,,,,,
LR_a0p1_qm05,5,0.1,far_FINAL_SELECTED,100,0,4.301482843978031,4.3083748978051855,0.8934103197089226,0.03594060366121441,0.05683173937293875
LR_a0p1_qm05,5,0.2,ALL,100,0,4.301482843978031,4.3083748978051855,0.8934103197089226,0.03594060366121441,0.05683173937293875
LR_a0p1_qm05,5,0.2,near_FINAL_SELECTED,0,0,,,,,
LR_a0p1_qm05,5,0.2,far_FINAL_SELECTED,100,0,4.301482843978031,4.3083748978051855,0.8934103197089226,0.03594060366121441,0.05683173937293875
LR_a0p1_qm05,6,0.05,ALL,100,0,4.386796089769929,4.2192246989452755,0.8858667306448508,0.04038573508712694,0.058131087669457
LR_a0p1_qm05,6,0.05,near_FINAL_SELECTED,0,0,,,,,
LR_a0p1_qm05,6,0.05,far_FINAL_SELECTED,100,0,4.386796089769929,4.2192246989452755,0.8858667306448508,0.04038573508712694,0.058131087669457
LR_a0p1_qm05,6,0.1,ALL,100,0,4.386796089769929,4.2192246989452755,0.8858667306448508,0.04038573508712694,0.058131087669457
LR_a0p1_qm05,6,0.1,near_FINAL_SELECTED,1,0,4.486839948915759,4.486839948915759,0.6042503714561462,0.21827241009923626,0.44775904979298564
LR_a0p1_qm05,6,0.1,far_FINAL_SELECTED,99,0,4.385913700639112,4.212457893630197,0.8882559687440563,0.03858889998599451,0.05419545168841126
LR_a0p1_qm05,6,0.2,ALL,100,0,4.386796089769929,4.2192246989452755,0.8858667306448508,0.04038573508712694,0.058131087669457
LR_a0p1_qm05,6,0.2,near_FINAL_SELECTED,1,0,4.486839948915759,4.486839948915759,0.6042503714561462,0.21827241009923626,0.44775904979298564
LR_a0p1_qm05,6,0.2,far_FINAL_SELECTED,99,0,4.385913700639112,4.212457893630197,0.8882559687440563,0.03858889998599451,0.05419545168841126
LR_a0p1_qm05,7,0.05,ALL,100,0,4.887220652991955,4.844536255844634,0.8762693763382801,0.051012985893807636,0.09287902449056012
LR_a0p1_qm05,7,0.05,near_FINAL_SELECTED,0,0,,,,,
LR_a0p1_qm05,7,0.05,far_FINAL_SELECTED,100,0,4.887220652991955,4.844536255844634,0.8762693763382801,0.051012985893807636,0.09287902449056012
LR_a0p1_qm05,7,0.1,ALL,100,0,4.887220652991955,4.844536255844634,0.8762693763382801,0.051012985893807636,0.09287902449056012
LR_a0p1_qm05,7,0.1,near_FINAL_SELECTED,0,0,,,,,
LR_a0p1_qm05,7,0.1,far_FINAL_SELECTED,100,0,4.887220652991955,4.844536255844634,0.8762693763382801,0.051012985893807636,0.09287902449056012
LR_a0p1_qm05,7,0.2,ALL,100,0,4.887220652991955,4.844536255844634,0.8762693763382801,0.051012985893807636,0.09287902449056012
LR_a0p1_qm05,7,0.2,near_FINAL_SELECTED,2,0,4.651011059588418,4.662104668515337,0.5688925817818402,0.1936653524987819,0.6976733220956075
LR_a0p1_qm05,7,0.2,far_FINAL_SELECTED,98,0,4.895189431211225,4.869345866859009,0.881426976449211,0.04810171310595101,0.08053628372311021
LR_a0p1_qm05,8,0.05,ALL,100,0,4.703092914170645,4.678375699412607,0.8830950303679311,0.05586254945392526,0.15114561929921094
LR_a0p1_qm05,8,0.05,near_FINAL_SELECTED,0,0,,,,,
LR_a0p1_qm05,8,0.05,far_FINAL_SELECTED,100,0,4.703092914170645,4.678375699412607,0.8830950303679311,0.05586254945392526,0.15114561929921094
LR_a0p1_qm05,8,0.1,ALL,100,0,4.703092914170645,4.678375699412607,0.8830950303679311,0.05586254945392526,0.15114561929921094
LR_a0p1_qm05,8,0.1,near_FINAL_SELECTED,1,0,5.812110065347256,5.812110065347256,0.8698918223381042,0.42896099174477,1.9007694915230744
LR_a0p1_qm05,8,0.1,far_FINAL_SELECTED,99,0,4.686786078476854,4.677814777876209,0.8832273892069261,0.0520938783196743,0.1334726508929093
LR_a0p1_qm05,8,0.2,ALL,100,0,4.703092914170645,4.678375699412607,0.8830950303679311,0.05586254945392526,0.15114561929921094
LR_a0p1_qm05,8,0.2,near_FINAL_SELECTED,2,0,4.994635679620633,4.833123840754711,0.6204459833884706,0.21801625082084375,0.9566689128119578
LR_a0p1_qm05,8,0.2,far_FINAL_SELECTED,98,0,4.695599389765289,4.678375699412607,0.8876463767156422,0.05255329024235549,0.1347063684111957
LR_a0p1_qm05,9,0.05,ALL,100,0,4.391802043137108,4.42761672013062,0.9260053706328455,0.03867447069147497,0.0492635482040479
LR_a0p1_qm05,9,0.05,near_FINAL_SELECTED,0,0,,,,,
LR_a0p1_qm05,9,0.05,far_FINAL_SELECTED,100,0,4.391802043137108,4.42761672013062,0.9260053706328455,0.03867447069147497,0.0492635482040479
LR_a0p1_qm05,9,0.1,ALL,100,0,4.391802043137108,4.42761672013062,0.9260053706328455,0.03867447069147497,0.0492635482040479
LR_a0p1_qm05,9,0.1,near_FINAL_SELECTED,0,0,,,,,
LR_a0p1_qm05,9,0.1,far_FINAL_SELECTED,100,0,4.391802043137108,4.42761672013062,0.9260053706328455,0.03867447069147497,0.0492635482040479
LR_a0p1_qm05,9,0.2,ALL,100,0,4.391802043137108,4.42761672013062,0.9260053706328455,0.03867447069147497,0.0492635482040479
LR_a0p1_qm05,9,0.2,near_FINAL_SELECTED,0,0,,,,,
LR_a0p1_qm05,9,0.2,far_FINAL_SELECTED,100,0,4.391802043137108,4.42761672013062,0.9260053706328455,0.03867447069147497,0.0492635482040479
LR_a0p1_q0,0,0.05,ALL,100,0,5.254957303640837,5.308737851811218,0.9885533824081454,0.06425855041233963,0.13337599985129164
LR_a0p1_q0,0,0.05,near_FINAL_SELECTED,1,0,5.508560616852018,5.508560616852018,0.3331323564052582,0.05947682537695804,0.14640340532459578
LR_a0p1_q0,0,0.05,far_FINAL_SELECTED,99,0,5.252664857635896,5.289147897317181,0.9929692327426255,0.06430685066522228,0.13324440989701583
LR_a0p1_q0,0,0.1,ALL,100,0,5.254957303640837,5.308737851811218,0.9885533824081454,0.06425855041233963,0.13337599985129164
LR_a0p1_q0,0,0.1,near_FINAL_SELECTED,1,0,5.508560616852018,5.508560616852018,0.3331323564052582,0.05947682537695804,0.14640340532459578
LR_a0p1_q0,0,0.1,far_FINAL_SELECTED,99,0,5.252664857635896,5.289147897317181,0.9929692327426255,0.06430685066522228,0.13324440989701583
LR_a0p1_q0,0,0.2,ALL,100,0,5.254957303640837,5.308737851811218,0.9885533824081454,0.06425855041233963,0.13337599985129164
LR_a0p1_q0,0,0.2,near_FINAL_SELECTED,1,0,5.508560616852018,5.508560616852018,0.3331323564052582,0.05947682537695804,0.14640340532459578
LR_a0p1_q0,0,0.2,far_FINAL_SELECTED,99,0,5.252664857635896,5.289147897317181,0.9929692327426255,0.06430685066522228,0.13324440989701583
LR_a0p1_q0,1,0.05,ALL,100,0,5.484637314194098,5.4355899816605495,1.0308294940713476,0.06220191942645082,0.19885345176564154
LR_a0p1_q0,1,0.05,near_FINAL_SELECTED,1,0,6.011737571536095,6.011737571536095,1.519585371017456,1.1661155484041807,4.133916372390105
LR_a0p1_q0,1,0.05,far_FINAL_SELECTED,99,0,5.478540239448789,5.4266945891976475,1.0247039724529698,0.05105127670950405,0.15910534145630353
LR_a0p1_q0,1,0.1,ALL,100,0,5.484637314194098,5.4355899816605495,1.0308294940713476,0.06220191942645082,0.19885345176564154
LR_a0p1_q0,1,0.1,near_FINAL_SELECTED,1,0,6.011737571536095,6.011737571536095,1.519585371017456,1.1661155484041807,4.133916372390105
LR_a0p1_q0,1,0.1,far_FINAL_SELECTED,99,0,5.478540239448789,5.4266945891976475,1.0247039724529698,0.05105127670950405,0.15910534145630353
LR_a0p1_q0,1,0.2,ALL,100,0,5.484637314194098,5.4355899816605495,1.0308294940713476,0.06220191942645082,0.19885345176564154
LR_a0p1_q0,1,0.2,near_FINAL_SELECTED,1,0,6.011737571536095,6.011737571536095,1.519585371017456,1.1661155484041807,4.133916372390105
LR_a0p1_q0,1,0.2,far_FINAL_SELECTED,99,0,5.478540239448789,5.4266945891976475,1.0247039724529698,0.05105127670950405,0.15910534145630353
LR_a0p1_q0,2,0.05,ALL,100,0,5.004223829628658,4.917407030206416,1.0359074167653763,0.04205658790102466,0.08661553313372729
LR_a0p1_q0,2,0.05,near_FINAL_SELECTED,0,0,,,,,
LR_a0p1_q0,2,0.05,far_FINAL_SELECTED,100,0,5.004223829628658,4.917407030206416,1.0359074167653763,0.04205658790102466,0.08661553313372729
LR_a0p1_q0,2,0.1,ALL,100,0,5.004223829628658,4.917407030206416,1.0359074167653763,0.04205658790102466,0.08661553313372729
LR_a0p1_q0,2,0.1,near_FINAL_SELECTED,0,0,,,,,
LR_a0p1_q0,2,0.1,far_FINAL_SELECTED,100,0,5.004223829628658,4.917407030206416,1.0359074167653763,0.04205658790102466,0.08661553313372729
LR_a0p1_q0,2,0.2,ALL,100,0,5.004223829628658,4.917407030206416,1.0359074167653763,0.04205658790102466,0.08661553313372729
LR_a0p1_q0,2,0.2,near_FINAL_SELECTED,0,0,,,,,
LR_a0p1_q0,2,0.2,far_FINAL_SELECTED,100,0,5.004223829628658,4.917407030206416,1.0359074167653763,0.04205658790102466,0.08661553313372729
LR_a0p1_q0,3,0.05,ALL,100,0,5.285892786212182,5.261401594132089,0.9893717552232578,0.021650700966284152,0.05805163012120341
LR_a0p1_q0,3,0.05,near_FINAL_SELECTED,0,0,,,,,
LR_a0p1_q0,3,0.05,far_FINAL_SELECTED,100,0,5.285892786212182,5.261401594132089,0.9893717552232578,0.021650700966284152,0.05805163012120341
LR_a0p1_q0,3,0.1,ALL,100,0,5.285892786212182,5.261401594132089,0.9893717552232578,0.021650700966284152,0.05805163012120341
LR_a0p1_q0,3,0.1,near_FINAL_SELECTED,0,0,,,,,
LR_a0p1_q0,3,0.1,far_FINAL_SELECTED,100,0,5.285892786212182,5.261401594132089,0.9893717552232578,0.021650700966284152,0.05805163012120341
LR_a0p1_q0,3,0.2,ALL,100,0,5.285892786212182,5.261401594132089,0.9893717552232578,0.021650700966284152,0.05805163012120341
LR_a0p1_q0,3,0.2,near_FINAL_SELECTED,0,0,,,,,
LR_a0p1_q0,3,0.2,far_FINAL_SELECTED,100,0,5.285892786212182,5.261401594132089,0.9893717552232578,0.021650700966284152,0.05805163012120341
LR_a0p1_q0,4,0.05,ALL,100,0,5.667260389390897,5.731477848097457,1.10272385225529,0.04403860687780911,0.15367270615392387
LR_a0p1_q0,4,0.05,near_FINAL_SELECTED,0,0,,,,,
LR_a0p1_q0,4,0.05,far_FINAL_SELECTED,100,0,5.667260389390897,5.731477848097457,1.10272385225529,0.04403860687780911,0.15367270615392387
LR_a0p1_q0,4,0.1,ALL,100,0,5.667260389390897,5.731477848097457,1.10272385225529,0.04403860687780911,0.15367270615392387
LR_a0p1_q0,4,0.1,near_FINAL_SELECTED,1,0,5.754816571253479,5.754816571253479,0.48446258902549744,0.11126436507835684,0.5107855843597059
LR_a0p1_q0,4,0.1,far_FINAL_SELECTED,99,0,5.665857010826488,5.730035186456187,1.10720909230001,0.043359558815177314,0.15006550536396646
LR_a0p1_q0,4,0.2,ALL,100,0,5.667260389390897,5.731477848097457,1.10272385225529,0.04403860687780911,0.15367270615392387
LR_a0p1_q0,4,0.2,near_FINAL_SELECTED,1,0,5.754816571253479,5.754816571253479,0.48446258902549744,0.11126436507835684,0.5107855843597059
LR_a0p1_q0,4,0.2,far_FINAL_SELECTED,99,0,5.665857010826488,5.730035186456187,1.10720909230001,0.043359558815177314,0.15006550536396646
LR_a0p1_q0,5,0.05,ALL,100,0,4.809683455621646,4.707053048997355,1.0092803274141884,0.050072766213857686,0.11079871300021514
LR_a0p1_q0,5,0.05,near_FINAL_SELECTED,0,0,,,,,
LR_a0p1_q0,5,0.05,far_FINAL_SELECTED,100,0,4.809683455621646,4.707053048997355,1.0092803274141884,0.050072766213857686,0.11079871300021514
LR_a0p1_q0,5,0.1,ALL,100,0,4.809683455621646,4.707053048997355,1.0092803274141884,0.050072766213857686,0.11079871300021514
LR_a0p1_q0,5,0.1,near_FINAL_SELECTED,0,0,,,,,
LR_a0p1_q0,5,0.1,far_FINAL_SELECTED,100,0,4.809683455621646,4.707053048997355,1.0092803274141884,0.050072766213857686,0.11079871300021514
LR_a0p1_q0,5,0.2,ALL,100,0,4.809683455621646,4.707053048997355,1.0092803274141884,0.050072766213857686,0.11079871300021514
LR_a0p1_q0,5,0.2,near_FINAL_SELECTED,1,0,6.091641217162966,6.091641217162966,1.3440539836883545,0.9122729610896102,2.2491146185501245
LR_a0p1_q0,5,0.2,far_FINAL_SELECTED,99,0,4.798437099675955,4.664622205182999,1.0053302227438645,0.04136367333632484,0.08919956243910494
LR_a0p1_q0,6,0.05,ALL,100,0,5.056305359974724,4.985538102044998,1.054417220948509,0.047124346505616296,0.09677375893232222
LR_a0p1_q0,6,0.05,near_FINAL_SELECTED,0,0,,,,,
LR_a0p1_q0,6,0.05,far_FINAL_SELECTED,100,0,5.056305359974724,4.985538102044998,1.054417220948509,0.047124346505616296,0.09677375893232222
LR_a0p1_q0,6,0.1,ALL,100,0,5.056305359974724,4.985538102044998,1.054417220948509,0.047124346505616296,0.09677375893232222
LR_a0p1_q0,6,0.1,near_FINAL_SELECTED,0,0,,,,,
LR_a0p1_q0,6,0.1,far_FINAL_SELECTED,100,0,5.056305359974724,4.985538102044998,1.054417220948509,0.047124346505616296,0.09677375893232222
LR_a0p1_q0,6,0.2,ALL,100,0,5.056305359974724,4.985538102044998,1.054417220948509,0.047124346505616296,0.09677375893232222
LR_a0p1_q0,6,0.2,near_FINAL_SELECTED,1,0,3.4327659247275246,3.4327659247275246,0.8072782158851624,0.369431370552098,0.43620399349722816
LR_a0p1_q0,6,0.2,far_FINAL_SELECTED,99,0,5.071001234218608,5.006277032877998,1.0566187230564696,0.04386872000009627,0.09334517070439388
LR_a0p1_q0,7,0.05,ALL,100,0,5.939287394746088,6.0154103826500585,1.0717268714494612,0.06534562114433368,0.24165418906244482
LR_a0p1_q0,7,0.05,near_FINAL_SELECTED,0,0,,,,,
LR_a0p1_q0,7,0.05,far_FINAL_SELECTED,100,0,5.939287394746088,6.0154103826500585,1.0717268714494612,0.06534562114433368,0.24165418906244482
LR_a0p1_q0,7,0.1,ALL,100,0,5.939287394746088,6.0154103826500585,1.0717268714494612,0.06534562114433368,0.24165418906244482
LR_a0p1_q0,7,0.1,near_FINAL_SELECTED,0,0,,,,,
LR_a0p1_q0,7,0.1,far_FINAL_SELECTED,100,0,5.939287394746088,6.0154103826500585,1.0717268714494612,0.06534562114433368,0.24165418906244482
LR_a0p1_q0,7,0.2,ALL,100,0,5.939287394746088,6.0154103826500585,1.0717268714494612,0.06534562114433368,0.24165418906244482
LR_a0p1_q0,7,0.2,near_FINAL_SELECTED,0,0,,,,,
LR_a0p1_q0,7,0.2,far_FINAL_SELECTED,100,0,5.939287394746088,6.0154103826500585,1.0717268714494612,0.06534562114433368,0.24165418906244482
LR_a0p1_q0,8,0.05,ALL,100,0,5.373539738563639,5.445524564227483,1.0833900211046987,0.04343492506726878,0.10227709590833232
LR_a0p1_q0,8,0.05,near_FINAL_SELECTED,0,0,,,,,
LR_a0p1_q0,8,0.05,far_FINAL_SELECTED,100,0,5.373539738563639,5.445524564227483,1.0833900211046987,0.04343492506726878,0.10227709590833232
LR_a0p1_q0,8,0.1,ALL,100,0,5.373539738563639,5.445524564227483,1.0833900211046987,0.04343492506726878,0.10227709590833232
LR_a0p1_q0,8,0.1,near_FINAL_SELECTED,0,0,,,,,
LR_a0p1_q0,8,0.1,far_FINAL_SELECTED,100,0,5.373539738563639,5.445524564227483,1.0833900211046987,0.04343492506726878,0.10227709590833232
LR_a0p1_q0,8,0.2,ALL,100,0,5.373539738563639,5.445524564227483,1.0833900211046987,0.04343492506726878,0.10227709590833232
LR_a0p1_q0,8,0.2,near_FINAL_SELECTED,0,0,,,,,
LR_a0p1_q0,8,0.2,far_FINAL_SELECTED,100,0,5.373539738563639,5.445524564227483,1.0833900211046987,0.04343492506726878,0.10227709590833232
LR_a0p1_q0,9,0.05,ALL,100,0,5.170983182401938,5.198483489162415,1.0581035478874201,0.0532317302954351,0.12899065883488384
LR_a0p1_q0,9,0.05,near_FINAL_SELECTED,1,0,4.820563493586673,4.820563493586673,0.7951036691665649,0.33881424490576895,0.6932465235736008
LR_a0p1_q0,9,0.05,far_FINAL_SELECTED,99,0,5.1742326105142835,5.208435140857484,1.0604274055441112,0.05034705843068425,0.12329110464560386
LR_a0p1_q0,9,0.1,ALL,100,0,5.170983182401938,5.198483489162415,1.0581035478874201,0.0532317302954351,0.12899065883488384
LR_a0p1_q0,9,0.1,near_FINAL_SELECTED,1,0,4.820563493586673,4.820563493586673,0.7951036691665649,0.33881424490576895,0.6932465235736008
LR_a0p1_q0,9,0.1,far_FINAL_SELECTED,99,0,5.1742326105142835,5.208435140857484,1.0604274055441112,0.05034705843068425,0.12329110464560386
LR_a0p1_q0,9,0.2,ALL,100,0,5.170983182401938,5.198483489162415,1.0581035478874201,0.0532317302954351,0.12899065883488384
LR_a0p1_q0,9,0.2,near_FINAL_SELECTED,1,0,4.820563493586673,4.820563493586673,0.7951036691665649,0.33881424490576895,0.6932465235736008
LR_a0p1_q0,9,0.2,far_FINAL_SELECTED,99,0,5.1742326105142835,5.208435140857484,1.0604274055441112,0.05034705843068425,0.12329110464560386
LR_a0p1_qp05,0,0.05,ALL,100,4,2.932789454148282,2.165487448266745,0.3484852374057306,0.008029064336934118,0.027193787368014623
LR_a0p1_qp05,0,0.05,near_FINAL_SELECTED,11,0,2.5845898971770893,1.7676379106618854,0.3054213801426861,0.000932822194482632,0.0011289939319013512
LR_a0p1_qp05,0,0.05,far_FINAL_SELECTED,89,4,2.9693060833498817,2.17202298927537,0.3534435996683753,0.008906127972518007,0.030415278691579183
LR_a0p1_qp05,0,0.1,ALL,100,4,2.932789454148282,2.165487448266745,0.3484852374057306,0.008029064336934118,0.027193787368014623
LR_a0p1_qp05,0,0.1,near_FINAL_SELECTED,17,0,2.4714062319283245,1.7676379106618854,0.26501953640653686,0.0007023535467713576,0.0008194117540327719
LR_a0p1_qp05,0,0.1,far_FINAL_SELECTED,83,4,3.0146954842288523,2.240535493946345,0.36322177896762203,0.009529715944557815,0.03259576791545668
LR_a0p1_qp05,0,0.2,ALL,100,4,2.932789454148282,2.165487448266745,0.3484852374057306,0.008029064336934118,0.027193787368014623
LR_a0p1_qp05,0,0.2,near_FINAL_SELECTED,34,1,2.4836107471735662,2.0723030821711172,0.24830084690390603,0.0006165331057319701,0.0006032250931256181
LR_a0p1_qp05,0,0.2,far_FINAL_SELECTED,66,3,3.1426313947239004,2.2493874054487035,0.3901822322788718,0.011847641031795829,0.0408919558126544
LR_a0p1_qp05,1,0.05,ALL,100,6,2.70163737345637,2.1019861835936977,0.30166811920525016,0.000910036541448331,0.0032093429674493056
LR_a0p1_qp05,1,0.05,near_FINAL_SELECTED,13,1,2.290041050045682,2.003279992513799,0.16840578461056815,0.00028360508290301093,0.00037823964939568414
LR_a0p1_qp05,1,0.05,far_FINAL_SELECTED,87,5,2.7572815613320882,2.121544908207505,0.3168029738103012,0.0010036412421505054,0.0036323813942849047
LR_a0p1_qp05,1,0.1,ALL,100,6,2.70163737345637,2.1019861835936977,0.30166811920525016,0.000910036541448331,0.0032093429674493056
LR_a0p1_qp05,1,0.1,near_FINAL_SELECTED,20,1,2.3351425395109757,2.0619401890821383,0.14801080700241517,0.00021907198989506212,0.0002690182901897901
LR_a0p1_qp05,1,0.1,far_FINAL_SELECTED,80,5,2.780636507694336,2.1551687125131487,0.3290558735741769,0.001082777679336648,0.003944424136764185
LR_a0p1_qp05,1,0.2,ALL,100,6,2.70163737345637,2.1019861835936977,0.30166811920525016,0.000910036541448331,0.0032093429674493056
LR_a0p1_qp05,1,0.2,near_FINAL_SELECTED,35,2,2.2777147568969696,2.0310214790773164,0.1657152260974535,0.0002746153616053016,0.0003685565655066039
LR_a0p1_qp05,1,0.2,far_FINAL_SELECTED,65,4,2.8855347309328536,2.172630328329032,0.3538624602183246,0.0012521864075176541,0.004738997183879992
LR_a0p1_qp05,2,0.05,ALL,100,3,2.9170092535488146,2.211980946040919,0.33399320581206754,0.0062452364984125,0.009644814047495159
LR_a0p1_qp05,2,0.05,near_FINAL_SELECTED,2,0,1.545483683284644,1.5813074513205985,0.20133737128170037,0.00040536737074625294,0.00014517659233308076
LR_a0p1_qp05,2,0.05,far_FINAL_SELECTED,98,3,2.9401416538326157,2.21583774969293,0.33615582937013005,0.0063644175010179336,0.009838684199641321
LR_a0p1_qp05,2,0.1,ALL,100,3,2.9170092535488146,2.211980946040919,0.33399320581206754,0.0062452364984125,0.009644814047495159
LR_a0p1_qp05,2,0.1,near_FINAL_SELECTED,4,0,2.3332640486599336,1.9675559406619119,0.20429501063519429,0.00041736451370434185,0.0004179385723083244
LR_a0p1_qp05,2,0.1,far_FINAL_SELECTED,96,3,2.9371611639090442,2.21583774969293,0.3383199968745762,0.0064880644977753366,0.01002926719229461
LR_a0p1_qp05,2,0.2,ALL,100,3,2.9170092535488146,2.211980946040919,0.33399320581206754,0.0062452364984125,0.009644814047495159
LR_a0p1_qp05,2,0.2,near_FINAL_SELECTED,12,0,2.431300158725872,2.0242380273525757,0.2398381431719763,0.0005752233492018145,0.0009214683880823761
LR_a0p1_qp05,2,0.2,far_FINAL_SELECTED,88,3,2.981946631320461,2.21583774969293,0.3448464436564489,0.007018420109668502,0.010834361182869626
LR_a0p1_qp05,3,0.05,ALL,100,3,2.6531230174144618,2.1153833290271136,0.2221446983649398,0.0004934826701165014,0.003311481938492552
LR_a0p1_qp05,3,0.05,near_FINAL_SELECTED,8,0,2.8836159362960725,2.5989841662133473,0.05356310300417135,2.8690060034354723e-05,1.8737106455295805e-05
LR_a0p1_qp05,3,0.05,far_FINAL_SELECTED,92,3,2.6372679391868665,2.056481921433675,0.23106263627408394,0.0005338994188192967,0.0035978075760610094
LR_a0p1_qp05,3,0.1,ALL,100,3,2.6531230174144618,2.1153833290271136,0.2221446983649398,0.0004934826701165014,0.003311481938492552
LR_a0p1_qp05,3,0.1,near_FINAL_SELECTED,15,0,2.3668920330218417,2.242865415853715,0.0510874047787122,2.609922927023988e-05,1.3988594223106858e-05
LR_a0p1_qp05,3,0.1,far_FINAL_SELECTED,85,3,2.6928343819928364,2.065285869276405,0.2399921042147171,0.0005759621008540769,0.0038933925286577485
LR_a0p1_qp05,3,0.2,ALL,100,3,2.6531230174144618,2.1153833290271136,0.2221446983649398,0.0004934826701165014,0.003311481938492552
LR_a0p1_qp05,3,0.2,near_FINAL_SELECTED,33,0,2.535454301962883,2.3778737388544844,0.09484508427364623,8.995590010875064e-05,0.0002294217131965647
LR_a0p1_qp05,3,0.2,far_FINAL_SELECTED,67,3,2.705039058514395,1.9806651501985317,0.26310352740211373,0.0006922346613143488,0.0048295116016980385
LR_a0p1_qp05,4,0.05,ALL,100,3,3.14130709387767,2.153563329108688,0.3073353022508486,0.00334803575401184,0.011306914864985482
LR_a0p1_qp05,4,0.05,near_FINAL_SELECTED,6,0,2.630720450821577,2.504642682271561,0.13714265440823453,0.00018808107658136464,0.00015472129591042962
LR_a0p1_qp05,4,0.05,far_FINAL_SELECTED,94,3,3.167818429687086,2.092861058454797,0.3150928629584853,0.0035497349887414443,0.0120187570076924
LR_a0p1_qp05,4,0.1,ALL,100,3,3.14130709387767,2.153563329108688,0.3073353022508486,0.00334803575401184,0.011306914864985482
LR_a0p1_qp05,4,0.1,near_FINAL_SELECTED,13,0,2.6978189471997216,2.5201465451845313,0.18626364714920737,0.00034694146249324446,0.00036584268897447406
LR_a0p1_qp05,4,0.1,far_FINAL_SELECTED,87,3,3.1919878049762547,2.0420498992837817,0.321535019807032,0.0037964751309054233,0.012941787718872185
LR_a0p1_qp05,4,0.2,ALL,100,3,3.14130709387767,2.153563329108688,0.3073353022508486,0.00334803575401184,0.011306914864985482
LR_a0p1_qp05,4,0.2,near_FINAL_SELECTED,22,0,2.381746216680133,2.045691111066965,0.1569449450153796,0.00024631715765880536,0.0002339932924209809
LR_a0p1_qp05,4,0.2,far_FINAL_SELECTED,78,3,3.296418724355469,2.1842448601264888,0.33785904081877555,0.0042228794606755165,0.014430046590580602
LR_a0p1_qp05,5,0.05,ALL,100,5,3.036642938503163,2.0874524707661353,0.24555338275841365,0.005482430561864237,0.012884586368467872
LR_a0p1_qp05,5,0.05,near_FINAL_SELECTED,9,0,2.857672840968798,2.541876004774315,0.1987693764938531,0.00039509265031755143,0.0010534769808230036
LR_a0p1_qp05,5,0.05,far_FINAL_SELECTED,91,5,3.055913683676876,2.0692966470614462,0.24970450653478896,0.005985573871797428,0.014054696088125056
LR_a0p1_qp05,5,0.1,ALL,100,5,3.036642938503163,2.0874524707661353,0.24555338275841365,0.005482430561864237,0.012884586368467872
LR_a0p1_qp05,5,0.1,near_FINAL_SELECTED,19,0,2.8582224560270193,2.541876004774315,0.14532204896233986,0.00021118497914612722,0.0005268955942376556
LR_a0p1_qp05,5,0.1,far_FINAL_SELECTED,81,5,3.080543844321808,2.0367314478590015,0.2636026498591112,0.006718895575094412,0.015783303957484836
LR_a0p1_qp05,5,0.2,ALL,100,5,3.036642938503163,2.0874524707661353,0.24555338275841365,0.005482430561864237,0.012884586368467872
LR_a0p1_qp05,5,0.2,near_FINAL_SELECTED,33,1,2.5944877350562203,2.0367314478590015,0.12247050817915912,0.00014999025373661494,0.00033210046965481184
LR_a0p1_qp05,5,0.2,far_FINAL_SELECTED,67,4,3.2420453283258546,2.195516767922702,0.2874145827966402,0.00810885638527038,0.019067154049972813
LR_a0p1_qp05,6,0.05,ALL,100,2,3.032578979116669,2.3026098460848337,0.3840396002373445,0.00572164731299089,0.015343298624445919
LR_a0p1_qp05,6,0.05,near_FINAL_SELECTED,7,0,2.6518195680430776,2.310285912953611,0.21308623671804314,0.00045405744278657954,0.000547156351003179
LR_a0p1_qp05,6,0.05,far_FINAL_SELECTED,93,2,3.0652253774233644,2.294933779216056,0.3939161152596326,0.006118132572038527,0.016456986752554515
LR_a0p1_qp05,6,0.1,ALL,100,2,3.032578979116669,2.3026098460848337,0.3840396002373445,0.00572164731299089,0.015343298624445919
LR_a0p1_qp05,6,0.1,near_FINAL_SELECTED,14,1,3.0866712125397764,2.3164597103647937,0.3015197678971487,0.0009091417043275046,0.0019397056511851597
LR_a0p1_qp05,6,0.1,far_FINAL_SELECTED,86,1,3.0221723235756164,2.285621296974601,0.39584826592949574,0.006505078458587256,0.017525278875906974
LR_a0p1_qp05,6,0.2,ALL,100,2,3.032578979116669,2.3026098460848337,0.3840396002373445,0.00572164731299089,0.015343298624445919
LR_a0p1_qp05,6,0.2,near_FINAL_SELECTED,33,1,2.708123370671318,2.118164611634825,0.2729331275051055,0.0007449249208971822,0.0013198814748656223
LR_a0p1_qp05,6,0.2,far_FINAL_SELECTED,67,1,3.199466331010238,2.5142535397550287,0.42829737918436717,0.008172868789693762,0.022250354832448156
LR_a0p1_qp05,7,0.05,ALL,100,1,2.920034467115659,2.0842108410696274,0.27214483470061246,0.004061386743271764,0.00825827057605126
LR_a0p1_qp05,7,0.05,near_FINAL_SELECTED,11,0,2.289713515774532,1.8978003766159508,0.1399824623767404,0.00019595089773055558,0.00024444736905899025
LR_a0p1_qp05,7,0.05,far_FINAL_SELECTED,89,1,3.008071018937944,2.165280458090509,0.2842442200042575,0.004539137241035283,0.009248743107252554
LR_a0p1_qp05,7,0.1,ALL,100,1,2.920034467115659,2.0842108410696274,0.27214483470061246,0.004061386743271764,0.00825827057605126
LR_a0p1_qp05,7,0.1,near_FINAL_SELECTED,19,0,2.261599764283749,1.8755563510054811,0.13465232444908473,0.00018131248479541598,0.00019893749847655482
LR_a0p1_qp05,7,0.1,far_FINAL_SELECTED,81,1,3.0685963843202813,2.1690008320622707,0.29526693059016407,0.004971527618716833,0.010148731421408293
LR_a0p1_qp05,7,0.2,ALL,100,1,2.920034467115659,2.0842108410696274,0.27214483470061246,0.004061386743271764,0.00825827057605126
LR_a0p1_qp05,7,0.2,near_FINAL_SELECTED,28,1,2.1622967560601434,1.8020600155698756,0.16571019263182382,0.0002745986794207618,0.0003512317479175675
LR_a0p1_qp05,7,0.2,far_FINAL_SELECTED,72,0,3.1839660746752148,2.3421065055148,0.30362176769800087,0.005534026545880487,0.011333230120325475
LR_a0p1_qp05,8,0.05,ALL,100,1,3.0336190589323597,2.396007754754272,0.25817376190438496,0.003890043895699681,0.012262900799787035
LR_a0p1_qp05,8,0.05,near_FINAL_SELECTED,8,0,2.7776589775070235,2.461386384855321,0.20704410421871414,0.000428672610917298,0.0005334247017859538
LR_a0p1_qp05,8,0.05,far_FINAL_SELECTED,92,1,3.0530635365660594,2.396007754754272,0.2621489587514744,0.004191032703072062,0.01328285524309148
LR_a0p1_qp05,8,0.1,ALL,100,1,3.0336190589323597,2.396007754754272,0.25817376190438496,0.003890043895699681,0.012262900799787035
LR_a0p1_qp05,8,0.1,near_FINAL_SELECTED,19,0,2.415936506679093,2.1507170512026645,0.17205035857979314,0.00029601325887435416,0.000287654119430727
LR_a0p1_qp05,8,0.1,far_FINAL_SELECTED,81,1,3.1477011035593447,2.5117139963406303,0.27449041319302153,0.004733088119152535,0.015071909280364441
LR_a0p1_qp05,8,0.2,ALL,100,1,3.0336190589323597,2.396007754754272,0.25817376190438496,0.003890043895699681,0.012262900799787035
LR_a0p1_qp05,8,0.2,near_FINAL_SELECTED,31,0,2.8221878147944146,2.481664323528062,0.18177190323260498,0.0003304102480480353,0.0004206097880797888
LR_a0p1_qp05,8,0.2,far_FINAL_SELECTED,69,1,3.1127814791753563,2.383439044750546,0.285928372621721,0.005489299592470712,0.01758335038475696
LR_a0p1_qp05,9,0.05,ALL,100,1,2.8438741828998286,2.269640953491156,0.3024471222304794,0.0022266641922843054,0.005243641075512862
LR_a0p1_qp05,9,0.05,near_FINAL_SELECTED,5,0,2.984113414433629,3.5270751354934844,0.16207305653278467,0.0002626767565387923,0.000322449333403575
LR_a0p1_qp05,9,0.05,far_FINAL_SELECTED,95,1,2.8370084953061787,2.217035910295032,0.30806847831167017,0.0023300319520603856,0.005502651167202824
LR_a0p1_qp05,9,0.1,ALL,100,1,2.8438741828998286,2.269640953491156,0.3024471222304794,0.0022266641922843054,0.005243641075512862
LR_a0p1_qp05,9,0.1,near_FINAL_SELECTED,12,0,3.3150004649976705,3.4716843807627384,0.44664323162572916,0.001994901763570749,0.010148161495881656
LR_a0p1_qp05,9,0.1,far_FINAL_SELECTED,88,1,2.7797594312127596,2.1981928669451776,0.27702855239834034,0.0022582681598361546,0.004574842836371662
LR_a0p1_qp05,9,0.2,ALL,100,1,2.8438741828998286,2.269640953491156,0.3024471222304794,0.0022266641922843054,0.005243641075512862
LR_a0p1_qp05,9,0.2,near_FINAL_SELECTED,22,1,2.7893578177898326,2.934418507294606,0.336795072878376,0.0011343092111515069,0.005571230459734467
LR_a0p1_qp05,9,0.2,far_FINAL_SELECTED,78,0,2.8592153873315422,2.209121800924761,0.2920297207832191,0.0025347643151679153,0.005151244069706768
LR_a0p3_qm05,0,0.05,ALL,100,9,2.811921655519637,2.6870125837912457,0.43623777580300865,0.052198352838307926,0.06303091535223299
LR_a0p3_qm05,0,0.05,near_FINAL_SELECTED,9,6,2.102038538751596,0.05237588640200604,0.3462731338414355,0.06963303177953581,0.14211143175478386
LR_a0p3_qm05,0,0.05,far_FINAL_SELECTED,91,3,2.8574420246078116,2.722826845566337,0.4441462232585799,0.050474043932032635,0.05520976537835433
LR_a0p3_qm05,0,0.1,ALL,100,9,2.811921655519637,2.6870125837912457,0.43623777580300865,0.052198352838307926,0.06303091535223299
LR_a0p3_qm05,0,0.1,near_FINAL_SELECTED,14,9,2.092289715575557,0.06822110454318092,0.27962417695420166,0.04556392515878049,0.09230784143358686
LR_a0p3_qm05,0,0.1,far_FINAL_SELECTED,86,0,2.883958282147952,2.7501275422743143,0.4566776403526457,0.053278375948928654,0.058264904129687
LR_a0p3_qm05,0,0.2,ALL,100,9,2.811921655519637,2.6870125837912457,0.43623777580300865,0.052198352838307926,0.06303091535223299
LR_a0p3_qm05,0,0.2,near_FINAL_SELECTED,20,9,2.2553999256323185,1.673581840275588,0.26690153982511583,0.043700124944261586,0.07563816837333784
LR_a0p3_qm05,0,0.2,far_FINAL_SELECTED,80,0,2.9058325209949936,2.8867164303244786,0.4691163377102641,0.05432290981181951,0.05987910209695678
LR_a0p3_qm05,1,0.05,ALL,100,16,2.9164191444633207,2.89643243426112,0.418811577887092,0.050648319919384434,0.0617290531348719
LR_a0p3_qm05,1,0.05,near_FINAL_SELECTED,13,11,1.5188994484884994,0.05646067862234985,0.15318129189907542,0.015586645439044578,0.025156869413469524
LR_a0p3_qm05,1,0.05,far_FINAL_SELECTED,87,5,3.022122030358509,3.013718638494238,0.4450916884850259,0.05588742070380302,0.06719386219669063
LR_a0p3_qm05,1,0.1,ALL,100,16,2.9164191444633207,2.89643243426112,0.418811577887092,0.050648319919384434,0.0617290531348719
LR_a0p3_qm05,1,0.1,near_FINAL_SELECTED,17,14,1.3997729275746869,0.04113779392149433,0.1345382664031419,0.012031970163227719,0.01930379738396274
LR_a0p3_qm05,1,0.1,far_FINAL_SELECTED,83,2,3.0855991441514607,3.0617728717064137,0.45565528756419815,0.058557692761006884,0.07041856334891351
LR_a0p3_qm05,1,0.2,ALL,100,16,2.9164191444633207,2.89643243426112,0.418811577887092,0.050648319919384434,0.0617290531348719
LR_a0p3_qm05,1,0.2,near_FINAL_SELECTED,22,16,1.6442943150045932,0.04879923627192209,0.17226289304453368,0.020269150597597586,0.02704850586840687
LR_a0p3_qm05,1,0.2,far_FINAL_SELECTED,78,0,3.1255288778780996,3.0646560811120693,0.46530214449221163,0.05921680357424739,0.07151074595361843
LR_a0p3_qm05,2,0.05,ALL,100,10,2.861171996308897,2.744676045754745,0.3957836504970645,0.04633677830686303,0.05172571337351635
LR_a0p3_qm05,2,0.05,near_FINAL_SELECTED,6,4,2.6303334782154955,0.08113597895670357,0.11538790461665276,0.008770918296560893,0.012406679634271688
LR_a0p3_qm05,2,0.05,far_FINAL_SELECTED,94,6,2.8693343430726768,2.824558370572327,0.40717740904300115,0.04873459915858445,0.05423543893134047
LR_a0p3_qm05,2,0.1,ALL,100,10,2.861171996308897,2.744676045754745,0.3957836504970645,0.04633677830686303,0.05172571337351635
LR_a0p3_qm05,2,0.1,near_FINAL_SELECTED,11,7,2.468211791591769,0.09549877882177693,0.238269211434776,0.03889173905887922,0.041841880341090536
LR_a0p3_qm05,2,0.1,far_FINAL_SELECTED,89,3,2.886367272791021,2.8741092369455727,0.41108209371467724,0.047256951697063274,0.052947310714602694
LR_a0p3_qm05,2,0.2,ALL,100,10,2.861171996308897,2.744676045754745,0.3957836504970645,0.04633677830686303,0.05172571337351635
LR_a0p3_qm05,2,0.2,near_FINAL_SELECTED,20,9,2.9675160127934337,2.281111326239458,0.3730503753212448,0.0957742161991019,0.13246051457522928
LR_a0p3_qm05,2,0.2,far_FINAL_SELECTED,80,1,2.8444048001786904,2.8729854667874273,0.4012657808350317,0.03397741883380332,0.03154201307308811
LR_a0p3_qm05,3,0.05,ALL,100,15,2.8667172632980806,2.7831095570487507,0.44416193197395576,0.05634009019221559,0.06453949124638338
LR_a0p3_qm05,3,0.05,near_FINAL_SELECTED,11,10,0.9456109983254168,0.05706401806037364,0.1526059707868058,0.016666315226208657,0.012837093257128573
LR_a0p3_qm05,3,0.05,far_FINAL_SELECTED,89,5,2.9652489642287625,2.9526473311304557,0.4677439011182578,0.06124359046891308,0.07092967526752722
LR_a0p3_qm05,3,0.1,ALL,100,15,2.8667172632980806,2.7831095570487507,0.44416193197395576,0.05634009019221559,0.06453949124638338
LR_a0p3_qm05,3,0.1,near_FINAL_SELECTED,17,15,1.195898549294603,0.056639115161075775,0.1282667710004596,0.011735493975043235,0.009298819322404912
LR_a0p3_qm05,3,0.1,far_FINAL_SELECTED,83,0,3.0043847755356716,3.028827176898307,0.48406277577875617,0.06547597134513042,0.0758538457368368
LR_a0p3_qm05,3,0.2,ALL,100,15,2.8667172632980806,2.7831095570487507,0.44416193197395576,0.05634009019221559,0.06453949124638338
LR_a0p3_qm05,3,0.2,near_FINAL_SELECTED,20,15,1.891250498938938,0.06224002323354584,0.17063110575871654,0.02026055052373769,0.01919608254186658
LR_a0p3_qm05,3,0.2,far_FINAL_SELECTED,80,0,3.0082718573173346,2.9974929085521422,0.4892044906840446,0.06535997510933507,0.07587534342251256
LR_a0p3_qm05,4,0.05,ALL,100,13,3.0285324538975944,2.8908784434255974,0.47366935962691764,0.0706030055466318,0.09075540875021887
LR_a0p3_qm05,4,0.05,near_FINAL_SELECTED,13,12,0.41274732571631184,0.02582670221092374,0.05586385078414735,0.0026770788896044147,0.00045804388925872047
LR_a0p3_qm05,4,0.05,far_FINAL_SELECTED,87,1,3.158744850051495,2.969442783833937,0.5073675153182626,0.08075285665630257,0.10424811844208648
LR_a0p3_qm05,4,0.1,ALL,100,13,3.0285324538975944,2.8908784434255974,0.47366935962691764,0.0706030055466318,0.09075540875021887
LR_a0p3_qm05,4,0.1,near_FINAL_SELECTED,16,13,1.7708487186028867,0.02995551438328623,0.34116322412724753,0.07511426760953838,0.13447152591483316
LR_a0p3_qm05,4,0.1,far_FINAL_SELECTED,84,0,3.143128691257822,2.958246248916043,0.4949024518719759,0.06974371753464961,0.08242852929029232
LR_a0p3_qm05,4,0.2,ALL,100,13,3.0285324538975944,2.8908784434255974,0.47366935962691764,0.0706030055466318,0.09075540875021887
LR_a0p3_qm05,4,0.2,near_FINAL_SELECTED,19,13,2.1745487093042226,0.05397336332329433,0.3500419597887377,0.08023932590194158,0.12995133326951608
LR_a0p3_qm05,4,0.2,far_FINAL_SELECTED,81,0,3.1409040596897913,2.969442783833937,0.4982464079556253,0.06834263410526285,0.08156130299877877
LR_a0p3_qm05,5,0.05,ALL,100,7,2.727231718577533,2.719616485561528,0.38118636784555765,0.03845438466507117,0.03849344892343978
LR_a0p3_qm05,5,0.05,near_FINAL_SELECTED,7,2,2.3010468786071594,2.3554798213912833,0.19095048275474036,0.02742984828248223,0.02026119642021083
LR_a0p3_qm05,5,0.05,far_FINAL_SELECTED,93,5,2.7558064612667237,2.7778665848414494,0.3917848610735756,0.03928418847881443,0.03986576900432799
LR_a0p3_qm05,5,0.1,ALL,100,7,2.727231718577533,2.719616485561528,0.38118636784555765,0.03845438466507117,0.03849344892343978
LR_a0p3_qm05,5,0.1,near_FINAL_SELECTED,9,3,2.2920677556476945,2.3554798213912833,0.16881257746485961,0.021429367301423013,0.015851869262026922
LR_a0p3_qm05,5,0.1,far_FINAL_SELECTED,91,4,2.763656246367899,2.7861125558907514,0.396049524130671,0.04013817759114626,0.04073272603281029
LR_a0p3_qm05,5,0.2,ALL,100,7,2.727231718577533,2.719616485561528,0.38118636784555765,0.03845438466507117,0.03849344892343978
LR_a0p3_qm05,5,0.2,near_FINAL_SELECTED,17,7,2.1809751387726686,2.118769001391318,0.19901768794299532,0.02881427596387975,0.02376289368511972
LR_a0p3_qm05,5,0.2,far_FINAL_SELECTED,83,0,2.809639917079695,2.794542072776941,0.40859689419037787,0.04042886476049592,0.041510550598758356
LR_a0p3_qm05,6,0.05,ALL,100,10,2.8291095927175984,2.7770671596965446,0.4212812217099541,0.049793412894502946,0.05035984371438885
LR_a0p3_qm05,6,0.05,near_FINAL_SELECTED,13,9,2.0067326914620147,0.04904581570094153,0.12844289093588904,0.0116745679509788,0.01177704480402478
LR_a0p3_qm05,6,0.05,far_FINAL_SELECTED,87,1,2.894076458856494,2.862898907584727,0.44892359493183653,0.05548933225388013,0.05612508952858118
LR_a0p3_qm05,6,0.1,ALL,100,10,2.8291095927175984,2.7770671596965446,0.4212812217099541,0.049793412894502946,0.05035984371438885
LR_a0p3_qm05,6,0.1,near_FINAL_SELECTED,15,9,2.1129787428702516,0.04932742447766169,0.164280396492568,0.019253527495400997,0.017939321727770352
LR_a0p3_qm05,6,0.1,far_FINAL_SELECTED,85,1,2.9063338509820267,2.890501798737537,0.4517022190163732,0.05518280443552094,0.056081112300262706
LR_a0p3_qm05,6,0.2,ALL,100,10,2.8291095927175984,2.7770671596965446,0.4212812217099541,0.049793412894502946,0.05035984371438885
LR_a0p3_qm05,6,0.2,near_FINAL_SELECTED,20,10,2.14461593700934,0.9358972794948679,0.2188540063568456,0.03277341299474793,0.030737865437715194
LR_a0p3_qm05,6,0.2,far_FINAL_SELECTED,80,0,2.931980636726138,2.9615632599288144,0.4581190518655372,0.05404841286944171,0.055265338283557265
LR_a0p3_qm05,7,0.05,ALL,100,12,3.048731411795827,2.9982121360598697,0.42859642783375934,0.05220870366578781,0.06603804124356377
LR_a0p3_qm05,7,0.05,near_FINAL_SELECTED,12,9,1.673638216751647,0.052586518439140084,0.1286108351236777,0.010009661016658476,0.01710018288320557
LR_a0p3_qm05,7,0.05,far_FINAL_SELECTED,88,3,3.139102410064513,3.1046994663803265,0.4544102175579223,0.05796311857248727,0.07271138556543079
LR_a0p3_qm05,7,0.1,ALL,100,12,3.048731411795827,2.9982121360598697,0.42859642783375934,0.05220870366578781,0.06603804124356377
LR_a0p3_qm05,7,0.1,near_FINAL_SELECTED,15,12,1.5189586563614703,0.04104141597195555,0.11503345403234722,0.00800782683097107,0.013680146312423747
LR_a0p3_qm05,7,0.1,far_FINAL_SELECTED,85,0,3.1684456238199625,3.118361119339768,0.46235966852894567,0.060008858401343707,0.07527766976082378
LR_a0p3_qm05,7,0.2,ALL,100,12,3.048731411795827,2.9982121360598697,0.42859642783375934,0.05220870366578781,0.06603804124356377
LR_a0p3_qm05,7,0.2,near_FINAL_SELECTED,17,12,1.9785969074866463,0.04320547084441816,0.18527023591782996,0.019411473946373187,0.030546263599641764
LR_a0p3_qm05,7,0.2,far_FINAL_SELECTED,83,0,3.1523771977741015,3.1161627799320493,0.46291329654485497,0.05892620854807756,0.07330744148388514
LR_a0p3_qm05,8,0.05,ALL,100,6,2.940488064033583,2.9545773638141437,0.4390618166742318,0.0528837454700167,0.060085787236315816
LR_a0p3_qm05,8,0.05,near_FINAL_SELECTED,4,2,1.3360047119507603,0.7834342282242196,0.08360341255454758,0.005202781905851882,0.002407319140487901
LR_a0p3_qm05,8,0.05,far_FINAL_SELECTED,96,4,2.975007651346416,2.9750704991122054,0.4477905221260063,0.05487045228519022,0.06248905674030864
LR_a0p3_qm05,8,0.1,ALL,100,6,2.940488064033583,2.9545773638141437,0.4390618166742318,0.0528837454700167,0.060085787236315816
LR_a0p3_qm05,8,0.1,near_FINAL_SELECTED,11,5,2.0916123235117077,1.5290319014491693,0.1610117614805507,0.018458018961840992,0.018107320010149773
LR_a0p3_qm05,8,0.1,far_FINAL_SELECTED,89,1,3.0212335556574033,3.0862808470687284,0.4619494016925082,0.057138610544060886,0.0652741371182015
LR_a0p3_qm05,8,0.2,ALL,100,6,2.940488064033583,2.9545773638141437,0.4390618166742318,0.0528837454700167,0.060085787236315816
LR_a0p3_qm05,8,0.2,near_FINAL_SELECTED,14,6,2.2094058319719156,1.7768296265360382,0.17801456888618816,0.022603545688559462,0.023750257078954038
LR_a0p3_qm05,8,0.2,far_FINAL_SELECTED,86,0,3.0342562208922166,3.0966354166051087,0.4679728583839443,0.057813080318160896,0.06600087354100262
LR_a0p3_qm05,9,0.05,ALL,100,13,2.7776492303977602,2.7310982347399997,0.4378955876461989,0.054726132506044564,0.06118455157646802
LR_a0p3_qm05,9,0.05,near_FINAL_SELECTED,7,5,1.888521270767383,0.07120355891591565,0.27078061855941293,0.0510276759757746,0.04980223724819345
LR_a0p3_qm05,9,0.05,far_FINAL_SELECTED,93,8,2.8126956002689805,2.755567617599048,0.4479583261661767,0.055004510954559514,0.062041284913004806
LR_a0p3_qm05,9,0.1,ALL,100,13,2.7776492303977602,2.7310982347399997,0.4378955876461989,0.054726132506044564,0.06118455157646802
LR_a0p3_qm05,9,0.1,near_FINAL_SELECTED,12,9,1.5709109244931243,0.07303386547445914,0.24103186323139839,0.0416053026344139,0.03661458106365841
LR_a0p3_qm05,9,0.1,far_FINAL_SELECTED,88,4,2.8652986615307015,2.8065069445260242,0.45823398968817075,0.056515336579448745,0.06453500210094207
LR_a0p3_qm05,9,0.2,ALL,100,13,2.7776492303977602,2.7310982347399997,0.4378955876461989,0.054726132506044564,0.06118455157646802
LR_a0p3_qm05,9,0.2,near_FINAL_SELECTED,20,13,1.8006846564838412,0.07303386547445914,0.3089896696391369,0.0614239534439706,0.062171923540087236
LR_a0p3_qm05,9,0.2,far_FINAL_SELECTED,80,0,2.926272003832236,2.84526781581468,0.4645664948251075,0.053051677271563055,0.06093770858556322
LR_a0p3_q0,0,0.05,ALL,100,0,3.3425485506114883,3.277506206385894,0.5362645166501631,0.06246121275647897,0.08635545673671316
LR_a0p3_q0,0,0.05,near_FINAL_SELECTED,0,0,,,,,
LR_a0p3_q0,0,0.05,far_FINAL_SELECTED,100,0,3.3425485506114883,3.277506206385894,0.5362645166501631,0.06246121275647897,0.08635545673671316
LR_a0p3_q0,0,0.1,ALL,100,0,3.3425485506114883,3.277506206385894,0.5362645166501631,0.06246121275647897,0.08635545673671316
LR_a0p3_q0,0,0.1,near_FINAL_SELECTED,3,0,3.7191127841055924,3.746632832466685,0.49132029433060737,0.12520982157761548,0.2657364068882247
LR_a0p3_q0,0,0.1,far_FINAL_SELECTED,97,0,3.3299478582255357,3.2659457392401885,0.5375946455817281,0.060520534133144864,0.08080759229903754
LR_a0p3_q0,0,0.2,ALL,100,0,3.3425485506114883,3.277506206385894,0.5362645166501631,0.06246121275647897,0.08635545673671316
LR_a0p3_q0,0,0.2,near_FINAL_SELECTED,5,0,3.383884136635346,2.7623450575614896,0.4764132633649795,0.11756082107952985,0.1789972895990148
LR_a0p3_q0,0,0.2,far_FINAL_SELECTED,95,0,3.340527929291165,3.289066673531599,0.5392305941095287,0.05956123337105523,0.08147957079659203
LR_a0p3_q0,1,0.05,ALL,100,0,3.4080191866103378,3.373375713676924,0.5063208855780984,0.05316385786986737,0.07934955806119516
LR_a0p3_q0,1,0.05,near_FINAL_SELECTED,0,0,,,,,
LR_a0p3_q0,1,0.05,far_FINAL_SELECTED,100,0,3.4080191866103378,3.373375713676924,0.5063208855780984,0.05316385786986737,0.07934955806119516
LR_a0p3_q0,1,0.1,ALL,100,0,3.4080191866103378,3.373375713676924,0.5063208855780984,0.05316385786986737,0.07934955806119516
LR_a0p3_q0,1,0.1,near_FINAL_SELECTED,0,0,,,,,
LR_a0p3_q0,1,0.1,far_FINAL_SELECTED,100,0,3.4080191866103378,3.373375713676924,0.5063208855780984,0.05316385786986737,0.07934955806119516
LR_a0p3_q0,1,0.2,ALL,100,0,3.4080191866103378,3.373375713676924,0.5063208855780984,0.05316385786986737,0.07934955806119516
LR_a0p3_q0,1,0.2,near_FINAL_SELECTED,0,0,,,,,
LR_a0p3_q0,1,0.2,far_FINAL_SELECTED,100,0,3.4080191866103378,3.373375713676924,0.5063208855780984,0.05316385786986737,0.07934955806119516
LR_a0p3_q0,2,0.05,ALL,100,0,3.3670948844474373,3.389284342623178,0.5008374396431204,0.0541596234131959,0.06990598013467077
LR_a0p3_q0,2,0.05,near_FINAL_SELECTED,0,0,,,,,
LR_a0p3_q0,2,0.05,far_FINAL_SELECTED,100,0,3.3670948844474373,3.389284342623178,0.5008374396431204,0.0541596234131959,0.06990598013467077
LR_a0p3_q0,2,0.1,ALL,100,0,3.3670948844474373,3.389284342623178,0.5008374396431204,0.0541596234131959,0.06990598013467077
LR_a0p3_q0,2,0.1,near_FINAL_SELECTED,1,0,3.3625897638193956,3.3625897638193956,1.1015180349349976,0.6957757923942975,0.9424937043572275
LR_a0p3_q0,2,0.1,far_FINAL_SELECTED,99,0,3.367148085759018,3.399467331694359,0.4910355179971743,0.047678652009346394,0.061091962718281295
LR_a0p3_q0,2,0.2,ALL,100,0,3.3670948844474373,3.389284342623178,0.5008374396431204,0.0541596234131959,0.06990598013467077
LR_a0p3_q0,2,0.2,near_FINAL_SELECTED,2,0,2.9487615674504712,2.9700277366908407,0.8171839702546179,0.3777214375200881,0.5007655166638642
LR_a0p3_q0,2,0.2,far_FINAL_SELECTED,98,0,3.377776899467595,3.400912725821902,0.49226916078156474,0.047556321084483814,0.06111292836876885
LR_a0p3_q0,3,0.05,ALL,100,0,3.3828252185291956,3.368562816118369,0.5278572674027117,0.06403814563680638,0.09766431008559129
LR_a0p3_q0,3,0.05,near_FINAL_SELECTED,0,0,,,,,
LR_a0p3_q0,3,0.05,far_FINAL_SELECTED,100,0,3.3828252185291956,3.368562816118369,0.5278572674027117,0.06403814563680638,0.09766431008559129
LR_a0p3_q0,3,0.1,ALL,100,0,3.3828252185291956,3.368562816118369,0.5278572674027117,0.06403814563680638,0.09766431008559129
LR_a0p3_q0,3,0.1,near_FINAL_SELECTED,1,0,3.3165242169721005,3.3165242169721005,0.8654161691665649,0.4081751044909382,0.6488224157707653
LR_a0p3_q0,3,0.1,far_FINAL_SELECTED,99,0,3.3837095223430227,3.3766461332453606,0.5233380074017373,0.06056201473928989,0.09209705649281176
LR_a0p3_q0,3,0.2,ALL,100,0,3.3828252185291956,3.368562816118369,0.5278572674027117,0.06403814563680638,0.09766431008559129
LR_a0p3_q0,3,0.2,near_FINAL_SELECTED,1,0,3.3165242169721005,3.3165242169721005,0.8654161691665649,0.4081751044909382,0.6488224157707653
LR_a0p3_q0,3,0.2,far_FINAL_SELECTED,99,0,3.3837095223430227,3.3766461332453606,0.5233380074017373,0.06056201473928989,0.09209705649281176
LR_a0p3_q0,4,0.05,ALL,100,0,3.5722210497120845,3.5051465331605045,0.5714318243249217,0.07364957634283707,0.11017235418095934
LR_a0p3_q0,4,0.05,near_FINAL_SELECTED,1,0,2.7576460660121604,2.7576460660121604,0.4517858624458313,0.11124020370072835,0.11284022623519172
LR_a0p3_q0,4,0.05,far_FINAL_SELECTED,99,0,3.581837732484171,3.519292716049944,0.5725128247835725,0.07326987303619173,0.11014540597839133
LR_a0p3_q0,4,0.1,ALL,100,0,3.5722210497120845,3.5051465331605045,0.5714318243249217,0.07364957634283707,0.11017235418095934
LR_a0p3_q0,4,0.1,near_FINAL_SELECTED,2,0,3.2735088083669783,3.357466110871431,0.3907021950539081,0.0860707471539279,0.0942547324254088
LR_a0p3_q0,4,0.1,far_FINAL_SELECTED,98,0,3.5784904982897303,3.5051465331605045,0.5745285252033675,0.07339608306097808,0.11049720360454199
LR_a0p3_q0,4,0.2,ALL,100,0,3.5722210497120845,3.5051465331605045,0.5714318243249217,0.07364957634283707,0.11017235418095934
LR_a0p3_q0,4,0.2,near_FINAL_SELECTED,4,0,4.090007958278687,4.109247574057244,0.5760967224303496,0.17504980673891346,0.31905585244796597
LR_a0p3_q0,4,0.2,far_FINAL_SELECTED,96,0,3.5504264013254945,3.4801629929696047,0.5712366268561462,0.06942456674300057,0.10146887508650072
LR_a0p3_q0,5,0.05,ALL,100,0,3.221830390306943,3.2081508725305916,0.4880622522523528,0.045590904752161994,0.0645628909203325
LR_a0p3_q0,5,0.05,near_FINAL_SELECTED,3,0,2.986061996266229,3.320853246788106,0.3774668858721761,0.07765228121187093,0.06835935445908232
LR_a0p3_q0,5,0.05,far_FINAL_SELECTED,97,0,3.2312031090459494,3.1920374857594265,0.4910858204710977,0.044599315789490585,0.06444547452222683
LR_a0p3_q0,5,0.1,ALL,100,0,3.221830390306943,3.2081508725305916,0.4880622522523528,0.045590904752161994,0.0645628909203325
LR_a0p3_q0,5,0.1,near_FINAL_SELECTED,3,0,2.986061996266229,3.320853246788106,0.3774668858721761,0.07765228121187093,0.06835935445908232
LR_a0p3_q0,5,0.1,far_FINAL_SELECTED,97,0,3.2312031090459494,3.1920374857594265,0.4910858204710977,0.044599315789490585,0.06444547452222683
LR_a0p3_q0,5,0.2,ALL,100,0,3.221830390306943,3.2081508725305916,0.4880622522523528,0.045590904752161994,0.0645628909203325
LR_a0p3_q0,5,0.2,near_FINAL_SELECTED,5,0,3.0848793571743034,3.320853246788106,0.3428077436197614,0.06365410383757301,0.05595357655848008
LR_a0p3_q0,5,0.2,far_FINAL_SELECTED,95,0,3.229819765210375,3.1755319287882946,0.4945267856290343,0.044640210063456136,0.06501601272885106
LR_a0p3_q0,6,0.05,ALL,100,0,3.3577712617300985,3.3702919410334875,0.4736435263322641,0.047277650937745504,0.06456762197930015
LR_a0p3_q0,6,0.05,near_FINAL_SELECTED,2,0,2.8507623876320487,2.850279081074747,0.17215557280117397,0.01648485507548588,0.015887580921797595
LR_a0p3_q0,6,0.05,far_FINAL_SELECTED,98,0,3.36870834787339,3.3923234356126386,0.4778197072796692,0.04790607534309774,0.06556109220496346
LR_a0p3_q0,6,0.1,ALL,100,0,3.3577712617300985,3.3702919410334875,0.4736435263322641,0.047277650937745504,0.06456762197930015
LR_a0p3_q0,6,0.1,near_FINAL_SELECTED,2,0,2.8507623876320487,2.850279081074747,0.17215557280117397,0.01648485507548588,0.015887580921797595
LR_a0p3_q0,6,0.1,far_FINAL_SELECTED,98,0,3.36870834787339,3.3923234356126386,0.4778197072796692,0.04790607534309774,0.06556109220496346
LR_a0p3_q0,6,0.2,ALL,100,0,3.3577712617300985,3.3702919410334875,0.4736435263322641,0.047277650937745504,0.06456762197930015
LR_a0p3_q0,6,0.2,near_FINAL_SELECTED,8,0,3.2520768419346253,3.2038973668500894,0.3433413627057351,0.06167845012436791,0.07357009378158828
LR_a0p3_q0,6,0.2,far_FINAL_SELECTED,92,0,3.3662163850152007,3.3923234356126386,0.48331680888294715,0.04602540753021312,0.06378479834431856
LR_a0p3_q0,7,0.05,ALL,100,0,3.6564294061866804,3.6528626345541184,0.5114152045772739,0.05885013904678916,0.0879735209933857
LR_a0p3_q0,7,0.05,near_FINAL_SELECTED,1,0,3.0176120074728088,3.0176120074728088,0.47500187158584595,0.13579911701480274,0.15066465570726678
LR_a0p3_q0,7,0.05,far_FINAL_SELECTED,99,0,3.6642982652059257,3.6550740116325993,0.5117697987985786,0.058072876643071855,0.08734027720839703
LR_a0p3_q0,7,0.1,ALL,100,0,3.6564294061866804,3.6528626345541184,0.5114152045772739,0.05885013904678916,0.0879735209933857
LR_a0p3_q0,7,0.1,near_FINAL_SELECTED,1,0,3.0176120074728088,3.0176120074728088,0.47500187158584595,0.13579911701480274,0.15066465570726678
LR_a0p3_q0,7,0.1,far_FINAL_SELECTED,99,0,3.6642982652059257,3.6550740116325993,0.5117697987985786,0.058072876643071855,0.08734027720839703
LR_a0p3_q0,7,0.2,ALL,100,0,3.6564294061866804,3.6528626345541184,0.5114152045772739,0.05885013904678916,0.0879735209933857
LR_a0p3_q0,7,0.2,near_FINAL_SELECTED,2,0,3.5967019925608747,3.627509195295896,0.7175270084521805,0.27557401662131287,0.42917807093132787
LR_a0p3_q0,7,0.2,far_FINAL_SELECTED,98,0,3.657855035911485,3.6528626345541184,0.5063359892359612,0.054427202769758064,0.0810101628313869
LR_a0p3_q0,8,0.05,ALL,100,1,3.4783487828366346,3.501037691186233,0.5080693553823965,0.06537758571765168,0.09915487729020848
LR_a0p3_q0,8,0.05,near_FINAL_SELECTED,0,0,,,,,
LR_a0p3_q0,8,0.05,far_FINAL_SELECTED,100,1,3.4783487828366346,3.501037691186233,0.5080693553823965,0.06537758571765168,0.09915487729020848
LR_a0p3_q0,8,0.1,ALL,100,1,3.4783487828366346,3.501037691186233,0.5080693553823965,0.06537758571765168,0.09915487729020848
LR_a0p3_q0,8,0.1,near_FINAL_SELECTED,1,0,2.6982380895003213,2.6982380895003213,0.4642288386821747,0.12358060653400249,0.11429537824400958
LR_a0p3_q0,8,0.1,far_FINAL_SELECTED,99,1,3.4870836351059458,3.527369691366861,0.5084929066299466,0.06478967641647641,0.09900194293713979
LR_a0p3_q0,8,0.2,ALL,100,1,3.4783487828366346,3.501037691186233,0.5080693553823965,0.06537758571765168,0.09915487729020848
LR_a0p3_q0,8,0.2,near_FINAL_SELECTED,5,1,3.409717211336142,3.245151370979594,0.5092312108568987,0.1395606294953618,0.20488896235850182
LR_a0p3_q0,8,0.2,far_FINAL_SELECTED,95,0,3.4816139133157735,3.527369691366861,0.5080081314860441,0.06147321499250905,0.09358992544450882
LR_a0p3_q0,9,0.05,ALL,100,0,3.3188861371787817,3.1980980614328693,0.5056314403802031,0.05242419912597872,0.07852499833926987
LR_a0p3_q0,9,0.05,near_FINAL_SELECTED,1,0,3.8042573596691347,3.8042573596691347,0.8974344730377197,0.4389368052010868,0.8301099900323945
LR_a0p3_q0,9,0.05,far_FINAL_SELECTED,99,0,3.3125908738088383,3.1947920413544146,0.5001103586967095,0.04852003138784631,0.07093323074641003
LR_a0p3_q0,9,0.1,ALL,100,0,3.3188861371787817,3.1980980614328693,0.5056314403802031,0.05242419912597872,0.07852499833926987
LR_a0p3_q0,9,0.1,near_FINAL_SELECTED,5,0,3.0738530039772667,3.201404081511324,0.5112464127843025,0.14048159203690333,0.22794611316397934
LR_a0p3_q0,9,0.1,far_FINAL_SELECTED,95,0,3.3335797064691315,3.1947920413544146,0.5053341872586247,0.04778959949908796,0.07066072913796939
LR_a0p3_q0,9,0.2,ALL,100,0,3.3188861371787817,3.1980980614328693,0.5056314403802031,0.05242419912597872,0.07852499833926987
LR_a0p3_q0,9,0.2,near_FINAL_SELECTED,6,0,3.0801706233777266,3.1643305159953705,0.46701735389821075,0.11721172828911801,0.1900706822322267
LR_a0p3_q0,9,0.2,far_FINAL_SELECTED,94,0,3.335252761762172,3.238307229306995,0.5079965247100443,0.048288824924076205,0.07140506106950668
LR_a0p3_qp05,0,0.05,ALL,100,31,3.811856994988541,3.4361440097515548,0.5240798538062844,0.04576234022179403,0.13626595577085318
LR_a0p3_qp05,0,0.05,near_FINAL_SELECTED,3,1,3.449433188304022,1.8040950128110538,0.6486432265333948,0.11943013416535721,0.39589136877631015
LR_a0p3_qp05,0,0.05,far_FINAL_SELECTED,97,30,3.8229008132506674,3.449456321780926,0.5197516775294002,0.04348395484209621,0.12823630382223078
LR_a0p3_qp05,0,0.1,ALL,100,31,3.811856994988541,3.4361440097515548,0.5240798538062844,0.04576234022179403,0.13626595577085318
LR_a0p3_qp05,0,0.1,near_FINAL_SELECTED,9,5,2.643413998074085,0.7926457024910897,0.45483530519384446,0.05696240552998533,0.16544740009013056
LR_a0p3_qp05,0,0.1,far_FINAL_SELECTED,91,26,3.9224525724705503,3.6361047210350343,0.5304372333212081,0.04465464145504985,0.13337987886015537
LR_a0p3_qp05,0,0.2,ALL,100,31,3.811856994988541,3.4361440097515548,0.5240798538062844,0.04576234022179403,0.13626595577085318
LR_a0p3_qp05,0,0.2,near_FINAL_SELECTED,16,11,2.1870091613274485,0.7506683551280855,0.3422563768908939,0.03211084687331948,0.09307697370509199
LR_a0p3_qp05,0,0.2,far_FINAL_SELECTED,84,20,4.044018379073851,3.844497875896766,0.5519633622697419,0.04836262466912253,0.14449242854528388
LR_a0p3_qp05,1,0.05,ALL,100,34,3.84270327629475,3.4822507842296906,0.5333600535155728,0.054341349082965534,0.18736097978096228
LR_a0p3_qp05,1,0.05,near_FINAL_SELECTED,5,3,2.294635864906805,0.9092379734715204,0.45018452269987175,0.04112736779473218,0.10150493834365219
LR_a0p3_qp05,1,0.05,far_FINAL_SELECTED,95,31,3.9026843555796535,3.616383284454752,0.5373812147444494,0.05503682178234624,0.19187971880397858
LR_a0p3_qp05,1,0.1,ALL,100,34,3.84270327629475,3.4822507842296906,0.5333600535155728,0.054341349082965534,0.18736097978096228
LR_a0p3_qp05,1,0.1,near_FINAL_SELECTED,10,8,1.7355744208418176,0.6756931123749133,0.31876926870685307,0.020588955396304242,0.05075373301499166
LR_a0p3_qp05,1,0.1,far_FINAL_SELECTED,90,26,3.9846083385570497,3.8472986790096977,0.5520784586138948,0.05809161504815014,0.202539562754959
LR_a0p3_qp05,1,0.2,ALL,100,34,3.84270327629475,3.4822507842296906,0.5333600535155728,0.054341349082965534,0.18736097978096228
LR_a0p3_qp05,1,0.2,near_FINAL_SELECTED,23,13,2.449832565893331,0.7041004746198132,0.25276546675254324,0.013174120045959607,0.031128111308325653
LR_a0p3_qp05,1,0.2,far_FINAL_SELECTED,77,21,4.184494677433561,3.876709652999111,0.5919132077195909,0.06663805386025304,0.23402794049356795
LR_a0p3_qp05,2,0.05,ALL,100,33,3.850827712780737,3.8668331962172897,0.5010620030001988,0.04755121558738346,0.13663399335925536
LR_a0p3_qp05,2,0.05,near_FINAL_SELECTED,3,1,1.1047860206980822,1.2301356743092142,0.06250207126395456,0.00035158580210560087,4.861486703437892e-05
LR_a0p3_qp05,2,0.05,far_FINAL_SELECTED,97,32,3.892603841674669,3.8751140782606175,0.5086326278226515,0.0490109979518766,0.1408582834157158
LR_a0p3_qp05,2,0.1,ALL,100,33,3.850827712780737,3.8668331962172897,0.5010620030001988,0.04755121558738346,0.13663399335925536
LR_a0p3_qp05,2,0.1,near_FINAL_SELECTED,7,4,2.3105020152233378,0.8209171436383629,0.27221468784047753,0.020997588151533957,0.05060699172115616
LR_a0p3_qp05,2,0.1,far_FINAL_SELECTED,93,29,3.929516945928811,3.921890462267587,0.5141817513807269,0.04954987571696355,0.14310914402018757
LR_a0p3_qp05,2,0.2,ALL,100,33,3.850827712780737,3.8668331962172897,0.5010620030001988,0.04755121558738346,0.13663399335925536
LR_a0p3_qp05,2,0.2,near_FINAL_SELECTED,13,8,2.742696983755436,0.962324741308236,0.3524751012894359,0.027670851643992356,0.06837566967726699
LR_a0p3_qp05,2,0.2,far_FINAL_SELECTED,87,25,3.9756657149416577,3.977139185230205,0.5196286253837086,0.050521844682372946,0.14683351298989733
LR_a0p3_qp05,3,0.05,ALL,100,32,3.815405874840768,3.6959696889481957,0.534547776496817,0.05210592267561453,0.17127745392446844
LR_a0p3_qp05,3,0.05,near_FINAL_SELECTED,7,5,2.2061691684765474,0.8052415686049671,0.36350146634702896,0.030639889013373642,0.05699947487524865
LR_a0p3_qp05,3,0.05,far_FINAL_SELECTED,93,27,3.8818764937696697,3.7599750118458357,0.5452551866166966,0.05372164563943911,0.17987902224000113
LR_a0p3_qp05,3,0.1,ALL,100,32,3.815405874840768,3.6959696889481957,0.534547776496817,0.05210592267561453,0.17127745392446844
LR_a0p3_qp05,3,0.1,near_FINAL_SELECTED,15,10,2.438114941135348,0.8533762952480851,0.3892994422250325,0.03857677368249521,0.08874656062035467
LR_a0p3_qp05,3,0.1,far_FINAL_SELECTED,85,22,3.9945474113696453,3.937555944977858,0.5562566240189152,0.054493419556753235,0.18584172921342967
LR_a0p3_qp05,3,0.2,ALL,100,32,3.815405874840768,3.6959696889481957,0.534547776496817,0.05210592267561453,0.17127745392446844
LR_a0p3_qp05,3,0.2,near_FINAL_SELECTED,24,17,2.0344254475675188,0.8418498102273255,0.30812623423717,0.024130327777760075,0.055468310440795976
LR_a0p3_qp05,3,0.2,far_FINAL_SELECTED,76,15,4.168808798663172,4.034850803798648,0.5882123889866919,0.06094032106441068,0.2078487623929966
LR_a0p3_qp05,4,0.05,ALL,100,44,4.0260674504686005,3.4309492830215027,0.5455095605349167,0.07469455053904366,0.27278093663952774
LR_a0p3_qp05,4,0.05,near_FINAL_SELECTED,8,7,2.2355499703950112,0.6563635399009549,0.3389117133066253,0.029725183674348805,0.07731455774564498
LR_a0p3_qp05,4,0.05,far_FINAL_SELECTED,92,37,4.117009082522859,3.869945998420278,0.559883323133998,0.07860493026640844,0.2897780130650828
LR_a0p3_qp05,4,0.1,ALL,100,44,4.0260674504686005,3.4309492830215027,0.5455095605349167,0.07469455053904366,0.27278093663952774
LR_a0p3_qp05,4,0.1,near_FINAL_SELECTED,15,14,1.7177922228430662,0.6696886123730482,0.24914052956480526,0.015926486433462127,0.04124001304654178
LR_a0p3_qp05,4,0.1,far_FINAL_SELECTED,85,30,4.238506873829576,4.1604601136991555,0.582358319163628,0.0850653853812051,0.3136410996265253
LR_a0p3_qp05,4,0.2,ALL,100,44,4.0260674504686005,3.4309492830215027,0.5455095605349167,0.07469455053904366,0.27278093663952774
LR_a0p3_qp05,4,0.2,near_FINAL_SELECTED,25,23,1.745496717221311,0.6564697619185988,0.19346985678112813,0.009590122287804505,0.024793516108771188
LR_a0p3_qp05,4,0.2,far_FINAL_SELECTED,75,21,4.423054814197553,4.282806679947064,0.6199172356202295,0.09639602662279005,0.35544341014977987
LR_a0p3_qp05,5,0.05,ALL,100,27,3.6809586303829533,3.8389057081483635,0.49560755817690527,0.04811341567296462,0.11719232293679772
LR_a0p3_qp05,5,0.05,near_FINAL_SELECTED,4,1,2.7308409925318626,2.5456190452719545,0.5442563654653594,0.056962019993449034,0.09406910734007708
LR_a0p3_qp05,5,0.05,far_FINAL_SELECTED,96,26,3.7170806060561663,3.8389057081483635,0.49347645594387696,0.047744723826277764,0.11815579025332774
LR_a0p3_qp05,5,0.1,ALL,100,27,3.6809586303829533,3.8389057081483635,0.49560755817690527,0.04811341567296462,0.11719232293679772
LR_a0p3_qp05,5,0.1,near_FINAL_SELECTED,11,5,2.4122595545946646,1.0452977861266413,0.34095394182184524,0.022432471554484565,0.03649470122576121
LR_a0p3_qp05,5,0.1,far_FINAL_SELECTED,89,22,3.80592654279441,3.957966127321136,0.5114853856614335,0.051287464946035186,0.12716618629434157
LR_a0p3_qp05,5,0.2,ALL,100,27,3.6809586303829533,3.8389057081483635,0.49560755817690527,0.04811341567296462,0.11719232293679772
LR_a0p3_qp05,5,0.2,near_FINAL_SELECTED,23,13,2.5349153854598256,0.8973790652691536,0.30132136536567133,0.018259007072951354,0.03281721172183474
LR_a0p3_qp05,5,0.2,far_FINAL_SELECTED,77,14,3.9391038749138088,4.137314726427302,0.5402549923687828,0.057030966293747806,0.14239527823477366
LR_a0p3_qp05,6,0.05,ALL,100,30,3.877489627467547,3.776442202159616,0.5278792809834557,0.04635352331328692,0.12578140947537805
LR_a0p3_qp05,6,0.05,near_FINAL_SELECTED,6,3,2.970431884743832,1.0566494786118001,0.22162199635663155,0.012616545180369178,0.030430996910640468
LR_a0p3_qp05,6,0.05,far_FINAL_SELECTED,94,27,3.922032772913812,3.8649046796222457,0.5415792085007337,0.0485069474494306,0.13186760602206346
LR_a0p3_qp05,6,0.1,ALL,100,30,3.877489627467547,3.776442202159616,0.5278792809834557,0.04635352331328692,0.12578140947537805
LR_a0p3_qp05,6,0.1,near_FINAL_SELECTED,13,9,2.079996921608763,0.6915613903925443,0.1535359529226658,0.0059044009245808335,0.014049561669978505
LR_a0p3_qp05,6,0.1,far_FINAL_SELECTED,87,21,4.053717906920917,4.075361619620941,0.5628253927217968,0.052397645049530366,0.14247697294055273
LR_a0p3_qp05,6,0.2,ALL,100,30,3.877489627467547,3.776442202159616,0.5278792809834557,0.04635352331328692,0.12578140947537805
LR_a0p3_qp05,6,0.2,near_FINAL_SELECTED,21,15,1.9844727014318677,0.6371957451659748,0.143493285170573,0.005003479667258594,0.011245253808185175
LR_a0p3_qp05,6,0.2,far_FINAL_SELECTED,79,15,4.198074770316494,4.171341584200793,0.5892846634164699,0.05734530706729445,0.15622772933627746
LR_a0p3_qp05,7,0.05,ALL,100,38,4.112796479784746,3.725868175552182,0.5202517503933369,0.0504283422718267,0.17936532086878054
LR_a0p3_qp05,7,0.05,near_FINAL_SELECTED,7,4,2.357130912296716,0.8308895461043536,0.2666960899991274,0.017269881213994337,0.03196056514241483
LR_a0p3_qp05,7,0.05,far_FINAL_SELECTED,93,34,4.217317360346486,3.7759181752238224,0.5344910225644715,0.05292414041596461,0.19046030248259302
LR_a0p3_qp05,7,0.1,ALL,100,38,4.112796479784746,3.725868175552182,0.5202517503933369,0.0504283422718267,0.17936532086878054
LR_a0p3_qp05,7,0.1,near_FINAL_SELECTED,12,8,2.874686204735251,0.7283053896036467,0.40516585131770183,0.042039886078777115,0.21120583373042254
LR_a0p3_qp05,7,0.1,far_FINAL_SELECTED,88,30,4.244877445264859,3.848948348087748,0.5340271100311669,0.05157222266178801,0.17502343275128388
LR_a0p3_qp05,7,0.2,ALL,100,38,4.112796479784746,3.725868175552182,0.5202517503933369,0.0504283422718267,0.17936532086878054
LR_a0p3_qp05,7,0.2,near_FINAL_SELECTED,25,19,2.5266410311381673,0.6784706979325397,0.30873111121233526,0.02441839133429169,0.11067492415117737
LR_a0p3_qp05,7,0.2,far_FINAL_SELECTED,75,19,4.520725433698035,4.0769276041870635,0.5736818619289848,0.0590983259176717,0.20226211977464822
LR_a0p3_qp05,8,0.05,ALL,100,28,4.031330291946897,3.7787179629981273,0.5489732478427641,0.05539107129189632,0.16053871058923683
LR_a0p3_qp05,8,0.05,near_FINAL_SELECTED,5,3,0.8375223092123395,0.6707319569268415,0.014683424341350908,1.9404265534935873e-05,1.782131196313008e-06
LR_a0p3_qp05,8,0.05,far_FINAL_SELECTED,95,25,4.11954232143204,3.9579296376878412,0.563224594539536,0.058305369556441645,0.16898802261334422
LR_a0p3_qp05,8,0.1,ALL,100,28,4.031330291946897,3.7787179629981273,0.5489732478427641,0.05539107129189632,0.16053871058923683
LR_a0p3_qp05,8,0.1,near_FINAL_SELECTED,12,5,2.732194630878805,1.2326245331238606,0.3234524276952934,0.029007054312504225,0.05139120784292839
LR_a0p3_qp05,8,0.1,far_FINAL_SELECTED,88,23,4.139088350705621,3.9963247209893615,0.5728884649590849,0.058988891789086166,0.17542246096373348
LR_a0p3_qp05,8,0.2,ALL,100,28,4.031330291946897,3.7787179629981273,0.5489732478427641,0.05539107129189632,0.16053871058923683
LR_a0p3_qp05,8,0.2,near_FINAL_SELECTED,22,10,2.9444777831939204,1.087064578538012,0.3911810776511031,0.040493189754606695,0.11962398929998036
LR_a0p3_qp05,8,0.2,far_FINAL_SELECTED,78,18,4.220865101975503,4.081571919194246,0.5858443906397115,0.05959303787933699,0.17207876018364252
LR_a0p3_qp05,9,0.05,ALL,100,32,3.7940347557466696,3.407150969914826,0.5479950302566969,0.05890377953676301,0.18402021101023944
LR_a0p3_qp05,9,0.05,near_FINAL_SELECTED,5,3,0.8511049691506232,0.9712326346127496,0.03698054349905674,0.00012308045377370648,1.6811518250776026e-05
LR_a0p3_qp05,9,0.05,far_FINAL_SELECTED,95,29,3.8822101957957615,3.569648577362286,0.5621670243995799,0.06199750054113086,0.19370460045718624
LR_a0p3_qp05,9,0.1,ALL,100,32,3.7940347557466696,3.407150969914826,0.5479950302566969,0.05890377953676301,0.18402021101023944
LR_a0p3_qp05,9,0.1,near_FINAL_SELECTED,6,4,0.8475906803274081,0.8793303266447633,0.03401450557459665,0.00010412879305358395,1.4045555366974724e-05
LR_a0p3_qp05,9,0.1,far_FINAL_SELECTED,94,28,3.887815753653604,3.5838754687930483,0.5651483838203507,0.06265694873316999,0.19576528540097599
LR_a0p3_qp05,9,0.2,ALL,100,32,3.7940347557466696,3.407150969914826,0.5479950302566969,0.05890377953676301,0.18402021101023944
LR_a0p3_qp05,9,0.2,near_FINAL_SELECTED,19,10,3.0558008029622483,0.9712326346127496,0.5429879799341314,0.0917807879192428,0.3359665009888924
LR_a0p3_qp05,9,0.2,far_FINAL_SELECTED,81,22,3.9253666814275276,3.780110587119944,0.5491629133564516,0.05119188868161344,0.14837848866956768
LR_a0p7_qm05,0,0.05,ALL,100,85,1.5554859437644082,0.022750759826103018,0.2127746522516533,0.03297698887038696,0.09833737888254905
LR_a0p7_qm05,0,0.05,near_FINAL_SELECTED,86,85,0.4797191779966372,0.018768380642830276,0.0667018899438067,0.0033858181148875024,0.008697639997659044
LR_a0p7_qm05,0,0.05,far_FINAL_SELECTED,14,0,3.5263042023739026,3.1297865527416775,0.5441033936396573,0.21475132351131226,0.6489814891754448
LR_a0p7_qm05,0,0.1,ALL,100,85,1.5554859437644082,0.022750759826103018,0.2127746522516533,0.03297698887038696,0.09833737888254905
LR_a0p7_qm05,0,0.1,near_FINAL_SELECTED,86,85,0.4797191779966372,0.018768380642830276,0.0667018899438067,0.0033858181148875024,0.008697639997659044
LR_a0p7_qm05,0,0.1,far_FINAL_SELECTED,14,0,3.5263042023739026,3.1297865527416775,0.5441033936396573,0.21475132351131226,0.6489814891754448
LR_a0p7_qm05,0,0.2,ALL,100,85,1.5554859437644082,0.022750759826103018,0.2127746522516533,0.03297698887038696,0.09833737888254905
LR_a0p7_qm05,0,0.2,near_FINAL_SELECTED,89,85,0.6590859789913575,0.019938305772172576,0.07687917611472066,0.00463635488618593,0.009449804915459532
LR_a0p7_qm05,0,0.2,far_FINAL_SELECTED,11,0,3.866740601734417,3.5344983146453175,0.6031190879687055,0.26227848201528625,0.817518659161728
LR_a0p7_qm05,1,0.05,ALL,100,83,1.6463422809726065,0.01705129040026712,0.25535294589092206,0.047016272260169044,0.1270774391499756
LR_a0p7_qm05,1,0.05,near_FINAL_SELECTED,84,83,0.44254846591968644,0.011782126358511814,0.04104862430955254,0.0013103934466803257,0.0026666630492090428
LR_a0p7_qm05,1,0.05,far_FINAL_SELECTED,16,0,3.4527936500261833,3.2429554701460193,0.6314157492626118,0.2869721360309848,0.780234013679
LR_a0p7_qm05,1,0.1,ALL,100,83,1.6463422809726065,0.01705129040026712,0.25535294589092206,0.047016272260169044,0.1270774391499756
LR_a0p7_qm05,1,0.1,near_FINAL_SELECTED,85,83,0.516450759550277,0.01235055995018601,0.07007902935580222,0.003971833676678455,0.004783860197647544
LR_a0p7_qm05,1,0.1,far_FINAL_SELECTED,15,0,3.556769274934998,3.434874267971918,0.6378647566845629,0.29093475756661574,0.8200743865465013
LR_a0p7_qm05,1,0.2,ALL,100,83,1.6463422809726065,0.01705129040026712,0.25535294589092206,0.047016272260169044,0.1270774391499756
LR_a0p7_qm05,1,0.2,near_FINAL_SELECTED,86,83,0.7604887503531853,0.012550243295543866,0.14051434397456575,0.015730878199199057,0.04254601902174173
LR_a0p7_qm05,1,0.2,far_FINAL_SELECTED,14,0,3.489539979272512,3.2429554701460193,0.5869110752389153,0.239197978634699,0.646341877080555
LR_a0p7_qm05,2,0.05,ALL,100,77,1.6632281817656973,0.017534781584297287,0.2663044818126064,0.050797621346622863,0.10490589130731726
LR_a0p7_qm05,2,0.05,near_FINAL_SELECTED,80,77,0.5767162146187103,0.0135246627878105,0.10010823676025787,0.007899342480194698,0.010401078270844707
LR_a0p7_qm05,2,0.05,far_FINAL_SELECTED,20,0,3.3183342945485474,3.2951420736343153,0.5608063381403716,0.22239073681233554,0.48292514345320753
LR_a0p7_qm05,2,0.1,ALL,100,77,1.6632281817656973,0.017534781584297287,0.2663044818126064,0.050797621346622863,0.10490589130731726
LR_a0p7_qm05,2,0.1,near_FINAL_SELECTED,81,77,0.732482212041153,0.013701143247495672,0.11965317264505537,0.011516496923250163,0.01726936223386759
LR_a0p7_qm05,2,0.1,far_FINAL_SELECTED,19,0,3.2495914745790655,3.1760211513126455,0.5587646281472362,0.21825925704626445,0.4785142520941291
LR_a0p7_qm05,2,0.2,ALL,100,77,1.6632281817656973,0.017534781584297287,0.2663044818126064,0.050797621346622863,0.10490589130731726
LR_a0p7_qm05,2,0.2,near_FINAL_SELECTED,86,77,0.9822223291021991,0.016188953737035675,0.16458680452440486,0.021830238030337748,0.03361041984668342
LR_a0p7_qm05,2,0.2,far_FINAL_SELECTED,14,0,3.3907996215274294,3.4169605381950148,0.5832280556230852,0.22874011886094586,0.5428637874226394
LR_a0p7_qm05,3,0.05,ALL,100,82,1.5121301399375078,0.015585844487692662,0.11416625665368399,0.010291907918549763,0.017409657517597744
LR_a0p7_qm05,3,0.05,near_FINAL_SELECTED,86,82,0.7563168883347883,0.013203603922304637,0.05408880065641523,0.002447741044171286,0.003154933183842879
LR_a0p7_qm05,3,0.05,far_FINAL_SELECTED,14,0,3.17225285532973,3.1299943213689305,0.2740948685057829,0.05847750443258898,0.10497439271066336
LR_a0p7_qm05,3,0.1,ALL,100,82,1.5121301399375078,0.015585844487692662,0.11416625665368399,0.010291907918549763,0.017409657517597744
LR_a0p7_qm05,3,0.1,near_FINAL_SELECTED,86,82,0.7563168883347883,0.013203603922304637,0.05408880065641523,0.002447741044171286,0.003154933183842879
LR_a0p7_qm05,3,0.1,far_FINAL_SELECTED,14,0,3.17225285532973,3.1299943213689305,0.2740948685057829,0.05847750443258898,0.10497439271066336
LR_a0p7_qm05,3,0.2,ALL,100,82,1.5121301399375078,0.015585844487692662,0.11416625665368399,0.010291907918549763,0.017409657517597744
LR_a0p7_qm05,3,0.2,near_FINAL_SELECTED,88,82,0.8884642990108753,0.013859939135220548,0.056861455464493046,0.002690587997410289,0.0034323520841957667
LR_a0p7_qm05,3,0.2,far_FINAL_SELECTED,12,0,3.1819539727240587,3.1299943213689305,0.2913859990756702,0.06603492067357257,0.11990989736254563
LR_a0p7_qm05,4,0.05,ALL,100,86,1.6307445281176898,0.015984696610608928,0.19348145106949316,0.026028828716632306,0.11855886897731707
LR_a0p7_qm05,4,0.05,near_FINAL_SELECTED,89,86,0.6462339286182909,0.015184036352793775,0.06142052692290597,0.0030513622591718075,0.005649897558072511
LR_a0p7_qm05,4,0.05,far_FINAL_SELECTED,11,0,3.8145064279563687,3.197271015028462,0.5565932389790662,0.21193742096335813,1.0320950922784775
LR_a0p7_qm05,4,0.1,ALL,100,86,1.6307445281176898,0.015984696610608928,0.19348145106949316,0.026028828716632306,0.11855886897731707
LR_a0p7_qm05,4,0.1,near_FINAL_SELECTED,89,86,0.6462339286182909,0.015184036352793775,0.06142052692290597,0.0030513622591718075,0.005649897558072511
LR_a0p7_qm05,4,0.1,far_FINAL_SELECTED,11,0,3.8145064279563687,3.197271015028462,0.5565932389790662,0.21193742096335813,1.0320950922784775
LR_a0p7_qm05,4,0.2,ALL,100,86,1.6307445281176898,0.015984696610608928,0.19348145106949316,0.026028828716632306,0.11855886897731707
LR_a0p7_qm05,4,0.2,near_FINAL_SELECTED,93,86,1.0041068032572333,0.01529996731793222,0.07544968992114891,0.004658833994824792,0.008980141142345462
LR_a0p7_qm05,4,0.2,far_FINAL_SELECTED,7,0,4.080300902614596,3.645166609567297,0.6776103188875592,0.30994447287778926,1.5743905387847972
LR_a0p7_qm05,5,0.05,ALL,100,83,1.724361493588092,0.01796340493502798,0.21130818575711105,0.033276961057303905,0.10270837090916732
LR_a0p7_qm05,5,0.05,near_FINAL_SELECTED,81,79,0.8856470921509892,0.015740796928629022,0.1150535275575848,0.010758900628399312,0.0383251110956123
LR_a0p7_qm05,5,0.05,far_FINAL_SELECTED,19,4,3.201841041951558,2.441556992363471,0.42257932835568013,0.12927500814894982,0.3771843732722177
LR_a0p7_qm05,5,0.1,ALL,100,83,1.724361493588092,0.01796340493502798,0.21130818575711105,0.033276961057303905,0.10270837090916732
LR_a0p7_qm05,5,0.1,near_FINAL_SELECTED,86,82,0.9472603807384687,0.016118708661880254,0.11840934951123326,0.011415089157386532,0.03706731054062141
LR_a0p7_qm05,5,0.1,far_FINAL_SELECTED,14,1,3.6055804177591018,3.1298411967617326,0.48250302503509623,0.16757131701393918,0.5059320274588066
LR_a0p7_qm05,5,0.2,ALL,100,83,1.724361493588092,0.01796340493502798,0.21130818575711105,0.033276961057303905,0.10270837090916732
LR_a0p7_qm05,5,0.2,near_FINAL_SELECTED,88,82,1.129253744975517,0.016487266018859983,0.1474555783601725,0.01767867521571317,0.05398389296976391
LR_a0p7_qm05,5,0.2,far_FINAL_SELECTED,12,1,3.5367526077087104,3.1298411967617326,0.4611324781554349,0.14766439056230266,0.4600212091314591
LR_a0p7_qm05,6,0.05,ALL,100,79,1.896147895683303,0.028269088647324792,0.2158860902479528,0.03569547776340896,0.1011421924591047
LR_a0p7_qm05,6,0.05,near_FINAL_SELECTED,83,79,0.9364267593959632,0.022439670341879693,0.10439548319893961,0.008819673939389787,0.02340923244249322
LR_a0p7_qm05,6,0.05,far_FINAL_SELECTED,17,0,3.7394123112986164,3.4173684964184434,0.4700507977887005,0.16691263761009076,0.48066193842256066
LR_a0p7_qm05,6,0.1,ALL,100,79,1.896147895683303,0.028269088647324792,0.2158860902479528,0.03569547776340896,0.1011421924591047
LR_a0p7_qm05,6,0.1,near_FINAL_SELECTED,87,79,1.1107066395432341,0.023432126063027747,0.13740973329121872,0.015447969900380772,0.03078715651938471
LR_a0p7_qm05,6,0.1,far_FINAL_SELECTED,13,0,3.969309364138035,3.625203092566187,0.4818231057763408,0.17119803038521295,0.5719797406710768
LR_a0p7_qm05,6,0.2,ALL,100,79,1.896147895683303,0.028269088647324792,0.2158860902479528,0.03569547776340896,0.1011421924591047
LR_a0p7_qm05,6,0.2,near_FINAL_SELECTED,87,79,1.1107066395432341,0.023432126063027747,0.13740973329121872,0.015447969900380772,0.03078715651938471
LR_a0p7_qm05,6,0.2,far_FINAL_SELECTED,13,0,3.969309364138035,3.625203092566187,0.4818231057763408,0.17119803038521295,0.5719797406710768
LR_a0p7_qm05,7,0.05,ALL,100,84,1.6600721971020203,0.019388295358456424,0.20086954284816919,0.028730729212573882,0.08011757021559568
LR_a0p7_qm05,7,0.05,near_FINAL_SELECTED,85,84,0.43265437778267546,0.015842265945917606,0.03463782348501578,0.0009514093345915375,0.0016537470461806647
LR_a0p7_qm05,7,0.05,far_FINAL_SELECTED,15,0,3.549380075827256,3.513461136015311,0.5120466206028523,0.1861468751878071,0.5247459015089474
LR_a0p7_qm05,7,0.1,ALL,100,84,1.6600721971020203,0.019388295358456424,0.20086954284816919,0.028730729212573882,0.08011757021559568
LR_a0p7_qm05,7,0.1,near_FINAL_SELECTED,85,84,0.43265437778267546,0.015842265945917606,0.03463782348501578,0.0009514093345915375,0.0016537470461806647
LR_a0p7_qm05,7,0.1,far_FINAL_SELECTED,15,0,3.549380075827256,3.513461136015311,0.5120466206028523,0.1861468751878071,0.5247459015089474
LR_a0p7_qm05,7,0.2,ALL,100,84,1.6600721971020203,0.019388295358456424,0.20086954284816919,0.028730729212573882,0.08011757021559568
LR_a0p7_qm05,7,0.2,near_FINAL_SELECTED,88,84,0.9727865653837938,0.016979387372247638,0.1251929276135002,0.012066027510588502,0.03465609164304507
LR_a0p7_qm05,7,0.2,far_FINAL_SELECTED,12,0,3.479126808864186,3.5731531387387117,0.4704261934186741,0.15093854169379994,0.4135017464143001
LR_a0p7_qm05,8,0.05,ALL,100,83,1.778575402370502,0.014529092938373522,0.22690927778750936,0.03692472673526254,0.11075822003588705
LR_a0p7_qm05,8,0.05,near_FINAL_SELECTED,83,83,0.01620709756854302,0.011532479600737796,0.0009954122637239754,9.90845574772089e-07,2.5571777754660916e-11
LR_a0p7_qm05,8,0.05,far_FINAL_SELECTED,17,0,3.8044904289229717,3.6915729890843525,0.5503314399428233,0.21719943725550284,0.6515189412627205
LR_a0p7_qm05,8,0.1,ALL,100,83,1.778575402370502,0.014529092938373522,0.22690927778750936,0.03692472673526254,0.11075822003588705
LR_a0p7_qm05,8,0.1,near_FINAL_SELECTED,84,83,0.39884629382201253,0.011660530955656442,0.012856373244557276,0.0001338625650895995,0.00020070275857451
LR_a0p7_qm05,8,0.1,far_FINAL_SELECTED,16,0,3.869519084271342,3.726553368179843,0.5665078321740478,0.2300767636286705,0.6911851857417779
LR_a0p7_qm05,8,0.2,ALL,100,83,1.778575402370502,0.014529092938373522,0.22690927778750936,0.03692472673526254,0.11075822003588705
LR_a0p7_qm05,8,0.2,near_FINAL_SELECTED,86,83,0.7451606880918789,0.011962729029945336,0.08743738527039954,0.005730235523700885,0.01516075515838784
LR_a0p7_qm05,8,0.2,far_FINAL_SELECTED,14,0,3.9984127939595067,3.866879613978606,0.5663975477343894,0.2285480298919984,0.6979997899976679
LR_a0p7_qm05,9,0.05,ALL,100,84,1.6635905019734678,0.014604041456714683,0.25674668556643926,0.04714057861409257,0.13689961869869063
LR_a0p7_qm05,9,0.05,near_FINAL_SELECTED,85,84,0.45133421963419,0.012694052401675612,0.05017397162474731,0.0020364121599044877,0.004346515374625789
LR_a0p7_qm05,9,0.05,far_FINAL_SELECTED,15,0,3.7273296349349283,3.4180401159624236,0.6520687450212656,0.30273085518782517,0.8880338708683918
LR_a0p7_qm05,9,0.1,ALL,100,84,1.6635905019734678,0.014604041456714683,0.25674668556643926,0.04714057861409257,0.13689961869869063
LR_a0p7_qm05,9,0.1,near_FINAL_SELECTED,87,84,0.7770315300182311,0.013253014256169466,0.12005118842149191,0.011610313514407552,0.02604209497967615
LR_a0p7_qm05,9,0.1,far_FINAL_SELECTED,13,0,3.714800576070291,3.309791662396336,0.640793799351321,0.28492004505044627,0.8787922774336341
LR_a0p7_qm05,9,0.2,ALL,100,84,1.6635905019734678,0.014604041456714683,0.25674668556643926,0.04714057861409257,0.13689961869869063
LR_a0p7_qm05,9,0.2,near_FINAL_SELECTED,89,84,0.8870097219146486,0.01363830871421397,0.12920264109508509,0.013541125868319615,0.029214735894528054
LR_a0p7_qm05,9,0.2,far_FINAL_SELECTED,11,0,3.9111274607371573,3.4180401159624236,0.6813209332856864,0.31899069628443755,1.0081682159323702
LR_a0p7_q0,0,0.05,ALL,100,51,1.796924138589246,0.992861395582125,0.2368100255697095,0.03838200944701543,0.06415186096580618
LR_a0p7_q0,0,0.05,near_FINAL_SELECTED,44,39,0.8733823896931877,0.04014324559331576,0.07182421435603152,0.0038206872869579935,0.0023429118282990206
LR_a0p7_q0,0,0.05,far_FINAL_SELECTED,56,12,2.1746659687499097,1.83594506932653,0.30998027700066066,0.06553733400134627,0.11271603528813325
LR_a0p7_q0,0,0.1,ALL,100,51,1.796924138589246,0.992861395582125,0.2368100255697095,0.03838200944701543,0.06415186096580618
LR_a0p7_q0,0,0.1,near_FINAL_SELECTED,53,43,0.9678318309566272,0.052472202206864875,0.09087603640203917,0.006084741643918564,0.0028983241358156546
LR_a0p7_q0,0,0.1,far_FINAL_SELECTED,47,8,2.3084738243645075,2.0672103533009896,0.3316689184678567,0.07480233271433744,0.13322499824217848
LR_a0p7_q0,0,0.2,ALL,100,51,1.796924138589246,0.992861395582125,0.2368100255697095,0.03838200944701543,0.06415186096580618
LR_a0p7_q0,0,0.2,near_FINAL_SELECTED,69,49,1.3809140823231045,0.32159435139087444,0.1711448878175371,0.02179281526454859,0.029807277579859827
LR_a0p7_q0,0,0.2,far_FINAL_SELECTED,31,2,2.385413271945497,2.126713014037187,0.34015410690778924,0.07530634488540938,0.14059625624420297
LR_a0p7_q0,1,0.05,ALL,100,50,1.8493696356440512,1.0237684073942865,0.2776281492352649,0.054672786850985,0.10662122910644337
LR_a0p7_q0,1,0.05,near_FINAL_SELECTED,43,41,0.4406076782705669,0.05521464670815196,0.05570558815646786,0.0022023353977392223,0.0008771865681107781
LR_a0p7_q0,1,0.05,far_FINAL_SELECTED,57,9,2.318800815272795,1.8277603818079395,0.3645305821899633,0.09425575899992478,0.18639305067044865
LR_a0p7_q0,1,0.1,ALL,100,50,1.8493696356440512,1.0237684073942865,0.2776281492352649,0.054672786850985,0.10662122910644337
LR_a0p7_q0,1,0.1,near_FINAL_SELECTED,51,46,1.008482888487309,0.06191570552833028,0.21333664542977138,0.033733648958113066,0.09659796268613427
LR_a0p7_q0,1,0.1,far_FINAL_SELECTED,49,4,2.3510836128130155,2.066930984577256,0.33155786229202533,0.07646658343336189,0.11705360844186714
LR_a0p7_q0,1,0.2,ALL,100,50,1.8493696356440512,1.0237684073942865,0.2776281492352649,0.054672786850985,0.10662122910644337
LR_a0p7_q0,1,0.2,near_FINAL_SELECTED,57,48,1.0492896665761073,0.07274403154997822,0.21810834709747354,0.035010528236481146,0.08841230156116678
LR_a0p7_q0,1,0.2,far_FINAL_SELECTED,43,2,2.4728158512930025,2.285471596822729,0.3408668025198681,0.0807367110609087,0.13075864468971707
LR_a0p7_q0,2,0.05,ALL,100,40,1.9077358727238758,1.5590020381510517,0.2805600608315901,0.052788942792525086,0.05185784128124451
LR_a0p7_q0,2,0.05,near_FINAL_SELECTED,31,27,0.9095346776683362,0.03387860119828663,0.06337924856050631,0.0029977228628134665,0.0016924759117620985
LR_a0p7_q0,2,0.05,far_FINAL_SELECTED,69,13,2.1548345486421963,1.9703254670600583,0.3350723471476974,0.07515891116674335,0.07439590398347572
LR_a0p7_q0,2,0.1,ALL,100,40,1.9077358727238758,1.5590020381510517,0.2805600608315901,0.052788942792525086,0.05185784128124451
LR_a0p7_q0,2,0.1,near_FINAL_SELECTED,36,32,0.8749215671664634,0.03388068611870061,0.06481355312467765,0.003072104372912066,0.0014994592645030651
LR_a0p7_q0,2,0.1,far_FINAL_SELECTED,64,8,2.2043876909230566,2.007639834097046,0.34731483585932427,0.08075466440355741,0.08018443116566158
LR_a0p7_q0,2,0.2,ALL,100,40,1.9077358727238758,1.5590020381510517,0.2805600608315901,0.052788942792525086,0.05185784128124451
LR_a0p7_q0,2,0.2,near_FINAL_SELECTED,46,36,1.0036717620565392,0.055250244828776565,0.12098202176568576,0.010862642694953012,0.004350194875339884
LR_a0p7_q0,2,0.2,far_FINAL_SELECTED,54,4,2.315474859032601,2.2746815972379757,0.36510041470651555,0.08850393917193833,0.09232731784923731
LR_a0p7_q0,3,0.05,ALL,100,41,1.7868748304478268,1.3387943504252613,0.19877185447454984,0.02681640646629998,0.027777619107220163
LR_a0p7_q0,3,0.05,near_FINAL_SELECTED,41,37,0.6931545109328948,0.023203627915285654,0.07784070443591165,0.004669209995158999,0.0027065809365803793
LR_a0p7_q0,3,0.05,far_FINAL_SELECTED,59,4,2.237236768863854,1.9322130773675839,0.2505113017909546,0.042206831132686085,0.045199865971563065
LR_a0p7_q0,3,0.1,ALL,100,41,1.7868748304478268,1.3387943504252613,0.19877185447454984,0.02681640646629998,0.027777619107220163
LR_a0p7_q0,3,0.1,near_FINAL_SELECTED,43,39,0.6760801170519153,0.026851073331836672,0.07603162579589483,0.004455094714701829,0.002580721603446409
LR_a0p7_q0,3,0.1,far_FINAL_SELECTED,57,2,2.2892915300880716,1.9714842176029606,0.2548632334958932,0.043685466208733675,0.04678580494340037
LR_a0p7_q0,3,0.2,ALL,100,41,1.7868748304478268,1.3387943504252613,0.19877185447454984,0.02681640646629998,0.027777619107220163
LR_a0p7_q0,3,0.2,near_FINAL_SELECTED,52,41,0.932719907479323,0.031501155129209785,0.09191806719687236,0.006200878116021029,0.0030967934910969405
LR_a0p7_q0,3,0.2,far_FINAL_SELECTED,48,0,2.397774418627107,2.033657410627745,0.27048107593655807,0.04914989551243552,0.05451518019135367
LR_a0p7_q0,4,0.05,ALL,100,48,1.9038349874421103,1.08304449059988,0.24373886567791084,0.038522175937730004,0.1020710306266533
LR_a0p7_q0,4,0.05,near_FINAL_SELECTED,44,41,0.42084230444748766,0.01960017609385384,0.012495815127294273,0.00011691028986959483,2.2243849860355528e-05
LR_a0p7_q0,4,0.05,far_FINAL_SELECTED,56,7,2.4100901415437495,2.154594334768956,0.32552136935518156,0.06869774180390605,0.1822522202369906
LR_a0p7_q0,4,0.1,ALL,100,48,1.9038349874421103,1.08304449059988,0.24373886567791084,0.038522175937730004,0.1020710306266533
LR_a0p7_q0,4,0.1,near_FINAL_SELECTED,52,45,0.6104562304935182,0.02460314513712361,0.03115564835524255,0.0006593515381229664,0.00010706841051428555
LR_a0p7_q0,4,0.1,far_FINAL_SELECTED,48,3,2.554496897655856,2.3025536429698112,0.35030904195809787,0.07954023570397095,0.21253198969413725
LR_a0p7_q0,4,0.2,ALL,100,48,1.9038349874421103,1.08304449059988,0.24373886567791084,0.038522175937730004,0.1020710306266533
LR_a0p7_q0,4,0.2,near_FINAL_SELECTED,63,46,0.9022771073681547,0.03453640904766683,0.07134994512594958,0.0037672519601311015,0.0013034458931352356
LR_a0p7_q0,4,0.2,far_FINAL_SELECTED,37,2,2.8111700288805856,2.5113296179636104,0.38973803190606493,0.0976994789266146,0.27364826949723814
LR_a0p7_q0,5,0.05,ALL,100,45,1.9162859255354872,1.2332668267285678,0.2646837566316584,0.04955017245801135,0.08283353423835285
LR_a0p7_q0,5,0.05,near_FINAL_SELECTED,22,21,0.3873626024666812,0.031054043357662667,0.029803159751375936,0.0006751199974330239,9.420523798525835e-05
LR_a0p7_q0,5,0.05,far_FINAL_SELECTED,78,24,2.1224923478932403,1.5856476278583358,0.2992770793861187,0.06333544366484113,0.10617026805896941
LR_a0p7_q0,5,0.1,ALL,100,45,1.9162859255354872,1.2332668267285678,0.2646837566316584,0.04955017245801135,0.08283353423835285
LR_a0p7_q0,5,0.1,near_FINAL_SELECTED,42,40,0.731970996523068,0.041080270611422984,0.09913147331537883,0.007190509424522757,0.009652683675213247
LR_a0p7_q0,5,0.1,far_FINAL_SELECTED,58,5,2.3744026522612907,1.8550775005689113,0.33715373154757217,0.08022441120639964,0.13582656395648846
LR_a0p7_q0,5,0.2,ALL,100,45,1.9162859255354872,1.2332668267285678,0.2646837566316584,0.04955017245801135,0.08283353423835285
LR_a0p7_q0,5,0.2,near_FINAL_SELECTED,55,40,1.3471424640964476,0.08423798596727172,0.18910361133462056,0.026414100079746556,0.028290500996480655
LR_a0p7_q0,5,0.2,far_FINAL_SELECTED,45,5,2.3917564278348626,1.8842117653053072,0.3346287970730805,0.07782759425366831,0.14949724153397448
LR_a0p7_q0,6,0.05,ALL,100,43,2.0561543389811296,1.4923046119711634,0.24427516322817228,0.042116897321078664,0.05455226309771752
LR_a0p7_q0,6,0.05,near_FINAL_SELECTED,24,22,0.7670296082320941,0.027997574853768324,0.052717753765125636,0.00210862519946894,0.0006249352667303457
LR_a0p7_q0,6,0.05,far_FINAL_SELECTED,76,21,2.275416103233566,1.7443079244939774,0.2786323662464209,0.054751088517376464,0.07158194557066082
LR_a0p7_q0,6,0.1,ALL,100,43,2.0561543389811296,1.4923046119711634,0.24427516322817228,0.042116897321078664,0.05455226309771752
LR_a0p7_q0,6,0.1,near_FINAL_SELECTED,37,30,1.226717387489145,0.06756418245566141,0.11448962748631794,0.009803858896131518,0.01916986856460573
LR_a0p7_q0,6,0.1,far_FINAL_SELECTED,63,13,2.3658729987304374,1.9479110778169504,0.2949857184959131,0.06109439607858729,0.07533239956954507
LR_a0p7_q0,6,0.2,ALL,100,43,2.0561543389811296,1.4923046119711634,0.24427516322817228,0.042116897321078664,0.05455226309771752
LR_a0p7_q0,6,0.2,near_FINAL_SELECTED,61,41,1.6560808198410981,0.5155584695934471,0.1956354130068755,0.02809777057959429,0.049282220297474005
LR_a0p7_q0,6,0.2,far_FINAL_SELECTED,39,2,2.5160468569098757,2.0690901216774797,0.30518466174661374,0.0640442494039132,0.06279515055450867
LR_a0p7_q0,7,0.05,ALL,100,48,1.9686361118308007,1.1727734124603804,0.2672346456156781,0.04765250035649803,0.054381878330716865
LR_a0p7_q0,7,0.05,near_FINAL_SELECTED,42,37,0.5928578652041029,0.0351311444372947,0.08714126953149055,0.005418116169879682,0.0016793847997724606
LR_a0p7_q0,7,0.05,far_FINAL_SELECTED,58,11,2.4062566818217817,2.176037677960025,0.34297140591078007,0.07823601993991129,0.09254575295657316
LR_a0p7_q0,7,0.1,ALL,100,48,1.9686361118308007,1.1727734124603804,0.2672346456156781,0.04765250035649803,0.054381878330716865
LR_a0p7_q0,7,0.1,near_FINAL_SELECTED,50,40,0.8020992956868643,0.03999308477553462,0.11444314469914216,0.009445966046309318,0.002946772229629205
LR_a0p7_q0,7,0.1,far_FINAL_SELECTED,50,8,2.5317892904885766,2.361133850400151,0.36018256241251506,0.08585903466668672,0.10581698443180454
LR_a0p7_q0,7,0.2,ALL,100,48,1.9686361118308007,1.1727734124603804,0.2672346456156781,0.04765250035649803,0.054381878330716865
LR_a0p7_q0,7,0.2,near_FINAL_SELECTED,65,45,1.1889242910356086,0.06938905285611421,0.1684281462386744,0.02011503169798212,0.011196006468793075
LR_a0p7_q0,7,0.2,far_FINAL_SELECTED,35,3,2.7533066551258507,2.7330968308131265,0.38904692896443177,0.09879351357945611,0.13458421178857533
LR_a0p7_q0,8,0.05,ALL,100,47,2.005217492547077,1.1866856365458323,0.2534879416174909,0.04352438478095583,0.05856439855508104
LR_a0p7_q0,8,0.05,near_FINAL_SELECTED,38,35,0.5714042255420989,0.02221835888325291,0.06219570725304109,0.0028811786668766375,0.0013619922241601234
LR_a0p7_q0,8,0.05,far_FINAL_SELECTED,62,12,2.463237057155469,2.038293631206021,0.31822638590445834,0.06843473691539145,0.09362393791919382
LR_a0p7_q0,8,0.1,ALL,100,47,2.005217492547077,1.1866856365458323,0.2534879416174909,0.04352438478095583,0.05856439855508104
LR_a0p7_q0,8,0.1,near_FINAL_SELECTED,49,40,0.9623692061894195,0.037196922368411156,0.12601393472390232,0.01202153232178899,0.017346310798479047
LR_a0p7_q0,8,0.1,far_FINAL_SELECTED,51,7,2.6019395723062813,2.421203576480565,0.3327696482630806,0.0737918312613318,0.09816609071338489
LR_a0p7_q0,8,0.2,ALL,100,47,2.005217492547077,1.1866856365458323,0.2534879416174909,0.04352438478095583,0.05856439855508104
LR_a0p7_q0,8,0.2,near_FINAL_SELECTED,62,44,1.4066542277261602,0.05932344773074028,0.15534048829663621,0.01793325054692334,0.020995103597592706
LR_a0p7_q0,8,0.2,far_FINAL_SELECTED,38,3,2.6649311153887623,2.4694776228362416,0.360172191337353,0.08527834063648251,0.11986166927519357
LR_a0p7_q0,9,0.05,ALL,100,44,1.865645008583377,1.3054195292231843,0.28366294532737185,0.054541442792025316,0.08102965800918936
LR_a0p7_q0,9,0.05,near_FINAL_SELECTED,37,32,0.8299286098196706,0.03673326218903198,0.08529946729560607,0.005579248782721932,0.0020087125414605697
LR_a0p7_q0,9,0.05,far_FINAL_SELECTED,63,12,2.2577240970428067,1.9611940483306687,0.3513523688641454,0.08329701705145745,0.12743878471245867
LR_a0p7_q0,9,0.1,ALL,100,44,1.865645008583377,1.3054195292231843,0.28366294532737185,0.054541442792025316,0.08102965800918936
LR_a0p7_q0,9,0.1,near_FINAL_SELECTED,54,40,1.0994419756930829,0.054136980317951215,0.13886548422869013,0.014269673491458974,0.008146693053490627
LR_a0p7_q0,9,0.1,far_FINAL_SELECTED,46,4,2.452962464629962,2.0228986719822992,0.39023825021545855,0.10181699805790755,0.16658792121805313
LR_a0p7_q0,9,0.2,ALL,100,44,1.865645008583377,1.3054195292231843,0.28366294532737185,0.054541442792025316,0.08102965800918936
LR_a0p7_q0,9,0.2,near_FINAL_SELECTED,66,43,1.2438071995086284,0.09738029036994601,0.16543951675797186,0.020336029284422547,0.010543583134924586
LR_a0p7_q0,9,0.2,far_FINAL_SELECTED,34,1,2.6498539720102623,2.36194127991663,0.4284044004361043,0.12094018665972482,0.21785556805923276
LR_a0p7_qp05,0,0.05,ALL,100,80,1.7293016665579068,0.02923333156176402,0.22566181409278208,0.03448913684580321,0.08689916746045294
LR_a0p7_qp05,0,0.05,near_FINAL_SELECTED,82,78,0.6492790214134863,0.025058097497836926,0.07476865222747328,0.0032300525202486573,0.0034267353378528115
LR_a0p7_qp05,0,0.05,far_FINAL_SELECTED,18,2,3.559155154807528,3.3863590408075783,0.5073852701612936,0.1768916321066628,0.46716246935229794
LR_a0p7_qp05,0,0.1,ALL,100,80,1.7293016665579068,0.02923333156176402,0.22566181409278208,0.03448913684580321,0.08689916746045294
LR_a0p7_qp05,0,0.1,near_FINAL_SELECTED,84,80,0.6413257002264708,0.025058097497836926,0.07393023361731327,0.003157278036211627,0.003345149534317459
LR_a0p7_qp05,0,0.1,far_FINAL_SELECTED,16,0,3.74096362532863,3.6349509084969114,0.5381222189694022,0.19898139559615902,0.5255577615726642
LR_a0p7_qp05,0,0.2,ALL,100,80,1.7293016665579068,0.02923333156176402,0.22566181409278208,0.03448913684580321,0.08689916746045294
LR_a0p7_qp05,0,0.2,near_FINAL_SELECTED,85,80,0.7092113808430307,0.025340048404297606,0.08145517308660781,0.0039211817379120675,0.004101972625085944
LR_a0p7_qp05,0,0.2,far_FINAL_SELECTED,15,0,3.783095422638424,3.670569713552998,0.5494454834980537,0.207707549123853,0.5560832715275326
LR_a0p7_qp05,1,0.05,ALL,100,82,1.7781227975067437,0.02627728541604455,0.2544691702716761,0.04357314627448419,0.1166216831178665
LR_a0p7_qp05,1,0.05,near_FINAL_SELECTED,85,80,1.0534785896535728,0.023010636710065972,0.18679358678375893,0.022462375024075415,0.05568533129649775
LR_a0p7_qp05,1,0.05,far_FINAL_SELECTED,15,2,3.308679423961338,2.728747382357677,0.4837112855464151,0.16320085002680054,0.46192767677228924
LR_a0p7_qp05,1,0.1,ALL,100,82,1.7781227975067437,0.02627728541604455,0.2544691702716761,0.04357314627448419,0.1166216831178665
LR_a0p7_qp05,1,0.1,near_FINAL_SELECTED,87,82,1.0400929588674637,0.022793995496256037,0.18463430819836776,0.021946045165224408,0.05440520873975458
LR_a0p7_qp05,1,0.1,far_FINAL_SELECTED,13,0,3.484392655897858,3.4722365269395232,0.5195886573062543,0.18830836139029963,0.532993473186769
LR_a0p7_qp05,1,0.2,ALL,100,82,1.7781227975067437,0.02627728541604455,0.2544691702716761,0.04357314627448419,0.1166216831178665
LR_a0p7_qp05,1,0.2,near_FINAL_SELECTED,89,82,1.1514452625501836,0.023010636710065972,0.18609966873197925,0.022286277743410788,0.054284867275633614
LR_a0p7_qp05,1,0.2,far_FINAL_SELECTED,11,0,3.7606439938982446,4.03860029693445,0.5553959394705367,0.21580326438953265,0.6209831931141141
LR_a0p7_qp05,2,0.05,ALL,100,71,1.9932994493045162,0.030799133019962774,0.2729417879437653,0.049575624376376,0.11954009510845161
LR_a0p7_qp05,2,0.05,near_FINAL_SELECTED,57,55,0.7347460337900301,0.023586080216112568,0.1516616179398113,0.014923156297207158,0.04045912387497299
LR_a0p7_qp05,2,0.05,far_FINAL_SELECTED,43,16,2.817218868399542,2.5407818392543677,0.3778350482436476,0.09551029136504166,0.22436835930166746
LR_a0p7_qp05,2,0.1,ALL,100,71,1.9932994493045162,0.030799133019962774,0.2729417879437653,0.049575624376376,0.11954009510845161
LR_a0p7_qp05,2,0.1,near_FINAL_SELECTED,75,70,0.9559689087114164,0.023586080216112568,0.14858407033116466,0.014191403705458159,0.03510404087578212
LR_a0p7_qp05,2,0.1,far_FINAL_SELECTED,25,1,3.415000674677119,3.235519712413123,0.48141167471845536,0.1557282863891295,0.3728482578064601
LR_a0p7_qp05,2,0.2,ALL,100,71,1.9932994493045162,0.030799133019962774,0.2729417879437653,0.049575624376376,0.11954009510845161
LR_a0p7_qp05,2,0.2,near_FINAL_SELECTED,82,71,1.383280955644705,0.024974126826034608,0.1854495224924837,0.02216991689962644,0.05057179697287427
LR_a0p7_qp05,2,0.2,far_FINAL_SELECTED,18,0,3.4206271417189695,3.2350324212367725,0.5071498177940308,0.17442384732601288,0.4337290088371929
LR_a0p7_qp05,3,0.05,ALL,100,79,1.7499232359322756,0.022780160792932404,0.1603467059655087,0.016204224685251498,0.03859644553083096
LR_a0p7_qp05,3,0.05,near_FINAL_SELECTED,78,77,0.368141447454517,0.020246796622138328,0.014654653860853925,0.00013335124507010853,0.0001442050860015055
LR_a0p7_qp05,3,0.05,far_FINAL_SELECTED,22,2,3.3100965155241564,3.2665676094873293,0.3407448671510947,0.07318277597316733,0.1749271161988627
LR_a0p7_qp05,3,0.1,ALL,100,79,1.7499232359322756,0.022780160792932404,0.1603467059655087,0.016204224685251498,0.03859644553083096
LR_a0p7_qp05,3,0.1,near_FINAL_SELECTED,81,79,0.5338657357657971,0.020637480162955402,0.03726850711059688,0.0008952085078906257,0.0011467371530798321
LR_a0p7_qp05,3,0.1,far_FINAL_SELECTED,19,0,3.4778666285912547,3.3606426431063587,0.35972228615656954,0.08146897786242153,0.19825046545703315
LR_a0p7_qp05,3,0.2,ALL,100,79,1.7499232359322756,0.022780160792932404,0.1603467059655087,0.016204224685251498,0.03859644553083096
LR_a0p7_qp05,3,0.2,near_FINAL_SELECTED,87,79,1.1165448164688543,0.021381783573264687,0.0943488677166239,0.00582079934994565,0.015898370919079797
LR_a0p7_qp05,3,0.2,far_FINAL_SELECTED,13,0,3.4895859589306424,3.6795936552534743,0.3717586005802843,0.0856933019292214,0.19049894485562724
LR_a0p7_qp05,4,0.05,ALL,100,80,1.925438834348696,0.02433105426037229,0.25476919839771534,0.03960805732080835,0.1771647580168019
LR_a0p7_qp05,4,0.05,near_FINAL_SELECTED,81,80,0.5680146693752696,0.01961650147882143,0.0660765175339994,0.0029742496374479356,0.008184802771898418
LR_a0p7_qp05,4,0.05,far_FINAL_SELECTED,19,0,3.8329342322093316,3.2074984800655386,0.568334586660578,0.19578376376039747,0.8975529882713902
LR_a0p7_qp05,4,0.1,ALL,100,80,1.925438834348696,0.02433105426037229,0.25476919839771534,0.03960805732080835,0.1771647580168019
LR_a0p7_qp05,4,0.1,near_FINAL_SELECTED,81,80,0.5680146693752696,0.01961650147882143,0.0660765175339994,0.0029742496374479356,0.008184802771898418
LR_a0p7_qp05,4,0.1,far_FINAL_SELECTED,19,0,3.8329342322093316,3.2074984800655386,0.568334586660578,0.19578376376039747,0.8975529882713902
LR_a0p7_qp05,4,0.2,ALL,100,80,1.925438834348696,0.02433105426037229,0.25476919839771534,0.03960805732080835,0.1771647580168019
LR_a0p7_qp05,4,0.2,near_FINAL_SELECTED,85,80,0.9134009797139161,0.020128774537400772,0.08305380359074349,0.004621200384964806,0.01073948372010279
LR_a0p7_qp05,4,0.2,far_FINAL_SELECTED,15,0,4.093591791159434,3.2889471580948073,0.6273972707674041,0.23786691329058843,1.1202413123647637
LR_a0p7_qp05,5,0.05,ALL,100,77,1.9557772213922298,0.0259497000372556,0.27809751238994507,0.052057739025226216,0.13106250075700157
LR_a0p7_qp05,5,0.05,near_FINAL_SELECTED,44,43,0.32959520566211165,0.025158186702848258,0.02176017116918132,0.0002610425214030958,8.886708383451835e-05
LR_a0p7_qp05,5,0.05,far_FINAL_SELECTED,56,34,2.5415392699457513,0.04106024140575708,0.3711225350584031,0.09275514342108725,0.23397035578591854
LR_a0p7_qp05,5,0.1,ALL,100,77,1.9557772213922298,0.0259497000372556,0.27809751238994507,0.052057739025226216,0.13106250075700157
LR_a0p7_qp05,5,0.1,near_FINAL_SELECTED,72,71,0.254170912965685,0.02156433163416794,0.01746788873290534,0.00016724982589372885,5.431076849498293e-05
LR_a0p7_qp05,5,0.1,far_FINAL_SELECTED,28,6,3.560915239448554,3.402904714356402,0.5248079065544919,0.18549042553779546,0.4679407035845899
LR_a0p7_qp05,5,0.2,ALL,100,77,1.9557772213922298,0.0259497000372556,0.27809751238994507,0.052057739025226216,0.13106250075700157
LR_a0p7_qp05,5,0.2,near_FINAL_SELECTED,80,77,0.5428213748980738,0.02156433163416794,0.07967605062225225,0.003972236425746073,0.007362452441681384
LR_a0p7_qp05,5,0.2,far_FINAL_SELECTED,20,0,4.118630185086644,4.401795555401236,0.6010807265387399,0.24439974942314677,0.6258626940182823
LR_a0p7_qp05,6,0.05,ALL,100,79,2.0525919346256565,0.04071005141430134,0.23497759508374058,0.03741890753092027,0.11491748513937945
LR_a0p7_qp05,6,0.05,near_FINAL_SELECTED,80,77,1.0700005902555145,0.02873963601831586,0.15772369121050978,0.017000912802640527,0.05506007993698466
LR_a0p7_qp05,6,0.05,far_FINAL_SELECTED,20,2,3.8130141423758555,3.6022926107344495,0.42019673949284597,0.11909088644403924,0.3543471059489586
LR_a0p7_qp05,6,0.1,ALL,100,79,2.0525919346256565,0.04071005141430134,0.23497759508374058,0.03741890753092027,0.11491748513937945
LR_a0p7_qp05,6,0.1,near_FINAL_SELECTED,83,79,1.3066480789352288,0.03363108594737321,0.1766433589409792,0.021308488267059267,0.08286716068450171
LR_a0p7_qp05,6,0.1,far_FINAL_SELECTED,17,0,3.8008367280579742,3.716294820780123,0.41526804169637704,0.11607566040741807,0.27139848100731195
LR_a0p7_qp05,6,0.2,ALL,100,79,2.0525919346256565,0.04071005141430134,0.23497759508374058,0.03741890753092027,0.11491748513937945
LR_a0p7_qp05,6,0.2,near_FINAL_SELECTED,86,79,1.4332862394303503,0.035122141443797605,0.19289359600592046,0.02521233230420351,0.08859081124271262
LR_a0p7_qp05,6,0.2,far_FINAL_SELECTED,14,0,3.9316157239588314,3.7739997264842424,0.4072174070484464,0.11240215535218032,0.27663848193318996
LR_a0p7_qp05,7,0.05,ALL,100,83,1.6628719842183715,0.024853546874323063,0.2255093012293914,0.03513328764065265,0.09782883569145734
LR_a0p7_qp05,7,0.05,near_FINAL_SELECTED,84,83,0.23808679805232102,0.021485955458267078,0.027343425592294638,0.0004258022502573613,0.0002038567227237086
LR_a0p7_qp05,7,0.05,far_FINAL_SELECTED,16,0,3.593718246654682,3.151710004926323,0.5602812245066447,0.21734758594022785,0.610359975277309
LR_a0p7_qp05,7,0.1,ALL,100,83,1.6628719842183715,0.024853546874323063,0.2255093012293914,0.03513328764065265,0.09782883569145734
LR_a0p7_qp05,7,0.1,near_FINAL_SELECTED,86,83,0.5801405571816316,0.021809523524403254,0.05324310973393364,0.001715461547974447,0.0019451651524319531
LR_a0p7_qp05,7,0.1,far_FINAL_SELECTED,14,0,3.6466562938070815,3.189909943107911,0.5880748994425324,0.24041421935281873,0.6868285261454705
LR_a0p7_qp05,7,0.2,ALL,100,83,1.6628719842183715,0.024853546874323063,0.2255093012293914,0.03513328764065265,0.09782883569145734
LR_a0p7_qp05,7,0.2,near_FINAL_SELECTED,86,83,0.5801405571816316,0.021809523524403254,0.05324310973393364,0.001715461547974447,0.0019451651524319531
LR_a0p7_qp05,7,0.2,far_FINAL_SELECTED,14,0,3.6466562938070815,3.189909943107911,0.5880748994425324,0.24041421935281873,0.6868285261454705
LR_a0p7_qp05,8,0.05,ALL,100,81,1.8528679176343603,0.023619198084504564,0.23320917347981857,0.03719377788647895,0.13944202883665374
LR_a0p7_qp05,8,0.05,near_FINAL_SELECTED,75,74,0.631448675231951,0.01824523021316726,0.05199106397427361,0.001839108593825051,0.0060196954754965365
LR_a0p7_qp05,8,0.05,far_FINAL_SELECTED,25,7,3.3502284235575504,3.120747433077946,0.4576427232908105,0.14325778576444065,0.5397090289201254
LR_a0p7_qp05,8,0.1,ALL,100,81,1.8528679176343603,0.023619198084504564,0.23320917347981857,0.03719377788647895,0.13944202883665374
LR_a0p7_qp05,8,0.1,near_FINAL_SELECTED,84,80,0.9237339025494553,0.02022184263966824,0.09518015848834407,0.005913267847236718,0.014054595977405741
LR_a0p7_qp05,8,0.1,far_FINAL_SELECTED,16,1,3.802056109114055,3.418444345175006,0.5406982640325633,0.20141645559250065,0.7977260513477059
LR_a0p7_qp05,8,0.2,ALL,100,81,1.8528679176343603,0.023619198084504564,0.23320917347981857,0.03719377788647895,0.13944202883665374
LR_a0p7_qp05,8,0.2,near_FINAL_SELECTED,91,81,1.4944257072113172,0.0215745412116213,0.20783906558503515,0.02878908485088418,0.1317412530928509
LR_a0p7_qp05,8,0.2,far_FINAL_SELECTED,9,0,3.6167271349899135,3.521691638786926,0.4092972073957042,0.12217456302415935,0.21730542802399352
LR_a0p7_qp05,9,0.05,ALL,100,81,1.7757655360393276,0.020192223634023114,0.2533586412664736,0.04169812703818052,0.13262809057973152
LR_a0p7_qp05,9,0.05,near_FINAL_SELECTED,79,79,0.02275602982514853,0.01649874757760408,0.003309281070628866,5.366157190167042e-06,4.009743777700289e-10
LR_a0p7_qp05,9,0.05,far_FINAL_SELECTED,21,2,3.432902665756511,3.4256488401384426,0.5528366224897868,0.1985423227333347,0.631562334585532
LR_a0p7_qp05,9,0.1,ALL,100,81,1.7757655360393276,0.020192223634023114,0.2533586412664736,0.04169812703818052,0.13262809057973152
LR_a0p7_qp05,9,0.1,near_FINAL_SELECTED,82,81,0.5914856907395705,0.01691162544032667,0.05206157917083903,0.0018442906803252952,0.0059439152362732945
LR_a0p7_qp05,9,0.1,far_FINAL_SELECTED,18,0,3.4264381198027047,3.4613686616480734,0.5867427342885334,0.2232544926684099,0.7097448893665966
LR_a0p7_qp05,9,0.2,ALL,100,81,1.7757655360393276,0.020192223634023114,0.2533586412664736,0.04169812703818052,0.13262809057973152
LR_a0p7_qp05,9,0.2,near_FINAL_SELECTED,84,81,0.9286826846652518,0.017336449859563768,0.15306471219702095,0.0159615092926175,0.04456458919128209
LR_a0p7_qp05,9,0.2,far_FINAL_SELECTED,16,0,3.4422025328147834,3.4613686616480734,0.5274372235372538,0.17681537020238638,0.5949614728690908
LIN_q0,0,0.05,ALL,100,89,0.5930970189604541,0.5122598867730648,0.06652787875425341,0.004425958651540642,0.00039505174988008624
LIN_q0,0,0.05,near_FINAL_SELECTED,33,29,0.5292051966701765,0.41225343051895647,0.03462256434911523,0.0011987219621086252,9.839720902704456e-05
LIN_q0,0,0.05,far_FINAL_SELECTED,67,60,0.6224735663024539,0.5327887126601645,0.07755961023861173,0.006015493140365366,0.0005411651804494949
LIN_q0,0,0.1,ALL,100,89,0.5930970189604541,0.5122598867730648,0.06652787875425341,0.004425958651540642,0.00039505174988008624
LIN_q0,0,0.1,near_FINAL_SELECTED,66,61,0.5192539874280351,0.48583800858346293,0.04116916646027284,0.0016949002670336544,0.00010159074511798146
LIN_q0,0,0.1,far_FINAL_SELECTED,34,28,0.7075236640530786,0.6192890099809887,0.09862770871995519,0.009727424927348325,0.0009647113473594664
LIN_q0,0,0.2,ALL,100,89,0.5930970189604541,0.5122598867730648,0.06652787875425341,0.004425958651540642,0.00039505174988008624
LIN_q0,0,0.2,near_FINAL_SELECTED,93,83,0.5694850137739157,0.5027393544548023,0.05748491793468432,0.0033045157899573912,0.00024657913414116776
LIN_q0,0,0.2,far_FINAL_SELECTED,7,6,0.8042397535614908,0.8336107335133449,0.1390148484813387,0.01932512809828955,0.002367616501840003
LIN_q0,1,0.05,ALL,100,85,0.6499868508583806,0.5890506698367688,0.06786473609861421,0.004605622405734551,0.00046910779548235937
LIN_q0,1,0.05,near_FINAL_SELECTED,75,69,0.5891810896799133,0.5382806312472613,0.060350480374709,0.0036421804814581356,0.00024581006531387503
LIN_q0,1,0.05,far_FINAL_SELECTED,25,16,0.8005120712974144,0.7629522175236075,0.08657914401611858,0.007495948178563801,0.0011390009859878125
LIN_q0,1,0.1,ALL,100,85,0.6499868508583806,0.5890506698367688,0.06786473609861421,0.004605622405734551,0.00046910779548235937
LIN_q0,1,0.1,near_FINAL_SELECTED,97,83,0.6369800758606302,0.5759366187687325,0.06564249926576983,0.0043089377098565924,0.0004271051742358686
LIN_q0,1,0.1,far_FINAL_SELECTED,3,2,0.9487284408512319,0.8568912707318113,0.11915715493605596,0.014198427572455244,0.0018271925491188936
LIN_q0,1,0.2,ALL,100,85,0.6499868508583806,0.5890506698367688,0.06786473609861421,0.004605622405734551,0.00046910779548235937
LIN_q0,1,0.2,near_FINAL_SELECTED,100,85,0.6499868508583806,0.5890506698367688,0.06786473609861421,0.004605622405734551,0.00046910779548235937
LIN_q0,1,0.2,far_FINAL_SELECTED,0,0,,,,,
LIN_q0,2,0.05,ALL,100,98,0.5160108221143965,0.4984603008331471,0.06053566560942752,0.0036645668107764258,0.00018498347163956323
LIN_q0,2,0.05,near_FINAL_SELECTED,55,55,0.47824593650937086,0.4811301810810015,0.04905967221887179,0.0024068514382231403,8.712499979172954e-05
LIN_q0,2,0.05,far_FINAL_SELECTED,45,43,0.5546593596721895,0.5245046585276576,0.07212332832268316,0.0052017744883415505,0.0003045882705646933
LIN_q0,2,0.1,ALL,100,98,0.5160108221143965,0.4984603008331471,0.06053566560942752,0.0036645668107764258,0.00018498347163956323
LIN_q0,2,0.1,near_FINAL_SELECTED,84,83,0.4892042018984741,0.4833480524083591,0.05352308003971347,0.002864720096937574,0.00012564212711131973
LIN_q0,2,0.1,far_FINAL_SELECTED,16,15,0.6299712476501507,0.5881020182576927,0.08867785551325875,0.007863762058430396,0.0004965255304128415
LIN_q0,2,0.2,ALL,100,98,0.5160108221143965,0.4984603008331471,0.06053566560942752,0.0036645668107764258,0.00018498347163956323
LIN_q0,2,0.2,near_FINAL_SELECTED,99,97,0.5134235853183248,0.497508128913167,0.06001173757987474,0.00360140864735575,0.00017860436975153406
LIN_q0,2,0.2,far_FINAL_SELECTED,1,1,0.6578192910679145,0.6578192910679145,0.09958526492118835,0.009917224989423268,0.0008165145585544495
LIN_q0,3,0.05,ALL,100,94,0.5634949033281064,0.5098428363432845,0.05605172075291145,0.003141795399362364,0.0001867209183215945
LIN_q0,3,0.05,near_FINAL_SELECTED,69,67,0.5219944911432082,0.43647957694425804,0.05774277867883573,0.003334228489553006,0.00017693874669388497
LIN_q0,3,0.05,far_FINAL_SELECTED,31,27,0.6506645262553633,0.5988988903144457,0.052091041319138796,0.0027134765857122255,0.00020849413904133523
LIN_q0,3,0.1,ALL,100,94,0.5634949033281064,0.5098428363432845,0.05605172075291145,0.003141795399362364,0.0001867209183215945
LIN_q0,3,0.1,near_FINAL_SELECTED,90,85,0.5397370112507522,0.4677027188228837,0.057732655506950586,0.003333059511884232,0.00018577258183614665
LIN_q0,3,0.1,far_FINAL_SELECTED,10,9,0.7247631373582519,0.6611052938340678,0.037688438368623796,0.001420418386665554,0.00019525594669062566
LIN_q0,3,0.2,ALL,100,94,0.5634949033281064,0.5098428363432845,0.05605172075291145,0.003141795399362364,0.0001867209183215945
LIN_q0,3,0.2,near_FINAL_SELECTED,100,94,0.5634949033281064,0.5098428363432845,0.05605172075291145,0.003141795399362364,0.0001867209183215945
LIN_q0,3,0.2,far_FINAL_SELECTED,0,0,,,,,
LIN_q0,4,0.05,ALL,100,92,0.6039080920805951,0.5684778578354742,0.061430196267414756,0.0037736690134530975,0.0002506248643413259
LIN_q0,4,0.05,near_FINAL_SELECTED,85,79,0.577037840650494,0.5525612890965881,0.058721898987691666,0.003448261420720664,0.0001996581902186857
LIN_q0,4,0.05,far_FINAL_SELECTED,15,13,0.7080408742713663,0.7410913585855818,0.07495095311115278,0.005617645372270223,0.0005394360177029534
LIN_q0,4,0.1,ALL,100,92,0.6039080920805951,0.5684778578354742,0.061430196267414756,0.0037736690134530975,0.0002506248643413259
LIN_q0,4,0.1,near_FINAL_SELECTED,100,92,0.6039080920805951,0.5684778578354742,0.061430196267414756,0.0037736690134530975,0.0002506248643413259
LIN_q0,4,0.1,far_FINAL_SELECTED,0,0,,,,,
LIN_q0,4,0.2,ALL,100,92,0.6039080920805951,0.5684778578354742,0.061430196267414756,0.0037736690134530975,0.0002506248643413259
LIN_q0,4,0.2,near_FINAL_SELECTED,100,92,0.6039080920805951,0.5684778578354742,0.061430196267414756,0.0037736690134530975,0.0002506248643413259
LIN_q0,4,0.2,far_FINAL_SELECTED,0,0,,,,,
LIN_q0,5,0.05,ALL,100,100,0.48522500359207266,0.46386160166671975,0.039182669380869485,0.0015352815798105272,5.0696098268766426e-05
LIN_q0,5,0.05,near_FINAL_SELECTED,43,43,0.4687620961712739,0.446224533233476,0.02539767444399787,0.0006450418671633024,2.1294379787057444e-05
LIN_q0,5,0.05,far_FINAL_SELECTED,57,57,0.49682184866170886,0.4719742722966334,0.046977291582626764,0.002206865924439135,7.28763420356697e-05
LIN_q0,5,0.1,ALL,100,100,0.48522500359207266,0.46386160166671975,0.039182669380869485,0.0015352815798105272,5.0696098268766426e-05
LIN_q0,5,0.1,near_FINAL_SELECTED,74,74,0.48805267593499263,0.45052495940502757,0.027981972782572074,0.0007829908008046043,2.3878534447149958e-05
LIN_q0,5,0.1,far_FINAL_SELECTED,26,26,0.4780433307898478,0.48596724081081444,0.06063346331774482,0.003676416873904307,0.0001270230106841364
LIN_q0,5,0.2,ALL,100,100,0.48522500359207266,0.46386160166671975,0.039182669380869485,0.0015352815798105272,5.0696098268766426e-05
LIN_q0,5,0.2,near_FINAL_SELECTED,92,92,0.4868678516604176,0.4589647216790408,0.03251982407010889,0.0010575389575508333,3.71276822449969e-05
LIN_q0,5,0.2,far_FINAL_SELECTED,8,8,0.4678602450488884,0.48283489609001584,0.08384105042159838,0.007029321735797001,0.00020673288254211615
LIN_q0,6,0.05,ALL,100,95,0.5891003451046071,0.5390065282333758,0.03752584865096776,0.001408189316975339,9.64179052626948e-05
LIN_q0,6,0.05,near_FINAL_SELECTED,44,43,0.5595985765355426,0.4258158721464478,0.03560591760619423,0.0012677813685790919,9.812601266388135e-05
LIN_q0,6,0.05,far_FINAL_SELECTED,56,52,0.6095231248120049,0.5685771056562552,0.03896806189507126,0.0015185098478581048,9.507582087604824e-05
LIN_q0,6,0.1,ALL,100,95,0.5891003451046071,0.5390065282333758,0.03752584865096776,0.001408189316975339,9.64179052626948e-05
LIN_q0,6,0.1,near_FINAL_SELECTED,82,78,0.5638572437386079,0.45852811705826757,0.036597795530545006,0.0013393986376955803,9.690894180910652e-05
LIN_q0,6,0.1,far_FINAL_SELECTED,18,17,0.6910324052541291,0.6313091251341079,0.04149179531110561,0.0017215690781386855,9.418096099570801e-05
LIN_q0,6,0.2,ALL,100,95,0.5891003451046071,0.5390065282333758,0.03752584865096776,0.001408189316975339,9.64179052626948e-05
LIN_q0,6,0.2,near_FINAL_SELECTED,100,95,0.5891003451046071,0.5390065282333758,0.03752584865096776,0.001408189316975339,9.64179052626948e-05
LIN_q0,6,0.2,far_FINAL_SELECTED,0,0,,,,,
LIN_q0,7,0.05,ALL,100,88,0.6112668182501486,0.5684759968540317,0.04775478723560959,0.0022805197039183407,0.00019654095904440998
LIN_q0,7,0.05,near_FINAL_SELECTED,30,30,0.43649458103824584,0.40634653512521546,0.0345930558685502,0.0011966795143246354,4.6084790153154374e-05
LIN_q0,7,0.05,far_FINAL_SELECTED,70,58,0.6731589102268571,0.6654145919028165,0.052392963671810386,0.0027450226423156427,0.00026102217428351955
LIN_q0,7,0.1,ALL,100,88,0.6112668182501486,0.5684759968540317,0.04775478723560959,0.0022805197039183407,0.00019654095904440998
LIN_q0,7,0.1,near_FINAL_SELECTED,66,62,0.5098538768609284,0.49121154304844517,0.03703006341630735,0.0013712255966157442,5.973873933693251e-05
LIN_q0,7,0.1,far_FINAL_SELECTED,34,26,0.7650765064833346,0.7168227521763446,0.06360518870232738,0.004045620029858675,0.0004620982090648074
LIN_q0,7,0.2,ALL,100,88,0.6112668182501486,0.5684759968540317,0.04775478723560959,0.0022805197039183407,0.00019654095904440998
LIN_q0,7,0.2,near_FINAL_SELECTED,95,87,0.5778370379791985,0.5462787672828738,0.046768497493865586,0.0021872923578337114,0.00018089009755288394
LIN_q0,7,0.2,far_FINAL_SELECTED,5,1,1.040348021249288,1.0149586684954017,0.06365405941121348,0.004051839279526295,0.0004939073273834052
LIN_q0,8,0.05,ALL,100,93,0.6491993209337992,0.606514421054327,0.0675597047771803,0.00456431370957976,0.0003972867315070505
LIN_q0,8,0.05,near_FINAL_SELECTED,52,48,0.5936508004046095,0.509690981392878,0.06272329935060757,0.003934212281425927,0.00032065500712677404
LIN_q0,8,0.05,far_FINAL_SELECTED,48,45,0.6977462151069991,0.6729042062803674,0.07243565137471841,0.005246923590079745,0.0004803044329190166
LIN_q0,8,0.1,ALL,100,93,0.6491993209337992,0.606514421054327,0.0675597047771803,0.00456431370957976,0.0003972867315070505
LIN_q0,8,0.1,near_FINAL_SELECTED,76,72,0.5919625526411563,0.5315493579378061,0.06233284356891815,0.0038853833873872205,0.00027593285936681816
LIN_q0,8,0.1,far_FINAL_SELECTED,24,21,0.7900490218529788,0.7544204364697776,0.08194058658476966,0.006714259729856134,0.0007815739932844524
LIN_q0,8,0.2,ALL,100,93,0.6491993209337992,0.606514421054327,0.0675597047771803,0.00456431370957976,0.0003972867315070505
LIN_q0,8,0.2,near_FINAL_SELECTED,99,92,0.6479276501199305,0.6014177450975471,0.06739519794379378,0.004542112705883145,0.00039377563419054585
LIN_q0,8,0.2,far_FINAL_SELECTED,1,1,0.7155948698078263,0.7155948698078263,0.08223267644643784,0.006762213075544532,0.0007448853658410114
LIN_q0,9,0.05,ALL,100,93,0.5942080523677495,0.5630695651019874,0.05239373634496065,0.0027451036081852505,0.0003144306043244636
LIN_q0,9,0.05,near_FINAL_SELECTED,47,46,0.46095203066012125,0.4750642974501511,0.028445405167388776,0.0008091410751369082,3.290387770036225e-05
LIN_q0,9,0.05,far_FINAL_SELECTED,53,47,0.7029814740070935,0.6487704439182294,0.06679745931885835,0.004461900571454535,0.0005640863807647044
LIN_q0,9,0.1,ALL,100,93,0.5942080523677495,0.5630695651019874,0.05239373634496065,0.0027451036081852505,0.0003144306043244636
LIN_q0,9,0.1,near_FINAL_SELECTED,75,73,0.5032117736678301,0.4887012499585822,0.03371780313892491,0.0011368902485152945,6.425781454979565e-05
LIN_q0,9,0.1,far_FINAL_SELECTED,25,20,0.7957729446657292,0.7164485104209785,0.08700427395935857,0.0075697436871951206,0.0010649489736484674
LIN_q0,9,0.2,ALL,100,93,0.5942080523677495,0.5630695651019874,0.05239373634496065,0.0027451036081852505,0.0003144306043244636
LIN_q0,9,0.2,near_FINAL_SELECTED,98,93,0.5689971227955043,0.5598498007495474,0.04757472655100605,0.0022633546064030003,0.00018679271820864593
LIN_q0,9,0.2,far_FINAL_SELECTED,2,0,1.1773874926567918,1.2033158927007435,0.16232930941612342,0.02635080469551554,0.006568687023999528
