arm,family,alpha,offset,root,seed,window,task_start,task_end,free_growth,full_growth,free_rms,full_rms,root_distance_rms,zmean,near_mean_fraction,near_all_inputs_fraction,unit_shrink_fraction,median_unit_growth,v_rms,effective_v2_gate2,unit_output_variance,loss,unfit
SN_normal_qm05,snake,1,-0.5,0.36954256660758034,0,initial,0,0,1.0,1.0,0.7223637571689194,1.4398913264348285,1.1358847674425785,-0.13029632209800185,0.09,0.0,0.0,1.0,0.09690787394070474,0.014421144185838963,0.0017145316984251058,0.8593296102714644,1.399314928262063
SN_normal_qm05,snake,1,-0.5,0.36954256660758034,0,early,2,20,1.3759774947013752,1.0861388654316657,0.9939562728523623,1.5639219316388209,0.8298877066183254,-0.16463976479662962,0.14421052631578948,0.0,0.37,1.0388090778506949,0.22139591258185562,0.06298272265422838,0.06433604335636486,1.0645195321810802e-05,3.834936013600762e-06
SN_normal_qm05,snake,1,-0.5,0.36954256660758034,0,middle,21,100,1.6184030753705232,1.1357972910065024,1.169075726138385,1.6354246679084379,0.8279027097824588,-0.1257697358620148,0.126625,0.0,0.36,1.1208614527423335,0.195982717027612,0.0500153175276958,0.04310491440472967,7.141418960971783e-09,6.459226343305691e-09
SN_normal_qm05,snake,1,-0.5,0.36954256660758034,0,late,451,500,1.7685068373214556,1.064683746102498,1.2775052435864496,1.5330288914091281,0.7936223544839399,-0.060682163094359566,0.272,0.1216,0.38,1.4615255825241116,0.17456148994608156,0.04017195459461699,0.03236081533971137,3.5893831398119302e-12,3.1504786817866104e-12
SN_normal_qm05,snake,1,-0.5,0.36954256660758034,0,final,500,500,1.753190623535084,1.0679020463173856,1.266441365850124,1.5376628939744081,0.8105907886844425,-0.050431541614234444,0.31,0.13,0.38,1.4593138013750355,0.18900894416493194,0.04791493655623781,0.03878416210696977,3.752373434049215e-13,1.6299290288109047e-13
SN_normal_qm05,snake,1,-0.5,0.36954256660758034,1,initial,0,0,1.0,1.0,0.7127536716197848,1.4203201929643945,0.9994364231190577,0.06741271622711792,0.08,0.0,0.0,1.0,0.09383858786956806,0.014984101959206585,0.001676054377307491,9.547030746056802,0.8107655000379024
SN_normal_qm05,snake,1,-0.5,0.36954256660758034,1,early,2,20,1.3944419981194998,1.096557143348906,0.9938936540205023,1.5574622534378033,0.7941777051004166,-0.09970943046203741,0.16473684210526315,0.0,0.51,0.9925045379506062,0.22558759232817516,0.0633422772631949,0.05495713606102246,8.306789807061567e-06,2.5472152807562428e-06
SN_normal_qm05,snake,1,-0.5,0.36954256660758034,1,middle,21,100,1.6822318854023262,1.1699533500758938,1.199016952836381,1.6617083679391331,0.7800568350088699,-0.07276188926316536,0.157375,0.0,0.44,1.0863928574044048,0.2011360304488718,0.05395072515301186,0.047459346605140194,1.950349712334752e-06,2.518016280354849e-07
SN_normal_qm05,snake,1,-0.5,0.36954256660758034,1,late,451,500,1.7241814145182774,1.066202400539928,1.2289166337364963,1.5143487992739713,0.772691627315335,0.02405012603450159,0.3556,0.1974,0.44,1.3689273693264832,0.18227230474692355,0.04568432780052368,0.03598603608626427,8.289264924012291e-11,4.9581912839975155e-11
SN_normal_qm05,snake,1,-0.5,0.36954256660758034,1,final,500,500,1.7605402722227126,1.0769813912686073,1.2548315430612338,1.5296584174656902,0.8007119962644559,0.061562039125710726,0.43,0.26,0.45,1.368266391556451,0.17012929446641756,0.03844132984783453,0.024600520127191817,4.586064451084417e-13,1.9856311561370618e-13
SN_normal_qm05,snake,1,-0.5,0.36954256660758034,2,initial,0,0,1.0,1.0,0.6951739093373812,1.3876885387931412,0.8763714294334176,0.035657786708325145,0.08,0.0,0.0,1.0,0.09725408151334809,0.014759040485100567,0.0017403067362751162,4.832991321343542,1.2930392780592752
SN_normal_qm05,snake,1,-0.5,0.36954256660758034,2,early,2,20,1.3242986752526553,1.0783643574605588,0.9206178872057035,1.4964338594910476,0.8282766873561216,-0.1751818010107366,0.12947368421052632,0.0,0.31,1.0466316225752579,0.2134446265772637,0.05315462755300285,0.027340399731168856,0.0002515080389977194,0.0002394739030342476
SN_normal_qm05,snake,1,-0.5,0.36954256660758034,2,middle,21,100,1.673830042234053,1.1743689966597417,1.1636029740262006,1.6296583969787244,0.8345851351020903,-0.14145123752559222,0.13175,0.0,0.36,1.134372393854153,0.1967896521743724,0.048117044138624984,0.04132651148755368,5.9345854105959686e-08,4.208768405666394e-08
SN_normal_qm05,snake,1,-0.5,0.36954256660758034,2,late,451,500,1.814894775783097,1.124250781305218,1.2616674963171255,1.5601099239464855,0.8071679955406916,-0.03566829408428457,0.2574,0.0636,0.42,1.3681126478353005,0.1672902690578631,0.0363187329543538,0.026674801856434734,3.1955623270268404e-11,2.5544219093755063e-11
SN_normal_qm05,snake,1,-0.5,0.36954256660758034,2,final,500,500,1.8127130786021006,1.1184648359018423,1.2601508373588217,1.552080833824138,0.820688253069998,-0.08764361785259098,0.27,0.09,0.42,1.4291346078652887,0.15971005220382123,0.029654825089512137,0.020755635882794835,8.728058779724562e-13,9.066712050155268e-13
SN_normal_qm05,snake,1,-0.5,0.36954256660758034,3,initial,0,0,1.0,1.0,0.7019225972385064,1.3999858554973614,1.1036026679696402,0.12632403071969747,0.08,0.0,0.0,1.0,0.09900362643730118,0.016597092406405393,0.0016492214254314156,2.696229434128485,1.0654951204033916
SN_normal_qm05,snake,1,-0.5,0.36954256660758034,3,early,2,20,1.4050236875605604,1.0984552465107547,0.9862178759541321,1.5378218080119241,0.8606888776348912,-0.12996434451892702,0.15210526315789474,0.0,0.45,1.038221131089919,0.22509253712036587,0.05897981670325174,0.04493323876307944,5.062346662374884e-05,1.9413047272884753e-05
SN_normal_qm05,snake,1,-0.5,0.36954256660758034,3,middle,21,100,1.6973100861835524,1.165628338901831,1.1913803040130722,1.6318631872294482,0.8065627063153529,-0.0996779488195607,0.153625,0.0,0.37,1.1443269557314448,0.19315131697862464,0.049197824656086554,0.04103723181593723,1.528485000457055e-09,4.6192157643548833e-10
SN_normal_qm05,snake,1,-0.5,0.36954256660758034,3,late,451,500,1.804276989576043,1.1079263031642501,1.2664627906608896,1.5510811533634317,0.7719334758749395,-0.02652530725159013,0.3156,0.1688,0.4,1.3618618162802627,0.17200844961416822,0.04062430120579078,0.033787917290979214,5.994573310000127e-12,4.256662682701241e-12
SN_normal_qm05,snake,1,-0.5,0.36954256660758034,3,final,500,500,1.8069967330539265,1.107122758957778,1.2683718400667081,1.5499562028401037,0.7697941670474264,-0.12213773803086951,0.3,0.19,0.4,1.356066023018238,0.17261513056873362,0.041843245601205066,0.04925604055329557,1.4447573836219268e-12,1.4668745263715555e-12
SN_normal_qm05,snake,1,-0.5,0.36954256660758034,4,initial,0,0,1.0,1.0,0.6889504467660763,1.4005079337377437,1.0469626195538515,0.04573907433077693,0.04,0.0,0.0,1.0,0.0990179919603878,0.0182789189609401,0.001955091389350663,2.0157950417925825,1.0017383986245865
SN_normal_qm05,snake,1,-0.5,0.36954256660758034,4,early,2,20,1.5000531755015756,1.1180319197270712,1.033462305434682,1.5658125737498034,0.8098499003398143,-0.08982531315319264,0.16894736842105262,0.0,0.35,1.112850278761754,0.2246035538301011,0.06407489650516178,0.047073396407585406,1.722413714014538e-05,1.0528840930680493e-05
SN_normal_qm05,snake,1,-0.5,0.36954256660758034,4,middle,21,100,1.8024545007798443,1.1924250974742059,1.2418018335877987,1.6700008094006276,0.7873787527529177,-0.08364981174013406,0.16275,0.000625,0.34,1.326655148431561,0.20261251816031042,0.055390440999998784,0.04936705885904101,2.4516549571772247e-09,1.0560946806167442e-09
SN_normal_qm05,snake,1,-0.5,0.36954256660758034,4,late,451,500,1.898346870466822,1.108473393055918,1.3078669245251,1.5524257813120097,0.7199675643558902,0.03598486111787788,0.3606,0.2324,0.4,1.5347554899104265,0.1801875770566688,0.044273515060076214,0.03562841574043778,4.081094273491871e-13,2.46613156575911e-13
SN_normal_qm05,snake,1,-0.5,0.36954256660758034,4,final,500,500,1.8673262572975973,1.0907576309873268,1.2864952592232048,1.5276147159827373,0.7888930438262486,-0.007984705194830894,0.39,0.29,0.4,1.5610059772024227,0.19858489772586718,0.051190138548551804,0.04196582230829801,7.254887367004599e-13,1.8741841991949805e-13
SN_normal_qm05,snake,1,-0.5,0.36954256660758034,5,initial,0,0,1.0,1.0,0.7318089860993301,1.4241256246236833,0.9208143305729477,0.09504209799692034,0.08,0.0,0.0,1.0,0.10266809539896946,0.01556019531702693,0.0018125123570877238,1.8196905302103057,0.8919860544015298
SN_normal_qm05,snake,1,-0.5,0.36954256660758034,5,early,2,20,1.324818961699928,1.0833237867886327,0.9695144211267914,1.5427891645300555,0.770585738819414,-0.056737126156051663,0.15789473684210525,0.0,0.46,1.0096266884194147,0.22036854593171984,0.06149023357735859,0.047234185804931945,6.349147438797075e-06,3.7822666446019807e-06
SN_normal_qm05,snake,1,-0.5,0.36954256660758034,5,middle,21,100,1.604191663002113,1.1453593259979595,1.1739618744105744,1.631135565555405,0.8092210014801652,-0.10384782729554536,0.125125,0.0,0.39,1.1228259921330404,0.18929296685669167,0.04754516584620471,0.038267994298110744,3.797110135479924e-09,1.2074951891766227e-09
SN_normal_qm05,snake,1,-0.5,0.36954256660758034,5,late,451,500,1.7144198443134582,1.0696719627989661,1.254627848015603,1.523347252163519,0.7683930047187124,-0.003839166348229628,0.2942,0.1042,0.4,1.339882194929778,0.1725772229473913,0.04092468181465722,0.028923876950906743,6.658526195425079e-11,1.342901705004934e-10
SN_normal_qm05,snake,1,-0.5,0.36954256660758034,5,final,500,500,1.7062095096610335,1.0650737671871988,1.2486194513380762,1.5167988439657691,0.8085955494474424,-0.08329762402921916,0.25,0.06,0.4,1.3110061938556679,0.14624278958393996,0.029233105523894767,0.01713623421867089,2.7726446674259554e-09,4.407915649463279e-09
SN_normal_qm05,snake,1,-0.5,0.36954256660758034,6,initial,0,0,1.0,1.0,0.7122233603226376,1.4206182261212177,0.9327155947187451,0.12177180511178448,0.02,0.0,0.0,1.0,0.0950552343916686,0.016628704846095035,0.0020568768429691455,2.117162896770708,0.9739679045911769
SN_normal_qm05,snake,1,-0.5,0.36954256660758034,6,early,2,20,1.4433205003222822,1.1122328264307932,1.0279665767620862,1.5800582249179016,0.8075456615589609,-0.17436565053466008,0.14210526315789473,0.0,0.38,1.1231878275890195,0.23109049166000611,0.06743780973053766,0.05284997596463111,1.9856341210063783e-06,7.472288891684649e-07
SN_normal_qm05,snake,1,-0.5,0.36954256660758034,6,middle,21,100,1.6569878525059445,1.1634925432989665,1.1801454563255747,1.6528787129666418,0.81794582226079,-0.1317324718697855,0.12425,0.0,0.34,1.1731025419158274,0.1910972627282035,0.04757287630309454,0.0350593615567369,5.568336674758342e-10,1.9702210490073202e-10
SN_normal_qm05,snake,1,-0.5,0.36954256660758034,6,late,451,500,1.7330206063691838,1.068291814882201,1.234297759776635,1.5176348230377685,0.796196056411023,0.028282880833907984,0.2976,0.1154,0.38,1.5333725216506637,0.17660691305346982,0.042540031866856606,0.032416189728247086,1.3538636188794904e-11,7.224083904566263e-12
SN_normal_qm05,snake,1,-0.5,0.36954256660758034,6,final,500,500,1.7485506117728988,1.0674374354709675,1.2453585924110975,1.5164210760741477,0.7293918145782597,0.07742612461326644,0.38,0.19,0.38,1.5028071271815528,0.16540697451666275,0.03397335098356682,0.022000749291021804,2.642842634947966e-13,3.0279598877302146e-13
SN_normal_qm05,snake,1,-0.5,0.36954256660758034,7,initial,0,0,1.0,1.0,0.6784986527169264,1.4020331151523138,1.0761538921071712,-0.10570058714365586,0.04,0.0,0.0,1.0,0.1006962298499074,0.015726325398020626,0.0017884157799368469,2.506379528316937,0.7785075164731029
SN_normal_qm05,snake,1,-0.5,0.36954256660758034,7,early,2,20,1.4730171521630533,1.1123385228857263,0.9994401531715554,1.5595354443453981,0.8467741069323049,-0.1753613827751925,0.14947368421052631,0.0,0.37,1.054944207546489,0.2101431318907396,0.05306905913114724,0.03067711425435293,4.501331126418033e-06,1.4736419737742096e-06
SN_normal_qm05,snake,1,-0.5,0.36954256660758034,7,middle,21,100,1.7169236811740658,1.159245590165533,1.1649304044943893,1.6253007060063647,0.8357887120735928,-0.1426516623854577,0.127375,0.0,0.32,1.2404120288357747,0.19601837156478114,0.04935041530645078,0.039542202418619256,4.93607980817225e-09,2.85342451784074e-09
SN_normal_qm05,snake,1,-0.5,0.36954256660758034,7,late,451,500,1.8824094375973444,1.1006790409814657,1.2772122672714254,1.543188464610106,0.7671365679493054,0.013527598354115617,0.3506,0.2158,0.41,1.49920315587803,0.18568685951764569,0.0466519646320653,0.03900130540629801,9.871469385225188e-13,5.256627877115869e-13
SN_normal_qm05,snake,1,-0.5,0.36954256660758034,7,final,500,500,1.8649714077228592,1.0931017177077391,1.2653805874955497,1.5325648064561268,0.8067886872192437,-0.026451269211247564,0.35,0.21,0.42,1.4663775342092968,0.18202361692890398,0.04490576337958073,0.0314011542976064,3.036651389357322e-13,2.1885897866725658e-13
SN_normal_qm05,snake,1,-0.5,0.36954256660758034,8,initial,0,0,1.0,1.0,0.6937528812430814,1.4115880954949276,0.9725785525773538,0.13502423078753054,0.06,0.0,0.0,1.0,0.09911488383105639,0.015311283164008298,0.0015694675099522173,3.066134481662935,0.9167004425859329
SN_normal_qm05,snake,1,-0.5,0.36954256660758034,8,early,2,20,1.4176600807833633,1.097034306523911,0.9835057656667578,1.5485605674386862,0.760025292975495,-0.05436985146214092,0.1568421052631579,0.0,0.45,1.0184686689925693,0.20723372281772312,0.05547568500184915,0.049035918262977554,5.1143293458990345e-05,3.4073705543889734e-05
SN_normal_qm05,snake,1,-0.5,0.36954256660758034,8,middle,21,100,1.684156206895075,1.1651789565721147,1.1683882209968774,1.6447527442183985,0.788977430730599,-0.1060480200518723,0.136625,0.0,0.35,1.1062254336816004,0.20044462220299292,0.051962891515161,0.04146584202350337,7.019627092345442e-09,5.228040902117134e-09
SN_normal_qm05,snake,1,-0.5,0.36954256660758034,8,late,451,500,1.8287575696240734,1.082455466321397,1.268705833021796,1.5279812501626946,0.7580297534300982,-0.023619053540885216,0.3424,0.1664,0.41,1.4837619374562498,0.180100090497252,0.04434016991420433,0.03247544735539113,8.740836547761445e-13,4.720532590040937e-13
SN_normal_qm05,snake,1,-0.5,0.36954256660758034,8,final,500,500,1.816236718668281,1.0800585784939223,1.2600194565956,1.5245978318391944,0.7193193322350413,-0.011053306390531361,0.31,0.15,0.41,1.494919921744267,0.18125310677291984,0.04659678214655241,0.03159876601513313,9.76659875203318e-14,4.0539540886676437e-14
SN_normal_qm05,snake,1,-0.5,0.36954256660758034,9,initial,0,0,1.0,1.0,0.7202572566321502,1.432101642074296,0.9589692683240904,-0.05870646988041699,0.06,0.0,0.0,1.0,0.10206279604236056,0.017544519620420654,0.001979219898740906,5.93084460855888,1.1925476080234791
SN_normal_qm05,snake,1,-0.5,0.36954256660758034,9,early,2,20,1.4165294029920976,1.1032395846312255,1.0202655817378659,1.5799512207517423,0.8191177298607979,-0.16677052672967732,0.1694736842105263,0.0,0.42,1.046389645504942,0.24077822147078567,0.07186549122950252,0.07856185380452381,3.182417280052347e-05,1.1285893383063092e-05
SN_normal_qm05,snake,1,-0.5,0.36954256660758034,9,middle,21,100,1.6824367204464339,1.1647249495690182,1.2117872567259402,1.6680045128426926,0.7960809266925285,-0.09206028349315375,0.144625,0.0,0.4,1.1507585718156896,0.2000923398223291,0.05332991241220813,0.047286549214047784,6.585012474384569e-09,3.461722152892437e-09
SN_normal_qm05,snake,1,-0.5,0.36954256660758034,9,late,451,500,1.7441863331144694,1.0865373584583082,1.2562628633443174,1.556031935223211,0.7726184448641977,-0.016794810057076393,0.3156,0.142,0.41,1.3721407573053293,0.1771530130343067,0.042807979910250156,0.03323472384708995,3.1682412199472635e-12,2.1718222793713337e-12
SN_normal_qm05,snake,1,-0.5,0.36954256660758034,9,final,500,500,1.753346082312569,1.0927567877143771,1.2628602391731791,1.5649387900735923,0.8796687796167523,0.027632382325828077,0.28,0.12,0.41,1.3889797109422388,0.15806078297571788,0.03439581666414868,0.027403077660647108,8.058638436926775e-13,5.581265080115786e-13
SN_normal_q0,snake,1,0,0.0,0,initial,0,0,1.0,1.0,0.7223637571689194,1.4398913264348285,1.0282861575446376,-0.13029632209800185,0.06,0.0,0.0,1.0,0.09690787394070474,0.014421144185838963,0.0017145316984251058,1.2938290247523672,1.3993149282620632
SN_normal_q0,snake,1,0,0.0,0,early,2,20,1.3793866383402833,1.097272128964358,0.9964189146600925,1.579952621234458,0.8712305198801419,-0.4359573884233894,0.12736842105263158,0.0,0.36,1.044112380612475,0.2267627299620394,0.06034206309855811,0.05630765824434776,2.0290686471221664e-05,4.635844794251568e-06
SN_normal_q0,snake,1,0,0.0,0,middle,21,100,1.6426997979719167,1.1609365940831786,1.1866267979636187,1.6716225323611602,0.885789634110592,-0.5680440897688925,0.094125,0.0,0.27,1.10365338090804,0.21004564444483562,0.052626602999208794,0.04620153355887885,8.495543387108824e-09,4.3038344420568395e-09
SN_normal_q0,snake,1,0,0.0,0,late,451,500,1.790864400507195,1.110154585643032,1.2936555369304419,1.5985019588692526,0.8518114256349426,-0.577395160583232,0.0694,0.0,0.28,1.3649064037772418,0.19001339450226315,0.04253149237795077,0.032830173879134554,2.9990446399673804e-12,2.674402059932796e-12
SN_normal_q0,snake,1,0,0.0,0,final,500,500,1.79054268923288,1.1140568075573227,1.2934231443656041,1.604120734357464,0.737868162529299,-0.5400177302770317,0.07,0.0,0.28,1.3664137324202934,0.20437942945183704,0.05038560752153718,0.03537426581779255,3.1428048836013296e-13,1.4542367215463822e-13
SN_normal_q0,snake,1,0,0.0,1,initial,0,0,1.0,1.0,0.7127536716197848,1.4203201929643945,0.9550576902340578,0.06741271622711792,0.07,0.0,0.0,1.0,0.09383858786956806,0.014984101959206585,0.001676054377307491,11.197622792508328,0.8107655000379024
SN_normal_q0,snake,1,0,0.0,1,early,2,20,1.397639756088852,1.104024239298444,0.9961728677541097,1.5680679205977348,0.688285865741069,-0.3965925741557179,0.1436842105263158,0.0,0.4,1.0470141692735149,0.24442367527675682,0.07047642021607475,0.05431248418232732,1.448688214546901e-06,9.608686753125024e-07
SN_normal_q0,snake,1,0,0.0,1,middle,21,100,1.688699298279371,1.1836020591069734,1.2036266251103755,1.681093904983871,0.8544984950645305,-0.5527366738185192,0.088125,0.0,0.27,1.2048839881876856,0.2194051738935003,0.05857589486431145,0.05647022485656528,4.1156556886932596e-10,2.1366124176544365e-10
SN_normal_q0,snake,1,0,0.0,1,late,451,500,1.7815220347446412,1.1413028699322656,1.2697863713357926,1.6210155124530126,0.8950096661996636,-0.570316398640431,0.0708,0.0002,0.27,1.3931042148239392,0.19781044959052113,0.047599084919219846,0.040735890015781366,5.858172486631616e-11,9.562498561488757e-11
SN_normal_q0,snake,1,0,0.0,1,final,500,500,1.826468584051629,1.1393541888866445,1.301822189380988,1.61824776141427,0.7758843330258839,-0.5537673956993967,0.08,0.0,0.27,1.4455108543963413,0.19486256212895747,0.04470390732556044,0.029464981252599207,1.1681981409524497e-12,6.306274352603387e-13
SN_normal_q0,snake,1,0,0.0,2,initial,0,0,1.0,1.0,0.6951739093373812,1.3876885387931412,0.8110606104550595,0.035657786708325145,0.14,0.0,0.0,1.0,0.09725408151334809,0.014759040485100567,0.0017403067362751162,2.1286858616629916,1.2930392780592752
SN_normal_q0,snake,1,0,0.0,2,early,2,20,1.3307723913079248,1.0812650010942035,0.9251182457037852,1.5004590494165795,0.7349348896578594,-0.4339257990376791,0.13,0.0,0.36,1.0561392852315903,0.21901480089845818,0.054903163963937573,0.02812752236802813,0.00025681792588411835,0.00039649205695574353
SN_normal_q0,snake,1,0,0.0,2,middle,21,100,1.6769719630930244,1.1917049299166553,1.1657871554325603,1.6537152728686262,0.8852498156165336,-0.5592393222350601,0.096625,0.0,0.32,1.0840806835598542,0.20815672039176203,0.05048839322463671,0.04126426376800569,2.235463889662463e-08,1.3478957781615857e-08
SN_normal_q0,snake,1,0,0.0,2,late,451,500,1.8565613212045367,1.1968481345104112,1.290632991586331,1.6608524389360493,0.8848546674843749,-0.5799405631901696,0.0748,0.0,0.31,1.3890411540068008,0.17783354229928,0.037652092368079516,0.02784634037317428,3.0831906047614695e-10,2.6687834669977063e-10
SN_normal_q0,snake,1,0,0.0,2,final,500,500,1.82529430921866,1.1717914294631209,1.2688969806308106,1.6260815365220045,0.9992250769429669,-0.7085392551124096,0.05,0.0,0.31,1.3904734773184915,0.18152641186538465,0.03529766255754952,0.021260742568706865,7.910488980966434e-11,2.828536763547053e-11
SN_normal_q0,snake,1,0,0.0,3,initial,0,0,1.0,1.0,0.7019225972385064,1.3999858554973614,1.083854858035675,0.12632403071969747,0.05,0.0,0.0,1.0,0.09900362643730118,0.016597092406405393,0.0016492214254314156,5.116506611948383,1.0654951204033913
SN_normal_q0,snake,1,0,0.0,3,early,2,20,1.4167940108008192,1.0983293020545288,0.9944797318132714,1.5376454875546295,0.762165920224604,-0.4557889596770646,0.10894736842105263,0.0,0.33,1.093671876870855,0.2392938978045262,0.06236327564955369,0.04915514190398878,1.2031524410165219e-05,4.649816931892315e-06
SN_normal_q0,snake,1,0,0.0,3,middle,21,100,1.7264523509340415,1.1937055517451904,1.2118359181761476,1.6711708880719405,0.9208114279627224,-0.6130595152209455,0.085,0.0,0.33,1.2031261996819538,0.2111366501277741,0.052785714343490206,0.05187259638883392,2.556316956000307e-08,6.100320410847826e-09
SN_normal_q0,snake,1,0,0.0,3,late,451,500,1.8065713886359607,1.139832992641647,1.2680732812081286,1.595750067327534,0.8815466715324245,-0.5956577541195253,0.0708,0.0,0.28,1.4252304520338255,0.19030439871254912,0.0430008261632187,0.029723498158740584,8.920847306379664e-12,7.453637466578538e-12
SN_normal_q0,snake,1,0,0.0,3,final,500,500,1.8389392570581362,1.1459100651585106,1.290793019478096,1.6042578828939744,0.8458128995342247,-0.6118232585591068,0.09,0.0,0.27,1.427745761300326,0.1916218167524376,0.043709341634290196,0.03900661246092833,6.842163618074802e-13,7.288143925511829e-13
SN_normal_q0,snake,1,0,0.0,4,initial,0,0,1.0,1.0,0.6889504467660763,1.4005079337377437,0.9966815379312718,0.04573907433077693,0.04,0.0,0.0,1.0,0.0990179919603878,0.0182789189609401,0.001955091389350663,1.826364051153688,1.0017383986245865
SN_normal_q0,snake,1,0,0.0,4,early,2,20,1.4453530568835433,1.1025262798549835,0.9957766342746315,1.5440968020912642,0.7389380049690158,-0.4171752833886268,0.13842105263157894,0.0,0.31,1.0845770942936026,0.24659268252477815,0.0717859177195225,0.06149860034601117,3.1832414990265916e-07,2.5000339538888847e-07
SN_normal_q0,snake,1,0,0.0,4,middle,21,100,1.7405232244597313,1.1746591746282184,1.1991342530982636,1.6451194935046496,0.8459112937061309,-0.5283111401940005,0.094875,0.0,0.28,1.238621411171036,0.22384071921834817,0.06087662041114327,0.05370578054851548,9.703014281372532e-10,9.80266946252535e-10
SN_normal_q0,snake,1,0,0.0,4,late,451,500,1.9488157184596018,1.1619113251092463,1.3426374598974946,1.6272660291152343,0.8429441479559308,-0.5891537729470874,0.0654,0.0002,0.17,1.5011226049279023,0.20406511271266756,0.048554000385992786,0.03974656551832853,9.620521713422728e-12,8.251121224804605e-12
SN_normal_q0,snake,1,0,0.0,4,final,500,500,1.963616899233028,1.1676661718466281,1.3528347400040122,1.6353257376283823,0.9548050344858215,-0.6509355368651449,0.04,0.0,0.18,1.542383547014889,0.21730187674949517,0.05177901079587301,0.050234625346577216,6.999284120587884e-13,2.1496869310329044e-13
SN_normal_q0,snake,1,0,0.0,5,initial,0,0,1.0,1.0,0.7318089860993301,1.4241256246236833,0.8840709951766825,0.09504209799692034,0.06,0.0,0.0,1.0,0.10266809539896946,0.01556019531702693,0.001812512357087724,3.4498087163893727,0.89198605440153
SN_normal_q0,snake,1,0,0.0,5,early,2,20,1.3852809886892783,1.1036517247159352,1.013761075795378,1.5717387018280866,0.7042264300218556,-0.40309676011984075,0.12947368421052632,0.0,0.44,1.0378825783878414,0.24098697844009861,0.0640768746252195,0.04911624748144333,9.861114604567268e-07,2.984313751697309e-07
SN_normal_q0,snake,1,0,0.0,5,middle,21,100,1.6584217789490132,1.176730696899978,1.2136479605777246,1.6758123387365436,0.8609364105871734,-0.5347341574740381,0.090875,0.0,0.36,1.1083365397902276,0.20213476473709804,0.048596298509258735,0.03733427190304026,7.017041925108305e-10,7.057218544869709e-10
SN_normal_q0,snake,1,0,0.0,5,late,451,500,1.7392059767866677,1.143501656331509,1.2727665624901463,1.628490010581327,0.8660091289198932,-0.5534007732358411,0.082,0.0,0.31,1.4120865496778556,0.19319199318955985,0.044876149670358634,0.03136992683362145,1.5293995284179035e-12,2.446733813952412e-12
SN_normal_q0,snake,1,0,0.0,5,final,500,500,1.7576917039462294,1.1517333953072186,1.2862945837400939,1.6402130409918485,1.0241805316393344,-0.6978052438050508,0.05,0.0,0.31,1.415055894419316,0.15962387564023894,0.029404973697826173,0.015889522728497443,2.8140665852068372e-12,2.4947146641256097e-12
SN_normal_q0,snake,1,0,0.0,6,initial,0,0,1.0,1.0,0.7122233603226376,1.4206182261212177,0.9074119256983116,0.12177180511178448,0.12,0.0,0.0,1.0,0.0950552343916686,0.016628704846095035,0.0020568768429691455,2.6958166491233806,0.9739679045911769
SN_normal_q0,snake,1,0,0.0,6,early,2,20,1.4214494672427493,1.115568352213517,1.0123895160884537,1.584796733638536,0.8323480748803,-0.5560174996377655,0.11473684210526315,0.0,0.31,1.1040047862231184,0.24727866985681884,0.07260724104568984,0.0592895731223873,1.0369049037291351e-06,3.893268853867551e-07
SN_normal_q0,snake,1,0,0.0,6,middle,21,100,1.6776092902079043,1.1893803562735947,1.1948325259803483,1.689655411912816,0.8926601271193317,-0.54602880569837,0.092,0.0,0.33,1.1684024165850602,0.20554124105620553,0.05096038293595454,0.040965436741908945,5.78520687059812e-10,3.955787193856312e-10
SN_normal_q0,snake,1,0,0.0,6,late,451,500,1.8093367456790395,1.1459017583471023,1.288651896962751,1.6278889232522444,0.8386979359690271,-0.5730582601508125,0.0682,0.0,0.35,1.3739327856652994,0.1989222367435769,0.047414620679532796,0.034636541567073735,9.386204980651825e-12,7.692456360219197e-12
SN_normal_q0,snake,1,0,0.0,6,final,500,500,1.791223765024442,1.136863582049955,1.2757514090154745,1.6150491252736205,0.721438794962122,-0.5257307598076295,0.1,0.0,0.35,1.4246688524358646,0.19836731810269134,0.04207864030898138,0.028264485782102115,1.8788094349939582e-13,2.282740709156315e-13
SN_normal_q0,snake,1,0,0.0,7,initial,0,0,1.0,1.0,0.6784986527169264,1.4020331151523138,0.9713000352272748,-0.10570058714365586,0.07,0.0,0.0,1.0,0.1006962298499074,0.015726325398020626,0.0017884157799368469,2.741647672576359,0.7785075164731028
SN_normal_q0,snake,1,0,0.0,7,early,2,20,1.460818931709285,1.1196552230301322,0.9911636770281296,1.569793700241495,0.8866450062373062,-0.5876814360077113,0.11421052631578947,0.0,0.3,1.0941732018184482,0.22966798101384375,0.058699432867093074,0.034634029195923344,2.7782791912212765e-06,9.664006306183535e-07
SN_normal_q0,snake,1,0,0.0,7,middle,21,100,1.7445232409012972,1.1910619493853145,1.1836566685848962,1.6699082952360802,0.9125089164634261,-0.6100239841991788,0.08375,0.0,0.27,1.1985657793020508,0.20956319850621435,0.05292939404763679,0.0461248215642447,8.990502936432918e-10,8.263632015820053e-10
SN_normal_q0,snake,1,0,0.0,7,late,451,500,1.8908369059265886,1.1657621492127843,1.282930293178632,1.6344371375874565,0.8598351375879086,-0.5484433018886019,0.0766,0.0,0.25,1.4051242746088228,0.20000775440153545,0.04936760540509924,0.04235435823917754,2.3434428295412813e-12,1.2791749178124537e-12
SN_normal_q0,snake,1,0,0.0,7,final,500,500,1.912300460047277,1.1709938100773485,1.297493285732036,1.641772099366822,0.8936402126835924,-0.5018706773221493,0.04,0.0,0.24,1.4372473500367349,0.19068220493145688,0.0447587321582067,0.03579884239462186,8.039804781414896e-13,4.216409337525091e-13
SN_normal_q0,snake,1,0,0.0,8,initial,0,0,1.0,1.0,0.6937528812430814,1.4115880954949276,0.9534892416789081,0.13502423078753054,0.1,0.0,0.0,1.0,0.09911488383105639,0.015311283164008298,0.0015694675099522173,2.8604720819075418,0.9167004425859329
SN_normal_q0,snake,1,0,0.0,8,early,2,20,1.434042523280141,1.1063396954288798,0.9948711323506965,1.5616959436408906,0.8289984866037056,-0.47174545227243997,0.12157894736842105,0.0,0.34,1.0478846800939898,0.22076058580191033,0.0591122622827845,0.05007187942621124,0.00010847222755747432,4.6269975699443833e-05
SN_normal_q0,snake,1,0,0.0,8,middle,21,100,1.70559432540846,1.189223137233275,1.1832609774839689,1.678693223405622,0.8802638521435376,-0.5485519834006445,0.0955,0.0,0.25,1.178681773968878,0.21254121818039562,0.05314628996003375,0.04242934056105085,6.917102456850664e-09,4.363488219801221e-09
SN_normal_q0,snake,1,0,0.0,8,late,451,500,1.8808200077783113,1.134420607039418,1.3048242994958381,1.6013346241809716,0.8167149968753971,-0.5159735315858678,0.0726,0.0,0.24,1.3156673024069723,0.1929101118636958,0.04458398008383689,0.03324505639408016,4.0172615670607045e-13,2.1976572097493294e-13
SN_normal_q0,snake,1,0,0.0,8,final,500,500,1.8577036431178102,1.1168735205167184,1.28878725490875,1.5765653657349095,0.8361023521976413,-0.6195077983965166,0.06,0.0,0.25,1.3887440323025113,0.19818394942329945,0.04925540345820588,0.041676032064549416,2.7236032959459354e-13,5.607442046355845e-14
SN_normal_q0,snake,1,0,0.0,9,initial,0,0,1.0,1.0,0.7202572566321502,1.432101642074296,0.8600414350151762,-0.05870646988041699,0.1,0.0,0.0,1.0,0.10206279604236056,0.017544519620420654,0.001979219898740906,3.71698969616953,1.192547608023479
SN_normal_q0,snake,1,0,0.0,9,early,2,20,1.406192685922595,1.1065084537454632,1.012820486258803,1.5846325735779678,0.8238778697282187,-0.5442196039429645,0.11315789473684211,0.0,0.34,1.0819934239619104,0.2523248616486059,0.0731988261054112,0.08036700370330835,1.3286165874119913e-05,4.922273908448931e-06
SN_normal_q0,snake,1,0,0.0,9,middle,21,100,1.6606675750492783,1.1652173557835084,1.1961078717829585,1.6687096885910313,0.8737779705409511,-0.5491696843574159,0.085,0.0,0.24,1.2432230724074056,0.21863391593976572,0.05640964645491207,0.0461871584422504,9.23157498154532e-09,3.4514447387809647e-09
SN_normal_q0,snake,1,0,0.0,9,late,451,500,1.769336292683813,1.1449753731540588,1.2743773042281423,1.6397211120285573,0.8568141886500712,-0.5969622784804189,0.0612,0.0,0.26,1.2849483152810626,0.1996447535488408,0.04610552504517251,0.03728717850875107,6.834375947884527e-12,5.672152513392639e-12
SN_normal_q0,snake,1,0,0.0,9,final,500,500,1.760182344802036,1.1380145158330786,1.26778410683946,1.6297524568289368,0.8737244167230048,-0.6036121750902385,0.07,0.0,0.25,1.2902140212507862,0.18971531523330054,0.0403997783649093,0.03678682051637265,9.1197503277394e-12,4.982787381925545e-12
SN_normal_qp05,snake,1,0.5,-1.4941344627952486,0,initial,0,0,1.0,1.0,0.7223637571689194,1.4398913264348285,1.7030706868084402,-0.13029632209800185,0.05,0.0,0.0,1.0,0.09690787394070474,0.014421144185838963,0.0017145316984251058,2.840005857207666,1.3993149282620632
SN_normal_qp05,snake,1,0.5,-1.4941344627952486,0,early,2,20,1.3970535816938303,1.1069882979262469,1.0091808742386512,1.5939428486488567,1.0149546676228185,-0.74916338540197,0.057368421052631575,0.0,0.32,1.0614313018530996,0.22099820864273415,0.05742675412473684,0.0475003986080261,4.946953259711889e-05,1.4180156917485543e-05
SN_normal_qp05,snake,1,0.5,-1.4941344627952486,0,middle,21,100,1.6745317218228646,1.1970388246613282,1.2096210260745044,1.7236058210355878,0.9081050975440295,-0.9452388296246008,0.081,0.0,0.22,1.1583286968716027,0.21087671241188477,0.05113446597065933,0.04467477755922482,3.2626099802024844e-09,2.1805521453971727e-09
SN_normal_qp05,snake,1,0.5,-1.4941344627952486,0,late,451,500,1.7565268690299825,1.125845557514164,1.2688513486806567,1.6210952531698286,0.8153520012988597,-1.0072472584788688,0.092,0.0,0.22,1.3228691037559788,0.19031575282578117,0.042595970904369174,0.031435578095570196,2.821979918427562e-11,2.5569767482318074e-11
SN_normal_qp05,snake,1,0.5,-1.4941344627952486,0,final,500,500,1.7262608809603033,1.1095645767470057,1.2469882958242136,1.5976524101773453,0.8001619655767257,-1.1116739655286074,0.08,0.0,0.23,1.2953609498259375,0.18890205362497228,0.04216416595187858,0.03009028563521462,2.6139195309463976e-13,1.1444698683392973e-13
SN_normal_qp05,snake,1,0.5,-1.4941344627952486,1,initial,0,0,1.0,1.0,0.7127536716197848,1.4203201929643945,1.8292130301522582,0.06741271622711792,0.01,0.0,0.0,1.0,0.09383858786956806,0.014984101959206585,0.001676054377307491,13.000996323759429,0.8107655000379024
SN_normal_qp05,snake,1,0.5,-1.4941344627952486,1,early,2,20,1.4158992219003028,1.1155846858877327,1.009187369053037,1.5844874563281879,1.005318763881476,-0.7117387985624373,0.04473684210526316,0.0,0.4,1.0390245664413662,0.24220769709569992,0.06729780153459651,0.05365683381256489,2.5744406840747774e-07,1.6489407247965654e-07
SN_normal_qp05,snake,1,0.5,-1.4941344627952486,1,middle,21,100,1.7356505004692275,1.2136440055283975,1.2370912668581586,1.723763088122174,0.8966661724737311,-0.8953397452163244,0.072875,0.0,0.31,1.219572238076947,0.22152199080179497,0.05755654312395851,0.05497383560227619,1.5704468639015857e-09,1.5794137798589952e-09
SN_normal_qp05,snake,1,0.5,-1.4941344627952486,1,late,451,500,1.7956040177812578,1.151779372204039,1.2798233564488286,1.6358955001812496,0.8411467480195502,-0.9157588545990875,0.0848,0.0,0.31,1.3135796041635204,0.2007169386081352,0.04889303807314538,0.03843987843489139,8.67576762410281e-12,6.891924676913611e-12
SN_normal_qp05,snake,1,0.5,-1.4941344627952486,1,final,500,500,1.8286323704432186,1.162675899549599,1.3033644360761942,1.6513720580033373,0.8461183238390733,-0.9307893198076636,0.05,0.0,0.33,1.3509763398816177,0.2070260044270524,0.0473190112577595,0.03045836915704221,1.0752666712441313e-13,5.88904444827133e-14
SN_normal_qp05,snake,1,0.5,-1.4941344627952486,2,initial,0,0,1.0,1.0,0.6951739093373812,1.3876885387931412,1.7311303136159337,0.035657786708325145,0.01,0.0,0.0,1.0,0.09725408151334809,0.014759040485100567,0.0017403067362751162,1.2958697188279538,1.2930392780592752
SN_normal_qp05,snake,1,0.5,-1.4941344627952486,2,early,2,20,1.3309717439792985,1.090734730477089,0.9252568304796809,1.5136000843466824,1.048871733218608,-0.6470538731403097,0.05631578947368421,0.0,0.39,1.048727382368655,0.22045382975686537,0.05578731325506536,0.028397543733886685,0.00023143820397828014,0.00036818570887923454
SN_normal_qp05,snake,1,0.5,-1.4941344627952486,2,middle,21,100,1.648021804142087,1.1916301627968993,1.1456617602586987,1.6536115193934622,0.9354580371664706,-0.8435447024504646,0.07025,0.0,0.32,1.1002848667916185,0.20834232354898136,0.05040143906512691,0.039555737962160165,1.2841354661253733e-08,1.0730585366476928e-08
SN_normal_qp05,snake,1,0.5,-1.4941344627952486,2,late,451,500,1.8455164850127403,1.1919468394132393,1.2829549096328892,1.654050967904461,0.8633864462726872,-0.9096702343375422,0.0676,0.0,0.28,1.3957409106930665,0.1773271739630085,0.03729375972112741,0.02861688773567309,2.792869953221272e-10,2.5886874038335983e-10
SN_normal_qp05,snake,1,0.5,-1.4941344627952486,2,final,500,500,1.8597433382348254,1.1890581463786194,1.2928450468048551,1.6500423616882274,0.7775037729863611,-1.023551829010248,0.09,0.0,0.29,1.3884896607034753,0.16899095702763317,0.030828842338473182,0.02158454534627424,1.081091796569807e-08,8.958904795412083e-09
SN_normal_qp05,snake,1,0.5,-1.4941344627952486,3,initial,0,0,1.0,1.0,0.7019225972385064,1.3999858554973614,1.9454226588983154,0.12632403071969747,0.05,0.0,0.0,1.0,0.09900362643730118,0.016597092406405393,0.0016492214254314156,8.54002435929132,1.0654951204033916
SN_normal_qp05,snake,1,0.5,-1.4941344627952486,3,early,2,20,1.4173849740200484,1.1082824970792624,0.9948945422509852,1.5515798198062631,1.0123949516764092,-0.7209085954345861,0.05578947368421053,0.0,0.3,1.0645766314975607,0.2399318025621052,0.06365788633289499,0.05352973696748847,4.26162169958377e-05,1.6098140633670515e-05
SN_normal_qp05,snake,1,0.5,-1.4941344627952486,3,middle,21,100,1.6958433730455047,1.1884868610946422,1.1903507849178097,1.6638647949769565,0.8791389851754022,-0.9167306788043825,0.0815,0.0,0.3,1.1603834604827903,0.2093735148463243,0.05228152267796554,0.043299841490594924,2.454044557786287e-09,1.4881679314513814e-09
SN_normal_qp05,snake,1,0.5,-1.4941344627952486,3,late,451,500,1.836298165969139,1.1628374360397982,1.288939177961364,1.6279559626985352,0.8310173201342527,-0.9417736829479177,0.0844,0.0,0.26,1.383791616779429,0.19005620794433636,0.04410426109000707,0.03427486687883139,5.247271152898308e-12,4.818706243505139e-12
SN_normal_qp05,snake,1,0.5,-1.4941344627952486,3,final,500,500,1.8302440629634615,1.1615877570351965,1.2846896662556693,1.6262064297681806,0.7863327569528302,-1.1382097034156322,0.16,0.0,0.25,1.395288769585383,0.1862612302287086,0.041613059823495745,0.035037880535783356,5.542680914029466e-13,2.4851173513675904e-13
SN_normal_qp05,snake,1,0.5,-1.4941344627952486,4,initial,0,0,1.0,1.0,0.6889504467660763,1.4005079337377437,1.8337100467286058,0.04573907433077693,0.04,0.0,0.0,1.0,0.0990179919603878,0.0182789189609401,0.001955091389350663,1.7179359470222983,1.0017383986245867
SN_normal_qp05,snake,1,0.5,-1.4941344627952486,4,early,2,20,1.4207830481861656,1.1064010707292102,0.9788491158055266,1.5495234774521935,1.032173230523134,-0.6735021297725402,0.05631578947368421,0.0,0.31,1.1032638703431545,0.24825459958672694,0.06874733948085211,0.052375384612480404,1.4713827986401967e-06,7.5631354566895e-07
SN_normal_qp05,snake,1,0.5,-1.4941344627952486,4,middle,21,100,1.7586956986658249,1.2044173616956102,1.2116541873213968,1.6867960705861835,0.9073461788418251,-0.8933389099474812,0.079625,0.0,0.28,1.2569105299097472,0.22575157974846546,0.060841849213947696,0.052438490567562765,3.2235095513177333e-10,2.007697342438589e-10
SN_normal_qp05,snake,1,0.5,-1.4941344627952486,4,late,451,500,1.8920770109366702,1.1733964336139957,1.3035473020006412,1.6433510146959744,0.855738837891785,-0.9319900061908178,0.0746,0.0,0.24,1.5412806817409934,0.20020429320314426,0.048804347280347764,0.038738715508224865,1.0885414393801197e-11,1.360528767638093e-12
SN_normal_qp05,snake,1,0.5,-1.4941344627952486,4,final,500,500,1.8647017382803803,1.1633283399720162,1.284687095673747,1.6292505696727677,0.8347905242194499,-1.0065618759393693,0.09,0.0,0.26,1.54952106756509,0.21274081990863314,0.057524486329746424,0.049958993787176824,9.659482826066472e-13,1.629132932393765e-13
SN_normal_qp05,snake,1,0.5,-1.4941344627952486,5,initial,0,0,1.0,1.0,0.7318089860993301,1.4241256246236833,1.8160480900824898,0.09504209799692034,0.01,0.0,0.0,1.0,0.10266809539896946,0.01556019531702693,0.001812512357087724,5.978902011025733,0.8919860544015298
SN_normal_qp05,snake,1,0.5,-1.4941344627952486,5,early,2,20,1.3751516387133842,1.1103180740403364,1.006348326459674,1.5812324207236592,0.9940225846035107,-0.7159170934578134,0.04842105263157895,0.0,0.38,1.0645948605632833,0.23408623444749302,0.058500546305783066,0.042220914957574227,1.0683585094653652e-06,6.215058510173497e-07
SN_normal_qp05,snake,1,0.5,-1.4941344627952486,5,middle,21,100,1.6648500340420485,1.1872703261006365,1.2183522154197468,1.6908220947552333,0.9062767235619198,-0.8885675820216274,0.0855,0.0,0.27,1.145425325726877,0.2027898010663875,0.04911917713297808,0.03710159278617827,6.111283904468372e-10,3.891725425730423e-10
SN_normal_qp05,snake,1,0.5,-1.4941344627952486,5,late,451,500,1.7498295134202269,1.1455782814522095,1.2805409620627404,1.6314473856284537,0.8524525553296279,-0.9820885558339767,0.082,0.0,0.35,1.3732595961645924,0.1885874186519182,0.042981037193593044,0.030312486942742113,3.508879684429837e-11,4.4516468755333865e-11
SN_normal_qp05,snake,1,0.5,-1.4941344627952486,5,final,500,500,1.7580982203196311,1.1416340109014742,1.286592076075146,1.625830248866703,0.6920962163771623,-1.0440520829707385,0.1,0.0,0.33,1.379869622672596,0.16138494146451873,0.030193834484830703,0.017021357827573143,1.7581668234578445e-12,2.1569977713331537e-12
SN_normal_qp05,snake,1,0.5,-1.4941344627952486,6,initial,0,0,1.0,1.0,0.7122233603226376,1.4206182261212177,1.8492487926292047,0.12177180511178448,0.05,0.0,0.0,1.0,0.0950552343916686,0.016628704846095035,0.0020568768429691455,3.9179561904502345,0.9739679045911769
SN_normal_qp05,snake,1,0.5,-1.4941344627952486,6,early,2,20,1.434465903409773,1.1234510187555415,1.0216601259947564,1.5959949933985722,0.8975312214631506,-0.7988340556926988,0.06263157894736843,0.0,0.28,1.0954330333983529,0.2536745489359853,0.07255228006476422,0.061598691840242165,4.362344840745074e-06,1.5660635532941618e-06
SN_normal_qp05,snake,1,0.5,-1.4941344627952486,6,middle,21,100,1.6754068665428417,1.1952736328126987,1.1932639083967633,1.6980275079758393,0.9312189639331495,-0.8783115753599086,0.081625,0.0,0.31,1.1892959712658762,0.2030404948768883,0.04977240762828541,0.03731145524401433,1.343923566878386e-09,7.127070103155203e-10
SN_normal_qp05,snake,1,0.5,-1.4941344627952486,6,late,451,500,1.7937115222951263,1.1387876167491722,1.2775232478584684,1.6177824440350181,0.8515121980465061,-0.9639082849807921,0.0732,0.0,0.25,1.3381011647514214,0.19624085519789183,0.04634461382442806,0.03181359301888211,1.2523469434334779e-12,3.885024049319366e-13
SN_normal_qp05,snake,1,0.5,-1.4941344627952486,6,final,500,500,1.786032892952059,1.1332720532180507,1.272054348665077,1.6099469339553771,0.8720701121856691,-0.9784743312746287,0.11,0.0,0.27,1.383601770719857,0.1831121861776785,0.03612143542463231,0.020538456103486813,4.498072126341877e-13,5.085358871620816e-13
SN_normal_qp05,snake,1,0.5,-1.4941344627952486,7,initial,0,0,1.0,1.0,0.6784986527169264,1.4020331151523138,1.6911533849319802,-0.10570058714365586,0.03,0.0,0.0,1.0,0.1006962298499074,0.015726325398020626,0.0017884157799368469,3.0860636384372295,0.7785075164731031
SN_normal_qp05,snake,1,0.5,-1.4941344627952486,7,early,2,20,1.4655474203589283,1.1260739967859525,0.9943719502062999,1.5787930336058258,0.9505474667648579,-0.7935846535976682,0.05842105263157895,0.0,0.32,1.090646037346239,0.22933148356306343,0.05693242441783682,0.03441127550020442,1.6898680945945472e-06,5.902904791387808e-07
SN_normal_qp05,snake,1,0.5,-1.4941344627952486,7,middle,21,100,1.7900040432699942,1.215508773568473,1.2145153317165418,1.7041835523011746,0.891190816463076,-0.9283270036324539,0.085875,0.0,0.28,1.19916458816558,0.20732895425400538,0.05108008080153448,0.04013617451434004,1.9264309478565796e-09,7.963606630568468e-10
SN_normal_qp05,snake,1,0.5,-1.4941344627952486,7,late,451,500,1.8758434466918767,1.1506671574955711,1.2727572512883139,1.613273459326974,0.8531312890449007,-0.9528807071278221,0.091,0.0,0.29,1.3333052052534384,0.20173578506983342,0.050333063741223615,0.04484570212501601,3.6515389760004384e-11,1.5227755629899906e-11
SN_normal_qp05,snake,1,0.5,-1.4941344627952486,7,final,500,500,1.9025517188528354,1.1528260594263746,1.2908787779659212,1.6163003113263266,0.8122989840147488,-0.9166868634149432,0.1,0.0,0.28,1.3174950779217585,0.20457047019802174,0.051921890676771325,0.04509681462571814,1.631320514552157e-12,7.869665958432862e-13
SN_normal_qp05,snake,1,0.5,-1.4941344627952486,8,initial,0,0,1.0,1.0,0.6937528812430814,1.4115880954949276,1.8828351600642055,0.13502423078753054,0.03,0.0,0.0,1.0,0.09911488383105639,0.015311283164008298,0.0015694675099522173,2.6686310969263327,0.916700442585933
SN_normal_qp05,snake,1,0.5,-1.4941344627952486,8,early,2,20,1.4357654548610508,1.1097226652688845,0.9960664210991375,1.56647130359446,0.9829114553871408,-0.7291710169314588,0.05947368421052632,0.0,0.31,1.1067399978509873,0.22896292079850636,0.0602996554226467,0.05081991448243342,7.019575750280926e-06,6.074409713839864e-06
SN_normal_qp05,snake,1,0.5,-1.4941344627952486,8,middle,21,100,1.6927811213504058,1.1772249791271805,1.1743717802507383,1.6617567662551926,0.8917102744138254,-0.8925655036877433,0.078875,0.0,0.25,1.2419430314304254,0.2207217361353241,0.05614662451555874,0.04914375802180085,1.177497610087801e-08,1.3316406696997715e-08
SN_normal_qp05,snake,1,0.5,-1.4941344627952486,8,late,451,500,1.8904234516674747,1.1603628180148307,1.3114867163638018,1.6379543403646821,0.8159100665226556,-0.9434384938138479,0.079,0.0,0.19,1.4593416532625585,0.1959998990374223,0.0466127218830551,0.03502540780198319,1.411783363015903e-12,9.590035713054575e-13
SN_normal_qp05,snake,1,0.5,-1.4941344627952486,8,final,500,500,1.8995290510692286,1.15874392477605,1.3178037521842136,1.635669129940942,0.8694659861653113,-0.9083026196248829,0.07,0.0,0.2,1.4640473549702793,0.1945590872408772,0.043826144990167765,0.030730692845767196,2.724646632035804e-12,1.4576260897868364e-12
SN_normal_qp05,snake,1,0.5,-1.4941344627952486,9,initial,0,0,1.0,1.0,0.7202572566321502,1.432101642074296,1.6723272237156954,-0.05870646988041699,0.02,0.0,0.0,1.0,0.10206279604236056,0.017544519620420654,0.001979219898740906,2.441510302776498,1.192547608023479
SN_normal_qp05,snake,1,0.5,-1.4941344627952486,9,early,2,20,1.3835212916100028,1.1085696405331424,0.9964912499871896,1.5875844025612251,0.942753399610072,-0.7689949120657739,0.07052631578947369,0.0,0.34,1.0675929459452842,0.255788803286865,0.07393401000172656,0.08643420472078829,2.490067894905385e-05,9.716640603491168e-06
SN_normal_qp05,snake,1,0.5,-1.4941344627952486,9,middle,21,100,1.6645250124465476,1.1887863850510332,1.198886219060346,1.7024629341071509,0.8815128951204054,-0.9430223653448775,0.07925,0.0,0.26,1.1898120128405751,0.21924466543892132,0.0574467168408416,0.05278140654807389,8.768157803924074e-07,2.0184514594497342e-07
SN_normal_qp05,snake,1,0.5,-1.4941344627952486,9,late,451,500,1.757676879091134,1.133115463560554,1.2659795269799397,1.6227365160248464,0.8476607548279927,-0.9145914600176737,0.0742,0.0,0.22,1.3026445348140738,0.19547527731434736,0.0448819764168811,0.03498873218344545,1.7780535982389334e-12,1.0689863548504643e-12
SN_normal_qp05,snake,1,0.5,-1.4941344627952486,9,final,500,500,1.7707904126224296,1.133920338609353,1.2754246446659445,1.6238891789038963,0.9130402620397114,-0.8795878611505031,0.04,0.0,0.25,1.3211363564812495,0.19641790941528436,0.04362593799501753,0.03317439712918631,3.5451689311868026e-13,2.2295527105644333e-13
SN_peak_qm05,snake,1,-0.5,0.25548671469428463,0,initial,0,0,1.0,1.0,0.7223637571689194,1.4398913264348285,1.0905154018730443,-0.13029632209800185,0.08,0.0,0.0,1.0,0.09690787394070474,0.014505763098437041,0.0017863881453362045,1.8038169290988841,1.3992266341302526
SN_peak_qm05,snake,1,-0.5,0.25548671469428463,0,early,2,20,1.3125254217909688,1.0700471654174613,0.948120795064645,1.5407516323607766,0.7948706956849847,0.48644122392061706,0.2826315789473684,0.0,0.56,0.9587747883779798,0.22580931321389827,0.059863320630058725,0.05722070808292286,4.218936447062729e-05,2.3382620692630046e-05
SN_peak_qm05,snake,1,-0.5,0.25548671469428463,0,middle,21,100,1.5919184761377394,1.127548625521317,1.1499442115294782,1.6235474860216568,0.6806996583359353,0.48324037949359583,0.25,0.0,0.54,0.8461495093882824,0.18867791134148673,0.05051648681226223,0.04541902904467355,2.8146025820932726e-08,1.8565121019745446e-08
SN_peak_qm05,snake,1,-0.5,0.25548671469428463,0,late,451,500,1.732749408860817,1.0706663152621836,1.251675373216924,1.541643140851956,0.6859604606174369,0.4991893698111875,0.4966,0.4116,0.54,0.06262108394846709,0.17191513449806117,0.04272899917986776,0.036342445920042786,3.2934839171162224e-12,2.522103833205991e-12
SN_peak_qm05,snake,1,-0.5,0.25548671469428463,0,final,500,500,1.7338351634682767,1.0699304936389087,1.2524596829945318,1.5405836376787991,0.6736882555975954,0.4657280298229307,0.5,0.42,0.54,0.06953875122175371,0.18118093128999005,0.048266016612458745,0.04452884597311223,2.721959810106848e-13,7.799028304131936e-14
SN_peak_qm05,snake,1,-0.5,0.25548671469428463,1,initial,0,0,1.0,1.0,0.7127536716197848,1.4203201929643945,0.971062586173272,0.06741271622711792,0.07,0.0,0.0,1.0,0.09383858786956806,0.014321007132610124,0.0016214106286587058,10.993804284071,0.7668210730599446
SN_peak_qm05,snake,1,-0.5,0.25548671469428463,1,early,2,20,1.357689211998856,1.0884196524256298,0.9676979707707568,1.5459044107594095,0.6941228791800073,0.5135160025910132,0.30473684210526314,0.0,0.64,0.9128742039429871,0.2190674754458587,0.06524845892653167,0.05491732077391183,6.253543897929253e-05,2.456156855921347e-05
SN_peak_qm05,snake,1,-0.5,0.25548671469428463,1,middle,21,100,1.66424752226877,1.1598246800229481,1.1861985319811954,1.6473224133350608,0.6761062509488794,0.48951470046227724,0.31475,0.00375,0.58,0.7668439656941458,0.19394809683788788,0.054246410989387116,0.051371664296380605,9.041610431738999e-10,3.346248920461094e-10
SN_peak_qm05,snake,1,-0.5,0.25548671469428463,1,late,451,500,1.7757139600312624,1.0746823050061565,1.26564664475879,1.5263929788217643,0.635263605685664,0.4361536239933805,0.5626,0.4684,0.58,0.06113066955808573,0.17982631713616187,0.04791467593811018,0.042719169000769996,8.962553365547743e-12,5.376198921816852e-12
SN_peak_qm05,snake,1,-0.5,0.25548671469428463,1,final,500,500,1.7661374443109827,1.0682149656644317,1.258820948017836,1.5172072861599597,0.6048349757529298,0.47012056171894073,0.62,0.56,0.58,0.05620563153380767,0.17614764996270593,0.04463439605396996,0.03052346337756417,5.365475576313942e-13,1.5923683366839164e-13
SN_peak_qm05,snake,1,-0.5,0.25548671469428463,2,initial,0,0,1.0,1.0,0.6951739093373812,1.3876885387931412,0.8395669083868501,0.035657786708325145,0.1,0.0,0.0,1.0,0.09725408151334809,0.01638517309825057,0.00186019917251435,10.755486993682101,1.3740587135871623
SN_peak_qm05,snake,1,-0.5,0.25548671469428463,2,early,2,20,1.348041596737388,1.0845660382350208,0.9371233467533355,1.5050398608230224,0.6288710061296835,0.5096064559261216,0.2331578947368421,0.0,0.45,1.0126364448531562,0.19345011482644334,0.05360129015998913,0.028675908616107887,0.000527472350074015,0.0006989508602499604
SN_peak_qm05,snake,1,-0.5,0.25548671469428463,2,middle,21,100,1.6370746182082005,1.1554913845763266,1.1380515622167955,1.6034621510507863,0.6856538915328029,0.5171089383150138,0.230125,0.0,0.52,0.9677144723538129,0.18135905621941018,0.0471478388001302,0.03828785348905582,1.4203179352162814e-07,9.153388646828399e-08
SN_peak_qm05,snake,1,-0.5,0.25548671469428463,2,late,451,500,1.744637149890662,1.079972400032605,1.2128262278647182,1.4986653217381674,0.7043307186052613,0.4297499619013746,0.4478,0.3022,0.54,0.13638779260613818,0.15856468799071585,0.03560993283850328,0.026046684281599907,1.0863274066104855e-09,8.829231003165935e-10
SN_peak_qm05,snake,1,-0.5,0.25548671469428463,2,final,500,500,1.7647691454433339,1.079001502508113,1.2268214659158319,1.497318018371087,0.6646661104031205,0.43490837821736933,0.46,0.37,0.54,0.10855556573505167,0.14853635775115484,0.032695003312615975,0.02380434566856108,2.8013587331257718e-12,2.952066935622829e-12
SN_peak_qm05,snake,1,-0.5,0.25548671469428463,3,initial,0,0,1.0,1.0,0.7019225972385064,1.3999858554973614,1.084189370673676,0.12632403071969747,0.04,0.0,0.0,1.0,0.09900362643730118,0.01517220716999329,0.0016599310866114059,1.834168957689984,0.7249110707636985
SN_peak_qm05,snake,1,-0.5,0.25548671469428463,3,early,2,20,1.39915396221151,1.0965162308918224,0.98209778309205,1.5351072135718302,0.6934117052119505,0.5452251956974751,0.2731578947368421,0.0,0.57,0.9581805293897101,0.20470468284491145,0.05939816777806287,0.04380924534175662,9.215098083675851e-05,1.4790260145558458e-05
SN_peak_qm05,snake,1,-0.5,0.25548671469428463,3,middle,21,100,1.626978477295854,1.142719259037688,1.1420129584346561,1.5997907994571887,0.693588621792297,0.5466472516269405,0.259125,0.0,0.53,0.8826268811809275,0.18683804123137687,0.0496822199641206,0.037984253290401566,1.0545487965766852e-08,3.2206940805092413e-09
SN_peak_qm05,snake,1,-0.5,0.25548671469428463,3,late,451,500,1.762897145941278,1.0917280116552124,1.2374173433434519,1.528403774367556,0.69462693551336,0.4607580445426982,0.553,0.4398,0.57,0.06451058089160602,0.1703121372375605,0.04263987478507011,0.035293059194116426,6.271057393966044e-11,4.556576489113967e-11
SN_peak_qm05,snake,1,-0.5,0.25548671469428463,3,final,500,500,1.7432576507015323,1.0860072565790864,1.2236319378363163,1.5203947981782147,0.739741873676412,0.46814123060554264,0.54,0.47,0.57,0.060010487191627514,0.16407930588251501,0.03728300729629002,0.03981209328688686,6.637816493585567e-13,7.035593939297976e-13
SN_peak_qm05,snake,1,-0.5,0.25548671469428463,4,initial,0,0,1.0,1.0,0.6889504467660763,1.4005079337377437,1.0174851830717087,0.04573907433077693,0.13,0.0,0.0,1.0,0.0990179919603878,0.014630103262312075,0.0017573549868594878,2.0347518785012464,1.0329765958093051
SN_peak_qm05,snake,1,-0.5,0.25548671469428463,4,early,2,20,1.4473255812859662,1.1015551863889168,0.9971356058429377,1.542736777987637,0.6716362860674839,0.5200772801188654,0.2926315789473684,0.0,0.52,0.9830975942395288,0.2126751427542995,0.06411197390283939,0.04929866576280456,6.717414818745572e-06,2.9408446184404166e-06
SN_peak_qm05,snake,1,-0.5,0.25548671469428463,4,middle,21,100,1.738856077986218,1.1603161087608689,1.1979856717905124,1.6250319159633033,0.6471533848544958,0.5222951843570481,0.306375,0.010625,0.52,0.8380892777217059,0.2008617428716343,0.05789444806557565,0.05150473628165347,9.735913085460917e-10,8.160259982569752e-10
SN_peak_qm05,snake,1,-0.5,0.25548671469428463,4,late,451,500,1.8303330372113673,1.0764386079315467,1.261008763717481,1.5075608105897436,0.6867799895375395,0.5114316274291315,0.5362,0.4562,0.53,0.06497287287190631,0.1825838163258678,0.04820647874895989,0.039670304464731514,1.2753600601320072e-12,8.575357757033925e-13
SN_peak_qm05,snake,1,-0.5,0.25548671469428463,4,final,500,500,1.8363000809768397,1.076403634639423,1.2651197611855758,1.5075118302166557,0.7210178327783088,0.5203173192590476,0.55,0.48,0.53,0.11928911963633651,0.19865119368188358,0.0557683129758628,0.046257962104825336,6.657908936577761e-13,2.9285507717639884e-13
SN_peak_qm05,snake,1,-0.5,0.25548671469428463,5,initial,0,0,1.0,1.0,0.7318089860993301,1.4241256246236833,0.8934713197121651,0.09504209799692034,0.1,0.0,0.0,1.0,0.10266809539896946,0.01885651199106572,0.0023100809555289454,1.901374525277419,0.8840706465206735
SN_peak_qm05,snake,1,-0.5,0.25548671469428463,5,early,2,20,1.3680849708901304,1.0947033625487907,1.0011768754448378,1.558995109967443,0.7056686516624452,0.61070629762841,0.24578947368421053,0.0,0.57,0.9444094952345193,0.20268568693927164,0.05739452174564262,0.04668047637595367,0.0005134829068804233,0.00010245343950334507
SN_peak_qm05,snake,1,-0.5,0.25548671469428463,5,middle,21,100,1.5457083079038236,1.1189636895368529,1.1311632296124083,1.5935448632928917,0.720474431387273,0.567793956016355,0.23575,0.000375,0.51,0.9783552708070048,0.18249529806857134,0.0476002529535654,0.03498294503991768,2.0304139929296938e-08,8.401286090814105e-09
SN_peak_qm05,snake,1,-0.5,0.25548671469428463,5,late,451,500,1.693988354446917,1.0885568344944732,1.239675900131871,1.550241681862821,0.6421169031176974,0.42465483235996215,0.5022,0.3956,0.54,0.0861361116992962,0.17172152483607728,0.04382260769692001,0.03387708872992778,5.1950143495838286e-12,6.834901351873729e-12
SN_peak_qm05,snake,1,-0.5,0.25548671469428463,5,final,500,500,1.690688865950457,1.0793176415041552,1.2372613048006302,1.5370839103744656,0.5902909413881309,0.38730095686391,0.4,0.29,0.54,0.10192748117714923,0.15151908688671167,0.033747065225024284,0.02376141389280391,5.863243363227396e-13,1.0885180813418657e-12
SN_peak_qm05,snake,1,-0.5,0.25548671469428463,6,initial,0,0,1.0,1.0,0.7122233603226376,1.4206182261212177,0.9090916936283117,0.12177180511178448,0.07,0.0,0.0,1.0,0.0950552343916686,0.01573701883513406,0.0018957959632367914,2.3311794498728418,1.0943449126237388
SN_peak_qm05,snake,1,-0.5,0.25548671469428463,6,early,2,20,1.4880967349081666,1.1241712103210975,1.0598572570214395,1.5970181106628996,0.6224930261339849,0.4857551981127395,0.2736842105263158,0.0,0.51,0.997604294108035,0.21271087882941345,0.06745355468122796,0.054609650819633614,1.4218556437358627e-06,4.4221070655547844e-07
SN_peak_qm05,snake,1,-0.5,0.25548671469428463,6,middle,21,100,1.674166984269938,1.1590271143980653,1.1923808352779515,1.646535043282573,0.6842870293310973,0.5733526246216623,0.231875,0.001,0.52,0.9809193878188619,0.17910529526886118,0.04700870832985022,0.03582977441105825,1.9208585756124904e-10,1.1896772149581405e-10
SN_peak_qm05,snake,1,-0.5,0.25548671469428463,6,late,451,500,1.730457033513775,1.0507757219656984,1.2324719233031238,1.4927511421901523,0.6763290292495319,0.4952973920365393,0.495,0.3832,0.55,0.09433902429933741,0.177093694134997,0.04548797551721482,0.03341665778705465,1.3024654718247784e-12,5.120796138728118e-13
SN_peak_qm05,snake,1,-0.5,0.25548671469428463,6,final,500,500,1.712107197045122,1.0413573773925797,1.2194027411120487,1.47937127022969,0.764738193311766,0.5663422984723002,0.49,0.36,0.55,0.09137328740357087,0.16883438598665904,0.04102394645686816,0.028351488514090084,2.828408081821094e-13,3.3554822364199643e-13
SN_peak_qm05,snake,1,-0.5,0.25548671469428463,7,initial,0,0,1.0,1.0,0.6784986527169264,1.4020331151523138,1.0308770107626628,-0.10570058714365586,0.11,0.0,0.0,1.0,0.1006962298499074,0.016038068109988774,0.0018600508259962617,2.5795676769263354,0.7449021799105535
SN_peak_qm05,snake,1,-0.5,0.25548671469428463,7,early,2,20,1.4080775499480451,1.094532886835679,0.9553787205606993,1.534571352966882,0.6464232357201567,0.4808396140449852,0.25157894736842107,0.0,0.55,0.9655016002423209,0.19252082620827443,0.05352988480004951,0.03508299111483273,1.4437452440212275e-06,3.8799331987938727e-07
SN_peak_qm05,snake,1,-0.5,0.25548671469428463,7,middle,21,100,1.6558911556913247,1.132336294134241,1.123519918182438,1.5875729818650566,0.6801957966695329,0.5175723131071772,0.27375,0.000875,0.6,0.795138035868741,0.1875449518575606,0.05022587387937699,0.04107416337693154,1.5292639072491013e-08,6.030962378658137e-09
SN_peak_qm05,snake,1,-0.5,0.25548671469428463,7,late,451,500,1.7851838237462632,1.059721705271065,1.2112448192638905,1.4857649236357136,0.6649952611934675,0.45703678641288425,0.5852,0.5014,0.6,0.05357337063580274,0.1879334459426553,0.05172652773328759,0.05021848286424935,1.472105807200223e-11,6.350470482348929e-12
SN_peak_qm05,snake,1,-0.5,0.25548671469428463,7,final,500,500,1.7881159001165732,1.060629832648401,1.213234229130809,1.487038148291515,0.7028512156596317,0.517457397437538,0.59,0.54,0.6,0.05250013328128386,0.18582606279595418,0.05348919831191156,0.044776408351190594,1.4300564492786913e-12,6.660653956600853e-13
SN_peak_qm05,snake,1,-0.5,0.25548671469428463,8,initial,0,0,1.0,1.0,0.6937528812430814,1.4115880954949276,0.9515363372602434,0.13502423078753054,0.13,0.0,0.0,1.0,0.09911488383105639,0.016758239548991617,0.0017438604191911922,3.5883160415599575,1.2716058071350984
SN_peak_qm05,snake,1,-0.5,0.25548671469428463,8,early,2,20,1.3897238576009485,1.0964532272174423,0.9641249303429078,1.5477403228071367,0.6928165834529503,0.5320555442942254,0.2894736842105263,0.0,0.58,0.9571312496979845,0.2013103235616256,0.05716372890432895,0.043781594806548446,6.535960826729228e-05,4.447544457561287e-05
SN_peak_qm05,snake,1,-0.5,0.25548671469428463,8,middle,21,100,1.6188993065271489,1.1416509300703213,1.1231160583456359,1.6115408620979776,0.7293886053066688,0.5690487346820737,0.281625,0.001625,0.57,0.8429287484054149,0.19118239907122583,0.0521365590179645,0.04380951926153907,3.41609715077085e-09,1.3023951934648818e-09
SN_peak_qm05,snake,1,-0.5,0.25548671469428463,8,late,451,500,1.7943443041426161,1.0707233672904917,1.2448315309410518,1.511420358835501,0.6651517752842748,0.3889489102820167,0.56,0.4678,0.58,0.05367038923219171,0.17470527310723533,0.04440083046953555,0.03626023824382695,8.072057151114202e-13,4.225337329425494e-13
SN_peak_qm05,snake,1,-0.5,0.25548671469428463,8,final,500,500,1.78635807534752,1.0558126906285983,1.2392910617041875,1.4903726251637983,0.6389398028466436,0.42776095665525643,0.56,0.49,0.58,0.06134444196835745,0.17518573096174203,0.04500158698461561,0.03383878337830979,5.036207048282961e-13,2.5337296920881055e-13
SN_peak_qm05,snake,1,-0.5,0.25548671469428463,9,initial,0,0,1.0,1.0,0.7202572566321502,1.432101642074296,0.9137517045512613,-0.05870646988041699,0.05,0.0,0.0,1.0,0.10206279604236056,0.01796099572273607,0.00220996312265326,9.795869022190335,1.1119335911038364
SN_peak_qm05,snake,1,-0.5,0.25548671469428463,9,early,2,20,1.4223438486143989,1.1130542686591667,1.0244534783906214,1.594006845864597,0.5960244142110637,0.4917011519814351,0.3094736842105263,0.0,0.62,0.9172893916222843,0.22460625643838464,0.07100232281056712,0.07381511047323663,5.408155432606219e-05,2.5894997036807014e-05
SN_peak_qm05,snake,1,-0.5,0.25548671469428463,9,middle,21,100,1.6172672499988614,1.136264510148838,1.1648484727252018,1.6272462708148963,0.6743136469004763,0.5199391735869177,0.3225,0.004375,0.6,0.7500765579873538,0.19660420654317293,0.05605012997858566,0.049798999307227365,2.5857361032327235e-08,4.678937846769876e-09
SN_peak_qm05,snake,1,-0.5,0.25548671469428463,9,late,451,500,1.6780685439758665,1.0416889253521266,1.2086410459247643,1.491804420527389,0.6606633418817196,0.4172103963907808,0.5468,0.4522,0.59,0.06132856669007395,0.17551398715114563,0.04536531071238104,0.03725817015506989,3.0769979980764936e-12,2.8200441426738016e-12
SN_peak_qm05,snake,1,-0.5,0.25548671469428463,9,final,500,500,1.727818754296529,1.057365567152721,1.244473995927197,1.5142549649922308,0.8044905048051515,0.49250706151127815,0.51,0.42,0.59,0.049639727166245554,0.16212324573686038,0.03701675038760421,0.0304890488857092,1.0279625289036942e-12,3.4795508012911317e-13
SN_peak_q0,snake,1,0,0.0,0,initial,0,0,1.0,1.0,0.7223637571689194,1.4398913264348285,1.0282861575446376,-0.13029632209800185,0.06,0.0,0.0,1.0,0.09690787394070474,0.014505763098437041,0.001786388145336205,0.9054296246658452,1.3992266341302526
SN_peak_q0,snake,1,0,0.0,0,early,2,20,1.2962805299649058,1.059197578277567,0.9363860739703674,1.5251294059426443,0.5950346597851802,-0.03278571132993372,0.3463157894736842,0.0,0.66,0.8817636420656285,0.20530698638533137,0.06195090116881444,0.06612836649235229,0.00011149237296600112,5.802920686687316e-05
SN_peak_q0,snake,1,0,0.0,0,middle,21,100,1.5112969022141032,1.0767578629650236,1.0917061084811286,1.5504143075538392,0.6215947833925463,-0.025207996639460134,0.396,0.003875,0.71,0.5350372985129239,0.18919586906679564,0.054043911304664335,0.049427292943891296,8.946030623334657e-08,5.2820758856279353e-08
SN_peak_q0,snake,1,0,0.0,0,late,451,500,1.6194458910201877,0.9795880213544438,1.1698290183691114,1.4105002954277193,0.5624490822637297,0.0536533634268133,0.6852,0.6136,0.71,0.03400103719785383,0.18112436019931166,0.04839168170988023,0.04707475518589716,2.6411844403714464e-09,1.9701296450699374e-09
SN_peak_q0,snake,1,0,0.0,0,final,500,500,1.6358544344796668,0.9897802591771161,1.18168195547217,1.425176010265546,0.6612679413152626,-0.03774737667554291,0.76,0.67,0.71,0.04098692566736059,0.18404695128831663,0.050530847712142155,0.052999076662227154,9.798559341220619e-11,3.5761686318814406e-11
SN_peak_q0,snake,1,0,0.0,1,initial,0,0,1.0,1.0,0.7127536716197848,1.4203201929643945,0.9550576902340578,0.06741271622711792,0.07,0.0,0.0,1.0,0.09383858786956806,0.014321007132610124,0.0016214106286587058,12.786001075196172,0.7668210730599445
SN_peak_q0,snake,1,0,0.0,1,early,2,20,1.314304451495572,1.0711223379631993,0.9367753234296962,1.5213366857443644,0.6344983476149301,0.03976139092545246,0.4268421052631579,0.0,0.74,0.7983916320330897,0.21534222217911814,0.0666572155412244,0.05485793342170419,1.0934271859433383e-05,5.293475514052471e-06
SN_peak_q0,snake,1,0,0.0,1,middle,21,100,1.5249361136756525,1.096947810143659,1.0869038140079268,1.5580171253751116,0.6332080586681316,0.02392319659555051,0.478625,0.02725,0.74,0.3361593427807975,0.20066241807311622,0.05959523007258061,0.06177522279041975,1.3592305642869788e-08,3.125067121904499e-09
SN_peak_q0,snake,1,0,0.0,1,late,451,500,1.6188533631707256,0.9992927881915958,1.1538436784139714,1.419315725752215,0.6355652064929296,0.027625433975306625,0.7356,0.6802,0.74,0.0404179416383859,0.19466735245564706,0.055648107032849545,0.06396745592548862,2.8670233608554234e-09,1.7151650745450702e-09
SN_peak_q0,snake,1,0,0.0,1,final,500,500,1.618486478299993,0.9922731332560085,1.153582179875295,1.4093455680995584,0.6627148196959834,-0.012256987800938077,0.74,0.74,0.74,0.03573898642765941,0.18036463729367763,0.04742189907862157,0.047065761782468775,2.738823347945636e-12,1.0307854342081157e-12
SN_peak_q0,snake,1,0,0.0,2,initial,0,0,1.0,1.0,0.6951739093373812,1.3876885387931412,0.8110606104550595,0.035657786708325145,0.14,0.0,0.0,1.0,0.09725408151334809,0.01638517309825057,0.00186019917251435,5.765483968824705,1.3740587135871618
SN_peak_q0,snake,1,0,0.0,2,early,2,20,1.3176472527287353,1.072420729541979,0.9159939918070953,1.488185955149583,0.6265017547565987,0.05896953865865821,0.33,0.0,0.62,0.9160213172437247,0.18950430815892683,0.05306542531465418,0.029011573656947422,0.0009790927195738894,0.0010641283853362017
SN_peak_q0,snake,1,0,0.0,2,middle,21,100,1.5549838931941076,1.1058106213373857,1.0809842319884084,1.5345207253056123,0.6045320612008613,0.00580623804438801,0.357375,0.000875,0.69,0.5210182200045497,0.18303905008749632,0.05052517241288467,0.044473349328642074,1.1487016442581733e-07,5.4035894944566694e-08
SN_peak_q0,snake,1,0,0.0,2,late,451,500,1.7082636933913007,1.0426449228836439,1.1875403499139439,1.4468664095164911,0.6357620572927842,-0.08664544702197417,0.6186,0.4896,0.68,0.06601657202718858,0.16469298538384136,0.040485183516817035,0.037744641902043984,1.8641868265514352e-08,1.5716870568367137e-08
SN_peak_q0,snake,1,0,0.0,2,final,500,500,1.7019525864282137,1.030586968655227,1.1831530330141684,1.4301337246324246,0.6400592849155106,-0.09746559134335257,0.61,0.52,0.68,0.054450050236257826,0.15735694808407666,0.03735772184851995,0.03024644174617444,1.1704714998861399e-11,9.89260303475044e-12
SN_peak_q0,snake,1,0,0.0,3,initial,0,0,1.0,1.0,0.7019225972385064,1.3999858554973614,1.083854858035675,0.12632403071969747,0.05,0.0,0.0,1.0,0.09900362643730118,0.01517220716999329,0.001659931086611406,3.9182270207039043,0.7249110707636985
SN_peak_q0,snake,1,0,0.0,3,early,2,20,1.3596660374596914,1.074859246891371,0.9543803163906948,1.5047877422984657,0.5946908828281915,-0.047043739291659316,0.3636842105263158,0.0,0.64,0.8674381151812303,0.20096964928017225,0.06017365451159748,0.043478153855730846,0.0002161320170375527,0.00011433110011768812
SN_peak_q0,snake,1,0,0.0,3,middle,21,100,1.527654349222157,1.090080045632893,1.0722951084887167,1.5260966452459686,0.6546313635714159,0.023931299555525358,0.414625,0.00525,0.71,0.5041065206715876,0.18622696313017376,0.05233394704978007,0.04576734115071956,4.0573414693679057e-08,1.383344092678534e-08
SN_peak_q0,snake,1,0,0.0,3,late,451,500,1.659689291255699,1.0461271997760502,1.164973417927136,1.4645632827375326,0.6902180125436533,-0.026096023570869147,0.6962,0.6314,0.71,0.046004225192334366,0.18208563325011862,0.04881067289407217,0.0447650226820174,7.49214813441681e-10,4.456632528736069e-10
SN_peak_q0,snake,1,0,0.0,3,final,500,500,1.6479339789474357,1.0372942315814133,1.15672209858037,1.4521972522029831,0.6935671069770055,0.018106763269170188,0.7,0.6,0.71,0.038722270053777944,0.17955319137570536,0.047010106068939496,0.049563342181610966,1.4873918410568532e-12,1.531535831536781e-12
SN_peak_q0,snake,1,0,0.0,4,initial,0,0,1.0,1.0,0.6889504467660763,1.4005079337377437,0.9966815379312718,0.04573907433077693,0.04,0.0,0.0,1.0,0.0990179919603878,0.014630103262312075,0.0017573549868594878,1.8575265736956472,1.032976595809305
SN_peak_q0,snake,1,0,0.0,4,early,2,20,1.4072895788984534,1.0856288628328254,0.9695527841113329,1.5204318354920567,0.6191402846597206,-0.017315195757523487,0.44526315789473686,0.0,0.7,0.747339267603356,0.20848171173664892,0.06585215405587114,0.04883020969901029,2.6306302389246884e-05,6.0220585867642116e-06
SN_peak_q0,snake,1,0,0.0,4,middle,21,100,1.6474664747613967,1.111144311180138,1.1350227638189971,1.5561664233353436,0.5946527775460655,0.037671378692115925,0.528,0.0475,0.7,0.35735003840271445,0.20632315115008287,0.06382896338468218,0.0645865801340085,1.2515460791107538e-08,4.472034566423235e-09
SN_peak_q0,snake,1,0,0.0,4,late,451,500,1.7070521424359022,1.0283045583792256,1.1760743361842025,1.4401486923087923,0.6303469312217147,0.024916760626477026,0.7064,0.6602,0.7,0.043632575942749205,0.19429999677519016,0.05581514242403519,0.052738947766760816,3.121124546682362e-10,1.4054978482243314e-10
SN_peak_q0,snake,1,0,0.0,4,final,500,500,1.73431721327322,1.0403338702661524,1.1948586189186814,1.4569958390438391,0.5840519658200647,0.03582700891973218,0.72,0.69,0.7,0.04096001588211773,0.20688522128187772,0.06365224283056256,0.07134686771798146,2.1541990853611167e-10,9.125343317629649e-11
SN_peak_q0,snake,1,0,0.0,5,initial,0,0,1.0,1.0,0.7318089860993301,1.4241256246236833,0.8840709951766825,0.09504209799692034,0.06,0.0,0.0,1.0,0.10266809539896946,0.01885651199106572,0.0023100809555289454,3.5988268617698913,0.8840706465206737
SN_peak_q0,snake,1,0,0.0,5,early,2,20,1.291210303509424,1.0619977740700937,0.9449193030522399,1.5124182433465334,0.5967805426525123,0.06571523789944446,0.3705263157894737,0.0,0.72,0.7731004789680045,0.20138224525868909,0.06015291628103926,0.04518997240188801,0.0019172102168993417,0.000658391198578588
SN_peak_q0,snake,1,0,0.0,5,middle,21,100,1.485733944872678,1.0853578792216818,1.0872734518106324,1.5456859676868138,0.6196076852765785,0.03494660568219342,0.391375,0.002375,0.69,0.5115526926560658,0.18256847374508106,0.051077876904681074,0.04030531145099964,8.678202193351157e-09,3.52556673924873e-09
SN_peak_q0,snake,1,0,0.0,5,late,451,500,1.5216964249157108,0.9757921749246081,1.1135911178685416,1.38965064061741,0.6430719796104588,0.03790271070874023,0.7062,0.6166,0.72,0.044748560172587964,0.18241458871176822,0.049427077296389156,0.042797811576895356,2.2140216534645913e-09,6.600369477494786e-09
SN_peak_q0,snake,1,0,0.0,5,final,500,500,1.5330634720390668,0.9681044586487263,1.121909625098828,1.37870236687409,0.688785463047725,0.012761467105010525,0.63,0.47,0.72,0.046841776886609815,0.14404831155218595,0.03072580777343429,0.028205964235606385,8.06537617013174e-09,4.9883029994340814e-09
SN_peak_q0,snake,1,0,0.0,6,initial,0,0,1.0,1.0,0.7122233603226376,1.4206182261212177,0.9074119256983116,0.12177180511178448,0.12,0.0,0.0,1.0,0.0950552343916686,0.01573701883513406,0.0018957959632367916,2.766204177531234,1.0943449126237388
SN_peak_q0,snake,1,0,0.0,6,early,2,20,1.4230078390445065,1.1000699031768884,1.0134994248897333,1.5627793544604909,0.5967433549686569,0.01867133555377797,0.4536842105263158,0.0,0.67,0.8167068337919772,0.21288008177394394,0.06817605887234247,0.05866020161708715,2.1665358191645114e-05,1.0782542882574174e-05
SN_peak_q0,snake,1,0,0.0,6,middle,21,100,1.5644432659073555,1.1057151923968398,1.1142330398786584,1.5707991552180796,0.6199159980645164,-0.0011536876925952128,0.36,0.006875,0.68,0.49143005962165504,0.1820667677836344,0.04991274434268679,0.03939528481629157,7.55062284371584e-10,5.179089918599396e-10
SN_peak_q0,snake,1,0,0.0,6,late,451,500,1.6445322001980895,0.9973455646739262,1.1712742497838637,1.416847286916937,0.6391052800088163,0.013044072348284134,0.6686,0.6036,0.68,0.03865552625442396,0.18432272831837795,0.05065258047904229,0.045196420599457374,1.1339369798248953e-10,4.147070018996482e-11
SN_peak_q0,snake,1,0,0.0,6,final,500,500,1.6228535835614064,0.9846031386960872,1.155834232595739,1.3987451643278186,0.638410830373042,0.03513081622593745,0.69,0.65,0.68,0.04587847207541318,0.17941762536965697,0.04829265160846616,0.0433399862730698,5.675713907306548e-12,7.094104356537877e-12
SN_peak_q0,snake,1,0,0.0,7,initial,0,0,1.0,1.0,0.6784986527169264,1.4020331151523138,0.9713000352272748,-0.10570058714365586,0.07,0.0,0.0,1.0,0.1006962298499074,0.016038068109988774,0.001860050825996262,2.3679924817039355,0.7449021799105534
SN_peak_q0,snake,1,0,0.0,7,early,2,20,1.4143371632240445,1.0895260818608297,0.9596258597349938,1.527551646591034,0.5931488275166432,-0.0837302362841652,0.35789473684210527,0.0,0.68,0.854848716019661,0.19338989281662158,0.055187091813789245,0.035412851095053356,1.47553052890351e-06,7.45852528189579e-07
SN_peak_q0,snake,1,0,0.0,7,middle,21,100,1.569906716933568,1.0958705552572512,1.065179592330679,1.5364468083910199,0.6250880334555453,0.009547914400908837,0.37325,0.0035,0.71,0.49513485723367634,0.18830147001503816,0.05334573057181487,0.04561724777822492,1.1242232664023632e-07,8.638364226154699e-08
SN_peak_q0,snake,1,0,0.0,7,late,451,500,1.7599959157600955,1.0473143004038057,1.1941548576305179,1.468369331138714,0.6428280593899762,-0.0020377751059460934,0.7076,0.6586,0.7,0.04304078658739467,0.19261701352370098,0.054867842933810224,0.059507953709338514,2.1314453257941367e-09,1.1968552277977418e-09
SN_peak_q0,snake,1,0,0.0,7,final,500,500,1.7112151452911277,1.0279696541383898,1.1610571705888295,1.4412474964736932,0.5868411740524253,-0.03592103165050503,0.69,0.63,0.7,0.031363280547172856,0.20696417323216565,0.06384095526599905,0.06448018779665321,2.653872392723553e-13,1.9092864993632217e-13
SN_peak_q0,snake,1,0,0.0,8,initial,0,0,1.0,1.0,0.6937528812430814,1.4115880954949276,0.9534892416789081,0.13502423078753054,0.1,0.0,0.0,1.0,0.09911488383105639,0.016758239548991617,0.0017438604191911922,3.3847453059208368,1.2716058071350982
SN_peak_q0,snake,1,0,0.0,8,early,2,20,1.3565434721760319,1.0756231060479107,0.9411059423536159,1.5183367717365088,0.5899160418582657,0.007438779845037252,0.3778947368421053,0.0,0.67,0.8179686868302667,0.19851437530094918,0.05855224488615855,0.051942084231107924,0.0001337676699015899,5.3358187734091524e-05
SN_peak_q0,snake,1,0,0.0,8,middle,21,100,1.5638994875656764,1.0958265297900247,1.0849597754732665,1.5468556841791166,0.6077092214206058,-0.012546057872914617,0.422125,0.008125,0.69,0.47318635869714326,0.1930489645408248,0.05649017461730605,0.05026742737644132,1.3143740024018046e-09,1.5873663278647073e-09
SN_peak_q0,snake,1,0,0.0,8,late,451,500,1.6825515737376369,1.0127400416600836,1.1672750021205665,1.429571786638411,0.6167381283398886,0.061326169759225016,0.6916,0.624,0.7,0.04185380140977912,0.18530198406229,0.05108290054304189,0.04592243972824144,5.070073369432133e-11,3.083467884868206e-11
SN_peak_q0,snake,1,0,0.0,8,final,500,500,1.6895072637668083,1.0156482974628513,1.1721005321193378,1.433677045908252,0.6662571812246627,0.017891528561594896,0.73,0.66,0.7,0.04149789290705952,0.1837563388858109,0.04962423765062602,0.04576624696242908,3.5415714972057244e-12,1.4324405375373286e-12
SN_peak_q0,snake,1,0,0.0,9,initial,0,0,1.0,1.0,0.7202572566321502,1.432101642074296,0.8600414350151762,-0.05870646988041699,0.1,0.0,0.0,1.0,0.10206279604236056,0.01796099572273607,0.00220996312265326,6.428625815952072,1.1119335911038366
SN_peak_q0,snake,1,0,0.0,9,early,2,20,1.3056218968039843,1.0603076642869416,0.9403836455909022,1.5184683471292904,0.5293053396987444,-0.015476614721042815,0.4236842105263158,0.0,0.74,0.7275517630560355,0.22462275076447874,0.07432428419197444,0.06806895454228891,0.00013262232053111404,3.0419443902051508e-05
SN_peak_q0,snake,1,0,0.0,9,middle,21,100,1.5244151168068147,1.0837122845055303,1.0979710499998552,1.5519861421764567,0.603211096237333,0.004788772923769869,0.48575,0.026875,0.74,0.42508489196530586,0.20319301970688236,0.06186195861752478,0.060013264154413125,6.045450727654006e-08,1.515653210978797e-08
SN_peak_q0,snake,1,0,0.0,9,late,451,500,1.635516523882901,1.0030500713672617,1.1779926446684488,1.436469654287795,0.6237066693875535,0.04883203379187107,0.7204,0.6396,0.74,0.04415645273470928,0.18371019597986135,0.049677403453642514,0.05195322006637682,3.441982586641558e-08,2.6181624865444673e-08
SN_peak_q0,snake,1,0,0.0,9,final,500,500,1.5880759194831606,0.9757909649771561,1.1438232050905208,1.397431843265047,0.4784322057651171,0.0008188290079124272,0.63,0.48,0.74,0.03994548206896302,0.1902320807191728,0.055569839018125136,0.055822659350370424,5.266316021925852e-10,3.5076511009685494e-10
SN_peak_qp05,snake,1,0.5,-0.2554867146942845,0,initial,0,0,1.0,1.0,0.7223637571689194,1.4398913264348285,1.0276516553015718,-0.13029632209800185,0.11,0.0,0.0,1.0,0.09690787394070474,0.014505763098437041,0.0017863881453362045,1.1187197382072023,1.3992266341302526
SN_peak_qp05,snake,1,0.5,-0.2554867146942845,0,early,2,20,1.296515401876687,1.067911293617783,0.9365557369270151,1.5376762090820433,0.6898456107718732,-0.5247698205171496,0.24894736842105264,0.0,0.54,0.9874736377975297,0.20946568062034807,0.06147509585081469,0.05482663985610952,2.8761544620256138e-05,2.5313459357609205e-05
SN_peak_qp05,snake,1,0.5,-0.2554867146942845,0,middle,21,100,1.6117211143945727,1.1349008685349662,1.1642489197025414,1.6341339169668514,0.6993996116680488,-0.5575070140631769,0.252875,0.000625,0.54,0.9104701223612568,0.18549520593589297,0.05002837803466426,0.044198976989577234,1.4006880136531642e-08,1.2965201939859856e-08
SN_peak_qp05,snake,1,0.5,-0.2554867146942845,0,late,451,500,1.6894509186574844,1.029361921295746,1.220398113153903,1.4821693022360352,0.6808388795002345,-0.4970149124122079,0.5188,0.4334,0.58,0.05073770206767586,0.16981414454732108,0.04202669644602995,0.03406176929942831,4.03243522099208e-12,2.9349260331594667e-12
SN_peak_qp05,snake,1,0.5,-0.2554867146942845,0,final,500,500,1.6608410442827841,1.0198809558891746,1.1997313768084634,1.4685177423808844,0.6535466393583707,-0.45947707317769526,0.52,0.44,0.58,0.056211873204585525,0.19110069127724189,0.0545973758040242,0.041741932928488774,1.1962116432397805e-13,5.225010628984025e-14
SN_peak_qp05,snake,1,0.5,-0.2554867146942845,1,initial,0,0,1.0,1.0,0.7127536716197848,1.4203201929643945,1.0059099163719685,0.06741271622711792,0.13,0.0,0.0,1.0,0.09383858786956806,0.014321007132610124,0.0016214106286587058,14.730979351120912,0.7668210730599443
SN_peak_qp05,snake,1,0.5,-0.2554867146942845,1,early,2,20,1.3886993447055713,1.1004577037272898,0.989800556714885,1.5630022981070986,0.6061126861104622,-0.4408601839570206,0.28789473684210526,0.0,0.53,0.9847426937076024,0.21210830794758087,0.06730213266579409,0.05577419353386013,2.9128752582699226e-05,1.151513947343648e-05
SN_peak_qp05,snake,1,0.5,-0.2554867146942845,1,middle,21,100,1.6987956775180653,1.171075747384557,1.2108228564828207,1.6633025315011565,0.652223161893359,-0.47832269442381947,0.307625,0.003375,0.55,0.7154084646424266,0.1894053820076041,0.05257186887252189,0.04617136735180023,2.418147751262549e-07,2.248281185290936e-08
SN_peak_qp05,snake,1,0.5,-0.2554867146942845,1,late,451,500,1.7579259688625184,1.0965678866099342,1.2529681887425272,1.55747751230838,0.7013809212098367,-0.4690468354401179,0.543,0.464,0.56,0.07038840925359421,0.18020719946534122,0.047187666443958325,0.03859587741013305,6.508577735601489e-12,3.809925333325817e-12
SN_peak_qp05,snake,1,0.5,-0.2554867146942845,1,final,500,500,1.7672017912649365,1.0914352934653884,1.2595795652171438,1.5501875866229107,0.7103614590089612,-0.45289388723671437,0.58,0.55,0.56,0.06565760423026218,0.1672941608670705,0.04035959555590028,0.029471921492493638,5.208252513399777e-13,2.693870715861032e-13
SN_peak_qp05,snake,1,0.5,-0.2554867146942845,2,initial,0,0,1.0,1.0,0.6951739093373812,1.3876885387931412,0.8609953291254092,0.035657786708325145,0.09,0.0,0.0,1.0,0.09725408151334809,0.01638517309825057,0.00186019917251435,2.6469702608128216,1.3740587135871623
SN_peak_qp05,snake,1,0.5,-0.2554867146942845,2,early,2,20,1.322271480883087,1.0822199495149736,0.919208634570824,1.5017842203952207,0.6389388686786888,-0.5135716158146112,0.21157894736842106,0.0,0.47,1.0040331630729038,0.19563297218071252,0.053266521836853854,0.02974875444739091,0.0008383812275335651,0.0011880322471671779
SN_peak_qp05,snake,1,0.5,-0.2554867146942845,2,middle,21,100,1.6352323406535145,1.1622232531976406,1.1367708589270198,1.612803887981245,0.6908494015488643,-0.5190321031113526,0.237375,0.0,0.52,0.912049194037104,0.18165251787992553,0.047193510205016595,0.037987722214636185,1.214154439276977e-07,6.944367909045025e-08
SN_peak_qp05,snake,1,0.5,-0.2554867146942845,2,late,451,500,1.7427691736283812,1.0909094487193913,1.211527659503919,1.5138425388490433,0.7126446694139165,-0.47921886448942824,0.462,0.2972,0.57,0.13962454248094058,0.16376141873309966,0.03907335281918196,0.03409513378177283,9.429544952754806e-11,6.256224535476405e-11
SN_peak_qp05,snake,1,0.5,-0.2554867146942845,2,final,500,500,1.7401055031726569,1.078998103371083,1.2096759453000268,1.4973133014275888,0.6854161523535963,-0.46852316346019507,0.42,0.27,0.57,0.1192783575059263,0.1491043540638293,0.032311704044497284,0.023536355963371496,2.5089110496426033e-10,2.65229284982145e-10
SN_peak_qp05,snake,1,0.5,-0.2554867146942845,3,initial,0,0,1.0,1.0,0.7019225972385064,1.3999858554973614,1.142174696735943,0.12632403071969747,0.07,0.0,0.0,1.0,0.09900362643730118,0.01517220716999329,0.0016599310866114059,7.0055256532408645,0.7249110707636984
SN_peak_qp05,snake,1,0.5,-0.2554867146942845,3,early,2,20,1.4008188627854408,1.0918385835306943,0.9832664144270474,1.5285585734292464,0.6671072447909872,-0.5222114651454123,0.25526315789473686,0.0,0.5,1.000217924564646,0.20810711672529633,0.05932622042039981,0.04577124003716566,0.000141926430003971,5.501765855050445e-05
SN_peak_qp05,snake,1,0.5,-0.2554867146942845,3,middle,21,100,1.6380225890279436,1.138881125355083,1.1497650700258366,1.5944174665900337,0.6962682830193364,-0.5206263285042605,0.279625,0.00075,0.51,0.9834351067733115,0.1863569257609305,0.05036005248500274,0.04033819241619767,2.4788921132699986e-08,1.5242220087230016e-08
SN_peak_qp05,snake,1,0.5,-0.2554867146942845,3,late,451,500,1.754848891206398,1.0715978077556787,1.231768091476708,1.5002217736399308,0.6690735263713496,-0.45481987086493175,0.5132,0.3858,0.56,0.09020582601716975,0.16739334386880084,0.041422014754664435,0.03417455576844282,1.6079891336377513e-11,1.4749358801153157e-11
SN_peak_qp05,snake,1,0.5,-0.2554867146942845,3,final,500,500,1.7432433597570556,1.061907693772582,1.2236219066994525,1.4866557511254384,0.7958430841745886,-0.3300525127723813,0.59,0.48,0.56,0.08806122306392263,0.16056322937833248,0.03835118622863971,0.03618058257980208,7.873735092399276e-13,4.3008280746046874e-13
SN_peak_qp05,snake,1,0.5,-0.2554867146942845,4,initial,0,0,1.0,1.0,0.6889504467660763,1.4005079337377437,1.0402014233340482,0.04573907433077693,0.04,0.0,0.0,1.0,0.0990179919603878,0.014630103262312075,0.0017573549868594878,1.761304155397552,1.032976595809305
SN_peak_qp05,snake,1,0.5,-0.2554867146942845,4,early,2,20,1.4833890996065713,1.118403474107755,1.021981582901875,1.5663329386077662,0.6417599002657397,-0.48758009481439857,0.3105263157894737,0.0,0.54,0.9455327261752817,0.2094297931913488,0.065327481201105,0.05152422814022632,6.166166230110186e-06,1.798943585193476e-06
SN_peak_qp05,snake,1,0.5,-0.2554867146942845,4,middle,21,100,1.6920281808450113,1.1460478368063411,1.165723571133962,1.6050490878902597,0.6659549222535416,-0.5013272384090524,0.345125,0.0085,0.56,0.7315761890949043,0.20285329161596793,0.05961269664940203,0.0518856938554723,9.844266364522068e-10,3.888565890132597e-10
SN_peak_qp05,snake,1,0.5,-0.2554867146942845,4,late,451,500,1.8172285201500566,1.0836598930538457,1.2519804008334374,1.5176742776953056,0.6337987444337809,-0.3930157669700828,0.5912,0.5226,0.58,0.05722978081760017,0.18175172240327056,0.04879218914910241,0.0417890147195378,2.8363393146045995e-12,1.7028795117842224e-12
SN_peak_qp05,snake,1,0.5,-0.2554867146942845,4,final,500,500,1.8003122336427928,1.075677291731328,1.2403259176866348,1.5064945812112542,0.6604500051821426,-0.2885977621376514,0.63,0.56,0.58,0.06845441164601342,0.19619314428532805,0.055857352165328784,0.05401533462255357,8.452844819757631e-13,3.2794668158596537e-13
SN_peak_qp05,snake,1,0.5,-0.2554867146942845,5,initial,0,0,1.0,1.0,0.7318089860993301,1.4241256246236833,0.946265804437495,0.09504209799692034,0.07,0.0,0.0,1.0,0.10266809539896946,0.01885651199106572,0.0023100809555289454,6.195254306719659,0.8840706465206737
SN_peak_qp05,snake,1,0.5,-0.2554867146942845,5,early,2,20,1.318248276921555,1.0793085688679964,0.9647059349611522,1.537070989800829,0.733935047451894,-0.4069742676835066,0.30157894736842106,0.0,0.61,0.8848422781204942,0.2012587168885843,0.05671540368487935,0.04228433047538082,0.00043841152862873257,0.00010171097456094735
SN_peak_qp05,snake,1,0.5,-0.2554867146942845,5,middle,21,100,1.5476076943097672,1.1224337456729012,1.1325532176523527,1.5984866591551208,0.6560317007345001,-0.48832865946906123,0.252875,0.0005,0.54,0.7960998583549114,0.1819660244494621,0.048159722568686114,0.03458018359650464,2.772657265104765e-09,1.39637436944404e-09
SN_peak_qp05,snake,1,0.5,-0.2554867146942845,5,late,451,500,1.6700988563041397,1.0418276519779828,1.222193350717583,1.48369345562337,0.6735584392753818,-0.4631977801985806,0.5124,0.3874,0.56,0.08204891262851269,0.17557849646583734,0.045220030139737834,0.03388298529966004,4.0662656538312806e-11,3.212679206715407e-11
SN_peak_qp05,snake,1,0.5,-0.2554867146942845,5,final,500,500,1.6699315172463542,1.0356740197372514,1.2220708904913704,1.474929910264834,0.7267681346826036,-0.4967095100134611,0.39,0.24,0.56,0.0862807223382461,0.13144210191928576,0.026418558623442442,0.019085374189558107,4.3440205038792223e-13,8.214139690064252e-13
SN_peak_qp05,snake,1,0.5,-0.2554867146942845,6,initial,0,0,1.0,1.0,0.7122233603226376,1.4206182261212177,0.9751369243063263,0.12177180511178448,0.05,0.0,0.0,1.0,0.0950552343916686,0.01573701883513406,0.0018957959632367916,3.8447146941638057,1.094344912623739
SN_peak_qp05,snake,1,0.5,-0.2554867146942845,6,early,2,20,1.4519568693841731,1.119117909423498,1.0341176005563326,1.5898392993056953,0.6560386805304838,-0.5053926130161179,0.2873684210526316,0.0,0.57,0.9230313906375384,0.21471957045483772,0.06521202054846596,0.05078098354892283,7.178849167562618e-05,8.679073762805606e-06
SN_peak_qp05,snake,1,0.5,-0.2554867146942845,6,middle,21,100,1.6442613994750719,1.1512497119801857,1.1710813791829384,1.635486323655854,0.688754837674341,-0.49816133082891245,0.24625,0.0015,0.56,0.8038691509583176,0.18051580570203515,0.047033581608270134,0.036077377576590935,2.0756391300501252e-10,3.5416573231077846e-11
SN_peak_qp05,snake,1,0.5,-0.2554867146942845,6,late,451,500,1.718721774104151,1.0554679632267583,1.2241137974121434,1.4994170256469719,0.6590834917301709,-0.45051646250603955,0.5302,0.418,0.57,0.0641874042563846,0.17665435403537064,0.04572028629240625,0.03488012165273576,5.240377967588729e-13,3.556829259682744e-13
SN_peak_qp05,snake,1,0.5,-0.2554867146942845,6,final,500,500,1.6941320239948063,1.0410493112143482,1.2066004029597721,1.4789336258020427,0.5367788127222448,-0.43908517245203255,0.51,0.39,0.57,0.06652967094972502,0.1758781593987085,0.04243149767996819,0.028992291547734857,4.929437060516138e-13,5.721322443286953e-13
SN_peak_qp05,snake,1,0.5,-0.2554867146942845,7,initial,0,0,1.0,1.0,0.6784986527169264,1.4020331151523138,0.9770808709193958,-0.10570058714365586,0.09,0.0,0.0,1.0,0.1006962298499074,0.016038068109988774,0.0018600508259962623,2.265565108082985,0.7449021799105534
SN_peak_qp05,snake,1,0.5,-0.2554867146942845,7,early,2,20,1.453120413035798,1.1061101634117223,0.9859402424802526,1.5508030781097721,0.660938768142578,-0.5304625146701858,0.25684210526315787,0.0,0.51,0.9877449627718665,0.19755315789704062,0.05493731914068051,0.03385800588196935,1.1191854295501597e-05,2.6676043139909557e-06
SN_peak_qp05,snake,1,0.5,-0.2554867146942845,7,middle,21,100,1.6869118585560154,1.1427040323123663,1.1445674232824627,1.6021088941200172,0.7029706912527433,-0.5314851530846336,0.266125,0.000375,0.56,0.8607585651853303,0.19022569612723858,0.04976756009257982,0.041981433609362566,1.336744831073463e-08,6.151632263825569e-09
SN_peak_qp05,snake,1,0.5,-0.2554867146942845,7,late,451,500,1.8259721463826253,1.0916996369561898,1.2389196412192456,1.5305990428123368,0.6506168231772794,-0.36959967267406174,0.5846,0.5014,0.59,0.05701496144445542,0.1852037767947466,0.04999057909174678,0.044087963899048836,1.5814421045132447e-10,2.2873084376251308e-10
SN_peak_qp05,snake,1,0.5,-0.2554867146942845,7,final,500,500,1.81915356987738,1.0936780321335464,1.2342932462469893,1.5333728183658486,0.7425056698803788,-0.3908944367989898,0.58,0.54,0.59,0.05504852917692918,0.18134131367685385,0.04782839923862075,0.037278592495484646,1.0251163390630748e-12,5.355469935873893e-13
SN_peak_qp05,snake,1,0.5,-0.2554867146942845,8,initial,0,0,1.0,1.0,0.6937528812430814,1.4115880954949276,1.0214739299848803,0.13502423078753054,0.07,0.0,0.0,1.0,0.09911488383105639,0.016758239548991617,0.0017438604191911918,3.194995985055901,1.2716058071350982
SN_peak_qp05,snake,1,0.5,-0.2554867146942845,8,early,2,20,1.3902375286796553,1.0890889883223671,0.9644812911337718,1.5373450508504678,0.6007796647507905,-0.4583945144279431,0.25263157894736843,0.0,0.53,0.953496890346739,0.1983643472101426,0.056754705784387946,0.046578940750257945,0.0001644283512530826,0.0001307080235960399
SN_peak_qp05,snake,1,0.5,-0.2554867146942845,8,middle,21,100,1.6578491476767605,1.1386055776531245,1.1501376228671394,1.607242078879276,0.7203944043342393,-0.5088778684220778,0.289875,0.0025,0.54,0.8965801995537357,0.18896612777928265,0.05130297353367784,0.04254453612191504,1.315446950343327e-07,2.2616061792255795e-08
SN_peak_qp05,snake,1,0.5,-0.2554867146942845,8,late,451,500,1.8165940323053955,1.0782241098501912,1.2602673439608554,1.5220083177401451,0.6669185798278895,-0.45489111960713347,0.5326,0.4556,0.55,0.0630064343558205,0.1760383075658661,0.04555656834081063,0.035036023710260926,6.733822436845715e-13,4.3246862397449414e-13
SN_peak_qp05,snake,1,0.5,-0.2554867146942845,8,final,500,500,1.8192749218290072,1.075990883969065,1.2621272187921555,1.5188559226717961,0.6353405099616692,-0.4448306794092059,0.54,0.49,0.55,0.06125319508288718,0.1797120196006267,0.04608076442326988,0.031713255583487664,2.671842156773096e-13,1.0390004939414476e-13
SN_peak_qp05,snake,1,0.5,-0.2554867146942845,9,initial,0,0,1.0,1.0,0.7202572566321502,1.432101642074296,0.880310902514645,-0.05870646988041699,0.13,0.0,0.0,1.0,0.10206279604236056,0.01796099572273607,0.00220996312265326,3.9997581287101296,1.1119335911038366
SN_peak_qp05,snake,1,0.5,-0.2554867146942845,9,early,2,20,1.4361113045850673,1.1123545633888168,1.0343695884588588,1.593004796797961,0.6638814515476219,-0.5023773226826942,0.3373684210526316,0.0,0.6,0.8406843167709332,0.21658741548212682,0.06883142110719692,0.06628921535113247,3.368389303412026e-05,1.2673366607415627e-05
SN_peak_qp05,snake,1,0.5,-0.2554867146942845,9,middle,21,100,1.654820136906957,1.1484479299509223,1.1918962120282441,1.6446941663195418,0.6655743297741287,-0.4873465212368151,0.327625,0.00425,0.59,0.6739695787811193,0.19392164246395466,0.05471484710653944,0.04714670499336657,2.9100138645170884e-09,9.479529486039176e-10
SN_peak_qp05,snake,1,0.5,-0.2554867146942845,9,late,451,500,1.7033965248687175,1.0653435461434029,1.2268837079586807,1.5256802418052207,0.6907353857475734,-0.45923364331275807,0.5454,0.4502,0.58,0.05845968286037631,0.17355770054667966,0.04397595188120144,0.035179526955936936,4.892065580758131e-11,2.7891736275873184e-11
SN_peak_qp05,snake,1,0.5,-0.2554867146942845,9,final,500,500,1.7236995752744728,1.0676939204744855,1.2415071273451943,1.5290462167442533,0.7704311681806242,-0.5166830417513847,0.41,0.31,0.58,0.0491142554085259,0.17897212290534317,0.0423374103275587,0.031302867923507144,2.9555836584821e-12,5.611852122617963e-13
SN_valley_qm05,snake,1,-0.5,0.9672816053760123,0,initial,0,0,1.0,1.0,0.7223637571689194,1.4398913264348285,1.4983566321553095,-0.13029632209800185,0.05,0.0,0.0,1.0,0.09690787394070474,0.01379773898640578,0.0015918863345554901,2.6433755610222596,1.1368904556297288
SN_valley_qm05,snake,1,-0.5,0.9672816053760123,0,early,2,20,1.371772228776381,1.0899944277081328,0.990918541158889,1.569473522319235,1.0517067397036108,0.2718411995934041,0.07631578947368421,0.0,0.34,1.0620920841794113,0.2318060934907123,0.058822283367745636,0.04882615879851934,3.33357637556564e-05,8.256236099647356e-06
SN_valley_qm05,snake,1,-0.5,0.9672816053760123,0,middle,21,100,1.6376263096402282,1.1490941055721984,1.1829618938703874,1.6545706358707957,0.9627231065157844,0.3265122337806679,0.070625,0.0,0.27,1.175069907748325,0.2047804108518554,0.04853609269999592,0.04181601087295012,5.146248533596155e-08,1.6652514868794747e-08
SN_valley_qm05,snake,1,-0.5,0.9672816053760123,0,late,451,500,1.8451101952122395,1.1281629979659535,1.3328407330041918,1.6244321155758896,0.8542030194847335,0.37185152213522815,0.0954,0.0,0.26,1.4864307278921034,0.1797333662408957,0.03968693957408101,0.031176807090994067,1.3275898058254853e-10,1.368151265281859e-10
SN_valley_qm05,snake,1,-0.5,0.9672816053760123,0,final,500,500,1.8521835056117286,1.127393488843352,1.3379502360799886,1.6233241060646433,0.8673795787707704,0.3656056750705466,0.1,0.0,0.25,1.498478718352314,0.1862420784244592,0.0431284816054845,0.033940514958495746,2.0371240257574268e-13,7.182746866961819e-14
SN_valley_qm05,snake,1,-0.5,0.9672816053760123,1,initial,0,0,1.0,1.0,0.7127536716197848,1.4203201929643945,1.3104788189910437,0.06741271622711792,0.08,0.0,0.0,1.0,0.09383858786956806,0.012316866969488726,0.0015083306993866907,6.261579340189446,0.9052955010471189
SN_valley_qm05,snake,1,-0.5,0.9672816053760123,1,early,2,20,1.3800276612285878,1.0988185743336831,0.9836197824775403,1.5606742095304778,0.9798339722776321,0.3159560341075887,0.08315789473684211,0.0,0.35,1.0620604301156433,0.24028066339664086,0.06578307303666886,0.052784107695817005,1.1128186404527072e-05,4.3144680473669836e-06
SN_valley_qm05,snake,1,-0.5,0.9672816053760123,1,middle,21,100,1.7406323211079635,1.201640321545164,1.240642077809769,1.7067140133708243,0.9139417142655981,0.3399933740929068,0.078,0.0,0.26,1.1827628441176317,0.2108719117926897,0.05475519421271075,0.0507154832979854,1.0624787685333047e-09,2.0368310997893762e-10
SN_valley_qm05,snake,1,-0.5,0.9672816053760123,1,late,451,500,1.7960897662004602,1.1294973949965956,1.2801695754180988,1.6042479580143454,0.8440863905523057,0.415177882773523,0.0888,0.0028,0.23,1.4018911089874981,0.1919723137596558,0.0471861460975153,0.03736316929390994,8.074460388031314e-11,2.4154061449778266e-11
SN_valley_qm05,snake,1,-0.5,0.9672816053760123,1,final,500,500,1.849941272335559,1.1435898978282275,1.3185524341381458,1.6242638243555203,0.8470854611801802,0.4274110217875568,0.11,0.01,0.23,1.432740704339274,0.18804492024711686,0.04195338315265702,0.02415494702463033,9.187191894271729e-14,4.822957737246692e-14
SN_valley_qm05,snake,1,-0.5,0.9672816053760123,2,initial,0,0,1.0,1.0,0.6951739093373812,1.3876885387931412,1.234694608228189,0.035657786708325145,0.06,0.0,0.0,1.0,0.09725408151334809,0.011693908825967842,0.0013292349570867051,8.334379080122085,1.1433173804628196
SN_valley_qm05,snake,1,-0.5,0.9672816053760123,2,early,2,20,1.3650468945047405,1.0882382237072676,0.9489449860817122,1.5101357105151816,0.9532515058548031,0.28156966641955045,0.07157894736842105,0.0,0.31,1.059521289351637,0.21855631208640097,0.05273544743271766,0.026951816200198143,0.0007885865939168318,0.0011492039968471982
SN_valley_qm05,snake,1,-0.5,0.9672816053760123,2,middle,21,100,1.7194962515416106,1.1947230648424536,1.1953489312751544,1.6579035041136878,0.9110380710585914,0.3627593944418022,0.086,0.0,0.28,1.182969373192016,0.20199671434877384,0.047735896192433715,0.03801169045170145,8.994997058217682e-09,8.034533391315243e-09
SN_valley_qm05,snake,1,-0.5,0.9672816053760123,2,late,451,500,1.8715810832194024,1.190068773399388,1.3010743382635226,1.6514447972219426,0.8588550378114967,0.3960644598902058,0.0948,0.0,0.21,1.4217263116793437,0.17376704701980408,0.03703863503274602,0.02926817271064017,3.71003632499607e-10,3.715035981526815e-10
SN_valley_qm05,snake,1,-0.5,0.9672816053760123,2,final,500,500,1.9045322584523365,1.1888576966543265,1.3239811355674624,1.649764199903222,0.7981491558820608,0.3744133017025888,0.08,0.0,0.24,1.4676948193171995,0.16295486545603352,0.03055533976934264,0.01906016516795884,5.807644125578981e-11,4.8009971798693676e-11
SN_valley_qm05,snake,1,-0.5,0.9672816053760123,3,initial,0,0,1.0,1.0,0.7019225972385064,1.3999858554973614,1.3660136291128628,0.12632403071969747,0.06,0.0,0.0,1.0,0.09900362643730118,0.01357121737364494,0.0014408341559455765,1.2840941377474622,1.188046061037228
SN_valley_qm05,snake,1,-0.5,0.9672816053760123,3,early,2,20,1.4162555843706333,1.0996683204042939,0.9941017981349733,1.5395200943045517,0.9776363447315531,0.2678177942987225,0.05894736842105263,0.0,0.32,1.0612913868938327,0.23978472001345078,0.05939152435405783,0.04713214097439721,1.770247221196427e-05,6.70448120008294e-06
SN_valley_qm05,snake,1,-0.5,0.9672816053760123,3,middle,21,100,1.6640465069886998,1.157966272741861,1.1680318461111723,1.621136402981605,0.8956748287817248,0.3705451553575414,0.078125,0.0,0.31,1.234200743264565,0.20826793805379087,0.05076817701568125,0.04206343061864058,1.49262254209349e-08,1.1034478061804058e-08
SN_valley_qm05,snake,1,-0.5,0.9672816053760123,3,late,451,500,1.8284171904956976,1.1541799138479856,1.2834073431882727,1.6158355540863427,0.8584458434782495,0.4357069125317881,0.1062,0.0,0.2,1.4279145208208717,0.180559644684352,0.04133828187122665,0.0313193637226153,3.043780794902616e-12,2.8959447417971663e-12
SN_valley_qm05,snake,1,-0.5,0.9672816053760123,3,final,500,500,1.8166834544585335,1.1458902695458832,1.2751711687137555,1.6042301693162955,1.0106988601576024,0.3628307515033521,0.11,0.0,0.22,1.3930720963249985,0.1724447476034,0.03672506055788325,0.03544277412315072,9.05757278053767e-12,6.669381459960365e-12
SN_valley_qm05,snake,1,-0.5,0.9672816053760123,4,initial,0,0,1.0,1.0,0.6889504467660763,1.4005079337377437,1.3566586385888189,0.04573907433077693,0.09,0.0,0.0,1.0,0.0990179919603878,0.015005973137469724,0.001514411519009842,2.21137782405836,0.9154362047299573
SN_valley_qm05,snake,1,-0.5,0.9672816053760123,4,early,2,20,1.4362203889810632,1.1009919077280503,0.9894846786430515,1.5419479017541882,0.8978625019139793,0.3367738811666526,0.08894736842105264,0.0,0.33,1.0959556460287923,0.24457318149342352,0.07041646112747953,0.06444290152445233,1.986228732125809e-06,7.411345132625438e-07
SN_valley_qm05,snake,1,-0.5,0.9672816053760123,4,middle,21,100,1.7620556438207926,1.181629940708736,1.2139690230370213,1.6548821067046444,0.8625610080117948,0.40440771738156034,0.092,0.0,0.26,1.338400873499697,0.21809727448443722,0.05854683730811839,0.04981139087219738,2.1830807184838913e-10,1.598201448778748e-10
SN_valley_qm05,snake,1,-0.5,0.9672816053760123,4,late,451,500,1.9096267635829107,1.1444022933024403,1.3156382119269028,1.602744491157736,0.8090325998497792,0.46337192806664096,0.1154,0.0056,0.26,1.5935933887045022,0.19289719785017656,0.04711956023836989,0.03387573372384547,2.7479018764377933e-12,1.6811837194619655e-12
SN_valley_qm05,snake,1,-0.5,0.9672816053760123,4,final,500,500,1.9105568394755443,1.142280972203012,1.316278988128659,1.599773564127981,0.9045905897292271,0.4124092156253755,0.09,0.01,0.24,1.5663767085078204,0.2011692707112833,0.04725651831762374,0.035796234605847375,1.7576123469959744e-13,5.0334483113484115e-14
SN_valley_qm05,snake,1,-0.5,0.9672816053760123,5,initial,0,0,1.0,1.0,0.7318089860993301,1.4241256246236833,1.2382852184993387,0.09504209799692034,0.07,0.0,0.0,1.0,0.10266809539896946,0.011959539182970278,0.0014013605324049818,0.9972233935312287,0.851381860424214
SN_valley_qm05,snake,1,-0.5,0.9672816053760123,5,early,2,20,1.3362899296631319,1.086881976051447,0.9779089785615217,1.54785647303649,0.845879749089751,0.35700430100050845,0.08105263157894736,0.0,0.4,1.0436977423578964,0.23337153179287437,0.06325098672828237,0.046229605709825816,8.312273664803439e-06,2.8432915522593037e-06
SN_valley_qm05,snake,1,-0.5,0.9672816053760123,5,middle,21,100,1.5900403482593,1.1480848533712509,1.163605815116664,1.6350170589283224,0.8966548912040454,0.3940614243775417,0.084625,0.0,0.23,1.1479487091116665,0.2003026448285249,0.04846742227598168,0.03538575385374868,3.2865760738231824e-08,1.2361324381258024e-08
SN_valley_qm05,snake,1,-0.5,0.9672816053760123,5,late,451,500,1.7280709782276906,1.1109710456102773,1.2646178704844837,1.5821623342685627,0.8513657243905078,0.40694338505510824,0.0862,0.0,0.26,1.305765665502288,0.18680127329358795,0.043110896286923,0.03016088972691482,1.6649418711824184e-11,2.6955216507511224e-11
SN_valley_qm05,snake,1,-0.5,0.9672816053760123,5,final,500,500,1.7605516789994928,1.124877072518529,1.288387539184092,1.6019662635253105,0.8345062398621971,0.4149635123740882,0.01,0.0,0.26,1.3067316062244216,0.15532909809620973,0.02750105896051743,0.017222156447707134,6.825140767400902e-11,5.0659334304891574e-11
SN_valley_qm05,snake,1,-0.5,0.9672816053760123,6,initial,0,0,1.0,1.0,0.7122233603226376,1.4206182261212177,1.2342831331271567,0.12177180511178448,0.04,0.0,0.0,1.0,0.0950552343916686,0.01149435396009044,0.0014754034264993837,1.8388172864078967,0.8409137705373522
SN_valley_qm05,snake,1,-0.5,0.9672816053760123,6,early,2,20,1.4543742634520211,1.1139193484432128,1.0358393250825593,1.5824541288274996,0.9555497714731438,0.24517470300154712,0.07947368421052632,0.0,0.28,1.1037832945116834,0.25087847513926376,0.06969059668371487,0.05895680913734611,2.9660019451407047e-06,1.8388099060885336e-06
SN_valley_qm05,snake,1,-0.5,0.9672816053760123,6,middle,21,100,1.6841208243018886,1.1728648242008255,1.1994701926736213,1.6661931460361503,0.8940412428352478,0.3621464436266911,0.082125,0.0,0.26,1.1784272463525483,0.20009567264682473,0.048205744370433096,0.035295757087983305,8.694726467274831e-10,2.9414863976872434e-10
SN_valley_qm05,snake,1,-0.5,0.9672816053760123,6,late,451,500,1.7878857660860754,1.1152973977285883,1.2733740081948377,1.5844118107587972,0.8447470251939841,0.41496917182961135,0.0926,0.0026,0.24,1.3628300436976661,0.18927595966476568,0.04488627473999573,0.03121716230168307,5.888986856797543e-13,3.6737099396750917e-13
SN_valley_qm05,snake,1,-0.5,0.9672816053760123,6,final,500,500,1.7766533479641917,1.1049550498168603,1.2653740176155208,1.56971928281451,0.7693090504827146,0.4728981842845678,0.09,0.0,0.23,1.4203318321857545,0.18703953847792149,0.044917093958638216,0.026987013250640984,1.0903109284562085e-12,1.2747337810559051e-12
SN_valley_qm05,snake,1,-0.5,0.9672816053760123,7,initial,0,0,1.0,1.0,0.6784986527169264,1.4020331151523138,1.4434479310921837,-0.10570058714365586,0.06,0.0,0.0,1.0,0.1006962298499074,0.01483566870611339,0.0015913846172509994,2.329364851477224,0.6848463055982676
SN_valley_qm05,snake,1,-0.5,0.9672816053760123,7,early,2,20,1.433382355774929,1.1049041869094012,0.9725479972215033,1.5491122591174222,1.007919006413991,0.21318192005917233,0.07157894736842105,0.0,0.28,1.0760736241242208,0.2276494037306957,0.05773508502071906,0.03495862092528593,2.44435182869826e-06,7.271620018857563e-07
SN_valley_qm05,snake,1,-0.5,0.9672816053760123,7,middle,21,100,1.7482846262696576,1.1845052813628376,1.1862087634896779,1.660715629543507,0.9247283794142444,0.32294729004212436,0.079875,0.0,0.24,1.1601310066404533,0.2088942758655333,0.05203872225397203,0.041308855260322005,1.863726094328879e-09,1.5520119851430091e-09
SN_valley_qm05,snake,1,-0.5,0.9672816053760123,7,late,451,500,1.910418981310022,1.1508116995428481,1.296216704943693,1.613476112063788,0.8245690551891073,0.4411484007912877,0.1212,0.0002,0.26,1.412823649999283,0.19455485548996634,0.048715398495484445,0.04688285937485576,2.2635393418687518e-11,1.3410385478988916e-11
SN_valley_qm05,snake,1,-0.5,0.9672816053760123,7,final,500,500,1.8997309564980693,1.1475280614604615,1.2889648945085779,1.6088723427341067,0.9333823742154709,0.4492635586837423,0.12,0.0,0.27,1.4021833932268977,0.1900710401067388,0.04640844258336646,0.041722661549617374,3.936798109099797e-13,2.570768697787253e-13
SN_valley_qm05,snake,1,-0.5,0.9672816053760123,8,initial,0,0,1.0,1.0,0.6937528812430814,1.4115880954949276,1.2583968089019326,0.13502423078753054,0.05,0.0,0.0,1.0,0.09911488383105639,0.012627770424121667,0.0014249064837523395,3.0052550697507607,1.0443455266246084
SN_valley_qm05,snake,1,-0.5,0.9672816053760123,8,early,2,20,1.4039660648848875,1.0934541208860364,0.9740055026814017,1.5435068200126005,0.9510151278476795,0.24523051340813828,0.06842105263157895,0.0,0.35,1.0450564148578299,0.22365032912687624,0.05681444955614974,0.0477421294262356,5.988009683819507e-06,5.548255893658835e-06
SN_valley_qm05,snake,1,-0.5,0.9672816053760123,8,middle,21,100,1.7033659009150541,1.1738773445078188,1.1817150015710358,1.657031285078435,0.9121513640088167,0.3634388317528942,0.079125,0.0,0.32,1.1323932548418896,0.20832251018143194,0.05192894113950624,0.04240439467300284,3.5839274411400867e-09,4.594196827282369e-09
SN_valley_qm05,snake,1,-0.5,0.9672816053760123,8,late,451,500,1.9376626076376955,1.1588052910289388,1.3442590169256337,1.6357557538129852,0.8521825355289392,0.36258275778570676,0.079,0.0024,0.21,1.5986172682124544,0.1872396767621144,0.04213634329383628,0.030659042471370718,6.831138350360781e-13,4.120212920692087e-13
SN_valley_qm05,snake,1,-0.5,0.9672816053760123,8,final,500,500,1.9066844131267862,1.1439724687743986,1.3227678052279814,1.6148179184958842,0.946250485838978,0.28638763460330663,0.03,0.0,0.22,1.5674254269079098,0.18608164274143607,0.040704358293921855,0.03349002228126324,1.5637313202024062e-13,5.488011317276905e-14
SN_valley_qm05,snake,1,-0.5,0.9672816053760123,9,initial,0,0,1.0,1.0,0.7202572566321502,1.432101642074296,1.337488822721721,-0.05870646988041699,0.04,0.0,0.0,1.0,0.10206279604236056,0.013206189672835544,0.0014906883912454668,6.968694437372536,1.2773687005124565
SN_valley_qm05,snake,1,-0.5,0.9672816053760123,9,early,2,20,1.4233567028360232,1.1056557997741734,1.0251829939936568,1.5834114864255626,0.9825653526685508,0.2436111380544485,0.06947368421052631,0.0,0.26,1.1031370912499145,0.2539707340971722,0.07151633059080423,0.08373632416421461,5.926676056870721e-06,2.4263795445358543e-06
SN_valley_qm05,snake,1,-0.5,0.9672816053760123,9,middle,21,100,1.6815089853729164,1.169460120892871,1.2111190488070072,1.6747857594710849,0.894069273740045,0.34923769671970617,0.077375,0.0,0.25,1.2090095782601271,0.21492665428828933,0.056077251564387594,0.05120250483667355,2.2665930624339515e-08,5.379955615122059e-09
SN_valley_qm05,snake,1,-0.5,0.9672816053760123,9,late,451,500,1.8033738853597745,1.143765203133175,1.298893127351293,1.6379880255544608,0.8052782976463112,0.4587832155997705,0.1122,0.0002,0.25,1.402890866599892,0.18463979131728187,0.04379458994395809,0.036689886746394555,4.728714788094017e-11,6.493558250785834e-11
SN_valley_qm05,snake,1,-0.5,0.9672816053760123,9,final,500,500,1.830808520637827,1.1496745167027582,1.3186531224933669,1.6464507632209926,0.7895778282994839,0.48452284591709033,0.09,0.0,0.28,1.4051490668044182,0.1774555220218389,0.04123538799119714,0.03728745352290087,3.5260636262467634e-13,1.0289910700755048e-13
SN_valley_q0,snake,1,0,0.0,0,initial,0,0,1.0,1.0,0.7223637571689194,1.4398913264348285,1.0282861575446376,-0.13029632209800185,0.06,0.0,0.0,1.0,0.09690787394070474,0.01379773898640578,0.0015918863345554901,1.116706644157929,1.1368904556297288
SN_valley_q0,snake,1,0,0.0,0,early,2,20,1.3394623558539496,1.0771416879714348,0.9675790599609911,1.5509669738514393,0.6873353715183226,0.042030346051753056,0.12052631578947369,0.0,0.39,1.043028877066167,0.23415456529801745,0.06430876909558814,0.055405879727318044,8.189626337063078e-06,1.837283155887385e-06
SN_valley_q0,snake,1,0,0.0,0,middle,21,100,1.6354164787969023,1.1538665850825902,1.1813655921596948,1.6614424877233969,0.7079094409327481,0.011157210922434616,0.141125,0.0,0.32,1.129733045980673,0.21188857228427305,0.052616169178097666,0.048654359302226294,1.1046360785004315e-08,4.3201052299029104e-09
SN_valley_q0,snake,1,0,0.0,0,late,451,500,1.7595890955360414,1.1099787253094087,1.2710633901248756,1.5982487391002047,0.689665170306507,-0.08150183061597491,0.1604,0.0,0.33,1.2888839862912445,0.19311237360554465,0.043617002352772695,0.032994171704432834,4.3594960060587085e-12,4.291478235194172e-12
SN_valley_q0,snake,1,0,0.0,0,final,500,500,1.7368395074048193,1.10084249102662,1.2546299121683606,1.5850935546001403,0.6498905772372736,0.033747138394974174,0.15,0.0,0.33,1.3022256935875531,0.19472771692136437,0.04462855983624864,0.03238276250367226,2.263227769823014e-13,7.281265927808352e-14
SN_valley_q0,snake,1,0,0.0,1,initial,0,0,1.0,1.0,0.7127536716197848,1.4203201929643945,0.9550576902340578,0.06741271622711792,0.07,0.0,0.0,1.0,0.09383858786956806,0.012316866969488726,0.0015083306993866907,7.530865785374589,0.9052955010471189
SN_valley_q0,snake,1,0,0.0,1,early,2,20,1.3446364145028329,1.0881149548417144,0.9583945414305568,1.5454716426282271,0.6524402278512897,0.03877186749105979,0.1405263157894737,0.0,0.45,1.0228829753936943,0.24886684385491703,0.06954365907827424,0.05607305507111908,1.2433993314430152e-06,4.699041492698881e-07
SN_valley_q0,snake,1,0,0.0,1,middle,21,100,1.7027009804374666,1.1869227089606913,1.2136063754774116,1.6858102910248707,0.6598414619934394,-0.023216864933920077,0.134,0.0,0.3,1.1804802620789796,0.2216958250014752,0.058154922924276535,0.05346034130787323,5.640934613737943e-09,1.803891230340984e-09
SN_valley_q0,snake,1,0,0.0,1,late,451,500,1.7712836880952347,1.1130390179876322,1.2624889521701121,1.5808717928050937,0.6825917604858772,-0.029693562813001336,0.1622,0.0,0.31,1.286464936030859,0.20127555244312548,0.048137867413811285,0.03864872411103498,8.110562398901531e-11,3.331249787149911e-11
SN_valley_q0,snake,1,0,0.0,1,final,500,500,1.8015849910171342,1.1167899540809625,1.2840863170825594,1.58619932308097,0.5481429007738002,-0.01718117849668488,0.23,0.0,0.32,1.2740652452713865,0.20333002063601419,0.04356753144125884,0.02645029855623808,1.878698184226144e-12,1.0351595768118323e-12
SN_valley_q0,snake,1,0,0.0,2,initial,0,0,1.0,1.0,0.6951739093373812,1.3876885387931412,0.8110606104550595,0.035657786708325145,0.14,0.0,0.0,1.0,0.09725408151334809,0.011693908825967842,0.0013292349570867051,4.08206145139191,1.1433173804628198
SN_valley_q0,snake,1,0,0.0,2,early,2,20,1.34295630890281,1.0847848102697182,0.9335881873292661,1.50534344826818,0.6177474903124619,0.012795261543176725,0.13631578947368422,0.0,0.34,1.0625657220172229,0.22939068455300562,0.058454769717646085,0.028250619885623558,0.000808507785371735,0.0011900193415175227
SN_valley_q0,snake,1,0,0.0,2,middle,21,100,1.6462771179708113,1.1665535773390379,1.144448899952446,1.6188130291615213,0.6870160640694818,-0.0071428449044251465,0.129375,0.0,0.34,1.1370787251406322,0.20654094988262983,0.05124221616929376,0.04024746355244555,5.112636337791276e-08,3.7797191587156035e-08
SN_valley_q0,snake,1,0,0.0,2,late,451,500,1.8337759605061357,1.1626746134443409,1.2747932033139615,1.6134302354224577,0.6651692621581079,0.04213232732548495,0.1654,0.0,0.32,1.3533657988941117,0.18145902560427266,0.039115214748497135,0.029243307542134,1.3328917379262224e-10,1.3580771130209297e-10
SN_valley_q0,snake,1,0,0.0,2,final,500,500,1.8255969318898897,1.1542663608985082,1.2691073560162234,1.6017621997333276,0.49812103769028615,0.04847764699719846,0.21,0.0,0.32,1.3781936145757585,0.1730136820937848,0.032235054453025665,0.01905465432135537,1.076715806893316e-12,1.0464229036358867e-12
SN_valley_q0,snake,1,0,0.0,3,initial,0,0,1.0,1.0,0.7019225972385064,1.3999858554973614,1.083854858035675,0.12632403071969747,0.05,0.0,0.0,1.0,0.09900362643730118,0.01357121737364494,0.0014408341559455765,2.5913144128888694,1.188046061037228
SN_valley_q0,snake,1,0,0.0,3,early,2,20,1.3834322399280967,1.0833822952991967,0.9710623509538141,1.516719889515141,0.6439199522458046,0.023328424039787743,0.1431578947368421,0.0,0.45,1.0211714170305735,0.24087778208297173,0.0655469089082007,0.04948671251639068,2.0772645430618812e-05,7.828656507271408e-06
SN_valley_q0,snake,1,0,0.0,3,middle,21,100,1.7104956612827025,1.1799861350641554,1.200635557132751,1.651963898772817,0.6836970728572219,0.003771073711882309,0.1495,0.0,0.45,1.048906382563167,0.2085737245510151,0.05223907291308633,0.04354297872490709,2.4235180800421718e-09,4.785443150395931e-10
SN_valley_q0,snake,1,0,0.0,3,late,451,500,1.8366852692355413,1.1419978229333367,1.2892108944915164,1.5987807991154517,0.6453076607192455,-0.00048657415122870586,0.1658,0.0,0.35,1.386996946694854,0.19121152232245694,0.0438250080306207,0.03303756128688465,1.512270754063995e-12,1.072675864075849e-12
SN_valley_q0,snake,1,0,0.0,3,final,500,500,1.8524921650658484,1.1464051304339735,1.300306111867004,1.6049509672771707,0.48021462296877976,0.016391667383722962,0.21,0.0,0.35,1.3600407133217196,0.18417732005831297,0.035803102643997956,0.03179723236953979,5.098149584698511e-13,5.092828945094054e-13
SN_valley_q0,snake,1,0,0.0,4,initial,0,0,1.0,1.0,0.6889504467660763,1.4005079337377437,0.9966815379312718,0.04573907433077693,0.04,0.0,0.0,1.0,0.0990179919603878,0.015005973137469724,0.001514411519009842,1.923041141130577,0.9154362047299573
SN_valley_q0,snake,1,0,0.0,4,early,2,20,1.4481549095154072,1.1033115180265345,0.9977069718971266,1.5451965343803953,0.6224966890018498,0.043804100615391355,0.1336842105263158,0.0,0.31,1.0911384790988694,0.25015144425370067,0.06915166251876499,0.05538546338263215,2.5830097704744885e-06,9.16681514768963e-07
SN_valley_q0,snake,1,0,0.0,4,middle,21,100,1.8317595050676299,1.2060399303296248,1.2619915293843507,1.689068490831155,0.66464136673089,-0.022326044453599026,0.143375,0.0,0.28,1.219825451683635,0.22604926185707444,0.060819508528046844,0.05517548687325686,1.5115313950475986e-09,8.3255916923585e-10
SN_valley_q0,snake,1,0,0.0,4,late,451,500,1.8941355985911321,1.141981775413493,1.3049655668848898,1.599354536650511,0.6677797553144349,0.049881097941572076,0.1798,0.0,0.26,1.4495841403806549,0.2006250443579867,0.047973480358832955,0.03541939956637006,7.2409568298776705e-12,5.499178654500552e-12
SN_valley_q0,snake,1,0,0.0,4,final,500,500,1.8633356874641762,1.126142545934933,1.283745954353618,1.577171570101495,0.6361664143282765,0.017408921264577656,0.19,0.0,0.26,1.4388852569995296,0.21577679213160197,0.05865662592641227,0.058728268391323925,4.223458291606711e-12,1.355625050467791e-12
SN_valley_q0,snake,1,0,0.0,5,initial,0,0,1.0,1.0,0.7318089860993301,1.4241256246236833,0.8840709951766825,0.09504209799692034,0.06,0.0,0.0,1.0,0.10266809539896946,0.011959539182970278,0.0014013605324049816,1.4219245445825128,0.8513818604242144
SN_valley_q0,snake,1,0,0.0,5,early,2,20,1.3201919834046985,1.0839046782231683,0.9661283568318559,1.543616426907102,0.6352433911099812,0.11031982472754623,0.1336842105263158,0.0,0.43,1.0256479026667606,0.2408230216657183,0.06336063388068533,0.04360789788813932,2.8837108273910713e-06,1.507211228808489e-06
SN_valley_q0,snake,1,0,0.0,5,middle,21,100,1.6152509506292863,1.1570099587046165,1.182055160475997,1.647727530136034,0.6811052314684501,0.022887705947884,0.134375,0.0,0.32,1.0894363755021708,0.2069045598934442,0.04989468116164626,0.036607314546972844,1.839703291310199e-09,1.2034557264315318e-09
SN_valley_q0,snake,1,0,0.0,5,late,451,500,1.8002615967417908,1.1426392976104673,1.317447613825171,1.6272619034290736,0.6535418017829915,0.024648574760812336,0.1716,0.0,0.33,1.25250952970242,0.19592188666171167,0.04487523248668331,0.03365469370338108,3.787144151567288e-11,9.189379324956876e-11
SN_valley_q0,snake,1,0,0.0,5,final,500,500,1.8335696422374699,1.1479874081735253,1.341822740828314,1.634878284725245,0.6155013274201834,-0.0808294859295711,0.2,0.0,0.33,1.259830009996277,0.15783255857571438,0.02969403218608646,0.0204248375323516,2.1721254720871904e-10,3.1050951063122156e-10
SN_valley_q0,snake,1,0,0.0,6,initial,0,0,1.0,1.0,0.7122233603226376,1.4206182261212177,0.9074119256983116,0.12177180511178448,0.12,0.0,0.0,1.0,0.0950552343916686,0.01149435396009044,0.001475403426499384,1.8941210804853577,0.840913770537352
SN_valley_q0,snake,1,0,0.0,6,early,2,20,1.420262724584281,1.1032485096168185,1.0115442902444012,1.5672949407027217,0.6485073488300394,-0.015858052493054664,0.12736842105263158,0.0,0.28,1.0750129406020856,0.2537631328395518,0.07417610077756887,0.05988321066572962,1.474454403188672e-06,8.439842035403028e-07
SN_valley_q0,snake,1,0,0.0,6,middle,21,100,1.6933873617642163,1.1769885630560508,1.206070037123596,1.6720514046136477,0.6566219235966281,0.023407268284583553,0.137375,0.0,0.32,1.162559861166121,0.20887520365926066,0.051307298452620984,0.04088823190407229,1.5998458914894023e-09,8.55933470542691e-10
SN_valley_q0,snake,1,0,0.0,6,late,451,500,1.8007611922263074,1.1163568895749516,1.2825441874660197,1.5859169441861678,0.6363992082696505,0.011102128267121225,0.1746,0.0,0.28,1.281366498814791,0.198689537511249,0.045994136356391026,0.03436978816913803,5.795486381618132e-13,3.3276354385411425e-13
SN_valley_q0,snake,1,0,0.0,6,final,500,500,1.7822809051155641,1.105485929756554,1.269382095280279,1.5704734605327209,0.6364559095912039,0.04951701888581738,0.16,0.0,0.28,1.3064519092956437,0.19140458814630215,0.03772256481610578,0.021629818324798215,3.0348079551408013e-13,3.341429981220884e-13
SN_valley_q0,snake,1,0,0.0,7,initial,0,0,1.0,1.0,0.6784986527169264,1.4020331151523138,0.9713000352272748,-0.10570058714365586,0.07,0.0,0.0,1.0,0.1006962298499074,0.01483566870611339,0.001591384617250999,2.6203820786610743,0.6848463055982676
SN_valley_q0,snake,1,0,0.0,7,early,2,20,1.4163973724596821,1.1013100701575411,0.9610237089256889,1.5440731884115908,0.7225120149820673,-0.06697967838826069,0.12105263157894737,0.0,0.32,1.0446724697039658,0.22545907549853506,0.056429530638524066,0.029666913454508764,5.960399294747382e-06,2.1690087192868328e-06
SN_valley_q0,snake,1,0,0.0,7,middle,21,100,1.7929914910949536,1.1987805506145122,1.2165423110408389,1.6807300297620706,0.6614636278469153,-0.041010151485760614,0.131125,0.0,0.27,1.1509652831602688,0.2105592751285506,0.05210596927453844,0.041376582417623646,5.501618929216194e-10,3.8226178527700213e-10
SN_valley_q0,snake,1,0,0.0,7,late,451,500,1.8626540516195225,1.1313926106472274,1.2638082645015702,1.5862499063660411,0.6576673400874087,-0.005353819021524396,0.1662,0.0,0.3,1.3243093689627106,0.20614083756345228,0.05148107689056856,0.04609593673304372,1.3998909585828658e-11,6.3726979016777506e-12
SN_valley_q0,snake,1,0,0.0,7,final,500,500,1.8078115113711852,1.1030928476091,1.2265976748314995,1.5465727014356232,0.7279027247904756,0.009791832719929516,0.14,0.0,0.29,1.330354160520913,0.19950522407787374,0.046894922412484726,0.035292525874923104,2.3500613741593746e-12,1.7169090107580189e-12
SN_valley_q0,snake,1,0,0.0,8,initial,0,0,1.0,1.0,0.6937528812430814,1.4115880954949276,0.9534892416789081,0.13502423078753054,0.1,0.0,0.0,1.0,0.09911488383105639,0.012627770424121667,0.0014249064837523395,2.8172435976943087,1.0443455266246084
SN_valley_q0,snake,1,0,0.0,8,early,2,20,1.4045061729881838,1.0932488708945842,0.9743802042342462,1.543217091568066,0.6963595355765221,-0.0043599261422365854,0.13789473684210526,0.0,0.37,1.0409823076504199,0.22320249495625868,0.0559668187394211,0.045067412884799374,1.068527086893991e-05,8.387643659408826e-06
SN_valley_q0,snake,1,0,0.0,8,middle,21,100,1.6944576402772276,1.1638281275014275,1.1755348700866795,1.642845929983168,0.7014275234709118,0.022820022984415118,0.139625,0.0,0.28,1.1602980871095632,0.21459371005122818,0.05450777863140974,0.04512876138534121,3.020344280127425e-08,1.651434113586022e-08
SN_valley_q0,snake,1,0,0.0,8,late,451,500,1.8924907850008854,1.1608502191035857,1.3129209348203452,1.6386423499393,0.6413977586004335,-0.012578066388209845,0.1614,0.0,0.25,1.430094225924853,0.19462293615086035,0.04525523205579637,0.03287387025980112,2.9415124142134453e-13,1.7564980035959756e-13
SN_valley_q0,snake,1,0,0.0,8,final,500,500,1.9034224174249057,1.1605537232677179,1.3205047863111996,1.6382238199470252,0.6776960712072023,0.09157264546025544,0.12,0.0,0.25,1.410393654179003,0.19799607798598176,0.04535350155385176,0.027442710526854826,2.802911791190356e-13,1.3726720966695205e-13
SN_valley_q0,snake,1,0,0.0,9,initial,0,0,1.0,1.0,0.7202572566321502,1.432101642074296,0.8600414350151762,-0.05870646988041699,0.1,0.0,0.0,1.0,0.10206279604236056,0.013206189672835544,0.0014906883912454668,4.460158839244296,1.2773687005124563
SN_valley_q0,snake,1,0,0.0,9,early,2,20,1.3581441460155004,1.0845008079914056,0.9782131767201389,1.5531153879553927,0.6095514079704396,0.029071646581425355,0.15421052631578946,0.0,0.36,1.086760604024518,0.2646349470120953,0.07752402888127212,0.07616384713642159,3.107915963012391e-05,1.4687783992319076e-05
SN_valley_q0,snake,1,0,0.0,9,middle,21,100,1.6487036401582125,1.1611884806565582,1.187490760859794,1.662939929906014,0.6976091756026096,0.021667173402755906,0.14575,0.0,0.32,1.176260188148743,0.22258702243506337,0.05800961692502851,0.050851065069095466,4.704133266189037e-09,1.7544641355544793e-09
SN_valley_q0,snake,1,0,0.0,9,late,451,500,1.8013012934656343,1.151451844878397,1.2974003279995014,1.6489960778198298,0.660404873674702,0.03081643967453274,0.169,0.0,0.28,1.311900769409466,0.1954926230070518,0.045869658487311574,0.03679566109923584,1.2441834512000399e-11,8.407488736867567e-12
SN_valley_q0,snake,1,0,0.0,9,final,500,500,1.8214492996701512,1.155201626771854,1.3119120756749745,1.6543661466268698,0.7077667523713984,-0.04571017886511981,0.11,0.0,0.29,1.3447090977561458,0.18574352740662572,0.03859858081941437,0.031689415924014655,3.096363029498788e-13,2.3866612633354653e-13
SN_valley_qp05,snake,1,0.5,-0.967281605376012,0,initial,0,0,1.0,1.0,0.7223637571689194,1.4398913264348285,1.3194467229371636,-0.13029632209800185,0.07,0.0,0.0,1.0,0.09690787394070474,0.01379773898640578,0.0015918863345554901,0.701715145267994,1.1368904556297288
SN_valley_qp05,snake,1,0.5,-0.967281605376012,0,early,2,20,1.3767968026987418,1.0895750059715743,0.9945481112556187,1.5688696005986462,1.0418326460444542,-0.2932542930359609,0.07421052631578948,0.0,0.33,1.0462308794304356,0.22915740341051313,0.056737631589095595,0.04859562100122992,2.9069567555988276e-05,2.0583089972300903e-05
SN_valley_qp05,snake,1,0.5,-0.967281605376012,0,middle,21,100,1.6404302239339719,1.159478487320855,1.1849873399343958,1.6695230170810744,0.9446121384980634,-0.37202913236048696,0.0775,0.0,0.3,1.1884125045555662,0.2019988053494245,0.04728276263680533,0.038880989770071074,8.859244562660067e-09,5.653584805116355e-09
SN_valley_qp05,snake,1,0.5,-0.967281605376012,0,late,451,500,1.7713405950277048,1.10726856138361,1.2795522474500423,1.5943463975702306,0.8549898006726048,-0.393854045984181,0.0878,0.0,0.22,1.4622511126592928,0.186202516303237,0.042834453233967784,0.033537925712403424,4.778297795473273e-11,2.7061252417821416e-11
SN_valley_qp05,snake,1,0.5,-0.967281605376012,0,final,500,500,1.7872334292014906,1.1128138629278401,1.2910326548558808,1.602331029166233,0.8294584675206321,-0.5329002585168928,0.13,0.0,0.23,1.4570289026253063,0.19337739717235503,0.04807156477669006,0.03487073864100849,1.0635072137464527e-12,3.4365173242250393e-13
SN_valley_qp05,snake,1,0.5,-0.967281605376012,1,initial,0,0,1.0,1.0,0.7127536716197848,1.4203201929643945,1.4064789570142373,0.06741271622711792,0.04,0.0,0.0,1.0,0.09383858786956806,0.012316866969488726,0.001508330699386691,8.952933715359304,0.9052955010471189
SN_valley_qp05,snake,1,0.5,-0.967281605376012,1,early,2,20,1.3946986920714217,1.1030782141622328,0.9940766135772173,1.566724261993722,0.9610695392480799,-0.22281028483207735,0.06315789473684211,0.0,0.44,1.030139148378474,0.24215183668594104,0.06695382416928122,0.05990153314440131,3.0410057980986343e-06,1.0459181528220016e-06
SN_valley_qp05,snake,1,0.5,-0.967281605376012,1,middle,21,100,1.6944991671814598,1.184350846817382,1.207760502965253,1.682157423289208,0.8767550565749386,-0.3791326222250791,0.076625,0.0,0.26,1.2034781502276943,0.2166785656490515,0.0561852886009238,0.05502257022056657,1.4296962982726155e-09,3.830679491342677e-10
SN_valley_qp05,snake,1,0.5,-0.967281605376012,1,late,451,500,1.8181969965318974,1.1392177476106626,1.2959265850061747,1.6180539711148392,0.8173037821509095,-0.4818038687183318,0.1066,0.0012,0.31,1.3405860517130312,0.19052270550207875,0.046580249244931815,0.03547678938662072,1.1666116720757441e-11,5.685509975384021e-12
SN_valley_qp05,snake,1,0.5,-0.967281605376012,1,final,500,500,1.8243852805098537,1.1337526692146298,1.300337307132489,1.6102918099128203,0.8889555556161137,-0.39172333108261226,0.09,0.0,0.31,1.3479515935430129,0.18287224636758412,0.042353725301942674,0.027656458966039937,3.5683998132074425e-13,1.6728093135580478e-13
SN_valley_qp05,snake,1,0.5,-0.967281605376012,2,initial,0,0,1.0,1.0,0.6951739093373812,1.3876885387931412,1.2893545905891433,0.035657786708325145,0.07,0.0,0.0,1.0,0.09725408151334809,0.011693908825967842,0.0013292349570867051,1.701233139507249,1.1433173804628194
SN_valley_qp05,snake,1,0.5,-0.967281605376012,2,early,2,20,1.3510498260859112,1.0844236398915625,0.9392145893097319,1.504842256273862,1.034110374975372,-0.18588070938994766,0.06578947368421052,0.0,0.31,1.0967873427694177,0.2183368215541339,0.05362480391225728,0.02673438702729587,0.0005958125038242537,0.000821151524707329
SN_valley_qp05,snake,1,0.5,-0.967281605376012,2,middle,21,100,1.6772539957951988,1.1731505428582671,1.1659832172086917,1.6279675626033694,0.8944711816602667,-0.3638152740848873,0.083625,0.0,0.3,1.1372683844610547,0.19647304685399483,0.04770496477699778,0.03998030347477815,2.573150996373868e-07,2.8081152647801284e-07
SN_valley_qp05,snake,1,0.5,-0.967281605376012,2,late,451,500,1.8815625658525736,1.179542514090109,1.3080132045666073,1.6368376278220917,0.8356849218710439,-0.445755738272841,0.0866,0.0,0.25,1.3438933945115275,0.17258233793226602,0.03712910416706913,0.02892867390472743,8.390577928703948e-12,7.203342865550911e-12
SN_valley_qp05,snake,1,0.5,-0.967281605376012,2,final,500,500,1.9067410636011801,1.184915226468458,1.3255166392777487,1.6442932792117586,0.8035252590179414,-0.48016588388942183,0.1,0.0,0.25,1.3491269394446843,0.1634838743737103,0.03269163965947463,0.02616301306505452,1.2414001284297604e-12,8.431028671885041e-13
SN_valley_qp05,snake,1,0.5,-0.967281605376012,3,initial,0,0,1.0,1.0,0.7019225972385064,1.3999858554973614,1.5345217104526623,0.12632403071969747,0.02,0.0,0.0,1.0,0.09900362643730118,0.01357121737364494,0.0014408341559455765,4.901775257553316,1.1880460610372279
SN_valley_qp05,snake,1,0.5,-0.967281605376012,3,early,2,20,1.4025640695920554,1.088497150483875,0.9844914145214647,1.5238806144266077,0.985541116998442,-0.27627346405906505,0.07368421052631578,0.0,0.36,1.0557422802882377,0.24149045121494167,0.059243597894203276,0.043436489096075004,0.00010881190992613589,3.147710116419504e-05
SN_valley_qp05,snake,1,0.5,-0.967281605376012,3,middle,21,100,1.6626366360270688,1.1585966037887132,1.1670422258240132,1.6220188575314791,0.8802711188727285,-0.38649978639664184,0.079375,0.0,0.32,1.1720559909677786,0.20605746227232655,0.052406010312130935,0.04245499170901357,8.910172031269646e-09,5.333814787183917e-09
SN_valley_qp05,snake,1,0.5,-0.967281605376012,3,late,451,500,1.807186726134262,1.1339856628849503,1.2685052005031143,1.5875638883757297,0.8237074153122984,-0.4284871735944587,0.1074,0.0006,0.25,1.4660330816247518,0.18770188828303047,0.04317496656735994,0.03597782606700929,2.377425455719638e-12,1.3963894994411203e-12
SN_valley_qp05,snake,1,0.5,-0.967281605376012,3,final,500,500,1.7897568534007493,1.1266233143378956,1.2562707789644705,1.5772567045466117,0.9107277547715249,-0.5135631668288261,0.11,0.0,0.26,1.437304320777708,0.1776110898500462,0.04021844994480378,0.03851251497151722,1.0237143646949247e-11,9.428692917062671e-12
SN_valley_qp05,snake,1,0.5,-0.967281605376012,4,initial,0,0,1.0,1.0,0.6889504467660763,1.4005079337377437,1.4203847797853981,0.04573907433077693,0.04,0.0,0.0,1.0,0.0990179919603878,0.015005973137469724,0.001514411519009842,1.7157073447102977,0.9154362047299572
SN_valley_qp05,snake,1,0.5,-0.967281605376012,4,early,2,20,1.410174896496822,1.0913587721353053,0.9715406249597909,1.5284566189297775,0.9773439639845375,-0.21299940861871858,0.06736842105263158,0.0,0.26,1.1523038949716948,0.24824583149538754,0.06772559389887954,0.051033035652952495,2.5036887887278315e-06,1.349258731143862e-06
SN_valley_qp05,snake,1,0.5,-0.967281605376012,4,middle,21,100,1.7312890370650815,1.173237478285021,1.192772355567198,1.6431283964966357,0.8958578274176002,-0.361797476182559,0.08075,0.0,0.22,1.3026481333220377,0.21929223910849388,0.05961413443459513,0.05463400906553092,7.13933037607575e-10,3.006526885571969e-10
SN_valley_qp05,snake,1,0.5,-0.967281605376012,4,late,451,500,1.9380626701294836,1.1774240025044072,1.3352291424463625,1.6489916568806713,0.8698997153818839,-0.3934141600123607,0.0996,0.0024,0.18,1.5705123622560757,0.1925476224595013,0.04627565205366609,0.03369205185343148,1.7428628859919553e-11,1.8596719209016086e-11
SN_valley_qp05,snake,1,0.5,-0.967281605376012,4,final,500,500,1.9328625342580945,1.169311909721181,1.3316465065145249,1.6376306065785464,0.8311664979935701,-0.37798198545817285,0.12,0.0,0.19,1.565522977687431,0.20965182843538133,0.054401448321324555,0.04343020233704057,2.8953697165126033e-13,9.377953136356307e-14
SN_valley_qp05,snake,1,0.5,-0.967281605376012,5,initial,0,0,1.0,1.0,0.7318089860993301,1.4241256246236833,1.3787966401427791,0.09504209799692034,0.05,0.0,0.0,1.0,0.10266809539896946,0.011959539182970278,0.0014013605324049816,2.745600804091093,0.8513818604242142
SN_valley_qp05,snake,1,0.5,-0.967281605376012,5,early,2,20,1.3309842006383854,1.084532850420625,0.9740261983834041,1.5445110230301764,0.9644695937200244,-0.22971821642149926,0.061052631578947365,0.0,0.35,1.072088414254846,0.23623938066434869,0.06231665420696306,0.046287614724880195,1.3925300157833049e-06,1.129810293120445e-06
SN_valley_qp05,snake,1,0.5,-0.967281605376012,5,middle,21,100,1.6126306263427732,1.1534527316256955,1.1801375836166326,1.6426615919003373,0.9302905318824116,-0.33950694391283603,0.0705,0.0,0.28,1.14345898701719,0.19989624868910594,0.048456854549701577,0.03772651523147469,1.7319272414303794e-08,5.2444303723126366e-09
SN_valley_qp05,snake,1,0.5,-0.967281605376012,5,late,451,500,1.7813428636791837,1.1322143139655827,1.3036027149643405,1.6124154170841105,0.8708141294702885,-0.3916683275280036,0.094,0.0012,0.24,1.4248272700542055,0.18280247040023806,0.04214752072922139,0.028827617499071617,4.141039657544255e-11,5.2482076877336585e-11
SN_valley_qp05,snake,1,0.5,-0.967281605376012,5,final,500,500,1.8074973362111666,1.1348224786713779,1.3227427929899336,1.6161297712748726,0.7070171996216418,-0.49655382268130777,0.15,0.0,0.28,1.4237320169352283,0.1522751563878358,0.02857502794583082,0.018731066297339262,1.5250394024426773e-11,3.0347039373361276e-11
SN_valley_qp05,snake,1,0.5,-0.967281605376012,6,initial,0,0,1.0,1.0,0.7122233603226376,1.4206182261212177,1.4123049816786872,0.12177180511178448,0.08,0.0,0.0,1.0,0.0950552343916686,0.01149435396009044,0.001475403426499384,2.5929106635369994,0.8409137705373521
SN_valley_qp05,snake,1,0.5,-0.967281605376012,6,early,2,20,1.421206474204256,1.1057703097202416,1.012216450770043,1.5708774558922791,0.9007898882247808,-0.30049443187503033,0.07473684210526316,0.0,0.27,1.0727069675271679,0.2535207984194742,0.07320434458766657,0.06842401341044228,6.959441653358496e-06,1.8718325763287045e-06
SN_valley_qp05,snake,1,0.5,-0.967281605376012,6,middle,21,100,1.677823825002542,1.1725605195109052,1.1949853226726914,1.6657608452473556,0.886205103536051,-0.35025023188468,0.079375,0.0,0.3,1.2419896850818741,0.20435426628968145,0.050907308787877976,0.04096210995007664,8.508147895780834e-10,2.4233631646669125e-10
SN_valley_qp05,snake,1,0.5,-0.967281605376012,6,late,451,500,1.7994717357869263,1.1247694812212499,1.2816258064677741,1.597868025207814,0.8406531852972502,-0.4306660968782697,0.1022,0.0,0.27,1.4512531236333035,0.18682350143505164,0.04389012654200908,0.03082179714792279,7.884901300993496e-12,4.121313890638128e-12
SN_valley_qp05,snake,1,0.5,-0.967281605376012,6,final,500,500,1.7871241395247268,1.117658325788611,1.272831559966003,1.5877657881914262,0.9071632837757916,-0.35834189447574316,0.09,0.0,0.27,1.5141564285321434,0.18349937045481168,0.039729313620238606,0.02557241634767558,2.3128689623244505e-12,2.669924717437984e-12
SN_valley_qp05,snake,1,0.5,-0.967281605376012,7,initial,0,0,1.0,1.0,0.6784986527169264,1.4020331151523138,1.2940529337273246,-0.10570058714365586,0.04,0.0,0.0,1.0,0.1006962298499074,0.01483566870611339,0.0015913846172509994,3.0205471274463735,0.6848463055982679
SN_valley_qp05,snake,1,0.5,-0.967281605376012,7,early,2,20,1.4395625389915285,1.1070343100856703,0.9767412432075099,1.5520987623499047,0.9168615926081463,-0.3106999093065602,0.07052631578947369,0.0,0.29,1.085237838481226,0.22794190598279204,0.05799669466938092,0.034515031571615847,5.066594153259044e-06,1.368142664284168e-06
SN_valley_qp05,snake,1,0.5,-0.967281605376012,7,middle,21,100,1.7558910074489351,1.1928287812356022,1.1913696828718692,1.6723854519990893,0.8979815723968937,-0.3695009384608347,0.089375,0.0,0.31,1.2172576135064963,0.20331425740866674,0.050993865197445434,0.04379318655786787,5.860831339947016e-09,2.2077407428408414e-09
SN_valley_qp05,snake,1,0.5,-0.967281605376012,7,late,451,500,1.91293612654548,1.1384954560783676,1.297924584594644,1.596208330872308,0.7900710704164595,-0.47184399624127543,0.1216,0.0006,0.29,1.4140227510248824,0.1947769382117378,0.04888188234760158,0.04449468208379341,8.792621424266648e-12,7.817442029124144e-12
SN_valley_qp05,snake,1,0.5,-0.967281605376012,7,final,500,500,1.939591366023557,1.151173874963542,1.3160101286683663,1.6139838939970952,0.7656587938746746,-0.5376615524664521,0.1,0.0,0.29,1.4261414633707123,0.19122320354951683,0.04921957353447354,0.03888082423515535,2.0729914118966138e-13,1.5005908493430008e-13
SN_valley_qp05,snake,1,0.5,-0.967281605376012,8,initial,0,0,1.0,1.0,0.6937528812430814,1.4115880954949276,1.4512023799380505,0.13502423078753054,0.07,0.0,0.0,1.0,0.09911488383105639,0.012627770424121667,0.0014249064837523395,2.6430535404120405,1.0443455266246084
SN_valley_qp05,snake,1,0.5,-0.967281605376012,8,early,2,20,1.398512360366814,1.0890700640471302,0.9702219794585397,1.5373183375688273,0.9498412601343997,-0.23341690411195343,0.06947368421052631,0.0,0.32,1.0667357859187951,0.22742375910156978,0.05646304746237013,0.04456212055713367,4.416809022028456e-05,3.719048587739032e-05
SN_valley_qp05,snake,1,0.5,-0.967281605376012,8,middle,21,100,1.7047454568071572,1.1667102636674485,1.1826720724460182,1.6469143190847186,0.9070515612890954,-0.3400988635632839,0.0765,0.0,0.28,1.2237594939299252,0.21037163788945315,0.05329601108553332,0.04331734173447694,1.0049821322713822e-08,1.2805391471575561e-08
SN_valley_qp05,snake,1,0.5,-0.967281605376012,8,late,451,500,1.8689642722133908,1.1197963575897538,1.2965993487884184,1.5806912077522774,0.7597506027598466,-0.48513569177236643,0.0992,0.0002,0.21,1.4561093161380196,0.18763030046834966,0.04619764104418305,0.036238490848282276,4.413129379316754e-13,2.0090803771586945e-13
SN_valley_qp05,snake,1,0.5,-0.967281605376012,8,final,500,500,1.8686742457235643,1.1217891727637648,1.2963981420754644,1.5835042419284333,0.7348068084206432,-0.49215779511258007,0.11,0.0,0.21,1.440966387881302,0.19344508712117994,0.051610008883492195,0.03895516550921194,1.5237950817103526e-13,7.108496065169674e-14
SN_valley_qp05,snake,1,0.5,-0.967281605376012,9,initial,0,0,1.0,1.0,0.7202572566321502,1.432101642074296,1.2496934012700804,-0.05870646988041699,0.04,0.0,0.0,1.0,0.10206279604236056,0.013206189672835544,0.0014906883912454672,2.8899987601123764,1.2773687005124565
SN_valley_qp05,snake,1,0.5,-0.967281605376012,9,early,2,20,1.386415269865717,1.0940273060323695,0.9985756588264035,1.5667583014430746,0.9543720619309807,-0.27518184802161016,0.0863157894736842,0.0,0.31,1.0747252839997423,0.2506747251080956,0.0724095779792329,0.07824143908495411,4.580162305425628e-05,1.5804038230520962e-05
SN_valley_qp05,snake,1,0.5,-0.967281605376012,9,middle,21,100,1.670066644239343,1.1671532111732257,1.2028776195726905,1.671482030273464,0.8826713390527245,-0.41220729414038576,0.071375,0.0,0.24,1.1891723051929344,0.21322095304611152,0.05426945615306923,0.04482431410058097,9.28434253168622e-08,4.071705927295276e-08
SN_valley_qp05,snake,1,0.5,-0.967281605376012,9,late,451,500,1.799024021743469,1.129728422331075,1.2957601065162887,1.6178859287183363,0.8185773259271926,-0.4646005280260695,0.0838,0.0,0.24,1.3902548092494955,0.1828853510460007,0.04235531675939047,0.033398522800295115,2.0811035425869909e-10,1.1612646302563818e-10
SN_valley_qp05,snake,1,0.5,-0.967281605376012,9,final,500,500,1.7873439293246673,1.118204560045115,1.2873474351935128,1.6013825866155746,0.8096078977628656,-0.4635686966474168,0.16,0.0,0.25,1.3830959285633238,0.18142719894699694,0.041274892556957266,0.03106240464613803,6.715339775646432e-13,4.859232669408743e-13
LR_a0p1_qm05,leaky,0.1,-0.5,0.5,0,initial,0,0,1.0,1.0,0.7223637571689194,1.4398913264348285,1.1990282498323035,-0.13029632209800185,0.06,0.0,0.0,1.0,0.09690787394070474,0.004550897654615956,0.0005053141298660052,0.6884997065387546,1.0978873865648144
LR_a0p1_qm05,leaky,0.1,-0.5,0.5,0,early,2,20,1.6086504694045083,1.1826613639127483,1.1620307970505865,1.7029038400075507,1.33716895621075,-0.4415451679451661,0.0863157894736842,0.0,0.17,1.2512227369124096,0.6219335629664474,0.08051944779855362,0.04572132744323989,0.0051705119313127075,0.0025256374148154813
LR_a0p1_qm05,leaky,0.1,-0.5,0.5,0,middle,21,100,2.7977365547964275,1.7180104732593717,2.020983489291576,2.473748379170364,2.6175531579722113,-1.8129338182633514,0.0205,0.0,0.0,2.661725668111505,1.0302621007860355,0.06730915106994581,0.0672534772736282,0.011158592106710026,0.0034287715234700674
LR_a0p1_qm05,leaky,0.1,-0.5,0.5,0,late,451,500,4.4708552772402905,2.5572104154143633,3.2295838158257872,3.6821050970239466,3.8723542144245955,-3.1609909938045777,0.0028,0.0,0.0,4.280480545836719,0.9328013396737043,0.04460356497709038,0.09209779010569694,0.0277901695732073,0.008151538497085883
LR_a0p1_qm05,leaky,0.1,-0.5,0.5,0,final,500,500,4.465435634064238,2.5529821584752783,3.225668862018619,3.67601686653142,3.8101167372235643,-3.019373184647411,0.01,0.0,0.0,4.219927310775915,0.8861531924686298,0.053898882058887605,0.09495334000376704,1.0799327573089576e-09,3.879269129942515e-10
LR_a0p1_qm05,leaky,0.1,-0.5,0.5,1,initial,0,0,1.0,1.0,0.7127536716197848,1.4203201929643945,1.0462898620593126,0.06741271622711792,0.07,0.0,0.0,1.0,0.09383858786956806,0.005358347848544652,0.0006286436112228861,7.03103759358795,0.8320698684873875
LR_a0p1_qm05,leaky,0.1,-0.5,0.5,1,early,2,20,1.6393931645665365,1.2049442718283352,1.1684834972731768,1.711406680674563,1.2778510526394347,-0.41973156802803524,0.09631578947368422,0.0,0.23,1.4230725119199876,0.6303732410338105,0.0849879399115453,0.04885229165492054,0.004022019681070271,0.001915476928841937
LR_a0p1_qm05,leaky,0.1,-0.5,0.5,1,middle,21,100,3.194846698026039,1.9163294586665143,2.277138714280405,2.721801426516577,2.8646044912744344,-2.1157359971282386,0.011,0.0,0.0,2.9750344958045227,1.095825165591374,0.06490842412132251,0.07466016993012024,0.020065665303947156,0.004372504385887462
LR_a0p1_qm05,leaky,0.1,-0.5,0.5,1,late,451,500,4.532729469620912,2.621714844745248,3.230719571931504,3.723674534186188,3.9062998473083463,-3.1727245428218507,0.0044,0.0,0.0,4.417808380602141,0.9112041343815237,0.046747166818338785,0.0905044274454736,0.0034611468978585345,0.0012102937516919794
LR_a0p1_qm05,leaky,0.1,-0.5,0.5,1,final,500,500,4.585443250453942,2.640214706658209,3.268291512765207,3.7499502616282196,3.86885927818098,-3.1603375652432444,0.0,0.0,0.0,4.50908437449188,0.8959524368790828,0.04338633997572095,0.09944310966788478,0.0020549359797277177,0.001126185534541015
LR_a0p1_qm05,leaky,0.1,-0.5,0.5,2,initial,0,0,1.0,1.0,0.6951739093373812,1.3876885387931412,0.9338958866615746,0.035657786708325145,0.09,0.0,0.0,1.0,0.09725408151334809,0.004948710859310743,0.0005820555525303549,5.082844440090718,1.0993745145704252
LR_a0p1_qm05,leaky,0.1,-0.5,0.5,2,early,2,20,1.4749922647497553,1.1398150763870178,1.025376138928485,1.5817083178458937,1.255148892004927,-0.3970322149708916,0.08736842105263158,0.0,0.17,1.266423975291072,0.5896057053049277,0.06471775350490323,0.022287807965497855,0.0021051678410418865,0.0015179432534072376
LR_a0p1_qm05,leaky,0.1,-0.5,0.5,2,middle,21,100,2.7102052066495754,1.6737899536043308,1.8840639486131103,2.3226991349638335,2.4443356617754515,-1.6280828050828622,0.025125,0.0,0.02,2.5440128795307513,1.0059489924998695,0.06670575165528848,0.05628173048942332,0.007799652256018319,0.0023824762049841275
LR_a0p1_qm05,leaky,0.1,-0.5,0.5,2,late,451,500,4.34571479969534,2.4800221490734464,3.021027546169524,3.441498312222357,3.6153779348591537,-2.9078640444710384,0.0042,0.0,0.0,4.354934589242992,0.9256937998187377,0.04531553452942056,0.07168786239431744,0.002328523631092922,0.0010772015026554644
LR_a0p1_qm05,leaky,0.1,-0.5,0.5,2,final,500,500,4.3791947078185816,2.4897471281132657,3.044301904783814,3.454993554175917,3.8060476388301376,-3.074566375017166,0.0,0.0,0.0,4.4585509646897705,0.8949699092857383,0.04033718073878016,0.06411364809837758,0.00016445796163013724,0.0001501108875297869
LR_a0p1_qm05,leaky,0.1,-0.5,0.5,3,initial,0,0,1.0,1.0,0.7019225972385064,1.3999858554973614,1.1394811637617517,0.12632403071969747,0.12,0.0,0.0,1.0,0.09900362643730118,0.005770862378897065,0.0005696645761241564,1.33383060364803,1.0240592517646356
LR_a0p1_qm05,leaky,0.1,-0.5,0.5,3,early,2,20,1.643033716707551,1.1903556978525556,1.1532824937818005,1.6664811400042687,1.3680851984067668,-0.5134591744230037,0.09473684210526316,0.0,0.21,1.3394213189626307,0.6275085949453799,0.07366681132133639,0.04372115797937209,0.004487999498546465,0.002869474176484521
LR_a0p1_qm05,leaky,0.1,-0.5,0.5,3,middle,21,100,2.930870381256423,1.7558853428348369,2.0572441501809196,2.458214643843907,2.6096960823384787,-1.865576971212322,0.01425,0.0,0.02,2.9345775256521103,1.057071568558214,0.06367003005361363,0.06062947850620773,0.021256886759001874,0.007778212275457259
LR_a0p1_qm05,leaky,0.1,-0.5,0.5,3,late,451,500,4.571519895951481,2.6094371054866055,3.2088531186937694,3.653175038491224,3.8879965924547872,-3.1858382228414297,0.0036,0.0,0.0,4.494971790713761,0.9334292498964152,0.044841111018938555,0.08005395836680361,0.006478381992781061,0.002115517872233512
LR_a0p1_qm05,leaky,0.1,-0.5,0.5,3,final,500,500,4.615696822185054,2.6205240699935772,3.239861901493653,3.6686966319813856,3.8607992059252982,-3.1724310776591302,0.0,0.0,0.0,4.515866745338551,0.9237134360680597,0.04494951279980258,0.0726826638023738,0.0008412035614626616,0.0007882387169307677
LR_a0p1_qm05,leaky,0.1,-0.5,0.5,4,initial,0,0,1.0,1.0,0.6889504467660763,1.4005079337377437,1.0943651190175372,0.04573907433077693,0.06,0.0,0.0,1.0,0.0990179919603878,0.005791853617637749,0.0006505644749721365,2.895988752703136,1.0265866313031295
LR_a0p1_qm05,leaky,0.1,-0.5,0.5,4,early,2,20,1.7473429009444967,1.2307193265212342,1.203832672259243,1.7236321809973612,1.4586200855044713,-0.582613358898793,0.07052631578947369,0.0,0.14,1.3784342787416772,0.7000743050279112,0.07490849106935231,0.03926048644649189,0.003146820960971019,0.0015958197250304515
LR_a0p1_qm05,leaky,0.1,-0.5,0.5,4,middle,21,100,3.1948083912766947,1.852551118437813,2.2010646685020885,2.5945125390268875,2.7228675745365387,-1.956372201722261,0.014375,0.0,0.0,3.0376596579903947,1.0536306645179478,0.07080164747476433,0.09150283556037804,0.018327223490089,0.0032346776645330575
LR_a0p1_qm05,leaky,0.1,-0.5,0.5,4,late,451,500,4.805367955597736,2.6882955014654906,3.3106603998844473,3.7649791780339052,3.8587655705220825,-3.1383538492789493,0.005,0.0,0.0,4.868180112052805,0.881184501488329,0.042942599619896986,0.08223580023068147,0.004121566730981243,0.0019774985816546644
LR_a0p1_qm05,leaky,0.1,-0.5,0.5,4,final,500,500,4.835004982399913,2.6966493358869195,3.331078842740625,3.776678789418248,3.901896982654291,-3.2144125973433257,0.01,0.0,0.0,4.890072854463186,0.9196505368410314,0.047505494127765474,0.10028933785394338,0.001474073936626755,0.0005510941336961435
LR_a0p1_qm05,leaky,0.1,-0.5,0.5,5,initial,0,0,1.0,1.0,0.7318089860993301,1.4241256246236833,0.9677496714108301,0.09504209799692034,0.06,0.0,0.0,1.0,0.10266809539896946,0.005296156666894144,0.000607810752462566,1.1460323788947806,0.9213220480907294
LR_a0p1_qm05,leaky,0.1,-0.5,0.5,5,early,2,20,1.566118516886187,1.1790714916667995,1.1460996039538671,1.679145924545959,1.2355394882395132,-0.3412993788273276,0.08421052631578947,0.0,0.2,1.206581965564038,0.5932255717095781,0.07864930021306146,0.04636489956302626,0.0006173800717829231,0.00043364671901045376
LR_a0p1_qm05,leaky,0.1,-0.5,0.5,5,middle,21,100,2.4322008532338923,1.5547781264591976,1.77990644039502,2.2141993704949448,2.3034814115233737,-1.5027578269564292,0.02225,0.0,0.0,2.271623868198302,0.948913259337976,0.06804705406911393,0.050836222806799176,0.004109748655536547,0.0023308178609373212
LR_a0p1_qm05,leaky,0.1,-0.5,0.5,5,late,451,500,4.295632723864152,2.525510876608944,3.1435826283061283,3.596644754644618,3.7859829019072513,-3.074578007475124,0.0028,0.0,0.0,4.293182645497064,0.9605689468357789,0.04581144689264904,0.07819670226876359,0.012685610227471611,0.005904948216433774
LR_a0p1_qm05,leaky,0.1,-0.5,0.5,5,final,500,500,4.301482843978031,2.5321591576565017,3.147863798775225,3.606112742044145,3.7250593344174994,-3.0648180468007924,0.0,0.0,0.0,4.3083748978051855,0.8934103197089226,0.03594060366121441,0.05683173937293875,0.0005488557491989308,0.0010406842596887198
LR_a0p1_qm05,leaky,0.1,-0.5,0.5,6,initial,0,0,1.0,1.0,0.7122233603226376,1.4206182261212177,0.9755124795653481,0.12177180511178448,0.03,0.0,0.0,1.0,0.0950552343916686,0.006029937594424685,0.0007442048897552629,2.38147734903126,0.962665421515861
LR_a0p1_qm05,leaky,0.1,-0.5,0.5,6,early,2,20,1.8068776157727644,1.2722179874407475,1.2869004471974337,1.8073360605575803,1.52114946677265,-0.6515608857977694,0.06578947368421052,0.0,0.12,1.5813222876540132,0.7381002514701817,0.08063230347138614,0.04294769718271038,0.0016591816911586217,0.0006824253394687467
LR_a0p1_qm05,leaky,0.1,-0.5,0.5,6,middle,21,100,2.682004237413891,1.6849704452416983,1.910186070370474,2.3936997249859395,2.5453727684657093,-1.7976805230492956,0.016125,0.0,0.0,2.606463109647616,1.038606806684356,0.06602800912468604,0.05692228058722216,0.00881508975157426,0.0029845219065086567
LR_a0p1_qm05,leaky,0.1,-0.5,0.5,6,late,451,500,4.369189343445907,2.5228050989099464,3.1118387160749026,3.5839429044630107,3.7385710617446275,-3.024484080510633,0.0046,0.0,0.0,4.1545223355657175,0.9196045537020187,0.045434223176795206,0.07564109824531665,0.009328837107472511,0.0031955961328111893
LR_a0p1_qm05,leaky,0.1,-0.5,0.5,6,final,500,500,4.386796089769929,2.5376639387351037,3.124378652106145,3.605051643137645,3.6151531718775662,-2.892877945899963,0.01,0.0,0.0,4.2192246989452755,0.8858667306448508,0.04038573508712694,0.058131087669457,0.0002537522918534318,0.00012019069529052798
LR_a0p1_qm05,leaky,0.1,-0.5,0.5,7,initial,0,0,1.0,1.0,0.6784986527169264,1.4020331151523138,1.139791360546377,-0.10570058714365586,0.03,0.0,0.0,1.0,0.1006962298499074,0.005048007512363221,0.0005664210492191324,2.5584595527875487,0.8123945893021517
LR_a0p1_qm05,leaky,0.1,-0.5,0.5,7,early,2,20,1.6611598186670467,1.1896607579226062,1.127094698913085,1.6679437784046942,1.3334461086169849,-0.5273062601150473,0.07578947368421053,0.0,0.18,1.4182090976255028,0.5900713680786827,0.07640390159669544,0.0359479540611437,0.001139474100214575,0.0005999554607942321
LR_a0p1_qm05,leaky,0.1,-0.5,0.5,7,middle,21,100,2.8781443131337685,1.7059949263161742,1.9528170387861454,2.3918613809771077,2.537158007421004,-1.7691463728269774,0.01225,0.0,0.01,2.7913360197253554,0.9891814804110785,0.0670964645221216,0.060397630131333244,0.009102863785081367,0.005535994820641408
LR_a0p1_qm05,leaky,0.1,-0.5,0.5,7,late,451,500,4.824335435864424,2.655831281398867,3.2733050934885375,3.723563404778615,3.8155660400255624,-3.119646245850844,0.0046,0.0,0.0,4.839946630343987,0.8592515016745471,0.04421270043552545,0.09581412854836216,0.0023630607207453655,0.0009091686730690488
LR_a0p1_qm05,leaky,0.1,-0.5,0.5,7,final,500,500,4.887220652991955,2.6835767515849027,3.3159726285853783,3.762463472774908,3.775257182132415,-2.974583076760173,0.0,0.0,0.0,4.844536255844634,0.8762693763382801,0.051012985893807636,0.09287902449056012,1.1990146889270814e-06,7.717998154482375e-07
LR_a0p1_qm05,leaky,0.1,-0.5,0.5,8,initial,0,0,1.0,1.0,0.6937528812430814,1.4115880954949276,1.011986908615862,0.13502423078753054,0.09,0.0,0.0,1.0,0.09911488383105639,0.005635175744873862,0.0006029736512508004,3.98430563576298,0.988493433039694
LR_a0p1_qm05,leaky,0.1,-0.5,0.5,8,early,2,20,1.6062597488709476,1.1727055835656919,1.1143473288040082,1.655377241281763,1.240753847930824,-0.3671113080883515,0.08578947368421053,0.0,0.18,1.315362598298798,0.6047568486646013,0.07833364397255736,0.037168594123006875,0.0008136787025289888,0.0005656770241319106
LR_a0p1_qm05,leaky,0.1,-0.5,0.5,8,middle,21,100,2.752076331492463,1.6490011184588522,1.909260884373786,2.3277103482743366,2.4347271619371678,-1.6732163184025122,0.0165,0.0,0.0,2.6869416310474135,0.963659362670946,0.07029476153440808,0.060620534551980014,0.007880935287367864,0.003929172370460405
LR_a0p1_qm05,leaky,0.1,-0.5,0.5,8,late,451,500,4.670313898261724,2.612290867128152,3.2400437232286783,3.6874786900082213,3.7771861316272717,-3.0610182131269945,0.0028,0.0,0.0,4.684953596113477,0.9192189931325228,0.04632717718668237,0.08858047183609513,0.007862853654263311,0.0018323062271534433
LR_a0p1_qm05,leaky,0.1,-0.5,0.5,8,final,500,500,4.703092914170645,2.620752581954006,3.262784259959805,3.69942314592387,3.752958014665505,-3.038038771003485,0.01,0.0,0.0,4.678375699412607,0.8830950303679311,0.05586254945392526,0.15114561929921094,0.00037469358462586557,0.00010724114282495747
LR_a0p1_qm05,leaky,0.1,-0.5,0.5,9,initial,0,0,1.0,1.0,0.7202572566321502,1.432101642074296,1.023903188696754,-0.05870646988041699,0.09,0.0,0.0,1.0,0.10206279604236056,0.005506522952682217,0.0006118138740158492,3.4251332247016797,1.04121296621614
LR_a0p1_qm05,leaky,0.1,-0.5,0.5,9,early,2,20,1.975326275938859,1.3318029077506155,1.4227430844611244,1.9072771311089785,1.6895026169594798,-0.8156487714259052,0.0668421052631579,0.0,0.14,1.4915829697307796,0.8063275669955066,0.08426285010835553,0.05536389354847207,0.002148269834550921,0.0008581649534006785
LR_a0p1_qm05,leaky,0.1,-0.5,0.5,9,middle,21,100,3.0017595303206903,1.7959207274369575,2.162039084378192,2.571941022797731,2.7929839347785546,-2.0404251010790175,0.01275,0.0,0.0,2.8453466490750827,1.0780876664151045,0.06622220172929201,0.07340461613934438,0.04241739455008967,0.007029250344643001
LR_a0p1_qm05,leaky,0.1,-0.5,0.5,9,late,451,500,4.3887416085038655,2.532038078728649,3.1610229910083647,3.6261358903419434,3.7736671366818015,-3.0456126679819078,0.0028,0.0,0.0,4.309495178075706,0.870194259212445,0.04095928799541307,0.06841910853689288,0.0018316928560506865,0.0007092548605300902
LR_a0p1_qm05,leaky,0.1,-0.5,0.5,9,final,500,500,4.391802043137108,2.5457203799820185,3.163227291261406,3.6457303364342493,3.778955409015235,-3.0881905242800713,0.0,0.0,0.0,4.42761672013062,0.9260053706328455,0.03867447069147497,0.0492635482040479,9.057730805342132e-05,2.2859738711364498e-05
LR_a0p1_q0,leaky,0.1,0,0.0,0,initial,0,0,1.0,1.0,0.7223637571689194,1.4398913264348285,1.0282861575446376,-0.13029632209800185,0.06,0.0,0.0,1.0,0.09690787394070474,0.004550897654615956,0.0005053141298660052,1.0362545324377357,1.0978873865648144
LR_a0p1_q0,leaky,0.1,0,0.0,0,early,2,20,1.562927431959553,1.170098038411627,1.1290021319326735,1.6848140165873087,1.1053007122518868,-0.6664840943755974,0.04473684210526316,0.0,0.14,1.4022948734191032,0.6398555071350066,0.08602296763936591,0.03993774131698217,0.003537438744927243,0.0018801645910923263
LR_a0p1_q0,leaky,0.1,0,0.0,0,middle,21,100,2.8851966372201403,1.7674216585432643,2.0841614830334723,2.5448951162895055,2.4690363807321423,-2.177760782068741,0.01,0.0,0.0,2.7984252995819054,1.1417937028348364,0.06970828722132065,0.0758081541631507,0.0359465707492822,0.019695639806553263
LR_a0p1_q0,leaky,0.1,0,0.0,0,late,451,500,5.223168770367809,2.9662368625665345,3.7730278172902554,4.271058730560812,4.202305741709496,-3.925728284914605,0.0034,0.0,0.0,5.143824902867079,0.9829459721914554,0.04866162698981549,0.12723659341072516,0.039524085182275126,0.026293293488030656
LR_a0p1_q0,leaky,0.1,0,0.0,0,final,500,500,5.254957303640837,2.984721824044341,3.795990701620249,4.297675066262187,4.078659088486851,-3.802342433473095,0.01,0.0,0.0,5.308737851811218,0.9885533824081454,0.06425855041233963,0.13337599985129164,9.685227306694522e-05,3.8692094443831074e-05
LR_a0p1_q0,leaky,0.1,0,0.0,1,initial,0,0,1.0,1.0,0.7127536716197848,1.4203201929643945,0.9550576902340578,0.06741271622711792,0.07,0.0,0.0,1.0,0.09383858786956806,0.005358347848544652,0.0006286436112228861,8.410416054297581,0.8320698684873876
LR_a0p1_q0,leaky,0.1,0,0.0,1,early,2,20,1.604008874536019,1.1902913731224924,1.143263214636266,1.6905948727571922,1.0533649345404272,-0.6882221144939065,0.06947368421052631,0.0,0.19,1.3160897968865681,0.654437056885737,0.09147095387613448,0.046186500252635404,0.0019469371793076117,0.0007324097433041493
LR_a0p1_q0,leaky,0.1,0,0.0,1,middle,21,100,3.345502327145624,2.0009138150690124,2.384519067085578,2.8419382959239425,2.677845454192888,-2.343159669080487,0.009625,0.0,0.03,3.0894802419280945,1.1804105996762546,0.0765023397261005,0.11903561537517433,0.017755184830003906,0.00751317536959792
LR_a0p1_q0,leaky,0.1,0,0.0,1,late,451,500,5.44877365004782,3.107541616071777,3.8836334248967197,4.4137041077839525,4.336402436619388,-4.047568393147458,0.003,0.0,0.0,5.459013588623852,1.0248994903993658,0.054896374979487426,0.14011905217347884,0.006951354568573522,0.003736260773865403
LR_a0p1_q0,leaky,0.1,0,0.0,1,final,500,500,5.484637314194098,3.126374863495509,3.909195383194718,4.4404533493989735,4.374698796722154,-4.103941511656157,0.01,0.0,0.0,5.4355899816605495,1.0308294940713476,0.06220191942645082,0.19885345176564154,0.0006536416192927117,0.0001413275042212477
LR_a0p1_q0,leaky,0.1,0,0.0,2,initial,0,0,1.0,1.0,0.6951739093373812,1.3876885387931412,0.8110606104550595,0.035657786708325145,0.14,0.0,0.0,1.0,0.09725408151334809,0.004948710859310743,0.0005820555525303549,2.1572366386656,1.0993745145704255
LR_a0p1_q0,leaky,0.1,0,0.0,2,early,2,20,1.4504649992731502,1.1331406268838458,1.0083254239017576,1.572446260767588,1.0011181088955354,-0.5579871329416327,0.07210526315789474,0.0,0.15,1.2663217584606046,0.5891575864901425,0.07146683160449081,0.023469820144966815,0.0018075391984483421,0.0014093267948070665
LR_a0p1_q0,leaky,0.1,0,0.0,2,middle,21,100,2.756095860384514,1.7079115132055345,1.9159659337720758,2.370049232148171,2.2570976125395714,-1.9413595144847058,0.011,0.0,0.01,2.6696118230487498,1.1144138933628849,0.07274187288449145,0.0763699078100723,0.013531055596711005,0.009022666099997642
LR_a0p1_q0,leaky,0.1,0,0.0,2,late,451,500,4.971508440398884,2.835869856835843,3.456062957815879,3.9353040978400458,3.9294873891268525,-3.6458331119062377,0.0026,0.0,0.0,4.875907370378413,1.0344500931428733,0.047772252982549356,0.10054771234183739,0.008445503601173743,0.007160337371912483
LR_a0p1_q0,leaky,0.1,0,0.0,2,final,500,500,5.004223829628658,2.8545721351877393,3.478805842842235,3.961257035158291,4.268535258175137,-4.009457831680774,0.0,0.0,0.0,4.917407030206416,1.0359074167653763,0.04205658790102466,0.08661553313372729,0.006529167158999597,0.006810052887179506
LR_a0p1_q0,leaky,0.1,0,0.0,3,initial,0,0,1.0,1.0,0.7019225972385064,1.3999858554973614,1.083854858035675,0.12632403071969747,0.05,0.0,0.0,1.0,0.09900362643730118,0.005770862378897065,0.0005696645761241564,2.8428452670138995,1.0240592517646352
LR_a0p1_q0,leaky,0.1,0,0.0,3,early,2,20,1.625017819858932,1.1828007410511436,1.1406367286742367,1.6559043073433983,1.1030008401871032,-0.6817647621270857,0.06263157894736843,0.0,0.22,1.362454390899376,0.6564857860082115,0.08461428050578347,0.043593246130946145,0.0025073400400681374,0.0016697331342174695
LR_a0p1_q0,leaky,0.1,0,0.0,3,middle,21,100,2.903011758470072,1.7588537613823714,2.037689553319236,2.4623703878236514,2.3509482124711147,-2.0433046549972325,0.010625,0.0,0.02,2.783686513165702,1.1184643403977095,0.07205371005743172,0.07918423551028063,0.019054642090012494,0.009124224725723874
LR_a0p1_q0,leaky,0.1,0,0.0,3,late,451,500,5.298441934800293,2.981897048795501,3.7190961241924376,4.174613690863027,4.18042145002321,-3.955789301801473,0.0028,0.0,0.0,5.267122046999269,1.030062654709921,0.05044626023841198,0.13639033214975863,0.035534054666495944,0.022608184074140353
LR_a0p1_q0,leaky,0.1,0,0.0,3,final,500,500,5.285892786212182,2.97600770520097,3.7102875932223394,4.16636869313252,4.365794812816988,-4.218346862792969,0.0,0.0,0.0,5.261401594132089,0.9893717552232578,0.021650700966284152,0.05805163012120341,0.2760503117710197,0.20675283110238263
LR_a0p1_q0,leaky,0.1,0,0.0,4,initial,0,0,1.0,1.0,0.6889504467660763,1.4005079337377437,0.9966815379312718,0.04573907433077693,0.04,0.0,0.0,1.0,0.0990179919603878,0.005791853617637749,0.0006505644749721365,2.502121469845189,1.0265866313031295
LR_a0p1_q0,leaky,0.1,0,0.0,4,early,2,20,1.7670559757226807,1.2409842380743004,1.2174140039348058,1.7380082710665465,1.2691997765624645,-0.9031373038912179,0.05631578947368421,0.0,0.07,1.5756722175410223,0.7586140956947846,0.07952771071228937,0.04379160610120599,0.0033029080997925564,0.0016761985185872075
LR_a0p1_q0,leaky,0.1,0,0.0,4,middle,21,100,3.2851371764358577,1.9082456230611335,2.2632967253933307,2.672513134617441,2.596664355144775,-2.2770691931121836,0.007125,0.0,0.02,2.9718488647939223,1.143644710456302,0.07676144116240484,0.11450879280108399,0.040604107528093694,0.013807246516470107
LR_a0p1_q0,leaky,0.1,0,0.0,4,late,451,500,5.615256746786762,3.148290416425401,3.868633644404964,4.409205705914279,4.444178002309088,-4.21172909610141,0.0036,0.0,0.0,5.571230975228235,1.09609726257417,0.047398120585731535,0.14559942944715373,0.046342889636499844,0.02226989086582229
LR_a0p1_q0,leaky,0.1,0,0.0,4,final,500,500,5.667260389390897,3.1677082389209206,3.904461577210546,4.436400520375165,4.5366559074518475,-4.330624274015427,0.01,0.0,0.0,5.731477848097457,1.10272385225529,0.04403860687780911,0.15367270615392387,0.025380246509818342,0.01100879504147301
LR_a0p1_q0,leaky,0.1,0,0.0,5,initial,0,0,1.0,1.0,0.7318089860993301,1.4241256246236833,0.8840709951766825,0.09504209799692034,0.06,0.0,0.0,1.0,0.10266809539896946,0.005296156666894144,0.000607810752462566,1.9432644287876555,0.9213220480907295
LR_a0p1_q0,leaky,0.1,0,0.0,5,early,2,20,1.5506916953331593,1.178661095346675,1.1348101173144105,1.6785614686302182,1.016149329982939,-0.6045248938445308,0.07736842105263157,0.0,0.13,1.3119716880644305,0.6372733879028256,0.08161396485781049,0.04228076146132929,0.0007560323770441672,0.0002742077450147024
LR_a0p1_q0,leaky,0.1,0,0.0,5,middle,21,100,2.482047293771933,1.6002629829251314,1.8163845135058245,2.2789755201204116,2.12815730315196,-1.8044829761897927,0.01775,0.0,0.0,2.392703527928466,1.0548812387633282,0.07253884649190559,0.05940927049360005,0.00976037294700749,0.004794719829122036
LR_a0p1_q0,leaky,0.1,0,0.0,5,late,451,500,4.786015275433011,2.8172631171425047,3.502448986170538,4.012136596429834,3.994869189889974,-3.7223244565963745,0.0018,0.0,0.0,4.712899871582426,1.0346999059616235,0.05049836860239935,0.13007818452723713,0.00893751511802442,0.005748497983584393
LR_a0p1_q0,leaky,0.1,0,0.0,5,final,500,500,4.809683455621646,2.8336973481462584,3.5197695731171987,4.035541005923266,3.9124588973861614,-3.7272909551858904,0.0,0.0,0.0,4.707053048997355,1.0092803274141884,0.050072766213857686,0.11079871300021514,0.012026948046689693,0.01936310134669699
LR_a0p1_q0,leaky,0.1,0,0.0,6,initial,0,0,1.0,1.0,0.7122233603226376,1.4206182261212177,0.9074119256983116,0.12177180511178448,0.12,0.0,0.0,1.0,0.0950552343916686,0.006029937594424685,0.0007442048897552628,2.042144036003011,0.962665421515861
LR_a0p1_q0,leaky,0.1,0,0.0,6,early,2,20,1.733059396799899,1.245952265689562,1.2343253872275473,1.7700224975156178,1.1748238674194889,-0.8367760540800603,0.05789473684210526,0.0,0.11,1.5824965817208105,0.7206406354174425,0.08551454250924619,0.04165128685091014,0.0008967415742698728,0.000318224601005422
LR_a0p1_q0,leaky,0.1,0,0.0,6,middle,21,100,2.5373425742901055,1.6258789824959214,1.8071546545505903,2.309753316001126,2.122553796161134,-1.849974603216111,0.017,0.0,0.03,2.491422243676224,1.038445431595602,0.07446598869153312,0.06442003439361517,0.007170506479641958,0.005330997314635003
LR_a0p1_q0,leaky,0.1,0,0.0,6,late,451,500,4.994956637582012,2.8519547980424034,3.5575248010845235,4.051538966172894,3.9794954379354093,-3.7216267671607435,0.0022,0.0,0.0,4.947186173271053,1.054013953077846,0.05077820487738292,0.12483809211940614,0.019657017707294066,0.011285504458582049
LR_a0p1_q0,leaky,0.1,0,0.0,6,final,500,500,5.056305359974724,2.8778647653612865,3.6012187942985614,4.088347137984305,4.022166294986923,-3.712842263132334,0.0,0.0,0.0,4.985538102044998,1.054417220948509,0.047124346505616296,0.09677375893232222,1.9050006445855123e-05,2.2785771424680394e-05
LR_a0p1_q0,leaky,0.1,0,0.0,7,initial,0,0,1.0,1.0,0.6784986527169264,1.4020331151523138,0.9713000352272748,-0.10570058714365586,0.07,0.0,0.0,1.0,0.1006962298499074,0.005048007512363221,0.0005664210492191324,2.760087109243658,0.8123945893021517
LR_a0p1_q0,leaky,0.1,0,0.0,7,early,2,20,1.6126179004189236,1.181689608350728,1.0941590727814383,1.656767962739089,1.1237202133327393,-0.760898160902143,0.05157894736842105,0.0,0.15,1.414089913911396,0.6487921138690845,0.07998960520728696,0.035505430537353395,0.0012555602374640935,0.0007745320905978272
LR_a0p1_q0,leaky,0.1,0,0.0,7,middle,21,100,2.9220216822181744,1.738785172829464,1.982587774594678,2.437834392442748,2.3336629113170044,-2.045548785484487,0.00975,0.0,0.02,2.742483510352674,1.0576094962748077,0.0708849362203324,0.08238647163791635,0.019159308406332634,0.011573177849165023
LR_a0p1_q0,leaky,0.1,0,0.0,7,late,451,500,5.8336709494072645,3.1868781734135094,3.958137879566702,4.468108733081858,4.44548704907097,-4.1988032330952585,0.001,0.0,0.0,5.8735342384742495,1.0416028413832221,0.05223183397674795,0.1615789326936198,0.03561936822949609,0.014215157874976707
LR_a0p1_q0,leaky,0.1,0,0.0,7,final,500,500,5.939287394746088,3.2230784480530654,4.029798495433845,4.518862716904125,4.2918021682406,-3.9723777884244917,0.0,0.0,0.0,6.0154103826500585,1.0717268714494612,0.06534562114433368,0.24165418906244482,0.0006294703402299252,0.00044976371253546634
LR_a0p1_q0,leaky,0.1,0,0.0,8,initial,0,0,1.0,1.0,0.6937528812430814,1.4115880954949276,0.9534892416789081,0.13502423078753054,0.1,0.0,0.0,1.0,0.09911488383105639,0.005635175744873862,0.0006029736512508004,3.7314679351601887,0.9884934330396942
LR_a0p1_q0,leaky,0.1,0,0.0,8,early,2,20,1.5951813827094705,1.1702427855824238,1.1066616803600178,1.6519007849669727,1.0233674210572548,-0.6132429411482314,0.05631578947368421,0.0,0.17,1.3319073059754696,0.6449074679033148,0.08432872485782318,0.037569790686019906,0.0007750073786854278,0.00044781160141510803
LR_a0p1_q0,leaky,0.1,0,0.0,8,middle,21,100,2.8557353075664134,1.7122032836652614,1.9811745976917965,2.4169257722892077,2.2893906987927157,-2.0151631021164977,0.01175,0.0,0.02,2.6683960481771907,1.1038285746113514,0.07546491463424253,0.0805230921420997,0.026036757275439543,0.016562052595942418
LR_a0p1_q0,leaky,0.1,0,0.0,8,late,451,500,5.309763395550777,2.965918054373316,3.683663654382399,4.18665461776685,4.113767622043144,-3.889228741271305,0.0036,0.0,0.0,5.141858667909956,1.0735935157056522,0.04858596158937017,0.11676135310944266,0.03217947002498401,0.018915031802332873
LR_a0p1_q0,leaky,0.1,0,0.0,8,final,500,500,5.373539738563639,2.993734963736728,3.727908676102719,4.225920635877704,4.186494952491593,-3.9916350203752518,0.0,0.0,0.0,5.445524564227483,1.0833900211046987,0.04343492506726878,0.10227709590833232,0.007586305343276966,0.0021031412973972433
LR_a0p1_q0,leaky,0.1,0,0.0,9,initial,0,0,1.0,1.0,0.7202572566321502,1.432101642074296,0.8600414350151762,-0.05870646988041699,0.1,0.0,0.0,1.0,0.10206279604236056,0.005506522952682217,0.0006118138740158491,2.1636871133929563,1.0412129662161398
LR_a0p1_q0,leaky,0.1,0,0.0,9,early,2,20,1.8153241290463753,1.2666272125867626,1.3075003770850897,1.8139389110414912,1.2506113990075625,-0.8919251750937455,0.03368421052631579,0.0,0.17,1.4605283078575493,0.7416382743802702,0.09204499041867682,0.05436040360211069,0.0004110588888320994,0.00021618423072993485
LR_a0p1_q0,leaky,0.1,0,0.0,9,middle,21,100,2.817438242183165,1.7186840791129394,2.029280339045354,2.4613302919045896,2.3499975503988755,-2.0249388062226643,0.012625,0.0,0.03,2.6707889624902657,1.0420707879140292,0.07484694673246585,0.09701274523307277,0.04132844178578284,0.011006757146119614
LR_a0p1_q0,leaky,0.1,0,0.0,9,late,451,500,5.107185476584587,2.923872197793083,3.6784874004763757,4.187282175674855,4.210659192308232,-3.9746109978930093,0.0016,0.0,0.0,5.029411640400497,1.0717911997133658,0.052138804081068864,0.13323692385178107,0.03770131335913463,0.017865346468276578
LR_a0p1_q0,leaky,0.1,0,0.0,9,final,500,500,5.170983182401938,2.9537099361097003,3.724438161047805,4.230012849713866,3.969177226556613,-3.7189986092224716,0.01,0.0,0.0,5.198483489162415,1.0581035478874201,0.0532317302954351,0.12899065883488384,0.00029640786606347755,0.00019771585835773642
LR_a0p1_qp05,leaky,0.1,0.5,-5.0,0,initial,0,0,1.0,1.0,0.7223637571689194,1.4398913264348285,4.975380307154207,-0.13029632209800185,0.0,0.0,0.0,1.0,0.09690787394070474,0.004550897654615956,0.0005053141298660052,2.4956867763111132,1.0978873865648144
LR_a0p1_qp05,leaky,0.1,0.5,-5.0,0,early,2,20,1.5885707057911165,1.18459822862073,1.147525903563753,1.7056927147010512,4.110379326138294,-0.9687539880186026,0.0,0.0,0.1,1.3222818066902469,0.6864738335445508,0.07462632408743781,0.038155580302588935,0.00968809118215173,0.003904271504779418
LR_a0p1_qp05,leaky,0.1,0.5,-5.0,0,middle,21,100,2.944305806437869,1.8713573017312886,2.126859804592724,2.6945511474233665,2.273671516291285,-3.116658769293921,0.019,0.0,0.01,2.390134209357084,0.8137114742208954,0.028883976833561132,0.049135017715372646,0.3509845780256319,0.2311422997800514
LR_a0p1_qp05,leaky,0.1,0.5,-5.0,0,late,451,500,2.9628201260113975,2.0437438485885195,2.1402338780412844,2.9427690410371445,0.7261106666304922,-5.1076769208375365,0.1366,0.0,0.04,2.182281106087731,0.3040631386139394,0.003510794684169514,0.016710093934698626,0.5666925746962269,0.4777665188887553
LR_a0p1_qp05,leaky,0.1,0.5,-5.0,0,final,500,500,2.932789454148282,2.0150441521904074,2.1185408090839375,2.90144459712219,0.6719451159053537,-5.050630420446396,0.17,0.0,0.04,2.165487448266745,0.3484852374057306,0.008029064336934118,0.027193787368014623,0.6139049109992007,0.2616536079944073
LR_a0p1_qp05,leaky,0.1,0.5,-5.0,1,initial,0,0,1.0,1.0,0.7127536716197848,1.4203201929643945,5.156186803631768,0.06741271622711792,0.0,0.0,0.0,1.0,0.09383858786956806,0.005358347848544652,0.0006286436112228861,9.942575999806781,0.8320698684873875
LR_a0p1_qp05,leaky,0.1,0.5,-5.0,1,early,2,20,1.6140545181204866,1.2004654188493127,1.1504232839848791,1.7050452753471383,4.20089127805866,-0.8734363643662992,0.0,0.0,0.11,1.4792111735296594,0.6840890676214263,0.07942379710719176,0.04050608277016591,0.004050799463346993,0.0014796110748778915
LR_a0p1_qp05,leaky,0.1,0.5,-5.0,1,middle,21,100,3.01794972177336,1.9742172096554125,2.15105474495787,2.8040205681714037,1.793315308563784,-3.578201490455409,0.02025,0.0,0.06,2.2842101580411214,0.5840892584996739,0.015808178620796046,0.03813860911163391,0.5953570158851023,0.31840897407609514
LR_a0p1_qp05,leaky,0.1,0.5,-5.0,1,late,451,500,2.7216432788555136,2.002730756367322,1.9398612398435768,2.8445189343393618,0.6690385724882771,-5.106417175042629,0.1436,0.0,0.04,2.113600966658278,0.3638365074057099,0.0028889607093022817,0.00876581087785066,0.723588763687346,0.45335064532440017
LR_a0p1_qp05,leaky,0.1,0.5,-5.0,1,final,500,500,2.70163737345637,1.9872170408213026,1.9256019573162595,2.822484490881445,0.4550588136933305,-5.034905548095703,0.2,0.0,0.06,2.1019861835936977,0.30166811920525016,0.000910036541448331,0.0032093429674493056,0.6124400770848952,0.3377324275703521
LR_a0p1_qp05,leaky,0.1,0.5,-5.0,2,initial,0,0,1.0,1.0,0.6951739093373812,1.3876885387931412,5.100431077949684,0.035657786708325145,0.0,0.0,0.0,1.0,0.09725408151334809,0.004948710859310743,0.0005820555525303549,1.1031181540859936,1.0993745145704252
LR_a0p1_qp05,leaky,0.1,0.5,-5.0,2,early,2,20,1.4679553339450313,1.1422697501522274,1.0204842482312284,1.585114640496351,4.279780767955733,-0.7910390177741646,0.0,0.0,0.14,1.2476775995422327,0.6120022358576741,0.06352845283401007,0.02484995874550626,0.002505569349903817,0.0020012727610189554
LR_a0p1_qp05,leaky,0.1,0.5,-5.0,2,middle,21,100,2.8651077961302676,1.8068281350412556,1.991748187308887,2.5073146945657365,2.586471071835461,-2.7504927319806938,0.011375,0.0,0.04,2.1631841174809683,0.8193423168986015,0.03625500752857528,0.053404728898509606,0.2406692153076834,0.17879999631823176
LR_a0p1_qp05,leaky,0.1,0.5,-5.0,2,late,451,500,2.9232927700678286,2.050527731739086,2.0321968631057543,2.8454938318118264,0.8179811869768533,-4.9107793526642025,0.125,0.0,0.03,2.201987129140513,0.2824269171858597,0.003962668670168527,0.010631285137761369,0.3990233681324364,0.4009221455901432
LR_a0p1_qp05,leaky,0.1,0.5,-5.0,2,final,500,500,2.9170092535488146,2.0517561559177286,2.0278287263628454,2.847198501965305,0.7914535634942461,-5.409470503330231,0.04,0.0,0.03,2.211980946040919,0.33399320581206754,0.0062452364984125,0.009644814047495159,0.32314988621585417,0.34024621736182203
LR_a0p1_qp05,leaky,0.1,0.5,-5.0,3,initial,0,0,1.0,1.0,0.7019225972385064,1.3999858554973614,5.238127686538817,0.12632403071969747,0.0,0.0,0.0,1.0,0.09900362643730118,0.005770862378897065,0.0005696645761241564,5.355100499902809,1.0240592517646354
LR_a0p1_qp05,leaky,0.1,0.5,-5.0,3,early,2,20,1.6589664857166402,1.203522957532016,1.1644660643858613,1.684915117311174,4.118183394568838,-0.9682942727295143,0.0,0.0,0.1,1.5261247152714903,0.7061696198366761,0.0735120628254791,0.03914357754233968,0.01212521694645817,0.005745953979851159
LR_a0p1_qp05,leaky,0.1,0.5,-5.0,3,middle,21,100,2.9513379601739165,1.8961787674188897,2.071610806333871,2.6546234538808666,1.9901887577986985,-3.3754173925555078,0.025875,0.0,0.02,2.3160529227084874,0.7445487878145377,0.017374471969380013,0.02861761399080764,0.49841192628757,0.33783640161407824
LR_a0p1_qp05,leaky,0.1,0.5,-5.0,3,late,451,500,2.684689369339064,1.9437881866768223,1.8844441349050833,2.721275967430416,0.5549810110912163,-5.007141896915436,0.1656,0.0,0.03,2.154496282307894,0.2348122909707138,0.0011081239144244566,0.002776673213013831,0.6448386101084113,0.5269656485659189
LR_a0p1_qp05,leaky,0.1,0.5,-5.0,3,final,500,500,2.6531230174144618,1.93052309487629,1.8622869991768218,2.7027050265377963,0.5793999274120579,-5.311183905601501,0.15,0.0,0.03,2.1153833290271136,0.2221446983649398,0.0004934826701165014,0.003311481938492552,0.581775045212042,0.6264731034189878
LR_a0p1_qp05,leaky,0.1,0.5,-5.0,4,initial,0,0,1.0,1.0,0.6889504467660763,1.4005079337377437,5.143030704882173,0.04573907433077693,0.0,0.0,0.0,1.0,0.0990179919603878,0.005791853617637749,0.0006505644749721365,2.189257073494745,1.0265866313031298
LR_a0p1_qp05,leaky,0.1,0.5,-5.0,4,early,2,20,1.7955402879979407,1.2501919346937347,1.2370382836026705,1.7509037232335147,4.0570260590570095,-1.0338750144805895,0.0,0.0,0.08,1.4870650796415226,0.7132436806898731,0.0761201494177592,0.043920911855317685,0.01554954924137846,0.004179498967797957
LR_a0p1_qp05,leaky,0.1,0.5,-5.0,4,middle,21,100,3.050934795112052,1.8999532318101857,2.101942890146616,2.6608995748808315,1.9852860925047782,-3.512692160719787,0.042875,0.0,0.02,2.3339793111990454,0.7221245857134282,0.02367079293374905,0.05375607856351034,0.6293880551143305,0.2819754161331261
LR_a0p1_qp05,leaky,0.1,0.5,-5.0,4,late,451,500,3.1863746824077097,2.14683445336191,2.1952542610089063,3.006658684354887,0.8330064872649325,-5.125223808179423,0.1558,0.0,0.03,2.1799239746766723,0.3830508489439258,0.0063627050338967775,0.021927010648991004,0.587756996558712,0.3654988216940556
LR_a0p1_qp05,leaky,0.1,0.5,-5.0,4,final,500,500,3.14130709387767,2.1226067936087247,2.1642049257564655,2.972727654654652,0.9619615012931014,-5.355242350101471,0.13,0.0,0.03,2.153563329108688,0.3073353022508486,0.00334803575401184,0.011306914864985482,1.1451248912927012,0.5124208709699748
LR_a0p1_qp05,leaky,0.1,0.5,-5.0,5,initial,0,0,1.0,1.0,0.7318089860993301,1.4241256246236833,5.170300040082964,0.09504209799692034,0.0,0.0,0.0,1.0,0.10266809539896946,0.005296156666894144,0.000607810752462566,3.639471587137826,0.9213220480907295
LR_a0p1_qp05,leaky,0.1,0.5,-5.0,5,early,2,20,1.5670795616567166,1.1891476190984964,1.1468029051529842,1.6934955958184121,4.284565077097153,-0.7917129627835177,0.0,0.0,0.09,1.2932845016519376,0.6479569642287247,0.07203808323913782,0.03989003603708116,0.0019211235939814763,0.0009472688073864323
LR_a0p1_qp05,leaky,0.1,0.5,-5.0,5,middle,21,100,2.5674779068542195,1.6725180907297414,1.8789034038474164,2.3818758706549032,2.9231320651950963,-2.32677957252835,0.006375,0.0,0.07,2.1028087098160313,0.9262639008932214,0.04760800857867566,0.058191839150879034,0.10608496553234184,0.0696995713453294
LR_a0p1_qp05,leaky,0.1,0.5,-5.0,5,late,451,500,3.0834865106030898,2.0973637356409367,2.256523136975408,2.986909440082711,0.8411370499119645,-4.982676168490574,0.1358,0.0,0.05,2.0803880095664846,0.31696057140205547,0.0045393597011954105,0.013271181702734055,0.5541496965330253,0.4117192644213488
LR_a0p1_qp05,leaky,0.1,0.5,-5.0,5,final,500,500,3.036642938503163,2.080230964617544,2.2222425899716898,2.962510221847487,0.8978755462752952,-4.813205745071173,0.19,0.0,0.05,2.0874524707661353,0.24555338275841365,0.005482430561864237,0.012884586368467872,0.19570770985532696,0.38609212086354217
LR_a0p1_qp05,leaky,0.1,0.5,-5.0,6,initial,0,0,1.0,1.0,0.7122233603226376,1.4206182261212177,5.200107157936014,0.12177180511178448,0.0,0.0,0.0,1.0,0.0950552343916686,0.006029937594424685,0.0007442048897552629,2.346296511948942,0.9626654215158608
LR_a0p1_qp05,leaky,0.1,0.5,-5.0,6,early,2,20,1.9116998947309556,1.325558411548367,1.3615573229537135,1.8831124392338998,3.7961847172625847,-1.3035784589837451,0.0,0.0,0.07,1.7551852213848962,0.8677321996504729,0.07139437321533212,0.038416640760185215,0.012272953956712643,0.005916112966444727
LR_a0p1_qp05,leaky,0.1,0.5,-5.0,6,middle,21,100,3.0069342692230285,1.8999636541723854,2.1416088294953197,2.6991229960851606,2.4968009637699464,-2.787723454536812,0.00925,0.0,0.03,2.5960684920221366,1.0536757893751425,0.04832311264562038,0.0826641149377604,0.10544905104833284,0.06526242961371267
LR_a0p1_qp05,leaky,0.1,0.5,-5.0,6,late,451,500,3.024320390010941,2.07747664496626,2.153991630865862,2.9513011861802263,0.7471572729685146,-5.089440728228539,0.1422,0.0,0.03,2.323995324374142,0.30925718327768986,0.004328430517980002,0.011922994564625847,0.5437545299497404,0.3511968330548418
LR_a0p1_qp05,leaky,0.1,0.5,-5.0,6,final,500,500,3.032578979116669,2.0737761112326965,2.1598735909502675,2.94604414051195,0.6677844801499607,-4.853532139062882,0.14,0.0,0.02,2.3026098460848337,0.3840396002373445,0.00572164731299089,0.015343298624445919,0.41373267322877266,0.5042171639025097
LR_a0p1_qp05,leaky,0.1,0.5,-5.0,7,initial,0,0,1.0,1.0,0.6784986527169264,1.4020331151523138,4.988628858413497,-0.10570058714365586,0.0,0.0,0.0,1.0,0.1006962298499074,0.005048007512363221,0.0005664210492191324,3.070862487301216,0.8123945893021517
LR_a0p1_qp05,leaky,0.1,0.5,-5.0,7,early,2,20,1.6418984079830024,1.195912677927004,1.1140258577145334,1.6767091772841431,4.113074207624231,-0.9705849792281017,0.0,0.0,0.11,1.434463426390247,0.6455363133487789,0.06927028489226275,0.03577457339812186,0.0033491102840075802,0.002776844761242662
LR_a0p1_qp05,leaky,0.1,0.5,-5.0,7,middle,21,100,3.064506680535521,1.877363417420814,2.0792636539853713,2.6321256803994975,2.253979844870011,-3.147461693221354,0.017625,0.0,0.04,2.230984963292555,0.7725547868848196,0.026002112553681893,0.04551275020766506,0.3512084198510995,0.2615670560997945
LR_a0p1_qp05,leaky,0.1,0.5,-5.0,7,late,451,500,2.922348538432816,2.024081694632489,1.9828095460959447,2.8378295636483633,0.7213335255464408,-5.1319781050466,0.1584,0.0,0.01,2.105331641441076,0.32012595197640414,0.0033065324244386453,0.008905733126331729,0.8214434001691364,0.4606536178341264
LR_a0p1_qp05,leaky,0.1,0.5,-5.0,7,final,500,500,2.920034467115659,1.9981780241857603,1.9812394518249625,2.801511759878057,0.7918708250114866,-4.778173476457596,0.19,0.0,0.01,2.0842108410696274,0.27214483470061246,0.004061386743271764,0.00825827057605126,0.6740567733554546,0.48726743529189903
LR_a0p1_qp05,leaky,0.1,0.5,-5.0,8,initial,0,0,1.0,1.0,0.6937528812430814,1.4115880954949276,5.221052005283296,0.13502423078753054,0.0,0.0,0.0,1.0,0.09911488383105639,0.005635175744873862,0.0006029736512508004,3.4924516493315814,0.9884934330396942
LR_a0p1_qp05,leaky,0.1,0.5,-5.0,8,early,2,20,1.6537811159660678,1.196165498591092,1.147315414146858,1.68849297805294,4.188834194133704,-0.8808052507515592,0.0,0.0,0.13,1.4897764731029384,0.6807013678973969,0.0758981573069234,0.035135014081059596,0.0015772547628424526,0.0008612849626338138
LR_a0p1_qp05,leaky,0.1,0.5,-5.0,8,middle,21,100,2.868131906512585,1.7870376852175975,1.989774773928318,2.5225611226539724,2.305439883643717,-3.0220438698197687,0.01375,0.0,0.02,2.495569694835193,0.8099848068786972,0.02556405645543478,0.032717949726722734,0.4476681677986253,0.32549786217032395
LR_a0p1_qp05,leaky,0.1,0.5,-5.0,8,late,451,500,3.0538791921961073,2.0438303670103064,2.1186374885543433,2.8850466152827776,0.7126230079485691,-4.917355653128028,0.1476,0.0,0.01,2.3893554497748726,0.310908118118108,0.0026268902371165232,0.007573180694246031,0.6093748808597619,0.41496531899047134
LR_a0p1_qp05,leaky,0.1,0.5,-5.0,8,final,500,500,3.0336190589323597,2.0485530014725057,2.1045819627282496,2.8917130298689924,0.8297376685011416,-4.990713425278663,0.19,0.0,0.01,2.396007754754272,0.25817376190438496,0.003890043895699681,0.012262900799787035,0.44174360565692816,0.2271988532748036
LR_a0p1_qp05,leaky,0.1,0.5,-5.0,9,initial,0,0,1.0,1.0,0.7202572566321502,1.432101642074296,5.015237439158668,-0.05870646988041699,0.0,0.0,0.0,1.0,0.10206279604236056,0.005506522952682217,0.0006118138740158492,1.8406165210805518,1.0412129662161398
LR_a0p1_qp05,leaky,0.1,0.5,-5.0,9,early,2,20,2.0709263448670505,1.3835888314215008,1.491599727841188,1.9814398374343873,3.6979850349225925,-1.4160481106097762,0.0,0.0,0.03,1.6542003793017652,0.8853661335463452,0.08300867063670452,0.06589986195281247,0.009917003311488383,0.003987026899990748
LR_a0p1_qp05,leaky,0.1,0.5,-5.0,9,middle,21,100,2.928742861887502,1.8728972900101521,2.1094482990840846,2.682179284460038,1.9639608525271242,-3.496043786967406,0.036375,0.0,0.0,2.437278680438909,0.78360095611411,0.024356951477504687,0.03746975463543258,0.5795582595228153,0.2111501924042642
LR_a0p1_qp05,leaky,0.1,0.5,-5.0,9,late,451,500,2.8794114932682158,2.0354528802763534,2.073917022856448,2.914975412208621,0.6802051724885768,-5.161054272969812,0.1362,0.0,0.01,2.3170756512103514,0.3138740005625649,0.0027452560165085386,0.00836094200110471,0.6017225363233899,0.39463034623218446
LR_a0p1_qp05,leaky,0.1,0.5,-5.0,9,final,500,500,2.8438741828998286,2.0262047262506346,2.0483210171824284,2.901731115642233,0.6523313385314478,-5.165213527679444,0.12,0.0,0.01,2.269640953491156,0.3024471222304794,0.0022266641922843054,0.005243641075512862,0.5907803113962709,0.446570331704915
LR_a0p3_qm05,leaky,0.3,-0.5,0.5,0,initial,0,0,1.0,1.0,0.7223637571689194,1.4398913264348285,1.1990282498323035,-0.13029632209800185,0.06,0.0,0.0,1.0,0.09690787394070474,0.004942028028522344,0.0005771085019712096,0.8181638181669542,1.1154318938903258
LR_a0p3_qm05,leaky,0.3,-0.5,0.5,0,early,2,20,1.7217807780315049,1.2128735448255272,1.2437520318400632,1.7464060972565407,1.1333997884961786,-0.301076798323453,0.11578947368421053,0.0,0.13,1.529076196879612,0.5333923564205768,0.08193591780118625,0.05894316009993872,0.014308504388776861,0.008520282993470088
LR_a0p3_qm05,leaky,0.3,-0.5,0.5,0,middle,21,100,2.5424673084113665,1.54549032035726,1.8365862373831845,2.2253381073714036,1.5360831320842412,-0.6767719429199351,0.08825,0.000125,0.09,2.3378337700972427,0.48514544982906643,0.06430736836680946,0.06880345878934178,0.002552666047594765,0.0006730767964439054
LR_a0p3_qm05,leaky,0.3,-0.5,0.5,0,late,451,500,2.8605011807682286,1.6726049845170037,2.066322380325868,2.408369409757694,1.542810497529103,-0.6913345417482487,0.1112,0.064,0.09,2.6817480771689164,0.41458391896903907,0.05111693983974883,0.060663906107268656,7.598731201651346e-05,3.221283254017151e-05
LR_a0p3_qm05,leaky,0.3,-0.5,0.5,0,final,500,500,2.811921655519637,1.661249783077339,2.031230291945813,2.392019153694801,1.563875959673234,-0.6613425067719072,0.14,0.08,0.09,2.6870125837912457,0.43623777580300865,0.052198352838307926,0.06303091535223299,0.00012695327679004029,5.752233014803619e-05
LR_a0p3_qm05,leaky,0.3,-0.5,0.5,1,initial,0,0,1.0,1.0,0.7127536716197848,1.4203201929643945,1.0462898620593126,0.06741271622711792,0.07,0.0,0.0,1.0,0.09383858786956806,0.00563692018994344,0.0006805177686933277,7.315121342347345,0.8284118372193946
LR_a0p3_qm05,leaky,0.3,-0.5,0.5,1,early,2,20,1.7549444734358886,1.2404676200196951,1.2508431169302792,1.7618612094324564,1.0751349921899962,-0.24542685500774256,0.12473684210526316,0.0,0.19,1.5300445109508067,0.5217979056069666,0.0802043214863459,0.05434576105247315,0.043448801441750756,0.010685387534946113
LR_a0p3_qm05,leaky,0.3,-0.5,0.5,1,middle,21,100,2.7887516862406754,1.6722759203812008,1.987693003603907,2.3751672579255376,1.5611003912644763,-0.6829356335660086,0.105375,0.002125,0.15,2.633263942475443,0.48341361481569406,0.06253531562344541,0.07746391937831867,0.0010810953440083672,0.00018319366712567478
LR_a0p3_qm05,leaky,0.3,-0.5,0.5,1,late,451,500,2.8710756953811116,1.7003587848320783,2.046369743381214,2.4150539173814005,1.5710464994737647,-0.6675835018113022,0.1786,0.1254,0.17,2.9245705311399535,0.4478036465292099,0.05753102833232717,0.07199737208629103,0.00016327012249452394,5.517893079319891e-05
LR_a0p3_qm05,leaky,0.3,-0.5,0.5,1,final,500,500,2.9164191444633207,1.7021230141936798,2.0786884531984633,2.417559687968704,1.562949656445774,-0.6814012538827956,0.17,0.14,0.16,2.89643243426112,0.418811577887092,0.050648319919384434,0.0617290531348719,1.246574237014495e-05,5.309529879298279e-06
LR_a0p3_qm05,leaky,0.3,-0.5,0.5,2,initial,0,0,1.0,1.0,0.6951739093373812,1.3876885387931412,0.9338958866615746,0.035657786708325145,0.09,0.0,0.0,1.0,0.09725408151334809,0.0053131266582355265,0.0006428885937091147,5.916901052263341,1.118090103403907
LR_a0p3_qm05,leaky,0.3,-0.5,0.5,2,early,2,20,1.580655741115075,1.1659901610266035,1.0988306308675422,1.618031182802187,1.0224846062681647,-0.21989499634147108,0.10684210526315789,0.0,0.16,1.3465717716394414,0.4799126010953375,0.07316131186447246,0.03684681128205881,0.009174520293166401,0.005949233771385621
LR_a0p3_qm05,leaky,0.3,-0.5,0.5,2,middle,21,100,2.5206197357513176,1.544917147205217,1.7522690756552,2.143863818561676,1.4914241031978384,-0.6353062569456707,0.08175,0.0,0.1,2.4012367409799102,0.478181890978018,0.06323118590968485,0.05886142190884926,0.002415064449765035,0.0006430035652457125
LR_a0p3_qm05,leaky,0.3,-0.5,0.5,2,late,451,500,2.8378981069278004,1.6806596410631516,1.9728327212941523,2.3322321215155304,1.5318396010352326,-0.6693935858323413,0.1064,0.052,0.1,2.7392600453269123,0.41825086431975045,0.0511977009394354,0.056419624110837945,9.551057179421976e-05,4.271039014190935e-05
LR_a0p3_qm05,leaky,0.3,-0.5,0.5,2,final,500,500,2.861171996308897,1.6790730160527785,1.9890121219606949,2.3300303801732727,1.5715474737399948,-0.7280372137576342,0.11,0.06,0.1,2.744676045754745,0.3957836504970645,0.04633677830686303,0.05172571337351635,0.00012817642420280564,1.9338144246055303e-05
LR_a0p3_qm05,leaky,0.3,-0.5,0.5,3,initial,0,0,1.0,1.0,0.7019225972385064,1.3999858554973614,1.1394811637617517,0.12632403071969747,0.12,0.0,0.0,1.0,0.09900362643730118,0.006096588089510366,0.0006285996080055352,1.3494116454146312,0.9907669196410696
LR_a0p3_qm05,leaky,0.3,-0.5,0.5,3,early,2,20,1.7729428121939261,1.2242533522465815,1.244468623490502,1.7139373766904429,1.04366669701487,-0.2173929142188526,0.14473684210526316,0.0,0.26,1.3913114626442624,0.5083768071581841,0.08171830512663213,0.06395232124866575,0.014910767721640695,0.009372415036426265
LR_a0p3_qm05,leaky,0.3,-0.5,0.5,3,middle,21,100,2.6485964827248294,1.5800658076356442,1.859109722190985,2.2120697814449164,1.5388700596535887,-0.6356711185080148,0.10775,0.000125,0.15,2.3113735705312486,0.4939150816777162,0.06420364883958335,0.0732689366917569,0.00135044613516952,0.00047331422153135475
LR_a0p3_qm05,leaky,0.3,-0.5,0.5,3,late,451,500,2.8896101606963946,1.683373403233861,2.028282669002791,2.356698954047862,1.5852090448583218,-0.686720469517677,0.1606,0.1026,0.15,2.835496249693244,0.4282709809811263,0.05312084772092371,0.06568058153754615,0.00025679616085012396,8.76415021937778e-05
LR_a0p3_qm05,leaky,0.3,-0.5,0.5,3,final,500,500,2.8667172632980806,1.6721724718013953,2.0122136270026516,2.341017808474014,1.573683661769759,-0.7044889948517085,0.17,0.13,0.15,2.7831095570487507,0.44416193197395576,0.05634009019221559,0.06453949124638338,9.119906884198824e-05,9.987992030132294e-05
LR_a0p3_qm05,leaky,0.3,-0.5,0.5,4,initial,0,0,1.0,1.0,0.6889504467660763,1.4005079337377437,1.0943651190175372,0.04573907433077693,0.06,0.0,0.0,1.0,0.0990179919603878,0.006116112939999743,0.0007070056049718576,2.6840813113904405,1.0100673833548683
LR_a0p3_qm05,leaky,0.3,-0.5,0.5,4,early,2,20,1.9150559974622492,1.2722651388941584,1.3193786850336706,1.781817420839221,1.1998869494181579,-0.31908201137462655,0.13736842105263158,0.0,0.2,1.5873005760246115,0.5242834563459715,0.07894043022137552,0.06325342503740136,0.010809108469712017,0.005050792834104038
LR_a0p3_qm05,leaky,0.3,-0.5,0.5,4,middle,21,100,2.82223499619114,1.6258196703331935,1.944380061504742,2.2769733471285205,1.5432875605324454,-0.6574778324155777,0.117125,0.001625,0.15,2.6095578661630774,0.4945269298870349,0.06664066837651754,0.08712730093165448,0.0011906979963072755,0.0002774694566311523
LR_a0p3_qm05,leaky,0.3,-0.5,0.5,4,late,451,500,3.0149144016053055,1.7280184550511615,2.077126623947453,2.42010355594439,1.614813227715513,-0.7387945754019806,0.1586,0.1126,0.13,2.8722636094952385,0.4412831490422736,0.05573880502357293,0.06812320484829029,0.0005644027302888728,0.00010684638596451558
LR_a0p3_qm05,leaky,0.3,-0.5,0.5,4,final,500,500,3.0285324538975944,1.7230907883968318,2.0865087871583095,2.4132023197001864,1.601252794667291,-0.7021413418278099,0.16,0.11,0.13,2.8908784434255974,0.47366935962691764,0.0706030055466318,0.09075540875021887,0.0008553761437816211,0.00012611097882365846
LR_a0p3_qm05,leaky,0.3,-0.5,0.5,5,initial,0,0,1.0,1.0,0.7318089860993301,1.4241256246236833,0.9677496714108301,0.09504209799692034,0.06,0.0,0.0,1.0,0.10266809539896946,0.005719961203941236,0.000688176158998086,1.1330815150524063,0.8892584876384878
LR_a0p3_qm05,leaky,0.3,-0.5,0.5,5,early,2,20,1.7088379416352069,1.2265492169644023,1.250542961476127,1.7467601697411193,1.057425440244178,-0.21870797039496737,0.11052631578947368,0.0,0.24,1.3284796318360108,0.4793864968858068,0.07765000413359904,0.06681410647073344,0.022129350638272236,0.0062332390026815804
LR_a0p3_qm05,leaky,0.3,-0.5,0.5,5,middle,21,100,2.3703598195466395,1.4958844913481069,1.7346506162330173,2.1303274356060036,1.462521264308302,-0.6065011574165523,0.070875,0.0,0.07,2.229424949725731,0.4801018098377552,0.0659228455454425,0.059304708762610375,0.0005998430167799766,0.0001681436251829024
LR_a0p3_qm05,leaky,0.3,-0.5,0.5,5,late,451,500,2.743271836851667,1.662113220470038,2.0075509815212653,2.3670580282971745,1.5450737535922705,-0.6930937448091572,0.0946,0.0436,0.07,2.674863677265889,0.42867137439868397,0.05357553461398184,0.056210276534824605,0.00011537819389427696,7.859782953944964e-05
LR_a0p3_qm05,leaky,0.3,-0.5,0.5,5,final,500,500,2.727231718577533,1.6560709366302935,1.995812678830158,2.3584530570497453,1.709569840984532,-0.8617706885747611,0.09,0.02,0.07,2.719616485561528,0.38118636784555765,0.03845438466507117,0.03849344892343978,6.897601822843261e-06,1.3140369772942783e-05
LR_a0p3_qm05,leaky,0.3,-0.5,0.5,6,initial,0,0,1.0,1.0,0.7122233603226376,1.4206182261212177,0.9755124795653481,0.12177180511178448,0.03,0.0,0.0,1.0,0.0950552343916686,0.006272811129037239,0.0007970807977583619,2.2421705127085865,0.9537186708218867
LR_a0p3_qm05,leaky,0.3,-0.5,0.5,6,early,2,20,1.9542247672346804,1.3141601246185473,1.3918445305456082,1.866919825074839,1.2358811889732728,-0.3760443267967754,0.11526315789473685,0.0,0.16,1.754056332463916,0.5427614429836913,0.08143938041208161,0.062202407598279906,0.029257705366936382,0.004264388589513565
LR_a0p3_qm05,leaky,0.3,-0.5,0.5,6,middle,21,100,2.5149559859474153,1.5533976589640626,1.7912104033749998,2.2067850267383786,1.523482257427557,-0.6601935323538364,0.0835,0.0,0.08,2.3902102979495616,0.47138194850802406,0.06272937184452243,0.06363876769703601,0.0009465110513230321,0.00040421303728544085
LR_a0p3_qm05,leaky,0.3,-0.5,0.5,6,late,451,500,2.822429155449489,1.6546631526740214,2.0101999773668187,2.3506446327799098,1.586039459908882,-0.727616209100245,0.121,0.0736,0.1,2.8147888043769367,0.436782520829427,0.055248921666157455,0.060663164401950145,0.00012885831658260196,4.996400848653421e-05
LR_a0p3_qm05,leaky,0.3,-0.5,0.5,6,final,500,500,2.8291095927175984,1.6584979568041325,2.0149579408463367,2.3560924254207505,1.558386692486308,-0.7304309401288629,0.15,0.09,0.1,2.7770671596965446,0.4212812217099541,0.049793412894502946,0.05035984371438885,0.00013648286848396747,0.00015086342115407808
LR_a0p3_qm05,leaky,0.3,-0.5,0.5,7,initial,0,0,1.0,1.0,0.6784986527169264,1.4020331151523138,1.139791360546377,-0.10570058714365586,0.03,0.0,0.0,1.0,0.1006962298499074,0.0054594598916458195,0.0006343896237049929,2.435188461819723,0.7857287283015958
LR_a0p3_qm05,leaky,0.3,-0.5,0.5,7,early,2,20,1.7910882845289862,1.2234889068962003,1.215250987949988,1.7153719634899791,1.1519967039232268,-0.32804178472452084,0.11,0.0,0.11,1.523271621689465,0.5123656922286022,0.07736355255485934,0.049849421151368284,0.009548938739319677,0.0037896421589840045
LR_a0p3_qm05,leaky,0.3,-0.5,0.5,7,middle,21,100,2.7091104165813187,1.5725474876888745,1.838127767711816,2.2047636528893775,1.5417127309340832,-0.6499850710807222,0.09325,0.0,0.1,2.5107456634226057,0.4908308318556978,0.06440600766901815,0.07056125189716278,0.001095684372618243,0.000437615898975432
LR_a0p3_qm05,leaky,0.3,-0.5,0.5,7,late,451,500,3.058521271304281,1.7205561376639118,2.075202561886016,2.412276681483368,1.6253228670518216,-0.7443165462436736,0.151,0.0982,0.12,2.957506267319309,0.4571515433652591,0.0576995385491578,0.07381663029221257,0.00012255937165150902,3.7460959167868575e-05
LR_a0p3_qm05,leaky,0.3,-0.5,0.5,7,final,500,500,3.048731411795827,1.712826074317224,2.0685601553992417,2.401438876689086,1.6045974076986713,-0.7668798974296078,0.15,0.12,0.12,2.9982121360598697,0.42859642783375934,0.05220870366578781,0.06603804124356377,2.547656713783222e-05,9.426862523544297e-06
LR_a0p3_qm05,leaky,0.3,-0.5,0.5,8,initial,0,0,1.0,1.0,0.6937528812430814,1.4115880954949276,1.011986908615862,0.13502423078753054,0.09,0.0,0.0,1.0,0.09911488383105639,0.005973647215740121,0.0006598730133470506,3.8025809465472724,1.020963796037119
LR_a0p3_qm05,leaky,0.3,-0.5,0.5,8,early,2,20,1.7540871459039078,1.2202978353279248,1.2169030114222894,1.7225578973071283,1.1071203724298557,-0.2623398337527607,0.12263157894736842,0.0,0.2,1.4543734932338543,0.5110525768980829,0.07797002139884168,0.0569888741654713,0.011509564179910288,0.006272098867002328
LR_a0p3_qm05,leaky,0.3,-0.5,0.5,8,middle,21,100,2.60910655511905,1.5474067997745988,1.8100751900840517,2.1843010174497266,1.5140491081865723,-0.6481296393408702,0.088375,0.0,0.07,2.5100942792290737,0.4869748309640044,0.06630271580437352,0.07103206355480594,0.0009140240215900859,0.0004429714330461129
LR_a0p3_qm05,leaky,0.3,-0.5,0.5,8,late,451,500,2.9713046277580273,1.6946667168212466,2.061351146558033,2.3921713632963453,1.5607296044634476,-0.7087607597403461,0.101,0.0424,0.06,3.039157878523693,0.43857782038425164,0.05378633919932556,0.061662082289638355,0.00012087542371833261,3.674398867452855e-05
LR_a0p3_qm05,leaky,0.3,-0.5,0.5,8,final,500,500,2.940488064033583,1.6777721038799518,2.039972066684189,2.3683231287904194,1.5997707040245692,-0.7812785783410072,0.11,0.04,0.06,2.9545773638141437,0.4390618166742318,0.0528837454700167,0.060085787236315816,8.445041807428694e-06,1.595501159283957e-06
LR_a0p3_qm05,leaky,0.3,-0.5,0.5,9,initial,0,0,1.0,1.0,0.7202572566321502,1.432101642074296,1.023903188696754,-0.05870646988041699,0.09,0.0,0.0,1.0,0.10206279604236056,0.005903314175575329,0.0006887090077459451,4.220755626376375,1.0609045584157824
LR_a0p3_qm05,leaky,0.3,-0.5,0.5,9,early,2,20,2.038973758543446,1.3412719891891591,1.4685856456734467,1.9208378181860521,1.2854938998823238,-0.40434011340210224,0.12105263157894737,0.0,0.2,1.5303514916987995,0.5482167393049262,0.08484214995205874,0.07756443002462196,0.015069155162622147,0.0028575225624383163
LR_a0p3_qm05,leaky,0.3,-0.5,0.5,9,middle,21,100,2.625230390659386,1.5854186515204043,1.8908412392036773,2.270480654217587,1.5380448648073883,-0.6636773402209719,0.10225,0.0,0.13,2.462503364945081,0.485612964170155,0.06623277005322331,0.07728619517500945,0.00035559862623094996,0.00011952977663126586
LR_a0p3_qm05,leaky,0.3,-0.5,0.5,9,late,451,500,2.7591328161683726,1.6513446554239526,1.987285432857171,2.364893392663255,1.5330872512169165,-0.6417076316654173,0.1452,0.0806,0.13,2.775009310013263,0.4360063248509957,0.05647230510448727,0.06391732187381324,0.0001388861212307939,5.601209375541877e-05
LR_a0p3_qm05,leaky,0.3,-0.5,0.5,9,final,500,500,2.7776492303977602,1.6580123133234186,2.000622014572694,2.3744421564898697,1.6576330602874438,-0.7757426379807293,0.12,0.05,0.13,2.7310982347399997,0.4378955876461989,0.054726132506044564,0.06118455157646802,9.422492783630015e-05,3.913244717817044e-05
LR_a0p3_q0,leaky,0.3,0,0.0,0,initial,0,0,1.0,1.0,0.7223637571689194,1.4398913264348285,1.0282861575446376,-0.13029632209800185,0.06,0.0,0.0,1.0,0.09690787394070474,0.004942028028522344,0.0005771085019712097,0.8191891026108985,1.1154318938903258
LR_a0p3_q0,leaky,0.3,0,0.0,0,early,2,20,1.7494555558401967,1.2278207012448705,1.263743288316765,1.767928378139618,1.0253938874767419,-0.704601667259397,0.05631578947368421,0.0,0.15,1.4526872388222063,0.5866948785659164,0.0921139527741419,0.06777295878530454,0.029872233907233082,0.009943779837732897
LR_a0p3_q0,leaky,0.3,0,0.0,0,middle,21,100,2.824577637745998,1.6866902626891784,2.0403725148175105,2.428650679628231,1.6869562725288634,-1.3637075557126082,0.02875,0.0,0.01,2.8014299513696512,0.5833835141934781,0.07448095057935913,0.09278604237801621,0.00251552358105792,0.0007734228178614628
LR_a0p3_q0,leaky,0.3,0,0.0,0,late,451,500,3.374264398681792,1.9485935155464087,2.437446308713104,2.805762901782424,1.8773201115155467,-1.6051247296788962,0.0234,0.0,0.0,3.3406254962304898,0.48508726401197894,0.05395974735409318,0.08233227235818483,0.0004581876422247596,0.00028981021268723056
LR_a0p3_q0,leaky,0.3,0,0.0,0,final,500,500,3.3425485506114883,1.941091666570836,2.4145359295392406,2.794961054510273,1.8277681718207348,-1.598601528480649,0.03,0.0,0.0,3.277506206385894,0.5362645166501631,0.06246121275647897,0.08635545673671316,7.50392997379884e-06,3.1996773694554695e-06
LR_a0p3_q0,leaky,0.3,0,0.0,1,initial,0,0,1.0,1.0,0.7127536716197848,1.4203201929643945,0.9550576902340578,0.06741271622711792,0.07,0.0,0.0,1.0,0.09383858786956806,0.00563692018994344,0.0006805177686933277,8.728136060267094,0.828411837219395
LR_a0p3_q0,leaky,0.3,0,0.0,1,early,2,20,1.7514003777285647,1.23973985290482,1.2483170497023124,1.7608275471034238,0.9201561410312353,-0.5989326324350029,0.09789473684210526,0.0,0.13,1.4292974829288956,0.5770732224100235,0.09506022891600367,0.06536720020603377,0.020944517474466934,0.006166131047697762
LR_a0p3_q0,leaky,0.3,0,0.0,1,middle,21,100,3.079332762813558,1.8150872717090565,2.1948057328344595,2.578005104001023,1.6367407166292243,-1.2936121775346163,0.03125,0.0,0.05,2.811958401555402,0.5562678050728488,0.07019333245115482,0.107733316000959,0.002823515618584828,0.00038211860370544894
LR_a0p3_q0,leaky,0.3,0,0.0,1,late,451,500,3.3728123743529994,1.9813625113611348,2.403984403504744,2.814169184468864,1.8890035398432206,-1.6175835104700091,0.0164,0.0,0.0,3.33620186282203,0.5110056799849543,0.05914544156317893,0.08798164698801446,0.00018627263636367532,7.973557524405642e-05
LR_a0p3_q0,leaky,0.3,0,0.0,1,final,500,500,3.4080191866103378,1.9850009403857558,2.4290781882071903,2.819336918683201,1.8696915991614749,-1.5815371620655059,0.0,0.0,0.0,3.373375713676924,0.5063208855780984,0.05316385786986737,0.07934955806119516,2.998539768204061e-06,5.499643206439602e-07
LR_a0p3_q0,leaky,0.3,0,0.0,2,initial,0,0,1.0,1.0,0.6951739093373812,1.3876885387931412,0.8110606104550595,0.035657786708325145,0.14,0.0,0.0,1.0,0.09725408151334809,0.0053131266582355265,0.0006428885937091147,2.6145038007562977,1.1180901034039068
LR_a0p3_q0,leaky,0.3,0,0.0,2,early,2,20,1.5672257460754497,1.1658012372207347,1.0894944487134643,1.6177690154020776,0.869967429467421,-0.5142197840646067,0.09105263157894737,0.0,0.16,1.4164801631744053,0.5196575422651212,0.07851688403535967,0.038244086487140914,0.0065298282020404535,0.004773471524066686
LR_a0p3_q0,leaky,0.3,0,0.0,2,middle,21,100,2.772796165783656,1.6711594385296136,1.9275755503635255,2.3190487993435256,1.599600041726911,-1.2659237608926668,0.034375,0.0,0.07,2.522290736952286,0.5828052311906363,0.07415659810347772,0.08982999560727871,0.015308395701785184,0.0013636076354452604
LR_a0p3_q0,leaky,0.3,0,0.0,2,late,451,500,3.338847503634774,1.9502613108349005,2.3210796717831417,2.7063552686972794,1.826134180523231,-1.5399817140195606,0.0184,0.0,0.0,3.313765664921019,0.4924006276474306,0.055640673916238975,0.0735923945051246,8.028815816589019e-05,8.314092977442484e-05
LR_a0p3_q0,leaky,0.3,0,0.0,2,final,500,500,3.3670948844474373,1.9526891378897608,2.340716513931223,2.709724336475481,2.0421335399885163,-1.8217530243843794,0.01,0.0,0.0,3.389284342623178,0.5008374396431204,0.0541596234131959,0.06990598013467077,7.064684921033758e-05,6.723236731045473e-05
LR_a0p3_q0,leaky,0.3,0,0.0,3,initial,0,0,1.0,1.0,0.7019225972385064,1.3999858554973614,1.083854858035675,0.12632403071969747,0.05,0.0,0.0,1.0,0.09900362643730118,0.006096588089510366,0.0006285996080055353,2.899898421160899,0.9907669196410694
LR_a0p3_q0,leaky,0.3,0,0.0,3,early,2,20,1.7677344785671267,1.228155749478413,1.2408127764238943,1.7194006776175392,0.9600707632631386,-0.602664438778363,0.07105263157894737,0.0,0.2,1.4610149656785096,0.5744007804433576,0.08862938305376548,0.06373295269927284,0.028529457865106137,0.008167718239229486
LR_a0p3_q0,leaky,0.3,0,0.0,3,middle,21,100,2.8703244164543267,1.703170451357324,2.014745569314721,2.384414541401311,1.6342106296364542,-1.31414970522294,0.03875,0.0,0.06,2.7033475285435276,0.5875485709134338,0.07521789967618879,0.0909207291939569,0.002169119934791394,0.0007977438200215117
LR_a0p3_q0,leaky,0.3,0,0.0,3,late,451,500,3.376161845635814,1.9334727168607473,2.36980429138624,2.706834455595101,1.8195382438745034,-1.5642613747700351,0.0188,0.0,0.0,3.3628554714428334,0.49436853575404266,0.05670634660148996,0.08375371698087995,6.353527721948556e-05,3.156403574243333e-05
LR_a0p3_q0,leaky,0.3,0,0.0,3,final,500,500,3.3828252185291956,1.9346003327175096,2.3744814633939306,2.708413101845003,1.8622198995002495,-1.586424831263721,0.01,0.0,0.0,3.368562816118369,0.5278572674027117,0.06403814563680638,0.09766431008559129,5.122232731015629e-05,5.528571646988211e-05
LR_a0p3_q0,leaky,0.3,0,0.0,4,initial,0,0,1.0,1.0,0.6889504467660763,1.4005079337377437,0.9966815379312718,0.04573907433077693,0.04,0.0,0.0,1.0,0.0990179919603878,0.006116112939999743,0.0007070056049718576,2.326010981641661,1.0100673833548686
LR_a0p3_q0,leaky,0.3,0,0.0,4,early,2,20,1.9153208792662686,1.2807501198022289,1.3195611754708898,1.7937007039185873,1.0812810996866125,-0.7170037523710696,0.08,0.0,0.09,1.5118470282707284,0.5797404156573612,0.0856675674223715,0.06164510151985182,0.014342924668582358,0.006247176693543755
LR_a0p3_q0,leaky,0.3,0,0.0,4,middle,21,100,3.0768790894537625,1.760186240533748,2.1198172233243677,2.4651547947235266,1.638754133352685,-1.3259331918831558,0.029875,0.0,0.02,2.9925066243197525,0.5924088586280117,0.0781140146609979,0.10774420314985732,0.0027141623594663508,0.000517167950400335
LR_a0p3_q0,leaky,0.3,0,0.0,4,late,451,500,3.5616052473262547,2.0174860092802245,2.453769526349825,2.8255051622018534,1.8616327124567702,-1.5960132975718122,0.0208,0.0,0.0,3.494590250096268,0.5196479502909734,0.05966767933552244,0.08924879740192213,0.00020194106045321247,6.331189073498125e-05
LR_a0p3_q0,leaky,0.3,0,0.0,4,final,500,500,3.5722210497120845,2.021096363076988,2.4610832881463227,2.830561491337821,1.9407695781348329,-1.686591632720083,0.02,0.0,0.0,3.5051465331605045,0.5714318243249217,0.07364957634283707,0.11017235418095934,0.00027177462903640555,5.942587072085738e-05
LR_a0p3_q0,leaky,0.3,0,0.0,5,initial,0,0,1.0,1.0,0.7318089860993301,1.4241256246236833,0.8840709951766825,0.09504209799692034,0.06,0.0,0.0,1.0,0.10266809539896946,0.005719961203941236,0.000688176158998086,1.9889457191406152,0.889258487638488
LR_a0p3_q0,leaky,0.3,0,0.0,5,early,2,20,1.7022873457664167,1.2305456625096491,1.2457491765550412,1.7524516102495182,0.9024445599960179,-0.5311475165658033,0.08526315789473685,0.0,0.12,1.3559253215375717,0.5365694220328233,0.09079006017366588,0.07437586680807233,0.015874032772439293,0.00467402344126965
LR_a0p3_q0,leaky,0.3,0,0.0,5,middle,21,100,2.5332722877827356,1.578640812220605,1.853871424435814,2.248182832760108,1.51616723675945,-1.1922647341798638,0.038125,0.0,0.0,2.4312142560909336,0.5711701529602345,0.07456769571595595,0.07552112542450404,0.0019411166814867701,0.0008478804594093982
LR_a0p3_q0,leaky,0.3,0,0.0,5,late,451,500,3.2463792791950428,1.9216796008527957,2.3757295288015983,2.7367131618910783,1.8333277854696672,-1.561900849070691,0.0236,0.0,0.0,3.236487396661327,0.5054537985380596,0.05709371805250844,0.08021145635516684,7.00296756976629e-05,5.230932274046847e-05
LR_a0p3_q0,leaky,0.3,0,0.0,5,final,500,500,3.221830390306943,1.9192729588683217,2.3577644313145325,2.7332858013716934,1.9835895907667789,-1.7708383328292985,0.03,0.0,0.0,3.2081508725305916,0.4880622522523528,0.045590904752161994,0.0645628909203325,1.6821020027780622e-05,2.626188550871225e-05
LR_a0p3_q0,leaky,0.3,0,0.0,6,initial,0,0,1.0,1.0,0.7122233603226376,1.4206182261212177,0.9074119256983116,0.12177180511178448,0.12,0.0,0.0,1.0,0.0950552343916686,0.006272811129037239,0.0007970807977583619,2.0327255494350425,0.9537186708218867
LR_a0p3_q0,leaky,0.3,0,0.0,6,early,2,20,1.9794452149787525,1.32722990942189,1.4098071225867328,1.8854869995779495,1.0738166138560636,-0.7245008918691718,0.07947368421052632,0.0,0.07,1.7410998976366976,0.5922675427986978,0.09165895712236932,0.0721303911553297,0.015222336164493472,0.004162552362657805
LR_a0p3_q0,leaky,0.3,0,0.0,6,middle,21,100,2.6803691114344135,1.651723886677342,1.90902149545082,2.3464690579336085,1.5927504825987429,-1.2948975120463668,0.033125,0.0,0.02,2.3946729372183286,0.5777271895474835,0.07612791224270622,0.08776228596052305,0.0009320764282500343,0.00048438815033815185
LR_a0p3_q0,leaky,0.3,0,0.0,6,late,451,500,3.3526267034693764,1.9473318969190896,2.387819056652366,2.766415185070463,1.796823018293223,-1.5377933711939287,0.0198,0.0,0.0,3.3719221704823656,0.4909435343542368,0.056618076526431534,0.07986637393340029,4.5932790336359705e-05,1.845091772211058e-05
LR_a0p3_q0,leaky,0.3,0,0.0,6,final,500,500,3.3577712617300985,1.949233916703967,2.3914831312241933,2.7691172290433026,1.8409747745191072,-1.5366517908219248,0.02,0.0,0.0,3.3702919410334875,0.4736435263322641,0.047277650937745504,0.06456762197930015,8.738069140529571e-05,0.00010755745634203465
LR_a0p3_q0,leaky,0.3,0,0.0,7,initial,0,0,1.0,1.0,0.6784986527169264,1.4020331151523138,0.9713000352272748,-0.10570058714365586,0.07,0.0,0.0,1.0,0.1006962298499074,0.0054594598916458195,0.0006343896237049929,2.6008367870590803,0.7857287283015958
LR_a0p3_q0,leaky,0.3,0,0.0,7,early,2,20,1.7692218851538246,1.2241656119921172,1.2004146654341705,1.7163207264436469,0.9823241313229794,-0.6618929199156915,0.06210526315789474,0.0,0.18,1.4649808809243603,0.556899769461358,0.08755743928542702,0.060615710839957496,0.007415714171542766,0.002696198954533381
LR_a0p3_q0,leaky,0.3,0,0.0,7,middle,21,100,2.931307133117294,1.6922781838140208,1.9888879405196,2.3726300537570717,1.6431395720383835,-1.3169490330255358,0.03175,0.0,0.03,2.6388661158879065,0.5887730126139368,0.07690170519061934,0.0978897229072736,0.002802368365081489,0.001134762088825487
LR_a0p3_q0,leaky,0.3,0,0.0,7,late,451,500,3.6163780109350374,2.023538028874402,2.453707608134541,2.83706732625195,1.9068894748603267,-1.64228290275045,0.0124,0.0,0.0,3.6138867442227314,0.528234511078357,0.06292292441306058,0.0954882431073982,0.0002718126669105322,0.00012902558120134297
LR_a0p3_q0,leaky,0.3,0,0.0,7,final,500,500,3.6564294061866804,2.038349871646196,2.4808824258522137,2.8578340203144346,1.8854461066846646,-1.6634891767054796,0.01,0.0,0.0,3.6528626345541184,0.5114152045772739,0.05885013904678916,0.0879735209933857,1.0041341856143512e-05,3.980930783065032e-06
LR_a0p3_q0,leaky,0.3,0,0.0,8,initial,0,0,1.0,1.0,0.6937528812430814,1.4115880954949276,0.9534892416789081,0.13502423078753054,0.1,0.0,0.0,1.0,0.09911488383105639,0.005973647215740121,0.0006598730133470506,3.5624202674455927,1.020963796037119
LR_a0p3_q0,leaky,0.3,0,0.0,8,early,2,20,1.7653625347624995,1.2244847297102623,1.2247253449300735,1.7284680675743305,0.9415932806483837,-0.5547828202760674,0.06842105263157895,0.0,0.14,1.4076990259042157,0.5513942756421555,0.08869436396528899,0.06530188542967984,0.009604790494879641,0.005407352446848769
LR_a0p3_q0,leaky,0.3,0,0.0,8,middle,21,100,2.799531641139013,1.6425280045643975,1.9421831421713625,2.318572977760142,1.537318368709289,-1.2057310814698086,0.0375,0.0,0.02,2.686508664573168,0.5780769449498779,0.07911734347921393,0.09000126478217316,0.0011537357279404455,0.0006424681757362324
LR_a0p3_q0,leaky,0.3,0,0.0,8,late,451,500,3.4573749384584427,1.9649001283919916,2.3985638250931656,2.7736296300745904,1.8226389648194414,-1.549772860016115,0.0258,0.0,0.01,3.4814066677708437,0.5065793830853349,0.05906679096161515,0.08494771189071453,7.35305694673204e-05,3.8832351423399844e-05
LR_a0p3_q0,leaky,0.3,0,0.0,8,final,500,500,3.4783487828366346,1.9702709821569624,2.4131144900612806,2.781211063311867,1.8044880352424044,-1.5009657613560556,0.01,0.0,0.01,3.501037691186233,0.5080693553823965,0.06537758571765168,0.09915487729020848,4.506055705391853e-06,4.192855038016211e-07
LR_a0p3_q0,leaky,0.3,0,0.0,9,initial,0,0,1.0,1.0,0.7202572566321502,1.432101642074296,0.8600414350151762,-0.05870646988041699,0.1,0.0,0.0,1.0,0.10206279604236056,0.005903314175575329,0.0006887090077459451,2.5867665615399793,1.0609045584157826
LR_a0p3_q0,leaky,0.3,0,0.0,9,early,2,20,2.100970149246306,1.3747035281138156,1.5132389959621837,1.9687151799771234,1.154117371997647,-0.7823974543280431,0.05368421052631579,0.0,0.15,1.7406807387791756,0.6077966948259167,0.09800780650977331,0.09906908377241588,0.008011662567092957,0.003264709175980412
LR_a0p3_q0,leaky,0.3,0,0.0,9,middle,21,100,2.8581400109150796,1.7080343797619373,2.058596083332279,2.446078839976422,1.6369070692756587,-1.2977897417607691,0.0305,0.0,0.05,2.725867594474665,0.5784922970271124,0.07780986813529452,0.10259950466133295,0.0005081251522140201,0.00014714032973074526
LR_a0p3_q0,leaky,0.3,0,0.0,9,late,451,500,3.314684241438475,1.9376259527467334,2.387425378340296,2.7748773086543688,1.8124278545643844,-1.5085043719496636,0.0258,0.0,0.0,3.256586487929275,0.4961239507960832,0.05899279746209043,0.0849489970910606,0.00027471957299294734,7.19823605103122e-05
LR_a0p3_q0,leaky,0.3,0,0.0,9,final,500,500,3.3188861371787817,1.9381179384347549,2.3904518242388635,2.775581882166062,1.8972923308519958,-1.603503348371014,0.05,0.0,0.0,3.1980980614328693,0.5056314403802031,0.05242419912597872,0.07852499833926987,0.0001244980209736469,8.866246539338163e-05
LR_a0p3_qp05,leaky,0.3,0.5,-1.6666666666666665,0,initial,0,0,1.0,1.0,0.7223637571689194,1.4398913264348285,1.8441337060841565,-0.13029632209800185,0.0,0.0,0.0,1.0,0.09690787394070474,0.004942028028522344,0.0005771085019712097,1.9318918050292384,1.1154318938903258
LR_a0p3_qp05,leaky,0.3,0.5,-1.6666666666666665,0,early,2,20,1.7965174709067504,1.26186080553004,1.2977391101038052,1.8169424290507705,0.9534610252642085,-1.0969566016314907,0.09578947368421052,0.0,0.17,1.493744871656094,0.6026081182629995,0.08519174383795608,0.07676146334678621,0.04592205080762192,0.014948434369523641
LR_a0p3_qp05,leaky,0.3,0.5,-1.6666666666666665,0,middle,21,100,3.145165578288095,1.8576220678003552,2.271953624050546,2.6747739032196622,1.0674214284787291,-1.9592581228463823,0.099,0.0,0.11,2.5574689770785257,0.5815749316081923,0.06800429736385073,0.15497698107464858,0.03013682725029961,0.013361808121251317
LR_a0p3_qp05,leaky,0.3,0.5,-1.6666666666666665,0,late,451,500,3.845052550868162,2.2068659321673776,2.7775266071570632,3.1776471143323195,1.2457901118720538,-2.287524585137493,0.1068,0.0,0.29,3.4185976902232045,0.5086803900868122,0.05175765256245672,0.16338188740439333,0.006241851203880032,0.0032390731573311584
LR_a0p3_qp05,leaky,0.3,0.5,-1.6666666666666665,0,final,500,500,3.811856994988541,2.199905610727379,2.7535473406905493,3.167625007861667,1.2818701627341822,-2.3650617788732053,0.09,0.0,0.31,3.4361440097515548,0.5240798538062844,0.04576234022179403,0.13626595577085318,0.006657602137438121,0.0020226626885960024
LR_a0p3_qp05,leaky,0.3,0.5,-1.6666666666666665,1,initial,0,0,1.0,1.0,0.7127536716197848,1.4203201929643945,1.978540377031357,0.06741271622711792,0.04,0.0,0.0,1.0,0.09383858786956806,0.00563692018994344,0.0006805177686933276,10.29393226298641,0.8284118372193947
LR_a0p3_qp05,leaky,0.3,0.5,-1.6666666666666665,1,early,2,20,1.8244084738942499,1.2850319333660756,1.3003538383023747,1.8251568035639132,0.9781598178977101,-1.0531761439424927,0.09157894736842105,0.0,0.2,1.3978816177572322,0.5758968275282205,0.08291238075393867,0.08348118236842289,0.05114149250225891,0.017546307071926753
LR_a0p3_qp05,leaky,0.3,0.5,-1.6666666666666665,1,middle,21,100,3.4150211514363003,2.0109751521251082,2.4340688643454476,2.8562286161129364,1.0936366708812209,-1.9588576051257514,0.114375,0.0,0.17,2.18370950448678,0.5701545758489079,0.0644117543909818,0.18947187307232638,0.04503553411525062,0.008372917986519814
LR_a0p3_qp05,leaky,0.3,0.5,-1.6666666666666665,1,late,451,500,3.8362767307596677,2.243752970821776,2.7343203251984973,3.186847652482018,1.3335441085376898,-2.3286706889558584,0.1244,0.0,0.34,3.6567259367573133,0.5313080294136352,0.057491432319963176,0.18172155364053416,0.00848657068117701,0.004480268690809636
LR_a0p3_qp05,leaky,0.3,0.5,-1.6666666666666665,1,final,500,500,3.84270327629475,2.237592316710585,2.738900869124459,3.178097551046024,1.3531368502225187,-2.2683647829294205,0.1,0.0,0.34,3.4822507842296906,0.5333600535155728,0.054341349082965534,0.18736097978096228,0.0007920578182629443,0.0003184630611345324
LR_a0p3_qp05,leaky,0.3,0.5,-1.6666666666666665,2,initial,0,0,1.0,1.0,0.6951739093373812,1.3876885387931412,1.8853265978703164,0.035657786708325145,0.02,0.0,0.0,1.0,0.09725408151334809,0.0053131266582355265,0.0006428885937091148,1.1835958660947656,1.1180901034039068
LR_a0p3_qp05,leaky,0.3,0.5,-1.6666666666666665,2,early,2,20,1.6140395083993686,1.1929511589657447,1.122038154878974,1.6554446506367586,1.0501935144503818,-0.9327441969314149,0.061052631578947365,0.0,0.23,1.2699768397853433,0.5506754300832741,0.07249776800030573,0.04463205044387825,0.015616587595918224,0.010626150089340983
LR_a0p3_qp05,leaky,0.3,0.5,-1.6666666666666665,2,middle,21,100,3.0695678347531703,1.8288224835189595,2.1338834716616417,2.5378359998664686,1.0146445978561325,-1.873378032072047,0.101125,0.0,0.15,2.276190419270919,0.5735283053748537,0.06296977268010384,0.1374033210606772,0.04845162312774505,0.01901292373120341
LR_a0p3_qp05,leaky,0.3,0.5,-1.6666666666666665,2,late,451,500,3.8255493574793222,2.2011175452992804,2.6594221022020075,3.0544655901483044,1.2611621815614322,-2.2421736216967925,0.0898,0.0,0.3,3.794546205619612,0.5133582406290368,0.05366934450007636,0.13964624493893776,0.0060027278078415205,0.004640868847611687
LR_a0p3_qp05,leaky,0.3,0.5,-1.6666666666666665,2,final,500,500,3.850827712780737,2.1968588836276486,2.676994955278511,3.0485558941559834,1.3102447030644224,-2.4929870603978634,0.07,0.0,0.33,3.8668331962172897,0.5010620030001988,0.04755121558738346,0.13663399335925536,0.013994388302914981,0.00786702863169951
LR_a0p3_qp05,leaky,0.3,0.5,-1.6666666666666665,3,initial,0,0,1.0,1.0,0.7019225972385064,1.3999858554973614,2.091315192280758,0.12632403071969747,0.02,0.0,0.0,1.0,0.09900362643730118,0.006096588089510366,0.0006285996080055353,5.453625766430208,0.9907669196410697
LR_a0p3_qp05,leaky,0.3,0.5,-1.6666666666666665,3,early,2,20,1.8193888513886793,1.2619363426977293,1.2770701479535245,1.766693030314892,1.0094976978142656,-1.0397505660292594,0.0731578947368421,0.0,0.18,1.4648788610148695,0.5684776776743927,0.08068419930255744,0.07148805996644769,0.10648046315602458,0.02475121227501317
LR_a0p3_qp05,leaky,0.3,0.5,-1.6666666666666665,3,middle,21,100,3.2010671364757424,1.874054221618261,2.2469013583698816,2.623649402700683,1.035681823274471,-1.955503094944317,0.105875,0.0,0.14,2.7179005846154682,0.5834330046034807,0.06696308048108822,0.1632214535316301,0.023008943930367055,0.012006320002735469
LR_a0p3_qp05,leaky,0.3,0.5,-1.6666666666666665,3,late,451,500,3.822554332982994,2.20273228377958,2.683137265492729,3.0837940407388116,1.2724255731030056,-2.2940943594459795,0.1292,0.0,0.3,3.626274444112518,0.5285932667520689,0.05440832943579713,0.15781831517150516,0.007442218876497677,0.005253612627683028
LR_a0p3_qp05,leaky,0.3,0.5,-1.6666666666666665,3,final,500,500,3.815405874840768,2.1996224148307673,2.678119601187287,3.079440268198024,1.3625911119502465,-2.451017040191218,0.15,0.0,0.32,3.6959696889481957,0.534547776496817,0.05210592267561453,0.17127745392446844,0.0028777430318449966,0.002845469417700683
LR_a0p3_qp05,leaky,0.3,0.5,-1.6666666666666665,4,initial,0,0,1.0,1.0,0.6889504467660763,1.4005079337377437,1.9808118151236407,0.04573907433077693,0.02,0.0,0.0,1.0,0.0990179919603878,0.006116112939999743,0.0007070056049718576,2.0489435384003856,1.0100673833548681
LR_a0p3_qp05,leaky,0.3,0.5,-1.6666666666666665,4,early,2,20,2.02026426621333,1.3440151830098002,1.3918619687932132,1.8823039268692106,0.9165618998071947,-1.2552224849594917,0.08263157894736842,0.0,0.13,1.6532359493222284,0.5566291696940155,0.07249942175819554,0.0759586682697008,0.06239137625462797,0.0243564177404589
LR_a0p3_qp05,leaky,0.3,0.5,-1.6666666666666665,4,middle,21,100,3.4446852153710448,1.9596939797942026,2.3732174180983794,2.744566966399874,1.0718046727168336,-2.020604378659511,0.12225,0.0,0.17,2.208099779193611,0.5759301894009933,0.06765434518434482,0.1984972799151177,0.040426298853813145,0.015087142870114168
LR_a0p3_qp05,leaky,0.3,0.5,-1.6666666666666665,4,late,451,500,4.046027505933483,2.2867858208702936,2.7875124578407067,3.2026616848878247,1.3072764081970791,-2.3349547241437714,0.1392,0.0,0.43,3.477661315491829,0.5267523472751431,0.05218984611401919,0.17796819361717858,0.009435538192606376,0.0038599873517606385
LR_a0p3_qp05,leaky,0.3,0.5,-1.6666666666666665,4,final,500,500,4.0260674504686005,2.2705879371943434,2.7737609687107003,3.1799764202898952,1.3391074006095955,-2.367508149147034,0.15,0.0,0.44,3.4309492830215027,0.5455095605349167,0.07469455053904366,0.27278093663952774,0.0012990620369083311,0.0005301542803969066
LR_a0p3_qp05,leaky,0.3,0.5,-1.6666666666666665,5,initial,0,0,1.0,1.0,0.7318089860993301,1.4241256246236833,1.9687981855978878,0.09504209799692034,0.02,0.0,0.0,1.0,0.10266809539896946,0.005719961203941236,0.0006881761589980857,3.74378503168612,0.8892584876384882
LR_a0p3_qp05,leaky,0.3,0.5,-1.6666666666666665,5,early,2,20,1.815879437462733,1.2883723402774339,1.3288768900082244,1.834804063845477,1.0473680816386068,-0.9902600598300955,0.06315789473684211,0.0,0.11,1.3356051799036195,0.5648005614201974,0.08284621322971454,0.07246078914209375,0.03751687776147562,0.010063576747077217
LR_a0p3_qp05,leaky,0.3,0.5,-1.6666666666666665,5,middle,21,100,2.8155465524285024,1.7490438485456987,2.060442267848167,2.4908581633043543,0.9308056255133846,-1.8271589183459729,0.0945,0.0,0.06,2.5709520161302266,0.5965428668127961,0.07149315553130065,0.12777844228022184,0.01531278415567346,0.00834492022958372
LR_a0p3_qp05,leaky,0.3,0.5,-1.6666666666666665,5,late,451,500,3.6900463189179495,2.1803233465105225,2.70040905530691,3.105054347730897,1.277155156583465,-2.2454390971985645,0.0994,0.0,0.26,3.827180320883026,0.5194709107720906,0.055405258425712894,0.14575593421836935,0.007461824712901453,0.003781838021301214
LR_a0p3_qp05,leaky,0.3,0.5,-1.6666666666666665,5,final,500,500,3.6809586303829533,2.171822679250921,2.693758603174128,3.092948329660099,1.2731485395931244,-2.3147888585180043,0.11,0.0,0.27,3.8389057081483635,0.49560755817690527,0.04811341567296462,0.11719232293679772,0.00028330287702043157,0.00031281322703763435
LR_a0p3_qp05,leaky,0.3,0.5,-1.6666666666666665,6,initial,0,0,1.0,1.0,0.7122233603226376,1.4206182261212177,2.001769266852845,0.12177180511178448,0.02,0.0,0.0,1.0,0.0950552343916686,0.006272811129037239,0.0007970807977583619,2.4667663751356796,0.9537186708218869
LR_a0p3_qp05,leaky,0.3,0.5,-1.6666666666666665,6,early,2,20,2.156733875519257,1.4165119213623631,1.5360762481439902,2.012322653005358,0.8749543729462095,-1.3279087686666446,0.11,0.0,0.18,1.6657444410683009,0.5777406180226468,0.07590222772923126,0.0992037971035804,0.06318824700198121,0.0250959887534775
LR_a0p3_qp05,leaky,0.3,0.5,-1.6666666666666665,6,middle,21,100,3.0614321925271994,1.8510835600248736,2.180423523561622,2.6296830434446843,1.0129887294965494,-1.9543580022235547,0.0925,0.0,0.19,2.3915196616197063,0.5766262572364073,0.06599029283833238,0.1357315220596469,0.023272069305503212,0.012545757668872875
LR_a0p3_qp05,leaky,0.3,0.5,-1.6666666666666665,6,late,451,500,3.8538168744546275,2.244527012588248,2.744778404392159,3.1886159831042726,1.3056076429690322,-2.3624004357644357,0.1208,0.0,0.29,3.862676395250933,0.5442517707467454,0.05699472484504585,0.1647653891981851,0.006559315577821626,0.003081304884835668
LR_a0p3_qp05,leaky,0.3,0.5,-1.6666666666666665,6,final,500,500,3.877489627467547,2.2490951721146026,2.7616386920911085,3.1951055937872415,1.3753879715394455,-2.3457924412190914,0.13,0.0,0.3,3.776442202159616,0.5278792809834557,0.04635352331328692,0.12578140947537805,0.007768396337264234,0.007337269096497089
LR_a0p3_qp05,leaky,0.3,0.5,-1.6666666666666665,7,initial,0,0,1.0,1.0,0.6784986527169264,1.4020331151523138,1.8354471514406046,-0.10570058714365586,0.02,0.0,0.0,1.0,0.1006962298499074,0.0054594598916458195,0.0006343896237049929,2.8756329338998863,0.7857287283015958
LR_a0p3_qp05,leaky,0.3,0.5,-1.6666666666666665,7,early,2,20,1.8539446933429098,1.2736469630294274,1.2578989766448596,1.7856952191804318,0.93680266782717,-1.1105512751448643,0.08157894736842106,0.0,0.2,1.3703149271659618,0.5464604191198981,0.07727089388687833,0.06953008535650915,0.022629662510504345,0.013476934320640562
LR_a0p3_qp05,leaky,0.3,0.5,-1.6666666666666665,7,middle,21,100,3.280201947005722,1.8877424184896787,2.2256126016828213,2.646677383600247,1.0450694462230172,-1.9961283031172496,0.109375,0.0,0.21,2.5291293523512817,0.5832383714802445,0.06679076964309699,0.1547668234268145,0.03121077884675381,0.018145558605765895
LR_a0p3_qp05,leaky,0.3,0.5,-1.6666666666666665,7,late,451,500,4.047267078921964,2.2625525729220537,2.7460652602341225,3.1721736320097897,1.3039195166626578,-2.343009807949979,0.1232,0.0,0.37,3.7547988945719046,0.555162396114587,0.06036534907602479,0.19748883233820066,0.010937699696480592,0.007338418900700886
LR_a0p3_qp05,leaky,0.3,0.5,-1.6666666666666665,7,final,500,500,4.112796479784746,2.2810162694988074,2.7905268704328674,3.198060346038523,1.3828201363103936,-2.3411843137443067,0.12,0.0,0.38,3.725868175552182,0.5202517503933369,0.0504283422718267,0.17936532086878054,0.010169709256382168,0.0068945228696000805
LR_a0p3_qp05,leaky,0.3,0.5,-1.6666666666666665,8,initial,0,0,1.0,1.0,0.6937528812430814,1.4115880954949276,2.033961720649375,0.13502423078753054,0.0,0.0,0.0,1.0,0.09911488383105639,0.005973647215740121,0.0006598730133470506,3.3360810031180983,1.020963796037119
LR_a0p3_qp05,leaky,0.3,0.5,-1.6666666666666665,8,early,2,20,1.8866470755309717,1.2846832596454407,1.308866844538445,1.8134435957971233,0.9968423263558843,-1.0445122838352836,0.07789473684210527,0.0,0.16,1.6119527073824633,0.5448682510550718,0.07916218286316096,0.08002692142650435,0.02953372938525578,0.015375894686739512
LR_a0p3_qp05,leaky,0.3,0.5,-1.6666666666666665,8,middle,21,100,3.080881721853489,1.8108680600553642,2.1373705713050035,2.556199796086146,1.0135645691905102,-1.8811810038734256,0.11175,0.0,0.14,2.451791204769954,0.5871429096054241,0.0704598234713301,0.15501303992817486,0.024960108412183525,0.014714873399930006
LR_a0p3_qp05,leaky,0.3,0.5,-1.6666666666666665,8,late,451,500,4.023190791636272,2.257415112029751,2.7911002034882975,3.1865402987315457,1.3078689721786325,-2.329307343584881,0.107,0.0,0.26,3.7872774697512304,0.5459717535982636,0.05752982339836121,0.17228356560743105,0.004779309893387953,0.001721072297352804
LR_a0p3_qp05,leaky,0.3,0.5,-1.6666666666666665,8,final,500,500,4.031330291946897,2.2515745746360785,2.7967470052806727,3.1782958656753437,1.2902503029660681,-2.3024922186136245,0.12,0.0,0.28,3.7787179629981273,0.5489732478427641,0.05539107129189632,0.16053871058923683,0.0004346217960591055,0.0002361104717411064
LR_a0p3_qp05,leaky,0.3,0.5,-1.6666666666666665,9,initial,0,0,1.0,1.0,0.7202572566321502,1.432101642074296,1.8225698381093707,-0.05870646988041699,0.03,0.0,0.0,1.0,0.10206279604236056,0.005903314175575329,0.0006887090077459451,1.8911530156999024,1.0609045584157826
LR_a0p3_qp05,leaky,0.3,0.5,-1.6666666666666665,9,early,2,20,2.255162938835231,1.4611999051197277,1.6242974715839609,2.0925867835207677,0.8943718110600669,-1.3861866662889646,0.10421052631578948,0.0,0.15,1.5070326296524796,0.5969230837567393,0.08575039240962448,0.12917623709351442,0.04360551006239754,0.018116529094019673
LR_a0p3_qp05,leaky,0.3,0.5,-1.6666666666666665,9,middle,21,100,3.193785874808369,1.89724401715708,2.300347452459988,2.7170462723862876,1.0478343612205905,-2.0052385260231094,0.117125,0.0,0.17,2.0850568035602604,0.5958371764760655,0.07074849308863043,0.185273483740989,0.03814836359457843,0.007586506190782055
LR_a0p3_qp05,leaky,0.3,0.5,-1.6666666666666665,9,late,451,500,3.763742092738212,2.2145193064777344,2.7108625543865723,3.171416735211994,1.3080717438800529,-2.3344248569577934,0.1148,0.0,0.31,3.441971451716058,0.5493945871804679,0.057013417602931916,0.1667041903456384,0.008607090430802355,0.004289362676879186
LR_a0p3_qp05,leaky,0.3,0.5,-1.6666666666666665,9,final,500,500,3.7940347557466696,2.2281700052835833,2.732681064741126,3.1909659233873127,1.3585913449543265,-2.3584488512668758,0.06,0.0,0.32,3.407150969914826,0.5479950302566969,0.05890377953676301,0.18402021101023944,0.0039231900711005395,0.002955029989911626
LR_a0p7_qm05,leaky,0.7,-0.5,0.5,0,initial,0,0,1.0,1.0,0.7223637571689194,1.4398913264348285,1.1990282498323035,-0.13029632209800185,0.06,0.0,0.0,1.0,0.09690787394070474,0.006897679898054291,0.0008671094439220321,1.4052071151729206,1.155907931171592
LR_a0p7_qm05,leaky,0.7,-0.5,0.5,0,early,2,20,1.3861837916740867,1.0757522064637062,1.001328931880352,1.5489662714802193,0.38792596709546817,0.32811424736466605,0.4994736842105263,0.00631578947368421,0.57,0.8823697533493127,0.21438039837217035,0.03338860495386447,0.03238888711681558,0.5941276755975888,0.30331483657000036
LR_a0p7_qm05,leaky,0.7,-0.5,0.5,0,middle,21,100,1.7582351740142395,1.1493883444609008,1.270085366287475,1.6549943078945382,0.42080608102538297,0.35669631953558567,0.692125,0.429375,0.65,0.16650963069977795,0.2384421527376225,0.0408332248589735,0.08254142201162958,0.5351971086355668,0.2609022430954546
LR_a0p7_qm05,leaky,0.7,-0.5,0.5,0,late,451,500,1.6194955212724202,0.9110906532148227,1.1698648694645832,1.3118715291598655,0.3807650811448282,0.4125678088441491,0.8646,0.8372,0.85,0.020594896242028968,0.21281685784240847,0.03246154846878403,0.0982330054004789,0.4833092751051056,0.30843441228408924
LR_a0p7_qm05,leaky,0.7,-0.5,0.5,0,final,500,500,1.5554859437644082,0.8846874246761073,1.1236266705611004,1.2738537493970925,0.29028706687135625,0.41667696863412856,0.86,0.83,0.85,0.022750759826103018,0.2127746522516533,0.03297698887038696,0.09833737888254905,0.9902093650343358,0.26278566628785
LR_a0p7_qm05,leaky,0.7,-0.5,0.5,1,initial,0,0,1.0,1.0,0.7127536716197848,1.4203201929643945,1.0462898620593126,0.06741271622711792,0.07,0.0,0.0,1.0,0.09383858786956806,0.007029781896937376,0.000877125277191823,7.910354610227591,0.823831953918967
LR_a0p7_qm05,leaky,0.7,-0.5,0.5,1,early,2,20,1.4997839283428556,1.1395048940664558,1.0689765015627144,1.6184618110243405,0.35601616051908025,0.3391160799947561,0.5157894736842106,0.011578947368421053,0.58,0.7624356365891947,0.21174745332427003,0.03351897160525734,0.04019447159949979,0.6838730468587467,0.36285952360468865
LR_a0p7_qm05,leaky,0.7,-0.5,0.5,1,middle,21,100,1.6423667681507532,1.1224681256133433,1.170602944145769,1.5942641447675259,0.3736276632274071,0.39331746469617973,0.7925,0.587625,0.78,0.13976352565311867,0.21617600191055264,0.03351868809735322,0.07470111262769731,0.7933198475995773,0.32491106631204725
LR_a0p7_qm05,leaky,0.7,-0.5,0.5,1,late,451,500,1.5541365885421434,0.8904660368279391,1.1077165596820593,1.264746893255698,0.35909039029503914,0.4110664238640573,0.8524,0.825,0.83,0.023162941021431828,0.21090713600894892,0.03207530045764406,0.07755885163467197,0.5671849903836482,0.2937815263530947
LR_a0p7_qm05,leaky,0.7,-0.5,0.5,1,final,500,500,1.6463422809726065,0.9147529137367884,1.1734365055061164,1.2992420349533773,0.373106340425339,0.42162420727312566,0.85,0.83,0.83,0.01705129040026712,0.25535294589092206,0.047016272260169044,0.1270774391499756,0.13709408431191517,0.07389604309164435
LR_a0p7_qm05,leaky,0.7,-0.5,0.5,2,initial,0,0,1.0,1.0,0.6951739093373812,1.3876885387931412,0.9338958866615746,0.035657786708325145,0.09,0.0,0.0,1.0,0.09725408151334809,0.0071352056528594535,0.0008757596973701357,7.821363834156704,1.164292265102458
LR_a0p7_qm05,leaky,0.7,-0.5,0.5,2,early,2,20,1.5699254906609832,1.1466356931418342,1.091371240711202,1.5911732095440527,0.4087872678140975,0.26605531536067967,0.36210526315789476,0.0,0.37,1.1334386274931378,0.23736654992259293,0.04135965800487538,0.031565559911474354,0.30611303669481343,0.1770704147928401
LR_a0p7_qm05,leaky,0.7,-0.5,0.5,2,middle,21,100,1.788246730205401,1.1765502232478204,1.2431424702966778,1.6326852601155122,0.40958811453110266,0.34949897284283,0.63175,0.248125,0.58,0.6288885677336088,0.2334056287992493,0.03945519711742525,0.07763476452618903,0.44181783355425236,0.24679593702929106
LR_a0p7_qm05,leaky,0.7,-0.5,0.5,2,late,451,500,1.7162590739971972,0.9678926912276787,1.1930985299063854,1.3431335943982985,0.3987255343051235,0.389657159567537,0.8036,0.7626,0.77,0.026943430538249446,0.22675659624904992,0.03696000955035786,0.08266978305568405,0.3145679479656362,0.24631372550992073
LR_a0p7_qm05,leaky,0.7,-0.5,0.5,2,final,500,500,1.6632281817656973,0.9283706698762941,1.1562328372381643,1.2882893383390444,0.4197133680751299,0.3633728517591953,0.81,0.77,0.77,0.017534781584297287,0.2663044818126064,0.050797621346622863,0.10490589130731726,0.16338817985640233,0.1298498770086968
LR_a0p7_qm05,leaky,0.7,-0.5,0.5,3,initial,0,0,1.0,1.0,0.7019225972385064,1.3999858554973614,1.1394811637617517,0.12632403071969747,0.12,0.0,0.0,1.0,0.09900362643730118,0.00772521664257688,0.0008640692791735261,1.3975785035135126,0.9388517145107682
LR_a0p7_qm05,leaky,0.7,-0.5,0.5,3,early,2,20,1.405871517112084,1.0848334718721644,0.9868129866749531,1.518751516191125,0.38476696016734746,0.31241891002787986,0.47157894736842104,0.008947368421052631,0.51,0.9814983495932169,0.2045667799114056,0.030619555849167965,0.030938929842548202,0.5807058513846485,0.33845135629180606
LR_a0p7_qm05,leaky,0.7,-0.5,0.5,3,middle,21,100,1.6404628491225859,1.1030731060905925,1.1514779437294054,1.5442867461063698,0.3648962710634164,0.38409251420055807,0.729125,0.476875,0.69,0.1888607682524187,0.21961240293763945,0.03513512972207141,0.0640147575172898,0.5321574906280957,0.29095445638380685
LR_a0p7_qm05,leaky,0.7,-0.5,0.5,3,late,451,500,1.6796982997087424,0.9343388346159018,1.1790181931086634,1.308061152704151,0.35601710080871657,0.4125929659341811,0.8448,0.8194,0.82,0.02449880998270425,0.21901519297261227,0.03459604425511672,0.08328657044636723,0.46167464236165634,0.28220149257535626
LR_a0p7_qm05,leaky,0.7,-0.5,0.5,3,final,500,500,1.5121301399375078,0.8566009022861226,1.0613983151875614,1.199229147006849,0.23323948575362471,0.43762017782777546,0.86,0.82,0.82,0.015585844487692662,0.11416625665368399,0.010291907918549763,0.017409657517597744,0.6588960125014174,0.6435135882380263
LR_a0p7_qm05,leaky,0.7,-0.5,0.5,4,initial,0,0,1.0,1.0,0.6889504467660763,1.4005079337377437,1.0943651190175372,0.04573907433077693,0.06,0.0,0.0,1.0,0.0990179919603878,0.0077374095518097106,0.0009198938002932364,2.31251131629475,0.979866980339917
LR_a0p7_qm05,leaky,0.7,-0.5,0.5,4,early,2,20,1.5850122131367164,1.139362288212526,1.0919948723702282,1.5956859240432326,0.3463284823919854,0.3506896088682984,0.5678947368421052,0.017894736842105262,0.58,0.6917348348768574,0.20989737243056508,0.03263220748731707,0.04155000820548717,0.6918216750619631,0.289616610634368
LR_a0p7_qm05,leaky,0.7,-0.5,0.5,4,middle,21,100,1.794696598783665,1.149304852401065,1.2364570235415637,1.609610564070978,0.38936350628527217,0.3836014558883635,0.76625,0.54975,0.7,0.13741304245504535,0.22713279856016702,0.03730675372561444,0.09745529604816491,0.7764180368773197,0.32486397645096055
LR_a0p7_qm05,leaky,0.7,-0.5,0.5,4,late,451,500,1.7148219739774142,0.953006343169654,1.1814273650960245,1.3346929445114952,0.35120625499091396,0.4205182538124267,0.871,0.851,0.86,0.02704128273480795,0.2201031857714226,0.034601353094062946,0.12872459877399486,0.586504661459973,0.2982881767485965
LR_a0p7_qm05,leaky,0.7,-0.5,0.5,4,final,500,500,1.6307445281176898,0.9185489296343384,1.1235021712080167,1.2864350634792032,0.2846155750431224,0.45033975630998613,0.89,0.85,0.86,0.015984696610608928,0.19348145106949316,0.026028828716632306,0.11855886897731707,0.8736752121610452,0.3524873840640907
LR_a0p7_qm05,leaky,0.7,-0.5,0.5,5,initial,0,0,1.0,1.0,0.7318089860993301,1.4241256246236833,0.9677496714108301,0.09504209799692034,0.06,0.0,0.0,1.0,0.10266809539896946,0.007838983889176688,0.0010040862090582242,1.1437663310005632,0.8465801793216075
LR_a0p7_qm05,leaky,0.7,-0.5,0.5,5,early,2,20,1.3928370597634605,1.0957886899841351,1.0192906765070702,1.560540752579224,0.36655731070832615,0.32034694426680765,0.42526315789473684,0.0005263157894736842,0.55,0.9144337010147796,0.20940870271274975,0.032584793381731175,0.030412139282141436,0.5318794000497101,0.3628173520920807
LR_a0p7_qm05,leaky,0.7,-0.5,0.5,5,middle,21,100,1.6934514436552974,1.1483755125217745,1.23928298398983,1.6354309940726144,0.38960228002098174,0.3587442155474937,0.656625,0.288125,0.66,0.29121284673702524,0.2304941627677767,0.03883265480956618,0.06865458464647019,0.35325982886100415,0.2121176351858894
LR_a0p7_qm05,leaky,0.7,-0.5,0.5,5,late,451,500,1.7107458341676016,0.9794070838069101,1.2519391743758452,1.394798724987376,0.3739492117691765,0.40317566261703613,0.8386,0.8122,0.82,0.019264603046675766,0.229196238096256,0.037842518343085704,0.1131175378358971,0.3816051897822926,0.24350034822898647
LR_a0p7_qm05,leaky,0.7,-0.5,0.5,5,final,500,500,1.724361493588092,0.9784500709540421,1.2619032362914282,1.3934358184605127,0.31085751507763654,0.405180006287992,0.86,0.81,0.83,0.01796340493502798,0.21130818575711105,0.033276961057303905,0.10270837090916732,0.22888368622900562,0.2427400383433773
LR_a0p7_qm05,leaky,0.7,-0.5,0.5,6,initial,0,0,1.0,1.0,0.7122233603226376,1.4206182261212177,0.9755124795653481,0.12177180511178448,0.03,0.0,0.0,1.0,0.0950552343916686,0.0074871788021000155,0.0009865962953241496,2.0535616811494695,0.9411764184367195
LR_a0p7_qm05,leaky,0.7,-0.5,0.5,6,early,2,20,1.5218651028381127,1.1266772879799416,1.0839078775011168,1.6005782902611287,0.3609236675723225,0.3428932508809713,0.5826315789473684,0.016842105263157894,0.63,0.6681205897474987,0.21618795325821533,0.033858123193117914,0.06305809224721706,0.6981162233403037,0.3241745277376698
LR_a0p7_qm05,leaky,0.7,-0.5,0.5,6,middle,21,100,1.8030455291174714,1.1692910031352686,1.2841711455627534,1.6611161106935244,0.38609235575947215,0.3631279797889838,0.69475,0.380375,0.67,0.1749243654502721,0.23793466341186875,0.041326602069001996,0.08589483046528994,0.383566326193887,0.2128811201013896
LR_a0p7_qm05,leaky,0.7,-0.5,0.5,6,late,451,500,1.719244080110164,0.9653235024743628,1.2244857959508628,1.3713561617182501,0.3692453774537846,0.40243899334928135,0.8164,0.7892,0.79,0.02572970488290448,0.23015150463746165,0.03855357156176198,0.0949816750646531,0.4548443615607278,0.23450622221394316
LR_a0p7_qm05,leaky,0.7,-0.5,0.5,6,final,500,500,1.896147895683303,1.0471201398343841,1.35048082593226,1.487557955587324,0.31164508567305627,0.4165010739304125,0.87,0.79,0.79,0.028269088647324792,0.2158860902479528,0.03569547776340896,0.1011421924591047,0.33646843418278305,0.4063013420594438
LR_a0p7_qm05,leaky,0.7,-0.5,0.5,7,initial,0,0,1.0,1.0,0.6784986527169264,1.4020331151523138,1.139791360546377,-0.10570058714365586,0.03,0.0,0.0,1.0,0.1006962298499074,0.007516721788058816,0.0008985494017779224,2.238184784581048,0.7370077074182717
LR_a0p7_qm05,leaky,0.7,-0.5,0.5,7,early,2,20,1.5349817466674867,1.1236443133549756,1.0414830470589642,1.5753865369762592,0.3820177085916698,0.3023036076491821,0.41736842105263156,0.0,0.45,1.0389352997362606,0.206701322427773,0.03165465439682484,0.026851567917061347,0.4800436142482678,0.2496115719812185
LR_a0p7_qm05,leaky,0.7,-0.5,0.5,7,middle,21,100,1.7828000047822763,1.1506035177437997,1.2096274013085044,1.61318423428755,0.3979415926548698,0.3713834069170298,0.670875,0.363125,0.64,0.324852103834185,0.22485622137474234,0.03705026896361255,0.06384225917402139,0.5071672563147992,0.2786031202637444
LR_a0p7_qm05,leaky,0.7,-0.5,0.5,7,late,451,500,1.7156922868318139,0.9263436312462479,1.1640949050922083,1.2987644470176831,0.3465897515964474,0.41900709944376724,0.8648,0.84,0.84,0.020271809634801803,0.22069837163919134,0.03482407158803898,0.10461603723647814,0.6535527694865405,0.3172237568540184
LR_a0p7_qm05,leaky,0.7,-0.5,0.5,7,final,500,500,1.6600721971020203,0.8961025694797078,1.1263567491465487,1.2563654769836274,0.2784376165977167,0.4382853834331036,0.85,0.84,0.84,0.019388295358456424,0.20086954284816919,0.028730729212573882,0.08011757021559568,0.6808476470821374,0.36903519087908176
LR_a0p7_qm05,leaky,0.7,-0.5,0.5,8,initial,0,0,1.0,1.0,0.6937528812430814,1.4115880954949276,1.011986908615862,0.13502423078753054,0.09,0.0,0.0,1.0,0.09911488383105639,0.007666004570071407,0.0008847866160070652,3.481567961818661,1.0907422634861912
LR_a0p7_qm05,leaky,0.7,-0.5,0.5,8,early,2,20,1.3565014772110744,1.0674585481203946,0.941076808225679,1.5068117789610485,0.3716433167379814,0.34565906727196355,0.5010526315789474,0.0,0.6,0.7497579555686659,0.20648653631593633,0.031278735926114826,0.03220404533329142,0.4850669930279867,0.3515716501584677
LR_a0p7_qm05,leaky,0.7,-0.5,0.5,8,middle,21,100,1.681933549385922,1.116773509898499,1.166846245945886,1.5764241919368078,0.3713767715781634,0.3734925219979777,0.7035,0.396375,0.68,0.1921466583580961,0.21878218326050142,0.034994062601740955,0.05647620977396868,0.5362964667427399,0.3388772828162955
LR_a0p7_qm05,leaky,0.7,-0.5,0.5,8,late,451,500,1.7106633386997074,0.9397072988085393,1.1867776200598312,1.326479636247829,0.36225726732148245,0.4125670982962998,0.8474,0.8282,0.83,0.02505834278278153,0.22279881627216377,0.03566478654483444,0.09458178955811512,0.48374182874895977,0.25718145617624244
LR_a0p7_qm05,leaky,0.7,-0.5,0.5,8,final,500,500,1.778575402370502,0.9692765292951129,1.2338918099026086,1.3682192099956219,0.3526653655805786,0.423919952926226,0.84,0.83,0.83,0.014529092938373522,0.22690927778750936,0.03692472673526254,0.11075822003588705,0.48090048787789164,0.18336547211480286
LR_a0p7_qm05,leaky,0.7,-0.5,0.5,9,initial,0,0,1.0,1.0,0.7202572566321502,1.432101642074296,1.023903188696754,-0.05870646988041699,0.09,0.0,0.0,1.0,0.10206279604236056,0.007887270290040896,0.0009841151056473236,6.268852189646273,1.1077692188364567
LR_a0p7_qm05,leaky,0.7,-0.5,0.5,9,early,2,20,1.418185892244531,1.096616369084758,1.021458680142464,1.570466102891834,0.3526814544648283,0.3870299025762238,0.6784210526315789,0.04842105263157895,0.78,0.4856670450538663,0.21296561487702373,0.032757578350240936,0.07775211970193112,0.8674296912139297,0.3740353080678726
LR_a0p7_qm05,leaky,0.7,-0.5,0.5,9,middle,21,100,1.6510675715198189,1.1148798471460644,1.1891933995771713,1.5966212598134188,0.36827775536390284,0.4012186637889863,0.8205,0.60175,0.8,0.10780490066345702,0.22021437418880674,0.034967636981048586,0.08914641236821927,0.669709516459027,0.22952022043742265
LR_a0p7_qm05,leaky,0.7,-0.5,0.5,9,late,451,500,1.653556449175428,0.9526064823939151,1.1909860317694934,1.3642293076869447,0.3833886667400777,0.4052627712197136,0.8588,0.838,0.84,0.02404254029469957,0.22988640261864662,0.0376965518670689,0.10439704231380136,0.4549569466208391,0.23629409134485083
LR_a0p7_qm05,leaky,0.7,-0.5,0.5,9,final,500,500,1.6635905019734678,0.9413245093043646,1.1982131311107116,1.3480723754995614,0.34274900139993036,0.41017508225049826,0.87,0.84,0.84,0.014604041456714683,0.25674668556643926,0.04714057861409257,0.13689961869869063,0.5378490737607661,0.15671674881561756
LR_a0p7_q0,leaky,0.7,0,0.0,0,initial,0,0,1.0,1.0,0.7223637571689194,1.4398913264348285,1.0282861575446376,-0.13029632209800185,0.06,0.0,0.0,1.0,0.09690787394070474,0.006897679898054291,0.0008671094439220321,0.7127733167067912,1.155907931171592
LR_a0p7_q0,leaky,0.7,0,0.0,0,early,2,20,1.4763941642446967,1.1063581858140077,1.0664936355460657,1.5930355556837619,0.3654566602491654,-0.1530896503856332,0.21421052631578946,0.0,0.31,1.172184358619011,0.2463433695335858,0.04142643658380606,0.03214510875901254,0.5182607826384877,0.2603740299241661
LR_a0p7_q0,leaky,0.7,0,0.0,0,middle,21,100,1.8737002158030147,1.2021060165941506,1.353493127695681,1.7309020267490396,0.4191645371513562,-0.17643441404522367,0.284375,0.026125,0.33,1.4972034901754117,0.26172288322088305,0.04663742229119196,0.05901506920580157,0.49960710731920044,0.22982310939614492
LR_a0p7_q0,leaky,0.7,0,0.0,0,late,451,500,1.8687000880529945,1.0410778606272002,1.3498812166278515,1.499038981660433,0.4219248308994107,-0.16566216902367947,0.5084,0.3086,0.5,0.9742204888029423,0.25456724181247004,0.043930474146156646,0.06870913724088124,0.4148314829129497,0.24314885501316788
LR_a0p7_q0,leaky,0.7,0,0.0,0,final,500,500,1.796924138589246,1.0102173611879173,1.2980328720988519,1.4546032161883622,0.26347978463191424,-0.12050453469699278,0.53,0.31,0.51,0.992861395582125,0.2368100255697095,0.03838200944701543,0.06415186096580618,0.8476167772462102,0.23643510440297338
LR_a0p7_q0,leaky,0.7,0,0.0,1,initial,0,0,1.0,1.0,0.7127536716197848,1.4203201929643945,0.9550576902340578,0.06741271622711792,0.07,0.0,0.0,1.0,0.09383858786956806,0.007029781896937376,0.0008771252771918231,9.39064184256757,0.8238319539189672
LR_a0p7_q0,leaky,0.7,0,0.0,1,early,2,20,1.577934736900065,1.1656786932022092,1.1246787773019202,1.655636986463445,0.31137787183506777,-0.1244111223939552,0.32526315789473687,0.0,0.33,1.1708479405259034,0.2414956474239368,0.0405262270585532,0.029977811768155598,0.5890871243542385,0.3097083749427355
LR_a0p7_q0,leaky,0.7,0,0.0,1,middle,21,100,1.8399646546329647,1.1956648229955036,1.3114415632402747,1.6982268921177122,0.38007981133142554,-0.1663049891103397,0.333875,0.034,0.37,1.4053500514690067,0.25044770094051344,0.04291174269900112,0.05123180011397571,0.7384115333293614,0.27589426419977964
LR_a0p7_q0,leaky,0.7,0,0.0,1,late,451,500,1.7755432987597477,1.0065251502961297,1.2655250053109144,1.429587995692115,0.3801629217771246,-0.14212239923992656,0.541,0.354,0.52,0.8541746048796346,0.24575395437387354,0.04122503979530905,0.06259293094630039,0.5124162375667769,0.23854532367716363
LR_a0p7_q0,leaky,0.7,0,0.0,1,final,500,500,1.8493696356440512,1.0271620838355604,1.318144997987441,1.4588990491190323,0.35756892284653546,-0.16535786689375528,0.51,0.35,0.5,1.0237684073942865,0.2776281492352649,0.054672786850985,0.10662122910644337,0.12427754162831835,0.06818728046354314
LR_a0p7_q0,leaky,0.7,0,0.0,2,initial,0,0,1.0,1.0,0.6951739093373812,1.3876885387931412,0.8110606104550595,0.035657786708325145,0.14,0.0,0.0,1.0,0.09725408151334809,0.0071352056528594535,0.0008757596973701361,3.765387682485809,1.1642922651024585
LR_a0p7_q0,leaky,0.7,0,0.0,2,early,2,20,1.5826416385582922,1.149651853498772,1.1002111749566865,1.5953587007025374,0.3429834289135402,-0.13815564946688125,0.27578947368421053,0.0,0.27,1.2379392855993236,0.25593083604977235,0.0456443619305981,0.02944190846820056,0.2680181675602819,0.15585318198480555
LR_a0p7_q0,leaky,0.7,0,0.0,2,middle,21,100,1.920536085822296,1.2262660547159994,1.3351065788045977,1.7016753496404755,0.4227857880049769,-0.17843424846239214,0.25475,0.015875,0.32,1.674313642070199,0.2591332849933108,0.04597366926716536,0.05443956761793372,0.3955591316763726,0.2108601960799449
LR_a0p7_q0,leaky,0.7,0,0.0,2,late,451,500,1.9178294113821925,1.0699978714608247,1.3332249693527674,1.484823782759243,0.4410978959684156,-0.18036778363307415,0.39,0.2496,0.38,1.4875199347919712,0.2600126573062946,0.04575800637142321,0.05500706221671645,0.26492839686115266,0.1938791544863408
LR_a0p7_q0,leaky,0.7,0,0.0,2,final,500,500,1.9077358727238758,1.052583903452151,1.3262082046246173,1.460658618938696,0.4232104493486904,-0.1964113478048239,0.36,0.27,0.4,1.5590020381510517,0.2805600608315901,0.052788942792525086,0.05185784128124451,0.1522490279991909,0.10163815240831417
LR_a0p7_q0,leaky,0.7,0,0.0,3,initial,0,0,1.0,1.0,0.7019225972385064,1.3999858554973614,1.083854858035675,0.12632403071969747,0.05,0.0,0.0,1.0,0.09900362643730118,0.00772521664257688,0.0008640692791735261,3.0310095040205773,0.9388517145107684
LR_a0p7_q0,leaky,0.7,0,0.0,3,early,2,20,1.4668142619377977,1.1007050299331778,1.0295900764058616,1.5409714729812485,0.33587015944407,-0.13565053374227748,0.2594736842105263,0.0,0.32,1.1524941635775319,0.2291640029175798,0.036430689200821875,0.02608125862051856,0.530807643103,0.30244519558976607
LR_a0p7_q0,leaky,0.7,0,0.0,3,middle,21,100,1.8340758634030947,1.1710086995568196,1.2873792935723563,1.639395616043907,0.39520199554569296,-0.16484623679025937,0.350125,0.031625,0.42,1.3999374677583898,0.25397522555104346,0.0441978534063518,0.05566206082734514,0.4471216022623059,0.23266659663936076
LR_a0p7_q0,leaky,0.7,0,0.0,3,late,451,500,1.8882959928054257,1.0330470280109905,1.3254376276250481,1.4462512272789734,0.3890953005353984,-0.15988282511149518,0.4608,0.3374,0.39,1.4865434877821748,0.25252493501325607,0.04376499592655045,0.05708858351596311,0.39149881867043307,0.22506312303958398
LR_a0p7_q0,leaky,0.7,0,0.0,3,final,500,500,1.7868748304478268,0.9876586962393586,1.2542478219280542,1.382708204794067,0.39832177184417755,-0.15660889912454878,0.43,0.34,0.41,1.3387943504252613,0.19877185447454984,0.02681640646629998,0.027777619107220163,0.4681910476743598,0.4866916800483414
LR_a0p7_q0,leaky,0.7,0,0.0,4,initial,0,0,1.0,1.0,0.6889504467660763,1.4005079337377437,0.9966815379312718,0.04573907433077693,0.04,0.0,0.0,1.0,0.0990179919603878,0.0077374095518097106,0.0009198938002932363,2.026034892764307,0.9798669803399169
LR_a0p7_q0,leaky,0.7,0,0.0,4,early,2,20,1.6756814289990887,1.165323540107829,1.1544614691465396,1.6320448632923683,0.32397044368641814,-0.1341635839911415,0.34789473684210526,0.0,0.16,1.4700545731450672,0.23739011696982043,0.03939318004075334,0.024950468936981805,0.6075682329687723,0.24830691584780398
LR_a0p7_q0,leaky,0.7,0,0.0,4,middle,21,100,1.9415837791590853,1.202430465064577,1.337655012085419,1.6840134060909049,0.3849936225607452,-0.15610774620611528,0.343625,0.0355,0.3,1.5586589220620364,0.25529634900553017,0.04496252023351974,0.055707266605212406,0.7068192151516519,0.28620164567668
LR_a0p7_q0,leaky,0.7,0,0.0,4,late,451,500,1.9985922111275753,1.0844777037518056,1.3769309967595433,1.5188196280660942,0.4005550177295125,-0.151753751009871,0.5322,0.3958,0.48,1.1726738242438357,0.2615853000659052,0.046944133243123166,0.09346722774099796,0.5327871680766217,0.22902264894145222
LR_a0p7_q0,leaky,0.7,0,0.0,4,final,500,500,1.9038349874421103,1.0371924577244704,1.3116479651671293,1.45259626585607,0.37162277758572926,-0.16808121767404371,0.52,0.41,0.48,1.08304449059988,0.24373886567791084,0.038522175937730004,0.1020710306266533,0.8698303322196377,0.2860048393325004
LR_a0p7_q0,leaky,0.7,0,0.0,5,initial,0,0,1.0,1.0,0.7318089860993301,1.4241256246236833,0.8840709951766825,0.09504209799692034,0.06,0.0,0.0,1.0,0.10266809539896946,0.007838983889176688,0.0010040862090582245,2.1168948434794403,0.8465801793216075
LR_a0p7_q0,leaky,0.7,0,0.0,5,early,2,20,1.4797713746142396,1.1259976448835656,1.0829099893152585,1.6035620993446043,0.34142677062293264,-0.12586664503807504,0.2836842105263158,0.0,0.2,1.2441401925503006,0.2386980064269779,0.0396384834849857,0.027376917896322468,0.47286503423357046,0.3067471922967951
LR_a0p7_q0,leaky,0.7,0,0.0,5,middle,21,100,1.842071722180029,1.2121319498227427,1.3480446393308139,1.7262281701676365,0.40346458355703907,-0.18022328578960195,0.274875,0.006125,0.2,1.5647264381316885,0.26002230756796296,0.046542910664750935,0.053079673556571,0.30085174637853784,0.17409271335186097
LR_a0p7_q0,leaky,0.7,0,0.0,5,late,451,500,1.9049582381703245,1.0830202896199173,1.3940655568369913,1.5423569464350873,0.4044944262519167,-0.1614622787503082,0.4556,0.2632,0.42,1.3468571359646302,0.26211832600422574,0.04728062851775841,0.06948217877126431,0.33069107811600285,0.19074138460815726
LR_a0p7_q0,leaky,0.7,0,0.0,5,final,500,500,1.9162859255354872,1.0840766555361039,1.402355260242541,1.5438613442053075,0.4271282986819419,-0.19129812901373952,0.42,0.27,0.45,1.2332668267285678,0.2646837566316584,0.04955017245801135,0.08283353423835285,0.1545905716410199,0.14370170905329385
LR_a0p7_q0,leaky,0.7,0,0.0,6,initial,0,0,1.0,1.0,0.7122233603226376,1.4206182261212177,0.9074119256983116,0.12177180511178448,0.12,0.0,0.0,1.0,0.0950552343916686,0.0074871788021000155,0.0009865962953241496,2.103893417385337,0.9411764184367196
LR_a0p7_q0,leaky,0.7,0,0.0,6,early,2,20,1.6366663828101704,1.164987096784843,1.1656720308921558,1.655001902888591,0.336513368875199,-0.15461219073472182,0.3257894736842105,0.0,0.3,1.3497150893404366,0.24302739054048028,0.040768908968952675,0.035250028924771554,0.6149517891364701,0.27759190003241946
LR_a0p7_q0,leaky,0.7,0,0.0,6,middle,21,100,1.9415990342621627,1.2286540476859211,1.3828521885813851,1.7454483337402271,0.3961191161540455,-0.1787974130857856,0.279625,0.007,0.25,1.5726813949992526,0.26393602849378806,0.04802569281332,0.056404933710695694,0.339660504681463,0.18167476760369955
LR_a0p7_q0,leaky,0.7,0,0.0,6,late,451,500,1.9081677791453426,1.0555565730833518,1.3590416677222803,1.4995429064242625,0.39670589848084686,-0.1764961307927151,0.4078,0.1972,0.37,1.4440624772058506,0.25934508825514646,0.04575753428492036,0.05797997454646524,0.3901003770497414,0.18976303132174263
LR_a0p7_q0,leaky,0.7,0,0.0,6,final,500,500,2.0561543389811296,1.1270376990618318,1.4644411526511116,1.6010902968129583,0.3064806460368642,-0.14120166719018015,0.37,0.21,0.43,1.4923046119711634,0.24427516322817228,0.042116897321078664,0.05455226309771752,0.27123696488987514,0.3038692001188772
LR_a0p7_q0,leaky,0.7,0,0.0,7,initial,0,0,1.0,1.0,0.6784986527169264,1.4020331151523138,0.9713000352272748,-0.10570058714365586,0.07,0.0,0.0,1.0,0.1006962298499074,0.007516721788058816,0.0008985494017779225,2.331874647386902,0.7370077074182717
LR_a0p7_q0,leaky,0.7,0,0.0,7,early,2,20,1.5749635665913315,1.1311724616585372,1.0686106580104637,1.5859412501936303,0.34357608119734595,-0.15065178262638113,0.2863157894736842,0.0,0.23,1.2192792944675412,0.22980602542029221,0.036692260733741926,0.02343508325716132,0.4054480383367341,0.2166273388982336
LR_a0p7_q0,leaky,0.7,0,0.0,7,middle,21,100,1.9291494564483374,1.201093648587971,1.3089253070897877,1.6839730697194517,0.41122181850668293,-0.1792554072094173,0.2765,0.005875,0.25,1.4813148502294915,0.25323939257527645,0.043550302413013886,0.04875702916220618,0.4541572754342216,0.23481378819569526
LR_a0p7_q0,leaky,0.7,0,0.0,7,late,451,500,1.9849899506173077,1.0613317319925242,1.3468130071504816,1.4880222344154792,0.386027376730324,-0.1520962847809547,0.4504,0.3202,0.44,1.3668988704584817,0.2605044847518346,0.046197314626995785,0.06444646992739418,0.574424647939902,0.2506721002229811
LR_a0p7_q0,leaky,0.7,0,0.0,7,final,500,500,1.9686361118308007,1.0461773407698316,1.3357169495670866,1.4667752760812907,0.34338516039290695,-0.15559603132729535,0.5,0.34,0.48,1.1727734124603804,0.2672346456156781,0.04765250035649803,0.054381878330716865,0.45643527320280797,0.2155128107750938
LR_a0p7_q0,leaky,0.7,0,0.0,8,initial,0,0,1.0,1.0,0.6937528812430814,1.4115880954949276,0.9534892416789081,0.13502423078753054,0.1,0.0,0.0,1.0,0.09911488383105639,0.007666004570071407,0.0008847866160070652,3.2667613257192056,1.0907422634861912
LR_a0p7_q0,leaky,0.7,0,0.0,8,early,2,20,1.442985359601111,1.0917630744385078,1.0010752508148546,1.54111975897834,0.34181636882213207,-0.1290539487839047,0.2694736842105263,0.0,0.36,1.1641363241262301,0.23246298917315478,0.037654442088829954,0.023942568946461067,0.42602722334665033,0.3062347511717679
LR_a0p7_q0,leaky,0.7,0,0.0,8,middle,21,100,1.8813247731498424,1.1910567627947368,1.3051744819266897,1.6812815474197764,0.3910489828212574,-0.16816122354333038,0.31,0.013625,0.34,1.406676937505134,0.25311413496554014,0.04382088325235854,0.04842775668204794,0.4747472388178647,0.27796362471990205
LR_a0p7_q0,leaky,0.7,0,0.0,8,late,451,500,1.9219886180312775,1.046259273065218,1.333385141475607,1.4768871346600387,0.39334725083654987,-0.1622682541785646,0.5042,0.3292,0.48,1.215741263632659,0.2543874491251748,0.04403719108632679,0.059000347453343295,0.4283336075089403,0.21455625138473394
LR_a0p7_q0,leaky,0.7,0,0.0,8,final,500,500,2.005217492547077,1.081215395405535,1.3911254129735617,1.5262307808202944,0.34526392567399655,-0.17616445656225552,0.49,0.32,0.47,1.1866856365458323,0.2534879416174909,0.04352438478095583,0.05856439855508104,0.41933570937771447,0.12727676836364926
LR_a0p7_q0,leaky,0.7,0,0.0,9,initial,0,0,1.0,1.0,0.7202572566321502,1.432101642074296,0.8600414350151762,-0.05870646988041699,0.1,0.0,0.0,1.0,0.10206279604236056,0.007887270290040896,0.0009841151056473234,3.8897772177545313,1.1077692188364567
LR_a0p7_q0,leaky,0.7,0,0.0,9,early,2,20,1.5293213924738784,1.1309550418914154,1.1015048306520956,1.6196425726049002,0.3260151164128902,-0.13945044735809603,0.24368421052631578,0.0,0.41,1.1288467384064225,0.23891798948584947,0.0394528704102381,0.04384581350124157,0.809613035406839,0.3321403760299112
LR_a0p7_q0,leaky,0.7,0,0.0,9,middle,21,100,1.855319054687524,1.1994088797690834,1.3363070125065903,1.7176754262357963,0.37872861237810873,-0.16092790029412232,0.31575,0.034875,0.31,1.5009602884333813,0.2554417424464962,0.044750183355823044,0.056413619480236946,0.577364469792701,0.18795764931961817
LR_a0p7_q0,leaky,0.7,0,0.0,9,late,451,500,1.8882725148357948,1.0648855176880785,1.3600419813095208,1.525024298502234,0.39424640926573923,-0.1521288307207521,0.4844,0.3264,0.44,1.1435961933396557,0.26365911476480336,0.04731227907479262,0.07314606520719477,0.4042162235689913,0.1905822803579456
LR_a0p7_q0,leaky,0.7,0,0.0,9,final,500,500,1.865645008583377,1.0412713455366436,1.3437443557317272,1.491206403787939,0.3664340891077822,-0.12933963737741577,0.54,0.32,0.44,1.3054195292231843,0.28366294532737185,0.054541442792025316,0.08102965800918936,0.43128854888653345,0.11730039141943122
LR_a0p7_qp05,leaky,0.7,0.5,-0.7142857142857142,0,initial,0,0,1.0,1.0,0.7223637571689194,1.4398913264348285,1.1753462895816802,-0.13029632209800185,0.05,0.0,0.0,1.0,0.09690787394070474,0.006897679898054291,0.0008671094439220321,1.1320169362150576,1.155907931171592
LR_a0p7_qp05,leaky,0.7,0.5,-0.7142857142857142,0,early,2,20,1.4721421111534991,1.1167110221667476,1.0634221064994267,1.6079425149520712,0.3222216207945149,-0.6357675754941182,0.4405263157894737,0.0,0.53,0.9549900275438237,0.22452828191951968,0.032776973721338254,0.039966196097419096,0.5826402833695635,0.3094175086583834
LR_a0p7_qp05,leaky,0.7,0.5,-0.7142857142857142,0,middle,21,100,1.8949533811863841,1.2267695706231665,1.368845644093744,1.7664148642744761,0.36055923125337036,-0.7151562407664241,0.547375,0.098125,0.67,0.352617633657985,0.25499934887120357,0.042485838669309335,0.09367887814651943,0.5304350095469254,0.26109715622548324
LR_a0p7_qp05,leaky,0.7,0.5,-0.7142857142857142,0,late,451,500,1.7876133046910834,0.9932473232806829,1.2913070631417993,1.4301682057964653,0.31714883969256563,-0.7233101829374209,0.8232,0.7744,0.8,0.02784247850726987,0.23590210025678537,0.0369039029025252,0.1016010342046885,0.44885261360022843,0.28240237525850315
LR_a0p7_qp05,leaky,0.7,0.5,-0.7142857142857142,0,final,500,500,1.7293016665579068,0.961884626743743,1.2491848491332436,1.3850093310793181,0.24160967955599982,-0.7088477590912953,0.84,0.79,0.8,0.02923333156176402,0.22566181409278208,0.03448913684580321,0.08689916746045294,0.9372808228876444,0.2570383974782231
LR_a0p7_qp05,leaky,0.7,0.5,-0.7142857142857142,1,initial,0,0,1.0,1.0,0.7127536716197848,1.4203201929643945,1.2323324038717478,0.06741271622711792,0.05,0.0,0.0,1.0,0.09383858786956806,0.007029781896937376,0.000877125277191823,11.023710559707123,0.823831953918967
LR_a0p7_qp05,leaky,0.7,0.5,-0.7142857142857142,1,early,2,20,1.5949633685796778,1.184209463569021,1.1368159970542253,1.681956613806614,0.31114145767455553,-0.6467280274643072,0.4531578947368421,0.0,0.62,0.8907962654110844,0.22720018986803917,0.033638650117020934,0.05279083379689956,0.6538278093683403,0.35085966003209784
LR_a0p7_qp05,leaky,0.7,0.5,-0.7142857142857142,1,middle,21,100,1.7654154647042062,1.1866139693547613,1.2583063544022715,1.6853717819282004,0.3136649077228107,-0.7172352484324747,0.651125,0.212875,0.72,0.23617059959590886,0.23245443258379359,0.03535590325085368,0.08261748239362272,0.7957610274831352,0.32438502989153345
LR_a0p7_qp05,leaky,0.7,0.5,-0.7142857142857142,1,late,451,500,1.7016187217872476,0.9680222092771167,1.2128349916508259,1.3749014910742938,0.29726320282454705,-0.7427684114577714,0.8368,0.7848,0.81,0.03374192383875515,0.22973558882496545,0.03432946181485635,0.09090443071386735,0.5413340764227393,0.2775969465190858
LR_a0p7_qp05,leaky,0.7,0.5,-0.7142857142857142,1,final,500,500,1.7781227975067437,0.9904471178970192,1.2673635525137745,1.4067520416125228,0.2735237724423262,-0.7180879856646061,0.87,0.8,0.82,0.02627728541604455,0.2544691702716761,0.04357314627448419,0.1166216831178665,0.15372028930352966,0.0844325943063665
LR_a0p7_qp05,leaky,0.7,0.5,-0.7142857142857142,2,initial,0,0,1.0,1.0,0.6951739093373812,1.3876885387931412,1.1040666151831575,0.035657786708325145,0.02,0.0,0.0,1.0,0.09725408151334809,0.0071352056528594535,0.0008757596973701357,1.5809008476604254,1.1642922651024585
LR_a0p7_qp05,leaky,0.7,0.5,-0.7142857142857142,2,early,2,20,1.6353901206428214,1.1759845524189863,1.1368805434590017,1.6319002851896092,0.3763341144827055,-0.5868955871907613,0.3273684210526316,0.0,0.49,1.0343801406075792,0.2533831217238437,0.042909151562891885,0.04650459334609159,0.2770250332165645,0.16938484142369495
LR_a0p7_qp05,leaky,0.7,0.5,-0.7142857142857142,2,middle,21,100,1.9156561300699935,1.2397009073781666,1.331714160886876,1.7203187407001395,0.36041439552984994,-0.710195221400476,0.497625,0.043625,0.64,0.4816463933644962,0.24483444256006523,0.0389689835704787,0.0836716566680778,0.4576400982497333,0.25398104992888915
LR_a0p7_qp05,leaky,0.7,0.5,-0.7142857142857142,2,late,451,500,1.997681237797533,1.1248019805223168,1.3887358756896497,1.5608748167826452,0.36942822092220756,-0.7550726268493104,0.7482,0.661,0.71,0.04400580196469882,0.26006608635634965,0.04361851468879986,0.10149574914787415,0.28594420185120184,0.20701884640659404
LR_a0p7_qp05,leaky,0.7,0.5,-0.7142857142857142,2,final,500,500,1.9932994493045162,1.1048402492773686,1.3856897706530695,1.5331741511195616,0.31516498186968656,-0.7125010041892529,0.75,0.7,0.71,0.030799133019962774,0.2729417879437653,0.049575624376376,0.11954009510845161,0.1516236131630548,0.11233101988696868
LR_a0p7_qp05,leaky,0.7,0.5,-0.7142857142857142,3,initial,0,0,1.0,1.0,0.7019225972385064,1.3999858554973614,1.3657995226051023,0.12632403071969747,0.06,0.0,0.0,1.0,0.09900362643730118,0.00772521664257688,0.0008640692791735261,5.667681074050684,0.9388517145107682
LR_a0p7_qp05,leaky,0.7,0.5,-0.7142857142857142,3,early,2,20,1.4677184158780778,1.1092023438392982,1.0302247224879264,1.5528675922595385,0.32107543393605725,-0.6154122941668979,0.4368421052631579,0.0,0.61,0.9144484766855421,0.21018459774927026,0.029320503455902522,0.038702317156843725,0.6114888499674258,0.3579385325011914
LR_a0p7_qp05,leaky,0.7,0.5,-0.7142857142857142,3,middle,21,100,1.8362586375709469,1.1873605035862944,1.28891143208544,1.6622879103970363,0.3386788699945793,-0.7139499339613103,0.586875,0.129375,0.68,0.3118009717500929,0.2432939882208272,0.038719567633714105,0.08524515158059517,0.4951432371759604,0.2678099786235557
LR_a0p7_qp05,leaky,0.7,0.5,-0.7142857142857142,3,late,451,500,1.835674158076439,1.022826095215997,1.2885011727206226,1.4319420659359932,0.31472982444493863,-0.7398003696455621,0.8078,0.7618,0.78,0.029687720174666386,0.2406922272232914,0.03786748161229787,0.09304463667869982,0.41813242785999477,0.26567347265225183
LR_a0p7_qp05,leaky,0.7,0.5,-0.7142857142857142,3,final,500,500,1.7499232359322756,0.9747069550828724,1.2283106627335945,1.3645759503709234,0.24964122266930688,-0.6974251783266664,0.81,0.77,0.79,0.022780160792932404,0.1603467059655087,0.016204224685251498,0.03859644553083096,0.5566629159703169,0.569251892856607
LR_a0p7_qp05,leaky,0.7,0.5,-0.7142857142857142,4,initial,0,0,1.0,1.0,0.6889504467660763,1.4005079337377437,1.2525652495754267,0.04573907433077693,0.08,0.0,0.0,1.0,0.0990179919603878,0.0077374095518097106,0.0009198938002932363,1.8205613557413676,0.9798669803399169
LR_a0p7_qp05,leaky,0.7,0.5,-0.7142857142857142,4,early,2,20,1.6925662738280962,1.1837435110778154,1.16609429053506,1.657842178775053,0.3200929184443637,-0.6454426328978795,0.4626315789473684,0.0,0.53,0.9552423386215361,0.2266044583432492,0.03405112016846278,0.0487703008503772,0.6877401977918048,0.28359188077238356
LR_a0p7_qp05,leaky,0.7,0.5,-0.7142857142857142,4,middle,21,100,1.9107193463428813,1.2050847401502116,1.3163909473075135,1.6877307394066587,0.3310826136768663,-0.7101548549488652,0.659,0.219625,0.69,0.33202507333172704,0.24294817608704145,0.03890070600277405,0.11488412581710228,0.7766209962980428,0.32490896036583117
LR_a0p7_qp05,leaky,0.7,0.5,-0.7142857142857142,4,late,451,500,1.9245341781970993,1.0630722231602299,1.325908681885475,1.488841082672123,0.33057577226995777,-0.7450904501402751,0.8328,0.7886,0.8,0.036285877771281116,0.24691726649282011,0.039936141877772,0.13846722236956083,0.5557579659466583,0.2681627653814728
LR_a0p7_qp05,leaky,0.7,0.5,-0.7142857142857142,4,final,500,500,1.925438834348696,1.0582389803604342,1.3265319451452873,1.4820720877853284,0.2692972877262421,-0.789855609536171,0.81,0.8,0.8,0.02433105426037229,0.25476919839771534,0.03960805732080835,0.1771647580168019,0.7670872375226805,0.2754483966978624
LR_a0p7_qp05,leaky,0.7,0.5,-0.7142857142857142,5,initial,0,0,1.0,1.0,0.7318089860993301,1.4241256246236833,1.1948054368202503,0.09504209799692034,0.09,0.0,0.0,1.0,0.10266809539896946,0.007838983889176688,0.0010040862090582242,3.988998464415613,0.8465801793216075
LR_a0p7_qp05,leaky,0.7,0.5,-0.7142857142857142,5,early,2,20,1.4246010317510553,1.1187887962211174,1.0425358366417994,1.5932957932403775,0.34250881926473586,-0.5904773895523977,0.3563157894736842,0.0,0.56,0.9167241242179143,0.2135276169360367,0.030405800363191605,0.032251014597748005,0.5203941786513208,0.3781959355724361
LR_a0p7_qp05,leaky,0.7,0.5,-0.7142857142857142,5,middle,21,100,1.8844486777027283,1.2481814033506244,1.3790564761858568,1.7775671206903736,0.35137843207526387,-0.6980058669473946,0.483,0.033,0.58,0.4840867457871909,0.2556182248096668,0.04285820206355177,0.08107967729824796,0.3184847508149041,0.1909803715681329
LR_a0p7_qp05,leaky,0.7,0.5,-0.7142857142857142,5,late,451,500,1.920480895387256,1.101042608159943,1.4054251768764816,1.568022992083068,0.35264194886935496,-0.7435747640805784,0.7726,0.6908,0.76,0.030513475938989912,0.2568124435521791,0.043475227899300715,0.11814408630174299,0.35967896325605125,0.21356234173005537
LR_a0p7_qp05,leaky,0.7,0.5,-0.7142857142857142,5,final,500,500,1.9557772213922298,1.1194432292897833,1.4312553454232126,1.594227788143066,0.42841287861545835,-0.7667099844664336,0.72,0.62,0.77,0.0259497000372556,0.27809751238994507,0.052057739025226216,0.13106250075700157,0.15815348593382642,0.14866471343010293
LR_a0p7_qp05,leaky,0.7,0.5,-0.7142857142857142,6,initial,0,0,1.0,1.0,0.7122233603226376,1.4206182261212177,1.227827433363677,0.12177180511178448,0.02,0.0,0.0,1.0,0.0950552343916686,0.0074871788021000155,0.0009865962953241496,2.7977109425953857,0.9411764184367195
LR_a0p7_qp05,leaky,0.7,0.5,-0.7142857142857142,6,early,2,20,1.612081419937922,1.167331193681829,1.1481620460218758,1.6583319696642433,0.29196423035580155,-0.6690364171855004,0.5078947368421053,0.0,0.67,0.7975847207307507,0.22225967847461167,0.03261430837239965,0.07030344985570827,0.6818774723777236,0.32904222641986836
LR_a0p7_qp05,leaky,0.7,0.5,-0.7142857142857142,6,middle,21,100,1.916899452691668,1.2363845645474234,1.3652605695966846,1.7564304468910148,0.3289279368635373,-0.7197990583512829,0.54075,0.07825,0.74,0.3049614606725736,0.25155856194626314,0.041777352515014354,0.11292568058252037,0.38431097990965724,0.21658908236314894
LR_a0p7_qp05,leaky,0.7,0.5,-0.7142857142857142,6,late,451,500,1.8799711529067893,1.0458799220256885,1.3389593718328965,1.485796079563931,0.31225215222074154,-0.7338730996669328,0.8202,0.78,0.79,0.031062602632710358,0.2482766791887033,0.04037826881725481,0.11507927349966043,0.43327161171433753,0.21703719551244802
LR_a0p7_qp05,leaky,0.7,0.5,-0.7142857142857142,6,final,500,500,2.0525919346256565,1.126248022723485,1.4619039250502284,1.5999684682139659,0.22987453837400407,-0.7245948345959187,0.83,0.76,0.79,0.04071005141430134,0.23497759508374058,0.03741890753092027,0.11491748513937945,0.3179104745070156,0.3775233713322027
LR_a0p7_qp05,leaky,0.7,0.5,-0.7142857142857142,7,initial,0,0,1.0,1.0,0.6784986527169264,1.4020331151523138,1.1413268599697928,-0.10570058714365586,0.08,0.0,0.0,1.0,0.1006962298499074,0.007516721788058816,0.0008985494017779225,2.534712331794204,0.7370077074182717
LR_a0p7_qp05,leaky,0.7,0.5,-0.7142857142857142,7,early,2,20,1.5731785674610614,1.140950831744031,1.0673995385054746,1.599650848865707,0.31665602101577367,-0.6436372771350541,0.4068421052631579,0.0,0.52,0.9544487418973174,0.20945516260308716,0.028809528615804162,0.03217397432344871,0.4412065825630135,0.26127072931488965
LR_a0p7_qp05,leaky,0.7,0.5,-0.7142857142857142,7,middle,21,100,1.9202360392873141,1.2136326754080746,1.3028775655549296,1.70155320055302,0.3466265608087097,-0.7178260888699151,0.55775,0.096375,0.68,0.3786203926242083,0.23981672771716173,0.037475633066165144,0.07704093697983211,0.5020060972211422,0.27431237637993544
LR_a0p7_qp05,leaky,0.7,0.5,-0.7142857142857142,7,late,451,500,1.7857791551645603,0.9848197266894816,1.2116487508291252,1.3807498692739042,0.28879152854903517,-0.7281580580232665,0.8508,0.8014,0.82,0.029329932986335332,0.22672642490087216,0.03371998578925646,0.10472228725883093,0.6514832186061593,0.3271305302709836
LR_a0p7_qp05,leaky,0.7,0.5,-0.7142857142857142,7,final,500,500,1.6628719842183715,0.9175631455637757,1.128256400932887,1.2864539153237367,0.2921848250725397,-0.6564324616268277,0.86,0.82,0.83,0.024853546874323063,0.2255093012293914,0.03513328764065265,0.09782883569145734,0.6249940800919725,0.32061647667689347
LR_a0p7_qp05,leaky,0.7,0.5,-0.7142857142857142,8,initial,0,0,1.0,1.0,0.6937528812430814,1.4115880954949276,1.2697391755388083,0.13502423078753054,0.04,0.0,0.0,1.0,0.09911488383105639,0.007666004570071407,0.000884786616007065,3.0657761043939358,1.0907422634861912
LR_a0p7_qp05,leaky,0.7,0.5,-0.7142857142857142,8,early,2,20,1.4370196124865107,1.10253731807934,0.996936496565333,1.556328553039701,0.34542515021354503,-0.6036302804669953,0.3936842105263158,0.0,0.54,0.9605121059531617,0.21360706667735407,0.03050889471461177,0.032050847877663866,0.47134635688789506,0.3532598549837228
LR_a0p7_qp05,leaky,0.7,0.5,-0.7142857142857142,8,middle,21,100,1.8438681598167377,1.1953403125126434,1.2791888485052403,1.687328155208034,0.3243678337414798,-0.7073379743709447,0.584625,0.10275,0.67,0.40086238636441707,0.23957051944753446,0.037397314940636875,0.07608401312320576,0.5068541275718585,0.3230124439617727
LR_a0p7_qp05,leaky,0.7,0.5,-0.7142857142857142,8,late,451,500,1.8934162643083015,1.046448264277649,1.3135629887563958,1.4771539124056592,0.3227443371490148,-0.7414058713861043,0.8212,0.7634,0.81,0.032111853177975595,0.2409305757393033,0.038175100702662224,0.11167421302885096,0.46044706310437844,0.24565064091987718
LR_a0p7_qp05,leaky,0.7,0.5,-0.7142857142857142,8,final,500,500,1.8528679176343603,1.0212246140002574,1.285432456421706,1.441548507949166,0.1795091084942438,-0.702358342371881,0.84,0.78,0.81,0.023619198084504564,0.23320917347981857,0.03719377788647895,0.13944202883665374,0.4350404944410118,0.144101030769368
LR_a0p7_qp05,leaky,0.7,0.5,-0.7142857142857142,9,initial,0,0,1.0,1.0,0.7202572566321502,1.432101642074296,1.0798189505802183,-0.05870646988041699,0.03,0.0,0.0,1.0,0.10206279604236056,0.007887270290040896,0.0009841151056473236,2.4490777648591084,1.1077692188364567
LR_a0p7_qp05,leaky,0.7,0.5,-0.7142857142857142,9,early,2,20,1.3430068596474702,1.0769478361048868,0.9673104363678462,1.5422987645141681,0.2701913321189226,-0.661307104084408,0.5494736842105263,0.0,0.74,0.6925012930811283,0.18584340655155218,0.022989192314072874,0.06272982484620837,0.9104033639690948,0.4360186951359898
LR_a0p7_qp05,leaky,0.7,0.5,-0.7142857142857142,9,middle,21,100,1.7778780752465362,1.1760129919194664,1.2805295851035177,1.6841701368285735,0.30507829973189377,-0.7150370606548094,0.683125,0.215,0.75,0.26938205900603573,0.2373720704582547,0.03694701064637016,0.09756301114750907,0.6492048461397624,0.22211374414758378
LR_a0p7_qp05,leaky,0.7,0.5,-0.7142857142857142,9,late,451,500,1.7798147001325997,1.0252074134527023,1.2819244532310794,1.4682012202723564,0.3117929440209618,-0.7456870348736644,0.8282,0.7914,0.81,0.032506755954929537,0.2443788118392072,0.03877716552189621,0.10969945066633184,0.42851908796085925,0.22922191539138667
LR_a0p7_qp05,leaky,0.7,0.5,-0.7142857142857142,9,final,500,500,1.7757655360393276,1.010707793395861,1.2790080134096056,1.4474362905795009,0.32303445273010983,-0.7119889006018638,0.82,0.81,0.81,0.020192223634023114,0.2533586412664736,0.04169812703818052,0.13262809057973152,0.39706515133123754,0.17033960263002734
LIN_q0,leaky,1,0,0.0,0,initial,0,0,1.0,1.0,0.7223637571689194,1.4398913264348285,1.0282861575446376,-0.13029632209800185,0.06,0.0,0.0,1.0,0.09690787394070474,0.009391136031707522,0.0012127208234080098,0.9197121668095822,1.1909786039340058
LIN_q0,leaky,1,0,0.0,0,early,2,20,0.678822297214968,0.8774020344034292,0.4903566250662412,1.2633635791337707,0.11527922889191186,0.002957533056431107,0.6931578947368421,0.0005263157894736842,1.0,0.6630405290370873,0.056935414739242456,0.0032416414515295472,0.0002778349363181267,0.7889774441717838,0.5081432832281034
LIN_q0,leaky,1,0,0.0,0,middle,21,100,0.5909447625277182,0.7579096943330715,0.4268770789388174,1.0913075950910618,0.0863989606854893,-0.0037283690314556,0.78975,0.000125,0.98,0.5568358380565875,0.059368555705926515,0.0035246254066077,0.0002906420542547704,0.8359434442220266,0.5644347386369455
LIN_q0,leaky,1,0,0.0,0,late,451,500,0.5664587464039802,0.37166371255822,0.4091892683335753,0.5351553560631481,0.08172008523896858,-0.0037821915353953043,0.8122,0.0032,0.97,0.5648501787128115,0.05616271832871673,0.0031542509300707742,0.00022280399012121016,0.7106572988846195,0.591175204872654
LIN_q0,leaky,1,0,0.0,0,final,500,500,0.5930970189604541,0.3791684535800342,0.42843179098195944,0.5459613675675982,0.10369144432727952,0.009770456529222428,0.66,0.01,0.89,0.5122598867730648,0.06652787875425341,0.004425958651540642,0.00039505174988008624,0.9890353870097457,0.38728478787488857
LIN_q0,leaky,1,0,0.0,1,initial,0,0,1.0,1.0,0.7127536716197848,1.4203201929643945,0.9550576902340578,0.06741271622711792,0.07,0.0,0.0,1.0,0.09383858786956806,0.008805680573354647,0.0011058327029286055,9.911203728359201,0.8227911982747598
LIN_q0,leaky,1,0,0.0,1,early,2,20,0.6395642256537695,0.8805497650424423,0.45585175007138873,1.2506626121998339,0.10227022962569375,0.0038143458921331332,0.72,0.0010526315789473684,0.98,0.6120898616004504,0.056143107498406015,0.003152048519577574,0.00023232074295663057,0.9106272503992268,0.6024204123798146
LIN_q0,leaky,1,0,0.0,1,middle,21,100,0.600282945118334,0.7652184098188907,0.42785387314383033,1.0868551594938738,0.09200961389695589,0.0011642210591799084,0.77475,0.0045,0.97,0.5874161901050647,0.059600301689687274,0.00355219596150174,0.0003124283400031215,1.0630193557110226,0.5678372112195653
LIN_q0,leaky,1,0,0.0,1,late,451,500,0.607022815208709,0.38154549319474823,0.43265774029698545,0.5419167685190598,0.09097846231887499,-0.0005897133720634884,0.7702,0.0,0.93,0.5847692656815725,0.06555946003225703,0.004298042799721106,0.00034795988605666175,0.8318228684765652,0.5114701478049671
LIN_q0,leaky,1,0,0.0,1,final,500,500,0.6499868508583806,0.39121673015878183,0.4632805144538922,0.5556530216700204,0.04368776512744277,-0.0030656494345748797,0.97,0.0,0.85,0.5890506698367688,0.06786473609861421,0.004605622405734551,0.00046910779548235937,0.6195402967152879,0.3410738262840466
LIN_q0,leaky,1,0,0.0,2,initial,0,0,1.0,1.0,0.6951739093373812,1.3876885387931412,0.8110606104550595,0.035657786708325145,0.14,0.0,0.0,1.0,0.09725408151334809,0.009458356371004955,0.0011477174187564658,4.835356456637545,1.206618497404013
LIN_q0,leaky,1,0,0.0,2,early,2,20,0.7232874388855236,0.8935894427178315,0.5028105564646715,1.2400238280460851,0.11153046657639366,0.0004682932078561096,0.7252631578947368,0.0,1.0,0.7118929577093869,0.0578097015589512,0.0033419615943350053,0.00029679353798039786,0.6045811491551595,0.45816142695907014
LIN_q0,leaky,1,0,0.0,2,middle,21,100,0.5716966711396614,0.7577339031459246,0.39742860983132555,1.0514986528505916,0.08335993883812938,-0.0005751618041595066,0.796625,0.005125,0.99,0.5459553369657024,0.05714012818284759,0.0032649942487522534,0.00022337752009471927,0.7737965015899131,0.5628726955006943
LIN_q0,leaky,1,0,0.0,2,late,451,500,0.5742418966955583,0.36744223501360185,0.39919798423116376,0.5098953781969111,0.08937568545241145,0.00022446239761193283,0.7896,0.0008,0.96,0.5516212620430574,0.05856183063668598,0.0034294880075198923,0.00023594878802582974,0.5680046365897987,0.547161033911412
LIN_q0,leaky,1,0,0.0,2,final,500,500,0.5160108221143965,0.3343739792948376,0.358717260469661,0.4640069387381012,0.07063018116874416,-0.0007845232845284045,0.84,0.0,0.98,0.4984603008331471,0.06053566560942752,0.0036645668107764258,0.00018498347163956323,0.5309317884469373,0.5607726293296103
LIN_q0,leaky,1,0,0.0,3,initial,0,0,1.0,1.0,0.7019225972385064,1.3999858554973614,1.083854858035675,0.12632403071969747,0.05,0.0,0.0,1.0,0.09900362643730118,0.00980171804773668,0.0011435711890290983,3.144221993910307,0.912751087390269
LIN_q0,leaky,1,0,0.0,3,early,2,20,0.6880867564659824,0.876392508460984,0.482983643224022,1.2269371157092293,0.11236891738310646,0.005470699562888752,0.6842105263157895,0.0,0.99,0.6866610553672836,0.05854901976267699,0.0034279877151703413,0.00027483165981118655,0.8052731047303273,0.5764223861559298
LIN_q0,leaky,1,0,0.0,3,middle,21,100,0.6044196899190037,0.7541945831589913,0.42425583857003973,1.0558617487153164,0.09023688036308347,-0.0016573035588596668,0.776625,0.0035,1.0,0.5968260078994502,0.06179843930266127,0.003819047100244709,0.00029554630387437634,0.8074127876027287,0.5399701997393536
LIN_q0,leaky,1,0,0.0,3,late,451,500,0.5689710026125472,0.3571422164537043,0.39937360390719606,0.4999940514361631,0.07919706333488252,-0.0037268621672444167,0.8348,0.0006,0.98,0.5326966384789078,0.058342902321089615,0.003403894251248204,0.00026273918603839346,0.6907757298661162,0.556336326585964
LIN_q0,leaky,1,0,0.0,3,final,500,500,0.5634949033281064,0.3467875275110438,0.3955298060747255,0.48549763337836344,0.054510467364157066,-0.015635887456010095,0.9,0.0,0.94,0.5098428363432845,0.05605172075291145,0.003141795399362364,0.0001867209183215945,0.6155866604503609,0.6328757768718759
LIN_q0,leaky,1,0,0.0,4,initial,0,0,1.0,1.0,0.6889504467660763,1.4005079337377437,0.9966815379312718,0.04573907433077693,0.04,0.0,0.0,1.0,0.0990179919603878,0.009804562731867422,0.0011670651401909649,1.8467671026947796,0.9597000093500776
LIN_q0,leaky,1,0,0.0,4,early,2,20,0.702343863599294,0.8800970228735154,0.48388011861014585,1.2325828629933266,0.10494593634535367,-2.0445302422893675e-06,0.7173684210526315,0.0005263157894736842,0.99,0.6827359619825629,0.0608610423685904,0.0037040664781913557,0.0003377880827068213,0.9280799941679724,0.5051682690503909
LIN_q0,leaky,1,0,0.0,4,middle,21,100,0.6164374228279068,0.7542296774911238,0.4246948378606151,1.0563046471867785,0.09529035210179995,0.0037275101325049036,0.754,0.002,1.0,0.6040874641859911,0.0591813610860909,0.003502433500002274,0.00030606794293107077,1.1991785289192354,0.6025970141069774
LIN_q0,leaky,1,0,0.0,4,late,451,500,0.6069327376829194,0.3742258008331115,0.41814658078360517,0.5241062030761334,0.08025400117645702,-0.0026467228495294366,0.8168,0.0004,0.92,0.5852780119396971,0.05970535144433965,0.003564728991092111,0.0002673281300411346,0.9096234192768264,0.5844436171016159
LIN_q0,leaky,1,0,0.0,4,final,500,500,0.6039080920805951,0.3679263202570943,0.41606274984457475,0.5152837305509945,0.03380833062040034,0.002660879948816728,1.0,0.0,0.92,0.5684778578354742,0.061430196267414756,0.0037736690134530975,0.0002506248643413259,1.2592580195218948,0.5610757463382602
LIN_q0,leaky,1,0,0.0,5,initial,0,0,1.0,1.0,0.7318089860993301,1.4241256246236833,0.8840709951766825,0.09504209799692034,0.06,0.0,0.0,1.0,0.10266809539896946,0.010540737812851893,0.0013768005789687896,2.2448699124123515,0.8333391590980995
LIN_q0,leaky,1,0,0.0,5,early,2,20,0.6307753486435443,0.8750975585672619,0.46160706834728366,1.2462488572012622,0.0971610483233183,0.0045639405767207404,0.7147368421052631,0.0,1.0,0.6308845959824503,0.04884127994500878,0.002385470626666717,0.000159290866100982,0.6694111002936926,0.6582902558945144
LIN_q0,leaky,1,0,0.0,5,middle,21,100,0.5945092056462673,0.7607587588175855,0.435067179010713,1.083416042589032,0.08727026122730584,0.0006492172753648333,0.78475,0.0,0.99,0.5845882242864318,0.06210863071071128,0.003857482008759508,0.0003120135668094968,0.6961958944479252,0.49292360107515876
LIN_q0,leaky,1,0,0.0,5,late,451,500,0.5726065538236065,0.3725541010689609,0.4190386215874849,0.5305638418909487,0.08348876747975512,-0.001614555609981835,0.8136,0.0028,0.94,0.5508106784135618,0.05919832992381139,0.003504442265768423,0.00030004863009506507,0.7191667055316217,0.5466656587859805
LIN_q0,leaky,1,0,0.0,5,final,500,500,0.48522500359207266,0.3268989794790321,0.3550920179087585,0.4655452133394213,0.09814682692635918,-0.017280402490869165,0.74,0.0,1.0,0.46386160166671975,0.039182669380869485,0.0015352815798105272,5.0696098268766426e-05,0.4280682381707601,0.8558854489748913
LIN_q0,leaky,1,0,0.0,6,initial,0,0,1.0,1.0,0.7122233603226376,1.4206182261212177,0.9074119256983116,0.12177180511178448,0.12,0.0,0.0,1.0,0.0950552343916686,0.009035497585255058,0.0012020261398631312,2.2360235542985105,0.9364520720252787
LIN_q0,leaky,1,0,0.0,6,early,2,20,0.6448685374440157,0.8766158984746654,0.45929043670472147,1.2453365226807365,0.09321976912665338,-0.004951377239057796,0.7042105263157895,0.0,1.0,0.6313051677060708,0.05922434962364748,0.003507523588344034,0.0002661823771880669,1.0086215322108392,0.5820136769616554
LIN_q0,leaky,1,0,0.0,6,middle,21,100,0.5885114712221615,0.758204263057392,0.4191516176222671,1.0771187952221373,0.08544269092637162,-0.000861746565831254,0.775375,0.002125,0.99,0.5712367164086354,0.05891251935355611,0.003470684936583123,0.0002594091281205977,0.712451092393453,0.5042891585294227
LIN_q0,leaky,1,0,0.0,6,late,451,500,0.6180901051371174,0.38934533670940286,0.44021821166293007,0.55311108158468,0.07793977203429048,2.339809944478475e-05,0.8226,0.0008,0.9,0.5700368670222034,0.06024724383440026,0.0036297303896416807,0.00033124628137466146,0.7690962780311053,0.4857998544328453
LIN_q0,leaky,1,0,0.0,6,final,500,500,0.5891003451046071,0.37564382096292437,0.41957102735762863,0.5336464585897459,0.0727566525778348,0.009688767969491892,0.82,0.0,0.95,0.5390065282333758,0.03752584865096776,0.001408189316975339,9.64179052626948e-05,0.627755031149923,0.787138871216478
LIN_q0,leaky,1,0,0.0,7,initial,0,0,1.0,1.0,0.6784986527169264,1.4020331151523138,0.9713000352272748,-0.10570058714365586,0.07,0.0,0.0,1.0,0.1006962298499074,0.010139730705985384,0.0012088640357961773,2.173499234242623,0.7045013052338437
LIN_q0,leaky,1,0,0.0,7,early,2,20,0.7506425669861807,0.9017642266820978,0.5093099703720988,1.264303307868019,0.11840978092723226,-0.0033434656672523106,0.61,0.0,0.93,0.7377056490405225,0.061510696562005,0.003783565791543054,0.00038809604372936035,0.6428035353723255,0.4729401256003807
LIN_q0,leaky,1,0,0.0,7,middle,21,100,0.6206599475586813,0.7731711260802248,0.4211169382139235,1.0840115224440798,0.0981795888256171,-0.00029274690013107827,0.732,0.00125,0.99,0.6240144454566872,0.059838414752415484,0.0035806358800820953,0.0002808403784890423,0.7759097605748783,0.5411171190072105
LIN_q0,leaky,1,0,0.0,7,late,451,500,0.6231153372241443,0.3847887104487775,0.4227829167938351,0.5394865143859412,0.07974101668684548,0.0005204964986330197,0.838,0.0094,0.88,0.589041260137328,0.05941490641811688,0.0035301311046735864,0.00032495482167534747,0.9882050353457181,0.570287142718398
LIN_q0,leaky,1,0,0.0,7,final,500,500,0.6112668182501486,0.3758282726089773,0.4147437126332882,0.5269236838082774,0.10989228917738458,-0.0016525383701082319,0.66,0.0,0.88,0.5684759968540317,0.04775478723560959,0.0022805197039183407,0.00019654095904440998,0.943817303386638,0.6708868395724019
LIN_q0,leaky,1,0,0.0,8,initial,0,0,1.0,1.0,0.6937528812430814,1.4115880954949276,0.9534892416789081,0.13502423078753054,0.1,0.0,0.0,1.0,0.09911488383105639,0.009823760196843803,0.0011506973366611504,3.0821489639143707,1.1473091378454416
LIN_q0,leaky,1,0,0.0,8,early,2,20,0.6688786898523512,0.8788914777155366,0.46403651828716613,1.2406327471751968,0.10950479017246599,0.0008563912188458888,0.6836842105263158,0.0,1.0,0.6735120767313071,0.05783133943823516,0.0033444638212203736,0.0002384944784689998,0.6705348426814388,0.5975296385246756
LIN_q0,leaky,1,0,0.0,8,middle,21,100,0.5766521438983382,0.7506368056672925,0.4000540863044721,1.0595899789202896,0.08824769640326652,-1.4890883957605184e-05,0.780375,0.0005,0.99,0.5705087922447853,0.0558203282314329,0.003115909043864905,0.00020125402951580483,0.8110065350457003,0.6312178280101581
LIN_q0,leaky,1,0,0.0,8,late,451,500,0.6117515834940134,0.37690743638497554,0.4244044236539892,0.5320380503045432,0.08554264832495341,0.0015066689768443893,0.8052,0.0022,0.93,0.5516860778035051,0.062139628697430824,0.003861333454654568,0.00035715690269982875,0.7595119746423675,0.5127098491972967
LIN_q0,leaky,1,0,0.0,8,final,500,500,0.6491993209337992,0.3849328408572209,0.4503838993988751,0.5433666157190965,0.07653970052060537,-0.0011987263055732455,0.76,0.0,0.93,0.606514421054327,0.0675597047771803,0.00456431370957976,0.0003972867315070505,0.7805422158957211,0.37540488273951056
LIN_q0,leaky,1,0,0.0,9,initial,0,0,1.0,1.0,0.7202572566321502,1.432101642074296,0.8600414350151762,-0.05870646988041699,0.1,0.0,0.0,1.0,0.10206279604236056,0.010416814335984488,0.0013295835307093953,5.266780499845886,1.1494640056706793
LIN_q0,leaky,1,0,0.0,9,early,2,20,0.6355947570084143,0.8746841589967473,0.4577917360126586,1.2526366203956163,0.08876536607816944,-1.6031138233014837e-05,0.7526315789473684,0.0005263157894736842,0.97,0.6160211605785004,0.05782369728601172,0.0033435799678243196,0.0003208248338656632,1.1023902163072214,0.5966038562497126
LIN_q0,leaky,1,0,0.0,9,middle,21,100,0.6435150650986599,0.7746310005952312,0.4634963953894203,1.1093503279540855,0.0889046856138254,-0.0007739775750607123,0.78725,0.005375,0.92,0.5564023270051467,0.06708694659437715,0.004500658403356813,0.0005630394714247532,1.0073044991434954,0.41060365837653306
LIN_q0,leaky,1,0,0.0,9,late,451,500,0.5945259614592578,0.39963966085024905,0.4282116379972365,0.5723246145416564,0.07722299000626824,-0.0039560354424108485,0.8226,0.0046,0.94,0.5690820747433263,0.0610450266052311,0.0037264952732333724,0.0003521994357856724,0.7248834812879786,0.48852946438991973
LIN_q0,leaky,1,0,0.0,9,final,500,500,0.5942080523677495,0.38599952130352333,0.42798266166712834,0.5527905482986679,0.09230638428445904,-0.024775010969024153,0.75,0.0,0.93,0.5630695651019874,0.05239373634496065,0.0027451036081852505,0.0003144306043244636,0.6972324637452676,0.4891546552193028
