arm,family,alpha,offset,root,seed,window,task_start,task_end,free_growth,full_growth,free_rms,full_rms,root_distance_rms,zmean,near_mean_fraction,near_all_inputs_fraction,unit_shrink_fraction,median_unit_growth,v_rms,effective_v2_gate2,unit_output_variance,loss,unfit
SN_normal_qm05,snake,1,-0.5,0.36954256660758034,0,initial,0,0,1.0,1.0,0.7223637571689194,1.4398913264348285,1.1358847674425785,-0.13029632209800185,0.09,0.0,0.0,1.0,0.09690787394070474,0.014421144185838963,0.0017145316984251058,0.8593296102714644,1.399314928262063
SN_normal_qm05,snake,1,-0.5,0.36954256660758034,0,early,2,20,1.3759774947013752,1.0861388654316657,0.9939562728523623,1.5639219316388209,0.8298877066183254,-0.16463976479662962,0.14421052631578948,0.0,0.37,1.0388090778506949,0.22139591258185562,0.06298272265422838,0.06433604335636486,1.0645195321810802e-05,3.834936013600762e-06
SN_normal_qm05,snake,1,-0.5,0.36954256660758034,0,middle,21,100,1.6184030753705232,1.1357972910065024,1.169075726138385,1.6354246679084379,0.8279027097824588,-0.1257697358620148,0.126625,0.0,0.36,1.1208614527423335,0.195982717027612,0.0500153175276958,0.04310491440472967,7.141418960971783e-09,6.459226343305691e-09
SN_normal_qm05,snake,1,-0.5,0.36954256660758034,0,late,451,500,1.7685068373214556,1.064683746102498,1.2775052435864496,1.5330288914091281,0.7936223544839399,-0.060682163094359566,0.272,0.1216,0.38,1.4615255825241116,0.17456148994608156,0.04017195459461699,0.03236081533971137,3.5893831398119302e-12,3.1504786817866104e-12
SN_normal_qm05,snake,1,-0.5,0.36954256660758034,0,final,500,500,1.753190623535084,1.0679020463173856,1.266441365850124,1.5376628939744081,0.8105907886844425,-0.050431541614234444,0.31,0.13,0.38,1.4593138013750355,0.18900894416493194,0.04791493655623781,0.03878416210696977,3.752373434049215e-13,1.6299290288109047e-13
SN_normal_qm05,snake,1,-0.5,0.36954256660758034,1,initial,0,0,1.0,1.0,0.7127536716197848,1.4203201929643945,0.9994364231190577,0.06741271622711792,0.08,0.0,0.0,1.0,0.09383858786956806,0.014984101959206585,0.001676054377307491,9.547030746056802,0.8107655000379024
SN_normal_qm05,snake,1,-0.5,0.36954256660758034,1,early,2,20,1.3944419981194998,1.096557143348906,0.9938936540205023,1.5574622534378033,0.7941777051004166,-0.09970943046203741,0.16473684210526315,0.0,0.51,0.9925045379506062,0.22558759232817516,0.0633422772631949,0.05495713606102246,8.306789807061567e-06,2.5472152807562428e-06
SN_normal_qm05,snake,1,-0.5,0.36954256660758034,1,middle,21,100,1.6822318854023262,1.1699533500758938,1.199016952836381,1.6617083679391331,0.7800568350088699,-0.07276188926316536,0.157375,0.0,0.44,1.0863928574044048,0.2011360304488718,0.05395072515301186,0.047459346605140194,1.950349712334752e-06,2.518016280354849e-07
SN_normal_qm05,snake,1,-0.5,0.36954256660758034,1,late,451,500,1.7241814145182774,1.066202400539928,1.2289166337364963,1.5143487992739713,0.772691627315335,0.02405012603450159,0.3556,0.1974,0.44,1.3689273693264832,0.18227230474692355,0.04568432780052368,0.03598603608626427,8.289264924012291e-11,4.9581912839975155e-11
SN_normal_qm05,snake,1,-0.5,0.36954256660758034,1,final,500,500,1.7605402722227126,1.0769813912686073,1.2548315430612338,1.5296584174656902,0.8007119962644559,0.061562039125710726,0.43,0.26,0.45,1.368266391556451,0.17012929446641756,0.03844132984783453,0.024600520127191817,4.586064451084417e-13,1.9856311561370618e-13
SN_normal_qm05,snake,1,-0.5,0.36954256660758034,2,initial,0,0,1.0,1.0,0.6951739093373812,1.3876885387931412,0.8763714294334176,0.035657786708325145,0.08,0.0,0.0,1.0,0.09725408151334809,0.014759040485100567,0.0017403067362751162,4.832991321343542,1.2930392780592752
SN_normal_qm05,snake,1,-0.5,0.36954256660758034,2,early,2,20,1.3242986752526553,1.0783643574605588,0.9206178872057035,1.4964338594910476,0.8282766873561216,-0.1751818010107366,0.12947368421052632,0.0,0.31,1.0466316225752579,0.2134446265772637,0.05315462755300285,0.027340399731168856,0.0002515080389977194,0.0002394739030342476
SN_normal_qm05,snake,1,-0.5,0.36954256660758034,2,middle,21,100,1.673830042234053,1.1743689966597417,1.1636029740262006,1.6296583969787244,0.8345851351020903,-0.14145123752559222,0.13175,0.0,0.36,1.134372393854153,0.1967896521743724,0.048117044138624984,0.04132651148755368,5.9345854105959686e-08,4.208768405666394e-08
SN_normal_qm05,snake,1,-0.5,0.36954256660758034,2,late,451,500,1.814894775783097,1.124250781305218,1.2616674963171255,1.5601099239464855,0.8071679955406916,-0.03566829408428457,0.2574,0.0636,0.42,1.3681126478353005,0.1672902690578631,0.0363187329543538,0.026674801856434734,3.1955623270268404e-11,2.5544219093755063e-11
SN_normal_qm05,snake,1,-0.5,0.36954256660758034,2,final,500,500,1.8127130786021006,1.1184648359018423,1.2601508373588217,1.552080833824138,0.820688253069998,-0.08764361785259098,0.27,0.09,0.42,1.4291346078652887,0.15971005220382123,0.029654825089512137,0.020755635882794835,8.728058779724562e-13,9.066712050155268e-13
SN_normal_qm05,snake,1,-0.5,0.36954256660758034,3,initial,0,0,1.0,1.0,0.7019225972385064,1.3999858554973614,1.1036026679696402,0.12632403071969747,0.08,0.0,0.0,1.0,0.09900362643730118,0.016597092406405393,0.0016492214254314156,2.696229434128485,1.0654951204033916
SN_normal_qm05,snake,1,-0.5,0.36954256660758034,3,early,2,20,1.4050236875605604,1.0984552465107547,0.9862178759541321,1.5378218080119241,0.8606888776348912,-0.12996434451892702,0.15210526315789474,0.0,0.45,1.038221131089919,0.22509253712036587,0.05897981670325174,0.04493323876307944,5.062346662374884e-05,1.9413047272884753e-05
SN_normal_qm05,snake,1,-0.5,0.36954256660758034,3,middle,21,100,1.6973100861835524,1.165628338901831,1.1913803040130722,1.6318631872294482,0.8065627063153529,-0.0996779488195607,0.153625,0.0,0.37,1.1443269557314448,0.19315131697862464,0.049197824656086554,0.04103723181593723,1.528485000457055e-09,4.6192157643548833e-10
SN_normal_qm05,snake,1,-0.5,0.36954256660758034,3,late,451,500,1.804276989576043,1.1079263031642501,1.2664627906608896,1.5510811533634317,0.7719334758749395,-0.02652530725159013,0.3156,0.1688,0.4,1.3618618162802627,0.17200844961416822,0.04062430120579078,0.033787917290979214,5.994573310000127e-12,4.256662682701241e-12
SN_normal_qm05,snake,1,-0.5,0.36954256660758034,3,final,500,500,1.8069967330539265,1.107122758957778,1.2683718400667081,1.5499562028401037,0.7697941670474264,-0.12213773803086951,0.3,0.19,0.4,1.356066023018238,0.17261513056873362,0.041843245601205066,0.04925604055329557,1.4447573836219268e-12,1.4668745263715555e-12
SN_normal_qm05,snake,1,-0.5,0.36954256660758034,4,initial,0,0,1.0,1.0,0.6889504467660763,1.4005079337377437,1.0469626195538515,0.04573907433077693,0.04,0.0,0.0,1.0,0.0990179919603878,0.0182789189609401,0.001955091389350663,2.0157950417925825,1.0017383986245865
SN_normal_qm05,snake,1,-0.5,0.36954256660758034,4,early,2,20,1.5000531755015756,1.1180319197270712,1.033462305434682,1.5658125737498034,0.8098499003398143,-0.08982531315319264,0.16894736842105262,0.0,0.35,1.112850278761754,0.2246035538301011,0.06407489650516178,0.047073396407585406,1.722413714014538e-05,1.0528840930680493e-05
SN_normal_qm05,snake,1,-0.5,0.36954256660758034,4,middle,21,100,1.8024545007798443,1.1924250974742059,1.2418018335877987,1.6700008094006276,0.7873787527529177,-0.08364981174013406,0.16275,0.000625,0.34,1.326655148431561,0.20261251816031042,0.055390440999998784,0.04936705885904101,2.4516549571772247e-09,1.0560946806167442e-09
SN_normal_qm05,snake,1,-0.5,0.36954256660758034,4,late,451,500,1.898346870466822,1.108473393055918,1.3078669245251,1.5524257813120097,0.7199675643558902,0.03598486111787788,0.3606,0.2324,0.4,1.5347554899104265,0.1801875770566688,0.044273515060076214,0.03562841574043778,4.081094273491871e-13,2.46613156575911e-13
SN_normal_qm05,snake,1,-0.5,0.36954256660758034,4,final,500,500,1.8673262572975973,1.0907576309873268,1.2864952592232048,1.5276147159827373,0.7888930438262486,-0.007984705194830894,0.39,0.29,0.4,1.5610059772024227,0.19858489772586718,0.051190138548551804,0.04196582230829801,7.254887367004599e-13,1.8741841991949805e-13
SN_normal_qm05,snake,1,-0.5,0.36954256660758034,5,initial,0,0,1.0,1.0,0.7318089860993301,1.4241256246236833,0.9208143305729477,0.09504209799692034,0.08,0.0,0.0,1.0,0.10266809539896946,0.01556019531702693,0.0018125123570877238,1.8196905302103057,0.8919860544015298
SN_normal_qm05,snake,1,-0.5,0.36954256660758034,5,early,2,20,1.324818961699928,1.0833237867886327,0.9695144211267914,1.5427891645300555,0.770585738819414,-0.056737126156051663,0.15789473684210525,0.0,0.46,1.0096266884194147,0.22036854593171984,0.06149023357735859,0.047234185804931945,6.349147438797075e-06,3.7822666446019807e-06
SN_normal_qm05,snake,1,-0.5,0.36954256660758034,5,middle,21,100,1.604191663002113,1.1453593259979595,1.1739618744105744,1.631135565555405,0.8092210014801652,-0.10384782729554536,0.125125,0.0,0.39,1.1228259921330404,0.18929296685669167,0.04754516584620471,0.038267994298110744,3.797110135479924e-09,1.2074951891766227e-09
SN_normal_qm05,snake,1,-0.5,0.36954256660758034,5,late,451,500,1.7144198443134582,1.0696719627989661,1.254627848015603,1.523347252163519,0.7683930047187124,-0.003839166348229628,0.2942,0.1042,0.4,1.339882194929778,0.1725772229473913,0.04092468181465722,0.028923876950906743,6.658526195425079e-11,1.342901705004934e-10
SN_normal_qm05,snake,1,-0.5,0.36954256660758034,5,final,500,500,1.7062095096610335,1.0650737671871988,1.2486194513380762,1.5167988439657691,0.8085955494474424,-0.08329762402921916,0.25,0.06,0.4,1.3110061938556679,0.14624278958393996,0.029233105523894767,0.01713623421867089,2.7726446674259554e-09,4.407915649463279e-09
SN_normal_qm05,snake,1,-0.5,0.36954256660758034,6,initial,0,0,1.0,1.0,0.7122233603226376,1.4206182261212177,0.9327155947187451,0.12177180511178448,0.02,0.0,0.0,1.0,0.0950552343916686,0.016628704846095035,0.0020568768429691455,2.117162896770708,0.9739679045911769
SN_normal_qm05,snake,1,-0.5,0.36954256660758034,6,early,2,20,1.4433205003222822,1.1122328264307932,1.0279665767620862,1.5800582249179016,0.8075456615589609,-0.17436565053466008,0.14210526315789473,0.0,0.38,1.1231878275890195,0.23109049166000611,0.06743780973053766,0.05284997596463111,1.9856341210063783e-06,7.472288891684649e-07
SN_normal_qm05,snake,1,-0.5,0.36954256660758034,6,middle,21,100,1.6569878525059445,1.1634925432989665,1.1801454563255747,1.6528787129666418,0.81794582226079,-0.1317324718697855,0.12425,0.0,0.34,1.1731025419158274,0.1910972627282035,0.04757287630309454,0.0350593615567369,5.568336674758342e-10,1.9702210490073202e-10
SN_normal_qm05,snake,1,-0.5,0.36954256660758034,6,late,451,500,1.7330206063691838,1.068291814882201,1.234297759776635,1.5176348230377685,0.796196056411023,0.028282880833907984,0.2976,0.1154,0.38,1.5333725216506637,0.17660691305346982,0.042540031866856606,0.032416189728247086,1.3538636188794904e-11,7.224083904566263e-12
SN_normal_qm05,snake,1,-0.5,0.36954256660758034,6,final,500,500,1.7485506117728988,1.0674374354709675,1.2453585924110975,1.5164210760741477,0.7293918145782597,0.07742612461326644,0.38,0.19,0.38,1.5028071271815528,0.16540697451666275,0.03397335098356682,0.022000749291021804,2.642842634947966e-13,3.0279598877302146e-13
SN_normal_qm05,snake,1,-0.5,0.36954256660758034,7,initial,0,0,1.0,1.0,0.6784986527169264,1.4020331151523138,1.0761538921071712,-0.10570058714365586,0.04,0.0,0.0,1.0,0.1006962298499074,0.015726325398020626,0.0017884157799368469,2.506379528316937,0.7785075164731029
SN_normal_qm05,snake,1,-0.5,0.36954256660758034,7,early,2,20,1.4730171521630533,1.1123385228857263,0.9994401531715554,1.5595354443453981,0.8467741069323049,-0.1753613827751925,0.14947368421052631,0.0,0.37,1.054944207546489,0.2101431318907396,0.05306905913114724,0.03067711425435293,4.501331126418033e-06,1.4736419737742096e-06
SN_normal_qm05,snake,1,-0.5,0.36954256660758034,7,middle,21,100,1.7169236811740658,1.159245590165533,1.1649304044943893,1.6253007060063647,0.8357887120735928,-0.1426516623854577,0.127375,0.0,0.32,1.2404120288357747,0.19601837156478114,0.04935041530645078,0.039542202418619256,4.93607980817225e-09,2.85342451784074e-09
SN_normal_qm05,snake,1,-0.5,0.36954256660758034,7,late,451,500,1.8824094375973444,1.1006790409814657,1.2772122672714254,1.543188464610106,0.7671365679493054,0.013527598354115617,0.3506,0.2158,0.41,1.49920315587803,0.18568685951764569,0.0466519646320653,0.03900130540629801,9.871469385225188e-13,5.256627877115869e-13
SN_normal_qm05,snake,1,-0.5,0.36954256660758034,7,final,500,500,1.8649714077228592,1.0931017177077391,1.2653805874955497,1.5325648064561268,0.8067886872192437,-0.026451269211247564,0.35,0.21,0.42,1.4663775342092968,0.18202361692890398,0.04490576337958073,0.0314011542976064,3.036651389357322e-13,2.1885897866725658e-13
SN_normal_qm05,snake,1,-0.5,0.36954256660758034,8,initial,0,0,1.0,1.0,0.6937528812430814,1.4115880954949276,0.9725785525773538,0.13502423078753054,0.06,0.0,0.0,1.0,0.09911488383105639,0.015311283164008298,0.0015694675099522173,3.066134481662935,0.9167004425859329
SN_normal_qm05,snake,1,-0.5,0.36954256660758034,8,early,2,20,1.4176600807833633,1.097034306523911,0.9835057656667578,1.5485605674386862,0.760025292975495,-0.05436985146214092,0.1568421052631579,0.0,0.45,1.0184686689925693,0.20723372281772312,0.05547568500184915,0.049035918262977554,5.1143293458990345e-05,3.4073705543889734e-05
SN_normal_qm05,snake,1,-0.5,0.36954256660758034,8,middle,21,100,1.684156206895075,1.1651789565721147,1.1683882209968774,1.6447527442183985,0.788977430730599,-0.1060480200518723,0.136625,0.0,0.35,1.1062254336816004,0.20044462220299292,0.051962891515161,0.04146584202350337,7.019627092345442e-09,5.228040902117134e-09
SN_normal_qm05,snake,1,-0.5,0.36954256660758034,8,late,451,500,1.8287575696240734,1.082455466321397,1.268705833021796,1.5279812501626946,0.7580297534300982,-0.023619053540885216,0.3424,0.1664,0.41,1.4837619374562498,0.180100090497252,0.04434016991420433,0.03247544735539113,8.740836547761445e-13,4.720532590040937e-13
SN_normal_qm05,snake,1,-0.5,0.36954256660758034,8,final,500,500,1.816236718668281,1.0800585784939223,1.2600194565956,1.5245978318391944,0.7193193322350413,-0.011053306390531361,0.31,0.15,0.41,1.494919921744267,0.18125310677291984,0.04659678214655241,0.03159876601513313,9.76659875203318e-14,4.0539540886676437e-14
SN_normal_qm05,snake,1,-0.5,0.36954256660758034,9,initial,0,0,1.0,1.0,0.7202572566321502,1.432101642074296,0.9589692683240904,-0.05870646988041699,0.06,0.0,0.0,1.0,0.10206279604236056,0.017544519620420654,0.001979219898740906,5.93084460855888,1.1925476080234791
SN_normal_qm05,snake,1,-0.5,0.36954256660758034,9,early,2,20,1.4165294029920976,1.1032395846312255,1.0202655817378659,1.5799512207517423,0.8191177298607979,-0.16677052672967732,0.1694736842105263,0.0,0.42,1.046389645504942,0.24077822147078567,0.07186549122950252,0.07856185380452381,3.182417280052347e-05,1.1285893383063092e-05
SN_normal_qm05,snake,1,-0.5,0.36954256660758034,9,middle,21,100,1.6824367204464339,1.1647249495690182,1.2117872567259402,1.6680045128426926,0.7960809266925285,-0.09206028349315375,0.144625,0.0,0.4,1.1507585718156896,0.2000923398223291,0.05332991241220813,0.047286549214047784,6.585012474384569e-09,3.461722152892437e-09
SN_normal_qm05,snake,1,-0.5,0.36954256660758034,9,late,451,500,1.7441863331144694,1.0865373584583082,1.2562628633443174,1.556031935223211,0.7726184448641977,-0.016794810057076393,0.3156,0.142,0.41,1.3721407573053293,0.1771530130343067,0.042807979910250156,0.03323472384708995,3.1682412199472635e-12,2.1718222793713337e-12
SN_normal_qm05,snake,1,-0.5,0.36954256660758034,9,final,500,500,1.753346082312569,1.0927567877143771,1.2628602391731791,1.5649387900735923,0.8796687796167523,0.027632382325828077,0.28,0.12,0.41,1.3889797109422388,0.15806078297571788,0.03439581666414868,0.027403077660647108,8.058638436926775e-13,5.581265080115786e-13
SN_normal_q0,snake,1,0,0.0,0,initial,0,0,1.0,1.0,0.7223637571689194,1.4398913264348285,1.0282861575446376,-0.13029632209800185,0.06,0.0,0.0,1.0,0.09690787394070474,0.014421144185838963,0.0017145316984251058,1.2938290247523672,1.3993149282620632
SN_normal_q0,snake,1,0,0.0,0,early,2,20,1.3793866383402833,1.097272128964358,0.9964189146600925,1.579952621234458,0.8712305198801419,-0.4359573884233894,0.12736842105263158,0.0,0.36,1.044112380612475,0.2267627299620394,0.06034206309855811,0.05630765824434776,2.0290686471221664e-05,4.635844794251568e-06
SN_normal_q0,snake,1,0,0.0,0,middle,21,100,1.6426997979719167,1.1609365940831786,1.1866267979636187,1.6716225323611602,0.885789634110592,-0.5680440897688925,0.094125,0.0,0.27,1.10365338090804,0.21004564444483562,0.052626602999208794,0.04620153355887885,8.495543387108824e-09,4.3038344420568395e-09
SN_normal_q0,snake,1,0,0.0,0,late,451,500,1.790864400507195,1.110154585643032,1.2936555369304419,1.5985019588692526,0.8518114256349426,-0.577395160583232,0.0694,0.0,0.28,1.3649064037772418,0.19001339450226315,0.04253149237795077,0.032830173879134554,2.9990446399673804e-12,2.674402059932796e-12
SN_normal_q0,snake,1,0,0.0,0,final,500,500,1.79054268923288,1.1140568075573227,1.2934231443656041,1.604120734357464,0.737868162529299,-0.5400177302770317,0.07,0.0,0.28,1.3664137324202934,0.20437942945183704,0.05038560752153718,0.03537426581779255,3.1428048836013296e-13,1.4542367215463822e-13
SN_normal_q0,snake,1,0,0.0,1,initial,0,0,1.0,1.0,0.7127536716197848,1.4203201929643945,0.9550576902340578,0.06741271622711792,0.07,0.0,0.0,1.0,0.09383858786956806,0.014984101959206585,0.001676054377307491,11.197622792508328,0.8107655000379024
SN_normal_q0,snake,1,0,0.0,1,early,2,20,1.397639756088852,1.104024239298444,0.9961728677541097,1.5680679205977348,0.688285865741069,-0.3965925741557179,0.1436842105263158,0.0,0.4,1.0470141692735149,0.24442367527675682,0.07047642021607475,0.05431248418232732,1.448688214546901e-06,9.608686753125024e-07
SN_normal_q0,snake,1,0,0.0,1,middle,21,100,1.688699298279371,1.1836020591069734,1.2036266251103755,1.681093904983871,0.8544984950645305,-0.5527366738185192,0.088125,0.0,0.27,1.2048839881876856,0.2194051738935003,0.05857589486431145,0.05647022485656528,4.1156556886932596e-10,2.1366124176544365e-10
SN_normal_q0,snake,1,0,0.0,1,late,451,500,1.7815220347446412,1.1413028699322656,1.2697863713357926,1.6210155124530126,0.8950096661996636,-0.570316398640431,0.0708,0.0002,0.27,1.3931042148239392,0.19781044959052113,0.047599084919219846,0.040735890015781366,5.858172486631616e-11,9.562498561488757e-11
SN_normal_q0,snake,1,0,0.0,1,final,500,500,1.826468584051629,1.1393541888866445,1.301822189380988,1.61824776141427,0.7758843330258839,-0.5537673956993967,0.08,0.0,0.27,1.4455108543963413,0.19486256212895747,0.04470390732556044,0.029464981252599207,1.1681981409524497e-12,6.306274352603387e-13
SN_normal_q0,snake,1,0,0.0,2,initial,0,0,1.0,1.0,0.6951739093373812,1.3876885387931412,0.8110606104550595,0.035657786708325145,0.14,0.0,0.0,1.0,0.09725408151334809,0.014759040485100567,0.0017403067362751162,2.1286858616629916,1.2930392780592752
SN_normal_q0,snake,1,0,0.0,2,early,2,20,1.3307723913079248,1.0812650010942035,0.9251182457037852,1.5004590494165795,0.7349348896578594,-0.4339257990376791,0.13,0.0,0.36,1.0561392852315903,0.21901480089845818,0.054903163963937573,0.02812752236802813,0.00025681792588411835,0.00039649205695574353
SN_normal_q0,snake,1,0,0.0,2,middle,21,100,1.6769719630930244,1.1917049299166553,1.1657871554325603,1.6537152728686262,0.8852498156165336,-0.5592393222350601,0.096625,0.0,0.32,1.0840806835598542,0.20815672039176203,0.05048839322463671,0.04126426376800569,2.235463889662463e-08,1.3478957781615857e-08
SN_normal_q0,snake,1,0,0.0,2,late,451,500,1.8565613212045367,1.1968481345104112,1.290632991586331,1.6608524389360493,0.8848546674843749,-0.5799405631901696,0.0748,0.0,0.31,1.3890411540068008,0.17783354229928,0.037652092368079516,0.02784634037317428,3.0831906047614695e-10,2.6687834669977063e-10
SN_normal_q0,snake,1,0,0.0,2,final,500,500,1.82529430921866,1.1717914294631209,1.2688969806308106,1.6260815365220045,0.9992250769429669,-0.7085392551124096,0.05,0.0,0.31,1.3904734773184915,0.18152641186538465,0.03529766255754952,0.021260742568706865,7.910488980966434e-11,2.828536763547053e-11
SN_normal_q0,snake,1,0,0.0,3,initial,0,0,1.0,1.0,0.7019225972385064,1.3999858554973614,1.083854858035675,0.12632403071969747,0.05,0.0,0.0,1.0,0.09900362643730118,0.016597092406405393,0.0016492214254314156,5.116506611948383,1.0654951204033913
SN_normal_q0,snake,1,0,0.0,3,early,2,20,1.4167940108008192,1.0983293020545288,0.9944797318132714,1.5376454875546295,0.762165920224604,-0.4557889596770646,0.10894736842105263,0.0,0.33,1.093671876870855,0.2392938978045262,0.06236327564955369,0.04915514190398878,1.2031524410165219e-05,4.649816931892315e-06
SN_normal_q0,snake,1,0,0.0,3,middle,21,100,1.7264523509340415,1.1937055517451904,1.2118359181761476,1.6711708880719405,0.9208114279627224,-0.6130595152209455,0.085,0.0,0.33,1.2031261996819538,0.2111366501277741,0.052785714343490206,0.05187259638883392,2.556316956000307e-08,6.100320410847826e-09
SN_normal_q0,snake,1,0,0.0,3,late,451,500,1.8065713886359607,1.139832992641647,1.2680732812081286,1.595750067327534,0.8815466715324245,-0.5956577541195253,0.0708,0.0,0.28,1.4252304520338255,0.19030439871254912,0.0430008261632187,0.029723498158740584,8.920847306379664e-12,7.453637466578538e-12
SN_normal_q0,snake,1,0,0.0,3,final,500,500,1.8389392570581362,1.1459100651585106,1.290793019478096,1.6042578828939744,0.8458128995342247,-0.6118232585591068,0.09,0.0,0.27,1.427745761300326,0.1916218167524376,0.043709341634290196,0.03900661246092833,6.842163618074802e-13,7.288143925511829e-13
SN_normal_q0,snake,1,0,0.0,4,initial,0,0,1.0,1.0,0.6889504467660763,1.4005079337377437,0.9966815379312718,0.04573907433077693,0.04,0.0,0.0,1.0,0.0990179919603878,0.0182789189609401,0.001955091389350663,1.826364051153688,1.0017383986245865
SN_normal_q0,snake,1,0,0.0,4,early,2,20,1.4453530568835433,1.1025262798549835,0.9957766342746315,1.5440968020912642,0.7389380049690158,-0.4171752833886268,0.13842105263157894,0.0,0.31,1.0845770942936026,0.24659268252477815,0.0717859177195225,0.06149860034601117,3.1832414990265916e-07,2.5000339538888847e-07
SN_normal_q0,snake,1,0,0.0,4,middle,21,100,1.7405232244597313,1.1746591746282184,1.1991342530982636,1.6451194935046496,0.8459112937061309,-0.5283111401940005,0.094875,0.0,0.28,1.238621411171036,0.22384071921834817,0.06087662041114327,0.05370578054851548,9.703014281372532e-10,9.80266946252535e-10
SN_normal_q0,snake,1,0,0.0,4,late,451,500,1.9488157184596018,1.1619113251092463,1.3426374598974946,1.6272660291152343,0.8429441479559308,-0.5891537729470874,0.0654,0.0002,0.17,1.5011226049279023,0.20406511271266756,0.048554000385992786,0.03974656551832853,9.620521713422728e-12,8.251121224804605e-12
SN_normal_q0,snake,1,0,0.0,4,final,500,500,1.963616899233028,1.1676661718466281,1.3528347400040122,1.6353257376283823,0.9548050344858215,-0.6509355368651449,0.04,0.0,0.18,1.542383547014889,0.21730187674949517,0.05177901079587301,0.050234625346577216,6.999284120587884e-13,2.1496869310329044e-13
SN_normal_q0,snake,1,0,0.0,5,initial,0,0,1.0,1.0,0.7318089860993301,1.4241256246236833,0.8840709951766825,0.09504209799692034,0.06,0.0,0.0,1.0,0.10266809539896946,0.01556019531702693,0.001812512357087724,3.4498087163893727,0.89198605440153
SN_normal_q0,snake,1,0,0.0,5,early,2,20,1.3852809886892783,1.1036517247159352,1.013761075795378,1.5717387018280866,0.7042264300218556,-0.40309676011984075,0.12947368421052632,0.0,0.44,1.0378825783878414,0.24098697844009861,0.0640768746252195,0.04911624748144333,9.861114604567268e-07,2.984313751697309e-07
SN_normal_q0,snake,1,0,0.0,5,middle,21,100,1.6584217789490132,1.176730696899978,1.2136479605777246,1.6758123387365436,0.8609364105871734,-0.5347341574740381,0.090875,0.0,0.36,1.1083365397902276,0.20213476473709804,0.048596298509258735,0.03733427190304026,7.017041925108305e-10,7.057218544869709e-10
SN_normal_q0,snake,1,0,0.0,5,late,451,500,1.7392059767866677,1.143501656331509,1.2727665624901463,1.628490010581327,0.8660091289198932,-0.5534007732358411,0.082,0.0,0.31,1.4120865496778556,0.19319199318955985,0.044876149670358634,0.03136992683362145,1.5293995284179035e-12,2.446733813952412e-12
SN_normal_q0,snake,1,0,0.0,5,final,500,500,1.7576917039462294,1.1517333953072186,1.2862945837400939,1.6402130409918485,1.0241805316393344,-0.6978052438050508,0.05,0.0,0.31,1.415055894419316,0.15962387564023894,0.029404973697826173,0.015889522728497443,2.8140665852068372e-12,2.4947146641256097e-12
SN_normal_q0,snake,1,0,0.0,6,initial,0,0,1.0,1.0,0.7122233603226376,1.4206182261212177,0.9074119256983116,0.12177180511178448,0.12,0.0,0.0,1.0,0.0950552343916686,0.016628704846095035,0.0020568768429691455,2.6958166491233806,0.9739679045911769
SN_normal_q0,snake,1,0,0.0,6,early,2,20,1.4214494672427493,1.115568352213517,1.0123895160884537,1.584796733638536,0.8323480748803,-0.5560174996377655,0.11473684210526315,0.0,0.31,1.1040047862231184,0.24727866985681884,0.07260724104568984,0.0592895731223873,1.0369049037291351e-06,3.893268853867551e-07
SN_normal_q0,snake,1,0,0.0,6,middle,21,100,1.6776092902079043,1.1893803562735947,1.1948325259803483,1.689655411912816,0.8926601271193317,-0.54602880569837,0.092,0.0,0.33,1.1684024165850602,0.20554124105620553,0.05096038293595454,0.040965436741908945,5.78520687059812e-10,3.955787193856312e-10
SN_normal_q0,snake,1,0,0.0,6,late,451,500,1.8093367456790395,1.1459017583471023,1.288651896962751,1.6278889232522444,0.8386979359690271,-0.5730582601508125,0.0682,0.0,0.35,1.3739327856652994,0.1989222367435769,0.047414620679532796,0.034636541567073735,9.386204980651825e-12,7.692456360219197e-12
SN_normal_q0,snake,1,0,0.0,6,final,500,500,1.791223765024442,1.136863582049955,1.2757514090154745,1.6150491252736205,0.721438794962122,-0.5257307598076295,0.1,0.0,0.35,1.4246688524358646,0.19836731810269134,0.04207864030898138,0.028264485782102115,1.8788094349939582e-13,2.282740709156315e-13
SN_normal_q0,snake,1,0,0.0,7,initial,0,0,1.0,1.0,0.6784986527169264,1.4020331151523138,0.9713000352272748,-0.10570058714365586,0.07,0.0,0.0,1.0,0.1006962298499074,0.015726325398020626,0.0017884157799368469,2.741647672576359,0.7785075164731028
SN_normal_q0,snake,1,0,0.0,7,early,2,20,1.460818931709285,1.1196552230301322,0.9911636770281296,1.569793700241495,0.8866450062373062,-0.5876814360077113,0.11421052631578947,0.0,0.3,1.0941732018184482,0.22966798101384375,0.058699432867093074,0.034634029195923344,2.7782791912212765e-06,9.664006306183535e-07
SN_normal_q0,snake,1,0,0.0,7,middle,21,100,1.7445232409012972,1.1910619493853145,1.1836566685848962,1.6699082952360802,0.9125089164634261,-0.6100239841991788,0.08375,0.0,0.27,1.1985657793020508,0.20956319850621435,0.05292939404763679,0.0461248215642447,8.990502936432918e-10,8.263632015820053e-10
SN_normal_q0,snake,1,0,0.0,7,late,451,500,1.8908369059265886,1.1657621492127843,1.282930293178632,1.6344371375874565,0.8598351375879086,-0.5484433018886019,0.0766,0.0,0.25,1.4051242746088228,0.20000775440153545,0.04936760540509924,0.04235435823917754,2.3434428295412813e-12,1.2791749178124537e-12
SN_normal_q0,snake,1,0,0.0,7,final,500,500,1.912300460047277,1.1709938100773485,1.297493285732036,1.641772099366822,0.8936402126835924,-0.5018706773221493,0.04,0.0,0.24,1.4372473500367349,0.19068220493145688,0.0447587321582067,0.03579884239462186,8.039804781414896e-13,4.216409337525091e-13
SN_normal_q0,snake,1,0,0.0,8,initial,0,0,1.0,1.0,0.6937528812430814,1.4115880954949276,0.9534892416789081,0.13502423078753054,0.1,0.0,0.0,1.0,0.09911488383105639,0.015311283164008298,0.0015694675099522173,2.8604720819075418,0.9167004425859329
SN_normal_q0,snake,1,0,0.0,8,early,2,20,1.434042523280141,1.1063396954288798,0.9948711323506965,1.5616959436408906,0.8289984866037056,-0.47174545227243997,0.12157894736842105,0.0,0.34,1.0478846800939898,0.22076058580191033,0.0591122622827845,0.05007187942621124,0.00010847222755747432,4.6269975699443833e-05
SN_normal_q0,snake,1,0,0.0,8,middle,21,100,1.70559432540846,1.189223137233275,1.1832609774839689,1.678693223405622,0.8802638521435376,-0.5485519834006445,0.0955,0.0,0.25,1.178681773968878,0.21254121818039562,0.05314628996003375,0.04242934056105085,6.917102456850664e-09,4.363488219801221e-09
SN_normal_q0,snake,1,0,0.0,8,late,451,500,1.8808200077783113,1.134420607039418,1.3048242994958381,1.6013346241809716,0.8167149968753971,-0.5159735315858678,0.0726,0.0,0.24,1.3156673024069723,0.1929101118636958,0.04458398008383689,0.03324505639408016,4.0172615670607045e-13,2.1976572097493294e-13
SN_normal_q0,snake,1,0,0.0,8,final,500,500,1.8577036431178102,1.1168735205167184,1.28878725490875,1.5765653657349095,0.8361023521976413,-0.6195077983965166,0.06,0.0,0.25,1.3887440323025113,0.19818394942329945,0.04925540345820588,0.041676032064549416,2.7236032959459354e-13,5.607442046355845e-14
SN_normal_q0,snake,1,0,0.0,9,initial,0,0,1.0,1.0,0.7202572566321502,1.432101642074296,0.8600414350151762,-0.05870646988041699,0.1,0.0,0.0,1.0,0.10206279604236056,0.017544519620420654,0.001979219898740906,3.71698969616953,1.192547608023479
SN_normal_q0,snake,1,0,0.0,9,early,2,20,1.406192685922595,1.1065084537454632,1.012820486258803,1.5846325735779678,0.8238778697282187,-0.5442196039429645,0.11315789473684211,0.0,0.34,1.0819934239619104,0.2523248616486059,0.0731988261054112,0.08036700370330835,1.3286165874119913e-05,4.922273908448931e-06
SN_normal_q0,snake,1,0,0.0,9,middle,21,100,1.6606675750492783,1.1652173557835084,1.1961078717829585,1.6687096885910313,0.8737779705409511,-0.5491696843574159,0.085,0.0,0.24,1.2432230724074056,0.21863391593976572,0.05640964645491207,0.0461871584422504,9.23157498154532e-09,3.4514447387809647e-09
SN_normal_q0,snake,1,0,0.0,9,late,451,500,1.769336292683813,1.1449753731540588,1.2743773042281423,1.6397211120285573,0.8568141886500712,-0.5969622784804189,0.0612,0.0,0.26,1.2849483152810626,0.1996447535488408,0.04610552504517251,0.03728717850875107,6.834375947884527e-12,5.672152513392639e-12
SN_normal_q0,snake,1,0,0.0,9,final,500,500,1.760182344802036,1.1380145158330786,1.26778410683946,1.6297524568289368,0.8737244167230048,-0.6036121750902385,0.07,0.0,0.25,1.2902140212507862,0.18971531523330054,0.0403997783649093,0.03678682051637265,9.1197503277394e-12,4.982787381925545e-12
SN_normal_qp05,snake,1,0.5,-1.4941344627952486,0,initial,0,0,1.0,1.0,0.7223637571689194,1.4398913264348285,1.7030706868084402,-0.13029632209800185,0.05,0.0,0.0,1.0,0.09690787394070474,0.014421144185838963,0.0017145316984251058,2.840005857207666,1.3993149282620632
SN_normal_qp05,snake,1,0.5,-1.4941344627952486,0,early,2,20,1.3970535816938303,1.1069882979262469,1.0091808742386512,1.5939428486488567,1.0149546676228185,-0.74916338540197,0.057368421052631575,0.0,0.32,1.0614313018530996,0.22099820864273415,0.05742675412473684,0.0475003986080261,4.946953259711889e-05,1.4180156917485543e-05
SN_normal_qp05,snake,1,0.5,-1.4941344627952486,0,middle,21,100,1.6745317218228646,1.1970388246613282,1.2096210260745044,1.7236058210355878,0.9081050975440295,-0.9452388296246008,0.081,0.0,0.22,1.1583286968716027,0.21087671241188477,0.05113446597065933,0.04467477755922482,3.2626099802024844e-09,2.1805521453971727e-09
SN_normal_qp05,snake,1,0.5,-1.4941344627952486,0,late,451,500,1.7565268690299825,1.125845557514164,1.2688513486806567,1.6210952531698286,0.8153520012988597,-1.0072472584788688,0.092,0.0,0.22,1.3228691037559788,0.19031575282578117,0.042595970904369174,0.031435578095570196,2.821979918427562e-11,2.5569767482318074e-11
SN_normal_qp05,snake,1,0.5,-1.4941344627952486,0,final,500,500,1.7262608809603033,1.1095645767470057,1.2469882958242136,1.5976524101773453,0.8001619655767257,-1.1116739655286074,0.08,0.0,0.23,1.2953609498259375,0.18890205362497228,0.04216416595187858,0.03009028563521462,2.6139195309463976e-13,1.1444698683392973e-13
SN_normal_qp05,snake,1,0.5,-1.4941344627952486,1,initial,0,0,1.0,1.0,0.7127536716197848,1.4203201929643945,1.8292130301522582,0.06741271622711792,0.01,0.0,0.0,1.0,0.09383858786956806,0.014984101959206585,0.001676054377307491,13.000996323759429,0.8107655000379024
SN_normal_qp05,snake,1,0.5,-1.4941344627952486,1,early,2,20,1.4158992219003028,1.1155846858877327,1.009187369053037,1.5844874563281879,1.005318763881476,-0.7117387985624373,0.04473684210526316,0.0,0.4,1.0390245664413662,0.24220769709569992,0.06729780153459651,0.05365683381256489,2.5744406840747774e-07,1.6489407247965654e-07
SN_normal_qp05,snake,1,0.5,-1.4941344627952486,1,middle,21,100,1.7356505004692275,1.2136440055283975,1.2370912668581586,1.723763088122174,0.8966661724737311,-0.8953397452163244,0.072875,0.0,0.31,1.219572238076947,0.22152199080179497,0.05755654312395851,0.05497383560227619,1.5704468639015857e-09,1.5794137798589952e-09
SN_normal_qp05,snake,1,0.5,-1.4941344627952486,1,late,451,500,1.7956040177812578,1.151779372204039,1.2798233564488286,1.6358955001812496,0.8411467480195502,-0.9157588545990875,0.0848,0.0,0.31,1.3135796041635204,0.2007169386081352,0.04889303807314538,0.03843987843489139,8.67576762410281e-12,6.891924676913611e-12
SN_normal_qp05,snake,1,0.5,-1.4941344627952486,1,final,500,500,1.8286323704432186,1.162675899549599,1.3033644360761942,1.6513720580033373,0.8461183238390733,-0.9307893198076636,0.05,0.0,0.33,1.3509763398816177,0.2070260044270524,0.0473190112577595,0.03045836915704221,1.0752666712441313e-13,5.88904444827133e-14
SN_normal_qp05,snake,1,0.5,-1.4941344627952486,2,initial,0,0,1.0,1.0,0.6951739093373812,1.3876885387931412,1.7311303136159337,0.035657786708325145,0.01,0.0,0.0,1.0,0.09725408151334809,0.014759040485100567,0.0017403067362751162,1.2958697188279538,1.2930392780592752
SN_normal_qp05,snake,1,0.5,-1.4941344627952486,2,early,2,20,1.3309717439792985,1.090734730477089,0.9252568304796809,1.5136000843466824,1.048871733218608,-0.6470538731403097,0.05631578947368421,0.0,0.39,1.048727382368655,0.22045382975686537,0.05578731325506536,0.028397543733886685,0.00023143820397828014,0.00036818570887923454
SN_normal_qp05,snake,1,0.5,-1.4941344627952486,2,middle,21,100,1.648021804142087,1.1916301627968993,1.1456617602586987,1.6536115193934622,0.9354580371664706,-0.8435447024504646,0.07025,0.0,0.32,1.1002848667916185,0.20834232354898136,0.05040143906512691,0.039555737962160165,1.2841354661253733e-08,1.0730585366476928e-08
SN_normal_qp05,snake,1,0.5,-1.4941344627952486,2,late,451,500,1.8455164850127403,1.1919468394132393,1.2829549096328892,1.654050967904461,0.8633864462726872,-0.9096702343375422,0.0676,0.0,0.28,1.3957409106930665,0.1773271739630085,0.03729375972112741,0.02861688773567309,2.792869953221272e-10,2.5886874038335983e-10
SN_normal_qp05,snake,1,0.5,-1.4941344627952486,2,final,500,500,1.8597433382348254,1.1890581463786194,1.2928450468048551,1.6500423616882274,0.7775037729863611,-1.023551829010248,0.09,0.0,0.29,1.3884896607034753,0.16899095702763317,0.030828842338473182,0.02158454534627424,1.081091796569807e-08,8.958904795412083e-09
SN_normal_qp05,snake,1,0.5,-1.4941344627952486,3,initial,0,0,1.0,1.0,0.7019225972385064,1.3999858554973614,1.9454226588983154,0.12632403071969747,0.05,0.0,0.0,1.0,0.09900362643730118,0.016597092406405393,0.0016492214254314156,8.54002435929132,1.0654951204033916
SN_normal_qp05,snake,1,0.5,-1.4941344627952486,3,early,2,20,1.4173849740200484,1.1082824970792624,0.9948945422509852,1.5515798198062631,1.0123949516764092,-0.7209085954345861,0.05578947368421053,0.0,0.3,1.0645766314975607,0.2399318025621052,0.06365788633289499,0.05352973696748847,4.26162169958377e-05,1.6098140633670515e-05
SN_normal_qp05,snake,1,0.5,-1.4941344627952486,3,middle,21,100,1.6958433730455047,1.1884868610946422,1.1903507849178097,1.6638647949769565,0.8791389851754022,-0.9167306788043825,0.0815,0.0,0.3,1.1603834604827903,0.2093735148463243,0.05228152267796554,0.043299841490594924,2.454044557786287e-09,1.4881679314513814e-09
SN_normal_qp05,snake,1,0.5,-1.4941344627952486,3,late,451,500,1.836298165969139,1.1628374360397982,1.288939177961364,1.6279559626985352,0.8310173201342527,-0.9417736829479177,0.0844,0.0,0.26,1.383791616779429,0.19005620794433636,0.04410426109000707,0.03427486687883139,5.247271152898308e-12,4.818706243505139e-12
SN_normal_qp05,snake,1,0.5,-1.4941344627952486,3,final,500,500,1.8302440629634615,1.1615877570351965,1.2846896662556693,1.6262064297681806,0.7863327569528302,-1.1382097034156322,0.16,0.0,0.25,1.395288769585383,0.1862612302287086,0.041613059823495745,0.035037880535783356,5.542680914029466e-13,2.4851173513675904e-13
SN_normal_qp05,snake,1,0.5,-1.4941344627952486,4,initial,0,0,1.0,1.0,0.6889504467660763,1.4005079337377437,1.8337100467286058,0.04573907433077693,0.04,0.0,0.0,1.0,0.0990179919603878,0.0182789189609401,0.001955091389350663,1.7179359470222983,1.0017383986245867
SN_normal_qp05,snake,1,0.5,-1.4941344627952486,4,early,2,20,1.4207830481861656,1.1064010707292102,0.9788491158055266,1.5495234774521935,1.032173230523134,-0.6735021297725402,0.05631578947368421,0.0,0.31,1.1032638703431545,0.24825459958672694,0.06874733948085211,0.052375384612480404,1.4713827986401967e-06,7.5631354566895e-07
SN_normal_qp05,snake,1,0.5,-1.4941344627952486,4,middle,21,100,1.7586956986658249,1.2044173616956102,1.2116541873213968,1.6867960705861835,0.9073461788418251,-0.8933389099474812,0.079625,0.0,0.28,1.2569105299097472,0.22575157974846546,0.060841849213947696,0.052438490567562765,3.2235095513177333e-10,2.007697342438589e-10
SN_normal_qp05,snake,1,0.5,-1.4941344627952486,4,late,451,500,1.8920770109366702,1.1733964336139957,1.3035473020006412,1.6433510146959744,0.855738837891785,-0.9319900061908178,0.0746,0.0,0.24,1.5412806817409934,0.20020429320314426,0.048804347280347764,0.038738715508224865,1.0885414393801197e-11,1.360528767638093e-12
SN_normal_qp05,snake,1,0.5,-1.4941344627952486,4,final,500,500,1.8647017382803803,1.1633283399720162,1.284687095673747,1.6292505696727677,0.8347905242194499,-1.0065618759393693,0.09,0.0,0.26,1.54952106756509,0.21274081990863314,0.057524486329746424,0.049958993787176824,9.659482826066472e-13,1.629132932393765e-13
SN_normal_qp05,snake,1,0.5,-1.4941344627952486,5,initial,0,0,1.0,1.0,0.7318089860993301,1.4241256246236833,1.8160480900824898,0.09504209799692034,0.01,0.0,0.0,1.0,0.10266809539896946,0.01556019531702693,0.001812512357087724,5.978902011025733,0.8919860544015298
SN_normal_qp05,snake,1,0.5,-1.4941344627952486,5,early,2,20,1.3751516387133842,1.1103180740403364,1.006348326459674,1.5812324207236592,0.9940225846035107,-0.7159170934578134,0.04842105263157895,0.0,0.38,1.0645948605632833,0.23408623444749302,0.058500546305783066,0.042220914957574227,1.0683585094653652e-06,6.215058510173497e-07
SN_normal_qp05,snake,1,0.5,-1.4941344627952486,5,middle,21,100,1.6648500340420485,1.1872703261006365,1.2183522154197468,1.6908220947552333,0.9062767235619198,-0.8885675820216274,0.0855,0.0,0.27,1.145425325726877,0.2027898010663875,0.04911917713297808,0.03710159278617827,6.111283904468372e-10,3.891725425730423e-10
SN_normal_qp05,snake,1,0.5,-1.4941344627952486,5,late,451,500,1.7498295134202269,1.1455782814522095,1.2805409620627404,1.6314473856284537,0.8524525553296279,-0.9820885558339767,0.082,0.0,0.35,1.3732595961645924,0.1885874186519182,0.042981037193593044,0.030312486942742113,3.508879684429837e-11,4.4516468755333865e-11
SN_normal_qp05,snake,1,0.5,-1.4941344627952486,5,final,500,500,1.7580982203196311,1.1416340109014742,1.286592076075146,1.625830248866703,0.6920962163771623,-1.0440520829707385,0.1,0.0,0.33,1.379869622672596,0.16138494146451873,0.030193834484830703,0.017021357827573143,1.7581668234578445e-12,2.1569977713331537e-12
SN_normal_qp05,snake,1,0.5,-1.4941344627952486,6,initial,0,0,1.0,1.0,0.7122233603226376,1.4206182261212177,1.8492487926292047,0.12177180511178448,0.05,0.0,0.0,1.0,0.0950552343916686,0.016628704846095035,0.0020568768429691455,3.9179561904502345,0.9739679045911769
SN_normal_qp05,snake,1,0.5,-1.4941344627952486,6,early,2,20,1.434465903409773,1.1234510187555415,1.0216601259947564,1.5959949933985722,0.8975312214631506,-0.7988340556926988,0.06263157894736843,0.0,0.28,1.0954330333983529,0.2536745489359853,0.07255228006476422,0.061598691840242165,4.362344840745074e-06,1.5660635532941618e-06
SN_normal_qp05,snake,1,0.5,-1.4941344627952486,6,middle,21,100,1.6754068665428417,1.1952736328126987,1.1932639083967633,1.6980275079758393,0.9312189639331495,-0.8783115753599086,0.081625,0.0,0.31,1.1892959712658762,0.2030404948768883,0.04977240762828541,0.03731145524401433,1.343923566878386e-09,7.127070103155203e-10
SN_normal_qp05,snake,1,0.5,-1.4941344627952486,6,late,451,500,1.7937115222951263,1.1387876167491722,1.2775232478584684,1.6177824440350181,0.8515121980465061,-0.9639082849807921,0.0732,0.0,0.25,1.3381011647514214,0.19624085519789183,0.04634461382442806,0.03181359301888211,1.2523469434334779e-12,3.885024049319366e-13
SN_normal_qp05,snake,1,0.5,-1.4941344627952486,6,final,500,500,1.786032892952059,1.1332720532180507,1.272054348665077,1.6099469339553771,0.8720701121856691,-0.9784743312746287,0.11,0.0,0.27,1.383601770719857,0.1831121861776785,0.03612143542463231,0.020538456103486813,4.498072126341877e-13,5.085358871620816e-13
SN_normal_qp05,snake,1,0.5,-1.4941344627952486,7,initial,0,0,1.0,1.0,0.6784986527169264,1.4020331151523138,1.6911533849319802,-0.10570058714365586,0.03,0.0,0.0,1.0,0.1006962298499074,0.015726325398020626,0.0017884157799368469,3.0860636384372295,0.7785075164731031
SN_normal_qp05,snake,1,0.5,-1.4941344627952486,7,early,2,20,1.4655474203589283,1.1260739967859525,0.9943719502062999,1.5787930336058258,0.9505474667648579,-0.7935846535976682,0.05842105263157895,0.0,0.32,1.090646037346239,0.22933148356306343,0.05693242441783682,0.03441127550020442,1.6898680945945472e-06,5.902904791387808e-07
SN_normal_qp05,snake,1,0.5,-1.4941344627952486,7,middle,21,100,1.7900040432699942,1.215508773568473,1.2145153317165418,1.7041835523011746,0.891190816463076,-0.9283270036324539,0.085875,0.0,0.28,1.19916458816558,0.20732895425400538,0.05108008080153448,0.04013617451434004,1.9264309478565796e-09,7.963606630568468e-10
SN_normal_qp05,snake,1,0.5,-1.4941344627952486,7,late,451,500,1.8758434466918767,1.1506671574955711,1.2727572512883139,1.613273459326974,0.8531312890449007,-0.9528807071278221,0.091,0.0,0.29,1.3333052052534384,0.20173578506983342,0.050333063741223615,0.04484570212501601,3.6515389760004384e-11,1.5227755629899906e-11
SN_normal_qp05,snake,1,0.5,-1.4941344627952486,7,final,500,500,1.9025517188528354,1.1528260594263746,1.2908787779659212,1.6163003113263266,0.8122989840147488,-0.9166868634149432,0.1,0.0,0.28,1.3174950779217585,0.20457047019802174,0.051921890676771325,0.04509681462571814,1.631320514552157e-12,7.869665958432862e-13
SN_normal_qp05,snake,1,0.5,-1.4941344627952486,8,initial,0,0,1.0,1.0,0.6937528812430814,1.4115880954949276,1.8828351600642055,0.13502423078753054,0.03,0.0,0.0,1.0,0.09911488383105639,0.015311283164008298,0.0015694675099522173,2.6686310969263327,0.916700442585933
SN_normal_qp05,snake,1,0.5,-1.4941344627952486,8,early,2,20,1.4357654548610508,1.1097226652688845,0.9960664210991375,1.56647130359446,0.9829114553871408,-0.7291710169314588,0.05947368421052632,0.0,0.31,1.1067399978509873,0.22896292079850636,0.0602996554226467,0.05081991448243342,7.019575750280926e-06,6.074409713839864e-06
SN_normal_qp05,snake,1,0.5,-1.4941344627952486,8,middle,21,100,1.6927811213504058,1.1772249791271805,1.1743717802507383,1.6617567662551926,0.8917102744138254,-0.8925655036877433,0.078875,0.0,0.25,1.2419430314304254,0.2207217361353241,0.05614662451555874,0.04914375802180085,1.177497610087801e-08,1.3316406696997715e-08
SN_normal_qp05,snake,1,0.5,-1.4941344627952486,8,late,451,500,1.8904234516674747,1.1603628180148307,1.3114867163638018,1.6379543403646821,0.8159100665226556,-0.9434384938138479,0.079,0.0,0.19,1.4593416532625585,0.1959998990374223,0.0466127218830551,0.03502540780198319,1.411783363015903e-12,9.590035713054575e-13
SN_normal_qp05,snake,1,0.5,-1.4941344627952486,8,final,500,500,1.8995290510692286,1.15874392477605,1.3178037521842136,1.635669129940942,0.8694659861653113,-0.9083026196248829,0.07,0.0,0.2,1.4640473549702793,0.1945590872408772,0.043826144990167765,0.030730692845767196,2.724646632035804e-12,1.4576260897868364e-12
SN_normal_qp05,snake,1,0.5,-1.4941344627952486,9,initial,0,0,1.0,1.0,0.7202572566321502,1.432101642074296,1.6723272237156954,-0.05870646988041699,0.02,0.0,0.0,1.0,0.10206279604236056,0.017544519620420654,0.001979219898740906,2.441510302776498,1.192547608023479
SN_normal_qp05,snake,1,0.5,-1.4941344627952486,9,early,2,20,1.3835212916100028,1.1085696405331424,0.9964912499871896,1.5875844025612251,0.942753399610072,-0.7689949120657739,0.07052631578947369,0.0,0.34,1.0675929459452842,0.255788803286865,0.07393401000172656,0.08643420472078829,2.490067894905385e-05,9.716640603491168e-06
SN_normal_qp05,snake,1,0.5,-1.4941344627952486,9,middle,21,100,1.6645250124465476,1.1887863850510332,1.198886219060346,1.7024629341071509,0.8815128951204054,-0.9430223653448775,0.07925,0.0,0.26,1.1898120128405751,0.21924466543892132,0.0574467168408416,0.05278140654807389,8.768157803924074e-07,2.0184514594497342e-07
SN_normal_qp05,snake,1,0.5,-1.4941344627952486,9,late,451,500,1.757676879091134,1.133115463560554,1.2659795269799397,1.6227365160248464,0.8476607548279927,-0.9145914600176737,0.0742,0.0,0.22,1.3026445348140738,0.19547527731434736,0.0448819764168811,0.03498873218344545,1.7780535982389334e-12,1.0689863548504643e-12
SN_normal_qp05,snake,1,0.5,-1.4941344627952486,9,final,500,500,1.7707904126224296,1.133920338609353,1.2754246446659445,1.6238891789038963,0.9130402620397114,-0.8795878611505031,0.04,0.0,0.25,1.3211363564812495,0.19641790941528436,0.04362593799501753,0.03317439712918631,3.5451689311868026e-13,2.2295527105644333e-13
SN_peak_q0,snake,1,0,0.0,0,initial,0,0,1.0,1.0,0.7223637571689194,1.4398913264348285,1.0282861575446376,-0.13029632209800185,0.06,0.0,0.0,1.0,0.09690787394070474,0.014505763098437041,0.001786388145336205,0.9054296246658452,1.3992266341302526
SN_peak_q0,snake,1,0,0.0,0,early,2,20,1.2962805299649058,1.059197578277567,0.9363860739703674,1.5251294059426443,0.5950346597851802,-0.03278571132993372,0.3463157894736842,0.0,0.66,0.8817636420656285,0.20530698638533137,0.06195090116881444,0.06612836649235229,0.00011149237296600112,5.802920686687316e-05
SN_peak_q0,snake,1,0,0.0,0,middle,21,100,1.5112969022141032,1.0767578629650236,1.0917061084811286,1.5504143075538392,0.6215947833925463,-0.025207996639460134,0.396,0.003875,0.71,0.5350372985129239,0.18919586906679564,0.054043911304664335,0.049427292943891296,8.946030623334657e-08,5.2820758856279353e-08
SN_peak_q0,snake,1,0,0.0,0,late,451,500,1.6194458910201877,0.9795880213544438,1.1698290183691114,1.4105002954277193,0.5624490822637297,0.0536533634268133,0.6852,0.6136,0.71,0.03400103719785383,0.18112436019931166,0.04839168170988023,0.04707475518589716,2.6411844403714464e-09,1.9701296450699374e-09
SN_peak_q0,snake,1,0,0.0,0,final,500,500,1.6358544344796668,0.9897802591771161,1.18168195547217,1.425176010265546,0.6612679413152626,-0.03774737667554291,0.76,0.67,0.71,0.04098692566736059,0.18404695128831663,0.050530847712142155,0.052999076662227154,9.798559341220619e-11,3.5761686318814406e-11
SN_peak_q0,snake,1,0,0.0,1,initial,0,0,1.0,1.0,0.7127536716197848,1.4203201929643945,0.9550576902340578,0.06741271622711792,0.07,0.0,0.0,1.0,0.09383858786956806,0.014321007132610124,0.0016214106286587058,12.786001075196172,0.7668210730599445
SN_peak_q0,snake,1,0,0.0,1,early,2,20,1.314304451495572,1.0711223379631993,0.9367753234296962,1.5213366857443644,0.6344983476149301,0.03976139092545246,0.4268421052631579,0.0,0.74,0.7983916320330897,0.21534222217911814,0.0666572155412244,0.05485793342170419,1.0934271859433383e-05,5.293475514052471e-06
SN_peak_q0,snake,1,0,0.0,1,middle,21,100,1.5249361136756525,1.096947810143659,1.0869038140079268,1.5580171253751116,0.6332080586681316,0.02392319659555051,0.478625,0.02725,0.74,0.3361593427807975,0.20066241807311622,0.05959523007258061,0.06177522279041975,1.3592305642869788e-08,3.125067121904499e-09
SN_peak_q0,snake,1,0,0.0,1,late,451,500,1.6188533631707256,0.9992927881915958,1.1538436784139714,1.419315725752215,0.6355652064929296,0.027625433975306625,0.7356,0.6802,0.74,0.0404179416383859,0.19466735245564706,0.055648107032849545,0.06396745592548862,2.8670233608554234e-09,1.7151650745450702e-09
SN_peak_q0,snake,1,0,0.0,1,final,500,500,1.618486478299993,0.9922731332560085,1.153582179875295,1.4093455680995584,0.6627148196959834,-0.012256987800938077,0.74,0.74,0.74,0.03573898642765941,0.18036463729367763,0.04742189907862157,0.047065761782468775,2.738823347945636e-12,1.0307854342081157e-12
SN_peak_q0,snake,1,0,0.0,2,initial,0,0,1.0,1.0,0.6951739093373812,1.3876885387931412,0.8110606104550595,0.035657786708325145,0.14,0.0,0.0,1.0,0.09725408151334809,0.01638517309825057,0.00186019917251435,5.765483968824705,1.3740587135871618
SN_peak_q0,snake,1,0,0.0,2,early,2,20,1.3176472527287353,1.072420729541979,0.9159939918070953,1.488185955149583,0.6265017547565987,0.05896953865865821,0.33,0.0,0.62,0.9160213172437247,0.18950430815892683,0.05306542531465418,0.029011573656947422,0.0009790927195738894,0.0010641283853362017
SN_peak_q0,snake,1,0,0.0,2,middle,21,100,1.5549838931941076,1.1058106213373857,1.0809842319884084,1.5345207253056123,0.6045320612008613,0.00580623804438801,0.357375,0.000875,0.69,0.5210182200045497,0.18303905008749632,0.05052517241288467,0.044473349328642074,1.1487016442581733e-07,5.4035894944566694e-08
SN_peak_q0,snake,1,0,0.0,2,late,451,500,1.7082636933913007,1.0426449228836439,1.1875403499139439,1.4468664095164911,0.6357620572927842,-0.08664544702197417,0.6186,0.4896,0.68,0.06601657202718858,0.16469298538384136,0.040485183516817035,0.037744641902043984,1.8641868265514352e-08,1.5716870568367137e-08
SN_peak_q0,snake,1,0,0.0,2,final,500,500,1.7019525864282137,1.030586968655227,1.1831530330141684,1.4301337246324246,0.6400592849155106,-0.09746559134335257,0.61,0.52,0.68,0.054450050236257826,0.15735694808407666,0.03735772184851995,0.03024644174617444,1.1704714998861399e-11,9.89260303475044e-12
SN_peak_q0,snake,1,0,0.0,3,initial,0,0,1.0,1.0,0.7019225972385064,1.3999858554973614,1.083854858035675,0.12632403071969747,0.05,0.0,0.0,1.0,0.09900362643730118,0.01517220716999329,0.001659931086611406,3.9182270207039043,0.7249110707636985
SN_peak_q0,snake,1,0,0.0,3,early,2,20,1.3596660374596914,1.074859246891371,0.9543803163906948,1.5047877422984657,0.5946908828281915,-0.047043739291659316,0.3636842105263158,0.0,0.64,0.8674381151812303,0.20096964928017225,0.06017365451159748,0.043478153855730846,0.0002161320170375527,0.00011433110011768812
SN_peak_q0,snake,1,0,0.0,3,middle,21,100,1.527654349222157,1.090080045632893,1.0722951084887167,1.5260966452459686,0.6546313635714159,0.023931299555525358,0.414625,0.00525,0.71,0.5041065206715876,0.18622696313017376,0.05233394704978007,0.04576734115071956,4.0573414693679057e-08,1.383344092678534e-08
SN_peak_q0,snake,1,0,0.0,3,late,451,500,1.659689291255699,1.0461271997760502,1.164973417927136,1.4645632827375326,0.6902180125436533,-0.026096023570869147,0.6962,0.6314,0.71,0.046004225192334366,0.18208563325011862,0.04881067289407217,0.0447650226820174,7.49214813441681e-10,4.456632528736069e-10
SN_peak_q0,snake,1,0,0.0,3,final,500,500,1.6479339789474357,1.0372942315814133,1.15672209858037,1.4521972522029831,0.6935671069770055,0.018106763269170188,0.7,0.6,0.71,0.038722270053777944,0.17955319137570536,0.047010106068939496,0.049563342181610966,1.4873918410568532e-12,1.531535831536781e-12
SN_peak_q0,snake,1,0,0.0,4,initial,0,0,1.0,1.0,0.6889504467660763,1.4005079337377437,0.9966815379312718,0.04573907433077693,0.04,0.0,0.0,1.0,0.0990179919603878,0.014630103262312075,0.0017573549868594878,1.8575265736956472,1.032976595809305
SN_peak_q0,snake,1,0,0.0,4,early,2,20,1.4072895788984534,1.0856288628328254,0.9695527841113329,1.5204318354920567,0.6191402846597206,-0.017315195757523487,0.44526315789473686,0.0,0.7,0.747339267603356,0.20848171173664892,0.06585215405587114,0.04883020969901029,2.6306302389246884e-05,6.0220585867642116e-06
SN_peak_q0,snake,1,0,0.0,4,middle,21,100,1.6474664747613967,1.111144311180138,1.1350227638189971,1.5561664233353436,0.5946527775460655,0.037671378692115925,0.528,0.0475,0.7,0.35735003840271445,0.20632315115008287,0.06382896338468218,0.0645865801340085,1.2515460791107538e-08,4.472034566423235e-09
SN_peak_q0,snake,1,0,0.0,4,late,451,500,1.7070521424359022,1.0283045583792256,1.1760743361842025,1.4401486923087923,0.6303469312217147,0.024916760626477026,0.7064,0.6602,0.7,0.043632575942749205,0.19429999677519016,0.05581514242403519,0.052738947766760816,3.121124546682362e-10,1.4054978482243314e-10
SN_peak_q0,snake,1,0,0.0,4,final,500,500,1.73431721327322,1.0403338702661524,1.1948586189186814,1.4569958390438391,0.5840519658200647,0.03582700891973218,0.72,0.69,0.7,0.04096001588211773,0.20688522128187772,0.06365224283056256,0.07134686771798146,2.1541990853611167e-10,9.125343317629649e-11
SN_peak_q0,snake,1,0,0.0,5,initial,0,0,1.0,1.0,0.7318089860993301,1.4241256246236833,0.8840709951766825,0.09504209799692034,0.06,0.0,0.0,1.0,0.10266809539896946,0.01885651199106572,0.0023100809555289454,3.5988268617698913,0.8840706465206737
SN_peak_q0,snake,1,0,0.0,5,early,2,20,1.291210303509424,1.0619977740700937,0.9449193030522399,1.5124182433465334,0.5967805426525123,0.06571523789944446,0.3705263157894737,0.0,0.72,0.7731004789680045,0.20138224525868909,0.06015291628103926,0.04518997240188801,0.0019172102168993417,0.000658391198578588
SN_peak_q0,snake,1,0,0.0,5,middle,21,100,1.485733944872678,1.0853578792216818,1.0872734518106324,1.5456859676868138,0.6196076852765785,0.03494660568219342,0.391375,0.002375,0.69,0.5115526926560658,0.18256847374508106,0.051077876904681074,0.04030531145099964,8.678202193351157e-09,3.52556673924873e-09
SN_peak_q0,snake,1,0,0.0,5,late,451,500,1.5216964249157108,0.9757921749246081,1.1135911178685416,1.38965064061741,0.6430719796104588,0.03790271070874023,0.7062,0.6166,0.72,0.044748560172587964,0.18241458871176822,0.049427077296389156,0.042797811576895356,2.2140216534645913e-09,6.600369477494786e-09
SN_peak_q0,snake,1,0,0.0,5,final,500,500,1.5330634720390668,0.9681044586487263,1.121909625098828,1.37870236687409,0.688785463047725,0.012761467105010525,0.63,0.47,0.72,0.046841776886609815,0.14404831155218595,0.03072580777343429,0.028205964235606385,8.06537617013174e-09,4.9883029994340814e-09
SN_peak_q0,snake,1,0,0.0,6,initial,0,0,1.0,1.0,0.7122233603226376,1.4206182261212177,0.9074119256983116,0.12177180511178448,0.12,0.0,0.0,1.0,0.0950552343916686,0.01573701883513406,0.0018957959632367916,2.766204177531234,1.0943449126237388
SN_peak_q0,snake,1,0,0.0,6,early,2,20,1.4230078390445065,1.1000699031768884,1.0134994248897333,1.5627793544604909,0.5967433549686569,0.01867133555377797,0.4536842105263158,0.0,0.67,0.8167068337919772,0.21288008177394394,0.06817605887234247,0.05866020161708715,2.1665358191645114e-05,1.0782542882574174e-05
SN_peak_q0,snake,1,0,0.0,6,middle,21,100,1.5644432659073555,1.1057151923968398,1.1142330398786584,1.5707991552180796,0.6199159980645164,-0.0011536876925952128,0.36,0.006875,0.68,0.49143005962165504,0.1820667677836344,0.04991274434268679,0.03939528481629157,7.55062284371584e-10,5.179089918599396e-10
SN_peak_q0,snake,1,0,0.0,6,late,451,500,1.6445322001980895,0.9973455646739262,1.1712742497838637,1.416847286916937,0.6391052800088163,0.013044072348284134,0.6686,0.6036,0.68,0.03865552625442396,0.18432272831837795,0.05065258047904229,0.045196420599457374,1.1339369798248953e-10,4.147070018996482e-11
SN_peak_q0,snake,1,0,0.0,6,final,500,500,1.6228535835614064,0.9846031386960872,1.155834232595739,1.3987451643278186,0.638410830373042,0.03513081622593745,0.69,0.65,0.68,0.04587847207541318,0.17941762536965697,0.04829265160846616,0.0433399862730698,5.675713907306548e-12,7.094104356537877e-12
SN_peak_q0,snake,1,0,0.0,7,initial,0,0,1.0,1.0,0.6784986527169264,1.4020331151523138,0.9713000352272748,-0.10570058714365586,0.07,0.0,0.0,1.0,0.1006962298499074,0.016038068109988774,0.001860050825996262,2.3679924817039355,0.7449021799105534
SN_peak_q0,snake,1,0,0.0,7,early,2,20,1.4143371632240445,1.0895260818608297,0.9596258597349938,1.527551646591034,0.5931488275166432,-0.0837302362841652,0.35789473684210527,0.0,0.68,0.854848716019661,0.19338989281662158,0.055187091813789245,0.035412851095053356,1.47553052890351e-06,7.45852528189579e-07
SN_peak_q0,snake,1,0,0.0,7,middle,21,100,1.569906716933568,1.0958705552572512,1.065179592330679,1.5364468083910199,0.6250880334555453,0.009547914400908837,0.37325,0.0035,0.71,0.49513485723367634,0.18830147001503816,0.05334573057181487,0.04561724777822492,1.1242232664023632e-07,8.638364226154699e-08
SN_peak_q0,snake,1,0,0.0,7,late,451,500,1.7599959157600955,1.0473143004038057,1.1941548576305179,1.468369331138714,0.6428280593899762,-0.0020377751059460934,0.7076,0.6586,0.7,0.04304078658739467,0.19261701352370098,0.054867842933810224,0.059507953709338514,2.1314453257941367e-09,1.1968552277977418e-09
SN_peak_q0,snake,1,0,0.0,7,final,500,500,1.7112151452911277,1.0279696541383898,1.1610571705888295,1.4412474964736932,0.5868411740524253,-0.03592103165050503,0.69,0.63,0.7,0.031363280547172856,0.20696417323216565,0.06384095526599905,0.06448018779665321,2.653872392723553e-13,1.9092864993632217e-13
SN_peak_q0,snake,1,0,0.0,8,initial,0,0,1.0,1.0,0.6937528812430814,1.4115880954949276,0.9534892416789081,0.13502423078753054,0.1,0.0,0.0,1.0,0.09911488383105639,0.016758239548991617,0.0017438604191911922,3.3847453059208368,1.2716058071350982
SN_peak_q0,snake,1,0,0.0,8,early,2,20,1.3565434721760319,1.0756231060479107,0.9411059423536159,1.5183367717365088,0.5899160418582657,0.007438779845037252,0.3778947368421053,0.0,0.67,0.8179686868302667,0.19851437530094918,0.05855224488615855,0.051942084231107924,0.0001337676699015899,5.3358187734091524e-05
SN_peak_q0,snake,1,0,0.0,8,middle,21,100,1.5638994875656764,1.0958265297900247,1.0849597754732665,1.5468556841791166,0.6077092214206058,-0.012546057872914617,0.422125,0.008125,0.69,0.47318635869714326,0.1930489645408248,0.05649017461730605,0.05026742737644132,1.3143740024018046e-09,1.5873663278647073e-09
SN_peak_q0,snake,1,0,0.0,8,late,451,500,1.6825515737376369,1.0127400416600836,1.1672750021205665,1.429571786638411,0.6167381283398886,0.061326169759225016,0.6916,0.624,0.7,0.04185380140977912,0.18530198406229,0.05108290054304189,0.04592243972824144,5.070073369432133e-11,3.083467884868206e-11
SN_peak_q0,snake,1,0,0.0,8,final,500,500,1.6895072637668083,1.0156482974628513,1.1721005321193378,1.433677045908252,0.6662571812246627,0.017891528561594896,0.73,0.66,0.7,0.04149789290705952,0.1837563388858109,0.04962423765062602,0.04576624696242908,3.5415714972057244e-12,1.4324405375373286e-12
SN_peak_q0,snake,1,0,0.0,9,initial,0,0,1.0,1.0,0.7202572566321502,1.432101642074296,0.8600414350151762,-0.05870646988041699,0.1,0.0,0.0,1.0,0.10206279604236056,0.01796099572273607,0.00220996312265326,6.428625815952072,1.1119335911038366
SN_peak_q0,snake,1,0,0.0,9,early,2,20,1.3056218968039843,1.0603076642869416,0.9403836455909022,1.5184683471292904,0.5293053396987444,-0.015476614721042815,0.4236842105263158,0.0,0.74,0.7275517630560355,0.22462275076447874,0.07432428419197444,0.06806895454228891,0.00013262232053111404,3.0419443902051508e-05
SN_peak_q0,snake,1,0,0.0,9,middle,21,100,1.5244151168068147,1.0837122845055303,1.0979710499998552,1.5519861421764567,0.603211096237333,0.004788772923769869,0.48575,0.026875,0.74,0.42508489196530586,0.20319301970688236,0.06186195861752478,0.060013264154413125,6.045450727654006e-08,1.515653210978797e-08
SN_peak_q0,snake,1,0,0.0,9,late,451,500,1.635516523882901,1.0030500713672617,1.1779926446684488,1.436469654287795,0.6237066693875535,0.04883203379187107,0.7204,0.6396,0.74,0.04415645273470928,0.18371019597986135,0.049677403453642514,0.05195322006637682,3.441982586641558e-08,2.6181624865444673e-08
SN_peak_q0,snake,1,0,0.0,9,final,500,500,1.5880759194831606,0.9757909649771561,1.1438232050905208,1.397431843265047,0.4784322057651171,0.0008188290079124272,0.63,0.48,0.74,0.03994548206896302,0.1902320807191728,0.055569839018125136,0.055822659350370424,5.266316021925852e-10,3.5076511009685494e-10
SN_peak_qp05,snake,1,0.5,-0.2554867146942845,0,initial,0,0,1.0,1.0,0.7223637571689194,1.4398913264348285,1.0276516553015718,-0.13029632209800185,0.11,0.0,0.0,1.0,0.09690787394070474,0.014505763098437041,0.0017863881453362045,1.1187197382072023,1.3992266341302526
SN_peak_qp05,snake,1,0.5,-0.2554867146942845,0,early,2,20,1.296515401876687,1.067911293617783,0.9365557369270151,1.5376762090820433,0.6898456107718732,-0.5247698205171496,0.24894736842105264,0.0,0.54,0.9874736377975297,0.20946568062034807,0.06147509585081469,0.05482663985610952,2.8761544620256138e-05,2.5313459357609205e-05
SN_peak_qp05,snake,1,0.5,-0.2554867146942845,0,middle,21,100,1.6117211143945727,1.1349008685349662,1.1642489197025414,1.6341339169668514,0.6993996116680488,-0.5575070140631769,0.252875,0.000625,0.54,0.9104701223612568,0.18549520593589297,0.05002837803466426,0.044198976989577234,1.4006880136531642e-08,1.2965201939859856e-08
SN_peak_qp05,snake,1,0.5,-0.2554867146942845,0,late,451,500,1.6894509186574844,1.029361921295746,1.220398113153903,1.4821693022360352,0.6808388795002345,-0.4970149124122079,0.5188,0.4334,0.58,0.05073770206767586,0.16981414454732108,0.04202669644602995,0.03406176929942831,4.03243522099208e-12,2.9349260331594667e-12
SN_peak_qp05,snake,1,0.5,-0.2554867146942845,0,final,500,500,1.6608410442827841,1.0198809558891746,1.1997313768084634,1.4685177423808844,0.6535466393583707,-0.45947707317769526,0.52,0.44,0.58,0.056211873204585525,0.19110069127724189,0.0545973758040242,0.041741932928488774,1.1962116432397805e-13,5.225010628984025e-14
SN_peak_qp05,snake,1,0.5,-0.2554867146942845,1,initial,0,0,1.0,1.0,0.7127536716197848,1.4203201929643945,1.0059099163719685,0.06741271622711792,0.13,0.0,0.0,1.0,0.09383858786956806,0.014321007132610124,0.0016214106286587058,14.730979351120912,0.7668210730599443
SN_peak_qp05,snake,1,0.5,-0.2554867146942845,1,early,2,20,1.3886993447055713,1.1004577037272898,0.989800556714885,1.5630022981070986,0.6061126861104622,-0.4408601839570206,0.28789473684210526,0.0,0.53,0.9847426937076024,0.21210830794758087,0.06730213266579409,0.05577419353386013,2.9128752582699226e-05,1.151513947343648e-05
SN_peak_qp05,snake,1,0.5,-0.2554867146942845,1,middle,21,100,1.6987956775180653,1.171075747384557,1.2108228564828207,1.6633025315011565,0.652223161893359,-0.47832269442381947,0.307625,0.003375,0.55,0.7154084646424266,0.1894053820076041,0.05257186887252189,0.04617136735180023,2.418147751262549e-07,2.248281185290936e-08
SN_peak_qp05,snake,1,0.5,-0.2554867146942845,1,late,451,500,1.7579259688625184,1.0965678866099342,1.2529681887425272,1.55747751230838,0.7013809212098367,-0.4690468354401179,0.543,0.464,0.56,0.07038840925359421,0.18020719946534122,0.047187666443958325,0.03859587741013305,6.508577735601489e-12,3.809925333325817e-12
SN_peak_qp05,snake,1,0.5,-0.2554867146942845,1,final,500,500,1.7672017912649365,1.0914352934653884,1.2595795652171438,1.5501875866229107,0.7103614590089612,-0.45289388723671437,0.58,0.55,0.56,0.06565760423026218,0.1672941608670705,0.04035959555590028,0.029471921492493638,5.208252513399777e-13,2.693870715861032e-13
SN_peak_qp05,snake,1,0.5,-0.2554867146942845,2,initial,0,0,1.0,1.0,0.6951739093373812,1.3876885387931412,0.8609953291254092,0.035657786708325145,0.09,0.0,0.0,1.0,0.09725408151334809,0.01638517309825057,0.00186019917251435,2.6469702608128216,1.3740587135871623
SN_peak_qp05,snake,1,0.5,-0.2554867146942845,2,early,2,20,1.322271480883087,1.0822199495149736,0.919208634570824,1.5017842203952207,0.6389388686786888,-0.5135716158146112,0.21157894736842106,0.0,0.47,1.0040331630729038,0.19563297218071252,0.053266521836853854,0.02974875444739091,0.0008383812275335651,0.0011880322471671779
SN_peak_qp05,snake,1,0.5,-0.2554867146942845,2,middle,21,100,1.6352323406535145,1.1622232531976406,1.1367708589270198,1.612803887981245,0.6908494015488643,-0.5190321031113526,0.237375,0.0,0.52,0.912049194037104,0.18165251787992553,0.047193510205016595,0.037987722214636185,1.214154439276977e-07,6.944367909045025e-08
SN_peak_qp05,snake,1,0.5,-0.2554867146942845,2,late,451,500,1.7427691736283812,1.0909094487193913,1.211527659503919,1.5138425388490433,0.7126446694139165,-0.47921886448942824,0.462,0.2972,0.57,0.13962454248094058,0.16376141873309966,0.03907335281918196,0.03409513378177283,9.429544952754806e-11,6.256224535476405e-11
SN_peak_qp05,snake,1,0.5,-0.2554867146942845,2,final,500,500,1.7401055031726569,1.078998103371083,1.2096759453000268,1.4973133014275888,0.6854161523535963,-0.46852316346019507,0.42,0.27,0.57,0.1192783575059263,0.1491043540638293,0.032311704044497284,0.023536355963371496,2.5089110496426033e-10,2.65229284982145e-10
SN_peak_qp05,snake,1,0.5,-0.2554867146942845,3,initial,0,0,1.0,1.0,0.7019225972385064,1.3999858554973614,1.142174696735943,0.12632403071969747,0.07,0.0,0.0,1.0,0.09900362643730118,0.01517220716999329,0.0016599310866114059,7.0055256532408645,0.7249110707636984
SN_peak_qp05,snake,1,0.5,-0.2554867146942845,3,early,2,20,1.4008188627854408,1.0918385835306943,0.9832664144270474,1.5285585734292464,0.6671072447909872,-0.5222114651454123,0.25526315789473686,0.0,0.5,1.000217924564646,0.20810711672529633,0.05932622042039981,0.04577124003716566,0.000141926430003971,5.501765855050445e-05
SN_peak_qp05,snake,1,0.5,-0.2554867146942845,3,middle,21,100,1.6380225890279436,1.138881125355083,1.1497650700258366,1.5944174665900337,0.6962682830193364,-0.5206263285042605,0.279625,0.00075,0.51,0.9834351067733115,0.1863569257609305,0.05036005248500274,0.04033819241619767,2.4788921132699986e-08,1.5242220087230016e-08
SN_peak_qp05,snake,1,0.5,-0.2554867146942845,3,late,451,500,1.754848891206398,1.0715978077556787,1.231768091476708,1.5002217736399308,0.6690735263713496,-0.45481987086493175,0.5132,0.3858,0.56,0.09020582601716975,0.16739334386880084,0.041422014754664435,0.03417455576844282,1.6079891336377513e-11,1.4749358801153157e-11
SN_peak_qp05,snake,1,0.5,-0.2554867146942845,3,final,500,500,1.7432433597570556,1.061907693772582,1.2236219066994525,1.4866557511254384,0.7958430841745886,-0.3300525127723813,0.59,0.48,0.56,0.08806122306392263,0.16056322937833248,0.03835118622863971,0.03618058257980208,7.873735092399276e-13,4.3008280746046874e-13
SN_peak_qp05,snake,1,0.5,-0.2554867146942845,4,initial,0,0,1.0,1.0,0.6889504467660763,1.4005079337377437,1.0402014233340482,0.04573907433077693,0.04,0.0,0.0,1.0,0.0990179919603878,0.014630103262312075,0.0017573549868594878,1.761304155397552,1.032976595809305
SN_peak_qp05,snake,1,0.5,-0.2554867146942845,4,early,2,20,1.4833890996065713,1.118403474107755,1.021981582901875,1.5663329386077662,0.6417599002657397,-0.48758009481439857,0.3105263157894737,0.0,0.54,0.9455327261752817,0.2094297931913488,0.065327481201105,0.05152422814022632,6.166166230110186e-06,1.798943585193476e-06
SN_peak_qp05,snake,1,0.5,-0.2554867146942845,4,middle,21,100,1.6920281808450113,1.1460478368063411,1.165723571133962,1.6050490878902597,0.6659549222535416,-0.5013272384090524,0.345125,0.0085,0.56,0.7315761890949043,0.20285329161596793,0.05961269664940203,0.0518856938554723,9.844266364522068e-10,3.888565890132597e-10
SN_peak_qp05,snake,1,0.5,-0.2554867146942845,4,late,451,500,1.8172285201500566,1.0836598930538457,1.2519804008334374,1.5176742776953056,0.6337987444337809,-0.3930157669700828,0.5912,0.5226,0.58,0.05722978081760017,0.18175172240327056,0.04879218914910241,0.0417890147195378,2.8363393146045995e-12,1.7028795117842224e-12
SN_peak_qp05,snake,1,0.5,-0.2554867146942845,4,final,500,500,1.8003122336427928,1.075677291731328,1.2403259176866348,1.5064945812112542,0.6604500051821426,-0.2885977621376514,0.63,0.56,0.58,0.06845441164601342,0.19619314428532805,0.055857352165328784,0.05401533462255357,8.452844819757631e-13,3.2794668158596537e-13
SN_peak_qp05,snake,1,0.5,-0.2554867146942845,5,initial,0,0,1.0,1.0,0.7318089860993301,1.4241256246236833,0.946265804437495,0.09504209799692034,0.07,0.0,0.0,1.0,0.10266809539896946,0.01885651199106572,0.0023100809555289454,6.195254306719659,0.8840706465206737
SN_peak_qp05,snake,1,0.5,-0.2554867146942845,5,early,2,20,1.318248276921555,1.0793085688679964,0.9647059349611522,1.537070989800829,0.733935047451894,-0.4069742676835066,0.30157894736842106,0.0,0.61,0.8848422781204942,0.2012587168885843,0.05671540368487935,0.04228433047538082,0.00043841152862873257,0.00010171097456094735
SN_peak_qp05,snake,1,0.5,-0.2554867146942845,5,middle,21,100,1.5476076943097672,1.1224337456729012,1.1325532176523527,1.5984866591551208,0.6560317007345001,-0.48832865946906123,0.252875,0.0005,0.54,0.7960998583549114,0.1819660244494621,0.048159722568686114,0.03458018359650464,2.772657265104765e-09,1.39637436944404e-09
SN_peak_qp05,snake,1,0.5,-0.2554867146942845,5,late,451,500,1.6700988563041397,1.0418276519779828,1.222193350717583,1.48369345562337,0.6735584392753818,-0.4631977801985806,0.5124,0.3874,0.56,0.08204891262851269,0.17557849646583734,0.045220030139737834,0.03388298529966004,4.0662656538312806e-11,3.212679206715407e-11
SN_peak_qp05,snake,1,0.5,-0.2554867146942845,5,final,500,500,1.6699315172463542,1.0356740197372514,1.2220708904913704,1.474929910264834,0.7267681346826036,-0.4967095100134611,0.39,0.24,0.56,0.0862807223382461,0.13144210191928576,0.026418558623442442,0.019085374189558107,4.3440205038792223e-13,8.214139690064252e-13
SN_peak_qp05,snake,1,0.5,-0.2554867146942845,6,initial,0,0,1.0,1.0,0.7122233603226376,1.4206182261212177,0.9751369243063263,0.12177180511178448,0.05,0.0,0.0,1.0,0.0950552343916686,0.01573701883513406,0.0018957959632367916,3.8447146941638057,1.094344912623739
SN_peak_qp05,snake,1,0.5,-0.2554867146942845,6,early,2,20,1.4519568693841731,1.119117909423498,1.0341176005563326,1.5898392993056953,0.6560386805304838,-0.5053926130161179,0.2873684210526316,0.0,0.57,0.9230313906375384,0.21471957045483772,0.06521202054846596,0.05078098354892283,7.178849167562618e-05,8.679073762805606e-06
SN_peak_qp05,snake,1,0.5,-0.2554867146942845,6,middle,21,100,1.6442613994750719,1.1512497119801857,1.1710813791829384,1.635486323655854,0.688754837674341,-0.49816133082891245,0.24625,0.0015,0.56,0.8038691509583176,0.18051580570203515,0.047033581608270134,0.036077377576590935,2.0756391300501252e-10,3.5416573231077846e-11
SN_peak_qp05,snake,1,0.5,-0.2554867146942845,6,late,451,500,1.718721774104151,1.0554679632267583,1.2241137974121434,1.4994170256469719,0.6590834917301709,-0.45051646250603955,0.5302,0.418,0.57,0.0641874042563846,0.17665435403537064,0.04572028629240625,0.03488012165273576,5.240377967588729e-13,3.556829259682744e-13
SN_peak_qp05,snake,1,0.5,-0.2554867146942845,6,final,500,500,1.6941320239948063,1.0410493112143482,1.2066004029597721,1.4789336258020427,0.5367788127222448,-0.43908517245203255,0.51,0.39,0.57,0.06652967094972502,0.1758781593987085,0.04243149767996819,0.028992291547734857,4.929437060516138e-13,5.721322443286953e-13
SN_peak_qp05,snake,1,0.5,-0.2554867146942845,7,initial,0,0,1.0,1.0,0.6784986527169264,1.4020331151523138,0.9770808709193958,-0.10570058714365586,0.09,0.0,0.0,1.0,0.1006962298499074,0.016038068109988774,0.0018600508259962623,2.265565108082985,0.7449021799105534
SN_peak_qp05,snake,1,0.5,-0.2554867146942845,7,early,2,20,1.453120413035798,1.1061101634117223,0.9859402424802526,1.5508030781097721,0.660938768142578,-0.5304625146701858,0.25684210526315787,0.0,0.51,0.9877449627718665,0.19755315789704062,0.05493731914068051,0.03385800588196935,1.1191854295501597e-05,2.6676043139909557e-06
SN_peak_qp05,snake,1,0.5,-0.2554867146942845,7,middle,21,100,1.6869118585560154,1.1427040323123663,1.1445674232824627,1.6021088941200172,0.7029706912527433,-0.5314851530846336,0.266125,0.000375,0.56,0.8607585651853303,0.19022569612723858,0.04976756009257982,0.041981433609362566,1.336744831073463e-08,6.151632263825569e-09
SN_peak_qp05,snake,1,0.5,-0.2554867146942845,7,late,451,500,1.8259721463826253,1.0916996369561898,1.2389196412192456,1.5305990428123368,0.6506168231772794,-0.36959967267406174,0.5846,0.5014,0.59,0.05701496144445542,0.1852037767947466,0.04999057909174678,0.044087963899048836,1.5814421045132447e-10,2.2873084376251308e-10
SN_peak_qp05,snake,1,0.5,-0.2554867146942845,7,final,500,500,1.81915356987738,1.0936780321335464,1.2342932462469893,1.5333728183658486,0.7425056698803788,-0.3908944367989898,0.58,0.54,0.59,0.05504852917692918,0.18134131367685385,0.04782839923862075,0.037278592495484646,1.0251163390630748e-12,5.355469935873893e-13
SN_peak_qp05,snake,1,0.5,-0.2554867146942845,8,initial,0,0,1.0,1.0,0.6937528812430814,1.4115880954949276,1.0214739299848803,0.13502423078753054,0.07,0.0,0.0,1.0,0.09911488383105639,0.016758239548991617,0.0017438604191911918,3.194995985055901,1.2716058071350982
SN_peak_qp05,snake,1,0.5,-0.2554867146942845,8,early,2,20,1.3902375286796553,1.0890889883223671,0.9644812911337718,1.5373450508504678,0.6007796647507905,-0.4583945144279431,0.25263157894736843,0.0,0.53,0.953496890346739,0.1983643472101426,0.056754705784387946,0.046578940750257945,0.0001644283512530826,0.0001307080235960399
SN_peak_qp05,snake,1,0.5,-0.2554867146942845,8,middle,21,100,1.6578491476767605,1.1386055776531245,1.1501376228671394,1.607242078879276,0.7203944043342393,-0.5088778684220778,0.289875,0.0025,0.54,0.8965801995537357,0.18896612777928265,0.05130297353367784,0.04254453612191504,1.315446950343327e-07,2.2616061792255795e-08
SN_peak_qp05,snake,1,0.5,-0.2554867146942845,8,late,451,500,1.8165940323053955,1.0782241098501912,1.2602673439608554,1.5220083177401451,0.6669185798278895,-0.45489111960713347,0.5326,0.4556,0.55,0.0630064343558205,0.1760383075658661,0.04555656834081063,0.035036023710260926,6.733822436845715e-13,4.3246862397449414e-13
SN_peak_qp05,snake,1,0.5,-0.2554867146942845,8,final,500,500,1.8192749218290072,1.075990883969065,1.2621272187921555,1.5188559226717961,0.6353405099616692,-0.4448306794092059,0.54,0.49,0.55,0.06125319508288718,0.1797120196006267,0.04608076442326988,0.031713255583487664,2.671842156773096e-13,1.0390004939414476e-13
SN_peak_qp05,snake,1,0.5,-0.2554867146942845,9,initial,0,0,1.0,1.0,0.7202572566321502,1.432101642074296,0.880310902514645,-0.05870646988041699,0.13,0.0,0.0,1.0,0.10206279604236056,0.01796099572273607,0.00220996312265326,3.9997581287101296,1.1119335911038366
SN_peak_qp05,snake,1,0.5,-0.2554867146942845,9,early,2,20,1.4361113045850673,1.1123545633888168,1.0343695884588588,1.593004796797961,0.6638814515476219,-0.5023773226826942,0.3373684210526316,0.0,0.6,0.8406843167709332,0.21658741548212682,0.06883142110719692,0.06628921535113247,3.368389303412026e-05,1.2673366607415627e-05
SN_peak_qp05,snake,1,0.5,-0.2554867146942845,9,middle,21,100,1.654820136906957,1.1484479299509223,1.1918962120282441,1.6446941663195418,0.6655743297741287,-0.4873465212368151,0.327625,0.00425,0.59,0.6739695787811193,0.19392164246395466,0.05471484710653944,0.04714670499336657,2.9100138645170884e-09,9.479529486039176e-10
SN_peak_qp05,snake,1,0.5,-0.2554867146942845,9,late,451,500,1.7033965248687175,1.0653435461434029,1.2268837079586807,1.5256802418052207,0.6907353857475734,-0.45923364331275807,0.5454,0.4502,0.58,0.05845968286037631,0.17355770054667966,0.04397595188120144,0.035179526955936936,4.892065580758131e-11,2.7891736275873184e-11
SN_peak_qp05,snake,1,0.5,-0.2554867146942845,9,final,500,500,1.7236995752744728,1.0676939204744855,1.2415071273451943,1.5290462167442533,0.7704311681806242,-0.5166830417513847,0.41,0.31,0.58,0.0491142554085259,0.17897212290534317,0.0423374103275587,0.031302867923507144,2.9555836584821e-12,5.611852122617963e-13
SN_valley_qm05,snake,1,-0.5,0.9672816053760123,0,initial,0,0,1.0,1.0,0.7223637571689194,1.4398913264348285,1.4983566321553095,-0.13029632209800185,0.05,0.0,0.0,1.0,0.09690787394070474,0.01379773898640578,0.0015918863345554901,2.6433755610222596,1.1368904556297288
SN_valley_qm05,snake,1,-0.5,0.9672816053760123,0,early,2,20,1.371772228776381,1.0899944277081328,0.990918541158889,1.569473522319235,1.0517067397036108,0.2718411995934041,0.07631578947368421,0.0,0.34,1.0620920841794113,0.2318060934907123,0.058822283367745636,0.04882615879851934,3.33357637556564e-05,8.256236099647356e-06
SN_valley_qm05,snake,1,-0.5,0.9672816053760123,0,middle,21,100,1.6376263096402282,1.1490941055721984,1.1829618938703874,1.6545706358707957,0.9627231065157844,0.3265122337806679,0.070625,0.0,0.27,1.175069907748325,0.2047804108518554,0.04853609269999592,0.04181601087295012,5.146248533596155e-08,1.6652514868794747e-08
SN_valley_qm05,snake,1,-0.5,0.9672816053760123,0,late,451,500,1.8451101952122395,1.1281629979659535,1.3328407330041918,1.6244321155758896,0.8542030194847335,0.37185152213522815,0.0954,0.0,0.26,1.4864307278921034,0.1797333662408957,0.03968693957408101,0.031176807090994067,1.3275898058254853e-10,1.368151265281859e-10
SN_valley_qm05,snake,1,-0.5,0.9672816053760123,0,final,500,500,1.8521835056117286,1.127393488843352,1.3379502360799886,1.6233241060646433,0.8673795787707704,0.3656056750705466,0.1,0.0,0.25,1.498478718352314,0.1862420784244592,0.0431284816054845,0.033940514958495746,2.0371240257574268e-13,7.182746866961819e-14
SN_valley_qm05,snake,1,-0.5,0.9672816053760123,1,initial,0,0,1.0,1.0,0.7127536716197848,1.4203201929643945,1.3104788189910437,0.06741271622711792,0.08,0.0,0.0,1.0,0.09383858786956806,0.012316866969488726,0.0015083306993866907,6.261579340189446,0.9052955010471189
SN_valley_qm05,snake,1,-0.5,0.9672816053760123,1,early,2,20,1.3800276612285878,1.0988185743336831,0.9836197824775403,1.5606742095304778,0.9798339722776321,0.3159560341075887,0.08315789473684211,0.0,0.35,1.0620604301156433,0.24028066339664086,0.06578307303666886,0.052784107695817005,1.1128186404527072e-05,4.3144680473669836e-06
SN_valley_qm05,snake,1,-0.5,0.9672816053760123,1,middle,21,100,1.7406323211079635,1.201640321545164,1.240642077809769,1.7067140133708243,0.9139417142655981,0.3399933740929068,0.078,0.0,0.26,1.1827628441176317,0.2108719117926897,0.05475519421271075,0.0507154832979854,1.0624787685333047e-09,2.0368310997893762e-10
SN_valley_qm05,snake,1,-0.5,0.9672816053760123,1,late,451,500,1.7960897662004602,1.1294973949965956,1.2801695754180988,1.6042479580143454,0.8440863905523057,0.415177882773523,0.0888,0.0028,0.23,1.4018911089874981,0.1919723137596558,0.0471861460975153,0.03736316929390994,8.074460388031314e-11,2.4154061449778266e-11
SN_valley_qm05,snake,1,-0.5,0.9672816053760123,1,final,500,500,1.849941272335559,1.1435898978282275,1.3185524341381458,1.6242638243555203,0.8470854611801802,0.4274110217875568,0.11,0.01,0.23,1.432740704339274,0.18804492024711686,0.04195338315265702,0.02415494702463033,9.187191894271729e-14,4.822957737246692e-14
SN_valley_qm05,snake,1,-0.5,0.9672816053760123,2,initial,0,0,1.0,1.0,0.6951739093373812,1.3876885387931412,1.234694608228189,0.035657786708325145,0.06,0.0,0.0,1.0,0.09725408151334809,0.011693908825967842,0.0013292349570867051,8.334379080122085,1.1433173804628196
SN_valley_qm05,snake,1,-0.5,0.9672816053760123,2,early,2,20,1.3650468945047405,1.0882382237072676,0.9489449860817122,1.5101357105151816,0.9532515058548031,0.28156966641955045,0.07157894736842105,0.0,0.31,1.059521289351637,0.21855631208640097,0.05273544743271766,0.026951816200198143,0.0007885865939168318,0.0011492039968471982
SN_valley_qm05,snake,1,-0.5,0.9672816053760123,2,middle,21,100,1.7194962515416106,1.1947230648424536,1.1953489312751544,1.6579035041136878,0.9110380710585914,0.3627593944418022,0.086,0.0,0.28,1.182969373192016,0.20199671434877384,0.047735896192433715,0.03801169045170145,8.994997058217682e-09,8.034533391315243e-09
SN_valley_qm05,snake,1,-0.5,0.9672816053760123,2,late,451,500,1.8715810832194024,1.190068773399388,1.3010743382635226,1.6514447972219426,0.8588550378114967,0.3960644598902058,0.0948,0.0,0.21,1.4217263116793437,0.17376704701980408,0.03703863503274602,0.02926817271064017,3.71003632499607e-10,3.715035981526815e-10
SN_valley_qm05,snake,1,-0.5,0.9672816053760123,2,final,500,500,1.9045322584523365,1.1888576966543265,1.3239811355674624,1.649764199903222,0.7981491558820608,0.3744133017025888,0.08,0.0,0.24,1.4676948193171995,0.16295486545603352,0.03055533976934264,0.01906016516795884,5.807644125578981e-11,4.8009971798693676e-11
SN_valley_qm05,snake,1,-0.5,0.9672816053760123,3,initial,0,0,1.0,1.0,0.7019225972385064,1.3999858554973614,1.3660136291128628,0.12632403071969747,0.06,0.0,0.0,1.0,0.09900362643730118,0.01357121737364494,0.0014408341559455765,1.2840941377474622,1.188046061037228
SN_valley_qm05,snake,1,-0.5,0.9672816053760123,3,early,2,20,1.4162555843706333,1.0996683204042939,0.9941017981349733,1.5395200943045517,0.9776363447315531,0.2678177942987225,0.05894736842105263,0.0,0.32,1.0612913868938327,0.23978472001345078,0.05939152435405783,0.04713214097439721,1.770247221196427e-05,6.70448120008294e-06
SN_valley_qm05,snake,1,-0.5,0.9672816053760123,3,middle,21,100,1.6640465069886998,1.157966272741861,1.1680318461111723,1.621136402981605,0.8956748287817248,0.3705451553575414,0.078125,0.0,0.31,1.234200743264565,0.20826793805379087,0.05076817701568125,0.04206343061864058,1.49262254209349e-08,1.1034478061804058e-08
SN_valley_qm05,snake,1,-0.5,0.9672816053760123,3,late,451,500,1.8284171904956976,1.1541799138479856,1.2834073431882727,1.6158355540863427,0.8584458434782495,0.4357069125317881,0.1062,0.0,0.2,1.4279145208208717,0.180559644684352,0.04133828187122665,0.0313193637226153,3.043780794902616e-12,2.8959447417971663e-12
SN_valley_qm05,snake,1,-0.5,0.9672816053760123,3,final,500,500,1.8166834544585335,1.1458902695458832,1.2751711687137555,1.6042301693162955,1.0106988601576024,0.3628307515033521,0.11,0.0,0.22,1.3930720963249985,0.1724447476034,0.03672506055788325,0.03544277412315072,9.05757278053767e-12,6.669381459960365e-12
SN_valley_qm05,snake,1,-0.5,0.9672816053760123,4,initial,0,0,1.0,1.0,0.6889504467660763,1.4005079337377437,1.3566586385888189,0.04573907433077693,0.09,0.0,0.0,1.0,0.0990179919603878,0.015005973137469724,0.001514411519009842,2.21137782405836,0.9154362047299573
SN_valley_qm05,snake,1,-0.5,0.9672816053760123,4,early,2,20,1.4362203889810632,1.1009919077280503,0.9894846786430515,1.5419479017541882,0.8978625019139793,0.3367738811666526,0.08894736842105264,0.0,0.33,1.0959556460287923,0.24457318149342352,0.07041646112747953,0.06444290152445233,1.986228732125809e-06,7.411345132625438e-07
SN_valley_qm05,snake,1,-0.5,0.9672816053760123,4,middle,21,100,1.7620556438207926,1.181629940708736,1.2139690230370213,1.6548821067046444,0.8625610080117948,0.40440771738156034,0.092,0.0,0.26,1.338400873499697,0.21809727448443722,0.05854683730811839,0.04981139087219738,2.1830807184838913e-10,1.598201448778748e-10
SN_valley_qm05,snake,1,-0.5,0.9672816053760123,4,late,451,500,1.9096267635829107,1.1444022933024403,1.3156382119269028,1.602744491157736,0.8090325998497792,0.46337192806664096,0.1154,0.0056,0.26,1.5935933887045022,0.19289719785017656,0.04711956023836989,0.03387573372384547,2.7479018764377933e-12,1.6811837194619655e-12
SN_valley_qm05,snake,1,-0.5,0.9672816053760123,4,final,500,500,1.9105568394755443,1.142280972203012,1.316278988128659,1.599773564127981,0.9045905897292271,0.4124092156253755,0.09,0.01,0.24,1.5663767085078204,0.2011692707112833,0.04725651831762374,0.035796234605847375,1.7576123469959744e-13,5.0334483113484115e-14
SN_valley_qm05,snake,1,-0.5,0.9672816053760123,5,initial,0,0,1.0,1.0,0.7318089860993301,1.4241256246236833,1.2382852184993387,0.09504209799692034,0.07,0.0,0.0,1.0,0.10266809539896946,0.011959539182970278,0.0014013605324049818,0.9972233935312287,0.851381860424214
SN_valley_qm05,snake,1,-0.5,0.9672816053760123,5,early,2,20,1.3362899296631319,1.086881976051447,0.9779089785615217,1.54785647303649,0.845879749089751,0.35700430100050845,0.08105263157894736,0.0,0.4,1.0436977423578964,0.23337153179287437,0.06325098672828237,0.046229605709825816,8.312273664803439e-06,2.8432915522593037e-06
SN_valley_qm05,snake,1,-0.5,0.9672816053760123,5,middle,21,100,1.5900403482593,1.1480848533712509,1.163605815116664,1.6350170589283224,0.8966548912040454,0.3940614243775417,0.084625,0.0,0.23,1.1479487091116665,0.2003026448285249,0.04846742227598168,0.03538575385374868,3.2865760738231824e-08,1.2361324381258024e-08
SN_valley_qm05,snake,1,-0.5,0.9672816053760123,5,late,451,500,1.7280709782276906,1.1109710456102773,1.2646178704844837,1.5821623342685627,0.8513657243905078,0.40694338505510824,0.0862,0.0,0.26,1.305765665502288,0.18680127329358795,0.043110896286923,0.03016088972691482,1.6649418711824184e-11,2.6955216507511224e-11
SN_valley_qm05,snake,1,-0.5,0.9672816053760123,5,final,500,500,1.7605516789994928,1.124877072518529,1.288387539184092,1.6019662635253105,0.8345062398621971,0.4149635123740882,0.01,0.0,0.26,1.3067316062244216,0.15532909809620973,0.02750105896051743,0.017222156447707134,6.825140767400902e-11,5.0659334304891574e-11
SN_valley_qm05,snake,1,-0.5,0.9672816053760123,6,initial,0,0,1.0,1.0,0.7122233603226376,1.4206182261212177,1.2342831331271567,0.12177180511178448,0.04,0.0,0.0,1.0,0.0950552343916686,0.01149435396009044,0.0014754034264993837,1.8388172864078967,0.8409137705373522
SN_valley_qm05,snake,1,-0.5,0.9672816053760123,6,early,2,20,1.4543742634520211,1.1139193484432128,1.0358393250825593,1.5824541288274996,0.9555497714731438,0.24517470300154712,0.07947368421052632,0.0,0.28,1.1037832945116834,0.25087847513926376,0.06969059668371487,0.05895680913734611,2.9660019451407047e-06,1.8388099060885336e-06
SN_valley_qm05,snake,1,-0.5,0.9672816053760123,6,middle,21,100,1.6841208243018886,1.1728648242008255,1.1994701926736213,1.6661931460361503,0.8940412428352478,0.3621464436266911,0.082125,0.0,0.26,1.1784272463525483,0.20009567264682473,0.048205744370433096,0.035295757087983305,8.694726467274831e-10,2.9414863976872434e-10
SN_valley_qm05,snake,1,-0.5,0.9672816053760123,6,late,451,500,1.7878857660860754,1.1152973977285883,1.2733740081948377,1.5844118107587972,0.8447470251939841,0.41496917182961135,0.0926,0.0026,0.24,1.3628300436976661,0.18927595966476568,0.04488627473999573,0.03121716230168307,5.888986856797543e-13,3.6737099396750917e-13
SN_valley_qm05,snake,1,-0.5,0.9672816053760123,6,final,500,500,1.7766533479641917,1.1049550498168603,1.2653740176155208,1.56971928281451,0.7693090504827146,0.4728981842845678,0.09,0.0,0.23,1.4203318321857545,0.18703953847792149,0.044917093958638216,0.026987013250640984,1.0903109284562085e-12,1.2747337810559051e-12
SN_valley_qm05,snake,1,-0.5,0.9672816053760123,7,initial,0,0,1.0,1.0,0.6784986527169264,1.4020331151523138,1.4434479310921837,-0.10570058714365586,0.06,0.0,0.0,1.0,0.1006962298499074,0.01483566870611339,0.0015913846172509994,2.329364851477224,0.6848463055982676
SN_valley_qm05,snake,1,-0.5,0.9672816053760123,7,early,2,20,1.433382355774929,1.1049041869094012,0.9725479972215033,1.5491122591174222,1.007919006413991,0.21318192005917233,0.07157894736842105,0.0,0.28,1.0760736241242208,0.2276494037306957,0.05773508502071906,0.03495862092528593,2.44435182869826e-06,7.271620018857563e-07
SN_valley_qm05,snake,1,-0.5,0.9672816053760123,7,middle,21,100,1.7482846262696576,1.1845052813628376,1.1862087634896779,1.660715629543507,0.9247283794142444,0.32294729004212436,0.079875,0.0,0.24,1.1601310066404533,0.2088942758655333,0.05203872225397203,0.041308855260322005,1.863726094328879e-09,1.5520119851430091e-09
SN_valley_qm05,snake,1,-0.5,0.9672816053760123,7,late,451,500,1.910418981310022,1.1508116995428481,1.296216704943693,1.613476112063788,0.8245690551891073,0.4411484007912877,0.1212,0.0002,0.26,1.412823649999283,0.19455485548996634,0.048715398495484445,0.04688285937485576,2.2635393418687518e-11,1.3410385478988916e-11
SN_valley_qm05,snake,1,-0.5,0.9672816053760123,7,final,500,500,1.8997309564980693,1.1475280614604615,1.2889648945085779,1.6088723427341067,0.9333823742154709,0.4492635586837423,0.12,0.0,0.27,1.4021833932268977,0.1900710401067388,0.04640844258336646,0.041722661549617374,3.936798109099797e-13,2.570768697787253e-13
SN_valley_qm05,snake,1,-0.5,0.9672816053760123,8,initial,0,0,1.0,1.0,0.6937528812430814,1.4115880954949276,1.2583968089019326,0.13502423078753054,0.05,0.0,0.0,1.0,0.09911488383105639,0.012627770424121667,0.0014249064837523395,3.0052550697507607,1.0443455266246084
SN_valley_qm05,snake,1,-0.5,0.9672816053760123,8,early,2,20,1.4039660648848875,1.0934541208860364,0.9740055026814017,1.5435068200126005,0.9510151278476795,0.24523051340813828,0.06842105263157895,0.0,0.35,1.0450564148578299,0.22365032912687624,0.05681444955614974,0.0477421294262356,5.988009683819507e-06,5.548255893658835e-06
SN_valley_qm05,snake,1,-0.5,0.9672816053760123,8,middle,21,100,1.7033659009150541,1.1738773445078188,1.1817150015710358,1.657031285078435,0.9121513640088167,0.3634388317528942,0.079125,0.0,0.32,1.1323932548418896,0.20832251018143194,0.05192894113950624,0.04240439467300284,3.5839274411400867e-09,4.594196827282369e-09
SN_valley_qm05,snake,1,-0.5,0.9672816053760123,8,late,451,500,1.9376626076376955,1.1588052910289388,1.3442590169256337,1.6357557538129852,0.8521825355289392,0.36258275778570676,0.079,0.0024,0.21,1.5986172682124544,0.1872396767621144,0.04213634329383628,0.030659042471370718,6.831138350360781e-13,4.120212920692087e-13
SN_valley_qm05,snake,1,-0.5,0.9672816053760123,8,final,500,500,1.9066844131267862,1.1439724687743986,1.3227678052279814,1.6148179184958842,0.946250485838978,0.28638763460330663,0.03,0.0,0.22,1.5674254269079098,0.18608164274143607,0.040704358293921855,0.03349002228126324,1.5637313202024062e-13,5.488011317276905e-14
SN_valley_qm05,snake,1,-0.5,0.9672816053760123,9,initial,0,0,1.0,1.0,0.7202572566321502,1.432101642074296,1.337488822721721,-0.05870646988041699,0.04,0.0,0.0,1.0,0.10206279604236056,0.013206189672835544,0.0014906883912454668,6.968694437372536,1.2773687005124565
SN_valley_qm05,snake,1,-0.5,0.9672816053760123,9,early,2,20,1.4233567028360232,1.1056557997741734,1.0251829939936568,1.5834114864255626,0.9825653526685508,0.2436111380544485,0.06947368421052631,0.0,0.26,1.1031370912499145,0.2539707340971722,0.07151633059080423,0.08373632416421461,5.926676056870721e-06,2.4263795445358543e-06
SN_valley_qm05,snake,1,-0.5,0.9672816053760123,9,middle,21,100,1.6815089853729164,1.169460120892871,1.2111190488070072,1.6747857594710849,0.894069273740045,0.34923769671970617,0.077375,0.0,0.25,1.2090095782601271,0.21492665428828933,0.056077251564387594,0.05120250483667355,2.2665930624339515e-08,5.379955615122059e-09
SN_valley_qm05,snake,1,-0.5,0.9672816053760123,9,late,451,500,1.8033738853597745,1.143765203133175,1.298893127351293,1.6379880255544608,0.8052782976463112,0.4587832155997705,0.1122,0.0002,0.25,1.402890866599892,0.18463979131728187,0.04379458994395809,0.036689886746394555,4.728714788094017e-11,6.493558250785834e-11
SN_valley_qm05,snake,1,-0.5,0.9672816053760123,9,final,500,500,1.830808520637827,1.1496745167027582,1.3186531224933669,1.6464507632209926,0.7895778282994839,0.48452284591709033,0.09,0.0,0.28,1.4051490668044182,0.1774555220218389,0.04123538799119714,0.03728745352290087,3.5260636262467634e-13,1.0289910700755048e-13
SN_valley_q0,snake,1,0,0.0,0,initial,0,0,1.0,1.0,0.7223637571689194,1.4398913264348285,1.0282861575446376,-0.13029632209800185,0.06,0.0,0.0,1.0,0.09690787394070474,0.01379773898640578,0.0015918863345554901,1.116706644157929,1.1368904556297288
SN_valley_q0,snake,1,0,0.0,0,early,2,20,1.3394623558539496,1.0771416879714348,0.9675790599609911,1.5509669738514393,0.6873353715183226,0.042030346051753056,0.12052631578947369,0.0,0.39,1.043028877066167,0.23415456529801745,0.06430876909558814,0.055405879727318044,8.189626337063078e-06,1.837283155887385e-06
SN_valley_q0,snake,1,0,0.0,0,middle,21,100,1.6354164787969023,1.1538665850825902,1.1813655921596948,1.6614424877233969,0.7079094409327481,0.011157210922434616,0.141125,0.0,0.32,1.129733045980673,0.21188857228427305,0.052616169178097666,0.048654359302226294,1.1046360785004315e-08,4.3201052299029104e-09
SN_valley_q0,snake,1,0,0.0,0,late,451,500,1.7595890955360414,1.1099787253094087,1.2710633901248756,1.5982487391002047,0.689665170306507,-0.08150183061597491,0.1604,0.0,0.33,1.2888839862912445,0.19311237360554465,0.043617002352772695,0.032994171704432834,4.3594960060587085e-12,4.291478235194172e-12
SN_valley_q0,snake,1,0,0.0,0,final,500,500,1.7368395074048193,1.10084249102662,1.2546299121683606,1.5850935546001403,0.6498905772372736,0.033747138394974174,0.15,0.0,0.33,1.3022256935875531,0.19472771692136437,0.04462855983624864,0.03238276250367226,2.263227769823014e-13,7.281265927808352e-14
SN_valley_q0,snake,1,0,0.0,1,initial,0,0,1.0,1.0,0.7127536716197848,1.4203201929643945,0.9550576902340578,0.06741271622711792,0.07,0.0,0.0,1.0,0.09383858786956806,0.012316866969488726,0.0015083306993866907,7.530865785374589,0.9052955010471189
SN_valley_q0,snake,1,0,0.0,1,early,2,20,1.3446364145028329,1.0881149548417144,0.9583945414305568,1.5454716426282271,0.6524402278512897,0.03877186749105979,0.1405263157894737,0.0,0.45,1.0228829753936943,0.24886684385491703,0.06954365907827424,0.05607305507111908,1.2433993314430152e-06,4.699041492698881e-07
SN_valley_q0,snake,1,0,0.0,1,middle,21,100,1.7027009804374666,1.1869227089606913,1.2136063754774116,1.6858102910248707,0.6598414619934394,-0.023216864933920077,0.134,0.0,0.3,1.1804802620789796,0.2216958250014752,0.058154922924276535,0.05346034130787323,5.640934613737943e-09,1.803891230340984e-09
SN_valley_q0,snake,1,0,0.0,1,late,451,500,1.7712836880952347,1.1130390179876322,1.2624889521701121,1.5808717928050937,0.6825917604858772,-0.029693562813001336,0.1622,0.0,0.31,1.286464936030859,0.20127555244312548,0.048137867413811285,0.03864872411103498,8.110562398901531e-11,3.331249787149911e-11
SN_valley_q0,snake,1,0,0.0,1,final,500,500,1.8015849910171342,1.1167899540809625,1.2840863170825594,1.58619932308097,0.5481429007738002,-0.01718117849668488,0.23,0.0,0.32,1.2740652452713865,0.20333002063601419,0.04356753144125884,0.02645029855623808,1.878698184226144e-12,1.0351595768118323e-12
SN_valley_q0,snake,1,0,0.0,2,initial,0,0,1.0,1.0,0.6951739093373812,1.3876885387931412,0.8110606104550595,0.035657786708325145,0.14,0.0,0.0,1.0,0.09725408151334809,0.011693908825967842,0.0013292349570867051,4.08206145139191,1.1433173804628198
SN_valley_q0,snake,1,0,0.0,2,early,2,20,1.34295630890281,1.0847848102697182,0.9335881873292661,1.50534344826818,0.6177474903124619,0.012795261543176725,0.13631578947368422,0.0,0.34,1.0625657220172229,0.22939068455300562,0.058454769717646085,0.028250619885623558,0.000808507785371735,0.0011900193415175227
SN_valley_q0,snake,1,0,0.0,2,middle,21,100,1.6462771179708113,1.1665535773390379,1.144448899952446,1.6188130291615213,0.6870160640694818,-0.0071428449044251465,0.129375,0.0,0.34,1.1370787251406322,0.20654094988262983,0.05124221616929376,0.04024746355244555,5.112636337791276e-08,3.7797191587156035e-08
SN_valley_q0,snake,1,0,0.0,2,late,451,500,1.8337759605061357,1.1626746134443409,1.2747932033139615,1.6134302354224577,0.6651692621581079,0.04213232732548495,0.1654,0.0,0.32,1.3533657988941117,0.18145902560427266,0.039115214748497135,0.029243307542134,1.3328917379262224e-10,1.3580771130209297e-10
SN_valley_q0,snake,1,0,0.0,2,final,500,500,1.8255969318898897,1.1542663608985082,1.2691073560162234,1.6017621997333276,0.49812103769028615,0.04847764699719846,0.21,0.0,0.32,1.3781936145757585,0.1730136820937848,0.032235054453025665,0.01905465432135537,1.076715806893316e-12,1.0464229036358867e-12
SN_valley_q0,snake,1,0,0.0,3,initial,0,0,1.0,1.0,0.7019225972385064,1.3999858554973614,1.083854858035675,0.12632403071969747,0.05,0.0,0.0,1.0,0.09900362643730118,0.01357121737364494,0.0014408341559455765,2.5913144128888694,1.188046061037228
SN_valley_q0,snake,1,0,0.0,3,early,2,20,1.3834322399280967,1.0833822952991967,0.9710623509538141,1.516719889515141,0.6439199522458046,0.023328424039787743,0.1431578947368421,0.0,0.45,1.0211714170305735,0.24087778208297173,0.0655469089082007,0.04948671251639068,2.0772645430618812e-05,7.828656507271408e-06
SN_valley_q0,snake,1,0,0.0,3,middle,21,100,1.7104956612827025,1.1799861350641554,1.200635557132751,1.651963898772817,0.6836970728572219,0.003771073711882309,0.1495,0.0,0.45,1.048906382563167,0.2085737245510151,0.05223907291308633,0.04354297872490709,2.4235180800421718e-09,4.785443150395931e-10
SN_valley_q0,snake,1,0,0.0,3,late,451,500,1.8366852692355413,1.1419978229333367,1.2892108944915164,1.5987807991154517,0.6453076607192455,-0.00048657415122870586,0.1658,0.0,0.35,1.386996946694854,0.19121152232245694,0.0438250080306207,0.03303756128688465,1.512270754063995e-12,1.072675864075849e-12
SN_valley_q0,snake,1,0,0.0,3,final,500,500,1.8524921650658484,1.1464051304339735,1.300306111867004,1.6049509672771707,0.48021462296877976,0.016391667383722962,0.21,0.0,0.35,1.3600407133217196,0.18417732005831297,0.035803102643997956,0.03179723236953979,5.098149584698511e-13,5.092828945094054e-13
SN_valley_q0,snake,1,0,0.0,4,initial,0,0,1.0,1.0,0.6889504467660763,1.4005079337377437,0.9966815379312718,0.04573907433077693,0.04,0.0,0.0,1.0,0.0990179919603878,0.015005973137469724,0.001514411519009842,1.923041141130577,0.9154362047299573
SN_valley_q0,snake,1,0,0.0,4,early,2,20,1.4481549095154072,1.1033115180265345,0.9977069718971266,1.5451965343803953,0.6224966890018498,0.043804100615391355,0.1336842105263158,0.0,0.31,1.0911384790988694,0.25015144425370067,0.06915166251876499,0.05538546338263215,2.5830097704744885e-06,9.16681514768963e-07
SN_valley_q0,snake,1,0,0.0,4,middle,21,100,1.8317595050676299,1.2060399303296248,1.2619915293843507,1.689068490831155,0.66464136673089,-0.022326044453599026,0.143375,0.0,0.28,1.219825451683635,0.22604926185707444,0.060819508528046844,0.05517548687325686,1.5115313950475986e-09,8.3255916923585e-10
SN_valley_q0,snake,1,0,0.0,4,late,451,500,1.8941355985911321,1.141981775413493,1.3049655668848898,1.599354536650511,0.6677797553144349,0.049881097941572076,0.1798,0.0,0.26,1.4495841403806549,0.2006250443579867,0.047973480358832955,0.03541939956637006,7.2409568298776705e-12,5.499178654500552e-12
SN_valley_q0,snake,1,0,0.0,4,final,500,500,1.8633356874641762,1.126142545934933,1.283745954353618,1.577171570101495,0.6361664143282765,0.017408921264577656,0.19,0.0,0.26,1.4388852569995296,0.21577679213160197,0.05865662592641227,0.058728268391323925,4.223458291606711e-12,1.355625050467791e-12
SN_valley_q0,snake,1,0,0.0,5,initial,0,0,1.0,1.0,0.7318089860993301,1.4241256246236833,0.8840709951766825,0.09504209799692034,0.06,0.0,0.0,1.0,0.10266809539896946,0.011959539182970278,0.0014013605324049816,1.4219245445825128,0.8513818604242144
SN_valley_q0,snake,1,0,0.0,5,early,2,20,1.3201919834046985,1.0839046782231683,0.9661283568318559,1.543616426907102,0.6352433911099812,0.11031982472754623,0.1336842105263158,0.0,0.43,1.0256479026667606,0.2408230216657183,0.06336063388068533,0.04360789788813932,2.8837108273910713e-06,1.507211228808489e-06
SN_valley_q0,snake,1,0,0.0,5,middle,21,100,1.6152509506292863,1.1570099587046165,1.182055160475997,1.647727530136034,0.6811052314684501,0.022887705947884,0.134375,0.0,0.32,1.0894363755021708,0.2069045598934442,0.04989468116164626,0.036607314546972844,1.839703291310199e-09,1.2034557264315318e-09
SN_valley_q0,snake,1,0,0.0,5,late,451,500,1.8002615967417908,1.1426392976104673,1.317447613825171,1.6272619034290736,0.6535418017829915,0.024648574760812336,0.1716,0.0,0.33,1.25250952970242,0.19592188666171167,0.04487523248668331,0.03365469370338108,3.787144151567288e-11,9.189379324956876e-11
SN_valley_q0,snake,1,0,0.0,5,final,500,500,1.8335696422374699,1.1479874081735253,1.341822740828314,1.634878284725245,0.6155013274201834,-0.0808294859295711,0.2,0.0,0.33,1.259830009996277,0.15783255857571438,0.02969403218608646,0.0204248375323516,2.1721254720871904e-10,3.1050951063122156e-10
SN_valley_q0,snake,1,0,0.0,6,initial,0,0,1.0,1.0,0.7122233603226376,1.4206182261212177,0.9074119256983116,0.12177180511178448,0.12,0.0,0.0,1.0,0.0950552343916686,0.01149435396009044,0.001475403426499384,1.8941210804853577,0.840913770537352
SN_valley_q0,snake,1,0,0.0,6,early,2,20,1.420262724584281,1.1032485096168185,1.0115442902444012,1.5672949407027217,0.6485073488300394,-0.015858052493054664,0.12736842105263158,0.0,0.28,1.0750129406020856,0.2537631328395518,0.07417610077756887,0.05988321066572962,1.474454403188672e-06,8.439842035403028e-07
SN_valley_q0,snake,1,0,0.0,6,middle,21,100,1.6933873617642163,1.1769885630560508,1.206070037123596,1.6720514046136477,0.6566219235966281,0.023407268284583553,0.137375,0.0,0.32,1.162559861166121,0.20887520365926066,0.051307298452620984,0.04088823190407229,1.5998458914894023e-09,8.55933470542691e-10
SN_valley_q0,snake,1,0,0.0,6,late,451,500,1.8007611922263074,1.1163568895749516,1.2825441874660197,1.5859169441861678,0.6363992082696505,0.011102128267121225,0.1746,0.0,0.28,1.281366498814791,0.198689537511249,0.045994136356391026,0.03436978816913803,5.795486381618132e-13,3.3276354385411425e-13
SN_valley_q0,snake,1,0,0.0,6,final,500,500,1.7822809051155641,1.105485929756554,1.269382095280279,1.5704734605327209,0.6364559095912039,0.04951701888581738,0.16,0.0,0.28,1.3064519092956437,0.19140458814630215,0.03772256481610578,0.021629818324798215,3.0348079551408013e-13,3.341429981220884e-13
SN_valley_q0,snake,1,0,0.0,7,initial,0,0,1.0,1.0,0.6784986527169264,1.4020331151523138,0.9713000352272748,-0.10570058714365586,0.07,0.0,0.0,1.0,0.1006962298499074,0.01483566870611339,0.001591384617250999,2.6203820786610743,0.6848463055982676
SN_valley_q0,snake,1,0,0.0,7,early,2,20,1.4163973724596821,1.1013100701575411,0.9610237089256889,1.5440731884115908,0.7225120149820673,-0.06697967838826069,0.12105263157894737,0.0,0.32,1.0446724697039658,0.22545907549853506,0.056429530638524066,0.029666913454508764,5.960399294747382e-06,2.1690087192868328e-06
SN_valley_q0,snake,1,0,0.0,7,middle,21,100,1.7929914910949536,1.1987805506145122,1.2165423110408389,1.6807300297620706,0.6614636278469153,-0.041010151485760614,0.131125,0.0,0.27,1.1509652831602688,0.2105592751285506,0.05210596927453844,0.041376582417623646,5.501618929216194e-10,3.8226178527700213e-10
SN_valley_q0,snake,1,0,0.0,7,late,451,500,1.8626540516195225,1.1313926106472274,1.2638082645015702,1.5862499063660411,0.6576673400874087,-0.005353819021524396,0.1662,0.0,0.3,1.3243093689627106,0.20614083756345228,0.05148107689056856,0.04609593673304372,1.3998909585828658e-11,6.3726979016777506e-12
SN_valley_q0,snake,1,0,0.0,7,final,500,500,1.8078115113711852,1.1030928476091,1.2265976748314995,1.5465727014356232,0.7279027247904756,0.009791832719929516,0.14,0.0,0.29,1.330354160520913,0.19950522407787374,0.046894922412484726,0.035292525874923104,2.3500613741593746e-12,1.7169090107580189e-12
SN_valley_q0,snake,1,0,0.0,8,initial,0,0,1.0,1.0,0.6937528812430814,1.4115880954949276,0.9534892416789081,0.13502423078753054,0.1,0.0,0.0,1.0,0.09911488383105639,0.012627770424121667,0.0014249064837523395,2.8172435976943087,1.0443455266246084
SN_valley_q0,snake,1,0,0.0,8,early,2,20,1.4045061729881838,1.0932488708945842,0.9743802042342462,1.543217091568066,0.6963595355765221,-0.0043599261422365854,0.13789473684210526,0.0,0.37,1.0409823076504199,0.22320249495625868,0.0559668187394211,0.045067412884799374,1.068527086893991e-05,8.387643659408826e-06
SN_valley_q0,snake,1,0,0.0,8,middle,21,100,1.6944576402772276,1.1638281275014275,1.1755348700866795,1.642845929983168,0.7014275234709118,0.022820022984415118,0.139625,0.0,0.28,1.1602980871095632,0.21459371005122818,0.05450777863140974,0.04512876138534121,3.020344280127425e-08,1.651434113586022e-08
SN_valley_q0,snake,1,0,0.0,8,late,451,500,1.8924907850008854,1.1608502191035857,1.3129209348203452,1.6386423499393,0.6413977586004335,-0.012578066388209845,0.1614,0.0,0.25,1.430094225924853,0.19462293615086035,0.04525523205579637,0.03287387025980112,2.9415124142134453e-13,1.7564980035959756e-13
SN_valley_q0,snake,1,0,0.0,8,final,500,500,1.9034224174249057,1.1605537232677179,1.3205047863111996,1.6382238199470252,0.6776960712072023,0.09157264546025544,0.12,0.0,0.25,1.410393654179003,0.19799607798598176,0.04535350155385176,0.027442710526854826,2.802911791190356e-13,1.3726720966695205e-13
SN_valley_q0,snake,1,0,0.0,9,initial,0,0,1.0,1.0,0.7202572566321502,1.432101642074296,0.8600414350151762,-0.05870646988041699,0.1,0.0,0.0,1.0,0.10206279604236056,0.013206189672835544,0.0014906883912454668,4.460158839244296,1.2773687005124563
SN_valley_q0,snake,1,0,0.0,9,early,2,20,1.3581441460155004,1.0845008079914056,0.9782131767201389,1.5531153879553927,0.6095514079704396,0.029071646581425355,0.15421052631578946,0.0,0.36,1.086760604024518,0.2646349470120953,0.07752402888127212,0.07616384713642159,3.107915963012391e-05,1.4687783992319076e-05
SN_valley_q0,snake,1,0,0.0,9,middle,21,100,1.6487036401582125,1.1611884806565582,1.187490760859794,1.662939929906014,0.6976091756026096,0.021667173402755906,0.14575,0.0,0.32,1.176260188148743,0.22258702243506337,0.05800961692502851,0.050851065069095466,4.704133266189037e-09,1.7544641355544793e-09
SN_valley_q0,snake,1,0,0.0,9,late,451,500,1.8013012934656343,1.151451844878397,1.2974003279995014,1.6489960778198298,0.660404873674702,0.03081643967453274,0.169,0.0,0.28,1.311900769409466,0.1954926230070518,0.045869658487311574,0.03679566109923584,1.2441834512000399e-11,8.407488736867567e-12
SN_valley_q0,snake,1,0,0.0,9,final,500,500,1.8214492996701512,1.155201626771854,1.3119120756749745,1.6543661466268698,0.7077667523713984,-0.04571017886511981,0.11,0.0,0.29,1.3447090977561458,0.18574352740662572,0.03859858081941437,0.031689415924014655,3.096363029498788e-13,2.3866612633354653e-13
SN_valley_qp05,snake,1,0.5,-0.967281605376012,0,initial,0,0,1.0,1.0,0.7223637571689194,1.4398913264348285,1.3194467229371636,-0.13029632209800185,0.07,0.0,0.0,1.0,0.09690787394070474,0.01379773898640578,0.0015918863345554901,0.701715145267994,1.1368904556297288
SN_valley_qp05,snake,1,0.5,-0.967281605376012,0,early,2,20,1.3767968026987418,1.0895750059715743,0.9945481112556187,1.5688696005986462,1.0418326460444542,-0.2932542930359609,0.07421052631578948,0.0,0.33,1.0462308794304356,0.22915740341051313,0.056737631589095595,0.04859562100122992,2.9069567555988276e-05,2.0583089972300903e-05
SN_valley_qp05,snake,1,0.5,-0.967281605376012,0,middle,21,100,1.6404302239339719,1.159478487320855,1.1849873399343958,1.6695230170810744,0.9446121384980634,-0.37202913236048696,0.0775,0.0,0.3,1.1884125045555662,0.2019988053494245,0.04728276263680533,0.038880989770071074,8.859244562660067e-09,5.653584805116355e-09
SN_valley_qp05,snake,1,0.5,-0.967281605376012,0,late,451,500,1.7713405950277048,1.10726856138361,1.2795522474500423,1.5943463975702306,0.8549898006726048,-0.393854045984181,0.0878,0.0,0.22,1.4622511126592928,0.186202516303237,0.042834453233967784,0.033537925712403424,4.778297795473273e-11,2.7061252417821416e-11
SN_valley_qp05,snake,1,0.5,-0.967281605376012,0,final,500,500,1.7872334292014906,1.1128138629278401,1.2910326548558808,1.602331029166233,0.8294584675206321,-0.5329002585168928,0.13,0.0,0.23,1.4570289026253063,0.19337739717235503,0.04807156477669006,0.03487073864100849,1.0635072137464527e-12,3.4365173242250393e-13
SN_valley_qp05,snake,1,0.5,-0.967281605376012,1,initial,0,0,1.0,1.0,0.7127536716197848,1.4203201929643945,1.4064789570142373,0.06741271622711792,0.04,0.0,0.0,1.0,0.09383858786956806,0.012316866969488726,0.001508330699386691,8.952933715359304,0.9052955010471189
SN_valley_qp05,snake,1,0.5,-0.967281605376012,1,early,2,20,1.3946986920714217,1.1030782141622328,0.9940766135772173,1.566724261993722,0.9610695392480799,-0.22281028483207735,0.06315789473684211,0.0,0.44,1.030139148378474,0.24215183668594104,0.06695382416928122,0.05990153314440131,3.0410057980986343e-06,1.0459181528220016e-06
SN_valley_qp05,snake,1,0.5,-0.967281605376012,1,middle,21,100,1.6944991671814598,1.184350846817382,1.207760502965253,1.682157423289208,0.8767550565749386,-0.3791326222250791,0.076625,0.0,0.26,1.2034781502276943,0.2166785656490515,0.0561852886009238,0.05502257022056657,1.4296962982726155e-09,3.830679491342677e-10
SN_valley_qp05,snake,1,0.5,-0.967281605376012,1,late,451,500,1.8181969965318974,1.1392177476106626,1.2959265850061747,1.6180539711148392,0.8173037821509095,-0.4818038687183318,0.1066,0.0012,0.31,1.3405860517130312,0.19052270550207875,0.046580249244931815,0.03547678938662072,1.1666116720757441e-11,5.685509975384021e-12
SN_valley_qp05,snake,1,0.5,-0.967281605376012,1,final,500,500,1.8243852805098537,1.1337526692146298,1.300337307132489,1.6102918099128203,0.8889555556161137,-0.39172333108261226,0.09,0.0,0.31,1.3479515935430129,0.18287224636758412,0.042353725301942674,0.027656458966039937,3.5683998132074425e-13,1.6728093135580478e-13
SN_valley_qp05,snake,1,0.5,-0.967281605376012,2,initial,0,0,1.0,1.0,0.6951739093373812,1.3876885387931412,1.2893545905891433,0.035657786708325145,0.07,0.0,0.0,1.0,0.09725408151334809,0.011693908825967842,0.0013292349570867051,1.701233139507249,1.1433173804628194
SN_valley_qp05,snake,1,0.5,-0.967281605376012,2,early,2,20,1.3510498260859112,1.0844236398915625,0.9392145893097319,1.504842256273862,1.034110374975372,-0.18588070938994766,0.06578947368421052,0.0,0.31,1.0967873427694177,0.2183368215541339,0.05362480391225728,0.02673438702729587,0.0005958125038242537,0.000821151524707329
SN_valley_qp05,snake,1,0.5,-0.967281605376012,2,middle,21,100,1.6772539957951988,1.1731505428582671,1.1659832172086917,1.6279675626033694,0.8944711816602667,-0.3638152740848873,0.083625,0.0,0.3,1.1372683844610547,0.19647304685399483,0.04770496477699778,0.03998030347477815,2.573150996373868e-07,2.8081152647801284e-07
SN_valley_qp05,snake,1,0.5,-0.967281605376012,2,late,451,500,1.8815625658525736,1.179542514090109,1.3080132045666073,1.6368376278220917,0.8356849218710439,-0.445755738272841,0.0866,0.0,0.25,1.3438933945115275,0.17258233793226602,0.03712910416706913,0.02892867390472743,8.390577928703948e-12,7.203342865550911e-12
SN_valley_qp05,snake,1,0.5,-0.967281605376012,2,final,500,500,1.9067410636011801,1.184915226468458,1.3255166392777487,1.6442932792117586,0.8035252590179414,-0.48016588388942183,0.1,0.0,0.25,1.3491269394446843,0.1634838743737103,0.03269163965947463,0.02616301306505452,1.2414001284297604e-12,8.431028671885041e-13
SN_valley_qp05,snake,1,0.5,-0.967281605376012,3,initial,0,0,1.0,1.0,0.7019225972385064,1.3999858554973614,1.5345217104526623,0.12632403071969747,0.02,0.0,0.0,1.0,0.09900362643730118,0.01357121737364494,0.0014408341559455765,4.901775257553316,1.1880460610372279
SN_valley_qp05,snake,1,0.5,-0.967281605376012,3,early,2,20,1.4025640695920554,1.088497150483875,0.9844914145214647,1.5238806144266077,0.985541116998442,-0.27627346405906505,0.07368421052631578,0.0,0.36,1.0557422802882377,0.24149045121494167,0.059243597894203276,0.043436489096075004,0.00010881190992613589,3.147710116419504e-05
SN_valley_qp05,snake,1,0.5,-0.967281605376012,3,middle,21,100,1.6626366360270688,1.1585966037887132,1.1670422258240132,1.6220188575314791,0.8802711188727285,-0.38649978639664184,0.079375,0.0,0.32,1.1720559909677786,0.20605746227232655,0.052406010312130935,0.04245499170901357,8.910172031269646e-09,5.333814787183917e-09
SN_valley_qp05,snake,1,0.5,-0.967281605376012,3,late,451,500,1.807186726134262,1.1339856628849503,1.2685052005031143,1.5875638883757297,0.8237074153122984,-0.4284871735944587,0.1074,0.0006,0.25,1.4660330816247518,0.18770188828303047,0.04317496656735994,0.03597782606700929,2.377425455719638e-12,1.3963894994411203e-12
SN_valley_qp05,snake,1,0.5,-0.967281605376012,3,final,500,500,1.7897568534007493,1.1266233143378956,1.2562707789644705,1.5772567045466117,0.9107277547715249,-0.5135631668288261,0.11,0.0,0.26,1.437304320777708,0.1776110898500462,0.04021844994480378,0.03851251497151722,1.0237143646949247e-11,9.428692917062671e-12
SN_valley_qp05,snake,1,0.5,-0.967281605376012,4,initial,0,0,1.0,1.0,0.6889504467660763,1.4005079337377437,1.4203847797853981,0.04573907433077693,0.04,0.0,0.0,1.0,0.0990179919603878,0.015005973137469724,0.001514411519009842,1.7157073447102977,0.9154362047299572
SN_valley_qp05,snake,1,0.5,-0.967281605376012,4,early,2,20,1.410174896496822,1.0913587721353053,0.9715406249597909,1.5284566189297775,0.9773439639845375,-0.21299940861871858,0.06736842105263158,0.0,0.26,1.1523038949716948,0.24824583149538754,0.06772559389887954,0.051033035652952495,2.5036887887278315e-06,1.349258731143862e-06
SN_valley_qp05,snake,1,0.5,-0.967281605376012,4,middle,21,100,1.7312890370650815,1.173237478285021,1.192772355567198,1.6431283964966357,0.8958578274176002,-0.361797476182559,0.08075,0.0,0.22,1.3026481333220377,0.21929223910849388,0.05961413443459513,0.05463400906553092,7.13933037607575e-10,3.006526885571969e-10
SN_valley_qp05,snake,1,0.5,-0.967281605376012,4,late,451,500,1.9380626701294836,1.1774240025044072,1.3352291424463625,1.6489916568806713,0.8698997153818839,-0.3934141600123607,0.0996,0.0024,0.18,1.5705123622560757,0.1925476224595013,0.04627565205366609,0.03369205185343148,1.7428628859919553e-11,1.8596719209016086e-11
SN_valley_qp05,snake,1,0.5,-0.967281605376012,4,final,500,500,1.9328625342580945,1.169311909721181,1.3316465065145249,1.6376306065785464,0.8311664979935701,-0.37798198545817285,0.12,0.0,0.19,1.565522977687431,0.20965182843538133,0.054401448321324555,0.04343020233704057,2.8953697165126033e-13,9.377953136356307e-14
SN_valley_qp05,snake,1,0.5,-0.967281605376012,5,initial,0,0,1.0,1.0,0.7318089860993301,1.4241256246236833,1.3787966401427791,0.09504209799692034,0.05,0.0,0.0,1.0,0.10266809539896946,0.011959539182970278,0.0014013605324049816,2.745600804091093,0.8513818604242142
SN_valley_qp05,snake,1,0.5,-0.967281605376012,5,early,2,20,1.3309842006383854,1.084532850420625,0.9740261983834041,1.5445110230301764,0.9644695937200244,-0.22971821642149926,0.061052631578947365,0.0,0.35,1.072088414254846,0.23623938066434869,0.06231665420696306,0.046287614724880195,1.3925300157833049e-06,1.129810293120445e-06
SN_valley_qp05,snake,1,0.5,-0.967281605376012,5,middle,21,100,1.6126306263427732,1.1534527316256955,1.1801375836166326,1.6426615919003373,0.9302905318824116,-0.33950694391283603,0.0705,0.0,0.28,1.14345898701719,0.19989624868910594,0.048456854549701577,0.03772651523147469,1.7319272414303794e-08,5.2444303723126366e-09
SN_valley_qp05,snake,1,0.5,-0.967281605376012,5,late,451,500,1.7813428636791837,1.1322143139655827,1.3036027149643405,1.6124154170841105,0.8708141294702885,-0.3916683275280036,0.094,0.0012,0.24,1.4248272700542055,0.18280247040023806,0.04214752072922139,0.028827617499071617,4.141039657544255e-11,5.2482076877336585e-11
SN_valley_qp05,snake,1,0.5,-0.967281605376012,5,final,500,500,1.8074973362111666,1.1348224786713779,1.3227427929899336,1.6161297712748726,0.7070171996216418,-0.49655382268130777,0.15,0.0,0.28,1.4237320169352283,0.1522751563878358,0.02857502794583082,0.018731066297339262,1.5250394024426773e-11,3.0347039373361276e-11
SN_valley_qp05,snake,1,0.5,-0.967281605376012,6,initial,0,0,1.0,1.0,0.7122233603226376,1.4206182261212177,1.4123049816786872,0.12177180511178448,0.08,0.0,0.0,1.0,0.0950552343916686,0.01149435396009044,0.001475403426499384,2.5929106635369994,0.8409137705373521
SN_valley_qp05,snake,1,0.5,-0.967281605376012,6,early,2,20,1.421206474204256,1.1057703097202416,1.012216450770043,1.5708774558922791,0.9007898882247808,-0.30049443187503033,0.07473684210526316,0.0,0.27,1.0727069675271679,0.2535207984194742,0.07320434458766657,0.06842401341044228,6.959441653358496e-06,1.8718325763287045e-06
SN_valley_qp05,snake,1,0.5,-0.967281605376012,6,middle,21,100,1.677823825002542,1.1725605195109052,1.1949853226726914,1.6657608452473556,0.886205103536051,-0.35025023188468,0.079375,0.0,0.3,1.2419896850818741,0.20435426628968145,0.050907308787877976,0.04096210995007664,8.508147895780834e-10,2.4233631646669125e-10
SN_valley_qp05,snake,1,0.5,-0.967281605376012,6,late,451,500,1.7994717357869263,1.1247694812212499,1.2816258064677741,1.597868025207814,0.8406531852972502,-0.4306660968782697,0.1022,0.0,0.27,1.4512531236333035,0.18682350143505164,0.04389012654200908,0.03082179714792279,7.884901300993496e-12,4.121313890638128e-12
SN_valley_qp05,snake,1,0.5,-0.967281605376012,6,final,500,500,1.7871241395247268,1.117658325788611,1.272831559966003,1.5877657881914262,0.9071632837757916,-0.35834189447574316,0.09,0.0,0.27,1.5141564285321434,0.18349937045481168,0.039729313620238606,0.02557241634767558,2.3128689623244505e-12,2.669924717437984e-12
SN_valley_qp05,snake,1,0.5,-0.967281605376012,7,initial,0,0,1.0,1.0,0.6784986527169264,1.4020331151523138,1.2940529337273246,-0.10570058714365586,0.04,0.0,0.0,1.0,0.1006962298499074,0.01483566870611339,0.0015913846172509994,3.0205471274463735,0.6848463055982679
SN_valley_qp05,snake,1,0.5,-0.967281605376012,7,early,2,20,1.4395625389915285,1.1070343100856703,0.9767412432075099,1.5520987623499047,0.9168615926081463,-0.3106999093065602,0.07052631578947369,0.0,0.29,1.085237838481226,0.22794190598279204,0.05799669466938092,0.034515031571615847,5.066594153259044e-06,1.368142664284168e-06
SN_valley_qp05,snake,1,0.5,-0.967281605376012,7,middle,21,100,1.7558910074489351,1.1928287812356022,1.1913696828718692,1.6723854519990893,0.8979815723968937,-0.3695009384608347,0.089375,0.0,0.31,1.2172576135064963,0.20331425740866674,0.050993865197445434,0.04379318655786787,5.860831339947016e-09,2.2077407428408414e-09
SN_valley_qp05,snake,1,0.5,-0.967281605376012,7,late,451,500,1.91293612654548,1.1384954560783676,1.297924584594644,1.596208330872308,0.7900710704164595,-0.47184399624127543,0.1216,0.0006,0.29,1.4140227510248824,0.1947769382117378,0.04888188234760158,0.04449468208379341,8.792621424266648e-12,7.817442029124144e-12
SN_valley_qp05,snake,1,0.5,-0.967281605376012,7,final,500,500,1.939591366023557,1.151173874963542,1.3160101286683663,1.6139838939970952,0.7656587938746746,-0.5376615524664521,0.1,0.0,0.29,1.4261414633707123,0.19122320354951683,0.04921957353447354,0.03888082423515535,2.0729914118966138e-13,1.5005908493430008e-13
SN_valley_qp05,snake,1,0.5,-0.967281605376012,8,initial,0,0,1.0,1.0,0.6937528812430814,1.4115880954949276,1.4512023799380505,0.13502423078753054,0.07,0.0,0.0,1.0,0.09911488383105639,0.012627770424121667,0.0014249064837523395,2.6430535404120405,1.0443455266246084
SN_valley_qp05,snake,1,0.5,-0.967281605376012,8,early,2,20,1.398512360366814,1.0890700640471302,0.9702219794585397,1.5373183375688273,0.9498412601343997,-0.23341690411195343,0.06947368421052631,0.0,0.32,1.0667357859187951,0.22742375910156978,0.05646304746237013,0.04456212055713367,4.416809022028456e-05,3.719048587739032e-05
SN_valley_qp05,snake,1,0.5,-0.967281605376012,8,middle,21,100,1.7047454568071572,1.1667102636674485,1.1826720724460182,1.6469143190847186,0.9070515612890954,-0.3400988635632839,0.0765,0.0,0.28,1.2237594939299252,0.21037163788945315,0.05329601108553332,0.04331734173447694,1.0049821322713822e-08,1.2805391471575561e-08
SN_valley_qp05,snake,1,0.5,-0.967281605376012,8,late,451,500,1.8689642722133908,1.1197963575897538,1.2965993487884184,1.5806912077522774,0.7597506027598466,-0.48513569177236643,0.0992,0.0002,0.21,1.4561093161380196,0.18763030046834966,0.04619764104418305,0.036238490848282276,4.413129379316754e-13,2.0090803771586945e-13
SN_valley_qp05,snake,1,0.5,-0.967281605376012,8,final,500,500,1.8686742457235643,1.1217891727637648,1.2963981420754644,1.5835042419284333,0.7348068084206432,-0.49215779511258007,0.11,0.0,0.21,1.440966387881302,0.19344508712117994,0.051610008883492195,0.03895516550921194,1.5237950817103526e-13,7.108496065169674e-14
SN_valley_qp05,snake,1,0.5,-0.967281605376012,9,initial,0,0,1.0,1.0,0.7202572566321502,1.432101642074296,1.2496934012700804,-0.05870646988041699,0.04,0.0,0.0,1.0,0.10206279604236056,0.013206189672835544,0.0014906883912454672,2.8899987601123764,1.2773687005124565
SN_valley_qp05,snake,1,0.5,-0.967281605376012,9,early,2,20,1.386415269865717,1.0940273060323695,0.9985756588264035,1.5667583014430746,0.9543720619309807,-0.27518184802161016,0.0863157894736842,0.0,0.31,1.0747252839997423,0.2506747251080956,0.0724095779792329,0.07824143908495411,4.580162305425628e-05,1.5804038230520962e-05
SN_valley_qp05,snake,1,0.5,-0.967281605376012,9,middle,21,100,1.670066644239343,1.1671532111732257,1.2028776195726905,1.671482030273464,0.8826713390527245,-0.41220729414038576,0.071375,0.0,0.24,1.1891723051929344,0.21322095304611152,0.05426945615306923,0.04482431410058097,9.28434253168622e-08,4.071705927295276e-08
SN_valley_qp05,snake,1,0.5,-0.967281605376012,9,late,451,500,1.799024021743469,1.129728422331075,1.2957601065162887,1.6178859287183363,0.8185773259271926,-0.4646005280260695,0.0838,0.0,0.24,1.3902548092494955,0.1828853510460007,0.04235531675939047,0.033398522800295115,2.0811035425869909e-10,1.1612646302563818e-10
SN_valley_qp05,snake,1,0.5,-0.967281605376012,9,final,500,500,1.7873439293246673,1.118204560045115,1.2873474351935128,1.6013825866155746,0.8096078977628656,-0.4635686966474168,0.16,0.0,0.25,1.3830959285633238,0.18142719894699694,0.041274892556957266,0.03106240464613803,6.715339775646432e-13,4.859232669408743e-13
LR_a0p1_qm05,leaky,0.1,-0.5,0.5,0,initial,0,0,1.0,1.0,0.7223637571689194,1.4398913264348285,1.1990282498323035,-0.13029632209800185,0.06,0.0,0.0,1.0,0.09690787394070474,0.004550897654615956,0.0005053141298660052,0.6884997065387546,1.0978873865648144
LR_a0p1_qm05,leaky,0.1,-0.5,0.5,0,early,2,20,1.6086504694045083,1.1826613639127483,1.1620307970505865,1.7029038400075507,1.33716895621075,-0.4415451679451661,0.0863157894736842,0.0,0.17,1.2512227369124096,0.6219335629664474,0.08051944779855362,0.04572132744323989,0.0051705119313127075,0.0025256374148154813
LR_a0p1_qm05,leaky,0.1,-0.5,0.5,0,middle,21,100,2.7977365547964275,1.7180104732593717,2.020983489291576,2.473748379170364,2.6175531579722113,-1.8129338182633514,0.0205,0.0,0.0,2.661725668111505,1.0302621007860355,0.06730915106994581,0.0672534772736282,0.011158592106710026,0.0034287715234700674
LR_a0p1_qm05,leaky,0.1,-0.5,0.5,0,late,451,500,4.4708552772402905,2.5572104154143633,3.2295838158257872,3.6821050970239466,3.8723542144245955,-3.1609909938045777,0.0028,0.0,0.0,4.280480545836719,0.9328013396737043,0.04460356497709038,0.09209779010569694,0.0277901695732073,0.008151538497085883
LR_a0p1_qm05,leaky,0.1,-0.5,0.5,0,final,500,500,4.465435634064238,2.5529821584752783,3.225668862018619,3.67601686653142,3.8101167372235643,-3.019373184647411,0.01,0.0,0.0,4.219927310775915,0.8861531924686298,0.053898882058887605,0.09495334000376704,1.0799327573089576e-09,3.879269129942515e-10
LR_a0p1_qm05,leaky,0.1,-0.5,0.5,1,initial,0,0,1.0,1.0,0.7127536716197848,1.4203201929643945,1.0462898620593126,0.06741271622711792,0.07,0.0,0.0,1.0,0.09383858786956806,0.005358347848544652,0.0006286436112228861,7.03103759358795,0.8320698684873875
LR_a0p1_qm05,leaky,0.1,-0.5,0.5,1,early,2,20,1.6393931645665365,1.2049442718283352,1.1684834972731768,1.711406680674563,1.2778510526394347,-0.41973156802803524,0.09631578947368422,0.0,0.23,1.4230725119199876,0.6303732410338105,0.0849879399115453,0.04885229165492054,0.004022019681070271,0.001915476928841937
LR_a0p1_qm05,leaky,0.1,-0.5,0.5,1,middle,21,100,3.194846698026039,1.9163294586665143,2.277138714280405,2.721801426516577,2.8646044912744344,-2.1157359971282386,0.011,0.0,0.0,2.9750344958045227,1.095825165591374,0.06490842412132251,0.07466016993012024,0.020065665303947156,0.004372504385887462
LR_a0p1_qm05,leaky,0.1,-0.5,0.5,1,late,451,500,4.532729469620912,2.621714844745248,3.230719571931504,3.723674534186188,3.9062998473083463,-3.1727245428218507,0.0044,0.0,0.0,4.417808380602141,0.9112041343815237,0.046747166818338785,0.0905044274454736,0.0034611468978585345,0.0012102937516919794
LR_a0p1_qm05,leaky,0.1,-0.5,0.5,1,final,500,500,4.585443250453942,2.640214706658209,3.268291512765207,3.7499502616282196,3.86885927818098,-3.1603375652432444,0.0,0.0,0.0,4.50908437449188,0.8959524368790828,0.04338633997572095,0.09944310966788478,0.0020549359797277177,0.001126185534541015
LR_a0p1_qm05,leaky,0.1,-0.5,0.5,2,initial,0,0,1.0,1.0,0.6951739093373812,1.3876885387931412,0.9338958866615746,0.035657786708325145,0.09,0.0,0.0,1.0,0.09725408151334809,0.004948710859310743,0.0005820555525303549,5.082844440090718,1.0993745145704252
LR_a0p1_qm05,leaky,0.1,-0.5,0.5,2,early,2,20,1.4749922647497553,1.1398150763870178,1.025376138928485,1.5817083178458937,1.255148892004927,-0.3970322149708916,0.08736842105263158,0.0,0.17,1.266423975291072,0.5896057053049277,0.06471775350490323,0.022287807965497855,0.0021051678410418865,0.0015179432534072376
LR_a0p1_qm05,leaky,0.1,-0.5,0.5,2,middle,21,100,2.7102052066495754,1.6737899536043308,1.8840639486131103,2.3226991349638335,2.4443356617754515,-1.6280828050828622,0.025125,0.0,0.02,2.5440128795307513,1.0059489924998695,0.06670575165528848,0.05628173048942332,0.007799652256018319,0.0023824762049841275
LR_a0p1_qm05,leaky,0.1,-0.5,0.5,2,late,451,500,4.34571479969534,2.4800221490734464,3.021027546169524,3.441498312222357,3.6153779348591537,-2.9078640444710384,0.0042,0.0,0.0,4.354934589242992,0.9256937998187377,0.04531553452942056,0.07168786239431744,0.002328523631092922,0.0010772015026554644
LR_a0p1_qm05,leaky,0.1,-0.5,0.5,2,final,500,500,4.3791947078185816,2.4897471281132657,3.044301904783814,3.454993554175917,3.8060476388301376,-3.074566375017166,0.0,0.0,0.0,4.4585509646897705,0.8949699092857383,0.04033718073878016,0.06411364809837758,0.00016445796163013724,0.0001501108875297869
LR_a0p1_qm05,leaky,0.1,-0.5,0.5,3,initial,0,0,1.0,1.0,0.7019225972385064,1.3999858554973614,1.1394811637617517,0.12632403071969747,0.12,0.0,0.0,1.0,0.09900362643730118,0.005770862378897065,0.0005696645761241564,1.33383060364803,1.0240592517646356
LR_a0p1_qm05,leaky,0.1,-0.5,0.5,3,early,2,20,1.643033716707551,1.1903556978525556,1.1532824937818005,1.6664811400042687,1.3680851984067668,-0.5134591744230037,0.09473684210526316,0.0,0.21,1.3394213189626307,0.6275085949453799,0.07366681132133639,0.04372115797937209,0.004487999498546465,0.002869474176484521
LR_a0p1_qm05,leaky,0.1,-0.5,0.5,3,middle,21,100,2.930870381256423,1.7558853428348369,2.0572441501809196,2.458214643843907,2.6096960823384787,-1.865576971212322,0.01425,0.0,0.02,2.9345775256521103,1.057071568558214,0.06367003005361363,0.06062947850620773,0.021256886759001874,0.007778212275457259
LR_a0p1_qm05,leaky,0.1,-0.5,0.5,3,late,451,500,4.571519895951481,2.6094371054866055,3.2088531186937694,3.653175038491224,3.8879965924547872,-3.1858382228414297,0.0036,0.0,0.0,4.494971790713761,0.9334292498964152,0.044841111018938555,0.08005395836680361,0.006478381992781061,0.002115517872233512
LR_a0p1_qm05,leaky,0.1,-0.5,0.5,3,final,500,500,4.615696822185054,2.6205240699935772,3.239861901493653,3.6686966319813856,3.8607992059252982,-3.1724310776591302,0.0,0.0,0.0,4.515866745338551,0.9237134360680597,0.04494951279980258,0.0726826638023738,0.0008412035614626616,0.0007882387169307677
LR_a0p1_qm05,leaky,0.1,-0.5,0.5,4,initial,0,0,1.0,1.0,0.6889504467660763,1.4005079337377437,1.0943651190175372,0.04573907433077693,0.06,0.0,0.0,1.0,0.0990179919603878,0.005791853617637749,0.0006505644749721365,2.895988752703136,1.0265866313031295
LR_a0p1_qm05,leaky,0.1,-0.5,0.5,4,early,2,20,1.7473429009444967,1.2307193265212342,1.203832672259243,1.7236321809973612,1.4586200855044713,-0.582613358898793,0.07052631578947369,0.0,0.14,1.3784342787416772,0.7000743050279112,0.07490849106935231,0.03926048644649189,0.003146820960971019,0.0015958197250304515
LR_a0p1_qm05,leaky,0.1,-0.5,0.5,4,middle,21,100,3.1948083912766947,1.852551118437813,2.2010646685020885,2.5945125390268875,2.7228675745365387,-1.956372201722261,0.014375,0.0,0.0,3.0376596579903947,1.0536306645179478,0.07080164747476433,0.09150283556037804,0.018327223490089,0.0032346776645330575
LR_a0p1_qm05,leaky,0.1,-0.5,0.5,4,late,451,500,4.805367955597736,2.6882955014654906,3.3106603998844473,3.7649791780339052,3.8587655705220825,-3.1383538492789493,0.005,0.0,0.0,4.868180112052805,0.881184501488329,0.042942599619896986,0.08223580023068147,0.004121566730981243,0.0019774985816546644
LR_a0p1_qm05,leaky,0.1,-0.5,0.5,4,final,500,500,4.835004982399913,2.6966493358869195,3.331078842740625,3.776678789418248,3.901896982654291,-3.2144125973433257,0.01,0.0,0.0,4.890072854463186,0.9196505368410314,0.047505494127765474,0.10028933785394338,0.001474073936626755,0.0005510941336961435
LR_a0p1_qm05,leaky,0.1,-0.5,0.5,5,initial,0,0,1.0,1.0,0.7318089860993301,1.4241256246236833,0.9677496714108301,0.09504209799692034,0.06,0.0,0.0,1.0,0.10266809539896946,0.005296156666894144,0.000607810752462566,1.1460323788947806,0.9213220480907294
LR_a0p1_qm05,leaky,0.1,-0.5,0.5,5,early,2,20,1.566118516886187,1.1790714916667995,1.1460996039538671,1.679145924545959,1.2355394882395132,-0.3412993788273276,0.08421052631578947,0.0,0.2,1.206581965564038,0.5932255717095781,0.07864930021306146,0.04636489956302626,0.0006173800717829231,0.00043364671901045376
LR_a0p1_qm05,leaky,0.1,-0.5,0.5,5,middle,21,100,2.4322008532338923,1.5547781264591976,1.77990644039502,2.2141993704949448,2.3034814115233737,-1.5027578269564292,0.02225,0.0,0.0,2.271623868198302,0.948913259337976,0.06804705406911393,0.050836222806799176,0.004109748655536547,0.0023308178609373212
LR_a0p1_qm05,leaky,0.1,-0.5,0.5,5,late,451,500,4.295632723864152,2.525510876608944,3.1435826283061283,3.596644754644618,3.7859829019072513,-3.074578007475124,0.0028,0.0,0.0,4.293182645497064,0.9605689468357789,0.04581144689264904,0.07819670226876359,0.012685610227471611,0.005904948216433774
LR_a0p1_qm05,leaky,0.1,-0.5,0.5,5,final,500,500,4.301482843978031,2.5321591576565017,3.147863798775225,3.606112742044145,3.7250593344174994,-3.0648180468007924,0.0,0.0,0.0,4.3083748978051855,0.8934103197089226,0.03594060366121441,0.05683173937293875,0.0005488557491989308,0.0010406842596887198
LR_a0p1_qm05,leaky,0.1,-0.5,0.5,6,initial,0,0,1.0,1.0,0.7122233603226376,1.4206182261212177,0.9755124795653481,0.12177180511178448,0.03,0.0,0.0,1.0,0.0950552343916686,0.006029937594424685,0.0007442048897552629,2.38147734903126,0.962665421515861
LR_a0p1_qm05,leaky,0.1,-0.5,0.5,6,early,2,20,1.8068776157727644,1.2722179874407475,1.2869004471974337,1.8073360605575803,1.52114946677265,-0.6515608857977694,0.06578947368421052,0.0,0.12,1.5813222876540132,0.7381002514701817,0.08063230347138614,0.04294769718271038,0.0016591816911586217,0.0006824253394687467
LR_a0p1_qm05,leaky,0.1,-0.5,0.5,6,middle,21,100,2.682004237413891,1.6849704452416983,1.910186070370474,2.3936997249859395,2.5453727684657093,-1.7976805230492956,0.016125,0.0,0.0,2.606463109647616,1.038606806684356,0.06602800912468604,0.05692228058722216,0.00881508975157426,0.0029845219065086567
LR_a0p1_qm05,leaky,0.1,-0.5,0.5,6,late,451,500,4.369189343445907,2.5228050989099464,3.1118387160749026,3.5839429044630107,3.7385710617446275,-3.024484080510633,0.0046,0.0,0.0,4.1545223355657175,0.9196045537020187,0.045434223176795206,0.07564109824531665,0.009328837107472511,0.0031955961328111893
LR_a0p1_qm05,leaky,0.1,-0.5,0.5,6,final,500,500,4.386796089769929,2.5376639387351037,3.124378652106145,3.605051643137645,3.6151531718775662,-2.892877945899963,0.01,0.0,0.0,4.2192246989452755,0.8858667306448508,0.04038573508712694,0.058131087669457,0.0002537522918534318,0.00012019069529052798
LR_a0p1_qm05,leaky,0.1,-0.5,0.5,7,initial,0,0,1.0,1.0,0.6784986527169264,1.4020331151523138,1.139791360546377,-0.10570058714365586,0.03,0.0,0.0,1.0,0.1006962298499074,0.005048007512363221,0.0005664210492191324,2.5584595527875487,0.8123945893021517
LR_a0p1_qm05,leaky,0.1,-0.5,0.5,7,early,2,20,1.6611598186670467,1.1896607579226062,1.127094698913085,1.6679437784046942,1.3334461086169849,-0.5273062601150473,0.07578947368421053,0.0,0.18,1.4182090976255028,0.5900713680786827,0.07640390159669544,0.0359479540611437,0.001139474100214575,0.0005999554607942321
LR_a0p1_qm05,leaky,0.1,-0.5,0.5,7,middle,21,100,2.8781443131337685,1.7059949263161742,1.9528170387861454,2.3918613809771077,2.537158007421004,-1.7691463728269774,0.01225,0.0,0.01,2.7913360197253554,0.9891814804110785,0.0670964645221216,0.060397630131333244,0.009102863785081367,0.005535994820641408
LR_a0p1_qm05,leaky,0.1,-0.5,0.5,7,late,451,500,4.824335435864424,2.655831281398867,3.2733050934885375,3.723563404778615,3.8155660400255624,-3.119646245850844,0.0046,0.0,0.0,4.839946630343987,0.8592515016745471,0.04421270043552545,0.09581412854836216,0.0023630607207453655,0.0009091686730690488
LR_a0p1_qm05,leaky,0.1,-0.5,0.5,7,final,500,500,4.887220652991955,2.6835767515849027,3.3159726285853783,3.762463472774908,3.775257182132415,-2.974583076760173,0.0,0.0,0.0,4.844536255844634,0.8762693763382801,0.051012985893807636,0.09287902449056012,1.1990146889270814e-06,7.717998154482375e-07
LR_a0p1_qm05,leaky,0.1,-0.5,0.5,8,initial,0,0,1.0,1.0,0.6937528812430814,1.4115880954949276,1.011986908615862,0.13502423078753054,0.09,0.0,0.0,1.0,0.09911488383105639,0.005635175744873862,0.0006029736512508004,3.98430563576298,0.988493433039694
LR_a0p1_qm05,leaky,0.1,-0.5,0.5,8,early,2,20,1.6062597488709476,1.1727055835656919,1.1143473288040082,1.655377241281763,1.240753847930824,-0.3671113080883515,0.08578947368421053,0.0,0.18,1.315362598298798,0.6047568486646013,0.07833364397255736,0.037168594123006875,0.0008136787025289888,0.0005656770241319106
LR_a0p1_qm05,leaky,0.1,-0.5,0.5,8,middle,21,100,2.752076331492463,1.6490011184588522,1.909260884373786,2.3277103482743366,2.4347271619371678,-1.6732163184025122,0.0165,0.0,0.0,2.6869416310474135,0.963659362670946,0.07029476153440808,0.060620534551980014,0.007880935287367864,0.003929172370460405
LR_a0p1_qm05,leaky,0.1,-0.5,0.5,8,late,451,500,4.670313898261724,2.612290867128152,3.2400437232286783,3.6874786900082213,3.7771861316272717,-3.0610182131269945,0.0028,0.0,0.0,4.684953596113477,0.9192189931325228,0.04632717718668237,0.08858047183609513,0.007862853654263311,0.0018323062271534433
LR_a0p1_qm05,leaky,0.1,-0.5,0.5,8,final,500,500,4.703092914170645,2.620752581954006,3.262784259959805,3.69942314592387,3.752958014665505,-3.038038771003485,0.01,0.0,0.0,4.678375699412607,0.8830950303679311,0.05586254945392526,0.15114561929921094,0.00037469358462586557,0.00010724114282495747
LR_a0p1_qm05,leaky,0.1,-0.5,0.5,9,initial,0,0,1.0,1.0,0.7202572566321502,1.432101642074296,1.023903188696754,-0.05870646988041699,0.09,0.0,0.0,1.0,0.10206279604236056,0.005506522952682217,0.0006118138740158492,3.4251332247016797,1.04121296621614
LR_a0p1_qm05,leaky,0.1,-0.5,0.5,9,early,2,20,1.975326275938859,1.3318029077506155,1.4227430844611244,1.9072771311089785,1.6895026169594798,-0.8156487714259052,0.0668421052631579,0.0,0.14,1.4915829697307796,0.8063275669955066,0.08426285010835553,0.05536389354847207,0.002148269834550921,0.0008581649534006785
LR_a0p1_qm05,leaky,0.1,-0.5,0.5,9,middle,21,100,3.0017595303206903,1.7959207274369575,2.162039084378192,2.571941022797731,2.7929839347785546,-2.0404251010790175,0.01275,0.0,0.0,2.8453466490750827,1.0780876664151045,0.06622220172929201,0.07340461613934438,0.04241739455008967,0.007029250344643001
LR_a0p1_qm05,leaky,0.1,-0.5,0.5,9,late,451,500,4.3887416085038655,2.532038078728649,3.1610229910083647,3.6261358903419434,3.7736671366818015,-3.0456126679819078,0.0028,0.0,0.0,4.309495178075706,0.870194259212445,0.04095928799541307,0.06841910853689288,0.0018316928560506865,0.0007092548605300902
LR_a0p1_qm05,leaky,0.1,-0.5,0.5,9,final,500,500,4.391802043137108,2.5457203799820185,3.163227291261406,3.6457303364342493,3.778955409015235,-3.0881905242800713,0.0,0.0,0.0,4.42761672013062,0.9260053706328455,0.03867447069147497,0.0492635482040479,9.057730805342132e-05,2.2859738711364498e-05
LR_a0p1_q0,leaky,0.1,0,0.0,0,initial,0,0,1.0,1.0,0.7223637571689194,1.4398913264348285,1.0282861575446376,-0.13029632209800185,0.06,0.0,0.0,1.0,0.09690787394070474,0.004550897654615956,0.0005053141298660052,1.0362545324377357,1.0978873865648144
LR_a0p1_q0,leaky,0.1,0,0.0,0,early,2,20,1.562927431959553,1.170098038411627,1.1290021319326735,1.6848140165873087,1.1053007122518868,-0.6664840943755974,0.04473684210526316,0.0,0.14,1.4022948734191032,0.6398555071350066,0.08602296763936591,0.03993774131698217,0.003537438744927243,0.0018801645910923263
LR_a0p1_q0,leaky,0.1,0,0.0,0,middle,21,100,2.8851966372201403,1.7674216585432643,2.0841614830334723,2.5448951162895055,2.4690363807321423,-2.177760782068741,0.01,0.0,0.0,2.7984252995819054,1.1417937028348364,0.06970828722132065,0.0758081541631507,0.0359465707492822,0.019695639806553263
LR_a0p1_q0,leaky,0.1,0,0.0,0,late,451,500,5.223168770367809,2.9662368625665345,3.7730278172902554,4.271058730560812,4.202305741709496,-3.925728284914605,0.0034,0.0,0.0,5.143824902867079,0.9829459721914554,0.04866162698981549,0.12723659341072516,0.039524085182275126,0.026293293488030656
LR_a0p1_q0,leaky,0.1,0,0.0,0,final,500,500,5.254957303640837,2.984721824044341,3.795990701620249,4.297675066262187,4.078659088486851,-3.802342433473095,0.01,0.0,0.0,5.308737851811218,0.9885533824081454,0.06425855041233963,0.13337599985129164,9.685227306694522e-05,3.8692094443831074e-05
LR_a0p1_q0,leaky,0.1,0,0.0,1,initial,0,0,1.0,1.0,0.7127536716197848,1.4203201929643945,0.9550576902340578,0.06741271622711792,0.07,0.0,0.0,1.0,0.09383858786956806,0.005358347848544652,0.0006286436112228861,8.410416054297581,0.8320698684873876
LR_a0p1_q0,leaky,0.1,0,0.0,1,early,2,20,1.604008874536019,1.1902913731224924,1.143263214636266,1.6905948727571922,1.0533649345404272,-0.6882221144939065,0.06947368421052631,0.0,0.19,1.3160897968865681,0.654437056885737,0.09147095387613448,0.046186500252635404,0.0019469371793076117,0.0007324097433041493
LR_a0p1_q0,leaky,0.1,0,0.0,1,middle,21,100,3.345502327145624,2.0009138150690124,2.384519067085578,2.8419382959239425,2.677845454192888,-2.343159669080487,0.009625,0.0,0.03,3.0894802419280945,1.1804105996762546,0.0765023397261005,0.11903561537517433,0.017755184830003906,0.00751317536959792
LR_a0p1_q0,leaky,0.1,0,0.0,1,late,451,500,5.44877365004782,3.107541616071777,3.8836334248967197,4.4137041077839525,4.336402436619388,-4.047568393147458,0.003,0.0,0.0,5.459013588623852,1.0248994903993658,0.054896374979487426,0.14011905217347884,0.006951354568573522,0.003736260773865403
LR_a0p1_q0,leaky,0.1,0,0.0,1,final,500,500,5.484637314194098,3.126374863495509,3.909195383194718,4.4404533493989735,4.374698796722154,-4.103941511656157,0.01,0.0,0.0,5.4355899816605495,1.0308294940713476,0.06220191942645082,0.19885345176564154,0.0006536416192927117,0.0001413275042212477
LR_a0p1_q0,leaky,0.1,0,0.0,2,initial,0,0,1.0,1.0,0.6951739093373812,1.3876885387931412,0.8110606104550595,0.035657786708325145,0.14,0.0,0.0,1.0,0.09725408151334809,0.004948710859310743,0.0005820555525303549,2.1572366386656,1.0993745145704255
LR_a0p1_q0,leaky,0.1,0,0.0,2,early,2,20,1.4504649992731502,1.1331406268838458,1.0083254239017576,1.572446260767588,1.0011181088955354,-0.5579871329416327,0.07210526315789474,0.0,0.15,1.2663217584606046,0.5891575864901425,0.07146683160449081,0.023469820144966815,0.0018075391984483421,0.0014093267948070665
LR_a0p1_q0,leaky,0.1,0,0.0,2,middle,21,100,2.756095860384514,1.7079115132055345,1.9159659337720758,2.370049232148171,2.2570976125395714,-1.9413595144847058,0.011,0.0,0.01,2.6696118230487498,1.1144138933628849,0.07274187288449145,0.0763699078100723,0.013531055596711005,0.009022666099997642
LR_a0p1_q0,leaky,0.1,0,0.0,2,late,451,500,4.971508440398884,2.835869856835843,3.456062957815879,3.9353040978400458,3.9294873891268525,-3.6458331119062377,0.0026,0.0,0.0,4.875907370378413,1.0344500931428733,0.047772252982549356,0.10054771234183739,0.008445503601173743,0.007160337371912483
LR_a0p1_q0,leaky,0.1,0,0.0,2,final,500,500,5.004223829628658,2.8545721351877393,3.478805842842235,3.961257035158291,4.268535258175137,-4.009457831680774,0.0,0.0,0.0,4.917407030206416,1.0359074167653763,0.04205658790102466,0.08661553313372729,0.006529167158999597,0.006810052887179506
LR_a0p1_q0,leaky,0.1,0,0.0,3,initial,0,0,1.0,1.0,0.7019225972385064,1.3999858554973614,1.083854858035675,0.12632403071969747,0.05,0.0,0.0,1.0,0.09900362643730118,0.005770862378897065,0.0005696645761241564,2.8428452670138995,1.0240592517646352
LR_a0p1_q0,leaky,0.1,0,0.0,3,early,2,20,1.625017819858932,1.1828007410511436,1.1406367286742367,1.6559043073433983,1.1030008401871032,-0.6817647621270857,0.06263157894736843,0.0,0.22,1.362454390899376,0.6564857860082115,0.08461428050578347,0.043593246130946145,0.0025073400400681374,0.0016697331342174695
LR_a0p1_q0,leaky,0.1,0,0.0,3,middle,21,100,2.903011758470072,1.7588537613823714,2.037689553319236,2.4623703878236514,2.3509482124711147,-2.0433046549972325,0.010625,0.0,0.02,2.783686513165702,1.1184643403977095,0.07205371005743172,0.07918423551028063,0.019054642090012494,0.009124224725723874
LR_a0p1_q0,leaky,0.1,0,0.0,3,late,451,500,5.298441934800293,2.981897048795501,3.7190961241924376,4.174613690863027,4.18042145002321,-3.955789301801473,0.0028,0.0,0.0,5.267122046999269,1.030062654709921,0.05044626023841198,0.13639033214975863,0.035534054666495944,0.022608184074140353
LR_a0p1_q0,leaky,0.1,0,0.0,3,final,500,500,5.285892786212182,2.97600770520097,3.7102875932223394,4.16636869313252,4.365794812816988,-4.218346862792969,0.0,0.0,0.0,5.261401594132089,0.9893717552232578,0.021650700966284152,0.05805163012120341,0.2760503117710197,0.20675283110238263
LR_a0p1_q0,leaky,0.1,0,0.0,4,initial,0,0,1.0,1.0,0.6889504467660763,1.4005079337377437,0.9966815379312718,0.04573907433077693,0.04,0.0,0.0,1.0,0.0990179919603878,0.005791853617637749,0.0006505644749721365,2.502121469845189,1.0265866313031295
LR_a0p1_q0,leaky,0.1,0,0.0,4,early,2,20,1.7670559757226807,1.2409842380743004,1.2174140039348058,1.7380082710665465,1.2691997765624645,-0.9031373038912179,0.05631578947368421,0.0,0.07,1.5756722175410223,0.7586140956947846,0.07952771071228937,0.04379160610120599,0.0033029080997925564,0.0016761985185872075
LR_a0p1_q0,leaky,0.1,0,0.0,4,middle,21,100,3.2851371764358577,1.9082456230611335,2.2632967253933307,2.672513134617441,2.596664355144775,-2.2770691931121836,0.007125,0.0,0.02,2.9718488647939223,1.143644710456302,0.07676144116240484,0.11450879280108399,0.040604107528093694,0.013807246516470107
LR_a0p1_q0,leaky,0.1,0,0.0,4,late,451,500,5.615256746786762,3.148290416425401,3.868633644404964,4.409205705914279,4.444178002309088,-4.21172909610141,0.0036,0.0,0.0,5.571230975228235,1.09609726257417,0.047398120585731535,0.14559942944715373,0.046342889636499844,0.02226989086582229
LR_a0p1_q0,leaky,0.1,0,0.0,4,final,500,500,5.667260389390897,3.1677082389209206,3.904461577210546,4.436400520375165,4.5366559074518475,-4.330624274015427,0.01,0.0,0.0,5.731477848097457,1.10272385225529,0.04403860687780911,0.15367270615392387,0.025380246509818342,0.01100879504147301
LR_a0p1_q0,leaky,0.1,0,0.0,5,initial,0,0,1.0,1.0,0.7318089860993301,1.4241256246236833,0.8840709951766825,0.09504209799692034,0.06,0.0,0.0,1.0,0.10266809539896946,0.005296156666894144,0.000607810752462566,1.9432644287876555,0.9213220480907295
LR_a0p1_q0,leaky,0.1,0,0.0,5,early,2,20,1.5506916953331593,1.178661095346675,1.1348101173144105,1.6785614686302182,1.016149329982939,-0.6045248938445308,0.07736842105263157,0.0,0.13,1.3119716880644305,0.6372733879028256,0.08161396485781049,0.04228076146132929,0.0007560323770441672,0.0002742077450147024
LR_a0p1_q0,leaky,0.1,0,0.0,5,middle,21,100,2.482047293771933,1.6002629829251314,1.8163845135058245,2.2789755201204116,2.12815730315196,-1.8044829761897927,0.01775,0.0,0.0,2.392703527928466,1.0548812387633282,0.07253884649190559,0.05940927049360005,0.00976037294700749,0.004794719829122036
LR_a0p1_q0,leaky,0.1,0,0.0,5,late,451,500,4.786015275433011,2.8172631171425047,3.502448986170538,4.012136596429834,3.994869189889974,-3.7223244565963745,0.0018,0.0,0.0,4.712899871582426,1.0346999059616235,0.05049836860239935,0.13007818452723713,0.00893751511802442,0.005748497983584393
LR_a0p1_q0,leaky,0.1,0,0.0,5,final,500,500,4.809683455621646,2.8336973481462584,3.5197695731171987,4.035541005923266,3.9124588973861614,-3.7272909551858904,0.0,0.0,0.0,4.707053048997355,1.0092803274141884,0.050072766213857686,0.11079871300021514,0.012026948046689693,0.01936310134669699
LR_a0p1_q0,leaky,0.1,0,0.0,6,initial,0,0,1.0,1.0,0.7122233603226376,1.4206182261212177,0.9074119256983116,0.12177180511178448,0.12,0.0,0.0,1.0,0.0950552343916686,0.006029937594424685,0.0007442048897552628,2.042144036003011,0.962665421515861
LR_a0p1_q0,leaky,0.1,0,0.0,6,early,2,20,1.733059396799899,1.245952265689562,1.2343253872275473,1.7700224975156178,1.1748238674194889,-0.8367760540800603,0.05789473684210526,0.0,0.11,1.5824965817208105,0.7206406354174425,0.08551454250924619,0.04165128685091014,0.0008967415742698728,0.000318224601005422
LR_a0p1_q0,leaky,0.1,0,0.0,6,middle,21,100,2.5373425742901055,1.6258789824959214,1.8071546545505903,2.309753316001126,2.122553796161134,-1.849974603216111,0.017,0.0,0.03,2.491422243676224,1.038445431595602,0.07446598869153312,0.06442003439361517,0.007170506479641958,0.005330997314635003
LR_a0p1_q0,leaky,0.1,0,0.0,6,late,451,500,4.994956637582012,2.8519547980424034,3.5575248010845235,4.051538966172894,3.9794954379354093,-3.7216267671607435,0.0022,0.0,0.0,4.947186173271053,1.054013953077846,0.05077820487738292,0.12483809211940614,0.019657017707294066,0.011285504458582049
LR_a0p1_q0,leaky,0.1,0,0.0,6,final,500,500,5.056305359974724,2.8778647653612865,3.6012187942985614,4.088347137984305,4.022166294986923,-3.712842263132334,0.0,0.0,0.0,4.985538102044998,1.054417220948509,0.047124346505616296,0.09677375893232222,1.9050006445855123e-05,2.2785771424680394e-05
LR_a0p1_q0,leaky,0.1,0,0.0,7,initial,0,0,1.0,1.0,0.6784986527169264,1.4020331151523138,0.9713000352272748,-0.10570058714365586,0.07,0.0,0.0,1.0,0.1006962298499074,0.005048007512363221,0.0005664210492191324,2.760087109243658,0.8123945893021517
LR_a0p1_q0,leaky,0.1,0,0.0,7,early,2,20,1.6126179004189236,1.181689608350728,1.0941590727814383,1.656767962739089,1.1237202133327393,-0.760898160902143,0.05157894736842105,0.0,0.15,1.414089913911396,0.6487921138690845,0.07998960520728696,0.035505430537353395,0.0012555602374640935,0.0007745320905978272
LR_a0p1_q0,leaky,0.1,0,0.0,7,middle,21,100,2.9220216822181744,1.738785172829464,1.982587774594678,2.437834392442748,2.3336629113170044,-2.045548785484487,0.00975,0.0,0.02,2.742483510352674,1.0576094962748077,0.0708849362203324,0.08238647163791635,0.019159308406332634,0.011573177849165023
LR_a0p1_q0,leaky,0.1,0,0.0,7,late,451,500,5.8336709494072645,3.1868781734135094,3.958137879566702,4.468108733081858,4.44548704907097,-4.1988032330952585,0.001,0.0,0.0,5.8735342384742495,1.0416028413832221,0.05223183397674795,0.1615789326936198,0.03561936822949609,0.014215157874976707
LR_a0p1_q0,leaky,0.1,0,0.0,7,final,500,500,5.939287394746088,3.2230784480530654,4.029798495433845,4.518862716904125,4.2918021682406,-3.9723777884244917,0.0,0.0,0.0,6.0154103826500585,1.0717268714494612,0.06534562114433368,0.24165418906244482,0.0006294703402299252,0.00044976371253546634
LR_a0p1_q0,leaky,0.1,0,0.0,8,initial,0,0,1.0,1.0,0.6937528812430814,1.4115880954949276,0.9534892416789081,0.13502423078753054,0.1,0.0,0.0,1.0,0.09911488383105639,0.005635175744873862,0.0006029736512508004,3.7314679351601887,0.9884934330396942
LR_a0p1_q0,leaky,0.1,0,0.0,8,early,2,20,1.5951813827094705,1.1702427855824238,1.1066616803600178,1.6519007849669727,1.0233674210572548,-0.6132429411482314,0.05631578947368421,0.0,0.17,1.3319073059754696,0.6449074679033148,0.08432872485782318,0.037569790686019906,0.0007750073786854278,0.00044781160141510803
LR_a0p1_q0,leaky,0.1,0,0.0,8,middle,21,100,2.8557353075664134,1.7122032836652614,1.9811745976917965,2.4169257722892077,2.2893906987927157,-2.0151631021164977,0.01175,0.0,0.02,2.6683960481771907,1.1038285746113514,0.07546491463424253,0.0805230921420997,0.026036757275439543,0.016562052595942418
LR_a0p1_q0,leaky,0.1,0,0.0,8,late,451,500,5.309763395550777,2.965918054373316,3.683663654382399,4.18665461776685,4.113767622043144,-3.889228741271305,0.0036,0.0,0.0,5.141858667909956,1.0735935157056522,0.04858596158937017,0.11676135310944266,0.03217947002498401,0.018915031802332873
LR_a0p1_q0,leaky,0.1,0,0.0,8,final,500,500,5.373539738563639,2.993734963736728,3.727908676102719,4.225920635877704,4.186494952491593,-3.9916350203752518,0.0,0.0,0.0,5.445524564227483,1.0833900211046987,0.04343492506726878,0.10227709590833232,0.007586305343276966,0.0021031412973972433
LR_a0p1_q0,leaky,0.1,0,0.0,9,initial,0,0,1.0,1.0,0.7202572566321502,1.432101642074296,0.8600414350151762,-0.05870646988041699,0.1,0.0,0.0,1.0,0.10206279604236056,0.005506522952682217,0.0006118138740158491,2.1636871133929563,1.0412129662161398
LR_a0p1_q0,leaky,0.1,0,0.0,9,early,2,20,1.8153241290463753,1.2666272125867626,1.3075003770850897,1.8139389110414912,1.2506113990075625,-0.8919251750937455,0.03368421052631579,0.0,0.17,1.4605283078575493,0.7416382743802702,0.09204499041867682,0.05436040360211069,0.0004110588888320994,0.00021618423072993485
LR_a0p1_q0,leaky,0.1,0,0.0,9,middle,21,100,2.817438242183165,1.7186840791129394,2.029280339045354,2.4613302919045896,2.3499975503988755,-2.0249388062226643,0.012625,0.0,0.03,2.6707889624902657,1.0420707879140292,0.07484694673246585,0.09701274523307277,0.04132844178578284,0.011006757146119614
LR_a0p1_q0,leaky,0.1,0,0.0,9,late,451,500,5.107185476584587,2.923872197793083,3.6784874004763757,4.187282175674855,4.210659192308232,-3.9746109978930093,0.0016,0.0,0.0,5.029411640400497,1.0717911997133658,0.052138804081068864,0.13323692385178107,0.03770131335913463,0.017865346468276578
LR_a0p1_q0,leaky,0.1,0,0.0,9,final,500,500,5.170983182401938,2.9537099361097003,3.724438161047805,4.230012849713866,3.969177226556613,-3.7189986092224716,0.01,0.0,0.0,5.198483489162415,1.0581035478874201,0.0532317302954351,0.12899065883488384,0.00029640786606347755,0.00019771585835773642
LR_a0p1_qp05,leaky,0.1,0.5,-5.0,0,initial,0,0,1.0,1.0,0.7223637571689194,1.4398913264348285,4.975380307154207,-0.13029632209800185,0.0,0.0,0.0,1.0,0.09690787394070474,0.004550897654615956,0.0005053141298660052,2.4956867763111132,1.0978873865648144
LR_a0p1_qp05,leaky,0.1,0.5,-5.0,0,early,2,20,1.5885707057911165,1.18459822862073,1.147525903563753,1.7056927147010512,4.110379326138294,-0.9687539880186026,0.0,0.0,0.1,1.3222818066902469,0.6864738335445508,0.07462632408743781,0.038155580302588935,0.00968809118215173,0.003904271504779418
LR_a0p1_qp05,leaky,0.1,0.5,-5.0,0,middle,21,100,2.944305806437869,1.8713573017312886,2.126859804592724,2.6945511474233665,2.273671516291285,-3.116658769293921,0.019,0.0,0.01,2.390134209357084,0.8137114742208954,0.028883976833561132,0.049135017715372646,0.3509845780256319,0.2311422997800514
LR_a0p1_qp05,leaky,0.1,0.5,-5.0,0,late,451,500,2.9628201260113975,2.0437438485885195,2.1402338780412844,2.9427690410371445,0.7261106666304922,-5.1076769208375365,0.1366,0.0,0.04,2.182281106087731,0.3040631386139394,0.003510794684169514,0.016710093934698626,0.5666925746962269,0.4777665188887553
LR_a0p1_qp05,leaky,0.1,0.5,-5.0,0,final,500,500,2.932789454148282,2.0150441521904074,2.1185408090839375,2.90144459712219,0.6719451159053537,-5.050630420446396,0.17,0.0,0.04,2.165487448266745,0.3484852374057306,0.008029064336934118,0.027193787368014623,0.6139049109992007,0.2616536079944073
LR_a0p1_qp05,leaky,0.1,0.5,-5.0,1,initial,0,0,1.0,1.0,0.7127536716197848,1.4203201929643945,5.156186803631768,0.06741271622711792,0.0,0.0,0.0,1.0,0.09383858786956806,0.005358347848544652,0.0006286436112228861,9.942575999806781,0.8320698684873875
LR_a0p1_qp05,leaky,0.1,0.5,-5.0,1,early,2,20,1.6140545181204866,1.2004654188493127,1.1504232839848791,1.7050452753471383,4.20089127805866,-0.8734363643662992,0.0,0.0,0.11,1.4792111735296594,0.6840890676214263,0.07942379710719176,0.04050608277016591,0.004050799463346993,0.0014796110748778915
LR_a0p1_qp05,leaky,0.1,0.5,-5.0,1,middle,21,100,3.01794972177336,1.9742172096554125,2.15105474495787,2.8040205681714037,1.793315308563784,-3.578201490455409,0.02025,0.0,0.06,2.2842101580411214,0.5840892584996739,0.015808178620796046,0.03813860911163391,0.5953570158851023,0.31840897407609514
LR_a0p1_qp05,leaky,0.1,0.5,-5.0,1,late,451,500,2.7216432788555136,2.002730756367322,1.9398612398435768,2.8445189343393618,0.6690385724882771,-5.106417175042629,0.1436,0.0,0.04,2.113600966658278,0.3638365074057099,0.0028889607093022817,0.00876581087785066,0.723588763687346,0.45335064532440017
LR_a0p1_qp05,leaky,0.1,0.5,-5.0,1,final,500,500,2.70163737345637,1.9872170408213026,1.9256019573162595,2.822484490881445,0.4550588136933305,-5.034905548095703,0.2,0.0,0.06,2.1019861835936977,0.30166811920525016,0.000910036541448331,0.0032093429674493056,0.6124400770848952,0.3377324275703521
LR_a0p1_qp05,leaky,0.1,0.5,-5.0,2,initial,0,0,1.0,1.0,0.6951739093373812,1.3876885387931412,5.100431077949684,0.035657786708325145,0.0,0.0,0.0,1.0,0.09725408151334809,0.004948710859310743,0.0005820555525303549,1.1031181540859936,1.0993745145704252
LR_a0p1_qp05,leaky,0.1,0.5,-5.0,2,early,2,20,1.4679553339450313,1.1422697501522274,1.0204842482312284,1.585114640496351,4.279780767955733,-0.7910390177741646,0.0,0.0,0.14,1.2476775995422327,0.6120022358576741,0.06352845283401007,0.02484995874550626,0.002505569349903817,0.0020012727610189554
LR_a0p1_qp05,leaky,0.1,0.5,-5.0,2,middle,21,100,2.8651077961302676,1.8068281350412556,1.991748187308887,2.5073146945657365,2.586471071835461,-2.7504927319806938,0.011375,0.0,0.04,2.1631841174809683,0.8193423168986015,0.03625500752857528,0.053404728898509606,0.2406692153076834,0.17879999631823176
LR_a0p1_qp05,leaky,0.1,0.5,-5.0,2,late,451,500,2.9232927700678286,2.050527731739086,2.0321968631057543,2.8454938318118264,0.8179811869768533,-4.9107793526642025,0.125,0.0,0.03,2.201987129140513,0.2824269171858597,0.003962668670168527,0.010631285137761369,0.3990233681324364,0.4009221455901432
LR_a0p1_qp05,leaky,0.1,0.5,-5.0,2,final,500,500,2.9170092535488146,2.0517561559177286,2.0278287263628454,2.847198501965305,0.7914535634942461,-5.409470503330231,0.04,0.0,0.03,2.211980946040919,0.33399320581206754,0.0062452364984125,0.009644814047495159,0.32314988621585417,0.34024621736182203
LR_a0p1_qp05,leaky,0.1,0.5,-5.0,3,initial,0,0,1.0,1.0,0.7019225972385064,1.3999858554973614,5.238127686538817,0.12632403071969747,0.0,0.0,0.0,1.0,0.09900362643730118,0.005770862378897065,0.0005696645761241564,5.355100499902809,1.0240592517646354
LR_a0p1_qp05,leaky,0.1,0.5,-5.0,3,early,2,20,1.6589664857166402,1.203522957532016,1.1644660643858613,1.684915117311174,4.118183394568838,-0.9682942727295143,0.0,0.0,0.1,1.5261247152714903,0.7061696198366761,0.0735120628254791,0.03914357754233968,0.01212521694645817,0.005745953979851159
LR_a0p1_qp05,leaky,0.1,0.5,-5.0,3,middle,21,100,2.9513379601739165,1.8961787674188897,2.071610806333871,2.6546234538808666,1.9901887577986985,-3.3754173925555078,0.025875,0.0,0.02,2.3160529227084874,0.7445487878145377,0.017374471969380013,0.02861761399080764,0.49841192628757,0.33783640161407824
LR_a0p1_qp05,leaky,0.1,0.5,-5.0,3,late,451,500,2.684689369339064,1.9437881866768223,1.8844441349050833,2.721275967430416,0.5549810110912163,-5.007141896915436,0.1656,0.0,0.03,2.154496282307894,0.2348122909707138,0.0011081239144244566,0.002776673213013831,0.6448386101084113,0.5269656485659189
LR_a0p1_qp05,leaky,0.1,0.5,-5.0,3,final,500,500,2.6531230174144618,1.93052309487629,1.8622869991768218,2.7027050265377963,0.5793999274120579,-5.311183905601501,0.15,0.0,0.03,2.1153833290271136,0.2221446983649398,0.0004934826701165014,0.003311481938492552,0.581775045212042,0.6264731034189878
LR_a0p1_qp05,leaky,0.1,0.5,-5.0,4,initial,0,0,1.0,1.0,0.6889504467660763,1.4005079337377437,5.143030704882173,0.04573907433077693,0.0,0.0,0.0,1.0,0.0990179919603878,0.005791853617637749,0.0006505644749721365,2.189257073494745,1.0265866313031298
LR_a0p1_qp05,leaky,0.1,0.5,-5.0,4,early,2,20,1.7955402879979407,1.2501919346937347,1.2370382836026705,1.7509037232335147,4.0570260590570095,-1.0338750144805895,0.0,0.0,0.08,1.4870650796415226,0.7132436806898731,0.0761201494177592,0.043920911855317685,0.01554954924137846,0.004179498967797957
LR_a0p1_qp05,leaky,0.1,0.5,-5.0,4,middle,21,100,3.050934795112052,1.8999532318101857,2.101942890146616,2.6608995748808315,1.9852860925047782,-3.512692160719787,0.042875,0.0,0.02,2.3339793111990454,0.7221245857134282,0.02367079293374905,0.05375607856351034,0.6293880551143305,0.2819754161331261
LR_a0p1_qp05,leaky,0.1,0.5,-5.0,4,late,451,500,3.1863746824077097,2.14683445336191,2.1952542610089063,3.006658684354887,0.8330064872649325,-5.125223808179423,0.1558,0.0,0.03,2.1799239746766723,0.3830508489439258,0.0063627050338967775,0.021927010648991004,0.587756996558712,0.3654988216940556
LR_a0p1_qp05,leaky,0.1,0.5,-5.0,4,final,500,500,3.14130709387767,2.1226067936087247,2.1642049257564655,2.972727654654652,0.9619615012931014,-5.355242350101471,0.13,0.0,0.03,2.153563329108688,0.3073353022508486,0.00334803575401184,0.011306914864985482,1.1451248912927012,0.5124208709699748
LR_a0p1_qp05,leaky,0.1,0.5,-5.0,5,initial,0,0,1.0,1.0,0.7318089860993301,1.4241256246236833,5.170300040082964,0.09504209799692034,0.0,0.0,0.0,1.0,0.10266809539896946,0.005296156666894144,0.000607810752462566,3.639471587137826,0.9213220480907295
LR_a0p1_qp05,leaky,0.1,0.5,-5.0,5,early,2,20,1.5670795616567166,1.1891476190984964,1.1468029051529842,1.6934955958184121,4.284565077097153,-0.7917129627835177,0.0,0.0,0.09,1.2932845016519376,0.6479569642287247,0.07203808323913782,0.03989003603708116,0.0019211235939814763,0.0009472688073864323
LR_a0p1_qp05,leaky,0.1,0.5,-5.0,5,middle,21,100,2.5674779068542195,1.6725180907297414,1.8789034038474164,2.3818758706549032,2.9231320651950963,-2.32677957252835,0.006375,0.0,0.07,2.1028087098160313,0.9262639008932214,0.04760800857867566,0.058191839150879034,0.10608496553234184,0.0696995713453294
LR_a0p1_qp05,leaky,0.1,0.5,-5.0,5,late,451,500,3.0834865106030898,2.0973637356409367,2.256523136975408,2.986909440082711,0.8411370499119645,-4.982676168490574,0.1358,0.0,0.05,2.0803880095664846,0.31696057140205547,0.0045393597011954105,0.013271181702734055,0.5541496965330253,0.4117192644213488
LR_a0p1_qp05,leaky,0.1,0.5,-5.0,5,final,500,500,3.036642938503163,2.080230964617544,2.2222425899716898,2.962510221847487,0.8978755462752952,-4.813205745071173,0.19,0.0,0.05,2.0874524707661353,0.24555338275841365,0.005482430561864237,0.012884586368467872,0.19570770985532696,0.38609212086354217
LR_a0p1_qp05,leaky,0.1,0.5,-5.0,6,initial,0,0,1.0,1.0,0.7122233603226376,1.4206182261212177,5.200107157936014,0.12177180511178448,0.0,0.0,0.0,1.0,0.0950552343916686,0.006029937594424685,0.0007442048897552629,2.346296511948942,0.9626654215158608
LR_a0p1_qp05,leaky,0.1,0.5,-5.0,6,early,2,20,1.9116998947309556,1.325558411548367,1.3615573229537135,1.8831124392338998,3.7961847172625847,-1.3035784589837451,0.0,0.0,0.07,1.7551852213848962,0.8677321996504729,0.07139437321533212,0.038416640760185215,0.012272953956712643,0.005916112966444727
LR_a0p1_qp05,leaky,0.1,0.5,-5.0,6,middle,21,100,3.0069342692230285,1.8999636541723854,2.1416088294953197,2.6991229960851606,2.4968009637699464,-2.787723454536812,0.00925,0.0,0.03,2.5960684920221366,1.0536757893751425,0.04832311264562038,0.0826641149377604,0.10544905104833284,0.06526242961371267
LR_a0p1_qp05,leaky,0.1,0.5,-5.0,6,late,451,500,3.024320390010941,2.07747664496626,2.153991630865862,2.9513011861802263,0.7471572729685146,-5.089440728228539,0.1422,0.0,0.03,2.323995324374142,0.30925718327768986,0.004328430517980002,0.011922994564625847,0.5437545299497404,0.3511968330548418
LR_a0p1_qp05,leaky,0.1,0.5,-5.0,6,final,500,500,3.032578979116669,2.0737761112326965,2.1598735909502675,2.94604414051195,0.6677844801499607,-4.853532139062882,0.14,0.0,0.02,2.3026098460848337,0.3840396002373445,0.00572164731299089,0.015343298624445919,0.41373267322877266,0.5042171639025097
LR_a0p1_qp05,leaky,0.1,0.5,-5.0,7,initial,0,0,1.0,1.0,0.6784986527169264,1.4020331151523138,4.988628858413497,-0.10570058714365586,0.0,0.0,0.0,1.0,0.1006962298499074,0.005048007512363221,0.0005664210492191324,3.070862487301216,0.8123945893021517
LR_a0p1_qp05,leaky,0.1,0.5,-5.0,7,early,2,20,1.6418984079830024,1.195912677927004,1.1140258577145334,1.6767091772841431,4.113074207624231,-0.9705849792281017,0.0,0.0,0.11,1.434463426390247,0.6455363133487789,0.06927028489226275,0.03577457339812186,0.0033491102840075802,0.002776844761242662
LR_a0p1_qp05,leaky,0.1,0.5,-5.0,7,middle,21,100,3.064506680535521,1.877363417420814,2.0792636539853713,2.6321256803994975,2.253979844870011,-3.147461693221354,0.017625,0.0,0.04,2.230984963292555,0.7725547868848196,0.026002112553681893,0.04551275020766506,0.3512084198510995,0.2615670560997945
LR_a0p1_qp05,leaky,0.1,0.5,-5.0,7,late,451,500,2.922348538432816,2.024081694632489,1.9828095460959447,2.8378295636483633,0.7213335255464408,-5.1319781050466,0.1584,0.0,0.01,2.105331641441076,0.32012595197640414,0.0033065324244386453,0.008905733126331729,0.8214434001691364,0.4606536178341264
LR_a0p1_qp05,leaky,0.1,0.5,-5.0,7,final,500,500,2.920034467115659,1.9981780241857603,1.9812394518249625,2.801511759878057,0.7918708250114866,-4.778173476457596,0.19,0.0,0.01,2.0842108410696274,0.27214483470061246,0.004061386743271764,0.00825827057605126,0.6740567733554546,0.48726743529189903
LR_a0p1_qp05,leaky,0.1,0.5,-5.0,8,initial,0,0,1.0,1.0,0.6937528812430814,1.4115880954949276,5.221052005283296,0.13502423078753054,0.0,0.0,0.0,1.0,0.09911488383105639,0.005635175744873862,0.0006029736512508004,3.4924516493315814,0.9884934330396942
LR_a0p1_qp05,leaky,0.1,0.5,-5.0,8,early,2,20,1.6537811159660678,1.196165498591092,1.147315414146858,1.68849297805294,4.188834194133704,-0.8808052507515592,0.0,0.0,0.13,1.4897764731029384,0.6807013678973969,0.0758981573069234,0.035135014081059596,0.0015772547628424526,0.0008612849626338138
LR_a0p1_qp05,leaky,0.1,0.5,-5.0,8,middle,21,100,2.868131906512585,1.7870376852175975,1.989774773928318,2.5225611226539724,2.305439883643717,-3.0220438698197687,0.01375,0.0,0.02,2.495569694835193,0.8099848068786972,0.02556405645543478,0.032717949726722734,0.4476681677986253,0.32549786217032395
LR_a0p1_qp05,leaky,0.1,0.5,-5.0,8,late,451,500,3.0538791921961073,2.0438303670103064,2.1186374885543433,2.8850466152827776,0.7126230079485691,-4.917355653128028,0.1476,0.0,0.01,2.3893554497748726,0.310908118118108,0.0026268902371165232,0.007573180694246031,0.6093748808597619,0.41496531899047134
LR_a0p1_qp05,leaky,0.1,0.5,-5.0,8,final,500,500,3.0336190589323597,2.0485530014725057,2.1045819627282496,2.8917130298689924,0.8297376685011416,-4.990713425278663,0.19,0.0,0.01,2.396007754754272,0.25817376190438496,0.003890043895699681,0.012262900799787035,0.44174360565692816,0.2271988532748036
LR_a0p1_qp05,leaky,0.1,0.5,-5.0,9,initial,0,0,1.0,1.0,0.7202572566321502,1.432101642074296,5.015237439158668,-0.05870646988041699,0.0,0.0,0.0,1.0,0.10206279604236056,0.005506522952682217,0.0006118138740158492,1.8406165210805518,1.0412129662161398
LR_a0p1_qp05,leaky,0.1,0.5,-5.0,9,early,2,20,2.0709263448670505,1.3835888314215008,1.491599727841188,1.9814398374343873,3.6979850349225925,-1.4160481106097762,0.0,0.0,0.03,1.6542003793017652,0.8853661335463452,0.08300867063670452,0.06589986195281247,0.009917003311488383,0.003987026899990748
LR_a0p1_qp05,leaky,0.1,0.5,-5.0,9,middle,21,100,2.928742861887502,1.8728972900101521,2.1094482990840846,2.682179284460038,1.9639608525271242,-3.496043786967406,0.036375,0.0,0.0,2.437278680438909,0.78360095611411,0.024356951477504687,0.03746975463543258,0.5795582595228153,0.2111501924042642
LR_a0p1_qp05,leaky,0.1,0.5,-5.0,9,late,451,500,2.8794114932682158,2.0354528802763534,2.073917022856448,2.914975412208621,0.6802051724885768,-5.161054272969812,0.1362,0.0,0.01,2.3170756512103514,0.3138740005625649,0.0027452560165085386,0.00836094200110471,0.6017225363233899,0.39463034623218446
LR_a0p1_qp05,leaky,0.1,0.5,-5.0,9,final,500,500,2.8438741828998286,2.0262047262506346,2.0483210171824284,2.901731115642233,0.6523313385314478,-5.165213527679444,0.12,0.0,0.01,2.269640953491156,0.3024471222304794,0.0022266641922843054,0.005243641075512862,0.5907803113962709,0.446570331704915
