period,arm,iv,seed,task,index,bin,actual,pos,neg,l2,pre,positive_actual,positive_pos,positive_neg,positive_l2,positive_pre,negative_actual,negative_pos,negative_neg,negative_l2,negative_pre,localup_actualdown,localup_currentdown,within_ratio,between_ratio,star_delta20,star_W_delta20,bias_delta20,mean_delta20,within_delta20,star_delta625,star_W_delta625,bias_delta625,mean_delta625,within_delta625
early,SNA,none,0,2,1,first5,-0.210554812933471,-0.2675535422364166,0.05759853148330752,0.0,-0.0005998346146633677,-0.36429504634364834,-0.45045580244288363,0.07502702948581919,0.0,0.011133682977668292,-0.05184714610941335,-0.07874160712787105,0.039606908907539616,0.0,-0.012712468760012054,0.5275757914755566,0.28191072826938135,4.014638661137664,2.1540203359447423,-0.07940152956734362,-0.07853918718182665,-0.0008623423855169676,-0.21055481293347098,0.2532613776189742,-0.15687786901962494,-0.15610115505096284,-0.0007767139686620794,-0.2276009303837543,0.9699412221842543
early,SNA,none,0,3,2,first5,-0.41249851111661323,-0.4985108767444487,0.08138383616568007,0.0,0.004628485605268378,-0.6775934239610876,-0.833283095373406,0.14696668208281022,0.0,0.008722925333045839,-0.21982413095477757,-0.25519413774094,0.03371738323096995,0.0,0.0016525943360068515,0.5934770488756737,0.319736108530013,2.1619869881358347,1.281592021600683,-0.14594272075624176,-0.14317723197392626,-0.0027654887823155153,-0.41249851111661306,0.18408201876283298,-0.06417371370032257,-0.06477288978599305,0.0005991760856704775,-0.10460652687158364,0.9869932902127323
early,SNA,none,0,4,3,first5,-0.5781329618273854,-0.6744639822237368,0.10425011462411632,0.0,-0.007919143916067694,-0.9560173858977988,-1.1818966707101368,0.22355072090002256,0.0,0.0023284735411977114,-0.3153232169990251,-0.3215564610769268,0.021279343943720844,0.0,-0.015046121260179492,0.5873070920756026,0.3318016299635859,1.705788612614204,1.246251888397843,-0.2154122317656225,-0.21064828800776061,-0.004763943757861852,-0.5781329618273854,0.17455169712629162,-0.14450684052779492,-0.142871626075978,-0.0016352144518168629,-0.3173143393893243,0.8872778978672798
early,SNA,none,0,5,4,first5,-0.30614619089524114,-0.45121097349224193,0.1474774602827599,0.0,-0.0024127042341790255,-0.6373150093952226,-0.8272674601678273,0.18750943067896744,0.0,0.0024429641155283327,-0.14689320378409726,-0.27037233325772236,0.12822682281508635,0.0,-0.004747705737685549,0.539419451021661,0.35648513549066035,1.5254025784373018,1.1295482771583876,-0.11284595722368446,-0.11085485141352747,-0.001991105810157024,-0.30614619089524103,0.1356641384480491,-0.062048543883595986,-0.06271686197187892,0.00066831808828283,-0.08220083887938961,0.8646087717407231
early,SNA,none,0,6,5,first5,-0.11383196973951845,-0.3045871684521228,0.17375401575791663,0.0,0.017001186264416893,-0.24894024110567037,-0.4013739425705077,0.12651874120715922,0.0,0.02591493927648506,-0.04731549267386012,-0.25693712322685713,0.19700887665263356,0.0,0.012612769168994597,0.4949967869273846,0.35848710180850085,1.4787286286989059,1.3532912428815034,-0.02304895231617049,-0.022304510399702826,-0.0007444419164676225,-0.11383196973951848,0.14640738586722685,-0.05027335893524376,-0.05205706089430978,0.0017837019590660926,-0.14988755957588967,0.879718502353465
early,SNA,none,0,7,6,next5,-0.21482537231406057,-0.3152839798081726,0.11361877800266285,0.0,-0.013160196564146093,-0.522061393561393,-0.6372452887580239,0.13273240554356336,0.0,-0.01754855954763219,-0.09185534165756645,-0.18642020963229186,0.10596862241504965,0.0,-0.01140377123218058,0.5133609958506224,0.3703734439834025,1.3334230180229367,1.1516165383636248,-0.0859117518584947,-0.08422099738947625,-0.0016907544690184292,-0.21482537231406063,0.12862345839801614,-0.07182796959202281,-0.07217360409636059,0.0003456345043377964,-0.15327222800786455,0.9291350238935239
early,SNA,none,0,8,7,next5,-0.1328830829291937,-0.2055787938472748,0.0925452702037747,0.0,-0.019849558448841537,-0.3160240885590229,-0.3973233077973646,0.10199118183014072,0.0,-0.020691981553420707,-0.059005217077860286,-0.12823032985573163,0.0887348521623519,0.0,-0.01950973056105567,0.4668153434433541,0.37163247100802854,1.3533908701799733,1.1326980477193023,-0.05103959222422183,-0.05042169841977506,-0.0006178938044467952,-0.1328830829291937,0.14001216221077628,-0.027191219407059597,-0.028125476995001453,0.000934257587941828,-0.027616355322620967,0.808943625871725
early,SNA,none,0,9,8,next5,-0.03156885171831508,-0.19086274225779648,0.1562004306259124,0.0,0.0030934584771482106,-0.2521936492482633,-0.37770905784401915,0.12283374136938505,0.0,0.0026816356672770656,0.0582807380626607,-0.11476946083402552,0.16978903614810592,0.0,0.0032611735796373087,0.4233251919050942,0.3697662247034194,1.2331283073506936,1.0915699106729686,-0.0008025204315753598,-0.0014598998670088958,0.0006573794354335413,-0.03156885171831514,0.10002607940151437,-0.053070049621977256,-0.053107085757595374,3.7036135618109464e-05,-0.07020181450564522,0.7942931740696955
early,SNA,none,0,10,9,next5,-0.13439883368907585,-0.33876522905882134,0.19866215822241887,0.0,0.005704240324898347,-0.38722458623152933,-0.5386301233419182,0.14197905927770374,0.0,0.009426442864988283,-0.039800379189643645,-0.263982854566735,0.2198709690436506,0.0,0.004311523783622579,0.47252841151841407,0.3643510211056994,1.2687412060052319,1.1034363166488677,-0.025982858094151906,-0.025542170402126252,-0.0004406876920256767,-0.13439883368907568,0.1307059109677568,0.009176534551713078,0.0062740521145102646,0.0029024824372027077,-0.03287400244897587,0.8059739473186287
early,SNA,none,0,11,10,next5,-0.18101358477707008,-0.2985719746370314,0.11337631103646452,0.0,0.004182073309360292,-0.3629640549715724,-0.4528930375144039,0.09415682250909789,0.0,-0.004227862763129954,-0.10454896276745264,-0.23371860147219933,0.12145329442591263,0.0,0.0077163460277577195,0.48986722571628233,0.3635569531795947,1.2715382012954173,1.084079635192372,-0.04765003453075056,-0.04636527335104634,-0.001284761179704219,-0.18101358477706997,0.12759184233730536,-0.07788210692776298,-0.07787017619081693,-1.1930736945942044e-05,-0.23378933667555246,0.8655800416969968
early,SNA,none,0,12,11,last9,-0.007997377065151613,-0.12875172244660824,0.12451038838599554,0.0,-0.0037560463774184926,-0.1810478077783158,-0.2300061642886659,0.05936197768004774,0.0,-0.0104036434913374,0.05973109467600254,-0.08912276241048359,0.15000817117275186,0.0,-0.0011543100429802112,0.41010440629976996,0.3609980534418687,1.2867921174494061,1.0404122499661246,0.005122615710395184,0.004663295073230489,0.0004593206371646362,-0.00799737706515169,0.13732555452168804,0.018980423458066276,0.017990080670366337,0.0009903427876997717,0.051660224955230594,0.8257885171611077
early,SNA,none,0,13,12,last9,-0.003975382681911931,-0.21976185356407488,0.21697624400859927,0.0,-0.0011897735366658074,-0.3330761998797627,-0.5173820382369206,0.18418134554547486,0.0,0.0001244516824926088,0.10414225001592635,-0.12198637526565254,0.22775016677363258,0.0,-0.001621528525112959,0.4411272788091654,0.3549924736578023,1.2147795904038392,1.1350346500724684,-0.0025334265620569063,-0.0028763001379210618,0.00034287357586436015,-0.003975382681911888,0.11872447068434588,0.02719170778576807,0.025247976767658997,0.0019437310181092474,0.07686627523622858,0.7917977222530574
early,SNA,none,0,14,13,last9,-0.15204879098230217,-0.4059992007812971,0.23433845606910345,0.0,0.019611949133776382,-0.5372873903056352,-0.7372601266302408,0.18676096276853646,0.0,0.013211725484688252,0.012777205749768117,-0.26426778451785543,0.254694691838452,0.0,0.022350312434136405,0.48839581739352206,0.35960214231063503,1.2606117559381051,1.3016385946852507,-0.039644115831861004,-0.03870245382578086,-0.0009416620060801496,-0.15204879098230217,0.1414771034401684,0.02147572081842397,0.018942163456384442,0.002533557362039574,-0.026229518521785566,0.7988859575132163
early,SNA,none,0,15,14,last9,-0.10819156076819711,-0.30322426610620234,0.18941387743431584,0.0,0.005618824570496879,-0.4905177328208982,-0.5783130945731229,0.06984114978440684,0.0,0.017954156951309013,0.044906228040652495,-0.1930683457354224,0.23729529791557039,0.0,0.0006792932232570105,0.47043419496536576,0.37007940530495015,1.2867252089058208,1.1309736577864002,-0.03524350537427012,-0.035118390265011845,-0.0001251151092583301,-0.10819156076819703,0.17094844480055793,0.04534705474941547,0.043929687699762465,0.0014173670496529685,0.026560279617560467,0.801226464115391
early,SNA,none,0,16,15,last9,-0.2402003487190063,-0.39931846610310556,0.15234715005022126,0.0,0.006770955929720346,-0.5646511631334874,-0.7023889820344792,0.13388495336842068,0.0,0.0038528264166964037,-0.1002039996022595,-0.2685474405105512,0.16031335021770043,0.0,0.008030091243682896,0.5008062462870236,0.3696851396079097,1.1936231500650942,1.1701393731695393,-0.0830390401830503,-0.08123712723119969,-0.0018019129518506843,-0.24020034871900642,0.124872642673445,-0.06149883464522099,-0.062181580191512764,0.0006827455462916979,-0.12682679121699325,0.8406585498134745
early,SNA,none,0,17,16,last9,-0.15918819359675823,-0.2596082103712267,0.08992765106313434,0.0,0.010492379658673305,-0.2894748243721069,-0.41177374888090323,0.10493030692110536,0.0,0.017368613344165736,-0.10379661094178197,-0.19491477288314568,0.08354924640982894,0.0,0.0075689372127508234,0.5149949169772958,0.3946119959335818,1.2287032745388426,1.4016630613895213,-0.03704720573880649,-0.03614576551803794,-0.000901440220768563,-0.15918819359675807,0.14423773509527393,-0.00837288557605409,-0.00816061621585451,-0.0002122693601995726,-0.054012770904034446,0.8639553990370223
early,SNA,none,0,18,17,last9,-0.09561727927776378,-0.1997899991856519,0.08909635011819399,0.0,0.015076359934720665,-0.26926504022260805,-0.34885715895531144,0.06650357110298846,0.0,0.01308853553618907,-0.0246705435273475,-0.13888608464221983,0.09832701289171783,0.0,0.015888519282779557,0.4817712811693895,0.39759243336199485,1.2475354831941574,1.3071248602468317,-0.022259932176193598,-0.02188021179851596,-0.0003797203776775837,-0.09561727927776387,0.1620477874787779,-0.006804579065341487,-0.007720957838158959,0.0009163787728175554,0.011877945568553372,0.8245137328039479
early,SNA,none,0,19,18,last9,-0.16809135713264947,-0.30695581211297046,0.1373769436042779,0.0,0.001487500430319315,-0.3456973997869273,-0.44863692411251455,0.09682569126490616,0.0,0.006113799438129382,-0.08887890159728021,-0.2437659081167888,0.15546283879585496,0.0,-0.0005758331081843137,0.47671443193449337,0.3468099624701467,1.1749226795384198,1.3539989542521014,-0.04773141785640744,-0.04625123624223759,-0.001480181614169851,-0.16809135713264955,0.12083895329798056,-0.01202521453415184,-0.013790412661984108,0.0017651981278322612,-0.01211166894400717,0.8338365724286203
early,SNA,none,0,20,19,last9,-0.150337310727177,-0.2800909374584854,0.12562012136105255,0.0,0.004133493869353671,-0.4607197198546401,-0.5495844389717416,0.08294349327031167,0.0,0.005921198537837833,0.004722079264538429,-0.14545863639204104,0.1469403113075648,0.0,0.0032404007454238937,0.4613666815542653,0.36596694953104064,1.1712757574246586,0.9468904739345981,-0.05829963566186547,-0.057575417625817416,-0.0007242180360481146,-0.15033731072717715,0.1282207894966546,-0.04458029950988052,-0.045194738460895945,0.0006144389510154731,-0.06781759046986813,0.8354601897122267
early,SNA,none,1,2,1,first5,-0.36095311065206365,-0.47131630242154654,0.11168511920989682,0.0,-0.0013219727852562195,-0.6177754307203122,-0.6613195723146322,0.047393392865602284,0.0,-0.003849325207387835,-0.06024722264338514,-0.24884692365972497,0.18696245747564594,0.0,0.0016372316725417231,0.5691236950332174,0.27849836549615103,4.133559695666533,2.1041193702627123,-0.1520872218228346,-0.14854894428306076,-0.003538277539773845,-0.3609531106520637,0.24315309579272296,-0.17115842621325503,-0.1689838962852395,-0.002174529928015546,-0.3056048831793326,0.9218732208258826
early,SNA,none,1,3,2,first5,-0.4062492475689551,-0.4986007810723932,0.09931709397407117,0.0,-0.006965598645407497,-0.7457388630090389,-0.8818174478230298,0.13387203805987796,0.0,0.0022064683521973707,-0.17942510057029745,-0.24256115688918176,0.07622980246240273,0.0,-0.013093757441220322,0.5813451061431524,0.32500469659966186,2.0129493421679716,1.2495862729239353,-0.16700385857166905,-0.1638324130643457,-0.0031714455073233692,-0.4062492475689551,0.17470785031232738,-0.1737149204116975,-0.17122317191573877,-0.0024917484959587452,-0.27705270455395714,0.8952009552721729
early,SNA,none,1,4,3,first5,-0.4510629799756366,-0.4552646053610526,0.013020184055668207,0.0,-0.008818601983416689,-0.7783462326859056,-0.8054616019553635,0.040044227565791145,0.0,-0.012928942774371325,-0.2823304099713517,-0.27471873644227357,-0.0009122010438141148,0.0,-0.006699494575665546,0.5882452862238832,0.3754883641922881,1.7955695922412933,1.170587770586678,-0.17589967107140758,-0.17285580550090007,-0.003043865570507478,-0.4510629799756366,0.16131808791313923,-0.11889655991753412,-0.11787069335119177,-0.0010258665663423015,-0.24502531021692564,0.952666466138375
early,SNA,none,1,5,4,first5,-0.14761540475943963,-0.21227724803513215,0.06866346220412807,0.0,-0.004001627007944461,-0.3079801292451565,-0.39458190642552937,0.09648670048471279,0.0,-0.009884937675676874,-0.08376729763213903,-0.139693907802145,0.05758583210770741,0.0,-0.001659227512162416,0.4708801253591016,0.3606685818751632,1.5033893786057906,1.2387632755846414,-0.05693446753567005,-0.05600814458410647,-0.0009263229515636341,-0.14761540475943963,0.13403589860041287,-0.02906919772018096,-0.030569653270739405,0.0015004555505583991,0.04115176205775434,0.8752652455540014
early,SNA,none,1,6,5,first5,-0.13741993218508403,-0.25806345812275117,0.12964625985978398,0.0,-0.009002748092774425,-0.3780518491293822,-0.4685397852176819,0.09367692022586051,0.0,-0.0031890217438426643,-0.03759771661175021,-0.17075079584937053,0.14456755218277662,0.0,-0.011414477393928497,0.4772629588240351,0.35192985472363103,1.3875925770174125,1.3426182413596248,-0.05829506984591454,-0.056694779414680985,-0.0016002904312335886,-0.13741993218508403,0.12120167745847393,-0.06013153003072336,-0.06036573925254013,0.0002342092218168548,-0.048686816145039225,0.8883238151600179
early,SNA,none,1,7,6,next5,-0.07178486760746534,-0.2875547815845739,0.2236718037069614,0.0,-0.007901887577805838,-0.4651679300644536,-0.5375006005827195,0.0806518181968188,0.0,-0.008319181256647892,0.06936531828474485,-0.19787146224129024,0.2749889534972249,0.0,-0.007752157998773338,0.46002015790357803,0.3824122291281707,1.47881636185011,1.2670837724346458,-0.040483071957492844,-0.04031645982169352,-0.00016661213579936916,-0.07178486760746527,0.15998484734511836,-0.07061510198022819,-0.0709827861852036,0.00036768420497537615,-0.05964466378621225,0.9871810820319293
early,SNA,none,1,8,7,next5,-0.09654609634705492,-0.20593432910932588,0.11561874040518319,0.0,-0.006230516116017365,-0.2445234131254529,-0.36859691666211664,0.12550585223096708,0.0,-0.0014323753681049411,-0.038350597759882664,-0.1419635085119347,0.11173040525480146,0.0,-0.008117495818010136,0.5044076163610719,0.376410437235543,1.339101576452182,1.467479330729005,-0.03786596640039974,-0.037999537592090626,0.00013357119169086183,-0.09654609634705497,0.12337911901371662,-0.10839240135842154,-0.10923047704926603,0.0008380756908445619,-0.1794143586693197,0.888003448038467
early,SNA,none,1,9,8,next5,-0.025089155041320556,-0.28241239188302825,0.27209988536770896,0.0,-0.014776645821791395,-0.40205611074997893,-0.5219017820951369,0.11079749138064172,0.0,0.009048152314388044,0.09436127948364528,-0.20652480733022002,0.32321216658994834,0.0,-0.022326067453420268,0.42729396600338354,0.3602674615322646,1.2473735805913704,0.9695238122789714,-0.01806813454954792,-0.01765882552747755,-0.00040930902207037424,-0.025089155041320477,0.1089378938529425,-0.0014812713092156038,-0.0022130981159477203,0.0007318268067319873,0.04273101572819615,0.9175728866479868
early,SNA,none,1,10,9,next5,0.05631591799438309,-0.18757544248090863,0.23992487203332347,0.0,0.003966503450791562,-0.17128937939903394,-0.32620040903417935,0.14906762081329109,0.0,0.0058434006618061415,0.12295845482334139,-0.14698623148828854,0.2665277577304121,0.0,0.0034169503738567817,0.4021766015335147,0.3592217000577129,1.2343020306505723,1.3334267995077504,0.02066236048972725,0.020103286817825028,0.000559073671902297,0.05631591799438318,0.1111618861401999,-0.006449717638934982,-0.008361708572811821,0.0019119909338769503,0.0690145791003296,0.823946131180864
early,SNA,none,1,11,10,next5,-0.2155599085527489,-0.34424940458910747,0.137872575745894,0.0,-0.009183089642149322,-0.4781409701592114,-0.5999144480742217,0.12439091737967506,0.0,-0.002617470026602559,-0.10848136020977962,-0.23999115553283082,0.14337029290142184,0.0,-0.011860499098504295,0.5081270930327534,0.3477088948787062,1.2748343564951419,1.150715613617733,-0.08949094885824094,-0.08795354615266049,-0.0015374027055804615,-0.21555990855274898,0.12863706120234247,-0.05367432177061282,-0.05441327771341031,0.000738955942797475,-0.13158234828920912,0.9236656319289465
early,SNA,none,1,12,11,last9,-0.1782505791824257,-0.32759918809597205,0.1375223888631566,0.0,0.011826217369701533,-0.5101797265765338,-0.5959414899825227,0.07806436959336781,0.0,0.0076973480912351485,-0.07103832227218408,-0.24092531797757705,0.15672717544900572,0.0,0.01315983147773331,0.4872686120766308,0.3709481852720071,1.276807663862041,1.1584073858979402,-0.06098323708468378,-0.059799345414894955,-0.0011838916697888644,-0.17825057918242582,0.13483888561316182,-0.020419100920190836,-0.022090632076070982,0.0016715311558800749,-0.06265500970834892,0.8428785200305434
early,SNA,none,1,13,12,last9,-0.10870752111471052,-0.30656534990742057,0.19098278378325953,0.0,0.006875036810353667,-0.49013079182102937,-0.624780322189216,0.11930146224573426,0.0,0.015348019649481251,-0.006850545832177241,-0.2215878011956768,0.21012488432302626,0.0,0.004612373596291808,0.458025162028212,0.3675943576057949,1.190504949427885,0.9234052528843076,-0.036896746321818386,-0.03675070343388198,-0.00014604288793634672,-0.10870752111471049,0.10443431669045589,0.024396049240492657,0.023654886832698563,0.0007411624077940365,0.10204125422307342,0.8045999410358555
early,SNA,none,1,14,13,last9,-0.13835673440274326,-0.23958935059924322,0.09089494997708514,0.0,0.010337687431690723,-0.40245868059740064,-0.5077667948687291,0.11520695503541767,0.0,-0.009898832806354233,-0.05064341729139156,-0.1505224824816424,0.08282046722517639,0.0,0.01705862357943741,0.4831265508684863,0.3553349875930521,1.2528428842050656,1.130293082510075,-0.042867997209497744,-0.042510888593926044,-0.0003571086155716337,-0.1383567344027431,0.13285230338744503,-0.020506433800818402,-0.021440288358624993,0.0009338545578066251,-0.07367671343894966,0.8047663412939497
early,SNA,none,1,15,14,last9,-0.12331807158754675,-0.27766253727087814,0.1574005536725563,0.0,-0.0030560949796324434,-0.43356043822468127,-0.5571348914648953,0.12473716995183104,0.0,-0.0011627517388940781,-0.03197250345648365,-0.195376673971502,0.16701772935166753,0.0,-0.0036135575720791986,0.455308984435198,0.370473108337186,1.1939123662666202,1.1464098737547197,-0.04441544477272619,-0.043674610776629486,-0.0007408339960966251,-0.12331807158754671,0.11023223413321037,-0.00929747206118936,-0.009609470148170707,0.00031199808698147494,-0.002802038431169107,0.860380702093205
early,SNA,none,1,16,15,last9,-0.04301047156448574,-0.27667335655574415,0.23325142348478053,0.0,0.00041147846650627215,-0.5463333436465982,-0.6479166220731266,0.10677450306647536,0.0,-0.005191252146608932,0.1192691320256946,-0.1569783986960576,0.2740296707038756,0.0,0.002217891314700016,0.43959055371967437,0.370919642137503,1.191570702559564,0.9078757053607439,-0.025640812560110193,-0.02568548279256555,4.467023245524615e-05,-0.043010471564485786,0.1203001330942356,-0.03355835504191618,-0.03438688195137929,0.0008285269094631086,-0.04070156975077455,0.8012864607302037
early,SNA,none,1,17,16,last9,-0.09398800482266167,-0.411806766387893,0.31651176504128165,0.0,0.001306993936421999,-0.6883049280407156,-0.8559235626356626,0.17039199260296906,0.0,-0.0027734011952193285,0.10714199172622028,-0.26150781610233803,0.3659619290499185,0.0,0.002687889930938355,0.45271709125325343,0.34679391119173436,1.1249604667935642,1.0493349648965615,-0.02957956283361063,-0.029138906531375852,-0.0004406563022348563,-0.0939880048226619,0.0820962430396528,9.09314747810086e-06,-7.444793450750442e-05,8.354108198545783e-05,0.017584002031205692,0.8062041252641776
early,SNA,none,1,18,17,last9,0.0009286403502532208,-0.25663358961390953,0.2392590197531298,0.0,0.01830320978990542,-0.3262220305502979,-0.5272581681858796,0.18359740819314485,0.0,0.017438700201892112,0.09853045709033144,-0.17589571293331543,0.2558650514509419,0.0,0.0185611267495346,0.43925382653061223,0.37356505102040816,1.1637296766858438,1.2477885052467441,0.009703455241159342,0.009145683331643117,0.0005577719095163046,0.0009286403502531959,0.1112829996257636,0.03950383670691826,0.03772167388137049,0.0017821628255478578,0.03916837064241241,0.7886692559818527
early,SNA,none,1,19,18,last9,-0.22369231969598197,-0.41731944974558277,0.18630537438304665,0.0,0.007321752688035993,-0.5157585194644375,-0.7052201166835297,0.17738820532065624,0.0,0.012073356812958106,-0.10586351841885547,-0.3011711569986747,0.18990284421091413,0.0,0.005404804343356324,0.48657520410739835,0.3675616530595068,1.1732603346223547,1.0366426639302244,-0.06250130833210787,-0.060722768258242965,-0.0017785400738648607,-0.22369231969598202,0.12389469457332325,-0.053722586593274335,-0.05222220302973102,-0.0015003835635434368,-0.13521288644360807,0.8632177349226233
early,SNA,none,1,20,19,last9,-0.09707748267250364,-0.38731369587329767,0.30145264083537854,0.0,-0.011216435698591735,-0.49813872362209743,-0.695983239424044,0.2098930433850478,0.0,-0.01204857710277025,0.01814960103581626,-0.2986312511456085,0.3277582129588021,0.0,-0.01097735693094665,0.47378233512001866,0.3584246096481007,1.1436282837762728,1.169635215176824,-0.038110008791445105,-0.037132754770463294,-0.0009772540209814912,-0.09707748267250338,0.10797867941237005,0.006342170164590377,0.005516720369070138,0.0008254497955203985,0.04937934835039082,0.8349230752378417
early,SNA,none,2,2,1,first5,-0.38443413021223916,-0.49157415358369916,0.1066410735362176,0.0,0.0004989024468868295,-0.5901222730855414,-0.7525373640974503,0.1605174387700732,0.0,0.0018975828537320049,-0.17868169974935316,-0.2305293793223268,0.05274786930713341,0.0,-0.0009002151158910979,0.588201658248356,0.29381492423520444,4.160375032122897,3.8714993515606357,-0.14930738689438305,-0.14682170341346512,-0.0024856834809179424,-0.38443413021223916,0.257229560607383,-0.13655121224562072,-0.13545184647075847,-0.0010993657748622357,-0.36544488711145234,0.9982220460527135
early,SNA,none,2,3,2,first5,-0.5562919851581409,-0.6024245503522108,0.04972207205920935,0.0,-0.0035895664413359545,-0.9875579458059996,-1.0076033205410055,0.006403806336020891,0.0,0.013641470387877015,-0.18239395859879556,-0.25114353955842483,0.08727804805959324,0.0,-0.018528493353944152,0.5809363660500929,0.29878750331887777,2.209210781755231,1.131435011793098,-0.23281123018364513,-0.22815408311106938,-0.004657147072575753,-0.556291985158141,0.17851513362668922,-0.14564518478508148,-0.1444300736189882,-0.0012151111660932655,-0.3175190867652204,0.9316144960242729
early,SNA,none,2,4,3,first5,-0.1670661060286636,-0.27737707765878794,0.11089662701467377,0.0,-0.0005856789452202079,-0.3877488078427268,-0.471890865799454,0.08218280709559807,0.0,0.0019592156358192226,-0.04629782924189773,-0.17092969953666026,0.1266102217961715,0.0,-0.0019783686786233397,0.5076523762642083,0.3716101315671709,1.6368651366138718,0.9640285636555387,-0.08229044588012929,-0.08113540400259245,-0.00115504187753686,-0.16706610602866356,0.1449031145908991,-0.08627227443874258,-0.0867157213313473,0.00044344689260469774,-0.07111003090568252,0.8994819367161759
early,SNA,none,2,5,4,first5,-0.35798063894707377,-0.35904255775511423,0.0008926777418953763,0.0,0.00016920186311086255,-0.5081347112058154,-0.5470897147578302,0.024090773128279366,0.0,0.014864174569575896,-0.27703817410756276,-0.257673343021904,-0.01161255100022216,0.0,-0.007752310312469664,0.6028764805414552,0.38908629441624365,1.607735290798106,1.1332671115417474,-0.13147015497137415,-0.12952589263519126,-0.001944262336182874,-0.3579806389470737,0.16448943538160288,-0.08966510904445213,-0.08872967952143707,-0.000935429523015046,-0.1832966730298305,0.9946526497669664
early,SNA,none,2,6,5,first5,-0.2511820957401176,-0.36202077094535345,0.1090475185751158,0.0,0.0017911298392638277,-0.5953259448981997,-0.716554678662204,0.11262289956506331,0.0,0.008605766911875036,-0.10312881433885991,-0.20949760793110112,0.10750936268734843,0.0,-0.0011405784641883726,0.530950016550811,0.3349884144323072,1.4840405947224196,1.196288684741878,-0.0971445248695918,-0.0952732542967814,-0.0018712705728103174,-0.2511820957401177,0.14697811769837854,-0.04551753570971462,-0.04535770353582902,-0.00015983217388566102,-0.10359309149082713,0.9218793665600027
early,SNA,none,2,7,6,next5,-0.0907802190735245,-0.2818765143292531,0.1941000947726146,0.0,-0.003003806045890172,-0.7376172903729639,-0.8021194574874753,0.04685982505931827,0.0,0.01764227848165014,0.15296431208303674,-0.08583584521165373,0.24958394395357625,0.0,-0.010783771692068204,0.4219235615287694,0.33439731205375894,1.339778118541148,0.7921015128097343,-0.03696032228082158,-0.03640328828350142,-0.0005570339973201047,-0.09078021907352463,0.12006803843210345,-0.05499617334247531,-0.05432987647971105,-0.0006662968627642843,-0.07378107386589794,0.8746570570466554
early,SNA,none,2,8,7,next5,-0.30407755901708705,-0.3955295509132651,0.09134377040702674,0.0,0.00010820014795276518,-0.5150850214053775,-0.6337601795609689,0.12481769277087817,0.0,-0.006142574523566569,-0.22774806897897062,-0.3093523977911762,0.07923496916043128,0.0,0.0023693450270009958,0.5407750631844987,0.34751474304970514,1.3680971223883547,1.5646236688138346,-0.10782105010626986,-0.10545721761866156,-0.002363832487608306,-0.3040775590170871,0.1544722132469044,-0.04159790244625372,-0.04034709548376447,-0.0012508069624891504,-0.08307165867357835,0.8409582018398833
early,SNA,none,2,9,8,next5,-0.14806801128710975,-0.42075713020905064,0.28263998187929984,0.0,-0.00995087742428151,-0.6738370106335814,-0.7894913367525571,0.1158927577948126,0.0,-0.00023849194189881046,0.01808877696542508,-0.30422745357488,0.33533647642032977,0.0,-0.013020245873218546,0.47332850591358916,0.33920669402204523,1.3202866631997658,1.2496195491116138,-0.05733483402620221,-0.05538658089275161,-0.0019482531334506347,-0.14806801128710967,0.13385314171954593,-0.05911819278015995,-0.05792015117986837,-0.0011980416002916171,-0.05894125802111916,0.9171494290119102
early,SNA,none,2,10,9,next5,-0.11985453011492946,-0.32047030682593936,0.18597519553490488,0.0,0.01464057130620388,-0.39214104802524136,-0.5372664542003858,0.13649722560253758,0.0,0.008628142792874723,-0.020438661286907037,-0.2413147999164936,0.2040403403185085,0.0,0.016835798631472627,0.4888591053777852,0.381052102529737,1.3518222558654598,1.2472577213054947,-0.031074115293843296,-0.030934638008286774,-0.00013947728555649516,-0.1198545301149293,0.16275726068107876,-0.01579937579781321,-0.017839294527382976,0.002039918729569763,-0.018834225833818885,0.8571744962082084
early,SNA,none,2,11,10,next5,-0.05347923654456896,-0.18257973322781407,0.14121445815350406,0.0,-0.012113974004418444,-0.21802240861339506,-0.26399288510839447,0.05822558339652135,0.0,-0.012255148206189722,-0.005204482833475462,-0.15869420940774995,0.16556227787329386,0.0,-0.012072555392298715,0.481585004932588,0.3622985859914502,1.2769326795819267,1.477117445386416,-0.01904954296954431,-0.018645163172216206,-0.00040437979732814693,-0.053479236544568876,0.1394616625075693,0.002361204695375818,0.0011118794123876619,0.0012493252829881385,-0.014885874067576466,0.989455501451448
early,SNA,none,2,12,11,last9,-0.20311791053116252,-0.40180301358747156,0.20641257775149474,0.0,-0.007727496817196211,-0.5730181492634027,-0.7085791869608287,0.13862984312736792,0.0,-0.0030688647084055796,-0.06929741350376926,-0.29081919768704084,0.23093464691361434,0.0,-0.009412871410093974,0.4907553270873062,0.3567697537517619,1.2526702354362007,1.2234717367806367,-0.0699802565688038,-0.06810897915069969,-0.0018712774181040004,-0.20311791053116246,0.12791425221630803,-0.003742877961343427,-0.006718243854996642,0.002975365893653361,-0.025388232516906806,0.8238117763095685
early,SNA,none,2,13,12,last9,-0.023713939907136244,-0.18895520443180477,0.15561604360560952,0.0,0.009625232361210332,-0.3687155043694177,-0.35137611523523,-0.033421450996908075,0.0,0.016082043888616483,0.10063696276141294,-0.13041289926245533,0.22375191750711482,0.0,0.0072979665615753,0.4265256847889435,0.3630005827991008,1.1770255254050759,0.9359508096594198,0.0008383851856842428,0.0010370237265805438,-0.00019863854089635386,-0.023713939907136328,0.09466001894682385,0.011127683238051356,0.009724777489214409,0.0014029057488369285,0.07213537142456827,0.862364432327507
early,SNA,none,2,14,13,last9,-0.38771858043619084,-0.4991144539156309,0.10859231882010725,0.0,0.002803526202374943,-0.6901491609255572,-0.8309778250791129,0.1361696700063249,0.0,0.004658938897394606,-0.26946763188144823,-0.36935522663393044,0.097809520562336,0.0,0.0020780562092559754,0.5601286173633441,0.38295819935691316,1.30730633040655,1.352905283657183,-0.13345587841612294,-0.1308032459913988,-0.002652632424724288,-0.3877185804361909,0.16895447649351747,-0.09042598356973364,-0.08959323197443503,-0.0008327515952987587,-0.233326435300524,0.9074334512958925
early,SNA,none,2,15,14,last9,-0.1694434413535734,-0.4059288622395835,0.23854784693378928,0.0,-0.0020624447500032007,-0.6940506470531945,-0.8309927161982766,0.1464468846810903,0.0,-0.009504897254383901,0.005662509271097529,-0.2640489768415911,0.26928975511478376,0.0,0.0004217333295192911,0.4449824287387739,0.3456462319406482,1.2234030825443785,0.8656251089235744,-0.07436709600398506,-0.07353456679629355,-0.0008325292076915508,-0.16944344135357348,0.14298980430482988,-0.02696213575723072,-0.026419952057795015,-0.0005421836994355545,-0.07874550575608985,0.8516085002338388
early,SNA,none,2,16,15,last9,-0.028884363766389615,-0.22633828450282803,0.1981273986435454,0.0,-0.0006734952412680247,-0.5257519357238221,-0.5993046457552966,0.079146244791623,0.0,-0.005593600172456619,0.12313518796500697,-0.1122270358553758,0.234530381437929,0.0,0.0008318397580842845,0.4363708714683645,0.3473935535216872,1.1685071282360346,1.1155116413988952,-0.007373078661831234,-0.007276766053064931,-9.631260876631197e-05,-0.028884363766389587,0.10746041836581843,0.01711256828066743,0.015577640131472892,0.001534928149194456,0.054171889188483036,0.8054305408050548
early,SNA,none,2,17,16,last9,-0.05944059546889699,-0.259211848362985,0.2026974684806121,0.0,-0.002926220493811635,-0.24693796929981482,-0.4104984734995267,0.16781124591178034,0.0,-0.004250765185989251,0.007943762330999561,-0.20484120908281753,0.21523516784052357,0.0,-0.0024501946613637777,0.4445196211096076,0.37652232746955344,1.228893301684748,1.2525351919102778,-0.013757296532754038,-0.013787298212887933,3.0001680133864145e-05,-0.05944059546889713,0.14433138423384406,0.02004600046492999,0.019559262738906513,0.0004867377260234212,0.008181099813670767,0.8231026862599659
early,SNA,none,2,18,17,last9,-0.13909103486922958,-0.3095407800001079,0.1979066423575186,0.0,-0.027456878042834316,-0.3653885292767386,-0.40539882910767605,0.056372453422803864,0.0,-0.016362152775766754,-0.0679802507802948,-0.2794187450605615,0.24238175763393877,0.0,-0.030943238398074353,0.469853786758666,0.3861508132084771,1.0979541281974396,0.8947187097439885,-0.06677190804635125,-0.06589425674420724,-0.0008776513021439315,-0.13909103486922947,0.07190107986156125,0.020801463926108266,0.017416963623035464,0.0033845003030728554,0.06861348903810849,0.770362625220537
early,SNA,none,2,19,18,last9,-0.15364448232467448,-0.337104579047985,0.20528587090824224,0.0,-0.021825769645595038,-0.3709683710001751,-0.457806231145229,0.10637923161016373,0.0,-0.01954139830883947,-0.0802112803998032,-0.29631979075277315,0.2387061785400971,0.0,-0.022597653043530338,0.4662443740623437,0.3969828304717453,1.1772406226385699,1.1437937078049807,-0.07042919106562662,-0.06957704068757642,-0.0008521503780502832,-0.15364448232467454,0.1304725041083683,-0.026269869116090527,-0.026439157770669408,0.00016928865457884953,-0.05087032260160562,0.7998482497576108
early,SNA,none,2,20,19,last9,0.019099635632926257,-0.2681237722690757,0.28303998910446093,0.0,0.0041834089511929165,-0.45960366519697615,-0.62379623595757,0.16845842876903627,0.0,-0.004265914429881308,0.1730003251625893,-0.15377687448609292,0.31987738110162306,0.0,0.006899823674367097,0.4119749776586238,0.35608091640263223,1.1181632326825877,1.3337761697014865,0.0199166569928505,0.018760155423065306,0.0011565015697851781,0.01909963563292616,0.09613066000627624,0.005584703336111496,0.004824887359622165,0.0007598159764893343,0.01779461937603599,0.8301061105806334
early,SNA,l2,0,2,1,first5,-0.03196905389433876,-0.0435920785616378,0.008123159952912573,0.001716072426164479,0.0017837749226870905,-0.07624734042481186,-0.0921038760351565,0.0022553401037199833,0.000538400421340874,0.013062771778070413,0.023250060073771533,0.016906614666803453,0.015440873405394797,0.0031847382158095407,-0.01228217616994917,0.5121261115602264,0.2634060900026947,7.325532108670294,4.106750496774104,-0.007141932896988723,-0.007360090285214997,0.00021815738822624636,-0.03196905389433875,0.2558069880690414,-0.08001762023863172,-0.08073232138382064,0.0007147011451888834,-0.11642814133817864,0.7506900538312897
early,SNA,l2,0,3,2,first5,-0.2746584446949174,-0.32752148984945345,0.04113553868708452,0.0026438760850188876,0.009083603021355727,-0.4250765987272767,-0.4447477598517566,0.008383087535774391,0.0005101138880703248,0.010777919561780674,-0.12924402136558966,-0.21419480690288706,0.07279846413267364,0.004706657678020252,0.007445648718245268,0.5195114377393645,0.2813373356795363,3.957621832960221,1.372778045799861,-0.08845337566604795,-0.08697770290722329,-0.0014756727588246567,-0.27465844469491746,0.19814802697161427,-0.0028166830333191863,-0.006034545455198721,0.0032178624218795436,-0.05289349782984515,0.7681821263086113
early,SNA,l2,0,4,3,first5,-0.4929955127703999,-0.6356351952985729,0.15095950018259408,0.002733043513584756,-0.011052911115142188,-0.695967086013295,-0.8870743188156736,0.19300742142670926,0.001374714515035106,-0.0032749780261237165,-0.29576126516235995,-0.3913034125086086,0.11010013264869498,0.004052977107007303,-0.01861098812192784,0.5876785876785877,0.271999271999272,2.9109131975658324,1.6363573272611427,-0.1895039574689418,-0.1857713141645491,-0.003732643304392694,-0.4929955127703999,0.1788415456472741,-0.06564217707397335,-0.06812201161541895,0.0024798345414456004,-0.19092851690756815,0.7074771579571177
early,SNA,l2,0,5,4,first5,-0.28902375150209264,-0.3958948267996504,0.11469357677570594,0.002556679128770241,-0.010379216247376281,-0.6026659925121082,-0.6977934863491405,0.09949814241982007,0.0009514416616837844,-0.005322154032888876,-0.052114609499464386,-0.1678561794054387,0.12617142269345402,0.0037691925638651674,-0.014199059730288599,0.5493231967365103,0.2939922121268311,2.529410057475353,1.2749537033919554,-0.10914044272794893,-0.10719789813796562,-0.0019425445899832992,-0.2890237515020926,0.143380031386879,-0.03934422407146353,-0.0416792163922933,0.00233499232082977,-0.10956064239580798,0.7051062076369762
early,SNA,l2,0,6,5,first5,-0.18840475056594763,-0.2019936236250397,0.004785313649516236,0.001711935986130467,0.007091612912554115,-0.3033812650981162,-0.3617314189490253,0.04573362353564837,-0.00023776105282258207,0.012854262760332958,-0.12149349917668778,-0.10903328452640623,-0.019044793463269125,0.0028465735183004254,0.0037380053153684353,0.5372313334012427,0.33645716614036875,2.7537503972467112,1.6370804919871973,-0.059551253423840725,-0.05864515435226003,-0.0009060990715806863,-0.18840475056594763,0.16178007914577308,-0.011489543397126975,-0.014671582971002906,0.0031820395738759513,-0.13525584538797525,0.7048895810355951
early,SNA,l2,0,7,6,next5,-0.19123304621598664,-0.3042681667191196,0.1146130582297218,0.00245107733889307,-0.004029032618526871,-0.5172515399992098,-0.5956414993928862,0.08173455043385704,-0.00010197494282175153,-0.003242661425417191,0.0003825618304494311,-0.13301506490605475,0.13393722352432366,0.003951620021788874,-0.004491218038038999,0.5057947019867549,0.32321559970566593,2.07664255055673,1.634635550510839,-0.06439897490901705,-0.06296609689805263,-0.0014328780109644848,-0.19123304621598672,0.12468754450838254,-0.003410219737026654,-0.006183508994920012,0.0027732892578933403,-0.07679221498569402,0.6759754571299672
early,SNA,l2,0,8,7,next5,-0.22531716163836335,-0.21850471052710888,0.010053211623949317,0.0021862821874548653,-0.019051971115309024,-0.35002870675107517,-0.3880007619015586,0.052436774577231,9.225442812082884e-05,-0.014557011522578748,-0.1357663964336079,-0.09679584158439387,-0.020380863193582788,0.0036899263612070556,-0.022279635969670794,0.5714573268921095,0.34883252818035426,2.371431493306508,1.4046718095528306,-0.08228029763648029,-0.08074272302010305,-0.0015375746163772408,-0.22531716163836335,0.14770810074177643,-0.0016309520097645414,-0.004199805218778024,0.002568853209013469,-0.0953833428311856,0.679848014716897
early,SNA,l2,0,9,8,next5,-0.14136928695623324,-0.2490645573203633,0.09092106642435055,0.0021497673539717134,0.014624426439128575,-0.344851161612092,-0.41638652719451524,0.06901551621832384,9.205714984029257e-05,0.002427760934539615,-0.012963933349852212,-0.14347757693626995,0.10474436112764718,0.003448266332457245,0.022321019315443533,0.5122286612317061,0.35910028484431783,2.0606515772278415,1.234107586575205,-0.03806863615584741,-0.037994564272783526,-7.40718830638809e-05,-0.14136928695623324,0.12430869974224028,0.006379204861587329,0.004633191166940859,0.0017460136946465359,-0.08928735432359558,0.634917794077258
early,SNA,l2,0,10,9,next5,-0.18416317844709645,-0.23885136743587143,0.048818388838057176,0.0023052795645836462,0.003564505565636012,-0.36810551671521774,-0.4609490803264975,0.08676451087210256,0.00020022886781778518,0.005878783702517144,-0.06270802922161212,-0.09220263438317898,0.023762972246279764,0.0036952219177695356,0.002036412582200852,0.537554374093765,0.3349444175930401,2.1238057689895053,1.328370783414638,-0.05138278950210409,-0.05006218766030546,-0.0013206018417986354,-0.18416317844709643,0.13317665838269782,0.03136606016185692,0.029661378911953945,0.0017046812499029312,-0.01060791366105468,0.6565053455164724
early,SNA,l2,0,11,10,next5,-0.2098573108127573,-0.2321691551503474,0.025740288041854784,0.002184214778868101,-0.005612685777097532,-0.33968451444034,-0.3444515867804222,0.009973832205287211,0.0003760550458521596,-0.005582855970208186,-0.11110291795711325,-0.14676037290628774,0.03773320424215995,0.003559610009071423,-0.005635376125391634,0.5017044901139573,0.3056394272913217,2.0710214075601048,1.169147293487341,-0.06182598944389134,-0.060478136631713614,-0.0013478528121777349,-0.20985731081275733,0.1251771948996882,-0.029354339376202437,-0.02976334885320961,0.0004090094770072064,-0.13561277927671084,0.6485057329193428
early,SNA,l2,0,12,11,last9,-0.24770748083537036,-0.2679224315555502,0.010509158181604573,0.001889074675136498,0.007816706347521817,-0.3541242886716799,-0.3992611583022929,0.044416469296401896,-0.000237673116904928,0.0009580521302238809,-0.17040575472626912,-0.17251729312937503,-0.014121290054767244,0.003433955400899334,0.012798868663442152,0.5712011884550084,0.3403013582342954,2.2521715517196537,1.2776469917665056,-0.06912485394621676,-0.06760737419297866,-0.0015174797532381545,-0.24770748083537042,0.13590184658426785,0.006696248404212152,0.007085680602929356,-0.00038943219871726,-0.12020601741495793,0.6559855061794878
early,SNA,l2,0,13,12,last9,-0.1411224853591892,-0.2529125853484828,0.1088863548448269,0.00196364221931453,0.0009400932317367245,-0.32400139155127244,-0.3974595861276383,0.0681165667256474,0.00014246154111481501,0.005199138899101216,-0.017977925295278006,-0.15557945278473662,0.13633937130459273,0.0031899645879437657,-0.0019278061663974258,0.5161522633744856,0.34310699588477367,1.9833976790418493,1.277077156764258,-0.03965016654345571,-0.03846454915127148,-0.0011856173921842156,-0.14112248535918925,0.12679201023254025,0.004398992237609492,0.0033389983555280334,0.0010599938820814725,-0.09134971949495241,0.6237736327201286
early,SNA,l2,0,14,13,last9,-0.25902060452249204,-0.4570334471433883,0.1775336061554167,0.0019203610952057784,0.018558856678713553,-0.6101229756331168,-0.7977490200310247,0.18283049324056302,0.0005236994760533131,0.004271804330061554,0.0035540598656026465,-0.2022266313427039,0.1735722875682354,0.002964865450880276,0.029243540930989492,0.5442781265089329,0.29773056494447125,2.1984184332595227,1.2701339805985006,-0.07469497497512388,-0.07284704584467003,-0.0018479291304538542,-0.259020604522492,0.14597026839952432,-0.014924176881774734,-0.014590253571384049,-0.0003339233103906783,-0.14274745372983202,0.6561100692933186
early,SNA,l2,0,15,14,last9,-0.2051617371155222,-0.32206757553934723,0.096389853446185,0.0018753520128676222,0.01864061876972113,-0.32042118729689734,-0.4628074108961071,0.11595025796596997,-0.0001590961812299688,0.026595034375653717,-0.1206823533389887,-0.2189123501323196,0.0820530600843321,0.00336650028307183,0.012810431937889343,0.5196242171189979,0.2895615866388309,2.773648654095575,1.6409323606187183,-0.06452057953471715,-0.06400946114749581,-0.000511118387221357,-0.20516173711552213,0.19942134723891186,0.007728886785187489,0.007461591443714416,0.00026729534147307277,-0.12081755171515549,0.6663459568812732
early,SNA,l2,0,16,15,last9,-0.25370000993672087,-0.3527142541036941,0.08546802932099745,0.002117008888786073,0.011429181473752072,-0.524359549967756,-0.6296869549850352,0.09886803119164647,0.0005330881161449213,0.005926235724642245,-0.051446590557832295,-0.14574325348264083,0.07545472553088722,0.0033006116993694015,0.015541320267331505,0.5711233211233211,0.3252950752950753,2.2596103432575965,1.9659917615476705,-0.07674594629969636,-0.07532582277147287,-0.0014201235282234811,-0.25370000993672104,0.15363580291480555,-0.026396626596319805,-0.026607547074886356,0.00021092047856655083,-0.1684719016520576,0.7242184162104387
early,SNA,l2,0,17,16,last9,-0.1262117086588486,-0.21090675742163373,0.0726028382940874,0.0022525305118895793,0.009839669810717032,-0.252105968448596,-0.3686417291193111,0.10998531873128363,-9.255432015047692e-05,0.006642978438849149,-0.05361529587253305,-0.11994952763747706,0.05104638301703692,0.003604814140785992,0.011683028886580741,0.5198590341937327,0.3393656538717973,1.9312707586994446,1.2721985652694991,-0.030777186145490604,-0.03008045012429042,-0.0006967360212001908,-0.12621170865884856,0.1312489619604537,0.030463807947129537,0.030432217437304482,3.159050982503436e-05,-0.01207407820374476,0.6636306308611365
early,SNA,l2,0,18,17,last9,-0.21517111372646944,-0.26389873968479827,0.045623567993140296,0.0021312683435766957,0.0009727659499706561,-0.3470657918549726,-0.3892798451277781,0.03876484664196059,0.00030829606615295893,0.0031408730574108267,-0.10758045529992033,-0.16162140840600456,0.05121844381837027,0.003618324458382739,-0.0007958275561410824,0.5266203703703703,0.3178661616161616,2.3652938635000496,1.2094730571676164,-0.07135012753768445,-0.06993044779594551,-0.0014196797417389412,-0.21517111372646944,0.16720311776121694,-0.01418391745031257,-0.013468376933700316,-0.0007155405166122328,-0.11636446317298552,0.6668087605209784
early,SNA,l2,0,19,18,last9,-0.10262516884944148,-0.20289116266038804,0.1009664852346862,0.0020614279307441066,-0.0027619338545922744,-0.28743820319734775,-0.37686404369507354,0.09124081038198534,0.0002734060722748501,-0.002088411524751757,0.02019297332376153,-0.08727688192206738,0.10742971614804674,0.0032496640505454673,-0.003209525451987182,0.5238891792995295,0.32399372713016206,1.9896747627939135,1.2167814569168571,-0.0329089595131761,-0.0317537120457807,-0.0011552474673953844,-0.1026251688494415,0.1454842139579476,-0.029074652701073372,-0.02916392349170477,8.927079063141691e-05,-0.08655252346586714,0.6315667755961886
early,SNA,l2,0,20,19,last9,-0.27065783694333695,-0.37233667828719624,0.09166686272617927,0.002406985559263627,0.0076049644372798075,-0.5906887103937475,-0.6462534828793404,0.05418150059631289,0.0008571585412441827,0.0005260521300144334,-0.05619038312792626,-0.18877238961479903,0.11678753338105839,0.003445596149627388,0.012348870179726959,0.4913222744270783,0.28641288714162433,1.907653221009136,1.2749513402791348,-0.08575176762361472,-0.08367847803866424,-0.0020732895849505453,-0.2706578369433369,0.13537367114341,0.013303363328437345,0.014143463789938027,-0.0008401004615006952,-0.08416344635912656,0.6581322521053196
early,SNA,l2,1,2,1,first5,-0.18763280829106765,-0.2619808042362144,0.07623000524619508,0.001553427602378884,-0.0034354665301986943,-0.33209002692484135,-0.40038045846198494,0.07129592954157757,0.0009998649884411617,-0.004005412042506869,0.03214761682819783,-0.05141649232589452,0.08373681775572207,0.0023956300743079697,-0.002568338752337533,0.5668062428625809,0.24806496637482553,6.588083191895463,2.6672578584166646,-0.08293388292005581,-0.08104367104680457,-0.0018902118732512466,-0.18763280829106765,0.24446117757657337,-0.06251290096434603,-0.06294826830343299,0.00043536733908695197,-0.11763035826026033,0.673167739894894
early,SNA,l2,1,3,2,first5,-0.3318179458270611,-0.43874587060626374,0.10716585293029038,0.0020859799360619345,-0.0023239487526862477,-0.6187914293695201,-0.7005740330851118,0.08160521293990064,0.0011432457651033652,-0.000965922065321501,-0.06154023062207451,-0.19215055225995084,0.13123940596557496,0.0029738669792376527,-0.00360296709862355,0.5899912203687445,0.2671202809482002,3.358915278913376,2.267501764801013,-0.1362580758378359,-0.13358873998237378,-0.002669335855462123,-0.33181794582706114,0.18149429114908186,-0.0903671928965254,-0.08985378265948968,-0.0005134102370357146,-0.15400255811640237,0.6544109326928937
early,SNA,l2,1,4,3,first5,-0.3621481152336499,-0.4035899165304047,0.04359310595491198,0.0028895720826255717,-0.005040916892163505,-0.6265085478890569,-0.7508332929798338,0.1290688098707994,0.001379265621628636,-0.006123402471213955,-0.15299956933538064,-0.12886859561370567,-0.024030929170426294,0.004084449837232734,-0.004184509287817661,0.6086704083607509,0.3100445132572092,3.0136145926361695,1.846022153219491,-0.14047176228391717,-0.13811441017976275,-0.002357352104154415,-0.36214811523365,0.15925115840746107,-0.05047112903014422,-0.052045188371945564,0.0015740593418013312,-0.13395615785810683,0.703963726989092
early,SNA,l2,1,5,4,first5,-0.1968716722333399,-0.25954810916344,0.059931097845143125,0.002757056066983698,-1.1738863663428648e-05,-0.34442458658949593,-0.35635929433271774,0.01652450211721484,0.00035908355305175696,-0.004948917528680748,-0.09853507952546821,-0.19502832568713074,0.08885940972266752,0.004355184084015023,0.003278642282830996,0.5065481311538094,0.30025810151993115,2.640592620368672,1.3151170425662488,-0.07066484739465888,-0.06941274796540163,-0.0012520994292572144,-0.19687167223333985,0.1432806077273428,0.014466964827085912,0.011667710828121375,0.0027992539989645585,-0.0031518375923402925,0.6722758717699151
early,SNA,l2,1,6,5,first5,-0.2663901258411222,-0.3848080478670326,0.11246359073144348,0.0022742976980927136,0.003680000254991913,-0.49298714612608613,-0.6436851287992015,0.13726982282538647,0.0008071985077165477,0.01262089206852745,-0.1047734121930042,-0.20016809538019367,0.09477094100474466,0.0033206828158062135,-0.0026969483481705464,0.5553655023406554,0.32283039250990275,2.502285106423536,1.1874656225027669,-0.09005929763975648,-0.08794529128842617,-0.002114006351330317,-0.26639012584112215,0.14381260175053864,-0.03469534331350049,-0.03390014639502088,-0.0007951969184796324,-0.10457028302343546,0.6788737342411079
early,SNA,l2,1,7,6,next5,-0.21808957327909073,-0.3011597378020488,0.08967102901342691,0.0020900290311292894,-0.0086909123460608,-0.4644189025577166,-0.5653506198160951,0.1093628239901413,0.0003867157412226196,-0.008817876689963465,-0.062158778835404674,-0.13392226657655915,0.07720577672806826,0.003168256277797158,-0.008610541685089406,0.530045351473923,0.320578231292517,2.6093467264580004,1.1959419104781124,-0.09135828756500988,-0.09026628367318326,-0.0010920038918266067,-0.2180895732790907,0.1603620883951711,-0.03511922105333776,-0.03670381210047757,0.0015845910471398387,-0.10991947527002963,0.6722922218261196
early,SNA,l2,1,8,7,next5,-0.14180714685648982,-0.17420980299393313,0.03630113585728225,0.002087323176250446,-0.005985818100881581,-0.23388773380670802,-0.22373648351848288,-0.015423129445671315,-0.0002652922405425838,0.0055371440177566286,-0.09025290299139037,-0.1464807164387843,0.06526061011229786,0.0034045097074756696,-0.012437314760364708,0.5066365155835217,0.3346770229082686,2.4955777104339636,1.3555893924283775,-0.04652056374116059,-0.046467593929283485,-5.2969811877119286e-05,-0.1418071468564898,0.14549857507448793,0.002284715150849742,-0.00033866208894753336,0.002623377239797265,-0.05719772482585225,0.6367363250768244
early,SNA,l2,1,9,8,next5,-0.16727944875970027,-0.236935448675674,0.05915479292566424,0.0025701144550689327,0.007931070950078898,-0.3822978138204686,-0.4412424313466417,0.04382554108964597,0.0007462104749113785,0.014372823441576983,-0.055797419636017025,-0.13100702258118863,0.067102654026479,0.003515766314049725,0.0045911718737288955,0.5382279878553685,0.3361854816450455,2.2908933770081408,1.3901554429556826,-0.05032249175215428,-0.049444104928693805,-0.0008783868234604614,-0.1672794487597003,0.13445001867246398,0.04004920593196071,0.03661443625368188,0.003434769678278826,0.011805976657032563,0.6379263343247582
early,SNA,l2,1,10,9,next5,-0.14334085151641884,-0.21868052957188108,0.06755899971489929,0.0024358372309653624,0.005344823248472227,-0.28940727285115386,-0.38784732356545387,0.08125680709630498,0.00014814816337786039,0.01703505803586364,-0.06059892736122164,-0.12285298816784258,0.059799632920751314,0.0037317394211560497,-0.0012773183176453162,0.48905961295341827,0.3052611105708451,2.144326336476753,1.2854205046895755,-0.04077235472270366,-0.039825205327343044,-0.0009471493953606136,-0.14334085151641884,0.12456190707800922,0.014722967890956229,0.013123174579340285,0.00159979331161594,-0.030406460039884675,0.6637279107832863
early,SNA,l2,1,11,10,next5,-0.2439734549995542,-0.3357431248444395,0.08992730072833062,0.0024722860826702055,-0.0006299428295001609,-0.5026494833884441,-0.572672532977323,0.07949175449440338,0.0003662498335048412,-0.009835005689387827,-0.06652551560949385,-0.17321304613579142,0.097085931495756,0.003916995880569735,0.005684594495881158,0.5231436837029894,0.3055930568948891,2.279976712089917,1.2134975597171023,-0.08834070269083458,-0.08631271922647574,-0.00202798346435884,-0.24397345499955425,0.1433612225670856,-0.017048324120329916,-0.017857331969350326,0.000809007849020417,-0.12609498707500405,0.6705076536553757
early,SNA,l2,1,12,11,last9,-0.3077601222867154,-0.32834033507386534,0.011034649630046212,0.0024623728440776363,0.007083163245782143,-0.49581119031985627,-0.5271963959675304,0.027756439676747107,0.0004100464522640815,0.003218669919983599,-0.19619349362476338,-0.21036333800096263,0.0011139735061827124,0.0036799736737003347,0.009375883496485403,0.6075390110923106,0.3510058281631886,2.415988973171754,1.4140792983644093,-0.09761744803715153,-0.09560721511802292,-0.0020102329191286107,-0.3077601222867154,0.15566933253414425,0.01639626462471136,0.014743952607607247,0.0016523120171041232,-0.06611228419458665,0.6508848176636843
early,SNA,l2,1,13,12,last9,-0.345800044982534,-0.46835528171561763,0.11105811823209345,0.002638717369724994,0.00885836892902603,-0.5812189460149345,-0.773532893443137,0.1776677569518796,0.0008374586216873748,0.01380867306719367,-0.16903662091631577,-0.23921378389729708,0.06104451369868903,0.003991185937610028,0.0051414511038457514,0.6255292316007567,0.31573732096207546,2.2079067267491537,1.3702828981342814,-0.11459457681055268,-0.11271926927532391,-0.0018753075352287846,-0.34580004498253397,0.13802515294926185,0.012813650548867142,0.011144976467128545,0.0016686740817385727,-0.10340917886815333,0.6592644155987326
early,SNA,l2,1,14,13,last9,-0.2776399869558531,-0.32026784891359533,0.04041335960281814,0.001570671918515014,0.0006438246296907439,-0.37161743005072007,-0.3758942475320604,0.01657546936957159,-0.00018645443465693085,-0.01211221917623927,-0.1991570326866632,-0.273812827845128,0.06032098836391653,0.0030380928514507246,0.011296721428191433,0.5932579285872699,0.3490796185406964,2.3736043284119837,1.3455300558061811,-0.09425959229698343,-0.09280629552547755,-0.0014532967715058485,-0.277639986955853,0.1465913515297553,-0.021937792691344687,-0.022378239722632157,0.00044044703128747614,-0.14757899041242356,0.6442081704283669
early,SNA,l2,1,15,14,last9,-0.12438158428280055,-0.18370377800829985,0.06479627816978667,0.00167201840674285,-0.007146108518651657,-0.204541074022157,-0.287693691264043,0.08711129221920595,-0.00014663525961304015,-0.003812059054872993,-0.06895581222317941,-0.11180061036896377,0.04936670287892621,0.0029295149788217665,-0.009451415927864986,0.5236194995685937,0.31449525452976707,2.360186602451427,1.4786069180314128,-0.039072536287263385,-0.03840736221186106,-0.0006651740754023208,-0.12438158428280051,0.14784086214733544,-0.014006507304009833,-0.013103249823187307,-0.0009032574808225044,-0.09084089742441055,0.6670270095036647
early,SNA,l2,1,16,15,last9,-0.12286677183472935,-0.235710301817081,0.11380460676249561,0.0016612524167698322,-0.0026223377134934945,-0.3539319444891105,-0.390812776032965,0.04086159009183313,0.00037397345244115945,-0.004354767110985354,0.05247605413350424,-0.11801144728500006,0.16915710550021235,0.0026380985975331577,-0.0013076910150876125,0.504685260720979,0.3128651747326645,2.2218816897008855,1.135692407457629,-0.05698045424814818,-0.05668785958947167,-0.00029259465867653364,-0.12286677183472931,0.13814942336960662,-0.035723329467350656,-0.037285862227204314,0.0015625327598536402,-0.1709136825667304,0.6709165945741604
early,SNA,l2,1,17,16,last9,-0.21750404432725226,-0.26044625632681834,0.045731458533510204,0.002709283069469719,-0.005498554525669954,-0.39880962493326294,-0.4196560169513755,0.036709188480153115,0.0004553255921369902,-0.016318163292181283,-0.09832583485046922,-0.15579236680482686,0.05166209777131558,0.004190884548516614,0.001613535437154814,0.539648400972508,0.3179352908172807,2.063409220878936,1.1056056436871893,-0.07235097989398281,-0.07108195130613393,-0.0012690285878488791,-0.21750404432725232,0.13249035310909618,0.021896393126253827,0.020884769376162293,0.0010116237500915302,-0.09739686494569463,0.6399241835826252
early,SNA,l2,1,18,17,last9,-0.12395595944435034,-0.2774387502633053,0.14675983039737417,0.001888643279165767,0.004834311718634611,-0.33019938858591064,-0.45071181372106134,0.12548949212181576,0.0002463898241848163,-0.005223484533807382,-0.015230004464694552,-0.18609387990739104,0.15797297716949787,0.002754394861917462,0.010136509743023436,0.507438841737394,0.3048427358961558,2.219082261327223,1.364535674367169,-0.04604755989120385,-0.04536891509739724,-0.0006786447938065994,-0.12395595944435028,0.14630840354010755,-0.01472710871298602,-0.013754346154609604,-0.0009727625583764166,-0.07557507590534573,0.6897817246550296
early,SNA,l2,1,19,18,last9,-0.18250408512096059,-0.28177464784302925,0.09522530986760067,0.0018580850815579383,0.002187156205407526,-0.4633873117253614,-0.599616300304732,0.12471747966282865,0.00041682798421850513,0.011094639108119517,0.03585663752636818,-0.034682168316980184,0.07229787633311706,0.0029785291361930583,-0.004737587671678229,0.5219517270079068,0.2980649188514357,2.3226804225904214,1.4786760177828957,-0.06245621815911678,-0.06145920181419884,-0.0009970163449179378,-0.18250408512096056,0.16698619855575692,-0.029155342477348828,-0.028963511994549246,-0.00019183048279956122,-0.16694153078097101,0.6798887861243841
early,SNA,l2,1,20,19,last9,-0.19875241372491426,-0.34305698973638143,0.14824996931372217,0.002601785253358051,-0.006547191954059634,-0.49724529969997644,-0.5963863702432062,0.10057499600167423,0.0005097283183071185,-0.0019436888134298955,-0.04872631860227203,-0.21573061271695665,0.17221198119791933,0.0036532780945179467,-0.008860967700565034,0.5021806287479557,0.3134653825186262,1.996028779469267,1.0564060606809116,-0.07445313750290317,-0.07284976879968547,-0.0016033687032177106,-0.19875241372491423,0.12240833913944192,0.006276439430675462,0.0044396532757850216,0.0018367861548904338,-0.0885970090923722,0.6787263521337751
early,SNA,l2,2,2,1,first5,-0.14261390067703913,-0.2514415074730036,0.10431423347762371,0.0020786907783618028,0.0024346549249951266,-0.20459856583009928,-0.3495591290417254,0.1375072176842671,0.0008855229129811834,0.006567786967402288,-0.05068155453776302,-0.10591868943172718,0.0550841713978254,0.0038483336558633664,-0.003695385862087342,0.5367323290845887,0.2743916570104287,7.242320804226672,6.650883078703586,-0.05099539836655738,-0.050079172949098465,-0.0009162254174589178,-0.14261390067703913,0.2522841718651969,-0.06090885359541767,-0.06099737826744581,8.852467202814362e-05,-0.16682719262007634,0.745663149831884
early,SNA,l2,2,3,2,first5,-0.2698008202279993,-0.3561216274933337,0.0838544771327085,0.002293971264086711,0.00017232067708341335,-0.5111862906152844,-0.5844504157707823,0.05784808497605737,0.0012340643783950865,0.014181920791508859,-0.021626532887853055,-0.12137123336613315,0.1105922829725136,0.003383687374925536,-0.014231290769536211,0.5114268680445151,0.2697734499205087,3.823168179049595,1.5361655342097338,-0.1111720670783003,-0.10930139380973253,-0.001870673268567771,-0.2698008202279993,0.19278597466515832,-0.01850740343991659,-0.021584351408136936,0.0030769479682203373,-0.07941434771820133,0.6823877840115827
early,SNA,l2,2,4,3,first5,-0.10419076360719297,-0.14973613256079038,0.03747483426796872,0.0017348803215804479,0.006335642592053765,-0.21950290418424825,-0.25685164853982667,0.031826575138672646,-0.0001896240938931893,0.005711767470047677,-0.006524238279510625,-0.059011945133504475,0.04225876977162096,0.003364887867156203,0.006864049359110543,0.5183400854045768,0.32738421110259497,3.1175190785529585,1.2732025567501708,-0.055472782699196324,-0.055129677083002815,-0.00034310561619349707,-0.10419076360719298,0.17611242805238397,-0.05064408054777831,-0.05272407828363301,0.0020799977358547037,-0.08005557060717905,0.7034673779413265
early,SNA,l2,2,5,4,first5,-0.2327923181946242,-0.2749506469420718,0.03798915809684729,0.00268402897397327,0.0014851078516044983,-0.36032387510274644,-0.3848827783545042,0.0138933384574592,0.00036822603577967,0.010297283203619815,-0.13257306541680797,-0.18856170656111243,0.05692458943536887,0.00450387690552199,-0.00543984194542742,0.5527595081498428,0.32542179010580496,3.1114239009563613,1.8121933871194569,-0.0860559745328763,-0.08475991449967551,-0.0012960600332007736,-0.23279231819462418,0.1851263572733405,-0.05791904099571102,-0.05997460332868205,0.0020555623329710226,-0.12096795895181775,0.7243964895468397
early,SNA,l2,2,6,5,first5,-0.26523856696795206,-0.34670361261705557,0.07688988909131672,0.0025304621367674912,0.002044663775471799,-0.436835898936412,-0.5503247812155136,0.09684478653939053,0.0006807570684233303,0.015963285350553066,-0.14158491944301038,-0.19997347455687706,0.0625103190412765,0.003863366185579666,-0.007985144418716717,0.5366849086355626,0.28364715703552545,2.864973481779885,1.9863895838455872,-0.10114997593856084,-0.09971549588716723,-0.0014344800513936204,-0.26523856696795206,0.164219403231387,-0.0035719099660805054,-0.005728541279199348,0.0021566313131188494,-0.0973789305331245,0.6912422287576716
early,SNA,l2,2,7,6,next5,-0.21555028656925304,-0.2839105377975567,0.0730370877801929,0.0021671229374193523,-0.006843978762791649,-0.5423199050312403,-0.5968646558158606,0.039510973184570405,0.00016910188374004865,0.014864619379083266,-0.03372905917600724,-0.10977653438659385,0.09169169629059763,0.0032788622785716497,-0.018923082009048894,0.4993876589731512,0.2971267074894018,2.3077309467671094,1.0151467953988036,-0.08447937067514516,-0.08293514433175092,-0.0015442263433942567,-0.215550286569253,0.14228286224386497,0.004599158052128349,0.003100816737546405,0.0014983413145819233,-0.033005722672761625,0.6555766141952942
early,SNA,l2,2,8,7,next5,-0.4094470397858137,-0.47424866731269794,0.06508804350099447,0.002386089639316492,-0.0026725394718365714,-0.5455810574127583,-0.6403186766774729,0.10277306309228793,0.00038632742156349635,-0.008421827312853718,-0.31769700253472377,-0.36232271514355274,0.03968952804114605,0.003733866346200696,0.001202299328749562,0.6508369381230017,0.3375023509497837,2.258094391105316,1.7644705402734422,-0.1598980713481845,-0.15695886542122506,-0.0029392059269594036,-0.40944703978581376,0.13782022310841857,-0.02303195558813813,-0.02280267330444828,-0.0002292822836898259,-0.11859885405507996,0.6327216808694353
early,SNA,l2,2,9,8,next5,-0.28263313270732915,-0.3720703014083456,0.09772436362972271,0.002071006329220774,-0.01035822255515488,-0.5096707630342462,-0.5914566760900895,0.09069344524959014,0.0005966888913851879,-0.009504274046461604,-0.14062108772984128,-0.23484411707982583,0.10212220329971358,0.0029931919333936337,-0.010892367374453725,0.5498307634449041,0.31242948476871,2.4398529625504985,1.5400555690032531,-0.11392129849920855,-0.1114242794241185,-0.0024970190750900657,-0.28263313270732926,0.149406662522931,-0.05217177976483213,-0.052415007458695595,0.0002432276938634445,-0.1389826696050463,0.6935372888592423
early,SNA,l2,2,10,9,next5,-0.11580814626669537,-0.1624195363145236,0.03511651942569948,0.0020824733702616755,0.009412396649931223,-0.27356704501393897,-0.35565538694897664,0.08550858237576435,-0.0004035885644912476,-0.0030166629281896664,-0.03491272042067939,-0.06333228006512395,0.009276535602435307,0.00335727333709982,0.015785755461521948,0.47792309961648144,0.3411348215163733,2.6281282367417558,1.39611742597935,-0.04479567354791447,-0.044806224197954825,1.0550650040387632e-05,-0.11580814626669544,0.1641643695894169,-0.01359410291402921,-0.014948176230208166,0.001354073316178983,-0.07736185611120669,0.6844013693183397
early,SNA,l2,2,11,10,next5,-0.12422688629584265,-0.15980914261721993,0.04463009426615965,0.002617778233770677,-0.011665622936103105,-0.3133670497063082,-0.3458138402690422,0.04985160015308796,8.551721029856426e-05,-0.01749036051878152,-0.0504155897677876,-0.08722145078893744,0.042592419599956396,0.0036059843657719054,-0.009392539180855627,0.5210521590807075,0.3596373103510189,2.1189617312992444,1.3414948542414755,-0.059557038616462915,-0.05858993544343796,-0.0009671031730249524,-0.12422688629584255,0.1273410733737717,0.030231927372811523,0.028412661911575737,0.0018192654612357723,0.013875485070007104,0.6498343284678191
early,SNA,l2,2,12,11,last9,-0.24654361123118249,-0.36782841944343053,0.12479776519416134,0.002516944149772691,-0.00602992673467975,-0.5906332715395443,-0.6978906053356525,0.10228507506587342,0.0011476260799232723,0.003824571896820767,-0.058851732471413,-0.18778815981415276,0.13707784679361473,0.0032638712179078244,-0.011405297098102908,0.5503979966013773,0.30757535104194617,2.149402884631902,1.3422770094802479,-0.09472394492160269,-0.0930033629902351,-0.0017205819313676311,-0.2465436112311825,0.13318183764856054,0.00021039933907310293,-0.0022571316444852663,0.00246753098355839,-0.08724169871864784,0.6165315437963186
early,SNA,l2,2,13,12,last9,-0.12797425473900975,-0.16044534974586677,0.02352531940364905,0.0024456473617587467,0.006500110762224395,-0.3271012764563742,-0.37287218418510276,0.04920674245167511,0.00020009809249416107,-0.0036359675613445203,-0.016335174346182542,-0.04134982849001085,0.009127221006284362,0.0037045978207944255,0.012182827517959537,0.523010634396773,0.3363586358635864,2.267240468726285,1.3612887559845896,-0.03481605404480689,-0.034305028197871096,-0.000511025846935808,-0.1279742547390098,0.1425527433130883,0.007752220863433162,0.005424404334873956,0.0023278165285591963,-0.046069354459580464,0.6580955656708555
early,SNA,l2,2,14,13,last9,-0.2708474886004369,-0.3517445602476872,0.06384424236021276,0.0027809622348762375,0.014271832073672407,-0.4366732360118759,-0.5817933659281871,0.12714681363011165,0.000614001399236124,0.017359267947745654,-0.1635070487120569,-0.20283197952358,0.022867940716794086,0.0041836547174940245,0.012273308141029324,0.5736560601939987,0.335237059196809,2.313651303565753,1.5045375596186645,-0.07493304343368623,-0.0734926107423799,-0.0014404326913063405,-0.27084748860043695,0.15550498660302545,0.0029668337033628422,0.0013282997556645637,0.0016385339476983063,-0.13844550403211944,0.6628827845831194
early,SNA,l2,2,15,14,last9,-0.198886280911563,-0.28777408430499707,0.08149630636782805,0.0027021496153563783,0.00468931157843404,-0.5584573718343486,-0.6093266094830916,0.05592905587461546,0.0009666426213323579,-0.006026525624407238,0.017955160030976657,-0.09385996089927749,0.09691478571125667,0.0037487572177201554,0.01115155962514577,0.5320671621249656,0.3123222313973759,2.3432290944815026,1.3810402354312838,-0.07265444621231545,-0.07167921502745853,-0.0009752311848569666,-0.19888628091156305,0.15307147218158879,-0.008680335491173141,-0.008086391865018971,-0.0005939436261542148,-0.09794093186596478,0.7190644498259231
early,SNA,l2,2,16,15,last9,-0.16963431737347098,-0.2155461918062489,0.036018552511771586,0.002586073315963696,0.007307224530916046,-0.3128905593891884,-0.358299137574234,0.04109138731015605,0.0003837654278812127,0.003933388099952346,-0.08715826039541331,-0.133359894558174,0.033097999759690265,0.0038539948271309947,0.009249623143356811,0.5186588921282799,0.3131195335276968,2.0451851396609095,1.160640111402091,-0.059573912159134906,-0.05913165531662784,-0.00044225684250704875,-0.16963431737347098,0.14219901144814023,0.0006232855902466028,-0.0005766752579244305,0.0011999608481710333,-0.07672908322688651,0.6472464546604689
early,SNA,l2,2,17,16,last9,-0.15201325448703332,-0.24862268695489612,0.08562976594697114,0.0022654316833079433,0.008714218692193286,-0.3254550229934129,-0.4407444997665021,0.11003264189593624,0.0003040018347063543,0.0049527938074569264,-0.04474636019819764,-0.12980292189533954,0.07053754947971959,0.0034784986973079453,0.011040511654730568,0.5163076303603785,0.34225890879806725,2.1494568234157043,1.194745685280767,-0.042001276327789605,-0.041396094757217256,-0.0006051815705723149,-0.15201325448703334,0.15621108233623518,0.02185487971989808,0.020968800351105377,0.0008860793687927061,-0.057927701400387416,0.6694975288092344
early,SNA,l2,2,18,17,last9,-0.2788143675522364,-0.2949951351579773,0.034042434929442346,0.002384851912844982,-0.02024654424581747,-0.5381547936417196,-0.4836844046541182,-0.0406067977958857,0.000251409111084321,-0.014115046156171504,-0.11683769071680711,-0.17714516749831105,0.08066622909638481,0.003717339795503214,-0.024076104101020897,0.5419751899221079,0.3233003173382056,1.9872055748898794,1.1474202558134974,-0.11507972641891565,-0.1130073367721331,-0.002072389646782538,-0.27881436755223643,0.13775299072156166,-0.004042698508221337,-0.005397499096672642,0.0013548005884513256,-0.0879256171700864,0.673533535689375
early,SNA,l2,2,19,18,last9,-0.15298880536314927,-0.17524046792698694,0.042819360533237594,0.002156031243854548,-0.022723744670571647,-0.29383220473769095,-0.26989606243649145,-0.008281189137077252,0.00023711213849098936,-0.015892100757583186,-0.06811597686813621,-0.11820060610474514,0.07361276801579995,0.003312380017375871,-0.026840522203213875,0.5164611150749159,0.312710223218836,2.469125520347963,1.4784179395557775,-0.0683899916206206,-0.0676270451080705,-0.0007629465125501139,-0.15298880536314932,0.1800984996961538,-0.015702513263198936,-0.01657098377359409,0.0008684705103951286,-0.028460609747540888,0.6666531416453187
early,SNA,l2,2,20,19,last9,-0.22109500631801343,-0.2654163776038067,0.031604575319617266,0.0021870997848449617,0.010529674095669626,-0.3462871214159276,-0.4415544031334628,0.08838333661749309,0.00035998762817140674,0.006523921892361799,-0.13871470260073318,-0.14951208101175328,-0.005757614757223322,0.003389396385350359,0.013165583576602755,0.563558515699334,0.30922930542340626,2.1596774060007036,1.2820230142845381,-0.06911385095497938,-0.069152758849684,3.890789470460676e-05,-0.22109500631801346,0.14700828896432652,0.0031149630336317347,0.0025716906023176556,0.0005432724313141069,-0.11265483579377597,0.6786975385008931
early,LR,none,0,2,1,first5,-0.36329865703207004,-0.4134228477033755,0.052481676821426994,0.0,-0.0023575402739927915,-0.6166457317378409,-0.6557339892012944,0.02592749532491495,0.0,0.013160685478836196,-0.015200457711065351,-0.08048799093109227,0.0889670507856381,0.0,-0.023679540725311074,0.5896299578994018,0.2526035896299579,3.4912311238160623,2.004020463719158,-0.1540090748612281,-0.152202437781584,-0.0018066370796441349,-0.3632986570320699,0.2977279430407581,-0.21396685122877995,-0.21656770582210907,0.002600854593329132,-0.2745395637071767,1.35687620523426
early,LR,none,0,3,2,first5,-0.6360410150075326,-0.6450630314755734,0.008208630510778964,0.0,0.0008133177803688459,-1.0711520554644893,-1.0725770306902473,-0.001074768072404928,0.0,0.00249963772252197,-0.26472000944109775,-0.28022529277925007,0.0161310240528083,0.0,-0.0006257769756948658,0.6218839031339032,0.2670940170940171,1.9987688295344082,1.0146907866562138,-0.2386738655168239,-0.23347447639054114,-0.005199389126282768,-0.6360410150075326,0.21753448081761037,-0.22106745758716173,-0.22230833564575914,0.0012408780585974437,-0.3786185651594145,1.357130374160746
early,LR,none,0,4,3,first5,-0.9786190877613798,-0.9603678781956602,-0.00736435695861955,0.0,-0.010886950341685379,-1.6717287256956097,-1.660913456681271,-0.01045890894437686,0.0,-0.00035651998741740556,-0.5439690580363928,-0.5210547596824064,-0.005423759051766361,0.0,-0.017490598041840142,0.6959250203748981,0.33088834555827223,1.5231148421525906,0.6997159316510112,-0.38737229845737486,-0.3791176799360608,-0.008254618521314115,-0.9786190877613796,0.1855650718355119,-0.29084352443036454,-0.28961045726476997,-0.001233067165594546,-0.5907965176720643,1.2220219105940813
early,LR,none,0,5,4,first5,-0.5990566164792088,-0.5983005335784427,0.004448042536507849,0.0,-0.005204185314860939,-1.2735598789874383,-1.3028300800833794,0.02107788841263166,0.0,0.008192208395701644,-0.3637259342494097,-0.35249383693843234,-0.0013540242479457942,0.0,-0.009878117446193244,0.636695963288481,0.3423038033755931,1.4139579185119782,0.7320200818076844,-0.2263961836957783,-0.2219377514728872,-0.004458432222891134,-0.5990566164792087,0.163692880643183,-0.1965524840254671,-0.19790655593462148,0.0013540719091542988,-0.42496414164549035,1.266052408774191
early,LR,none,0,6,5,first5,-0.30519296294974413,-0.3310188965231621,0.01482803273313935,0.0,0.010997870197255885,-0.7871181364596747,-0.7820670237439249,-0.012603137988530085,0.0,0.007551953941669087,-0.16119365753452206,-0.19624565661211554,0.02302447016320314,0.0,0.012027510428973924,0.5414833186654933,0.3469077526202096,1.291346966498142,0.8444564165699383,-0.0957958421235996,-0.09314318034271463,-0.0026526617808849545,-0.3051929629497442,0.13462784067517658,-0.1553604335120825,-0.1576612966002493,0.0023008630881668074,-0.3431144166550991,1.2813479235302514
early,LR,none,0,7,6,next5,-0.3500505912585157,-0.40376494887820036,0.05844107145808848,0.0,-0.004726745559015027,-1.0460693089595994,-1.0686282760253516,0.026435268139236266,0.0,-0.0038763853763524895,-0.1843142163110495,-0.24544731333983547,0.06606231164092258,0.0,-0.004929233811830494,0.5110931531002058,0.3230238025271819,1.1689265033205458,0.7314978322315221,-0.11546638333472814,-0.11204416430149156,-0.0034222190332366155,-0.3500505912585158,0.10629722320071011,-0.10236745625603205,-0.10365750432232579,0.0012900480662938196,-0.2645552551953646,1.2568692462858935
early,LR,none,0,8,7,next5,-0.22059983546285905,-0.2791327341394102,0.07249038506326472,0.0,-0.01395750548422223,-0.5823067532401975,-0.6055343333285527,0.02682540546443959,0.0,-0.0035978710617478016,-0.1369791384130988,-0.20367404673007983,0.08304737813456525,0.0,-0.01635248276834836,0.5275979031760716,0.3684859697810669,1.163798157434185,1.0231297520101303,-0.06857960135052754,-0.06701065752032065,-0.0015689438302069897,-0.2205998354628591,0.10999887128342234,-0.11085049460660512,-0.11195987130475515,0.0011093766981503002,-0.2643002429697754,1.2522111438205001
early,LR,none,0,9,8,next5,-0.1816875158777979,-0.22044594558730254,0.03369389626956067,0.0,0.005064521054464795,-0.48865330296801834,-0.5069478896373946,0.02695548942947312,0.0,-0.008660927869978137,-0.11838807105482581,-0.16136635182872233,0.035083423799687326,0.0,0.007894847212630248,0.49768603540733125,0.3702343348270036,1.0891562649639177,0.9606665941497334,-0.05042400302596928,-0.04972297404309378,-0.0007010289828758703,-0.18168751587779797,0.0665882195563281,-0.09842978877097575,-0.10085935837933335,0.002429569608357267,-0.23086598465878794,1.0812513176921916
early,LR,none,0,10,9,next5,-0.029529849750650074,-0.1423660733611264,0.10705304678055315,0.0,0.005783182059656778,-0.40256390454948277,-0.42316111143626306,0.013161954357486606,0.0,0.0074352281562120905,0.042030792852696876,-0.08850001714992027,0.12506455758523882,0.0,0.0054662633259406216,0.4236577181208054,0.33488407565588774,1.105638749088305,0.9911201073882073,0.007999059141172049,0.007557383633999715,0.0004416755071724801,-0.029529849750649984,0.08943934681677979,-0.0568492559320215,-0.060984473218842705,0.004135217286820994,-0.09547993337017013,1.2944596632602319
early,LR,none,0,11,10,next5,-0.21917633294765132,-0.2638503826027677,0.04278678641543616,0.0,0.0018872498903127082,-0.6011547490862673,-0.5977484105842681,0.0054259192817431735,0.0,-0.008832305993191698,-0.12753222453495996,-0.18374170163474107,0.051750390675080575,0.0,0.0044590814389499625,0.4899416909620991,0.3369533527696793,1.0892053476753,0.7844494117080003,-0.06305685703306652,-0.061677831708934816,-0.0013790253241313666,-0.21917633294765126,0.0802452392003602,-0.0863980349034299,-0.08724444954630384,0.0008464146428741465,-0.19320145209285844,1.1213252458089729
early,LR,none,0,12,11,last9,0.043350223799000664,-0.15561421201375694,0.19492304824139023,0.0,0.004041410237440304,-0.1923506021619359,-0.23325009280608455,0.04778832904437686,0.0,-0.006888831255192428,0.08831740465714341,-0.1408027802827184,0.22299352063651315,0.0,0.0061266899305367165,0.4443670150987224,0.36445993031358886,1.075187402789103,1.0251173934422793,0.03829224417179855,0.03761032144092513,0.0006819227308733425,0.043350223799000664,0.06694577940723356,-0.06066830513014709,-0.06244409910699611,0.0017757939768489467,-0.11159636567304898,1.2122755117013
early,LR,none,0,13,12,last9,0.17325296935648887,-0.1021351178838752,0.27166469462422727,0.0,0.0037234023125296933,-0.24324201244813898,-0.2956205899144743,0.043291374191953974,0.0,0.009087183043304027,0.25153844808219683,-0.06576708593603689,0.3145903371872066,0.0,0.00271521215266513,0.3458613947425592,0.3007458903613585,1.0120886203277275,0.83549909874985,0.07890216443938525,0.07776999990124578,0.0011321645381394754,0.1732529693564886,0.01229904777406654,0.013580453476266685,0.010117717136259863,0.0034627363400068153,-0.008880457438927625,1.1782223156840956
early,LR,none,0,14,13,last9,-0.1134897450614805,-0.3182241310506493,0.17707563090902056,0.0,0.02765876361578533,-0.6724973769783059,-0.7171937123945183,0.0384924355093606,0.0,0.006203854724428666,0.022326636280129326,-0.2212905621516048,0.21074577607215408,0.0,0.0328714439465461,0.4546208352178501,0.33951454846977236,1.0409674992749747,0.8801574596590702,0.00042985291894970246,0.0013338019091122533,-0.0009039489901624606,-0.11348974506148068,0.04096888552484268,-0.06845073524704959,-0.06928688917267878,0.0008361539256293293,-0.23399008868684024,1.2756603767498038
early,LR,none,0,15,14,last9,-0.004541025438366365,-0.2002234595335851,0.19796706283507048,0.0,-0.002284614438594139,-0.6286464881886881,-0.6813479915309962,0.05508697038441376,0.0,-0.002385500155868408,0.13050488719895026,-0.09611621261178475,0.22888390884002582,0.0,-0.0022627844682212867,0.42102502622508614,0.3693990708826615,1.0636863012161597,0.7709327656385812,0.01721165262498081,0.017192657366256414,1.8995258724320563e-05,-0.0045410254383662085,0.07310889477394156,-0.0461146435150388,-0.046102263362563844,-1.2380152475087447e-05,-0.15261322039410685,1.3208544811474778
early,LR,none,0,16,15,last9,-0.07301102222364833,-0.26232371194462484,0.17251987545745806,0.0,0.01679283484089341,-0.3553795319624103,-0.40063371574913814,0.03503597179425587,0.0,0.01021821042971027,-0.020231800348607467,-0.23647134481951673,0.19821783116222202,0.0,0.01802173802441034,0.44799522138430525,0.3447323228552229,1.1005716738720641,1.1300600502943317,-0.011472732639783878,-0.011292713532136567,-0.00018001910764724183,-0.07301102222364841,0.11802395298983792,-0.02007103488055373,-0.0219922510182613,0.001921216137707231,-0.11026188910136892,1.344746590294604
early,LR,none,0,17,16,last9,0.04804980169559093,-0.1981763132943606,0.2441990410697752,0.0,0.002027078031917076,-0.5575451085344021,-0.6351471586656958,0.07485088088867023,0.0,0.0027511364377523235,0.1571529230849885,-0.11945226462613374,0.27470856577878117,0.0,0.0018966326949262909,0.3898832684824903,0.33081004598514324,1.0391112311402904,0.9049525244894121,0.029538433653445884,0.029017161743044362,0.0005212719104019936,0.04804980169559081,0.04833876709415019,-0.08586735671110746,-0.0814856294241435,-0.004381727286963719,-0.33097634758694494,1.39269479533286
early,LR,none,0,18,17,last9,-0.02518579086330935,-0.20307782553294962,0.1689781763776458,0.0,0.008913863833966649,-0.38633989057995116,-0.4465642089303616,0.059230227942808904,0.0,0.000994069970861894,0.046463449591663444,-0.1547726437691526,0.19075103498015686,0.0,0.01048506907653935,0.41093461396379755,0.3467306981898781,1.0819939410968065,0.8688775556547749,0.00693624643843993,0.007263914796662663,-0.0003276683582225867,-0.0251857908633093,0.10541330037742713,0.01005972868278704,0.009764725465025936,0.0002950032177614012,-0.04015063421065834,1.3428629395103127
early,LR,none,0,19,18,last9,0.15993089850515338,-0.1807829138734977,0.35621288965521986,0.0,-0.015499077945508612,-0.3039135189203716,-0.3439396926508412,0.05729068090362438,0.0,-0.017264539456465243,0.24535757232524852,-0.15073417253149932,0.411265681206182,0.0,-0.015173931195924972,0.3239877606205081,0.2934604710737921,0.9816598665547444,0.7969426830487245,0.06656291476331555,0.06632006108932553,0.00024285367398988594,0.1599308985051533,-0.026047033511712447,-0.08475030948990625,-0.0838384476909475,-0.0009118617989588504,-0.23339568143743783,1.37347719246198
early,LR,none,0,20,19,last9,-0.028684970248061128,-0.21548687979372172,0.1888519632047456,0.0,-0.002050076958214321,-0.5944148377662124,-0.6388730009884928,0.04845038766464709,0.0,-0.003992272817214994,0.10228676697051271,-0.1174690465646255,0.22135623655588094,0.0,-0.0016004405146092366,0.4218083912945928,0.32854685513424575,1.056908642531329,0.7866242600919418,-0.026013472124363446,-0.026290637130045535,0.00027716500568203406,-0.028684970248061603,0.08233201940036294,-0.030907567542671543,-0.03242594173985669,0.001518374197185035,-0.14068016233780223,1.2411255364483453
early,LR,none,1,2,1,first5,-0.5025498938999929,-0.5655006236658651,0.06218677604059682,0.0,0.0007638859527981107,-0.6720792084863711,-0.6966643929636966,0.025336091154013717,0.0,-0.0007509966028895913,-0.1842524841103492,-0.3192359105240306,0.13137526758255613,0.0,0.003608132653065575,0.6460949647171391,0.26240880277478773,3.637328060687333,2.3947784327618944,-0.20244006652866492,-0.19806385781195254,-0.004376208716712427,-0.502549893899993,0.29512705834401165,-0.20227801443486637,-0.20091140654201556,-0.0013666078928508806,-0.31312890296406554,1.2487798923784117
early,LR,none,1,3,2,first5,-0.6282099947970129,-0.6280848139432094,0.008339850261577512,0.0,-0.008465094814405912,-1.0284424607696014,-1.0216322761900498,0.005032507970015509,0.0,-0.01184278890939587,-0.23409031680725947,-0.24054803899044408,0.011596679204189048,0.0,-0.005138988558057117,0.6168336673346694,0.3032064128256513,1.865486078737404,1.2007087844036046,-0.2667234848207163,-0.2620135497217716,-0.004709935098944698,-0.6282099947970129,0.20614903421177982,-0.2979962460412082,-0.2954162854416666,-0.0025799605995416638,-0.4300806398486944,1.2973597170852413
early,LR,none,1,4,3,first5,-0.6952173239898266,-0.6985054002523136,0.01168655881906566,0.0,-0.008398546030227052,-1.1290961653609493,-1.1395843890445712,0.010936269233613563,0.0,-0.00044815076953306766,-0.39967253448912266,-0.3980560939809168,0.012197632779013248,0.0,-0.013814108324861652,0.6636034284704427,0.3389590880975524,1.6833080492840096,1.104821245387777,-0.27366934886265015,-0.26836267676383657,-0.005306672098813579,-0.6952173239898267,0.18910236517906864,-0.28275159096107105,-0.28040674012148964,-0.002344850839581341,-0.5299654559013722,1.295508357204913
early,LR,none,1,5,4,first5,-0.3650637064194931,-0.4099888622612099,0.04480291485256721,0.0,0.00012221676941079348,-0.8354124442460462,-0.8463946312042409,0.006067217020653769,0.0,0.0049149100156903915,-0.1967211466271755,-0.25379483356776855,0.05866681200789599,0.0,-0.001593136508895615,0.5182270756383491,0.322386381885338,1.382392779334881,0.8298760705237371,-0.1422293498510866,-0.13952291805367212,-0.0027064317974145524,-0.36506370641949304,0.14217070309877045,-0.15351321573028176,-0.1557568197366439,0.0022436040063621484,-0.21683212609285107,1.2192831801473347
early,LR,none,1,6,5,first5,-0.41184841575760883,-0.42725261855291147,0.021972317740311,0.0,-0.006568157094011675,-1.1207837165517054,-1.1308275524728917,0.016958034029194706,0.0,-0.006914297346656102,-0.18296107804773315,-0.20009593257047867,0.02359123282025387,0.0,-0.006456402014509689,0.5235077837753266,0.3154189157474771,1.2375136192649696,0.7132866352267933,-0.15783257963756447,-0.15438215206124706,-0.003450427576317453,-0.4118484157576088,0.10488128092252286,-0.2002479693545619,-0.19992307686497313,-0.0003248924895888194,-0.3525840982948252,1.224447383195102
early,LR,none,1,7,6,next5,-0.2954119620425303,-0.4240202376765736,0.13142560401279157,0.0,-0.002817336327810205,-1.2071430668985428,-1.1910005573198084,-0.01750936892954013,0.0,0.001366757779212261,-0.09538178823254673,-0.25574780973160177,0.16410134400385473,0.0,-0.0037353099134511277,0.5127813811522319,0.34689049980923314,1.2330914126002388,0.61865376151135,-0.1158301245149439,-0.11358362987830573,-0.002246494636638091,-0.2954119620425304,0.11963846584819526,-0.15879164769149645,-0.15903933203963816,0.00024768434814177384,-0.29930429921780144,1.2580016983295312
early,LR,none,1,8,7,next5,-0.20821792481892487,-0.2905597469992448,0.09108664066141305,0.0,-0.008744824344579391,-0.6986442235166503,-0.7082837255391955,0.009270479622774904,0.0,0.0003689705469136987,-0.11101869419780579,-0.20776963269686846,0.10730205962741496,0.0,-0.010551117877051253,0.4878215342590485,0.33416799453676305,1.1817333274492023,0.7458366689788478,-0.07757276212292408,-0.076956271743017,-0.0006164903799071898,-0.2082179248189251,0.10933317402129816,-0.13998826420013666,-0.14094538837750314,0.0009571241773664949,-0.20178419500697542,1.2230221016873215
early,LR,none,1,9,8,next5,-0.11166044143251862,-0.2200837155755435,0.11140434780391104,0.0,-0.0029811029061195316,-0.9638783685235462,-0.9826816584760071,-0.0031657764385932654,0.0,0.021968981376482823,0.02745544647271902,-0.09559737637890983,0.13010675249963732,0.0,-0.007053949789466069,0.45790721802282497,0.3191047873128798,1.1591567069932387,0.6989200168894768,-0.03971634351260822,-0.038818467756117414,-0.0008978757564909751,-0.11166044143251841,0.1069960669778316,-0.11793240630948243,-0.12020825487277742,0.0022758485632948574,-0.24693970309175883,1.2663014750443562
early,LR,none,1,10,9,next5,-0.16297317643696452,-0.364151016220723,0.18805943413920231,0.0,0.013118397488715215,-1.052691588705704,-1.106102292448694,0.042930565232433465,0.0,0.010480052375192419,-0.012964048748169449,-0.23905586004570592,0.21252858609442798,0.0,0.013563230194843368,0.46035545883206386,0.32752992383025026,1.085101823276491,0.5433968409088873,-0.04638371910343553,-0.04484301649059774,-0.001540702612837775,-0.1629731764369644,0.06775645803073471,-0.08009083381344362,-0.08160432006421292,0.0015134862507693476,-0.12745296108053172,1.2838237754110646
early,LR,none,1,11,10,next5,-0.17071051344163454,-0.328668274341116,0.17379305834476202,0.0,-0.015835311651116964,-0.7144574805685591,-0.7227679669029639,0.02355073874010973,0.0,-0.015240315232828606,-0.08065338911953149,-0.2633962137062283,0.19867667530831,0.0,-0.015933856874635412,0.46078431372549017,0.3143695434378131,1.11115574440956,0.7621900637598473,-0.06349931651294982,-0.061296056108891994,-0.0022032604040578014,-0.17071051344163446,0.09222036271248901,-0.05401262197975498,-0.055093139367354604,0.0010805173875996846,-0.121372976467369,1.2079126978247037
early,LR,none,1,12,11,last9,-0.10775680277802671,-0.2569555908422515,0.13953684832349592,0.0,0.00966193510213492,-0.5801262537116778,-0.5808210459144784,0.0038455243849120765,0.0,-0.0031508035879467614,-0.031669082298589904,-0.20478840651274993,0.16139356134106544,0.0,0.011725768989148778,0.41571050308914387,0.3250956163577523,1.1318086402684264,0.7930789619557898,-0.02959644006465245,-0.028591526386609,-0.0010049136780435237,-0.10775680277802646,0.10722016297316872,-0.05334673349147434,-0.055054159863342056,0.0017074263718677672,-0.14998544103259004,1.3652325757798298
early,LR,none,1,13,12,last9,-0.0020149829379041816,-0.21860634601470583,0.20515073035776699,0.0,0.011440640172463037,-0.7394348014867765,-0.7839306207630533,0.03194163104878073,0.0,0.01255413513352638,0.10291705049890604,-0.13816285343639698,0.2297977259267446,0.0,0.011282194077651072,0.39376973873097904,0.3334051105368935,1.1114532159350112,0.7118274670441147,0.006167117608402828,0.005420178626355465,0.0007469389820471406,-0.0020149829379039197,0.1023539612734643,-0.08518437561603087,-0.08420190030732955,-0.0009824753087013943,-0.1886955480996806,1.3673407119029197
early,LR,none,1,14,13,last9,0.07384758612957251,-0.08339263866352564,0.14819619176508364,0.0,0.009044052114546201,-0.4974704627762998,-0.5133889112396255,0.016559201987560866,0.0,-0.0006407850398962555,0.1603540836059761,-0.01828447073551431,0.1681280929990787,0.0,0.010510488090907578,0.3722255105060669,0.34048535069547203,1.0984351848044973,0.8325165236364868,0.050028379069210205,0.04882467812795044,0.0012037009412597388,0.07384758612957243,0.09565777090880201,-0.04536274108737115,-0.04680935054194979,0.00144660945457872,-0.13024489437941056,1.2233373120860047
early,LR,none,1,15,14,last9,0.15465118012450702,-0.20244678626813628,0.3748642505625582,0.0,-0.01776626744750607,-0.6476966507392622,-0.7330733159816096,0.09622505914811277,0.0,-0.01084843312029068,0.272682632771626,-0.12438759833744069,0.41585418941695734,0.0,-0.01878393335673437,0.3135230066736916,0.28816297857393747,0.9806548210468186,0.7042512010971292,0.06254222469746096,0.06216467955898897,0.00037754513847175833,0.15465118012450696,-0.02029268281761043,-0.027108926796471033,-0.02809643016150276,0.0009875033650314433,-0.10087170250832322,1.3205964244034503
early,LR,none,1,16,15,last9,0.045007998157178285,-0.18769672210339944,0.22406463935439103,0.0,0.00864010038336809,-0.6196630278285852,-0.593328071914402,-0.0268035142935328,0.0,0.0004685425041886722,0.14131989995475758,-0.12892008644205563,0.2604158387201903,0.0,0.009824172276415556,0.39740617301840314,0.3598029271120127,1.0741762359694964,0.7956636323791187,0.03413360011667055,0.032866402140549145,0.0012671979761216777,0.045007998157178486,0.08197138787910596,0.0001684841346731858,-0.0026445660976885943,0.002813050232362002,-0.04267944792733336,1.257521604161263
early,LR,none,1,17,16,last9,0.008756437166325676,-0.2713290966666659,0.28295153532111555,0.0,-0.0028660193239470467,-0.7289879906066692,-0.7785226926315552,0.05344185648104817,0.0,-0.0039071809058042785,0.1353913934061763,-0.18426854234430992,0.32234722174367314,0.0,-0.0026873023504348113,0.4064711135536168,0.3037713814659614,1.0446286244934124,0.7820427727410881,0.011694596494833842,0.012131380479602827,-0.0004367839847691374,0.008756437166326014,0.05236120588470339,-0.02524805437525135,-0.024093544633205788,-0.001154509742045777,-0.13051992358765374,1.361695313484002
early,LR,none,1,18,17,last9,0.19719421885400468,-0.21763586456127587,0.4159460223506307,0.0,-0.001115906325460862,-0.41815384791652993,-0.5313623854556337,0.1088499901572351,0.0,0.004358514254039223,0.308205138104251,-0.16103851525872023,0.4713472085618889,0.0,-0.0021035107297164954,0.3764509576320371,0.3556297156123041,1.0260592263519837,0.8034206321884112,0.08816840479637666,0.08690382323715085,0.0012645815592259198,0.197194218854005,0.031392247086291736,0.005680563018611862,0.005138500999381179,0.0005420620192308004,-0.1368218183507588,1.3364314086937235
early,LR,none,1,19,18,last9,0.008586086227540951,-0.2542575028642219,0.2642038544871672,0.0,-0.0013602731033233234,-0.7916377201131429,-0.8719931656748943,0.07540355071249565,0.0,0.0049518043127956485,0.1696371821589939,-0.12993352661744922,0.30220134418214006,0.0,-0.00263062644374537,0.39733769614040304,0.3027441064921544,1.0686116313264498,0.7701559580244945,0.01592060534687656,0.01605648719178454,-0.00013588184490799862,0.008586086227541312,0.08699711570780111,-0.04224060702207688,-0.04103796206717569,-0.0012026449549011886,-0.19482922528212132,1.4081127820165662
early,LR,none,1,20,19,last9,0.11060958721463729,-0.32461384576975794,0.44746096611039454,0.0,-0.012237536016406205,-0.525134826275606,-0.714062773383579,0.2039661247459843,0.0,-0.015038278390418146,0.2040997370970183,-0.2673429711202123,0.4832683892378251,0.0,-0.011825669519788811,0.3934008403940208,0.32637597299717575,0.9975550712130684,1.0017996532133262,0.04569084433650916,0.04509116138201996,0.0005996829544892522,0.11060958721463754,-0.003237699393392468,-0.10109172959728396,-0.0987094326332234,-0.0023822969640605145,-0.20942336550206342,1.3706775764819894
early,LR,none,2,2,1,first5,-0.523900429177889,-0.5954890011236086,0.0755060779177506,0.0,-0.003917575920137188,-0.6611271726236844,-0.7032103162910995,0.04811073746777577,0.0,-0.006027676792528211,-0.3209010690730224,-0.43613698635184533,0.11603197280934338,0.0,-0.0007961061825616153,0.681923157673735,0.2587654839386941,3.79112394905866,3.858845882846377,-0.21489575223933333,-0.21119175353241862,-0.003703998706914716,-0.523900429177889,0.3274263682558413,-0.1622510614496412,-0.1625265399539774,0.00027547850433620735,-0.3039506353235243,1.3391024264850657
early,LR,none,2,3,2,first5,-0.7822297110423945,-0.821765850038593,0.0410618205813813,0.0,-0.0015257664446849664,-1.3357437404489727,-1.346734220931658,0.0015703969891381728,0.0,0.00941995209079657,-0.2125255443561982,-0.28144229474066534,0.08170835774863436,0.0,-0.012791644319042702,0.625742755279276,0.26812322881433404,1.8124622640588395,0.9319788187940841,-0.32851245195418727,-0.3217276308538871,-0.006784821100300178,-0.7822297110423946,0.17993164761692967,-0.2756340860051967,-0.27385104980247327,-0.0017830362027234509,-0.4650455146152923,1.331591760650109
early,LR,none,2,4,3,first5,-0.4511181544021484,-0.45421985573234314,0.002043448137626168,0.0,0.0010582084508356426,-0.6772808685468457,-0.7051872690125978,0.019038574243991146,0.0,0.008867750667120833,-0.3107124123054798,-0.29841492547690374,-0.008507421407846103,0.0,-0.0037900910332749277,0.625011327594019,0.36157680108744905,1.5681976469332355,0.855809076853175,-0.1912806211064043,-0.18807724397777464,-0.003203377128629655,-0.45111815440214825,0.18731619656536092,-0.22445353258134065,-0.22369523323212281,-0.0007582993492178513,-0.3232334707092627,1.2741319117991918
early,LR,none,2,5,4,first5,-0.5848093840702543,-0.5752185039568355,-0.007957076457222583,0.0,-0.0016338660908476548,-1.1108326581126302,-1.1334649495981877,0.0032321022603924443,0.0,0.01940008239815877,-0.31356817124221076,-0.28736157738193485,-0.013726719276622133,0.0,-0.012479914127613966,0.5820871522752854,0.320710725196977,1.4182834457964941,0.7672809738406623,-0.2255479377277511,-0.22129160320233454,-0.004256334525416605,-0.5848093840702545,0.17782235435126037,-0.2167805779293555,-0.21534928885889493,-0.00143128907046048,-0.3905546303603974,1.3687274145131534
early,LR,none,2,6,5,first5,-0.2989578204434254,-0.36429330765624135,0.05608134376743248,0.0,0.009254114389932604,-0.8719091035934672,-0.9080132274375319,0.027352152753023076,0.0,0.008751891925952925,-0.12898488495186913,-0.2029922100439728,0.06460420613745707,0.0,0.009403104764826444,0.5006596818005433,0.2973224679860303,1.2917821768326665,0.7096666301414679,-0.11731419295037293,-0.11553646200534096,-0.0017777309450320898,-0.29895782044342545,0.14128281129293563,-0.10013112309155603,-0.099834911724898,-0.00029621136665809907,-0.222654792594413,1.3349369226800092
early,LR,none,2,7,6,next5,-0.16443692038376106,-0.2985353231535947,0.12549991999988375,0.0,0.008598475862770471,-1.1480984333844657,-1.1415731654398524,-0.015357861577277442,0.0,0.008832488018104406,0.06852803935773345,-0.09887489688597302,0.15885989899743155,0.0,0.008543053716406231,0.44231974921630096,0.32068965517241377,1.164776006266685,0.665967023836096,-0.05754518578333667,-0.0562128214344092,-0.0013323643489275118,-0.164436920383761,0.09124818603091112,-0.07986704050257865,-0.0799932857327822,0.00012624523020349568,-0.1686628755199986,1.2790354237902206
early,LR,none,2,8,7,next5,-0.36217426138674086,-0.416094726031526,0.051830750143023775,0.0,0.0020896949488825953,-0.9074377066561659,-0.9483715760055328,0.03613703305897194,0.0,0.004796774848230484,-0.21084144451592188,-0.2683662183522864,0.05618639590308337,0.0,0.0013383700063857357,0.5632806976196088,0.36648597690313456,1.2091019653625235,0.690565459108251,-0.12385499278504719,-0.12098139423599774,-0.0028735985490493483,-0.3621742613867407,0.1352213548622816,-0.08046446019435272,-0.08072690387897619,0.00026244368462357594,-0.21750241570420115,1.2805122964176736
early,LR,none,2,9,8,next5,-0.17070870372607835,-0.26705776182260177,0.11029814651563712,0.0,-0.013949094939007745,-0.594350762345749,-0.6097001440774109,0.015043408544371252,0.0,0.00030590662972531117,-0.06580469769037744,-0.18221123205815487,0.13388552034633072,0.0,-0.017478977631669796,0.4782235404308461,0.3581017795816422,1.21027007782229,0.8989087410161025,-0.07016178429942421,-0.06787508020876765,-0.0022867040906567127,-0.17070870372607838,0.13897856670269004,-0.09974426726116259,-0.09877505668035658,-0.0009692105808062484,-0.17645857841873225,1.3326668658216314
early,LR,none,2,10,9,next5,-0.1374464419801015,-0.2154165825611708,0.06658570571404696,0.0,0.011384447704035152,-0.43089387051282185,-0.45733799680894427,0.025582818770556348,0.0,0.0008612573229379651,-0.06837708101166892,-0.15847501190157307,0.07623664460013096,0.0,0.013861313964563634,0.45661518866422546,0.37215411558669004,1.1950180740501766,0.8959494350494962,-0.036497319657588845,-0.03612939224834588,-0.00036792740924283807,-0.13744644198010136,0.1537204852256624,-0.09696130536788128,-0.0974359220796075,0.0004746167117264128,-0.2257024481609735,1.258600345001215
early,LR,none,2,11,10,next5,0.006151029663179307,-0.28426577412617965,0.30097525320578694,0.0,-0.010558440354354761,-0.5821460471550343,-0.6137289347513937,0.04100514102735984,0.0,-0.009422293440576912,0.12885410233728317,-0.21554854989606945,0.35519808181518603,0.0,-0.010795410284723493,0.41214605067064086,0.3246646795827124,1.0744396469833277,0.7842081071765221,0.0025980449714306797,0.002694700524491944,-9.665555306128185e-05,0.006151029663179486,0.061317607914020855,-0.12527561692751732,-0.12470183905794086,-0.000573777869576588,-0.29876575871643873,1.3179933036042424
early,LR,none,2,12,11,last9,0.1513218311686276,-0.1537366163201505,0.31498665656081676,0.0,-0.009928193814522585,-0.5832416918322405,-0.6447236386893154,0.060689016501779956,0.0,0.0007928858569193476,0.27175631620732593,-0.07323742551069296,0.35667972239935847,0.0,-0.011685955626617686,0.4007724301841949,0.31298276886512183,1.0495465679658718,0.8593189051407797,0.057649154832041916,0.05656199917096205,0.001087155661080033,0.1513218311686273,0.04109163167883978,-0.09998941227928881,-0.09918007883844093,-0.0008093334408476949,-0.23543165437416413,1.2204564553588266
early,LR,none,2,13,12,last9,0.12803117767208855,-0.11001946641537265,0.24541288484545068,0.0,-0.00736223735016289,-0.3313369058875125,-0.36157062471741785,0.05016235294412314,0.0,-0.019928666347822782,0.21829026457078748,-0.060593355483338704,0.2837767489374858,0.0,-0.004893118472514628,0.3315964355837487,0.30561848663343905,1.1020479852295582,0.9631465967356223,0.04159376473068366,0.04101455540182175,0.0005792093288619071,0.12803117767208883,0.0945423490703895,-0.04862875916372711,-0.04788021174568402,-0.0007485474180430173,-0.05074892821226662,1.2586017048804794
early,LR,none,2,14,13,last9,-0.12030455193921616,-0.31621330667514563,0.19913909079603662,0.0,-0.003230357457806484,-0.9592969216081264,-1.0147922698474325,0.05463740221026537,0.0,0.0008578472767935483,0.04260183820640897,-0.1805708607647248,0.2271968530695421,0.0,-0.004024160476244856,0.43156314773783144,0.2979772711028518,1.093471606295891,0.7637307759237865,-0.04919996650826852,-0.04876064604609498,-0.00043932046217378274,-0.1203045519392163,0.08658964803168956,-0.04923946585593297,-0.047571191817112446,-0.0016682740388205275,-0.1397851677948032,1.49968516093328
early,LR,none,2,15,14,last9,-0.042478870543515596,-0.3455470306877133,0.2844691538853868,0.0,0.01859900840691841,-0.5677774203287997,-0.6270914148591572,0.0536026031905118,0.0,0.005711358296783932,0.05064717725700273,-0.29563424149567297,0.3253976686211304,0.0,0.02088375851841845,0.4001736111111111,0.3130787037037037,1.0578978454212737,0.7389165799128786,-0.009086338849470854,-0.008646675629157441,-0.00043966322031337764,-0.04247887054351529,0.06306985067528714,-0.03678045147172049,-0.03476361867986966,-0.0020168327918509026,-0.11074424011204731,1.3262987752353845
early,LR,none,2,16,15,last9,0.07576827755344683,-0.20191772054398963,0.2601771941547264,0.0,0.01750881589415251,-0.4011355591501901,-0.4850011982390429,0.07310813227168134,0.0,0.010757483697764995,0.14177664628007583,-0.16273607188024963,0.28606946564381935,0.0,0.018443269322112762,0.4193875334829508,0.3265040179541012,1.0461021811661568,1.0908473037017847,0.03861793066438035,0.037911410704885906,0.0007065199594944718,0.0757682775534465,0.0526745975151679,-0.08563454585752606,-0.08511172911289311,-0.0005228167446330188,-0.16894151392214463,1.4530778913250906
early,LR,none,2,17,16,last9,0.053688463447384704,-0.19207776033465546,0.24323324430527038,0.0,0.0025329690067784605,-0.5218005695422151,-0.5854605352982858,0.061230223755457766,0.0,0.0024296666273222827,0.16908853402811663,-0.11319458899041969,0.2797294418231375,0.0,0.002553683740156561,0.34960629921259845,0.2986399427344309,1.0740531797967743,0.8203610538249031,0.02897863206973672,0.028593516864892088,0.0003851152048446238,0.05368846344738487,0.0882551476783795,-0.06883043762717467,-0.06994991447731902,0.001119476850144565,-0.19762624191101796,1.3952484159186604
early,LR,none,2,18,17,last9,0.02392010202095421,-0.23031108506908476,0.26523139552798686,0.0,-0.011000199316216801,-0.6753162907796139,-0.7263476949415073,0.05160252867664648,0.0,-0.0005711381163049697,0.13834060266104714,-0.14914145799905193,0.30018884646729704,0.0,-0.012706772967111465,0.35277700251186156,0.31279653921295003,1.0182373107205147,0.8242998701943873,0.000409993348226001,8.740843034060752e-05,0.0003225849178852512,0.02392010202095407,0.02598570188106164,-0.01151045741505996,-0.015668889073930714,0.00415843165887054,0.028666314182216324,1.3031910469807089
early,LR,none,2,19,18,last9,0.1645021858243273,-0.08741364088737905,0.26088162230690676,0.0,-0.008965771865869393,-0.1609954885007094,-0.2113571372033278,0.05606546009724496,0.0,-0.00570380565575916,0.20531102032296472,-0.07187439121738232,0.2865601740311003,0.0,-0.009374736505892007,0.34273028402283456,0.30269927408555924,1.0686085442788744,0.9998007041760298,0.04989075804401755,0.04861374171082944,0.0012770163331879292,0.1645021858243274,0.09271865641089194,-0.0318507245020323,-0.031168395100716673,-0.0006823294013156558,0.014777638188216757,1.332446079480817
early,LR,none,2,20,19,last9,0.030119156400207653,-0.24665668024324883,0.27749609074994896,0.0,-0.0007202460111878365,-0.9500827048041769,-1.0254034102474805,0.08219703968588206,0.0,-0.006876425057513396,0.18658914004236438,-0.12234505329385079,0.3086717501062532,0.0,0.00026246711434447324,0.36570477247502775,0.32040788013318533,1.0156948755012754,0.5889676553327406,-0.00676147708784125,-0.007284913643072599,0.0005234365552314558,0.030119156400207903,0.023802388981936096,-0.056639836513182606,-0.05625789358889577,-0.00038194292428670416,0.014231980835716085,1.3332409073630587
early,LR,l2,0,2,1,first5,-0.005829138254173702,-0.04889171165500928,0.03744839177697847,0.0030857977645106127,0.002528353720855642,-0.0002889865493180418,-0.030253939937865907,0.01677035353574976,0.0012484259759752297,0.011946140418507351,-0.016316547137441552,-0.08417268284202127,0.07659155129543506,0.006563909961341464,-0.015299349406318472,0.557398141529664,0.262759113652609,6.962254228408025,4.34311896977159,0.0026230733225872938,0.002103711695066318,0.0005193616275209929,-0.005829138254173749,0.3017657657641511,-0.020640866079233156,-0.02416520867820876,0.003524342598975636,0.08824190525134415,0.8784128721530353
early,LR,l2,0,3,2,first5,-0.38828978681729787,-0.40674630509496656,0.01410244263368333,0.0035713788204136195,0.0007826444974150693,-0.6317862754160486,-0.6466941684662265,0.014277539805931222,0.0015160342107301467,-0.000885752657582489,-0.01153651341326076,-0.035483690625007606,0.013831521138314703,0.006751538888132821,0.0033640948218142735,0.6181778882524587,0.25764616881011565,4.487382707684495,2.3761549939501077,-0.14418875972305298,-0.14126008124994455,-0.0029286784731084488,-0.388289786817298,0.24586955633909316,-0.06287118603648958,-0.06494701495742303,0.002075828920933418,-0.02021972385621859,0.8932939421166478
early,LR,l2,0,4,3,first5,-0.6513252670894581,-0.6483495805266725,-0.003344382007148521,0.0045670602800843875,-0.004198434270492331,-0.9005373756266899,-0.9185623690718129,0.010698684761299544,0.0021786538196947674,0.005147556578123748,-0.33004377117769335,-0.2999942400585255,-0.02144854847417131,0.00764616749097924,-0.01624718237605416,0.7007773295286824,0.27334448489619206,3.3927293008348727,2.496405953688722,-0.2528279173862711,-0.2479483096964713,-0.004879607689799743,-0.6513252670894583,0.2310177743434901,-0.08017704180637934,-0.08068211691300942,0.0005050751066301012,-0.17434893895637843,0.8072880244560156
early,LR,l2,0,5,4,first5,-0.4103229138304543,-0.4307888797112575,0.017644864081532735,0.004855786337043347,-0.002034739072158264,-0.6760834559051437,-0.6772425444557185,-0.0038155084476938967,0.001930739818043491,0.0030437688851896083,-0.1910221499653142,-0.22741979973461476,0.035353573025869604,0.0072694815039408495,-0.006225431436221028,0.6128691983122363,0.2739099859353024,2.677988690990778,1.6589917161899472,-0.14367365988467223,-0.14073780716194173,-0.0029358527227304893,-0.4103229138304544,0.15360904202675213,-0.03549343541121443,-0.03696045688326803,0.0014670214720536,-0.04786894621858919,0.7747768282386371
early,LR,l2,0,6,5,first5,-0.2993066909428983,-0.31142279387023936,0.0017084402354774696,0.003239605845004977,0.00716803035284861,-0.42297606210150485,-0.44582137539002403,0.014576746202914432,0.0006428071174774276,0.007625719576825296,-0.2167597519461343,-0.2217143122467908,-0.006880907779589146,0.004972919309283665,0.0068625315531286235,0.593871256591384,0.34474181673465326,3.1122625928745205,2.1259551585572876,-0.10065729433684187,-0.0984487337148939,-0.002208560621947981,-0.2993066909428984,0.19236891949382773,-0.02828709286856168,-0.03099459431934807,0.0027075014507863676,-0.11313831528254006,0.8085850109712329
early,LR,l2,0,7,6,next5,-0.338314458275383,-0.3412158787961795,0.0031690783325140854,0.0041485564872731666,-0.0044162530889439,-0.7541438783025953,-0.737303939533529,-0.01820179909721406,0.0006777548175733868,0.0006840276201442657,-0.08714931986295654,-0.10197471930319398,0.016077302544455156,0.006244955490776042,-0.0074968737678668225,0.5304832713754647,0.3115241635687732,2.1132091535414363,0.9403547083898842,-0.1290716045834924,-0.12569457057242833,-0.003377034011064095,-0.3383144582753831,0.1312120827888737,-0.017666808793930115,-0.01803343364610685,0.00036662485217675567,-0.07018348951042627,0.7749846148060671
early,LR,l2,0,8,7,next5,-0.22041517858695867,-0.2198024479402916,0.012018288431311738,0.0035361123526492333,-0.016167156062423405,-0.4174686598899234,-0.4112332993191433,0.005969503712397534,0.0006084365625820615,-0.012813346037185383,-0.1000604222157337,-0.10288183670676025,0.015712717001531352,0.0053242548615639795,-0.01821556944661679,0.5570154406828426,0.3398868322623957,2.6025670173028543,1.5444304019170982,-0.07491272090618505,-0.07324595172573821,-0.0016667691804468608,-0.2204151785869587,0.1635806304055914,-0.03701102197202984,-0.03603278554193802,-0.000978236430091782,-0.11309730632962833,0.739174983900657
early,LR,l2,0,9,8,next5,-0.285075420115412,-0.3097883939875837,0.012464225055478563,0.004331438034119986,0.007917277740965636,-0.45697265253371083,-0.4895792903091631,0.031130832599213253,0.0008403828141980144,0.0006353712537321916,-0.1921094818148539,-0.21255338246767333,0.0023688985584893168,0.006219480206837122,0.011855498616769069,0.6260994435469395,0.35505295279124033,2.171724262514193,1.9036923641379564,-0.09529169533592494,-0.09368616654000794,-0.001605528795917053,-0.28507542011541204,0.13250265479127998,-0.0003287452815413233,-0.0026699276137798766,0.0023411823322385325,-0.10587834314807804,0.6783347761329125
early,LR,l2,0,10,9,next5,-0.2897399599085849,-0.27024586897206276,-0.033138994043794494,0.004609213020988627,0.009035660898778202,-0.6135976263485735,-0.625236432922645,0.0032027188074939916,0.00038634955950037655,0.008049682225169818,-0.14674947831863333,-0.11350950927069922,-0.04918468189034853,0.006473702710809528,0.009470992774433553,0.5661301609517145,0.32977606717984603,2.2272261013665178,1.1509605538281735,-0.09607186609700001,-0.09421140581401269,-0.0018604602829873362,-0.28973995990858503,0.1370008191132854,-0.0014330208872680994,-0.0037214011499574484,0.0022883802626893143,-0.07440392379748018,0.7385813980735189
early,LR,l2,0,11,10,next5,-0.308897704129983,-0.3151552223330112,-0.003229549040631594,0.00448175684765836,0.005005280860210141,-0.6167968209232836,-0.6228304189904169,0.008164963131657576,0.001144898074259793,-0.003276318283293817,-0.15795481551486631,-0.16432210718032944,-0.008815536423635535,0.006117601430140883,0.009065209677453704,0.5550977469974577,0.32567721574471814,2.1971867895286037,1.4728591445146315,-0.10687987138888004,-0.10502912919873497,-0.0018507421901449578,-0.30889770412998296,0.13292746830068058,-0.00022511411976657014,-0.0011600961820840139,0.0009349820623174299,-0.0983356991703396,0.7048190376521917
early,LR,l2,0,12,11,last9,-0.14674607724935604,-0.1515663413073386,0.0009544091838445024,0.0034509748469349756,0.0004148702906572056,-0.3482661896837696,-0.33024240451218784,-0.00905019607850524,-0.00024378470418240557,-0.0087298265744,-0.04666344906284088,-0.06282894540408256,0.005923080432231586,0.005285934355075412,0.0049564780000206045,0.5027296686746988,0.3445030120481928,2.296893695455868,1.129081579212835,-0.045459726977539916,-0.04447252277718455,-0.000987204200355335,-0.14674607724935607,0.12996719240206323,0.008268964321328315,0.008359335271966667,-9.03709506383174e-05,-0.05916196432140043,0.6803824315039089
early,LR,l2,0,13,12,last9,-0.13913402631597782,-0.14544461917463966,0.003492031853477103,0.003450120790146638,-0.0006315724668772234,-0.2707832918759182,-0.2624095133935089,-0.003883772862919459,0.00026189265869213415,-0.004751932047404968,-0.07060384317465464,-0.0845584031533656,0.007331515848161087,0.0051097567692430556,0.0015132856564148368,0.5456108510841532,0.3580093609704843,2.260514503197212,1.7551284251352934,-0.04195319241700063,-0.041516886743789755,-0.0004363056732108808,-0.13913402631597788,0.1498981995609852,-0.0021033242556201676,-0.0031475039896374513,0.0010441797340172351,-0.07243682347508833,0.6836946852915329
early,LR,l2,0,14,13,last9,-0.2910867482710777,-0.28722420643281316,-0.020925581623595306,0.00397288944858415,0.013090123392740148,-0.5895778655881532,-0.6061605768388988,0.0010229557766101053,0.0006713291710650626,0.014888370684692115,-0.13085697452577288,-0.11601943850321672,-0.032707537526623094,0.005745164151524219,0.012124825800914325,0.5797625672416992,0.34529771841958823,2.333025533145614,1.371535620140311,-0.0886135619928977,-0.08677671291494368,-0.0018368490779539573,-0.29108674827107783,0.146942261668089,-0.009528335117148123,-0.00934901716217676,-0.0001793179549713364,-0.13209844268554782,0.711349572869885
early,LR,l2,0,15,14,last9,-0.3848305694423332,-0.3684640360932573,-0.02818617671193158,0.00464010116086515,0.007179511924293114,-0.690045111127978,-0.7036529788447509,0.00017692062969974442,0.0011366408681124892,0.012294236039957622,-0.24134196315930384,-0.21088375184051647,-0.04152034252508029,0.0062871610676397596,0.004774958619507313,0.586852416195037,0.32424902046147147,2.540384160973907,1.4074934944824196,-0.1410400703470343,-0.13884408936183648,-0.0021959809851978193,-0.38483056944233307,0.16808745942466014,-0.014953043013471237,-0.014427448758384614,-0.0005255942550866158,-0.14110872021254742,0.6914636252018105
early,LR,l2,0,16,15,last9,-0.3529583137166395,-0.33895621412835536,-0.027063841688974643,0.003932997144458148,0.009128711392540378,-0.7223270834519786,-0.6872392038330036,-0.0364873654252474,0.0005934119983429599,0.0008060084658747096,-0.18227108338203288,-0.17801283245605493,-0.022709182339486777,0.005476236816467856,0.012974675718295818,0.5891333632689717,0.3167489896722048,2.2548963371546717,1.6426501225466958,-0.11835118002508993,-0.11619602092734299,-0.002155159097746946,-0.35295831371663955,0.14407141057618333,0.020549565281888116,0.02005268877668462,0.0004968765052035459,-0.07995834727236231,0.7219794229004484
early,LR,l2,0,17,16,last9,-0.21329367405022992,-0.20816447335970398,-0.01919530689171685,0.004067373136469344,0.009998707475936909,-0.45746681140010426,-0.4819552599185762,0.01843470174169489,0.00020009688361624417,0.0058535951443820155,-0.10609905894609736,-0.08796739393166621,-0.035715282576199464,0.005765148714590913,0.011818456059941619,0.5756484814917382,0.3504107818702114,2.0941120383284,1.5573235358083801,-0.06633680379292714,-0.06516322222288953,-0.001173581570037642,-0.21329367405022992,0.12738045357055122,0.02154482346625418,0.022754757825757838,-0.0012099343595036796,-0.08400553688341661,0.701196844379447
early,LR,l2,0,18,17,last9,-0.20171368292410793,-0.20493093727149167,-0.005800479363963951,0.0037341780269534,0.005283532685925145,-0.47900374522117395,-0.4713183370998548,-0.008460056541336306,0.000316236672884142,0.00045836675414604974,-0.06095801071365706,-0.06970958378834463,-0.004450446945580448,0.005469164953215876,0.007732843233257082,0.5034147254186547,0.32126485171671815,2.5781638822733117,1.4847666439984053,-0.06903980754500792,-0.06784278386733919,-0.0011970236776687668,-0.20171368292410796,0.1581045708130187,0.002968491827844616,0.0019711997376663654,0.0009972920901782367,-0.07447631069443263,0.7340745299430724
early,LR,l2,0,19,18,last9,-0.13675828125583855,-0.1202407047724681,-0.006959614308103173,0.00365560918096654,-0.013213584963915549,-0.1869133321512711,-0.17820103919699784,-0.0030767591311825775,-0.000246613877059482,-0.005388949735660278,-0.11156302094686538,-0.09112448043714091,-0.008910156580077369,0.005615880858003087,-0.01714427026637242,0.546534079938212,0.33008302761150804,2.1485246461219707,1.3623293787565645,-0.05862126855092224,-0.057594431214091454,-0.001026837336830795,-0.13675828125583855,0.13460044615762673,-0.0017514078798372135,-0.0030893198859662657,0.0013379120061290453,-0.06575458074146186,0.7057535801324923
early,LR,l2,0,20,19,last9,-0.24681365478329795,-0.262381596700495,0.009778219866960793,0.004282485241646908,0.0015072119759888434,-0.5793227470045688,-0.5905293184359871,0.010218817122347696,0.0004984146585644081,0.0004892888400145835,-0.07495391599997472,-0.09277606392223486,0.009550493976178078,0.006238309600017984,0.0020333329403251278,0.530142326171698,0.30477744538119844,1.9095040404433516,0.994019668778159,-0.09044911623084055,-0.08881492940180771,-0.0016341868290328451,-0.2468136547832979,0.11109231466161702,0.012726086617556767,0.01255550966358733,0.0001705769539694299,-0.056269889604177364,0.6780866752419191
early,LR,l2,1,2,1,first5,-0.1946003542821247,-0.24626321293511627,0.051135962390891194,0.001556918382514904,-0.0010300586940335589,-0.23064012214624302,-0.2614188576367651,0.030491037980805862,0.0006682909737853778,-0.00038063951279444867,-0.09733307730858543,-0.20535983374394495,0.10685428966382635,0.003955223738339037,-0.0027827679681796903,0.6408150851581509,0.2521289537712895,6.034574413038807,3.54996006244126,-0.07831120574781511,-0.0766007791301685,-0.0017104266176465911,-0.1946003542821247,0.3125654134453863,-0.06577049997509934,-0.06792183373871272,0.0021513337636133653,0.024176004825271213,0.8471449372775806
early,LR,l2,1,3,2,first5,-0.268315997069811,-0.2763693467654135,0.015414969069001826,0.0025622884865763155,-0.009923945836206219,-0.42234187908580156,-0.4112698135906358,0.004007672274565871,0.001043606850377011,-0.01612340195034598,-0.016342849060126233,-0.05568373958675496,0.03407632939334268,0.005046721542170894,0.0002178332763815636,0.6310889218728917,0.2778302523276211,3.4649421647604055,2.6301574637821594,-0.11991400583504835,-0.11769759900667374,-0.002216406828374602,-0.268315997069811,0.22936829555044197,-0.10679158379151502,-0.10737471946226448,0.0005831356707494684,-0.07926732322495487,0.8079221047440733
early,LR,l2,1,4,3,first5,-0.4328790834685981,-0.45261642551676834,0.024854862638559818,0.003986716050378447,-0.009104292080263771,-0.6539390236551531,-0.6822490730582869,0.030690120432416666,0.001999439076363569,-0.004379585567151943,-0.15405964296653832,-0.16298436348644024,0.017494943370078064,0.006493237374639414,-0.015063490410863871,0.6596314218058272,0.2935241429012663,3.3721003921676287,2.766384366305379,-0.16680371531174149,-0.16361090659925806,-0.003192808712483383,-0.43287908346859816,0.2080000028045021,-0.08896117790042858,-0.08870411675344306,-0.0002570611469855065,-0.14789666514625815,0.8223898349788815
early,LR,l2,1,5,4,first5,-0.3188545269663318,-0.37217740839305924,0.04931112265643378,0.004167759222463895,-0.00015604350563061794,-0.47339007159917995,-0.49663589392393753,0.027392651296208697,0.0013618625397847242,-0.005508760351835942,-0.197779792750015,-0.2746672977423517,0.06648369677633705,0.006366109096604203,0.0040376762695139455,0.6126526082130965,0.3132630410654828,3.1068294082434,2.199098758355798,-0.12576044645028314,-0.12326758110661766,-0.0024928653436654714,-0.3188545269663317,0.1871199439802948,0.01150720497647059,0.009041575527618324,0.0024656294488522718,0.041742357364225095,0.7550423187226083
early,LR,l2,1,6,5,first5,-0.3402806457939409,-0.3448505094283387,0.0034755038436577895,0.004033309917228428,-0.0029389947512027813,-0.6036387368203648,-0.6079101143813775,0.00742881418786157,0.0014958100033895373,-0.004653324678219956,-0.14097286183570581,-0.14576861789511672,0.00048366288319392933,0.005953674249496841,-0.0016416004034711454,0.6175763182238668,0.30481036077705825,2.576039163173516,1.7245280760574255,-0.12878570109764584,-0.12605050086551817,-0.002735200232127682,-0.34028064579394096,0.1580060527425931,-0.061670465840454394,-0.06302411872022477,0.0013536528797703784,-0.12082175315987846,0.7392572401822729
early,LR,l2,1,7,6,next5,-0.2969744468015237,-0.29759271603287424,-0.0026063166163503436,0.00429916730641443,-0.0010746164282271233,-0.5983447073528665,-0.6008188353540452,0.006904128392427547,0.0010138058961602556,-0.005443876393342404,-0.1386349698218446,-0.13827817367539313,-0.007603089973412712,0.006025291199452783,0.0012209861186165537,0.5847800665647207,0.32472789421606546,2.580140130098444,1.3371319076051125,-0.11086160906538678,-0.10869460603898003,-0.0021670030264067455,-0.29697444680152374,0.1549859901582537,0.010773638079595416,0.009632860010720334,0.0011407780688750778,-0.03353079600225267,0.7375999748378805
early,LR,l2,1,8,7,next5,-0.1091037980605452,-0.08710301337876071,-0.026190535388094682,0.00344772852497768,0.0007420044011104093,-0.23179360304965227,-0.2150358578884297,-0.0188868233674971,0.00021586912397854018,0.001913172177320047,-0.03784757151294902,-0.012801715466772568,-0.030432411544180433,0.0053247394605482395,6.180936457703342e-05,0.5866600790513834,0.3433794466403162,2.661949867524468,1.834918169613152,-0.034153719910330525,-0.03417391799682544,2.0198086494931794e-05,-0.1091037980605452,0.15996826421228566,-0.0010941052906747045,-0.003127200136721589,0.002033094846046881,-0.038540125375190665,0.7073103784554763
early,LR,l2,1,9,8,next5,-0.24734161063856938,-0.24420720733944395,-0.017239211628945733,0.004199231893872703,0.009905539424332404,-0.4982623908399735,-0.5045032718547715,-0.0021477115150368166,0.0011085212131588724,0.007280003082427219,-0.11663382779601286,-0.1086157212611174,-0.025100563399308922,0.005809221868236941,0.011273214248822935,0.6106772029771202,0.3268400257281999,2.437971096895877,2.02356378640502,-0.07784915496041234,-0.07652508057565596,-0.001324074384756388,-0.24734161063856935,0.13791888620969373,0.03156404027073861,0.028034239265823095,0.0035298010049154976,0.004041675379142087,0.7151542993783736
early,LR,l2,1,10,9,next5,-0.20616125720668044,-0.22374660942818125,0.0056018165859338,0.003824032278159665,0.00815947220057963,-0.40200612807872865,-0.43515113894787627,0.0105002794761299,0.0006418263700075774,0.02200285434145789,-0.08445672855854397,-0.09237279042178502,0.0025577485207497063,0.005801561066064417,-0.00044326674708651943,0.568782816229117,0.31551312649164676,2.494016459353448,1.9797737828189113,-0.0730965993220801,-0.07162097259736613,-0.0014756267247139493,-0.20616125720668044,0.1454856611846509,-0.03648246850303995,-0.03835935308491031,0.0018768845818704014,-0.09409546326793439,0.7210032468958708
early,LR,l2,1,11,10,next5,-0.2698722113845949,-0.27849405836382773,0.012973775243938921,0.00403799933674204,-0.00838996239998343,-0.6238564784581441,-0.6315874256147809,0.01085398300400821,0.0007763428376860565,-0.0038994509738343665,-0.07921620216623913,-0.08831788799874567,0.014115495841236694,0.005794728291653249,-0.010808552906665814,0.5289943938332166,0.28836720392431675,2.3398055652147485,1.4052253979968314,-0.1047429193314832,-0.10214823785384339,-0.002594681477639825,-0.26987221138459483,0.14747251035901776,0.004795459228998225,0.003360872024867831,0.0014345872041303664,-0.054454041987216706,0.7496183624672036
early,LR,l2,1,12,11,last9,-0.3183747441346212,-0.31522336270844653,-0.01731330828881103,0.00369175671424115,0.010470141265700988,-0.4705455950423203,-0.46133647685165974,-0.01224719375176278,0.0007423998634499234,0.0022956253056071077,-0.2329019297541033,-0.23315311726244164,-0.020158893135531892,0.005348380365524372,0.015061683477234574,0.6118061347419146,0.3625243258270781,2.6353602545158683,1.8649758888691492,-0.10623591485277581,-0.10407162019594403,-0.0021642946568317736,-0.31837474413462113,0.16356881750115804,-0.015752020038892603,-0.015449281673175358,-0.00030273836571723806,-0.1381110289845317,0.7037782225205459
early,LR,l2,1,13,12,last9,-0.25649758072501505,-0.2610219403300926,-0.006994437829174431,0.003704406561370602,0.007814362894273615,-0.6327327640803513,-0.6355541717281125,-0.00207577728429003,0.0006808588760373929,0.004216263529225564,-0.059422008491267546,-0.06483839055017752,-0.00957087906697102,0.005288169634640378,0.009699081609298785,0.5597895118853202,0.3212665577935039,2.406752832392724,1.402905352138194,-0.08832794134893306,-0.08745806914211098,-0.0008698722068220324,-0.25649758072501505,0.1465799120665514,-0.03188177652114488,-0.03363824572104447,0.0017564691998995866,-0.11769282767354868,0.7647675018386275
early,LR,l2,1,14,13,last9,-0.27309516507317716,-0.2734263513140401,-0.01425143571721974,0.003473560125288848,0.011109041704748322,-0.4430481020259283,-0.43418754631020906,0.0036798219353619092,0.0005455266407058437,-0.01308594644614524,-0.1777233559599185,-0.1832126352294721,-0.024313847774730193,0.005116672951556247,0.02468644632509974,0.5820923480378384,0.3232181324342044,2.7211009129272514,1.7704359356233632,-0.08874860566889285,-0.08690103157271978,-0.0018475740961730464,-0.2730951650731771,0.1563829868240687,-0.0036972657140760534,-0.003715008554358218,1.77428402821575e-05,-0.10678972476251289,0.7129614938641023
early,LR,l2,1,15,14,last9,-0.22319513051648154,-0.25830835949180697,0.03272873809362495,0.0037622657122245514,-0.0013778049744448343,-0.5526601910116454,-0.5693191980348105,0.019954982108245745,0.0006552789629945702,-0.0039513261758172095,-0.0738055880834258,-0.11728652612400962,0.03852075002636012,0.005171068600504862,-0.0002108916934523874,0.513491113362188,0.32148448291739573,2.376931243167184,1.4163879258844012,-0.07592804113541575,-0.0742162214428427,-0.0017118196925730508,-0.2231951305164815,0.13615650138528218,-0.0078071256675880385,-0.007192728336505277,-0.0006143973310827333,-0.08834304786992388,0.7161869558962434
early,LR,l2,1,16,15,last9,-0.22243905675301906,-0.25668873182423313,0.02714151520380221,0.003653645602164048,0.0034544950520312397,-0.42845641689927005,-0.4195998552870754,-0.00565796217544405,0.00025869727233792164,-0.0034573540068431443,-0.12476572391311713,-0.17945217091493582,0.042691827414208676,0.005263198884265991,0.006731419546099833,0.5233438788227399,0.3506854568114275,2.405349965638831,0.9855276541226824,-0.08511869837670351,-0.08370133157843493,-0.001417366798268628,-0.22243905675301912,0.1396168136876188,0.0016243677758972924,7.465241457221827e-05,0.0015497153613250741,-0.07548963386651193,0.7038782018406414
early,LR,l2,1,17,16,last9,-0.3233178878379174,-0.33266715033364663,0.007086769277732251,0.004527712104732136,-0.0022652519950250097,-0.7340609741678358,-0.7339844628907688,0.008192947294536568,0.0006362621394926721,-0.008905792523185779,-0.15420969976362767,-0.16743967401559906,0.006631341623962478,0.006129871884178361,0.0004687435703906884,0.5634195839675292,0.32986639607644175,2.056131693961277,1.0049809081392655,-0.10954041697491634,-0.10702809991430698,-0.002512317060609351,-0.32331788783791743,0.11185583187840197,0.01842472483169351,0.019335655029263044,-0.0009109301975695414,-0.06121035165610028,0.6922153263833677
early,LR,l2,1,18,17,last9,-0.27410430615728903,-0.2855198163807075,0.00239906352354957,0.003430406770236151,0.005586016279021559,-0.5621697816821691,-0.5853516113746535,0.0171666033771307,0.0006161275262976288,0.005399044777325046,-0.14461266864004638,-0.1507389647609273,-0.004239263802059434,0.004695485923037686,0.005670063997269033,0.5506196377502384,0.31039084842707343,2.5291007071479266,1.4989457458322746,-0.10145592410234262,-0.09965455957514227,-0.0018013645272003526,-0.27410430615728903,0.1542759381731726,-0.024481304654309533,-0.02383051835173322,-0.0006507863025763116,-0.10905232843937011,0.7230997219979161
early,LR,l2,1,19,18,last9,-0.27057652928929943,-0.25853247849140065,-0.02415615039243375,0.003949002976074695,0.008163079075904857,-0.4706437752955539,-0.4738980914187117,-0.005886774683874202,0.0003512554283309072,0.008789796489001744,-0.16938376131048752,-0.1496018917281545,-0.03339668693251397,0.005768721296352844,0.007846089308525282,0.5257402748209793,0.299496806657635,2.592452718696113,1.4274569767161764,-0.0887635754582518,-0.08730085923572936,-0.0014627162225224269,-0.2705765292892995,0.17020474651089834,-0.00696588828351738,-0.008099161674395838,0.0011332733908784587,-0.12473318421699582,0.7415312759545536
early,LR,l2,1,20,19,last9,-0.2896360802086229,-0.3034505697573438,0.020649390378668423,0.004283609167946881,-0.011118536851822373,-0.6713090427645739,-0.6934254698930999,0.030632633685751358,0.0002154131486016053,-0.008731681852743322,-0.11483623236321007,-0.12484857303543234,0.016077231535150605,0.006146775058516407,-0.012211676611773066,0.5857956568173728,0.34282662869348524,2.0617023340924803,1.3568109611905101,-0.11793714468031717,-0.11576135572990928,-0.0021757889504078753,-0.2896360802086228,0.11299933852960024,-0.02839705315989703,-0.028907093462512412,0.0005100403026153805,-0.13706493643387485,0.7305835029866539
early,LR,l2,2,2,1,first5,-0.1913422441761774,-0.2410370344295235,0.047975754425966396,0.0030791624068076924,-0.0013601654419184933,-0.21248020359705713,-0.2575690532865801,0.04355525855996403,0.0011161061334949542,0.00041744168374447646,-0.13094147668158637,-0.1937975347541236,0.06060712236914968,0.008688507338468375,-0.006439597782385572,0.659038278163738,0.2469690777823185,6.911451030475398,9.156766711406165,-0.07769621968571824,-0.07638078168773588,-0.0013154379979823713,-0.1913422441761774,0.3125882542004869,-0.04925290730034945,-0.05169516375094432,0.002442256450594869,0.05534883253949202,0.8747435950338963
early,LR,l2,2,3,2,first5,-0.1842466458767577,-0.2170162838377257,0.031103418801586322,0.0034660154126307267,-0.0017998373590440314,-0.26551931720009925,-0.2770208280320944,-0.003418837703277485,0.0011554942506482653,0.013764800833822349,-0.05464612144906861,-0.121330732114004,0.08615393547105116,0.0071504612345585725,-0.026619807460646756,0.5866173581416849,0.28695250202241995,3.9937836827651245,3.3587974194907346,-0.07154073416851987,-0.070157954354799,-0.0013827798137208448,-0.1842466458767577,0.22792178908481392,-0.01242769698750984,-0.015453038560157256,0.0030253415726474477,0.06665125786595955,0.8232778600764382
early,LR,l2,2,4,3,first5,-0.20518103187186706,-0.21888124129322922,0.011193664247153805,0.0024121866134372357,9.433205855039098e-05,-0.24129413820885265,-0.2504540367490049,0.008038797564919991,-0.0002655796374702604,0.001386646118050298,-0.15305365694257136,-0.1733075669897362,0.015747548835816767,0.006277401752549011,-0.0017710555067657406,0.602274116640176,0.34148428903288913,3.1587540704353287,1.7107306315058952,-0.1014464311468939,-0.10007718194827908,-0.0013692491986148532,-0.20518103187186712,0.2147037900540677,-0.10935770827532187,-0.11020227063983122,0.0008445623645093291,-0.10839967206794371,0.8259774282606758
early,LR,l2,2,5,4,first5,-0.315017010662775,-0.3414587880408475,0.01387986794903645,0.004489134073249339,0.008072723935521213,-0.4627398922451823,-0.4813260736585288,0.004265279222287625,0.001011946570328966,0.013308879329027754,-0.16413309620036193,-0.19859856670502563,0.02370019346325805,0.008040727815128332,0.0027245232096572763,0.5955162019593067,0.30840241145440844,3.370666878587357,2.4096648577769413,-0.1119324509621259,-0.10979007197507994,-0.002142378987045959,-0.315017010662775,0.22168187247102875,-0.04616128854370326,-0.04714684194627334,0.000985553402570078,-0.06895642395123122,0.8024938679710676
early,LR,l2,2,6,5,first5,-0.3405134236397359,-0.3613229143352732,0.010873245632012586,0.0037640348129518177,0.006172169768952961,-0.4429671550945222,-0.4669572493006547,0.012688993070618158,0.00047766917258979473,0.010823375732597994,-0.2533546103453783,-0.2714583174290649,0.00932856404995649,0.006559791738522761,0.0022153242112307177,0.6213210622183875,0.29115137570702715,3.126389174609249,2.3585163552680473,-0.1195761069396109,-0.11723134099241053,-0.0023447659472003585,-0.3405134236397358,0.18789466163353996,-0.019896290618417092,-0.020823059024769566,0.0009267684063524913,-0.11054078234624415,0.7926133425211077
early,LR,l2,2,7,6,next5,-0.3488924577984861,-0.3388563589224438,-0.018732230002197623,0.003829301287757099,0.004866790273278301,-0.6905537018027327,-0.6898368978411347,-0.0059088536673873124,0.0005826812464829615,0.004609289904139362,-0.12915910318214774,-0.1131294654715272,-0.026979356502505665,0.0059173072449821874,0.00503239705753839,0.5666510538641686,0.29892271662763464,2.2232313963715766,1.0032077848635712,-0.1294435016980762,-0.12689431057613293,-0.002549191121943295,-0.34889245779848604,0.14407986501182932,-0.009388614712171854,-0.010890816476550567,0.0015022017643786974,-0.041716383711143085,0.7339151857541314
early,LR,l2,2,8,7,next5,-0.5030207024129019,-0.508913231365969,0.0020390634299888768,0.0038201152172283983,3.330673982426001e-05,-0.6836961986498712,-0.7076711923450374,0.021146357600405993,0.0008024600483888222,0.0020261123481315024,-0.3778715025597884,-0.371238780214374,-0.01119606046113052,0.005910366179193711,-0.0013470576844435702,0.7171569050288967,0.3605624083498663,2.4108572223275595,1.86893644865226,-0.188163423010621,-0.1844829157155545,-0.0036805072950664916,-0.5030207024129019,0.15330876857594994,-0.05173545920012105,-0.05292326111592405,0.0011878019158029947,-0.15796584480928688,0.7638797718933849
early,LR,l2,2,9,8,next5,-0.4486806647551019,-0.4437448014187257,-0.0032304584841591475,0.0039401797881042965,-0.005645615540643969,-0.7324287690794082,-0.7399484743231174,0.005478575817153781,0.0006868494063371931,0.0013542134729437397,-0.28963989552242914,-0.277722687895051,-0.008111870882852975,0.005763670971301403,-0.009569018636037997,0.623558852444365,0.3242470283313969,2.574994191664867,1.7079765075599456,-0.1694858849998892,-0.16568941202960938,-0.0037964729702798655,-0.448680664755102,0.17237759079037335,-0.048830811054051085,-0.04906760709984334,0.00023679604579228755,-0.17636628084486655,0.7467653769580704
early,LR,l2,2,10,9,next5,-0.2555793923189719,-0.2604486278565005,-0.0062785503652843236,0.004329914011666426,0.006817853303109338,-0.3924056440034572,-0.40057994464810676,0.0038908480377163115,0.00024847618283991283,0.004034936931043109,-0.18648859023532438,-0.1896889238159666,-0.011413616799696828,0.006390847566277129,0.008223094782070148,0.5611170592433976,0.34064953604568166,2.639906302580528,1.411272078349585,-0.0908773493446988,-0.08961903436403917,-0.0012583149806596333,-0.2555793923189719,0.16623554931216353,0.0007737754393695728,-0.00024267102235689397,0.001016446461726446,-0.082576659709307,0.7217542670425764
early,LR,l2,2,11,10,next5,-0.22400089763607783,-0.20885596283880845,-0.01601084624278546,0.004512668103872963,-0.0036467847363919562,-0.48653881006072036,-0.49130082563793387,-0.0029436191608418166,0.00022971282968696388,0.0074758567809086,-0.11890100364052249,-0.09578686411083762,-0.0212419542699826,0.0062272324543983714,-0.008099430960408813,0.5299821383005869,0.3344390575827167,2.162168289506697,1.1689291920205087,-0.08002494168143753,-0.07847923118267938,-0.0015457104987581273,-0.2240008976360778,0.12362298830889834,0.04792178879187817,0.043841575099664284,0.004080213692213876,0.011692782614121378,0.7285618777405062
early,LR,l2,2,12,11,last9,-0.30398101937019,-0.28660524150854944,-0.024650536494934757,0.00434974205527095,0.0029249896750534908,-0.5825072194347884,-0.5597104864464797,-0.02801579672854556,0.0007488377197648071,0.004470168150230378,-0.15846495231294966,-0.143921353504998,-0.022892355635447937,0.00623103522133824,0.002117710882045525,0.580262336039975,0.33354153653966273,2.3067266924355105,1.5306621821813913,-0.10599791255183277,-0.10408668324919175,-0.0019112293026410064,-0.30398101937019006,0.1367383776821076,-0.016971768031719417,-0.019024809685427038,0.0020530416537076247,-0.11160936794942858,0.6895123257236299
early,LR,l2,2,13,12,last9,-0.26564510640584227,-0.302026777590561,0.01224534354141035,0.004488641847764332,0.01964766228346708,-0.5098242294520914,-0.5202355232009195,-0.006211153465129678,0.0004446373479149538,0.01617777063985371,-0.1382504584252841,-0.18818155615430615,0.021874581740685264,0.00659850498128261,0.021457995693441197,0.5227691497762569,0.30981837325612005,2.39146256079178,1.1672635742465078,-0.08345456157915869,-0.08162764100928435,-0.0018269205698743483,-0.26564510640584227,0.14164943551643605,0.00620139083472411,0.0035055362281515845,0.002695854606572533,-0.049728008836308984,0.7600441662572002
early,LR,l2,2,14,13,last9,-0.34520724637008393,-0.3790936363622069,0.01791513902813131,0.004941247712371974,0.011029961680796212,-0.5353465016734026,-0.5688350054952063,0.02287885805686768,0.0008572789751133556,0.009752302144333085,-0.23894137831662743,-0.2730501406916021,0.01514099378116124,0.007223714225011091,0.0117440256940503,0.5998246383165279,0.31775537045155633,2.3649582122318025,1.478958136443698,-0.11190818529269395,-0.10956381578186497,-0.002344369510828982,-0.3452072463700838,0.1444583596083198,0.0020502928195462594,0.0017688733492802755,0.00028141947026597697,-0.11561530843719778,0.6990856716052817
early,LR,l2,2,15,14,last9,-0.3454873658789625,-0.3626278087284417,0.009313689285955194,0.0043982934352533205,0.0034284219253746255,-0.738067094756174,-0.7379468159068479,0.0032115498528662045,0.0013916193531127862,-0.004723528848911808,-0.1525539100285902,-0.1781771410682449,0.012312588012269508,0.005875924547135197,0.007434701208575028,0.5687647807895215,0.3263598326359833,2.380859200617003,1.1487290314008078,-0.1345720954988866,-0.13245991117627284,-0.002112184322613758,-0.34548736587896256,0.1497296516770323,-0.026992835573940735,-0.026675983478811283,-0.0003168520951294315,-0.16615813319814762,0.7666021154834507
early,LR,l2,2,16,15,last9,-0.2404114592008674,-0.25428895480474023,0.004866710371820359,0.004576850088053209,0.004433914679269806,-0.48003183323500537,-0.48247707414648,0.006110095783084961,0.00023086903192230277,-0.0038957579546507596,-0.1380509788643332,-0.15681207873750228,0.004335563851189548,0.0064333562813690594,0.007992165079683259,0.5787559112404511,0.31875227355401964,1.9590732189795514,1.1762561689205486,-0.08374314621110046,-0.08228462973934314,-0.0014585164717573207,-0.2404114592008674,0.11513493533720061,0.01933939445157004,0.01760399025592771,0.0017354041956423316,-0.037095511628195216,0.6932103945769924
early,LR,l2,2,17,16,last9,-0.19462777530171088,-0.20682875713208138,0.007447845100078433,0.004070093909201051,0.0006830194677331894,-0.4266184925328029,-0.43844836495543904,0.015503728494807335,0.0005184056749966063,-0.004192315370371395,-0.07792413126483935,-0.09031180082451161,0.003395308173937212,0.005856781602405824,0.0031355716573104584,0.5027306967984934,0.33465160075329564,2.111990979099468,1.4276443639450276,-0.06430601390539673,-0.06319780995817278,-0.001108203947223961,-0.19462777530171085,0.13101778605974715,0.04078730829134297,0.03932098186285296,0.0014663264284899905,-0.042432919721304946,0.7467923367762392
early,LR,l2,2,18,17,last9,-0.2383657596173174,-0.23862648607783704,0.009732742435949989,0.0036461752545482585,-0.013118201782304132,-0.4300452037808173,-0.4099873677500888,-0.007759055812746214,-4.046431246082844e-05,-0.012258343268075603,-0.13868197778636324,-0.1495094666836966,0.01882943304909048,0.0055634292193167826,-0.013565375181162345,0.5628517823639775,0.37019847931272837,2.0599274645929677,1.054650783107,-0.09173665338363785,-0.09005900187614896,-0.0016776515074889212,-0.2383657596173174,0.12905290634272398,-0.023654248889367097,-0.02551532713653311,0.001861078247166005,-0.1483061387376865,0.7487562873429133
early,LR,l2,2,19,18,last9,-0.20247588770823668,-0.1693055459453303,-0.014014417819035445,0.0035244397976536197,-0.022680379325295697,-0.2870305693028773,-0.25859315306486036,-0.0077710754728092905,-0.0003400592711176406,-0.020326314114960817,-0.16438687691369924,-0.12908451303199997,-0.016826831390166146,0.005265265308079744,-0.023740805708749473,0.5692800310498739,0.34649718610518143,2.650271343365465,1.5293962618101837,-0.08199339302625974,-0.08082679247081624,-0.001166600555443438,-0.2024758877082367,0.17396598194433024,-0.0025055880325149105,-0.002269309909030709,-0.00023627812348422927,-0.0408707707772505,0.7454782093280198
early,LR,l2,2,20,19,last9,-0.26879559175588474,-0.2930928090751651,0.01829809895850036,0.0034667689125310597,0.0025323292572841495,-0.3685994099480179,-0.384489368784786,0.016822369840163703,0.00019136684022381787,-0.0011238126702414685,-0.21224559159426906,-0.24130645901388484,0.019134264181355703,0.005322649690175802,0.004603941649852519,0.6140636991557943,0.37135456638526476,2.4466074656037424,1.6059362358753586,-0.09357870166684087,-0.0928747382518421,-0.0007039634149987248,-0.2687955917558847,0.15170010607876752,-0.016304823693813197,-0.015223304851847572,-0.0010815188419655841,-0.15320972801939178,0.7363035434558426
late,SNA,none,0,101,1,first5,-0.06605842888444942,-0.3393222434832849,0.2749206490219269,0.0,-0.001656815775713447,-0.5543084994630355,-0.6743007497071674,0.12609068420480068,0.0,-0.006098471667877459,0.15012984735759205,-0.19099983617086447,0.34081985823013,0.0,0.00030986889849325135,0.45379434216434666,0.39227660529860797,1.0238080323263496,0.8599860424688157,-0.009707352486782339,-0.009740022087405431,3.266960062320301e-05,-0.06605842888444946,0.05959401183772295,0.025258348799262365,0.02251809400216276,0.002740254797099634,0.05598218211304595,1.0145373424889508
late,SNA,none,0,102,2,first5,-0.11482174970940169,-0.30819364720947606,0.18721743513680766,0.0,0.006154448357719353,-0.3647043158353822,-0.524992649099144,0.15192540492716913,0.0,0.008362902596843833,0.008504965855647839,-0.2011949507603849,0.20463541766698112,0.0,0.00506449073478691,0.4523831222090586,0.40499407636927004,1.0284881709123814,0.991323308804417,-0.02295351739340734,-0.02206019169251705,-0.0008933257008902767,-0.11482174970940173,0.07069991204871329,-0.007441897868929903,-0.008365807435993577,0.0009239095670636743,-0.022526685071544206,0.9772989980660465
late,SNA,none,0,103,3,first5,-0.2406426416790885,-0.442280382265413,0.21399153545283703,0.0,-0.012353829323671794,-0.6276981304084063,-0.6853321240384247,0.07036718890494552,0.0,-0.01273327528790099,-0.05988514444980712,-0.3287735962375536,0.28106506413064225,0.0,-0.012176625525185458,0.5040471581910962,0.4027802217138835,1.037358928362634,0.8248065142811237,-0.09905424980166111,-0.0973086706020283,-0.001745579199632627,-0.24064264167908855,0.09528873103512625,-0.03005021786289508,-0.031085202304543924,0.0010349844416486925,0.021057299830244736,0.980553515786998
late,SNA,none,0,104,4,first5,-0.13327773892081807,-0.2915950816643465,0.13702425362847437,0.0,0.02129305697544392,-0.43112439036987976,-0.4876693160610526,0.04813262984511522,0.0,0.008412236042880866,0.008527012334149453,-0.19824416467111552,0.17934554392307145,0.0,0.027425614113204006,0.46009930838801205,0.38278063486433767,1.0289887604428054,0.8112535932296694,-0.03600356826466378,-0.03523338467168713,-0.0007701835929765366,-0.13327773892081796,0.07270820195763061,0.04182837452101695,0.04173987995515538,8.849456586176863e-05,0.06816825512419467,0.9176877069934641
late,SNA,none,0,105,5,first5,-0.17214517768392676,-0.4327952811453688,0.255575753429866,0.0,0.005074299555293132,-0.5021078344909663,-0.646838438389821,0.1399865197505507,0.0,0.004744017197929749,-0.006665503967478059,-0.32545043138328256,0.31354494563931407,0.0,0.005239939562134131,0.4424300531683082,0.37444434759871004,1.0438535163633773,0.9142304132111185,-0.06496132758593876,-0.06381050985803582,-0.001150817727902903,-0.17214517768392656,0.11235626964855783,-0.04002873922802541,-0.04017018669389216,0.00014144746586680634,-0.08486819216000441,0.9878784881397729
late,SNA,none,0,106,6,next5,-0.23187783776323134,-0.384920482931695,0.14963675442886465,0.0,0.0034058649037820255,-0.4774916717748248,-0.56145221970717,0.08291501206853984,0.0,0.0010454873738615846,-0.11093591634900556,-0.2979950557783997,0.1824909939045684,0.0,0.004568130844055034,0.5157382847038019,0.41069849690539345,1.0660340196495393,0.9545769567529733,-0.08405128854730348,-0.08348290505523981,-0.0005683834920637287,-0.23187783776323145,0.17033259761787756,-0.0820279106168007,-0.08114620451777477,-0.0008817060990259085,-0.20691124319473808,1.0014963409475368
late,SNA,none,0,107,7,next5,-0.16129845116742939,-0.35523004336188535,0.18807849745467514,0.0,0.005853075559545339,-0.37709597265689426,-0.4721766917581084,0.0917944556259411,0.0,0.0032862324746114756,-0.05818031093772548,-0.2993474697091369,0.23408751210252307,0.0,0.007079633137004717,0.4911009748680798,0.391467668365978,1.052000086380547,1.014076949589243,-0.05780237618288586,-0.05629051165110077,-0.0015118645317852425,-0.16129845116742936,0.13731606293831877,-0.07151966844646229,-0.07278486196902123,0.0012651935225585498,-0.13671486498059493,1.1220628318114234
late,SNA,none,0,108,8,next5,-0.21736939507350328,-0.3472671046520957,0.11834541709343492,0.0,0.01155226814522226,-0.5726032756682935,-0.6568968668846139,0.07420682043803174,0.0,0.010086728091628049,-0.05065026279871719,-0.2019509957285292,0.1390606386311283,0.0,0.012240078569273222,0.4868088811493252,0.38154114061819766,1.0540705732231503,0.8764040299518832,-0.0650829738699843,-0.06390878491464624,-0.0011741889553377322,-0.2173693950735035,0.1316805181754961,0.023517415970042643,0.023311427012146835,0.00020598895789590566,-0.04824978939749913,0.9816631598156005
late,SNA,none,0,109,9,next5,-0.012145507144346283,-0.24884508363974814,0.2439550199025749,0.0,-0.007255458221842548,-0.21408639979107214,-0.3715407097223897,0.1609630426332742,0.0,-0.0035087477683179834,0.06684430620589463,-0.2008523047818602,0.2764175920351924,0.0,-0.008720995763657017,0.43787812362998685,0.397807978956598,1.0417219786600096,1.005086123978048,-0.01646642772171658,-0.01646595916168736,-4.6856002883233216e-07,-0.012145507144346368,0.10675569038750954,0.03418924916427302,0.03260748444016759,0.0015817647241055943,0.1681064822829743,1.0829014404747102
late,SNA,none,0,110,10,next5,-0.1902854016010668,-0.42565146353772887,0.2303549843092531,0.0,0.005011051142468987,-0.5008036716857336,-0.6174252701033189,0.11204345319187911,0.0,0.004578112325498688,-0.040869762803419876,-0.33337346068513934,0.28728430120326426,0.0,0.0052193732804233055,0.4703216246840408,0.3947528981086028,1.0372040464389256,0.847185520757132,-0.06127764337064279,-0.05992450884377165,-0.0013531345268711498,-0.19028540160106677,0.09785186261780421,-0.011781356633290274,-0.013128280544768556,0.0013469239114783649,-0.04249312398814309,0.971137558447579
late,SNA,none,0,111,11,last9,-0.02273537403447653,-0.4645481908251082,0.4351935069728812,0.0,0.006619291250814972,-0.5448090482462563,-0.7374471694057798,0.18666552796883734,0.0,0.005972541873805663,0.190384640065618,-0.35314584085826933,0.5366471695609778,0.0,0.0068833061650999255,0.4046035805626598,0.37706734867860187,0.9819496039681922,0.66897729844293,-0.0007535228538724237,-0.00047922698528779506,-0.0002742958685848784,-0.022735374034476674,-0.05084432751286139,0.038817170637509335,0.03917258121337586,-0.000355410575866702,0.08707683037433811,0.9010687626866236
late,SNA,none,0,112,12,last9,-0.12783925968423937,-0.3822128566020623,0.23728305766979077,0.0,0.017090521963790555,-0.5303245917991285,-0.6910406328418043,0.1490024067592395,0.0,0.011713590974786628,0.052146620057688345,-0.2441093418648181,0.2767609450621939,0.0,0.019495011213826765,0.4537061461355843,0.37052668601072714,1.0392411478464907,0.8190858049323702,-0.030796788622080018,-0.029916843422376216,-0.0008799451997037883,-0.12783925968423926,0.10234086533403941,0.02730589075980472,0.02706425971153892,0.00024163104826585569,0.03948995260356214,1.0246981716340269
late,SNA,none,0,113,13,last9,-0.23783654870919524,-0.42850252639578057,0.19977560387044935,0.0,-0.00910965766560915,-0.6148524997610305,-0.7441007897907788,0.1346694763981226,0.0,-0.005421252902171465,-0.043954099966461484,-0.2662044486744914,0.23325677459353042,0.0,-0.011006439341542383,0.4709927702345265,0.3660730029977076,1.0769019079134345,0.9672801545011156,-0.11626074091611582,-0.11419788043793422,-0.002062860478181397,-0.23783654870919513,0.20302661661405264,-0.09820935259520214,-0.09631216900603046,-0.0018971835891716249,-0.17948325503485796,1.1665325319494837
late,SNA,none,0,114,14,last9,0.06988959743463362,-0.3124429156822399,0.3865309748483589,0.0,-0.004198426672673571,-0.3285146800862375,-0.5210753507812358,0.19407054856290745,0.0,-0.0015098754995167888,0.22970049721846947,-0.22875471488094054,0.46373213867333146,0.0,-0.005276878402084445,0.3938004246284501,0.3837791932059448,0.9981718297336606,0.8012463692727373,0.02035673611883504,0.019889870156463596,0.0004668659623712351,0.06988959743463363,-0.0049593302494739255,0.01809000722646137,0.017213974585653213,0.0008760326408082664,0.16877618304536424,0.9628608845410938
late,SNA,none,0,115,15,last9,-0.31505479191666724,-0.5359564076931191,0.23328925999412456,0.0,-0.01238765722704257,-0.6015676618311874,-0.7577535982656665,0.1618973844538969,0.0,-0.005711449968444557,-0.178499687567375,-0.43024548967379855,0.26731539298073703,0.0,-0.015569609155161352,0.4948775829137003,0.3978989407883313,1.0188034047882033,0.8752047536574987,-0.1203779610682767,-0.11738100235290116,-0.0029969587153755167,-0.3150547919166673,0.05454806353985342,-0.031532670102713656,-0.030627822037602614,-0.0009048480651108609,-0.09289586940724948,1.0054826369753607
late,SNA,none,0,116,16,last9,0.03546798591982609,-0.3012252889901282,0.3459956273549746,0.0,-0.00930232238006076,-0.3337813503843755,-0.5388049177497822,0.2092778393865726,0.0,-0.004254263030585453,0.19586050474309677,-0.19802674174489945,0.40538235665739997,0.0,-0.011495070950269885,0.4470825302260382,0.38566672507447,1.043669544670956,0.9116016416708113,-0.007988656385938153,-0.00784383077909867,-0.00014482560683973245,0.03546798591982592,0.11775996895041096,0.00499195854915202,0.0064447461829042485,-0.0014527876337524503,0.17255193904797184,1.0117310745255343
late,SNA,none,0,117,17,last9,-0.20446929591148152,-0.515060335025945,0.30245420917070354,0.0,0.008136810827181208,-0.8116792207899893,-0.956945466363486,0.13642180247406524,0.0,0.008844384330407599,0.047113303001607654,-0.33197602561648737,0.3712456808991883,0.0,0.007843645031349806,0.45448493925778,0.37335663171908806,1.0297451392399286,0.7891375774942248,-0.06435002066765727,-0.0631757605988561,-0.001174260068801225,-0.20446929591148155,0.07806039895376582,-0.0016873848594187724,-0.0027239776325806986,0.001036592773161829,-0.018340061967883292,1.17132011005587
late,SNA,none,0,118,18,last9,-0.11037347746952085,-0.32275183213536784,0.19969248024569722,0.0,0.012685868133838032,-0.4073662010983308,-0.4802558815556619,0.062343081502853094,0.0,0.010546565589885997,0.032495744224060576,-0.24698404671854726,0.2657648117786303,0.0,0.013714985903751902,0.4712969525159461,0.39271793054571225,1.0429122462939957,0.9176474966705047,-0.038940422021682464,-0.0387912540360269,-0.00014916798565536848,-0.11037347746952098,0.11689655400412491,-0.02149569699895637,-0.021486438728226975,-9.258270729325946e-06,-0.046513867514761165,1.0719480274041695
late,SNA,none,0,119,19,last9,-0.11790268112203918,-0.27827690325565174,0.17035050385692288,0.0,-0.009976276023445998,-0.35190698457022035,-0.44219869630763275,0.10350010231262045,0.0,-0.013208422368017676,-0.02594604386538641,-0.2138605799657721,0.19662069647597566,0.0,-0.008706139942234951,0.46803826940987214,0.37541275082550163,1.0527932517803764,1.0561498042896085,-0.060901629991537254,-0.06002494068915154,-0.0008766893023857969,-0.11790268112203917,0.14570447055102465,-0.06480535068886684,-0.06418012836587028,-0.0006252223229967074,-0.1742894441821332,1.1625153856280734
late,SNA,none,1,101,1,first5,-0.055423241750824956,-0.30803453959218635,0.25481922759260495,0.0,-0.0022079301401873976,-0.3125980227998502,-0.436859637052698,0.1278947184493344,0.0,-0.0036331177830441785,0.02817187341417911,-0.26615971495181306,0.2960762626557385,0.0,-0.0017446703887826049,0.42740103828682674,0.39187216093445815,1.0284500052518166,1.0203486344747819,-0.01968402714170625,-0.019148288405780756,-0.0005357387359254066,-0.055423241750825136,0.08581205927026891,0.07831737243148007,0.07593646654145791,0.0023809058900224047,0.240329254816801,1.0154243305886874
late,SNA,none,1,102,2,first5,-0.0987806112157451,-0.38034588300000644,0.28279307973851603,0.0,-0.0012278084079484074,-0.555799974513098,-0.7051171805109545,0.15349030431480223,0.0,-0.004173115517645837,0.07941438607067568,-0.25371531736899006,0.3332091223970063,0.0,-7.941288126099299e-05,0.4321763916834339,0.3853118712273642,1.0397278914025707,1.0738683457623697,-0.030811617467884744,-0.030073911884724858,-0.0007377055831602787,-0.09878061121574477,0.12459564783119603,-0.009488684819735749,-0.008571598611089248,-0.0009170862086466513,0.016663203568979323,0.9953191799821162
late,SNA,none,1,103,3,first5,-0.030897010612326182,-0.2914505928674316,0.2485656676042316,0.0,0.011987931994153697,-0.3200478100853541,-0.47148512321253405,0.14128435469113776,0.0,0.010152947579859803,0.08401673679144457,-0.21990162056046264,0.29120119797699184,0.0,0.012717187925170743,0.4566772997672213,0.39848262781274246,1.0397541152757492,1.0640269983851143,-0.007953760196360182,-0.008798829264669683,0.0008450690683093846,-0.030897010612326303,0.1224713784674325,0.024789017843000583,0.02387016755281901,0.0009188502901815807,0.052465968116662376,1.0503371751965553
late,SNA,none,1,104,4,first5,0.04161310857175045,-0.2904691230447327,0.3404345559152183,0.0,-0.008352307458175253,-0.27057538188230096,-0.48034708155098677,0.21952453642119804,0.0,-0.009752827665344601,0.15603000701615724,-0.2208789627423979,0.38474800706531687,0.0,-0.007839017624587939,0.3931220498988537,0.37761294672960216,1.0342175249992043,1.0870029132583785,0.00563868900338127,0.005476178852104718,0.0001625101512763641,0.04161310857175038,0.11142586745389726,-0.007458326838582163,-0.007950023522039329,0.0004916966834571206,0.06665670708316385,1.0798109912691904
late,SNA,none,1,105,5,first5,-0.14573842397964504,-0.4252484464729856,0.2830831457550777,0.0,-0.003573120590971316,-0.7783914796564788,-0.9234889312470805,0.15345418405590683,0.0,-0.008356791128345064,0.07772006624303207,-0.24926563014670894,0.3288692078162818,0.0,-0.0018834870921484274,0.4227648938785544,0.35786282061788083,1.0282497493401643,0.994571510682831,-0.057058207323499976,-0.0557864437223925,-0.0012717636011075218,-0.14573842397964532,0.09172933558011076,0.04216825140664393,0.04123311356956649,0.0009351378370774915,0.17065838056965776,0.922117385420762
late,SNA,none,1,106,6,next5,-0.13083259775643408,-0.3414285968372927,0.2093854169831891,0.0,0.0012105751758522965,-0.33149785037625534,-0.5072403613282289,0.17583845084084768,0.0,-9.596421734504476e-05,-0.05257669022599475,-0.27676493464339286,0.2224681418002038,0.0,0.001720102483664967,0.4706282989954027,0.38344968499914867,1.0406868177676734,1.0596370306435223,-0.04847985766714369,-0.04713165730880964,-0.001348200358333997,-0.1308325977564342,0.12795156804681218,0.019415319105142048,0.019781613830823552,-0.00036629472568165504,0.09659048903814349,1.086460546960235
late,SNA,none,1,107,7,next5,-0.08936727345642853,-0.32997013287015575,0.24960079613502834,0.0,-0.008997954885688593,-0.36801145497218946,-0.529296356401962,0.17862880108229864,0.0,-0.017343938872787696,0.020755531255757204,-0.2511945321430722,0.27764959697023933,0.0,-0.005699543414317686,0.451673337307332,0.37162564932300096,1.0562518338198563,1.0894674376489015,-0.031469084136459324,-0.030273787118765716,-0.00119529701769352,-0.08936727345642836,0.18107283033119392,0.000999542227713368,0.0006018625802826083,0.00039767964743077713,0.0008933642880957215,0.9024409217002862
late,SNA,none,1,108,8,next5,-0.21551532819845698,-0.30516073796261667,0.08908830006564562,0.0,0.0005571031087955715,-0.3527029673467987,-0.4403909544747807,0.09307197001808148,0.0,-0.005383988356705489,-0.1623504707507257,-0.25275444809475894,0.0875444930109076,0.0,0.0028594773081631938,0.5059339525283798,0.41142070863433094,1.0578788085586806,1.029835083313498,-0.08145025055109123,-0.07942014193347258,-0.0020301086176186794,-0.21551532819845698,0.18694628871016983,-0.033981232882866585,-0.03384198209787059,-0.00013925078499596628,-0.11161990598668803,1.0479393271706585
late,SNA,none,1,109,9,next5,-0.05554342879155866,-0.34889031328240955,0.29122371919570544,0.0,0.0021231810573645745,-0.43652417233785784,-0.608381198231934,0.1703013216274097,0.0,0.0015556980027604066,0.07796161311264904,-0.2579583119784221,0.3335979074663278,0.0,0.002322041105459498,0.44713821544613847,0.3864867116554195,1.0233077929993701,1.0318952403743498,-0.018345745239085165,-0.017839521698215455,-0.0005062235408695402,-0.055543428791558824,0.07576991719204518,-0.012527391176646807,-0.012934667095488628,0.0004072759188420618,-0.03761022573093675,0.9107164027815768
late,SNA,none,1,110,10,next5,-0.16081865136261747,-0.47606029113137077,0.3178748142472774,0.0,-0.0026331929966914506,-0.7010895372943848,-0.8370757430585919,0.13462353396853335,0.0,0.0013626197118131451,0.11113318812789222,-0.29433882733865985,0.4101165471602912,0.0,-0.004644533316211499,0.4480405878236529,0.3772743177046886,1.0166388078052566,1.0160471255604575,-0.06474707098323007,-0.06375184708749648,-0.0009952238957339436,-0.16081865136261753,0.054411869384692224,-0.04742909044108745,-0.04887371401282081,0.0014446235717332449,-0.0918588201532402,1.059525269520504
late,SNA,none,1,111,11,last9,-0.07682521552341706,-0.2552117556312876,0.1876677166255708,0.0,-0.009281185815124816,-0.32528712337548477,-0.4322334695999341,0.11505479091765687,0.0,-0.008108485389218921,0.016232103503783613,-0.18891118564077544,0.21486369306926342,0.0,-0.009720401462304957,0.45472703062583225,0.3849034620505992,1.0703625892465096,1.1227723802733767,-0.033577590600433416,-0.032969047501063775,-0.0006085430993698539,-0.07682521552341703,0.23877432179124725,-0.04656147629121454,-0.04691133291559435,0.0003498566243797536,-0.10106771574077866,1.1591794751379965
late,SNA,none,1,112,12,last9,-0.06903790484633814,-0.34208854690892204,0.2731315964027237,0.0,-8.093277706610722e-05,-0.3103043981476828,-0.47819571413626133,0.16979326837828307,0.0,-0.0019019293656633983,0.03326918078731322,-0.2843734144744775,0.3169513702543292,0.0,0.000691245951024073,0.4891398783666377,0.39808861859252825,1.0432515889449803,1.1096409817884236,-0.026547312838605786,-0.02609497660095661,-0.0004523362376494325,-0.06903790484633787,0.14309881930963542,0.04052475368599828,0.03861720125186707,0.0019075524341315032,0.04058665042263221,0.9381050026886664
late,SNA,none,1,113,13,last9,-0.0696790670478896,-0.3109263608645196,0.23330414557758658,0.0,0.00794314163836578,-0.4753103029636291,-0.5727866861649772,0.0910616984600687,0.0,0.006414656266872252,0.1069899067286791,-0.19687549187956738,0.2952565420763115,0.0,0.008608859458159998,0.4168551052356932,0.356496782049052,1.0534235627893824,1.0420152337394577,-0.02893565237360085,-0.029382103097867596,0.00044645072426647073,-0.06967906704788929,0.17147012948676466,-0.038263375666030885,-0.03915157206244002,0.0008881963964086029,-0.049709644259617436,1.052231688278308
late,SNA,none,1,114,14,last9,-0.02256461198607979,-0.3901132979681899,0.3730865871291639,0.0,-0.005537911478860036,-0.4947371533948681,-0.6565404678024702,0.17030617007572108,0.0,-0.008502902203693784,0.15868287255599303,-0.2878429410303433,0.45092559148056105,0.0,-0.004399774328903583,0.4248054230479538,0.38337936228973135,1.0192984268066922,1.0657423550367007,0.0008717568084419813,0.0015843439258924619,-0.0007125871174503123,-0.02256461198607984,0.06921456875452225,0.021986571092091678,0.023408289329780674,-0.0014217182376887651,-0.006369349983668338,0.8682348062284055
late,SNA,none,1,115,15,last9,-0.05238377502405271,-0.3809671073455949,0.32163042211684717,0.0,0.006952920346863875,-0.4602390427750579,-0.6886117751036664,0.21897202253273967,0.0,0.009400686524839023,0.11507543800438584,-0.2546528531758692,0.36378041051814625,0.0,0.005947904523232072,0.42365863962822137,0.36383607942543306,1.0338987200146195,1.025329868832497,-0.007071480178148182,-0.007071870341771147,3.901636227970212e-07,-0.05238377502405278,0.11020642112236079,0.008152262662011633,0.007801866563209803,0.0003503960988018671,-0.0632553673038645,1.0862432791151955
late,SNA,none,1,116,16,last9,-0.08995627264037848,-0.3683228105816432,0.28105773484574076,0.0,-0.002691229823679352,-0.41309808204385534,-0.5779794379578392,0.16798029174119128,0.0,-0.0030989866061176784,0.06431818231793991,-0.26822848364644875,0.3350432000358944,0.0,-0.0024965584641225163,0.4371288857841425,0.3878798463150541,1.038583997410102,1.103963649812451,-0.02435484830829293,-0.0238511814405582,-0.0005036668677348647,-0.08995627264037864,0.13403442814155575,0.024234590718723137,0.02212914402453725,0.0021054466941859574,-0.006141388880445575,1.1217821525764529
late,SNA,none,1,117,17,last9,-0.005263424704362736,-0.3147273157331503,0.3022740711456884,0.0,0.007189817245016945,-0.514996477903528,-0.6395234826771263,0.12305955583140979,0.0,0.0014674078847031458,0.2238307309006069,-0.16875109711683953,0.382820148745323,0.0,0.009761693901237697,0.3961288020693961,0.39461243421639464,1.054897032371608,1.105022946052279,0.006257356745851483,0.0064195543953302625,-0.00016219764947891444,-0.005263424704362807,0.1876417270305617,0.04585875084404267,0.045520878897648,0.000337871946394442,0.036595691740122005,1.0130259447539633
late,SNA,none,1,118,18,last9,-0.13364445077040427,-0.2180399858262437,0.0874891107164889,0.0,-0.003093602094959424,-0.3183413016703882,-0.3699441310588573,0.0491774063714257,0.0,0.0024254132993968723,-0.052799384168445644,-0.15154886440969936,0.10425881888594989,0.0,-0.00550937239618446,0.48356068555438964,0.3975166142007695,1.0492608662296665,0.9765090102360463,-0.06302861482650535,-0.06214927078271759,-0.000879344043787568,-0.13364445077040377,0.16511053850705393,-0.028591404960247147,-0.02806271999863763,-0.00052868496160954,-0.0349302021039839,0.949484670717887
late,SNA,none,1,119,19,last9,-0.14354136667730702,-0.43793958977893527,0.29720407441050684,0.0,-0.0028058758652890763,-0.4397750934976561,-0.6645523399552092,0.22515903642986762,0.0,-0.0003818398892588013,-0.004387367777083396,-0.33148962296631207,0.3310467946285336,0.0,-0.0039445520827583475,0.44385264092321347,0.3946737683089214,1.049792049377328,1.0883770945324933,-0.05361129664682518,-0.05285764216311928,-0.0007536544837057606,-0.14354136667730732,0.16628275653930036,-0.020927785594067938,-0.020976570738385325,4.8785144317661094e-05,-0.10112254589735437,1.1631760260373518
late,SNA,none,2,101,1,first5,-0.0066063947987782335,-0.2722573392005463,0.2662913367139037,0.0,-0.0006403983103676636,-0.30399369060865006,-0.37572782774931207,0.07977976316664726,0.0,-0.00804563896372605,0.10337526745287001,-0.23399122465926192,0.3352682337667364,0.0,0.002098254913576819,0.43517188951769575,0.40400371653011236,1.0452283662430004,1.0308340980950057,-0.009480726080661306,-0.009953992340894224,0.00047326626023277626,-0.006606394798778004,0.14381798513640964,-0.027751097850035045,-0.02773509599827184,-1.60018517635762e-05,-0.05265065694800741,0.9828134822979071
late,SNA,none,2,102,2,first5,-0.012573430805334676,-0.25498528489105504,0.24252029576129913,0.0,-0.00010845999979513126,-0.35002773684294114,-0.47690589394608696,0.13510518682598485,0.0,-0.008227080734687134,0.1214855254206686,-0.16682388145754523,0.28519261355109166,0.0,0.003116787988574349,0.3998294970161978,0.3772378516624041,1.0053839457853657,0.9575757298695838,-0.0033513330184105072,-0.0035189040894800794,0.00016757107106968663,-0.012573430805334462,0.01793836526326098,0.039856884502667,0.039022568352381715,0.0008343161502853032,0.09819659218145316,0.7991435270446696
late,SNA,none,2,103,3,first5,-0.13463008210188995,-0.32726894925757805,0.18884526566449236,0.0,0.0037935867702399984,-0.37717514714374994,-0.5169231976960115,0.13889290161279885,0.0,0.0008551195526693089,-0.04247694672482881,-0.25521127359155116,0.20782428288780916,0.0,0.0049100348301298734,0.48507338225483654,0.39301200800533687,1.0473089093233783,1.043270151641046,-0.048165555894922774,-0.04760282168103225,-0.0005627342138905074,-0.13463008210188998,0.15693439764242223,-0.09013224323275626,-0.08870154963801746,-0.0014306935947388418,-0.1405079934471436,0.9440752006494213
late,SNA,none,2,104,4,first5,-0.12515366643358458,-0.4236835836289787,0.29105052112912594,0.0,0.007479372980594684,-0.63005304691366,-0.8286909654522971,0.18537887516245738,0.0,0.013258988079686248,0.03200832379217065,-0.29761536361462076,0.3239433445957778,0.0,0.005680329751727224,0.4458771092008914,0.38506844953836356,1.0393607670756886,1.0558191361669682,-0.04559734960258521,-0.04518911985852325,-0.0004082297440618273,-0.1251536664335844,0.1259577480821248,0.02181737676848372,0.021331209662637685,0.0004861671058461071,0.08722903245990143,0.9949371497237101
late,SNA,none,2,105,5,first5,-0.07375870893039976,-0.28374835917149943,0.20705323886433338,0.0,0.002936415623953616,-0.4596967409897876,-0.6081195393231982,0.1441659454219601,0.0,0.0042568408976092435,0.0684203009559216,-0.16425048801448067,0.2302208263351926,0.0,0.0024499728729361586,0.4395427603725656,0.38797629127857747,1.0377724196855267,1.0109364580343452,-0.017431783797186684,-0.017210618238863384,-0.00022116555832326322,-0.07375870893039971,0.1216576746221052,0.01476771563832413,0.016156864330866272,-0.0013891486925422213,-0.047401232261787385,0.9780916300830897
late,SNA,none,2,106,6,next5,-0.17637990033988943,-0.4290619337949168,0.24839192694944232,0.0,0.0042901102342182505,-0.7016820945552533,-0.8556717328795385,0.14678659535983174,0.0,0.007203000927302678,0.03254499025888315,-0.2593893023389409,0.2888027286182211,0.0,0.0031315859103519354,0.45862302865863996,0.3989316601661862,1.0393534063187835,1.0373777782705242,-0.0563041776074642,-0.05452112072053916,-0.0017830568869248963,-0.17637990033988915,0.133093457669212,-0.009272413292914727,-0.009213645783442415,-5.876750947209075e-05,-0.06510165183263261,1.158252725699965
late,SNA,none,2,107,7,next5,-0.01810543057176533,-0.28340405049869655,0.267251447112143,0.0,-0.001952818702857438,-0.24432351077079134,-0.4257323776478176,0.18543054702642345,0.0,-0.004021699597629877,0.06443253929692203,-0.23147411117926014,0.29710463559275624,0.0,-0.001197966443460686,0.4236653916514219,0.3634624979211708,1.0555022564168108,1.0751503794206387,-0.006092126782460516,-0.006503530207265573,0.00041140342480503085,-0.01810543057176539,0.18467152126312314,0.07988333011731075,0.07667415287797841,0.0032091772393323488,0.1523309304684588,1.0173478062602284
late,SNA,none,2,108,8,next5,-0.3081367278748144,-0.45625455089827793,0.15146026913795393,0.0,-0.0033424796196018856,-0.6915332765933551,-0.769825400613003,0.07931368424121128,0.0,-0.0010216422159241014,-0.14402251614404035,-0.32202946985702946,0.18234286301880936,0.0,-0.0043359220549418235,0.5117000754843579,0.38790572842405435,1.0546669058968503,1.0510962822526462,-0.10850714070529155,-0.10568853545296841,-0.002818605252323323,-0.30813672787481483,0.18329491780653928,0.001467521754165757,0.002307242185997316,-0.0008397204318316654,0.0008157171497016336,0.9809625430064566
late,SNA,none,2,109,9,next5,-0.1593467411945604,-0.4266794546388016,0.2712065948495777,0.0,-0.003873910483846109,-0.6001671575705597,-0.7246873094812795,0.11885166296715703,0.0,0.005668424595484563,0.00800845932068986,-0.3135423075159628,0.3290473599944518,0.0,-0.007496608846398723,0.44317621941205454,0.3892264739694531,1.045466428964902,1.0574823402768772,-0.04882136459407871,-0.04714202815321289,-0.001679336440865882,-0.15934674119456016,0.1495268959569378,0.01424794542193597,0.013905052010646957,0.0003428934112889694,-0.005637771033400352,0.9903290999593444
late,SNA,none,2,110,10,next5,-0.15496473544457573,-0.4647004068306584,0.3035397236326815,0.0,0.006195936551263683,-0.581945864490175,-0.771236131283504,0.1898090845061449,0.0,-0.000518865611709623,0.011550370263040224,-0.34515688350324897,0.347892665971563,0.0,0.0088145909036761,0.4545605997501041,0.39691795085381093,1.0406421020398073,1.0769001402379583,-0.05891564055648635,-0.058190039676381033,-0.0007256008801050486,-0.15496473544457556,0.14642211667408622,-0.003034571855701662,-0.003943151847366488,0.0009085799916647369,0.014569553224132115,1.1532374788095967
late,SNA,none,2,111,11,last9,-0.09834632577993487,-0.3908151368574542,0.2926083977647896,0.0,-0.00013960049956711937,-0.5786642945931428,-0.7659594177063739,0.18438144472893578,0.0,0.0029136122756171262,0.09717059611907677,-0.23810992942824138,0.336662965984177,0.0,-0.0013824329615333998,0.4436648782501032,0.3781262897234833,1.0073939335387418,0.9659529045162886,-0.028005856899652404,-0.027173732092013347,-0.0008321248076390468,-0.0983463257799353,0.02616889416041568,0.013977203414636374,0.014668307689810867,-0.0006911042751744385,0.022376497537798024,0.7570770160075262
late,SNA,none,2,112,12,last9,-0.08865577725922835,-0.25536866448058715,0.17123753961648677,0.0,-0.004524664812390923,-0.2550251454006795,-0.38935807961159374,0.13332123473286223,0.0,0.001011698604039739,-0.031123566995614322,-0.20903376947839172,0.18434938135365855,0.0,-0.006439195279916991,0.4680708793045804,0.3963557338682715,1.031928646116932,0.9956899196521024,-0.029759548522850565,-0.02898935381541201,-0.0007701947074383502,-0.08865577725922802,0.10789208645322557,0.06374014657670402,0.06260149263525161,0.0011386539414525026,0.13841107219031312,1.1523908014549735
late,SNA,none,2,113,13,last9,-0.12661365608871572,-0.3936885972439316,0.26973806483328727,0.0,-0.002663131911534881,-0.5229368116678365,-0.6513360153834112,0.13214735228925933,0.0,-0.0037482054674384127,0.038182165343224106,-0.28655577567040735,0.3269498986005232,0.0,-0.0022119455868350145,0.45167365807721943,0.3801044431127472,1.0064938667746106,0.956828247293376,-0.04363663361274961,-0.042084690305472794,-0.0015519433072768152,-0.12661365608871566,0.022749716972986,0.03383604569278842,0.03280382119765002,0.0010322244951385074,0.08952283249424586,0.9143163776625141
late,SNA,none,2,114,14,last9,-0.46319646687400784,-0.5903018966758506,0.13439245157550975,0.0,-0.007287067578671241,-0.8856225919349637,-0.989281147008528,0.11204294790027051,0.0,-0.00838448649108694,-0.2683084692291487,-0.40623120931492485,0.14470348529529986,0.0,-0.0067807689344114115,0.5487448920023351,0.4051371862230006,1.075569734434368,1.0825629784811073,-0.18232401778146534,-0.1784540213500072,-0.003869996431458275,-0.46319646687400806,0.26862522795302946,-0.03627493140432403,-0.034874578932641453,-0.0014003524716827082,-0.07745716838514416,1.0797187595157016
late,SNA,none,2,115,15,last9,-0.030298928984607194,-0.25633346320034844,0.2262829422056532,0.0,-0.0002483983338291116,-0.3771673638335681,-0.4969950913104551,0.12318284177472716,0.0,-0.0033551371518378602,0.11855261228061711,-0.1530584151747586,0.2705262555542005,0.0,0.0010847955082985724,0.4488182057815658,0.3738687285827256,1.0281658761315193,1.0082702270277006,-0.013631546409322404,-0.013719441994779258,8.789558545686284e-05,-0.030298928984607176,0.1018926637484947,0.013729000624383758,0.012653987106981734,0.0010750135174021121,0.10107462000079614,0.9992524352842498
late,SNA,none,2,116,16,last9,-0.13182289541871103,-0.40277695506990446,0.27600466688354486,0.0,-0.005050600330877369,-0.5638533624335599,-0.7389191042691462,0.18062686461646815,0.0,-0.005561145205293174,0.06539477886761672,-0.24933135815924995,0.3195436989143752,0.0,-0.004817541599055039,0.4482396216500263,0.3855316167454896,1.0168095985459034,0.9752365974443029,-0.06794313879732572,-0.0669427880021054,-0.0010003507952205835,-0.13182289541871106,0.061966990858457915,-0.06456740585141829,-0.06330117277321423,-0.0012662330782040954,-0.03798282533487818,0.9121326746348566
late,SNA,none,2,117,17,last9,-0.17544880050030515,-0.38898441257802324,0.21410583055040194,0.0,-0.0005702123468767851,-0.4544370655149721,-0.5756035446654226,0.12432525783888286,0.0,-0.0031587898102008283,-0.06287458830140447,-0.313681955770827,0.2503330791883834,0.0,0.0004743013663943202,0.49513014273719563,0.37531486146095716,1.0396873464240302,1.0614169227828674,-0.08467321633481606,-0.0840289205394611,-0.0006442957953549924,-0.1754488005003052,0.13493441384568916,-0.03449807885073697,-0.03447454246663151,-2.3536384105682373e-05,0.08405781741374141,1.0105492226960058
late,SNA,none,2,118,18,last9,-0.21585333209621138,-0.540358904107029,0.32343246582370955,0.0,0.0010730899853886636,-0.7729549702816569,-0.9390124202448858,0.16308156562179274,0.0,0.002975828175241496,0.03184170809695636,-0.3631120752796392,0.39472667849178145,0.0,0.0002271064518493365,0.47919532324621733,0.37534387895460797,1.0152042826244807,0.9886291864220909,-0.0833533495544494,-0.08121056065683141,-0.0021427888976177202,-0.2158533320962115,0.053765059964772544,-0.019003267425793835,-0.018129724568204608,-0.0008735428575891999,-0.032762998845044855,0.9751481093470895
late,SNA,none,2,119,19,last9,-0.0946654293298101,-0.277495956678497,0.18634250778744352,0.0,-0.0035119743197566423,-0.2532026768441077,-0.4169991993457769,0.16613099150585942,0.0,-0.0023345141930069314,-0.03630111703511222,-0.22613887215221345,0.19378322766055325,0.0,-0.003945447535859864,0.4579101972303819,0.3863197650020982,1.0653985583533598,1.1111048943223827,-0.060168594961091726,-0.06001220243264882,-0.00015639252844266635,-0.09466542932980992,0.2572272280556356,-0.01282966463217794,-0.01258758597165599,-0.0002420786605216562,0.0285920130730708,1.1305052117439423
late,SNA,l2,0,101,1,first5,-0.21006555142125838,-0.2818301630109159,0.06258799813361185,0.00223670784546772,0.006939892178986027,-0.40228036641609044,-0.4113979473920633,0.011295791619310104,0.0002383196062733348,-0.00241656525638922,-0.08984509774929465,-0.20079219608837912,0.09466862801196543,0.0034865966260756317,0.012791873763618166,0.5622775800711743,0.352794075214004,1.92588390405137,1.1326547596047905,-0.050014016316548865,-0.048741043578178544,-0.0012729727383702996,-0.21006555142125832,0.125860077529627,0.015705107620165776,0.015580065495165163,0.00012504212500061979,-0.07108685799894948,0.6468459024971159
late,SNA,l2,0,102,2,first5,-0.18558375115389525,-0.2606844357491164,0.07998476675642421,0.002296339284223377,-0.007180447820649213,-0.43989140071024757,-0.4355788398377976,-0.008505831301289523,0.0005082223222415872,0.0036849991926078116,-0.02693384735518134,-0.15157650906264772,0.13518965301697697,0.0034118565897159826,-0.013958860213632584,0.5072572338233917,0.3133252177170147,2.096656317496565,1.2992390764623576,-0.052627281687965766,-0.05164282022662642,-0.0009844614613393789,-0.1855837511538953,0.1500099256224755,-0.018284654733567246,-0.017594544516020216,-0.0006901102175470436,-0.1413781144008825,0.681824769838113
late,SNA,l2,0,103,3,first5,-0.18581626565831028,-0.2421559568597707,0.0759703008994573,0.0020690812039787167,-0.021699698827253165,-0.32284757323281427,-0.3882918336144623,0.08641666720421473,0.0001391974055464999,-0.02111162765715228,-0.10673116897534121,-0.15781632567211973,0.06994137288424242,0.003182878112783116,-0.022039093277814094,0.5634146341463414,0.3425365853658537,1.9698464446224389,1.2436356251863343,-0.06122398601843887,-0.05920756617632722,-0.0020164198421116462,-0.18581626565831028,0.1339267032044738,0.018293601907536955,0.017227700763362108,0.0010659011441748571,-0.07186122539860665,0.6524891544078951
late,SNA,l2,0,104,4,first5,-0.20556268121395083,-0.1825989761148835,-0.03025260288681117,0.0022928794744351195,0.00499599868869158,-0.3809872573262365,-0.39098744030724997,0.006649756711816789,0.000657254538316574,0.0026931330527497966,-0.0806549394987428,-0.03421992319867094,-0.056528228022007625,0.003457495183313214,0.0066357104806980104,0.5535767289997032,0.31681013159196597,2.0823639894438415,1.1800076936146064,-0.0609962714587306,-0.059621551015748675,-0.0013747204429819249,-0.20556268121395083,0.1339522873006407,0.030901853877674745,0.030392236964051605,0.000509616913623178,-0.057294196573975706,0.6548957074348083
late,SNA,l2,0,105,5,first5,-0.29531189111082107,-0.3234253686789377,0.017763886770339705,0.0024967336636146815,0.007852839918317854,-0.5292293149518015,-0.5372034777918705,-0.002632218059468287,0.0010670815608630985,0.009539264194112263,-0.12303728169223917,-0.16598288472481412,0.03278513202654725,0.0035496383748661866,0.006610828619390412,0.6027871305649083,0.35905349794238683,2.1778814388157333,1.311385594174687,-0.09872611582874846,-0.09638079378971195,-0.002345322039036545,-0.295311891110821,0.15500196162562663,-0.05442288536459461,-0.050644264283302765,-0.003778621081291931,-0.20573504446463706,0.6786569152629327
late,SNA,l2,0,106,6,next5,-0.058374620568893996,-0.11279263887871122,0.05295303227620237,0.0018644269664156118,-0.00039943987223416605,-0.2251971600402468,-0.25705590541500006,0.02678169974948663,-0.0003877796824866633,0.005464817523843303,0.026077081573464198,-0.03976127001084646,0.06620192290104718,0.003004576766789534,-0.003368142545560274,0.42754901960784314,0.3007843137254902,1.9443536205537881,1.1332151807749866,-0.009736002107382125,-0.009528777052326659,-0.00020722505505545857,-0.058374620568893976,0.11885004057302714,0.05634532799926978,0.05567819902001231,0.0006671289792575391,0.043172814818495275,0.647834420226656
late,SNA,l2,0,107,7,next5,-0.14625450658165043,-0.12745373267028712,-0.01775831446938317,0.002122345898485716,-0.0031648212737742654,-0.26513733685311935,-0.24740442898358356,-0.0068458422547738205,-0.0002472646228186535,-0.010639826871593129,-0.06691540342102871,-0.04740196533553012,-0.025040995717762672,0.0037037582283483013,0.0018237901085197373,0.5307801706623324,0.3419341731003657,2.0537587185011925,1.0492910840701506,-0.034325789227218434,-0.033280620446962395,-0.0010451687802560602,-0.14625450658165043,0.13964380951555502,-0.029832312981745934,-0.029786675021898718,-4.5637959847223686e-05,-0.1131059685179498,0.6264941343556993
late,SNA,l2,0,108,8,next5,-0.11051751444929984,-0.12353220380923709,-0.0037541141512342745,0.0024520651066212563,0.014316722890842577,-0.17225304911896602,-0.2185379807562676,0.029495243407869177,0.00028448728107770933,0.016505171346826827,-0.07437544414321487,-0.06791260825091172,-0.02321941278294327,0.00372103848773621,0.013035531136682724,0.5353848963564971,0.34398685051593464,1.9376212942221218,1.0981357865666688,-0.008730751276141147,-0.008094624688508106,-0.0006361265876330437,-0.11051751444929989,0.11628607349835277,0.04112827262614012,0.0412700498977778,-0.00014177727163769416,-0.06677321603098293,0.6012639591188202
late,SNA,l2,0,109,9,next5,-0.1412193213351754,-0.1819446608847177,0.026518207366754337,0.0019067827933017909,0.012300334828768848,-0.2617443098450304,-0.32287764107424327,0.03859249705323458,-1.2952696726409775e-05,0.022553762924109207,-0.04922650801617155,-0.07437508965007038,0.017302293797120342,0.003372054607383653,0.0044742258341403255,0.5659948320413437,0.33178294573643413,2.323567654417006,1.4061974084299085,-0.02937320830011035,-0.028509423955709157,-0.0008637843444012118,-0.14121932133517548,0.16491331128769865,-0.03730699385322862,-0.03619024551745734,-0.0011167483357712622,-0.14486305825317666,0.6644690809248432
late,SNA,l2,0,110,10,next5,-0.17820532956536084,-0.267664721936138,0.09771785152820513,0.0021011222955394622,-0.010359595320236694,-0.3839323854213187,-0.4185071339689606,0.03862947458551091,0.00019475496295227524,-0.004249511432298429,-0.02999336459386427,-0.15899330681571724,0.1402868972826192,0.0034745267179409844,-0.014761483712622321,0.5314906635721067,0.33980377676970147,2.264133624176334,1.28634750985648,-0.06188967227188105,-0.06057421495186566,-0.0013154573200154125,-0.17820532956536084,0.17032439654141548,0.005447745835927081,0.003947896204417822,0.0014998496315092764,-0.07842777537300827,0.6584510209972783
late,SNA,l2,0,111,11,last9,-0.17284376827048742,-0.23403096474510668,0.06555392587933027,0.0021306901176482316,-0.0064974327486978485,-0.3088865965347631,-0.36063697651173127,0.04797856197735934,3.966923438106998e-05,0.0037321294856567633,-0.08076735872999093,-0.14834157458433306,0.07744927108133888,0.0035459333734810462,-0.013420997729872031,0.5148666598549095,0.3349340962501277,1.9478361034321898,1.27321885769435,-0.05704628470537018,-0.05560548278191593,-0.0014408019234542734,-0.17284376827048742,0.13675253157560763,0.035761015514415906,0.034470961011809936,0.001290054502605928,-0.00799952959107536,0.6416114394397365
late,SNA,l2,0,112,12,last9,-0.34371431335327884,-0.3827158848493719,0.017230205900345078,0.002427986249455081,0.019343346313295946,-0.4956587732950539,-0.5565605771347684,0.032944866478066034,0.0006101399237997106,0.027346754203441598,-0.20589579843588804,-0.22503315442125899,0.002976503040219137,0.00407683136724261,0.012083997797919497,0.6273037542662117,0.34666016577279374,2.3053801426061544,1.5179523251413476,-0.11443833484862864,-0.11262617615949291,-0.0018121586891356872,-0.34371431335327884,0.18657831636272376,0.016430902567131436,0.016331196222650335,9.970634448109097e-05,-0.08900574906955902,0.6690288121594284
late,SNA,l2,0,113,13,last9,-0.31749480913602723,-0.38311711985014335,0.06656053590030732,0.002235175617737171,-0.003173430492483824,-0.5277335424958346,-0.5905991790029399,0.06779344402858843,0.0007133727738721215,-0.005641232511322289,-0.1335984632961665,-0.20163204383311129,0.06548210807721375,0.003566300371026767,-0.0010148378950676864,0.5775603139230695,0.3109194845460711,2.326829047142922,1.203119552191299,-0.11628783857921467,-0.11415043370716832,-0.0021374048720463196,-0.31749480913602723,0.1667131188015422,-0.06770252015047411,-0.06639495145164367,-0.0013075686988304365,-0.22978370653667837,0.6883872352048684
late,SNA,l2,0,114,14,last9,-0.22032010338434854,-0.3006193308662757,0.08084084522027415,0.0022710669589572465,-0.002812702636715227,-0.3610812408989997,-0.44620476097680084,0.08225713583811323,0.00017304118082534943,0.002693311101835051,-0.12104093178795058,-0.19793757400441572,0.07984193201339432,0.003750809627413184,-0.006696107477094277,0.5691790686509841,0.3189630340854537,2.0726542826310537,1.126794436585575,-0.06539873143584843,-0.06414082482500377,-0.0012579066108446557,-0.2203201033843485,0.14261628564113427,0.00573423187991301,0.0060386889775765895,-0.00030445709766354495,-0.09824382976050619,0.6735134339670662
late,SNA,l2,0,115,15,last9,-0.25244598759197034,-0.32290043979701594,0.07834869122771251,0.002343333734506589,-0.01023759910810543,-0.44777692612958814,-0.5411367004853892,0.10386054353321464,0.0006151862331746173,-0.011116001433215082,-0.1293667872163457,-0.18538845803116555,0.06227351949419048,0.003432249879524293,-0.009684112514573481,0.5770602590576309,0.33330204617983855,1.8484727746679512,1.338233082072414,-0.09843594186221521,-0.0965977592153176,-0.0018381826468976195,-0.2524459875919703,0.12007546888987564,0.0016016605082875002,0.002172255620218222,-0.0005705951119307426,-0.06957343166680088,0.6632570902574058
late,SNA,l2,0,116,16,last9,-0.14349496563309116,-0.2297315838578148,0.09888846765547035,0.0018438556619197455,-0.014495722038840047,-0.33320079803791053,-0.39649412234237774,0.0820404875328511,0.0001403462875247049,-0.018887544034982145,-0.013864310034006216,-0.11577864461980997,0.11040110636103713,0.003007905465885635,-0.011494682179298452,0.5363145563817867,0.32973413466435775,2.0898977102184433,0.999932824627862,-0.05930288273162582,-0.05783453155969176,-0.0014683511719340465,-0.1434949656330911,0.15018694383040887,-0.004823812189958782,-0.004128333232608694,-0.0006954789573501326,-0.08623746607191812,0.6708413803569857
late,SNA,l2,0,117,17,last9,-0.24483673974775738,-0.33675162437260836,0.06845593824888187,0.0022667678713062336,0.02119216253393033,-0.46601894593150495,-0.563351588026735,0.07416002684723552,0.0004211160582380292,0.022751464013885912,-0.09303531650630657,-0.18123189436059703,0.06454111714972853,0.003533472715542952,0.020121985199126485,0.5409130902336494,0.34607488513051127,2.0489435965623275,1.320726986581725,-0.06440602854201583,-0.06333403000464322,-0.0010719985373725642,-0.24483673974775733,0.13580316382672952,0.03544336694501146,0.034607870501833254,0.0008354964431782699,-0.05154422703754344,0.6799905206196045
late,SNA,l2,0,118,18,last9,-0.24763750262578207,-0.31285158622234055,0.060118295836007016,0.0019569839046599553,0.0031387804369335764,-0.36765939446913687,-0.4213821311142553,0.0534695623507894,-2.2710306160685177e-05,0.0002758485511355198,-0.15458308162656498,-0.2287065451757659,0.0652731391345322,0.0034918647144362904,0.005358446073772848,0.5687844442133722,0.3052927108245815,2.214053052801772,1.4892062341467802,-0.09160016801533824,-0.09041431178955434,-0.0011858562257839357,-0.2476375026257819,0.17013787198654046,0.011677842855443918,0.009929932164251531,0.001747910691192376,-0.05450338827212703,0.6282683795020789
late,SNA,l2,0,119,19,last9,-0.09920091351322859,-0.17289300032706645,0.07248657675930276,0.0017977869583538982,-0.0005922922303023641,-0.23730393479060322,-0.3152215431711988,0.07737179329951592,-0.00023516612894941956,0.0007809513276325825,0.000900979958136138,-0.06972830123549018,0.06894560118056581,0.0032713423628283017,-0.0015876671256172903,0.4756449948400413,0.29442724458204333,2.0072212591627143,1.083902187129773,-0.02744264421970742,-0.02682130014859299,-0.0006213440711144366,-0.09920091351322857,0.1389212202623126,0.0001077426640991308,0.0003623289021057463,-0.0002545862380065947,-0.0827201321732842,0.6572054205021332
late,SNA,l2,1,101,1,first5,-0.14025168086180362,-0.21308691823811896,0.06572411580336367,0.0018891089860281513,0.005222009542904763,-0.33685845509428863,-0.3937564739807733,0.04637821673600559,8.482030387667564e-05,0.010434962093406169,-0.0179827949098223,-0.10072931818934207,0.0777552451270577,0.003011188161395541,0.0019800973384114908,0.5076458752515091,0.3267605633802817,1.9764879987678892,1.0092884868650247,-0.03142399753046207,-0.0302952873367279,-0.0011287101937341483,-0.14025168086180356,0.12789064487719723,0.0022011441816426336,0.0022506412032522183,-4.949702160956734e-05,-0.09076157802013701,0.6751535914363643
late,SNA,l2,1,102,2,first5,-0.13300406995644737,-0.17905588689000673,0.04375438363296979,0.0020430595445173295,0.00025435918721542535,-0.28974846283029065,-0.3579617771218396,0.0712076302036563,0.00034191141273384886,-0.0033362563524351376,-0.023109054393159387,-0.05362323037887184,0.024506645938284874,0.00323575101494377,0.0027717746007879613,0.5083145144734141,0.3323752822828988,2.1115128593358197,1.256964292137891,-0.030428667656993147,-0.02953309736763504,-0.0008955702893581469,-0.13300406995644737,0.1398796875349786,0.007154921882366411,0.007003675930000841,0.0001512459523655696,-0.037090878444081904,0.6580763330102215
late,SNA,l2,1,103,3,first5,-0.1039971869785732,-0.12122604855696018,0.004026158213796868,0.002064591194993944,0.011138095680757529,-0.2862721477634339,-0.25497564808118867,-0.04026808023027563,0.00025435888965013166,0.008717181748423022,0.03675156177188398,-0.017947525287221773,0.038229202949140506,0.0034624130945444995,0.013007472611858934,0.4989517819706499,0.3352201257861635,2.086062157346287,1.0813905339335734,-0.023823978077112673,-0.023729099187026703,-9.48788900859629e-05,-0.10399718697857313,0.13851938936752914,0.0010690599383411659,-0.0007397444522616037,0.0018088043906027453,-0.07638482402477753,0.6607073739942511
late,SNA,l2,1,104,4,first5,-0.26114207868495104,-0.3412394474539878,0.08323165622234177,0.002304300800292458,-0.005438606850026777,-0.4480424704277288,-0.5208368515043852,0.08608858497769038,0.0006384100916809398,-0.013932646450014333,-0.15350277830946654,-0.2378060691663524,0.08158629951880127,0.003263717250439589,-0.0005467365260596735,0.5504751152507291,0.32514817950889074,1.9534942455161257,0.9638165419828597,-0.09931894350761544,-0.09725181320108353,-0.002067130306531908,-0.261142078684951,0.1369094953354807,-0.004219072595399637,-0.0051293672549518055,0.0009102946595521653,-0.06503165380779563,0.6563074715776223
late,SNA,l2,1,105,5,first5,-0.1884185372416255,-0.2773587648896618,0.088893229655753,0.002310196915713046,-0.002263216763393174,-0.37358804120724776,-0.4143622972929564,0.05042498583247851,0.0004952507788403393,-0.010146014159422312,-0.06270534829539515,-0.18434587353086693,0.11500965542034751,0.0035423796550169725,0.003088483042725246,0.5377029584619982,0.3159677258691105,2.185003925442088,1.2489067923007844,-0.05107956138762973,-0.05004321535557826,-0.001036346032051369,-0.18841853724162552,0.15208283781951748,0.0053442415688192135,0.005728740085615358,-0.00038449851679615843,-0.061026973623076824,0.6984953582844232
late,SNA,l2,1,106,6,next5,-0.17664988642710777,-0.24007289016416472,0.05285539188493849,0.001715398705033496,0.008852203438763136,-0.31559637359257053,-0.3865046982986844,0.06426822891227554,-1.3665974423940056e-05,0.006653740535434295,-0.07498825836709302,-0.1329345499411436,0.04450507215644445,0.0029804866818557204,0.010460731459452179,0.576058201058201,0.34325396825396826,2.1165377021991634,1.2853531175783734,-0.057503408133378175,-0.056571545906225124,-0.0009318622271530311,-0.17664988642710774,0.150892164654626,-0.0034019444270667887,-0.004627578773258978,0.0012256343461922378,-0.06301703277350759,0.6153369121539495
late,SNA,l2,1,107,7,next5,-0.09847918471044664,-0.1766427195072401,0.09308280637990389,0.002023331326372498,-0.01694261351367418,-0.11131813224087628,-0.18288728514517624,0.09002068804961456,-0.00017443119090893545,-0.01827712282997072,-0.09062970416893078,-0.17282491463273422,0.09495492542957344,0.003367000195910773,-0.016126720708916298,0.523271665043817,0.31528724440116845,2.071119310962816,1.3233645543678163,-0.038892063860895665,-0.03832178704329775,-0.0005702768175979145,-0.09847918471044667,0.13722773409779448,0.01629411008430018,0.014161418506582979,0.002132691577717196,-0.014370366830162407,0.6628429776767342
late,SNA,l2,1,108,8,next5,-0.1371441900663819,-0.1240218351172607,0.0009264942863470166,0.0019389361244314565,-0.015987797542026574,-0.2640028196274449,-0.24096820516902676,-0.006893719770614042,-0.00024607113515294265,-0.015894846481530174,-0.05267495779154361,-0.04615271316803692,0.006133609323786668,0.003393830335181244,-0.016049689308841566,0.5662567634038367,0.34500737825873096,2.098206696994188,1.2305430580403796,-0.043432251559138046,-0.042016573698205884,-0.0014156778609321907,-0.1371441900663819,0.14530418322326524,-0.022200798640546887,-0.02290308165974686,0.0007022830191999695,-0.10357837262063646,0.6352136787361731
late,SNA,l2,1,109,9,next5,-0.14140417632942442,-0.1893365349633611,0.03969001314046203,0.002127779021575992,0.006114561076078968,-0.2007439121931425,-0.2685371401592153,0.06070755951216559,-0.00012160175364234766,0.007207258779662169,-0.10624036694376106,-0.14240348169308148,0.027235340337969722,0.0034607272672036817,0.005467045322837386,0.5475531813412191,0.3384527329962797,2.0743443471436604,1.3068951961537085,-0.04029525907687728,-0.040091379986618436,-0.00020387909025885304,-0.14140417632942445,0.13534538902400667,0.043615142041717195,0.0432326935288892,0.00038244851282797504,0.0321833701958352,0.671026871588501
late,SNA,l2,1,110,10,next5,-0.3083417064114803,-0.39548229027371834,0.08421214545241922,0.0024576464250287804,0.00047076075257985106,-0.5356487708780605,-0.6602443748668652,0.11977783141526777,0.0007538207771167227,0.0040638949241197765,-0.12712161205017145,-0.18440125737286367,0.055857474728317306,0.003816017953931429,-0.0023938581502569454,0.5632453921214311,0.3183953740513191,2.0841843669025435,1.2296858370529518,-0.10276532697994493,-0.10085988660031225,-0.0019054403796326357,-0.3083417064114803,0.12837671525437452,0.014071793647492864,0.012590956052775132,0.001480837594717739,-0.05535364303819047,0.6538602534285993
late,SNA,l2,1,111,11,last9,-0.13709879338040312,-0.16397208857478815,0.025399201617825676,0.0021082182734632328,-0.0006341401366937828,-0.3325807057046684,-0.34044744159522,0.011462051394639952,0.0005464370322235352,-0.004141791807719672,0.012248714140374975,-0.029145526878730413,0.036047136370595464,0.0033014137609564394,0.0020456936550374504,0.5351941747572816,0.3226132686084142,1.981468137963643,1.1257377371420285,-0.05148946687812779,-0.051052823894432275,-0.00043664298369548715,-0.13709879338040312,0.12355067658331093,-0.007684090751377687,-0.008484096966663662,0.0008000062152859755,-0.07496168697435701,0.6430068056152114
late,SNA,l2,1,112,12,last9,-0.14701746146640052,-0.27609839743197606,0.13103505921005265,0.0018846602580527777,-0.0038388083837183422,-0.31967743176321317,-0.45831727486982227,0.14755756407507772,-0.00035857001776687267,-0.008559188944383254,-0.019999799328323555,-0.14204870560246655,0.11888024453579563,0.003534897222545209,-0.00036625071915380913,0.483887415867836,0.29125025494595147,2.076470920063009,1.0765517052205218,-0.04833488141453661,-0.04730956161108868,-0.001025319803447923,-0.14701746146640052,0.1439159992547229,-0.007690319608946505,-0.006485416936330229,-0.0012049026726162967,-0.05521984782054892,0.6404506075418455
late,SNA,l2,1,113,13,last9,-0.1887651384583579,-0.3845024790648325,0.1855059802386891,0.001887346317216482,0.00834400049163444,-0.4858121328372218,-0.6233850753705616,0.14363966997401076,0.00038638631247942174,-0.006453148567116198,0.029915439634728962,-0.2086414697125984,0.21632719406867107,0.0029923256899815403,0.01923739167730674,0.5763217444970171,0.3074470273606254,2.2698771504020487,1.611794872557503,-0.060878905559841004,-0.05969423595776069,-0.001184669602080246,-0.18876513845835788,0.15938842541606563,-0.03795420176360352,-0.03777781960506982,-0.00017638215853366807,-0.1398600839730881,0.6934001629122071
late,SNA,l2,1,114,14,last9,-0.18417715232821372,-0.20916367988001497,0.03304252491183991,0.002086484331184743,-0.01014249176500056,-0.39572849879735306,-0.42976221602299164,0.03620784183638015,-8.058834608657207e-05,-0.0020935641660916335,-0.04751821977658763,-0.06666040124383624,0.03099777861589344,0.003486380119042062,-0.015341975825068582,0.5477904419116176,0.3264347130573885,2.068032668845069,1.390168008529337,-0.07133831487123898,-0.06987535180290502,-0.001462963068333923,-0.18417715232821383,0.13539646952652357,0.0023104312207526956,0.0029963855288900054,-0.0006859543081372994,-0.0920903770730003,0.6171525650518132
late,SNA,l2,1,115,15,last9,-0.10419274966950341,-0.16409793046883206,0.0557811845548008,0.002138778136336861,0.001985219377354557,-0.1987418941340806,-0.22875427761994888,0.033727571543431006,-0.0002827609477380859,-0.0034324363330011454,-0.047330778264371154,-0.12521352401876087,0.06904425445917392,0.0035950947104827716,0.005243404164002857,0.48616600790513836,0.3575098814229249,2.089435934856667,1.1643977909400598,-0.03446262821111884,-0.034056015458414884,-0.0004066127527039484,-0.10419274966950343,0.1383488822958747,0.03613839582812001,0.03628051287053463,-0.00014211704241461065,0.03960953514302623,0.6854041670857344
late,SNA,l2,1,116,16,last9,-0.2032726242192792,-0.2962975539156692,0.0853441991145263,0.002158070292485261,0.0055226397029725875,-0.37363645353453667,-0.42488696565012635,0.045441788911222844,0.00012713773055384765,0.005681549094719281,-0.05903542702724451,-0.18742833906121323,0.11912726111814546,0.0038775433848454283,0.005388100315326984,0.5623823208799921,0.3243484292934298,2.0464604797675765,1.2058225208450193,-0.06505118498409884,-0.06408727451771867,-0.0009639104663801863,-0.20327262421927916,0.13293633936571542,0.01846593723440107,0.016892683953597692,0.0015732532808033252,-0.06223068538950502,0.6740068868950431
late,SNA,l2,1,117,17,last9,-0.22013960270712127,-0.2664618869604122,0.03729419687493547,0.00197251797442972,0.007055550547293847,-0.35566756036228087,-0.3489195104564206,-0.010782555682964682,0.0003767263650124874,0.003657739303092521,-0.11518821771995977,-0.2026075949133386,0.07452431421703488,0.0032082817419718467,0.00968677883534371,0.5918024172359433,0.30730425643720444,2.2485808313675064,1.2993445050081978,-0.0743286670818496,-0.07287258708804514,-0.0014560799938044475,-0.2201396027071213,0.1563458296256036,-0.013789084142068392,-0.01182405725574956,-0.001965026886318808,-0.13334880532972812,0.669037323950486
late,SNA,l2,1,118,18,last9,0.008561942918132044,-0.0035597107294520463,0.007985062664659252,0.0014574562403044408,0.00267913525528622,-0.14974527857253658,-0.09116552153059843,-0.0680065471370112,-0.0002814477059729848,0.009708224758009075,0.139390016983495,0.06883938386727889,0.07078596247114802,0.00289451926329196,-0.0031298369028695395,0.45355981207083484,0.320081917841224,2.4067621197196947,1.0438318195533225,0.0143089307203004,0.01408577481911516,0.00022315590118523673,0.008561942918132046,0.1708101606954665,0.003937943933548363,0.002991676948282812,0.0009462669852655405,-0.07539055029268515,0.6800979299393012
late,SNA,l2,1,119,19,last9,-0.16938274204500436,-0.29502300679096133,0.11911850604950108,0.0018392609992732378,0.004682489066959782,-0.34474894776289494,-0.4696109220660335,0.10172636541238267,-0.0002027177323589793,0.02333830227388011,-0.02275684689303673,-0.14904785008885224,0.1336602940701005,0.00354658515663401,-0.010915871518277713,0.5034935422401017,0.2926106288376032,2.1277001266439886,1.129043033344297,-0.05291722536459427,-0.052615015662826836,-0.0003022097017674266,-0.16938274204500434,0.14094605579638825,-0.02204216143061198,-0.022696267649329055,0.0006541062187170599,-0.09650990610128571,0.6981283963951058
late,SNA,l2,2,101,1,first5,-0.024967931706677948,-0.09436353709354847,0.06700271108554129,0.002328256339904352,6.463011215245073e-05,-0.2657119302174559,-0.25542473138098576,-0.018810224420201267,0.00027051073420699746,0.008252486274522205,0.09520669017818217,-0.013964988246856207,0.10983882389011783,0.00335544207092826,-0.00402258503940762,0.45662908785987144,0.332153172458772,1.7115654484854015,1.0072740182367086,0.004357418876193009,0.0044041267773944626,-4.670790120144333e-05,-0.024967931706677937,0.10094033056190813,0.04335506449339199,0.04157374904376676,0.0017813154496252523,0.016011487050229256,0.6413582917638974
late,SNA,l2,2,102,2,first5,-0.18048169660011446,-0.2496470517960161,0.07284147390654311,0.002383836401881847,-0.006059974948987476,-0.3835701456199711,-0.44055833083422663,0.0731490649708033,0.00036529884128160553,-0.016526221134503163,-0.05174321844941132,-0.12862772428723973,0.07264649085508589,0.003663394421532191,0.0005746151144885108,0.5521608817557768,0.3428405685004351,1.8824117599054313,1.060940093618319,-0.060015109151279555,-0.0585687369789209,-0.0014463721723586773,-0.18048169660011448,0.12509460097762723,0.03218356129113237,0.03062180111341295,0.001561760177719411,-0.021829038068254036,0.6537200103116774
late,SNA,l2,2,103,3,first5,-0.21367707624738577,-0.3560289064624297,0.13100563108789365,0.0021102090803551297,0.009235967186751124,-0.43430706878758646,-0.5678503804684848,0.12290535388748208,0.0007111650905867863,0.009926749569745914,-0.03158850842900261,-0.18121011419005265,0.13769088660267187,0.0032648567938359544,0.008665856236079843,0.5287676892882966,0.30668319388492926,2.185256216971737,1.1647868581045595,-0.05919029128412101,-0.05782273393002421,-0.001367557354096792,-0.21367707624738574,0.1492461877416458,-0.024464623916055916,-0.024282279812823854,-0.00018234410323202804,-0.139755429058195,0.6991151044041817
late,SNA,l2,2,104,4,first5,-0.2580505218568105,-0.39679574141841045,0.13295610539295827,0.0023423667917443934,0.0034467276634306786,-0.5627339586832776,-0.7047811061901352,0.13403909664373398,0.000995485246157662,0.007012511725448776,-0.06841264663830904,-0.20510271477393938,0.13228204131577542,0.003180678703729138,0.0012273496754035696,0.5567782942794801,0.3222654397116023,2.0208870283806335,1.0132284652796832,-0.09501438712322757,-0.09392573995457407,-0.0010886471686535545,-0.25805052185681043,0.14309319602807202,-0.006133782020321887,-0.005034786631137961,-0.0010989953891839856,-0.10384844887959929,0.6941961835662953
late,SNA,l2,2,105,5,first5,-0.12676588453808432,-0.24065236296684098,0.10571763934689205,0.0021952914139263115,0.0059735379124806155,-0.312852874596483,-0.39165464556162877,0.07236515857440859,0.0003824684856536885,0.006054112892731893,-0.006910613630905581,-0.14339451876010226,0.12719937010710247,0.0033628979355142725,0.005921641022304001,0.5287802883140783,0.295777527860137,1.9933076194254515,1.2020189880852523,-0.042958883879178206,-0.04242136685468301,-0.000537517024495171,-0.12676588453808438,0.13656398318782068,-0.02351348215072646,-0.022590619460958916,-0.0009228626897674966,-0.09795933520667707,0.7108383476000903
late,SNA,l2,2,106,6,next5,-0.17448294124833383,-0.18935437278942785,0.0036905673287989326,0.0023998443036830474,0.008781007199336005,-0.30279234904464597,-0.3103127753192225,-0.0008331508195301617,0.00046118167729014754,0.007892374286765057,-0.08755607097731151,-0.10740765083440888,0.006755289295614641,0.0037132466294989316,0.009383036927602235,0.5829698651863601,0.35229976209357655,2.2259289440589587,1.471894487569495,-0.053144290315361276,-0.05270986141633621,-0.00043442889902508067,-0.1744829412483338,0.16885800599537648,0.017675909463497064,0.016295126208343252,0.0013807832551538009,-0.07242316485884315,0.7262373551860751
late,SNA,l2,2,107,7,next5,-0.22212455469776698,-0.31585585548803347,0.09537007235429358,0.00229095406137916,-0.003929744781210546,-0.43874587862196374,-0.4556679645906361,0.021241628474217844,0.0004963637761101599,-0.004815942043920615,-0.0609351487909624,-0.21182071067139452,0.15052955348647692,0.0036263209434957977,-0.0032703193483641533,0.5263310745401742,0.3237173281703775,2.234227623485424,1.2866776936123998,-0.07423232958566181,-0.07252254333028355,-0.0017097862553782754,-0.22212455469776696,0.1740269650760522,-0.012764808449185538,-0.012745144880948689,-1.9663568236863438e-05,-0.13677880999625056,0.7621250171652313
late,SNA,l2,2,108,8,next5,-0.20996752117175788,-0.27413106448576363,0.052909581728102444,0.002022697338211342,0.009231251843213203,-0.40591208247029226,-0.4759035355058692,0.06526165386846183,0.00016155056317765362,0.004568213713080777,-0.0752366634226981,-0.13539295452991723,0.04441633617221605,0.0033024159470639008,0.012437542045022515,0.5807738332668528,0.3458316713203031,1.9674860025485934,1.1498628224144112,-0.04960836613387867,-0.04830598784796958,-0.001302378285909074,-0.2099675211717579,0.14929703121747204,0.01040019833175107,0.010383453655937847,1.6744675813237797e-05,-0.11437912294033273,0.6497097307434835
late,SNA,l2,2,109,9,next5,-0.17586533283028088,-0.2480125662796734,0.05788070193563822,0.0020779269399945942,0.01218858912890321,-0.30120792931172985,-0.37180091521484054,0.05756579416880314,2.8664445633104357e-05,0.012998500776470166,-0.09367499460778167,-0.16684138782485378,0.058087194992201746,0.0034216806378301184,0.011657509399326029,0.5389161574676951,0.326955824902334,2.0004231165915556,1.1739069820368015,-0.0467262651715985,-0.04618673680728286,-0.0005395283643156272,-0.17586533283028086,0.14054357268274398,0.0065712346265468236,0.006395974630370338,0.00017525999617646476,-0.10168557978966616,0.6744936603008399
late,SNA,l2,2,110,10,next5,-0.19104929399253834,-0.2815223144785297,0.07238452513952147,0.0018544871860595516,0.01623400286828104,-0.28105374734099875,-0.3415230976514828,0.04780459427729779,-0.00012355062692019595,0.0127882962787494,-0.12595200012814245,-0.238125699433476,0.09016238971150908,0.003285137603855041,0.018726170378713047,0.5523187319267431,0.3230159580164935,2.0581315973690257,1.1360919843736752,-0.05220772219572303,-0.05121902134092729,-0.0009887008547957502,-0.1910492939925384,0.15216076950446036,-0.019168907540930147,-0.018630207786678316,-0.0005386997542518625,-0.1836962294947856,0.7364937072222415
late,SNA,l2,2,111,11,last9,-0.13901463028947683,-0.26131438197737133,0.11368019608304865,0.0021648767967845425,0.00645466188797982,-0.350606319451823,-0.46202841162908953,0.1021953167683761,0.00029472179716638977,0.008932009507231484,0.020314846197237967,-0.11017583114605553,0.12232836093283109,0.003573111771503001,0.004589208188859684,0.5118366541724206,0.3150522785559282,1.8487065899035011,1.0270518000727573,-0.03535187520586791,-0.034880920296180035,-0.00047095490968786236,-0.13901463028947683,0.13131897757697264,0.019587407861271944,0.01908123771196149,0.0005061701493104913,-0.05935000976958088,0.6601458960561302
late,SNA,l2,2,112,12,last9,-0.10637944442264491,-0.21587657079823017,0.09480247415943654,0.0017187057191564692,0.012975947311382125,-0.3116187787265529,-0.3992029405216079,0.07417308375691203,7.507645991896879e-05,0.013335984180673497,0.02706217387473277,-0.09668222856631291,0.10821520154494359,0.002787353446832303,0.012741860104619796,0.4991766158913133,0.3142239604775628,2.0448310448145546,1.2505159306252847,-0.02292133485948783,-0.022404148026393372,-0.0005171868330944573,-0.10637944442264491,0.13055523306872457,0.009131925714421785,0.00957922278215248,-0.0004472970677306884,-0.05083821982782519,0.6814767871422254
late,SNA,l2,2,113,13,last9,-0.2506873588047106,-0.35144416125772826,0.10099809830671207,0.0023063539837201684,-0.0025476738156660276,-0.4491550256467665,-0.5109720015733284,0.0606549113957359,0.0005071442354484572,0.0006548799941005092,-0.11801986931629233,-0.24480634757786682,0.12796586293358514,0.0035090518546849942,-0.004688449593674335,0.5931133428981349,0.3299856527977044,2.0184763901520157,1.2560122639338205,-0.10118149075805352,-0.09964744607716941,-0.0015340446808841078,-0.2506873588047106,0.13840702292724066,-0.007489251945530712,-0.007266379130319384,-0.00022287281521130367,-0.049787012765638156,0.6726196080516563
late,SNA,l2,2,114,14,last9,-0.24401623520976576,-0.31432040567833114,0.07859817378780386,0.002258731807918333,-0.010552755021477189,-0.4283891191928105,-0.4649707499415728,0.050063234034528455,0.0006445728921072609,-0.014126211960390645,-0.08958028781200907,-0.18813141226739377,0.10249984717671856,0.003610797014192067,-0.007559526321442657,0.5505316506012123,0.3169035079002286,2.357615449877796,1.4701865432774546,-0.09703567971405647,-0.09535337347001846,-0.0016823062440380447,-0.24401623520976573,0.17600673840034317,-0.027562020905979895,-0.02699758950367151,-0.0005644314023083991,-0.13843162595892505,0.7217896285658082
late,SNA,l2,2,115,15,last9,-0.15829869584910713,-0.23612097820771752,0.08711126856751082,0.0020219797998541757,-0.011310974428987566,-0.2428506616688431,-0.36588851940697187,0.13674209745445928,-0.00032974593463169614,-0.013374506121114774,-0.09919985698439644,-0.14541804856141097,0.052421071471855075,0.003665753056796384,-0.00986863863249939,0.5445395067941621,0.33568193256165074,2.1163175121319235,1.3049009416605188,-0.05154355136489483,-0.05061405861271068,-0.0009294927521841592,-0.15829869584910708,0.1568944048904253,0.013715319972112644,0.014247890554621556,-0.0005325705825089261,-0.009448327502490583,0.6861178970294372
late,SNA,l2,2,116,16,last9,-0.3128797769269637,-0.3801594635554665,0.07130372532387859,0.0022544137955619564,-0.006278481123327554,-0.5364173954808518,-0.6423183967045947,0.11440561306896428,0.0004722365852622127,-0.008976898409237932,-0.13305071929987378,-0.16926076023334072,0.036629597965405165,0.0036881198998229693,-0.0041076883916651,0.5606853879105188,0.3227034745359353,1.9216117124943937,1.1806583613743005,-0.12248503840514474,-0.12008101724852766,-0.00240402115661709,-0.3128797769269638,0.14447443717529215,-0.05379973943470748,-0.051457367669990955,-0.002342371764716515,-0.18168166917878087,0.6775447613406559
late,SNA,l2,2,117,17,last9,-0.07236029292179172,-0.19959469954318135,0.11722584240449745,0.0021117899834774286,0.007896763975670873,-0.25009347486176997,-0.32415258728604984,0.06898395777832006,0.0004398385670680063,0.0046352877796393055,0.022915612961549536,-0.1328240185702552,0.14308645666408396,0.0030080586714770546,0.009645115609857003,0.5323369054333521,0.32374506486181615,2.300685031312635,1.4580344097344675,-0.021363831381763315,-0.021603743636200795,0.0002399122544375111,-0.07236029292179169,0.1558153895855437,-0.001339187226434585,-0.0024234860207015263,0.0010842987942669413,-0.06682623305655327,0.6980967169699559
late,SNA,l2,2,118,18,last9,-0.08149267359712443,-0.22169737124684563,0.1344289738974242,0.002391759920543442,0.0033839484550963923,-0.27354175014565213,-0.3780278615101733,0.09720793420117589,0.00028804338546324534,0.0069901033917812785,0.025131256332830886,-0.1349040810143839,0.15509376229326977,0.0035597245286533943,0.0013818434817434266,0.4698296149863504,0.3114939282688506,1.9053173546031588,0.9901471575521138,-0.00975293962072088,-0.009338554281766803,-0.0004143853389541631,-0.08149267359712448,0.12872447792656613,0.01670746409324217,0.01554684841878931,0.001160615674452855,-0.0697254012227887,0.6707901094296012
late,SNA,l2,2,119,19,last9,-0.08221897409444225,-0.10740730024878338,0.0193337372352874,0.002287662946253935,0.003566915550093833,-0.21374113526164262,-0.20236483544543063,-0.017045304288609175,0.00029646840528698847,0.00537251031506675,-0.003377989725400064,-0.050484987828413375,0.04114116055233628,0.0034812848901674253,0.0024845514269778613,0.4741275571600481,0.29502607300441236,2.266942984374912,1.2400284778757709,-0.017181841303696682,-0.016848940307842397,-0.0003329009958542885,-0.08221897409444223,0.16520939379688096,0.03310055586335689,0.032540428937072596,0.000560126926284283,-0.027395751821110786,0.6706804254260322
late,LR,none,0,101,1,first5,0.018442119019530488,-0.29444896381548447,0.3095859502221236,0.0,0.0033051321722976845,-0.6938587533080846,-0.8017834326038468,0.10921918231318235,0.0,-0.0012945338480103172,0.13209084839441557,-0.21350294790303934,0.34155478455387506,0.0,0.004039016151757993,0.39844822850865147,0.33871189233727,0.9846392741957505,0.8498944616160129,0.011517187708005139,0.01227309371060148,-0.0007559060025960074,0.018442119019530523,-0.09830490045854035,-0.0038882202521248743,0.002037280545914122,-0.005925500798039135,-0.13243196869622498,1.9638534022851921
late,LR,none,0,102,2,first5,-0.24104048292116886,-0.39971287378646386,0.15014327659026103,0.0,0.008529095794396572,-0.5248954410170731,-0.6534497290751298,0.11064624772122099,0.0,0.01790799863637241,-0.18887921391751017,-0.35308611604498796,0.1574012620117706,0.0,0.006805625901951736,0.469386360530272,0.34317343173431736,1.0331821974896562,0.9009124510753397,-0.08807121832083897,-0.0862407909501064,-0.0018304273707326624,-0.2410404829211692,0.23143700628306352,-0.11960032418308764,-0.1149623930541237,-0.004637931128963824,-0.2842677775272908,2.2829209969468582
late,LR,none,0,103,3,first5,0.14997454617844957,-0.1721370991714563,0.3325827215939539,0.0,-0.010471071959172405,-0.44166216934076574,-0.5353054188776726,0.10248723203068792,0.0,-0.00884402599104114,0.2372826001272238,-0.11854421283144992,0.3665380000430426,0.0,-0.010711175748265472,0.3560704737094673,0.3186398848289573,0.9790364318184094,0.8257897283060469,0.04286190341111373,0.04167811950553313,0.001183783905580632,0.14997454617844985,-0.14272752219470242,-0.00618225301138331,-0.0059535186154509034,-0.0002287343959324062,0.03375189310524718,2.3407900423562884
late,LR,none,0,104,4,first5,0.2996051317906679,-0.05476666216469805,0.3378954508113911,0.0,0.016476349326938446,-0.39781092593019163,-0.4965256620881603,0.09309045070972856,0.0,0.00562418014353862,0.3917632416646254,0.0036083551611159103,0.37024452830580856,0.0,0.01791037911289275,0.3228882833787466,0.289441416893733,0.9774535403119156,0.8185691242195761,0.10844576977250231,0.10576189730838959,0.0026838724641129186,0.29960513179066695,-0.1557818518577454,0.11043650624949519,0.11006061292395009,0.00037589332554488486,0.2321737625197411,2.063687260791876
late,LR,none,0,105,5,first5,0.03463650220730061,-0.1721329110022845,0.21037318968038676,0.0,-0.003603799196697738,-0.14353906017748336,-0.18412480220304248,0.04620272268930551,0.0,-0.005617040520436907,0.060797120673696844,-0.1703722021475198,0.2344775106822131,0.0,-0.0033082051351654217,0.379634171981218,0.3345013665989207,1.0204783012383078,0.9463411837531841,0.005602313949672588,0.005963349071277602,-0.00036103512160479134,0.03463650220730141,0.13160317530951637,0.06365945175346255,0.06408398859259057,-0.00042453683912754836,0.22993192339605972,2.0155583447992793
late,LR,none,0,106,6,next5,-0.07703639394569282,-0.19813530118247924,0.11731943500363659,0.0,0.003779445693442098,-0.4272578900871701,-0.5041183441769428,0.08287872396304909,0.0,-0.006018317044414901,-0.019040875051800684,-0.14746552349405498,0.12302270259251864,0.0,0.005401922726524366,0.4178986082065335,0.35040023076368354,1.0121205269392306,0.8793250672419216,-0.027274619610903716,-0.027235214519238493,-3.940509166566741e-05,-0.0770363939456935,0.08168428231826041,-0.04124603284990691,-0.040526974699481855,-0.0007190581504255555,-0.09459058851686697,2.2076572275398183
late,LR,none,0,107,7,next5,-0.05270481351904026,-0.1474450270496689,0.08802378077089365,0.0,0.006716429649155914,-0.290817151292267,-0.3016930001320704,0.0054676485993487706,0.0,0.005408140841614587,-0.011006462883058597,-0.1204330455344354,0.10248105156430394,0.0,0.006945537833721908,0.4020262987712869,0.35108141122368325,1.0353729588887282,0.912193023679411,-0.02318792304585715,-0.022961683474508998,-0.00022623957134781936,-0.05270481351904088,0.24277600131954635,-0.1275152843231644,-0.12443822332206933,-0.0030770610010949773,-0.27832344726372993,2.59140662000726
late,LR,none,0,108,8,next5,0.03534229864902891,-0.15086508116214284,0.18345478065391188,0.0,0.002752595520747445,-0.5133699091908385,-0.5939379096613381,0.07258541686308702,0.0,0.007982479208845074,0.10946169214379271,-0.09101532959263933,0.19843088266862124,0.0,0.002046149042117103,0.37418232428670845,0.32630480167014614,0.9962146047427168,0.8325407461259863,0.015265094236975862,0.015039970849330953,0.00022512338764499318,0.03534229864902905,-0.024781116027107863,0.02517496052779844,0.027074597607712914,-0.0018996370799141127,0.013215504226526065,2.846305813765797
late,LR,none,0,109,9,next5,0.008004781987015226,-0.3266842264642588,0.33519323064424056,0.0,-0.0005042052117900171,-0.7774998743796329,-0.900887235439281,0.12215575684720549,0.0,0.0012315885727127026,0.12822570002745617,-0.23880287232962558,0.36779846152264456,0.0,-0.0007698671917801208,0.3673329682365827,0.31900328587075577,0.9871998245453263,0.7645290539253251,-0.0043267268758047095,-0.003615926604323416,-0.0007108002714812656,0.008004781987015264,-0.09083360385512762,-0.06670199974520585,-0.06305346857836946,-0.0036485311668366105,-0.09901739842242563,2.5133975842843217
late,LR,none,0,110,10,next5,0.039934319031578513,-0.278157920604489,0.3112873732999134,0.0,0.006804892733480506,-0.6255623081294921,-0.6925643022484763,0.06551569505109679,0.0,0.001486337063513002,0.1353109737839288,-0.2187666438104399,0.34651051275328537,0.0,0.007567129576181847,0.36459323645253294,0.3328806193127801,0.9760975050765291,0.7456562996874295,0.007110045571629087,0.007287866855788749,-0.00017782128416002352,0.039934319031578625,-0.16450215725144446,0.011508996597815013,0.01243179200622091,-0.0009227954084053691,-0.022845241638595137,2.616828680521084
late,LR,none,0,111,11,last9,0.06275087911578309,-0.21325200249700796,0.26285098685280134,0.0,0.013151863930650534,-0.7978953301294645,-0.9294467831334989,0.11558692229203647,0.0,0.01596445783919774,0.21258636848906134,-0.08856500069476438,0.2884891444877611,0.0,0.012662201186344665,0.3344545891398366,0.3546371936568957,0.982686806662129,0.7687535002170991,0.02640734265814748,0.02513332609343477,0.0012740165647119328,0.06275087911578314,-0.12926389501485946,0.0393944954609764,0.041464724649515006,-0.00207022918853908,0.04019042469728884,2.270270372409371
late,LR,none,0,112,12,last9,-0.24698358995631828,-0.33080549007670806,0.06602317599272137,0.0,0.017798745102877604,-0.6357250809009609,-0.7358582000194563,0.08098839302591354,0.0,0.01914470655367005,-0.1691077010775943,-0.24966200381575895,0.06302522078117226,0.0,0.01752911104832312,0.4808602150537634,0.3667383512544803,1.0391998601225216,0.8996668520571424,-0.07829262957888128,-0.07664035285337345,-0.0016522767255082726,-0.24698358995631775,0.27926918280953394,-0.02377316002301022,-0.019564911965607834,-0.004208248057402664,-0.15134944540341078,2.6590241365171563
late,LR,none,0,113,13,last9,0.07238848484489477,-0.12677317825574502,0.22256544648405424,0.0,-0.02340377806230235,-0.242237360399463,-0.26350927787962874,0.03328942137149196,0.0,-0.012017538039658208,0.1330764318353665,-0.10039825295609836,0.2590747592192399,0.0,-0.02560006149343097,0.4008919722497522,0.33109160413422056,1.0023774140219848,0.9198593814359353,0.006449898411006405,0.006163775803939231,0.0002861226070672296,0.07238848484489502,0.016640728791821324,-0.07114458788532252,-0.0663345566100575,-0.004810031275264914,-0.1789593614717977,2.152119676199301
late,LR,none,0,114,14,last9,0.1578113570873732,-0.14711554740833122,0.3169717714905098,0.0,-0.012044868661787802,-0.5144036134068057,-0.6032474582904013,0.09622683280144206,0.0,-0.0073830031678993125,0.2570449563090226,-0.07978052331120222,0.3495585417017933,0.0,-0.012733061743393339,0.35016330974414805,0.3268236254763201,0.9871669175155091,0.8462494248071881,0.04046098734465975,0.03921105870492392,0.0012499286397360254,0.1578113570873736,-0.09471568722123092,-0.017141583755677203,-0.01418705837621248,-0.002954525379464029,-0.045079967908419505,2.302804329395596
late,LR,none,0,115,15,last9,-0.1798406540332957,-0.46296057143951275,0.29187867790096655,0.0,-0.008758783656706579,-1.0304945343832719,-1.0660243135306622,0.04695616119801545,0.0,-0.011426491116002344,-0.01597138800733937,-0.3467868666388184,0.33906035069699275,0.0,-0.008244878679106392,0.4147166425070753,0.3249810174639332,0.995001530487404,0.809264977525609,-0.08515790271251067,-0.08271106892409374,-0.0024468337884172853,-0.17984065403329552,-0.04072238676440776,0.002341973713441803,0.008182571508764447,-0.005840597795322561,-0.06169405242485393,2.1653708084051146
late,LR,none,0,116,16,last9,-0.08806649480203042,-0.26727988793173746,0.17776250410171024,0.0,0.0014508797529118867,-0.8482985306859888,-0.8859915752948507,0.027694918110803584,0.0,0.009998038068783409,0.040983631462941254,-0.1622529782422714,0.2032366225369955,0.0,-8.67036719663759e-09,0.42602832097100474,0.32737693863789613,1.023136807641236,0.8184808836446504,-0.04467155205011064,-0.0438677118943982,-0.000803840155713248,-0.08806649480202955,0.15973656636975786,-0.02883100574919517,-0.022351627492714687,-0.006479378256481122,-0.09097515830650549,2.768769737787954
late,LR,none,0,117,17,last9,0.010554401040563054,-0.32862572294993975,0.33162803277002867,0.0,0.007552096403977059,-0.5907033439400678,-0.6838359368861006,0.08815771335877026,0.0,0.0049748374516581035,0.10196809009922521,-0.2746204709289997,0.3686446371455629,0.0,0.007943936260440822,0.36083925459176835,0.3271215980694463,0.9750823155422869,0.7567943832116616,-0.000635911179201365,-0.0013834225684004053,0.000747511389199651,0.010554401040563377,-0.197605390751602,-0.001110874439440579,-0.0005358566896429551,-0.0005750177497975684,0.027759602972847297,2.724471078031929
late,LR,none,0,118,18,last9,-0.06602575252815415,-0.2650992517095161,0.1791614999095353,0.0,0.01991199831356536,-0.5655499508134654,-0.6435667633832686,0.05869366950105643,0.0,0.019323092724649125,0.02734336472094675,-0.19435757874604004,0.20167887748756722,0.0,0.02002207425216636,0.3848681910355919,0.34508076358296624,1.0241669561221516,0.8776071852571977,-0.032748348094097324,-0.033218400786205304,0.0004700526921078696,-0.06602575252815424,0.18327116844429803,-0.10670000130405022,-0.10285548529682176,-0.0038445160072296813,-0.27196784744147884,2.8146038915438396
late,LR,none,0,119,19,last9,0.2732657957418783,-0.12301922718863396,0.4178699793304098,0.0,-0.021584971864329717,-0.45214868273201086,-0.5135746603383291,0.08058714352556624,0.0,-0.019161228780123506,0.4070648018462187,-0.05098326659681591,0.48008008065300944,0.0,-0.0220320189323746,0.3234477622046178,0.29148892951452365,0.9660713451968871,0.8021626307296839,0.0839304224605888,0.08129392523497714,0.0026364972256124053,0.2732657957418776,-0.26357701307613723,-0.058859182552333245,-0.05695029617207137,-0.0019088863802607936,-0.19345198995856938,2.561630062834408
late,LR,none,1,101,1,first5,-0.12654254391668254,-0.27709499548801064,0.15974669879634334,0.0,-0.009194247330800676,-0.7880554901661874,-0.8537944078925362,0.07033577629940893,0.0,-0.0045969331563702805,-0.020336405732190376,-0.18450570024895863,0.17410165412072592,0.0,-0.009932347752349975,0.39982049157691246,0.33181441590720795,1.011615607659948,0.8322825552917289,-0.039853128187500086,-0.03818114542398998,-0.001671982763509744,-0.12654254391668252,0.06433759150685514,-0.012326892613157447,-0.009920235660349164,-0.002406656952807673,-0.1205202920415096,2.272644748884119
late,LR,none,1,102,2,first5,0.11916564935373775,-0.124504566881455,0.24289989564069406,0.0,0.0007703221089481476,-0.22391529957701498,-0.3062293352375449,0.08096807506377116,0.0,0.0013459080948403622,0.1718878681844663,-0.09657840824719337,0.267784416062835,0.0,0.0006818701841219915,0.3582873116520079,0.3383104929433422,1.011761819718057,0.9438611699334541,0.036253921708582215,0.03513310400538705,0.0011208177031949151,0.11916564935373719,0.0689730748548607,-0.07234047220485751,-0.06705586824846943,-0.0052846039563883285,-0.017988941281726234,2.0521615695032063
late,LR,none,1,103,3,first5,0.13753616511148345,-0.06410929722874704,0.19601565638008833,0.0,0.005629775830709608,-0.3401149587574397,-0.41243649356141027,0.06777656480186237,0.0,0.004544931786088809,0.21112447642995724,-0.010445003597872425,0.21577254110762534,0.0,0.005796910036614784,0.3322600965913068,0.3208511233988941,1.0112713732199994,0.8907827028471682,0.04926636463363154,0.04828868116001983,0.0009776834736112683,0.13753616511148348,0.06146328942582979,0.050187751237875666,0.05180511550546152,-0.0016173642675857969,0.0932566516104929,2.2545885270292336
late,LR,none,1,104,4,first5,-0.13809387611578613,-0.4107870520601824,0.2648151396465707,0.0,0.007878023885226465,-1.047530145109047,-1.1347177834019617,0.07461175205174293,0.0,0.012575788894691133,0.03520760567469806,-0.2728353640391178,0.30106015211813475,0.0,0.006982821368017704,0.4067051387743886,0.3142346798571036,1.000211605680549,0.7845250739651405,-0.05437851489565393,-0.053126436758759166,-0.0012520781368948464,-0.13809387611578572,0.001225206819863267,-0.00927119241007679,-0.008434156430001227,-0.00083703598007559,-0.05736770977703154,1.9655834748014565
late,LR,none,1,105,5,first5,-0.000800254506211513,-0.2210165419881871,0.2296776796867136,0.0,-0.00946141726111796,-0.45325006469275364,-0.5229316654340183,0.08618373580128834,0.0,-0.016502217828925417,0.07715474999644971,-0.16899796605390255,0.25440102090566785,0.0,-0.008248319968095611,0.36947208402432286,0.3369264787175235,1.0007582487664655,0.8945153123764851,-0.01903331351795412,-0.018783094655752564,-0.0002502188622020285,-0.0008002545062106847,0.004621824939232688,-0.08689479954163781,-0.08104042764259756,-0.0058543718990404225,-0.17437945658718723,2.1032146523307453
late,LR,none,1,106,6,next5,0.013113436359742213,-0.1710617688153092,0.18827509329167713,0.0,-0.00409989695143619,-0.29911221025154583,-0.34273676618042065,0.05279963953886902,0.0,-0.009175070619149467,0.06598892270489923,-0.14198856782267927,0.211217893099307,0.0,-0.0032404151027187315,0.3811461036683734,0.34081503822683595,0.9908973734555904,0.8815001683632734,-0.0034200328612477016,-0.0036053750653062266,0.00018534220405855284,0.013113436359741826,-0.05154250206408584,0.03364789017882064,0.034563132871974656,-0.000915242693154128,-0.011893226343892227,1.8791009142052042
late,LR,none,1,107,7,next5,-0.10993376027758012,-0.23666437468664306,0.12409042475139603,0.0,0.002640175334342848,-0.5256123391902835,-0.589642980829221,0.05558559337621182,0.0,0.008444974817574063,-0.04338223903325234,-0.18015132735344286,0.1350582758072045,0.0,0.001710807655262962,0.4367937853107345,0.34562146892655365,1.0112536469273297,0.9015447368379521,-0.03319325154361508,-0.0317509987782052,-0.0014422527654096573,-0.10993376027757984,0.06752601257247282,0.013736259432865605,0.01441909856943635,-0.0006828391365706898,-0.13024442476513487,2.277018215517824
late,LR,none,1,108,8,next5,-0.22371267818895166,-0.3834098366265452,0.15526797740493833,0.0,0.004429142390680736,-0.8817108611241317,-0.9645492585186405,0.08429553252375756,0.0,-0.001457249791430248,-0.107826521283523,-0.2810599882897272,0.16776759229258711,0.0,0.00546584946026576,0.4509844416907614,0.3335398595621644,1.0067794266240708,0.8218930249172897,-0.074460267883111,-0.07162185214677841,-0.0028384157363325335,-0.22371267818895113,0.042251332116451046,-0.07976584177422108,-0.07297020802232224,-0.006795633751899011,-0.22029705253201204,2.358400867992014
late,LR,none,1,109,9,next5,-0.04928880867237252,-0.16535744323985732,0.1051262085431681,0.0,0.010942424580558243,-0.47069159293159984,-0.5602248721980263,0.08921326103497049,0.0,0.00032001403431810503,0.015195639453772038,-0.10493352296577202,0.10756126041386292,0.0,0.012567900983253926,0.388752052545156,0.3325807334428024,1.0292286782627074,0.9197142235698704,-0.013708144845444359,-0.014624991042077262,0.0009168461966328201,-0.04928880867237284,0.1721119020527606,-0.002793705793335377,-0.0015891566484400599,-0.0012045491448952894,-0.044882805195551434,2.472687410350492
late,LR,none,1,110,10,next5,-0.09156985453851002,-0.30855770636921326,0.20190791796577445,0.0,0.015079941293055064,-0.5474281095870172,-0.6250034320512136,0.0749778252963178,0.0,0.0025974469958445667,-0.018069676834673934,-0.2575356686773182,0.22237345580313742,0.0,0.017092552754778983,0.3790954914589751,0.33744049285914307,1.0091957291037392,0.8947579036482617,-0.02979131983110861,-0.02902712721448264,-0.00076419261662522,-0.09156985453851041,0.054662651111678784,-0.004995306963595958,-0.003973210557800311,-0.0010220964057953141,-0.06588288173180556,2.4108060004500373
late,LR,none,1,111,11,last9,0.017904738609764114,-0.20032415399289505,0.2295855437473106,0.0,-0.011356625042435193,-0.3862926164758124,-0.4304632708859991,0.06781268698135444,0.0,-0.0236420901676349,0.08190730163421946,-0.1638828137712974,0.2552014398696817,0.0,-0.00941128510869449,0.38741508759385057,0.3355023239184841,1.0005574136654112,0.925419516170803,-0.0014731017725306828,-0.0010633828716111182,-0.0004097189009189539,0.017904738609763715,0.0032533552047668834,-0.009011266798601092,-0.005762571315402809,-0.003248695483198366,0.02725868009121779,2.1303022324892025
late,LR,none,1,112,12,last9,0.11457831473465172,-0.23862502177044148,0.35482349085712905,0.0,-0.0016201463525324527,-0.2706168397377449,-0.4142959677391125,0.1345594471526336,0.0,0.009119606649229227,0.1617881571705364,-0.21709464273152737,0.38181923749839475,0.0,-0.002936419522447993,0.33933554817275746,0.32325581395348835,0.9725760554744456,0.8955996824320253,0.0389421826263634,0.038867689587662735,7.449303870088464e-05,0.11457831473465152,-0.16502619403341434,-0.0589299076430958,-0.05562566730389307,-0.0033042403392028186,-0.08677923007521482,2.269285560996864
late,LR,none,1,113,13,last9,0.022275770373336726,-0.2654901174840999,0.29208520159331186,0.0,-0.0043193269251892135,-0.41747274210452906,-0.5191606345732349,0.11490993979426953,0.0,-0.013222073559957265,0.08516430390312214,-0.22921263986493223,0.3174230755738598,0.0,-0.0030461431295397013,0.3485655029381265,0.3127549256826823,0.9852249956920195,0.8850349676210406,0.0026711314597052116,0.002750487391080636,-7.93559313751746e-05,0.022275770373337167,-0.09171783903708963,-0.05341789640118133,-0.05163080749897997,-0.0017870889022015002,-0.08011128440804871,2.3063619109189704
late,LR,none,1,114,14,last9,0.2307566685961201,-0.1683287843151338,0.4166588416619871,0.0,-0.017573414141430526,-0.46955426158866365,-0.6110146692868677,0.14961156128786612,0.0,-0.008151249078442915,0.3379023799791634,-0.10059902026302459,0.457516365934873,0.0,-0.019014980358561948,0.3018675027262814,0.2919847328244275,0.98543118206311,0.8580990129290136,0.07390444909290439,0.07333937374477317,0.0005650753481313553,0.23075666859611932,-0.09440091390873562,-0.02812038266693584,-0.02049481928665653,-0.007625563380279338,-0.05587526784348462,2.0771765566111693
late,LR,none,1,115,15,last9,0.17199835450065404,-0.15547344580102374,0.32621696147042345,0.0,0.0012548456771497617,-0.13936778790532103,-0.26666953121952724,0.1354800741206869,0.0,-0.008178341649287447,0.21575788296825993,-0.1398459012396342,0.3530232037526067,0.0,0.002580589787160507,0.3295945945945946,0.3212837837837838,0.9978060800548818,0.8859056377943493,0.05543376193113447,0.053476910515827925,0.0019568514153070204,0.17199835450065404,-0.01434161947208068,-0.013900862770881872,-0.012114230403442505,-0.0017866323674388673,0.04929939616872847,2.404949519028249
late,LR,none,1,116,16,last9,-0.04433464621252574,-0.17596078620724676,0.12224378081700692,0.0,0.009382340221820194,-0.43004321223277114,-0.5005014778225942,0.06481572725784207,0.0,0.005642473980359983,0.016164898848537668,-0.12505560564794135,0.1312515432059021,0.0,0.009968949455138843,0.4004546707081841,0.3131716726370901,1.0141980936421546,0.9746154783551966,-0.006692696733732184,-0.0066471995677392925,-4.54971659928638e-05,-0.04433464621252625,0.08942380789233972,-0.014593868934761112,-0.010141905252102568,-0.004451963682658988,-0.13939451452891838,2.488324750994183
late,LR,none,1,117,17,last9,-0.03834968829894326,-0.2368130315476162,0.19571253845998612,0.0,0.0027507783757072498,-0.6784493894215451,-0.8096442760934219,0.15180806986848008,0.0,-0.020613281109402762,0.04808200558781477,-0.1594644955452995,0.20164089240688948,0.0,0.00590559196775773,0.3957726441298015,0.3476051758010975,1.0110333865959635,0.9892958520840696,-0.015789726749410704,-0.015224306690854839,-0.0005654200585558933,-0.03834968829894336,0.06782360895707562,-0.026313490357030567,-0.02399696835946674,-0.0023165219975635476,-0.2740190323972973,2.226078595261284
late,LR,none,1,118,18,last9,0.07384598022465752,-0.13350980434569695,0.2146131101324467,0.0,-0.007257291363088347,-0.4623732915340456,-0.5602114452401863,0.09721689320710994,0.0,0.0006212618368249457,0.16887904714997912,-0.05788632765999101,0.23541900639062044,0.0,-0.008653591557720268,0.37916666666666665,0.3145491803278688,1.0065186192318192,0.935666254825262,0.013763006000425015,0.013354746216553082,0.00040825978387148965,0.07384598022465827,0.04144752086163539,-0.014011738813336727,-0.008951209688297546,-0.005060529125039459,-0.004060944835159397,2.295814004990639
late,LR,none,1,119,19,last9,-0.2386673148325603,-0.31279039416431664,0.06998547212382179,0.0,0.004137597304582876,-0.8312277441869131,-0.9034727684952168,0.06210546900711763,0.0,0.010139474522400991,-0.14282935103609473,-0.21725617823967835,0.07125994712418184,0.0,0.0031668816391125666,0.4209546144295765,0.32976962339633054,1.0309094601337214,0.9685482156353193,-0.09153453573764025,-0.08979562744037439,-0.001738908297265862,-0.23866731483256043,0.19480166522489206,-0.05883629926606471,-0.0554671605299033,-0.0033691387361614034,-0.18284338728312477,2.504528499331304
late,LR,none,2,101,1,first5,0.024771725947298755,-0.20067319849561527,0.2212229086822223,0.0,0.004222015916148699,-0.5625679669436984,-0.5759836327491011,0.010528532457535617,0.0,0.0028871168299404435,0.08761888903820587,-0.16051382163629335,0.24376785836841228,0.0,0.004364854245647405,0.3608747673491093,0.33142781175219355,1.0031639864570996,0.8044548544142113,-0.002719700593169172,-0.0035721754812572115,0.0008524748880881783,0.02477172594729815,0.01779235787304767,0.004616660838469677,0.006529154927225722,-0.0019124940887559339,0.09441206206249486,2.2552733889454206
late,LR,none,2,102,2,first5,0.000530873456382559,-0.2655442587881979,0.25806554743280824,0.0,0.008009557719293004,-0.5842745062442873,-0.6902779938461289,0.10471516327286769,0.0,0.0012882381148858171,0.08386570531179555,-0.2050196541539329,0.2799179942852512,0.0,0.008967346512833959,0.36019283746556474,0.31694214876033056,0.9890443445249468,0.7865426277044393,-0.0014597476988953417,-0.001004236605290476,-0.0004555110936053097,0.0005308734563831408,-0.06435539804958612,0.04437770926225326,0.04499916166248097,-0.000621452400228012,0.18816559058205273,1.9517287117922706
late,LR,none,2,103,3,first5,-0.006188521897587238,-0.27703488220378597,0.26908041419812095,0.0,0.0017659250076804385,-0.4378461628562894,-0.5443200337220025,0.1069396197988586,0.0,-0.00046585184047551577,0.05386343326993819,-0.23985033034396414,0.2916373454144109,0.0,0.0020764084800260723,0.3923568611451108,0.33612131102951176,1.0037144057507064,0.8347535404909088,-0.010314899270241984,-0.011005923779093152,0.0006910245088511124,-0.006188521897587229,0.022186229558646353,-0.07141573528005063,-0.06803647269846635,-0.0033792625815840527,-0.10761954231509918,2.534224805476038
late,LR,none,2,104,4,first5,0.21736964077670645,-0.10015116919711003,0.32398475188725234,0.0,-0.006463923908998743,-0.4690806334899251,-0.5862688654695157,0.10763210553860955,0.0,0.009556142950962371,0.28772931574460414,-0.05032515209425365,0.34616043226235005,0.0,-0.008105946265876757,0.3230140186915888,0.27764797507788164,0.9893287183932902,0.8232108600806411,0.06173362827224338,0.05919231324694252,0.002541315025300722,0.21736964077670695,-0.06383586740413882,-0.008771023869201588,-0.006125532036683534,-0.002645491832517999,0.11608129433257197,2.1407261445202916
late,LR,none,2,105,5,first5,-0.0016691821769210268,-0.17257273957989297,0.17106342493801932,0.0,-0.00015982874945547385,-0.556868714829434,-0.6191244074549204,0.06733465557007036,0.0,-0.005079054872078608,0.07661280126729815,-0.10960987989488638,0.18568896643939023,0.0,0.0005337719386606894,0.3988966832391201,0.34924742899952327,1.006322830304961,0.8830552609165516,0.000582348196172422,0.00035512997709297167,0.0002272182190790617,-0.0016691821769208026,0.03693559977344307,-0.1259944068964387,-0.12121724491452834,-0.004777161981910472,-0.2550775301271453,2.5486225886379055
late,LR,none,2,106,6,next5,-0.1441043487514173,-0.34035058708427923,0.19978562991767543,0.0,-0.0035394189493358915,-0.7919768047745535,-0.8908486365149437,0.09820325973460639,0.0,0.0006685341189640945,-0.04841423616177699,-0.2590425767796762,0.2147892442086853,0.0,-0.004160929401175764,0.4120326308633583,0.339768864717879,1.0206617802792881,0.7883008264932146,-0.08190362455697953,-0.08095424747934832,-0.0009493770776316524,-0.14410434875141753,0.12981697105343137,-0.09877624482941227,-0.0947776942197267,-0.003998550609685486,-0.15298727970053694,2.196799744583533
late,LR,none,2,107,7,next5,-0.03619825245906038,-0.32696717590189,0.29790289833625727,0.0,-0.007133987572288626,-0.7951719815132575,-0.8980177279615978,0.10798283649074378,0.0,-0.005137200496043383,0.046871289794352476,-0.26446579259014796,0.31868961597654605,0.0,-0.007352535569474146,0.3682558367667255,0.3110980315218102,0.9926402877195442,0.7593142040273957,-0.027692325087447678,-0.026623020488952154,-0.0010693045984953575,-0.0361982524590605,-0.04659766878382676,0.06835688845104393,0.07072909160367047,-0.0023722031526267617,0.18791051564096328,2.5436739301001943
late,LR,none,2,108,8,next5,-0.018609441277615376,-0.23492677366564219,0.22606659472529128,0.0,-0.009749260284235436,-0.6564008505187442,-0.761647655422374,0.12313327310861515,0.0,-0.01788655554890889,0.07338326768502366,-0.1589544728821543,0.24091332197943754,0.0,-0.008575566464939802,0.3826057298772169,0.3181446111869031,1.0136714730694432,0.9177180049392879,-0.01223413932808759,-0.011739258261826535,-0.0004948810662608605,-0.01860944127761588,0.08631526538238976,-0.07599079828796018,-0.0695384400854464,-0.006452358202513997,-0.18618049009047244,2.301072118143506
late,LR,none,2,109,9,next5,0.011182341460922184,-0.28110240365089356,0.30362125853181426,0.0,-0.01133652708293386,-0.901624802537755,-0.9931693733494857,0.10067628873383679,0.0,-0.009131835994354912,0.14009519061337442,-0.18053945072627067,0.33228253101398225,0.0,-0.01164788859187725,0.37014945378996045,0.31438911601099123,0.9743956991341312,0.7167775040928526,-0.00925804195965263,-0.00936261578313502,0.0001045738234825011,0.011182341460921563,-0.1637718762718645,-0.024524632222353127,-0.022194942860703115,-0.0023296893616497893,-0.02252314179272119,2.1768466845277166
late,LR,none,2,110,10,next5,0.18882476552866728,-0.1989784550898419,0.3789223008793953,0.0,0.00888093275027288,-0.3750699502356136,-0.5367848236931946,0.15801305659933496,0.0,0.0037017394927448457,0.25871433757953277,-0.1571104576113651,0.4063019732068576,0.0,0.009522846196556483,0.33456440018466005,0.30956934643540196,0.9899163214252853,0.8016037118274488,0.07361747074817515,0.07200223513824167,0.001615235609933735,0.18882476552866656,-0.06563308493793762,-0.014921949484705266,-0.012861270599387353,-0.0020606788853183566,0.014905733935902887,2.2252590072899086
late,LR,none,2,111,11,last9,0.1743272191047157,-0.10792910371056592,0.2796769684320129,0.0,0.002579336880921833,-0.39685526657827047,-0.476833941114757,0.0833089858567,0.0,-0.0033303701663597056,0.2370765652731319,-0.06740171023175638,0.30124969312835576,0.0,0.0032285694161603385,0.3194041655681519,0.3023991563406275,0.9930797382933121,0.8352506876129011,0.05116947464234656,0.048778425148311655,0.002391049494035541,0.17432721910471516,-0.044198337879203464,-0.05010882162944785,-0.04870456263529466,-0.0014042589941527517,-0.06707374307745706,2.2628375203480644
late,LR,none,2,112,12,last9,0.08503984873642041,-0.27374964776905364,0.35981455264331513,0.0,-0.0010250798727784048,-0.4867954976416497,-0.6263398950898235,0.1435900525866563,0.0,-0.004045737171370322,0.15215456421853082,-0.23236711645023073,0.385192217548922,0.0,-0.0006705537728301862,0.34186183822082267,0.3066325526471167,0.9886956210995509,0.7836542743937586,0.014422802136953017,0.013667290932473541,0.0007555112044792534,0.0850398487364199,-0.0715658886806052,-0.035238580252048735,-0.03147326409002327,-0.0037653161620255504,-0.04865155790667508,2.684046510561152
late,LR,none,2,113,13,last9,0.0719948475614243,-0.3682712112489881,0.4418978017720003,0.0,-0.0016317433266414725,-0.8380620685654757,-0.9460785033804834,0.10286408264262849,0.0,0.005152261233740196,0.17473874232217548,-0.3030377400641212,0.48017413827502065,0.0,-0.002397646028172196,0.3848071372343217,0.3173051692469168,0.9538782147630892,0.6918228388078292,0.024250897654327197,0.024387509961141696,-0.00013661230681466519,0.07199484756142382,-0.3056201917065344,-0.020359118112033947,-0.015001085844493112,-0.005358032267540697,-0.0633794129901819,2.1684285792597695
late,LR,none,2,114,14,last9,-0.031687279303050514,-0.2927853855030972,0.2621806368090974,0.0,-0.0010825333898776745,-0.5654549689929039,-0.666275844346537,0.10112380133508501,0.0,-0.00030293366643242863,0.046546054680156115,-0.23804358608242066,0.2857864365667374,0.0,-0.001196797866194978,0.38786602350703175,0.347917657449555,1.0090497165898347,0.7750298235373525,-0.028172352782632082,-0.029041176015808468,0.0008688232331769408,-0.03168727930305071,0.06272372294427164,-0.13504812495627583,-0.13044885550004626,-0.004599269456230098,-0.3679693140857285,2.620797654190376
late,LR,none,2,115,15,last9,0.0876207188843933,-0.20059261988009594,0.29702870262511616,0.0,-0.008815366035388177,-0.6296339057300827,-0.7033200349389067,0.0891311730933269,0.0,-0.015445030520454818,0.15316482341239746,-0.1546524235942664,0.3160267779795548,0.0,-0.008209534567618467,0.3164845173041894,0.31134530314858183,0.9860870978166323,0.7747860891946411,0.017287326150780657,0.01647346512714698,0.0008138610236346489,0.08762071888439316,-0.10287520973915676,0.045874494662147214,0.044266236321872654,0.001608258340274893,0.1383060478771947,2.2247652863016727
late,LR,none,2,116,16,last9,0.17470681826066425,-0.2076414752981489,0.3850695767943611,0.0,-0.002721227930033713,-0.6669583771267642,-0.7617634016754281,0.09326873103215554,0.0,0.0015363141654621574,0.24876992147363822,-0.15888100658592988,0.41074686067844896,0.0,-0.0030958742637307393,0.32858990944372574,0.31558861578266495,0.9669382049387634,0.6678893087328672,0.06035934219251793,0.05902612812349961,0.0013332140690181515,0.17470681826066503,-0.22260922167438135,-0.07236053918585661,-0.06787391997156167,-0.004486619214294468,-0.12276700346973524,2.1415028828357663
late,LR,none,2,117,17,last9,0.022914855455008824,-0.23497270261980713,0.2629887691467428,0.0,-0.005101206187154824,-0.6005609384574291,-0.7627250223267003,0.1650939344640186,0.0,-0.0029298440942554745,0.09451289005619766,-0.17436725615954163,0.2742307096187344,0.0,-0.005350558703767443,0.36513639387890884,0.3321357285429142,1.0080250760338525,0.8284913936319624,-0.016218235801562564,-0.01685433264508074,0.0006360968435183134,0.022914855455008265,0.054051849749708225,-0.12690716428915216,-0.12381483169738416,-0.0030923325917683597,-0.15229671274038825,2.73801924127074
late,LR,none,2,118,18,last9,-0.030174441503258095,-0.3570358791851112,0.32389096298792835,0.0,0.002970496631541417,-0.7897696149775618,-0.8974264383651216,0.10889886128049787,0.0,-0.0012420908531934835,0.05268928983753982,-0.29808503315724255,0.34734430810963823,0.0,0.003430044993319533,0.4063813025210084,0.33370535714285715,0.9813394123355135,0.6939994095897961,-0.012010166298101588,-0.011001156677926893,-0.00100900962017475,-0.03017444150325943,-0.12726837423242277,-0.014593786855626512,-0.014069151931257906,-0.0005246349243679949,-0.06037573889592274,2.4606318946613097
late,LR,none,2,119,19,last9,0.11663288017906966,-0.07943730095576097,0.2003013496223235,0.0,-0.004231146308516371,-0.2603243130367274,-0.3688569145211402,0.11293846461256325,0.0,-0.004405881830146055,0.15383435936619985,-0.050874806528877894,0.20892309396600467,0.0,-0.0042139018574536315,0.3675069270798135,0.3264175170642698,1.0046101936941756,0.9778805192926644,0.04173207479399643,0.040421817390466686,0.001310257403529247,0.11663288017907014,0.03276094743466729,-0.04003306245835603,-0.036148667657950107,-0.003884394800406893,-0.051676544957848236,2.550360099760918
late,LR,l2,0,101,1,first5,-0.2550674506007762,-0.29525546954630644,0.03268231311146163,0.0035503911717025436,0.003955296495442998,-0.4983287334579787,-0.515748806218836,0.023879504248395692,-3.61534486836984e-05,-0.006423317864549254,-0.11210392316621574,-0.16567255846289716,0.037855683043638066,0.005658186806953104,0.010054760007926666,0.5623874940786358,0.3212695405021317,2.2596920475413524,1.2524042137341345,-0.08319136644195135,-0.08147979328588882,-0.001711573156062511,-0.25506745060077607,0.14117612018039682,-0.01025595441122279,-0.01057005453865717,0.0003141001274343594,-0.10879100157334537,0.7033229100586623
late,LR,l2,0,102,2,first5,-0.19612139118535837,-0.20182931880752836,0.010204203159126351,0.0037152732664564193,-0.008211576094783622,-0.415369414461945,-0.4008667875805058,-0.015491686638192781,4.700850671957895e-05,0.0009420065995861684,-0.06801357104327262,-0.08553063629243926,0.02521845222441017,0.005858660445282138,-0.013560064568892752,0.5536315986521901,0.3008236615499813,2.359730406444343,1.5923089804419612,-0.06533540523558828,-0.06407689564925591,-0.0012585095863323695,-0.19612139118535835,0.15759626300453478,0.0007231151784649406,0.0006686445983937472,5.447058007120725e-05,-0.07270908272646062,0.7421926857052785
late,LR,l2,0,103,3,first5,-0.24023545695583548,-0.20927830122673893,-0.024243939600714887,0.0032363290627654517,-0.009949561605114477,-0.4279216060534385,-0.4033738326017564,-0.012257687624665708,7.089148761929314e-05,-0.012361012469874807,-0.11883409129636947,-0.08373114342835997,-0.03199702828641283,0.00528383467988315,-0.008389758552997067,0.6356747900880606,0.36289166496006553,2.1739922579910025,1.7239010280739213,-0.08581788208425009,-0.08390317069805191,-0.001914711386198177,-0.2402354569558354,0.13655936531643165,0.02807559312028617,0.02672509085560025,0.0013505022646859294,-0.018953951126893815,0.6930144312402962
late,LR,l2,0,104,4,first5,-0.19277841710050928,-0.18524485739171745,-0.005580777634237803,0.0037232013158364176,-0.00567600786532645,-0.3919455019438923,-0.38836359907943735,0.004667089378534897,0.0002963657976006721,-0.008545398971884213,-0.055820683433073885,-0.045569757217374704,-0.012627748483353237,0.006079673152524206,-0.003702864043551517,0.5465104636026835,0.2963853008911585,2.3271770322957677,1.4238662609721207,-0.07358632031897985,-0.0721838724463011,-0.0014024478726787498,-0.1927784171005093,0.13815899715661195,0.0007113639484050867,0.001598439833953337,-0.0008870758855482538,-0.045930828877205454,0.7317062840889089
late,LR,l2,0,105,5,first5,-0.2664808469130543,-0.2748617292941383,0.002765700303132562,0.003977794894158986,0.0016373617755916594,-0.510279791165546,-0.5000498977852278,-0.009372312044688096,0.000973092335173067,-0.0018307204481592084,-0.09808463395762157,-0.11932030604254104,0.01114963862758405,0.00605319572717779,0.0040328270820076985,0.594482891195694,0.34188773548635143,2.317971559415156,1.7072264103493986,-0.09692175052921215,-0.09501180843020252,-0.0019099420990096455,-0.2664808469130543,0.1428388901039757,-0.014343865504313321,-0.012972237049077705,-0.0013716284552356267,-0.11018802932555805,0.7191851824233231
late,LR,l2,0,106,6,next5,-0.1778952808632449,-0.1574042653462595,-0.017748993826764488,0.003298978006646838,-0.006041017097092807,-0.2568849488858069,-0.24330284786226544,-0.008894738698967774,-1.298106291327162e-05,-0.004674405999395845,-0.1158073682964473,-0.08988576812530295,-0.024708666300153514,0.005902263098020125,-0.007115208601763876,0.55451385231223,0.33119140419256293,2.305405805156109,1.260480843846085,-0.0636387003541259,-0.06246083244004154,-0.001177867914084342,-0.17789528086324494,0.1348032802069401,0.03376186646999168,0.03335913579283126,0.0004027306771604358,-0.006708573904957667,0.7202928574360453
late,LR,l2,0,107,7,next5,-0.171332218478508,-0.16950868286225285,0.002392000731083979,0.003598289821272883,-0.007813842877757694,-0.23058314889817008,-0.2233442062069293,0.0007221083338930839,-0.0002459651410666652,-0.007715106722149113,-0.13178657371785685,-0.13357742462523728,0.003506531271956459,0.006164047692639609,-0.007879742010599558,0.576416539050536,0.33608984175599793,2.2535712247774122,1.4211797792304435,-0.0632386444291019,-0.061849097685507795,-0.0013895467435941083,-0.17133221847850796,0.13871672351501113,-0.05232258159726043,-0.05177862635348575,-0.0005439552437746867,-0.12339483809996507,0.6990142759245636
late,LR,l2,0,108,8,next5,-0.22436901700606082,-0.2274136373085405,-0.020267170534536347,0.0038789701640071024,0.0194327970083058,-0.32173915467311737,-0.3368331841321704,-0.0006754682478508913,0.00011447264853101903,0.015654990871157213,-0.16379494454280136,-0.15934361381884346,-0.03245519062392156,0.006220868314238009,0.02178297446708952,0.5706464316588225,0.33138027086735183,2.0950102082146747,1.4513971529920389,-0.060121177651606406,-0.05891131823141024,-0.0012098594201961563,-0.22436901700606077,0.11336823948892227,0.012220256257268847,0.012185891488470157,3.436476879869338e-05,-0.11669350652548292,0.6818842035925334
late,LR,l2,0,109,9,next5,-0.22298770410901508,-0.21390252112564614,-0.021112986201281034,0.003958464539594538,0.008069314713805915,-0.506472327455702,-0.52044622903057,0.013014772634884814,0.0004645191022548731,0.00049455303518557,-0.062334851465788446,-0.0401819130962951,-0.04045344194319632,0.005938509505920446,0.012361988712828217,0.5799579671379442,0.31066106228505924,2.1923032495798096,1.4376477267196524,-0.07209317932428096,-0.07057982291806844,-0.0015133564062125501,-0.22298770410901503,0.1249814785385121,-0.0038131912008745744,-0.002060321336152582,-0.0017528698647220134,-0.12169283449578788,0.6883395929688839
late,LR,l2,0,110,10,next5,-0.30143733696799885,-0.2709323789319822,-0.031056788847280754,0.003969115837921785,-0.003417299788087457,-0.5368126728827002,-0.5224623557013419,-0.009292790231102651,0.0010177153841271851,-0.0060752795382867575,-0.16460879374153298,-0.12471280938621393,-0.04370865066560505,0.005684825867612377,-0.0018721612724826866,0.6109479044261653,0.38121817469643554,2.3754212500836176,1.502150846614317,-0.11061300203308347,-0.10850872398953071,-0.0021042780435527667,-0.30143733696799885,0.1405937871517266,0.01369717414274952,0.013757136733207408,-5.996259045787378e-05,-0.042357600474207086,0.6849299283786392
late,LR,l2,0,111,11,last9,-0.22763993396509977,-0.21034380390136856,-0.02668880694287812,0.003684302171904594,0.0057083524604563994,-0.39887216707410267,-0.41130595117424124,-0.0002804740281901699,0.0001138627583703979,0.012600348227176254,-0.12286504154895005,-0.0873775435312782,-0.04284774028030021,0.005869010031161949,0.0014912252182335303,0.6069210292812778,0.35531893916987084,2.151039292290448,1.3470029002464916,-0.07624546545979605,-0.0747855841260745,-0.0014598813337215674,-0.22763993396509974,0.13543392825396094,0.018238548371885054,0.01949762413744125,-0.0012590757655561863,-0.06177292138330662,0.6764715892434924
late,LR,l2,0,112,12,last9,-0.2761276238251668,-0.22677071027964657,-0.06058249612955627,0.003274142108111724,0.007951420678249804,-0.4133561554083039,-0.3684170055340775,-0.05067016858028372,-0.00033096872884456766,0.006061953783747742,-0.17755722205740898,-0.12502705631009975,-0.06770245943247537,0.005863670827223564,0.009308613011136592,0.6397946859903382,0.35144927536231885,2.486981567433767,1.6675361430777897,-0.09109831862856393,-0.08907711751881747,-0.002021201109746476,-0.2761276238251668,0.17413491585969898,0.011010876006618828,0.011756331994835972,-0.000745455988217146,-0.09791072621179019,0.6996887943387216
late,LR,l2,0,113,13,last9,-0.3875407121859172,-0.3768870199212286,-0.008093974678098345,0.003432686771308148,-0.00599244039096405,-0.7236545908724186,-0.7409421155323376,0.022617476754611746,0.00129562860743338,-0.00662565069462113,-0.13406192989020427,-0.10233649352025097,-0.03125487878036003,0.005044339652739264,-0.005514907665045877,0.6036405222529305,0.31697322024206614,2.828886906459259,2.8674319622946176,-0.1483831509346514,-0.14562850653962453,-0.002754644395026845,-0.3875407121859172,0.18299156036228648,-0.041847901263639395,-0.04089832276829246,-0.0009495784953469436,-0.19375344894105392,0.741654984460644
late,LR,l2,0,114,14,last9,-0.25502084318423934,-0.27560189101391885,0.013834727199845987,0.003627623424499532,0.0031186715145006772,-0.46468860103152576,-0.48737883258448,0.012729742119019664,0.0010382249047742216,0.008922212348254858,-0.11918993018793964,-0.13840456692155537,0.01455057943157182,0.005305136308009906,-0.0006410875355021511,0.5849747599722854,0.33851331287736314,2.404458226674534,1.5778711079495367,-0.07561627395922968,-0.07433372488688163,-0.001282549072348045,-0.25502084318423934,0.14728763037952036,-0.00037643371725743294,0.0017924078167457225,-0.002168841534003152,-0.12797028870889157,0.7257888842203322
late,LR,l2,0,115,15,last9,-0.394554581550135,-0.3975978089162349,0.0038874445298449924,0.004103045843544702,-0.004947303883263273,-0.6430932068482442,-0.672989343037339,0.032680818637033274,0.0005151997892072596,-0.003299946341403337,-0.24747133166518204,-0.2346232137974656,-0.013152253158024721,0.006226305586877926,-0.005922197426223135,0.63002777031264,0.33342291498701065,2.0364778746820327,1.7964219036260212,-0.15031114409447238,-0.1473617162090033,-0.0029494278854690498,-0.3945545815501349,0.11974543365821745,-0.013715153142771802,-0.013763556839190769,4.840369641897352e-05,-0.13833798600406502,0.7570211978858192
late,LR,l2,0,116,16,last9,-0.3378005133991842,-0.31617076653929754,-0.008209185970764024,0.003918255214756034,-0.01733884703980934,-0.5562223730917933,-0.5385951002290169,-0.0029459640989507475,0.0009130052661927127,-0.015594367266747629,-0.21327413131002795,-0.1893624992626079,-0.011209847071039423,0.005631604345172197,-0.018333407543381672,0.6089150546677881,0.31529763573497804,2.365250658416497,1.3894311173431932,-0.133998113282774,-0.13150218620945062,-0.002495927073323398,-0.3378005133991842,0.15466446908139075,-0.0212034907758335,-0.020328047270331898,-0.0008754435055016094,-0.105028971424119,0.7425070358712874
late,LR,l2,0,117,17,last9,-0.2026415969010917,-0.21013332252236339,-0.004587020041908526,0.0033299104215816517,0.008748812262352237,-0.5651085913078656,-0.565226062667627,-0.007610969593396728,0.000611442251982138,0.007116942923435377,-0.012531246849720007,-0.023890695824170277,-0.003000988440018848,0.004755720063013703,0.009604711574694664,0.5199382060442213,0.33320459592546103,2.3420566980047846,1.6633796048551548,-0.0647829072661631,-0.06366108283527926,-0.0011218244308838568,-0.20264159690109174,0.14052363153817599,0.05353530400561182,0.05199114212021711,0.001544161885394718,0.006246200912703767,0.7339295645451076
late,LR,l2,0,118,18,last9,-0.26790428203381145,-0.29289957782602577,0.013439688841036655,0.003261250537994047,0.008294335740845921,-0.3705007351799878,-0.39148237323570884,0.015250603838229694,0.00015024167980816946,0.005580767433309221,-0.19461128595567054,-0.222473864112127,0.012146004881046247,0.005483697348286887,0.010232858420949573,0.6049134111961337,0.3099073701167942,2.4781015309199077,1.8757746756607658,-0.10696372754054018,-0.10581936235362074,-0.0011443651869194604,-0.2679042820338114,0.17295394653493865,-0.009128485219898445,-0.010306817447762753,0.001178332227864301,-0.09760855427684995,0.6813010409057326
late,LR,l2,0,119,19,last9,-0.1931007713034416,-0.17954214639149582,-0.015898094043230997,0.003184118884856032,-0.0008446671830625366,-0.3414717582534714,-0.3359202362926457,-0.0032872971443425303,-0.00036303661337770324,-0.001901219723668034,-0.09958821587808055,-0.08098302038043553,-0.02384619675661693,0.005419755257906996,-0.00017876254736409628,0.5650342801175319,0.32419196865817823,2.2341884701685926,1.2619900907432062,-0.06187838999516597,-0.06068251891256577,-0.0011958710826002056,-0.1931007713034416,0.13377163492857386,-0.016017658289195363,-0.016680675215459774,0.000663016926264394,-0.10503735256362014,0.6797798115851335
late,LR,l2,1,101,1,first5,-0.18721090526348946,-0.2135045359527198,0.017790240371941927,0.0032078584637658834,0.005295514253293738,-0.3519316727273258,-0.35197755279243054,-0.007874922490559126,-0.0003689918112451469,0.008289763763841633,-0.07956042566142929,-0.12300783110940548,0.034563274724272744,0.005545448638327415,0.003338672982933088,0.5370332375871973,0.3413007796471071,2.243690761669437,1.2828393938999532,-0.0560408374108076,-0.054306069517594764,-0.001734767893212849,-0.18721090526348944,0.12344693110891786,0.02791177124213975,0.027519006661529066,0.00039276458061067443,0.02105664597972224,0.7232165345190446
late,LR,l2,1,102,2,first5,-0.12898852791500567,-0.10085509650769992,-0.02391669933837914,0.003029707601647021,-0.007246455224080365,-0.23622079902151605,-0.20205335426606266,-0.024564521390756402,-0.00015656362318967665,-0.009446385456404569,-0.04926631675729662,-0.02561889391164537,-0.023435073742657665,0.005398552211306147,-0.005610909313284765,0.5425531914893617,0.3239253148067738,2.4042550868644277,1.6401940287926138,-0.03769342372345541,-0.03661362029385323,-0.0010798034296021775,-0.12898852791500565,0.13774874816238428,-0.004898708046588818,-0.004753740360960577,-0.00014496768562821671,0.02588404240164685,0.7402666070710799
late,LR,l2,1,103,3,first5,-0.1964900036134643,-0.21339619350962846,0.009913792337420329,0.00373258633672893,0.003259788112680602,-0.338458054967726,-0.3348600059240534,0.004382714754887286,0.00019508670817291473,-0.008175893197181648,-0.06521678629100254,-0.10108257582035589,0.015028199012675861,0.007003596631564688,0.013833988881795392,0.57098732559378,0.35094259239535625,2.498940743316654,1.2498330078844684,-0.059990180319065764,-0.058733046337321654,-0.0012571339817441171,-0.19649000361346436,0.15039337219562537,0.04079418657269762,0.03991763105188927,0.0008765555208083212,0.041771426934443634,0.7162316254969802
late,LR,l2,1,104,4,first5,-0.38324400411280574,-0.38456853511440037,0.008079013124631386,0.003786669344498542,-0.010541192899879427,-0.6046031860913551,-0.6089064572465699,0.011294555106569133,0.000826247432121422,-0.007817595685825882,-0.19784188553858884,-0.1966715359112121,0.005385796197793601,0.006266207304127614,-0.012822375406586081,0.6216855593888615,0.3303104977821587,2.06176403770511,1.6922767401422585,-0.15336945052536133,-0.15049849817166497,-0.002870952353696339,-0.38324400411280574,0.12696530645454546,-0.03965977699217122,-0.04054900078944713,0.0008892237972759204,-0.10611398060858364,0.7346565891960267
late,LR,l2,1,105,5,first5,-0.2786949203677042,-0.2635316577963486,-0.01378084013750576,0.003664762132166623,-0.005047215531707205,-0.39428903469531756,-0.384646689687829,-0.00027495569913375215,-8.173559408356846e-05,-0.00928569330428711,-0.1902970775184037,-0.17091182487399376,-0.024109143244187583,0.006529806941469797,-0.001805940712135625,0.6296296296296297,0.3327211509029691,2.3737678466306527,1.3842642014075097,-0.09346553171266195,-0.09156244986335721,-0.0019030818493047247,-0.27869492036770427,0.1448940043516953,-0.012943738409011876,-0.012642327000866666,-0.0003014114081452135,-0.0798939525503852,0.7535875962556454
late,LR,l2,1,106,6,next5,-0.2032722471754241,-0.225081900392245,0.013569317687040412,0.002932755700327968,0.005307559982267781,-0.2913177373148992,-0.3104881379157219,0.013242974192354724,-0.0001215374098013651,0.006048936799454137,-0.13064162186219305,-0.15462845153127588,0.013838525480061717,0.00545230801501407,0.004695982242855144,0.6183328010220377,0.34706696476099225,2.3328346332307475,1.9224613680200164,-0.061016819682711686,-0.059512766120181367,-0.0015040535625303192,-0.20327224717542414,0.14547885449999182,-0.00015930679100415596,0.0005447928677560757,-0.0007040996587602405,-0.06405220731437505,0.6613782111741705
late,LR,l2,1,107,7,next5,-0.23689613262938836,-0.22343776015259276,-0.01772417636752576,0.0034181253281888157,0.0008476564641364183,-0.3231465422445645,-0.3221448707880676,-0.0025664861669587426,-0.00012586293816220197,0.0016906347356317175,-0.18140297067348385,-0.15993000753862732,-0.027476572453879976,0.00569831293207282,0.0003052876805664189,0.5687155401266081,0.32468858484786606,2.2731417361409885,1.4842472473497463,-0.08188732710439982,-0.08034712804050687,-0.0015401990638929455,-0.23689613262938838,0.12163045860166934,0.024490585613182826,0.022504908002100036,0.0019856776110827867,0.04499053546462706,0.7561827470812995
late,LR,l2,1,108,8,next5,-0.18232616343767932,-0.16364328763055028,-0.0005157964991688261,0.002702722963122347,-0.020869822500172802,-0.3111911552775098,-0.28854785291890783,-0.009303868101863373,-0.0003313499024467359,-0.01300811712495212,-0.081962527886365,-0.06636414229930926,0.006328597800160765,0.005065743198242459,-0.02699273704682609,0.5742424242424242,0.36147186147186144,2.4918506510054526,1.4606304158735097,-0.05665567879335355,-0.05509983070750818,-0.0015558480858453502,-0.1823261634376793,0.16729017039206742,0.005483682458162185,0.003693099511311273,0.001790582946850923,-0.04558143986522085,0.7506067837216771
late,LR,l2,1,109,9,next5,-0.20510877627177282,-0.19347112422920534,-0.014227806382126123,0.00335853699415495,-0.0007684034763833195,-0.18989799082404155,-0.18301849283655505,-0.002616159221965609,-0.0005428248326058784,-0.0037205366308213704,-0.2175225727949496,-0.20200170535442166,-0.02370428119274519,0.006542508791477351,0.0016408856700876892,0.6468677980305887,0.35585585585585583,2.3408076295085967,1.8364120099501149,-0.06901093655104054,-0.06818670022299633,-0.0008242363280442089,-0.20510877627177282,0.14135315641494312,0.010807336690935684,0.011676875380084308,-0.0008695386891486162,0.023590216610305123,0.7081100548925555
late,LR,l2,1,110,10,next5,-0.3583423888354698,-0.3754886272761248,0.01919305429606526,0.0036646673647543902,-0.005711518128690598,-0.5371226186086997,-0.5566467433548412,0.03090609647844258,0.0004790462442814657,-0.01186107103274759,-0.1960050899365163,-0.21099214310030287,0.00855729422243458,0.006557297767282649,-0.00012755725590783535,0.5948099912527942,0.3260763922635825,2.3864881295136438,1.4568396734199265,-0.11895182866946202,-0.11615738670615616,-0.0027944419633058673,-0.35834238883546987,0.133158846620199,-0.005470584827108549,-0.005869756371231074,0.00039917154412251465,-0.059493593516230014,0.72717742259329
late,LR,l2,1,111,11,last9,-0.11095275323805504,-0.11321174112076288,0.0010674413765621273,0.0034064485487680196,-0.0022149296159074,-0.22065298705010955,-0.21632389799417026,0.0006515224881423087,-0.000154018889939326,-0.00482663310135766,-0.030083585524062293,-0.03719919294485539,0.0013740497872667529,0.00603116527393324,-0.00028962572324707714,0.5320485519591142,0.309412265758092,2.4650409166634786,1.3578254821017761,-0.041056982038659706,-0.040651417379500995,-0.00040556465915870393,-0.11095275323805505,0.14260308386557302,-0.005205617324455181,-0.005564327248494594,0.00035870992403942703,-0.02133925966898747,0.7015804896210559
late,LR,l2,1,112,12,last9,-0.2297750407565397,-0.2510226533198096,0.015052855097461664,0.0031570065358728304,0.003037728797839146,-0.4160095328248201,-0.42180180451472504,0.0065210035945337365,-0.0003729608170644469,-0.0003558021101222715,-0.10949996987210674,-0.14072904289655438,0.020562946342610165,0.005436751114221952,0.005229359177210158,0.5767309064953604,0.3105944733353727,2.423894999438088,1.3728208104606048,-0.07625308705888283,-0.07376836422410389,-0.002484722834778949,-0.22977504075653965,0.13448359550430397,-0.01895317949544579,-0.018450813567768197,-0.0005023659276775991,-0.0341289021949303,0.7185696307649048
late,LR,l2,1,113,13,last9,-0.47732839933811083,-0.48632418158853186,-0.005229366001203245,0.004187928812684853,0.01003716557161344,-0.9078295584223793,-0.9163196350649144,0.009929498681449395,0.001233731273343602,-0.0026732438016162916,-0.19420701997207507,-0.20353538220802347,-0.015198674069281153,0.006130772553308377,0.01839623396926992,0.6499816311535636,0.31833210874357093,2.193195216306917,1.8781911846856436,-0.16622823602144116,-0.16260370898965257,-0.003624527031788602,-0.4773283993381109,0.11738118176792289,-0.027274006390377407,-0.02668453655148996,-0.0005894698388874547,-0.14314755522766678,0.7685052347277385
late,LR,l2,1,114,14,last9,-0.2979649955837258,-0.30193578173166247,0.007567063977497163,0.0038258308967632844,-0.007422143804413349,-0.5916263056192713,-0.5820124996922993,-0.008306088031127052,0.0011484575458560655,-0.0024562373419858086,-0.07648397945282982,-0.09070034155392927,0.019538684738995258,0.005845120977056586,-0.011167458463590976,0.5857044402874865,0.3222408191395097,2.3157908309250184,1.8289721008361233,-0.11949062948764677,-0.11729394354139133,-0.0021966859462554597,-0.29796499558372586,0.14249453062785714,-0.014400624843880524,-0.013344266478422087,-0.0010563583654584346,-0.06835076935275877,0.680218611578171
late,LR,l2,1,115,15,last9,-0.1146019911322224,-0.1436706977251635,0.022224036584658352,0.003245107533449488,0.0035995543195462515,-0.24171354002779777,-0.24174106912976248,0.005658179665873964,-0.0004222079830120155,-0.005208464183030332,-0.04105028644492046,-0.08692335211574996,0.031809688136930026,0.0053671594650448705,0.00869621769443771,0.48005346493933787,0.3478305572691754,2.3149345067030724,1.1623258276642643,-0.03679273394348882,-0.03658650600705613,-0.00020622793643269854,-0.11460199113222239,0.14237272463303566,0.017393589247551543,0.015935854731835685,0.0014577345157158542,0.02042329357576887,0.748746193948488
late,LR,l2,1,116,16,last9,-0.1959000802390972,-0.20983934079824887,0.0011673545980978204,0.00351808901287942,0.009253795671835015,-0.43893558661264404,-0.4372920176536809,-0.007161507010001487,0.00020903434195850237,0.00530887259134077,-0.016164617757087416,-0.0416280671560042,0.007326914636948685,0.0059652807032248,0.01217124006055238,0.5442724458204334,0.3236326109391125,2.233490553776836,1.4645608606763256,-0.06425403343504783,-0.06257921412025369,-0.00167481931479415,-0.1959000802390971,0.12941083727967304,0.016311927334485065,0.017045780740030287,-0.0007338534055452289,-0.018775458933372242,0.7277194802065914
late,LR,l2,1,117,17,last9,-0.0854722788882735,-0.053466917507234236,-0.04318976218316793,0.0027377591598109997,0.008446634483920386,-0.18277641532947714,-0.15113673623181287,-0.03299903616020513,-0.0006721997916222235,0.0020315388921725947,-0.014061870787175405,0.018211860696576997,-0.05066862105558579,0.005240289568443509,0.013154600773627666,0.5286191536748329,0.33730512249443206,2.6253114984071293,1.5981035694557613,-0.01466315350547084,-0.013885519641416611,-0.0007776338640542238,-0.08547227888827351,0.15844779527683298,0.03259393263340807,0.03377966763577188,-0.0011857350023638039,-0.004991995349508366,0.6979367255541133
late,LR,l2,1,118,18,last9,-0.03564120160355486,-0.018405381958719186,-0.021454864611072984,0.002590569721657064,0.0016284661577287971,-0.19571288967852965,-0.17181480260450116,-0.027977644819626522,-0.0005883644301438411,0.004667902207123687,0.08193703340022598,0.09427918537110822,-0.0166636551632155,0.004925607674070751,-0.0006041055755519134,0.4717338081460049,0.3588916091698197,2.709267697680854,1.0829469216910785,-0.00931060271226708,-0.009111693118521,-0.00019890959374606332,-0.03564120160355486,0.17077243326692848,0.0002992773841384022,0.000765748212534681,-0.00046647082839626486,-0.01576683850749795,0.7309781001436124
late,LR,l2,1,119,19,last9,-0.1552325161335801,-0.166624369258903,0.011940294286439494,0.002646081732778122,-0.0031945373028883315,-0.25707538744496633,-0.2717504443606499,0.009107796400136177,-0.0007112446997973612,0.006278486735575177,-0.07725143975579246,-0.08612934406719051,0.014109137634702843,0.00521678624643379,-0.01044803086173943,0.5514443362544629,0.34069025208265713,2.3557491062755704,1.4420399004260278,-0.056638038930604394,-0.05562610411528049,-0.0010119348153239116,-0.15523251613358013,0.1350575549460198,-0.009611863703669253,-0.008816814586373262,-0.0007950491172960053,-0.021231087998979527,0.7526491534246517
late,LR,l2,2,101,1,first5,-0.1665210137929256,-0.17774452395591786,0.00015841609052687778,0.003639851821179075,0.00742522773720742,-0.4292408334231327,-0.420565012336641,-0.010212858132552582,0.00034047944830314214,0.0011965150996290075,-0.03031871933117854,-0.05185867451247578,0.0055352138809017905,0.005350351196909204,0.01065439009722724,0.5358483483483484,0.346753003003003,2.1681304394332503,1.1805260587770081,-0.04609430320918055,-0.045120462479323234,-0.0009738407298573309,-0.1665210137929256,0.12676945775419501,0.0034735123936794135,0.0023358486765887865,0.00113766371709062,-0.050213072567863434,0.743086295198457
late,LR,l2,2,102,2,first5,-0.3352440162366562,-0.3724092159786611,0.03632552396865798,0.004571987395802713,-0.0037323362010414137,-0.568228157541715,-0.565370805834791,0.011964718675824248,0.0010616188892092425,-0.01588373143918032,-0.1951620735755224,-0.2563908714912774,0.05097248195942351,0.0066825998911665754,0.0035737020617645433,0.5840511499866797,0.34721605541248557,2.08459193405301,1.6290964106071228,-0.1161148012185394,-0.11319212544596932,-0.002922675772570077,-0.33524401623665623,0.12431928661681561,0.0005892561197912982,0.0003927981069943576,0.0001964580127969337,-0.10594094948118901,0.7029694035880942
late,LR,l2,2,103,3,first5,-0.3582039672678546,-0.36709409190075976,0.0008441226189421089,0.003941200652699098,0.004104771595589737,-0.6749414770185854,-0.6814436123745231,0.01349806800553453,0.0007166831943984744,-0.007712671920148211,-0.1771680493738627,-0.18742306391518776,-0.006388423408981944,0.0057842203767856535,0.010859202845982819,0.6085086916742909,0.3336688014638609,2.2923545846481517,1.3773927616892323,-0.11600992873860289,-0.11351232140757836,-0.0024976073310244845,-0.35820396726785464,0.1393347136256382,-0.010372216693967685,-0.011435078391541356,0.0010628616975736846,-0.12625796383635307,0.7565118815835848
late,LR,l2,2,104,4,first5,-0.26700129303542885,-0.29672083380020303,0.021051711726492672,0.0032836267842091494,0.005384168907314707,-0.5814746049604177,-0.6117900827956284,0.01639022901316461,0.00018113758356294392,0.01374404519484979,-0.0962552585915111,-0.12565123011305676,0.02358270452539668,0.004968150423664373,0.0008451009787814352,0.5831072865026657,0.36002244878870077,2.5030938056815573,1.7612692834436565,-0.0964921247606652,-0.09533466429970201,-0.0011574604609631972,-0.26700129303542885,0.1637235471571281,-0.05159947093726075,-0.051384380004645194,-0.00021509093261556922,-0.21888587708355658,0.8067351246243458
late,LR,l2,2,105,5,first5,-0.10236199067370061,-0.13950441815907466,0.028489785122631662,0.003720886070372555,0.004931748279671159,-0.2688855300883354,-0.2801115713458125,-4.0318713357694404e-05,-0.00034114903873496495,0.011607483861932711,-0.029404455484961928,-0.07790140778306384,0.04098943569377269,0.00550055079796817,0.002006965300846496,0.47639115027296236,0.3307154487118092,2.253285921292212,1.2103522836089018,-0.026802398829706323,-0.026644508412675294,-0.0001578904170310147,-0.10236199067370061,0.148586441326399,0.03542951544913725,0.034508465975155445,0.0009210494739818401,-0.026905951956642332,0.7682207520211441
late,LR,l2,2,106,6,next5,-0.2614592610332886,-0.2597270726631374,-0.00807558088473156,0.0037645658385608415,0.002578801036288057,-0.3407362226677225,-0.34233678181646515,-6.070291843226823e-05,0.0002443851488801638,0.0014168347223002182,-0.21620852100541177,-0.21257402345934343,-0.012650417656107488,0.005773860568780477,0.003242043351727349,0.6147153395120106,0.3430111594477019,2.4443546847266253,1.8911193313264667,-0.0898315367775099,-0.08843810208085373,-0.00139343469665619,-0.26145926103328854,0.1659495378790794,-0.0009406420533208115,-0.001544135675068295,0.0006034936217474765,-0.09551589286419732,0.7583078974387942
late,LR,l2,2,107,7,next5,-0.29619819978122713,-0.26866066054642734,-0.03519910597615892,0.004260763838586407,0.0034007822525728214,-0.44958874812271704,-0.45244041437298615,-0.0022494667799942145,0.00030352770456602233,0.004797576987334124,-0.21276358452931843,-0.1686962675808804,-0.05312159532602982,0.006413246360311866,0.0026410155489474574,0.6542886540080441,0.3339257319240483,2.445945514403376,1.6247846445628749,-0.1000705334553038,-0.09770425669413611,-0.002366276761167685,-0.2961981997812271,0.15195062659841319,0.011801599353170475,0.011661310087624457,0.00014028926554601057,-0.04855647485619932,0.8087073748162099
late,LR,l2,2,108,8,next5,-0.3502833305311615,-0.3767798149854225,0.016854731883039462,0.0040679217945733806,0.005573798337524924,-0.5812273394003011,-0.6083030238928263,0.0225586754510035,0.0010814814938568233,0.0034354705175046337,-0.20524294389965086,-0.23137567179708174,0.013272468872741588,0.005943503923717479,0.00691673810582346,0.6280968729702143,0.32847731279576875,2.4547825908000567,1.853630694477499,-0.12015014947775857,-0.11748993471182992,-0.0026602147659286826,-0.35028333053116156,0.1603731037525774,-0.020138593215501085,-0.017611764125298884,-0.002526829090202222,-0.14834775220918076,0.7273413491757853
late,LR,l2,2,109,9,next5,-0.18394408960066438,-0.16877182076501204,-0.019176199512774703,0.003997081704349653,6.8243752328722595e-06,-0.2584498149903323,-0.250251471287733,-0.010057789255093694,-0.0003355965468612931,0.0021950081373225284,-0.1459551780115355,-0.12722705056336517,-0.02382548625283087,0.006206223755763313,-0.0011088847738833217,0.5741202549182599,0.352082756072781,2.2089813248206323,1.1575909617976694,-0.06412161567167206,-0.06322403767210488,-0.0008975779995671479,-0.18394408960066444,0.13253599585737813,0.02072478661273723,0.01834534003010138,0.0023794465826358635,0.007820768567163128,0.7465225913894673
late,LR,l2,2,110,10,next5,-0.22607801520521345,-0.22815272741610734,-0.007039170171387607,0.003946503092084311,0.005167360254524521,-0.23911886924388698,-0.24300898188450615,-0.006076461916076049,-0.0004800264755361403,0.0104465790933341,-0.21853651021860696,-0.21956137927100366,-0.007595902812252126,0.006506358045492439,0.0021143964624139237,0.5862404989280842,0.31270707464431885,2.2735083883471425,1.341915684321458,-0.07434549876640298,-0.07312094179104525,-0.001224556975357699,-0.22607801520521348,0.14466668557258697,-0.01696177090581874,-0.016707692733962526,-0.00025407817185623544,-0.13218740373416554,0.7439359382479505
late,LR,l2,2,111,11,last9,-0.24703961380446532,-0.26077639855206103,0.004911460950896525,0.004555938993664074,0.004269353463412922,-0.5522083332967139,-0.5721047726972682,0.006942547603502198,0.0004899428841403276,0.012463888626202622,-0.06671479826259252,-0.07681183057768311,0.0037112877267532715,0.006958544344775316,-0.0005728139911678131,0.5555043758636573,0.30492860432980196,2.111497565228337,1.47020852189556,-0.08030681474906867,-0.0788536156628235,-0.0014531990862451521,-0.24703961380446532,0.13736486244460008,0.009491666980061382,0.009729136506243796,-0.00023746952618239336,-0.06366630834294981,0.7203311685590631
late,LR,l2,2,112,12,last9,-0.13502598905739377,-0.14178749143260708,-0.0038777205243805284,0.003630296515558683,0.007008913285325321,-0.25224413915660443,-0.24837512220483968,-0.00787722120114272,-0.0006601673661168344,0.0046683486043814166,-0.07557150786194482,-0.08772493982219881,-0.0018491248028435043,0.005806472337792101,0.008196076354288038,0.5404689863842662,0.31892965204236007,2.1826436302697036,1.4134884517663857,-0.03416244758963909,-0.03312467000477806,-0.0010377775848610382,-0.13502598905739377,0.11837521895035262,0.03355023100316144,0.03223938112829898,0.00131084987486247,-0.011401829991641951,0.7450545772314257
late,LR,l2,2,113,13,last9,-0.3379920117424346,-0.36538523831748954,0.024663180618415978,0.003966689273737475,-0.0012366696535734086,-0.5534482070045329,-0.606684097523586,0.03889362196501526,0.0003831599982772882,0.013959060884688726,-0.2144599088845824,-0.2270362089072706,0.016504137700191848,0.006021310662144338,-0.009949162443902669,0.6290705402069686,0.33039020222158927,2.0061655967937027,1.6219717208784192,-0.12545473060891574,-0.12312163275288963,-0.002333097856026145,-0.33799201174243465,0.1071067895382633,-0.004680142872651186,-0.005791645553811536,0.0011115026811603437,-0.054009485006350014,0.7450081800944139
late,LR,l2,2,114,14,last9,-0.20746897423088234,-0.17807531646204516,-0.02568632407055733,0.0036376286812184896,-0.007344986394400486,-0.3617256554297269,-0.2986045028824754,-0.0495186041031964,0.0005849729109595502,-0.014187563510957048,-0.11169583152885186,-0.10324251906817795,-0.010889607722573379,0.005532927052952006,-0.0030966445427508997,0.564461994076999,0.34619940769990126,2.4565505353271266,1.6664731038433394,-0.07227063441214221,-0.07103459933512447,-0.0012360350770177359,-0.2074689742308824,0.1546009374327046,0.008356355588350677,0.006515620942393552,0.0018407346459571247,-0.06478359240136256,0.804270225184827
late,LR,l2,2,115,15,last9,-0.21625256720398145,-0.20614953417757265,-0.0026479318832036292,0.003508435673757738,-0.010963546580891008,-0.3084681419958261,-0.2812304524179421,-0.003162679749773518,-0.0005273088326784884,-0.023547713032688107,-0.1629782668157926,-0.16277417810797917,-0.002350554433356093,0.005839944918385692,-0.0036934876434359374,0.5501968503937008,0.33188976377952756,2.2051322332339574,1.223513838695992,-0.06834246933448063,-0.06646030707330845,-0.0018821622611721947,-0.2162525672039815,0.14387920417069688,0.0148923620106668,0.013326188581356924,0.0015661734293098556,-0.03755933666582721,0.7896685554501425
late,LR,l2,2,116,16,last9,-0.4518954015428374,-0.45617306752058184,0.011031015825189078,0.004509953979627752,-0.011263346160371022,-0.7154595068078442,-0.7516873637852712,0.04231479341642938,0.0011655850796220872,-0.007252589013630384,-0.2552739185672103,-0.23571641955010206,-0.012306998040108047,0.007004886937495843,-0.0142554114769069,0.6453926138400861,0.30333452850484044,1.9401908881715164,1.5768574919578786,-0.1744927504645169,-0.17087924554022932,-0.0036135049242875528,-0.4518954015428373,0.11945916995453912,-0.04646712101911493,-0.04506569805499694,-0.0014014229641179515,-0.19418826159729774,0.7296031454176635
late,LR,l2,2,117,17,last9,-0.18950418651811016,-0.1811165139491893,-0.013283887108806949,0.003982789901511487,0.0009134025507261128,-0.33258062111682835,-0.3237942616962465,-0.009854864156347374,0.00041042623816781737,0.0006580426649469772,-0.11271407896380685,-0.10454038437319808,-0.01512426733678829,0.0059001020759490725,0.0010504559596192797,0.6113780511243513,0.3602729194695368,2.591201693441968,2.137238267941855,-0.06199879573858395,-0.06137550795883924,-0.0006232877797447134,-0.18950418651811018,0.1429223969406131,0.011602349815192703,0.009517261647387434,0.00208508816780522,-0.09407459365801377,0.7322920753343938
late,LR,l2,2,118,18,last9,-0.3109067455526032,-0.3203359341639025,0.004330422611143842,0.004142682076094159,0.0009560557296732157,-0.47122430508380025,-0.5004948573736832,0.01981525792661581,0.0005678549606872044,0.00888740194854504,-0.22075104982771152,-0.21902230943981565,-0.004377582333131073,0.006153010992203974,-0.00350419203412981,0.6153990258523792,0.35453353315848635,2.2826508467524524,1.732002904188647,-0.098617104993539,-0.09662250347981419,-0.0019946015137247697,-0.3109067455526034,0.12948121576043303,0.008539084089080065,0.007490047752017365,0.0010490363370627212,-0.11709100121727178,0.7217084941927723
late,LR,l2,2,119,19,last9,-0.08014319623783658,-0.061716930678265065,-0.022993918547859375,0.0031968753436133162,0.0013707677242287774,-0.23859266965355955,-0.22986150368186486,-0.02536450013967874,-0.00027143953997988015,0.016904750467399907,0.010497355796562208,0.034469674364262105,-0.021637834368511317,0.005180914601687708,-0.007515401101587831,0.4906714556520004,0.3011074528584256,2.7915063403611025,1.3094376094967755,-0.014688295195824722,-0.014312692100662078,-0.0003756030951626646,-0.08014319623783658,0.17374425059278836,-0.0017071204557601097,-0.0016776144642085405,-2.9505991551562194e-05,-0.09617726469960045,0.7471256445220088
